tree_sample_id	genome_record_id	tree_role	selection_reason	background_replicate	country_iso3	country_name	continent	date_lower	date_upper	date_resolution	year	month	project_id	preliminary_lineage_id	lineage_definition_status	sample_id	biosample_accession	assembly_accession	run_accession	sequence_acquisition	local_fasta_path	fastq_r1	fastq_r2	sequence_input_path	total_sequence_length	gc_percent	n_contigs	contig_n50	catalog_qc_status	uniform_qc_status	tree_include	data_freeze_date	fastq_ftp	fastq_bytes	library_layout	read_count	base_count	study_accession	sample_accession	collection_date	country	fastq_ftp_list	fastq_bytes_list	fastq_total_bytes	source_resolution_status	status	r1_path	r2_path	paired_records	qc_input_type	observed_length	observed_gc_percent	observed_n_fraction	observed_contigs	observed_n50	read_q30_min	uniform_qc_reason	tree_include_after_uniform_qc	root_to_tip	decimal_date	epidemic_period
AUS__SAMEA751508	AUS::SAMEA751508	focal	historical_all_available_gate_rescue		AUS	Australia	Oceania	1971-01-01	1971-12-31	year	1971		PRJEB2274	ptxP1/fim3-1	provisional_marker_or_published_annotation	SAMEA751508	SAMEA751508	GCA_001210185	ERR028860	ncbi_assembly_download					3822273	68	499	12537	ok	PASS	True	2026-07-24												0	resolved_ncbi_assembly					assembly	3822273	67.82445942505939	0.0008654536188283777	471	13297			True	0.004608064450000004	1971.4986301369863	prepandemic
AUS__SAMEA751513	AUS::SAMEA751513	focal	historical_all_available_gate_rescue		AUS	Australia	Oceania	1974-01-01	1974-12-31	year	1974		PRJEB2274	ptxP1/fim3-1	provisional_marker_or_published_annotation	SAMEA751513	SAMEA751513	GCA_001333815	ERR028868	ncbi_assembly_download					3813177	68	546	12195	ok	PASS	True	2026-07-24												0	resolved_ncbi_assembly					assembly	3813177	67.80322549936706	0.0009784492039053	497	12930			True	0.004619388650000003	1974.4986301369863	prepandemic
AUS__SAMEA751511	AUS::SAMEA751511	focal	historical_all_available_gate_rescue		AUS	Australia	Oceania	1977-01-01	1977-12-31	year	1977		PRJEB2274	ptxP1/fim3-1	provisional_marker_or_published_annotation	SAMEA751511	SAMEA751511	GCA_001203935	ERR028870	ncbi_assembly_download					3824566	68	406	15170	ok	PASS	True	2026-07-24												0	resolved_ncbi_assembly					assembly	3824566	67.86244504605229	0.00045495358166129174	387	15873			True	0.004520017350000004	1977.4986301369863	prepandemic
AUS__SAMEA751512	AUS::SAMEA751512	focal	historical_all_available_gate_rescue		AUS	Australia	Oceania	1977-01-01	1977-12-31	year	1977		PRJEB2274	ptxP1/fim3-1	provisional_marker_or_published_annotation	SAMEA751512	SAMEA751512	GCA_001333795	ERR028867	ncbi_assembly_download					3829345	68	342	18972	ok	PASS	True	2026-07-24												0	resolved_ncbi_assembly					assembly	3829345	67.88704073412032	0.0005301167693169458	305	20065			True	0.004513518250000003	1977.4986301369863	prepandemic
AUS__SAMEA751183	AUS::SAMEA751183	focal	historical_all_available_gate_rescue		AUS	Australia	Oceania	1995-01-01	1995-12-31	year	1995		PRJEB2274	ptxP1/fim3-1	provisional_marker_or_published_annotation	SAMEA751183	SAMEA751183	GCA_001206895	ERR028880	ncbi_assembly_download					3821068	68	327	18351	ok	PASS	True	2026-07-24												0	resolved_ncbi_assembly					assembly	3821068	67.90538666153023	0.00023579794968317758	305	19456			True	0.004519032950000002	1995.4986301369863	prepandemic
AUS__SAMEA751337	AUS::SAMEA751337	focal	historical_all_available_gate_rescue		AUS	Australia	Oceania	1998-01-01	1998-12-31	year	1998		PRJEB2274	ptxP1/fim3-1	provisional_marker_or_published_annotation	SAMEA751337	SAMEA751337	GCA_001198195	ERR028881	ncbi_assembly_download					3805015	68	521	11986	ok	PASS	True	2026-07-24												0	resolved_ncbi_assembly					assembly	3805015	67.76950945002845	0.0013424388602935862	466	13084			True	0.0047590760500000025	1998.4986301369863	prepandemic
AUS__SAMEA751155	AUS::SAMEA751155	focal	historical_all_available_gate_rescue		AUS	Australia	Oceania	2000-01-01	2000-12-31	year	2000		PRJEB2274	ptxP1/fim3-1	provisional_marker_or_published_annotation	SAMEA751155	SAMEA751155	GCA_001331635	ERR028882	ncbi_assembly_download					3824464	68	475	13810	ok	PASS	True	2026-07-24												0	resolved_ncbi_assembly					assembly	3824464	67.83910111325405	0.0006497642545465194	434	14942			True	0.004741649850000002	2000.4986338797814	prepandemic
AUS__SAMEA751475	AUS::SAMEA751475	focal	historical_all_available_gate_rescue		AUS	Australia	Oceania	2000-01-01	2000-12-31	year	2000		PRJEB2274		provisional_marker_or_published_annotation	SAMEA751475	SAMEA751475	GCA_001198375	ERR028854	ncbi_assembly_download					3829485	68	348	17525	ok	PASS	True	2026-07-24												0	resolved_ncbi_assembly					assembly	3829485	67.89808551280395	0.0003162305114134146	320	18621			True	0.004571291150000003	2000.4986338797814	prepandemic
AUS__SAMEA751476	AUS::SAMEA751476	focal	historical_all_available_gate_rescue		AUS	Australia	Oceania	2004-01-01	2004-12-31	year	2004		PRJEB2274		provisional_marker_or_published_annotation	SAMEA751476	SAMEA751476	GCA_900067715	ERR028857	ncbi_assembly_download					3815679	68	525	12249	ok	PASS	True	2026-07-24												0	resolved_ncbi_assembly					assembly	3815679	67.8286092724257	0.0006575500716910411	490	12938			True	0.004699408350000003	2004.4986338797814	prepandemic
AUS__SAMEA751477	AUS::SAMEA751477	focal	historical_all_available_gate_rescue		AUS	Australia	Oceania	2004-01-01	2004-12-31	year	2004		PRJEB2274	ptxP1/fim3-1	provisional_marker_or_published_annotation	SAMEA751477	SAMEA751477	GCA_001196975	ERR028856	ncbi_assembly_download					3816729	68	498	13077	ok	PASS	True	2026-07-24												0	resolved_ncbi_assembly					assembly	3816729	67.81511079251369	0.0009699404909282268	460	13382			True	0.0046764950500000025	2004.4986338797814	prepandemic
AUS__SAMN18200432	AUS::SAMN18200432	focal	historical_all_available_gate_rescue		AUS	Australia	Oceania	2008-01-01	2008-12-31	year	2008		PRJNA695314	ptxP3/fim3-2	provisional_marker_or_published_annotation	SAMN18200432	SAMN18200432	GCA_017357165		ncbi_assembly_download					4104145	67.5	1	4104145	ok	PASS	True	2026-07-24												0	resolved_ncbi_assembly					assembly	4104145	67.70859704030924	0.0	1	4104145			True	0.00458932875	2008.4986338797814	prepandemic
AUS__SAMN22857989	AUS::SAMN22857989	focal	historical_all_available_gate_rescue		AUS	Australia	Oceania	2008-01-01	2008-12-31	year	2008		PRJNA562796	ptxP3/fim3-1	provisional_marker_or_published_annotation	SRS10902297	SAMN22857989	RRASM_SRR16760177	SRR16760177	local_fasta					3853767	67.83	402	20243	ok	PASS	True	2026-07-24												0	resolved_local_fasta					assembly	3853767	67.82843903121284	0.0	402	20243			True	0.004635107349999999	2008.4986338797814	prepandemic
AUS__SAMN22858044	AUS::SAMN22858044	focal	historical_all_available_gate_rescue		AUS	Australia	Oceania	2008-01-01	2008-12-31	year	2008		PRJNA562796	ptxP3/fim3-1	provisional_marker_or_published_annotation	SRS10902086	SAMN22858044	RRASM_SRR16760399	SRR16760399	local_fasta					3853630	67.83	403	20243	ok	PASS	True	2026-07-24												0	resolved_local_fasta					assembly	3853630	67.83204407273142	0.0	403	20243			True	0.00461904025	2008.4986338797814	prepandemic
AUS__SAMN22857945	AUS::SAMN22857945	focal	historical_all_available_gate_rescue		AUS	Australia	Oceania	2009-01-01	2009-12-31	year	2009		PRJNA562796	ptxP3/fim3-1	provisional_marker_or_published_annotation	SRS10902188	SAMN22857945	RRASM_SRR16760240	SRR16760240	local_fasta					3854601	67.83	405	19551	ok	PASS	True	2026-07-24												0	resolved_local_fasta					assembly	3854601	67.83389512948293	0.0	405	19551			True	0.00469336335	2009.4986301369863	prepandemic
AUS__SAMN22858020	AUS::SAMN22858020	focal	historical_all_available_gate_rescue		AUS	Australia	Oceania	2009-01-01	2009-12-31	year	2009		PRJNA562796	ptxP3/fim3-2	provisional_marker_or_published_annotation	SRS10902074	SAMN22858020	RRASM_SRR16760425	SRR16760425	local_fasta					3869499	67.81	415	19620	ok	PASS	True	2026-07-24												0	resolved_local_fasta					assembly	3869499	67.80673673775338	0.0	415	19620			True	0.004688034850000001	2009.4986301369863	prepandemic
AUS__SAMN22858066	AUS::SAMN22858066	focal	historical_all_available_gate_rescue		AUS	Australia	Oceania	2010-01-01	2010-12-31	year	2010		PRJNA562796	ptxP3/fim3-1	provisional_marker_or_published_annotation	SRS10902096	SAMN22858066	RRASM_SRR16760375	SRR16760375	local_fasta					3852734	67.84	395	20147	ok	PASS	True	2026-07-24												0	resolved_local_fasta					assembly	3852734	67.83751486606654	0.0	395	20147			True	0.004626882550000001	2010.4986301369863	prepandemic
AUS__SAMN22858115	AUS::SAMN22858115	focal	historical_all_available_gate_rescue		AUS	Australia	Oceania	2010-01-01	2010-12-31	year	2010		PRJNA562796	ptxP3/fim3-1	provisional_marker_or_published_annotation	SRS10902136	SAMN22858115	RRASM_SRR16760321	SRR16760321	local_fasta					3853745	67.83	387	20298	ok	PASS	True	2026-07-24												0	resolved_local_fasta					assembly	3853745	67.8286446041448	0.0	387	20298			True	0.004635119849999999	2010.4986301369863	prepandemic
AUS__SAMN18200430	AUS::SAMN18200430	focal	historical_all_available_gate_rescue		AUS	Australia	Oceania	2011-01-01	2011-12-31	year	2011		PRJNA695314	ptxP3/fim3-2	provisional_marker_or_published_annotation	SAMN18200430	SAMN18200430	GCA_017357205		ncbi_assembly_download					4109518	67.5	1	4109518	ok	PASS	True	2026-07-24												0	resolved_ncbi_assembly					assembly	4109518	67.70458238654753	0.0	1	4109518			True	0.004585488149999997	2011.4986301369863	prepandemic
AUS__SAMN22858161	AUS::SAMN22858161	focal	historical_all_available_gate_rescue		AUS	Australia	Oceania	2011-01-01	2011-12-31	year	2011		PRJNA562796	ptxP3/fim3-2	provisional_marker_or_published_annotation	SRS10902167	SAMN22858161	RRASM_SRR16760269	SRR16760269	local_fasta					3875216	67.77	357	20370	ok	PASS	True	2026-07-24												0	resolved_local_fasta					assembly	3875216	67.77480274647917	0.0	357	20370			True	0.0046296010499999995	2011.4986301369863	prepandemic
AUS__SAMN22858166	AUS::SAMN22858166	focal	historical_all_available_gate_rescue		AUS	Australia	Oceania	2011-01-01	2011-12-31	year	2011		PRJNA562796	ptxP3/fim3-2	provisional_marker_or_published_annotation	SRS10902172	SAMN22858166	RRASM_SRR16760264	SRR16760264	local_fasta					3875525	67.76	379	19293	ok	PASS	True	2026-07-24												0	resolved_local_fasta					assembly	3875525	67.76408357577361	0.0	379	19293			True	0.0046761352499999995	2011.4986301369863	prepandemic
AUS__SAMN22858150	AUS::SAMN22858150	focal	historical_all_available_gate_rescue		AUS	Australia	Oceania	2012-01-01	2012-12-31	year	2012		PRJNA562796	ptxP3/fim3-2	provisional_marker_or_published_annotation	SRS10902159	SAMN22858150	RRASM_SRR16760281	SRR16760281	local_fasta					3874880	67.77	374	20292	ok	PASS	True	2026-07-24												0	resolved_local_fasta					assembly	3874880	67.76999545792386	0.0	374	20292			True	0.00465276725	2012.4986338797814	prepandemic
AUS__SAMN22858181	AUS::SAMN22858181	focal	historical_all_available_gate_rescue		AUS	Australia	Oceania	2012-01-01	2012-12-31	year	2012		PRJNA562796	ptxP3/fim3-1	provisional_marker_or_published_annotation	SRS10902182	SAMN22858181	RRASM_SRR16760247	SRR16760247	local_fasta					3862577	67.82	423	19580	ok	PASS	True	2026-07-24												0	resolved_local_fasta					assembly	3862577	67.82458964572098	0.0	423	19580			True	0.004650094949999999	2012.4986338797814	prepandemic
AUS__SAMN45810521	AUS::SAMN45810521	focal	historical_all_available_gate_rescue		AUS	Australia	Oceania	2012-01-01	2012-01-31	month	2012	1	PRJNA1199062				SAMN45810521		SRR31743935	ena_fastq_download				;						PASS	True	2026-07-24	ftp.sra.ebi.ac.uk/vol1/fastq/SRR317/035/SRR31743935/SRR31743935_1.fastq.gz;ftp.sra.ebi.ac.uk/vol1/fastq/SRR317/035/SRR31743935/SRR31743935_2.fastq.gz	1174532820;1171202545	PAIRED	23593290	5709176796	PRJNA1199062	SAMN45810521	2012-01	Australia: New South Wales	ftp.sra.ebi.ac.uk/vol1/fastq/SRR317/035/SRR31743935/SRR31743935_1.fastq.gz;ftp.sra.ebi.ac.uk/vol1/fastq/SRR317/035/SRR31743935/SRR31743935_2.fastq.gz	1174532820;1171202545	2345735365	resolved_streamed_fastq_subset	PASS			100000	paired_reads						1.0		True	0.0046030720499999995	2012.0409836065573	prepandemic
AUS__SAMN08443709	AUS::SAMN08443709	focal	historical_all_available_gate_rescue		AUS	Australia	Oceania	2013-01-01	2013-12-31	year	2013		PRJNA432286	ptxP3/fim3-1	provisional_marker_or_published_annotation	SRS4426937	SAMN08443709	RRASM_SRR8652760	SRR8652760	local_fasta					3877771	67.77	356	20504	ok	PASS	True	2026-07-24												0	resolved_local_fasta					assembly	3877771	67.76810698723571	0.0	356	20504			True	0.004698757349999999	2013.4986301369863	prepandemic
AUS__SAMN08443715	AUS::SAMN08443715	focal	historical_all_available_gate_rescue		AUS	Australia	Oceania	2013-01-01	2013-12-31	year	2013		PRJNA432286	ptxP1/fim3-4	provisional_marker_or_published_annotation	SRS4426948	SAMN08443715	RRASM_SRR8652749	SRR8652749	local_fasta					3883756	67.76	378	20370	ok	PASS	True	2026-07-24												0	resolved_local_fasta					assembly	3883756	67.76164620022473	0.0	378	20370			True	0.004598024450000004	2013.4986301369863	prepandemic
AUS__SAMN07235949	AUS::SAMN07235949	focal	historical_all_available_gate_rescue		AUS	Australia	Oceania	2014-03-07	2014-03-07	day	2014	3	PRJNA390469	ptxP3/fim3-1	provisional_marker_or_published_annotation	SAMN07235949	SAMN07235949	GCA_002270325		ncbi_assembly_download					3910437	68	276	20926	ok	PASS	True	2026-07-24												0	resolved_ncbi_assembly					assembly	3910437	67.75506164656278	0.0	276	20926			True	0.00461168625	2014.1780821917807	prepandemic
AUS__SAMN08443734	AUS::SAMN08443734	focal	historical_all_available_gate_rescue		AUS	Australia	Oceania	2014-01-01	2014-12-31	year	2014		PRJNA432286	ptxP3/fim3-1	provisional_marker_or_published_annotation	SRS4426920	SAMN08443734	RRASM_SRR8652777	SRR8652777	local_fasta					3881057	67.77	371	20503	ok	PASS	True	2026-07-24												0	resolved_local_fasta					assembly	3881057	67.76697688284403	0.0	371	20503			True	0.00459994305	2014.4986301369863	prepandemic
AUS__SAMN08443746	AUS::SAMN08443746	focal	historical_all_available_gate_rescue		AUS	Australia	Oceania	2014-01-01	2014-12-31	year	2014		PRJNA432286	ptxP3/fim3-1	provisional_marker_or_published_annotation	SRS4426979	SAMN08443746	RRASM_SRR8652718	SRR8652718	local_fasta					3877599	67.76	374	19983	ok	PASS	True	2026-07-24												0	resolved_local_fasta					assembly	3877599	67.76389203731485	0.0	374	19983			True	0.004699544349999998	2014.4986301369863	prepandemic
AUS__SAMN08443742	AUS::SAMN08443742	focal	historical_all_available_gate_rescue		AUS	Australia	Oceania	2015-01-01	2015-12-31	year	2015		PRJNA432286	ptxP3/fim3-1	provisional_marker_or_published_annotation	SRS4426956	SAMN08443742	RRASM_SRR8652742	SRR8652742	local_fasta					3878359	67.77	373	20747	ok	PASS	True	2026-07-24												0	resolved_local_fasta					assembly	3878359	67.76755323578864	0.0	373	20747			True	0.004669824949999999	2015.4986301369863	prepandemic
AUS__SAMN08443767	AUS::SAMN08443767	focal	historical_all_available_gate_rescue		AUS	Australia	Oceania	2015-01-01	2015-12-31	year	2015		PRJNA432286	ptxP3/fim3-1	provisional_marker_or_published_annotation	SRS4426968	SAMN08443767	RRASM_SRR8652729	SRR8652729	local_fasta					3865684	67.82	433	19814	ok	PASS	True	2026-07-24												0	resolved_local_fasta					assembly	3865684	67.82370209256628	0.0	433	19814			True	0.00466714135	2015.4986301369863	prepandemic
AUS__SAMN18200431	AUS::SAMN18200431	focal	historical_all_available_gate_rescue		AUS	Australia	Oceania	2015-01-01	2015-12-31	year	2015		PRJNA695314	ptxP1/fim3-4	provisional_marker_or_published_annotation	SAMN18200431	SAMN18200431	GCA_017357125		ncbi_assembly_download					4093865	67.5	1	4093865	ok	PASS	True	2026-07-24												0	resolved_ncbi_assembly					assembly	4093865	67.70694685828673	0.0	1	4093865			True	0.004578630350000002	2015.4986301369863	prepandemic
AUS__SAMN45810550	AUS::SAMN45810550	focal	historical_all_available_gate_rescue		AUS	Australia	Oceania	2015-12-01	2015-12-31	month	2015	12	PRJNA1199062				SAMN45810550		SRR31743838	ena_fastq_download				;						PASS	True	2026-07-24	ftp.sra.ebi.ac.uk/vol1/fastq/SRR317/038/SRR31743838/SRR31743838_1.fastq.gz;ftp.sra.ebi.ac.uk/vol1/fastq/SRR317/038/SRR31743838/SRR31743838_2.fastq.gz	41195636;44584824	PAIRED	567244	167126930	PRJNA1199062	SAMN45810550	2015-12	Australia: New South Wales	ftp.sra.ebi.ac.uk/vol1/fastq/SRR317/038/SRR31743838/SRR31743838_1.fastq.gz;ftp.sra.ebi.ac.uk/vol1/fastq/SRR317/038/SRR31743838/SRR31743838_2.fastq.gz	41195636;44584824	85780460	resolved_streamed_fastq_subset	PASS			100000	paired_reads						0.912343		True	0.004601179249999997	2015.9561643835616	prepandemic
AUS__SAMN08443771	AUS::SAMN08443771	focal	historical_all_available_gate_rescue		AUS	Australia	Oceania	2016-01-01	2016-12-31	year	2016		PRJNA432286	ptxP3/fim3-1	provisional_marker_or_published_annotation	SRS4426916	SAMN08443771	RRASM_SRR8652780	SRR8652780	local_fasta					3858997	67.83	393	20243	ok	PASS	True	2026-07-24												0	resolved_local_fasta					assembly	3858997	67.8307860824976	0.0	393	20243			True	0.004623259849999999	2016.4986338797814	prepandemic
AUS__SAMN08443772	AUS::SAMN08443772	focal	historical_all_available_gate_rescue		AUS	Australia	Oceania	2016-01-01	2016-12-31	year	2016		PRJNA432286	ptxP3/fim3-1	provisional_marker_or_published_annotation	SRS4426918	SAMN08443772	RRASM_SRR8652779	SRR8652779	local_fasta					3861224	67.83	386	20840	ok	PASS	True	2026-07-24												0	resolved_local_fasta					assembly	3861224	67.83071896372756	0.0	386	20840			True	0.004641401349999999	2016.4986338797814	prepandemic
AUS__SAMN45810522	AUS::SAMN45810522	focal	historical_all_available_gate_rescue		AUS	Australia	Oceania	2016-01-01	2016-01-31	month	2016	1	PRJNA1199062				SAMN45810522		SRR31743934	ena_fastq_download				;						PASS	True	2026-07-24	ftp.sra.ebi.ac.uk/vol1/fastq/SRR317/034/SRR31743934/SRR31743934_1.fastq.gz;ftp.sra.ebi.ac.uk/vol1/fastq/SRR317/034/SRR31743934/SRR31743934_2.fastq.gz	147758746;154167899	PAIRED	1990527	568908741	PRJNA1199062	SAMN45810522	2016-01	Australia: New South Wales	ftp.sra.ebi.ac.uk/vol1/fastq/SRR317/034/SRR31743934/SRR31743934_1.fastq.gz;ftp.sra.ebi.ac.uk/vol1/fastq/SRR317/034/SRR31743934/SRR31743934_2.fastq.gz	147758746;154167899	301926645	resolved_streamed_fastq_subset	PASS			100000	paired_reads						0.86164		True	0.004618799049999998	2016.0409836065573	prepandemic
AUS__SAMN45810537	AUS::SAMN45810537	focal	historical_all_available_gate_rescue		AUS	Australia	Oceania	2016-04-01	2016-04-30	month	2016	4	PRJNA1199062				SAMN45810537		SRR31743918	ena_fastq_download				;						PASS	True	2026-07-24	ftp.sra.ebi.ac.uk/vol1/fastq/SRR317/018/SRR31743918/SRR31743918_1.fastq.gz;ftp.sra.ebi.ac.uk/vol1/fastq/SRR317/018/SRR31743918/SRR31743918_2.fastq.gz	15228934;15252834	PAIRED	268174	77466828	PRJNA1199062	SAMN45810537	2016-04	Australia: New South Wales	ftp.sra.ebi.ac.uk/vol1/fastq/SRR317/018/SRR31743918/SRR31743918_1.fastq.gz;ftp.sra.ebi.ac.uk/vol1/fastq/SRR317/018/SRR31743918/SRR31743918_2.fastq.gz	15228934;15252834	30481768	resolved_streamed_fastq_subset	PASS			100000	paired_reads						1.0		True	0.004654737949999995	2016.2882513661202	prepandemic
AUS__SAMN45810538	AUS::SAMN45810538	focal	historical_all_available_gate_rescue		AUS	Australia	Oceania	2016-01-01	2016-01-31	month	2016	1	PRJNA1199062				SAMN45810538		SRR31743852	legacy_read_assembly										PASS	True	2026-07-24												0	resolved_legacy_read_assembly					assembly	3853378	67.80391126954065	0.0	479	15929			True	0.005602529349999995	2016.0409836065573	prepandemic
AUS__SAMN45810571	AUS::SAMN45810571	focal	historical_all_available_gate_rescue		AUS	Australia	Oceania	2016-01-01	2016-01-31	month	2016	1	PRJNA1199062				SAMN45810571		SRR31743912	legacy_read_assembly										PASS	True	2026-07-24												0	resolved_legacy_read_assembly					assembly	3870974	67.80712037848872	0.0	392	20830			True	0.004682421549999998	2016.0409836065573	prepandemic
AUS__SAMN45810572	AUS::SAMN45810572	focal	historical_all_available_gate_rescue		AUS	Australia	Oceania	2016-02-01	2016-02-29	month	2016	2	PRJNA1199062				SAMN45810572		SRR31743911	legacy_read_assembly										PASS	True	2026-07-24												0	resolved_legacy_read_assembly					assembly	3851202	67.82321467427572	0.0	376	20872			True	0.004739677749999998	2016.122950819672	prepandemic
AUS__SAMN45810573	AUS::SAMN45810573	focal	historical_all_available_gate_rescue		AUS	Australia	Oceania	2016-02-01	2016-02-29	month	2016	2	PRJNA1199062				SAMN45810573		SRR31743910	ena_fastq_download				;						PASS	True	2026-07-24	ftp.sra.ebi.ac.uk/vol1/fastq/SRR317/010/SRR31743910/SRR31743910_1.fastq.gz;ftp.sra.ebi.ac.uk/vol1/fastq/SRR317/010/SRR31743910/SRR31743910_2.fastq.gz	350994148;369039376	PAIRED	4828790	1416474350	PRJNA1199062	SAMN45810573	2016-02	Australia: Western Australia	ftp.sra.ebi.ac.uk/vol1/fastq/SRR317/010/SRR31743910/SRR31743910_1.fastq.gz;ftp.sra.ebi.ac.uk/vol1/fastq/SRR317/010/SRR31743910/SRR31743910_2.fastq.gz	350994148;369039376	720033524	resolved_streamed_fastq_subset	PASS			100000	paired_reads						0.9019		True	0.0047077393499999984	2016.122950819672	prepandemic
AUS__SAMN45810574	AUS::SAMN45810574	focal	historical_all_available_gate_rescue		AUS	Australia	Oceania	2016-04-01	2016-04-30	month	2016	4	PRJNA1199062				SAMN45810574		SRR31743909	ena_fastq_download				;						PASS	True	2026-07-24	ftp.sra.ebi.ac.uk/vol1/fastq/SRR317/009/SRR31743909/SRR31743909_1.fastq.gz;ftp.sra.ebi.ac.uk/vol1/fastq/SRR317/009/SRR31743909/SRR31743909_2.fastq.gz	111818800;117112342	PAIRED	1598183	464112059	PRJNA1199062	SAMN45810574	2016-04	Australia: Western Australia	ftp.sra.ebi.ac.uk/vol1/fastq/SRR317/009/SRR31743909/SRR31743909_1.fastq.gz;ftp.sra.ebi.ac.uk/vol1/fastq/SRR317/009/SRR31743909/SRR31743909_2.fastq.gz	111818800;117112342	228931142	resolved_streamed_fastq_subset	PASS			100000	paired_reads						0.899596		True	0.0046892088499999995	2016.2882513661202	prepandemic
AUS__SAMN08443778	AUS::SAMN08443778	focal	historical_all_available_gate_rescue		AUS	Australia	Oceania	2017-01-01	2017-12-31	year	2017		PRJNA432286	ptxP3/fim3-1	provisional_marker_or_published_annotation	SRS4426972	SAMN08443778	RRASM_SRR8652725	SRR8652725	local_fasta					3849424	67.83	367	20942	ok	PASS	True	2026-07-24												0	resolved_local_fasta					assembly	3849424	67.83459031792809	0.0	367	20942			True	0.004692748549999999	2017.4986301369863	prepandemic
AUS__SAMN08443780	AUS::SAMN08443780	focal	historical_all_available_gate_rescue		AUS	Australia	Oceania	2017-01-01	2017-12-31	year	2017		PRJNA432286	ptxP3/fim3-1	provisional_marker_or_published_annotation	SRS4426928	SAMN08443780	RRASM_SRR8652770	SRR8652770	local_fasta					3869221	67.82	392	20283	ok	PASS	True	2026-07-24												0	resolved_local_fasta					assembly	3869221	67.8172427990027	0.0	392	20283			True	0.004669834149999999	2017.4986301369863	prepandemic
AUS__SAMN45810524	AUS::SAMN45810524	focal	historical_all_available_gate_rescue		AUS	Australia	Oceania	2018-01-01	2018-01-31	month	2018	1	PRJNA1199062				SAMN45810524		SRR31743932	ena_fastq_download				;						PASS	True	2026-07-24	ftp.sra.ebi.ac.uk/vol1/fastq/SRR317/032/SRR31743932/SRR31743932_1.fastq.gz;ftp.sra.ebi.ac.uk/vol1/fastq/SRR317/032/SRR31743932/SRR31743932_2.fastq.gz	37535678;38953755	PAIRED	515623	142766819	PRJNA1199062	SAMN45810524	2018-01	Australia: New South Wales	ftp.sra.ebi.ac.uk/vol1/fastq/SRR317/032/SRR31743932/SRR31743932_1.fastq.gz;ftp.sra.ebi.ac.uk/vol1/fastq/SRR317/032/SRR31743932/SRR31743932_2.fastq.gz	37535678;38953755	76489433	resolved_streamed_fastq_subset	PASS			100000	paired_reads						0.865372		True	0.004612556549999998	2018.041095890411	prepandemic
AUS__SAMN45810525	AUS::SAMN45810525	focal	historical_all_available_gate_rescue		AUS	Australia	Oceania	2018-06-01	2018-06-30	month	2018	6	PRJNA1199062				SAMN45810525		SRR31743931	ena_fastq_download				;						PASS	True	2026-07-24	ftp.sra.ebi.ac.uk/vol1/fastq/SRR317/031/SRR31743931/SRR31743931_1.fastq.gz;ftp.sra.ebi.ac.uk/vol1/fastq/SRR317/031/SRR31743931/SRR31743931_2.fastq.gz	16319989;17249103	PAIRED	235937	66525005	PRJNA1199062	SAMN45810525	2018-06	Australia: New South Wales	ftp.sra.ebi.ac.uk/vol1/fastq/SRR317/031/SRR31743931/SRR31743931_1.fastq.gz;ftp.sra.ebi.ac.uk/vol1/fastq/SRR317/031/SRR31743931/SRR31743931_2.fastq.gz	16319989;17249103	33569092	resolved_streamed_fastq_subset	PASS			100000	paired_reads						0.893969		True	0.00460141155	2018.4534246575342	prepandemic
AUS__SAMN45810526	AUS::SAMN45810526	focal	historical_all_available_gate_rescue		AUS	Australia	Oceania	2018-12-01	2018-12-31	month	2018	12	PRJNA1199062				SAMN45810526		SRR31743930	ena_fastq_download				;						PASS	True	2026-07-24	ftp.sra.ebi.ac.uk/vol1/fastq/SRR317/030/SRR31743930/SRR31743930_1.fastq.gz;ftp.sra.ebi.ac.uk/vol1/fastq/SRR317/030/SRR31743930/SRR31743930_2.fastq.gz	16253374;17292987	PAIRED	228752	66195839	PRJNA1199062	SAMN45810526	2018-12	Australia: New South Wales	ftp.sra.ebi.ac.uk/vol1/fastq/SRR317/030/SRR31743930/SRR31743930_1.fastq.gz;ftp.sra.ebi.ac.uk/vol1/fastq/SRR317/030/SRR31743930/SRR31743930_2.fastq.gz	16253374;17292987	33546361	resolved_streamed_fastq_subset	PASS			100000	paired_reads						0.88837		True	0.004631806150000001	2018.9561643835616	prepandemic
AUS__SAMN45810527	AUS::SAMN45810527	focal	historical_all_available_gate_rescue		AUS	Australia	Oceania	2018-07-01	2018-07-31	month	2018	7	PRJNA1199062				SAMN45810527		SRR31743929	legacy_read_assembly										PASS	True	2026-07-24												0	resolved_legacy_read_assembly					assembly	3846877	67.8070549175344	0.0	498	15937			True	0.006521126749999998	2018.5369863013698	prepandemic
AUS__SAMN45810528	AUS::SAMN45810528	focal	historical_all_available_gate_rescue		AUS	Australia	Oceania	2018-08-01	2018-08-31	month	2018	8	PRJNA1199062				SAMN45810528		SRR31743928	ena_fastq_download				;						PASS	True	2026-07-24	ftp.sra.ebi.ac.uk/vol1/fastq/SRR317/028/SRR31743928/SRR31743928_1.fastq.gz;ftp.sra.ebi.ac.uk/vol1/fastq/SRR317/028/SRR31743928/SRR31743928_2.fastq.gz	22976734;24688810	PAIRED	336437	97883364	PRJNA1199062	SAMN45810528	2018-08	Australia: New South Wales	ftp.sra.ebi.ac.uk/vol1/fastq/SRR317/028/SRR31743928/SRR31743928_1.fastq.gz;ftp.sra.ebi.ac.uk/vol1/fastq/SRR317/028/SRR31743928/SRR31743928_2.fastq.gz	22976734;24688810	47665544	resolved_streamed_fastq_subset	PASS			100000	paired_reads						0.881817		True	0.004754198349999998	2018.6219178082192	prepandemic
AUS__SAMN45810529	AUS::SAMN45810529	focal	historical_all_available_gate_rescue		AUS	Australia	Oceania	2018-03-01	2018-03-31	month	2018	3	PRJNA1199062				SAMN45810529		SRR31743927	ena_fastq_download				;						PASS	True	2026-07-24	ftp.sra.ebi.ac.uk/vol1/fastq/SRR317/027/SRR31743927/SRR31743927_1.fastq.gz;ftp.sra.ebi.ac.uk/vol1/fastq/SRR317/027/SRR31743927/SRR31743927_2.fastq.gz	10186571;10221996	PAIRED	176664	51910531	PRJNA1199062	SAMN45810529	2018-03	Australia: New South Wales	ftp.sra.ebi.ac.uk/vol1/fastq/SRR317/027/SRR31743927/SRR31743927_1.fastq.gz;ftp.sra.ebi.ac.uk/vol1/fastq/SRR317/027/SRR31743927/SRR31743927_2.fastq.gz	10186571;10221996	20408567	resolved_streamed_fastq_subset	PASS			100000	paired_reads						1.0		True	0.0046703778499999965	2018.2027397260274	prepandemic
AUS__SAMN45810539	AUS::SAMN45810539	focal	historical_all_available_gate_rescue		AUS	Australia	Oceania	2018-10-01	2018-10-31	month	2018	10	PRJNA1199062				SAMN45810539		SRR31743851	legacy_read_assembly										PASS	True	2026-07-24												0	resolved_legacy_read_assembly					assembly	3861028	67.81183664039733	0.0	459	20299			True	0.004711634349999998	2018.7890410958903	prepandemic
AUS__SAMN45810546	AUS::SAMN45810546	focal	historical_all_available_gate_rescue		AUS	Australia	Oceania	2018-11-01	2018-11-30	month	2018	11	PRJNA1199062				SAMN45810546		SRR31743843	ena_fastq_download				;						PASS	True	2026-07-24	ftp.sra.ebi.ac.uk/vol1/fastq/SRR317/043/SRR31743843/SRR31743843_1.fastq.gz;ftp.sra.ebi.ac.uk/vol1/fastq/SRR317/043/SRR31743843/SRR31743843_2.fastq.gz	71499575;75088977	PAIRED	1023263	294021433	PRJNA1199062	SAMN45810546	2018-11	Australia: New South Wales	ftp.sra.ebi.ac.uk/vol1/fastq/SRR317/043/SRR31743843/SRR31743843_1.fastq.gz;ftp.sra.ebi.ac.uk/vol1/fastq/SRR317/043/SRR31743843/SRR31743843_2.fastq.gz	71499575;75088977	146588552	resolved_streamed_fastq_subset	PASS			100000	paired_reads						0.897334		True	0.004603099249999997	2018.872602739726	prepandemic
AUS__SAMN45810501	AUS::SAMN45810501	focal	historical_all_available_gate_rescue		AUS	Australia	Oceania	2019-10-01	2019-10-31	month	2019	10	PRJNA1199062				SAMN45810501		SRR31744007	ena_fastq_download				;						PASS	True	2026-07-24	ftp.sra.ebi.ac.uk/vol1/fastq/SRR317/007/SRR31744007/SRR31744007_1.fastq.gz;ftp.sra.ebi.ac.uk/vol1/fastq/SRR317/007/SRR31744007/SRR31744007_2.fastq.gz	129148068;137718345	PAIRED	1851712	535475148	PRJNA1199062	SAMN45810501	2019-10	Australia: New South Wales	ftp.sra.ebi.ac.uk/vol1/fastq/SRR317/007/SRR31744007/SRR31744007_1.fastq.gz;ftp.sra.ebi.ac.uk/vol1/fastq/SRR317/007/SRR31744007/SRR31744007_2.fastq.gz	129148068;137718345	266866413	resolved_streamed_fastq_subset	PASS			100000	paired_reads						0.860752		True	0.004591345449999997	2019.7890410958903	prepandemic
AUS__SAMN45810505	AUS::SAMN45810505	focal	historical_all_available_gate_rescue		AUS	Australia	Oceania	2019-08-01	2019-08-31	month	2019	8	PRJNA1199062				SAMN45810505		SRR31743839	ena_fastq_download				;						PASS	True	2026-07-24	ftp.sra.ebi.ac.uk/vol1/fastq/SRR317/039/SRR31743839/SRR31743839_1.fastq.gz;ftp.sra.ebi.ac.uk/vol1/fastq/SRR317/039/SRR31743839/SRR31743839_2.fastq.gz	68090933;73080612	PAIRED	940316	276523996	PRJNA1199062	SAMN45810505	2019-08	Australia: New South Wales	ftp.sra.ebi.ac.uk/vol1/fastq/SRR317/039/SRR31743839/SRR31743839_1.fastq.gz;ftp.sra.ebi.ac.uk/vol1/fastq/SRR317/039/SRR31743839/SRR31743839_2.fastq.gz	68090933;73080612	141171545	resolved_streamed_fastq_subset	PASS			100000	paired_reads						0.863451		True	0.004624334349999997	2019.6219178082192	prepandemic
AUS__SAMN45810506	AUS::SAMN45810506	focal	historical_all_available_gate_rescue		AUS	Australia	Oceania	2019-09-01	2019-09-30	month	2019	9	PRJNA1199062				SAMN45810506		SRR31743828	ena_fastq_download				;						PASS	True	2026-07-24	ftp.sra.ebi.ac.uk/vol1/fastq/SRR317/028/SRR31743828/SRR31743828_1.fastq.gz;ftp.sra.ebi.ac.uk/vol1/fastq/SRR317/028/SRR31743828/SRR31743828_2.fastq.gz	51859774;55691162	PAIRED	720092	212222670	PRJNA1199062	SAMN45810506	2019-09	Australia: New South Wales	ftp.sra.ebi.ac.uk/vol1/fastq/SRR317/028/SRR31743828/SRR31743828_1.fastq.gz;ftp.sra.ebi.ac.uk/vol1/fastq/SRR317/028/SRR31743828/SRR31743828_2.fastq.gz	51859774;55691162	107550936	resolved_streamed_fastq_subset	PASS			100000	paired_reads						0.86894		True	0.004605766750000001	2019.7054794520548	prepandemic
AUS__SAMN45810507	AUS::SAMN45810507	focal	historical_all_available_gate_rescue		AUS	Australia	Oceania	2019-10-01	2019-10-31	month	2019	10	PRJNA1199062				SAMN45810507		SRR31743914	ena_fastq_download				;						PASS	True	2026-07-24	ftp.sra.ebi.ac.uk/vol1/fastq/SRR317/014/SRR31743914/SRR31743914_1.fastq.gz;ftp.sra.ebi.ac.uk/vol1/fastq/SRR317/014/SRR31743914/SRR31743914_2.fastq.gz	18515018;18573404	PAIRED	322412	94610233	PRJNA1199062	SAMN45810507	2019-10	Australia: New South Wales	ftp.sra.ebi.ac.uk/vol1/fastq/SRR317/014/SRR31743914/SRR31743914_1.fastq.gz;ftp.sra.ebi.ac.uk/vol1/fastq/SRR317/014/SRR31743914/SRR31743914_2.fastq.gz	18515018;18573404	37088422	resolved_streamed_fastq_subset	PASS			100000	paired_reads						1.0		True	0.004639035649999996	2019.7890410958903	prepandemic
AUS__SAMN45810523	AUS::SAMN45810523	focal	historical_all_available_gate_rescue		AUS	Australia	Oceania	2019-12-01	2019-12-31	month	2019	12	PRJNA1199062				SAMN45810523		SRR31743933	ena_fastq_download				;						PASS	True	2026-07-24	ftp.sra.ebi.ac.uk/vol1/fastq/SRR317/033/SRR31743933/SRR31743933_1.fastq.gz;ftp.sra.ebi.ac.uk/vol1/fastq/SRR317/033/SRR31743933/SRR31743933_2.fastq.gz	128167090;133860383	PAIRED	1727217	492985320	PRJNA1199062	SAMN45810523	2019-12	Australia: New South Wales	ftp.sra.ebi.ac.uk/vol1/fastq/SRR317/033/SRR31743933/SRR31743933_1.fastq.gz;ftp.sra.ebi.ac.uk/vol1/fastq/SRR317/033/SRR31743933/SRR31743933_2.fastq.gz	128167090;133860383	262027473	resolved_streamed_fastq_subset	PASS			100000	paired_reads						0.859207		True	0.004612778949999997	2019.9561643835616	prepandemic
AUS__SAMN45810532	AUS::SAMN45810532	focal	historical_all_available_gate_rescue		AUS	Australia	Oceania	2019-10-01	2019-10-31	month	2019	10	PRJNA1199062				SAMN45810532		SRR31743923	ena_fastq_download				;						PASS	True	2026-07-24	ftp.sra.ebi.ac.uk/vol1/fastq/SRR317/023/SRR31743923/SRR31743923_1.fastq.gz;ftp.sra.ebi.ac.uk/vol1/fastq/SRR317/023/SRR31743923/SRR31743923_2.fastq.gz	27533155;29982381	PAIRED	389137	114200151	PRJNA1199062	SAMN45810532	2019-10	Australia: New South Wales	ftp.sra.ebi.ac.uk/vol1/fastq/SRR317/023/SRR31743923/SRR31743923_1.fastq.gz;ftp.sra.ebi.ac.uk/vol1/fastq/SRR317/023/SRR31743923/SRR31743923_2.fastq.gz	27533155;29982381	57515536	resolved_streamed_fastq_subset	PASS			100000	paired_reads						0.869336		True	0.004626591949999996	2019.7890410958903	prepandemic
AUS__SAMN45810545	AUS::SAMN45810545	focal	historical_all_available_gate_rescue		AUS	Australia	Oceania	2019-05-01	2019-05-31	month	2019	5	PRJNA1199062				SAMN45810545		SRR31743844	ena_fastq_download				;						PASS	True	2026-07-24	ftp.sra.ebi.ac.uk/vol1/fastq/SRR317/044/SRR31743844/SRR31743844_1.fastq.gz;ftp.sra.ebi.ac.uk/vol1/fastq/SRR317/044/SRR31743844/SRR31743844_2.fastq.gz	38056372;40675118	PAIRED	575656	166109777	PRJNA1199062	SAMN45810545	2019-05	Australia: New South Wales	ftp.sra.ebi.ac.uk/vol1/fastq/SRR317/044/SRR31743844/SRR31743844_1.fastq.gz;ftp.sra.ebi.ac.uk/vol1/fastq/SRR317/044/SRR31743844/SRR31743844_2.fastq.gz	38056372;40675118	78731490	resolved_streamed_fastq_subset	PASS			100000	paired_reads						0.924879		True	0.004608816449999997	2019.3698630136987	prepandemic
AUS__SAMN45810547	AUS::SAMN45810547	focal	historical_all_available_gate_rescue		AUS	Australia	Oceania	2019-01-01	2019-01-31	month	2019	1	PRJNA1199062				SAMN45810547		SRR31743842	legacy_read_assembly										PASS	True	2026-07-24												0	resolved_legacy_read_assembly					assembly	3861258	67.81098284548715	0.0	418	20676			True	0.004687915949999997	2019.041095890411	prepandemic
AUS__SAMN45810575	AUS::SAMN45810575	focal	historical_all_available_gate_rescue		AUS	Australia	Oceania	2019-03-01	2019-03-31	month	2019	3	PRJNA1199062				SAMN45810575		SRR31743908	ena_fastq_download				;						PASS	True	2026-07-24	ftp.sra.ebi.ac.uk/vol1/fastq/SRR317/008/SRR31743908/SRR31743908_1.fastq.gz;ftp.sra.ebi.ac.uk/vol1/fastq/SRR317/008/SRR31743908/SRR31743908_2.fastq.gz	291252633;304896719	PAIRED	4106388	1187997099	PRJNA1199062	SAMN45810575	2019-03	Australia: Western Australia	ftp.sra.ebi.ac.uk/vol1/fastq/SRR317/008/SRR31743908/SRR31743908_1.fastq.gz;ftp.sra.ebi.ac.uk/vol1/fastq/SRR317/008/SRR31743908/SRR31743908_2.fastq.gz	291252633;304896719	596149352	resolved_streamed_fastq_subset	PASS			100000	paired_reads						0.906154		True	0.004631575249999998	2019.2027397260274	prepandemic
AUS__SAMN45810511	AUS::SAMN45810511	focal	modern_country_time_project_lineage_cap8		AUS	Australia	Oceania	2023-09-01	2023-09-30	month	2023	9	PRJNA1199062				SAMN45810511		SRR31743995	legacy_read_assembly										PASS	True	2026-07-24												0	resolved_legacy_read_assembly					assembly	3864093	67.76739069168366	0.0	427	19801			True	0.004882083549999996	2023.7054794520548	resurgence
AUS__SAMN44480251	AUS::SAMN44480251	focal	modern_country_time_project_lineage_cap8		AUS	Australia	Oceania	2024-08-01	2024-08-31	month	2024	8	PRJNA1178746	ptxP3/fim3-1	provisional_marker_or_published_annotation	SAMN44480251	SAMN44480251	GCA_046736165		ncbi_assembly_download					4104672	67.5	1	4104672	ok	PASS	True	2026-07-24												0	resolved_ncbi_assembly					assembly	4104672	67.70185291297331	0.0	1	4104672			True	0.004670185549999995	2024.622950819672	resurgence
AUS__SAMN44480252	AUS::SAMN44480252	focal	modern_country_time_project_lineage_cap8		AUS	Australia	Oceania	2024-08-01	2024-08-31	month	2024	8	PRJNA1178746	ptxP3/fim3-1	provisional_marker_or_published_annotation	SAMN44480252	SAMN44480252	GCA_046895385		ncbi_assembly_download					4104613	67.5	1	4104613	ok	PASS	True	2026-07-24												0	resolved_ncbi_assembly					assembly	4104613	67.70211954208594	0.0	1	4104613			True	0.004670277049999995	2024.622950819672	resurgence
AUS__SAMN45810503	AUS::SAMN45810503	focal	modern_country_time_project_lineage_cap8		AUS	Australia	Oceania	2024-02-01	2024-02-29	month	2024	2	PRJNA1199062				SAMN45810503		SRR31743926	legacy_read_assembly										PASS	True	2026-07-24												0	resolved_legacy_read_assembly					assembly	3857067	67.82495611302578	0.0	412	20426			True	0.004701236549999997	2024.122950819672	resurgence
AUS__SAMN45810504	AUS::SAMN45810504	focal	modern_country_time_project_lineage_cap8		AUS	Australia	Oceania	2024-06-01	2024-06-30	month	2024	6	PRJNA1199062				SAMN45810504		SRR31743850	legacy_read_assembly										PASS	True	2026-07-24												0	resolved_legacy_read_assembly					assembly	3861059	67.78554795458966	0.0	491	16156			True	0.005898728649999997	2024.454918032787	resurgence
AUS__SAMN45810513	AUS::SAMN45810513	focal	modern_country_time_project_lineage_cap8		AUS	Australia	Oceania	2024-01-01	2024-01-31	month	2024	1	PRJNA1199062				SAMN45810513		SRR31743973	legacy_read_assembly										PASS	True	2026-07-24												0	resolved_legacy_read_assembly					assembly	3881408	67.70651268817913	0.0	475	20830			True	0.004728740649999997	2024.0409836065573	resurgence
AUS__SAMN45810536	AUS::SAMN45810536	focal	modern_country_time_project_lineage_cap8		AUS	Australia	Oceania	2024-06-01	2024-06-30	month	2024	6	PRJNA1199062				SAMN45810536		SRR31743919	legacy_read_assembly										PASS	True	2026-07-24												0	resolved_legacy_read_assembly					assembly	3856939	67.8205177732912	0.0	399	19814			True	0.004741867149999996	2024.454918032787	resurgence
AUS__SAMN45810543	AUS::SAMN45810543	focal	modern_country_time_project_lineage_cap8		AUS	Australia	Oceania	2024-01-01	2024-01-31	month	2024	1	PRJNA1199062				SAMN45810543		SRR31743846	ena_fastq_download				;						PASS	True	2026-07-24	ftp.sra.ebi.ac.uk/vol1/fastq/SRR317/046/SRR31743846/SRR31743846_1.fastq.gz;ftp.sra.ebi.ac.uk/vol1/fastq/SRR317/046/SRR31743846/SRR31743846_2.fastq.gz	396872502;417146697	PAIRED	5610357	1648602685	PRJNA1199062	SAMN45810543	2024-01	Australia: Queensland	ftp.sra.ebi.ac.uk/vol1/fastq/SRR317/046/SRR31743846/SRR31743846_1.fastq.gz;ftp.sra.ebi.ac.uk/vol1/fastq/SRR317/046/SRR31743846/SRR31743846_2.fastq.gz	396872502;417146697	814019199	resolved_streamed_fastq_subset	PASS			100000	paired_reads						0.899197		True	0.0046458708499999965	2024.0409836065573	resurgence
AUS__SAMN45810549	AUS::SAMN45810549	focal	modern_country_time_project_lineage_cap8		AUS	Australia	Oceania	2024-05-01	2024-05-31	month	2024	5	PRJNA1199062				SAMN45810549		SRR31743840	ena_fastq_download				;						PASS	True	2026-07-24	ftp.sra.ebi.ac.uk/vol1/fastq/SRR317/040/SRR31743840/SRR31743840_1.fastq.gz;ftp.sra.ebi.ac.uk/vol1/fastq/SRR317/040/SRR31743840/SRR31743840_2.fastq.gz	2636077761;2752580167	PAIRED	38072377	11111488108	PRJNA1199062	SAMN45810549	2024-05	Australia: Australian Capital Territory	ftp.sra.ebi.ac.uk/vol1/fastq/SRR317/040/SRR31743840/SRR31743840_1.fastq.gz;ftp.sra.ebi.ac.uk/vol1/fastq/SRR317/040/SRR31743840/SRR31743840_2.fastq.gz	2636077761;2752580167	5388657928	resolved_streamed_fastq_subset	PASS			100000	paired_reads						0.905777		True	0.004667238249999996	2024.3715846994535	resurgence
AUS__SAMN45810556	AUS::SAMN45810556	focal	modern_country_time_project_lineage_cap8		AUS	Australia	Oceania	2024-07-01	2024-07-31	month	2024	7	PRJNA1199062				SAMN45810556		SRR31743832	ena_fastq_download				;						PASS	True	2026-07-24	ftp.sra.ebi.ac.uk/vol1/fastq/SRR317/032/SRR31743832/SRR31743832_1.fastq.gz;ftp.sra.ebi.ac.uk/vol1/fastq/SRR317/032/SRR31743832/SRR31743832_2.fastq.gz	33184955;35051286	PAIRED	454111	133589520	PRJNA1199062	SAMN45810556	2024-07	Australia: South Australia	ftp.sra.ebi.ac.uk/vol1/fastq/SRR317/032/SRR31743832/SRR31743832_1.fastq.gz;ftp.sra.ebi.ac.uk/vol1/fastq/SRR317/032/SRR31743832/SRR31743832_2.fastq.gz	33184955;35051286	68236241	resolved_streamed_fastq_subset	PASS			100000	paired_reads						0.891959		True	0.004629821150000004	2024.5382513661202	resurgence
AUS__SAMN45810557	AUS::SAMN45810557	focal	modern_country_time_project_lineage_cap8		AUS	Australia	Oceania	2024-07-01	2024-07-31	month	2024	7	PRJNA1199062				SAMN45810557		SRR31743831	ena_fastq_download				;						PASS	True	2026-07-24	ftp.sra.ebi.ac.uk/vol1/fastq/SRR317/031/SRR31743831/SRR31743831_1.fastq.gz;ftp.sra.ebi.ac.uk/vol1/fastq/SRR317/031/SRR31743831/SRR31743831_2.fastq.gz	107921029;112964355	PAIRED	1537088	449428906	PRJNA1199062	SAMN45810557	2024-07	Australia: South Australia	ftp.sra.ebi.ac.uk/vol1/fastq/SRR317/031/SRR31743831/SRR31743831_1.fastq.gz;ftp.sra.ebi.ac.uk/vol1/fastq/SRR317/031/SRR31743831/SRR31743831_2.fastq.gz	107921029;112964355	220885384	resolved_streamed_fastq_subset	PASS			100000	paired_reads						0.901577		True	0.004615254949999997	2024.5382513661202	resurgence
AUS__SAMN45810558	AUS::SAMN45810558	focal	modern_country_time_project_lineage_cap8		AUS	Australia	Oceania	2024-01-01	2024-01-31	month	2024	1	PRJNA1199062				SAMN45810558		SRR31743830	ena_fastq_download				;						PASS	True	2026-07-24	ftp.sra.ebi.ac.uk/vol1/fastq/SRR317/030/SRR31743830/SRR31743830_1.fastq.gz;ftp.sra.ebi.ac.uk/vol1/fastq/SRR317/030/SRR31743830/SRR31743830_2.fastq.gz	2238487814;2348415684	PAIRED	31708413	9273704366	PRJNA1199062	SAMN45810558	2024-01	Australia: Queensland	ftp.sra.ebi.ac.uk/vol1/fastq/SRR317/030/SRR31743830/SRR31743830_1.fastq.gz;ftp.sra.ebi.ac.uk/vol1/fastq/SRR317/030/SRR31743830/SRR31743830_2.fastq.gz	2238487814;2348415684	4586903498	resolved_streamed_fastq_subset	PASS			100000	paired_reads						0.902512		True	0.004627451649999997	2024.0409836065573	resurgence
AUS__SAMN45810562	AUS::SAMN45810562	focal	modern_country_time_project_lineage_cap8		AUS	Australia	Oceania	2024-07-01	2024-07-31	month	2024	7	PRJNA1199062				SAMN45810562		SRR31743825	ena_fastq_download				;						PASS	True	2026-07-24	ftp.sra.ebi.ac.uk/vol1/fastq/SRR317/025/SRR31743825/SRR31743825_1.fastq.gz;ftp.sra.ebi.ac.uk/vol1/fastq/SRR317/025/SRR31743825/SRR31743825_2.fastq.gz	129436364;135042841	PAIRED	1841544	532773432	PRJNA1199062	SAMN45810562	2024-07	Australia: New South Wales	ftp.sra.ebi.ac.uk/vol1/fastq/SRR317/025/SRR31743825/SRR31743825_1.fastq.gz;ftp.sra.ebi.ac.uk/vol1/fastq/SRR317/025/SRR31743825/SRR31743825_2.fastq.gz	129436364;135042841	264479205	resolved_streamed_fastq_subset	PASS			100000	paired_reads						0.90291		True	0.004716721149999998	2024.5382513661202	resurgence
AUS__SAMN45810564	AUS::SAMN45810564	focal	modern_country_time_project_lineage_cap8		AUS	Australia	Oceania	2024-07-01	2024-07-31	month	2024	7	PRJNA1199062				SAMN45810564		SRR31743823	legacy_read_assembly										PASS	True	2026-07-24												0	resolved_legacy_read_assembly					assembly	3876561	67.75180372500265	0.0	477	16449			True	0.005057420649999996	2024.5382513661202	resurgence
AUS__SAMN45810580	AUS::SAMN45810580	focal	modern_country_time_project_lineage_cap8		AUS	Australia	Oceania	2024-05-01	2024-05-31	month	2024	5	PRJNA1199062				SAMN45810580		SRR31743902	legacy_read_assembly										PASS	True	2026-07-24												0	resolved_legacy_read_assembly					assembly	3847197	67.81690669856522	0.0	380	20942			True	0.0046767097499999955	2024.3715846994535	resurgence
AUS__SAMN45810582	AUS::SAMN45810582	focal	modern_country_time_project_lineage_cap8		AUS	Australia	Oceania	2024-05-01	2024-05-31	month	2024	5	PRJNA1199062				SAMN45810582		SRR31743900	ena_fastq_download				;						PASS	True	2026-07-24	ftp.sra.ebi.ac.uk/vol1/fastq/SRR317/000/SRR31743900/SRR31743900_1.fastq.gz;ftp.sra.ebi.ac.uk/vol1/fastq/SRR317/000/SRR31743900/SRR31743900_2.fastq.gz	54499063;57522061	PAIRED	758227	222234113	PRJNA1199062	SAMN45810582	2024-05	Australia: Western Australia	ftp.sra.ebi.ac.uk/vol1/fastq/SRR317/000/SRR31743900/SRR31743900_1.fastq.gz;ftp.sra.ebi.ac.uk/vol1/fastq/SRR317/000/SRR31743900/SRR31743900_2.fastq.gz	54499063;57522061	112021124	resolved_streamed_fastq_subset	PASS			100000	paired_reads						0.893455		True	0.004636463550000003	2024.3715846994535	resurgence
AUS__SAMN45810584	AUS::SAMN45810584	focal	modern_country_time_project_lineage_cap8		AUS	Australia	Oceania	2024-08-01	2024-08-31	month	2024	8	PRJNA1199062				SAMN45810584		SRR31743898	legacy_read_assembly										PASS	True	2026-07-24												0	resolved_legacy_read_assembly					assembly	3845206	67.85228151625687	0.0	369	19539			True	0.004821492349999994	2024.622950819672	resurgence
AUS__SAMN45810594	AUS::SAMN45810594	focal	modern_country_time_project_lineage_cap8		AUS	Australia	Oceania	2024-09-01	2024-09-30	month	2024	9	PRJNA1199062				SAMN45810594		SRR31743887	legacy_read_assembly										PASS	True	2026-07-24												0	resolved_legacy_read_assembly					assembly	3839464	67.74205982918448	0.0	496	14667			True	0.005165919649999996	2024.7062841530055	resurgence
AUS__SAMN45810596	AUS::SAMN45810596	focal	modern_country_time_project_lineage_cap8		AUS	Australia	Oceania	2024-08-01	2024-08-31	month	2024	8	PRJNA1199062				SAMN45810596		SRR31743820	legacy_read_assembly										PASS	True	2026-07-24												0	resolved_legacy_read_assembly					assembly	3885160	67.7653944753884	0.0	406	20267			True	0.0047309539499999975	2024.622950819672	resurgence
AUS__SAMN45810598	AUS::SAMN45810598	focal	modern_country_time_project_lineage_cap8		AUS	Australia	Oceania	2024-08-01	2024-08-31	month	2024	8	PRJNA1199062				SAMN45810598		SRR31743818	legacy_read_assembly										PASS	True	2026-07-24												0	resolved_legacy_read_assembly					assembly	3876118	67.8152213116319	0.0	393	20855			True	0.004666923049999997	2024.622950819672	resurgence
AUS__SAMN45810606	AUS::SAMN45810606	focal	modern_country_time_project_lineage_cap8		AUS	Australia	Oceania	2024-09-01	2024-09-30	month	2024	9	PRJNA1199062				SAMN45810606		SRR31743999	ena_fastq_download				;						PASS	True	2026-07-24	ftp.sra.ebi.ac.uk/vol1/fastq/SRR317/099/SRR31743999/SRR31743999_1.fastq.gz;ftp.sra.ebi.ac.uk/vol1/fastq/SRR317/099/SRR31743999/SRR31743999_2.fastq.gz	16684901;18316955	PAIRED	241359	69209737	PRJNA1199062	SAMN45810606	2024-09	Australia: New South Wales	ftp.sra.ebi.ac.uk/vol1/fastq/SRR317/099/SRR31743999/SRR31743999_1.fastq.gz;ftp.sra.ebi.ac.uk/vol1/fastq/SRR317/099/SRR31743999/SRR31743999_2.fastq.gz	16684901;18316955	35001856	resolved_streamed_fastq_subset	PASS			100000	paired_reads						0.838681		True	0.004682002949999998	2024.7062841530055	resurgence
AUS__SAMN45810610	AUS::SAMN45810610	focal	modern_country_time_project_lineage_cap8		AUS	Australia	Oceania	2024-09-01	2024-09-30	month	2024	9	PRJNA1199062				SAMN45810610		SRR31743994	legacy_read_assembly										PASS	True	2026-07-24												0	resolved_legacy_read_assembly					assembly	3853332	67.83062035661604	0.0	354	20942			True	0.004642726449999999	2024.7062841530055	resurgence
AUS__SAMN45810611	AUS::SAMN45810611	focal	modern_country_time_project_lineage_cap8		AUS	Australia	Oceania	2024-09-01	2024-09-30	month	2024	9	PRJNA1199062				SAMN45810611		SRR31743993	legacy_read_assembly										PASS	True	2026-07-24												0	resolved_legacy_read_assembly					assembly	3853145	67.80134150155263	0.0	363	20430			True	0.0046893923500000035	2024.7062841530055	resurgence
AUS__SAMN45810627	AUS::SAMN45810627	focal	modern_country_time_project_lineage_cap8		AUS	Australia	Oceania	2024-10-01	2024-10-31	month	2024	10	PRJNA1199062				SAMN45810627		SRR31743976	ena_fastq_download				;						PASS	True	2026-07-24	ftp.sra.ebi.ac.uk/vol1/fastq/SRR317/076/SRR31743976/SRR31743976_1.fastq.gz;ftp.sra.ebi.ac.uk/vol1/fastq/SRR317/076/SRR31743976/SRR31743976_2.fastq.gz	187668258;208054107	PAIRED	2703530	789196476	PRJNA1199062	SAMN45810627	2024-10	Australia: Queensland	ftp.sra.ebi.ac.uk/vol1/fastq/SRR317/076/SRR31743976/SRR31743976_1.fastq.gz;ftp.sra.ebi.ac.uk/vol1/fastq/SRR317/076/SRR31743976/SRR31743976_2.fastq.gz	187668258;208054107	395722365	resolved_streamed_fastq_subset	PASS			100000	paired_reads						0.830569		True	0.004672407749999996	2024.7896174863388	resurgence
AUS__SAMN45810630	AUS::SAMN45810630	focal	modern_country_time_project_lineage_cap8		AUS	Australia	Oceania	2024-10-01	2024-10-31	month	2024	10	PRJNA1199062				SAMN45810630		SRR31743972	ena_fastq_download				;						PASS	True	2026-07-24	ftp.sra.ebi.ac.uk/vol1/fastq/SRR317/072/SRR31743972/SRR31743972_1.fastq.gz;ftp.sra.ebi.ac.uk/vol1/fastq/SRR317/072/SRR31743972/SRR31743972_2.fastq.gz	61693863;61855055	PAIRED	1083192	311070512	PRJNA1199062	SAMN45810630	2024-10	Australia: Queensland	ftp.sra.ebi.ac.uk/vol1/fastq/SRR317/072/SRR31743972/SRR31743972_1.fastq.gz;ftp.sra.ebi.ac.uk/vol1/fastq/SRR317/072/SRR31743972/SRR31743972_2.fastq.gz	61693863;61855055	123548918	resolved_streamed_fastq_subset	PASS			100000	paired_reads						1.0		True	0.004717545549999997	2024.7896174863388	resurgence
AUS__SAMN45810633	AUS::SAMN45810633	focal	modern_country_time_project_lineage_cap8		AUS	Australia	Oceania	2024-10-01	2024-10-31	month	2024	10	PRJNA1199062				SAMN45810633		SRR31743969	legacy_read_assembly										PASS	True	2026-07-24												0	resolved_legacy_read_assembly					assembly	3859283	67.81552428261934	0.0	373	20686			True	0.004751796949999996	2024.7896174863388	resurgence
AUS__SAMN45810634	AUS::SAMN45810634	focal	modern_country_time_project_lineage_cap8		AUS	Australia	Oceania	2024-10-01	2024-10-31	month	2024	10	PRJNA1199062				SAMN45810634		SRR31743968	legacy_read_assembly										PASS	True	2026-07-24												0	resolved_legacy_read_assembly					assembly	3863920	67.80707157498085	0.0	386	20700			True	0.004672521449999997	2024.7896174863388	resurgence
AUS__SAMN45810638	AUS::SAMN45810638	focal	modern_country_time_project_lineage_cap8		AUS	Australia	Oceania	2024-10-01	2024-10-31	month	2024	10	PRJNA1199062				SAMN45810638		SRR31743964	legacy_read_assembly										PASS	True	2026-07-24												0	resolved_legacy_read_assembly					assembly	3857002	67.83074004109928	0.0	356	20455			True	0.004666622449999997	2024.7896174863388	resurgence
AUS__SAMN45810640	AUS::SAMN45810640	focal	modern_country_time_project_lineage_cap8		AUS	Australia	Oceania	2024-09-01	2024-09-30	month	2024	9	PRJNA1199062				SAMN45810640		SRR31743961	legacy_read_assembly										PASS	True	2026-07-24												0	resolved_legacy_read_assembly					assembly	3860302	67.80003222545801	0.0	363	22515			True	0.004677560649999998	2024.7062841530055	resurgence
AUS__SAMN45810642	AUS::SAMN45810642	focal	modern_country_time_project_lineage_cap8		AUS	Australia	Oceania	2024-09-01	2024-09-30	month	2024	9	PRJNA1199062				SAMN45810642		SRR31743959	legacy_read_assembly										PASS	True	2026-07-24												0	resolved_legacy_read_assembly					assembly	3853139	67.82392226182341	0.0	368	20872			True	0.004670976249999996	2024.7062841530055	resurgence
AUS__SAMN45810643	AUS::SAMN45810643	focal	modern_country_time_project_lineage_cap8		AUS	Australia	Oceania	2024-09-01	2024-09-30	month	2024	9	PRJNA1199062				SAMN45810643		SRR31743958	ena_fastq_download				;						PASS	True	2026-07-24	ftp.sra.ebi.ac.uk/vol1/fastq/SRR317/058/SRR31743958/SRR31743958_1.fastq.gz;ftp.sra.ebi.ac.uk/vol1/fastq/SRR317/058/SRR31743958/SRR31743958_2.fastq.gz	24434875;26341853	PAIRED	353725	101449423	PRJNA1199062	SAMN45810643	2024-09	Australia: New South Wales	ftp.sra.ebi.ac.uk/vol1/fastq/SRR317/058/SRR31743958/SRR31743958_1.fastq.gz;ftp.sra.ebi.ac.uk/vol1/fastq/SRR317/058/SRR31743958/SRR31743958_2.fastq.gz	24434875;26341853	50776728	resolved_streamed_fastq_subset	PASS			100000	paired_reads						0.850373		True	0.004645218249999997	2024.7062841530055	resurgence
AUS__SAMN45810645	AUS::SAMN45810645	focal	modern_country_time_project_lineage_cap8		AUS	Australia	Oceania	2024-10-01	2024-10-31	month	2024	10	PRJNA1199062				SAMN45810645		SRR31743956	ena_fastq_download				;						PASS	True	2026-07-24	ftp.sra.ebi.ac.uk/vol1/fastq/SRR317/056/SRR31743956/SRR31743956_1.fastq.gz;ftp.sra.ebi.ac.uk/vol1/fastq/SRR317/056/SRR31743956/SRR31743956_2.fastq.gz	82606545;91103548	PAIRED	1171809	343591084	PRJNA1199062	SAMN45810645	2024-10	Australia: New South Wales	ftp.sra.ebi.ac.uk/vol1/fastq/SRR317/056/SRR31743956/SRR31743956_1.fastq.gz;ftp.sra.ebi.ac.uk/vol1/fastq/SRR317/056/SRR31743956/SRR31743956_2.fastq.gz	82606545;91103548	173710093	resolved_streamed_fastq_subset	PASS			100000	paired_reads						0.820413		True	0.004654885249999996	2024.7896174863388	resurgence
AUS__SAMN45810646	AUS::SAMN45810646	focal	modern_country_time_project_lineage_cap8		AUS	Australia	Oceania	2024-10-01	2024-10-31	month	2024	10	PRJNA1199062				SAMN45810646		SRR31743955	legacy_read_assembly										PASS	True	2026-07-24												0	resolved_legacy_read_assembly					assembly	3913828	67.73493878627268	0.0	482	20675			True	0.0046551489499999975	2024.7896174863388	resurgence
AUS__SAMN45811366	AUS::SAMN45811366	focal	modern_country_time_project_lineage_cap8		AUS	Australia	Oceania	2024-07-01	2024-07-31	month	2024	7	PRJNA1199062				SAMN45811366		SRR31743879	ena_fastq_download				;						PASS	True	2026-07-24	ftp.sra.ebi.ac.uk/vol1/fastq/SRR317/079/SRR31743879/SRR31743879_1.fastq.gz;ftp.sra.ebi.ac.uk/vol1/fastq/SRR317/079/SRR31743879/SRR31743879_2.fastq.gz	95581257;100685052	PAIRED	1454399	414808881	PRJNA1199062	SAMN45811366	2024-07	Australia: New South Wales	ftp.sra.ebi.ac.uk/vol1/fastq/SRR317/079/SRR31743879/SRR31743879_1.fastq.gz;ftp.sra.ebi.ac.uk/vol1/fastq/SRR317/079/SRR31743879/SRR31743879_2.fastq.gz	95581257;100685052	196266309	resolved_streamed_fastq_subset	PASS			100000	paired_reads						0.924315		True	0.004647184449999997	2024.5382513661202	resurgence
AUS__SAMN45811367	AUS::SAMN45811367	focal	modern_country_time_project_lineage_cap8		AUS	Australia	Oceania	2024-07-01	2024-07-31	month	2024	7	PRJNA1199062				SAMN45811367		SRR31743880	ena_fastq_download				;						PASS	True	2026-07-24	ftp.sra.ebi.ac.uk/vol1/fastq/SRR317/080/SRR31743880/SRR31743880_1.fastq.gz;ftp.sra.ebi.ac.uk/vol1/fastq/SRR317/080/SRR31743880/SRR31743880_2.fastq.gz	130753435;137656685	PAIRED	1955908	566429846	PRJNA1199062	SAMN45811367	2024-07	Australia: New South Wales	ftp.sra.ebi.ac.uk/vol1/fastq/SRR317/080/SRR31743880/SRR31743880_1.fastq.gz;ftp.sra.ebi.ac.uk/vol1/fastq/SRR317/080/SRR31743880/SRR31743880_2.fastq.gz	130753435;137656685	268410120	resolved_streamed_fastq_subset	PASS			100000	paired_reads						0.921008		True	0.0046548249499999955	2024.5382513661202	resurgence
AUS__SAMN45811368	AUS::SAMN45811368	focal	modern_country_time_project_lineage_cap8		AUS	Australia	Oceania	2024-06-01	2024-06-30	month	2024	6	PRJNA1199062				SAMN45811368		SRR31743881	ena_fastq_download				;						PASS	True	2026-07-24	ftp.sra.ebi.ac.uk/vol1/fastq/SRR317/081/SRR31743881/SRR31743881_1.fastq.gz;ftp.sra.ebi.ac.uk/vol1/fastq/SRR317/081/SRR31743881/SRR31743881_2.fastq.gz	170847196;179978294	PAIRED	2566819	741121853	PRJNA1199062	SAMN45811368	2024-06	Australia: New South Wales	ftp.sra.ebi.ac.uk/vol1/fastq/SRR317/081/SRR31743881/SRR31743881_1.fastq.gz;ftp.sra.ebi.ac.uk/vol1/fastq/SRR317/081/SRR31743881/SRR31743881_2.fastq.gz	170847196;179978294	350825490	resolved_streamed_fastq_subset	PASS			100000	paired_reads						0.922874		True	0.004642723649999996	2024.454918032787	resurgence
AUS__SAMN45811371	AUS::SAMN45811371	focal	modern_country_time_project_lineage_cap8		AUS	Australia	Oceania	2024-06-01	2024-06-30	month	2024	6	PRJNA1199062				SAMN45811371		SRR31743884	ena_fastq_download				;						PASS	True	2026-07-24	ftp.sra.ebi.ac.uk/vol1/fastq/SRR317/084/SRR31743884/SRR31743884_1.fastq.gz;ftp.sra.ebi.ac.uk/vol1/fastq/SRR317/084/SRR31743884/SRR31743884_2.fastq.gz	102636991;107628382	PAIRED	1537820	443715593	PRJNA1199062	SAMN45811371	2024-06	Australia: New South Wales	ftp.sra.ebi.ac.uk/vol1/fastq/SRR317/084/SRR31743884/SRR31743884_1.fastq.gz;ftp.sra.ebi.ac.uk/vol1/fastq/SRR317/084/SRR31743884/SRR31743884_2.fastq.gz	102636991;107628382	210265373	resolved_streamed_fastq_subset	PASS			100000	paired_reads						0.925941		True	0.004593187150000003	2024.454918032787	resurgence
BEL__SAMEA117989203	BEL::SAMEA117989203	focal	historical_stratified_anchor_cap3_cell_cap90_country		BEL	Belgium	Europe	2014-01-30	2014-01-30	day	2014	1	PRJEB88325	ptxP3/fim3-1	pending_new_phylogeny	SAMEA117989203	SAMEA117989203		ERR14837599	ena_fastq_download				;						PASS	True	2026-07-24	ftp.sra.ebi.ac.uk/vol1/fastq/ERR148/099/ERR14837599/ERR14837599_1.fastq.gz;ftp.sra.ebi.ac.uk/vol1/fastq/ERR148/099/ERR14837599/ERR14837599_2.fastq.gz	252707914;271856113	PAIRED	2783510	698661010	PRJEB88325	SAMEA117989203	2014-01-30	Belgium	ftp.sra.ebi.ac.uk/vol1/fastq/ERR148/099/ERR14837599/ERR14837599_1.fastq.gz;ftp.sra.ebi.ac.uk/vol1/fastq/ERR148/099/ERR14837599/ERR14837599_2.fastq.gz	252707914;271856113	524564027	resolved_streamed_fastq_subset	PASS			100000	paired_reads						0.819965		True	0.00460017945	2014.0794520547945	prepandemic
BEL__SAMEA117989205	BEL::SAMEA117989205	focal	historical_stratified_anchor_cap3_cell_cap90_country		BEL	Belgium	Europe	2014-06-27	2014-06-27	day	2014	6	PRJEB88325		pending_new_phylogeny	SAMEA117989205	SAMEA117989205		ERR14837601	legacy_read_assembly										PASS	True	2026-07-24												0	resolved_legacy_read_assembly					assembly	3882030	67.75385558586616	0.0	345	23051			True	0.004576689550000001	2014.4849315068493	prepandemic
BEL__SAMEA117989208	BEL::SAMEA117989208	focal	historical_stratified_anchor_cap3_cell_cap90_country		BEL	Belgium	Europe	2014-07-30	2014-07-30	day	2014	7	PRJEB88325	ptxP3/fim3-1	pending_new_phylogeny	SAMEA117989208	SAMEA117989208		ERR14837604	ena_fastq_download				;						PASS	True	2026-07-24	ftp.sra.ebi.ac.uk/vol1/fastq/ERR148/004/ERR14837604/ERR14837604_1.fastq.gz;ftp.sra.ebi.ac.uk/vol1/fastq/ERR148/004/ERR14837604/ERR14837604_2.fastq.gz	314282626;338799337	PAIRED	3472756	871661756	PRJEB88325	SAMEA117989208	2014-07-30	Belgium	ftp.sra.ebi.ac.uk/vol1/fastq/ERR148/004/ERR14837604/ERR14837604_1.fastq.gz;ftp.sra.ebi.ac.uk/vol1/fastq/ERR148/004/ERR14837604/ERR14837604_2.fastq.gz	314282626;338799337	653081963	resolved_streamed_fastq_subset	PASS			100000	paired_reads						0.814772		True	0.0045833985499999985	2014.5753424657535	prepandemic
BEL__SAMEA117989209	BEL::SAMEA117989209	focal	historical_stratified_anchor_cap3_cell_cap90_country		BEL	Belgium	Europe	2014-08-01	2014-08-01	day	2014	8	PRJEB88325	United States Sublineage 1	pending_new_phylogeny	SAMEA117989209	SAMEA117989209		ERR14837605	ena_fastq_download				;						PASS	True	2026-07-24	ftp.sra.ebi.ac.uk/vol1/fastq/ERR148/005/ERR14837605/ERR14837605_1.fastq.gz;ftp.sra.ebi.ac.uk/vol1/fastq/ERR148/005/ERR14837605/ERR14837605_2.fastq.gz	335380297;363289129	PAIRED	3730468	936347468	PRJEB88325	SAMEA117989209	2014-08-01	Belgium	ftp.sra.ebi.ac.uk/vol1/fastq/ERR148/005/ERR14837605/ERR14837605_1.fastq.gz;ftp.sra.ebi.ac.uk/vol1/fastq/ERR148/005/ERR14837605/ERR14837605_2.fastq.gz	335380297;363289129	698669426	resolved_streamed_fastq_subset	PASS			100000	paired_reads						0.816247		True	0.004623952349999999	2014.5808219178082	prepandemic
BEL__SAMEA117989211	BEL::SAMEA117989211	focal	historical_stratified_anchor_cap3_cell_cap90_country		BEL	Belgium	Europe	2014-09-04	2014-09-04	day	2014	9	PRJEB88325	ptxP3/fim3-1	pending_new_phylogeny	SAMEA117989211	SAMEA117989211		ERR14837607	legacy_read_assembly										PASS	True	2026-07-24												0	resolved_legacy_read_assembly					assembly	3880567	67.77643576312431	0.0	361	23051			True	0.004594672349999999	2014.6739726027397	prepandemic
BEL__SAMEA117989214	BEL::SAMEA117989214	focal	historical_stratified_anchor_cap3_cell_cap90_country		BEL	Belgium	Europe	2014-12-20	2014-12-20	day	2014	12	PRJEB88325	ptxP3/fim3-2	pending_new_phylogeny	SAMEA117989214	SAMEA117989214		ERR14837610	legacy_read_assembly										PASS	True	2026-07-24												0	resolved_legacy_read_assembly					assembly	3877693	67.77991450070957	0.0	341	22586			True	0.004591101549999997	2014.9671232876713	prepandemic
BEL__SAMEA117989221	BEL::SAMEA117989221	focal	historical_stratified_anchor_cap3_cell_cap90_country		BEL	Belgium	Europe	2015-05-04	2015-05-04	day	2015	5	PRJEB88325	others	pending_new_phylogeny	SAMEA117989221	SAMEA117989221		ERR14837617	ena_fastq_download				;						PASS	True	2026-07-24	ftp.sra.ebi.ac.uk/vol1/fastq/ERR148/017/ERR14837617/ERR14837617_1.fastq.gz;ftp.sra.ebi.ac.uk/vol1/fastq/ERR148/017/ERR14837617/ERR14837617_2.fastq.gz	370217695;400984887	PAIRED	4117614	1033521114	PRJEB88325	SAMEA117989221	2015-05-04	Belgium	ftp.sra.ebi.ac.uk/vol1/fastq/ERR148/017/ERR14837617/ERR14837617_1.fastq.gz;ftp.sra.ebi.ac.uk/vol1/fastq/ERR148/017/ERR14837617/ERR14837617_2.fastq.gz	370217695;400984887	771202582	resolved_streamed_fastq_subset	PASS			100000	paired_reads						0.811832		True	0.004578653650000003	2015.33698630137	prepandemic
BEL__SAMEA117989226	BEL::SAMEA117989226	focal	historical_stratified_anchor_cap3_cell_cap90_country		BEL	Belgium	Europe	2015-12-21	2015-12-21	day	2015	12	PRJEB88325	MS-MT28	pending_new_phylogeny	SAMEA117989226	SAMEA117989226		ERR14837622	ena_fastq_download				;						PASS	True	2026-07-24	ftp.sra.ebi.ac.uk/vol1/fastq/ERR148/022/ERR14837622/ERR14837622_1.fastq.gz;ftp.sra.ebi.ac.uk/vol1/fastq/ERR148/022/ERR14837622/ERR14837622_2.fastq.gz	310564906;356142224	PAIRED	3534048	887046048	PRJEB88325	SAMEA117989226	2015-12-21	Belgium	ftp.sra.ebi.ac.uk/vol1/fastq/ERR148/022/ERR14837622/ERR14837622_1.fastq.gz;ftp.sra.ebi.ac.uk/vol1/fastq/ERR148/022/ERR14837622/ERR14837622_2.fastq.gz	310564906;356142224	666707130	resolved_streamed_fastq_subset	PASS			100000	paired_reads						0.781931		True	0.00460602785	2015.9698630136986	prepandemic
BEL__SAMEA117989252	BEL::SAMEA117989252	focal	historical_stratified_anchor_cap3_cell_cap90_country		BEL	Belgium	Europe	2017-04-18	2017-04-18	day	2017	4	PRJEB88325		pending_new_phylogeny	SAMEA117989252	SAMEA117989252		ERR14837648	ena_fastq_download				;						PASS	True	2026-07-24	ftp.sra.ebi.ac.uk/vol1/fastq/ERR148/048/ERR14837648/ERR14837648_1.fastq.gz;ftp.sra.ebi.ac.uk/vol1/fastq/ERR148/048/ERR14837648/ERR14837648_2.fastq.gz	69066027;74303124	PAIRED	738446	185349946	PRJEB88325	SAMEA117989252	2017-04-18	Belgium	ftp.sra.ebi.ac.uk/vol1/fastq/ERR148/048/ERR14837648/ERR14837648_1.fastq.gz;ftp.sra.ebi.ac.uk/vol1/fastq/ERR148/048/ERR14837648/ERR14837648_2.fastq.gz	69066027;74303124	143369151	resolved_streamed_fastq_subset	PASS			100000	paired_reads						0.745702		True	0.00458887685	2017.2931506849316	prepandemic
BEL__SAMEA117989259	BEL::SAMEA117989259	focal	historical_stratified_anchor_cap3_cell_cap90_country		BEL	Belgium	Europe	2017-05-05	2017-05-05	day	2017	5	PRJEB88325	MS-MT28	pending_new_phylogeny	SAMEA117989259	SAMEA117989259		ERR14837655	ena_fastq_download				;						PASS	True	2026-07-24	ftp.sra.ebi.ac.uk/vol1/fastq/ERR148/055/ERR14837655/ERR14837655_1.fastq.gz;ftp.sra.ebi.ac.uk/vol1/fastq/ERR148/055/ERR14837655/ERR14837655_2.fastq.gz	314521129;338893235	PAIRED	3459640	868369640	PRJEB88325	SAMEA117989259	2017-05-05	Belgium	ftp.sra.ebi.ac.uk/vol1/fastq/ERR148/055/ERR14837655/ERR14837655_1.fastq.gz;ftp.sra.ebi.ac.uk/vol1/fastq/ERR148/055/ERR14837655/ERR14837655_2.fastq.gz	314521129;338893235	653414364	resolved_streamed_fastq_subset	PASS			100000	paired_reads						0.811067		True	0.004611922949999999	2017.3397260273973	prepandemic
BEL__SAMEA117989272	BEL::SAMEA117989272	focal	historical_stratified_anchor_cap3_cell_cap90_country		BEL	Belgium	Europe	2017-06-16	2017-06-16	day	2017	6	PRJEB88325	ptxP3/fim3-1	pending_new_phylogeny	SAMEA117989272	SAMEA117989272		ERR14837668	legacy_read_assembly										PASS	True	2026-07-24												0	resolved_legacy_read_assembly					assembly	3873859	67.78021605845747	0.0	329	23051			True	0.004594584349999999	2017.454794520548	prepandemic
BEL__SAMEA117989286	BEL::SAMEA117989286	focal	historical_stratified_anchor_cap3_cell_cap90_country		BEL	Belgium	Europe	2017-07-25	2017-07-25	day	2017	7	PRJEB88325	ptxP3/fim3-1	pending_new_phylogeny	SAMEA117989286	SAMEA117989286		ERR14837682	legacy_read_assembly										PASS	True	2026-07-24												0	resolved_legacy_read_assembly					assembly	3873582	67.77698264810194	0.0	338	23051			True	0.004612624749999996	2017.5616438356165	prepandemic
BEL__SAMEA117989308	BEL::SAMEA117989308	focal	historical_stratified_anchor_cap3_cell_cap90_country		BEL	Belgium	Europe	2017-09-06	2017-09-06	day	2017	9	PRJEB88325	MS-MT28	pending_new_phylogeny	SAMEA117989308	SAMEA117989308		ERR14837704	legacy_read_assembly										PASS	True	2026-07-24												0	resolved_legacy_read_assembly					assembly	3875650	67.78014010553069	0.0	339	23051			True	0.0046349372499999986	2017.6794520547944	prepandemic
BEL__SAMEA117989309	BEL::SAMEA117989309	focal	historical_stratified_anchor_cap3_cell_cap90_country		BEL	Belgium	Europe	2017-09-06	2017-09-06	day	2017	9	PRJEB88325		pending_new_phylogeny	SAMEA117989309	SAMEA117989309		ERR14837705	legacy_read_assembly										PASS	True	2026-07-24												0	resolved_legacy_read_assembly					assembly	3878404	67.76893278781685	0.0	361	21239			True	0.004585042849999998	2017.6794520547944	prepandemic
BEL__SAMEA117989353	BEL::SAMEA117989353	focal	historical_stratified_anchor_cap3_cell_cap90_country		BEL	Belgium	Europe	2018-03-26	2018-03-26	day	2018	3	PRJEB88325	ptxP3/fim3-2	pending_new_phylogeny	SAMEA117989353	SAMEA117989353		ERR14837749	ena_fastq_download				;						PASS	True	2026-07-24	ftp.sra.ebi.ac.uk/vol1/fastq/ERR148/049/ERR14837749/ERR14837749_1.fastq.gz;ftp.sra.ebi.ac.uk/vol1/fastq/ERR148/049/ERR14837749/ERR14837749_2.fastq.gz	216195473;237832202	PAIRED	2492076	625511076	PRJEB88325	SAMEA117989353	2018-03-26	Belgium	ftp.sra.ebi.ac.uk/vol1/fastq/ERR148/049/ERR14837749/ERR14837749_1.fastq.gz;ftp.sra.ebi.ac.uk/vol1/fastq/ERR148/049/ERR14837749/ERR14837749_2.fastq.gz	216195473;237832202	454027675	resolved_streamed_fastq_subset	PASS			100000	paired_reads						0.881864		True	0.004579698949999997	2018.2301369863014	prepandemic
BEL__SAMEA117989425	BEL::SAMEA117989425	focal	historical_stratified_anchor_cap3_cell_cap90_country		BEL	Belgium	Europe	2018-10-09	2018-10-09	day	2018	10	PRJEB88325	ptxP3/fim3-2	pending_new_phylogeny	SAMEA117989425	SAMEA117989425		ERR14837821	legacy_read_assembly										PASS	True	2026-07-24												0	resolved_legacy_read_assembly					assembly	3871923	67.78750507176925	0.0	342	23245			True	0.004573908449999997	2018.7698630136986	prepandemic
BEL__SAMEA117989434	BEL::SAMEA117989434	focal	historical_stratified_anchor_cap3_cell_cap90_country		BEL	Belgium	Europe	2018-12-12	2018-12-12	day	2018	12	PRJEB88325	United States Sublineage 1	pending_new_phylogeny	SAMEA117989434	SAMEA117989434		ERR14837830	ena_fastq_download				;						PASS	True	2026-07-24	ftp.sra.ebi.ac.uk/vol1/fastq/ERR148/030/ERR14837830/ERR14837830_1.fastq.gz;ftp.sra.ebi.ac.uk/vol1/fastq/ERR148/030/ERR14837830/ERR14837830_2.fastq.gz	745769303;748203712	PAIRED	13128742	3295314242	PRJEB88325	SAMEA117989434	2018-12-12	Belgium	ftp.sra.ebi.ac.uk/vol1/fastq/ERR148/030/ERR14837830/ERR14837830_1.fastq.gz;ftp.sra.ebi.ac.uk/vol1/fastq/ERR148/030/ERR14837830/ERR14837830_2.fastq.gz	745769303;748203712	1493973015	resolved_streamed_fastq_subset	PASS			100000	paired_reads						0.91287		True	0.004635423449999999	2018.945205479452	prepandemic
BEL__SAMEA117989436	BEL::SAMEA117989436	focal	historical_stratified_anchor_cap3_cell_cap90_country		BEL	Belgium	Europe	2019-01-15	2019-01-15	day	2019	1	PRJEB88325		pending_new_phylogeny	SAMEA117989436	SAMEA117989436		ERR14837832	ena_fastq_download				;						PASS	True	2026-07-24	ftp.sra.ebi.ac.uk/vol1/fastq/ERR148/032/ERR14837832/ERR14837832_1.fastq.gz;ftp.sra.ebi.ac.uk/vol1/fastq/ERR148/032/ERR14837832/ERR14837832_2.fastq.gz	87433632;87878576	PAIRED	1583920	397563920	PRJEB88325	SAMEA117989436	2019-01-15	Belgium	ftp.sra.ebi.ac.uk/vol1/fastq/ERR148/032/ERR14837832/ERR14837832_1.fastq.gz;ftp.sra.ebi.ac.uk/vol1/fastq/ERR148/032/ERR14837832/ERR14837832_2.fastq.gz	87433632;87878576	175312208	resolved_streamed_fastq_subset	PASS			100000	paired_reads						0.916269		True	0.004567832749999999	2019.0383561643835	prepandemic
BEL__SAMEA117989467	BEL::SAMEA117989467	focal	historical_stratified_anchor_cap3_cell_cap90_country		BEL	Belgium	Europe	2019-04-24	2019-04-24	day	2019	4	PRJEB88325	ptxP3/fim3-1	pending_new_phylogeny	SAMEA117989467	SAMEA117989467		ERR14837863	legacy_read_assembly										PASS	True	2026-07-24												0	resolved_legacy_read_assembly					assembly	3880393	67.80400851150901	0.0	359	23051			True	0.004611847349999999	2019.309589041096	prepandemic
BEL__SAMEA117989479	BEL::SAMEA117989479	focal	historical_stratified_anchor_cap3_cell_cap90_country		BEL	Belgium	Europe	2019-07-24	2019-07-24	day	2019	7	PRJEB88325	ptxP3/fim3-2	pending_new_phylogeny	SAMEA117989479	SAMEA117989479		ERR14837875	ena_fastq_download				;						PASS	True	2026-07-24	ftp.sra.ebi.ac.uk/vol1/fastq/ERR148/075/ERR14837875/ERR14837875_1.fastq.gz;ftp.sra.ebi.ac.uk/vol1/fastq/ERR148/075/ERR14837875/ERR14837875_2.fastq.gz	314453888;334098407	PAIRED	5625116	1411904116	PRJEB88325	SAMEA117989479	2019-07-24	Belgium	ftp.sra.ebi.ac.uk/vol1/fastq/ERR148/075/ERR14837875/ERR14837875_1.fastq.gz;ftp.sra.ebi.ac.uk/vol1/fastq/ERR148/075/ERR14837875/ERR14837875_2.fastq.gz	314453888;334098407	648552295	resolved_streamed_fastq_subset	PASS			100000	paired_reads						0.847234		True	0.004591678349999997	2019.558904109589	prepandemic
BEL__SAMEA117989511	BEL::SAMEA117989511	focal	modern_country_time_project_lineage_cap8		BEL	Belgium	Europe	2020-01-13	2020-01-13	day	2020	1	PRJEB88325	ptxP3/fim3-1	pending_new_phylogeny	SAMEA117989511	SAMEA117989511		ERR14837907	ena_fastq_download				;						PASS	True	2026-07-24	ftp.sra.ebi.ac.uk/vol1/fastq/ERR148/007/ERR14837907/ERR14837907_1.fastq.gz;ftp.sra.ebi.ac.uk/vol1/fastq/ERR148/007/ERR14837907/ERR14837907_2.fastq.gz	1154255374;1179817985	PAIRED	17150768	4304842768	PRJEB88325	SAMEA117989511	2020-01-13	Belgium	ftp.sra.ebi.ac.uk/vol1/fastq/ERR148/007/ERR14837907/ERR14837907_1.fastq.gz;ftp.sra.ebi.ac.uk/vol1/fastq/ERR148/007/ERR14837907/ERR14837907_2.fastq.gz	1154255374;1179817985	2334073359	resolved_streamed_fastq_subset	PASS			100000	paired_reads						0.718811		True	0.00468998505	2020.032786885246	pandemic
BEL__SAMEA117989512	BEL::SAMEA117989512	focal	modern_country_time_project_lineage_cap8		BEL	Belgium	Europe	2020-01-15	2020-01-15	day	2020	1	PRJEB88325	ptxP3/fim3-2	pending_new_phylogeny	SAMEA117989512	SAMEA117989512		ERR14837908	ena_fastq_download				;						PASS	True	2026-07-24	ftp.sra.ebi.ac.uk/vol1/fastq/ERR148/008/ERR14837908/ERR14837908_1.fastq.gz;ftp.sra.ebi.ac.uk/vol1/fastq/ERR148/008/ERR14837908/ERR14837908_2.fastq.gz	1049122502;1073987654	PAIRED	15603716	3916532716	PRJEB88325	SAMEA117989512	2020-01-15	Belgium	ftp.sra.ebi.ac.uk/vol1/fastq/ERR148/008/ERR14837908/ERR14837908_1.fastq.gz;ftp.sra.ebi.ac.uk/vol1/fastq/ERR148/008/ERR14837908/ERR14837908_2.fastq.gz	1049122502;1073987654	2123110156	resolved_streamed_fastq_subset	PASS			100000	paired_reads						0.729449		True	0.004674282849999998	2020.0382513661202	pandemic
BEL__SAMEA117989513	BEL::SAMEA117989513	focal	modern_country_time_project_lineage_cap8		BEL	Belgium	Europe	2020-01-24	2020-01-24	day	2020	1	PRJEB88325	MS-MT28	pending_new_phylogeny	SAMEA117989513	SAMEA117989513		ERR14837909	ena_fastq_download				;						PASS	True	2026-07-24	ftp.sra.ebi.ac.uk/vol1/fastq/ERR148/009/ERR14837909/ERR14837909_1.fastq.gz;ftp.sra.ebi.ac.uk/vol1/fastq/ERR148/009/ERR14837909/ERR14837909_2.fastq.gz	1077733386;1098943892	PAIRED	16002314	4016580814	PRJEB88325	SAMEA117989513	2020-01-24	Belgium	ftp.sra.ebi.ac.uk/vol1/fastq/ERR148/009/ERR14837909/ERR14837909_1.fastq.gz;ftp.sra.ebi.ac.uk/vol1/fastq/ERR148/009/ERR14837909/ERR14837909_2.fastq.gz	1077733386;1098943892	2176677278	resolved_streamed_fastq_subset	PASS			100000	paired_reads						0.726327		True	0.0046830829499999995	2020.0628415300546	pandemic
BEL__SAMEA117989514	BEL::SAMEA117989514	focal	modern_country_time_project_lineage_cap8		BEL	Belgium	Europe	2020-02-21	2020-02-21	day	2020	2	PRJEB88325	ptxP3/fim3-2	pending_new_phylogeny	SAMEA117989514	SAMEA117989514		ERR14837910	ena_fastq_download				;						PASS	True	2026-07-24	ftp.sra.ebi.ac.uk/vol1/fastq/ERR148/010/ERR14837910/ERR14837910_1.fastq.gz;ftp.sra.ebi.ac.uk/vol1/fastq/ERR148/010/ERR14837910/ERR14837910_2.fastq.gz	1061594555;1086284937	PAIRED	15763088	3956535088	PRJEB88325	SAMEA117989514	2020-02-21	Belgium	ftp.sra.ebi.ac.uk/vol1/fastq/ERR148/010/ERR14837910/ERR14837910_1.fastq.gz;ftp.sra.ebi.ac.uk/vol1/fastq/ERR148/010/ERR14837910/ERR14837910_2.fastq.gz	1061594555;1086284937	2147879492	resolved_streamed_fastq_subset	PASS			100000	paired_reads						0.726103		True	0.00469144615	2020.139344262295	pandemic
BEL__SAMEA117989515	BEL::SAMEA117989515	focal	modern_country_time_project_lineage_cap8		BEL	Belgium	Europe	2020-03-05	2020-03-05	day	2020	3	PRJEB88325	ptxP3/fim3-2	pending_new_phylogeny	SAMEA117989515	SAMEA117989515		ERR14837911	ena_fastq_download				;						PASS	True	2026-07-24	ftp.sra.ebi.ac.uk/vol1/fastq/ERR148/011/ERR14837911/ERR14837911_1.fastq.gz;ftp.sra.ebi.ac.uk/vol1/fastq/ERR148/011/ERR14837911/ERR14837911_2.fastq.gz	920120705;939845685	PAIRED	13648538	3425783038	PRJEB88325	SAMEA117989515	2020-03-05	Belgium	ftp.sra.ebi.ac.uk/vol1/fastq/ERR148/011/ERR14837911/ERR14837911_1.fastq.gz;ftp.sra.ebi.ac.uk/vol1/fastq/ERR148/011/ERR14837911/ERR14837911_2.fastq.gz	920120705;939845685	1859966390	resolved_streamed_fastq_subset	PASS			100000	paired_reads						0.738253		True	0.004627382549999997	2020.1748633879781	pandemic
BEL__SAMEA117989516	BEL::SAMEA117989516	focal	modern_country_time_project_lineage_cap8		BEL	Belgium	Europe	2020-03-13	2020-03-13	day	2020	3	PRJEB88325	ptxP3/fim3-2	pending_new_phylogeny	SAMEA117989516	SAMEA117989516		ERR14837912	ena_fastq_download				;						PASS	True	2026-07-24	ftp.sra.ebi.ac.uk/vol1/fastq/ERR148/012/ERR14837912/ERR14837912_1.fastq.gz;ftp.sra.ebi.ac.uk/vol1/fastq/ERR148/012/ERR14837912/ERR14837912_2.fastq.gz	1356208152;1384030781	PAIRED	20218320	5074798320	PRJEB88325	SAMEA117989516	2020-03-13	Belgium	ftp.sra.ebi.ac.uk/vol1/fastq/ERR148/012/ERR14837912/ERR14837912_1.fastq.gz;ftp.sra.ebi.ac.uk/vol1/fastq/ERR148/012/ERR14837912/ERR14837912_2.fastq.gz	1356208152;1384030781	2740238933	resolved_streamed_fastq_subset	PASS			100000	paired_reads						0.710518		True	0.004651244849999999	2020.1967213114754	pandemic
BEL__SAMEA117989517	BEL::SAMEA117989517	focal	modern_country_time_project_lineage_cap8		BEL	Belgium	Europe	2020-03-16	2020-03-16	day	2020	3	PRJEB88325	ptxP3/fim3-1	pending_new_phylogeny	SAMEA117989517	SAMEA117989517		ERR14837913	ena_fastq_download				;						PASS	True	2026-07-24	ftp.sra.ebi.ac.uk/vol1/fastq/ERR148/013/ERR14837913/ERR14837913_1.fastq.gz;ftp.sra.ebi.ac.uk/vol1/fastq/ERR148/013/ERR14837913/ERR14837913_2.fastq.gz	810064593;832628490	PAIRED	11851938	2974836438	PRJEB88325	SAMEA117989517	2020-03-16	Belgium	ftp.sra.ebi.ac.uk/vol1/fastq/ERR148/013/ERR14837913/ERR14837913_1.fastq.gz;ftp.sra.ebi.ac.uk/vol1/fastq/ERR148/013/ERR14837913/ERR14837913_2.fastq.gz	810064593;832628490	1642693083	resolved_streamed_fastq_subset	PASS			100000	paired_reads						0.739346		True	0.004654420549999996	2020.204918032787	pandemic
BEL__SAMEA117989518	BEL::SAMEA117989518	focal	modern_country_time_project_lineage_cap8		BEL	Belgium	Europe	2020-03-16	2020-03-16	day	2020	3	PRJEB88325	ptxP3/fim3-2	pending_new_phylogeny	SAMEA117989518	SAMEA117989518		ERR14837914	ena_fastq_download				;						PASS	True	2026-07-24	ftp.sra.ebi.ac.uk/vol1/fastq/ERR148/014/ERR14837914/ERR14837914_1.fastq.gz;ftp.sra.ebi.ac.uk/vol1/fastq/ERR148/014/ERR14837914/ERR14837914_2.fastq.gz	1290943525;1315999945	PAIRED	19363230	4860170730	PRJEB88325	SAMEA117989518	2020-03-16	Belgium	ftp.sra.ebi.ac.uk/vol1/fastq/ERR148/014/ERR14837914/ERR14837914_1.fastq.gz;ftp.sra.ebi.ac.uk/vol1/fastq/ERR148/014/ERR14837914/ERR14837914_2.fastq.gz	1290943525;1315999945	2606943470	resolved_streamed_fastq_subset	PASS			100000	paired_reads						0.718028		True	0.004639946449999997	2020.204918032787	pandemic
BEL__SAMEA117989519	BEL::SAMEA117989519	focal	modern_country_time_project_lineage_cap8		BEL	Belgium	Europe	2020-03-23	2020-03-23	day	2020	3	PRJEB88325	ptxP3/fim3-2	pending_new_phylogeny	SAMEA117989519	SAMEA117989519		ERR14837915	ena_fastq_download				;						PASS	True	2026-07-24	ftp.sra.ebi.ac.uk/vol1/fastq/ERR148/015/ERR14837915/ERR14837915_1.fastq.gz;ftp.sra.ebi.ac.uk/vol1/fastq/ERR148/015/ERR14837915/ERR14837915_2.fastq.gz	1199725865;1223869624	PAIRED	17990162	4515530662	PRJEB88325	SAMEA117989519	2020-03-23	Belgium	ftp.sra.ebi.ac.uk/vol1/fastq/ERR148/015/ERR14837915/ERR14837915_1.fastq.gz;ftp.sra.ebi.ac.uk/vol1/fastq/ERR148/015/ERR14837915/ERR14837915_2.fastq.gz	1199725865;1223869624	2423595489	resolved_streamed_fastq_subset	PASS			100000	paired_reads						0.721699		True	0.004675094549999999	2020.224043715847	pandemic
BEL__SAMEA117989520	BEL::SAMEA117989520	focal	modern_country_time_project_lineage_cap8		BEL	Belgium	Europe	2020-03-23	2020-03-23	day	2020	3	PRJEB88325	ptxP3/fim3-1	pending_new_phylogeny	SAMEA117989520	SAMEA117989520		ERR14837916	ena_fastq_download				;						PASS	True	2026-07-24	ftp.sra.ebi.ac.uk/vol1/fastq/ERR148/016/ERR14837916/ERR14837916_1.fastq.gz;ftp.sra.ebi.ac.uk/vol1/fastq/ERR148/016/ERR14837916/ERR14837916_2.fastq.gz	1358211603;1389809086	PAIRED	20211074	5072979574	PRJEB88325	SAMEA117989520	2020-03-23	Belgium	ftp.sra.ebi.ac.uk/vol1/fastq/ERR148/016/ERR14837916/ERR14837916_1.fastq.gz;ftp.sra.ebi.ac.uk/vol1/fastq/ERR148/016/ERR14837916/ERR14837916_2.fastq.gz	1358211603;1389809086	2748020689	resolved_streamed_fastq_subset	PASS			100000	paired_reads						0.704367		True	0.004666997449999999	2020.224043715847	pandemic
BEL__SAMEA117989521	BEL::SAMEA117989521	focal	modern_country_time_project_lineage_cap8		BEL	Belgium	Europe	2020-04-07	2020-04-07	day	2020	4	PRJEB88325	ptxP3/fim3-1	pending_new_phylogeny	SAMEA117989521	SAMEA117989521		ERR14837917	ena_fastq_download				;						PASS	True	2026-07-24	ftp.sra.ebi.ac.uk/vol1/fastq/ERR148/017/ERR14837917/ERR14837917_1.fastq.gz;ftp.sra.ebi.ac.uk/vol1/fastq/ERR148/017/ERR14837917/ERR14837917_2.fastq.gz	887174317;907383763	PAIRED	13183160	3308973160	PRJEB88325	SAMEA117989521	2020-04-07	Belgium	ftp.sra.ebi.ac.uk/vol1/fastq/ERR148/017/ERR14837917/ERR14837917_1.fastq.gz;ftp.sra.ebi.ac.uk/vol1/fastq/ERR148/017/ERR14837917/ERR14837917_2.fastq.gz	887174317;907383763	1794558080	resolved_streamed_fastq_subset	PASS			100000	paired_reads						0.742658		True	0.0046425225499999966	2020.2650273224044	pandemic
BEL__SAMEA117989522	BEL::SAMEA117989522	focal	modern_country_time_project_lineage_cap8		BEL	Belgium	Europe	2020-04-09	2020-04-09	day	2020	4	PRJEB88325	ptxP3/fim3-1	pending_new_phylogeny	SAMEA117989522	SAMEA117989522		ERR14837918	legacy_read_assembly										PASS	True	2026-07-24												0	resolved_legacy_read_assembly					assembly	3894135	67.83054516599964	0.0	483	20943			True	0.004624111349999997	2020.2704918032787	pandemic
BEL__SAMEA117989523	BEL::SAMEA117989523	focal	modern_country_time_project_lineage_cap8		BEL	Belgium	Europe	2020-04-24	2020-04-24	day	2020	4	PRJEB88325	ptxP3/fim3-1	pending_new_phylogeny	SAMEA117989523	SAMEA117989523		ERR14837919	ena_fastq_download				;						PASS	True	2026-07-24	ftp.sra.ebi.ac.uk/vol1/fastq/ERR148/019/ERR14837919/ERR14837919_1.fastq.gz;ftp.sra.ebi.ac.uk/vol1/fastq/ERR148/019/ERR14837919/ERR14837919_2.fastq.gz	895377873;914255635	PAIRED	13390736	3361074736	PRJEB88325	SAMEA117989523	2020-04-24	Belgium	ftp.sra.ebi.ac.uk/vol1/fastq/ERR148/019/ERR14837919/ERR14837919_1.fastq.gz;ftp.sra.ebi.ac.uk/vol1/fastq/ERR148/019/ERR14837919/ERR14837919_2.fastq.gz	895377873;914255635	1809633508	resolved_streamed_fastq_subset	PASS			100000	paired_reads						0.745594		True	0.004677036150000001	2020.311475409836	pandemic
BEL__SAMEA117989524	BEL::SAMEA117989524	focal	modern_country_time_project_lineage_cap8		BEL	Belgium	Europe	2020-05-20	2020-05-20	day	2020	5	PRJEB88325	ptxP3/fim3-2	pending_new_phylogeny	SAMEA117989524	SAMEA117989524		ERR14837920	ena_fastq_download				;						PASS	True	2026-07-24	ftp.sra.ebi.ac.uk/vol1/fastq/ERR148/020/ERR14837920/ERR14837920_1.fastq.gz;ftp.sra.ebi.ac.uk/vol1/fastq/ERR148/020/ERR14837920/ERR14837920_2.fastq.gz	1055403118;1077340932	PAIRED	15699986	3940696486	PRJEB88325	SAMEA117989524	2020-05-20	Belgium	ftp.sra.ebi.ac.uk/vol1/fastq/ERR148/020/ERR14837920/ERR14837920_1.fastq.gz;ftp.sra.ebi.ac.uk/vol1/fastq/ERR148/020/ERR14837920/ERR14837920_2.fastq.gz	1055403118;1077340932	2132744050	resolved_streamed_fastq_subset	PASS			100000	paired_reads						0.73205		True	0.00467234035	2020.3825136612022	pandemic
BEL__SAMEA117989525	BEL::SAMEA117989525	focal	modern_country_time_project_lineage_cap8		BEL	Belgium	Europe	2022-08-01	2022-08-01	day	2022	8	PRJEB88325	Europe sublineage 2	pending_new_phylogeny	SAMEA117989525	SAMEA117989525		ERR14837921	ena_fastq_download				;						PASS	True	2026-07-24	ftp.sra.ebi.ac.uk/vol1/fastq/ERR148/021/ERR14837921/ERR14837921_1.fastq.gz;ftp.sra.ebi.ac.uk/vol1/fastq/ERR148/021/ERR14837921/ERR14837921_2.fastq.gz	366692026;380348593	PAIRED	6000000	1506000000	PRJEB88325	SAMEA117989525	2022-08-01	Belgium	ftp.sra.ebi.ac.uk/vol1/fastq/ERR148/021/ERR14837921/ERR14837921_1.fastq.gz;ftp.sra.ebi.ac.uk/vol1/fastq/ERR148/021/ERR14837921/ERR14837921_2.fastq.gz	366692026;380348593	747040619	resolved_streamed_fastq_subset	PASS			100000	paired_reads						0.852382		True	0.0046239158499999985	2022.5808219178082	pandemic
BEL__SAMEA117989526	BEL::SAMEA117989526	focal	modern_country_time_project_lineage_cap8		BEL	Belgium	Europe	2022-11-14	2022-11-14	day	2022	11	PRJEB88325	Europe sublineage 2	pending_new_phylogeny	SAMEA117989526	SAMEA117989526		ERR14837922	legacy_read_assembly										PASS	True	2026-07-24												0	resolved_legacy_read_assembly					assembly	3868042	67.80513241583209	0.0	354	22500			True	0.004636513849999995	2022.868493150685	pandemic
BEL__SAMEA117989527	BEL::SAMEA117989527	focal	modern_country_time_project_lineage_cap8		BEL	Belgium	Europe	2022-11-25	2022-11-25	day	2022	11	PRJEB88325	Europe sublineage 2	pending_new_phylogeny	SAMEA117989527	SAMEA117989527		ERR14837923	ena_fastq_download				;						PASS	True	2026-07-24	ftp.sra.ebi.ac.uk/vol1/fastq/ERR148/023/ERR14837923/ERR14837923_1.fastq.gz;ftp.sra.ebi.ac.uk/vol1/fastq/ERR148/023/ERR14837923/ERR14837923_2.fastq.gz	392008392;419454942	PAIRED	10707300	1616802300	PRJEB88325	SAMEA117989527	2022-11-25	Belgium	ftp.sra.ebi.ac.uk/vol1/fastq/ERR148/023/ERR14837923/ERR14837923_1.fastq.gz;ftp.sra.ebi.ac.uk/vol1/fastq/ERR148/023/ERR14837923/ERR14837923_2.fastq.gz	392008392;419454942	811463334	resolved_streamed_fastq_subset	PASS			100000	paired_reads						0.889709		True	0.004648440549999996	2022.8986301369864	pandemic
BEL__SAMEA117989528	BEL::SAMEA117989528	focal	modern_country_time_project_lineage_cap8		BEL	Belgium	Europe	2023-01-23	2023-01-23	day	2023	1	PRJEB88325	Europe sublineage 2	pending_new_phylogeny	SAMEA117989528	SAMEA117989528		ERR14837924	ena_fastq_download				;						PASS	True	2026-07-24	ftp.sra.ebi.ac.uk/vol1/fastq/ERR148/024/ERR14837924/ERR14837924_1.fastq.gz;ftp.sra.ebi.ac.uk/vol1/fastq/ERR148/024/ERR14837924/ERR14837924_2.fastq.gz	867642819;942855159	PAIRED	23365104	3528130704	PRJEB88325	SAMEA117989528	2023-01-23	Belgium	ftp.sra.ebi.ac.uk/vol1/fastq/ERR148/024/ERR14837924/ERR14837924_1.fastq.gz;ftp.sra.ebi.ac.uk/vol1/fastq/ERR148/024/ERR14837924/ERR14837924_2.fastq.gz	867642819;942855159	1810497978	resolved_streamed_fastq_subset	PASS			100000	paired_reads						0.858264		True	0.004624627749999996	2023.0602739726028	resurgence
BEL__SAMEA117989529	BEL::SAMEA117989529	focal	modern_country_time_project_lineage_cap8		BEL	Belgium	Europe	2023-03-31	2023-03-31	day	2023	3	PRJEB88325	Europe sublineage 2	pending_new_phylogeny	SAMEA117989529	SAMEA117989529		ERR14837925	ena_fastq_download				;						PASS	True	2026-07-24	ftp.sra.ebi.ac.uk/vol1/fastq/ERR148/025/ERR14837925/ERR14837925_1.fastq.gz;ftp.sra.ebi.ac.uk/vol1/fastq/ERR148/025/ERR14837925/ERR14837925_2.fastq.gz	925945040;1010846362	PAIRED	24851544	3752583144	PRJEB88325	SAMEA117989529	2023-03-31	Belgium	ftp.sra.ebi.ac.uk/vol1/fastq/ERR148/025/ERR14837925/ERR14837925_1.fastq.gz;ftp.sra.ebi.ac.uk/vol1/fastq/ERR148/025/ERR14837925/ERR14837925_2.fastq.gz	925945040;1010846362	1936791402	resolved_streamed_fastq_subset	PASS			100000	paired_reads						0.854136		True	0.004636382349999996	2023.2438356164384	resurgence
BEL__SAMEA117989530	BEL::SAMEA117989530	focal	modern_country_time_project_lineage_cap8		BEL	Belgium	Europe	2023-04-21	2023-04-21	day	2023	4	PRJEB88325	Europe sublineage 2	pending_new_phylogeny	SAMEA117989530	SAMEA117989530		ERR14837926	ena_fastq_download				;						PASS	True	2026-07-24	ftp.sra.ebi.ac.uk/vol1/fastq/ERR148/026/ERR14837926/ERR14837926_1.fastq.gz;ftp.sra.ebi.ac.uk/vol1/fastq/ERR148/026/ERR14837926/ERR14837926_2.fastq.gz	971885896;1067807569	PAIRED	25986422	3923949722	PRJEB88325	SAMEA117989530	2023-04-21	Belgium	ftp.sra.ebi.ac.uk/vol1/fastq/ERR148/026/ERR14837926/ERR14837926_1.fastq.gz;ftp.sra.ebi.ac.uk/vol1/fastq/ERR148/026/ERR14837926/ERR14837926_2.fastq.gz	971885896;1067807569	2039693465	resolved_streamed_fastq_subset	PASS			100000	paired_reads						0.844707		True	0.004617890949999999	2023.3013698630136	resurgence
BEL__SAMEA117989531	BEL::SAMEA117989531	focal	modern_country_time_project_lineage_cap8		BEL	Belgium	Europe	2023-04-21	2023-04-21	day	2023	4	PRJEB88325	Europe sublineage 2	pending_new_phylogeny	SAMEA117989531	SAMEA117989531		ERR14837927	ena_fastq_download				;						PASS	True	2026-07-24	ftp.sra.ebi.ac.uk/vol1/fastq/ERR148/027/ERR14837927/ERR14837927_1.fastq.gz;ftp.sra.ebi.ac.uk/vol1/fastq/ERR148/027/ERR14837927/ERR14837927_2.fastq.gz	1040454795;1141128355	PAIRED	27969908	4223456108	PRJEB88325	SAMEA117989531	2023-04-21	Belgium	ftp.sra.ebi.ac.uk/vol1/fastq/ERR148/027/ERR14837927/ERR14837927_1.fastq.gz;ftp.sra.ebi.ac.uk/vol1/fastq/ERR148/027/ERR14837927/ERR14837927_2.fastq.gz	1040454795;1141128355	2181583150	resolved_streamed_fastq_subset	PASS			100000	paired_reads						0.847138		True	0.004630480649999997	2023.3013698630136	resurgence
BEL__SAMEA117989532	BEL::SAMEA117989532	focal	modern_country_time_project_lineage_cap8		BEL	Belgium	Europe	2023-04-25	2023-04-25	day	2023	4	PRJEB88325	Europe sublineage 2	pending_new_phylogeny	SAMEA117989532	SAMEA117989532		ERR14837928	ena_fastq_download				;						PASS	True	2026-07-24	ftp.sra.ebi.ac.uk/vol1/fastq/ERR148/028/ERR14837928/ERR14837928_1.fastq.gz;ftp.sra.ebi.ac.uk/vol1/fastq/ERR148/028/ERR14837928/ERR14837928_2.fastq.gz	1156990264;1274516193	PAIRED	31092722	4695001022	PRJEB88325	SAMEA117989532	2023-04-25	Belgium	ftp.sra.ebi.ac.uk/vol1/fastq/ERR148/028/ERR14837928/ERR14837928_1.fastq.gz;ftp.sra.ebi.ac.uk/vol1/fastq/ERR148/028/ERR14837928/ERR14837928_2.fastq.gz	1156990264;1274516193	2431506457	resolved_streamed_fastq_subset	PASS			100000	paired_reads						0.840565		True	0.004624470449999997	2023.3123287671233	resurgence
BEL__SAMEA117989533	BEL::SAMEA117989533	focal	modern_country_time_project_lineage_cap8		BEL	Belgium	Europe	2023-05-08	2023-05-08	day	2023	5	PRJEB88325	Europe sublineage 2	pending_new_phylogeny	SAMEA117989533	SAMEA117989533		ERR14837929	ena_fastq_download				;						PASS	True	2026-07-24	ftp.sra.ebi.ac.uk/vol1/fastq/ERR148/029/ERR14837929/ERR14837929_1.fastq.gz;ftp.sra.ebi.ac.uk/vol1/fastq/ERR148/029/ERR14837929/ERR14837929_2.fastq.gz	1537763836;1671513041	PAIRED	41632924	6286571524	PRJEB88325	SAMEA117989533	2023-05-08	Belgium	ftp.sra.ebi.ac.uk/vol1/fastq/ERR148/029/ERR14837929/ERR14837929_1.fastq.gz;ftp.sra.ebi.ac.uk/vol1/fastq/ERR148/029/ERR14837929/ERR14837929_2.fastq.gz	1537763836;1671513041	3209276877	resolved_streamed_fastq_subset	PASS			100000	paired_reads						0.859891		True	0.004636525949999995	2023.3479452054794	resurgence
BEL__SAMEA117989534	BEL::SAMEA117989534	focal	modern_country_time_project_lineage_cap8		BEL	Belgium	Europe	2023-05-09	2023-05-09	day	2023	5	PRJEB88325	Europe sublineage 2	pending_new_phylogeny	SAMEA117989534	SAMEA117989534		ERR14837930	ena_fastq_download				;						PASS	True	2026-07-24	ftp.sra.ebi.ac.uk/vol1/fastq/ERR148/030/ERR14837930/ERR14837930_1.fastq.gz;ftp.sra.ebi.ac.uk/vol1/fastq/ERR148/030/ERR14837930/ERR14837930_2.fastq.gz	994911905;1091952096	PAIRED	26806126	4047725026	PRJEB88325	SAMEA117989534	2023-05-09	Belgium	ftp.sra.ebi.ac.uk/vol1/fastq/ERR148/030/ERR14837930/ERR14837930_1.fastq.gz;ftp.sra.ebi.ac.uk/vol1/fastq/ERR148/030/ERR14837930/ERR14837930_2.fastq.gz	994911905;1091952096	2086864001	resolved_streamed_fastq_subset	PASS			100000	paired_reads						0.851173		True	0.004631125649999996	2023.3506849315067	resurgence
BEL__SAMEA117989535	BEL::SAMEA117989535	focal	modern_country_time_project_lineage_cap8		BEL	Belgium	Europe	2023-05-14	2023-05-14	day	2023	5	PRJEB88325	Europe sublineage 1	pending_new_phylogeny	SAMEA117989535	SAMEA117989535		ERR14837931	ena_fastq_download				;						PASS	True	2026-07-24	ftp.sra.ebi.ac.uk/vol1/fastq/ERR148/031/ERR14837931/ERR14837931_1.fastq.gz;ftp.sra.ebi.ac.uk/vol1/fastq/ERR148/031/ERR14837931/ERR14837931_2.fastq.gz	1160597831;1267614285	PAIRED	31226238	4715161938	PRJEB88325	SAMEA117989535	2023-05-14	Belgium	ftp.sra.ebi.ac.uk/vol1/fastq/ERR148/031/ERR14837931/ERR14837931_1.fastq.gz;ftp.sra.ebi.ac.uk/vol1/fastq/ERR148/031/ERR14837931/ERR14837931_2.fastq.gz	1160597831;1267614285	2428212116	resolved_streamed_fastq_subset	PASS			100000	paired_reads						0.850715		True	0.004642291549999995	2023.3643835616438	resurgence
BEL__SAMEA117989536	BEL::SAMEA117989536	focal	modern_country_time_project_lineage_cap8		BEL	Belgium	Europe	2023-05-24	2023-05-24	day	2023	5	PRJEB88325	Europe sublineage 2	pending_new_phylogeny	SAMEA117989536	SAMEA117989536		ERR14837932	ena_fastq_download				;						PASS	True	2026-07-24	ftp.sra.ebi.ac.uk/vol1/fastq/ERR148/032/ERR14837932/ERR14837932_1.fastq.gz;ftp.sra.ebi.ac.uk/vol1/fastq/ERR148/032/ERR14837932/ERR14837932_2.fastq.gz	723245033;786774548	PAIRED	19376008	2925777208	PRJEB88325	SAMEA117989536	2023-05-24	Belgium	ftp.sra.ebi.ac.uk/vol1/fastq/ERR148/032/ERR14837932/ERR14837932_1.fastq.gz;ftp.sra.ebi.ac.uk/vol1/fastq/ERR148/032/ERR14837932/ERR14837932_2.fastq.gz	723245033;786774548	1510019581	resolved_streamed_fastq_subset	PASS			100000	paired_reads						0.857029		True	0.00461194445	2023.3917808219178	resurgence
BEL__SAMEA117989537	BEL::SAMEA117989537	focal	modern_country_time_project_lineage_cap8		BEL	Belgium	Europe	2023-06-01	2023-06-01	day	2023	6	PRJEB88325	Europe sublineage 2	pending_new_phylogeny	SAMEA117989537	SAMEA117989537		ERR14837933	ena_fastq_download				;						PASS	True	2026-07-24	ftp.sra.ebi.ac.uk/vol1/fastq/ERR148/033/ERR14837933/ERR14837933_1.fastq.gz;ftp.sra.ebi.ac.uk/vol1/fastq/ERR148/033/ERR14837933/ERR14837933_2.fastq.gz	934172033;1020604989	PAIRED	25174332	3801324132	PRJEB88325	SAMEA117989537	2023-06-01	Belgium	ftp.sra.ebi.ac.uk/vol1/fastq/ERR148/033/ERR14837933/ERR14837933_1.fastq.gz;ftp.sra.ebi.ac.uk/vol1/fastq/ERR148/033/ERR14837933/ERR14837933_2.fastq.gz	934172033;1020604989	1954777022	resolved_streamed_fastq_subset	PASS			100000	paired_reads						0.855254		True	0.004630844649999995	2023.4136986301369	resurgence
BEL__SAMEA117989538	BEL::SAMEA117989538	focal	modern_country_time_project_lineage_cap8		BEL	Belgium	Europe	2023-06-07	2023-06-07	day	2023	6	PRJEB88325	Europe sublineage 2	pending_new_phylogeny	SAMEA117989538	SAMEA117989538		ERR14837934	ena_fastq_download				;						PASS	True	2026-07-24	ftp.sra.ebi.ac.uk/vol1/fastq/ERR148/034/ERR14837934/ERR14837934_1.fastq.gz;ftp.sra.ebi.ac.uk/vol1/fastq/ERR148/034/ERR14837934/ERR14837934_2.fastq.gz	777367177;857711195	PAIRED	20767590	3135906090	PRJEB88325	SAMEA117989538	2023-06-07	Belgium	ftp.sra.ebi.ac.uk/vol1/fastq/ERR148/034/ERR14837934/ERR14837934_1.fastq.gz;ftp.sra.ebi.ac.uk/vol1/fastq/ERR148/034/ERR14837934/ERR14837934_2.fastq.gz	777367177;857711195	1635078372	resolved_streamed_fastq_subset	PASS			100000	paired_reads						0.839163		True	0.004630961949999995	2023.4301369863015	resurgence
BEL__SAMEA117989539	BEL::SAMEA117989539	focal	modern_country_time_project_lineage_cap8		BEL	Belgium	Europe	2023-06-07	2023-06-07	day	2023	6	PRJEB88325	Europe sublineage 2	pending_new_phylogeny	SAMEA117989539	SAMEA117989539		ERR14837935	ena_fastq_download				;						PASS	True	2026-07-24	ftp.sra.ebi.ac.uk/vol1/fastq/ERR148/035/ERR14837935/ERR14837935_1.fastq.gz;ftp.sra.ebi.ac.uk/vol1/fastq/ERR148/035/ERR14837935/ERR14837935_2.fastq.gz	778683040;857362261	PAIRED	20742830	3132167330	PRJEB88325	SAMEA117989539	2023-06-07	Belgium	ftp.sra.ebi.ac.uk/vol1/fastq/ERR148/035/ERR14837935/ERR14837935_1.fastq.gz;ftp.sra.ebi.ac.uk/vol1/fastq/ERR148/035/ERR14837935/ERR14837935_2.fastq.gz	778683040;857362261	1636045301	resolved_streamed_fastq_subset	PASS			100000	paired_reads						0.840283		True	0.004618633649999997	2023.4301369863015	resurgence
BEL__SAMEA117989540	BEL::SAMEA117989540	focal	modern_country_time_project_lineage_cap8		BEL	Belgium	Europe	2023-06-12	2023-06-12	day	2023	6	PRJEB88325	Europe sublineage 1	pending_new_phylogeny	SAMEA117989540	SAMEA117989540		ERR14837936	ena_fastq_download				;						PASS	True	2026-07-24	ftp.sra.ebi.ac.uk/vol1/fastq/ERR148/036/ERR14837936/ERR14837936_1.fastq.gz;ftp.sra.ebi.ac.uk/vol1/fastq/ERR148/036/ERR14837936/ERR14837936_2.fastq.gz	1121949978;1225175067	PAIRED	30238968	4566084168	PRJEB88325	SAMEA117989540	2023-06-12	Belgium	ftp.sra.ebi.ac.uk/vol1/fastq/ERR148/036/ERR14837936/ERR14837936_1.fastq.gz;ftp.sra.ebi.ac.uk/vol1/fastq/ERR148/036/ERR14837936/ERR14837936_2.fastq.gz	1121949978;1225175067	2347125045	resolved_streamed_fastq_subset	PASS			100000	paired_reads						0.85131		True	0.004630730249999995	2023.4438356164383	resurgence
BEL__SAMEA117989541	BEL::SAMEA117989541	focal	modern_country_time_project_lineage_cap8		BEL	Belgium	Europe	2023-06-12	2023-06-12	day	2023	6	PRJEB88325	others	pending_new_phylogeny	SAMEA117989541	SAMEA117989541		ERR14837937	ena_fastq_download				;						PASS	True	2026-07-24	ftp.sra.ebi.ac.uk/vol1/fastq/ERR148/037/ERR14837937/ERR14837937_1.fastq.gz;ftp.sra.ebi.ac.uk/vol1/fastq/ERR148/037/ERR14837937/ERR14837937_2.fastq.gz	944053624;1035230983	PAIRED	25339064	3826198664	PRJEB88325	SAMEA117989541	2023-06-12	Belgium	ftp.sra.ebi.ac.uk/vol1/fastq/ERR148/037/ERR14837937/ERR14837937_1.fastq.gz;ftp.sra.ebi.ac.uk/vol1/fastq/ERR148/037/ERR14837937/ERR14837937_2.fastq.gz	944053624;1035230983	1979284607	resolved_streamed_fastq_subset	PASS			100000	paired_reads						0.845724		True	0.004583773350000003	2023.4438356164383	resurgence
BEL__SAMEA117989542	BEL::SAMEA117989542	focal	modern_country_time_project_lineage_cap8		BEL	Belgium	Europe	2023-06-12	2023-06-12	day	2023	6	PRJEB88325	Europe sublineage 2	pending_new_phylogeny	SAMEA117989542	SAMEA117989542		ERR14837938	legacy_read_assembly										PASS	True	2026-07-24												0	resolved_legacy_read_assembly					assembly	3865109	67.80866982017842	0.0	334	22500			True	0.004612687349999998	2023.4438356164383	resurgence
BEL__SAMEA117989543	BEL::SAMEA117989543	focal	modern_country_time_project_lineage_cap8		BEL	Belgium	Europe	2023-06-09	2023-06-09	day	2023	6	PRJEB88325	Europe sublineage 2	pending_new_phylogeny	SAMEA117989543	SAMEA117989543		ERR14837939	ena_fastq_download				;						PASS	True	2026-07-24	ftp.sra.ebi.ac.uk/vol1/fastq/ERR148/039/ERR14837939/ERR14837939_1.fastq.gz;ftp.sra.ebi.ac.uk/vol1/fastq/ERR148/039/ERR14837939/ERR14837939_2.fastq.gz	740244266;812345041	PAIRED	19539556	2950472956	PRJEB88325	SAMEA117989543	2023-06-09	Belgium	ftp.sra.ebi.ac.uk/vol1/fastq/ERR148/039/ERR14837939/ERR14837939_1.fastq.gz;ftp.sra.ebi.ac.uk/vol1/fastq/ERR148/039/ERR14837939/ERR14837939_2.fastq.gz	740244266;812345041	1552589307	resolved_streamed_fastq_subset	PASS			100000	paired_reads						0.835645		True	0.004618682549999997	2023.4356164383562	resurgence
BEL__SAMEA117989544	BEL::SAMEA117989544	focal	modern_country_time_project_lineage_cap8		BEL	Belgium	Europe	2023-06-20	2023-06-20	day	2023	6	PRJEB88325	Europe sublineage 2	pending_new_phylogeny	SAMEA117989544	SAMEA117989544		ERR14837940	ena_fastq_download				;						PASS	True	2026-07-24	ftp.sra.ebi.ac.uk/vol1/fastq/ERR148/040/ERR14837940/ERR14837940_1.fastq.gz;ftp.sra.ebi.ac.uk/vol1/fastq/ERR148/040/ERR14837940/ERR14837940_2.fastq.gz	670348593;734496978	PAIRED	17880030	2699884530	PRJEB88325	SAMEA117989544	2023-06-20	Belgium	ftp.sra.ebi.ac.uk/vol1/fastq/ERR148/040/ERR14837940/ERR14837940_1.fastq.gz;ftp.sra.ebi.ac.uk/vol1/fastq/ERR148/040/ERR14837940/ERR14837940_2.fastq.gz	670348593;734496978	1404845571	resolved_streamed_fastq_subset	PASS			100000	paired_reads						0.848298		True	0.0046177278499999995	2023.4657534246576	resurgence
BEL__SAMEA117989545	BEL::SAMEA117989545	focal	modern_country_time_project_lineage_cap8		BEL	Belgium	Europe	2023-07-07	2023-07-07	day	2023	7	PRJEB88325	MS-MT28	pending_new_phylogeny	SAMEA117989545	SAMEA117989545		ERR14837941	ena_fastq_download				;						PASS	True	2026-07-24	ftp.sra.ebi.ac.uk/vol1/fastq/ERR148/041/ERR14837941/ERR14837941_1.fastq.gz;ftp.sra.ebi.ac.uk/vol1/fastq/ERR148/041/ERR14837941/ERR14837941_2.fastq.gz	2869087869;3148959005	PAIRED	78267116	11818334516	PRJEB88325	SAMEA117989545	2023-07-07	Belgium	ftp.sra.ebi.ac.uk/vol1/fastq/ERR148/041/ERR14837941/ERR14837941_1.fastq.gz;ftp.sra.ebi.ac.uk/vol1/fastq/ERR148/041/ERR14837941/ERR14837941_2.fastq.gz	2869087869;3148959005	6018046874	resolved_streamed_fastq_subset	PASS			100000	paired_reads						0.882659		True	0.004789634949999999	2023.5123287671233	resurgence
BEL__SAMEA117989546	BEL::SAMEA117989546	focal	modern_country_time_project_lineage_cap8		BEL	Belgium	Europe	2023-07-10	2023-07-10	day	2023	7	PRJEB88325	others	pending_new_phylogeny	SAMEA117989546	SAMEA117989546		ERR14837942	ena_fastq_download				;						PASS	True	2026-07-24	ftp.sra.ebi.ac.uk/vol1/fastq/ERR148/042/ERR14837942/ERR14837942_1.fastq.gz;ftp.sra.ebi.ac.uk/vol1/fastq/ERR148/042/ERR14837942/ERR14837942_2.fastq.gz	2845628187;3148633640	PAIRED	76734896	11586969296	PRJEB88325	SAMEA117989546	2023-07-10	Belgium	ftp.sra.ebi.ac.uk/vol1/fastq/ERR148/042/ERR14837942/ERR14837942_1.fastq.gz;ftp.sra.ebi.ac.uk/vol1/fastq/ERR148/042/ERR14837942/ERR14837942_2.fastq.gz	2845628187;3148633640	5994261827	resolved_streamed_fastq_subset	PASS			100000	paired_reads						0.868734		True	0.004673252550000003	2023.5205479452054	resurgence
BEL__SAMEA117989547	BEL::SAMEA117989547	focal	modern_country_time_project_lineage_cap8		BEL	Belgium	Europe	2023-07-03	2023-07-03	day	2023	7	PRJEB88325	ptxP3/fim3-2	pending_new_phylogeny	SAMEA117989547	SAMEA117989547		ERR14837943	ena_fastq_download				;						PASS	True	2026-07-24	ftp.sra.ebi.ac.uk/vol1/fastq/ERR148/043/ERR14837943/ERR14837943_1.fastq.gz;ftp.sra.ebi.ac.uk/vol1/fastq/ERR148/043/ERR14837943/ERR14837943_2.fastq.gz	3398535221;3745079609	PAIRED	92974106	14039090006	PRJEB88325	SAMEA117989547	2023-07-03	Belgium	ftp.sra.ebi.ac.uk/vol1/fastq/ERR148/043/ERR14837943/ERR14837943_1.fastq.gz;ftp.sra.ebi.ac.uk/vol1/fastq/ERR148/043/ERR14837943/ERR14837943_2.fastq.gz	3398535221;3745079609	7143614830	resolved_streamed_fastq_subset	PASS			100000	paired_reads						0.882353		True	0.004718162149999998	2023.5013698630137	resurgence
BEL__SAMEA117989548	BEL::SAMEA117989548	focal	modern_country_time_project_lineage_cap8		BEL	Belgium	Europe	2023-07-19	2023-07-19	day	2023	7	PRJEB88325	Europe sublineage 2	pending_new_phylogeny	SAMEA117989548	SAMEA117989548		ERR14837944	ena_fastq_download				;						PASS	True	2026-07-24	ftp.sra.ebi.ac.uk/vol1/fastq/ERR148/044/ERR14837944/ERR14837944_1.fastq.gz;ftp.sra.ebi.ac.uk/vol1/fastq/ERR148/044/ERR14837944/ERR14837944_2.fastq.gz	2948542640;3268144731	PAIRED	80401318	12140599018	PRJEB88325	SAMEA117989548	2023-07-19	Belgium	ftp.sra.ebi.ac.uk/vol1/fastq/ERR148/044/ERR14837944/ERR14837944_1.fastq.gz;ftp.sra.ebi.ac.uk/vol1/fastq/ERR148/044/ERR14837944/ERR14837944_2.fastq.gz	2948542640;3268144731	6216687371	resolved_streamed_fastq_subset	PASS			100000	paired_reads						0.873595		True	0.004707656549999998	2023.545205479452	resurgence
BEL__SAMEA117989549	BEL::SAMEA117989549	focal	modern_country_time_project_lineage_cap8		BEL	Belgium	Europe	2023-07-24	2023-07-24	day	2023	7	PRJEB88325	Europe sublineage 1	pending_new_phylogeny	SAMEA117989549	SAMEA117989549		ERR14837945	legacy_read_assembly										PASS	True	2026-07-24												0	resolved_legacy_read_assembly					assembly	3850366	67.82417567576692	0.0	332	23213			True	0.004636282749999995	2023.558904109589	resurgence
BEL__SAMEA117989550	BEL::SAMEA117989550	focal	modern_country_time_project_lineage_cap8		BEL	Belgium	Europe	2023-07-25	2023-07-25	day	2023	7	PRJEB88325	others	pending_new_phylogeny	SAMEA117989550	SAMEA117989550		ERR14837946	ena_fastq_download				;						PASS	True	2026-07-24	ftp.sra.ebi.ac.uk/vol1/fastq/ERR148/046/ERR14837946/ERR14837946_1.fastq.gz;ftp.sra.ebi.ac.uk/vol1/fastq/ERR148/046/ERR14837946/ERR14837946_2.fastq.gz	2819048146;3118422278	PAIRED	76877480	11608499480	PRJEB88325	SAMEA117989550	2023-07-25	Belgium	ftp.sra.ebi.ac.uk/vol1/fastq/ERR148/046/ERR14837946/ERR14837946_1.fastq.gz;ftp.sra.ebi.ac.uk/vol1/fastq/ERR148/046/ERR14837946/ERR14837946_2.fastq.gz	2819048146;3118422278	5937470424	resolved_streamed_fastq_subset	PASS			100000	paired_reads						0.87819		True	0.004715232250000003	2023.5616438356165	resurgence
BEL__SAMEA117989551	BEL::SAMEA117989551	focal	modern_country_time_project_lineage_cap8		BEL	Belgium	Europe	2023-07-20	2023-07-20	day	2023	7	PRJEB88325	Europe sublineage 2	pending_new_phylogeny	SAMEA117989551	SAMEA117989551		ERR14837947	ena_fastq_download				;						PASS	True	2026-07-24	ftp.sra.ebi.ac.uk/vol1/fastq/ERR148/047/ERR14837947/ERR14837947_1.fastq.gz;ftp.sra.ebi.ac.uk/vol1/fastq/ERR148/047/ERR14837947/ERR14837947_2.fastq.gz	3069797037;3396935563	PAIRED	83761492	12647985292	PRJEB88325	SAMEA117989551	2023-07-20	Belgium	ftp.sra.ebi.ac.uk/vol1/fastq/ERR148/047/ERR14837947/ERR14837947_1.fastq.gz;ftp.sra.ebi.ac.uk/vol1/fastq/ERR148/047/ERR14837947/ERR14837947_2.fastq.gz	3069797037;3396935563	6466732600	resolved_streamed_fastq_subset	PASS			100000	paired_reads						0.876917		True	0.004743610749999996	2023.5479452054794	resurgence
BEL__SAMEA117989552	BEL::SAMEA117989552	focal	modern_country_time_project_lineage_cap8		BEL	Belgium	Europe	2023-07-30	2023-07-30	day	2023	7	PRJEB88325	Europe sublineage 2	pending_new_phylogeny	SAMEA117989552	SAMEA117989552		ERR14837948	ena_fastq_download				;						PASS	True	2026-07-24	ftp.sra.ebi.ac.uk/vol1/fastq/ERR148/048/ERR14837948/ERR14837948_1.fastq.gz;ftp.sra.ebi.ac.uk/vol1/fastq/ERR148/048/ERR14837948/ERR14837948_2.fastq.gz	3117491225;3435703105	PAIRED	85374738	12891585438	PRJEB88325	SAMEA117989552	2023-07-30	Belgium	ftp.sra.ebi.ac.uk/vol1/fastq/ERR148/048/ERR14837948/ERR14837948_1.fastq.gz;ftp.sra.ebi.ac.uk/vol1/fastq/ERR148/048/ERR14837948/ERR14837948_2.fastq.gz	3117491225;3435703105	6553194330	resolved_streamed_fastq_subset	PASS			100000	paired_reads						0.882203		True	0.004714036349999996	2023.5753424657535	resurgence
BEL__SAMEA117989553	BEL::SAMEA117989553	focal	modern_country_time_project_lineage_cap8		BEL	Belgium	Europe	2023-07-27	2023-07-27	day	2023	7	PRJEB88325	Europe sublineage 2	pending_new_phylogeny	SAMEA117989553	SAMEA117989553		ERR14837949	ena_fastq_download				;						PASS	True	2026-07-24	ftp.sra.ebi.ac.uk/vol1/fastq/ERR148/049/ERR14837949/ERR14837949_1.fastq.gz;ftp.sra.ebi.ac.uk/vol1/fastq/ERR148/049/ERR14837949/ERR14837949_2.fastq.gz	2884720583;3189507373	PAIRED	78802926	11899241826	PRJEB88325	SAMEA117989553	2023-07-27	Belgium	ftp.sra.ebi.ac.uk/vol1/fastq/ERR148/049/ERR14837949/ERR14837949_1.fastq.gz;ftp.sra.ebi.ac.uk/vol1/fastq/ERR148/049/ERR14837949/ERR14837949_2.fastq.gz	2884720583;3189507373	6074227956	resolved_streamed_fastq_subset	PASS			100000	paired_reads						0.877104		True	0.004713875049999996	2023.5671232876712	resurgence
BEL__SAMEA117989554	BEL::SAMEA117989554	focal	modern_country_time_project_lineage_cap8		BEL	Belgium	Europe	2023-07-28	2023-07-28	day	2023	7	PRJEB88325	Europe sublineage 2	pending_new_phylogeny	SAMEA117989554	SAMEA117989554		ERR14837950	legacy_read_assembly										PASS	True	2026-07-24												0	resolved_legacy_read_assembly					assembly	3865264	67.8102453027788	0.0	334	22500			True	0.004642489949999994	2023.5698630136985	resurgence
BEL__SAMEA117989555	BEL::SAMEA117989555	focal	modern_country_time_project_lineage_cap8		BEL	Belgium	Europe	2023-08-01	2023-08-01	day	2023	8	PRJEB88325	Europe sublineage 2	pending_new_phylogeny	SAMEA117989555	SAMEA117989555		ERR14837951	ena_fastq_download				;						PASS	True	2026-07-24	ftp.sra.ebi.ac.uk/vol1/fastq/ERR148/051/ERR14837951/ERR14837951_1.fastq.gz;ftp.sra.ebi.ac.uk/vol1/fastq/ERR148/051/ERR14837951/ERR14837951_2.fastq.gz	2041153854;2266407949	PAIRED	55180396	8332239796	PRJEB88325	SAMEA117989555	2023-08-01	Belgium	ftp.sra.ebi.ac.uk/vol1/fastq/ERR148/051/ERR14837951/ERR14837951_1.fastq.gz;ftp.sra.ebi.ac.uk/vol1/fastq/ERR148/051/ERR14837951/ERR14837951_2.fastq.gz	2041153854;2266407949	4307561803	resolved_streamed_fastq_subset	PASS			100000	paired_reads						0.868148		True	0.004672315049999997	2023.5808219178082	resurgence
BEL__SAMEA117989556	BEL::SAMEA117989556	focal	modern_country_time_project_lineage_cap8		BEL	Belgium	Europe	2023-08-04	2023-08-04	day	2023	8	PRJEB88325	Europe sublineage 1	pending_new_phylogeny	SAMEA117989556	SAMEA117989556		ERR14837952	ena_fastq_download				;						PASS	True	2026-07-24	ftp.sra.ebi.ac.uk/vol1/fastq/ERR148/052/ERR14837952/ERR14837952_1.fastq.gz;ftp.sra.ebi.ac.uk/vol1/fastq/ERR148/052/ERR14837952/ERR14837952_2.fastq.gz	3562828920;3942847265	PAIRED	96935930	14637325430	PRJEB88325	SAMEA117989556	2023-08-04	Belgium	ftp.sra.ebi.ac.uk/vol1/fastq/ERR148/052/ERR14837952/ERR14837952_1.fastq.gz;ftp.sra.ebi.ac.uk/vol1/fastq/ERR148/052/ERR14837952/ERR14837952_2.fastq.gz	3562828920;3942847265	7505676185	resolved_streamed_fastq_subset	PASS			100000	paired_reads						0.875673		True	0.004701884749999994	2023.5890410958905	resurgence
BEL__SAMEA117989557	BEL::SAMEA117989557	focal	modern_country_time_project_lineage_cap8		BEL	Belgium	Europe	2023-08-07	2023-08-07	day	2023	8	PRJEB88325	Europe sublineage 2	pending_new_phylogeny	SAMEA117989557	SAMEA117989557		ERR14837953	ena_fastq_download				;						PASS	True	2026-07-24	ftp.sra.ebi.ac.uk/vol1/fastq/ERR148/053/ERR14837953/ERR14837953_1.fastq.gz;ftp.sra.ebi.ac.uk/vol1/fastq/ERR148/053/ERR14837953/ERR14837953_2.fastq.gz	3066384844;3397274169	PAIRED	83773298	12649767998	PRJEB88325	SAMEA117989557	2023-08-07	Belgium	ftp.sra.ebi.ac.uk/vol1/fastq/ERR148/053/ERR14837953/ERR14837953_1.fastq.gz;ftp.sra.ebi.ac.uk/vol1/fastq/ERR148/053/ERR14837953/ERR14837953_2.fastq.gz	3066384844;3397274169	6463659013	resolved_streamed_fastq_subset	PASS			100000	paired_reads						0.877442		True	0.004684365549999996	2023.5972602739726	resurgence
BEL__SAMEA117989558	BEL::SAMEA117989558	focal	modern_country_time_project_lineage_cap8		BEL	Belgium	Europe	2023-08-21	2023-08-21	day	2023	8	PRJEB88325	Europe sublineage 1	pending_new_phylogeny	SAMEA117989558	SAMEA117989558		ERR14837954	ena_fastq_download				;						PASS	True	2026-07-24	ftp.sra.ebi.ac.uk/vol1/fastq/ERR148/054/ERR14837954/ERR14837954_1.fastq.gz;ftp.sra.ebi.ac.uk/vol1/fastq/ERR148/054/ERR14837954/ERR14837954_2.fastq.gz	2598232164;2887882225	PAIRED	70316320	10617764320	PRJEB88325	SAMEA117989558	2023-08-21	Belgium	ftp.sra.ebi.ac.uk/vol1/fastq/ERR148/054/ERR14837954/ERR14837954_1.fastq.gz;ftp.sra.ebi.ac.uk/vol1/fastq/ERR148/054/ERR14837954/ERR14837954_2.fastq.gz	2598232164;2887882225	5486114389	resolved_streamed_fastq_subset	PASS			100000	paired_reads						0.867427		True	0.004737253949999996	2023.6356164383562	resurgence
BEL__SAMEA117989559	BEL::SAMEA117989559	focal	modern_country_time_project_lineage_cap8		BEL	Belgium	Europe	2023-08-22	2023-08-22	day	2023	8	PRJEB88325	Europe sublineage 2	pending_new_phylogeny	SAMEA117989559	SAMEA117989559		ERR14837955	ena_fastq_download				;						PASS	True	2026-07-24	ftp.sra.ebi.ac.uk/vol1/fastq/ERR148/055/ERR14837955/ERR14837955_1.fastq.gz;ftp.sra.ebi.ac.uk/vol1/fastq/ERR148/055/ERR14837955/ERR14837955_2.fastq.gz	3175579372;3510887738	PAIRED	86488522	13059766822	PRJEB88325	SAMEA117989559	2023-08-22	Belgium	ftp.sra.ebi.ac.uk/vol1/fastq/ERR148/055/ERR14837955/ERR14837955_1.fastq.gz;ftp.sra.ebi.ac.uk/vol1/fastq/ERR148/055/ERR14837955/ERR14837955_2.fastq.gz	3175579372;3510887738	6686467110	resolved_streamed_fastq_subset	PASS			100000	paired_reads						0.877258		True	0.0047252585499999965	2023.6383561643836	resurgence
BEL__SAMEA117989560	BEL::SAMEA117989560	focal	modern_country_time_project_lineage_cap8		BEL	Belgium	Europe	2023-08-28	2023-08-28	day	2023	8	PRJEB88325	Europe sublineage 2	pending_new_phylogeny	SAMEA117989560	SAMEA117989560		ERR14837956	ena_fastq_download				;						PASS	True	2026-07-24	ftp.sra.ebi.ac.uk/vol1/fastq/ERR148/056/ERR14837956/ERR14837956_1.fastq.gz;ftp.sra.ebi.ac.uk/vol1/fastq/ERR148/056/ERR14837956/ERR14837956_2.fastq.gz	3285782288;3619873448	PAIRED	89659280	13538551280	PRJEB88325	SAMEA117989560	2023-08-28	Belgium	ftp.sra.ebi.ac.uk/vol1/fastq/ERR148/056/ERR14837956/ERR14837956_1.fastq.gz;ftp.sra.ebi.ac.uk/vol1/fastq/ERR148/056/ERR14837956/ERR14837956_2.fastq.gz	3285782288;3619873448	6905655736	resolved_streamed_fastq_subset	PASS			100000	paired_reads						0.881225		True	0.004719546849999995	2023.654794520548	resurgence
BEL__SAMEA117989561	BEL::SAMEA117989561	focal	modern_country_time_project_lineage_cap8		BEL	Belgium	Europe	2023-08-28	2023-08-28	day	2023	8	PRJEB88325	Europe sublineage 2	pending_new_phylogeny	SAMEA117989561	SAMEA117989561		ERR14837957	ena_fastq_download				;						PASS	True	2026-07-24	ftp.sra.ebi.ac.uk/vol1/fastq/ERR148/057/ERR14837957/ERR14837957_1.fastq.gz;ftp.sra.ebi.ac.uk/vol1/fastq/ERR148/057/ERR14837957/ERR14837957_2.fastq.gz	2834148140;3158835263	PAIRED	76883238	11609368938	PRJEB88325	SAMEA117989561	2023-08-28	Belgium	ftp.sra.ebi.ac.uk/vol1/fastq/ERR148/057/ERR14837957/ERR14837957_1.fastq.gz;ftp.sra.ebi.ac.uk/vol1/fastq/ERR148/057/ERR14837957/ERR14837957_2.fastq.gz	2834148140;3158835263	5992983403	resolved_streamed_fastq_subset	PASS			100000	paired_reads						0.868611		True	0.004701910549999996	2023.654794520548	resurgence
BEL__SAMEA117989562	BEL::SAMEA117989562	focal	modern_country_time_project_lineage_cap8		BEL	Belgium	Europe	2023-08-26	2023-08-26	day	2023	8	PRJEB88325	Europe sublineage 2	pending_new_phylogeny	SAMEA117989562	SAMEA117989562		ERR14837958	legacy_read_assembly										PASS	True	2026-07-24												0	resolved_legacy_read_assembly					assembly	3867648	67.80950593228754	0.0	350	22500			True	0.004636625249999995	2023.6493150684933	resurgence
BEL__SAMEA117989564	BEL::SAMEA117989564	focal	modern_country_time_project_lineage_cap8		BEL	Belgium	Europe	2023-08-31	2023-08-31	day	2023	8	PRJEB88325	Europe sublineage 2	pending_new_phylogeny	SAMEA117989564	SAMEA117989564		ERR14837960	ena_fastq_download				;						PASS	True	2026-07-24	ftp.sra.ebi.ac.uk/vol1/fastq/ERR148/060/ERR14837960/ERR14837960_1.fastq.gz;ftp.sra.ebi.ac.uk/vol1/fastq/ERR148/060/ERR14837960/ERR14837960_2.fastq.gz	2677560208;2958067313	PAIRED	73177114	11049744214	PRJEB88325	SAMEA117989564	2023-08-31	Belgium	ftp.sra.ebi.ac.uk/vol1/fastq/ERR148/060/ERR14837960/ERR14837960_1.fastq.gz;ftp.sra.ebi.ac.uk/vol1/fastq/ERR148/060/ERR14837960/ERR14837960_2.fastq.gz	2677560208;2958067313	5635627521	resolved_streamed_fastq_subset	PASS			100000	paired_reads						0.880023		True	0.004690030349999997	2023.66301369863	resurgence
BEL__SAMEA117989565	BEL::SAMEA117989565	focal	modern_country_time_project_lineage_cap8		BEL	Belgium	Europe	2023-08-30	2023-08-30	day	2023	8	PRJEB88325	Europe sublineage 2	pending_new_phylogeny	SAMEA117989565	SAMEA117989565		ERR14837961	ena_fastq_download				;						PASS	True	2026-07-24	ftp.sra.ebi.ac.uk/vol1/fastq/ERR148/061/ERR14837961/ERR14837961_1.fastq.gz;ftp.sra.ebi.ac.uk/vol1/fastq/ERR148/061/ERR14837961/ERR14837961_2.fastq.gz	2632683209;2914506805	PAIRED	71842194	10848171294	PRJEB88325	SAMEA117989565	2023-08-30	Belgium	ftp.sra.ebi.ac.uk/vol1/fastq/ERR148/061/ERR14837961/ERR14837961_1.fastq.gz;ftp.sra.ebi.ac.uk/vol1/fastq/ERR148/061/ERR14837961/ERR14837961_2.fastq.gz	2632683209;2914506805	5547190014	resolved_streamed_fastq_subset	PASS			100000	paired_reads						0.876033		True	0.004671821349999998	2023.6602739726027	resurgence
BEL__SAMEA117989567	BEL::SAMEA117989567	focal	modern_country_time_project_lineage_cap8		BEL	Belgium	Europe	2023-09-07	2023-09-07	day	2023	9	PRJEB88325	Europe sublineage 2	pending_new_phylogeny	SAMEA117989567	SAMEA117989567		ERR14837963	ena_fastq_download				;						PASS	True	2026-07-24	ftp.sra.ebi.ac.uk/vol1/fastq/ERR148/063/ERR14837963/ERR14837963_1.fastq.gz;ftp.sra.ebi.ac.uk/vol1/fastq/ERR148/063/ERR14837963/ERR14837963_2.fastq.gz	3009828750;3317776533	PAIRED	81992152	12380814952	PRJEB88325	SAMEA117989567	2023-09-07	Belgium	ftp.sra.ebi.ac.uk/vol1/fastq/ERR148/063/ERR14837963/ERR14837963_1.fastq.gz;ftp.sra.ebi.ac.uk/vol1/fastq/ERR148/063/ERR14837963/ERR14837963_2.fastq.gz	3009828750;3317776533	6327605283	resolved_streamed_fastq_subset	PASS			100000	paired_reads						0.877431		True	0.004695272349999999	2023.682191780822	resurgence
BEL__SAMEA117989568	BEL::SAMEA117989568	focal	modern_country_time_project_lineage_cap8		BEL	Belgium	Europe	2023-09-08	2023-09-08	day	2023	9	PRJEB88325	Europe sublineage 2	pending_new_phylogeny	SAMEA117989568	SAMEA117989568		ERR14837964	ena_fastq_download				;						PASS	True	2026-07-24	ftp.sra.ebi.ac.uk/vol1/fastq/ERR148/064/ERR14837964/ERR14837964_1.fastq.gz;ftp.sra.ebi.ac.uk/vol1/fastq/ERR148/064/ERR14837964/ERR14837964_2.fastq.gz	3244828072;3592281554	PAIRED	88158408	13311919608	PRJEB88325	SAMEA117989568	2023-09-08	Belgium	ftp.sra.ebi.ac.uk/vol1/fastq/ERR148/064/ERR14837964/ERR14837964_1.fastq.gz;ftp.sra.ebi.ac.uk/vol1/fastq/ERR148/064/ERR14837964/ERR14837964_2.fastq.gz	3244828072;3592281554	6837109626	resolved_streamed_fastq_subset	PASS			100000	paired_reads						0.874968		True	0.004713314849999998	2023.6849315068494	resurgence
BEL__SAMEA117989569	BEL::SAMEA117989569	focal	modern_country_time_project_lineage_cap8		BEL	Belgium	Europe	2023-09-08	2023-09-08	day	2023	9	PRJEB88325	Europe sublineage 2	pending_new_phylogeny	SAMEA117989569	SAMEA117989569		ERR14837965	ena_fastq_download				;						PASS	True	2026-07-24	ftp.sra.ebi.ac.uk/vol1/fastq/ERR148/065/ERR14837965/ERR14837965_1.fastq.gz;ftp.sra.ebi.ac.uk/vol1/fastq/ERR148/065/ERR14837965/ERR14837965_2.fastq.gz	2540139612;2814792504	PAIRED	68921502	10407146802	PRJEB88325	SAMEA117989569	2023-09-08	Belgium	ftp.sra.ebi.ac.uk/vol1/fastq/ERR148/065/ERR14837965/ERR14837965_1.fastq.gz;ftp.sra.ebi.ac.uk/vol1/fastq/ERR148/065/ERR14837965/ERR14837965_2.fastq.gz	2540139612;2814792504	5354932116	resolved_streamed_fastq_subset	PASS			100000	paired_reads						0.870058		True	0.004731113549999997	2023.6849315068494	resurgence
BEL__SAMEA117989570	BEL::SAMEA117989570	focal	modern_country_time_project_lineage_cap8		BEL	Belgium	Europe	2023-09-08	2023-09-08	day	2023	9	PRJEB88325	Europe sublineage 2	pending_new_phylogeny	SAMEA117989570	SAMEA117989570		ERR14837966	ena_fastq_download				;						PASS	True	2026-07-24	ftp.sra.ebi.ac.uk/vol1/fastq/ERR148/066/ERR14837966/ERR14837966_1.fastq.gz;ftp.sra.ebi.ac.uk/vol1/fastq/ERR148/066/ERR14837966/ERR14837966_2.fastq.gz	3341760243;3691291286	PAIRED	91494680	13815696680	PRJEB88325	SAMEA117989570	2023-09-08	Belgium	ftp.sra.ebi.ac.uk/vol1/fastq/ERR148/066/ERR14837966/ERR14837966_1.fastq.gz;ftp.sra.ebi.ac.uk/vol1/fastq/ERR148/066/ERR14837966/ERR14837966_2.fastq.gz	3341760243;3691291286	7033051529	resolved_streamed_fastq_subset	PASS			100000	paired_reads						0.88196		True	0.004683919349999996	2023.6849315068494	resurgence
BEL__SAMEA117989571	BEL::SAMEA117989571	focal	modern_country_time_project_lineage_cap8		BEL	Belgium	Europe	2023-09-14	2023-09-14	day	2023	9	PRJEB88325	Europe sublineage 2	pending_new_phylogeny	SAMEA117989571	SAMEA117989571		ERR14837967	ena_fastq_download				;						PASS	True	2026-07-24	ftp.sra.ebi.ac.uk/vol1/fastq/ERR148/067/ERR14837967/ERR14837967_1.fastq.gz;ftp.sra.ebi.ac.uk/vol1/fastq/ERR148/067/ERR14837967/ERR14837967_2.fastq.gz	2796475103;3079435922	PAIRED	76424306	11540070206	PRJEB88325	SAMEA117989571	2023-09-14	Belgium	ftp.sra.ebi.ac.uk/vol1/fastq/ERR148/067/ERR14837967/ERR14837967_1.fastq.gz;ftp.sra.ebi.ac.uk/vol1/fastq/ERR148/067/ERR14837967/ERR14837967_2.fastq.gz	2796475103;3079435922	5875911025	resolved_streamed_fastq_subset	PASS			100000	paired_reads						0.880127		True	0.004695679049999997	2023.7013698630137	resurgence
BEL__SAMEA117989572	BEL::SAMEA117989572	focal	modern_country_time_project_lineage_cap8		BEL	Belgium	Europe	2023-09-19	2023-09-19	day	2023	9	PRJEB88325	Europe sublineage 2	pending_new_phylogeny	SAMEA117989572	SAMEA117989572		ERR14837968	ena_fastq_download				;						PASS	True	2026-07-24	ftp.sra.ebi.ac.uk/vol1/fastq/ERR148/068/ERR14837968/ERR14837968_1.fastq.gz;ftp.sra.ebi.ac.uk/vol1/fastq/ERR148/068/ERR14837968/ERR14837968_2.fastq.gz	2790508774;3097054295	PAIRED	76347646	11528494546	PRJEB88325	SAMEA117989572	2023-09-19	Belgium	ftp.sra.ebi.ac.uk/vol1/fastq/ERR148/068/ERR14837968/ERR14837968_1.fastq.gz;ftp.sra.ebi.ac.uk/vol1/fastq/ERR148/068/ERR14837968/ERR14837968_2.fastq.gz	2790508774;3097054295	5887563069	resolved_streamed_fastq_subset	PASS			100000	paired_reads						0.877127		True	0.0047134877499999984	2023.7150684931507	resurgence
BEL__SAMEA117989573	BEL::SAMEA117989573	focal	modern_country_time_project_lineage_cap8		BEL	Belgium	Europe	2023-09-25	2023-09-25	day	2023	9	PRJEB88325	MS-MT28	pending_new_phylogeny	SAMEA117989573	SAMEA117989573		ERR14837969	legacy_read_assembly										PASS	True	2026-07-24												0	resolved_legacy_read_assembly					assembly	3851807	67.81957143750972	0.0	333	23213			True	0.004634962249999999	2023.731506849315	resurgence
BEL__SAMEA117989574	BEL::SAMEA117989574	focal	modern_country_time_project_lineage_cap8		BEL	Belgium	Europe	2023-09-25	2023-09-25	day	2023	9	PRJEB88325	Europe sublineage 2	pending_new_phylogeny	SAMEA117989574	SAMEA117989574		ERR14837970	ena_fastq_download				;						PASS	True	2026-07-24	ftp.sra.ebi.ac.uk/vol1/fastq/ERR148/070/ERR14837970/ERR14837970_1.fastq.gz;ftp.sra.ebi.ac.uk/vol1/fastq/ERR148/070/ERR14837970/ERR14837970_2.fastq.gz	2688559303;2974749023	PAIRED	73531912	11103318712	PRJEB88325	SAMEA117989574	2023-09-25	Belgium	ftp.sra.ebi.ac.uk/vol1/fastq/ERR148/070/ERR14837970/ERR14837970_1.fastq.gz;ftp.sra.ebi.ac.uk/vol1/fastq/ERR148/070/ERR14837970/ERR14837970_2.fastq.gz	2688559303;2974749023	5663308326	resolved_streamed_fastq_subset	PASS			100000	paired_reads						0.878924		True	0.004725260549999998	2023.731506849315	resurgence
BEL__SAMEA117989575	BEL::SAMEA117989575	focal	modern_country_time_project_lineage_cap8		BEL	Belgium	Europe	2023-09-26	2023-09-26	day	2023	9	PRJEB88325	Europe sublineage 1	pending_new_phylogeny	SAMEA117989575	SAMEA117989575		ERR14837971	ena_fastq_download				;						PASS	True	2026-07-24	ftp.sra.ebi.ac.uk/vol1/fastq/ERR148/071/ERR14837971/ERR14837971_1.fastq.gz;ftp.sra.ebi.ac.uk/vol1/fastq/ERR148/071/ERR14837971/ERR14837971_2.fastq.gz	638288219;694419506	PAIRED	18330500	2767905500	PRJEB88325	SAMEA117989575	2023-09-26	Belgium	ftp.sra.ebi.ac.uk/vol1/fastq/ERR148/071/ERR14837971/ERR14837971_1.fastq.gz;ftp.sra.ebi.ac.uk/vol1/fastq/ERR148/071/ERR14837971/ERR14837971_2.fastq.gz	638288219;694419506	1332707725	resolved_streamed_fastq_subset	PASS			100000	paired_reads						0.908674		True	0.004665665749999996	2023.7342465753425	resurgence
BEL__SAMEA117989576	BEL::SAMEA117989576	focal	modern_country_time_project_lineage_cap8		BEL	Belgium	Europe	2023-10-02	2023-10-02	day	2023	10	PRJEB88325	Europe sublineage 1	pending_new_phylogeny	SAMEA117989576	SAMEA117989576		ERR14837972	legacy_read_assembly										PASS	True	2026-07-24												0	resolved_legacy_read_assembly					assembly	3850166	67.82733523697419	0.0	334	20911			True	0.004636369249999994	2023.7506849315068	resurgence
BEL__SAMEA117989577	BEL::SAMEA117989577	focal	modern_country_time_project_lineage_cap8		BEL	Belgium	Europe	2023-10-05	2023-10-05	day	2023	10	PRJEB88325	Europe sublineage 2	pending_new_phylogeny	SAMEA117989577	SAMEA117989577		ERR14837973	legacy_read_assembly										PASS	True	2026-07-24												0	resolved_legacy_read_assembly					assembly	3865887	67.81131988596667	0.0	338	21200			True	0.004631001049999995	2023.7589041095891	resurgence
BEL__SAMEA117989578	BEL::SAMEA117989578	focal	modern_country_time_project_lineage_cap8		BEL	Belgium	Europe	2023-10-08	2023-10-08	day	2023	10	PRJEB88325	Europe sublineage 1	pending_new_phylogeny	SAMEA117989578	SAMEA117989578		ERR14837974	ena_fastq_download				;						PASS	True	2026-07-24	ftp.sra.ebi.ac.uk/vol1/fastq/ERR148/074/ERR14837974/ERR14837974_1.fastq.gz;ftp.sra.ebi.ac.uk/vol1/fastq/ERR148/074/ERR14837974/ERR14837974_2.fastq.gz	1067756117;1143958956	PAIRED	30959288	4674852488	PRJEB88325	SAMEA117989578	2023-10-08	Belgium	ftp.sra.ebi.ac.uk/vol1/fastq/ERR148/074/ERR14837974/ERR14837974_1.fastq.gz;ftp.sra.ebi.ac.uk/vol1/fastq/ERR148/074/ERR14837974/ERR14837974_2.fastq.gz	1067756117;1143958956	2211715073	resolved_streamed_fastq_subset	PASS			100000	paired_reads						0.92346		True	0.004671998649999995	2023.7671232876712	resurgence
BEL__SAMEA117989579	BEL::SAMEA117989579	focal	modern_country_time_project_lineage_cap8		BEL	Belgium	Europe	2023-10-12	2023-10-12	day	2023	10	PRJEB88325	ptxP3/fim3-2	pending_new_phylogeny	SAMEA117989579	SAMEA117989579		ERR14837975	ena_fastq_download				;						PASS	True	2026-07-24	ftp.sra.ebi.ac.uk/vol1/fastq/ERR148/075/ERR14837975/ERR14837975_1.fastq.gz;ftp.sra.ebi.ac.uk/vol1/fastq/ERR148/075/ERR14837975/ERR14837975_2.fastq.gz	925929087;992235401	PAIRED	26742630	4038137130	PRJEB88325	SAMEA117989579	2023-10-12	Belgium	ftp.sra.ebi.ac.uk/vol1/fastq/ERR148/075/ERR14837975/ERR14837975_1.fastq.gz;ftp.sra.ebi.ac.uk/vol1/fastq/ERR148/075/ERR14837975/ERR14837975_2.fastq.gz	925929087;992235401	1918164488	resolved_streamed_fastq_subset	PASS			100000	paired_reads						0.921336		True	0.004713016549999997	2023.7780821917809	resurgence
BEL__SAMEA117989580	BEL::SAMEA117989580	focal	modern_country_time_project_lineage_cap8		BEL	Belgium	Europe	2023-10-13	2023-10-13	day	2023	10	PRJEB88325	Europe sublineage 2	pending_new_phylogeny	SAMEA117989580	SAMEA117989580		ERR14837976	legacy_read_assembly										PASS	True	2026-07-24												0	resolved_legacy_read_assembly					assembly	3864997	67.80887540145568	0.0	332	22500			True	0.0046303834499999965	2023.7808219178082	resurgence
BEL__SAMEA117989581	BEL::SAMEA117989581	focal	modern_country_time_project_lineage_cap8		BEL	Belgium	Europe	2023-10-18	2023-10-18	day	2023	10	PRJEB88325	Europe sublineage 2	pending_new_phylogeny	SAMEA117989581	SAMEA117989581		ERR14837977	ena_fastq_download				;						PASS	True	2026-07-24	ftp.sra.ebi.ac.uk/vol1/fastq/ERR148/077/ERR14837977/ERR14837977_1.fastq.gz;ftp.sra.ebi.ac.uk/vol1/fastq/ERR148/077/ERR14837977/ERR14837977_2.fastq.gz	451233330;489565827	PAIRED	13125744	1981987344	PRJEB88325	SAMEA117989581	2023-10-18	Belgium	ftp.sra.ebi.ac.uk/vol1/fastq/ERR148/077/ERR14837977/ERR14837977_1.fastq.gz;ftp.sra.ebi.ac.uk/vol1/fastq/ERR148/077/ERR14837977/ERR14837977_2.fastq.gz	451233330;489565827	940799157	resolved_streamed_fastq_subset	PASS			100000	paired_reads						0.913217		True	0.004689559949999998	2023.7945205479452	resurgence
BEL__SAMEA117989582	BEL::SAMEA117989582	focal	modern_country_time_project_lineage_cap8		BEL	Belgium	Europe	2023-10-19	2023-10-19	day	2023	10	PRJEB88325	Europe sublineage 2	pending_new_phylogeny	SAMEA117989582	SAMEA117989582		ERR14837978	ena_fastq_download				;						PASS	True	2026-07-24	ftp.sra.ebi.ac.uk/vol1/fastq/ERR148/078/ERR14837978/ERR14837978_1.fastq.gz;ftp.sra.ebi.ac.uk/vol1/fastq/ERR148/078/ERR14837978/ERR14837978_2.fastq.gz	1150346163;1222430530	PAIRED	33168498	5008443198	PRJEB88325	SAMEA117989582	2023-10-19	Belgium	ftp.sra.ebi.ac.uk/vol1/fastq/ERR148/078/ERR14837978/ERR14837978_1.fastq.gz;ftp.sra.ebi.ac.uk/vol1/fastq/ERR148/078/ERR14837978/ERR14837978_2.fastq.gz	1150346163;1222430530	2372776693	resolved_streamed_fastq_subset	PASS			100000	paired_reads						0.924956		True	0.004635641049999999	2023.7972602739726	resurgence
BEL__SAMEA117989583	BEL::SAMEA117989583	focal	modern_country_time_project_lineage_cap8		BEL	Belgium	Europe	2023-10-17	2023-10-17	day	2023	10	PRJEB88325	Europe sublineage 2	pending_new_phylogeny	SAMEA117989583	SAMEA117989583		ERR14837979	ena_fastq_download				;						PASS	True	2026-07-24	ftp.sra.ebi.ac.uk/vol1/fastq/ERR148/079/ERR14837979/ERR14837979_1.fastq.gz;ftp.sra.ebi.ac.uk/vol1/fastq/ERR148/079/ERR14837979/ERR14837979_2.fastq.gz	1472054400;1572345589	PAIRED	42709254	6449097354	PRJEB88325	SAMEA117989583	2023-10-17	Belgium	ftp.sra.ebi.ac.uk/vol1/fastq/ERR148/079/ERR14837979/ERR14837979_1.fastq.gz;ftp.sra.ebi.ac.uk/vol1/fastq/ERR148/079/ERR14837979/ERR14837979_2.fastq.gz	1472054400;1572345589	3044399989	resolved_streamed_fastq_subset	PASS			100000	paired_reads						0.927524		True	0.004648180749999997	2023.7917808219179	resurgence
BEL__SAMEA117989584	BEL::SAMEA117989584	focal	modern_country_time_project_lineage_cap8		BEL	Belgium	Europe	2023-10-31	2023-10-31	day	2023	10	PRJEB88325	others	pending_new_phylogeny	SAMEA117989584	SAMEA117989584		ERR14837980	ena_fastq_download				;						PASS	True	2026-07-24	ftp.sra.ebi.ac.uk/vol1/fastq/ERR148/080/ERR14837980/ERR14837980_1.fastq.gz;ftp.sra.ebi.ac.uk/vol1/fastq/ERR148/080/ERR14837980/ERR14837980_2.fastq.gz	603891086;637498769	PAIRED	17703754	2673266854	PRJEB88325	SAMEA117989584	2023-10-31	Belgium	ftp.sra.ebi.ac.uk/vol1/fastq/ERR148/080/ERR14837980/ERR14837980_1.fastq.gz;ftp.sra.ebi.ac.uk/vol1/fastq/ERR148/080/ERR14837980/ERR14837980_2.fastq.gz	603891086;637498769	1241389855	resolved_streamed_fastq_subset	PASS			100000	paired_reads						0.928733		True	0.004640209650000004	2023.8301369863013	resurgence
BEL__SAMEA117989585	BEL::SAMEA117989585	focal	modern_country_time_project_lineage_cap8		BEL	Belgium	Europe	2023-10-30	2023-10-30	day	2023	10	PRJEB88325	Europe sublineage 2	pending_new_phylogeny	SAMEA117989585	SAMEA117989585		ERR14837981	ena_fastq_download				;						PASS	True	2026-07-24	ftp.sra.ebi.ac.uk/vol1/fastq/ERR148/081/ERR14837981/ERR14837981_1.fastq.gz;ftp.sra.ebi.ac.uk/vol1/fastq/ERR148/081/ERR14837981/ERR14837981_2.fastq.gz	1270403783;1360592693	PAIRED	36699830	5541674330	PRJEB88325	SAMEA117989585	2023-10-30	Belgium	ftp.sra.ebi.ac.uk/vol1/fastq/ERR148/081/ERR14837981/ERR14837981_1.fastq.gz;ftp.sra.ebi.ac.uk/vol1/fastq/ERR148/081/ERR14837981/ERR14837981_2.fastq.gz	1270403783;1360592693	2630996476	resolved_streamed_fastq_subset	PASS			100000	paired_reads						0.924544		True	0.004648378749999996	2023.827397260274	resurgence
BEL__SAMEA117989586	BEL::SAMEA117989586	focal	modern_country_time_project_lineage_cap8		BEL	Belgium	Europe	2023-11-06	2023-11-06	day	2023	11	PRJEB88325	Europe sublineage 2	pending_new_phylogeny	SAMEA117989586	SAMEA117989586		ERR14837982	ena_fastq_download				;						PASS	True	2026-07-24	ftp.sra.ebi.ac.uk/vol1/fastq/ERR148/082/ERR14837982/ERR14837982_1.fastq.gz;ftp.sra.ebi.ac.uk/vol1/fastq/ERR148/082/ERR14837982/ERR14837982_2.fastq.gz	1034074872;1107224447	PAIRED	29797082	4499359382	PRJEB88325	SAMEA117989586	2023-11-06	Belgium	ftp.sra.ebi.ac.uk/vol1/fastq/ERR148/082/ERR14837982/ERR14837982_1.fastq.gz;ftp.sra.ebi.ac.uk/vol1/fastq/ERR148/082/ERR14837982/ERR14837982_2.fastq.gz	1034074872;1107224447	2141299319	resolved_streamed_fastq_subset	PASS			100000	paired_reads						0.922117		True	0.004665655349999997	2023.8465753424657	resurgence
BEL__SAMEA117989587	BEL::SAMEA117989587	focal	modern_country_time_project_lineage_cap8		BEL	Belgium	Europe	2023-11-08	2023-11-08	day	2023	11	PRJEB88325	Europe sublineage 2	pending_new_phylogeny	SAMEA117989587	SAMEA117989587		ERR14837983	ena_fastq_download				;						PASS	True	2026-07-24	ftp.sra.ebi.ac.uk/vol1/fastq/ERR148/083/ERR14837983/ERR14837983_1.fastq.gz;ftp.sra.ebi.ac.uk/vol1/fastq/ERR148/083/ERR14837983/ERR14837983_2.fastq.gz	645136775;696234814	PAIRED	18534392	2798693192	PRJEB88325	SAMEA117989587	2023-11-08	Belgium	ftp.sra.ebi.ac.uk/vol1/fastq/ERR148/083/ERR14837983/ERR14837983_1.fastq.gz;ftp.sra.ebi.ac.uk/vol1/fastq/ERR148/083/ERR14837983/ERR14837983_2.fastq.gz	645136775;696234814	1341371589	resolved_streamed_fastq_subset	PASS			100000	paired_reads						0.914567		True	0.004677782349999995	2023.8520547945207	resurgence
BEL__SAMEA117989588	BEL::SAMEA117989588	focal	modern_country_time_project_lineage_cap8		BEL	Belgium	Europe	2023-11-13	2023-11-13	day	2023	11	PRJEB88325	ptxP3/fim3-2	pending_new_phylogeny	SAMEA117989588	SAMEA117989588		ERR14837984	ena_fastq_download				;						PASS	True	2026-07-24	ftp.sra.ebi.ac.uk/vol1/fastq/ERR148/084/ERR14837984/ERR14837984_1.fastq.gz;ftp.sra.ebi.ac.uk/vol1/fastq/ERR148/084/ERR14837984/ERR14837984_2.fastq.gz	666084218;721158286	PAIRED	19258054	2907966154	PRJEB88325	SAMEA117989588	2023-11-13	Belgium	ftp.sra.ebi.ac.uk/vol1/fastq/ERR148/084/ERR14837984/ERR14837984_1.fastq.gz;ftp.sra.ebi.ac.uk/vol1/fastq/ERR148/084/ERR14837984/ERR14837984_2.fastq.gz	666084218;721158286	1387242504	resolved_streamed_fastq_subset	PASS			100000	paired_reads						0.913385		True	0.004639475449999997	2023.8657534246574	resurgence
BEL__SAMEA117989589	BEL::SAMEA117989589	focal	modern_country_time_project_lineage_cap8		BEL	Belgium	Europe	2023-11-14	2023-11-14	day	2023	11	PRJEB88325	Europe sublineage 2	pending_new_phylogeny	SAMEA117989589	SAMEA117989589		ERR14837985	ena_fastq_download				;						PASS	True	2026-07-24	ftp.sra.ebi.ac.uk/vol1/fastq/ERR148/085/ERR14837985/ERR14837985_1.fastq.gz;ftp.sra.ebi.ac.uk/vol1/fastq/ERR148/085/ERR14837985/ERR14837985_2.fastq.gz	1080164904;1157994797	PAIRED	31205480	4712027480	PRJEB88325	SAMEA117989589	2023-11-14	Belgium	ftp.sra.ebi.ac.uk/vol1/fastq/ERR148/085/ERR14837985/ERR14837985_1.fastq.gz;ftp.sra.ebi.ac.uk/vol1/fastq/ERR148/085/ERR14837985/ERR14837985_2.fastq.gz	1080164904;1157994797	2238159701	resolved_streamed_fastq_subset	PASS			100000	paired_reads						0.922599		True	0.004660435649999997	2023.868493150685	resurgence
BEL__SAMEA117989590	BEL::SAMEA117989590	focal	modern_country_time_project_lineage_cap8		BEL	Belgium	Europe	2023-11-14	2023-11-14	day	2023	11	PRJEB88325	ptxP3/fim3-1	pending_new_phylogeny	SAMEA117989590	SAMEA117989590		ERR14837986	ena_fastq_download				;						PASS	True	2026-07-24	ftp.sra.ebi.ac.uk/vol1/fastq/ERR148/086/ERR14837986/ERR14837986_1.fastq.gz;ftp.sra.ebi.ac.uk/vol1/fastq/ERR148/086/ERR14837986/ERR14837986_2.fastq.gz	722665955;777842355	PAIRED	21046342	3177997642	PRJEB88325	SAMEA117989590	2023-11-14	Belgium	ftp.sra.ebi.ac.uk/vol1/fastq/ERR148/086/ERR14837986/ERR14837986_1.fastq.gz;ftp.sra.ebi.ac.uk/vol1/fastq/ERR148/086/ERR14837986/ERR14837986_2.fastq.gz	722665955;777842355	1500508310	resolved_streamed_fastq_subset	PASS			100000	paired_reads						0.917375		True	0.004713622449999999	2023.868493150685	resurgence
BEL__SAMEA117989592	BEL::SAMEA117989592	focal	modern_country_time_project_lineage_cap8		BEL	Belgium	Europe	2023-11-16	2023-11-16	day	2023	11	PRJEB88325	ptxP3/fim3-2	pending_new_phylogeny	SAMEA117989592	SAMEA117989592		ERR14837988	ena_fastq_download				;						PASS	True	2026-07-24	ftp.sra.ebi.ac.uk/vol1/fastq/ERR148/088/ERR14837988/ERR14837988_1.fastq.gz;ftp.sra.ebi.ac.uk/vol1/fastq/ERR148/088/ERR14837988/ERR14837988_2.fastq.gz	1016500689;1087503786	PAIRED	29233648	4414280848	PRJEB88325	SAMEA117989592	2023-11-16	Belgium	ftp.sra.ebi.ac.uk/vol1/fastq/ERR148/088/ERR14837988/ERR14837988_1.fastq.gz;ftp.sra.ebi.ac.uk/vol1/fastq/ERR148/088/ERR14837988/ERR14837988_2.fastq.gz	1016500689;1087503786	2104004475	resolved_streamed_fastq_subset	PASS			100000	paired_reads						0.920287		True	0.0046570272499999975	2023.8739726027397	resurgence
BEL__SAMEA117989593	BEL::SAMEA117989593	focal	modern_country_time_project_lineage_cap8		BEL	Belgium	Europe	2023-11-20	2023-11-20	day	2023	11	PRJEB88325	Europe sublineage 2	pending_new_phylogeny	SAMEA117989593	SAMEA117989593		ERR14837989	ena_fastq_download				;						PASS	True	2026-07-24	ftp.sra.ebi.ac.uk/vol1/fastq/ERR148/089/ERR14837989/ERR14837989_1.fastq.gz;ftp.sra.ebi.ac.uk/vol1/fastq/ERR148/089/ERR14837989/ERR14837989_2.fastq.gz	1265958856;1364709243	PAIRED	36631336	5531331736	PRJEB88325	SAMEA117989593	2023-11-20	Belgium	ftp.sra.ebi.ac.uk/vol1/fastq/ERR148/089/ERR14837989/ERR14837989_1.fastq.gz;ftp.sra.ebi.ac.uk/vol1/fastq/ERR148/089/ERR14837989/ERR14837989_2.fastq.gz	1265958856;1364709243	2630668099	resolved_streamed_fastq_subset	PASS			100000	paired_reads						0.921226		True	0.004677672249999997	2023.8849315068494	resurgence
BEL__SAMEA117989594	BEL::SAMEA117989594	focal	modern_country_time_project_lineage_cap8		BEL	Belgium	Europe	2023-11-27	2023-11-27	day	2023	11	PRJEB88325	Europe sublineage 1	pending_new_phylogeny	SAMEA117989594	SAMEA117989594		ERR14837990	ena_fastq_download				;						PASS	True	2026-07-24	ftp.sra.ebi.ac.uk/vol1/fastq/ERR148/090/ERR14837990/ERR14837990_1.fastq.gz;ftp.sra.ebi.ac.uk/vol1/fastq/ERR148/090/ERR14837990/ERR14837990_2.fastq.gz	1414467745;1518295391	PAIRED	40687412	6143799212	PRJEB88325	SAMEA117989594	2023-11-27	Belgium	ftp.sra.ebi.ac.uk/vol1/fastq/ERR148/090/ERR14837990/ERR14837990_1.fastq.gz;ftp.sra.ebi.ac.uk/vol1/fastq/ERR148/090/ERR14837990/ERR14837990_2.fastq.gz	1414467745;1518295391	2932763136	resolved_streamed_fastq_subset	PASS			100000	paired_reads						0.920321		True	0.0047071978499999955	2023.9041095890411	resurgence
BEL__SAMEA117989595	BEL::SAMEA117989595	focal	modern_country_time_project_lineage_cap8		BEL	Belgium	Europe	2023-11-27	2023-11-27	day	2023	11	PRJEB88325	Europe sublineage 2	pending_new_phylogeny	SAMEA117989595	SAMEA117989595		ERR14837991	ena_fastq_download				;						PASS	True	2026-07-24	ftp.sra.ebi.ac.uk/vol1/fastq/ERR148/091/ERR14837991/ERR14837991_1.fastq.gz;ftp.sra.ebi.ac.uk/vol1/fastq/ERR148/091/ERR14837991/ERR14837991_2.fastq.gz	855584928;939378616	PAIRED	24384638	3682080338	PRJEB88325	SAMEA117989595	2023-11-27	Belgium	ftp.sra.ebi.ac.uk/vol1/fastq/ERR148/091/ERR14837991/ERR14837991_1.fastq.gz;ftp.sra.ebi.ac.uk/vol1/fastq/ERR148/091/ERR14837991/ERR14837991_2.fastq.gz	855584928;939378616	1794963544	resolved_streamed_fastq_subset	PASS			100000	paired_reads						0.895141		True	0.004659545049999998	2023.9041095890411	resurgence
BEL__SAMEA117989596	BEL::SAMEA117989596	focal	modern_country_time_project_lineage_cap8		BEL	Belgium	Europe	2023-11-27	2023-11-27	day	2023	11	PRJEB88325	Europe sublineage 2	pending_new_phylogeny	SAMEA117989596	SAMEA117989596		ERR14837992	ena_fastq_download				;						PASS	True	2026-07-24	ftp.sra.ebi.ac.uk/vol1/fastq/ERR148/092/ERR14837992/ERR14837992_1.fastq.gz;ftp.sra.ebi.ac.uk/vol1/fastq/ERR148/092/ERR14837992/ERR14837992_2.fastq.gz	543814786;589400167	PAIRED	15798620	2385591620	PRJEB88325	SAMEA117989596	2023-11-27	Belgium	ftp.sra.ebi.ac.uk/vol1/fastq/ERR148/092/ERR14837992/ERR14837992_1.fastq.gz;ftp.sra.ebi.ac.uk/vol1/fastq/ERR148/092/ERR14837992/ERR14837992_2.fastq.gz	543814786;589400167	1133214953	resolved_streamed_fastq_subset	PASS			100000	paired_reads						0.911181		True	0.004701102849999999	2023.9041095890411	resurgence
BEL__SAMEA117989597	BEL::SAMEA117989597	focal	modern_country_time_project_lineage_cap8		BEL	Belgium	Europe	2023-11-26	2023-11-26	day	2023	11	PRJEB88325	Europe sublineage 2	pending_new_phylogeny	SAMEA117989597	SAMEA117989597		ERR14837993	ena_fastq_download				;						PASS	True	2026-07-24	ftp.sra.ebi.ac.uk/vol1/fastq/ERR148/093/ERR14837993/ERR14837993_1.fastq.gz;ftp.sra.ebi.ac.uk/vol1/fastq/ERR148/093/ERR14837993/ERR14837993_2.fastq.gz	327107175;361707130	PAIRED	9389568	1417824768	PRJEB88325	SAMEA117989597	2023-11-26	Belgium	ftp.sra.ebi.ac.uk/vol1/fastq/ERR148/093/ERR14837993/ERR14837993_1.fastq.gz;ftp.sra.ebi.ac.uk/vol1/fastq/ERR148/093/ERR14837993/ERR14837993_2.fastq.gz	327107175;361707130	688814305	resolved_streamed_fastq_subset	PASS			100000	paired_reads						0.8893		True	0.004678320649999995	2023.9013698630138	resurgence
BEL__SAMEA117989598	BEL::SAMEA117989598	focal	modern_country_time_project_lineage_cap8		BEL	Belgium	Europe	2023-11-29	2023-11-29	day	2023	11	PRJEB88325	Europe sublineage 2	pending_new_phylogeny	SAMEA117989598	SAMEA117989598		ERR14837994	ena_fastq_download				;						PASS	True	2026-07-24	ftp.sra.ebi.ac.uk/vol1/fastq/ERR148/094/ERR14837994/ERR14837994_1.fastq.gz;ftp.sra.ebi.ac.uk/vol1/fastq/ERR148/094/ERR14837994/ERR14837994_2.fastq.gz	1065395164;1140996050	PAIRED	30793980	4649890980	PRJEB88325	SAMEA117989598	2023-11-29	Belgium	ftp.sra.ebi.ac.uk/vol1/fastq/ERR148/094/ERR14837994/ERR14837994_1.fastq.gz;ftp.sra.ebi.ac.uk/vol1/fastq/ERR148/094/ERR14837994/ERR14837994_2.fastq.gz	1065395164;1140996050	2206391214	resolved_streamed_fastq_subset	PASS			100000	paired_reads						0.922182		True	0.0046662168499999965	2023.9095890410958	resurgence
BEL__SAMEA117989599	BEL::SAMEA117989599	focal	modern_country_time_project_lineage_cap8		BEL	Belgium	Europe	2023-12-05	2023-12-05	day	2023	12	PRJEB88325	others	pending_new_phylogeny	SAMEA117989599	SAMEA117989599		ERR14837995	ena_fastq_download				;						PASS	True	2026-07-24	ftp.sra.ebi.ac.uk/vol1/fastq/ERR148/095/ERR14837995/ERR14837995_1.fastq.gz;ftp.sra.ebi.ac.uk/vol1/fastq/ERR148/095/ERR14837995/ERR14837995_2.fastq.gz	1067726676;1154050820	PAIRED	30671138	4631341838	PRJEB88325	SAMEA117989599	2023-12-05	Belgium	ftp.sra.ebi.ac.uk/vol1/fastq/ERR148/095/ERR14837995/ERR14837995_1.fastq.gz;ftp.sra.ebi.ac.uk/vol1/fastq/ERR148/095/ERR14837995/ERR14837995_2.fastq.gz	1067726676;1154050820	2221777496	resolved_streamed_fastq_subset	PASS			100000	paired_reads						0.914519		True	0.004638833450000004	2023.9260273972602	resurgence
BEL__SAMEA117989601	BEL::SAMEA117989601	focal	modern_country_time_project_lineage_cap8		BEL	Belgium	Europe	2023-12-11	2023-12-11	day	2023	12	PRJEB88325	Europe sublineage 2	pending_new_phylogeny	SAMEA117989601	SAMEA117989601		ERR14837997	ena_fastq_download				;						PASS	True	2026-07-24	ftp.sra.ebi.ac.uk/vol1/fastq/ERR148/097/ERR14837997/ERR14837997_1.fastq.gz;ftp.sra.ebi.ac.uk/vol1/fastq/ERR148/097/ERR14837997/ERR14837997_2.fastq.gz	1150812152;1245969827	PAIRED	32865240	4962651240	PRJEB88325	SAMEA117989601	2023-12-11	Belgium	ftp.sra.ebi.ac.uk/vol1/fastq/ERR148/097/ERR14837997/ERR14837997_1.fastq.gz;ftp.sra.ebi.ac.uk/vol1/fastq/ERR148/097/ERR14837997/ERR14837997_2.fastq.gz	1150812152;1245969827	2396781979	resolved_streamed_fastq_subset	PASS			100000	paired_reads						0.911355		True	0.004653626249999999	2023.9424657534246	resurgence
BEL__SAMEA117989604	BEL::SAMEA117989604	focal	modern_country_time_project_lineage_cap8		BEL	Belgium	Europe	2023-12-11	2023-12-11	day	2023	12	PRJEB88325	Europe sublineage 2	pending_new_phylogeny	SAMEA117989604	SAMEA117989604		ERR14838000	ena_fastq_download				;						PASS	True	2026-07-24	ftp.sra.ebi.ac.uk/vol1/fastq/ERR148/000/ERR14838000/ERR14838000_1.fastq.gz;ftp.sra.ebi.ac.uk/vol1/fastq/ERR148/000/ERR14838000/ERR14838000_2.fastq.gz	1570071292;1673836084	PAIRED	45260342	6834311642	PRJEB88325	SAMEA117989604	2023-12-11	Belgium	ftp.sra.ebi.ac.uk/vol1/fastq/ERR148/000/ERR14838000/ERR14838000_1.fastq.gz;ftp.sra.ebi.ac.uk/vol1/fastq/ERR148/000/ERR14838000/ERR14838000_2.fastq.gz	1570071292;1673836084	3243907376	resolved_streamed_fastq_subset	PASS			100000	paired_reads						0.924772		True	0.004666155749999995	2023.9424657534246	resurgence
BEL__SAMEA117989605	BEL::SAMEA117989605	focal	modern_country_time_project_lineage_cap8		BEL	Belgium	Europe	2023-12-14	2023-12-14	day	2023	12	PRJEB88325	Europe sublineage 1	pending_new_phylogeny	SAMEA117989605	SAMEA117989605		ERR14838001	ena_fastq_download				;						PASS	True	2026-07-24	ftp.sra.ebi.ac.uk/vol1/fastq/ERR148/001/ERR14838001/ERR14838001_1.fastq.gz;ftp.sra.ebi.ac.uk/vol1/fastq/ERR148/001/ERR14838001/ERR14838001_2.fastq.gz	1430284570;1533984389	PAIRED	41147450	6213264950	PRJEB88325	SAMEA117989605	2023-12-14	Belgium	ftp.sra.ebi.ac.uk/vol1/fastq/ERR148/001/ERR14838001/ERR14838001_1.fastq.gz;ftp.sra.ebi.ac.uk/vol1/fastq/ERR148/001/ERR14838001/ERR14838001_2.fastq.gz	1430284570;1533984389	2964268959	resolved_streamed_fastq_subset	PASS			100000	paired_reads						0.920886		True	0.004701423949999995	2023.9506849315069	resurgence
BEL__SAMEA117989606	BEL::SAMEA117989606	focal	modern_country_time_project_lineage_cap8		BEL	Belgium	Europe	2023-12-15	2023-12-15	day	2023	12	PRJEB88325	Europe sublineage 2	pending_new_phylogeny	SAMEA117989606	SAMEA117989606		ERR14838002	ena_fastq_download				;						PASS	True	2026-07-24	ftp.sra.ebi.ac.uk/vol1/fastq/ERR148/002/ERR14838002/ERR14838002_1.fastq.gz;ftp.sra.ebi.ac.uk/vol1/fastq/ERR148/002/ERR14838002/ERR14838002_2.fastq.gz	1335125867;1440446546	PAIRED	38359540	5792290540	PRJEB88325	SAMEA117989606	2023-12-15	Belgium	ftp.sra.ebi.ac.uk/vol1/fastq/ERR148/002/ERR14838002/ERR14838002_1.fastq.gz;ftp.sra.ebi.ac.uk/vol1/fastq/ERR148/002/ERR14838002/ERR14838002_2.fastq.gz	1335125867;1440446546	2775572413	resolved_streamed_fastq_subset	PASS			100000	paired_reads						0.91883		True	0.004677623749999997	2023.9534246575342	resurgence
BEL__SAMEA117989608	BEL::SAMEA117989608	focal	modern_country_time_project_lineage_cap8		BEL	Belgium	Europe	2023-12-19	2023-12-19	day	2023	12	PRJEB88325	ptxP3/fim3-2	pending_new_phylogeny	SAMEA117989608	SAMEA117989608		ERR14838004	ena_fastq_download				;						PASS	True	2026-07-24	ftp.sra.ebi.ac.uk/vol1/fastq/ERR148/004/ERR14838004/ERR14838004_1.fastq.gz;ftp.sra.ebi.ac.uk/vol1/fastq/ERR148/004/ERR14838004/ERR14838004_2.fastq.gz	1373388052;1482641798	PAIRED	39547966	5971742866	PRJEB88325	SAMEA117989608	2023-12-19	Belgium	ftp.sra.ebi.ac.uk/vol1/fastq/ERR148/004/ERR14838004/ERR14838004_1.fastq.gz;ftp.sra.ebi.ac.uk/vol1/fastq/ERR148/004/ERR14838004/ERR14838004_2.fastq.gz	1373388052;1482641798	2856029850	resolved_streamed_fastq_subset	PASS			100000	paired_reads						0.916842		True	0.004627212149999997	2023.964383561644	resurgence
BEL__SAMEA117989610	BEL::SAMEA117989610	focal	modern_country_time_project_lineage_cap8		BEL	Belgium	Europe	2023-12-20	2023-12-20	day	2023	12	PRJEB88325	ptxP3/fim3-2	pending_new_phylogeny	SAMEA117989610	SAMEA117989610		ERR14838006	ena_fastq_download				;						PASS	True	2026-07-24	ftp.sra.ebi.ac.uk/vol1/fastq/ERR148/006/ERR14838006/ERR14838006_1.fastq.gz;ftp.sra.ebi.ac.uk/vol1/fastq/ERR148/006/ERR14838006/ERR14838006_2.fastq.gz	1373427978;1457535941	PAIRED	39624300	5983269300	PRJEB88325	SAMEA117989610	2023-12-20	Belgium	ftp.sra.ebi.ac.uk/vol1/fastq/ERR148/006/ERR14838006/ERR14838006_1.fastq.gz;ftp.sra.ebi.ac.uk/vol1/fastq/ERR148/006/ERR14838006/ERR14838006_2.fastq.gz	1373427978;1457535941	2830963919	resolved_streamed_fastq_subset	PASS			100000	paired_reads						0.929243		True	0.0046762985499999975	2023.9671232876713	resurgence
BEL__SAMEA117989611	BEL::SAMEA117989611	focal	modern_country_time_project_lineage_cap8		BEL	Belgium	Europe	2023-12-22	2023-12-22	day	2023	12	PRJEB88325	Europe sublineage 2	pending_new_phylogeny	SAMEA117989611	SAMEA117989611		ERR14838007	ena_fastq_download				;						PASS	True	2026-07-24	ftp.sra.ebi.ac.uk/vol1/fastq/ERR148/007/ERR14838007/ERR14838007_1.fastq.gz;ftp.sra.ebi.ac.uk/vol1/fastq/ERR148/007/ERR14838007/ERR14838007_2.fastq.gz	1240201917;1325224767	PAIRED	35702570	5391088070	PRJEB88325	SAMEA117989611	2023-12-22	Belgium	ftp.sra.ebi.ac.uk/vol1/fastq/ERR148/007/ERR14838007/ERR14838007_1.fastq.gz;ftp.sra.ebi.ac.uk/vol1/fastq/ERR148/007/ERR14838007/ERR14838007_2.fastq.gz	1240201917;1325224767	2565426684	resolved_streamed_fastq_subset	PASS			100000	paired_reads						0.922914		True	0.004689768549999996	2023.972602739726	resurgence
BEL__SAMEA117989612	BEL::SAMEA117989612	focal	modern_country_time_project_lineage_cap8		BEL	Belgium	Europe	2023-12-20	2023-12-20	day	2023	12	PRJEB88325	Europe sublineage 2	pending_new_phylogeny	SAMEA117989612	SAMEA117989612		ERR14838008	ena_fastq_download				;						PASS	True	2026-07-24	ftp.sra.ebi.ac.uk/vol1/fastq/ERR148/008/ERR14838008/ERR14838008_1.fastq.gz;ftp.sra.ebi.ac.uk/vol1/fastq/ERR148/008/ERR14838008/ERR14838008_2.fastq.gz	1387758638;1489489874	PAIRED	39794116	6008911516	PRJEB88325	SAMEA117989612	2023-12-20	Belgium	ftp.sra.ebi.ac.uk/vol1/fastq/ERR148/008/ERR14838008/ERR14838008_1.fastq.gz;ftp.sra.ebi.ac.uk/vol1/fastq/ERR148/008/ERR14838008/ERR14838008_2.fastq.gz	1387758638;1489489874	2877248512	resolved_streamed_fastq_subset	PASS			100000	paired_reads						0.919325		True	0.004665012549999999	2023.9671232876713	resurgence
BEL__SAMEA117989613	BEL::SAMEA117989613	focal	modern_country_time_project_lineage_cap8		BEL	Belgium	Europe	2023-12-26	2023-12-26	day	2023	12	PRJEB88325	MS-MT28	pending_new_phylogeny	SAMEA117989613	SAMEA117989613		ERR14838009	ena_fastq_download				;						PASS	True	2026-07-24	ftp.sra.ebi.ac.uk/vol1/fastq/ERR148/009/ERR14838009/ERR14838009_1.fastq.gz;ftp.sra.ebi.ac.uk/vol1/fastq/ERR148/009/ERR14838009/ERR14838009_2.fastq.gz	1272332667;1357811269	PAIRED	36332062	5486141362	PRJEB88325	SAMEA117989613	2023-12-26	Belgium	ftp.sra.ebi.ac.uk/vol1/fastq/ERR148/009/ERR14838009/ERR14838009_1.fastq.gz;ftp.sra.ebi.ac.uk/vol1/fastq/ERR148/009/ERR14838009/ERR14838009_2.fastq.gz	1272332667;1357811269	2630143936	resolved_streamed_fastq_subset	PASS			100000	paired_reads						0.920924		True	0.004736332549999999	2023.9835616438356	resurgence
BEL__SAMEA117989614	BEL::SAMEA117989614	focal	modern_country_time_project_lineage_cap8		BEL	Belgium	Europe	2023-12-31	2023-12-31	day	2023	12	PRJEB88325	Europe sublineage 2	pending_new_phylogeny	SAMEA117989614	SAMEA117989614		ERR14838010	ena_fastq_download				;						PASS	True	2026-07-24	ftp.sra.ebi.ac.uk/vol1/fastq/ERR148/010/ERR14838010/ERR14838010_1.fastq.gz;ftp.sra.ebi.ac.uk/vol1/fastq/ERR148/010/ERR14838010/ERR14838010_2.fastq.gz	1376519771;1474594766	PAIRED	39819756	6012783156	PRJEB88325	SAMEA117989614	2023-12-31	Belgium	ftp.sra.ebi.ac.uk/vol1/fastq/ERR148/010/ERR14838010/ERR14838010_1.fastq.gz;ftp.sra.ebi.ac.uk/vol1/fastq/ERR148/010/ERR14838010/ERR14838010_2.fastq.gz	1376519771;1474594766	2851114537	resolved_streamed_fastq_subset	PASS			100000	paired_reads						0.923696		True	0.004701354049999995	2023.9972602739726	resurgence
BEL__SAMEA117989615	BEL::SAMEA117989615	focal	modern_country_time_project_lineage_cap8		BEL	Belgium	Europe	2023-12-31	2023-12-31	day	2023	12	PRJEB88325	Europe sublineage 2	pending_new_phylogeny	SAMEA117989615	SAMEA117989615		ERR14838011	ena_fastq_download				;						PASS	True	2026-07-24	ftp.sra.ebi.ac.uk/vol1/fastq/ERR148/011/ERR14838011/ERR14838011_1.fastq.gz;ftp.sra.ebi.ac.uk/vol1/fastq/ERR148/011/ERR14838011/ERR14838011_2.fastq.gz	1295229390;1380236236	PAIRED	37426830	5651451330	PRJEB88325	SAMEA117989615	2023-12-31	Belgium	ftp.sra.ebi.ac.uk/vol1/fastq/ERR148/011/ERR14838011/ERR14838011_1.fastq.gz;ftp.sra.ebi.ac.uk/vol1/fastq/ERR148/011/ERR14838011/ERR14838011_2.fastq.gz	1295229390;1380236236	2675465626	resolved_streamed_fastq_subset	PASS			100000	paired_reads						0.92592		True	0.004731520449999995	2023.9972602739726	resurgence
BEL__SAMEA117989616	BEL::SAMEA117989616	focal	modern_country_time_project_lineage_cap8		BEL	Belgium	Europe	2023-12-31	2023-12-31	day	2023	12	PRJEB88325	Europe sublineage 2	pending_new_phylogeny	SAMEA117989616	SAMEA117989616		ERR14838012	ena_fastq_download				;						PASS	True	2026-07-24	ftp.sra.ebi.ac.uk/vol1/fastq/ERR148/012/ERR14838012/ERR14838012_1.fastq.gz;ftp.sra.ebi.ac.uk/vol1/fastq/ERR148/012/ERR14838012/ERR14838012_2.fastq.gz	1122197764;1200492507	PAIRED	32351404	4885062004	PRJEB88325	SAMEA117989616	2023-12-31	Belgium	ftp.sra.ebi.ac.uk/vol1/fastq/ERR148/012/ERR14838012/ERR14838012_1.fastq.gz;ftp.sra.ebi.ac.uk/vol1/fastq/ERR148/012/ERR14838012/ERR14838012_2.fastq.gz	1122197764;1200492507	2322690271	resolved_streamed_fastq_subset	PASS			100000	paired_reads						0.92215		True	0.0047075560499999945	2023.9972602739726	resurgence
BEL__SAMEA117989617	BEL::SAMEA117989617	focal	modern_country_time_project_lineage_cap8		BEL	Belgium	Europe	2023-12-31	2023-12-31	day	2023	12	PRJEB88325	Europe sublineage 1	pending_new_phylogeny	SAMEA117989617	SAMEA117989617		ERR14838013	ena_fastq_download				;						PASS	True	2026-07-24	ftp.sra.ebi.ac.uk/vol1/fastq/ERR148/013/ERR14838013/ERR14838013_1.fastq.gz;ftp.sra.ebi.ac.uk/vol1/fastq/ERR148/013/ERR14838013/ERR14838013_2.fastq.gz	471369628;508089364	PAIRED	13642164	2059966764	PRJEB88325	SAMEA117989617	2023-12-31	Belgium	ftp.sra.ebi.ac.uk/vol1/fastq/ERR148/013/ERR14838013/ERR14838013_1.fastq.gz;ftp.sra.ebi.ac.uk/vol1/fastq/ERR148/013/ERR14838013/ERR14838013_2.fastq.gz	471369628;508089364	979458992	resolved_streamed_fastq_subset	PASS			100000	paired_reads						0.913647		True	0.004683611249999995	2023.9972602739726	resurgence
CHN__SAMN03249373	CHN::SAMN03249373	focal	historical_all_available_gate_rescue		CHN	China	Asia	1951-01-01	1951-12-31	year	1951		PRJNA266616	ptxP1/fim3-1	provisional_marker_or_published_annotation	SAMN03249373	SAMN03249373	GCA_001605275	SRR3205792;SRR3441720;SRR3441721	ncbi_assembly_download					4133777	67.5	1	4133777	ok	PASS	True	2026-07-24												0	resolved_ncbi_assembly					assembly	4133777	67.72365804928519	0.0	1	4133777			True	0.004460522850000003	1951.4986301369863	prepandemic
CHN__SAMN22851881	CHN::SAMN22851881	focal	historical_all_available_gate_rescue		CHN	China	Asia	1951-01-01	1951-12-31	year	1951		PRJNA777368	ptxP1/fim3-1	provisional_marker_or_published_annotation	SAMN22851881	SAMN22851881	GCA_023612135		ncbi_assembly_download					4141631	67.5	1	4141631	ok	PASS	True	2026-07-24												0	resolved_ncbi_assembly					assembly	4141631	67.71542418916606	0.0	1	4141631			True	0.004518256550000003	1951.4986301369863	prepandemic
CHN__SAMN09947459	CHN::SAMN09947459	focal	historical_all_available_gate_rescue		CHN	China	Asia	2013-01-01	2013-12-31	year	2013		PRJNA489102		provisional_marker_or_published_annotation	SRS4432902	SAMN09947459	RRASM_SRR8661712	SRR8661712	local_fasta					3862562	67.81	323	21200	ok	PASS	True	2026-07-24												0	resolved_local_fasta					assembly	3862562	67.81322862908091	0.0	323	21200			True	0.004617588349999999	2013.4986301369863	prepandemic
CHN__SAMN09947460	CHN::SAMN09947460	focal	historical_all_available_gate_rescue		CHN	China	Asia	2013-01-01	2013-12-31	year	2013		PRJNA489102	ptxP1/fim3-4	provisional_marker_or_published_annotation	SRS4432901	SAMN09947460	RRASM_SRR8661713	SRR8661713	local_fasta					3862158	67.82	330	21200	ok	PASS	True	2026-07-24												0	resolved_local_fasta					assembly	3862158	67.81615355974562	0.0	330	21200			True	0.004550243850000003	2013.4986301369863	prepandemic
CHN__SAMN09947464	CHN::SAMN09947464	focal	historical_all_available_gate_rescue		CHN	China	Asia	2013-01-01	2013-12-31	year	2013		PRJNA489102	ptxP1/fim3-1	provisional_marker_or_published_annotation	SRS4432897	SAMN09947464	RRASM_SRR8661717	SRR8661717	local_fasta					3883139	67.82	326	21201	ok	PASS	True	2026-07-24												0	resolved_local_fasta					assembly	3883139	67.82340266469987	0.0	326	21201			True	0.004565116750000002	2013.4986301369863	prepandemic
CHN__SAMN09947467	CHN::SAMN09947467	focal	historical_all_available_gate_rescue		CHN	China	Asia	2014-01-01	2014-12-31	year	2014		PRJNA489102	ptxP1/fim3-1	provisional_marker_or_published_annotation	SRS4432890	SAMN09947467	RRASM_SRR8661724	SRR8661724	local_fasta					3882436	67.82	326	21996	ok	PASS	True	2026-07-24												0	resolved_local_fasta					assembly	3882436	67.82326869006984	0.0	326	21996			True	0.004547593950000002	2014.4986301369863	prepandemic
CHN__SAMN09947473	CHN::SAMN09947473	focal	historical_all_available_gate_rescue		CHN	China	Asia	2014-01-01	2014-12-31	year	2014		PRJNA489102	ptxP1/fim3-1	provisional_marker_or_published_annotation	SRS4432892	SAMN09947473	RRASM_SRR8661722	SRR8661722	local_fasta					3882236	67.82	323	20981	ok	PASS	True	2026-07-24												0	resolved_local_fasta					assembly	3882236	67.8243671945755	0.0	323	20981			True	0.0045242008500000035	2014.4986301369863	prepandemic
CHN__SAMN09947475	CHN::SAMN09947475	focal	historical_all_available_gate_rescue		CHN	China	Asia	2014-01-01	2014-12-31	year	2014		PRJNA489102	ptxP1/fim3-1	provisional_marker_or_published_annotation	SRS4432884	SAMN09947475	RRASM_SRR8661730	SRR8661730	local_fasta					3883199	67.82	336	20981	ok	PASS	True	2026-07-24												0	resolved_local_fasta					assembly	3883199	67.8197795168365	0.0	336	20981			True	0.004559339150000002	2014.4986301369863	prepandemic
CHN__SAMN11295233	CHN::SAMN11295233	focal	historical_all_available_gate_rescue		CHN	China	Asia	2014-09-25	2014-09-25	day	2014	9	PRJNA530108	ptxP1/fim3-1	provisional_marker_or_published_annotation	SAMN11295233	SAMN11295233	GCA_008330005		ncbi_assembly_download									ok	PASS	True	2026-07-24												0	resolved_ncbi_assembly					assembly	4126010	67.72026728001144	0.0	1	4126010			True	0.004524178050000003	2014.731506849315	prepandemic
CHN__SAMN07326325	CHN::SAMN07326325	focal	historical_all_available_gate_rescue		CHN	China	Asia	2015-01-01	2015-12-31	year	2015		PRJNA393244		provisional_marker_or_published_annotation	SRS2344739	SAMN07326325	RRASM_SRR5814339	SRR5814339	local_fasta									ok	PASS	True	2026-07-24												0	resolved_local_fasta					assembly	3899729	67.75119501893593	0.0	360	20504			True	0.004599349150000005	2015.4986301369863	prepandemic
CHN__SAMN07329769	CHN::SAMN07329769	focal	historical_all_available_gate_rescue		CHN	China	Asia	2015-01-01	2015-12-31	year	2015		PRJNA393244	ptxP1/fim3-1	provisional_marker_or_published_annotation	SRS2344742	SAMN07329769	RRASM_SRR5814335	SRR5814335	local_fasta									ok	PASS	True	2026-07-24												0	resolved_local_fasta					assembly	3896660	67.75017579157534	0.0	354	20504			True	0.004547516550000003	2015.4986301369863	prepandemic
CHN__SAMN07329777	CHN::SAMN07329777	focal	historical_all_available_gate_rescue		CHN	China	Asia	2015-01-01	2015-12-31	year	2015		PRJNA393244	ptxP3/fim3-1	provisional_marker_or_published_annotation	SRS2344754	SAMN07329777	RRASM_SRR5814324	SRR5814324	local_fasta									ok	PASS	True	2026-07-24												0	resolved_local_fasta					assembly	3880311	67.74717284258917	0.0	360	20944			True	0.004635171949999999	2015.4986301369863	prepandemic
CHN__SAMN07329779	CHN::SAMN07329779	focal	historical_all_available_gate_rescue		CHN	China	Asia	2015-01-01	2015-12-31	year	2015		PRJNA393244	ptxP1/fim3-1	provisional_marker_or_published_annotation	SRS2344756	SAMN07329779	RRASM_SRR5814322	SRR5814322	local_fasta									ok	PASS	True	2026-07-24												0	resolved_local_fasta					assembly	3905899	67.72845380794537	0.0	348	21228			True	0.004570826350000001	2015.4986301369863	prepandemic
CHN__SAMN07329785	CHN::SAMN07329785	focal	historical_all_available_gate_rescue		CHN	China	Asia	2015-01-01	2015-12-31	year	2015		PRJNA393244	ptxP3/fim3-1	provisional_marker_or_published_annotation	SRS2344727	SAMN07329785	RRASM_SRR5814350	SRR5814350	local_fasta					3880827	67.75	333	22532	ok	PASS	True	2026-07-24												0	resolved_local_fasta					assembly	3880827	67.75393492160305	0.0	333	22532			True	0.00463503095	2015.4986301369863	prepandemic
CHN__SAMN07329787	CHN::SAMN07329787	focal	historical_all_available_gate_rescue		CHN	China	Asia	2015-01-01	2015-12-31	year	2015		PRJNA393244	ptxP1/fim3-1	provisional_marker_or_published_annotation	SRS2344728	SAMN07329787	RRASM_SRR5814348	SRR5814348	local_fasta									ok	PASS	True	2026-07-24												0	resolved_local_fasta					assembly	3902477	67.7579393805524	0.0	362	20944			True	0.004541576050000003	2015.4986301369863	prepandemic
CHN__SAMN09947486	CHN::SAMN09947486	focal	historical_all_available_gate_rescue		CHN	China	Asia	2015-01-01	2015-12-31	year	2015		PRJNA489102	ptxP1/fim3-1	provisional_marker_or_published_annotation	SRS4432881	SAMN09947486	RRASM_SRR8661733	SRR8661733	local_fasta					3883169	67.82	325	21996	ok	PASS	True	2026-07-24												0	resolved_local_fasta					assembly	3883169	67.82331647167558	0.0	325	21996			True	0.0045588199500000036	2015.4986301369863	prepandemic
CHN__SAMN09947492	CHN::SAMN09947492	focal	historical_all_available_gate_rescue		CHN	China	Asia	2015-01-01	2015-12-31	year	2015		PRJNA489102	ptxP1/fim3-1	provisional_marker_or_published_annotation	SRS4432879	SAMN09947492	RRASM_SRR8661735	SRR8661735	local_fasta									ok	PASS	True	2026-07-24												0	resolved_local_fasta					assembly	3901121	67.7741602990525	0.0	348	20911			True	0.004530005950000003	2015.4986301369863	prepandemic
CHN__SAMN09947493	CHN::SAMN09947493	focal	historical_all_available_gate_rescue		CHN	China	Asia	2015-01-01	2015-12-31	year	2015		PRJNA489102		provisional_marker_or_published_annotation	SRS4432928	SAMN09947493	RRASM_SRR8661686	SRR8661686	local_fasta					3898481	67.78	337	20911	ok	PASS	True	2026-07-24												0	resolved_local_fasta					assembly	3898481	67.77788579705788	0.0	337	20911			True	0.004530213450000002	2015.4986301369863	prepandemic
CHN__SAMN07329781	CHN::SAMN07329781	focal	historical_all_available_gate_rescue		CHN	China	Asia	2016-01-01	2016-12-31	year	2016		PRJNA393244	ptxP1/fim3-1	provisional_marker_or_published_annotation	SRS2344757	SAMN07329781	RRASM_SRR5814320	SRR5814320	local_fasta									ok	PASS	True	2026-07-24												0	resolved_local_fasta					assembly	3898700	67.75530304973452	0.0	351	20911			True	0.004576161950000004	2016.4986338797814	prepandemic
CHN__SAMN07329782	CHN::SAMN07329782	focal	historical_all_available_gate_rescue		CHN	China	Asia	2016-01-01	2016-12-31	year	2016		PRJNA393244	ptxP1/fim3-1	provisional_marker_or_published_annotation	SRS2344755	SAMN07329782	RRASM_SRR5814321	SRR5814321	local_fasta									ok	PASS	True	2026-07-24												0	resolved_local_fasta					assembly	3899330	67.74479205401954	0.0	363	20747			True	0.004576506850000002	2016.4986338797814	prepandemic
CHN__SAMN07329783	CHN::SAMN07329783	focal	historical_all_available_gate_rescue		CHN	China	Asia	2016-01-01	2016-12-31	year	2016		PRJNA393244	ptxP1/fim3-1	provisional_marker_or_published_annotation	SRS2344749	SAMN07329783	RRASM_SRR5814329	SRR5814329	local_fasta									ok	PASS	True	2026-07-24												0	resolved_local_fasta					assembly	3900322	67.74661169000919	0.0	361	20744			True	0.004570674750000003	2016.4986338797814	prepandemic
CHN__SAMN07329789	CHN::SAMN07329789	focal	historical_all_available_gate_rescue		CHN	China	Asia	2016-01-01	2016-12-31	year	2016		PRJNA393244	ptxP1/fim3-1	provisional_marker_or_published_annotation	SRS2344730	SAMN07329789	RRASM_SRR5814346	SRR5814346	local_fasta									ok	PASS	True	2026-07-24												0	resolved_local_fasta					assembly	3898845	67.75514286923435	0.0	353	20932			True	0.004570447450000003	2016.4986338797814	prepandemic
CHN__SAMN07329790	CHN::SAMN07329790	focal	historical_all_available_gate_rescue		CHN	China	Asia	2016-01-01	2016-12-31	year	2016		PRJNA393244		provisional_marker_or_published_annotation	SRS2344732	SAMN07329790	RRASM_SRR5814345	SRR5814345	local_fasta					3899655	67.76	343	21232	ok	PASS	True	2026-07-24												0	resolved_local_fasta					assembly	3899655	67.76214819003219	0.0	343	21232			True	0.004570435050000003	2016.4986338797814	prepandemic
CHN__SAMN07329793	CHN::SAMN07329793	focal	historical_all_available_gate_rescue		CHN	China	Asia	2016-01-01	2016-12-31	year	2016		PRJNA393244	ptxP3/fim3-1	provisional_marker_or_published_annotation	SRS2344735	SAMN07329793	RRASM_SRR5814342	SRR5814342	local_fasta									ok	PASS	True	2026-07-24												0	resolved_local_fasta					assembly	3836035	67.85519423050103	0.0	415	22674			True	0.004606358249999999	2016.4986338797814	prepandemic
CHN__SAMN33268689	CHN::SAMN33268689	focal	historical_all_available_gate_rescue		CHN	China	Asia	2016-02-01	2016-02-29	month	2016	2	PRJNA934182	ptxP3	provisional_marker_or_published_annotation	SAMN33268689	SAMN33268689	GCA_028747745		ncbi_assembly_download									ok	PASS	True	2026-07-24												0	resolved_ncbi_assembly					assembly	4115400	67.69927589055742	0.0	1	4115400			True	0.004600253549999999	2016.122950819672	prepandemic
CHN__SAMN33268690	CHN::SAMN33268690	focal	historical_all_available_gate_rescue		CHN	China	Asia	2016-06-01	2016-06-30	month	2016	6	PRJNA934183		provisional_marker_or_published_annotation	SAMN33268690	SAMN33268690	GCA_028747765		ncbi_assembly_download									ok	PASS	True	2026-07-24												0	resolved_ncbi_assembly					assembly	4127463	67.71927452771835	0.0	1	4127463			True	0.004564720850000004	2016.454918032787	prepandemic
CHN__SAMN39683174	CHN::SAMN39683174	focal	historical_all_available_gate_rescue		CHN	China	Asia	2016-01-01	2016-12-31	year	2016		PRJNA1071282	ptxP3/fim3-1	provisional_marker_or_published_annotation	SRS20312643	SAMN39683174	RRASM_SRR27796254	SRR27796254	local_fasta					3860407	67.82	324	22500	ok	PASS	True	2026-07-24												0	resolved_local_fasta					assembly	3860407	67.82334090680077	0.0	324	22500			True	0.004687345549999999	2016.4986338797814	prepandemic
CHN__SAMN39683176	CHN::SAMN39683176	focal	historical_all_available_gate_rescue		CHN	China	Asia	2016-01-01	2016-12-31	year	2016		PRJNA1071282	ptxP3/fim3-1	provisional_marker_or_published_annotation	SRS20312645	SAMN39683176	RRASM_SRR27796252	SRR27796252	local_fasta					3865177	67.82	349	20912	ok	PASS	True	2026-07-24												0	resolved_local_fasta					assembly	3865177	67.82064572980745	0.0	349	20912			True	0.004693270549999998	2016.4986338797814	prepandemic
CHN__SAMN39682877	CHN::SAMN39682877	focal	historical_all_available_gate_rescue		CHN	China	Asia	2017-01-01	2017-12-31	year	2017		PRJNA1071282	ptxP1/fim3-1	provisional_marker_or_published_annotation	SRS20312802	SAMN39682877	RRASM_SRR27796093	SRR27796093	local_fasta					3869400	67.85	333	20871	ok	PASS	True	2026-07-24												0	resolved_local_fasta					assembly	3869400	67.84597095156872	0.0	333	20871			True	0.004564894850000002	2017.4986301369863	prepandemic
CHN__SAMN39682878	CHN::SAMN39682878	focal	historical_all_available_gate_rescue		CHN	China	Asia	2017-01-01	2017-12-31	year	2017		PRJNA1071282	ptxP1/fim3-1	provisional_marker_or_published_annotation	SRS20312814	SAMN39682878	RRASM_SRR27796082	SRR27796082	local_fasta					3869209	67.85	337	20941	ok	PASS	True	2026-07-24												0	resolved_local_fasta					assembly	3869209	67.84611531711003	0.0	337	20941			True	0.0045705258500000024	2017.4986301369863	prepandemic
CHN__SAMN09941175	CHN::SAMN09941175	focal	historical_all_available_gate_rescue		CHN	China	Asia	2018-08-21	2018-08-21	day	2018	8	PRJNA488737	ptxP1/fim3-1	provisional_marker_or_published_annotation	SAMN09941175	SAMN09941175	GCA_014856975		ncbi_assembly_download									ok	PASS	True	2026-07-24												0	resolved_ncbi_assembly					assembly	3825847	67.94500668740804	0.00010455201161991057	396	15469			True	0.004721484250000002	2018.6356164383562	prepandemic
CHN__SAMN17613197	CHN::SAMN17613197	focal	historical_all_available_gate_rescue		CHN	China	Asia	2018-01-01	2018-12-31	year	2018		PRJNA695405	ptxP1/fim3-1	provisional_marker_or_published_annotation	SAMN17613197	SAMN17613197	GCA_023101445		ncbi_assembly_download									ok	PASS	True	2026-07-24												0	resolved_ncbi_assembly					assembly	3862440	67.87287310611944	0.0	271	20971			True	0.004616982750000002	2018.4986301369863	prepandemic
CHN__SAMN17613198	CHN::SAMN17613198	focal	historical_all_available_gate_rescue		CHN	China	Asia	2018-01-01	2018-12-31	year	2018		PRJNA695405	ptxP1/fim3-1	provisional_marker_or_published_annotation	SAMN17613198	SAMN17613198	GCA_023101465		ncbi_assembly_download									ok	PASS	True	2026-07-24												0	resolved_ncbi_assembly					assembly	3848705	67.87488259037781	0.0	311	19510			True	0.004599795650000002	2018.4986301369863	prepandemic
CHN__SAMN22233915	CHN::SAMN22233915	focal	historical_all_available_gate_rescue		CHN	China	Asia	2018-01-01	2018-12-31	year	2018		PRJNA770762	ptxP1/fim3-1	provisional_marker_or_published_annotation	SRS10538261	SAMN22233915	RRASM_SRR16303914	SRR16303914	local_fasta									ok	PASS	True	2026-07-24												0	resolved_local_fasta					assembly	3854527	67.86811974595066	0.0	348	20893			True	0.004565024750000002	2018.4986301369863	prepandemic
CHN__SAMN22233924	CHN::SAMN22233924	focal	historical_all_available_gate_rescue		CHN	China	Asia	2018-01-01	2018-12-31	year	2018		PRJNA770762	ptxP3/fim3-2	provisional_marker_or_published_annotation	SRS10538224	SAMN22233924	RRASM_SRR16303951	SRR16303951	local_fasta									ok	PASS	True	2026-07-24												0	resolved_local_fasta					assembly	3836936	67.85236970332578	0.0	354	22540			True	0.004574700149999997	2018.4986301369863	prepandemic
CHN__SAMN32033974	CHN::SAMN32033974	focal	historical_all_available_gate_rescue		CHN	China	Asia	2018-01-01	2018-12-31	year	2018		PRJNA908268		provisional_marker_or_published_annotation	SRS15975384	SAMN32033974	RRASM_SRR22541019	SRR22541019	local_fasta					3886969	67.79	343	20911	ok	PASS	True	2026-07-24												0	resolved_local_fasta					assembly	3886969	67.7944948879191	0.0	343	20911			True	0.004564970550000003	2018.4986301369863	prepandemic
CHN__SAMN32033981	CHN::SAMN32033981	focal	historical_all_available_gate_rescue		CHN	China	Asia	2018-01-01	2018-12-31	year	2018		PRJNA908268		provisional_marker_or_published_annotation	SRS15975360	SAMN32033981	RRASM_SRR22541043	SRR22541043	local_fasta					3884104	67.82	347	20879	ok	PASS	True	2026-07-24												0	resolved_local_fasta					assembly	3884104	67.81793175465951	0.0	347	20879			True	0.004582149750000003	2018.4986301369863	prepandemic
CHN__SAMN33268552	CHN::SAMN33268552	focal	historical_all_available_gate_rescue		CHN	China	Asia	2018-04-01	2018-04-30	month	2018	4	PRJNA934178	ptxP3	provisional_marker_or_published_annotation	SAMN33268552	SAMN33268552	GCA_028747725		ncbi_assembly_download									ok	PASS	True	2026-07-24												0	resolved_ncbi_assembly					assembly	4109051	67.70529253591644	0.0	1	4109051			True	0.004617627349999999	2018.286301369863	prepandemic
CHN__SAMN39682971	CHN::SAMN39682971	focal	historical_all_available_gate_rescue		CHN	China	Asia	2018-01-01	2018-12-31	year	2018		PRJNA1071282	ptxP1/fim3-1	provisional_marker_or_published_annotation	SRS20312777	SAMN39682971	RRASM_SRR27796120	SRR27796120	local_fasta									ok	PASS	True	2026-07-24												0	resolved_local_fasta					assembly	3871156	67.84255142391575	0.0	355	20859			True	0.0045878899500000035	2018.4986301369863	prepandemic
CHN__SAMN39683227	CHN::SAMN39683227	focal	historical_all_available_gate_rescue		CHN	China	Asia	2018-01-01	2018-12-31	year	2018		PRJNA1071282	ptxP3/fim3-1	provisional_marker_or_published_annotation	SRS20313061	SAMN39683227	RRASM_SRR27796474	SRR27796474	local_fasta					3850232	67.84	331	21160	ok	PASS	True	2026-07-24												0	resolved_local_fasta					assembly	3850232	67.83534083140964	0.0	331	21160			True	0.004641646849999996	2018.4986301369863	prepandemic
CHN__SAMN50151934	CHN::SAMN50151934	focal	historical_all_available_gate_rescue		CHN	China	Asia	2018-01-01	2018-12-31	year	2018		PRJNA1295129		provisional_marker_or_published_annotation	SAMN50151934	SAMN50151934	GCA_053475005		ncbi_assembly_download									ok	PASS	True	2026-07-24												0	resolved_ncbi_assembly					assembly	3826747	67.87848791676063	0.0	272	20404			True	0.004647142049999997	2018.4986301369863	prepandemic
CHN__SAMN50151935	CHN::SAMN50151935	focal	historical_all_available_gate_rescue		CHN	China	Asia	2018-01-01	2018-12-31	year	2018		PRJNA1295129		provisional_marker_or_published_annotation	SAMN50151935	SAMN50151935	GCA_053474985		ncbi_assembly_download									ok	PASS	True	2026-07-24												0	resolved_ncbi_assembly					assembly	3846169	67.89262250306734	0.0	264	20844			True	0.0045417050500000024	2018.4986301369863	prepandemic
CHN__SAMN50151936	CHN::SAMN50151936	focal	historical_all_available_gate_rescue		CHN	China	Asia	2018-01-01	2018-12-31	year	2018		PRJNA1295129		provisional_marker_or_published_annotation	SAMN50151936	SAMN50151936	GCA_053474965		ncbi_assembly_download									ok	PASS	True	2026-07-24												0	resolved_ncbi_assembly					assembly	3845812	67.89060411689391	0.0	272	20647			True	0.004541823150000002	2018.4986301369863	prepandemic
CHN__SAMN50151937	CHN::SAMN50151937	focal	historical_all_available_gate_rescue		CHN	China	Asia	2018-01-01	2018-12-31	year	2018		PRJNA1295129		provisional_marker_or_published_annotation	SAMN50151937	SAMN50151937	GCA_053474945		ncbi_assembly_download									ok	PASS	True	2026-07-24												0	resolved_ncbi_assembly					assembly	3845408	67.8916515490684	0.0	270	20647			True	0.004588037050000002	2018.4986301369863	prepandemic
CHN__SAMN50151938	CHN::SAMN50151938	focal	historical_all_available_gate_rescue		CHN	China	Asia	2018-01-01	2018-12-31	year	2018		PRJNA1295129		provisional_marker_or_published_annotation	SAMN50151938	SAMN50151938	GCA_053474925		ncbi_assembly_download									ok	PASS	True	2026-07-24												0	resolved_ncbi_assembly					assembly	3845245	67.89242297955006	0.0	268	20647			True	0.0045474675500000025	2018.4986301369863	prepandemic
CHN__SAMN50151939	CHN::SAMN50151939	focal	historical_all_available_gate_rescue		CHN	China	Asia	2018-01-01	2018-12-31	year	2018		PRJNA1295129		provisional_marker_or_published_annotation	SAMN50151939	SAMN50151939	GCA_053474905		ncbi_assembly_download									ok	PASS	True	2026-07-24												0	resolved_ncbi_assembly					assembly	3845415	67.89121590257488	0.0	270	20647			True	0.004576438250000002	2018.4986301369863	prepandemic
CHN__SAMN50151940	CHN::SAMN50151940	focal	historical_all_available_gate_rescue		CHN	China	Asia	2018-01-01	2018-12-31	year	2018		PRJNA1295129		provisional_marker_or_published_annotation	SAMN50151940	SAMN50151940	GCA_053474745		ncbi_assembly_download									ok	PASS	True	2026-07-24												0	resolved_ncbi_assembly					assembly	3827352	67.88215455489853	0.0	264	20844			True	0.004612807849999996	2018.4986301369863	prepandemic
CHN__SAMN50151941	CHN::SAMN50151941	focal	historical_all_available_gate_rescue		CHN	China	Asia	2018-01-01	2018-12-31	year	2018		PRJNA1295129		provisional_marker_or_published_annotation	SAMN50151941	SAMN50151941	GCA_053474765		ncbi_assembly_download									ok	PASS	True	2026-07-24												0	resolved_ncbi_assembly					assembly	3846411	67.89264069804292	0.0	270	20270			True	0.004570561650000003	2018.4986301369863	prepandemic
CHN__SAMN50151942	CHN::SAMN50151942	focal	historical_all_available_gate_rescue		CHN	China	Asia	2018-01-01	2018-12-31	year	2018		PRJNA1295129		provisional_marker_or_published_annotation	SAMN50151942	SAMN50151942	GCA_053474725		ncbi_assembly_download									ok	PASS	True	2026-07-24												0	resolved_ncbi_assembly					assembly	3845357	67.89205787655087	0.0	268	20647			True	0.0045476045500000015	2018.4986301369863	prepandemic
CHN__SAMN50151943	CHN::SAMN50151943	focal	historical_all_available_gate_rescue		CHN	China	Asia	2018-01-01	2018-12-31	year	2018		PRJNA1295129		provisional_marker_or_published_annotation	SAMN50151943	SAMN50151943	GCA_053474685		ncbi_assembly_download									ok	PASS	True	2026-07-24												0	resolved_ncbi_assembly					assembly	3826955	67.88201063247412	0.0	264	21132			True	0.004641669549999996	2018.4986301369863	prepandemic
CHN__SAMN50151944	CHN::SAMN50151944	focal	historical_all_available_gate_rescue		CHN	China	Asia	2018-01-01	2018-12-31	year	2018		PRJNA1295129		provisional_marker_or_published_annotation	SAMN50151944	SAMN50151944	GCA_053474705		ncbi_assembly_download									ok	PASS	True	2026-07-24												0	resolved_ncbi_assembly					assembly	3827892	67.88203533433023	0.0	263	20919			True	0.004618645849999995	2018.4986301369863	prepandemic
CHN__SAMN50151945	CHN::SAMN50151945	focal	historical_all_available_gate_rescue		CHN	China	Asia	2018-01-01	2018-12-31	year	2018		PRJNA1295129		provisional_marker_or_published_annotation	SAMN50151945	SAMN50151945	GCA_053474665		ncbi_assembly_download									ok	PASS	True	2026-07-24												0	resolved_ncbi_assembly					assembly	3845667	67.89126567640932	0.0	272	20270			True	0.004582149750000003	2018.4986301369863	prepandemic
CHN__SAMN50151946	CHN::SAMN50151946	focal	historical_all_available_gate_rescue		CHN	China	Asia	2018-01-01	2018-12-31	year	2018		PRJNA1295129		provisional_marker_or_published_annotation	SAMN50151946	SAMN50151946	GCA_053474645		ncbi_assembly_download									ok	PASS	True	2026-07-24												0	resolved_ncbi_assembly					assembly	3846422	67.89104263650738	0.0	266	20810			True	0.0045649593500000024	2018.4986301369863	prepandemic
CHN__SAMN50151947	CHN::SAMN50151947	focal	historical_all_available_gate_rescue		CHN	China	Asia	2018-01-01	2018-12-31	year	2018		PRJNA1295129		provisional_marker_or_published_annotation	SAMN50151947	SAMN50151947	GCA_053474625		ncbi_assembly_download									ok	PASS	True	2026-07-24												0	resolved_ncbi_assembly					assembly	3826971	67.88149165488842	0.0	264	20914			True	0.0046126194499999966	2018.4986301369863	prepandemic
CHN__SAMN50151948	CHN::SAMN50151948	focal	historical_all_available_gate_rescue		CHN	China	Asia	2018-01-01	2018-12-31	year	2018		PRJNA1295129		provisional_marker_or_published_annotation	SAMN50151948	SAMN50151948	GCA_053474605		ncbi_assembly_download									ok	PASS	True	2026-07-24												0	resolved_ncbi_assembly					assembly	3844788	67.8902451838697	0.0	272	20270			True	0.004564741750000004	2018.4986301369863	prepandemic
CHN__SAMN50151949	CHN::SAMN50151949	focal	historical_all_available_gate_rescue		CHN	China	Asia	2018-01-01	2018-12-31	year	2018		PRJNA1295129		provisional_marker_or_published_annotation	SAMN50151949	SAMN50151949	GCA_053474585		ncbi_assembly_download									ok	PASS	True	2026-07-24												0	resolved_ncbi_assembly					assembly	3844701	67.88951858675095	0.0	270	20403			True	0.004616684250000004	2018.4986301369863	prepandemic
CHN__SAMN50151950	CHN::SAMN50151950	focal	historical_all_available_gate_rescue		CHN	China	Asia	2018-01-01	2018-12-31	year	2018		PRJNA1295129		provisional_marker_or_published_annotation	SAMN50151950	SAMN50151950	GCA_053474545		ncbi_assembly_download									ok	PASS	True	2026-07-24												0	resolved_ncbi_assembly					assembly	3827462	67.88088294540873	0.0	269	20404			True	0.0046299056499999975	2018.4986301369863	prepandemic
CHN__SAMN50151951	CHN::SAMN50151951	focal	historical_all_available_gate_rescue		CHN	China	Asia	2018-01-01	2018-12-31	year	2018		PRJNA1295129		provisional_marker_or_published_annotation	SAMN50151951	SAMN50151951	GCA_053474565		ncbi_assembly_download									ok	PASS	True	2026-07-24												0	resolved_ncbi_assembly					assembly	3827265	67.8812154371333	0.0	267	20802			True	0.0046010835499999975	2018.4986301369863	prepandemic
CHN__SAMN50151952	CHN::SAMN50151952	focal	historical_all_available_gate_rescue		CHN	China	Asia	2018-01-01	2018-12-31	year	2018		PRJNA1295129		provisional_marker_or_published_annotation	SAMN50151952	SAMN50151952	GCA_053474505		ncbi_assembly_download									ok	PASS	True	2026-07-24												0	resolved_ncbi_assembly					assembly	3837359	67.89523732337787	0.0	270	20832			True	0.004599346350000004	2018.4986301369863	prepandemic
CHN__SAMN50151953	CHN::SAMN50151953	focal	historical_all_available_gate_rescue		CHN	China	Asia	2018-01-01	2018-12-31	year	2018		PRJNA1295129		provisional_marker_or_published_annotation	SAMN50151953	SAMN50151953	GCA_053474485		ncbi_assembly_download									ok	PASS	True	2026-07-24												0	resolved_ncbi_assembly					assembly	3845188	67.88851416367679	0.0	273	20215			True	0.0045993446500000035	2018.4986301369863	prepandemic
CHN__SAMN50151954	CHN::SAMN50151954	focal	historical_all_available_gate_rescue		CHN	China	Asia	2018-01-01	2018-12-31	year	2018		PRJNA1295129		provisional_marker_or_published_annotation	SAMN50151954	SAMN50151954	GCA_053474525		ncbi_assembly_download									ok	PASS	True	2026-07-24												0	resolved_ncbi_assembly					assembly	3844390	67.88954814678011	0.0	270	20403			True	0.004570948350000002	2018.4986301369863	prepandemic
CHN__SAMN50151955	CHN::SAMN50151955	focal	historical_all_available_gate_rescue		CHN	China	Asia	2018-01-01	2018-12-31	year	2018		PRJNA1295129		provisional_marker_or_published_annotation	SAMN50151955	SAMN50151955	GCA_053474465		ncbi_assembly_download									ok	PASS	True	2026-07-24												0	resolved_ncbi_assembly					assembly	3827235	67.88083302958924	0.0	268	20913			True	0.004617729049999998	2018.4986301369863	prepandemic
CHN__SAMN50151956	CHN::SAMN50151956	focal	historical_all_available_gate_rescue		CHN	China	Asia	2018-01-01	2018-12-31	year	2018		PRJNA1295129		provisional_marker_or_published_annotation	SAMN50151956	SAMN50151956	GCA_053474425		ncbi_assembly_download									ok	PASS	True	2026-07-24												0	resolved_ncbi_assembly					assembly	3826555	67.87982924588827	0.0	268	20913			True	0.0046292674499999985	2018.4986301369863	prepandemic
CHN__SAMN50151957	CHN::SAMN50151957	focal	historical_all_available_gate_rescue		CHN	China	Asia	2018-01-01	2018-12-31	year	2018		PRJNA1295129		provisional_marker_or_published_annotation	SAMN50151957	SAMN50151957	GCA_053474445		ncbi_assembly_download									ok	PASS	True	2026-07-24												0	resolved_ncbi_assembly					assembly	3827225	67.8793120341762	0.0	268	20647			True	0.0045830199499999995	2018.4986301369863	prepandemic
CHN__SAMN22233918	CHN::SAMN22233918	focal	historical_all_available_gate_rescue		CHN	China	Asia	2019-01-01	2019-12-31	year	2019		PRJNA770762	ptxP1/fim3-1	provisional_marker_or_published_annotation	SRS10538264	SAMN22233918	RRASM_SRR16303911	SRR16303911	local_fasta									ok	PASS	True	2026-07-24												0	resolved_local_fasta					assembly	3855324	67.8664361283254	0.0	354	20893			True	0.004559139650000002	2019.4986301369863	prepandemic
CHN__SAMN22233923	CHN::SAMN22233923	focal	historical_all_available_gate_rescue		CHN	China	Asia	2019-01-01	2019-12-31	year	2019		PRJNA770762	ptxP1/fim3-1	provisional_marker_or_published_annotation	SRS10538223	SAMN22233923	RRASM_SRR16303952	SRR16303952	local_fasta									ok	PASS	True	2026-07-24												0	resolved_local_fasta					assembly	3855666	67.8649810434825	0.0	341	21908			True	0.004593847750000003	2019.4986301369863	prepandemic
CHN__SAMN32033992	CHN::SAMN32033992	focal	historical_all_available_gate_rescue		CHN	China	Asia	2019-01-01	2019-12-31	year	2019		PRJNA908268		provisional_marker_or_published_annotation	SRS15975375	SAMN32033992	RRASM_SRR22541028	SRR22541028	local_fasta									ok	PASS	True	2026-07-24												0	resolved_local_fasta					assembly	3877217	67.82645902976284	0.0	331	20911			True	0.004547561250000003	2019.4986301369863	prepandemic
CHN__SAMN32033997	CHN::SAMN32033997	focal	historical_all_available_gate_rescue		CHN	China	Asia	2019-01-01	2019-12-31	year	2019		PRJNA908268		provisional_marker_or_published_annotation	SRS15975380	SAMN32033997	RRASM_SRR22541023	SRR22541023	local_fasta					3863184	67.82	327	20980	ok	PASS	True	2026-07-24												0	resolved_local_fasta					assembly	3863184	67.81504582748323	0.0	327	20980			True	0.004629205549999999	2019.4986301369863	prepandemic
CHN__SAMN39683481	CHN::SAMN39683481	focal	historical_all_available_gate_rescue		CHN	China	Asia	2019-01-01	2019-12-31	year	2019		PRJNA1071282	ptxP3/fim3-1	provisional_marker_or_published_annotation	SRS20312947	SAMN39683481	RRASM_SRR27796588	SRR27796588	local_fasta					3861573	67.82	316	23019	ok	PASS	True	2026-07-24												0	resolved_local_fasta					assembly	3861573	67.81718227261274	0.0	316	23019			True	0.004635864549999995	2019.4986301369863	prepandemic
CHN__SAMN39683486	CHN::SAMN39683486	focal	historical_all_available_gate_rescue		CHN	China	Asia	2019-01-01	2019-12-31	year	2019		PRJNA1071282	ptxP1/fim3-1	provisional_marker_or_published_annotation	SRS20312953	SAMN39683486	RRASM_SRR27796582	SRR27796582	local_fasta					3881367	67.83	328	21996	ok	PASS	True	2026-07-24												0	resolved_local_fasta					assembly	3881367	67.82543366808653	0.0	328	21996			True	0.004605478250000002	2019.4986301369863	prepandemic
CHN__SAMN41373914	CHN::SAMN41373914	focal	historical_all_available_gate_rescue		CHN	China	Asia	2019-01-01	2019-12-31	year	2019		PRJNA1110622	ptxP1/fim3-1	provisional_marker_or_published_annotation	SAMN41373914	SAMN41373914	GCA_039679045		ncbi_assembly_download									ok	PASS	True	2026-07-24												0	resolved_ncbi_assembly					assembly	3847016	67.89859984985766	0.0	269	20647			True	0.004570426050000004	2019.4986301369863	prepandemic
CHN__SAMN41373915	CHN::SAMN41373915	focal	historical_all_available_gate_rescue		CHN	China	Asia	2019-01-01	2019-12-31	year	2019		PRJNA1110622	ptxP1/fim3-1	provisional_marker_or_published_annotation	SAMN41373915	SAMN41373915	GCA_039679025		ncbi_assembly_download									ok	PASS	True	2026-07-24												0	resolved_ncbi_assembly					assembly	3848913	67.89924843715615	0.0	268	20831			True	0.004599149350000004	2019.4986301369863	prepandemic
CHN__SAMN41373916	CHN::SAMN41373916	focal	historical_all_available_gate_rescue		CHN	China	Asia	2019-01-01	2019-12-31	year	2019		PRJNA1110622	ptxP1/fim3-1	provisional_marker_or_published_annotation	SAMN41373916	SAMN41373916	GCA_039679005		ncbi_assembly_download									ok	PASS	True	2026-07-24												0	resolved_ncbi_assembly					assembly	3847602	67.89930455384939	0.0	269	20647			True	0.004593749350000002	2019.4986301369863	prepandemic
CHN__SAMN41373917	CHN::SAMN41373917	focal	historical_all_available_gate_rescue		CHN	China	Asia	2019-01-01	2019-12-31	year	2019		PRJNA1110622	ptxP1/fim3-1	provisional_marker_or_published_annotation	SAMN41373917	SAMN41373917	GCA_039678985		ncbi_assembly_download									ok	PASS	True	2026-07-24												0	resolved_ncbi_assembly					assembly	3847332	67.89868927350174	0.0	273	20403			True	0.004582025050000003	2019.4986301369863	prepandemic
CHN__SAMN41373918	CHN::SAMN41373918	focal	historical_all_available_gate_rescue		CHN	China	Asia	2019-01-01	2019-12-31	year	2019		PRJNA1110622	ptxP1/fim3-1	provisional_marker_or_published_annotation	SAMN41373918	SAMN41373918	GCA_039678945		ncbi_assembly_download									ok	PASS	True	2026-07-24												0	resolved_ncbi_assembly					assembly	3847565	67.902010752255	0.0	271	20647			True	0.0045704756500000035	2019.4986301369863	prepandemic
CHN__SAMN41373919	CHN::SAMN41373919	focal	historical_all_available_gate_rescue		CHN	China	Asia	2019-01-01	2019-12-31	year	2019		PRJNA1110622	ptxP1/fim3-1	provisional_marker_or_published_annotation	SAMN41373919	SAMN41373919	GCA_039678955		ncbi_assembly_download									ok	PASS	True	2026-07-24												0	resolved_ncbi_assembly					assembly	3846220	67.89939213045535	0.0	273	20403			True	0.004616805950000003	2019.4986301369863	prepandemic
CHN__SAMN41373920	CHN::SAMN41373920	focal	historical_all_available_gate_rescue		CHN	China	Asia	2019-01-01	2019-12-31	year	2019		PRJNA1110622	ptxP3/fim3-1	provisional_marker_or_published_annotation	SAMN41373920	SAMN41373920	GCA_039678925		ncbi_assembly_download									ok	PASS	True	2026-07-24												0	resolved_ncbi_assembly					assembly	3830236	67.88918489617872	0.0	264	20919			True	0.004664742449999996	2019.4986301369863	prepandemic
CHN__SAMN41373921	CHN::SAMN41373921	focal	historical_all_available_gate_rescue		CHN	China	Asia	2019-01-01	2019-12-31	year	2019		PRJNA1110622	ptxP1/fim3-1	provisional_marker_or_published_annotation	SAMN41373921	SAMN41373921	GCA_039678885		ncbi_assembly_download									ok	PASS	True	2026-07-24												0	resolved_ncbi_assembly					assembly	3847545	67.89729554820022	0.0	268	20913			True	0.004593785250000004	2019.4986301369863	prepandemic
CHN__SAMN41373922	CHN::SAMN41373922	focal	historical_all_available_gate_rescue		CHN	China	Asia	2019-01-01	2019-12-31	year	2019		PRJNA1110622	ptxP1/fim3-1	provisional_marker_or_published_annotation	SAMN41373922	SAMN41373922	GCA_039678845		ncbi_assembly_download									ok	PASS	True	2026-07-24												0	resolved_ncbi_assembly					assembly	3846172	67.89795152166882	0.0	267	20811			True	0.004582003650000003	2019.4986301369863	prepandemic
CHN__SAMN41373923	CHN::SAMN41373923	focal	historical_all_available_gate_rescue		CHN	China	Asia	2019-01-01	2019-12-31	year	2019		PRJNA1110622	ptxP3/fim3-1	provisional_marker_or_published_annotation	SAMN41373923	SAMN41373923	GCA_039678865		ncbi_assembly_download									ok	PASS	True	2026-07-24												0	resolved_ncbi_assembly					assembly	3829325	67.89097295215214	0.0	266	20647			True	0.004624141049999996	2019.4986301369863	prepandemic
CHN__SAMN41373924	CHN::SAMN41373924	focal	historical_all_available_gate_rescue		CHN	China	Asia	2019-01-01	2019-12-31	year	2019		PRJNA1110622	ptxP1/fim3-1	provisional_marker_or_published_annotation	SAMN41373924	SAMN41373924	GCA_039678805		ncbi_assembly_download									ok	PASS	True	2026-07-24												0	resolved_ncbi_assembly					assembly	3847674	67.89790403241022	0.0	270	20811			True	0.004593785250000004	2019.4986301369863	prepandemic
CHN__SAMN41373925	CHN::SAMN41373925	focal	historical_all_available_gate_rescue		CHN	China	Asia	2019-01-01	2019-12-31	year	2019		PRJNA1110622	ptxP1/fim3-1	provisional_marker_or_published_annotation	SAMN41373925	SAMN41373925	GCA_039678895		ncbi_assembly_download									ok	PASS	True	2026-07-24												0	resolved_ncbi_assembly					assembly	3847916	67.89950716179875	0.0	275	20403			True	0.004558907350000003	2019.4986301369863	prepandemic
CHN__SAMN41373927	CHN::SAMN41373927	focal	historical_all_available_gate_rescue		CHN	China	Asia	2019-01-01	2019-12-31	year	2019		PRJNA1110622	ptxP1/fim3-1	provisional_marker_or_published_annotation	SAMN41373927	SAMN41373927	GCA_039678765		ncbi_assembly_download									ok	PASS	True	2026-07-24												0	resolved_ncbi_assembly					assembly	3846460	67.89858727245311	0.0	273	20403			True	0.004593561050000004	2019.4986301369863	prepandemic
CHN__SAMN41373928	CHN::SAMN41373928	focal	historical_all_available_gate_rescue		CHN	China	Asia	2019-01-01	2019-12-31	year	2019		PRJNA1110622	ptxP1/fim3-1	provisional_marker_or_published_annotation	SAMN41373928	SAMN41373928	GCA_039678785		ncbi_assembly_download									ok	PASS	True	2026-07-24												0	resolved_ncbi_assembly					assembly	3849363	67.89720792764933	0.0	271	20811			True	0.004576394650000003	2019.4986301369863	prepandemic
CHN__SAMN41373929	CHN::SAMN41373929	focal	historical_all_available_gate_rescue		CHN	China	Asia	2019-01-01	2019-12-31	year	2019		PRJNA1110622	ptxP1/fim3-1	provisional_marker_or_published_annotation	SAMN41373929	SAMN41373929	GCA_039678705		ncbi_assembly_download									ok	PASS	True	2026-07-24												0	resolved_ncbi_assembly					assembly	3846925	67.89947815463	0.0	268	20810			True	0.004559177250000003	2019.4986301369863	prepandemic
CHN__SAMN41373930	CHN::SAMN41373930	focal	historical_all_available_gate_rescue		CHN	China	Asia	2019-01-01	2019-12-31	year	2019		PRJNA1110622	ptxP1/fim3-1	provisional_marker_or_published_annotation	SAMN41373930	SAMN41373930	GCA_039678745		ncbi_assembly_download									ok	PASS	True	2026-07-24												0	resolved_ncbi_assembly					assembly	3846522	67.89897471014075	0.0	271	20811			True	0.004610874150000004	2019.4986301369863	prepandemic
CHN__SAMN41373931	CHN::SAMN41373931	focal	historical_all_available_gate_rescue		CHN	China	Asia	2019-01-01	2019-12-31	year	2019		PRJNA1110622	ptxP1/fim3-1	provisional_marker_or_published_annotation	SAMN41373931	SAMN41373931	GCA_039678725		ncbi_assembly_download									ok	PASS	True	2026-07-24												0	resolved_ncbi_assembly					assembly	3846730	67.89571922126065	0.0	267	20811			True	0.004587746250000003	2019.4986301369863	prepandemic
CHN__SAMN41373932	CHN::SAMN41373932	focal	historical_all_available_gate_rescue		CHN	China	Asia	2019-01-01	2019-12-31	year	2019		PRJNA1110622	ptxP1/fim3-1	provisional_marker_or_published_annotation	SAMN41373932	SAMN41373932	GCA_039678685		ncbi_assembly_download									ok	PASS	True	2026-07-24												0	resolved_ncbi_assembly					assembly	3847255	67.89794281897093	0.0	271	20811			True	0.004587829950000004	2019.4986301369863	prepandemic
CHN__SAMN41373933	CHN::SAMN41373933	focal	historical_all_available_gate_rescue		CHN	China	Asia	2019-01-01	2019-12-31	year	2019		PRJNA1110622	ptxP1/fim3-1	provisional_marker_or_published_annotation	SAMN41373933	SAMN41373933	GCA_039678665		ncbi_assembly_download									ok	PASS	True	2026-07-24												0	resolved_ncbi_assembly					assembly	3847147	67.8984972500401	0.0	268	20811			True	0.004564751650000004	2019.4986301369863	prepandemic
CHN__SAMN41373934	CHN::SAMN41373934	focal	historical_all_available_gate_rescue		CHN	China	Asia	2019-01-01	2019-12-31	year	2019		PRJNA1110622	ptxP1/fim3-1	provisional_marker_or_published_annotation	SAMN41373934	SAMN41373934	GCA_039678645		ncbi_assembly_download									ok	PASS	True	2026-07-24												0	resolved_ncbi_assembly					assembly	3848723	67.89732594421578	0.0	269	20647			True	0.004570454950000004	2019.4986301369863	prepandemic
CHN__SAMN41373935	CHN::SAMN41373935	focal	historical_all_available_gate_rescue		CHN	China	Asia	2019-01-01	2019-12-31	year	2019		PRJNA1110622	ptxP1/fim3-1	provisional_marker_or_published_annotation	SAMN41373935	SAMN41373935	GCA_039678625		ncbi_assembly_download									ok	PASS	True	2026-07-24												0	resolved_ncbi_assembly					assembly	3849548	67.90049117454828	0.0	268	20831			True	0.004599490150000003	2019.4986301369863	prepandemic
CHN__SAMN41373936	CHN::SAMN41373936	focal	historical_all_available_gate_rescue		CHN	China	Asia	2019-01-01	2019-12-31	year	2019		PRJNA1110622	ptxP1/fim3-1	provisional_marker_or_published_annotation	SAMN41373936	SAMN41373936	GCA_039678605		ncbi_assembly_download									ok	PASS	True	2026-07-24												0	resolved_ncbi_assembly					assembly	3847978	67.89615221292846	0.0	266	20831			True	0.004599170050000004	2019.4986301369863	prepandemic
CHN__SAMN41373937	CHN::SAMN41373937	focal	historical_all_available_gate_rescue		CHN	China	Asia	2019-01-01	2019-12-31	year	2019		PRJNA1110622	ptxP1/fim3-1	provisional_marker_or_published_annotation	SAMN41373937	SAMN41373937	GCA_039678585		ncbi_assembly_download									ok	PASS	True	2026-07-24												0	resolved_ncbi_assembly					assembly	3847786	67.90026784233842	0.0	271	20811			True	0.004570513550000004	2019.4986301369863	prepandemic
CHN__SAMN41373938	CHN::SAMN41373938	focal	historical_all_available_gate_rescue		CHN	China	Asia	2019-01-01	2019-12-31	year	2019		PRJNA1110622	ptxP1/fim3-1	provisional_marker_or_published_annotation	SAMN41373938	SAMN41373938	GCA_039678545		ncbi_assembly_download									ok	PASS	True	2026-07-24												0	resolved_ncbi_assembly					assembly	3849894	67.90041492051469	0.0	268	20831			True	0.004593412750000005	2019.4986301369863	prepandemic
CHN__SAMN41373939	CHN::SAMN41373939	focal	historical_all_available_gate_rescue		CHN	China	Asia	2019-01-01	2019-12-31	year	2019		PRJNA1110622	ptxP1/fim3-1	provisional_marker_or_published_annotation	SAMN41373939	SAMN41373939	GCA_039678525		ncbi_assembly_download									ok	PASS	True	2026-07-24												0	resolved_ncbi_assembly					assembly	3849714	67.90068041418142	0.0	267	20831			True	0.004576157250000003	2019.4986301369863	prepandemic
CHN__SAMN41373940	CHN::SAMN41373940	focal	historical_all_available_gate_rescue		CHN	China	Asia	2019-01-01	2019-12-31	year	2019		PRJNA1110622	ptxP1/fim3-1	provisional_marker_or_published_annotation	SAMN41373940	SAMN41373940	GCA_039678485		ncbi_assembly_download									ok	PASS	True	2026-07-24												0	resolved_ncbi_assembly					assembly	3845623	67.89737319544844	0.0	269	20647			True	0.004605267650000003	2019.4986301369863	prepandemic
CHN__SAMN41373941	CHN::SAMN41373941	focal	historical_all_available_gate_rescue		CHN	China	Asia	2019-01-01	2019-12-31	year	2019		PRJNA1110622	ptxP1/fim3-1	provisional_marker_or_published_annotation	SAMN41373941	SAMN41373941	GCA_039678505		ncbi_assembly_download									ok	PASS	True	2026-07-24												0	resolved_ncbi_assembly					assembly	3849065	67.89750238044824	0.0	271	20716			True	0.004599525050000003	2019.4986301369863	prepandemic
CHN__SAMN41373942	CHN::SAMN41373942	focal	historical_all_available_gate_rescue		CHN	China	Asia	2019-01-01	2019-12-31	year	2019		PRJNA1110622	ptxP1/fim3-1	provisional_marker_or_published_annotation	SAMN41373942	SAMN41373942	GCA_039678445		ncbi_assembly_download									ok	PASS	True	2026-07-24												0	resolved_ncbi_assembly					assembly	3846754	67.89500966269223	0.0	267	20811			True	0.004593436650000004	2019.4986301369863	prepandemic
CHN__SAMN41373943	CHN::SAMN41373943	focal	historical_all_available_gate_rescue		CHN	China	Asia	2019-01-01	2019-12-31	year	2019		PRJNA1110622	ptxP1/fim3-1	provisional_marker_or_published_annotation	SAMN41373943	SAMN41373943	GCA_039678465		ncbi_assembly_download									ok	PASS	True	2026-07-24												0	resolved_ncbi_assembly					assembly	3847098	67.89603488135732	0.0	270	20403			True	0.004570437750000004	2019.4986301369863	prepandemic
CHN__SAMN41373944	CHN::SAMN41373944	focal	historical_all_available_gate_rescue		CHN	China	Asia	2019-01-01	2019-12-31	year	2019		PRJNA1110622	ptxP1/fim3-1	provisional_marker_or_published_annotation	SAMN41373944	SAMN41373944	GCA_039678405		ncbi_assembly_download									ok	PASS	True	2026-07-24												0	resolved_ncbi_assembly					assembly	3847605	67.89379367164769	0.0	268	20831			True	0.004587702050000003	2019.4986301369863	prepandemic
CHN__SAMN41373945	CHN::SAMN41373945	focal	historical_all_available_gate_rescue		CHN	China	Asia	2019-01-01	2019-12-31	year	2019		PRJNA1110622	ptxP1/fim3-1	provisional_marker_or_published_annotation	SAMN41373945	SAMN41373945	GCA_039678425		ncbi_assembly_download									ok	PASS	True	2026-07-24												0	resolved_ncbi_assembly					assembly	3849044	67.89501496995098	0.0	266	20913			True	0.004587673850000004	2019.4986301369863	prepandemic
CHN__SAMN41373946	CHN::SAMN41373946	focal	historical_all_available_gate_rescue		CHN	China	Asia	2019-01-01	2019-12-31	year	2019		PRJNA1110622	ptxP1/fim3-1	provisional_marker_or_published_annotation	SAMN41373946	SAMN41373946	GCA_039678365		ncbi_assembly_download									ok	PASS	True	2026-07-24												0	resolved_ncbi_assembly					assembly	3846954	67.89561299667217	0.0	266	20913			True	0.004587911450000003	2019.4986301369863	prepandemic
CHN__SAMN41373947	CHN::SAMN41373947	focal	historical_all_available_gate_rescue		CHN	China	Asia	2019-01-01	2019-12-31	year	2019		PRJNA1110622	ptxP1/fim3-1	provisional_marker_or_published_annotation	SAMN41373947	SAMN41373947	GCA_039678385		ncbi_assembly_download									ok	PASS	True	2026-07-24												0	resolved_ncbi_assembly					assembly	3846664	67.89548034348724	0.0	266	20831			True	0.0046049749500000035	2019.4986301369863	prepandemic
CHN__SAMN41373948	CHN::SAMN41373948	focal	historical_all_available_gate_rescue		CHN	China	Asia	2019-01-01	2019-12-31	year	2019		PRJNA1110622	ptxP1/fim3-1	provisional_marker_or_published_annotation	SAMN41373948	SAMN41373948	GCA_039678305		ncbi_assembly_download									ok	PASS	True	2026-07-24												0	resolved_ncbi_assembly					assembly	3847810	67.89381492329403	0.0	263	21928			True	0.004570929150000002	2019.4986301369863	prepandemic
CHN__SAMN41373949	CHN::SAMN41373949	focal	historical_all_available_gate_rescue		CHN	China	Asia	2019-01-01	2019-12-31	year	2019		PRJNA1110622	ptxP3/fim3-1	provisional_marker_or_published_annotation	SAMN41373949	SAMN41373949	GCA_039678325		ncbi_assembly_download									ok	PASS	True	2026-07-24												0	resolved_ncbi_assembly					assembly	3828901	67.88438771334124	0.0	259	22486			True	0.004612621149999997	2019.4986301369863	prepandemic
CHN__SAMN41373950	CHN::SAMN41373950	focal	historical_all_available_gate_rescue		CHN	China	Asia	2019-01-01	2019-12-31	year	2019		PRJNA1110622	ptxP1/fim3-1	provisional_marker_or_published_annotation	SAMN41373950	SAMN41373950	GCA_039678345		ncbi_assembly_download									ok	PASS	True	2026-07-24												0	resolved_ncbi_assembly					assembly	3846278	67.89431237159664	0.0	267	20913			True	0.004570415850000004	2019.4986301369863	prepandemic
CHN__SAMN41373951	CHN::SAMN41373951	focal	historical_all_available_gate_rescue		CHN	China	Asia	2019-01-01	2019-12-31	year	2019		PRJNA1110622	ptxP1/fim3-1	provisional_marker_or_published_annotation	SAMN41373951	SAMN41373951	GCA_039678285		ncbi_assembly_download									ok	PASS	True	2026-07-24												0	resolved_ncbi_assembly					assembly	3846296	67.8939686389191	0.0	267	20913			True	0.004599174850000004	2019.4986301369863	prepandemic
CHN__SAMN41373952	CHN::SAMN41373952	focal	historical_all_available_gate_rescue		CHN	China	Asia	2019-01-01	2019-12-31	year	2019		PRJNA1110622	ptxP1/fim3-1	provisional_marker_or_published_annotation	SAMN41373952	SAMN41373952	GCA_039678265		ncbi_assembly_download									ok	PASS	True	2026-07-24												0	resolved_ncbi_assembly					assembly	3847564	67.89555677306473	0.0	265	20831			True	0.004610763050000004	2019.4986301369863	prepandemic
CHN__SAMN41373953	CHN::SAMN41373953	focal	historical_all_available_gate_rescue		CHN	China	Asia	2019-01-01	2019-12-31	year	2019		PRJNA1110622	ptxP3/fim3-1	provisional_marker_or_published_annotation	SAMN41373953	SAMN41373953	GCA_039678245		ncbi_assembly_download									ok	PASS	True	2026-07-24												0	resolved_ncbi_assembly					assembly	3829453	67.88408161687845	0.0	261	21441			True	0.004618496849999996	2019.4986301369863	prepandemic
CHN__SAMN41373954	CHN::SAMN41373954	focal	historical_all_available_gate_rescue		CHN	China	Asia	2019-01-01	2019-12-31	year	2019		PRJNA1110622	ptxP1/fim3-1	provisional_marker_or_published_annotation	SAMN41373954	SAMN41373954	GCA_039678565		ncbi_assembly_download									ok	PASS	True	2026-07-24												0	resolved_ncbi_assembly					assembly	3848664	67.89634013257587	0.0	262	21928			True	0.004587723850000004	2019.4986301369863	prepandemic
CHN__SAMN41373955	CHN::SAMN41373955	focal	historical_all_available_gate_rescue		CHN	China	Asia	2019-01-01	2019-12-31	year	2019		PRJNA1110622	ptxP1/fim3-1	provisional_marker_or_published_annotation	SAMN41373955	SAMN41373955	GCA_039678185		ncbi_assembly_download									ok	PASS	True	2026-07-24												0	resolved_ncbi_assembly					assembly	3846083	67.89460861869075	0.0	269	20831			True	0.004570454950000004	2019.4986301369863	prepandemic
CHN__SAMN41373956	CHN::SAMN41373956	focal	historical_all_available_gate_rescue		CHN	China	Asia	2019-01-01	2019-12-31	year	2019		PRJNA1110622	ptxP1/fim3-1	provisional_marker_or_published_annotation	SAMN41373956	SAMN41373956	GCA_039678195		ncbi_assembly_download									ok	PASS	True	2026-07-24												0	resolved_ncbi_assembly					assembly	3846782	67.89672510685554	0.0	266	20647			True	0.004553329150000003	2019.4986301369863	prepandemic
CHN__SAMN41373957	CHN::SAMN41373957	focal	historical_all_available_gate_rescue		CHN	China	Asia	2019-01-01	2019-12-31	year	2019		PRJNA1110622	ptxP1/fim3-1	provisional_marker_or_published_annotation	SAMN41373957	SAMN41373957	GCA_039678145		ncbi_assembly_download									ok	PASS	True	2026-07-24												0	resolved_ncbi_assembly					assembly	3846326	67.89679293954802	0.0	262	21132			True	0.0045820137500000024	2019.4986301369863	prepandemic
CHN__SAMN41373958	CHN::SAMN41373958	focal	historical_all_available_gate_rescue		CHN	China	Asia	2019-01-01	2019-12-31	year	2019		PRJNA1110622	ptxP3/fim3-1	provisional_marker_or_published_annotation	SAMN41373958	SAMN41373958	GCA_039678225		ncbi_assembly_download									ok	PASS	True	2026-07-24												0	resolved_ncbi_assembly					assembly	3829474	67.88561562240663	0.0	264	20837			True	0.004630179749999995	2019.4986301369863	prepandemic
CHN__SAMN41373959	CHN::SAMN41373959	focal	historical_all_available_gate_rescue		CHN	China	Asia	2019-01-01	2019-12-31	year	2019		PRJNA1110622	ptxP1/fim3-1	provisional_marker_or_published_annotation	SAMN41373959	SAMN41373959	GCA_039678105		ncbi_assembly_download									ok	PASS	True	2026-07-24												0	resolved_ncbi_assembly					assembly	3846721	67.89385037282402	0.0	267	20831			True	0.004576468250000003	2019.4986301369863	prepandemic
CHN__SAMN41373960	CHN::SAMN41373960	focal	historical_all_available_gate_rescue		CHN	China	Asia	2019-01-01	2019-12-31	year	2019		PRJNA1110622	ptxP1/fim3-1	provisional_marker_or_published_annotation	SAMN41373960	SAMN41373960	GCA_039678085		ncbi_assembly_download									ok	PASS	True	2026-07-24												0	resolved_ncbi_assembly					assembly	3848808	67.89593037636588	0.0	266	20843			True	0.004576360550000002	2019.4986301369863	prepandemic
CHN__SAMN41373961	CHN::SAMN41373961	focal	historical_all_available_gate_rescue		CHN	China	Asia	2019-01-01	2019-12-31	year	2019		PRJNA1110622	ptxP1/fim3-1	provisional_marker_or_published_annotation	SAMN41373961	SAMN41373961	GCA_039698275		ncbi_assembly_download									ok	PASS	True	2026-07-24												0	resolved_ncbi_assembly					assembly	3846946	67.89450644745209	0.0	267	20913			True	0.004593412750000005	2019.4986301369863	prepandemic
CHN__SAMN41373962	CHN::SAMN41373962	focal	historical_all_available_gate_rescue		CHN	China	Asia	2019-01-01	2019-12-31	year	2019		PRJNA1110622	ptxP1/fim3-1	provisional_marker_or_published_annotation	SAMN41373962	SAMN41373962	GCA_039678065		ncbi_assembly_download									ok	PASS	True	2026-07-24												0	resolved_ncbi_assembly					assembly	3847426	67.89448322072991	0.0	265	20843			True	0.004574638750000002	2019.4986301369863	prepandemic
CHN__SAMN41373963	CHN::SAMN41373963	focal	historical_all_available_gate_rescue		CHN	China	Asia	2019-01-01	2019-12-31	year	2019		PRJNA1110622	ptxP1/fim3-1	provisional_marker_or_published_annotation	SAMN41373963	SAMN41373963	GCA_039678005		ncbi_assembly_download									ok	PASS	True	2026-07-24												0	resolved_ncbi_assembly					assembly	3848085	67.89569357225737	0.0	266	20914			True	0.0045703714500000036	2019.4986301369863	prepandemic
CHN__SAMN41373964	CHN::SAMN41373964	focal	historical_all_available_gate_rescue		CHN	China	Asia	2019-01-01	2019-12-31	year	2019		PRJNA1110622	ptxP1/fim3-1	provisional_marker_or_published_annotation	SAMN41373964	SAMN41373964	GCA_039678015		ncbi_assembly_download									ok	PASS	True	2026-07-24												0	resolved_ncbi_assembly					assembly	3846338	67.89548916397882	0.0	267	20831			True	0.004587936150000003	2019.4986301369863	prepandemic
CHN__SAMN41373965	CHN::SAMN41373965	focal	historical_all_available_gate_rescue		CHN	China	Asia	2019-01-01	2019-12-31	year	2019		PRJNA1110622	ptxP1/fim3-1	provisional_marker_or_published_annotation	SAMN41373965	SAMN41373965	GCA_039677995		ncbi_assembly_download									ok	PASS	True	2026-07-24												0	resolved_ncbi_assembly					assembly	3848064	67.89590817616339	0.0	265	20913			True	0.004599141750000004	2019.4986301369863	prepandemic
CHN__SAMN41373966	CHN::SAMN41373966	focal	historical_all_available_gate_rescue		CHN	China	Asia	2019-01-01	2019-12-31	year	2019		PRJNA1110622	ptxP1/fim3-1	provisional_marker_or_published_annotation	SAMN41373966	SAMN41373966	GCA_039677985		ncbi_assembly_download									ok	PASS	True	2026-07-24												0	resolved_ncbi_assembly					assembly	3848172	67.89452238621351	0.0	262	21132			True	0.004524436350000002	2019.4986301369863	prepandemic
CHN__SAMN41373967	CHN::SAMN41373967	focal	historical_all_available_gate_rescue		CHN	China	Asia	2019-01-01	2019-12-31	year	2019		PRJNA1110622	ptxP1/fim3-1	provisional_marker_or_published_annotation	SAMN41373967	SAMN41373967	GCA_039677965		ncbi_assembly_download									ok	PASS	True	2026-07-24												0	resolved_ncbi_assembly					assembly	3846105	67.892660236785	0.0	266	20913			True	0.004587715150000004	2019.4986301369863	prepandemic
CHN__SAMN41373968	CHN::SAMN41373968	focal	historical_all_available_gate_rescue		CHN	China	Asia	2019-01-01	2019-12-31	year	2019		PRJNA1110622	ptxP1/fim3-1	provisional_marker_or_published_annotation	SAMN41373968	SAMN41373968	GCA_039677925		ncbi_assembly_download									ok	PASS	True	2026-07-24												0	resolved_ncbi_assembly					assembly	3847631	67.89598586766766	0.0	264	20913			True	0.004593662950000003	2019.4986301369863	prepandemic
CHN__SAMN41373969	CHN::SAMN41373969	focal	historical_all_available_gate_rescue		CHN	China	Asia	2019-01-01	2019-12-31	year	2019		PRJNA1110622	ptxP1/fim3-1	provisional_marker_or_published_annotation	SAMN41373969	SAMN41373969	GCA_039677865		ncbi_assembly_download									ok	PASS	True	2026-07-24												0	resolved_ncbi_assembly					assembly	3846885	67.89259361795322	0.0	266	20913			True	0.004610874150000004	2019.4986301369863	prepandemic
CHN__SAMN41373970	CHN::SAMN41373970	focal	historical_all_available_gate_rescue		CHN	China	Asia	2019-01-01	2019-12-31	year	2019		PRJNA1110622	ptxP1/fim3-1	provisional_marker_or_published_annotation	SAMN41373970	SAMN41373970	GCA_039677895		ncbi_assembly_download									ok	PASS	True	2026-07-24												0	resolved_ncbi_assembly					assembly	3847548	67.89240835981774	0.0	266	20913			True	0.004599205650000004	2019.4986301369863	prepandemic
CHN__SAMN41373971	CHN::SAMN41373971	focal	historical_all_available_gate_rescue		CHN	China	Asia	2019-01-01	2019-12-31	year	2019		PRJNA1110622	ptxP1/fim3-1	provisional_marker_or_published_annotation	SAMN41373971	SAMN41373971	GCA_039677885		ncbi_assembly_download									ok	PASS	True	2026-07-24												0	resolved_ncbi_assembly					assembly	3848109	67.89417867321326	0.0	267	20913			True	0.004576241750000004	2019.4986301369863	prepandemic
CHN__SAMN41373972	CHN::SAMN41373972	focal	historical_all_available_gate_rescue		CHN	China	Asia	2019-01-01	2019-12-31	year	2019		PRJNA1110622	ptxP1/fim3-1	provisional_marker_or_published_annotation	SAMN41373972	SAMN41373972	GCA_039677875		ncbi_assembly_download									ok	PASS	True	2026-07-24												0	resolved_ncbi_assembly					assembly	3847786	67.89444631276271	0.0	267	20913			True	0.004564667850000004	2019.4986301369863	prepandemic
CHN__SAMN41373973	CHN::SAMN41373973	focal	historical_all_available_gate_rescue		CHN	China	Asia	2019-01-01	2019-12-31	year	2019		PRJNA1110622	ptxP1/fim3-1	provisional_marker_or_published_annotation	SAMN41373973	SAMN41373973	GCA_039677845		ncbi_assembly_download									ok	PASS	True	2026-07-24												0	resolved_ncbi_assembly					assembly	3846068	67.89458740719093	0.0	266	20913			True	0.004576298650000004	2019.4986301369863	prepandemic
CHN__SAMN41373974	CHN::SAMN41373974	focal	historical_all_available_gate_rescue		CHN	China	Asia	2019-01-01	2019-12-31	year	2019		PRJNA1110622	ptxP1/fim3-1	provisional_marker_or_published_annotation	SAMN41373974	SAMN41373974	GCA_039677825		ncbi_assembly_download									ok	PASS	True	2026-07-24												0	resolved_ncbi_assembly					assembly	3849122	67.89626309584368	0.0	266	20913			True	0.004564667850000004	2019.4986301369863	prepandemic
CHN__SAMN41373975	CHN::SAMN41373975	focal	historical_all_available_gate_rescue		CHN	China	Asia	2019-01-01	2019-12-31	year	2019		PRJNA1110622	ptxP1/fim3-1	provisional_marker_or_published_annotation	SAMN41373975	SAMN41373975	GCA_039677805		ncbi_assembly_download									ok	PASS	True	2026-07-24												0	resolved_ncbi_assembly					assembly	3847794	67.8940452633379	0.0	267	20831			True	0.004576633750000002	2019.4986301369863	prepandemic
CHN__SAMN50151958	CHN::SAMN50151958	focal	historical_all_available_gate_rescue		CHN	China	Asia	2019-01-01	2019-12-31	year	2019		PRJNA1295129		provisional_marker_or_published_annotation	SAMN50151958	SAMN50151958	GCA_053474405		ncbi_assembly_download									ok	PASS	True	2026-07-24												0	resolved_ncbi_assembly					assembly	3827506	67.88007647799898	0.0	265	20913			True	0.004617776749999999	2019.4986301369863	prepandemic
CHN__SAMN50151959	CHN::SAMN50151959	focal	historical_all_available_gate_rescue		CHN	China	Asia	2019-01-01	2019-12-31	year	2019		PRJNA1295129		provisional_marker_or_published_annotation	SAMN50151959	SAMN50151959	GCA_053474385		ncbi_assembly_download									ok	PASS	True	2026-07-24												0	resolved_ncbi_assembly					assembly	3839390	67.89083682564157	0.0	269	20647			True	0.004546125750000003	2019.4986301369863	prepandemic
CHN__SAMN50151960	CHN::SAMN50151960	focal	historical_all_available_gate_rescue		CHN	China	Asia	2019-01-01	2019-12-31	year	2019		PRJNA1295129		provisional_marker_or_published_annotation	SAMN50151960	SAMN50151960	GCA_053474365		ncbi_assembly_download									ok	PASS	True	2026-07-24												0	resolved_ncbi_assembly					assembly	3827351	67.88159748086862	0.0	266	20914			True	0.00460580765	2019.4986301369863	prepandemic
CHN__SAMN50151961	CHN::SAMN50151961	focal	historical_all_available_gate_rescue		CHN	China	Asia	2019-01-01	2019-12-31	year	2019		PRJNA1295129		provisional_marker_or_published_annotation	SAMN50151961	SAMN50151961	GCA_053474325		ncbi_assembly_download									ok	PASS	True	2026-07-24												0	resolved_ncbi_assembly					assembly	3826774	67.88143224554155	0.0	262	22339			True	0.004629976349999997	2019.4986301369863	prepandemic
CHN__SAMN50151962	CHN::SAMN50151962	focal	historical_all_available_gate_rescue		CHN	China	Asia	2019-01-01	2019-12-31	year	2019		PRJNA1295129		provisional_marker_or_published_annotation	SAMN50151962	SAMN50151962	GCA_053474345		ncbi_assembly_download									ok	PASS	True	2026-07-24												0	resolved_ncbi_assembly					assembly	3827197	67.88158540049022	0.0	265	21132			True	0.004617759749999999	2019.4986301369863	prepandemic
CHN__SAMN50151963	CHN::SAMN50151963	focal	historical_all_available_gate_rescue		CHN	China	Asia	2019-01-01	2019-12-31	year	2019		PRJNA1295129		provisional_marker_or_published_annotation	SAMN50151963	SAMN50151963	GCA_053474305		ncbi_assembly_download									ok	PASS	True	2026-07-24												0	resolved_ncbi_assembly					assembly	3827268	67.88168479448004	0.0	263	21132			True	0.004611997349999998	2019.4986301369863	prepandemic
CHN__SAMN50151964	CHN::SAMN50151964	focal	historical_all_available_gate_rescue		CHN	China	Asia	2019-01-01	2019-12-31	year	2019		PRJNA1295129		provisional_marker_or_published_annotation	SAMN50151964	SAMN50151964	GCA_053474285		ncbi_assembly_download									ok	PASS	True	2026-07-24												0	resolved_ncbi_assembly					assembly	3827350	67.87955112545234	0.0	264	21132			True	0.004623390249999999	2019.4986301369863	prepandemic
CHN__SAMN50151965	CHN::SAMN50151965	focal	historical_all_available_gate_rescue		CHN	China	Asia	2019-01-01	2019-12-31	year	2019		PRJNA1295129		provisional_marker_or_published_annotation	SAMN50151965	SAMN50151965	GCA_053474265		ncbi_assembly_download									ok	PASS	True	2026-07-24												0	resolved_ncbi_assembly					assembly	3828118	67.88050943048255	0.0	264	22341			True	0.004617703849999999	2019.4986301369863	prepandemic
CHN__SAMN50151966	CHN::SAMN50151966	focal	historical_all_available_gate_rescue		CHN	China	Asia	2019-01-01	2019-12-31	year	2019		PRJNA1295129		provisional_marker_or_published_annotation	SAMN50151966	SAMN50151966	GCA_053474245		ncbi_assembly_download									ok	PASS	True	2026-07-24												0	resolved_ncbi_assembly					assembly	3827211	67.88039645580032	0.0	267	20914			True	0.004624285049999996	2019.4986301369863	prepandemic
CHN__SAMN50151967	CHN::SAMN50151967	focal	historical_all_available_gate_rescue		CHN	China	Asia	2019-01-01	2019-12-31	year	2019		PRJNA1295129		provisional_marker_or_published_annotation	SAMN50151967	SAMN50151967	GCA_053474205		ncbi_assembly_download									ok	PASS	True	2026-07-24												0	resolved_ncbi_assembly					assembly	3826218	67.87896037287996	0.0	270	20914			True	0.004647272349999997	2019.4986301369863	prepandemic
CHN__SAMN50151968	CHN::SAMN50151968	focal	historical_all_available_gate_rescue		CHN	China	Asia	2019-01-01	2019-12-31	year	2019		PRJNA1295129		provisional_marker_or_published_annotation	SAMN50151968	SAMN50151968	GCA_053474225		ncbi_assembly_download									ok	PASS	True	2026-07-24												0	resolved_ncbi_assembly					assembly	3845745	67.88975868134783	0.0	271	20811			True	0.004553435350000003	2019.4986301369863	prepandemic
CHN__SAMN50151969	CHN::SAMN50151969	focal	historical_all_available_gate_rescue		CHN	China	Asia	2019-01-01	2019-12-31	year	2019		PRJNA1295129		provisional_marker_or_published_annotation	SAMN50151969	SAMN50151969	GCA_053474185		ncbi_assembly_download									ok	PASS	True	2026-07-24												0	resolved_ncbi_assembly					assembly	3827021	67.88060478372081	0.0	266	20914			True	0.004647068849999997	2019.4986301369863	prepandemic
CHN__SAMN50151970	CHN::SAMN50151970	focal	historical_all_available_gate_rescue		CHN	China	Asia	2019-01-01	2019-12-31	year	2019		PRJNA1295129		provisional_marker_or_published_annotation	SAMN50151970	SAMN50151970	GCA_053474145		ncbi_assembly_download									ok	PASS	True	2026-07-24												0	resolved_ncbi_assembly					assembly	3826719	67.87843580884825	0.0	270	20647			True	0.0046119030499999995	2019.4986301369863	prepandemic
CHN__SAMN50151971	CHN::SAMN50151971	focal	historical_all_available_gate_rescue		CHN	China	Asia	2019-01-01	2019-12-31	year	2019		PRJNA1295129		provisional_marker_or_published_annotation	SAMN50151971	SAMN50151971	GCA_053474165		ncbi_assembly_download									ok	PASS	True	2026-07-24												0	resolved_ncbi_assembly					assembly	3843751	67.88923111824882	0.0	272	20404			True	0.004582154550000003	2019.4986301369863	prepandemic
CHN__SAMN50151972	CHN::SAMN50151972	focal	historical_all_available_gate_rescue		CHN	China	Asia	2019-01-01	2019-12-31	year	2019		PRJNA1295129		provisional_marker_or_published_annotation	SAMN50151972	SAMN50151972	GCA_053474125		ncbi_assembly_download									ok	PASS	True	2026-07-24												0	resolved_ncbi_assembly					assembly	3844691	67.89037142386735	0.0	266	20811			True	0.0045534004500000025	2019.4986301369863	prepandemic
CHN__SAMN50151973	CHN::SAMN50151973	focal	historical_all_available_gate_rescue		CHN	China	Asia	2019-01-01	2019-12-31	year	2019		PRJNA1295129		provisional_marker_or_published_annotation	SAMN50151973	SAMN50151973	GCA_053474105		ncbi_assembly_download									ok	PASS	True	2026-07-24												0	resolved_ncbi_assembly					assembly	3827980	67.88303491658786	0.0	261	22485			True	0.0046358238499999965	2019.4986301369863	prepandemic
CHN__SAMN50151974	CHN::SAMN50151974	focal	historical_all_available_gate_rescue		CHN	China	Asia	2019-01-01	2019-12-31	year	2019		PRJNA1295129		provisional_marker_or_published_annotation	SAMN50151974	SAMN50151974	GCA_053474085		ncbi_assembly_download									ok	PASS	True	2026-07-24												0	resolved_ncbi_assembly					assembly	3845305	67.89102554933874	0.0	268	20913			True	0.004564644250000004	2019.4986301369863	prepandemic
CHN__SAMN50151975	CHN::SAMN50151975	focal	historical_all_available_gate_rescue		CHN	China	Asia	2019-01-01	2019-12-31	year	2019		PRJNA1295129		provisional_marker_or_published_annotation	SAMN50151975	SAMN50151975	GCA_053474065		ncbi_assembly_download									ok	PASS	True	2026-07-24												0	resolved_ncbi_assembly					assembly	3846430	67.8933452578105	0.0	264	21132			True	0.004558931250000004	2019.4986301369863	prepandemic
CHN__SAMN50151976	CHN::SAMN50151976	focal	historical_all_available_gate_rescue		CHN	China	Asia	2019-01-01	2019-12-31	year	2019		PRJNA1295129		provisional_marker_or_published_annotation	SAMN50151976	SAMN50151976	GCA_053474045		ncbi_assembly_download									ok	PASS	True	2026-07-24												0	resolved_ncbi_assembly					assembly	3845189	67.89023894534184	0.0	268	20811			True	0.004564608450000004	2019.4986301369863	prepandemic
CHN__SAMN50151977	CHN::SAMN50151977	focal	historical_all_available_gate_rescue		CHN	China	Asia	2019-01-01	2019-12-31	year	2019		PRJNA1295129		provisional_marker_or_published_annotation	SAMN50151977	SAMN50151977	GCA_053474025		ncbi_assembly_download									ok	PASS	True	2026-07-24												0	resolved_ncbi_assembly					assembly	3828616	67.88160525892386	0.0	262	21132			True	0.004611954549999998	2019.4986301369863	prepandemic
CHN__SAMN50151978	CHN::SAMN50151978	focal	historical_all_available_gate_rescue		CHN	China	Asia	2019-01-01	2019-12-31	year	2019		PRJNA1295129		provisional_marker_or_published_annotation	SAMN50151978	SAMN50151978	GCA_053474005		ncbi_assembly_download									ok	PASS	True	2026-07-24												0	resolved_ncbi_assembly					assembly	3844494	67.89026072091671	0.0	271	20811			True	0.004622576050000003	2019.4986301369863	prepandemic
CHN__SAMN50151979	CHN::SAMN50151979	focal	historical_all_available_gate_rescue		CHN	China	Asia	2019-01-01	2019-12-31	year	2019		PRJNA1295129		provisional_marker_or_published_annotation	SAMN50151979	SAMN50151979	GCA_053473985		ncbi_assembly_download									ok	PASS	True	2026-07-24												0	resolved_ncbi_assembly					assembly	3845334	67.89150175251356	0.0	269	20832			True	0.004558941350000003	2019.4986301369863	prepandemic
CHN__SAMN50151980	CHN::SAMN50151980	focal	historical_all_available_gate_rescue		CHN	China	Asia	2019-01-01	2019-12-31	year	2019		PRJNA1295129		provisional_marker_or_published_annotation	SAMN50151980	SAMN50151980	GCA_053473965		ncbi_assembly_download									ok	PASS	True	2026-07-24												0	resolved_ncbi_assembly					assembly	3845834	67.89299798171216	0.0	265	21132			True	0.0045532673500000035	2019.4986301369863	prepandemic
CHN__SAMN50151981	CHN::SAMN50151981	focal	historical_all_available_gate_rescue		CHN	China	Asia	2019-01-01	2019-12-31	year	2019		PRJNA1295129		provisional_marker_or_published_annotation	SAMN50151981	SAMN50151981	GCA_053473945		ncbi_assembly_download									ok	PASS	True	2026-07-24												0	resolved_ncbi_assembly					assembly	3846745	67.8938427163745	0.0	264	21132			True	0.0045894239500000045	2019.4986301369863	prepandemic
CHN__SAMN50151982	CHN::SAMN50151982	focal	historical_all_available_gate_rescue		CHN	China	Asia	2019-01-01	2019-12-31	year	2019		PRJNA1295129		provisional_marker_or_published_annotation	SAMN50151982	SAMN50151982	GCA_053473925		ncbi_assembly_download									ok	PASS	True	2026-07-24												0	resolved_ncbi_assembly					assembly	3845239	67.8900583292742	0.0	270	20811			True	0.004587770950000003	2019.4986301369863	prepandemic
CHN__SAMN50151983	CHN::SAMN50151983	focal	historical_all_available_gate_rescue		CHN	China	Asia	2019-01-01	2019-12-31	year	2019		PRJNA1295129		provisional_marker_or_published_annotation	SAMN50151983	SAMN50151983	GCA_053473905		ncbi_assembly_download									ok	PASS	True	2026-07-24												0	resolved_ncbi_assembly					assembly	3846996	67.89388395516917	0.0	263	21132			True	0.0045894239500000045	2019.4986301369863	prepandemic
CHN__SAMN41373926	CHN::SAMN41373926	focal	modern_country_time_project_lineage_cap8		CHN	China	Asia	2020-01-01	2020-12-31	year	2020		PRJNA1110622	ptxP3/fim3-1	provisional_marker_or_published_annotation	SAMN41373926	SAMN41373926	GCA_039678825		ncbi_assembly_download					3830231	68	265	21132	ok	PASS	True	2026-07-24												0	resolved_ncbi_assembly					assembly	3830231	67.88896022198139	0.0	265	21132			True	0.004647471449999996	2020.4986338797814	pandemic
CHN__SAMN45156013	CHN::SAMN45156013	focal	modern_country_time_project_lineage_cap8		CHN	China	Asia	2020-01-01	2020-12-31	year	2020		PRJNA1193776	ptxP3/fim3-1	provisional_marker_or_published_annotation	SRS23447260	SAMN45156013	RRASM_SRR31615326	SRR31615326	local_fasta					3876610	67.84	433	20870	ok	PASS	True	2026-07-24												0	resolved_local_fasta					assembly	3876610	67.84203208473383	0.0	433	20870			True	0.004728097949999999	2020.4986338797814	pandemic
CHN__SAMN32034026	CHN::SAMN32034026	focal	modern_country_time_project_lineage_cap8		CHN	China	Asia	2021-01-01	2021-12-31	year	2021		PRJNA908268		provisional_marker_or_published_annotation	SRS15975412	SAMN32034026	RRASM_SRR22540991	SRR22540991	local_fasta									ok	PASS	True	2026-07-24												0	resolved_local_fasta					assembly	3862052	67.81628005008736	0.0	326	20981			True	0.004630211449999996	2021.4986301369863	pandemic
CHN__SAMN32034035	CHN::SAMN32034035	focal	modern_country_time_project_lineage_cap8		CHN	China	Asia	2021-01-01	2021-12-31	year	2021		PRJNA908268		provisional_marker_or_published_annotation	SRS15975422	SAMN32034035	RRASM_SRR22540981	SRR22540981	local_fasta									ok	PASS	True	2026-07-24												0	resolved_local_fasta					assembly	3867463	67.80659569335246	0.0	353	20715			True	0.004582940149999999	2021.4986301369863	pandemic
CHN__SAMN39683296	CHN::SAMN39683296	focal	modern_country_time_project_lineage_cap8		CHN	China	Asia	2021-01-01	2021-12-31	year	2021		PRJNA1071282	ptxP3/fim3-1	provisional_marker_or_published_annotation	SRS20312923	SAMN39683296	RRASM_SRR27796613	SRR27796613	local_fasta									ok	PASS	True	2026-07-24												0	resolved_local_fasta					assembly	3864591	67.81095334538635	0.0	340	20982			True	0.004635749549999997	2021.4986301369863	pandemic
CHN__SAMN39683299	CHN::SAMN39683299	focal	modern_country_time_project_lineage_cap8		CHN	China	Asia	2021-01-01	2021-12-31	year	2021		PRJNA1071282	ptxP3/fim3-1	provisional_marker_or_published_annotation	SRS20312925	SAMN39683299	RRASM_SRR27796610	SRR27796610	local_fasta									ok	PASS	True	2026-07-24												0	resolved_local_fasta					assembly	3865030	67.81036628434967	0.0	344	20715			True	0.004676513549999995	2021.4986301369863	pandemic
CHN__SAMN42391088	CHN::SAMN42391088	focal	modern_country_time_project_lineage_cap8		CHN	China	Asia	2021-07-28	2021-07-28	day	2021	7	PRJNA1133929	ptxP1/fim3-1	provisional_marker_or_published_annotation	SAMN42391088	SAMN42391088	GCA_047324065	SRR31303485	ncbi_assembly_download									ok	PASS	True	2026-07-24												0	resolved_ncbi_assembly					assembly	4129568	67.71681686801138	0.0	1	4129568			True	0.004565115550000002	2021.5698630136985	pandemic
CHN__SAMN42391089	CHN::SAMN42391089	focal	modern_country_time_project_lineage_cap8		CHN	China	Asia	2021-11-13	2021-11-13	day	2021	11	PRJNA1133929	ptxP1/fim3-1	provisional_marker_or_published_annotation	SAMN42391089	SAMN42391089	GCA_047324055	SRR31303424	ncbi_assembly_download									ok	PASS	True	2026-07-24												0	resolved_ncbi_assembly					assembly	4130289	67.71596370132937	0.0	1	4130289			True	0.004577028750000001	2021.8657534246574	pandemic
CHN__SAMN42391090	CHN::SAMN42391090	focal	modern_country_time_project_lineage_cap8		CHN	China	Asia	2021-11-21	2021-11-21	day	2021	11	PRJNA1133929	ptxP1/fim3-1	provisional_marker_or_published_annotation	SAMN42391090	SAMN42391090	GCA_047324045	SRR31303423	ncbi_assembly_download									ok	PASS	True	2026-07-24												0	resolved_ncbi_assembly					assembly	4148293	67.7016546323994	0.0	1	4148293			True	0.004559639950000001	2021.8876712328768	pandemic
CHN__SAMN42391091	CHN::SAMN42391091	focal	modern_country_time_project_lineage_cap8		CHN	China	Asia	2021-11-22	2021-11-22	day	2021	11	PRJNA1133929	ptxP1/fim3-1	provisional_marker_or_published_annotation	SAMN42391091	SAMN42391091	GCA_047324035	SRR31303483	ncbi_assembly_download									ok	PASS	True	2026-07-24												0	resolved_ncbi_assembly					assembly	4130418	67.71636672123742	0.0	1	4130418			True	0.004559448150000001	2021.890410958904	pandemic
CHN__SAMN42391092	CHN::SAMN42391092	focal	modern_country_time_project_lineage_cap8		CHN	China	Asia	2021-11-27	2021-11-27	day	2021	11	PRJNA1133929	ptxP1/fim3-1	provisional_marker_or_published_annotation	SAMN42391092	SAMN42391092	GCA_047324015	SRR31303482	ncbi_assembly_download									ok	PASS	True	2026-07-24												0	resolved_ncbi_assembly					assembly	4148800	67.70940994986502	0.0	1	4148800			True	0.004582248250000002	2021.9041095890411	pandemic
CHN__SAMN42391093	CHN::SAMN42391093	focal	modern_country_time_project_lineage_cap8		CHN	China	Asia	2021-12-08	2021-12-08	day	2021	12	PRJNA1133929	ptxP1/fim3-1	provisional_marker_or_published_annotation	SAMN42391093	SAMN42391093	GCA_047324025	SRR31303481	ncbi_assembly_download									ok	PASS	True	2026-07-24												0	resolved_ncbi_assembly					assembly	4128123	67.71847641167669	0.0	1	4128123			True	0.004570873150000002	2021.9342465753425	pandemic
CHN__SAMN42391095	CHN::SAMN42391095	focal	modern_country_time_project_lineage_cap8		CHN	China	Asia	2021-12-20	2021-12-20	day	2021	12	PRJNA1133929	ptxP1/fim3-1	provisional_marker_or_published_annotation	SAMN42391095	SAMN42391095	GCA_047323995	SRR31303476	ncbi_assembly_download									ok	PASS	True	2026-07-24												0	resolved_ncbi_assembly					assembly	4131969	67.71483522746661	0.0	1	4131969			True	0.004559600750000001	2021.9671232876713	pandemic
CHN__SAMN42391096	CHN::SAMN42391096	focal	modern_country_time_project_lineage_cap8		CHN	China	Asia	2021-12-20	2021-12-20	day	2021	12	PRJNA1133929	ptxP1/fim3-1	provisional_marker_or_published_annotation	SAMN42391096	SAMN42391096	GCA_047323985	SRR31303475	ncbi_assembly_download									ok	PASS	True	2026-07-24												0	resolved_ncbi_assembly					assembly	4222221	67.72928276373975	0.0	4	3531012			True	0.004571355050000001	2021.9671232876713	pandemic
CHN__SAMN42391098	CHN::SAMN42391098	focal	modern_country_time_project_lineage_cap8		CHN	China	Asia	2021-12-30	2021-12-30	day	2021	12	PRJNA1133929	ptxP1/fim3-1	provisional_marker_or_published_annotation	SAMN42391098	SAMN42391098	GCA_047323965	SRR31303472	ncbi_assembly_download									ok	PASS	True	2026-07-24												0	resolved_ncbi_assembly					assembly	4129306	67.7169480779579	0.0	1	4129306			True	0.00455987495	2021.9945205479453	pandemic
CHN__SAMN42391099	CHN::SAMN42391099	focal	modern_country_time_project_lineage_cap8		CHN	China	Asia	2021-12-30	2021-12-30	day	2021	12	PRJNA1133929	ptxP1/fim3-1	provisional_marker_or_published_annotation	SAMN42391099	SAMN42391099	GCA_047323955	SRR31303471	ncbi_assembly_download					4147608	67.5	1	4147608	ok	PASS	True	2026-07-24												0	resolved_ncbi_assembly					assembly	4147608	67.72402309957933	0.0	1	4147608			True	0.00455424325	2021.9945205479453	pandemic
CHN__SAMN42391105	CHN::SAMN42391105	focal	modern_country_time_project_lineage_cap8		CHN	China	Asia	2021-08-22	2021-08-22	day	2021	8	PRJNA1133929	ptxP1/fim3-1	provisional_marker_or_published_annotation	SAMN42391105	SAMN42391105	GCA_047323825	SRR31303473	ncbi_assembly_download									ok	PASS	True	2026-07-24												0	resolved_ncbi_assembly					assembly	4133711	67.71424030368838	0.0	1	4133711			True	0.004559366350000002	2021.6383561643836	pandemic
CHN__SAMN42391107	CHN::SAMN42391107	focal	modern_country_time_project_lineage_cap8		CHN	China	Asia	2021-08-26	2021-08-26	day	2021	8	PRJNA1133929	ptxP1/fim3-1	provisional_marker_or_published_annotation	SAMN42391107	SAMN42391107	GCA_047323785	SRR31303462	ncbi_assembly_download									ok	PASS	True	2026-07-24												0	resolved_ncbi_assembly					assembly	4129344	67.74802486787247	0.0	1	4129344			True	0.004565316150000001	2021.6493150684933	pandemic
CHN__SAMN42391108	CHN::SAMN42391108	focal	modern_country_time_project_lineage_cap8		CHN	China	Asia	2021-09-13	2021-09-13	day	2021	9	PRJNA1133929	ptxP1/fim3-1	provisional_marker_or_published_annotation	SAMN42391108	SAMN42391108	GCA_047323765	SRR31303451	ncbi_assembly_download									ok	PASS	True	2026-07-24												0	resolved_ncbi_assembly					assembly	4130781	67.71656497887446	0.0	1	4130781			True	0.004553695850000002	2021.6986301369864	pandemic
CHN__SAMN42391109	CHN::SAMN42391109	focal	modern_country_time_project_lineage_cap8		CHN	China	Asia	2021-10-03	2021-10-03	day	2021	10	PRJNA1133929	ptxP3/fim3-1	provisional_marker_or_published_annotation	SAMN42391109	SAMN42391109	GCA_047323745	SRR31303440	ncbi_assembly_download									ok	PASS	True	2026-07-24												0	resolved_ncbi_assembly					assembly	4110520	67.70617829374386	0.0	1	4110520			True	0.0046358731499999955	2021.7534246575342	pandemic
CHN__SAMN42391110	CHN::SAMN42391110	focal	modern_country_time_project_lineage_cap8		CHN	China	Asia	2021-10-26	2021-10-26	day	2021	10	PRJNA1133929	ptxP1/fim3-1	provisional_marker_or_published_annotation	SAMN42391110	SAMN42391110	GCA_047323755	SRR31303429	ncbi_assembly_download					4135600	67.5	1	4135600	ok	PASS	True	2026-07-24												0	resolved_ncbi_assembly					assembly	4135600	67.71092465422188	0.0	1	4135600			True	0.004576474750000002	2021.8164383561643	pandemic
CHN__SAMN42391111	CHN::SAMN42391111	focal	modern_country_time_project_lineage_cap8		CHN	China	Asia	2021-10-23	2021-10-23	day	2021	10	PRJNA1133929	ptxP1/fim3-1	provisional_marker_or_published_annotation	SAMN42391111	SAMN42391111	GCA_047323735	SRR31303425	ncbi_assembly_download									ok	PASS	True	2026-07-24												0	resolved_ncbi_assembly					assembly	4128919	67.71537538033563	0.0	1	4128919			True	0.0045770088500000005	2021.8082191780823	pandemic
CHN__SAMN42391112	CHN::SAMN42391112	focal	modern_country_time_project_lineage_cap8		CHN	China	Asia	2021-12-09	2021-12-09	day	2021	12	PRJNA1133929	ptxP1/fim3-1	provisional_marker_or_published_annotation	SAMN42391112	SAMN42391112	GCA_047323665	SRR31303480	ncbi_assembly_download									ok	PASS	True	2026-07-24												0	resolved_ncbi_assembly					assembly	4131464	67.71563300563675	0.0	1	4131464			True	0.00455964365	2021.9369863013699	pandemic
CHN__SAMN42391113	CHN::SAMN42391113	focal	modern_country_time_project_lineage_cap8		CHN	China	Asia	2021-12-14	2021-12-14	day	2021	12	PRJNA1133929	ptxP1/fim3-1	provisional_marker_or_published_annotation	SAMN42391113	SAMN42391113	GCA_047323655	SRR31303477	ncbi_assembly_download									ok	PASS	True	2026-07-24												0	resolved_ncbi_assembly					assembly	4130399	67.71614558302963	0.0	1	4130399			True	0.004582437450000002	2021.9506849315069	pandemic
CHN__SAMN42391114	CHN::SAMN42391114	focal	modern_country_time_project_lineage_cap8		CHN	China	Asia	2021-12-10	2021-12-10	day	2021	12	PRJNA1133929	ptxP1/fim3-1	provisional_marker_or_published_annotation	SAMN42391114	SAMN42391114	GCA_047323645	SRR31303479	ncbi_assembly_download									ok	PASS	True	2026-07-24												0	resolved_ncbi_assembly					assembly	4131527	67.71242206573986	0.0	1	4131527			True	0.004565469150000001	2021.9397260273972	pandemic
CHN__SAMN42391115	CHN::SAMN42391115	focal	modern_country_time_project_lineage_cap8		CHN	China	Asia	2021-12-10	2021-12-10	day	2021	12	PRJNA1133929	ptxP3/fim3-1	provisional_marker_or_published_annotation	SAMN42391115	SAMN42391115	GCA_047323605	SRR31303478	ncbi_assembly_download									ok	PASS	True	2026-07-24												0	resolved_ncbi_assembly					assembly	4109737	67.70360244463332	0.0	1	4109737			True	0.0046238136499999975	2021.9397260273972	pandemic
CHN__SAMN50151990	CHN::SAMN50151990	focal	modern_country_time_project_lineage_cap8		CHN	China	Asia	2021-01-01	2021-12-31	year	2021		PRJNA1295129		provisional_marker_or_published_annotation	SAMN50151990	SAMN50151990	GCA_053473765		ncbi_assembly_download									ok	PASS	True	2026-07-24												0	resolved_ncbi_assembly					assembly	3827467	67.88199610865358	0.0	266	20913			True	0.004606431649999998	2021.4986301369863	pandemic
CHN__SAMN50151991	CHN::SAMN50151991	focal	modern_country_time_project_lineage_cap8		CHN	China	Asia	2021-01-01	2021-12-31	year	2021		PRJNA1295129		provisional_marker_or_published_annotation	SAMN50151991	SAMN50151991	GCA_053473745		ncbi_assembly_download									ok	PASS	True	2026-07-24												0	resolved_ncbi_assembly					assembly	3828479	67.88335524368816	0.0	261	21132			True	0.004607770149999994	2021.4986301369863	pandemic
CHN__SAMN50151995	CHN::SAMN50151995	focal	modern_country_time_project_lineage_cap8		CHN	China	Asia	2021-01-01	2021-12-31	year	2021		PRJNA1295129		provisional_marker_or_published_annotation	SAMN50151995	SAMN50151995	GCA_053473665		ncbi_assembly_download									ok	PASS	True	2026-07-24												0	resolved_ncbi_assembly					assembly	3827069	67.8800930947417	0.0	267	20802			True	0.004618270649999997	2021.4986301369863	pandemic
CHN__SAMN50151998	CHN::SAMN50151998	focal	modern_country_time_project_lineage_cap8		CHN	China	Asia	2021-01-01	2021-12-31	year	2021		PRJNA1295129		provisional_marker_or_published_annotation	SAMN50151998	SAMN50151998	GCA_053473605		ncbi_assembly_download									ok	PASS	True	2026-07-24												0	resolved_ncbi_assembly					assembly	3826579	67.88042269609487	0.0	266	20913			True	0.004618627549999995	2021.4986301369863	pandemic
CHN__SAMN50152004	CHN::SAMN50152004	focal	modern_country_time_project_lineage_cap8		CHN	China	Asia	2021-01-01	2021-12-31	year	2021		PRJNA1295129		provisional_marker_or_published_annotation	SAMN50152004	SAMN50152004	GCA_053473485		ncbi_assembly_download									ok	PASS	True	2026-07-24												0	resolved_ncbi_assembly					assembly	3827053	67.8822843582255	0.0	266	21132			True	0.004670197149999994	2021.4986301369863	pandemic
CHN__SAMN50152005	CHN::SAMN50152005	focal	modern_country_time_project_lineage_cap8		CHN	China	Asia	2021-01-01	2021-12-31	year	2021		PRJNA1295129		provisional_marker_or_published_annotation	SAMN50152005	SAMN50152005	GCA_053473465		ncbi_assembly_download									ok	PASS	True	2026-07-24												0	resolved_ncbi_assembly					assembly	3828381	67.88088750832272	0.0	261	22951			True	0.004624523549999996	2021.4986301369863	pandemic
CHN__SAMN50152007	CHN::SAMN50152007	focal	modern_country_time_project_lineage_cap8		CHN	China	Asia	2021-01-01	2021-12-31	year	2021		PRJNA1295129		provisional_marker_or_published_annotation	SAMN50152007	SAMN50152007	GCA_053473425		ncbi_assembly_download									ok	PASS	True	2026-07-24												0	resolved_ncbi_assembly					assembly	3826875	67.87977135391148	0.0	266	20913			True	0.004624743349999994	2021.4986301369863	pandemic
CHN__SAMN50152013	CHN::SAMN50152013	focal	modern_country_time_project_lineage_cap8		CHN	China	Asia	2021-01-01	2021-12-31	year	2021		PRJNA1295129		provisional_marker_or_published_annotation	SAMN50152013	SAMN50152013	GCA_053473305		ncbi_assembly_download									ok	PASS	True	2026-07-24												0	resolved_ncbi_assembly					assembly	3826720	67.87883618346783	0.0	281	20270			True	0.004710623649999997	2021.4986301369863	pandemic
CHN__SAMN32034055	CHN::SAMN32034055	focal	modern_country_time_project_lineage_cap8		CHN	China	Asia	2022-01-01	2022-12-31	year	2022		PRJNA908268		provisional_marker_or_published_annotation	SRS15975444	SAMN32034055	RRASM_SRR22540959	SRR22540959	local_fasta									ok	PASS	True	2026-07-24												0	resolved_local_fasta					assembly	3861601	67.81878811404907	0.0	322	20912			True	0.004613037349999995	2022.4986301369863	pandemic
CHN__SAMN32034068	CHN::SAMN32034068	focal	modern_country_time_project_lineage_cap8		CHN	China	Asia	2022-01-01	2022-12-31	year	2022		PRJNA908268		provisional_marker_or_published_annotation	SRS15975458	SAMN32034068	RRASM_SRR22540945	SRR22540945	local_fasta									ok	PASS	True	2026-07-24												0	resolved_local_fasta					assembly	3863968	67.81495084845423	0.0	336	20981			True	0.0046244123499999965	2022.4986301369863	pandemic
CHN__SAMN33268551	CHN::SAMN33268551	focal	modern_country_time_project_lineage_cap8		CHN	China	Asia	2022-08-01	2022-08-31	month	2022	8	PRJNA934177	ptxP3	provisional_marker_or_published_annotation	SAMN33268551	SAMN33268551	GCA_028747705		ncbi_assembly_download									ok	PASS	True	2026-07-24												0	resolved_ncbi_assembly					assembly	4105695	67.70731873653547	0.0	1	4105695			True	0.004624352949999996	2022.6219178082192	pandemic
CHN__SAMN39683369	CHN::SAMN39683369	focal	modern_country_time_project_lineage_cap8		CHN	China	Asia	2022-01-01	2022-12-31	year	2022		PRJNA1071282	ptxP3/fim3-1	provisional_marker_or_published_annotation	SRS20312716	SAMN39683369	RRASM_SRR27796182	SRR27796182	local_fasta									ok	PASS	True	2026-07-24												0	resolved_local_fasta					assembly	3850121	67.8388289614794	0.0	327	22460			True	0.004671000649999995	2022.4986301369863	pandemic
CHN__SAMN39683412	CHN::SAMN39683412	focal	modern_country_time_project_lineage_cap8		CHN	China	Asia	2022-01-01	2022-12-31	year	2022		PRJNA1071282	ptxP3/fim3-1	provisional_marker_or_published_annotation	SRS20312726	SAMN39683412	RRASM_SRR27796171	SRR27796171	local_fasta									ok	PASS	True	2026-07-24												0	resolved_local_fasta					assembly	3851061	67.83769459896897	0.0	342	20941			True	0.004653232949999996	2022.4986301369863	pandemic
CHN__SAMN42391094	CHN::SAMN42391094	focal	modern_country_time_project_lineage_cap8		CHN	China	Asia	2022-08-09	2022-08-09	day	2022	8	PRJNA1133929	ptxP1/fim3-1	provisional_marker_or_published_annotation	SAMN42391094	SAMN42391094	GCA_047324005	SRR31303484	ncbi_assembly_download									ok	PASS	True	2026-07-24												0	resolved_ncbi_assembly					assembly	4132002	67.71533508454256	0.0	1	4132002			True	0.004578812150000001	2022.6027397260275	pandemic
CHN__SAMN42391100	CHN::SAMN42391100	focal	modern_country_time_project_lineage_cap8		CHN	China	Asia	2022-02-10	2022-02-10	day	2022	2	PRJNA1133929	ptxP1/fim3-1	provisional_marker_or_published_annotation	SAMN42391100	SAMN42391100	GCA_047323945	SRR31303470	ncbi_assembly_download									ok	PASS	True	2026-07-24												0	resolved_ncbi_assembly					assembly	4130359	67.71605083238528	0.0	1	4130359			True	0.004571109150000001	2022.109589041096	pandemic
CHN__SAMN42391101	CHN::SAMN42391101	focal	modern_country_time_project_lineage_cap8		CHN	China	Asia	2022-02-24	2022-02-24	day	2022	2	PRJNA1133929	ptxP1/fim3-1	provisional_marker_or_published_annotation	SAMN42391101	SAMN42391101	GCA_047323935	SRR31303469	ncbi_assembly_download									ok	PASS	True	2026-07-24												0	resolved_ncbi_assembly					assembly	4130360	67.71622812539343	0.0	1	4130360			True	0.004571027650000001	2022.1479452054793	pandemic
CHN__SAMN42391102	CHN::SAMN42391102	focal	modern_country_time_project_lineage_cap8		CHN	China	Asia	2022-03-15	2022-03-15	day	2022	3	PRJNA1133929	ptxP1/fim3-1	provisional_marker_or_published_annotation	SAMN42391102	SAMN42391102	GCA_047323915	SRR31303466	ncbi_assembly_download									ok	PASS	True	2026-07-24												0	resolved_ncbi_assembly					assembly	4145416	67.69918869421066	0.0	1	4145416			True	0.004559366850000002	2022.2	pandemic
CHN__SAMN42391103	CHN::SAMN42391103	focal	modern_country_time_project_lineage_cap8		CHN	China	Asia	2022-03-15	2022-03-15	day	2022	3	PRJNA1133929	ptxP3/fim3-1	provisional_marker_or_published_annotation	SAMN42391103	SAMN42391103	GCA_047323845	SRR31303465	ncbi_assembly_download									ok	PASS	True	2026-07-24												0	resolved_ncbi_assembly					assembly	4115814	67.70101855914771	0.0	1	4115814			True	0.004682059349999993	2022.2	pandemic
CHN__SAMN42391104	CHN::SAMN42391104	focal	modern_country_time_project_lineage_cap8		CHN	China	Asia	2022-03-16	2022-03-16	day	2022	3	PRJNA1133929	ptxP3/fim3-1	provisional_marker_or_published_annotation	SAMN42391104	SAMN42391104	GCA_047323835	SRR31303464	ncbi_assembly_download									ok	PASS	True	2026-07-24												0	resolved_ncbi_assembly					assembly	4110804	67.70315490595027	0.0	1	4110804			True	0.004693660649999993	2022.2027397260274	pandemic
CHN__SAMN42391106	CHN::SAMN42391106	focal	modern_country_time_project_lineage_cap8		CHN	China	Asia	2022-03-21	2022-03-21	day	2022	3	PRJNA1133929	ptxP1/fim3-1	provisional_marker_or_published_annotation	SAMN42391106	SAMN42391106	GCA_047323775	SRR31303463	ncbi_assembly_download									ok	PASS	True	2026-07-24												0	resolved_ncbi_assembly					assembly	4118889	67.71711983498463	0.0	1	4118889			True	0.004565232550000001	2022.2164383561644	pandemic
CHN__SAMN42391116	CHN::SAMN42391116	focal	modern_country_time_project_lineage_cap8		CHN	China	Asia	2022-02-24	2022-02-24	day	2022	2	PRJNA1133929	ptxP3/fim3-1	provisional_marker_or_published_annotation	SAMN42391116	SAMN42391116	GCA_047323595	SRR31303468	ncbi_assembly_download									ok	PASS	True	2026-07-24												0	resolved_ncbi_assembly					assembly	4125250	67.70299981819284	0.0	1	4125250			True	0.004630667149999995	2022.1479452054793	pandemic
CHN__SAMN42391117	CHN::SAMN42391117	focal	modern_country_time_project_lineage_cap8		CHN	China	Asia	2022-03-06	2022-03-06	day	2022	3	PRJNA1133929	ptxP1/fim3-1	provisional_marker_or_published_annotation	SAMN42391117	SAMN42391117	GCA_047323585	SRR31303467	ncbi_assembly_download									ok	PASS	True	2026-07-24												0	resolved_ncbi_assembly					assembly	4130415	67.71614958787434	0.0	1	4130415			True	0.00456570735	2022.1753424657534	pandemic
CHN__SAMN42391118	CHN::SAMN42391118	focal	modern_country_time_project_lineage_cap8		CHN	China	Asia	2022-03-24	2022-03-24	day	2022	3	PRJNA1133929	ptxP3/fim3-1	provisional_marker_or_published_annotation	SAMN42391118	SAMN42391118	GCA_047324075	SRR31303461	ncbi_assembly_download									ok	PASS	True	2026-07-24												0	resolved_ncbi_assembly					assembly	4110780	67.70398805092951	0.0	1	4110780			True	0.004664959549999993	2022.2246575342465	pandemic
CHN__SAMN42391119	CHN::SAMN42391119	focal	modern_country_time_project_lineage_cap8		CHN	China	Asia	2022-03-25	2022-03-25	day	2022	3	PRJNA1133929	ptxP3/fim3-1	provisional_marker_or_published_annotation	SAMN42391119	SAMN42391119	GCA_047323575	SRR31303460	ncbi_assembly_download									ok	PASS	True	2026-07-24												0	resolved_ncbi_assembly					assembly	4124320	67.70742813360748	0.0	1	4124320			True	0.004658995149999994	2022.227397260274	pandemic
CHN__SAMN42391120	CHN::SAMN42391120	focal	modern_country_time_project_lineage_cap8		CHN	China	Asia	2022-03-27	2022-03-27	day	2022	3	PRJNA1133929	ptxP1/fim3-1	provisional_marker_or_published_annotation	SAMN42391120	SAMN42391120	GCA_047323565	SRR31303459	ncbi_assembly_download									ok	PASS	True	2026-07-24												0	resolved_ncbi_assembly					assembly	4129461	67.71753020551593	0.0	1	4129461			True	0.0045715129499999995	2022.2328767123288	pandemic
CHN__SAMN42391121	CHN::SAMN42391121	focal	modern_country_time_project_lineage_cap8		CHN	China	Asia	2022-03-29	2022-03-29	day	2022	3	PRJNA1133929	ptxP3/fim3-1	provisional_marker_or_published_annotation	SAMN42391121	SAMN42391121	GCA_047323555	SRR31303458	ncbi_assembly_download									ok	PASS	True	2026-07-24												0	resolved_ncbi_assembly					assembly	4127586	67.69402260788752	0.0	1	4127586			True	0.0046645728499999945	2022.2383561643835	pandemic
CHN__SAMN42391122	CHN::SAMN42391122	focal	modern_country_time_project_lineage_cap8		CHN	China	Asia	2022-04-21	2022-04-21	day	2022	4	PRJNA1133929	ptxP3/fim3-1	provisional_marker_or_published_annotation	SAMN42391122	SAMN42391122	GCA_047323545	SRR31303457	ncbi_assembly_download									ok	PASS	True	2026-07-24												0	resolved_ncbi_assembly					assembly	4109743	67.70416057646428	0.0	1	4109743			True	0.004676008249999995	2022.3013698630136	pandemic
CHN__SAMN42391123	CHN::SAMN42391123	focal	modern_country_time_project_lineage_cap8		CHN	China	Asia	2022-04-21	2022-04-21	day	2022	4	PRJNA1133929	ptxP1/fim3-1	provisional_marker_or_published_annotation	SAMN42391123	SAMN42391123	GCA_047323535	SRR31303456	ncbi_assembly_download					4132548	67.5	1	4132548	ok	PASS	True	2026-07-24												0	resolved_ncbi_assembly					assembly	4132548	67.71422860666107	0.0	1	4132548			True	0.00456555625	2022.3013698630136	pandemic
CHN__SAMN42391124	CHN::SAMN42391124	focal	modern_country_time_project_lineage_cap8		CHN	China	Asia	2022-05-01	2022-05-01	day	2022	5	PRJNA1133929	ptxP3/fim3-1	provisional_marker_or_published_annotation	SAMN42391124	SAMN42391124	GCA_047323525	SRR31303455	ncbi_assembly_download									ok	PASS	True	2026-07-24												0	resolved_ncbi_assembly					assembly	4124028	67.70623283838034	0.0	1	4124028			True	0.004618416849999996	2022.3287671232877	pandemic
CHN__SAMN42391125	CHN::SAMN42391125	focal	modern_country_time_project_lineage_cap8		CHN	China	Asia	2022-05-06	2022-05-06	day	2022	5	PRJNA1133929	ptxP1/fim3-1	provisional_marker_or_published_annotation	SAMN42391125	SAMN42391125	GCA_047323515	SRR31303454	ncbi_assembly_download					4130465	67.5	1	4130465	ok	PASS	True	2026-07-24												0	resolved_ncbi_assembly					assembly	4130465	67.71608039288554	0.0	1	4130465			True	0.00456562735	2022.3424657534247	pandemic
CHN__SAMN42391126	CHN::SAMN42391126	focal	modern_country_time_project_lineage_cap8		CHN	China	Asia	2022-05-08	2022-05-08	day	2022	5	PRJNA1133929	ptxP3/fim3-1	provisional_marker_or_published_annotation	SAMN42391126	SAMN42391126	GCA_047323505	SRR31303453	ncbi_assembly_download									ok	PASS	True	2026-07-24												0	resolved_ncbi_assembly					assembly	4105135	67.71092789883889	0.0	1	4105135			True	0.004635757149999996	2022.3479452054794	pandemic
CHN__SAMN42391127	CHN::SAMN42391127	focal	modern_country_time_project_lineage_cap8		CHN	China	Asia	2022-05-21	2022-05-21	day	2022	5	PRJNA1133929	ptxP1/fim3-1	provisional_marker_or_published_annotation	SAMN42391127	SAMN42391127	GCA_047323495	SRR31303452	ncbi_assembly_download					4139940	67.5	1	4139940	ok	PASS	True	2026-07-24												0	resolved_ncbi_assembly					assembly	4139940	67.71950801219342	0.0	1	4139940			True	0.004582669750000001	2022.3835616438357	pandemic
CHN__SAMN42391128	CHN::SAMN42391128	focal	modern_country_time_project_lineage_cap8		CHN	China	Asia	2022-05-25	2022-05-25	day	2022	5	PRJNA1133929	ptxP3/fim3-1	provisional_marker_or_published_annotation	SAMN42391128	SAMN42391128	GCA_047323485	SRR31303450	ncbi_assembly_download									ok	PASS	True	2026-07-24												0	resolved_ncbi_assembly					assembly	4107387	67.70630573646945	0.0	1	4107387			True	0.0046648841499999935	2022.3945205479451	pandemic
CHN__SAMN42391129	CHN::SAMN42391129	focal	modern_country_time_project_lineage_cap8		CHN	China	Asia	2022-05-28	2022-05-28	day	2022	5	PRJNA1133929	ptxP3/fim3-1	provisional_marker_or_published_annotation	SAMN42391129	SAMN42391129	GCA_047323475	SRR31303449	ncbi_assembly_download									ok	PASS	True	2026-07-24												0	resolved_ncbi_assembly					assembly	4113079	67.70137408009911	0.0	1	4113079			True	0.004670650849999993	2022.4027397260274	pandemic
CHN__SAMN42391130	CHN::SAMN42391130	focal	modern_country_time_project_lineage_cap8		CHN	China	Asia	2022-06-11	2022-06-11	day	2022	6	PRJNA1133929	ptxP3/fim3-1	provisional_marker_or_published_annotation	SAMN42391130	SAMN42391130	GCA_047323465	SRR31303448	ncbi_assembly_download									ok	PASS	True	2026-07-24												0	resolved_ncbi_assembly					assembly	4124553	67.70202734696342	0.0	1	4124553			True	0.0046351656499999975	2022.441095890411	pandemic
CHN__SAMN42391131	CHN::SAMN42391131	focal	modern_country_time_project_lineage_cap8		CHN	China	Asia	2022-06-14	2022-06-14	day	2022	6	PRJNA1133929	ptxP3/fim3-1	provisional_marker_or_published_annotation	SAMN42391131	SAMN42391131	GCA_047323455	SRR31303447	ncbi_assembly_download									ok	PASS	True	2026-07-24												0	resolved_ncbi_assembly					assembly	4121597	67.70154869580892	0.0	1	4121597			True	0.004664608849999994	2022.4493150684932	pandemic
CHN__SAMN42391132	CHN::SAMN42391132	focal	modern_country_time_project_lineage_cap8		CHN	China	Asia	2022-08-07	2022-08-07	day	2022	8	PRJNA1133929	ptxP3/fim3-1	provisional_marker_or_published_annotation	SAMN42391132	SAMN42391132	GCA_047323445	SRR31303446	ncbi_assembly_download									ok	PASS	True	2026-07-24												0	resolved_ncbi_assembly					assembly	4109793	67.7041641756653	0.0	1	4109793			True	0.004676061649999994	2022.5972602739726	pandemic
CHN__SAMN45156014	CHN::SAMN45156014	focal	modern_country_time_project_lineage_cap8		CHN	China	Asia	2022-01-01	2022-12-31	year	2022		PRJNA1193776		provisional_marker_or_published_annotation	SRS23447261	SAMN45156014	RRASM_SRR31615325	SRR31615325	local_fasta									ok	PASS	True	2026-07-24												0	resolved_local_fasta					assembly	3895753	67.87658252461077	0.0	434	20831			True	0.004698722150000002	2022.4986301369863	pandemic
CHN__SAMN45156015	CHN::SAMN45156015	focal	modern_country_time_project_lineage_cap8		CHN	China	Asia	2022-01-01	2022-12-31	year	2022		PRJNA1193776	ptxP3/fim3-1	provisional_marker_or_published_annotation	SRS23447272	SAMN45156015	RRASM_SRR31615314	SRR31615314	local_fasta									ok	PASS	True	2026-07-24												0	resolved_local_fasta					assembly	3876138	67.8402316945372	0.0	413	20870			True	0.004746067549999996	2022.4986301369863	pandemic
CHN__SAMN45156016	CHN::SAMN45156016	focal	modern_country_time_project_lineage_cap8		CHN	China	Asia	2022-01-01	2022-12-31	year	2022		PRJNA1193776		provisional_marker_or_published_annotation	SRS23447283	SAMN45156016	RRASM_SRR31615303	SRR31615303	local_fasta									ok	PASS	True	2026-07-24												0	resolved_local_fasta					assembly	3892930	67.76217399233995	0.0	444	21200			True	0.0046996425499999965	2022.4986301369863	pandemic
CHN__SAMN45156019	CHN::SAMN45156019	focal	modern_country_time_project_lineage_cap8		CHN	China	Asia	2022-01-01	2022-12-31	year	2022		PRJNA1193776	ptxP3/fim3-1	provisional_marker_or_published_annotation	SRS23447316	SAMN45156019	RRASM_SRR31615270	SRR31615270	local_fasta									ok	PASS	True	2026-07-24												0	resolved_local_fasta					assembly	3880512	67.87488352052513	0.0	467	20981			True	0.004728681149999997	2022.4986301369863	pandemic
CHN__SAMN45156020	CHN::SAMN45156020	focal	modern_country_time_project_lineage_cap8		CHN	China	Asia	2022-01-01	2022-12-31	year	2022		PRJNA1193776	ptxP3/fim3-1	provisional_marker_or_published_annotation	SRS23447319	SAMN45156020	RRASM_SRR31615267	SRR31615267	local_fasta									ok	PASS	True	2026-07-24												0	resolved_local_fasta					assembly	3877520	67.85819286554292	0.0	439	19944			True	0.0047172611499999954	2022.4986301369863	pandemic
CHN__SAMN45156021	CHN::SAMN45156021	focal	modern_country_time_project_lineage_cap8		CHN	China	Asia	2022-01-01	2022-12-31	year	2022		PRJNA1193776	ptxP3/fim3-1	provisional_marker_or_published_annotation	SRS23447320	SAMN45156021	RRASM_SRR31615266	SRR31615266	local_fasta									ok	PASS	True	2026-07-24												0	resolved_local_fasta					assembly	3882030	67.86346318807428	0.0	469	20338			True	0.004694665149999994	2022.4986301369863	pandemic
CHN__SAMN45156022	CHN::SAMN45156022	focal	modern_country_time_project_lineage_cap8		CHN	China	Asia	2022-01-01	2022-12-31	year	2022		PRJNA1193776	ptxP1/fim3-1	provisional_marker_or_published_annotation	SRS23447321	SAMN45156022	RRASM_SRR31615265	SRR31615265	local_fasta									ok	PASS	True	2026-07-24												0	resolved_local_fasta					assembly	3908463	67.82904174863623	0.0	475	19983			True	0.004704441250000003	2022.4986301369863	pandemic
CHN__SAMN50152020	CHN::SAMN50152020	focal	modern_country_time_project_lineage_cap8		CHN	China	Asia	2022-01-01	2022-12-31	year	2022		PRJNA1295129		provisional_marker_or_published_annotation	SAMN50152020	SAMN50152020	GCA_053473185		ncbi_assembly_download									ok	PASS	True	2026-07-24												0	resolved_ncbi_assembly					assembly	3829603	67.88432116853888	0.0	259	22487			True	0.0046303563499999955	2022.4986301369863	pandemic
CHN__SAMN50152021	CHN::SAMN50152021	focal	modern_country_time_project_lineage_cap8		CHN	China	Asia	2022-01-01	2022-12-31	year	2022		PRJNA1295129		provisional_marker_or_published_annotation	SAMN50152021	SAMN50152021	GCA_053473145		ncbi_assembly_download									ok	PASS	True	2026-07-24												0	resolved_ncbi_assembly					assembly	3829744	67.88396300118232	0.0	259	22341			True	0.004648012449999994	2022.4986301369863	pandemic
CHN__SAMN50152026	CHN::SAMN50152026	focal	modern_country_time_project_lineage_cap8		CHN	China	Asia	2022-01-01	2022-12-31	year	2022		PRJNA1295129		provisional_marker_or_published_annotation	SAMN50152026	SAMN50152026	GCA_053473045		ncbi_assembly_download									ok	PASS	True	2026-07-24												0	resolved_ncbi_assembly					assembly	3823596	67.87244259069212	0.0	277	20546			True	0.004642032449999995	2022.4986301369863	pandemic
CHN__SAMN50152028	CHN::SAMN50152028	focal	modern_country_time_project_lineage_cap8		CHN	China	Asia	2022-01-01	2022-12-31	year	2022		PRJNA1295129		provisional_marker_or_published_annotation	SAMN50152028	SAMN50152028	GCA_053473005		ncbi_assembly_download									ok	PASS	True	2026-07-24												0	resolved_ncbi_assembly					assembly	3822305	67.86998944354258	0.0	281	20408			True	0.0046418301499999955	2022.4986301369863	pandemic
CHN__SAMN50152031	CHN::SAMN50152031	focal	modern_country_time_project_lineage_cap8		CHN	China	Asia	2022-01-01	2022-12-31	year	2022		PRJNA1295129		provisional_marker_or_published_annotation	SAMN50152031	SAMN50152031	GCA_053472945		ncbi_assembly_download									ok	PASS	True	2026-07-24												0	resolved_ncbi_assembly					assembly	3821642	67.86784319410347	0.0	288	20270			True	0.004629967849999996	2022.4986301369863	pandemic
CHN__SAMN50152036	CHN::SAMN50152036	focal	modern_country_time_project_lineage_cap8		CHN	China	Asia	2022-01-01	2022-12-31	year	2022		PRJNA1295129		provisional_marker_or_published_annotation	SAMN50152036	SAMN50152036	GCA_053472845		ncbi_assembly_download									ok	PASS	True	2026-07-24												0	resolved_ncbi_assembly					assembly	3824700	67.87436923157372	0.0	281	20540			True	0.004653660149999995	2022.4986301369863	pandemic
CHN__SAMN50152040	CHN::SAMN50152040	focal	modern_country_time_project_lineage_cap8		CHN	China	Asia	2022-01-01	2022-12-31	year	2022		PRJNA1295129		provisional_marker_or_published_annotation	SAMN50152040	SAMN50152040	GCA_053472765		ncbi_assembly_download									ok	PASS	True	2026-07-24												0	resolved_ncbi_assembly					assembly	3821503	67.8659679189052	0.0	304	19353			True	0.0046944598499999955	2022.4986301369863	pandemic
CHN__SAMN50152043	CHN::SAMN50152043	focal	modern_country_time_project_lineage_cap8		CHN	China	Asia	2022-01-01	2022-12-31	year	2022		PRJNA1295129		provisional_marker_or_published_annotation	SAMN50152043	SAMN50152043	GCA_053472705		ncbi_assembly_download									ok	PASS	True	2026-07-24												0	resolved_ncbi_assembly					assembly	3821077	67.86775037509058	0.0	290	20215			True	0.004688827349999995	2022.4986301369863	pandemic
CHN__SAMN39683154	CHN::SAMN39683154	focal	modern_country_time_project_lineage_cap8		CHN	China	Asia	2023-01-01	2023-12-31	year	2023		PRJNA1071282	ptxP1/fim3-1	provisional_marker_or_published_annotation	SRS20312620	SAMN39683154	RRASM_SRR27796276	SRR27796276	local_fasta									ok	PASS	True	2026-07-24												0	resolved_local_fasta					assembly	3882330	67.8231628944474	0.0	327	21198			True	0.004634187550000002	2023.4986301369863	resurgence
CHN__SAMN39683447	CHN::SAMN39683447	focal	modern_country_time_project_lineage_cap8		CHN	China	Asia	2023-01-01	2023-12-31	year	2023		PRJNA1071282	ptxP3/fim3-1	provisional_marker_or_published_annotation	SRS20312547	SAMN39683447	RRASM_SRR27796352	SRR27796352	local_fasta									ok	PASS	True	2026-07-24												0	resolved_local_fasta					assembly	3861469	67.82007054828098	0.0	310	22641			True	0.004670264649999996	2023.4986301369863	resurgence
CHN__SAMN42391133	CHN::SAMN42391133	focal	modern_country_time_project_lineage_cap8		CHN	China	Asia	2023-05-17	2023-05-17	day	2023	5	PRJNA1133929	ptxP3/fim3-1	provisional_marker_or_published_annotation	SAMN42391133	SAMN42391133	GCA_047323435	SRR31303445	ncbi_assembly_download									ok	PASS	True	2026-07-24												0	resolved_ncbi_assembly					assembly	4109908	67.70501918777744	0.0	1	4109908			True	0.004623748249999998	2023.372602739726	resurgence
CHN__SAMN42391134	CHN::SAMN42391134	focal	modern_country_time_project_lineage_cap8		CHN	China	Asia	2023-06-26	2023-06-26	day	2023	6	PRJNA1133929	ptxP3/fim3-1	provisional_marker_or_published_annotation	SAMN42391134	SAMN42391134	GCA_047323425	SRR31303444	ncbi_assembly_download					4115431	67.5	1	4115431	ok	PASS	True	2026-07-24												0	resolved_ncbi_assembly					assembly	4115431	67.70275093908755	0.0	1	4115431			True	0.004641917049999995	2023.482191780822	resurgence
CHN__SAMN42391135	CHN::SAMN42391135	focal	modern_country_time_project_lineage_cap8		CHN	China	Asia	2023-08-10	2023-08-10	day	2023	8	PRJNA1133929	ptxP3/fim3-1	provisional_marker_or_published_annotation	SAMN42391135	SAMN42391135	GCA_047323415	SRR31303443	ncbi_assembly_download									ok	PASS	True	2026-07-24												0	resolved_ncbi_assembly					assembly	4119634	67.71502031491147	0.0	1	4119634			True	0.004653136249999995	2023.6054794520549	resurgence
CHN__SAMN42391136	CHN::SAMN42391136	focal	modern_country_time_project_lineage_cap8		CHN	China	Asia	2023-08-17	2023-08-17	day	2023	8	PRJNA1133929	ptxP3/fim3-1	provisional_marker_or_published_annotation	SAMN42391136	SAMN42391136	GCA_047323405	SRR31303442	ncbi_assembly_download									ok	PASS	True	2026-07-24												0	resolved_ncbi_assembly					assembly	4111949	67.70232315624537	0.0	1	4111949			True	0.004659405749999994	2023.6246575342466	resurgence
CHN__SAMN42391137	CHN::SAMN42391137	focal	modern_country_time_project_lineage_cap8		CHN	China	Asia	2023-08-27	2023-08-27	day	2023	8	PRJNA1133929	ptxP3/fim3-1	provisional_marker_or_published_annotation	SAMN42391137	SAMN42391137	GCA_047323395	SRR31303441	ncbi_assembly_download									ok	PASS	True	2026-07-24												0	resolved_ncbi_assembly					assembly	4119063	67.69881888186707	0.0	1	4119063			True	0.004636425049999996	2023.6520547945206	resurgence
CHN__SAMN42391138	CHN::SAMN42391138	focal	modern_country_time_project_lineage_cap8		CHN	China	Asia	2023-08-30	2023-08-30	day	2023	8	PRJNA1133929	ptxP3/fim3-1	provisional_marker_or_published_annotation	SAMN42391138	SAMN42391138	GCA_047323385	SRR31303439	ncbi_assembly_download					4119841	67.5	1	4119841	ok	PASS	True	2026-07-24												0	resolved_ncbi_assembly					assembly	4119841	67.69972433402162	0.0	1	4119841			True	0.004636425049999996	2023.6602739726027	resurgence
CHN__SAMN42391139	CHN::SAMN42391139	focal	modern_country_time_project_lineage_cap8		CHN	China	Asia	2023-09-12	2023-09-12	day	2023	9	PRJNA1133929	ptxP3/fim3-1	provisional_marker_or_published_annotation	SAMN42391139	SAMN42391139	GCA_047323375	SRR31303438	ncbi_assembly_download									ok	PASS	True	2026-07-24												0	resolved_ncbi_assembly					assembly	4106607	67.70755029638823	0.0	1	4106607			True	0.004623616349999997	2023.695890410959	resurgence
CHN__SAMN42391140	CHN::SAMN42391140	focal	modern_country_time_project_lineage_cap8		CHN	China	Asia	2023-10-15	2023-10-15	day	2023	10	PRJNA1133929	ptxP3/fim3-1	provisional_marker_or_published_annotation	SAMN42391140	SAMN42391140	GCA_047323365	SRR31303437	ncbi_assembly_download									ok	PASS	True	2026-07-24												0	resolved_ncbi_assembly					assembly	4108793	67.70552811981524	0.0	1	4108793			True	0.0046242567499999955	2023.786301369863	resurgence
CHN__SAMN42391141	CHN::SAMN42391141	focal	modern_country_time_project_lineage_cap8		CHN	China	Asia	2023-10-20	2023-10-20	day	2023	10	PRJNA1133929	ptxP3/fim3-1	provisional_marker_or_published_annotation	SAMN42391141	SAMN42391141	GCA_047323355	SRR31303436	ncbi_assembly_download									ok	PASS	True	2026-07-24												0	resolved_ncbi_assembly					assembly	4107719	67.70616490563255	0.0	1	4107719			True	0.004676003749999994	2023.8	resurgence
CHN__SAMN42391142	CHN::SAMN42391142	focal	modern_country_time_project_lineage_cap8		CHN	China	Asia	2023-10-28	2023-10-28	day	2023	10	PRJNA1133929	ptxP3/fim3-1	provisional_marker_or_published_annotation	SAMN42391142	SAMN42391142	GCA_047323345	SRR31303435	ncbi_assembly_download									ok	PASS	True	2026-07-24												0	resolved_ncbi_assembly					assembly	4108234	67.7048337558182	0.0	1	4108234			True	0.004687851549999993	2023.8219178082193	resurgence
CHN__SAMN42391143	CHN::SAMN42391143	focal	modern_country_time_project_lineage_cap8		CHN	China	Asia	2023-10-30	2023-10-30	day	2023	10	PRJNA1133929	ptxP3/fim3-1	provisional_marker_or_published_annotation	SAMN42391143	SAMN42391143	GCA_047323335	SRR31303434	ncbi_assembly_download					4107756	67.5	1	4107756	ok	PASS	True	2026-07-24												0	resolved_ncbi_assembly					assembly	4107756	67.70565242920952	0.0	1	4107756			True	0.004664568649999995	2023.827397260274	resurgence
CHN__SAMN42391144	CHN::SAMN42391144	focal	modern_country_time_project_lineage_cap8		CHN	China	Asia	2023-11-10	2023-11-10	day	2023	11	PRJNA1133929	ptxP3/fim3-1	provisional_marker_or_published_annotation	SAMN42391144	SAMN42391144	GCA_047323325	SRR31303433	ncbi_assembly_download									ok	PASS	True	2026-07-24												0	resolved_ncbi_assembly					assembly	4104271	67.70198654036247	0.0	1	4104271			True	0.004652978349999996	2023.8575342465754	resurgence
CHN__SAMN42391145	CHN::SAMN42391145	focal	modern_country_time_project_lineage_cap8		CHN	China	Asia	2023-11-08	2023-11-08	day	2023	11	PRJNA1133929	ptxP3/fim3-1	provisional_marker_or_published_annotation	SAMN42391145	SAMN42391145	GCA_047323315	SRR31303432	ncbi_assembly_download									ok	PASS	True	2026-07-24												0	resolved_ncbi_assembly					assembly	4104934	67.70873782623545	0.0	1	4104934			True	0.004624199049999995	2023.8520547945207	resurgence
CHN__SAMN42391146	CHN::SAMN42391146	focal	modern_country_time_project_lineage_cap8		CHN	China	Asia	2023-11-13	2023-11-13	day	2023	11	PRJNA1133929	ptxP3/fim3-1	provisional_marker_or_published_annotation	SAMN42391146	SAMN42391146	GCA_047323305	SRR31303431	ncbi_assembly_download									ok	PASS	True	2026-07-24												0	resolved_ncbi_assembly					assembly	4105546	67.70804662765927	0.0	1	4105546			True	0.004647375749999995	2023.8657534246574	resurgence
CHN__SAMN42391147	CHN::SAMN42391147	focal	modern_country_time_project_lineage_cap8		CHN	China	Asia	2023-11-14	2023-11-14	day	2023	11	PRJNA1133929	ptxP3/fim3-1	provisional_marker_or_published_annotation	SAMN42391147	SAMN42391147	GCA_047323295	SRR31303430	ncbi_assembly_download									ok	PASS	True	2026-07-24												0	resolved_ncbi_assembly					assembly	4107547	67.70865920706446	0.0	1	4107547			True	0.004624334549999996	2023.868493150685	resurgence
CHN__SAMN42391148	CHN::SAMN42391148	focal	modern_country_time_project_lineage_cap8		CHN	China	Asia	2023-11-22	2023-11-22	day	2023	11	PRJNA1133929	ptxP3/fim3-1	provisional_marker_or_published_annotation	SAMN42391148	SAMN42391148	GCA_047323285	SRR31303428	ncbi_assembly_download									ok	PASS	True	2026-07-24												0	resolved_ncbi_assembly					assembly	4106795	67.70654488475806	0.0	1	4106795			True	0.004653180549999996	2023.890410958904	resurgence
CHN__SAMN42391149	CHN::SAMN42391149	focal	modern_country_time_project_lineage_cap8		CHN	China	Asia	2023-12-19	2023-12-19	day	2023	12	PRJNA1133929	ptxP3/fim3-1	provisional_marker_or_published_annotation	SAMN42391149	SAMN42391149	GCA_047323275	SRR31303427	ncbi_assembly_download									ok	PASS	True	2026-07-24												0	resolved_ncbi_assembly					assembly	4106638	67.70759925759222	0.0	1	4106638			True	0.004629890349999996	2023.964383561644	resurgence
CHN__SAMN42391150	CHN::SAMN42391150	focal	modern_country_time_project_lineage_cap8		CHN	China	Asia	2023-12-29	2023-12-29	day	2023	12	PRJNA1133929	ptxP3/fim3-1	provisional_marker_or_published_annotation	SAMN42391150	SAMN42391150	GCA_047323265	SRR31303426	ncbi_assembly_download									ok	PASS	True	2026-07-24												0	resolved_ncbi_assembly					assembly	4104087	67.70638634122523	0.0	1	4104087			True	0.004624201449999995	2023.9917808219177	resurgence
CHN__SAMN44583814	CHN::SAMN44583814	focal	modern_country_time_project_lineage_cap8		CHN	China	Asia	2023-02-04	2023-02-04	day	2023	2	PRJNA1182239		provisional_marker_or_published_annotation	SAMN44583814	SAMN44583814	GCA_050978505		ncbi_assembly_download									ok	PASS	True	2026-07-24												0	resolved_ncbi_assembly					assembly	3830949	67.93186231401148	5.5860832394270974e-05	353	18118			True	0.004676410449999995	2023.0931506849315	resurgence
CHN__SAMN44583815	CHN::SAMN44583815	focal	modern_country_time_project_lineage_cap8		CHN	China	Asia	2023-02-07	2023-02-07	day	2023	2	PRJNA1182239		provisional_marker_or_published_annotation	SAMN44583815	SAMN44583815	GCA_050978485		ncbi_assembly_download									ok	PASS	True	2026-07-24												0	resolved_ncbi_assembly					assembly	3834446	67.94746881296543	4.772527765419046e-05	375	17342			True	0.004650739249999996	2023.1013698630136	resurgence
CHN__SAMN44583816	CHN::SAMN44583816	focal	modern_country_time_project_lineage_cap8		CHN	China	Asia	2023-03-27	2023-03-27	day	2023	3	PRJNA1182239		provisional_marker_or_published_annotation	SAMN44583816	SAMN44583816	GCA_050978445		ncbi_assembly_download									ok	PASS	True	2026-07-24												0	resolved_ncbi_assembly					assembly	3826562	67.91992394217054	9.146591640224305e-06	300	19508			True	0.004681542549999993	2023.2328767123288	resurgence
CHN__SAMN44583817	CHN::SAMN44583817	focal	modern_country_time_project_lineage_cap8		CHN	China	Asia	2023-03-27	2023-03-27	day	2023	3	PRJNA1182239		provisional_marker_or_published_annotation	SAMN44583817	SAMN44583817	GCA_050978465		ncbi_assembly_download									ok	PASS	True	2026-07-24												0	resolved_ncbi_assembly					assembly	3825702	67.92016210358256	3.084401241915863e-05	293	20354			True	0.004654443649999993	2023.2328767123288	resurgence
CHN__SAMN44583818	CHN::SAMN44583818	focal	modern_country_time_project_lineage_cap8		CHN	China	Asia	2023-03-27	2023-03-27	day	2023	3	PRJNA1182239		provisional_marker_or_published_annotation	SAMN44583818	SAMN44583818	GCA_050978425		ncbi_assembly_download									ok	PASS	True	2026-07-24												0	resolved_ncbi_assembly					assembly	3824185	67.91724249742101	7.844808763174377e-06	296	20597			True	0.004624354149999996	2023.2328767123288	resurgence
CHN__SAMN44583819	CHN::SAMN44583819	focal	modern_country_time_project_lineage_cap8		CHN	China	Asia	2023-04-06	2023-04-06	day	2023	4	PRJNA1182239		provisional_marker_or_published_annotation	SAMN44583819	SAMN44583819	GCA_050978385		ncbi_assembly_download									ok	PASS	True	2026-07-24												0	resolved_ncbi_assembly					assembly	3826431	67.91754509620061	5.644946949258983e-05	306	20268			True	0.004642074549999996	2023.2602739726028	resurgence
CHN__SAMN44583820	CHN::SAMN44583820	focal	modern_country_time_project_lineage_cap8		CHN	China	Asia	2023-04-23	2023-04-23	day	2023	4	PRJNA1182239		provisional_marker_or_published_annotation	SAMN44583820	SAMN44583820	GCA_050978405		ncbi_assembly_download									ok	PASS	True	2026-07-24												0	resolved_ncbi_assembly					assembly	3823204	67.9061593365146	5.623555530910723e-05	285	20602			True	0.004653895549999994	2023.3068493150686	resurgence
CHN__SAMN44583821	CHN::SAMN44583821	focal	modern_country_time_project_lineage_cap8		CHN	China	Asia	2023-04-21	2023-04-21	day	2023	4	PRJNA1182239		provisional_marker_or_published_annotation	SAMN44583821	SAMN44583821	GCA_050978365		ncbi_assembly_download									ok	PASS	True	2026-07-24												0	resolved_ncbi_assembly					assembly	3825715	67.91005080096139	3.659446665525268e-06	295	20597			True	0.004641946549999996	2023.3013698630136	resurgence
CHN__SAMN44583822	CHN::SAMN44583822	focal	modern_country_time_project_lineage_cap8		CHN	China	Asia	2023-06-08	2023-06-08	day	2023	6	PRJNA1182239		provisional_marker_or_published_annotation	SAMN44583822	SAMN44583822	GCA_050978345		ncbi_assembly_download									ok	PASS	True	2026-07-24												0	resolved_ncbi_assembly					assembly	3821114	67.89407486926588	2.5646971014212086e-05	283	20793			True	0.004618560149999997	2023.4328767123288	resurgence
CHN__SAMN44583823	CHN::SAMN44583823	focal	modern_country_time_project_lineage_cap8		CHN	China	Asia	2023-06-12	2023-06-12	day	2023	6	PRJNA1182239		provisional_marker_or_published_annotation	SAMN44583823	SAMN44583823	GCA_050978325		ncbi_assembly_download									ok	PASS	True	2026-07-24												0	resolved_ncbi_assembly					assembly	3820631	67.89682123188553	2.5911950146454865e-05	285	20794			True	0.004659649349999994	2023.4438356164383	resurgence
CHN__SAMN44583824	CHN::SAMN44583824	focal	modern_country_time_project_lineage_cap8		CHN	China	Asia	2023-06-12	2023-06-12	day	2023	6	PRJNA1182239		provisional_marker_or_published_annotation	SAMN44583824	SAMN44583824	GCA_050978305		ncbi_assembly_download									ok	PASS	True	2026-07-24												0	resolved_ncbi_assembly					assembly	3820043	67.89952364410557	2.5654161484569676e-05	282	20794			True	0.004671157349999995	2023.4438356164383	resurgence
CHN__SAMN44583825	CHN::SAMN44583825	focal	modern_country_time_project_lineage_cap8		CHN	China	Asia	2023-06-23	2023-06-23	day	2023	6	PRJNA1182239		provisional_marker_or_published_annotation	SAMN44583825	SAMN44583825	GCA_050978285		ncbi_assembly_download									ok	PASS	True	2026-07-24												0	resolved_ncbi_assembly					assembly	3820896	67.89967588754051	2.5648434293945715e-05	278	22297			True	0.004668486249999994	2023.4739726027397	resurgence
CHN__SAMN44583826	CHN::SAMN44583826	focal	modern_country_time_project_lineage_cap8		CHN	China	Asia	2023-07-21	2023-07-21	day	2023	7	PRJNA1182239		provisional_marker_or_published_annotation	SAMN44583826	SAMN44583826	GCA_050978265		ncbi_assembly_download									ok	PASS	True	2026-07-24												0	resolved_ncbi_assembly					assembly	3820335	67.90048516687672	0.0	277	20794			True	0.004641656849999996	2023.5506849315068	resurgence
CHN__SAMN44583827	CHN::SAMN44583827	focal	modern_country_time_project_lineage_cap8		CHN	China	Asia	2023-07-30	2023-07-30	day	2023	7	PRJNA1182239		provisional_marker_or_published_annotation	SAMN44583827	SAMN44583827	GCA_050978245		ncbi_assembly_download									ok	PASS	True	2026-07-24												0	resolved_ncbi_assembly					assembly	3821001	67.89744362799172	2.5647729482405265e-05	279	22297			True	0.004670313949999995	2023.5753424657535	resurgence
CHN__SAMN44583828	CHN::SAMN44583828	focal	modern_country_time_project_lineage_cap8		CHN	China	Asia	2023-09-23	2023-09-23	day	2023	9	PRJNA1182239		provisional_marker_or_published_annotation	SAMN44583828	SAMN44583828	GCA_050978225		ncbi_assembly_download									ok	PASS	True	2026-07-24												0	resolved_ncbi_assembly					assembly	3820719	67.89923571976898	2.486442996723915e-05	281	20869			True	0.004679737449999995	2023.7260273972602	resurgence
CHN__SAMN44583829	CHN::SAMN44583829	focal	modern_country_time_project_lineage_cap8		CHN	China	Asia	2023-11-10	2023-11-10	day	2023	11	PRJNA1182239		provisional_marker_or_published_annotation	SAMN44583829	SAMN44583829	GCA_050978205		ncbi_assembly_download									ok	PASS	True	2026-07-24												0	resolved_ncbi_assembly					assembly	3821866	67.90057526872998	0.0	275	22297			True	0.004647302349999996	2023.8575342465754	resurgence
CHN__SAMN44583830	CHN::SAMN44583830	focal	modern_country_time_project_lineage_cap8		CHN	China	Asia	2023-11-14	2023-11-14	day	2023	11	PRJNA1182239		provisional_marker_or_published_annotation	SAMN44583830	SAMN44583830	GCA_050978175		ncbi_assembly_download									ok	PASS	True	2026-07-24												0	resolved_ncbi_assembly					assembly	3820806	67.8995478964386	2.5387313566823334e-05	277	21088			True	0.004658689049999995	2023.868493150685	resurgence
CHN__SAMN44583831	CHN::SAMN44583831	focal	modern_country_time_project_lineage_cap8		CHN	China	Asia	2023-11-14	2023-11-14	day	2023	11	PRJNA1182239		provisional_marker_or_published_annotation	SAMN44583831	SAMN44583831	GCA_050978155		ncbi_assembly_download									ok	PASS	True	2026-07-24												0	resolved_ncbi_assembly					assembly	3820196	67.89908161780181	2.460606733267089e-05	275	21088			True	0.0046782644499999936	2023.868493150685	resurgence
CHN__SAMN44583832	CHN::SAMN44583832	focal	modern_country_time_project_lineage_cap8		CHN	China	Asia	2023-11-16	2023-11-16	day	2023	11	PRJNA1182239		provisional_marker_or_published_annotation	SAMN44583832	SAMN44583832	GCA_050978125		ncbi_assembly_download									ok	PASS	True	2026-07-24												0	resolved_ncbi_assembly					assembly	3820929	67.89547777516934	2.5648212777573202e-05	283	20869			True	0.004654939749999995	2023.8739726027397	resurgence
CHN__SAMN45156018	CHN::SAMN45156018	focal	modern_country_time_project_lineage_cap8		CHN	China	Asia	2023-01-01	2023-12-31	year	2023		PRJNA1193776	ptxP3/fim3-1	provisional_marker_or_published_annotation	SRS23447305	SAMN45156018	RRASM_SRR31615281	SRR31615281	local_fasta									ok	PASS	True	2026-07-24												0	resolved_local_fasta					assembly	3877130	67.87549037561288	0.0	428	20911			True	0.004727759049999998	2023.4986301369863	resurgence
CHN__SAMN45156024	CHN::SAMN45156024	focal	modern_country_time_project_lineage_cap8		CHN	China	Asia	2023-01-01	2023-12-31	year	2023		PRJNA1193776	ptxP3/fim3-1	provisional_marker_or_published_annotation	SRS23447263	SAMN45156024	RRASM_SRR31615323	SRR31615323	local_fasta									ok	PASS	True	2026-07-24												0	resolved_local_fasta					assembly	3887269	67.8293166745085	0.0	455	20911			True	0.004873790149999994	2023.4986301369863	resurgence
CHN__SAMN45156025	CHN::SAMN45156025	focal	modern_country_time_project_lineage_cap8		CHN	China	Asia	2023-01-01	2023-12-31	year	2023		PRJNA1193776		provisional_marker_or_published_annotation	SRS23447264	SAMN45156025	RRASM_SRR31615322	SRR31615322	local_fasta									ok	PASS	True	2026-07-24												0	resolved_local_fasta					assembly	3886692	67.84697629758159	0.0	499	20791			True	0.004711312249999997	2023.4986301369863	resurgence
CHN__SAMN45156026	CHN::SAMN45156026	focal	modern_country_time_project_lineage_cap8		CHN	China	Asia	2023-01-01	2023-12-31	year	2023		PRJNA1193776		provisional_marker_or_published_annotation	SRS23447265	SAMN45156026	RRASM_SRR31615321	SRR31615321	local_fasta									ok	PASS	True	2026-07-24												0	resolved_local_fasta					assembly	3884624	67.8853345909411	0.0	489	20754			True	0.004774938249999996	2023.4986301369863	resurgence
CHN__SAMN45156027	CHN::SAMN45156027	focal	modern_country_time_project_lineage_cap8		CHN	China	Asia	2023-01-01	2023-12-31	year	2023		PRJNA1193776	ptxP3/fim3-1	provisional_marker_or_published_annotation	SRS23447266	SAMN45156027	RRASM_SRR31615320	SRR31615320	local_fasta									ok	PASS	True	2026-07-24												0	resolved_local_fasta					assembly	3884764	67.82780112253923	0.0	496	20338			True	0.004804469449999995	2023.4986301369863	resurgence
CHN__SAMN45156028	CHN::SAMN45156028	focal	modern_country_time_project_lineage_cap8		CHN	China	Asia	2023-01-01	2023-12-31	year	2023		PRJNA1193776	ptxP3/fim3-1	provisional_marker_or_published_annotation	SRS23447267	SAMN45156028	RRASM_SRR31615319	SRR31615319	local_fasta									ok	PASS	True	2026-07-24												0	resolved_local_fasta					assembly	3877686	67.78341516048489	0.0	448	19620			True	0.004752464449999996	2023.4986301369863	resurgence
CHN__SAMN45156030	CHN::SAMN45156030	focal	modern_country_time_project_lineage_cap8		CHN	China	Asia	2023-01-01	2023-12-31	year	2023		PRJNA1193776	ptxP3/fim3-1	provisional_marker_or_published_annotation	SRS23447269	SAMN45156030	RRASM_SRR31615317	SRR31615317	local_fasta									ok	PASS	True	2026-07-24												0	resolved_local_fasta					assembly	3876855	67.85551690739014	0.0	453	20338			True	0.004740139949999996	2023.4986301369863	resurgence
CHN__SAMN50152046	CHN::SAMN50152046	focal	modern_country_time_project_lineage_cap8		CHN	China	Asia	2023-01-01	2023-12-31	year	2023		PRJNA1295129		provisional_marker_or_published_annotation	SAMN50152046	SAMN50152046	GCA_053472645		ncbi_assembly_download									ok	PASS	True	2026-07-24												0	resolved_ncbi_assembly					assembly	3823813	67.87138910820168	0.0	284	20408			True	0.004635825149999996	2023.4986301369863	resurgence
CHN__SAMN50152047	CHN::SAMN50152047	focal	modern_country_time_project_lineage_cap8		CHN	China	Asia	2023-01-01	2023-12-31	year	2023		PRJNA1295129		provisional_marker_or_published_annotation	SAMN50152047	SAMN50152047	GCA_053472665		ncbi_assembly_download									ok	PASS	True	2026-07-24												0	resolved_ncbi_assembly					assembly	3825072	67.87399034580264	0.0	280	20546			True	0.004641563249999996	2023.4986301369863	resurgence
CHN__SAMN50152049	CHN::SAMN50152049	focal	modern_country_time_project_lineage_cap8		CHN	China	Asia	2023-01-01	2023-12-31	year	2023		PRJNA1295129		provisional_marker_or_published_annotation	SAMN50152049	SAMN50152049	GCA_053472595		ncbi_assembly_download									ok	PASS	True	2026-07-24												0	resolved_ncbi_assembly					assembly	3822224	67.86734634076915	0.0	295	19552			True	0.0046827649499999935	2023.4986301369863	resurgence
CHN__SAMN50152051	CHN::SAMN50152051	focal	modern_country_time_project_lineage_cap8		CHN	China	Asia	2023-01-01	2023-12-31	year	2023		PRJNA1295129		provisional_marker_or_published_annotation	SAMN50152051	SAMN50152051	GCA_053472545		ncbi_assembly_download									ok	PASS	True	2026-07-24												0	resolved_ncbi_assembly					assembly	3821060	67.86862807702575	0.0	293	20215			True	0.004688341849999995	2023.4986301369863	resurgence
CHN__SAMN50152052	CHN::SAMN50152052	focal	modern_country_time_project_lineage_cap8		CHN	China	Asia	2023-01-01	2023-12-31	year	2023		PRJNA1295129		provisional_marker_or_published_annotation	SAMN50152052	SAMN50152052	GCA_053472565		ncbi_assembly_download									ok	PASS	True	2026-07-24												0	resolved_ncbi_assembly					assembly	3820927	67.86512801736333	0.0	297	19552			True	0.004693922349999996	2023.4986301369863	resurgence
CHN__SAMN50152053	CHN::SAMN50152053	focal	modern_country_time_project_lineage_cap8		CHN	China	Asia	2023-01-01	2023-12-31	year	2023		PRJNA1295129		provisional_marker_or_published_annotation	SAMN50152053	SAMN50152053	GCA_053472525		ncbi_assembly_download									ok	PASS	True	2026-07-24												0	resolved_ncbi_assembly					assembly	3822418	67.86845394721352	0.0	287	20545			True	0.004653590949999995	2023.4986301369863	resurgence
CHN__SAMN50152054	CHN::SAMN50152054	focal	modern_country_time_project_lineage_cap8		CHN	China	Asia	2023-01-01	2023-12-31	year	2023		PRJNA1295129		provisional_marker_or_published_annotation	SAMN50152054	SAMN50152054	GCA_053472465		ncbi_assembly_download									ok	PASS	True	2026-07-24												0	resolved_ncbi_assembly					assembly	3829658	67.88350291331497	0.0	261	22486			True	0.004624402949999996	2023.4986301369863	resurgence
CHN__SAMN50152056	CHN::SAMN50152056	focal	modern_country_time_project_lineage_cap8		CHN	China	Asia	2023-01-01	2023-12-31	year	2023		PRJNA1295129		provisional_marker_or_published_annotation	SAMN50152056	SAMN50152056	GCA_053472505		ncbi_assembly_download									ok	PASS	True	2026-07-24												0	resolved_ncbi_assembly					assembly	3829730	67.883349478945	0.0	261	22486			True	0.0046301071499999956	2023.4986301369863	resurgence
CHN__SAMN40924133	CHN::SAMN40924133	focal	modern_country_time_project_lineage_cap8		CHN	China	Asia	2024-01-01	2024-12-31	year	2024		PRJNA1071282	ptxP3/fim3-1	provisional_marker_or_published_annotation	SRS20990015	SAMN40924133	RRASM_SRR28622232	SRR28622232	local_fasta					3864778	67.81	339	22500	ok	PASS	True	2026-07-24												0	resolved_local_fasta					assembly	3864778	67.80790513711266	0.0	339	22500			True	0.004728131349999994	2024.4986338797814	resurgence
CHN__SAMN40924154	CHN::SAMN40924154	focal	modern_country_time_project_lineage_cap8		CHN	China	Asia	2024-01-01	2024-12-31	year	2024		PRJNA1071282	ptxP3/fim3-1	provisional_marker_or_published_annotation	SRS20990038	SAMN40924154	RRASM_SRR28622209	SRR28622209	local_fasta					3864174	67.81	342	20981	ok	PASS	True	2026-07-24												0	resolved_local_fasta					assembly	3864174	67.80905828774792	0.0	342	20981			True	0.004699867349999994	2024.4986338797814	resurgence
CHN__SAMN43024010	CHN::SAMN43024010	focal	modern_country_time_project_lineage_cap8		CHN	China	Asia	2024-04-22	2024-04-22	day	2024	4	PRJNA1143937	ptxP3/fim3-1	provisional_marker_or_published_annotation	SAMN43024010	SAMN43024010	GCA_042611075		ncbi_assembly_download									ok	PASS	True	2026-07-24												0	resolved_ncbi_assembly					assembly	3844174	67.79888215257687	0.0	402	15622			True	0.004775601549999996	2024.3060109289618	resurgence
CHN__SAMN43024011	CHN::SAMN43024011	focal	modern_country_time_project_lineage_cap8		CHN	China	Asia	2024-04-22	2024-04-22	day	2024	4	PRJNA1143937	ptxP3/fim3-1	provisional_marker_or_published_annotation	SAMN43024011	SAMN43024011	GCA_042611065		ncbi_assembly_download									ok	PASS	True	2026-07-24												0	resolved_ncbi_assembly					assembly	3848406	67.81051687373942	0.0	358	18083			True	0.0047348842499999955	2024.3060109289618	resurgence
CHN__SAMN43024012	CHN::SAMN43024012	focal	modern_country_time_project_lineage_cap8		CHN	China	Asia	2024-04-22	2024-04-22	day	2024	4	PRJNA1143937	ptxP3/fim3-1	provisional_marker_or_published_annotation	SAMN43024012	SAMN43024012	GCA_042611025		ncbi_assembly_download									ok	PASS	True	2026-07-24												0	resolved_ncbi_assembly					assembly	3851866	67.81414514419764	0.0	345	19591			True	0.004712935549999995	2024.3060109289618	resurgence
CHN__SAMN43024013	CHN::SAMN43024013	focal	modern_country_time_project_lineage_cap8		CHN	China	Asia	2024-04-23	2024-04-23	day	2024	4	PRJNA1143937	ptxP3/fim3-1	provisional_marker_or_published_annotation	SAMN43024013	SAMN43024013	GCA_042611045		ncbi_assembly_download									ok	PASS	True	2026-07-24												0	resolved_ncbi_assembly					assembly	3853476	67.81923645041516	0.0	339	19601			True	0.004711713149999995	2024.308743169399	resurgence
CHN__SAMN43024014	CHN::SAMN43024014	focal	modern_country_time_project_lineage_cap8		CHN	China	Asia	2024-04-20	2024-04-20	day	2024	4	PRJNA1143937	ptxP3/fim3-1	provisional_marker_or_published_annotation	SAMN43024014	SAMN43024014	GCA_042610965		ncbi_assembly_download									ok	PASS	True	2026-07-24												0	resolved_ncbi_assembly					assembly	3853284	67.81797033387625	0.0	342	19620			True	0.0046706203499999955	2024.3005464480875	resurgence
CHN__SAMN43024015	CHN::SAMN43024015	focal	modern_country_time_project_lineage_cap8		CHN	China	Asia	2024-04-20	2024-04-20	day	2024	4	PRJNA1143937	ptxP3/fim3-1	provisional_marker_or_published_annotation	SAMN43024015	SAMN43024015	GCA_042610985		ncbi_assembly_download									ok	PASS	True	2026-07-24												0	resolved_ncbi_assembly					assembly	3847223	67.81057401663486	0.0	373	17545			True	0.004758773649999995	2024.3005464480875	resurgence
CHN__SAMN43024016	CHN::SAMN43024016	focal	modern_country_time_project_lineage_cap8		CHN	China	Asia	2024-04-29	2024-04-29	day	2024	4	PRJNA1143937	ptxP3/fim3-1	provisional_marker_or_published_annotation	SAMN43024016	SAMN43024016	GCA_042610975		ncbi_assembly_download									ok	PASS	True	2026-07-24												0	resolved_ncbi_assembly					assembly	3846318	67.79886634438442	0.0	401	15566			True	0.004790869149999996	2024.3251366120219	resurgence
CHN__SAMN43024017	CHN::SAMN43024017	focal	modern_country_time_project_lineage_cap8		CHN	China	Asia	2024-05-02	2024-05-02	day	2024	5	PRJNA1143937	ptxP3/fim3-1	provisional_marker_or_published_annotation	SAMN43024017	SAMN43024017	GCA_042610945		ncbi_assembly_download									ok	PASS	True	2026-07-24												0	resolved_ncbi_assembly					assembly	3828964	67.76569327891305	0.0	477	13406			True	0.004827869549999997	2024.3333333333333	resurgence
CHN__SAMN43024018	CHN::SAMN43024018	focal	modern_country_time_project_lineage_cap8		CHN	China	Asia	2024-05-02	2024-05-02	day	2024	5	PRJNA1143937	ptxP3/fim3-1	provisional_marker_or_published_annotation	SAMN43024018	SAMN43024018	GCA_042610925		ncbi_assembly_download									ok	PASS	True	2026-07-24												0	resolved_ncbi_assembly					assembly	3837266	67.79876610065604	0.0	413	15269			True	0.004765664149999995	2024.3333333333333	resurgence
CHN__SAMN43024019	CHN::SAMN43024019	focal	modern_country_time_project_lineage_cap8		CHN	China	Asia	2024-05-02	2024-05-02	day	2024	5	PRJNA1143937	ptxP3/fim3-1	provisional_marker_or_published_annotation	SAMN43024019	SAMN43024019	GCA_042610855		ncbi_assembly_download									ok	PASS	True	2026-07-24												0	resolved_ncbi_assembly					assembly	3841907	67.79104751884937	0.0	418	15269			True	0.004828176349999996	2024.3333333333333	resurgence
CHN__SAMN43024020	CHN::SAMN43024020	focal	modern_country_time_project_lineage_cap8		CHN	China	Asia	2024-05-02	2024-05-02	day	2024	5	PRJNA1143937	ptxP3/fim3-1	provisional_marker_or_published_annotation	SAMN43024020	SAMN43024020	GCA_042610865		ncbi_assembly_download									ok	PASS	True	2026-07-24												0	resolved_ncbi_assembly					assembly	3848515	67.8120002130692	0.0	354	17856			True	0.0047284003499999975	2024.3333333333333	resurgence
CHN__SAMN43024021	CHN::SAMN43024021	focal	modern_country_time_project_lineage_cap8		CHN	China	Asia	2024-05-02	2024-05-02	day	2024	5	PRJNA1143937	ptxP3/fim3-1	provisional_marker_or_published_annotation	SAMN43024021	SAMN43024021	GCA_042610875		ncbi_assembly_download									ok	PASS	True	2026-07-24												0	resolved_ncbi_assembly					assembly	3853542	67.81566153943567	0.0	345	19569			True	0.004711711049999996	2024.3333333333333	resurgence
CHN__SAMN43024023	CHN::SAMN43024023	focal	modern_country_time_project_lineage_cap8		CHN	China	Asia	2024-05-13	2024-05-13	day	2024	5	PRJNA1143937		provisional_marker_or_published_annotation	SAMN43024023	SAMN43024023	GCA_042610825		ncbi_assembly_download									ok	PASS	True	2026-07-24												0	resolved_ncbi_assembly					assembly	3837581	67.84182535821394	0.0	486	12309			True	0.005099884049999996	2024.363387978142	resurgence
CHN__SAMN43024024	CHN::SAMN43024024	focal	modern_country_time_project_lineage_cap8		CHN	China	Asia	2024-05-16	2024-05-16	day	2024	5	PRJNA1143937		provisional_marker_or_published_annotation	SAMN43024024	SAMN43024024	GCA_042610775		ncbi_assembly_download									ok	PASS	True	2026-07-24												0	resolved_ncbi_assembly					assembly	3850963	67.81701096582854	0.0	471	13198			True	0.005227145149999993	2024.3715846994535	resurgence
CHN__SAMN43024025	CHN::SAMN43024025	focal	modern_country_time_project_lineage_cap8		CHN	China	Asia	2024-05-16	2024-05-16	day	2024	5	PRJNA1143937		provisional_marker_or_published_annotation	SAMN43024025	SAMN43024025	GCA_042610795		ncbi_assembly_download									ok	PASS	True	2026-07-24												0	resolved_ncbi_assembly					assembly	3836956	67.8428681486053	0.0	472	12401			True	0.005068130949999996	2024.3715846994535	resurgence
CHN__SAMN43024027	CHN::SAMN43024027	focal	modern_country_time_project_lineage_cap8		CHN	China	Asia	2024-06-03	2024-06-03	day	2024	6	PRJNA1143937		provisional_marker_or_published_annotation	SAMN43024027	SAMN43024027	GCA_042610755		ncbi_assembly_download									ok	PASS	True	2026-07-24												0	resolved_ncbi_assembly					assembly	3853387	67.8189603068677	0.0	445	13981			True	0.005038710049999998	2024.4207650273224	resurgence
CHN__SAMN43024031	CHN::SAMN43024031	focal	modern_country_time_project_lineage_cap8		CHN	China	Asia	2024-05-30	2024-05-30	day	2024	5	PRJNA1143937	ptxP3/fim3-1	provisional_marker_or_published_annotation	SAMN43024031	SAMN43024031	GCA_042610645		ncbi_assembly_download									ok	PASS	True	2026-07-24												0	resolved_ncbi_assembly					assembly	3852265	67.81529827257471	0.0	469	13477			True	0.005115648049999996	2024.4098360655737	resurgence
CHN__SAMN43024032	CHN::SAMN43024032	focal	modern_country_time_project_lineage_cap8		CHN	China	Asia	2024-05-01	2024-05-31	month	2024	5	PRJNA1143937		provisional_marker_or_published_annotation	SAMN43024032	SAMN43024032	GCA_042610585		ncbi_assembly_download									ok	PASS	True	2026-07-24												0	resolved_ncbi_assembly					assembly	3858400	67.8343873108024	0.0	425	14957			True	0.005107070149999994	2024.3715846994535	resurgence
CHN__SAMN43024034	CHN::SAMN43024034	focal	modern_country_time_project_lineage_cap8		CHN	China	Asia	2024-05-01	2024-05-31	month	2024	5	PRJNA1143937		provisional_marker_or_published_annotation	SAMN43024034	SAMN43024034	GCA_042610605		ncbi_assembly_download									ok	PASS	True	2026-07-24												0	resolved_ncbi_assembly					assembly	3852778	67.81140776862824	0.0	466	13406			True	0.005180512749999995	2024.3715846994535	resurgence
CHN__SAMN44583833	CHN::SAMN44583833	focal	modern_country_time_project_lineage_cap8		CHN	China	Asia	2024-01-18	2024-01-18	day	2024	1	PRJNA1182239		provisional_marker_or_published_annotation	SAMN44583833	SAMN44583833	GCA_050978105		ncbi_assembly_download									ok	PASS	True	2026-07-24												0	resolved_ncbi_assembly					assembly	3820230	67.89826790533554	2.565290571510092e-05	280	20869			True	0.004653383049999996	2024.0464480874316	resurgence
CHN__SAMN44583834	CHN::SAMN44583834	focal	modern_country_time_project_lineage_cap8		CHN	China	Asia	2024-01-18	2024-01-18	day	2024	1	PRJNA1182239		provisional_marker_or_published_annotation	SAMN44583834	SAMN44583834	GCA_050978065		ncbi_assembly_download									ok	PASS	True	2026-07-24												0	resolved_ncbi_assembly					assembly	3819568	67.9019721602024	0.0	273	21088			True	0.004641889849999996	2024.0464480874316	resurgence
CHN__SAMN44583835	CHN::SAMN44583835	focal	modern_country_time_project_lineage_cap8		CHN	China	Asia	2024-01-24	2024-01-24	day	2024	1	PRJNA1182239		provisional_marker_or_published_annotation	SAMN44583835	SAMN44583835	GCA_050978085		ncbi_assembly_download									ok	PASS	True	2026-07-24												0	resolved_ncbi_assembly					assembly	3821196	67.89761634838935	0.0	280	20869			True	0.004612465949999997	2024.0628415300546	resurgence
CHN__SAMN44583837	CHN::SAMN44583837	focal	modern_country_time_project_lineage_cap8		CHN	China	Asia	2024-01-25	2024-01-25	day	2024	1	PRJNA1182239		provisional_marker_or_published_annotation	SAMN44583837	SAMN44583837	GCA_050978025		ncbi_assembly_download									ok	PASS	True	2026-07-24												0	resolved_ncbi_assembly					assembly	3820522	67.9006428964419	2.5650945080279606e-05	273	21088			True	0.004607691949999994	2024.0655737704917	resurgence
CHN__SAMN44583838	CHN::SAMN44583838	focal	modern_country_time_project_lineage_cap8		CHN	China	Asia	2024-01-30	2024-01-30	day	2024	1	PRJNA1182239		provisional_marker_or_published_annotation	SAMN44583838	SAMN44583838	GCA_050978005		ncbi_assembly_download									ok	PASS	True	2026-07-24												0	resolved_ncbi_assembly					assembly	3821022	67.89819582300233	2.5647588524745475e-05	279	20869			True	0.004665253849999993	2024.0792349726776	resurgence
CHN__SAMN44583839	CHN::SAMN44583839	focal	modern_country_time_project_lineage_cap8		CHN	China	Asia	2024-01-30	2024-01-30	day	2024	1	PRJNA1182239		provisional_marker_or_published_annotation	SAMN44583839	SAMN44583839	GCA_050977985		ncbi_assembly_download									ok	PASS	True	2026-07-24												0	resolved_ncbi_assembly					assembly	3820281	67.8993246831843	2.591432410338402e-05	281	20794			True	0.004652896349999996	2024.0792349726776	resurgence
CHN__SAMN44583840	CHN::SAMN44583840	focal	modern_country_time_project_lineage_cap8		CHN	China	Asia	2024-01-31	2024-01-31	day	2024	1	PRJNA1182239		provisional_marker_or_published_annotation	SAMN44583840	SAMN44583840	GCA_050977965		ncbi_assembly_download									ok	PASS	True	2026-07-24												0	resolved_ncbi_assembly					assembly	3821062	67.89541755668974	2.590902738558024e-05	283	20597			True	0.004636510349999995	2024.0819672131147	resurgence
CHN__SAMN44583843	CHN::SAMN44583843	focal	modern_country_time_project_lineage_cap8		CHN	China	Asia	2024-02-02	2024-02-02	day	2024	2	PRJNA1182239		provisional_marker_or_published_annotation	SAMN44583843	SAMN44583843	GCA_050977905		ncbi_assembly_download									ok	PASS	True	2026-07-24												0	resolved_ncbi_assembly					assembly	3820589	67.89649449338832	2.5650495250863153e-05	280	20794			True	0.004653795349999994	2024.0874316939892	resurgence
CHN__SAMN44583845	CHN::SAMN44583845	focal	modern_country_time_project_lineage_cap8		CHN	China	Asia	2024-02-02	2024-02-02	day	2024	2	PRJNA1182239		provisional_marker_or_published_annotation	SAMN44583845	SAMN44583845	GCA_050977865		ncbi_assembly_download									ok	PASS	True	2026-07-24												0	resolved_ncbi_assembly					assembly	3820222	67.90105391780897	0.0	285	20794			True	0.004659839349999995	2024.0874316939892	resurgence
CHN__SAMN44583846	CHN::SAMN44583846	focal	modern_country_time_project_lineage_cap8		CHN	China	Asia	2024-02-02	2024-02-02	day	2024	2	PRJNA1182239		provisional_marker_or_published_annotation	SAMN44583846	SAMN44583846	GCA_050977845		ncbi_assembly_download									ok	PASS	True	2026-07-24												0	resolved_ncbi_assembly					assembly	3821518	67.89710266967211	2.5644259689474183e-05	278	20869			True	0.004670232249999995	2024.0874316939892	resurgence
CHN__SAMN44583859	CHN::SAMN44583859	focal	modern_country_time_project_lineage_cap8		CHN	China	Asia	2024-02-06	2024-02-06	day	2024	2	PRJNA1182239		provisional_marker_or_published_annotation	SAMN44583859	SAMN44583859	GCA_050977605		ncbi_assembly_download									ok	PASS	True	2026-07-24												0	resolved_ncbi_assembly					assembly	3820629	67.89868893315735	2.565022670350877e-05	283	20597			True	0.004630156849999995	2024.0983606557377	resurgence
CHN__SAMN44583863	CHN::SAMN44583863	focal	modern_country_time_project_lineage_cap8		CHN	China	Asia	2024-01-31	2024-01-31	day	2024	1	PRJNA1182239		provisional_marker_or_published_annotation	SAMN44583863	SAMN44583863	GCA_050977505		ncbi_assembly_download									ok	PASS	True	2026-07-24												0	resolved_ncbi_assembly					assembly	3821590	67.89595430174352	2.5643776543271257e-05	278	20794			True	0.004659566349999995	2024.0819672131147	resurgence
CHN__SAMN44583865	CHN::SAMN44583865	focal	modern_country_time_project_lineage_cap8		CHN	China	Asia	2024-02-08	2024-02-08	day	2024	2	PRJNA1182239		provisional_marker_or_published_annotation	SAMN44583865	SAMN44583865	GCA_050977465		ncbi_assembly_download									ok	PASS	True	2026-07-24												0	resolved_ncbi_assembly					assembly	3821343	67.90188684972796	0.0	274	22297			True	0.004647157749999996	2024.103825136612	resurgence
CHN__SAMN44583870	CHN::SAMN44583870	focal	modern_country_time_project_lineage_cap8		CHN	China	Asia	2024-02-23	2024-02-23	day	2024	2	PRJNA1182239		provisional_marker_or_published_annotation	SAMN44583870	SAMN44583870	GCA_050977355		ncbi_assembly_download									ok	PASS	True	2026-07-24												0	resolved_ncbi_assembly					assembly	3821582	67.89714312030986	2.5905501962276354e-05	275	22296			True	0.004659494449999994	2024.1448087431695	resurgence
CHN__SAMN44583871	CHN::SAMN44583871	focal	modern_country_time_project_lineage_cap8		CHN	China	Asia	2024-02-26	2024-02-26	day	2024	2	PRJNA1182239		provisional_marker_or_published_annotation	SAMN44583871	SAMN44583871	GCA_050977345		ncbi_assembly_download									ok	PASS	True	2026-07-24												0	resolved_ncbi_assembly					assembly	3820495	67.89960463238403	2.565112635928067e-05	275	21088			True	0.004629906349999996	2024.1530054644809	resurgence
CHN__SAMN44583872	CHN::SAMN44583872	focal	modern_country_time_project_lineage_cap8		CHN	China	Asia	2024-02-26	2024-02-26	day	2024	2	PRJNA1182239		provisional_marker_or_published_annotation	SAMN44583872	SAMN44583872	GCA_050977325		ncbi_assembly_download									ok	PASS	True	2026-07-24												0	resolved_ncbi_assembly					assembly	3821427	67.8986671732837	5.102805836667821e-05	274	21088			True	0.004635810849999996	2024.1530054644809	resurgence
CHN__SAMN44583886	CHN::SAMN44583886	focal	modern_country_time_project_lineage_cap8		CHN	China	Asia	2024-03-05	2024-03-05	day	2024	3	PRJNA1182239		provisional_marker_or_published_annotation	SAMN44583886	SAMN44583886	GCA_050977025		ncbi_assembly_download									ok	PASS	True	2026-07-24												0	resolved_ncbi_assembly					assembly	3821081	67.90109919156386	0.0	276	21088			True	0.004670082049999996	2024.1748633879781	resurgence
CHN__SAMN44583912	CHN::SAMN44583912	focal	modern_country_time_project_lineage_cap8		CHN	China	Asia	2024-03-15	2024-03-15	day	2024	3	PRJNA1182239		provisional_marker_or_published_annotation	SAMN44583912	SAMN44583912	GCA_050976505		ncbi_assembly_download									ok	PASS	True	2026-07-24												0	resolved_ncbi_assembly					assembly	3818505	67.8877466443019	2.487884656429676e-05	331	18398			True	0.004664538049999996	2024.2021857923498	resurgence
CHN__SAMN44583924	CHN::SAMN44583924	focal	modern_country_time_project_lineage_cap8		CHN	China	Asia	2024-03-15	2024-03-15	day	2024	3	PRJNA1182239		provisional_marker_or_published_annotation	SAMN44583924	SAMN44583924	GCA_050976225		ncbi_assembly_download									ok	PASS	True	2026-07-24												0	resolved_ncbi_assembly					assembly	3818894	67.89164611534125	2.5661880115028068e-05	319	19508			True	0.004656870649999996	2024.2021857923498	resurgence
CHN__SAMN44583927	CHN::SAMN44583927	focal	modern_country_time_project_lineage_cap8		CHN	China	Asia	2024-03-18	2024-03-18	day	2024	3	PRJNA1182239		provisional_marker_or_published_annotation	SAMN44583927	SAMN44583927	GCA_050976185		ncbi_assembly_download									ok	PASS	True	2026-07-24												0	resolved_ncbi_assembly					assembly	3818658	67.84812884526448	2.5663466065827314e-05	412	15453			True	0.0046821130499999945	2024.2103825136612	resurgence
CHN__SAMN44583945	CHN::SAMN44583945	focal	modern_country_time_project_lineage_cap8		CHN	China	Asia	2024-03-20	2024-03-20	day	2024	3	PRJNA1182239		provisional_marker_or_published_annotation	SAMN44583945	SAMN44583945	GCA_050975825		ncbi_assembly_download									ok	PASS	True	2026-07-24												0	resolved_ncbi_assembly					assembly	3818493	67.89115496610836	0.0	318	19742			True	0.004647633349999996	2024.2158469945355	resurgence
CHN__SAMN44583946	CHN::SAMN44583946	focal	modern_country_time_project_lineage_cap8		CHN	China	Asia	2024-03-20	2024-03-20	day	2024	3	PRJNA1182239		provisional_marker_or_published_annotation	SAMN44583946	SAMN44583946	GCA_050975785		ncbi_assembly_download									ok	PASS	True	2026-07-24												0	resolved_ncbi_assembly					assembly	3819808	67.88838601311899	2.5655739764930595e-05	312	19962			True	0.004646938149999997	2024.2158469945355	resurgence
CHN__SAMN44583959	CHN::SAMN44583959	focal	modern_country_time_project_lineage_cap8		CHN	China	Asia	2024-03-22	2024-03-22	day	2024	3	PRJNA1182239		provisional_marker_or_published_annotation	SAMN44583959	SAMN44583959	GCA_050975545		ncbi_assembly_download									ok	PASS	True	2026-07-24												0	resolved_ncbi_assembly					assembly	3816840	67.86912734094172	2.5413693002588527e-05	367	16377			True	0.004682127049999995	2024.22131147541	resurgence
CHN__SAMN44583972	CHN::SAMN44583972	focal	modern_country_time_project_lineage_cap8		CHN	China	Asia	2024-03-25	2024-03-25	day	2024	3	PRJNA1182239		provisional_marker_or_published_annotation	SAMN44583972	SAMN44583972	GCA_050975265		ncbi_assembly_download									ok	PASS	True	2026-07-24												0	resolved_ncbi_assembly					assembly	3819672	67.89287142979816	2.4871245489141476e-05	320	19247			True	0.004653158749999995	2024.2295081967213	resurgence
CHN__SAMN44584005	CHN::SAMN44584005	focal	modern_country_time_project_lineage_cap8		CHN	China	Asia	2024-04-03	2024-04-03	day	2024	4	PRJNA1182239		provisional_marker_or_published_annotation	SAMN44584005	SAMN44584005	GCA_050974585		ncbi_assembly_download									ok	PASS	True	2026-07-24												0	resolved_ncbi_assembly					assembly	3822661	67.89613308635006	2.5636591892401655e-05	277	22297			True	0.0046362039499999955	2024.2540983606557	resurgence
CHN__SAMN44584012	CHN::SAMN44584012	focal	modern_country_time_project_lineage_cap8		CHN	China	Asia	2024-04-10	2024-04-10	day	2024	4	PRJNA1182239		provisional_marker_or_published_annotation	SAMN44584012	SAMN44584012	GCA_050974445		ncbi_assembly_download									ok	PASS	True	2026-07-24												0	resolved_ncbi_assembly					assembly	3831920	67.87967911647425	0.0	280	22298			True	0.004619296549999994	2024.2732240437158	resurgence
CHN__SAMN44584022	CHN::SAMN44584022	focal	modern_country_time_project_lineage_cap8		CHN	China	Asia	2024-04-12	2024-04-12	day	2024	4	PRJNA1182239		provisional_marker_or_published_annotation	SAMN44584022	SAMN44584022	GCA_050974245		ncbi_assembly_download									ok	PASS	True	2026-07-24												0	resolved_ncbi_assembly					assembly	3830518	67.88215066474038	2.5584007176052952e-05	277	22296			True	0.004612765849999996	2024.27868852459	resurgence
CHN__SAMN44584026	CHN::SAMN44584026	focal	modern_country_time_project_lineage_cap8		CHN	China	Asia	2024-04-16	2024-04-16	day	2024	4	PRJNA1182239		provisional_marker_or_published_annotation	SAMN44584026	SAMN44584026	GCA_050974165		ncbi_assembly_download									ok	PASS	True	2026-07-24												0	resolved_ncbi_assembly					assembly	3846011	67.84689383363698	4.940183478414388e-05	291	20869			True	0.004606632349999997	2024.2896174863388	resurgence
CHN__SAMN44584033	CHN::SAMN44584033	focal	modern_country_time_project_lineage_cap8		CHN	China	Asia	2024-04-18	2024-04-18	day	2024	4	PRJNA1182239		provisional_marker_or_published_annotation	SAMN44584033	SAMN44584033	GCA_050974025		ncbi_assembly_download									ok	PASS	True	2026-07-24												0	resolved_ncbi_assembly					assembly	3849843	67.83606500317026	2.5455583513405613e-05	296	21088			True	0.004629715349999996	2024.295081967213	resurgence
CHN__SAMN44584039	CHN::SAMN44584039	focal	modern_country_time_project_lineage_cap8		CHN	China	Asia	2024-04-18	2024-04-18	day	2024	4	PRJNA1182239		provisional_marker_or_published_annotation	SAMN44584039	SAMN44584039	GCA_050973925		ncbi_assembly_download									ok	PASS	True	2026-07-24												0	resolved_ncbi_assembly					assembly	3878942	67.79209382352198	2.5264621126069944e-05	297	21087			True	0.004629918549999995	2024.295081967213	resurgence
CHN__SAMN44584040	CHN::SAMN44584040	focal	modern_country_time_project_lineage_cap8		CHN	China	Asia	2024-04-18	2024-04-18	day	2024	4	PRJNA1182239		provisional_marker_or_published_annotation	SAMN44584040	SAMN44584040	GCA_050973905		ncbi_assembly_download									ok	PASS	True	2026-07-24												0	resolved_ncbi_assembly					assembly	3863380	67.82773115769093	0.0	299	21088			True	0.004618437949999996	2024.295081967213	resurgence
CHN__SAMN44584044	CHN::SAMN44584044	focal	modern_country_time_project_lineage_cap8		CHN	China	Asia	2024-04-23	2024-04-23	day	2024	4	PRJNA1182239		provisional_marker_or_published_annotation	SAMN44584044	SAMN44584044	GCA_050973795		ncbi_assembly_download									ok	PASS	True	2026-07-24												0	resolved_ncbi_assembly					assembly	3828592	67.85732196065813	2.585807001634021e-05	278	22297			True	0.004612780949999996	2024.308743169399	resurgence
CHN__SAMN44584067	CHN::SAMN44584067	focal	modern_country_time_project_lineage_cap8		CHN	China	Asia	2024-05-09	2024-05-09	day	2024	5	PRJNA1182239		provisional_marker_or_published_annotation	SAMN44584067	SAMN44584067	GCA_050973325		ncbi_assembly_download									ok	PASS	True	2026-07-24												0	resolved_ncbi_assembly					assembly	3821938	67.89937461047249	2.5641441593244055e-05	275	22296			True	0.004624220349999996	2024.3524590163934	resurgence
CHN__SAMN44584068	CHN::SAMN44584068	focal	modern_country_time_project_lineage_cap8		CHN	China	Asia	2024-05-09	2024-05-09	day	2024	5	PRJNA1182239		provisional_marker_or_published_annotation	SAMN44584068	SAMN44584068	GCA_050973305		ncbi_assembly_download									ok	PASS	True	2026-07-24												0	resolved_ncbi_assembly					assembly	3821842	67.89890843211205	2.5380431739459665e-05	274	22296			True	0.004676093149999995	2024.3524590163934	resurgence
CHN__SAMN44584073	CHN::SAMN44584073	focal	modern_country_time_project_lineage_cap8		CHN	China	Asia	2024-05-14	2024-05-14	day	2024	5	PRJNA1182239		provisional_marker_or_published_annotation	SAMN44584073	SAMN44584073	GCA_050973205		ncbi_assembly_download									ok	PASS	True	2026-07-24												0	resolved_ncbi_assembly					assembly	3821574	67.90052999104557	0.0	274	22296			True	0.004687697649999994	2024.3661202185792	resurgence
CHN__SAMN44584075	CHN::SAMN44584075	focal	modern_country_time_project_lineage_cap8		CHN	China	Asia	2024-05-16	2024-05-16	day	2024	5	PRJNA1182239		provisional_marker_or_published_annotation	SAMN44584075	SAMN44584075	GCA_050973165		ncbi_assembly_download									ok	PASS	True	2026-07-24												0	resolved_ncbi_assembly					assembly	3820803	67.8998629345716	0.0	276	22297			True	0.0046473063499999955	2024.3715846994535	resurgence
CHN__SAMN44584082	CHN::SAMN44584082	focal	modern_country_time_project_lineage_cap8		CHN	China	Asia	2024-05-16	2024-05-16	day	2024	5	PRJNA1182239		provisional_marker_or_published_annotation	SAMN44584082	SAMN44584082	GCA_050973045		ncbi_assembly_download									ok	PASS	True	2026-07-24												0	resolved_ncbi_assembly					assembly	3820668	67.89954008042572	2.564996487525218e-05	274	22297			True	0.0046764032499999955	2024.3715846994535	resurgence
CHN__SAMN44584094	CHN::SAMN44584094	focal	modern_country_time_project_lineage_cap8		CHN	China	Asia	2024-05-24	2024-05-24	day	2024	5	PRJNA1182239		provisional_marker_or_published_annotation	SAMN44584094	SAMN44584094	GCA_050972785		ncbi_assembly_download									ok	PASS	True	2026-07-24												0	resolved_ncbi_assembly					assembly	3833852	67.83258717342245	2.4779255954585622e-05	277	22297			True	0.004662079649999997	2024.3934426229507	resurgence
CHN__SAMN44584104	CHN::SAMN44584104	focal	modern_country_time_project_lineage_cap8		CHN	China	Asia	2024-05-30	2024-05-30	day	2024	5	PRJNA1182239		provisional_marker_or_published_annotation	SAMN44584104	SAMN44584104	GCA_050972565		ncbi_assembly_download									ok	PASS	True	2026-07-24												0	resolved_ncbi_assembly					assembly	3834627	67.83249061773152	5.137396675087303e-05	279	22296			True	0.004647808349999995	2024.4098360655737	resurgence
CHN__SAMN44590209	CHN::SAMN44590209	focal	modern_country_time_project_lineage_cap8		CHN	China	Asia	2024-05-30	2024-05-30	day	2024	5	PRJNA1182239		provisional_marker_or_published_annotation	SAMN44590209	SAMN44590209	GCA_050984745		ncbi_assembly_download									ok	PASS	True	2026-07-24												0	resolved_ncbi_assembly					assembly	3833048	67.86275569729364	2.478445352106209e-05	289	22297			True	0.004647181149999995	2024.4098360655737	resurgence
CHN__SAMN44590214	CHN::SAMN44590214	focal	modern_country_time_project_lineage_cap8		CHN	China	Asia	2024-06-03	2024-06-03	day	2024	6	PRJNA1182239		provisional_marker_or_published_annotation	SAMN44590214	SAMN44590214	GCA_050981645		ncbi_assembly_download									ok	PASS	True	2026-07-24												0	resolved_ncbi_assembly					assembly	3821920	67.8973657219408	0.0	272	22296			True	0.004647402349999994	2024.4207650273224	resurgence
CHN__SAMN44590219	CHN::SAMN44590219	focal	modern_country_time_project_lineage_cap8		CHN	China	Asia	2024-06-06	2024-06-06	day	2024	6	PRJNA1182239		provisional_marker_or_published_annotation	SAMN44590219	SAMN44590219	GCA_050981465		ncbi_assembly_download									ok	PASS	True	2026-07-24												0	resolved_ncbi_assembly					assembly	3821361	67.89837442733099	0.0	273	22297			True	0.004635594049999996	2024.4289617486338	resurgence
CHN__SAMN44590224	CHN::SAMN44590224	focal	modern_country_time_project_lineage_cap8		CHN	China	Asia	2024-06-03	2024-06-03	day	2024	6	PRJNA1182239		provisional_marker_or_published_annotation	SAMN44590224	SAMN44590224	GCA_050981285		ncbi_assembly_download									ok	PASS	True	2026-07-24												0	resolved_ncbi_assembly					assembly	3821562	67.89715828239866	2.5643964431297988e-05	273	22297			True	0.004685772449999994	2024.4207650273224	resurgence
CHN__SAMN44590233	CHN::SAMN44590233	focal	modern_country_time_project_lineage_cap8		CHN	China	Asia	2024-06-13	2024-06-13	day	2024	6	PRJNA1182239		provisional_marker_or_published_annotation	SAMN44590233	SAMN44590233	GCA_050980975		ncbi_assembly_download									ok	PASS	True	2026-07-24												0	resolved_ncbi_assembly					assembly	3821742	67.89814697067463	0.0	273	22297			True	0.004641319949999996	2024.448087431694	resurgence
CHN__SAMN44590238	CHN::SAMN44590238	focal	modern_country_time_project_lineage_cap8		CHN	China	Asia	2024-06-13	2024-06-13	day	2024	6	PRJNA1182239		provisional_marker_or_published_annotation	SAMN44590238	SAMN44590238	GCA_050980765		ncbi_assembly_download									ok	PASS	True	2026-07-24												0	resolved_ncbi_assembly					assembly	3821557	67.89892182688888	2.5905671431827394e-05	271	22297			True	0.004666122549999995	2024.448087431694	resurgence
CHN__SAMN44590242	CHN::SAMN44590242	focal	modern_country_time_project_lineage_cap8		CHN	China	Asia	2024-06-19	2024-06-19	day	2024	6	PRJNA1182239		provisional_marker_or_published_annotation	SAMN44590242	SAMN44590242	GCA_050980565		ncbi_assembly_download									ok	PASS	True	2026-07-24												0	resolved_ncbi_assembly					assembly	3822303	67.89788773940737	0.0	272	22296			True	0.004642045849999995	2024.464480874317	resurgence
CHN__SAMN44590252	CHN::SAMN44590252	focal	modern_country_time_project_lineage_cap8		CHN	China	Asia	2024-06-21	2024-06-21	day	2024	6	PRJNA1182239		provisional_marker_or_published_annotation	SAMN44590252	SAMN44590252	GCA_050980245		ncbi_assembly_download									ok	PASS	True	2026-07-24												0	resolved_ncbi_assembly					assembly	3821715	67.89820800347488	2.4857949899456133e-05	276	22297			True	0.004660750349999995	2024.4699453551912	resurgence
CHN__SAMN44590257	CHN::SAMN44590257	focal	modern_country_time_project_lineage_cap8		CHN	China	Asia	2024-06-27	2024-06-27	day	2024	6	PRJNA1182239		provisional_marker_or_published_annotation	SAMN44590257	SAMN44590257	GCA_050980045		ncbi_assembly_download									ok	PASS	True	2026-07-24												0	resolved_ncbi_assembly					assembly	3818252	67.8942615626208	5.0546689951318036e-05	274	22297			True	0.004653873649999994	2024.4863387978141	resurgence
CHN__SAMN44590261	CHN::SAMN44590261	focal	modern_country_time_project_lineage_cap8		CHN	China	Asia	2024-07-01	2024-07-01	day	2024	7	PRJNA1182239		provisional_marker_or_published_annotation	SAMN44590261	SAMN44590261	GCA_050979945		ncbi_assembly_download									ok	PASS	True	2026-07-24												0	resolved_ncbi_assembly					assembly	3821413	67.90027667776292	0.0	272	22296			True	0.004687781649999993	2024.4972677595629	resurgence
CHN__SAMN44590265	CHN::SAMN44590265	focal	modern_country_time_project_lineage_cap8		CHN	China	Asia	2024-07-04	2024-07-04	day	2024	7	PRJNA1182239		provisional_marker_or_published_annotation	SAMN44590265	SAMN44590265	GCA_050979805		ncbi_assembly_download									ok	PASS	True	2026-07-24												0	resolved_ncbi_assembly					assembly	3821114	67.89752935923921	5.129394202842417e-05	272	22297			True	0.0046419864499999955	2024.5054644808743	resurgence
CHN__SAMN44590268	CHN::SAMN44590268	focal	modern_country_time_project_lineage_cap8		CHN	China	Asia	2024-07-04	2024-07-04	day	2024	7	PRJNA1182239		provisional_marker_or_published_annotation	SAMN44590268	SAMN44590268	GCA_050979685		ncbi_assembly_download									ok	PASS	True	2026-07-24												0	resolved_ncbi_assembly					assembly	3924249	67.47683442105738	6.447093443866585e-05	317	20869			True	0.004665268749999995	2024.5054644808743	resurgence
CHN__SAMN44590275	CHN::SAMN44590275	focal	modern_country_time_project_lineage_cap8		CHN	China	Asia	2024-07-04	2024-07-04	day	2024	7	PRJNA1182239		provisional_marker_or_published_annotation	SAMN44590275	SAMN44590275	GCA_050979385		ncbi_assembly_download									ok	PASS	True	2026-07-24												0	resolved_ncbi_assembly					assembly	3821033	67.89768630629466	5.208015738152484e-05	273	22297			True	0.004618480549999996	2024.5054644808743	resurgence
CHN__SAMN44590276	CHN::SAMN44590276	focal	modern_country_time_project_lineage_cap8		CHN	China	Asia	2024-07-04	2024-07-04	day	2024	7	PRJNA1182239		provisional_marker_or_published_annotation	SAMN44590276	SAMN44590276	GCA_050979345		ncbi_assembly_download									ok	PASS	True	2026-07-24												0	resolved_ncbi_assembly					assembly	3821345	67.89761196646731	2.590710862274932e-05	273	22297			True	0.004670299149999995	2024.5054644808743	resurgence
CHN__SAMN44590282	CHN::SAMN44590282	focal	modern_country_time_project_lineage_cap8		CHN	China	Asia	2024-07-19	2024-07-19	day	2024	7	PRJNA1182239		provisional_marker_or_published_annotation	SAMN44590282	SAMN44590282	GCA_050979165		ncbi_assembly_download									ok	PASS	True	2026-07-24												0	resolved_ncbi_assembly					assembly	3821297	67.9016836430144	0.0	271	22297			True	0.0046244820499999955	2024.5464480874316	resurgence
CHN__SAMN44590283	CHN::SAMN44590283	focal	modern_country_time_project_lineage_cap8		CHN	China	Asia	2024-07-19	2024-07-19	day	2024	7	PRJNA1182239		provisional_marker_or_published_annotation	SAMN44590283	SAMN44590283	GCA_050979185		ncbi_assembly_download									ok	PASS	True	2026-07-24												0	resolved_ncbi_assembly					assembly	3821586	67.89911309074296	2.5643803384249366e-05	273	22297			True	0.004636037849999996	2024.5464480874316	resurgence
CHN__SAMN44590291	CHN::SAMN44590291	focal	modern_country_time_project_lineage_cap8		CHN	China	Asia	2024-07-19	2024-07-19	day	2024	7	PRJNA1182239		provisional_marker_or_published_annotation	SAMN44590291	SAMN44590291	GCA_050979015		ncbi_assembly_download									ok	PASS	True	2026-07-24												0	resolved_ncbi_assembly					assembly	3827947	67.84759559105703	2.5601190403106416e-05	279	22297			True	0.004624301249999995	2024.5464480874316	resurgence
CHN__SAMN44590292	CHN::SAMN44590292	focal	modern_country_time_project_lineage_cap8		CHN	China	Asia	2024-08-01	2024-08-01	day	2024	8	PRJNA1182239		provisional_marker_or_published_annotation	SAMN44590292	SAMN44590292	GCA_050978975		ncbi_assembly_download									ok	PASS	True	2026-07-24												0	resolved_ncbi_assembly					assembly	3831915	67.841092508576	2.5574680022912827e-05	281	22297			True	0.004647348049999995	2024.5819672131147	resurgence
CHN__SAMN44590294	CHN::SAMN44590294	focal	modern_country_time_project_lineage_cap8		CHN	China	Asia	2024-08-01	2024-08-01	day	2024	8	PRJNA1182239		provisional_marker_or_published_annotation	SAMN44590294	SAMN44590294	GCA_050978925		ncbi_assembly_download									ok	PASS	True	2026-07-24												0	resolved_ncbi_assembly					assembly	3832359	67.8352419488884	0.0	280	22297			True	0.004624403849999996	2024.5819672131147	resurgence
CHN__SAMN44590295	CHN::SAMN44590295	focal	modern_country_time_project_lineage_cap8		CHN	China	Asia	2024-08-01	2024-08-01	day	2024	8	PRJNA1182239		provisional_marker_or_published_annotation	SAMN44590295	SAMN44590295	GCA_050978905		ncbi_assembly_download									ok	PASS	True	2026-07-24												0	resolved_ncbi_assembly					assembly	3832580	67.83910577209086	0.0	276	21088			True	0.004641720849999995	2024.5819672131147	resurgence
CHN__SAMN44590307	CHN::SAMN44590307	focal	modern_country_time_project_lineage_cap8		CHN	China	Asia	2024-08-27	2024-08-27	day	2024	8	PRJNA1182239		provisional_marker_or_published_annotation	SAMN44590307	SAMN44590307	GCA_050978665		ncbi_assembly_download									ok	PASS	True	2026-07-24												0	resolved_ncbi_assembly					assembly	3820386	67.90180363973693	0.0	272	22297			True	0.0046596187499999935	2024.6530054644809	resurgence
CHN__SAMN44590310	CHN::SAMN44590310	focal	modern_country_time_project_lineage_cap8		CHN	China	Asia	2024-08-27	2024-08-27	day	2024	8	PRJNA1182239		provisional_marker_or_published_annotation	SAMN44590310	SAMN44590310	GCA_050978605		ncbi_assembly_download									ok	PASS	True	2026-07-24												0	resolved_ncbi_assembly					assembly	3821072	67.90157317108915	0.0	272	22297			True	0.004647133949999996	2024.6530054644809	resurgence
CHN__SAMN44590311	CHN::SAMN44590311	focal	modern_country_time_project_lineage_cap8		CHN	China	Asia	2024-08-27	2024-08-27	day	2024	8	PRJNA1182239		provisional_marker_or_published_annotation	SAMN44590311	SAMN44590311	GCA_050978585		ncbi_assembly_download									ok	PASS	True	2026-07-24												0	resolved_ncbi_assembly					assembly	3821750	67.8994963040492	2.564270295021914e-05	274	22297			True	0.004635906249999995	2024.6530054644809	resurgence
CHN__SAMN44590312	CHN::SAMN44590312	focal	modern_country_time_project_lineage_cap8		CHN	China	Asia	2024-08-27	2024-08-27	day	2024	8	PRJNA1182239		provisional_marker_or_published_annotation	SAMN44590312	SAMN44590312	GCA_050978565		ncbi_assembly_download									ok	PASS	True	2026-07-24												0	resolved_ncbi_assembly					assembly	3821923	67.8990131407671	2.4856597058601128e-05	272	22444			True	0.004629890549999995	2024.6530054644809	resurgence
CHN__SAMN44590314	CHN::SAMN44590314	focal	modern_country_time_project_lineage_cap8		CHN	China	Asia	2024-08-30	2024-08-30	day	2024	8	PRJNA1182239		provisional_marker_or_published_annotation	SAMN44590314	SAMN44590314	GCA_050978525		ncbi_assembly_download									ok	PASS	True	2026-07-24												0	resolved_ncbi_assembly					assembly	3820269	67.90068971582892	2.5914405503905614e-05	273	22297			True	0.004635894849999995	2024.6612021857923	resurgence
CHN__SAMN45156031	CHN::SAMN45156031	focal	modern_country_time_project_lineage_cap8		CHN	China	Asia	2024-01-01	2024-12-31	year	2024		PRJNA1193776	ptxP3/fim3-1	provisional_marker_or_published_annotation	SRS23447270	SAMN45156031	RRASM_SRR31615316	SRR31615316	local_fasta									ok	PASS	True	2026-07-24												0	resolved_local_fasta					assembly	3881175	67.86279928114553	0.0	484	20338			True	0.0047522742499999954	2024.4986338797814	resurgence
CHN__SAMN45156034	CHN::SAMN45156034	focal	modern_country_time_project_lineage_cap8		CHN	China	Asia	2024-01-01	2024-12-31	year	2024		PRJNA1193776	ptxP3/fim3-1	provisional_marker_or_published_annotation	SRS23447274	SAMN45156034	RRASM_SRR31615312	SRR31615312	local_fasta									ok	PASS	True	2026-07-24												0	resolved_local_fasta					assembly	3874022	67.85002769731302	0.0	451	19831			True	0.004746856249999996	2024.4986338797814	resurgence
CHN__SAMN45156054	CHN::SAMN45156054	focal	modern_country_time_project_lineage_cap8		CHN	China	Asia	2024-01-01	2024-12-31	year	2024		PRJNA1193776	ptxP3/fim3-1	provisional_marker_or_published_annotation	SRS23447296	SAMN45156054	RRASM_SRR31615290	SRR31615290	local_fasta					3865104	67.84	341	22553	ok	PASS	True	2026-07-24												0	resolved_local_fasta					assembly	3865104	67.8354321125641	0.0	341	22553			True	0.004641696849999996	2024.4986338797814	resurgence
CHN__SAMN45156057	CHN::SAMN45156057	focal	modern_country_time_project_lineage_cap8		CHN	China	Asia	2024-01-01	2024-12-31	year	2024		PRJNA1193776	ptxP3/fim3-1	provisional_marker_or_published_annotation	SRS23447299	SAMN45156057	RRASM_SRR31615287	SRR31615287	local_fasta									ok	PASS	True	2026-07-24												0	resolved_local_fasta					assembly	3879771	67.91738481472231	0.0	461	20870			True	0.0048333318499999955	2024.4986338797814	resurgence
CHN__SAMN45156063	CHN::SAMN45156063	focal	modern_country_time_project_lineage_cap8		CHN	China	Asia	2024-01-01	2024-12-31	year	2024		PRJNA1193776	ptxP3/fim3-1	provisional_marker_or_published_annotation	SRS23447306	SAMN45156063	RRASM_SRR31615280	SRR31615280	local_fasta									ok	PASS	True	2026-07-24												0	resolved_local_fasta					assembly	3878416	67.88400212870408	0.0	446	22554			True	0.004640805449999998	2024.4986338797814	resurgence
CHN__SAMN45156066	CHN::SAMN45156066	focal	modern_country_time_project_lineage_cap8		CHN	China	Asia	2024-01-01	2024-12-31	year	2024		PRJNA1193776	ptxP3/fim3-1	provisional_marker_or_published_annotation	SRS23447309	SAMN45156066	RRASM_SRR31615277	SRR31615277	local_fasta									ok	PASS	True	2026-07-24												0	resolved_local_fasta					assembly	3867039	67.82970122618364	0.0	353	22553			True	0.0046356326499999954	2024.4986338797814	resurgence
CHN__SAMN50152057	CHN::SAMN50152057	focal	modern_country_time_project_lineage_cap8		CHN	China	Asia	2024-01-01	2024-12-31	year	2024		PRJNA1295129		provisional_marker_or_published_annotation	SAMN50152057	SAMN50152057	GCA_053472445		ncbi_assembly_download									ok	PASS	True	2026-07-24												0	resolved_ncbi_assembly					assembly	3828695	67.88407015967582	0.0	260	22486			True	0.004606738249999997	2024.4986338797814	resurgence
CHN__SAMN50152059	CHN::SAMN50152059	focal	modern_country_time_project_lineage_cap8		CHN	China	Asia	2024-01-01	2024-12-31	year	2024		PRJNA1295129		provisional_marker_or_published_annotation	SAMN50152059	SAMN50152059	GCA_053472405		ncbi_assembly_download									ok	PASS	True	2026-07-24												0	resolved_ncbi_assembly					assembly	3830143	67.88428003863041	0.0	257	22951			True	0.004618609849999996	2024.4986338797814	resurgence
CHN__SAMN50152066	CHN::SAMN50152066	focal	modern_country_time_project_lineage_cap8		CHN	China	Asia	2024-01-01	2024-12-31	year	2024		PRJNA1295129		provisional_marker_or_published_annotation	SAMN50152066	SAMN50152066	GCA_053472265		ncbi_assembly_download									ok	PASS	True	2026-07-24												0	resolved_ncbi_assembly					assembly	3821753	67.86882878092854	0.0	286	20215			True	0.0046486530499999954	2024.4986338797814	resurgence
CHN__SAMN50152069	CHN::SAMN50152069	focal	modern_country_time_project_lineage_cap8		CHN	China	Asia	2024-01-01	2024-12-31	year	2024		PRJNA1295129		provisional_marker_or_published_annotation	SAMN50152069	SAMN50152069	GCA_053472205		ncbi_assembly_download									ok	PASS	True	2026-07-24												0	resolved_ncbi_assembly					assembly	3820293	67.86610346379192	0.0	297	19523			True	0.004647457049999996	2024.4986338797814	resurgence
CHN__SAMN50152080	CHN::SAMN50152080	focal	modern_country_time_project_lineage_cap8		CHN	China	Asia	2024-01-01	2024-12-31	year	2024		PRJNA1295129		provisional_marker_or_published_annotation	SAMN50152080	SAMN50152080	GCA_053472025		ncbi_assembly_download									ok	PASS	True	2026-07-24												0	resolved_ncbi_assembly					assembly	3828849	67.8784407533439	0.0	270	20647			True	0.004648037349999994	2024.4986338797814	resurgence
CHN__SAMN50152085	CHN::SAMN50152085	focal	modern_country_time_project_lineage_cap8		CHN	China	Asia	2024-01-01	2024-12-31	year	2024		PRJNA1295129		provisional_marker_or_published_annotation	SAMN50152085	SAMN50152085	GCA_053471905		ncbi_assembly_download									ok	PASS	True	2026-07-24												0	resolved_ncbi_assembly					assembly	3828755	67.88010724112668	0.0	272	20647			True	0.0046595264499999945	2024.4986338797814	resurgence
CHN__SAMN50152092	CHN::SAMN50152092	focal	modern_country_time_project_lineage_cap8		CHN	China	Asia	2024-01-01	2024-12-31	year	2024		PRJNA1295129		provisional_marker_or_published_annotation	SAMN50152092	SAMN50152092	GCA_053471785		ncbi_assembly_download									ok	PASS	True	2026-07-24												0	resolved_ncbi_assembly					assembly	3826033	67.8771719951187	0.0	272	20556			True	0.004699138049999995	2024.4986338797814	resurgence
CHN__SAMN50152101	CHN::SAMN50152101	focal	modern_country_time_project_lineage_cap8		CHN	China	Asia	2024-01-01	2024-12-31	year	2024		PRJNA1295129		provisional_marker_or_published_annotation	SAMN50152101	SAMN50152101	GCA_053470665		ncbi_assembly_download									ok	PASS	True	2026-07-24												0	resolved_ncbi_assembly					assembly	3824545	67.87735534553784	0.0	285	19938			True	0.004774615649999993	2024.4986338797814	resurgence
FRA__SAMEA751372	FRA::SAMEA751372	focal	historical_stratified_anchor_cap3_cell_cap90_country		FRA	France	Europe	2000-01-01	2000-12-31	year	2000		PRJEB2274	ptxP3/fim3-2	provisional_marker_or_published_annotation	SAMEA751372	SAMEA751372	GCA_001332595	ERR028841	ncbi_assembly_download					3813540	68	345	17456	ok	PASS	True	2026-07-24												0	resolved_ncbi_assembly					assembly	3813540	67.87297366751103	0.0004643979085049587	325	18654			True	0.0046066935500000015	2000.4986338797814	prepandemic
FRA__SAMN03366100	FRA::SAMN03366100	focal	historical_stratified_anchor_cap3_cell_cap90_country		FRA	France	Europe	2007-01-01	2007-12-31	year	2007		PRJNA266616	fim3-2	provisional_marker_or_published_annotation	SAMN03366100	SAMN03366100	GCA_001509895	SRR3205797	ncbi_assembly_download					4079396	67.5	1	4079396	ok	PASS	True	2026-07-24												0	resolved_ncbi_assembly					assembly	4079396	67.70813620447733	0.0	1	4079396			True	0.0045660093500000005	2007.4986301369863	prepandemic
FRA__SAMN03491902	FRA::SAMN03491902	focal	historical_stratified_anchor_cap3_cell_cap90_country		FRA	France	Europe	2008-01-01	2008-12-31	year	2008		PRJNA281570	ptxP3/fim3-2	provisional_marker_or_published_annotation	SAMN03491902	SAMN03491902	GCA_001307565		ncbi_assembly_download					4100705	67.5	1	4100705	ok	PASS	True	2026-07-24												0	resolved_ncbi_assembly					assembly	4100705	67.70428499489722	0.0	1	4100705			True	0.004617856250000001	2008.4986338797814	prepandemic
FRA__SAMN03491903	FRA::SAMN03491903	focal	historical_stratified_anchor_cap3_cell_cap90_country		FRA	France	Europe	2009-01-01	2009-12-31	year	2009		PRJNA281570	ptxP3/fim3-2	provisional_marker_or_published_annotation	SAMN03491903	SAMN03491903	GCA_001307525		ncbi_assembly_download					4101147	67.5	1	4101147	ok	PASS	True	2026-07-24												0	resolved_ncbi_assembly					assembly	4101147	67.713251926839	0.0	1	4101147			True	0.004571658850000001	2009.4986301369863	prepandemic
FRA__SAMEA4700352	FRA::SAMEA4700352	focal	historical_stratified_anchor_cap3_cell_cap90_country		FRA	France	Europe	2014-01-01	2014-12-31	year	2014		PRJEB27048	ptxP3/fim3-1	provisional_marker_or_published_annotation	SAMEA4700352	SAMEA4700352	GCA_900492145		ncbi_assembly_download					4108173	67.5	1	4108173	ok	PASS	True	2026-07-24												0	resolved_ncbi_assembly					assembly	4108173	67.706569319257	0.0	1	4108173			True	0.004641054749999998	2014.4986301369863	prepandemic
FRA__SAMN09862835	FRA::SAMN09862835	focal	historical_stratified_anchor_cap3_cell_cap90_country		FRA	France	Europe	2014-01-01	2014-12-31	year	2014		PRJNA486745	ptxP3	provisional_marker_or_published_annotation	SAMN09862835	SAMN09862835	GCA_003431425	SRR7908034	ncbi_assembly_download					4108173	67.5	1	4108173	ok	PASS	True	2026-07-24												0	resolved_ncbi_assembly					assembly	4108173	67.706569319257	0.0	1	4108173			True	0.004641054749999998	2014.4986301369863	prepandemic
FRA__SAMEA115874185	FRA::SAMEA115874185	focal	modern_country_time_project_lineage_cap8		FRA	France	Europe	2023-01-01	2023-12-31	year	2023		PRJEB42353	Europe sublineage 1	pending_new_phylogeny	SAMEA115874185	SAMEA115874185		ERR13476594	legacy_read_assembly										PASS	True	2026-07-24												0	resolved_legacy_read_assembly					assembly	3850243	67.84486070099992	0.0	381	19591			True	0.004764696549999996	2023.4986301369863	resurgence
FRA__SAMEA115874186	FRA::SAMEA115874186	focal	modern_country_time_project_lineage_cap8		FRA	France	Europe	2023-01-01	2023-12-31	year	2023		PRJEB42353	ptxP3/fim3-1	pending_new_phylogeny	SAMEA115874186	SAMEA115874186		ERR13476595	ena_fastq_download				;						PASS	True	2026-07-24	ftp.sra.ebi.ac.uk/vol1/fastq/ERR134/095/ERR13476595/ERR13476595_1.fastq.gz;ftp.sra.ebi.ac.uk/vol1/fastq/ERR134/095/ERR13476595/ERR13476595_2.fastq.gz	520869231;570581923	PAIRED	14995784	2249386905	PRJEB42353	SAMEA115874186	2023	France	ftp.sra.ebi.ac.uk/vol1/fastq/ERR134/095/ERR13476595/ERR13476595_1.fastq.gz;ftp.sra.ebi.ac.uk/vol1/fastq/ERR134/095/ERR13476595/ERR13476595_2.fastq.gz	520869231;570581923	1091451154	resolved_streamed_fastq_subset	PASS			100000	paired_reads						0.856333		True	0.004740320049999996	2023.4986301369863	resurgence
FRA__SAMEA115874187	FRA::SAMEA115874187	focal	modern_country_time_project_lineage_cap8		FRA	France	Europe	2023-01-01	2023-12-31	year	2023		PRJEB42353	Europe sublineage 1	pending_new_phylogeny	SAMEA115874187	SAMEA115874187		ERR13476596	ena_fastq_download				;						PASS	True	2026-07-24	ftp.sra.ebi.ac.uk/vol1/fastq/ERR134/096/ERR13476596/ERR13476596_1.fastq.gz;ftp.sra.ebi.ac.uk/vol1/fastq/ERR134/096/ERR13476596/ERR13476596_2.fastq.gz	182857566;201170548	PAIRED	5293578	790731230	PRJEB42353	SAMEA115874187	2023	France	ftp.sra.ebi.ac.uk/vol1/fastq/ERR134/096/ERR13476596/ERR13476596_1.fastq.gz;ftp.sra.ebi.ac.uk/vol1/fastq/ERR134/096/ERR13476596/ERR13476596_2.fastq.gz	182857566;201170548	384028114	resolved_streamed_fastq_subset	PASS			100000	paired_reads						0.854721		True	0.004745861549999997	2023.4986301369863	resurgence
FRA__SAMEA115874188	FRA::SAMEA115874188	focal	modern_country_time_project_lineage_cap8		FRA	France	Europe	2023-01-01	2023-12-31	year	2023		PRJEB42353	Europe sublineage 1	pending_new_phylogeny	SAMEA115874188	SAMEA115874188		ERR13476597	ena_fastq_download				;						PASS	True	2026-07-24	ftp.sra.ebi.ac.uk/vol1/fastq/ERR134/097/ERR13476597/ERR13476597_1.fastq.gz;ftp.sra.ebi.ac.uk/vol1/fastq/ERR134/097/ERR13476597/ERR13476597_2.fastq.gz	392033357;400135660	PAIRED	8135204	1193144820	PRJEB42353	SAMEA115874188	2023	France	ftp.sra.ebi.ac.uk/vol1/fastq/ERR134/097/ERR13476597/ERR13476597_1.fastq.gz;ftp.sra.ebi.ac.uk/vol1/fastq/ERR134/097/ERR13476597/ERR13476597_2.fastq.gz	392033357;400135660	792169017	resolved_streamed_fastq_subset	PASS			100000	paired_reads						0.762269		True	0.004634793049999995	2023.4986301369863	resurgence
FRA__SAMEA115874189	FRA::SAMEA115874189	focal	modern_country_time_project_lineage_cap8		FRA	France	Europe	2023-01-01	2023-12-31	year	2023		PRJEB42353	ptxP3/fim3-2	pending_new_phylogeny	SAMEA115874189	SAMEA115874189		ERR13476598	ena_fastq_download				;						PASS	True	2026-07-24	ftp.sra.ebi.ac.uk/vol1/fastq/ERR134/098/ERR13476598/ERR13476598_1.fastq.gz;ftp.sra.ebi.ac.uk/vol1/fastq/ERR134/098/ERR13476598/ERR13476598_2.fastq.gz	350816988;351207106	PAIRED	7204554	1059656450	PRJEB42353	SAMEA115874189	2023	France	ftp.sra.ebi.ac.uk/vol1/fastq/ERR134/098/ERR13476598/ERR13476598_1.fastq.gz;ftp.sra.ebi.ac.uk/vol1/fastq/ERR134/098/ERR13476598/ERR13476598_2.fastq.gz	350816988;351207106	702024094	resolved_streamed_fastq_subset	PASS			100000	paired_reads						0.775839		True	0.004637254049999998	2023.4986301369863	resurgence
FRA__SAMEA115874190	FRA::SAMEA115874190	focal	modern_country_time_project_lineage_cap8		FRA	France	Europe	2023-01-01	2023-12-31	year	2023		PRJEB42353	Europe sublineage 2	pending_new_phylogeny	SAMEA115874190	SAMEA115874190		ERR13476599	legacy_read_assembly										PASS	True	2026-07-24												0	resolved_legacy_read_assembly					assembly	3867028	67.89966351420264	0.0	472	17157			True	0.0048594034499999965	2023.4986301369863	resurgence
FRA__SAMEA115874191	FRA::SAMEA115874191	focal	modern_country_time_project_lineage_cap8		FRA	France	Europe	2023-01-01	2023-12-31	year	2023		PRJEB42353	Europe sublineage 1	pending_new_phylogeny	SAMEA115874191	SAMEA115874191		ERR13476600	ena_fastq_download				;						PASS	True	2026-07-24	ftp.sra.ebi.ac.uk/vol1/fastq/ERR134/000/ERR13476600/ERR13476600_1.fastq.gz;ftp.sra.ebi.ac.uk/vol1/fastq/ERR134/000/ERR13476600/ERR13476600_2.fastq.gz	412569872;420157760	PAIRED	8533598	1253641323	PRJEB42353	SAMEA115874191	2023	France	ftp.sra.ebi.ac.uk/vol1/fastq/ERR134/000/ERR13476600/ERR13476600_1.fastq.gz;ftp.sra.ebi.ac.uk/vol1/fastq/ERR134/000/ERR13476600/ERR13476600_2.fastq.gz	412569872;420157760	832727632	resolved_streamed_fastq_subset	PASS			100000	paired_reads						0.760292		True	0.004624682449999995	2023.4986301369863	resurgence
FRA__SAMEA115874193	FRA::SAMEA115874193	focal	modern_country_time_project_lineage_cap8		FRA	France	Europe	2024-01-01	2024-12-31	year	2024		PRJEB42353	Europe sublineage 2	pending_new_phylogeny	SAMEA115874193	SAMEA115874193		ERR13476602	ena_fastq_download				;						PASS	True	2026-07-24	ftp.sra.ebi.ac.uk/vol1/fastq/ERR134/002/ERR13476602/ERR13476602_1.fastq.gz;ftp.sra.ebi.ac.uk/vol1/fastq/ERR134/002/ERR13476602/ERR13476602_2.fastq.gz	208761887;210935663	PAIRED	4264420	626760216	PRJEB42353	SAMEA115874193	2024	France	ftp.sra.ebi.ac.uk/vol1/fastq/ERR134/002/ERR13476602/ERR13476602_1.fastq.gz;ftp.sra.ebi.ac.uk/vol1/fastq/ERR134/002/ERR13476602/ERR13476602_2.fastq.gz	208761887;210935663	419697550	resolved_streamed_fastq_subset	PASS			100000	paired_reads						0.783584		True	0.0046248332499999965	2024.4986338797814	resurgence
FRA__SAMEA115874194	FRA::SAMEA115874194	focal	modern_country_time_project_lineage_cap8		FRA	France	Europe	2024-01-01	2024-12-31	year	2024		PRJEB42353	ptxP3/fim3-2	pending_new_phylogeny	SAMEA115874194	SAMEA115874194		ERR13476603	ena_fastq_download				;						PASS	True	2026-07-24	ftp.sra.ebi.ac.uk/vol1/fastq/ERR134/003/ERR13476603/ERR13476603_1.fastq.gz;ftp.sra.ebi.ac.uk/vol1/fastq/ERR134/003/ERR13476603/ERR13476603_2.fastq.gz	217638747;219099333	PAIRED	4415832	648318607	PRJEB42353	SAMEA115874194	2024	France	ftp.sra.ebi.ac.uk/vol1/fastq/ERR134/003/ERR13476603/ERR13476603_1.fastq.gz;ftp.sra.ebi.ac.uk/vol1/fastq/ERR134/003/ERR13476603/ERR13476603_2.fastq.gz	217638747;219099333	436738080	resolved_streamed_fastq_subset	PASS			100000	paired_reads						0.776943		True	0.004614698349999997	2024.4986338797814	resurgence
FRA__SAMEA115874195	FRA::SAMEA115874195	focal	modern_country_time_project_lineage_cap8		FRA	France	Europe	2024-01-01	2024-12-31	year	2024		PRJEB42353	Europe sublineage 1	pending_new_phylogeny	SAMEA115874195	SAMEA115874195		ERR13476604	ena_fastq_download				;						PASS	True	2026-07-24	ftp.sra.ebi.ac.uk/vol1/fastq/ERR134/004/ERR13476604/ERR13476604_1.fastq.gz;ftp.sra.ebi.ac.uk/vol1/fastq/ERR134/004/ERR13476604/ERR13476604_2.fastq.gz	214081204;225646559	PAIRED	6266558	914747874	PRJEB42353	SAMEA115874195	2024	France	ftp.sra.ebi.ac.uk/vol1/fastq/ERR134/004/ERR13476604/ERR13476604_1.fastq.gz;ftp.sra.ebi.ac.uk/vol1/fastq/ERR134/004/ERR13476604/ERR13476604_2.fastq.gz	214081204;225646559	439727763	resolved_streamed_fastq_subset	PASS			100000	paired_reads						0.874523		True	0.0046547413499999956	2024.4986338797814	resurgence
FRA__SAMEA115874196	FRA::SAMEA115874196	focal	modern_country_time_project_lineage_cap8		FRA	France	Europe	2024-01-01	2024-12-31	year	2024		PRJEB42353	Europe sublineage 1	pending_new_phylogeny	SAMEA115874196	SAMEA115874196		ERR13476605	ena_fastq_download				;						PASS	True	2026-07-24	ftp.sra.ebi.ac.uk/vol1/fastq/ERR134/005/ERR13476605/ERR13476605_1.fastq.gz;ftp.sra.ebi.ac.uk/vol1/fastq/ERR134/005/ERR13476605/ERR13476605_2.fastq.gz	270872341;281228930	PAIRED	7790360	1145822858	PRJEB42353	SAMEA115874196	2024	France	ftp.sra.ebi.ac.uk/vol1/fastq/ERR134/005/ERR13476605/ERR13476605_1.fastq.gz;ftp.sra.ebi.ac.uk/vol1/fastq/ERR134/005/ERR13476605/ERR13476605_2.fastq.gz	270872341;281228930	552101271	resolved_streamed_fastq_subset	PASS			100000	paired_reads						0.876374		True	0.004642413349999997	2024.4986338797814	resurgence
FRA__SAMEA115874197	FRA::SAMEA115874197	focal	modern_country_time_project_lineage_cap8		FRA	France	Europe	2024-01-01	2024-12-31	year	2024		PRJEB42353	MS-MT28	pending_new_phylogeny	SAMEA115874197	SAMEA115874197		ERR13476606	ena_fastq_download				;						PASS	True	2026-07-24	ftp.sra.ebi.ac.uk/vol1/fastq/ERR134/006/ERR13476606/ERR13476606_1.fastq.gz;ftp.sra.ebi.ac.uk/vol1/fastq/ERR134/006/ERR13476606/ERR13476606_2.fastq.gz	266781522;282450894	PAIRED	7762254	1143059239	PRJEB42353	SAMEA115874197	2024	France	ftp.sra.ebi.ac.uk/vol1/fastq/ERR134/006/ERR13476606/ERR13476606_1.fastq.gz;ftp.sra.ebi.ac.uk/vol1/fastq/ERR134/006/ERR13476606/ERR13476606_2.fastq.gz	266781522;282450894	549232416	resolved_streamed_fastq_subset	PASS			100000	paired_reads						0.871507		True	0.004750940749999999	2024.4986338797814	resurgence
FRA__SAMEA115874198	FRA::SAMEA115874198	focal	modern_country_time_project_lineage_cap8		FRA	France	Europe	2024-01-01	2024-12-31	year	2024		PRJEB42353	Europe sublineage 2	pending_new_phylogeny	SAMEA115874198	SAMEA115874198		ERR13476607	legacy_read_assembly										PASS	True	2026-07-24												0	resolved_legacy_read_assembly					assembly	3855433	67.85157464803564	0.0	381	19580			True	0.00468745965	2024.4986338797814	resurgence
FRA__SAMEA115874199	FRA::SAMEA115874199	focal	modern_country_time_project_lineage_cap8		FRA	France	Europe	2024-01-01	2024-12-31	year	2024		PRJEB42353	MS-MT28	pending_new_phylogeny	SAMEA115874199	SAMEA115874199		ERR13476608	ena_fastq_download				;						PASS	True	2026-07-24	ftp.sra.ebi.ac.uk/vol1/fastq/ERR134/008/ERR13476608/ERR13476608_1.fastq.gz;ftp.sra.ebi.ac.uk/vol1/fastq/ERR134/008/ERR13476608/ERR13476608_2.fastq.gz	253691311;264017958	PAIRED	7306004	1074166227	PRJEB42353	SAMEA115874199	2024	France	ftp.sra.ebi.ac.uk/vol1/fastq/ERR134/008/ERR13476608/ERR13476608_1.fastq.gz;ftp.sra.ebi.ac.uk/vol1/fastq/ERR134/008/ERR13476608/ERR13476608_2.fastq.gz	253691311;264017958	517709269	resolved_streamed_fastq_subset	PASS			100000	paired_reads						0.874896		True	0.004670307749999999	2024.4986338797814	resurgence
FRA__SAMEA115874200	FRA::SAMEA115874200	focal	modern_country_time_project_lineage_cap8		FRA	France	Europe	2024-01-01	2024-12-31	year	2024		PRJEB42353	Europe sublineage 1	pending_new_phylogeny	SAMEA115874200	SAMEA115874200		ERR13476609	ena_fastq_download				;						PASS	True	2026-07-24	ftp.sra.ebi.ac.uk/vol1/fastq/ERR134/009/ERR13476609/ERR13476609_1.fastq.gz;ftp.sra.ebi.ac.uk/vol1/fastq/ERR134/009/ERR13476609/ERR13476609_2.fastq.gz	220215643;232878826	PAIRED	6395160	941289704	PRJEB42353	SAMEA115874200	2024	France	ftp.sra.ebi.ac.uk/vol1/fastq/ERR134/009/ERR13476609/ERR13476609_1.fastq.gz;ftp.sra.ebi.ac.uk/vol1/fastq/ERR134/009/ERR13476609/ERR13476609_2.fastq.gz	220215643;232878826	453094469	resolved_streamed_fastq_subset	PASS			100000	paired_reads						0.871777		True	0.004654524449999997	2024.4986338797814	resurgence
FRA__SAMEA115874201	FRA::SAMEA115874201	focal	modern_country_time_project_lineage_cap8		FRA	France	Europe	2024-01-01	2024-12-31	year	2024		PRJEB42353	Europe sublineage 2	pending_new_phylogeny	SAMEA115874201	SAMEA115874201		ERR13476610	legacy_read_assembly										PASS	True	2026-07-24												0	resolved_legacy_read_assembly					assembly	3858014	67.86253238064974	0.0	406	19551			True	0.004712296849999996	2024.4986338797814	resurgence
FRA__SAMEA115874203	FRA::SAMEA115874203	focal	modern_country_time_project_lineage_cap8		FRA	France	Europe	2024-01-01	2024-12-31	year	2024		PRJEB42353	Europe sublineage 2	pending_new_phylogeny	SAMEA115874203	SAMEA115874203		ERR13476612	legacy_read_assembly										PASS	True	2026-07-24												0	resolved_legacy_read_assembly					assembly	3867106	67.82485403813601	0.0	376	19620			True	0.004700499649999997	2024.4986338797814	resurgence
FRA__SAMEA115874206	FRA::SAMEA115874206	focal	modern_country_time_project_lineage_cap8		FRA	France	Europe	2024-01-01	2024-12-31	year	2024		PRJEB42353	Europe sublineage 2	pending_new_phylogeny	SAMEA115874206	SAMEA115874206		ERR13476615	ena_fastq_download				;						PASS	True	2026-07-24	ftp.sra.ebi.ac.uk/vol1/fastq/ERR134/015/ERR13476615/ERR13476615_1.fastq.gz;ftp.sra.ebi.ac.uk/vol1/fastq/ERR134/015/ERR13476615/ERR13476615_2.fastq.gz	251116553;264691064	PAIRED	7308054	1075935134	PRJEB42353	SAMEA115874206	2024	France	ftp.sra.ebi.ac.uk/vol1/fastq/ERR134/015/ERR13476615/ERR13476615_1.fastq.gz;ftp.sra.ebi.ac.uk/vol1/fastq/ERR134/015/ERR13476615/ERR13476615_2.fastq.gz	251116553;264691064	515807617	resolved_streamed_fastq_subset	PASS			100000	paired_reads						0.874814		True	0.004691801949999996	2024.4986338797814	resurgence
FRA__SAMEA115874207	FRA::SAMEA115874207	focal	modern_country_time_project_lineage_cap8		FRA	France	Europe	2024-01-01	2024-12-31	year	2024		PRJEB42353	ptxP3/fim3-1	pending_new_phylogeny	SAMEA115874207	SAMEA115874207		ERR13476616	ena_fastq_download				;						PASS	True	2026-07-24	ftp.sra.ebi.ac.uk/vol1/fastq/ERR134/016/ERR13476616/ERR13476616_1.fastq.gz;ftp.sra.ebi.ac.uk/vol1/fastq/ERR134/016/ERR13476616/ERR13476616_2.fastq.gz	165306432;174616499	PAIRED	4841732	706882795	PRJEB42353	SAMEA115874207	2024	France	ftp.sra.ebi.ac.uk/vol1/fastq/ERR134/016/ERR13476616/ERR13476616_1.fastq.gz;ftp.sra.ebi.ac.uk/vol1/fastq/ERR134/016/ERR13476616/ERR13476616_2.fastq.gz	165306432;174616499	339922931	resolved_streamed_fastq_subset	PASS			100000	paired_reads						0.87691		True	0.004752346649999996	2024.4986338797814	resurgence
FRA__SAMEA115874208	FRA::SAMEA115874208	focal	modern_country_time_project_lineage_cap8		FRA	France	Europe	2024-01-01	2024-12-31	year	2024		PRJEB42353	Europe sublineage 2	pending_new_phylogeny	SAMEA115874208	SAMEA115874208		ERR13476617	ena_fastq_download				;						PASS	True	2026-07-24	ftp.sra.ebi.ac.uk/vol1/fastq/ERR134/017/ERR13476617/ERR13476617_1.fastq.gz;ftp.sra.ebi.ac.uk/vol1/fastq/ERR134/017/ERR13476617/ERR13476617_2.fastq.gz	263871443;279336286	PAIRED	7662688	1133466695	PRJEB42353	SAMEA115874208	2024	France	ftp.sra.ebi.ac.uk/vol1/fastq/ERR134/017/ERR13476617/ERR13476617_1.fastq.gz;ftp.sra.ebi.ac.uk/vol1/fastq/ERR134/017/ERR13476617/ERR13476617_2.fastq.gz	263871443;279336286	543207729	resolved_streamed_fastq_subset	PASS			100000	paired_reads						0.872862		True	0.004636857349999997	2024.4986338797814	resurgence
FRA__SAMEA115874210	FRA::SAMEA115874210	focal	modern_country_time_project_lineage_cap8		FRA	France	Europe	2024-01-01	2024-12-31	year	2024		PRJEB42353	MR-MT28-PG1	pending_new_phylogeny	SAMEA115874210	SAMEA115874210		ERR13476619	ena_fastq_download				;						PASS	True	2026-07-24	ftp.sra.ebi.ac.uk/vol1/fastq/ERR134/019/ERR13476619/ERR13476619_1.fastq.gz;ftp.sra.ebi.ac.uk/vol1/fastq/ERR134/019/ERR13476619/ERR13476619_2.fastq.gz	291144448;307606053	PAIRED	8421210	1246542187	PRJEB42353	SAMEA115874210	2024	France	ftp.sra.ebi.ac.uk/vol1/fastq/ERR134/019/ERR13476619/ERR13476619_1.fastq.gz;ftp.sra.ebi.ac.uk/vol1/fastq/ERR134/019/ERR13476619/ERR13476619_2.fastq.gz	291144448;307606053	598750501	resolved_streamed_fastq_subset	PASS			100000	paired_reads						0.872982		True	0.004720086449999996	2024.4986338797814	resurgence
FRA__SAMEA115874211	FRA::SAMEA115874211	focal	modern_country_time_project_lineage_cap8		FRA	France	Europe	2024-01-01	2024-12-31	year	2024		PRJEB42353	ptxP3/fim3-2	pending_new_phylogeny	SAMEA115874211	SAMEA115874211		ERR13476620	legacy_read_assembly										PASS	True	2026-07-24												0	resolved_legacy_read_assembly					assembly	3854489	67.87742811044473	0.0	377	19499			True	0.004702944649999997	2024.4986338797814	resurgence
FRA__SAMEA115874212	FRA::SAMEA115874212	focal	modern_country_time_project_lineage_cap8		FRA	France	Europe	2024-01-01	2024-12-31	year	2024		PRJEB42353	Europe sublineage 1	pending_new_phylogeny	SAMEA115874212	SAMEA115874212		ERR13476621	legacy_read_assembly										PASS	True	2026-07-24												0	resolved_legacy_read_assembly					assembly	3840784	67.87577744543822	0.0	392	19439			True	0.004767654949999995	2024.4986338797814	resurgence
FRA__SAMEA115874213	FRA::SAMEA115874213	focal	modern_country_time_project_lineage_cap8		FRA	France	Europe	2024-01-01	2024-12-31	year	2024		PRJEB42353	others	pending_new_phylogeny	SAMEA115874213	SAMEA115874213		ERR13476622	legacy_read_assembly										PASS	True	2026-07-24												0	resolved_legacy_read_assembly					assembly	3844726	67.8481899620415	0.0	380	19102			True	0.0046785628500000025	2024.4986338797814	resurgence
FRA__SAMEA115874214	FRA::SAMEA115874214	focal	modern_country_time_project_lineage_cap8		FRA	France	Europe	2024-01-01	2024-12-31	year	2024		PRJEB42353	ptxP3/fim3-2	pending_new_phylogeny	SAMEA115874214	SAMEA115874214		ERR13476623	ena_fastq_download				;						PASS	True	2026-07-24	ftp.sra.ebi.ac.uk/vol1/fastq/ERR134/023/ERR13476623/ERR13476623_1.fastq.gz;ftp.sra.ebi.ac.uk/vol1/fastq/ERR134/023/ERR13476623/ERR13476623_2.fastq.gz	269562562;284391706	PAIRED	7799842	1150252197	PRJEB42353	SAMEA115874214	2024	France	ftp.sra.ebi.ac.uk/vol1/fastq/ERR134/023/ERR13476623/ERR13476623_1.fastq.gz;ftp.sra.ebi.ac.uk/vol1/fastq/ERR134/023/ERR13476623/ERR13476623_2.fastq.gz	269562562;284391706	553954268	resolved_streamed_fastq_subset	PASS			100000	paired_reads						0.871933		True	0.004705613449999997	2024.4986338797814	resurgence
FRA__SAMEA115874215	FRA::SAMEA115874215	focal	modern_country_time_project_lineage_cap8		FRA	France	Europe	2024-01-01	2024-12-31	year	2024		PRJEB42353	Europe sublineage 2	pending_new_phylogeny	SAMEA115874215	SAMEA115874215		ERR13476624	legacy_read_assembly										PASS	True	2026-07-24												0	resolved_legacy_read_assembly					assembly	3857605	67.86283199031523	0.0	406	19551			True	0.00475241555	2024.4986338797814	resurgence
FRA__SAMEA115874216	FRA::SAMEA115874216	focal	modern_country_time_project_lineage_cap8		FRA	France	Europe	2024-01-01	2024-12-31	year	2024		PRJEB42353	others	pending_new_phylogeny	SAMEA115874216	SAMEA115874216		ERR13476625	legacy_read_assembly										PASS	True	2026-07-24												0	resolved_legacy_read_assembly					assembly	3857516	67.88430689594028	0.0	407	16812			True	0.004702796250000004	2024.4986338797814	resurgence
FRA__SAMEA115874217	FRA::SAMEA115874217	focal	modern_country_time_project_lineage_cap8		FRA	France	Europe	2024-01-01	2024-12-31	year	2024		PRJEB42353	MS-MT28	pending_new_phylogeny	SAMEA115874217	SAMEA115874217		ERR13476626	ena_fastq_download				;						PASS	True	2026-07-24	ftp.sra.ebi.ac.uk/vol1/fastq/ERR134/026/ERR13476626/ERR13476626_1.fastq.gz;ftp.sra.ebi.ac.uk/vol1/fastq/ERR134/026/ERR13476626/ERR13476626_2.fastq.gz	169038161;179836958	PAIRED	4998620	741364265	PRJEB42353	SAMEA115874217	2024	France	ftp.sra.ebi.ac.uk/vol1/fastq/ERR134/026/ERR13476626/ERR13476626_1.fastq.gz;ftp.sra.ebi.ac.uk/vol1/fastq/ERR134/026/ERR13476626/ERR13476626_2.fastq.gz	169038161;179836958	348875119	resolved_streamed_fastq_subset	PASS			100000	paired_reads						0.894225		True	0.004683443649999999	2024.4986338797814	resurgence
FRA__SAMEA115874218	FRA::SAMEA115874218	focal	modern_country_time_project_lineage_cap8		FRA	France	Europe	2024-01-01	2024-12-31	year	2024		PRJEB42353	ptxP3/fim3-1	pending_new_phylogeny	SAMEA115874218	SAMEA115874218		ERR13476627	ena_fastq_download				;						PASS	True	2026-07-24	ftp.sra.ebi.ac.uk/vol1/fastq/ERR134/027/ERR13476627/ERR13476627_1.fastq.gz;ftp.sra.ebi.ac.uk/vol1/fastq/ERR134/027/ERR13476627/ERR13476627_2.fastq.gz	309677123;330470953	PAIRED	9158446	1346512309	PRJEB42353	SAMEA115874218	2024	France	ftp.sra.ebi.ac.uk/vol1/fastq/ERR134/027/ERR13476627/ERR13476627_1.fastq.gz;ftp.sra.ebi.ac.uk/vol1/fastq/ERR134/027/ERR13476627/ERR13476627_2.fastq.gz	309677123;330470953	640148076	resolved_streamed_fastq_subset	PASS			100000	paired_reads						0.886278		True	0.00462080495	2024.4986338797814	resurgence
FRA__SAMEA115874219	FRA::SAMEA115874219	focal	modern_country_time_project_lineage_cap8		FRA	France	Europe	2024-01-01	2024-12-31	year	2024		PRJEB42353	ptxP3/fim3-1	pending_new_phylogeny	SAMEA115874219	SAMEA115874219		ERR13476628	legacy_read_assembly										PASS	True	2026-07-24												0	resolved_legacy_read_assembly					assembly	3861683	67.89661398928912	0.0	437	18470			True	0.004770872149999996	2024.4986338797814	resurgence
FRA__SAMEA115874220	FRA::SAMEA115874220	focal	modern_country_time_project_lineage_cap8		FRA	France	Europe	2024-01-01	2024-12-31	year	2024		PRJEB42353	Europe sublineage 1	pending_new_phylogeny	SAMEA115874220	SAMEA115874220		ERR13476629	ena_fastq_download				;						PASS	True	2026-07-24	ftp.sra.ebi.ac.uk/vol1/fastq/ERR134/029/ERR13476629/ERR13476629_1.fastq.gz;ftp.sra.ebi.ac.uk/vol1/fastq/ERR134/029/ERR13476629/ERR13476629_2.fastq.gz	214673921;227030355	PAIRED	6261490	916126972	PRJEB42353	SAMEA115874220	2024	France	ftp.sra.ebi.ac.uk/vol1/fastq/ERR134/029/ERR13476629/ERR13476629_1.fastq.gz;ftp.sra.ebi.ac.uk/vol1/fastq/ERR134/029/ERR13476629/ERR13476629_2.fastq.gz	214673921;227030355	441704276	resolved_streamed_fastq_subset	PASS			100000	paired_reads						0.872671		True	0.004679246049999996	2024.4986338797814	resurgence
FRA__SAMEA115874222	FRA::SAMEA115874222	focal	modern_country_time_project_lineage_cap8		FRA	France	Europe	2024-01-01	2024-12-31	year	2024		PRJEB42353	others	pending_new_phylogeny	SAMEA115874222	SAMEA115874222		ERR13476631	ena_fastq_download				;						PASS	True	2026-07-24	ftp.sra.ebi.ac.uk/vol1/fastq/ERR134/031/ERR13476631/ERR13476631_1.fastq.gz;ftp.sra.ebi.ac.uk/vol1/fastq/ERR134/031/ERR13476631/ERR13476631_2.fastq.gz	230515620;240230041	PAIRED	6827800	987128107	PRJEB42353	SAMEA115874222	2024	France	ftp.sra.ebi.ac.uk/vol1/fastq/ERR134/031/ERR13476631/ERR13476631_1.fastq.gz;ftp.sra.ebi.ac.uk/vol1/fastq/ERR134/031/ERR13476631/ERR13476631_2.fastq.gz	230515620;240230041	470745661	resolved_streamed_fastq_subset	PASS			100000	paired_reads						0.897804		True	0.004675385750000004	2024.4986338797814	resurgence
FRA__SAMEA115874223	FRA::SAMEA115874223	focal	modern_country_time_project_lineage_cap8		FRA	France	Europe	2024-01-01	2024-12-31	year	2024		PRJEB42353	MS-MT28	pending_new_phylogeny	SAMEA115874223	SAMEA115874223		ERR13476632	ena_fastq_download				;						PASS	True	2026-07-24	ftp.sra.ebi.ac.uk/vol1/fastq/ERR134/032/ERR13476632/ERR13476632_1.fastq.gz;ftp.sra.ebi.ac.uk/vol1/fastq/ERR134/032/ERR13476632/ERR13476632_2.fastq.gz	203364266;214887060	PAIRED	6063402	879925206	PRJEB42353	SAMEA115874223	2024	France	ftp.sra.ebi.ac.uk/vol1/fastq/ERR134/032/ERR13476632/ERR13476632_1.fastq.gz;ftp.sra.ebi.ac.uk/vol1/fastq/ERR134/032/ERR13476632/ERR13476632_2.fastq.gz	203364266;214887060	418251326	resolved_streamed_fastq_subset	PASS			100000	paired_reads						0.896449		True	0.004705882249999999	2024.4986338797814	resurgence
FRA__SAMEA115874224	FRA::SAMEA115874224	focal	modern_country_time_project_lineage_cap8		FRA	France	Europe	2024-01-01	2024-12-31	year	2024		PRJEB42353	ptxP3/fim3-1	pending_new_phylogeny	SAMEA115874224	SAMEA115874224		ERR13476633	ena_fastq_download				;						PASS	True	2026-07-24	ftp.sra.ebi.ac.uk/vol1/fastq/ERR134/033/ERR13476633/ERR13476633_1.fastq.gz;ftp.sra.ebi.ac.uk/vol1/fastq/ERR134/033/ERR13476633/ERR13476633_2.fastq.gz	188289141;198968938	PAIRED	5559260	819031840	PRJEB42353	SAMEA115874224	2024	France	ftp.sra.ebi.ac.uk/vol1/fastq/ERR134/033/ERR13476633/ERR13476633_1.fastq.gz;ftp.sra.ebi.ac.uk/vol1/fastq/ERR134/033/ERR13476633/ERR13476633_2.fastq.gz	188289141;198968938	387258079	resolved_streamed_fastq_subset	PASS			100000	paired_reads						0.899436		True	0.004715703649999996	2024.4986338797814	resurgence
FRA__SAMEA115874225	FRA::SAMEA115874225	focal	modern_country_time_project_lineage_cap8		FRA	France	Europe	2024-01-01	2024-12-31	year	2024		PRJEB42353	ptxP3/fim3-2	pending_new_phylogeny	SAMEA115874225	SAMEA115874225		ERR13476634	ena_fastq_download				;						PASS	True	2026-07-24	ftp.sra.ebi.ac.uk/vol1/fastq/ERR134/034/ERR13476634/ERR13476634_1.fastq.gz;ftp.sra.ebi.ac.uk/vol1/fastq/ERR134/034/ERR13476634/ERR13476634_2.fastq.gz	196641918;207710417	PAIRED	5862692	859272433	PRJEB42353	SAMEA115874225	2024	France	ftp.sra.ebi.ac.uk/vol1/fastq/ERR134/034/ERR13476634/ERR13476634_1.fastq.gz;ftp.sra.ebi.ac.uk/vol1/fastq/ERR134/034/ERR13476634/ERR13476634_2.fastq.gz	196641918;207710417	404352335	resolved_streamed_fastq_subset	PASS			100000	paired_reads						0.895071		True	0.004642166449999998	2024.4986338797814	resurgence
FRA__SAMEA115874226	FRA::SAMEA115874226	focal	modern_country_time_project_lineage_cap8		FRA	France	Europe	2024-01-01	2024-12-31	year	2024		PRJEB42353	others	pending_new_phylogeny	SAMEA115874226	SAMEA115874226		ERR13476635	legacy_read_assembly										PASS	True	2026-07-24												0	resolved_legacy_read_assembly					assembly	3856985	67.88455231223352	0.0	409	17815			True	0.004742571550000004	2024.4986338797814	resurgence
FRA__SAMEA115874228	FRA::SAMEA115874228	focal	modern_country_time_project_lineage_cap8		FRA	France	Europe	2024-01-01	2024-12-31	year	2024		PRJEB42353	Europe sublineage 1	pending_new_phylogeny	SAMEA115874228	SAMEA115874228		ERR13476637	legacy_read_assembly										PASS	True	2026-07-24												0	resolved_legacy_read_assembly					assembly	3845104	67.89592687219904	0.0	420	18703			True	0.004695224549999995	2024.4986338797814	resurgence
FRA__SAMEA115874229	FRA::SAMEA115874229	focal	modern_country_time_project_lineage_cap8		FRA	France	Europe	2024-01-01	2024-12-31	year	2024		PRJEB42353	ptxP3/fim3-1	pending_new_phylogeny	SAMEA115874229	SAMEA115874229		ERR13476638	legacy_read_assembly										PASS	True	2026-07-24												0	resolved_legacy_read_assembly					assembly	3862030	67.87627232310469	0.0	439	17834			True	0.004735682949999997	2024.4986338797814	resurgence
FRA__SAMEA115874235	FRA::SAMEA115874235	focal	modern_country_time_project_lineage_cap8		FRA	France	Europe	2024-01-01	2024-12-31	year	2024		PRJEB42353	ptxP3/fim3-2	pending_new_phylogeny	SAMEA115874235	SAMEA115874235		ERR13476644	legacy_read_assembly										PASS	True	2026-07-24												0	resolved_legacy_read_assembly					assembly	3855779	67.8693721813413	0.0	410	19434			True	0.004709186049999997	2024.4986338797814	resurgence
FRA__SAMEA115874237	FRA::SAMEA115874237	focal	modern_country_time_project_lineage_cap8		FRA	France	Europe	2024-01-01	2024-12-31	year	2024		PRJEB42353	ptxP3/fim3-2	pending_new_phylogeny	SAMEA115874237	SAMEA115874237		ERR13476646	ena_fastq_download				;						PASS	True	2026-07-24	ftp.sra.ebi.ac.uk/vol1/fastq/ERR134/046/ERR13476646/ERR13476646_1.fastq.gz;ftp.sra.ebi.ac.uk/vol1/fastq/ERR134/046/ERR13476646/ERR13476646_2.fastq.gz	464717492;496980354	PAIRED	13267510	1978986495	PRJEB42353	SAMEA115874237	2024	France	ftp.sra.ebi.ac.uk/vol1/fastq/ERR134/046/ERR13476646/ERR13476646_1.fastq.gz;ftp.sra.ebi.ac.uk/vol1/fastq/ERR134/046/ERR13476646/ERR13476646_2.fastq.gz	464717492;496980354	961697846	resolved_streamed_fastq_subset	PASS			100000	paired_reads						0.869751		True	0.004609663649999997	2024.4986338797814	resurgence
FRA__SAMEA115874240	FRA::SAMEA115874240	focal	modern_country_time_project_lineage_cap8		FRA	France	Europe	2024-01-01	2024-12-31	year	2024		PRJEB42353	ptxP3/fim3-1	pending_new_phylogeny	SAMEA115874240	SAMEA115874240		ERR13476649	ena_fastq_download				;						PASS	True	2026-07-24	ftp.sra.ebi.ac.uk/vol1/fastq/ERR134/049/ERR13476649/ERR13476649_1.fastq.gz;ftp.sra.ebi.ac.uk/vol1/fastq/ERR134/049/ERR13476649/ERR13476649_2.fastq.gz	208401170;222807009	PAIRED	6005176	897385600	PRJEB42353	SAMEA115874240	2024	France	ftp.sra.ebi.ac.uk/vol1/fastq/ERR134/049/ERR13476649/ERR13476649_1.fastq.gz;ftp.sra.ebi.ac.uk/vol1/fastq/ERR134/049/ERR13476649/ERR13476649_2.fastq.gz	208401170;222807009	431208179	resolved_streamed_fastq_subset	PASS			100000	paired_reads						0.878413		True	0.00465760745	2024.4986338797814	resurgence
FRA__SAMEA115874241	FRA::SAMEA115874241	focal	modern_country_time_project_lineage_cap8		FRA	France	Europe	2024-01-01	2024-12-31	year	2024		PRJEB42353	Europe sublineage 1	pending_new_phylogeny	SAMEA115874241	SAMEA115874241		ERR13476650	legacy_read_assembly										PASS	True	2026-07-24												0	resolved_legacy_read_assembly					assembly	3866093	67.91823166178361	0.0	466	16501			True	0.004999320549999996	2024.4986338797814	resurgence
FRA__SAMEA115874242	FRA::SAMEA115874242	focal	modern_country_time_project_lineage_cap8		FRA	France	Europe	2024-01-01	2024-12-31	year	2024		PRJEB42353	ptxP3/fim3-1	pending_new_phylogeny	SAMEA115874242	SAMEA115874242		ERR13476651	legacy_read_assembly										PASS	True	2026-07-24												0	resolved_legacy_read_assembly					assembly	3848608	67.89114401882446	0.0	408	18470			True	0.0047065040499999974	2024.4986338797814	resurgence
FRA__SAMEA115874243	FRA::SAMEA115874243	focal	modern_country_time_project_lineage_cap8		FRA	France	Europe	2024-01-01	2024-12-31	year	2024		PRJEB42353	others	pending_new_phylogeny	SAMEA115874243	SAMEA115874243		ERR13476652	ena_fastq_download				;						PASS	True	2026-07-24	ftp.sra.ebi.ac.uk/vol1/fastq/ERR134/052/ERR13476652/ERR13476652_1.fastq.gz;ftp.sra.ebi.ac.uk/vol1/fastq/ERR134/052/ERR13476652/ERR13476652_2.fastq.gz	201064333;215393330	PAIRED	5836140	865458303	PRJEB42353	SAMEA115874243	2024	France	ftp.sra.ebi.ac.uk/vol1/fastq/ERR134/052/ERR13476652/ERR13476652_1.fastq.gz;ftp.sra.ebi.ac.uk/vol1/fastq/ERR134/052/ERR13476652/ERR13476652_2.fastq.gz	201064333;215393330	416457663	resolved_streamed_fastq_subset	PASS			100000	paired_reads						0.876002		True	0.004645922050000004	2024.4986338797814	resurgence
FRA__SAMEA115874245	FRA::SAMEA115874245	focal	modern_country_time_project_lineage_cap8		FRA	France	Europe	2024-01-01	2024-12-31	year	2024		PRJEB42353	Europe sublineage 1	pending_new_phylogeny	SAMEA115874245	SAMEA115874245		ERR13476654	ena_fastq_download				;						PASS	True	2026-07-24	ftp.sra.ebi.ac.uk/vol1/fastq/ERR134/054/ERR13476654/ERR13476654_1.fastq.gz;ftp.sra.ebi.ac.uk/vol1/fastq/ERR134/054/ERR13476654/ERR13476654_2.fastq.gz	460883524;492093985	PAIRED	13315882	1975778037	PRJEB42353	SAMEA115874245	2024	France	ftp.sra.ebi.ac.uk/vol1/fastq/ERR134/054/ERR13476654/ERR13476654_1.fastq.gz;ftp.sra.ebi.ac.uk/vol1/fastq/ERR134/054/ERR13476654/ERR13476654_2.fastq.gz	460883524;492093985	952977509	resolved_streamed_fastq_subset	PASS			100000	paired_reads						0.874859		True	0.004642610449999996	2024.4986338797814	resurgence
FRA__SAMEA115874248	FRA::SAMEA115874248	focal	modern_country_time_project_lineage_cap8		FRA	France	Europe	2024-01-01	2024-12-31	year	2024		PRJEB42353	ptxP3/fim3-2	pending_new_phylogeny	SAMEA115874248	SAMEA115874248		ERR13476657	legacy_read_assembly										PASS	True	2026-07-24												0	resolved_legacy_read_assembly					assembly	3840278	67.84196352451568	0.0	393	19863			True	0.004713075550000001	2024.4986338797814	resurgence
FRA__SAMEA115874249	FRA::SAMEA115874249	focal	modern_country_time_project_lineage_cap8		FRA	France	Europe	2024-01-01	2024-12-31	year	2024		PRJEB42353	ptxP3/fim3-1	pending_new_phylogeny	SAMEA115874249	SAMEA115874249		ERR13476658	ena_fastq_download				;						PASS	True	2026-07-24	ftp.sra.ebi.ac.uk/vol1/fastq/ERR134/058/ERR13476658/ERR13476658_1.fastq.gz;ftp.sra.ebi.ac.uk/vol1/fastq/ERR134/058/ERR13476658/ERR13476658_2.fastq.gz	224381194;228579728	PAIRED	4497888	672839902	PRJEB42353	SAMEA115874249	2024	France	ftp.sra.ebi.ac.uk/vol1/fastq/ERR134/058/ERR13476658/ERR13476658_1.fastq.gz;ftp.sra.ebi.ac.uk/vol1/fastq/ERR134/058/ERR13476658/ERR13476658_2.fastq.gz	224381194;228579728	452960922	resolved_streamed_fastq_subset	PASS			100000	paired_reads						0.783983		True	0.004679543149999996	2024.4986338797814	resurgence
FRA__SAMEA117615782	FRA::SAMEA117615782	focal	modern_country_time_project_lineage_cap8		FRA	France	Europe	2024-01-01	2024-12-31	year	2024		PRJEB85093	ptxP3	provisional_marker_or_published_annotation	SAMEA117615782	SAMEA117615782	GCA_965117315		ncbi_assembly_download					4144110	67.5	8	3243543	ok	PASS	True	2026-07-24												0	resolved_ncbi_assembly					assembly	4144110	67.6976238565096	0.0	8	3243543			True	0.004704981049999997	2024.4986338797814	resurgence
FRA__SAMEA117615783	FRA::SAMEA117615783	focal	modern_country_time_project_lineage_cap8		FRA	France	Europe	2024-01-01	2024-12-31	year	2024		PRJEB85093	ptxP3	provisional_marker_or_published_annotation	SAMEA117615783	SAMEA117615783	GCA_965117305		ncbi_assembly_download					4101081	67.5	3	4087939	ok	PASS	True	2026-07-24												0	resolved_ncbi_assembly					assembly	4101081	67.72046199526417	0.0	3	4087939			True	0.004664843149999996	2024.4986338797814	resurgence
FRA__SAMEA117615784	FRA::SAMEA117615784	focal	modern_country_time_project_lineage_cap8		FRA	France	Europe	2024-01-01	2024-12-31	year	2024		PRJEB85093	ptxP3	provisional_marker_or_published_annotation	SAMEA117615784	SAMEA117615784	GCA_965117285		ncbi_assembly_download									ok	PASS	True	2026-07-24												0	resolved_ncbi_assembly					assembly	4105877	67.70631463144171	0.0	1	4105877			True	0.004681727449999997	2024.4986338797814	resurgence
FRA__SAMEA117615785	FRA::SAMEA117615785	focal	modern_country_time_project_lineage_cap8		FRA	France	Europe	2024-01-01	2024-12-31	year	2024		PRJEB85093	ptxP3	provisional_marker_or_published_annotation	SAMEA117615785	SAMEA117615785	GCA_965117295		ncbi_assembly_download									ok	PASS	True	2026-07-24												0	resolved_ncbi_assembly					assembly	4216910	67.77204161340887	0.0	42	335992			True	0.005532246149999998	2024.4986338797814	resurgence
FRA__SAMEA117615786	FRA::SAMEA117615786	focal	modern_country_time_project_lineage_cap8		FRA	France	Europe	2024-01-01	2024-12-31	year	2024		PRJEB85093	ptxP1	provisional_marker_or_published_annotation	SAMEA117615786	SAMEA117615786	GCA_965117325		ncbi_assembly_download									ok	PASS	True	2026-07-24												0	resolved_ncbi_assembly					assembly	4146555	67.71184754573375	0.0	16	1309688			True	0.005344127450000004	2024.4986338797814	resurgence
FRA__SAMN42490576	FRA::SAMN42490576	focal	modern_country_time_project_lineage_cap8		FRA	France	Europe	2024-05-01	2024-05-31	month	2024	5	PRJNA1135758	ptxP3/fim3-1	provisional_marker_or_published_annotation	SAMN42490576	SAMN42490576	GCA_040969985		ncbi_assembly_download					4105138	67.5	5	3022146	ok	PASS	True	2026-07-24												0	resolved_ncbi_assembly					assembly	4105138	67.68001465480576	0.000378306405290151	1	4105138			True	0.004670269149999997	2024.3715846994535	resurgence
JPN__SAMN04875532	JPN::SAMN04875532	focal	historical_stratified_anchor_cap3_cell_cap90_country		JPN	Japan	Asia	1950-01-01	1950-12-31	year	1950		PRJNA231221	ptxP1/fim3-1	provisional_marker_or_published_annotation	SAMN04875532	SAMN04875532	GCA_002083095	SRR4271508;SRR4271509;SRR4271510;SRR4271511	ncbi_assembly_download					4123505	67.5	1	4123505	ok	PASS	True	2026-07-24												0	resolved_ncbi_assembly					assembly	4123505	67.6869071336157	0.0	1	4123505			True	0.004478035150000003	1950.4986301369863	prepandemic
JPN__SAMN03249374	JPN::SAMN03249374	focal	historical_stratified_anchor_cap3_cell_cap90_country		JPN	Japan	Asia	1954-01-01	1954-12-31	year	1954		PRJNA266616	ptxP1	provisional_marker_or_published_annotation	SAMN03249374	SAMN03249374	GCA_001605295	SRR3205793;SRR3441722;SRR3441723;SRR3441724	ncbi_assembly_download					4102978	67.5	1	4102978	ok	PASS	True	2026-07-24												0	resolved_ncbi_assembly					assembly	4102978	67.70509127760373	0.0	1	4102978			True	0.004478113350000003	1954.4986301369863	prepandemic
JPN__SAMN09862822	JPN::SAMN09862822	focal	historical_stratified_anchor_cap3_cell_cap90_country		JPN	Japan	Asia	1954-01-01	1954-12-31	year	1954		PRJNA486745	ptxP1	provisional_marker_or_published_annotation	SAMN09862822	SAMN09862822	GCA_003431345	SRR7908033	ncbi_assembly_download					4102412	67.5	1	4102412	ok	PASS	True	2026-07-24												0	resolved_ncbi_assembly					assembly	4102412	67.70458452247117	0.0	1	4102412			True	0.004495360850000002	1954.4986301369863	prepandemic
JPN__SAMEA41263168	JPN::SAMEA41263168	focal	historical_stratified_anchor_cap3_cell_cap90_country		JPN	Japan	Asia	1982-01-01	1982-12-31	year	1982		PRJEB18624	ptxP1/fim3-1	pending_new_phylogeny	SAMEA41263168	SAMEA41263168		ERR1775237	legacy_read_assembly										PASS	True	2026-07-24												0	resolved_legacy_read_assembly					assembly	3849107	67.8509326968567	0.0	427	19790			True	0.004458344550000003	1982.4986301369863	prepandemic
JPN__SAMEA41187418	JPN::SAMEA41187418	focal	historical_stratified_anchor_cap3_cell_cap90_country		JPN	Japan	Asia	1983-01-01	1983-12-31	year	1983		PRJEB18624	ptxP1/fim3-1	pending_new_phylogeny	SAMEA41187418	SAMEA41187418		ERR1775136	legacy_read_assembly										PASS	True	2026-07-24												0	resolved_legacy_read_assembly					assembly	3859412	67.84165567190028	0.0	421	19207			True	0.004490382450000004	1983.4986301369863	prepandemic
JPN__SAMEA41296918	JPN::SAMEA41296918	focal	historical_stratified_anchor_cap3_cell_cap90_country		JPN	Japan	Asia	1983-01-01	1983-12-31	year	1983		PRJEB18624	ptxP1/fim3-1	pending_new_phylogeny	SAMEA41296918	SAMEA41296918		ERR1775282	legacy_read_assembly										PASS	True	2026-07-24												0	resolved_legacy_read_assembly					assembly	3860238	67.85203399375894	0.0	394	20141			True	0.004513432350000003	1983.4986301369863	prepandemic
JPN__SAMEA41216668	JPN::SAMEA41216668	focal	historical_stratified_anchor_cap3_cell_cap90_country		JPN	Japan	Asia	1986-01-01	1986-12-31	year	1986		PRJEB18624	ptxP1/fim3-1	pending_new_phylogeny	SAMEA41216668	SAMEA41216668		ERR1775175	ena_fastq_download				;						PASS	True	2026-07-24	ftp.sra.ebi.ac.uk/vol1/fastq/ERR177/005/ERR1775175/ERR1775175_1.fastq.gz;ftp.sra.ebi.ac.uk/vol1/fastq/ERR177/005/ERR1775175/ERR1775175_2.fastq.gz	132162829;141435662	PAIRED	1238465	312093180	PRJEB18624	SAMEA41216668	1986	Japan	ftp.sra.ebi.ac.uk/vol1/fastq/ERR177/005/ERR1775175/ERR1775175_1.fastq.gz;ftp.sra.ebi.ac.uk/vol1/fastq/ERR177/005/ERR1775175/ERR1775175_2.fastq.gz	132162829;141435662	273598491	resolved_streamed_fastq_subset	PASS			100000	paired_reads						0.768673		True	0.004467232550000004	1986.4986301369863	prepandemic
JPN__SAMEA41292418	JPN::SAMEA41292418	focal	historical_stratified_anchor_cap3_cell_cap90_country		JPN	Japan	Asia	1987-01-01	1987-12-31	year	1987		PRJEB18624	ptxP1/fim3-1	pending_new_phylogeny	SAMEA41292418	SAMEA41292418		ERR1775276	ena_fastq_download				;						PASS	True	2026-07-24	ftp.sra.ebi.ac.uk/vol1/fastq/ERR177/006/ERR1775276/ERR1775276_1.fastq.gz;ftp.sra.ebi.ac.uk/vol1/fastq/ERR177/006/ERR1775276/ERR1775276_2.fastq.gz	156022936;164553880	PAIRED	1461471	368290692	PRJEB18624	SAMEA41292418	1987	Japan	ftp.sra.ebi.ac.uk/vol1/fastq/ERR177/006/ERR1775276/ERR1775276_1.fastq.gz;ftp.sra.ebi.ac.uk/vol1/fastq/ERR177/006/ERR1775276/ERR1775276_2.fastq.gz	156022936;164553880	320576816	resolved_streamed_fastq_subset	PASS			100000	paired_reads						0.791586		True	0.004479097250000003	1987.4986301369863	prepandemic
JPN__SAMEA41283418	JPN::SAMEA41283418	focal	historical_stratified_anchor_cap3_cell_cap90_country		JPN	Japan	Asia	1988-01-01	1988-12-31	year	1988		PRJEB18624	ptxP1/fim3-1	pending_new_phylogeny	SAMEA41283418	SAMEA41283418		ERR1775264	ena_fastq_download				;						PASS	True	2026-07-24	ftp.sra.ebi.ac.uk/vol1/fastq/ERR177/004/ERR1775264/ERR1775264_1.fastq.gz;ftp.sra.ebi.ac.uk/vol1/fastq/ERR177/004/ERR1775264/ERR1775264_2.fastq.gz	131756562;139212511	PAIRED	1224335	308532420	PRJEB18624	SAMEA41283418	1988	Japan	ftp.sra.ebi.ac.uk/vol1/fastq/ERR177/004/ERR1775264/ERR1775264_1.fastq.gz;ftp.sra.ebi.ac.uk/vol1/fastq/ERR177/004/ERR1775264/ERR1775264_2.fastq.gz	131756562;139212511	270969073	resolved_streamed_fastq_subset	PASS			100000	paired_reads						0.773725		True	0.004438207350000003	1988.4986338797814	prepandemic
JPN__SAMEA41211418	JPN::SAMEA41211418	focal	historical_stratified_anchor_cap3_cell_cap90_country		JPN	Japan	Asia	1990-01-01	1990-12-31	year	1990		PRJEB18624	ptxP1/fim3-1	pending_new_phylogeny	SAMEA41211418	SAMEA41211418		ERR1775168	legacy_read_assembly										PASS	True	2026-07-24												0	resolved_legacy_read_assembly					assembly	3850906	67.8569926142056	0.0	378	20222			True	0.004513348050000003	1990.4986301369863	prepandemic
JPN__SAMEA41286418	JPN::SAMEA41286418	focal	historical_stratified_anchor_cap3_cell_cap90_country		JPN	Japan	Asia	1990-01-01	1990-12-31	year	1990		PRJEB18624	others	pending_new_phylogeny	SAMEA41286418	SAMEA41286418		ERR1775268	legacy_read_assembly										PASS	True	2026-07-24												0	resolved_legacy_read_assembly					assembly	3851610	67.84952266714438	0.0	403	20274			True	0.004530720350000003	1990.4986301369863	prepandemic
JPN__SAMEA751448	JPN::SAMEA751448	focal	historical_stratified_anchor_cap3_cell_cap90_country		JPN	Japan	Asia	1991-01-01	1991-12-31	year	1991		PRJEB2274		provisional_marker_or_published_annotation	SAMEA751448	SAMEA751448	GCA_001194565	ERR029312	ncbi_assembly_download					3802568	68	285	20593	ok	PASS	True	2026-07-24												0	resolved_ncbi_assembly					assembly	3802568	67.90211246715377	0.00020039089373286684	274	21769			True	0.0045077876500000036	1991.4986301369863	prepandemic
JPN__SAMEA41226418	JPN::SAMEA41226418	focal	historical_stratified_anchor_cap3_cell_cap90_country		JPN	Japan	Asia	1992-01-01	1992-12-31	year	1992		PRJEB18624	ptxP1/fim3-1	pending_new_phylogeny	SAMEA41226418	SAMEA41226418	RRASM_ERR1775188	ERR1775188	local_fasta					3873610	67.86	416	20407	ok	PASS	True	2026-07-24												0	resolved_local_fasta					assembly	3873610	67.85683122461992	0.0	416	20407			True	0.004553422750000003	1992.4986338797814	prepandemic
JPN__SAMEA41241418	JPN::SAMEA41241418	focal	historical_stratified_anchor_cap3_cell_cap90_country		JPN	Japan	Asia	1994-01-01	1994-12-31	year	1994		PRJEB18624	ptxP3/fim3-1	pending_new_phylogeny	SAMEA41241418	SAMEA41241418		ERR1775208	legacy_read_assembly										PASS	True	2026-07-24												0	resolved_legacy_read_assembly					assembly	3846105	67.84596364373827	0.0	370	20408			True	0.004560975250000002	1994.4986301369863	prepandemic
JPN__SAMEA41247418	JPN::SAMEA41247418	focal	historical_stratified_anchor_cap3_cell_cap90_country		JPN	Japan	Asia	1994-01-01	1994-12-31	year	1994		PRJEB18624	ptxP1/fim3-1	pending_new_phylogeny	SAMEA41247418	SAMEA41247418		ERR1775216	ena_fastq_download				;						PASS	True	2026-07-24	ftp.sra.ebi.ac.uk/vol1/fastq/ERR177/006/ERR1775216/ERR1775216_1.fastq.gz;ftp.sra.ebi.ac.uk/vol1/fastq/ERR177/006/ERR1775216/ERR1775216_2.fastq.gz	125249708;133386202	PAIRED	1338357	337265964	PRJEB18624	SAMEA41247418	1994	Japan	ftp.sra.ebi.ac.uk/vol1/fastq/ERR177/006/ERR1775216/ERR1775216_1.fastq.gz;ftp.sra.ebi.ac.uk/vol1/fastq/ERR177/006/ERR1775216/ERR1775216_2.fastq.gz	125249708;133386202	258635910	resolved_streamed_fastq_subset	PASS			100000	paired_reads						0.858098		True	0.0045184279500000025	1994.4986301369863	prepandemic
JPN__SAMEA41249668	JPN::SAMEA41249668	focal	historical_stratified_anchor_cap3_cell_cap90_country		JPN	Japan	Asia	1994-01-01	1994-12-31	year	1994		PRJEB18624	ptxP3/fim3-1	pending_new_phylogeny	SAMEA41249668	SAMEA41249668	RRASM_ERR1775219	ERR1775219	local_fasta					3847299	67.85	384	20274	ok	PASS	True	2026-07-24												0	resolved_local_fasta					assembly	3847299	67.84687127254732	0.0	384	20274			True	0.004563013250000002	1994.4986301369863	prepandemic
JPN__SAMEA41200168	JPN::SAMEA41200168	focal	historical_stratified_anchor_cap3_cell_cap90_country		JPN	Japan	Asia	1995-01-01	1995-12-31	year	1995		PRJEB18624	ptxP3/fim3-1	pending_new_phylogeny	SAMEA41200168	SAMEA41200168		ERR1775153	ena_fastq_download				;						PASS	True	2026-07-24	ftp.sra.ebi.ac.uk/vol1/fastq/ERR177/003/ERR1775153/ERR1775153_1.fastq.gz;ftp.sra.ebi.ac.uk/vol1/fastq/ERR177/003/ERR1775153/ERR1775153_2.fastq.gz	169374219;182092332	PAIRED	1820017	458644284	PRJEB18624	SAMEA41200168	1995	Japan	ftp.sra.ebi.ac.uk/vol1/fastq/ERR177/003/ERR1775153/ERR1775153_1.fastq.gz;ftp.sra.ebi.ac.uk/vol1/fastq/ERR177/003/ERR1775153/ERR1775153_2.fastq.gz	169374219;182092332	351466551	resolved_streamed_fastq_subset	PASS			100000	paired_reads						0.861528		True	0.0045244674500000024	1995.4986301369863	prepandemic
JPN__SAMEA41186668	JPN::SAMEA41186668	focal	historical_stratified_anchor_cap3_cell_cap90_country		JPN	Japan	Asia	1996-01-01	1996-12-31	year	1996		PRJEB18624	ptxP1/fim3-1	pending_new_phylogeny	SAMEA41186668	SAMEA41186668		ERR1775135	ena_fastq_download				;						PASS	True	2026-07-24	ftp.sra.ebi.ac.uk/vol1/fastq/ERR177/005/ERR1775135/ERR1775135_1.fastq.gz;ftp.sra.ebi.ac.uk/vol1/fastq/ERR177/005/ERR1775135/ERR1775135_2.fastq.gz	137535300;145930805	PAIRED	1469207	370240164	PRJEB18624	SAMEA41186668	1996	Japan	ftp.sra.ebi.ac.uk/vol1/fastq/ERR177/005/ERR1775135/ERR1775135_1.fastq.gz;ftp.sra.ebi.ac.uk/vol1/fastq/ERR177/005/ERR1775135/ERR1775135_2.fastq.gz	137535300;145930805	283466105	resolved_streamed_fastq_subset	PASS			100000	paired_reads						0.862346		True	0.004507562050000003	1996.4986338797814	prepandemic
JPN__SAMEA41205418	JPN::SAMEA41205418	focal	historical_stratified_anchor_cap3_cell_cap90_country		JPN	Japan	Asia	1996-01-01	1996-12-31	year	1996		PRJEB18624	ptxP1/fim3-1	pending_new_phylogeny	SAMEA41205418	SAMEA41205418		ERR1775160	ena_fastq_download				;						PASS	True	2026-07-24	ftp.sra.ebi.ac.uk/vol1/fastq/ERR177/000/ERR1775160/ERR1775160_1.fastq.gz;ftp.sra.ebi.ac.uk/vol1/fastq/ERR177/000/ERR1775160/ERR1775160_2.fastq.gz	158165742;171342045	PAIRED	1686427	424979604	PRJEB18624	SAMEA41205418	1996	Japan	ftp.sra.ebi.ac.uk/vol1/fastq/ERR177/000/ERR1775160/ERR1775160_1.fastq.gz;ftp.sra.ebi.ac.uk/vol1/fastq/ERR177/000/ERR1775160/ERR1775160_2.fastq.gz	158165742;171342045	329507787	resolved_streamed_fastq_subset	PASS			100000	paired_reads						0.841634		True	0.004473158050000003	1996.4986338797814	prepandemic
JPN__SAMEA41188918	JPN::SAMEA41188918	focal	historical_stratified_anchor_cap3_cell_cap90_country		JPN	Japan	Asia	1999-01-01	1999-12-31	year	1999		PRJEB18624	ptxP3/fim3-1	pending_new_phylogeny	SAMEA41188918	SAMEA41188918	RRASM_ERR1775138	ERR1775138	local_fasta					3854648	67.85	378	20918	ok	PASS	True	2026-07-24												0	resolved_local_fasta					assembly	3854648	67.8495157015634	0.0	378	20918			True	0.004547587250000002	1999.4986301369863	prepandemic
JPN__SAMEA41197168	JPN::SAMEA41197168	focal	historical_stratified_anchor_cap3_cell_cap90_country		JPN	Japan	Asia	1999-01-01	1999-12-31	year	1999		PRJEB18624	ptxP1/fim3-1	pending_new_phylogeny	SAMEA41197168	SAMEA41197168		ERR1775149	ena_fastq_download				;						PASS	True	2026-07-24	ftp.sra.ebi.ac.uk/vol1/fastq/ERR177/009/ERR1775149/ERR1775149_1.fastq.gz;ftp.sra.ebi.ac.uk/vol1/fastq/ERR177/009/ERR1775149/ERR1775149_2.fastq.gz	155878035;169372614	PAIRED	1659242	418128984	PRJEB18624	SAMEA41197168	1999	Japan	ftp.sra.ebi.ac.uk/vol1/fastq/ERR177/009/ERR1775149/ERR1775149_1.fastq.gz;ftp.sra.ebi.ac.uk/vol1/fastq/ERR177/009/ERR1775149/ERR1775149_2.fastq.gz	155878035;169372614	325250649	resolved_streamed_fastq_subset	PASS			100000	paired_reads						0.846588		True	0.004513499950000003	1999.4986301369863	prepandemic
JPN__SAMEA41275918	JPN::SAMEA41275918	focal	historical_stratified_anchor_cap3_cell_cap90_country		JPN	Japan	Asia	1999-01-01	1999-12-31	year	1999		PRJEB18624	ptxP3/fim3-1	pending_new_phylogeny	SAMEA41275918	SAMEA41275918		ERR1775254	ena_fastq_download				;						PASS	True	2026-07-24	ftp.sra.ebi.ac.uk/vol1/fastq/ERR177/004/ERR1775254/ERR1775254_1.fastq.gz;ftp.sra.ebi.ac.uk/vol1/fastq/ERR177/004/ERR1775254/ERR1775254_2.fastq.gz	109199463;116299659	PAIRED	1173978	295842456	PRJEB18624	SAMEA41275918	1999	Japan	ftp.sra.ebi.ac.uk/vol1/fastq/ERR177/004/ERR1775254/ERR1775254_1.fastq.gz;ftp.sra.ebi.ac.uk/vol1/fastq/ERR177/004/ERR1775254/ERR1775254_2.fastq.gz	109199463;116299659	225499122	resolved_streamed_fastq_subset	PASS			100000	paired_reads						0.866008		True	0.004541827950000002	1999.4986301369863	prepandemic
JPN__SAMEA751489	JPN::SAMEA751489	focal	historical_stratified_anchor_cap3_cell_cap90_country		JPN	Japan	Asia	1999-01-01	1999-12-31	year	1999		PRJEB2274	ptxP1/fim3-1	provisional_marker_or_published_annotation	SAMEA751489	SAMEA751489	GCA_001194225	ERR029307	ncbi_assembly_download					3810251	68	313	18984	ok	PASS	True	2026-07-24												0	resolved_ncbi_assembly					assembly	3810251	67.88064618315171	0.0005099401587979374	280	20555			True	0.004588421050000002	1999.4986301369863	prepandemic
JPN__SAMEA41194168	JPN::SAMEA41194168	focal	historical_stratified_anchor_cap3_cell_cap90_country		JPN	Japan	Asia	2000-01-01	2000-12-31	year	2000		PRJEB18624	ptxP3/fim3-1	pending_new_phylogeny	SAMEA41194168	SAMEA41194168		ERR1775145	legacy_read_assembly										PASS	True	2026-07-24												0	resolved_legacy_read_assembly					assembly	3850877	67.85508859410467	0.0	379	20806			True	0.004547559350000002	2000.4986338797814	prepandemic
JPN__SAMEA41278168	JPN::SAMEA41278168	focal	historical_stratified_anchor_cap3_cell_cap90_country		JPN	Japan	Asia	2000-01-01	2000-12-31	year	2000		PRJEB18624	ptxP3/fim3-1	pending_new_phylogeny	SAMEA41278168	SAMEA41278168		ERR1775257	ena_fastq_download				;						PASS	True	2026-07-24	ftp.sra.ebi.ac.uk/vol1/fastq/ERR177/007/ERR1775257/ERR1775257_1.fastq.gz;ftp.sra.ebi.ac.uk/vol1/fastq/ERR177/007/ERR1775257/ERR1775257_2.fastq.gz	91890491;97709378	PAIRED	982548	247602096	PRJEB18624	SAMEA41278168	2000	Japan	ftp.sra.ebi.ac.uk/vol1/fastq/ERR177/007/ERR1775257/ERR1775257_1.fastq.gz;ftp.sra.ebi.ac.uk/vol1/fastq/ERR177/007/ERR1775257/ERR1775257_2.fastq.gz	91890491;97709378	189599869	resolved_streamed_fastq_subset	PASS			100000	paired_reads						0.860362		True	0.004593885150000001	2000.4986338797814	prepandemic
JPN__SAMEA41214418	JPN::SAMEA41214418	focal	historical_stratified_anchor_cap3_cell_cap90_country		JPN	Japan	Asia	2002-01-01	2002-12-31	year	2002		PRJEB18624	ptxP3/fim3-1	pending_new_phylogeny	SAMEA41214418	SAMEA41214418		ERR1775172	legacy_read_assembly										PASS	True	2026-07-24												0	resolved_legacy_read_assembly					assembly	3852318	67.8492274002302	0.0	413	20730			True	0.004616925750000001	2002.4986301369863	prepandemic
JPN__SAMEA41218168	JPN::SAMEA41218168	focal	historical_stratified_anchor_cap3_cell_cap90_country		JPN	Japan	Asia	2003-01-01	2003-12-31	year	2003		PRJEB18624	others	pending_new_phylogeny	SAMEA41218168	SAMEA41218168		ERR1775177	legacy_read_assembly										PASS	True	2026-07-24												0	resolved_legacy_read_assembly					assembly	3857149	67.86831413564786	0.0	376	20726			True	0.004577245650000003	2003.4986301369863	prepandemic
JPN__SAMEA41218918	JPN::SAMEA41218918	focal	historical_stratified_anchor_cap3_cell_cap90_country		JPN	Japan	Asia	2003-01-01	2003-12-31	year	2003		PRJEB18624	ptxP1/fim3-1	pending_new_phylogeny	SAMEA41218918	SAMEA41218918	RRASM_ERR1775178	ERR1775178	local_fasta					3854128	67.85	387	20727	ok	PASS	True	2026-07-24												0	resolved_local_fasta					assembly	3854128	67.84823960179838	0.0	387	20727			True	0.004565344350000002	2003.4986301369863	prepandemic
JPN__SAMD00570793	JPN::SAMD00570793	focal	historical_stratified_anchor_cap3_cell_cap90_country		JPN	Japan	Asia	2004-01-01	2004-12-31	year	2004		PRJDB7578	ptxP3/fim3-1	provisional_marker_or_published_annotation	DRS273939	SAMD00570793	RRASM_DRR428469	DRR428469	local_fasta					3867708	67.81	351	21207	ok	PASS	True	2026-07-24												0	resolved_local_fasta					assembly	3867708	67.81437481836788	0.0	351	21207			True	0.004564857850000002	2004.4986338797814	prepandemic
JPN__SAMEA41224918	JPN::SAMEA41224918	focal	historical_stratified_anchor_cap3_cell_cap90_country		JPN	Japan	Asia	2004-01-01	2004-12-31	year	2004		PRJEB18624	ptxP1/fim3-1	pending_new_phylogeny	SAMEA41224918	SAMEA41224918		ERR1775186	legacy_read_assembly										PASS	True	2026-07-24												0	resolved_legacy_read_assembly					assembly	3865227	67.85803265888394	0.0	402	20651			True	0.004576924450000003	2004.4986338797814	prepandemic
JPN__SAMEA41227918	JPN::SAMEA41227918	focal	historical_stratified_anchor_cap3_cell_cap90_country		JPN	Japan	Asia	2005-01-01	2005-12-31	year	2005		PRJEB18624	ptxP3/fim3-1	pending_new_phylogeny	SAMEA41227918	SAMEA41227918		ERR1775190	legacy_read_assembly										PASS	True	2026-07-24												0	resolved_legacy_read_assembly					assembly	3851311	67.85284283715337	0.0	391	20918			True	0.0045882629500000015	2005.4986301369863	prepandemic
JPN__SAMEA41231668	JPN::SAMEA41231668	focal	historical_stratified_anchor_cap3_cell_cap90_country		JPN	Japan	Asia	2006-01-01	2006-12-31	year	2006		PRJEB18624	ptxP3/fim3-2	pending_new_phylogeny	SAMEA41231668	SAMEA41231668		ERR1775195	legacy_read_assembly										PASS	True	2026-07-24												0	resolved_legacy_read_assembly					assembly	3850807	67.84933651569658	0.0	397	20651			True	0.004676223749999999	2006.4986301369863	prepandemic
JPN__SAMEA751127	JPN::SAMEA751127	focal	historical_stratified_anchor_cap3_cell_cap90_country		JPN	Japan	Asia	2006-01-01	2006-12-31	year	2006		PRJEB2274	ptxP1/fim3-1	provisional_marker_or_published_annotation	SAMEA751127	SAMEA751127	GCA_001202495	ERR029324	ncbi_assembly_download					3816597	68	280	20971	ok	PASS	True	2026-07-24												0	resolved_ncbi_assembly					assembly	3816597	67.91172869443643	3.825397336947024e-05	274	22123			True	0.004576960750000003	2006.4986301369863	prepandemic
JPN__SAMEA41239918	JPN::SAMEA41239918	focal	historical_stratified_anchor_cap3_cell_cap90_country		JPN	Japan	Asia	2007-01-01	2007-12-31	year	2007		PRJEB18624	ptxP3/fim3-2	pending_new_phylogeny	SAMEA41239918	SAMEA41239918		ERR1775206	legacy_read_assembly										PASS	True	2026-07-24												0	resolved_legacy_read_assembly					assembly	3852687	67.85189142019583	0.0	394	20802			True	0.00458954095	2007.4986301369863	prepandemic
JPN__SAMEA41242918	JPN::SAMEA41242918	focal	historical_stratified_anchor_cap3_cell_cap90_country		JPN	Japan	Asia	2007-01-01	2007-12-31	year	2007		PRJEB18624	ptxP3/fim3-1	pending_new_phylogeny	SAMEA41242918	SAMEA41242918		ERR1775210	legacy_read_assembly										PASS	True	2026-07-24												0	resolved_legacy_read_assembly					assembly	3852776	67.85009042830416	0.0	389	20806			True	0.0045708052500000014	2007.4986301369863	prepandemic
JPN__SAMEA41240668	JPN::SAMEA41240668	focal	historical_stratified_anchor_cap3_cell_cap90_country		JPN	Japan	Asia	2008-01-01	2008-12-31	year	2008		PRJEB18624	ptxP3/fim3-2	pending_new_phylogeny	SAMEA41240668	SAMEA41240668		ERR1775207	legacy_read_assembly										PASS	True	2026-07-24												0	resolved_legacy_read_assembly					assembly	3848404	67.85241362393346	0.0	396	20806			True	0.004618391149999999	2008.4986338797814	prepandemic
JPN__SAMEA41297668	JPN::SAMEA41297668	focal	historical_stratified_anchor_cap3_cell_cap90_country		JPN	Japan	Asia	2008-01-01	2008-12-31	year	2008		PRJEB18624	ptxP1/fim3-1	pending_new_phylogeny	SAMEA41297668	SAMEA41297668	RRASM_ERR1775283	ERR1775283	local_fasta					3845323	67.86	366	20402	ok	PASS	True	2026-07-24												0	resolved_local_fasta					assembly	3845323	67.85554815551255	0.0	366	20402			True	0.004571008650000002	2008.4986338797814	prepandemic
JPN__SAMEA41307418	JPN::SAMEA41307418	focal	historical_stratified_anchor_cap3_cell_cap90_country		JPN	Japan	Asia	2009-01-01	2009-12-31	year	2009		PRJEB18624	ptxP1/fim3-1	pending_new_phylogeny	SAMEA41307418	SAMEA41307418		ERR1775296	legacy_read_assembly										PASS	True	2026-07-24												0	resolved_legacy_read_assembly					assembly	3843673	67.85504386039084	0.0	349	20759			True	0.004571139150000003	2009.4986301369863	prepandemic
JPN__SAMD00328188	JPN::SAMD00328188	focal	historical_stratified_anchor_cap3_cell_cap90_country		JPN	Japan	Asia	2010-01-01	2010-12-31	year	2010		PRJDB7578	ptxP3/fim3-1	provisional_marker_or_published_annotation	DRS190007	SAMD00328188	RRASM_DRR300240	DRR300240	local_fasta					3863161	67.82	324	20982	ok	PASS	True	2026-07-24												0	resolved_local_fasta					assembly	3863161	67.82176564735458	0.0	324	20982			True	0.004570943250000002	2010.4986301369863	prepandemic
JPN__SAMD00328195	JPN::SAMD00328195	focal	historical_stratified_anchor_cap3_cell_cap90_country		JPN	Japan	Asia	2011-01-01	2011-12-31	year	2011		PRJDB7578	ptxP3/fim3-1	provisional_marker_or_published_annotation	DRS190014	SAMD00328195	RRASM_DRR300247	DRR300247	local_fasta					3862038	67.82	314	21200	ok	PASS	True	2026-07-24												0	resolved_local_fasta					assembly	3862038	67.82214468112431	0.0	314	21200			True	0.004594124250000001	2011.4986301369863	prepandemic
JPN__SAMEA41257168	JPN::SAMEA41257168	focal	historical_stratified_anchor_cap3_cell_cap90_country		JPN	Japan	Asia	2011-01-01	2011-12-31	year	2011		PRJEB18624	ptxP3/fim3-1	pending_new_phylogeny	SAMEA41257168	SAMEA41257168		ERR1775229	legacy_read_assembly										PASS	True	2026-07-24												0	resolved_legacy_read_assembly					assembly	3852984	67.85148861246245	0.0	397	20651			True	0.004646008550000001	2011.4986301369863	prepandemic
JPN__SAMD00328201	JPN::SAMD00328201	focal	historical_stratified_anchor_cap3_cell_cap90_country		JPN	Japan	Asia	2012-01-01	2012-12-31	year	2012		PRJDB7578	ptxP3/fim3-1	provisional_marker_or_published_annotation	DRS190020	SAMD00328201	RRASM_DRR300253	DRR300253	local_fasta					3864500	67.82	333	22500	ok	PASS	True	2026-07-24												0	resolved_local_fasta					assembly	3864500	67.81801009186182	0.0	333	22500			True	0.004612064649999999	2012.4986338797814	prepandemic
JPN__SAMEA41264668	JPN::SAMEA41264668	focal	historical_stratified_anchor_cap3_cell_cap90_country		JPN	Japan	Asia	2012-01-01	2012-12-31	year	2012		PRJEB18624	ptxP3/fim3-2	pending_new_phylogeny	SAMEA41264668	SAMEA41264668		ERR1775239	legacy_read_assembly										PASS	True	2026-07-24												0	resolved_legacy_read_assembly					assembly	3839605	67.8353111843536	0.0	410	20716			True	0.00462434885	2012.4986338797814	prepandemic
JPN__SAMEA41323168	JPN::SAMEA41323168	focal	historical_stratified_anchor_cap3_cell_cap90_country		JPN	Japan	Asia	2012-01-01	2012-12-31	year	2012		PRJEB18624	ptxP3/fim3-1	pending_new_phylogeny	SAMEA41323168	SAMEA41323168		ERR1775317	legacy_read_assembly										PASS	True	2026-07-24												0	resolved_legacy_read_assembly					assembly	3859099	67.85835242889597	0.0	370	20407			True	0.004617826849999999	2012.4986338797814	prepandemic
JPN__SAMD00549621	JPN::SAMD00549621	focal	historical_stratified_anchor_cap3_cell_cap90_country		JPN	Japan	Asia	2015-01-01	2015-12-31	year	2015		PRJDB7578	ptxP3/fim3-1	provisional_marker_or_published_annotation	DRS259958	SAMD00549621	RRASM_DRR413409	DRR413409	local_fasta					3862841	67.82	323	22411	ok	PASS	True	2026-07-24												0	resolved_local_fasta					assembly	3862841	67.81586402339626	0.0	323	22411			True	0.00460622315	2015.4986301369863	prepandemic
JPN__SAMD00549631	JPN::SAMD00549631	focal	historical_stratified_anchor_cap3_cell_cap90_country		JPN	Japan	Asia	2016-01-01	2016-12-31	year	2016		PRJDB7578	ptxP1/fim3-1	provisional_marker_or_published_annotation	DRS259968	SAMD00549631	RRASM_DRR413419	DRR413419	local_fasta					3862612	67.82	326	20982	ok	PASS	True	2026-07-24												0	resolved_local_fasta					assembly	3862612	67.81983279708135	0.0	326	20982			True	0.004646414050000002	2016.4986338797814	prepandemic
JPN__SAMD00328237	JPN::SAMD00328237	focal	historical_stratified_anchor_cap3_cell_cap90_country		JPN	Japan	Asia	2018-01-01	2018-12-31	year	2018		PRJDB7578	ptxP1/fim3-1	provisional_marker_or_published_annotation	SAMD00328237	SAMD00328237	GCA_019974435	DRR300236	ncbi_assembly_download					4130169	67.5	1	4130169	ok	PASS	True	2026-07-24												0	resolved_ncbi_assembly					assembly	4130169	67.71596997604699	0.0	1	4130169			True	0.004570715750000002	2018.4986301369863	prepandemic
JPN__SAMD00549575	JPN::SAMD00549575	focal	historical_stratified_anchor_cap3_cell_cap90_country		JPN	Japan	Asia	2018-01-01	2018-12-31	year	2018		PRJDB7578	ptxP1/fim3-1	provisional_marker_or_published_annotation	SAMD00549575	SAMD00549575	GCA_026001265	DRR445791	ncbi_assembly_download					4132330	67.5	1	4132330	ok	PASS	True	2026-07-24												0	resolved_ncbi_assembly					assembly	4132330	67.71412254103618	0.0	1	4132330			True	0.0045764474500000025	2018.4986301369863	prepandemic
JPN__SAMD00549636	JPN::SAMD00549636	focal	historical_stratified_anchor_cap3_cell_cap90_country		JPN	Japan	Asia	2018-01-01	2018-12-31	year	2018		PRJDB7578	ptxP3/fim3-1	provisional_marker_or_published_annotation	DRS259973	SAMD00549636	RRASM_DRR413424	DRR413424	local_fasta					3863268	67.82	322	22500	ok	PASS	True	2026-07-24												0	resolved_local_fasta					assembly	3863268	67.81747991596752	0.0	322	22500			True	0.004640939949999999	2018.4986301369863	prepandemic
JPN__SAMD00872997	JPN::SAMD00872997	focal	historical_stratified_anchor_cap3_cell_cap90_country		JPN	Japan	Asia	2019-01-01	2019-12-31	year	2019		PRJDB7578		provisional_marker_or_published_annotation	DRS442920	SAMD00872997	RRASM_DRR631450	DRR631450	local_fasta					3861991	67.82	333	22500	ok	PASS	True	2026-07-24												0	resolved_local_fasta					assembly	3861991	67.81706637845609	0.0	333	22500			True	0.00465240175	2019.4986301369863	prepandemic
JPN__SAMD00570813	JPN::SAMD00570813	focal	modern_country_time_project_lineage_cap8		JPN	Japan	Asia	2020-01-01	2020-12-31	year	2020		PRJDB7578	ptxP3/fim3-1	provisional_marker_or_published_annotation	SAMD00570813	SAMD00570813	GCA_055380295	DRR428489	ncbi_assembly_download					4096410	67.5	1	4096410	ok	PASS	True	2026-07-24												0	resolved_ncbi_assembly					assembly	4096410	67.71187454380787	0.0	1	4096410			True	0.004611945049999999	2020.4986338797814	pandemic
JPN__SAMD00885979	JPN::SAMD00885979	focal	modern_country_time_project_lineage_cap8		JPN	Japan	Asia	2024-12-09	2024-12-09	day	2024	12	PRJDB20292		pending_new_phylogeny	SAMD00885979	SAMD00885979	GCA_054658115	DRR900761	ncbi_assembly_download									ok	PASS	True	2026-07-24												0	resolved_ncbi_assembly					assembly	3851933	67.85551565928068	0.0	285	21184			True	0.004630391849999995	2024.9371584699454	resurgence
JPN__SAMD00885980	JPN::SAMD00885980	focal	modern_country_time_project_lineage_cap8		JPN	Japan	Asia	2024-12-09	2024-12-09	day	2024	12	PRJDB20292		pending_new_phylogeny	SAMD00885980	SAMD00885980	GCA_054658095	DRR900762	ncbi_assembly_download									ok	PASS	True	2026-07-24												0	resolved_ncbi_assembly					assembly	3852257	67.85614251593287	0.0	288	22484			True	0.004653886649999993	2024.9371584699454	resurgence
JPN__SAMD00892034	JPN::SAMD00892034	focal	modern_country_time_project_lineage_cap8		JPN	Japan	Asia	2024-12-14	2024-12-14	day	2024	12	PRJDB20413		pending_new_phylogeny	SAMD00892034	SAMD00892034	GCA_054656595	DRR902019	ncbi_assembly_download									ok	PASS	True	2026-07-24												0	resolved_ncbi_assembly					assembly	3853108	67.85252320983476	0.0	294	22484			True	0.004624656949999996	2024.950819672131	resurgence
JPN__SAMD00920271	JPN::SAMD00920271	focal	modern_country_time_project_lineage_cap8		JPN	Japan	Asia	2024-01-01	2024-12-31	year	2024		PRJDB34249		pending_new_phylogeny	SAMD00920271	SAMD00920271		DRR900577	ena_fastq_download				;						PASS	True	2026-07-24	ftp.sra.ebi.ac.uk/vol1/fastq/DRR900/DRR900577/DRR900577_1.fastq.gz;ftp.sra.ebi.ac.uk/vol1/fastq/DRR900/DRR900577/DRR900577_2.fastq.gz	518629685;533351347	PAIRED	8860843	2658252900	PRJDB34249	SAMD00920271	2024	Japan:Tottori	ftp.sra.ebi.ac.uk/vol1/fastq/DRR900/DRR900577/DRR900577_1.fastq.gz;ftp.sra.ebi.ac.uk/vol1/fastq/DRR900/DRR900577/DRR900577_2.fastq.gz	518629685;533351347	1051981032	resolved_streamed_fastq_subset	PASS			100000	paired_reads						0.943066		True	0.004690732749999994	2024.4986338797814	resurgence
JPN__SAMD00920272	JPN::SAMD00920272	focal	modern_country_time_project_lineage_cap8		JPN	Japan	Asia	2024-01-01	2024-12-31	year	2024		PRJDB34249		pending_new_phylogeny	SAMD00920272	SAMD00920272		DRR900578	ena_fastq_download				;						PASS	True	2026-07-24	ftp.sra.ebi.ac.uk/vol1/fastq/DRR900/DRR900578/DRR900578_1.fastq.gz;ftp.sra.ebi.ac.uk/vol1/fastq/DRR900/DRR900578/DRR900578_2.fastq.gz	479046028;490633652	PAIRED	8204278	2461283400	PRJDB34249	SAMD00920272	2024	Japan:Tottori	ftp.sra.ebi.ac.uk/vol1/fastq/DRR900/DRR900578/DRR900578_1.fastq.gz;ftp.sra.ebi.ac.uk/vol1/fastq/DRR900/DRR900578/DRR900578_2.fastq.gz	479046028;490633652	969679680	resolved_streamed_fastq_subset	PASS			100000	paired_reads						0.940024		True	0.004732005449999994	2024.4986338797814	resurgence
JPN__SAMD00920273	JPN::SAMD00920273	focal	modern_country_time_project_lineage_cap8		JPN	Japan	Asia	2024-01-01	2024-12-31	year	2024		PRJDB34249		pending_new_phylogeny	SAMD00920273	SAMD00920273		DRR900579	ena_fastq_download				;						PASS	True	2026-07-24	ftp.sra.ebi.ac.uk/vol1/fastq/DRR900/DRR900579/DRR900579_1.fastq.gz;ftp.sra.ebi.ac.uk/vol1/fastq/DRR900/DRR900579/DRR900579_2.fastq.gz	556496339;570491618	PAIRED	9788665	2936599500	PRJDB34249	SAMD00920273	2024	Japan:Tottori	ftp.sra.ebi.ac.uk/vol1/fastq/DRR900/DRR900579/DRR900579_1.fastq.gz;ftp.sra.ebi.ac.uk/vol1/fastq/DRR900/DRR900579/DRR900579_2.fastq.gz	556496339;570491618	1126987957	resolved_streamed_fastq_subset	PASS			100000	paired_reads						0.944562		True	0.004702452849999994	2024.4986338797814	resurgence
JPN__SAMD00920274	JPN::SAMD00920274	focal	modern_country_time_project_lineage_cap8		JPN	Japan	Asia	2024-01-01	2024-12-31	year	2024		PRJDB34249		pending_new_phylogeny	SAMD00920274	SAMD00920274		DRR900580	legacy_read_assembly										PASS	True	2026-07-24												0	resolved_legacy_read_assembly					assembly	3865712	67.81751977384761	0.0	348	22500			True	0.0046146468499999975	2024.4986338797814	resurgence
JPN__SAMD00920275	JPN::SAMD00920275	focal	modern_country_time_project_lineage_cap8		JPN	Japan	Asia	2024-01-01	2024-12-31	year	2024		PRJDB34249		pending_new_phylogeny	SAMD00920275	SAMD00920275		DRR900581	ena_fastq_download				;						PASS	True	2026-07-24	ftp.sra.ebi.ac.uk/vol1/fastq/DRR900/DRR900581/DRR900581_1.fastq.gz;ftp.sra.ebi.ac.uk/vol1/fastq/DRR900/DRR900581/DRR900581_2.fastq.gz	756195051;770580407	PAIRED	12835529	3850658700	PRJDB34249	SAMD00920275	2024	Japan:Tottori	ftp.sra.ebi.ac.uk/vol1/fastq/DRR900/DRR900581/DRR900581_1.fastq.gz;ftp.sra.ebi.ac.uk/vol1/fastq/DRR900/DRR900581/DRR900581_2.fastq.gz	756195051;770580407	1526775458	resolved_streamed_fastq_subset	PASS			100000	paired_reads						0.9506		True	0.004672689649999994	2024.4986338797814	resurgence
JPN__SAMD00920276	JPN::SAMD00920276	focal	modern_country_time_project_lineage_cap8		JPN	Japan	Asia	2024-01-01	2024-12-31	year	2024		PRJDB34249		pending_new_phylogeny	SAMD00920276	SAMD00920276		DRR900582	ena_fastq_download				;						PASS	True	2026-07-24	ftp.sra.ebi.ac.uk/vol1/fastq/DRR900/DRR900582/DRR900582_1.fastq.gz;ftp.sra.ebi.ac.uk/vol1/fastq/DRR900/DRR900582/DRR900582_2.fastq.gz	780315040;795070046	PAIRED	13290356	3987106800	PRJDB34249	SAMD00920276	2024	Japan:Tottori	ftp.sra.ebi.ac.uk/vol1/fastq/DRR900/DRR900582/DRR900582_1.fastq.gz;ftp.sra.ebi.ac.uk/vol1/fastq/DRR900/DRR900582/DRR900582_2.fastq.gz	780315040;795070046	1575385086	resolved_streamed_fastq_subset	PASS			100000	paired_reads						0.945974		True	0.004684108049999996	2024.4986338797814	resurgence
JPN__SAMD00920279	JPN::SAMD00920279	focal	modern_country_time_project_lineage_cap8		JPN	Japan	Asia	2024-01-01	2024-12-31	year	2024		PRJDB34249		pending_new_phylogeny	SAMD00920279	SAMD00920279	RRASM_DRR900585	DRR900585	local_fasta									ok	PASS	True	2026-07-24												0	resolved_local_fasta					assembly	3863829	67.8135341910835	0.0	331	21200			True	0.0046187740499999946	2024.4986338797814	resurgence
JPN__SAMD00920280	JPN::SAMD00920280	focal	modern_country_time_project_lineage_cap8		JPN	Japan	Asia	2024-01-01	2024-12-31	year	2024		PRJDB34249		pending_new_phylogeny	SAMD00920280	SAMD00920280		DRR900586	ena_fastq_download				;						PASS	True	2026-07-24	ftp.sra.ebi.ac.uk/vol1/fastq/DRR900/DRR900586/DRR900586_1.fastq.gz;ftp.sra.ebi.ac.uk/vol1/fastq/DRR900/DRR900586/DRR900586_2.fastq.gz	394732958;411675139	PAIRED	6839933	2051979900	PRJDB34249	SAMD00920280	2024	Japan:Tottori	ftp.sra.ebi.ac.uk/vol1/fastq/DRR900/DRR900586/DRR900586_1.fastq.gz;ftp.sra.ebi.ac.uk/vol1/fastq/DRR900/DRR900586/DRR900586_2.fastq.gz	394732958;411675139	806408097	resolved_streamed_fastq_subset	PASS			100000	paired_reads						0.920725		True	0.004875141949999996	2024.4986338797814	resurgence
JPN__SAMD01593369	JPN::SAMD01593369	focal	modern_country_time_project_lineage_cap8		JPN	Japan	Asia	2024-09-12	2024-09-12	day	2024	9	PRJDB35593	ptxP3	pending_new_phylogeny	SAMD01593369	SAMD01593369	GCA_055387325	DRR707961	ncbi_assembly_download					4110572	67.5	1	4110572	ok	PASS	True	2026-07-24												0	resolved_ncbi_assembly					assembly	4110572	67.70284038328485	0.0	1	4110572			True	0.004647971449999994	2024.6967213114754	resurgence
JPN__SAMD01593370	JPN::SAMD01593370	focal	modern_country_time_project_lineage_cap8		JPN	Japan	Asia	2024-09-18	2024-09-18	day	2024	9	PRJDB35593	ptxP3	pending_new_phylogeny	SAMD01593370	SAMD01593370	GCA_055386935	DRR705528	ncbi_assembly_download					4107464	67.5	1	4107464	ok	PASS	True	2026-07-24												0	resolved_ncbi_assembly					assembly	4107464	67.70588859695422	0.0	1	4107464			True	0.0046301193499999945	2024.7131147540983	resurgence
JPN__SAMD01593371	JPN::SAMD01593371	focal	modern_country_time_project_lineage_cap8		JPN	Japan	Asia	2024-11-13	2024-11-13	day	2024	11	PRJDB35593	ptxP3	pending_new_phylogeny	SAMD01593371	SAMD01593371	GCA_055386605	DRR705529	ncbi_assembly_download									ok	PASS	True	2026-07-24												0	resolved_ncbi_assembly					assembly	4104266	67.70874499849668	0.0	1	4104266			True	0.004618685049999996	2024.8661202185792	resurgence
JPN__SAMD01593372	JPN::SAMD01593372	focal	modern_country_time_project_lineage_cap8		JPN	Japan	Asia	2024-12-12	2024-12-12	day	2024	12	PRJDB35593	ptxP1	pending_new_phylogeny	SAMD01593372	SAMD01593372	GCA_055386115	DRR707964	ncbi_assembly_download									ok	PASS	True	2026-07-24												0	resolved_ncbi_assembly					assembly	4104958	67.71092420434022	0.0	1	4104958			True	0.004625021950000004	2024.9453551912568	resurgence
JPN__SAMD01593373	JPN::SAMD01593373	focal	modern_country_time_project_lineage_cap8		JPN	Japan	Asia	2024-12-12	2024-12-12	day	2024	12	PRJDB35593	ptxP3	pending_new_phylogeny	SAMD01593373	SAMD01593373	GCA_055385715	DRR705531	ncbi_assembly_download									ok	PASS	True	2026-07-24												0	resolved_ncbi_assembly					assembly	4106409	67.70696732838839	0.0	1	4106409			True	0.004624405349999995	2024.9453551912568	resurgence
JPN__SAMD01593374	JPN::SAMD01593374	focal	modern_country_time_project_lineage_cap8		JPN	Japan	Asia	2024-12-11	2024-12-11	day	2024	12	PRJDB35593	ptxP3	pending_new_phylogeny	SAMD01593374	SAMD01593374	GCA_055385365	DRR705532	ncbi_assembly_download					4110603	67.5	1	4110603	ok	PASS	True	2026-07-24												0	resolved_ncbi_assembly					assembly	4110603	67.704519263962	0.0	1	4110603			True	0.004658760549999995	2024.9426229508197	resurgence
JPN__SAMD00892035	JPN::SAMD00892035	focal	modern_country_time_project_lineage_cap8		JPN	Japan	Asia	2025-01-06	2025-01-06	day	2025	1	PRJDB20413		pending_new_phylogeny	SAMD00892035	SAMD00892035	GCA_054656535	DRR902020	ncbi_assembly_download									ok	PASS	True	2026-07-24												0	resolved_ncbi_assembly					assembly	3852209	67.85602754160016	0.0	288	20895			True	0.004619080249999995	2025.013698630137	resurgence
JPN__SAMD00892036	JPN::SAMD00892036	focal	modern_country_time_project_lineage_cap8		JPN	Japan	Asia	2025-01-15	2025-01-15	day	2025	1	PRJDB20413		pending_new_phylogeny	SAMD00892036	SAMD00892036	GCA_054656515	DRR902021	ncbi_assembly_download									ok	PASS	True	2026-07-24												0	resolved_ncbi_assembly					assembly	3852759	67.85122038518371	0.0	289	22484			True	0.004676501349999993	2025.0383561643835	resurgence
JPN__SAMD00892038	JPN::SAMD00892038	focal	modern_country_time_project_lineage_cap8		JPN	Japan	Asia	2025-01-21	2025-01-21	day	2025	1	PRJDB20413		pending_new_phylogeny	SAMD00892038	SAMD00892038	GCA_054656415	DRR902023	ncbi_assembly_download									ok	PASS	True	2026-07-24												0	resolved_ncbi_assembly					assembly	3836522	67.87084760624336	0.0	284	20895			True	0.004665022649999994	2025.054794520548	resurgence
JPN__SAMD00892039	JPN::SAMD00892039	focal	modern_country_time_project_lineage_cap8		JPN	Japan	Asia	2025-01-24	2025-01-24	day	2025	1	PRJDB20413		pending_new_phylogeny	SAMD00892039	SAMD00892039	GCA_054656375	DRR902024	ncbi_assembly_download									ok	PASS	True	2026-07-24												0	resolved_ncbi_assembly					assembly	3844215	67.85999222207916	0.0	283	20871			True	0.0046292203499999985	2025.0630136986301	resurgence
JPN__SAMD00892040	JPN::SAMD00892040	focal	modern_country_time_project_lineage_cap8		JPN	Japan	Asia	2025-01-22	2025-01-22	day	2025	1	PRJDB20413		pending_new_phylogeny	SAMD00892040	SAMD00892040	GCA_054656335	DRR902025	ncbi_assembly_download									ok	PASS	True	2026-07-24												0	resolved_ncbi_assembly					assembly	3851838	67.8536843969035	0.0	285	22484			True	0.0046245393499999956	2025.0575342465754	resurgence
JPN__SAMD00892042	JPN::SAMD00892042	focal	modern_country_time_project_lineage_cap8		JPN	Japan	Asia	2025-01-25	2025-01-25	day	2025	1	PRJDB20413		pending_new_phylogeny	SAMD00892042	SAMD00892042	GCA_054656255	DRR902027	ncbi_assembly_download									ok	PASS	True	2026-07-24												0	resolved_ncbi_assembly					assembly	3843781	67.86330959021859	0.0	282	22460			True	0.004619119349999995	2025.0657534246575	resurgence
JPN__SAMD00892045	JPN::SAMD00892045	focal	modern_country_time_project_lineage_cap8		JPN	Japan	Asia	2025-02-03	2025-02-03	day	2025	2	PRJDB20413		pending_new_phylogeny	SAMD00892045	SAMD00892045	GCA_054656135	DRR902030	ncbi_assembly_download									ok	PASS	True	2026-07-24												0	resolved_ncbi_assembly					assembly	3851799	67.85447527246359	0.0	285	21184			True	0.004624970849999994	2025.0904109589042	resurgence
JPN__SAMD00892046	JPN::SAMD00892046	focal	modern_country_time_project_lineage_cap8		JPN	Japan	Asia	2025-02-03	2025-02-03	day	2025	2	PRJDB20413		pending_new_phylogeny	SAMD00892046	SAMD00892046	GCA_054656075	DRR902031	ncbi_assembly_download									ok	PASS	True	2026-07-24												0	resolved_ncbi_assembly					assembly	3852195	67.85375610528543	0.0	291	21184			True	0.004618806549999996	2025.0904109589042	resurgence
JPN__SAMD00892047	JPN::SAMD00892047	focal	modern_country_time_project_lineage_cap8		JPN	Japan	Asia	2025-02-07	2025-02-07	day	2025	2	PRJDB20413		pending_new_phylogeny	SAMD00892047	SAMD00892047	GCA_054656035	DRR902032	ncbi_assembly_download									ok	PASS	True	2026-07-24												0	resolved_ncbi_assembly					assembly	3852600	67.85313814047656	0.0	289	21184			True	0.004630668649999994	2025.1013698630136	resurgence
JPN__SAMD00892048	JPN::SAMD00892048	focal	modern_country_time_project_lineage_cap8		JPN	Japan	Asia	2025-01-30	2025-01-30	day	2025	1	PRJDB20413		pending_new_phylogeny	SAMD00892048	SAMD00892048	GCA_054656015	DRR902033	ncbi_assembly_download									ok	PASS	True	2026-07-24												0	resolved_ncbi_assembly					assembly	3851153	67.85599014113436	0.0	284	22484			True	0.004624850749999994	2025.0794520547945	resurgence
JPN__SAMD00892049	JPN::SAMD00892049	focal	modern_country_time_project_lineage_cap8		JPN	Japan	Asia	2025-02-06	2025-02-06	day	2025	2	PRJDB20413		pending_new_phylogeny	SAMD00892049	SAMD00892049	GCA_054655955	DRR902034	ncbi_assembly_download									ok	PASS	True	2026-07-24												0	resolved_ncbi_assembly					assembly	3851843	67.8536742021936	0.0	283	22538			True	0.004624968749999994	2025.0986301369862	resurgence
JPN__SAMD00892050	JPN::SAMD00892050	focal	modern_country_time_project_lineage_cap8		JPN	Japan	Asia	2025-01-28	2025-01-28	day	2025	1	PRJDB20413		pending_new_phylogeny	SAMD00892050	SAMD00892050	GCA_054655915	DRR902035	ncbi_assembly_download									ok	PASS	True	2026-07-24												0	resolved_ncbi_assembly					assembly	3852461	67.85384719014677	0.0	291	22484			True	0.0046247351499999955	2025.0739726027398	resurgence
JPN__SAMD00892052	JPN::SAMD00892052	focal	modern_country_time_project_lineage_cap8		JPN	Japan	Asia	2025-02-03	2025-02-03	day	2025	2	PRJDB20413		pending_new_phylogeny	SAMD00892052	SAMD00892052	GCA_054655855	DRR902037	ncbi_assembly_download									ok	PASS	True	2026-07-24												0	resolved_ncbi_assembly					assembly	3852312	67.84930711738821	0.0	287	22484			True	0.0046821977499999935	2025.0904109589042	resurgence
JPN__SAMD00892053	JPN::SAMD00892053	focal	modern_country_time_project_lineage_cap8		JPN	Japan	Asia	2025-02-03	2025-02-03	day	2025	2	PRJDB20413		pending_new_phylogeny	SAMD00892053	SAMD00892053	GCA_054655795	DRR902038	ncbi_assembly_download									ok	PASS	True	2026-07-24												0	resolved_ncbi_assembly					assembly	3851822	67.8546672198248	0.0	288	21184			True	0.004630467049999995	2025.0904109589042	resurgence
JPN__SAMD00920281	JPN::SAMD00920281	focal	modern_country_time_project_lineage_cap8		JPN	Japan	Asia	2025-01-01	2025-12-31	year	2025		PRJDB34249		pending_new_phylogeny	SAMD00920281	SAMD00920281		DRR900587	ena_fastq_download				;						PASS	True	2026-07-24	ftp.sra.ebi.ac.uk/vol1/fastq/DRR900/DRR900587/DRR900587_1.fastq.gz;ftp.sra.ebi.ac.uk/vol1/fastq/DRR900/DRR900587/DRR900587_2.fastq.gz	537022246;548394073	PAIRED	9253332	2775999600	PRJDB34249	SAMD00920281	2025	Japan:Tottori	ftp.sra.ebi.ac.uk/vol1/fastq/DRR900/DRR900587/DRR900587_1.fastq.gz;ftp.sra.ebi.ac.uk/vol1/fastq/DRR900/DRR900587/DRR900587_2.fastq.gz	537022246;548394073	1085416319	resolved_streamed_fastq_subset	PASS			100000	paired_reads						0.94848		True	0.004805212049999997	2025.4986301369863	resurgence
JPN__SAMD00920282	JPN::SAMD00920282	focal	modern_country_time_project_lineage_cap8		JPN	Japan	Asia	2025-01-01	2025-12-31	year	2025		PRJDB34249		pending_new_phylogeny	SAMD00920282	SAMD00920282		DRR900588	ena_fastq_download				;						PASS	True	2026-07-24	ftp.sra.ebi.ac.uk/vol1/fastq/DRR900/DRR900588/DRR900588_1.fastq.gz;ftp.sra.ebi.ac.uk/vol1/fastq/DRR900/DRR900588/DRR900588_2.fastq.gz	606000577;613687990	PAIRED	10163157	3048947100	PRJDB34249	SAMD00920282	2025	Japan:Tottori	ftp.sra.ebi.ac.uk/vol1/fastq/DRR900/DRR900588/DRR900588_1.fastq.gz;ftp.sra.ebi.ac.uk/vol1/fastq/DRR900/DRR900588/DRR900588_2.fastq.gz	606000577;613687990	1219688567	resolved_streamed_fastq_subset	PASS			100000	paired_reads						0.9548		True	0.004678048149999995	2025.4986301369863	resurgence
JPN__SAMD01593375	JPN::SAMD01593375	focal	modern_country_time_project_lineage_cap8		JPN	Japan	Asia	2025-01-21	2025-01-21	day	2025	1	PRJDB35593	ptxP3	pending_new_phylogeny	SAMD01593375	SAMD01593375	GCA_055542695	DRR707967	ncbi_assembly_download									ok	PASS	True	2026-07-24												0	resolved_ncbi_assembly					assembly	4104270	67.70877646938432	0.0	1	4104270			True	0.004624377149999996	2025.054794520548	resurgence
JPN__SAMD01593376	JPN::SAMD01593376	focal	modern_country_time_project_lineage_cap8		JPN	Japan	Asia	2025-01-16	2025-01-16	day	2025	1	PRJDB35593	ptxP3	pending_new_phylogeny	SAMD01593376	SAMD01593376	GCA_055384595	DRR705534	ncbi_assembly_download					4110576	67.5	1	4110576	ok	PASS	True	2026-07-24												0	resolved_ncbi_assembly					assembly	4110576	67.70299344909327	0.0	1	4110576			True	0.004658812449999995	2025.041095890411	resurgence
JPN__SAMD01697899	JPN::SAMD01697899	focal	modern_country_time_project_lineage_cap8		JPN	Japan	Asia	2025-05-01	2025-05-01	day	2025	5	PRJDB37898		pending_new_phylogeny	SAMD01697899	SAMD01697899	RRASM_DRR902039	DRR902039	local_fasta									ok	PASS	True	2026-07-24												0	resolved_local_fasta					assembly	3858599	67.8356574497635	0.0	331	22484			True	0.004630467049999995	2025.3287671232877	resurgence
JPN__SAMD01697901	JPN::SAMD01697901	focal	modern_country_time_project_lineage_cap8		JPN	Japan	Asia	2025-05-19	2025-05-19	day	2025	5	PRJDB37898		pending_new_phylogeny	SAMD01697901	SAMD01697901		DRR902041	legacy_read_assembly										PASS	True	2026-07-24												0	resolved_legacy_read_assembly					assembly	3862037	67.81864078464292	0.0	334	20981			True	0.004647049149999994	2025.3780821917808	resurgence
JPN__SAMD01697902	JPN::SAMD01697902	focal	modern_country_time_project_lineage_cap8		JPN	Japan	Asia	2025-05-19	2025-05-19	day	2025	5	PRJDB37898		pending_new_phylogeny	SAMD01697902	SAMD01697902		DRR902042	ena_fastq_download				;						PASS	True	2026-07-24	ftp.sra.ebi.ac.uk/vol1/fastq/DRR902/DRR902042/DRR902042_1.fastq.gz;ftp.sra.ebi.ac.uk/vol1/fastq/DRR902/DRR902042/DRR902042_2.fastq.gz	48413885;50713760	PAIRED	713639	215518978	PRJDB37898	SAMD01697902	2025-05-19	Japan:Okinawa	ftp.sra.ebi.ac.uk/vol1/fastq/DRR902/DRR902042/DRR902042_1.fastq.gz;ftp.sra.ebi.ac.uk/vol1/fastq/DRR902/DRR902042/DRR902042_2.fastq.gz	48413885;50713760	99127645	resolved_streamed_fastq_subset	PASS			100000	paired_reads						0.896454		True	0.004664644049999994	2025.3780821917808	resurgence
JPN__SAMD01697903	JPN::SAMD01697903	focal	modern_country_time_project_lineage_cap8		JPN	Japan	Asia	2025-05-26	2025-05-26	day	2025	5	PRJDB37898		pending_new_phylogeny	SAMD01697903	SAMD01697903		DRR902043	legacy_read_assembly										PASS	True	2026-07-24												0	resolved_legacy_read_assembly					assembly	3867271	67.81368567136877	0.0	353	21200			True	0.004619041149999995	2025.3972602739725	resurgence
JPN__SAMD01697906	JPN::SAMD01697906	focal	modern_country_time_project_lineage_cap8		JPN	Japan	Asia	2025-05-26	2025-05-26	day	2025	5	PRJDB37898		pending_new_phylogeny	SAMD01697906	SAMD01697906		DRR902046	ena_fastq_download				;						PASS	True	2026-07-24	ftp.sra.ebi.ac.uk/vol1/fastq/DRR902/DRR902046/DRR902046_1.fastq.gz;ftp.sra.ebi.ac.uk/vol1/fastq/DRR902/DRR902046/DRR902046_2.fastq.gz	68557350;71037808	PAIRED	1050626	299189656	PRJDB37898	SAMD01697906	2025-05-26	Japan:Okinawa	ftp.sra.ebi.ac.uk/vol1/fastq/DRR902/DRR902046/DRR902046_1.fastq.gz;ftp.sra.ebi.ac.uk/vol1/fastq/DRR902/DRR902046/DRR902046_2.fastq.gz	68557350;71037808	139595158	resolved_streamed_fastq_subset	PASS			100000	paired_reads						0.909119		True	0.004648674449999994	2025.3972602739725	resurgence
JPN__SAMD01697907	JPN::SAMD01697907	focal	modern_country_time_project_lineage_cap8		JPN	Japan	Asia	2025-05-26	2025-05-26	day	2025	5	PRJDB37898		pending_new_phylogeny	SAMD01697907	SAMD01697907	RRASM_DRR902047	DRR902047	local_fasta									ok	PASS	True	2026-07-24												0	resolved_local_fasta					assembly	3859611	67.83870187954174	0.0	338	20965			True	0.0046247336499999955	2025.3972602739725	resurgence
JPN__SAMD01697909	JPN::SAMD01697909	focal	modern_country_time_project_lineage_cap8		JPN	Japan	Asia	2025-05-26	2025-05-26	day	2025	5	PRJDB37898		pending_new_phylogeny	SAMD01697909	SAMD01697909		DRR902049	legacy_read_assembly										PASS	True	2026-07-24												0	resolved_legacy_read_assembly					assembly	3868815	67.81740662192428	0.0	362	21200			True	0.004630395249999995	2025.3972602739725	resurgence
JPN__SAMD01697911	JPN::SAMD01697911	focal	modern_country_time_project_lineage_cap8		JPN	Japan	Asia	2025-02-25	2025-02-25	day	2025	2	PRJDB37898		pending_new_phylogeny	SAMD01697911	SAMD01697911		DRR902051	legacy_read_assembly										PASS	True	2026-07-24												0	resolved_legacy_read_assembly					assembly	3867004	67.82010052226478	0.0	352	20981			True	0.0046474424499999955	2025.150684931507	resurgence
JPN__SAMD01697912	JPN::SAMD01697912	focal	modern_country_time_project_lineage_cap8		JPN	Japan	Asia	2025-02-25	2025-02-25	day	2025	2	PRJDB37898		pending_new_phylogeny	SAMD01697912	SAMD01697912		DRR902052	ena_fastq_download				;						PASS	True	2026-07-24	ftp.sra.ebi.ac.uk/vol1/fastq/DRR902/DRR902052/DRR902052_1.fastq.gz;ftp.sra.ebi.ac.uk/vol1/fastq/DRR902/DRR902052/DRR902052_2.fastq.gz	114281886;115545487	PAIRED	1775205	536111910	PRJDB37898	SAMD01697912	2025-02-25	Japan:Okinawa	ftp.sra.ebi.ac.uk/vol1/fastq/DRR902/DRR902052/DRR902052_1.fastq.gz;ftp.sra.ebi.ac.uk/vol1/fastq/DRR902/DRR902052/DRR902052_2.fastq.gz	114281886;115545487	229827373	resolved_streamed_fastq_subset	PASS			100000	paired_reads						0.93585		True	0.0046306895499999955	2025.150684931507	resurgence
JPN__SAMD01697913	JPN::SAMD01697913	focal	modern_country_time_project_lineage_cap8		JPN	Japan	Asia	2025-02-25	2025-02-25	day	2025	2	PRJDB37898		pending_new_phylogeny	SAMD01697913	SAMD01697913	RRASM_DRR902053	DRR902053	local_fasta									ok	PASS	True	2026-07-24												0	resolved_local_fasta					assembly	3865624	67.81303613595114	0.0	339	22500			True	0.0046417474499999955	2025.150684931507	resurgence
JPN__SAMD01697914	JPN::SAMD01697914	focal	modern_country_time_project_lineage_cap8		JPN	Japan	Asia	2025-02-25	2025-02-25	day	2025	2	PRJDB37898		pending_new_phylogeny	SAMD01697914	SAMD01697914		DRR902054	ena_fastq_download				;						PASS	True	2026-07-24	ftp.sra.ebi.ac.uk/vol1/fastq/DRR902/DRR902054/DRR902054_1.fastq.gz;ftp.sra.ebi.ac.uk/vol1/fastq/DRR902/DRR902054/DRR902054_2.fastq.gz	252440708;255140128	PAIRED	3938654	1189473508	PRJDB37898	SAMD01697914	2025-02-25	Japan:Okinawa	ftp.sra.ebi.ac.uk/vol1/fastq/DRR902/DRR902054/DRR902054_1.fastq.gz;ftp.sra.ebi.ac.uk/vol1/fastq/DRR902/DRR902054/DRR902054_2.fastq.gz	252440708;255140128	507580836	resolved_streamed_fastq_subset	PASS			100000	paired_reads						0.931766		True	0.004618689249999996	2025.150684931507	resurgence
JPN__SAMD01697915	JPN::SAMD01697915	focal	modern_country_time_project_lineage_cap8		JPN	Japan	Asia	2025-02-25	2025-02-25	day	2025	2	PRJDB37898		pending_new_phylogeny	SAMD01697915	SAMD01697915	RRASM_DRR902055	DRR902055	local_fasta									ok	PASS	True	2026-07-24												0	resolved_local_fasta					assembly	3866834	67.82401313322475	0.0	353	20776			True	0.0046300385499999965	2025.150684931507	resurgence
JPN__SAMD01697916	JPN::SAMD01697916	focal	modern_country_time_project_lineage_cap8		JPN	Japan	Asia	2025-02-25	2025-02-25	day	2025	2	PRJDB37898		pending_new_phylogeny	SAMD01697916	SAMD01697916	RRASM_DRR902056	DRR902056	local_fasta									ok	PASS	True	2026-07-24												0	resolved_local_fasta					assembly	3866717	67.82435849326444	0.0	350	21200			True	0.004641796149999995	2025.150684931507	resurgence
JPN__SAMD01697917	JPN::SAMD01697917	focal	modern_country_time_project_lineage_cap8		JPN	Japan	Asia	2025-02-25	2025-02-25	day	2025	2	PRJDB37898		pending_new_phylogeny	SAMD01697917	SAMD01697917	RRASM_DRR902057	DRR902057	local_fasta									ok	PASS	True	2026-07-24												0	resolved_local_fasta					assembly	3865958	67.81377345537639	0.0	344	21200			True	0.0046880516499999934	2025.150684931507	resurgence
JPN__SAMD01697918	JPN::SAMD01697918	focal	modern_country_time_project_lineage_cap8		JPN	Japan	Asia	2025-02-25	2025-02-25	day	2025	2	PRJDB37898		pending_new_phylogeny	SAMD01697918	SAMD01697918	RRASM_DRR902058	DRR902058	local_fasta									ok	PASS	True	2026-07-24												0	resolved_local_fasta					assembly	3869296	67.81215497599564	0.0	366	20911			True	0.004705424749999993	2025.150684931507	resurgence
JPN__SAMD01697919	JPN::SAMD01697919	focal	modern_country_time_project_lineage_cap8		JPN	Japan	Asia	2025-03-03	2025-03-03	day	2025	3	PRJDB37898		pending_new_phylogeny	SAMD01697919	SAMD01697919	RRASM_DRR902059	DRR902059	local_fasta									ok	PASS	True	2026-07-24												0	resolved_local_fasta					assembly	3850484	67.8460681825973	0.0	342	20871			True	0.004682399849999994	2025.1671232876713	resurgence
JPN__SAMD01697920	JPN::SAMD01697920	focal	modern_country_time_project_lineage_cap8		JPN	Japan	Asia	2025-03-07	2025-03-07	day	2025	3	PRJDB37898		pending_new_phylogeny	SAMD01697920	SAMD01697920	RRASM_DRR902060	DRR902060	local_fasta									ok	PASS	True	2026-07-24												0	resolved_local_fasta					assembly	3866857	67.81440327376988	0.0	351	20911			True	0.004647485749999996	2025.1780821917807	resurgence
JPN__SAMD01697925	JPN::SAMD01697925	focal	modern_country_time_project_lineage_cap8		JPN	Japan	Asia	2025-04-22	2025-04-22	day	2025	4	PRJDB37898		pending_new_phylogeny	SAMD01697925	SAMD01697925	RRASM_DRR902065	DRR902065	local_fasta									ok	PASS	True	2026-07-24												0	resolved_local_fasta					assembly	3870930	67.81636454288763	0.0	373	20981			True	0.004624676049999995	2025.304109589041	resurgence
JPN__SAMD01697929	JPN::SAMD01697929	focal	modern_country_time_project_lineage_cap8		JPN	Japan	Asia	2025-06-02	2025-06-02	day	2025	6	PRJDB37898		pending_new_phylogeny	SAMD01697929	SAMD01697929		DRR902069	ena_fastq_download				;						PASS	True	2026-07-24	ftp.sra.ebi.ac.uk/vol1/fastq/DRR902/DRR902069/DRR902069_1.fastq.gz;ftp.sra.ebi.ac.uk/vol1/fastq/DRR902/DRR902069/DRR902069_2.fastq.gz	73970400;77078058	PAIRED	1136520	325096215	PRJDB37898	SAMD01697929	2025-06-02	Japan:Okinawa	ftp.sra.ebi.ac.uk/vol1/fastq/DRR902/DRR902069/DRR902069_1.fastq.gz;ftp.sra.ebi.ac.uk/vol1/fastq/DRR902/DRR902069/DRR902069_2.fastq.gz	73970400;77078058	151048458	resolved_streamed_fastq_subset	PASS			100000	paired_reads						0.906415		True	0.004659769449999996	2025.4164383561645	resurgence
JPN__SAMD01697933	JPN::SAMD01697933	focal	modern_country_time_project_lineage_cap8		JPN	Japan	Asia	2025-06-09	2025-06-09	day	2025	6	PRJDB37898		pending_new_phylogeny	SAMD01697933	SAMD01697933	RRASM_DRR902073	DRR902073	local_fasta									ok	PASS	True	2026-07-24												0	resolved_local_fasta					assembly	3850788	67.84193261223417	0.0	335	22460			True	0.004630310649999995	2025.4356164383562	resurgence
JPN__SAMD01697934	JPN::SAMD01697934	focal	modern_country_time_project_lineage_cap8		JPN	Japan	Asia	2025-06-16	2025-06-16	day	2025	6	PRJDB37898		pending_new_phylogeny	SAMD01697934	SAMD01697934		DRR902074	ena_fastq_download				;						PASS	True	2026-07-24	ftp.sra.ebi.ac.uk/vol1/fastq/DRR902/DRR902074/DRR902074_1.fastq.gz;ftp.sra.ebi.ac.uk/vol1/fastq/DRR902/DRR902074/DRR902074_2.fastq.gz	45096104;47026921	PAIRED	711410	204414823	PRJDB37898	SAMD01697934	2025-06-16	Japan:Okinawa	ftp.sra.ebi.ac.uk/vol1/fastq/DRR902/DRR902074/DRR902074_1.fastq.gz;ftp.sra.ebi.ac.uk/vol1/fastq/DRR902/DRR902074/DRR902074_2.fastq.gz	45096104;47026921	92123025	resolved_streamed_fastq_subset	PASS			100000	paired_reads						0.930455		True	0.0046777690499999955	2025.454794520548	resurgence
JPN__SAMD01797761	JPN::SAMD01797761	focal	modern_country_time_project_lineage_cap8		JPN	Japan	Asia	2025-03-01	2025-03-31	month	2025	3	PRJDB34249		pending_new_phylogeny	SAMD01797761	SAMD01797761		DRR900589	ena_fastq_download				;						PASS	True	2026-07-24	ftp.sra.ebi.ac.uk/vol1/fastq/DRR900/DRR900589/DRR900589_1.fastq.gz;ftp.sra.ebi.ac.uk/vol1/fastq/DRR900/DRR900589/DRR900589_2.fastq.gz	625052181;637173445	PAIRED	10744810	3223443000	PRJDB34249	SAMD01797761	2025-03	Japan:Tottori	ftp.sra.ebi.ac.uk/vol1/fastq/DRR900/DRR900589/DRR900589_1.fastq.gz;ftp.sra.ebi.ac.uk/vol1/fastq/DRR900/DRR900589/DRR900589_2.fastq.gz	625052181;637173445	1262225626	resolved_streamed_fastq_subset	PASS			100000	paired_reads						0.950566		True	0.004723744549999999	2025.2027397260274	resurgence
JPN__SAMD01797762	JPN::SAMD01797762	focal	modern_country_time_project_lineage_cap8		JPN	Japan	Asia	2025-05-01	2025-05-31	month	2025	5	PRJDB34249		pending_new_phylogeny	SAMD01797762	SAMD01797762		DRR900590	ena_fastq_download				;						PASS	True	2026-07-24	ftp.sra.ebi.ac.uk/vol1/fastq/DRR900/DRR900590/DRR900590_1.fastq.gz;ftp.sra.ebi.ac.uk/vol1/fastq/DRR900/DRR900590/DRR900590_2.fastq.gz	663575607;666892778	PAIRED	10934207	3280262100	PRJDB34249	SAMD01797762	2025-05	Japan:Tottori	ftp.sra.ebi.ac.uk/vol1/fastq/DRR900/DRR900590/DRR900590_1.fastq.gz;ftp.sra.ebi.ac.uk/vol1/fastq/DRR900/DRR900590/DRR900590_2.fastq.gz	663575607;666892778	1330468385	resolved_streamed_fastq_subset	PASS			100000	paired_reads						0.955547		True	0.004689539049999998	2025.3698630136987	resurgence
JPN__SAMD01797763	JPN::SAMD01797763	focal	modern_country_time_project_lineage_cap8		JPN	Japan	Asia	2025-07-01	2025-07-31	month	2025	7	PRJDB34249		pending_new_phylogeny	SAMD01797763	SAMD01797763		DRR900591	legacy_read_assembly										PASS	True	2026-07-24												0	resolved_legacy_read_assembly					assembly	3863980	67.81556840356316	0.0	331	21200			True	0.004613426749999994	2025.5369863013698	resurgence
JPN__SAMD01797764	JPN::SAMD01797764	focal	modern_country_time_project_lineage_cap8		JPN	Japan	Asia	2025-10-01	2025-10-31	month	2025	10	PRJDB34249		pending_new_phylogeny	SAMD01797764	SAMD01797764		DRR900592	ena_fastq_download				;						PASS	True	2026-07-24	ftp.sra.ebi.ac.uk/vol1/fastq/DRR900/DRR900592/DRR900592_1.fastq.gz;ftp.sra.ebi.ac.uk/vol1/fastq/DRR900/DRR900592/DRR900592_2.fastq.gz	588938851;596088914	PAIRED	10010153	3003045900	PRJDB34249	SAMD01797764	2025-10	Japan:Tottori	ftp.sra.ebi.ac.uk/vol1/fastq/DRR900/DRR900592/DRR900592_1.fastq.gz;ftp.sra.ebi.ac.uk/vol1/fastq/DRR900/DRR900592/DRR900592_2.fastq.gz	588938851;596088914	1185027765	resolved_streamed_fastq_subset	PASS			100000	paired_reads						0.955346		True	0.004678666349999995	2025.7890410958903	resurgence
ARG__SAMEA751134	BG::SAMEA751134	global_background	global_background_country_period_lineage_cap2_prefer_local_and_precise_date	primary	ARG	Argentina	South_America	2008-01-01	2008-12-31	year	2008			ptxP3/fim3-2	published_background_annotation_not_model_lineage	SAMEA751134-ERR031086	SAMEA751134	GCA_001331475.1	ERR031086	ncbi_assembly_download					3815303	68	341	17466	ok	PASS	True	2026-07-24												0	resolved_ncbi_assembly					assembly	3815303	67.90634977090942	3.145228570312764e-05	337	17749			True	0.00458387025	2008.4986338797814	prepandemic
AUT__SAMN15396157	BG::SAMN15396157	global_background	global_background_country_period_lineage_cap2_prefer_local_and_precise_date	primary	AUT	Austria	Europe			unknown				ptxP3/fim3-1	published_background_annotation_not_model_lineage	SAMN15396157-SRR12105114	SAMN15396157		SRR12105114	ena_fastq_download				;						PASS	True	2026-07-24	ftp.sra.ebi.ac.uk/vol1/fastq/SRR121/014/SRR12105114/SRR12105114_1.fastq.gz;ftp.sra.ebi.ac.uk/vol1/fastq/SRR121/014/SRR12105114/SRR12105114_2.fastq.gz	302573706;341665673	PAIRED	1747382	887256805	PRJNA642701	SAMN15396157	not collected	Austria: Vienna	ftp.sra.ebi.ac.uk/vol1/fastq/SRR121/014/SRR12105114/SRR12105114_1.fastq.gz;ftp.sra.ebi.ac.uk/vol1/fastq/SRR121/014/SRR12105114/SRR12105114_2.fastq.gz	302573706;341665673	644239379	resolved_streamed_fastq_subset	PASS			100000	paired_reads						0.722084		True	0.004595421749999999		unknown
AUT__SAMN29408379	BG::SAMN29408379	global_background	global_background_country_period_lineage_cap2_prefer_local_and_precise_date	primary	AUT	Austria	Europe			unknown				ptxP3/fim3-1	published_background_annotation_not_model_lineage	SAMN29408379-SRR21002049	SAMN29408379		SRR21002049	ena_fastq_download				;						PASS	True	2026-07-24	ftp.sra.ebi.ac.uk/vol1/fastq/SRR210/049/SRR21002049/SRR21002049_1.fastq.gz;ftp.sra.ebi.ac.uk/vol1/fastq/SRR210/049/SRR21002049/SRR21002049_2.fastq.gz	74544263;75401220	PAIRED	930218	426360029	PRJNA853901	SAMN29408379	not collected	Austria: Vienna	ftp.sra.ebi.ac.uk/vol1/fastq/SRR210/049/SRR21002049/SRR21002049_1.fastq.gz;ftp.sra.ebi.ac.uk/vol1/fastq/SRR210/049/SRR21002049/SRR21002049_2.fastq.gz	74544263;75401220	149945483	resolved_streamed_fastq_subset	PASS			100000	paired_reads						0.887387		True	0.004631072449999997		unknown
AUT__SAMN15702625	BG::SAMN15702625	global_background	global_background_country_period_lineage_cap2_prefer_local_and_precise_date	primary	AUT	Austria	Europe	2003-01-01	2003-12-31	year	2003			ptxP1/fim3-1	published_background_annotation_not_model_lineage	SAMN15702625-SRR12369561	SAMN15702625		SRR12369561	legacy_read_assembly										PASS	True	2026-07-24												0	resolved_legacy_read_assembly					assembly	3892008	67.78909498644401	0.0	360	19623			True	0.004467190350000003	2003.4986301369863	prepandemic
AUT__SAMN15396194	BG::SAMN15396194	global_background	global_background_country_period_lineage_cap2_prefer_local_and_precise_date	primary	AUT	Austria	Europe	2018-01-01	2018-12-31	year	2018			MS-MT28	published_background_annotation_not_model_lineage	SAMN15396194-SRR12105038	SAMN15396194		SRR12105038	ena_fastq_download				;						PASS	True	2026-07-24	ftp.sra.ebi.ac.uk/vol1/fastq/SRR121/038/SRR12105038/SRR12105038_1.fastq.gz;ftp.sra.ebi.ac.uk/vol1/fastq/SRR121/038/SRR12105038/SRR12105038_2.fastq.gz	177477037;211076665	PAIRED	893543	489138873	PRJNA642701	SAMN15396194	2018	Austria: Vienna	ftp.sra.ebi.ac.uk/vol1/fastq/SRR121/038/SRR12105038/SRR12105038_1.fastq.gz;ftp.sra.ebi.ac.uk/vol1/fastq/SRR121/038/SRR12105038/SRR12105038_2.fastq.gz	177477037;211076665	388553702	resolved_streamed_fastq_subset	PASS			100000	paired_reads						0.647599		True	0.004623853149999998	2018.4986301369863	prepandemic
AUT__SAMN15396214	BG::SAMN15396214	global_background	global_background_country_period_lineage_cap2_prefer_local_and_precise_date	primary	AUT	Austria	Europe	2018-01-01	2018-12-31	year	2018			ptxP3/fim3-2	published_background_annotation_not_model_lineage	SAMN15396214-SRR12105137	SAMN15396214		SRR12105137	legacy_read_assembly										PASS	True	2026-07-24												0	resolved_legacy_read_assembly					assembly	3873388	67.7640091826587	0.0	359	19897			True	0.0046373879499999986	2018.4986301369863	prepandemic
AUT__SAMN15396105	BG::SAMN15396105	global_background	global_background_country_period_lineage_cap2_prefer_local_and_precise_date	primary	AUT	Austria	Europe	2019-01-01	2019-12-31	year	2019			MS-MT28	published_background_annotation_not_model_lineage	SAMN15396105-SRR12105149	SAMN15396105		SRR12105149	ena_fastq_download				;						PASS	True	2026-07-24	ftp.sra.ebi.ac.uk/vol1/fastq/SRR121/049/SRR12105149/SRR12105149_1.fastq.gz;ftp.sra.ebi.ac.uk/vol1/fastq/SRR121/049/SRR12105149/SRR12105149_2.fastq.gz	128883461;149346433	PAIRED	772561	365896730	PRJNA642701	SAMN15396105	2019	Austria: Vienna	ftp.sra.ebi.ac.uk/vol1/fastq/SRR121/049/SRR12105149/SRR12105149_1.fastq.gz;ftp.sra.ebi.ac.uk/vol1/fastq/SRR121/049/SRR12105149/SRR12105149_2.fastq.gz	128883461;149346433	278229894	resolved_streamed_fastq_subset	PASS			100000	paired_reads						0.723105		True	0.004611996649999999	2019.4986301369863	prepandemic
AUT__SAMN15396117	BG::SAMN15396117	global_background	global_background_country_period_lineage_cap2_prefer_local_and_precise_date	primary	AUT	Austria	Europe	2019-01-01	2019-12-31	year	2019			ptxP3/fim3-2	published_background_annotation_not_model_lineage	SAMN15396117-SRR12105125	SAMN15396117		SRR12105125	ena_fastq_download				;						PASS	True	2026-07-24	ftp.sra.ebi.ac.uk/vol1/fastq/SRR121/025/SRR12105125/SRR12105125_1.fastq.gz;ftp.sra.ebi.ac.uk/vol1/fastq/SRR121/025/SRR12105125/SRR12105125_2.fastq.gz	165205524;191324768	PAIRED	897978	473690526	PRJNA642701	SAMN15396117	2019	Austria: Vienna	ftp.sra.ebi.ac.uk/vol1/fastq/SRR121/025/SRR12105125/SRR12105125_1.fastq.gz;ftp.sra.ebi.ac.uk/vol1/fastq/SRR121/025/SRR12105125/SRR12105125_2.fastq.gz	165205524;191324768	356530292	resolved_streamed_fastq_subset	PASS			100000	paired_reads						0.729241		True	0.004556246849999998	2019.4986301369863	prepandemic
AUT__SAMN15396122	BG::SAMN15396122	global_background	global_background_country_period_lineage_cap2_prefer_local_and_precise_date	primary	AUT	Austria	Europe	2019-01-01	2019-12-31	year	2019			ptxP3/fim3-1	published_background_annotation_not_model_lineage	SAMN15396122-SRR12105117	SAMN15396122		SRR12105117	ena_fastq_download				;						PASS	True	2026-07-24	ftp.sra.ebi.ac.uk/vol1/fastq/SRR121/017/SRR12105117/SRR12105117_1.fastq.gz;ftp.sra.ebi.ac.uk/vol1/fastq/SRR121/017/SRR12105117/SRR12105117_2.fastq.gz	187844792;205621623	PAIRED	1057719	509908347	PRJNA642701	SAMN15396122	2019	Austria: Vienna	ftp.sra.ebi.ac.uk/vol1/fastq/SRR121/017/SRR12105117/SRR12105117_1.fastq.gz;ftp.sra.ebi.ac.uk/vol1/fastq/SRR121/017/SRR12105117/SRR12105117_2.fastq.gz	187844792;205621623	393466415	resolved_streamed_fastq_subset	PASS			100000	paired_reads						0.697513		True	0.004601247749999999	2019.4986301369863	prepandemic
AUT__SAMN15396159	BG::SAMN15396159	global_background	global_background_country_period_lineage_cap2_prefer_local_and_precise_date	primary	AUT	Austria	Europe	2019-01-01	2019-12-31	year	2019			ptxP3/fim3-1	published_background_annotation_not_model_lineage	SAMN15396159-SRR12105112	SAMN15396159		SRR12105112	ena_fastq_download				;						PASS	True	2026-07-24	ftp.sra.ebi.ac.uk/vol1/fastq/SRR121/012/SRR12105112/SRR12105112_1.fastq.gz;ftp.sra.ebi.ac.uk/vol1/fastq/SRR121/012/SRR12105112/SRR12105112_2.fastq.gz	110929179;124437913	PAIRED	595416	311840418	PRJNA642701	SAMN15396159	2019	Austria: Vienna	ftp.sra.ebi.ac.uk/vol1/fastq/SRR121/012/SRR12105112/SRR12105112_1.fastq.gz;ftp.sra.ebi.ac.uk/vol1/fastq/SRR121/012/SRR12105112/SRR12105112_2.fastq.gz	110929179;124437913	235367092	resolved_streamed_fastq_subset	PASS			100000	paired_reads						0.704494		True	0.004606684549999999	2019.4986301369863	prepandemic
AUT__SAMN15396107	BG::SAMN15396107	global_background	global_background_country_period_lineage_cap2_prefer_local_and_precise_date	primary	AUT	Austria	Europe	2020-01-01	2020-12-31	year	2020			ptxP3/fim3-1	published_background_annotation_not_model_lineage	SAMN15396107-SRR12105078	SAMN15396107		SRR12105078	ena_fastq_download				;						PASS	True	2026-07-24	ftp.sra.ebi.ac.uk/vol1/fastq/SRR121/078/SRR12105078/SRR12105078_1.fastq.gz;ftp.sra.ebi.ac.uk/vol1/fastq/SRR121/078/SRR12105078/SRR12105078_2.fastq.gz	49918913;64429022	PAIRED	295706	159010595	PRJNA642701	SAMN15396107	2020	Austria: Vienna	ftp.sra.ebi.ac.uk/vol1/fastq/SRR121/078/SRR12105078/SRR12105078_1.fastq.gz;ftp.sra.ebi.ac.uk/vol1/fastq/SRR121/078/SRR12105078/SRR12105078_2.fastq.gz	49918913;64429022	114347935	resolved_streamed_fastq_subset	PASS			100000	paired_reads						0.667277		True	0.0045952812499999995	2020.4986338797814	pandemic
AUT__SAMN15396108	BG::SAMN15396108	global_background	global_background_country_period_lineage_cap2_prefer_local_and_precise_date	primary	AUT	Austria	Europe	2020-01-01	2020-12-31	year	2020			ptxP3/fim3-2	published_background_annotation_not_model_lineage	SAMN15396108-SRR12105067	SAMN15396108		SRR12105067	ena_fastq_download				;						PASS	True	2026-07-24	ftp.sra.ebi.ac.uk/vol1/fastq/SRR121/067/SRR12105067/SRR12105067_1.fastq.gz;ftp.sra.ebi.ac.uk/vol1/fastq/SRR121/067/SRR12105067/SRR12105067_2.fastq.gz	58672078;80153522	PAIRED	372319	195624835	PRJNA642701	SAMN15396108	2020	Austria: Vienna	ftp.sra.ebi.ac.uk/vol1/fastq/SRR121/067/SRR12105067/SRR12105067_1.fastq.gz;ftp.sra.ebi.ac.uk/vol1/fastq/SRR121/067/SRR12105067/SRR12105067_2.fastq.gz	58672078;80153522	138825600	resolved_streamed_fastq_subset	PASS			100000	paired_reads						0.658954		True	0.004615182849999997	2020.4986338797814	pandemic
AUT__SAMN15396109	BG::SAMN15396109	global_background	global_background_country_period_lineage_cap2_prefer_local_and_precise_date	primary	AUT	Austria	Europe	2020-01-01	2020-12-31	year	2020			MS-MT28	published_background_annotation_not_model_lineage	SAMN15396109-SRR12105056	SAMN15396109		SRR12105056	ena_fastq_download				;						PASS	True	2026-07-24	ftp.sra.ebi.ac.uk/vol1/fastq/SRR121/056/SRR12105056/SRR12105056_1.fastq.gz;ftp.sra.ebi.ac.uk/vol1/fastq/SRR121/056/SRR12105056/SRR12105056_2.fastq.gz	188231580;220478509	PAIRED	1042691	533885127	PRJNA642701	SAMN15396109	2020	Austria: Vienna	ftp.sra.ebi.ac.uk/vol1/fastq/SRR121/056/SRR12105056/SRR12105056_1.fastq.gz;ftp.sra.ebi.ac.uk/vol1/fastq/SRR121/056/SRR12105056/SRR12105056_2.fastq.gz	188231580;220478509	408710089	resolved_streamed_fastq_subset	PASS			100000	paired_reads						0.706022		True	0.004617882349999999	2020.4986338797814	pandemic
AUT__SAMN15396110	BG::SAMN15396110	global_background	global_background_country_period_lineage_cap2_prefer_local_and_precise_date	primary	AUT	Austria	Europe	2020-01-01	2020-12-31	year	2020			ptxP3/fim3-1	published_background_annotation_not_model_lineage	SAMN15396110-SRR12105045	SAMN15396110		SRR12105045	legacy_read_assembly										PASS	True	2026-07-24												0	resolved_legacy_read_assembly					assembly	3886185	67.76095322276217	0.0	383	19511			True	0.004682295049999998	2020.4986338797814	pandemic
AUT__SAMN15396112	BG::SAMN15396112	global_background	global_background_country_period_lineage_cap2_prefer_local_and_precise_date	primary	AUT	Austria	Europe	2020-01-01	2020-12-31	year	2020			MS-MT28	published_background_annotation_not_model_lineage	SAMN15396112-SRR12105095	SAMN15396112		SRR12105095	ena_fastq_download				;						PASS	True	2026-07-24	ftp.sra.ebi.ac.uk/vol1/fastq/SRR121/095/SRR12105095/SRR12105095_1.fastq.gz;ftp.sra.ebi.ac.uk/vol1/fastq/SRR121/095/SRR12105095/SRR12105095_2.fastq.gz	170845118;200153073	PAIRED	1125907	530002921	PRJNA642701	SAMN15396112	2020	Austria: Vienna	ftp.sra.ebi.ac.uk/vol1/fastq/SRR121/095/SRR12105095/SRR12105095_1.fastq.gz;ftp.sra.ebi.ac.uk/vol1/fastq/SRR121/095/SRR12105095/SRR12105095_2.fastq.gz	170845118;200153073	370998191	resolved_streamed_fastq_subset	PASS			100000	paired_reads						0.76795		True	0.004612035749999999	2020.4986338797814	pandemic
BRA__SAMN05776224	BG::SAMN05776224	global_background	global_background_country_period_lineage_cap2_prefer_local_and_precise_date	primary	BRA	Brazil	South_America	2004-01-01	2004-12-31	year	2004			ptxP3/fim3-2	published_background_annotation_not_model_lineage	SAMN05776224-GCA_020536205.1	SAMN05776224	GCA_020536205		ncbi_assembly_download					3825895	68	287	21026	ok	PASS	True	2026-07-24												0	resolved_ncbi_assembly					assembly	3825895	67.89857013849047	0.0	287	21026			True	0.004606854549999999	2004.4986338797814	prepandemic
BRA__SAMN05782317	BG::SAMN05782317	global_background	global_background_country_period_lineage_cap2_prefer_local_and_precise_date	primary	BRA	Brazil	South_America	2004-01-01	2004-12-31	year	2004			ptxP3/fim3-1	published_background_annotation_not_model_lineage	SAMN05782317-GCA_020622465.1	SAMN05782317	GCA_020622465		ncbi_assembly_download					3807899	68	291	20202	ok	PASS	True	2026-07-24												0	resolved_ncbi_assembly					assembly	3807899	67.97428188090073	0.0	291	20202			True	0.004582358950000001	2004.4986338797814	prepandemic
BRA__SAMN05784484	BG::SAMN05784484	global_background	global_background_country_period_lineage_cap2_prefer_local_and_precise_date	primary	BRA	Brazil	South_America	2008-01-01	2008-12-31	year	2008			ptxP3/fim3-2	published_background_annotation_not_model_lineage	SAMN05784484-GCA_020622475.1	SAMN05784484	GCA_020622475		ncbi_assembly_download					3820982	68	285	21042	ok	PASS	True	2026-07-24												0	resolved_ncbi_assembly					assembly	3820982	67.91361487701329	0.0	285	21042			True	0.004600708049999999	2008.4986338797814	prepandemic
BRA__SAMN02940632	BG::SAMN02940632	global_background	global_background_country_period_lineage_cap2_prefer_local_and_precise_date	primary	BRA	Brazil	South_America	2011-01-01	2011-12-31	year	2011			ptxP3/fim3-2	published_background_annotation_not_model_lineage	SAMN02940632-GCA_020622525.1	SAMN02940632	GCA_020622525	SRR1524955	ncbi_assembly_download					3824688	68	295	20100	ok	PASS	True	2026-07-24												0	resolved_ncbi_assembly					assembly	3824688	67.8746606259125	0.0	295	20100			True	0.00471650595	2011.4986301369863	prepandemic
BRA__SAMN05783037	BG::SAMN05783037	global_background	global_background_country_period_lineage_cap2_prefer_local_and_precise_date	primary	BRA	Brazil	South_America	2013-01-01	2013-12-31	year	2013			ptxP3/fim3-2	published_background_annotation_not_model_lineage	SAMN05783037-GCA_020622445.1	SAMN05783037	GCA_020622445		ncbi_assembly_download					3812281	68	311	20264	ok	PASS	True	2026-07-24												0	resolved_ncbi_assembly					assembly	3812281	67.98315758990483	0.0	311	20264			True	0.00462953295	2013.4986301369863	prepandemic
CAN__SAMN06113467	BG::SAMN06113467	global_background	global_background_country_period_lineage_cap2_prefer_local_and_precise_date	primary	CAN	Canada	North_America	2013-01-01	2013-12-31	year	2013			United States Sublineage 1	published_background_annotation_not_model_lineage	SAMN06113467-SRR5080703	SAMN06113467		SRR5080703	legacy_read_assembly										PASS	True	2026-07-24												0	resolved_legacy_read_assembly					assembly	3855865	67.8050969108099	0.0	482	20146			True	0.0046466834499999995	2013.4986301369863	prepandemic
CAN__SAMN06113472	BG::SAMN06113472	global_background	global_background_country_period_lineage_cap2_prefer_local_and_precise_date	primary	CAN	Canada	North_America	2013-01-01	2013-12-31	year	2013			ptxP3/fim3-1	published_background_annotation_not_model_lineage	SAMN06113472-SRR5080679	SAMN06113472		SRR5080679	legacy_read_assembly										PASS	True	2026-07-24												0	resolved_legacy_read_assembly					assembly	3860383	67.80899719017518	0.0	479	20274			True	0.004657654150000001	2013.4986301369863	prepandemic
DEU__SAMN22091640	BG::SAMN22091640	global_background	global_background_country_period_lineage_cap2_prefer_local_and_precise_date	primary	DEU	Germany	Europe			unknown				others	published_background_annotation_not_model_lineage	SAMN22091640-SRR17115542	SAMN22091640	GCA_020736265.1	SRR17115542	ncbi_assembly_download					4096524	67.5	1	4096524	ok	PASS	True	2026-07-24												0	resolved_ncbi_assembly					assembly	4096524	67.70981934928247	0.0	1	4096524			True	0.006480395449999997		unknown
DEU__SAMN43964887	BG::SAMN43964887	global_background	global_background_country_period_lineage_cap2_prefer_local_and_precise_date	primary	DEU	Germany	Europe	2011-01-01	2011-12-31	year	2011			ptxP3/fim3-2	published_background_annotation_not_model_lineage	SAMN43964887-SRR30863354	SAMN43964887		SRR30863354	ena_fastq_download				;						PASS	True	2026-07-24	ftp.sra.ebi.ac.uk/vol1/fastq/SRR308/054/SRR30863354/SRR30863354_1.fastq.gz;ftp.sra.ebi.ac.uk/vol1/fastq/SRR308/054/SRR30863354/SRR30863354_2.fastq.gz	173331538;184746353	PAIRED	2558425	761362699	PRJNA1166325	SAMN43964887	2011	Germany	ftp.sra.ebi.ac.uk/vol1/fastq/SRR308/054/SRR30863354/SRR30863354_1.fastq.gz;ftp.sra.ebi.ac.uk/vol1/fastq/SRR308/054/SRR30863354/SRR30863354_2.fastq.gz	173331538;184746353	358077891	resolved_streamed_fastq_subset	PASS			100000	paired_reads						0.874564		True	0.004641242449999997	2011.4986301369863	prepandemic
DNK__SAMEA3923585	BG::SAMEA3923585	global_background	global_background_country_period_lineage_cap2_prefer_local_and_precise_date	primary	DNK	Denmark	Europe	1952-01-01	1952-12-31	year	1952			others	published_background_annotation_not_model_lineage	SAMEA3923585-GCA_900445935.1	SAMEA3923585	GCA_900445935	ERR1475875	ncbi_assembly_download					4100155	67.5	2	4089215	ok	PASS	True	2026-07-24												0	resolved_ncbi_assembly					assembly	4100155	67.67768535579752	0.0	2	4089215			True	0.004449834750000003	1952.4986338797814	prepandemic
DNK__SAMEA751162	BG::SAMEA751162	global_background	global_background_country_period_lineage_cap2_prefer_local_and_precise_date	primary	DNK	Denmark	Europe	1962-01-01	1962-12-31	year	1962			ptxP1/fim3-1	published_background_annotation_not_model_lineage	SAMEA751162-ERR029337	SAMEA751162	GCA_001200175.1	ERR029337	ncbi_assembly_download					3835481	68	284	20442	ok	PASS	True	2026-07-24												0	resolved_ncbi_assembly					assembly	3835481	67.90851004085276	0.00014730877300656684	274	21079			True	0.004460950950000003	1962.4986301369863	prepandemic
DNK__SAMEA3923584	BG::SAMEA3923584	global_background	global_background_country_period_lineage_cap2_prefer_local_and_precise_date	primary	DNK	Denmark	Europe	1973-01-01	1973-12-31	year	1973			others	published_background_annotation_not_model_lineage	SAMEA3923584-GCA_900445865.1	SAMEA3923584	GCA_900445865	ERR1475874	ncbi_assembly_download					4179998	67.5	5	3717843	ok	PASS	True	2026-07-24												0	resolved_ncbi_assembly					assembly	4179998	67.65017590917508	0.0	5	3717843			True	0.004461339350000003	1973.4986301369863	prepandemic
DNK__SAMEA751164	BG::SAMEA751164	global_background	global_background_country_period_lineage_cap2_prefer_local_and_precise_date	primary	DNK	Denmark	Europe	2002-01-01	2002-12-31	year	2002			ptxP3/fim3-2	published_background_annotation_not_model_lineage	SAMEA751164-ERR029332	SAMEA751164	GCA_001201395.1	ERR029332	ncbi_assembly_download					3809712	68	318	19020	ok	PASS	True	2026-07-24												0	resolved_ncbi_assembly					assembly	3809712	67.89085369182763	0.0004344160398476315	288	20595			True	0.004630865550000001	2002.4986301369863	prepandemic
DNK__SAMEA8914402	BG::SAMEA8914402	global_background	global_background_country_period_lineage_cap2_prefer_local_and_precise_date	primary	DNK	Denmark	Europe	2015-01-01	2015-12-31	year	2015			MS-MT28	published_background_annotation_not_model_lineage	SAMEA8914402-ERR6092196	SAMEA8914402		ERR6092196	legacy_read_assembly										PASS	True	2026-07-24												0	resolved_legacy_read_assembly					assembly	3887089	67.768553794369	0.0	373	20902			True	0.004692681349999999	2015.4986301369863	prepandemic
DNK__SAMEA8914404	BG::SAMEA8914404	global_background	global_background_country_period_lineage_cap2_prefer_local_and_precise_date	primary	DNK	Denmark	Europe	2015-01-01	2015-12-31	year	2015			ptxP3/fim3-1	published_background_annotation_not_model_lineage	SAMEA8914404-ERR6092198	SAMEA8914404		ERR6092198	ena_fastq_download				;						PASS	True	2026-07-24	ftp.sra.ebi.ac.uk/vol1/fastq/ERR609/008/ERR6092198/ERR6092198_1.fastq.gz;ftp.sra.ebi.ac.uk/vol1/fastq/ERR609/008/ERR6092198/ERR6092198_2.fastq.gz	125291216;158275245	PAIRED	2121656	392575662	PRJEB45681	SAMEA8914404	2015	Denmark	ftp.sra.ebi.ac.uk/vol1/fastq/ERR609/008/ERR6092198/ERR6092198_1.fastq.gz;ftp.sra.ebi.ac.uk/vol1/fastq/ERR609/008/ERR6092198/ERR6092198_2.fastq.gz	125291216;158275245	283566461	resolved_streamed_fastq_subset	PASS			100000	paired_reads						0.792925		True	0.00456595845	2015.4986301369863	prepandemic
DNK__SAMEA8914415	BG::SAMEA8914415	global_background	global_background_country_period_lineage_cap2_prefer_local_and_precise_date	primary	DNK	Denmark	Europe	2015-01-01	2015-12-31	year	2015			ptxP3/fim3-2	published_background_annotation_not_model_lineage	SAMEA8914415-ERR6092209	SAMEA8914415		ERR6092209	legacy_read_assembly										PASS	True	2026-07-24												0	resolved_legacy_read_assembly					assembly	3882742	67.76991620869994	0.0	369	20744			True	0.004585784449999997	2015.4986301369863	prepandemic
DNK__SAMEA8914405	BG::SAMEA8914405	global_background	global_background_country_period_lineage_cap2_prefer_local_and_precise_date	primary	DNK	Denmark	Europe	2016-01-01	2016-12-31	year	2016			ptxP3/fim3-1	published_background_annotation_not_model_lineage	SAMEA8914405-ERR6092199	SAMEA8914405		ERR6092199	ena_fastq_download				;						PASS	True	2026-07-24	ftp.sra.ebi.ac.uk/vol1/fastq/ERR609/009/ERR6092199/ERR6092199_1.fastq.gz;ftp.sra.ebi.ac.uk/vol1/fastq/ERR609/009/ERR6092199/ERR6092199_2.fastq.gz	107096571;137732609	PAIRED	1665632	342088541	PRJEB45681	SAMEA8914405	2016	Denmark	ftp.sra.ebi.ac.uk/vol1/fastq/ERR609/009/ERR6092199/ERR6092199_1.fastq.gz;ftp.sra.ebi.ac.uk/vol1/fastq/ERR609/009/ERR6092199/ERR6092199_2.fastq.gz	107096571;137732609	244829180	resolved_streamed_fastq_subset	PASS			100000	paired_reads						0.774		True	0.004606827849999999	2016.4986338797814	prepandemic
DNK__SAMEA8914410	BG::SAMEA8914410	global_background	global_background_country_period_lineage_cap2_prefer_local_and_precise_date	primary	DNK	Denmark	Europe	2016-01-01	2016-12-31	year	2016			MS-MT28	published_background_annotation_not_model_lineage	SAMEA8914410-ERR6092204	SAMEA8914410		ERR6092204	ena_fastq_download				;						PASS	True	2026-07-24	ftp.sra.ebi.ac.uk/vol1/fastq/ERR609/004/ERR6092204/ERR6092204_1.fastq.gz;ftp.sra.ebi.ac.uk/vol1/fastq/ERR609/004/ERR6092204/ERR6092204_2.fastq.gz	127439989;157629495	PAIRED	2196018	397312518	PRJEB45681	SAMEA8914410	2016	Denmark	ftp.sra.ebi.ac.uk/vol1/fastq/ERR609/004/ERR6092204/ERR6092204_1.fastq.gz;ftp.sra.ebi.ac.uk/vol1/fastq/ERR609/004/ERR6092204/ERR6092204_2.fastq.gz	127439989;157629495	285069484	resolved_streamed_fastq_subset	PASS			100000	paired_reads						0.812198		True	0.0046123749499999995	2016.4986338797814	prepandemic
ESP__SAMN16378546	BG::SAMN16378546	global_background	global_background_country_period_lineage_cap2_prefer_local_and_precise_date	primary	ESP	Spain	Europe	1989-01-01	1989-12-31	year	1989			ptxP1/fim3-1	published_background_annotation_not_model_lineage	SAMN16378546-SRR12778395	SAMN16378546		SRR12778395	ena_fastq_download				;						PASS	True	2026-07-24	ftp.sra.ebi.ac.uk/vol1/fastq/SRR127/095/SRR12778395/SRR12778395_1.fastq.gz;ftp.sra.ebi.ac.uk/vol1/fastq/SRR127/095/SRR12778395/SRR12778395_2.fastq.gz	126429033;154249185	PAIRED	685234	372512627	PRJNA667582	SAMN16378546	1989-06-07	Spain	ftp.sra.ebi.ac.uk/vol1/fastq/SRR127/095/SRR12778395/SRR12778395_1.fastq.gz;ftp.sra.ebi.ac.uk/vol1/fastq/SRR127/095/SRR12778395/SRR12778395_2.fastq.gz	126429033;154249185	280678218	resolved_streamed_fastq_subset	PASS			100000	paired_reads						0.575562		True	0.004496031750000002	1989.4986301369863	prepandemic
ESP__SAMN16378544	BG::SAMN16378544	global_background	global_background_country_period_lineage_cap2_prefer_local_and_precise_date	primary	ESP	Spain	Europe	1996-01-01	1996-12-31	year	1996			ptxP3/fim3-1	published_background_annotation_not_model_lineage	SAMN16378544-SRR12778417	SAMN16378544		SRR12778417	ena_fastq_download				;						PASS	True	2026-07-24	ftp.sra.ebi.ac.uk/vol1/fastq/SRR127/017/SRR12778417/SRR12778417_1.fastq.gz;ftp.sra.ebi.ac.uk/vol1/fastq/SRR127/017/SRR12778417/SRR12778417_2.fastq.gz	116468152;138738590	PAIRED	605600	335021834	PRJNA667582	SAMN16378544	1996-06-13	Spain	ftp.sra.ebi.ac.uk/vol1/fastq/SRR127/017/SRR12778417/SRR12778417_1.fastq.gz;ftp.sra.ebi.ac.uk/vol1/fastq/SRR127/017/SRR12778417/SRR12778417_2.fastq.gz	116468152;138738590	255206742	resolved_streamed_fastq_subset	PASS			100000	paired_reads						0.562231		True	0.004524899350000002	1996.4986338797814	prepandemic
ESP__SAMN16378549	BG::SAMN16378549	global_background	global_background_country_period_lineage_cap2_prefer_local_and_precise_date	primary	ESP	Spain	Europe	1999-01-01	1999-12-31	year	1999			ptxP3/fim3-2	published_background_annotation_not_model_lineage	SAMN16378549-SRR12778362	SAMN16378549		SRR12778362	ena_fastq_download				;						PASS	True	2026-07-24	ftp.sra.ebi.ac.uk/vol1/fastq/SRR127/062/SRR12778362/SRR12778362_1.fastq.gz;ftp.sra.ebi.ac.uk/vol1/fastq/SRR127/062/SRR12778362/SRR12778362_2.fastq.gz	95339837;123791251	PAIRED	534388	290279106	PRJNA667582	SAMN16378549	1999-01-14	Spain	ftp.sra.ebi.ac.uk/vol1/fastq/SRR127/062/SRR12778362/SRR12778362_1.fastq.gz;ftp.sra.ebi.ac.uk/vol1/fastq/SRR127/062/SRR12778362/SRR12778362_2.fastq.gz	95339837;123791251	219131088	resolved_streamed_fastq_subset	PASS			100000	paired_reads						0.583632		True	0.004566538050000001	1999.4986301369863	prepandemic
ESP__SAMN16378550	BG::SAMN16378550	global_background	global_background_country_period_lineage_cap2_prefer_local_and_precise_date	primary	ESP	Spain	Europe	1999-01-01	1999-12-31	year	1999			ptxP1/fim3-1	published_background_annotation_not_model_lineage	SAMN16378550-SRR12778351	SAMN16378550		SRR12778351	ena_fastq_download				;						PASS	True	2026-07-24	ftp.sra.ebi.ac.uk/vol1/fastq/SRR127/051/SRR12778351/SRR12778351_1.fastq.gz;ftp.sra.ebi.ac.uk/vol1/fastq/SRR127/051/SRR12778351/SRR12778351_2.fastq.gz	118029706;149764924	PAIRED	653949	352724895	PRJNA667582	SAMN16378550	1999-07-31	Spain	ftp.sra.ebi.ac.uk/vol1/fastq/SRR127/051/SRR12778351/SRR12778351_1.fastq.gz;ftp.sra.ebi.ac.uk/vol1/fastq/SRR127/051/SRR12778351/SRR12778351_2.fastq.gz	118029706;149764924	267794630	resolved_streamed_fastq_subset	PASS			100000	paired_reads						0.590743		True	0.004513112850000002	1999.4986301369863	prepandemic
ESP__SAMN16378551	BG::SAMN16378551	global_background	global_background_country_period_lineage_cap2_prefer_local_and_precise_date	primary	ESP	Spain	Europe	1999-01-01	1999-12-31	year	1999			ptxP3/fim3-2	published_background_annotation_not_model_lineage	SAMN16378551-SRR12778346	SAMN16378551		SRR12778346	ena_fastq_download				;						PASS	True	2026-07-24	ftp.sra.ebi.ac.uk/vol1/fastq/SRR127/046/SRR12778346/SRR12778346_1.fastq.gz;ftp.sra.ebi.ac.uk/vol1/fastq/SRR127/046/SRR12778346/SRR12778346_2.fastq.gz	163410636;208912965	PAIRED	935620	498036575	PRJNA667582	SAMN16378551	1999-08-09	Spain	ftp.sra.ebi.ac.uk/vol1/fastq/SRR127/046/SRR12778346/SRR12778346_1.fastq.gz;ftp.sra.ebi.ac.uk/vol1/fastq/SRR127/046/SRR12778346/SRR12778346_2.fastq.gz	163410636;208912965	372323601	resolved_streamed_fastq_subset	PASS			100000	paired_reads						0.604282		True	0.00454334385	1999.4986301369863	prepandemic
ESP__SAMN16378322	BG::SAMN16378322	global_background	global_background_country_period_lineage_cap2_prefer_local_and_precise_date	primary	ESP	Spain	Europe	2000-01-01	2000-12-31	year	2000			ptxP3/fim3-2	published_background_annotation_not_model_lineage	SAMN16378322-SRR12778180	SAMN16378322		SRR12778180	ena_fastq_download				;						PASS	True	2026-07-24	ftp.sra.ebi.ac.uk/vol1/fastq/SRR127/080/SRR12778180/SRR12778180_1.fastq.gz;ftp.sra.ebi.ac.uk/vol1/fastq/SRR127/080/SRR12778180/SRR12778180_2.fastq.gz	80276901;99251819	PAIRED	444282	247305898	PRJNA667582	SAMN16378322	2000-06-02	Spain	ftp.sra.ebi.ac.uk/vol1/fastq/SRR127/080/SRR12778180/SRR12778180_1.fastq.gz;ftp.sra.ebi.ac.uk/vol1/fastq/SRR127/080/SRR12778180/SRR12778180_2.fastq.gz	80276901;99251819	179528720	resolved_streamed_fastq_subset	PASS			100000	paired_reads						0.660631		True	0.004566538050000001	2000.4986338797814	prepandemic
ESP__SAMN16378558	BG::SAMN16378558	global_background	global_background_country_period_lineage_cap2_prefer_local_and_precise_date	primary	ESP	Spain	Europe	2008-01-01	2008-12-31	year	2008			ptxP3/fim3-1	published_background_annotation_not_model_lineage	SAMN16378558-SRR12778411	SAMN16378558		SRR12778411	legacy_read_assembly										PASS	True	2026-07-24												0	resolved_legacy_read_assembly					assembly	3849192	67.78435578168093	0.0	351	20370			True	0.004623163650000001	2008.4986338797814	prepandemic
ESP__SAMN16378352	BG::SAMN16378352	global_background	global_background_country_period_lineage_cap2_prefer_local_and_precise_date	primary	ESP	Spain	Europe	2009-01-01	2009-12-31	year	2009			ptxP3/fim3-2	published_background_annotation_not_model_lineage	SAMN16378352-SRR12778176	SAMN16378352		SRR12778176	ena_fastq_download				;						PASS	True	2026-07-24	ftp.sra.ebi.ac.uk/vol1/fastq/SRR127/076/SRR12778176/SRR12778176_1.fastq.gz;ftp.sra.ebi.ac.uk/vol1/fastq/SRR127/076/SRR12778176/SRR12778176_2.fastq.gz	117000086;138233628	PAIRED	632955	332640274	PRJNA667582	SAMN16378352	2009-08-16	Spain	ftp.sra.ebi.ac.uk/vol1/fastq/SRR127/076/SRR12778176/SRR12778176_1.fastq.gz;ftp.sra.ebi.ac.uk/vol1/fastq/SRR127/076/SRR12778176/SRR12778176_2.fastq.gz	117000086;138233628	255233714	resolved_streamed_fastq_subset	PASS			100000	paired_reads						0.631769		True	0.004578420949999999	2009.4986301369863	prepandemic
ESP__SAMN16378570	BG::SAMN16378570	global_background	global_background_country_period_lineage_cap2_prefer_local_and_precise_date	primary	ESP	Spain	Europe	2009-01-01	2009-12-31	year	2009			ptxP3/fim3-1	published_background_annotation_not_model_lineage	SAMN16378570-SRR12778398	SAMN16378570		SRR12778398	ena_fastq_download				;						PASS	True	2026-07-24	ftp.sra.ebi.ac.uk/vol1/fastq/SRR127/098/SRR12778398/SRR12778398_1.fastq.gz;ftp.sra.ebi.ac.uk/vol1/fastq/SRR127/098/SRR12778398/SRR12778398_2.fastq.gz	180845095;215226784	PAIRED	960172	509677585	PRJNA667582	SAMN16378570	2009-06-01	Spain	ftp.sra.ebi.ac.uk/vol1/fastq/SRR127/098/SRR12778398/SRR12778398_1.fastq.gz;ftp.sra.ebi.ac.uk/vol1/fastq/SRR127/098/SRR12778398/SRR12778398_2.fastq.gz	180845095;215226784	396071879	resolved_streamed_fastq_subset	PASS			100000	paired_reads						0.676123		True	0.0045895023499999965	2009.4986301369863	prepandemic
ESP__SAMN16378565	BG::SAMN16378565	global_background	global_background_country_period_lineage_cap2_prefer_local_and_precise_date	primary	ESP	Spain	Europe	2010-01-01	2010-12-31	year	2010			ptxP3/fim3-2	published_background_annotation_not_model_lineage	SAMN16378565-SRR12778403	SAMN16378565		SRR12778403	ena_fastq_download				;						PASS	True	2026-07-24	ftp.sra.ebi.ac.uk/vol1/fastq/SRR127/003/SRR12778403/SRR12778403_1.fastq.gz;ftp.sra.ebi.ac.uk/vol1/fastq/SRR127/003/SRR12778403/SRR12778403_2.fastq.gz	107416413;126610860	PAIRED	546393	305174295	PRJNA667582	SAMN16378565	2010-07-09	Spain	ftp.sra.ebi.ac.uk/vol1/fastq/SRR127/003/SRR12778403/SRR12778403_1.fastq.gz;ftp.sra.ebi.ac.uk/vol1/fastq/SRR127/003/SRR12778403/SRR12778403_2.fastq.gz	107416413;126610860	234027273	resolved_streamed_fastq_subset	PASS			100000	paired_reads						0.691669		True	0.004591601349999997	2010.4986301369863	prepandemic
ESP__SAMN16378366	BG::SAMN16378366	global_background	global_background_country_period_lineage_cap2_prefer_local_and_precise_date	primary	ESP	Spain	Europe	2011-01-01	2011-12-31	year	2011			ptxP3/fim3-2	published_background_annotation_not_model_lineage	SAMN16378366-SRR12778161	SAMN16378366		SRR12778161	legacy_read_assembly										PASS	True	2026-07-24												0	resolved_legacy_read_assembly					assembly	3874563	67.77272688558683	0.0	351	20504			True	0.0045853984499999965	2011.4986301369863	prepandemic
ESP__SAMN16378393	BG::SAMN16378393	global_background	global_background_country_period_lineage_cap2_prefer_local_and_precise_date	primary	ESP	Spain	Europe	2012-01-01	2012-12-31	year	2012			ptxP3/fim3-1	published_background_annotation_not_model_lineage	SAMN16378393-SRR12778227	SAMN16378393		SRR12778227	ena_fastq_download				;						PASS	True	2026-07-24	ftp.sra.ebi.ac.uk/vol1/fastq/SRR127/027/SRR12778227/SRR12778227_1.fastq.gz;ftp.sra.ebi.ac.uk/vol1/fastq/SRR127/027/SRR12778227/SRR12778227_2.fastq.gz	120928034;146260377	PAIRED	666430	349901162	PRJNA667582	SAMN16378393	2012-09-03	Spain	ftp.sra.ebi.ac.uk/vol1/fastq/SRR127/027/SRR12778227/SRR12778227_1.fastq.gz;ftp.sra.ebi.ac.uk/vol1/fastq/SRR127/027/SRR12778227/SRR12778227_2.fastq.gz	120928034;146260377	267188411	resolved_streamed_fastq_subset	PASS			100000	paired_reads						0.639172		True	0.00458317125	2012.4986338797814	prepandemic
ESP__SAMN16378592	BG::SAMN16378592	global_background	global_background_country_period_lineage_cap2_prefer_local_and_precise_date	primary	ESP	Spain	Europe	2012-01-01	2012-12-31	year	2012			ptxP3/fim3-1	published_background_annotation_not_model_lineage	SAMN16378592-SRR12778374	SAMN16378592		SRR12778374	ena_fastq_download				;						PASS	True	2026-07-24	ftp.sra.ebi.ac.uk/vol1/fastq/SRR127/074/SRR12778374/SRR12778374_1.fastq.gz;ftp.sra.ebi.ac.uk/vol1/fastq/SRR127/074/SRR12778374/SRR12778374_2.fastq.gz	129468853;149174124	PAIRED	716561	382696574	PRJNA667582	SAMN16378592	2012-07-07	Spain	ftp.sra.ebi.ac.uk/vol1/fastq/SRR127/074/SRR12778374/SRR12778374_1.fastq.gz;ftp.sra.ebi.ac.uk/vol1/fastq/SRR127/074/SRR12778374/SRR12778374_2.fastq.gz	129468853;149174124	278642977	resolved_streamed_fastq_subset	PASS			100000	paired_reads						0.715875		True	0.004589209149999999	2012.4986338797814	prepandemic
ESP__SAMEA8914418	BG::SAMEA8914418	global_background	global_background_country_period_lineage_cap2_prefer_local_and_precise_date	primary	ESP	Spain	Europe	2014-01-01	2014-12-31	year	2014			ptxP1/fim3-1	published_background_annotation_not_model_lineage	SAMEA8914418-ERR6096246	SAMEA8914418		ERR6096246	legacy_read_assembly										PASS	True	2026-07-24												0	resolved_legacy_read_assembly					assembly	3883207	67.82216348497518	0.0	374	20187			True	0.004616533550000003	2014.4986301369863	prepandemic
ESP__SAMN16378404	BG::SAMN16378404	global_background	global_background_country_period_lineage_cap2_prefer_local_and_precise_date	primary	ESP	Spain	Europe	2014-01-01	2014-12-31	year	2014			ptxP1/fim3-1	published_background_annotation_not_model_lineage	SAMN16378404-SRR12778215	SAMN16378404		SRR12778215	ena_fastq_download				;						PASS	True	2026-07-24	ftp.sra.ebi.ac.uk/vol1/fastq/SRR127/015/SRR12778215/SRR12778215_1.fastq.gz;ftp.sra.ebi.ac.uk/vol1/fastq/SRR127/015/SRR12778215/SRR12778215_2.fastq.gz	114015991;142530473	PAIRED	654377	358946859	PRJNA667582	SAMN16378404	2014-06-19	Spain	ftp.sra.ebi.ac.uk/vol1/fastq/SRR127/015/SRR12778215/SRR12778215_1.fastq.gz;ftp.sra.ebi.ac.uk/vol1/fastq/SRR127/015/SRR12778215/SRR12778215_2.fastq.gz	114015991;142530473	256546464	resolved_streamed_fastq_subset	PASS			100000	paired_reads						0.680433		True	0.004551541250000003	2014.4986301369863	prepandemic
ESP__SAMEA8914438	BG::SAMEA8914438	global_background	global_background_country_period_lineage_cap2_prefer_local_and_precise_date	primary	ESP	Spain	Europe	2016-01-01	2016-12-31	year	2016			ptxP3/fim3-2	published_background_annotation_not_model_lineage	SAMEA8914438-ERR6096266	SAMEA8914438		ERR6096266	ena_fastq_download				;						PASS	True	2026-07-24	ftp.sra.ebi.ac.uk/vol1/fastq/ERR609/006/ERR6096266/ERR6096266_1.fastq.gz;ftp.sra.ebi.ac.uk/vol1/fastq/ERR609/006/ERR6096266/ERR6096266_2.fastq.gz	198617778;200360632	PAIRED	4496866	675558869	PRJEB45681	SAMEA8914438	2016	Spain	ftp.sra.ebi.ac.uk/vol1/fastq/ERR609/006/ERR6096266/ERR6096266_1.fastq.gz;ftp.sra.ebi.ac.uk/vol1/fastq/ERR609/006/ERR6096266/ERR6096266_2.fastq.gz	198617778;200360632	398978410	resolved_streamed_fastq_subset	PASS			100000	paired_reads						0.879888		True	0.004585573049999998	2016.4986338797814	prepandemic
ESP__SAMN16378420	BG::SAMN16378420	global_background	global_background_country_period_lineage_cap2_prefer_local_and_precise_date	primary	ESP	Spain	Europe	2016-01-01	2016-12-31	year	2016			ptxP3/fim3-2	published_background_annotation_not_model_lineage	SAMN16378420-SRR12778211	SAMN16378420		SRR12778211	ena_fastq_download				;						PASS	True	2026-07-24	ftp.sra.ebi.ac.uk/vol1/fastq/SRR127/011/SRR12778211/SRR12778211_1.fastq.gz;ftp.sra.ebi.ac.uk/vol1/fastq/SRR127/011/SRR12778211/SRR12778211_2.fastq.gz	106433152;118231006	PAIRED	562979	318031541	PRJNA667582	SAMN16378420	2016-06-12	Spain	ftp.sra.ebi.ac.uk/vol1/fastq/SRR127/011/SRR12778211/SRR12778211_1.fastq.gz;ftp.sra.ebi.ac.uk/vol1/fastq/SRR127/011/SRR12778211/SRR12778211_2.fastq.gz	106433152;118231006	224664158	resolved_streamed_fastq_subset	PASS			100000	paired_reads						0.706482		True	0.004585573049999998	2016.4986338797814	prepandemic
ESP__SAMN16378598	BG::SAMN16378598	global_background	global_background_country_period_lineage_cap2_prefer_local_and_precise_date	primary	ESP	Spain	Europe	2017-01-01	2017-12-31	year	2017			ptxP3/fim3-1	published_background_annotation_not_model_lineage	SAMN16378598-SRR12778367	SAMN16378598		SRR12778367	legacy_read_assembly										PASS	True	2026-07-24												0	resolved_legacy_read_assembly					assembly	3871148	67.75641230973345	0.0	370	20357			True	0.0046357871499999965	2017.4986301369863	prepandemic
ESP__SAMN16378425	BG::SAMN16378425	global_background	global_background_country_period_lineage_cap2_prefer_local_and_precise_date	primary	ESP	Spain	Europe	2018-01-01	2018-12-31	year	2018			ptxP3/fim3-1	published_background_annotation_not_model_lineage	SAMN16378425-SRR12778206	SAMN16378425		SRR12778206	ena_fastq_download				;						PASS	True	2026-07-24	ftp.sra.ebi.ac.uk/vol1/fastq/SRR127/006/SRR12778206/SRR12778206_1.fastq.gz;ftp.sra.ebi.ac.uk/vol1/fastq/SRR127/006/SRR12778206/SRR12778206_2.fastq.gz	88925705;115586218	PAIRED	494300	285713888	PRJNA667582	SAMN16378425	2018-05-10	Spain	ftp.sra.ebi.ac.uk/vol1/fastq/SRR127/006/SRR12778206/SRR12778206_1.fastq.gz;ftp.sra.ebi.ac.uk/vol1/fastq/SRR127/006/SRR12778206/SRR12778206_2.fastq.gz	88925705;115586218	204511923	resolved_streamed_fastq_subset	PASS			100000	paired_reads						0.635955		True	0.004589560149999997	2018.4986301369863	prepandemic
ESP__SAMN40551704	BG::SAMN40551704	global_background	global_background_country_period_lineage_cap2_prefer_local_and_precise_date	primary	ESP	Spain	Europe	2024-01-01	2024-12-31	year	2024			Europe sublineage 1	published_background_annotation_not_model_lineage	SAMN40551704-GCF_037908135.1	SAMN40551704	GCF_037908135		ncbi_assembly_download					3807435	68	349	18956	ok	PASS	True	2026-07-24												0	resolved_ncbi_assembly					assembly	3807435	67.88856539901535	0.0	349	18956			True	0.004676670149999994	2024.4986338797814	resurgence
ESP__SAMN40551705	BG::SAMN40551705	global_background	global_background_country_period_lineage_cap2_prefer_local_and_precise_date	primary	ESP	Spain	Europe	2024-01-01	2024-12-31	year	2024			Europe sublineage 1	published_background_annotation_not_model_lineage	SAMN40551705-GCF_037908115.1	SAMN40551705	GCF_037908115		ncbi_assembly_download					3823616	68	400	18119	ok	PASS	True	2026-07-24												0	resolved_ncbi_assembly					assembly	3823616	67.86466004954472	0.0	400	18119			True	0.004688274049999995	2024.4986338797814	resurgence
FIN__SAMEA751152	BG::SAMEA751152	global_background	global_background_country_period_lineage_cap2_prefer_local_and_precise_date	primary	FIN	Finland	Europe	1999-01-01	1999-12-31	year	1999			ptxP3/fim3-2	published_background_annotation_not_model_lineage	SAMEA751152-ERR029999	SAMEA751152	GCA_001198815.1	ERR029999	ncbi_assembly_download					3814006	68	367	16210	ok	PASS	True	2026-07-24												0	resolved_ncbi_assembly					assembly	3814006	67.89249938253899	0.00011955932948191481	354	16383			True	0.004566614049999999	1999.4986301369863	prepandemic
FIN__SAMEA8914452	BG::SAMEA8914452	global_background	global_background_country_period_lineage_cap2_prefer_local_and_precise_date	primary	FIN	Finland	Europe	2014-01-01	2014-12-31	year	2014			ptxP3/fim3-1	published_background_annotation_not_model_lineage	SAMEA8914452-ERR6096280	SAMEA8914452		ERR6096280	ena_fastq_download				;						PASS	True	2026-07-24	ftp.sra.ebi.ac.uk/vol1/fastq/ERR609/000/ERR6096280/ERR6096280_1.fastq.gz;ftp.sra.ebi.ac.uk/vol1/fastq/ERR609/000/ERR6096280/ERR6096280_2.fastq.gz	205941436;198923574	PAIRED	4452498	668643706	PRJEB45681	SAMEA8914452	2014	Finland	ftp.sra.ebi.ac.uk/vol1/fastq/ERR609/000/ERR6096280/ERR6096280_1.fastq.gz;ftp.sra.ebi.ac.uk/vol1/fastq/ERR609/000/ERR6096280/ERR6096280_2.fastq.gz	205941436;198923574	404865010	resolved_streamed_fastq_subset	PASS			100000	paired_reads						0.899009		True	0.004601358949999998	2014.4986301369863	prepandemic
FIN__SAMEA8914453	BG::SAMEA8914453	global_background	global_background_country_period_lineage_cap2_prefer_local_and_precise_date	primary	FIN	Finland	Europe	2014-01-01	2014-12-31	year	2014			ptxP3/fim3-2	published_background_annotation_not_model_lineage	SAMEA8914453-ERR6096281	SAMEA8914453	RRASM_ERR6096281	ERR6096281	local_fasta					3868849	67.81	367	20283	ok	PASS	True	2026-07-24												0	resolved_local_fasta					assembly	3868849	67.81122757698736	0.0	367	20283			True	0.004614853349999997	2014.4986301369863	prepandemic
FIN__SAMEA8914454	BG::SAMEA8914454	global_background	global_background_country_period_lineage_cap2_prefer_local_and_precise_date	primary	FIN	Finland	Europe	2014-01-01	2014-12-31	year	2014			ptxP3/fim3-1	published_background_annotation_not_model_lineage	SAMEA8914454-ERR6096282	SAMEA8914454		ERR6096282	ena_fastq_download				;						PASS	True	2026-07-24	ftp.sra.ebi.ac.uk/vol1/fastq/ERR609/002/ERR6096282/ERR6096282_1.fastq.gz;ftp.sra.ebi.ac.uk/vol1/fastq/ERR609/002/ERR6096282/ERR6096282_2.fastq.gz	141563972;143009264	PAIRED	3347484	502364739	PRJEB45681	SAMEA8914454	2014	Finland	ftp.sra.ebi.ac.uk/vol1/fastq/ERR609/002/ERR6096282/ERR6096282_1.fastq.gz;ftp.sra.ebi.ac.uk/vol1/fastq/ERR609/002/ERR6096282/ERR6096282_2.fastq.gz	141563972;143009264	284573236	resolved_streamed_fastq_subset	PASS			100000	paired_reads						0.919062		True	0.004603268449999998	2014.4986301369863	prepandemic
FIN__SAMEA8914458	BG::SAMEA8914458	global_background	global_background_country_period_lineage_cap2_prefer_local_and_precise_date	primary	FIN	Finland	Europe	2015-01-01	2015-12-31	year	2015			United States Sublineage 1	published_background_annotation_not_model_lineage	SAMEA8914458-ERR6096286	SAMEA8914458		ERR6096286	ena_fastq_download				;						PASS	True	2026-07-24	ftp.sra.ebi.ac.uk/vol1/fastq/ERR609/006/ERR6096286/ERR6096286_1.fastq.gz;ftp.sra.ebi.ac.uk/vol1/fastq/ERR609/006/ERR6096286/ERR6096286_2.fastq.gz	123836124;124622865	PAIRED	2922984	436990801	PRJEB45681	SAMEA8914458	2015	Finland	ftp.sra.ebi.ac.uk/vol1/fastq/ERR609/006/ERR6096286/ERR6096286_1.fastq.gz;ftp.sra.ebi.ac.uk/vol1/fastq/ERR609/006/ERR6096286/ERR6096286_2.fastq.gz	123836124;124622865	248458989	resolved_streamed_fastq_subset	PASS			100000	paired_reads						0.918743		True	0.0046301793499999985	2015.4986301369863	prepandemic
FIN__SAMEA8914464	BG::SAMEA8914464	global_background	global_background_country_period_lineage_cap2_prefer_local_and_precise_date	primary	FIN	Finland	Europe	2016-01-01	2016-12-31	year	2016			ptxP3/fim3-2	published_background_annotation_not_model_lineage	SAMEA8914464-ERR6096292	SAMEA8914464		ERR6096292	ena_fastq_download				;						PASS	True	2026-07-24	ftp.sra.ebi.ac.uk/vol1/fastq/ERR609/002/ERR6096292/ERR6096292_1.fastq.gz;ftp.sra.ebi.ac.uk/vol1/fastq/ERR609/002/ERR6096292/ERR6096292_2.fastq.gz	70440599;71022366	PAIRED	1640236	246719886	PRJEB45681	SAMEA8914464	2016	Finland	ftp.sra.ebi.ac.uk/vol1/fastq/ERR609/002/ERR6096292/ERR6096292_1.fastq.gz;ftp.sra.ebi.ac.uk/vol1/fastq/ERR609/002/ERR6096292/ERR6096292_2.fastq.gz	70440599;71022366	141462965	resolved_streamed_fastq_subset	PASS			100000	paired_reads						0.909384		True	0.004574950349999997	2016.4986338797814	prepandemic
FIN__SAMEA8914470	BG::SAMEA8914470	global_background	global_background_country_period_lineage_cap2_prefer_local_and_precise_date	primary	FIN	Finland	Europe	2016-01-01	2016-12-31	year	2016			MS-MT28	published_background_annotation_not_model_lineage	SAMEA8914470-ERR6096298	SAMEA8914470		ERR6096298	ena_fastq_download				;						PASS	True	2026-07-24	ftp.sra.ebi.ac.uk/vol1/fastq/ERR609/008/ERR6096298/ERR6096298_1.fastq.gz;ftp.sra.ebi.ac.uk/vol1/fastq/ERR609/008/ERR6096298/ERR6096298_2.fastq.gz	72672559;73374014	PAIRED	1695652	254976061	PRJEB45681	SAMEA8914470	2016	Finland	ftp.sra.ebi.ac.uk/vol1/fastq/ERR609/008/ERR6096298/ERR6096298_1.fastq.gz;ftp.sra.ebi.ac.uk/vol1/fastq/ERR609/008/ERR6096298/ERR6096298_2.fastq.gz	72672559;73374014	146046573	resolved_streamed_fastq_subset	PASS			100000	paired_reads						0.91105		True	0.00461989925	2016.4986338797814	prepandemic
FIN__SAMEA8914471	BG::SAMEA8914471	global_background	global_background_country_period_lineage_cap2_prefer_local_and_precise_date	primary	FIN	Finland	Europe	2016-01-01	2016-12-31	year	2016			MS-MT28	published_background_annotation_not_model_lineage	SAMEA8914471-ERR6096299	SAMEA8914471		ERR6096299	legacy_read_assembly										PASS	True	2026-07-24												0	resolved_legacy_read_assembly					assembly	3868145	67.81508966184049	0.0	363	19620			True	0.004629051449999999	2016.4986338797814	prepandemic
FIN__SAMEA8914472	BG::SAMEA8914472	global_background	global_background_country_period_lineage_cap2_prefer_local_and_precise_date	primary	FIN	Finland	Europe	2016-01-01	2016-12-31	year	2016			ptxP3/fim3-1	published_background_annotation_not_model_lineage	SAMEA8914472-ERR6096300	SAMEA8914472	RRASM_ERR6096300	ERR6096300	local_fasta					3862681	67.81	368	19951	ok	PASS	True	2026-07-24												0	resolved_local_fasta					assembly	3862681	67.80937902974644	0.0	368	19951			True	0.00461775805	2016.4986338797814	prepandemic
FIN__SAMEA8914474	BG::SAMEA8914474	global_background	global_background_country_period_lineage_cap2_prefer_local_and_precise_date	primary	FIN	Finland	Europe	2016-01-01	2016-12-31	year	2016			ptxP3/fim3-2	published_background_annotation_not_model_lineage	SAMEA8914474-ERR6096302	SAMEA8914474		ERR6096302	ena_fastq_download				;						PASS	True	2026-07-24	ftp.sra.ebi.ac.uk/vol1/fastq/ERR609/002/ERR6096302/ERR6096302_1.fastq.gz;ftp.sra.ebi.ac.uk/vol1/fastq/ERR609/002/ERR6096302/ERR6096302_2.fastq.gz	116420776;117120565	PAIRED	2725064	409274780	PRJEB45681	SAMEA8914474	2016	Finland	ftp.sra.ebi.ac.uk/vol1/fastq/ERR609/002/ERR6096302/ERR6096302_1.fastq.gz;ftp.sra.ebi.ac.uk/vol1/fastq/ERR609/002/ERR6096302/ERR6096302_2.fastq.gz	116420776;117120565	233541341	resolved_streamed_fastq_subset	PASS			100000	paired_reads						0.915293		True	0.004585026549999998	2016.4986338797814	prepandemic
FIN__SAMEA8914475	BG::SAMEA8914475	global_background	global_background_country_period_lineage_cap2_prefer_local_and_precise_date	primary	FIN	Finland	Europe	2016-01-01	2016-12-31	year	2016			ptxP3/fim3-1	published_background_annotation_not_model_lineage	SAMEA8914475-ERR6096303	SAMEA8914475	RRASM_ERR6096303	ERR6096303	local_fasta					3862434	67.81	370	20176	ok	PASS	True	2026-07-24												0	resolved_local_fasta					assembly	3862434	67.8109968998823	0.0	370	20176			True	0.00464536545	2016.4986338797814	prepandemic
GTM__SAMN08395632	BG::SAMN08395632	global_background	global_background_country_period_lineage_cap2_prefer_local_and_precise_date	primary	GTM	Guatemala	North_America	2014-01-01	2014-12-31	year	2014			ptxP3/fim3-1	published_background_annotation_not_model_lineage	SAMN08395632-SRR9006192	SAMN08395632	GCA_004634885.1	SRR9006192	ncbi_assembly_download					4109535	67.5	1	4109535	ok	PASS	True	2026-07-24												0	resolved_ncbi_assembly					assembly	4109535	67.70364530293574	0.0	1	4109535			True	0.004601058049999997	2014.4986301369863	prepandemic
GTM__SAMN08395634	BG::SAMN08395634	global_background	global_background_country_period_lineage_cap2_prefer_local_and_precise_date	primary	GTM	Guatemala	North_America	2014-01-01	2014-12-31	year	2014			ptxP3/fim3-1	published_background_annotation_not_model_lineage	SAMN08395634-SRR9006194	SAMN08395634	GCA_004634705.1	SRR9006194	ncbi_assembly_download					4107434	67.5	1	4107434	ok	PASS	True	2026-07-24												0	resolved_ncbi_assembly					assembly	4107434	67.70550664965036	0.0	1	4107434			True	0.0046012164499999965	2014.4986301369863	prepandemic
HTI__SAMN08524449	BG::SAMN08524449	global_background	global_background_country_period_lineage_cap2_prefer_local_and_precise_date	primary	HTI	Haiti	North_America	2014-01-01	2014-12-31	year	2014			ptxP3/fim3-2	published_background_annotation_not_model_lineage	SAMN08524449-SRR9006066	SAMN08524449	GCA_004636965.1	SRR9006066	ncbi_assembly_download					4087073	67.5	1	4087073	ok	PASS	True	2026-07-24												0	resolved_ncbi_assembly					assembly	4087073	67.69839931902366	0.0	1	4087073			True	0.004583644949999999	2014.4986301369863	prepandemic
IND__SAMN10525643	BG::SAMN10525643	global_background	global_background_country_period_lineage_cap2_prefer_local_and_precise_date	primary	IND	India	Asia	1977-01-01	1977-12-31	year	1977			ptxP1/fim3-1	published_background_annotation_not_model_lineage	SAMN10525643-SRR8689258	SAMN10525643	GCA_004102005.1	SRR8689258	ncbi_assembly_download					3847610	68	264	20914	ok	PASS	True	2026-07-24												0	resolved_ncbi_assembly					assembly	3847610	67.89417326600149	0.0	264	20914			True	0.004339618550000003	1977.4986301369863	prepandemic
IND__SAMN10457989	BG::SAMN10457989	global_background	global_background_country_period_lineage_cap2_prefer_local_and_precise_date	primary	IND	India	Asia	2017-01-01	2017-12-31	year	2017			others	published_background_annotation_not_model_lineage	SAMN10457989-GCA_003860305.1	SAMN10457989	GCA_003860305		ncbi_assembly_download					4126211	67.5	1	4126211	ok	PASS	True	2026-07-24												0	resolved_ncbi_assembly					assembly	4126211	67.70286347450482	0.0	1	4126211			True	0.005180553750000002	2017.4986301369863	prepandemic
IND__SAMN19416301	BG::SAMN19416301	global_background	global_background_country_period_lineage_cap2_prefer_local_and_precise_date	primary	IND	India	Asia	2018-01-01	2018-12-31	year	2018			ptxP1/fim3-1	published_background_annotation_not_model_lineage	SAMN19416301-GCA_030644705.1	SAMN19416301	GCA_030644705		ncbi_assembly_download					4124542	67.5	1	4124542	ok	PASS	True	2026-07-24												0	resolved_ncbi_assembly					assembly	4124542	67.72024627219216	0.0	1	4124542			True	0.004333908050000003	2018.4986301369863	prepandemic
IND__SAMN19416302	BG::SAMN19416302	global_background	global_background_country_period_lineage_cap2_prefer_local_and_precise_date	primary	IND	India	Asia	2018-01-01	2018-12-31	year	2018			ptxP1/fim3-1	published_background_annotation_not_model_lineage	SAMN19416302-GCF_030644685.1	SAMN19416302	GCF_030644685		ncbi_assembly_download					4102969	67.5	1	4102969	ok	PASS	True	2026-07-24												0	resolved_ncbi_assembly					assembly	4102969	67.70516667320665	0.0	1	4102969			True	0.0044836603500000025	2018.4986301369863	prepandemic
IND__SAMN19416303	BG::SAMN19416303	global_background	global_background_country_period_lineage_cap2_prefer_local_and_precise_date	primary	IND	India	Asia	2019-01-01	2019-12-31	year	2019			others	published_background_annotation_not_model_lineage	SAMN19416303-GCA_030644665.1	SAMN19416303	GCA_030644665		ncbi_assembly_download					4135282	67.5	1	4135282	ok	PASS	True	2026-07-24												0	resolved_ncbi_assembly					assembly	4135282	67.70919129578104	0.0	1	4135282			True	0.004507350050000002	2019.4986301369863	prepandemic
IND__SAMN19416304	BG::SAMN19416304	global_background	global_background_country_period_lineage_cap2_prefer_local_and_precise_date	primary	IND	India	Asia	2019-01-01	2019-12-31	year	2019			ptxP3/fim3-1	published_background_annotation_not_model_lineage	SAMN19416304-GCF_030644645.1	SAMN19416304	GCF_030644645		ncbi_assembly_download					4109539	67.5	1	4109539	ok	PASS	True	2026-07-24												0	resolved_ncbi_assembly					assembly	4109539	67.70377407295562	0.0	1	4109539			True	0.004652232549999999	2019.4986301369863	prepandemic
IRL__SAMEA8914479	BG::SAMEA8914479	global_background	global_background_country_period_lineage_cap2_prefer_local_and_precise_date	primary	IRL	Ireland	Europe	2014-01-01	2014-12-31	year	2014			ptxP3/fim3-2	published_background_annotation_not_model_lineage	SAMEA8914479-ERR6096307	SAMEA8914479		ERR6096307	ena_fastq_download				;						PASS	True	2026-07-24	ftp.sra.ebi.ac.uk/vol1/fastq/ERR609/007/ERR6096307/ERR6096307_1.fastq.gz;ftp.sra.ebi.ac.uk/vol1/fastq/ERR609/007/ERR6096307/ERR6096307_2.fastq.gz	248489398;251549269	PAIRED	5941624	881603010	PRJEB45681	SAMEA8914479	2014	Ireland	ftp.sra.ebi.ac.uk/vol1/fastq/ERR609/007/ERR6096307/ERR6096307_1.fastq.gz;ftp.sra.ebi.ac.uk/vol1/fastq/ERR609/007/ERR6096307/ERR6096307_2.fastq.gz	248489398;251549269	500038667	resolved_streamed_fastq_subset	PASS			100000	paired_reads						0.912922		True	0.0045625322499999975	2014.4986301369863	prepandemic
IRL__SAMEA8914484	BG::SAMEA8914484	global_background	global_background_country_period_lineage_cap2_prefer_local_and_precise_date	primary	IRL	Ireland	Europe	2014-01-01	2014-12-31	year	2014			ptxP3/fim3-1	published_background_annotation_not_model_lineage	SAMEA8914484-ERR6096312	SAMEA8914484		ERR6096312	ena_fastq_download				;						PASS	True	2026-07-24	ftp.sra.ebi.ac.uk/vol1/fastq/ERR609/002/ERR6096312/ERR6096312_1.fastq.gz;ftp.sra.ebi.ac.uk/vol1/fastq/ERR609/002/ERR6096312/ERR6096312_2.fastq.gz	213743000;216489938	PAIRED	5075456	751938434	PRJEB45681	SAMEA8914484	2014	Ireland	ftp.sra.ebi.ac.uk/vol1/fastq/ERR609/002/ERR6096312/ERR6096312_1.fastq.gz;ftp.sra.ebi.ac.uk/vol1/fastq/ERR609/002/ERR6096312/ERR6096312_2.fastq.gz	213743000;216489938	430232938	resolved_streamed_fastq_subset	PASS			100000	paired_reads						0.910596		True	0.004607451149999997	2014.4986301369863	prepandemic
IRL__SAMEA8914485	BG::SAMEA8914485	global_background	global_background_country_period_lineage_cap2_prefer_local_and_precise_date	primary	IRL	Ireland	Europe	2014-01-01	2014-12-31	year	2014			ptxP3/fim3-1	published_background_annotation_not_model_lineage	SAMEA8914485-ERR6096313	SAMEA8914485		ERR6096313	legacy_read_assembly										PASS	True	2026-07-24												0	resolved_legacy_read_assembly					assembly	3856418	67.83146951393755	0.0	374	19271			True	0.00460030575	2014.4986301369863	prepandemic
IRL__SAMEA8914488	BG::SAMEA8914488	global_background	global_background_country_period_lineage_cap2_prefer_local_and_precise_date	primary	IRL	Ireland	Europe	2015-01-01	2015-12-31	year	2015			ptxP3/fim3-2	published_background_annotation_not_model_lineage	SAMEA8914488-ERR6096316	SAMEA8914488		ERR6096316	ena_fastq_download				;						PASS	True	2026-07-24	ftp.sra.ebi.ac.uk/vol1/fastq/ERR609/006/ERR6096316/ERR6096316_1.fastq.gz;ftp.sra.ebi.ac.uk/vol1/fastq/ERR609/006/ERR6096316/ERR6096316_2.fastq.gz	128461725;125397872	PAIRED	2790940	413895267	PRJEB45681	SAMEA8914488	2015	Ireland	ftp.sra.ebi.ac.uk/vol1/fastq/ERR609/006/ERR6096316/ERR6096316_1.fastq.gz;ftp.sra.ebi.ac.uk/vol1/fastq/ERR609/006/ERR6096316/ERR6096316_2.fastq.gz	128461725;125397872	253859597	resolved_streamed_fastq_subset	PASS			100000	paired_reads						0.894724		True	0.004562215849999999	2015.4986301369863	prepandemic
IRL__SAMEA8914497	BG::SAMEA8914497	global_background	global_background_country_period_lineage_cap2_prefer_local_and_precise_date	primary	IRL	Ireland	Europe	2016-01-01	2016-12-31	year	2016			ptxP3/fim3-1	published_background_annotation_not_model_lineage	SAMEA8914497-ERR6096325	SAMEA8914497		ERR6096325	ena_fastq_download				;						PASS	True	2026-07-24	ftp.sra.ebi.ac.uk/vol1/fastq/ERR609/005/ERR6096325/ERR6096325_1.fastq.gz;ftp.sra.ebi.ac.uk/vol1/fastq/ERR609/005/ERR6096325/ERR6096325_2.fastq.gz	210474967;213762957	PAIRED	5087308	756483297	PRJEB45681	SAMEA8914497	2016	Ireland	ftp.sra.ebi.ac.uk/vol1/fastq/ERR609/005/ERR6096325/ERR6096325_1.fastq.gz;ftp.sra.ebi.ac.uk/vol1/fastq/ERR609/005/ERR6096325/ERR6096325_2.fastq.gz	210474967;213762957	424237924	resolved_streamed_fastq_subset	PASS			100000	paired_reads						0.925217		True	0.00457933485	2016.4986338797814	prepandemic
IRL__SAMEA8914500	BG::SAMEA8914500	global_background	global_background_country_period_lineage_cap2_prefer_local_and_precise_date	primary	IRL	Ireland	Europe	2016-01-01	2016-12-31	year	2016			ptxP3/fim3-1	published_background_annotation_not_model_lineage	SAMEA8914500-ERR6096328	SAMEA8914500		ERR6096328	legacy_read_assembly										PASS	True	2026-07-24												0	resolved_legacy_read_assembly					assembly	3866542	67.80606547142123	0.0	377	20661			True	0.004745395049999997	2016.4986338797814	prepandemic
IRL__SAMEA8914501	BG::SAMEA8914501	global_background	global_background_country_period_lineage_cap2_prefer_local_and_precise_date	primary	IRL	Ireland	Europe	2016-01-01	2016-12-31	year	2016			ptxP3/fim3-2	published_background_annotation_not_model_lineage	SAMEA8914501-ERR6096329	SAMEA8914501		ERR6096329	ena_fastq_download				;						PASS	True	2026-07-24	ftp.sra.ebi.ac.uk/vol1/fastq/ERR609/009/ERR6096329/ERR6096329_1.fastq.gz;ftp.sra.ebi.ac.uk/vol1/fastq/ERR609/009/ERR6096329/ERR6096329_2.fastq.gz	214279177;217480748	PAIRED	5106036	757484827	PRJEB45681	SAMEA8914501	2016	Ireland	ftp.sra.ebi.ac.uk/vol1/fastq/ERR609/009/ERR6096329/ERR6096329_1.fastq.gz;ftp.sra.ebi.ac.uk/vol1/fastq/ERR609/009/ERR6096329/ERR6096329_2.fastq.gz	214279177;217480748	431759925	resolved_streamed_fastq_subset	PASS			100000	paired_reads						0.913877		True	0.004586410249999997	2016.4986338797814	prepandemic
IRL__SAMEA8914503	BG::SAMEA8914503	global_background	global_background_country_period_lineage_cap2_prefer_local_and_precise_date	primary	IRL	Ireland	Europe	2016-01-01	2016-12-31	year	2016			MS-MT28	published_background_annotation_not_model_lineage	SAMEA8914503-ERR6096331	SAMEA8914503		ERR6096331	ena_fastq_download				;						PASS	True	2026-07-24	ftp.sra.ebi.ac.uk/vol1/fastq/ERR609/001/ERR6096331/ERR6096331_1.fastq.gz;ftp.sra.ebi.ac.uk/vol1/fastq/ERR609/001/ERR6096331/ERR6096331_2.fastq.gz	214824404;218333547	PAIRED	5093840	760943960	PRJEB45681	SAMEA8914503	2016	Ireland	ftp.sra.ebi.ac.uk/vol1/fastq/ERR609/001/ERR6096331/ERR6096331_1.fastq.gz;ftp.sra.ebi.ac.uk/vol1/fastq/ERR609/001/ERR6096331/ERR6096331_2.fastq.gz	214824404;218333547	433157951	resolved_streamed_fastq_subset	PASS			100000	paired_reads						0.915593		True	0.004651058949999999	2016.4986338797814	prepandemic
IRL__SAMEA8914514	BG::SAMEA8914514	global_background	global_background_country_period_lineage_cap2_prefer_local_and_precise_date	primary	IRL	Ireland	Europe	2016-01-01	2016-12-31	year	2016			MS-MT28	published_background_annotation_not_model_lineage	SAMEA8914514-ERR6096342	SAMEA8914514		ERR6096342	legacy_read_assembly										PASS	True	2026-07-24												0	resolved_legacy_read_assembly					assembly	3873130	67.8059863727786	0.0	376	20287			True	0.0046581314499999985	2016.4986338797814	prepandemic
IRN__SAMN12675034	BG::SAMN12675034	global_background	global_background_country_period_lineage_cap2_prefer_local_and_precise_date	primary	IRN	Iran	Asia	2012-01-01	2012-12-31	year	2012			ptxP3/fim3-2	published_background_annotation_not_model_lineage	SAMN12675034-SRR10058185	SAMN12675034		SRR10058185	ena_fastq_download				;						PASS	True	2026-07-24	ftp.sra.ebi.ac.uk/vol1/fastq/SRR100/085/SRR10058185/SRR10058185_1.fastq.gz;ftp.sra.ebi.ac.uk/vol1/fastq/SRR100/085/SRR10058185/SRR10058185_2.fastq.gz	170515253;172016857	PAIRED	2113510	623983103	PRJNA450302	SAMN12675034	2012	Iran:Tehran	ftp.sra.ebi.ac.uk/vol1/fastq/SRR100/085/SRR10058185/SRR10058185_1.fastq.gz;ftp.sra.ebi.ac.uk/vol1/fastq/SRR100/085/SRR10058185/SRR10058185_2.fastq.gz	170515253;172016857	342532110	resolved_streamed_fastq_subset	PASS			100000	paired_reads						0.898822		True	0.004604148550000001	2012.4986338797814	prepandemic
IRN__SAMN12675035	BG::SAMN12675035	global_background	global_background_country_period_lineage_cap2_prefer_local_and_precise_date	primary	IRN	Iran	Asia	2012-01-01	2012-12-31	year	2012			ptxP3/fim3-2	published_background_annotation_not_model_lineage	SAMN12675035-SRR10058174	SAMN12675035		SRR10058174	ena_fastq_download				;						PASS	True	2026-07-24	ftp.sra.ebi.ac.uk/vol1/fastq/SRR100/074/SRR10058174/SRR10058174_1.fastq.gz;ftp.sra.ebi.ac.uk/vol1/fastq/SRR100/074/SRR10058174/SRR10058174_2.fastq.gz	196664021;196357471	PAIRED	2477174	725000425	PRJNA450302	SAMN12675035	2012	Iran:Tehran	ftp.sra.ebi.ac.uk/vol1/fastq/SRR100/074/SRR10058174/SRR10058174_1.fastq.gz;ftp.sra.ebi.ac.uk/vol1/fastq/SRR100/074/SRR10058174/SRR10058174_2.fastq.gz	196664021;196357471	393021492	resolved_streamed_fastq_subset	PASS			100000	paired_reads						0.914344		True	0.004627553150000001	2012.4986338797814	prepandemic
IRN__SAMN12675064	BG::SAMN12675064	global_background	global_background_country_period_lineage_cap2_prefer_local_and_precise_date	primary	IRN	Iran	Asia	2015-01-01	2015-12-31	year	2015			ptxP3/fim3-2	published_background_annotation_not_model_lineage	SAMN12675064-SRR10058181	SAMN12675064		SRR10058181	ena_fastq_download				;						PASS	True	2026-07-24	ftp.sra.ebi.ac.uk/vol1/fastq/SRR100/081/SRR10058181/SRR10058181_1.fastq.gz;ftp.sra.ebi.ac.uk/vol1/fastq/SRR100/081/SRR10058181/SRR10058181_2.fastq.gz	229599613;227306226	PAIRED	2843717	839059421	PRJNA450302	SAMN12675064	2015	Iran:Eastern Azarbaijan	ftp.sra.ebi.ac.uk/vol1/fastq/SRR100/081/SRR10058181/SRR10058181_1.fastq.gz;ftp.sra.ebi.ac.uk/vol1/fastq/SRR100/081/SRR10058181/SRR10058181_2.fastq.gz	229599613;227306226	456905839	resolved_streamed_fastq_subset	PASS			100000	paired_reads						0.922931		True	0.00463040085	2015.4986301369863	prepandemic
IRN__SAMN12675069	BG::SAMN12675069	global_background	global_background_country_period_lineage_cap2_prefer_local_and_precise_date	primary	IRN	Iran	Asia	2015-01-01	2015-12-31	year	2015			ptxP1/fim3-1	published_background_annotation_not_model_lineage	SAMN12675069-SRR10058176	SAMN12675069		SRR10058176	ena_fastq_download				;						PASS	True	2026-07-24	ftp.sra.ebi.ac.uk/vol1/fastq/SRR100/076/SRR10058176/SRR10058176_1.fastq.gz;ftp.sra.ebi.ac.uk/vol1/fastq/SRR100/076/SRR10058176/SRR10058176_2.fastq.gz	194319683;193939953	PAIRED	2513114	728520145	PRJNA450302	SAMN12675069	2015	Iran:Tehran	ftp.sra.ebi.ac.uk/vol1/fastq/SRR100/076/SRR10058176/SRR10058176_1.fastq.gz;ftp.sra.ebi.ac.uk/vol1/fastq/SRR100/076/SRR10058176/SRR10058176_2.fastq.gz	194319683;193939953	388259636	resolved_streamed_fastq_subset	PASS			100000	paired_reads						0.923441		True	0.004371728650000003	2015.4986301369863	prepandemic
IRN__SAMN12675070	BG::SAMN12675070	global_background	global_background_country_period_lineage_cap2_prefer_local_and_precise_date	primary	IRN	Iran	Asia	2015-01-01	2015-12-31	year	2015			ptxP1/fim3-1	published_background_annotation_not_model_lineage	SAMN12675070-SRR10058175	SAMN12675070		SRR10058175	ena_fastq_download				;						PASS	True	2026-07-24	ftp.sra.ebi.ac.uk/vol1/fastq/SRR100/075/SRR10058175/SRR10058175_1.fastq.gz;ftp.sra.ebi.ac.uk/vol1/fastq/SRR100/075/SRR10058175/SRR10058175_2.fastq.gz	212871969;213909830	PAIRED	2746233	792586301	PRJNA450302	SAMN12675070	2015	Iran:Charmahal	ftp.sra.ebi.ac.uk/vol1/fastq/SRR100/075/SRR10058175/SRR10058175_1.fastq.gz;ftp.sra.ebi.ac.uk/vol1/fastq/SRR100/075/SRR10058175/SRR10058175_2.fastq.gz	212871969;213909830	426781799	resolved_streamed_fastq_subset	PASS			100000	paired_reads						0.915154		True	0.004374699350000002	2015.4986301369863	prepandemic
IRN__SAMN12675071	BG::SAMN12675071	global_background	global_background_country_period_lineage_cap2_prefer_local_and_precise_date	primary	IRN	Iran	Asia	2015-01-01	2015-12-31	year	2015			ptxP3/fim3-2	published_background_annotation_not_model_lineage	SAMN12675071-SRR10058173	SAMN12675071		SRR10058173	legacy_read_assembly										PASS	True	2026-07-24												0	resolved_legacy_read_assembly					assembly	3855013	67.83668433802947	0.0	354	20675			True	0.00463040085	2015.4986301369863	prepandemic
IRN__SAMN12675072	BG::SAMN12675072	global_background	global_background_country_period_lineage_cap2_prefer_local_and_precise_date	primary	IRN	Iran	Asia	2015-01-01	2015-12-31	year	2015			others	published_background_annotation_not_model_lineage	SAMN12675072-SRR10058172	SAMN12675072		SRR10058172	legacy_read_assembly										PASS	True	2026-07-24												0	resolved_legacy_read_assembly					assembly	3802728	67.81510536646323	0.0	361	19919			True	0.0065211267499999965	2015.4986301369863	prepandemic
IRN__SAMN12675074	BG::SAMN12675074	global_background	global_background_country_period_lineage_cap2_prefer_local_and_precise_date	primary	IRN	Iran	Asia	2016-01-01	2016-12-31	year	2016			ptxP3/fim3-1	published_background_annotation_not_model_lineage	SAMN12675074-SRR10058170	SAMN12675074		SRR10058170	legacy_read_assembly										PASS	True	2026-07-24												0	resolved_legacy_read_assembly					assembly	3859024	67.8326696076521	0.0	350	20698			True	0.004599918450000001	2016.4986338797814	prepandemic
IRN__SAMN12675075	BG::SAMN12675075	global_background	global_background_country_period_lineage_cap2_prefer_local_and_precise_date	primary	IRN	Iran	Asia	2016-01-01	2016-12-31	year	2016			others	published_background_annotation_not_model_lineage	SAMN12675075-SRR10058169	SAMN12675075		SRR10058169	legacy_read_assembly										PASS	True	2026-07-24												0	resolved_legacy_read_assembly					assembly	3853414	67.83332909466775	0.0	360	20298			True	0.004590940250000003	2016.4986338797814	prepandemic
ISR__SAMN05908234	BG::SAMN05908234	global_background	global_background_country_period_lineage_cap2_prefer_local_and_precise_date	primary	ISR	Israel	Asia			unknown				ptxP3/fim3-1	published_background_annotation_not_model_lineage	SAMN05908234-SRR4422987	SAMN05908234		SRR4422987	legacy_read_assembly										PASS	True	2026-07-24												0	resolved_legacy_read_assembly					assembly	3874000	67.78004646360351	0.0	348	20503			True	0.0046119529499999996		unknown
ISR__SAMN05908228	BG::SAMN05908228	global_background	global_background_country_period_lineage_cap2_prefer_local_and_precise_date	primary	ISR	Israel	Asia	2007-01-01	2007-12-31	year	2007			ptxP3/fim3-1	published_background_annotation_not_model_lineage	SAMN05908228-SRR4422998	SAMN05908228		SRR4422998	ena_fastq_download				;						PASS	True	2026-07-24	ftp.sra.ebi.ac.uk/vol1/fastq/SRR442/008/SRR4422998/SRR4422998_1.fastq.gz;ftp.sra.ebi.ac.uk/vol1/fastq/SRR442/008/SRR4422998/SRR4422998_2.fastq.gz	196408155;233896734	PAIRED	963632	551892874	PRJNA348407	SAMN05908228	2007-12-04	Israel	ftp.sra.ebi.ac.uk/vol1/fastq/SRR442/008/SRR4422998/SRR4422998_1.fastq.gz;ftp.sra.ebi.ac.uk/vol1/fastq/SRR442/008/SRR4422998/SRR4422998_2.fastq.gz	196408155;233896734	430304889	resolved_streamed_fastq_subset	PASS			100000	paired_reads						0.561655		True	0.0045722064500000005	2007.4986301369863	prepandemic
ISR__SAMN05908230	BG::SAMN05908230	global_background	global_background_country_period_lineage_cap2_prefer_local_and_precise_date	primary	ISR	Israel	Asia	2007-01-01	2007-12-31	year	2007			ptxP3/fim3-1	published_background_annotation_not_model_lineage	SAMN05908230-SRR4422991	SAMN05908230		SRR4422991	ena_fastq_download				;						PASS	True	2026-07-24	ftp.sra.ebi.ac.uk/vol1/fastq/SRR442/001/SRR4422991/SRR4422991_1.fastq.gz;ftp.sra.ebi.ac.uk/vol1/fastq/SRR442/001/SRR4422991/SRR4422991_2.fastq.gz	205389916;245215588	PAIRED	1015237	578682771	PRJNA348407	SAMN05908230	2007-12-25	Israel	ftp.sra.ebi.ac.uk/vol1/fastq/SRR442/001/SRR4422991/SRR4422991_1.fastq.gz;ftp.sra.ebi.ac.uk/vol1/fastq/SRR442/001/SRR4422991/SRR4422991_2.fastq.gz	205389916;245215588	450605504	resolved_streamed_fastq_subset	PASS			100000	paired_reads						0.566107		True	0.0045722064500000005	2007.4986301369863	prepandemic
ISR__SAMN05908227	BG::SAMN05908227	global_background	global_background_country_period_lineage_cap2_prefer_local_and_precise_date	primary	ISR	Israel	Asia	2008-01-01	2008-12-31	year	2008			ptxP3/fim3-2	published_background_annotation_not_model_lineage	SAMN05908227-SRR4423004	SAMN05908227		SRR4423004	ena_fastq_download				;						PASS	True	2026-07-24	ftp.sra.ebi.ac.uk/vol1/fastq/SRR442/004/SRR4423004/SRR4423004_1.fastq.gz;ftp.sra.ebi.ac.uk/vol1/fastq/SRR442/004/SRR4423004/SRR4423004_2.fastq.gz	106543697;125392379	PAIRED	487316	284529754	PRJNA348407	SAMN05908227	2008-07-09	Israel	ftp.sra.ebi.ac.uk/vol1/fastq/SRR442/004/SRR4423004/SRR4423004_1.fastq.gz;ftp.sra.ebi.ac.uk/vol1/fastq/SRR442/004/SRR4423004/SRR4423004_2.fastq.gz	106543697;125392379	231936076	resolved_streamed_fastq_subset	PASS			100000	paired_reads						0.512752		True	0.00461638515	2008.4986338797814	prepandemic
ISR__SAMN05908236	BG::SAMN05908236	global_background	global_background_country_period_lineage_cap2_prefer_local_and_precise_date	primary	ISR	Israel	Asia	2008-01-01	2008-12-31	year	2008			ptxP3/fim3-2	published_background_annotation_not_model_lineage	SAMN05908236-SRR4422989	SAMN05908236		SRR4422989	ena_fastq_download				;						PASS	True	2026-07-24	ftp.sra.ebi.ac.uk/vol1/fastq/SRR442/009/SRR4422989/SRR4422989_1.fastq.gz;ftp.sra.ebi.ac.uk/vol1/fastq/SRR442/009/SRR4422989/SRR4422989_2.fastq.gz	161503821;201220967	PAIRED	788401	460553124	PRJNA348407	SAMN05908236	2008-01-24	Israel	ftp.sra.ebi.ac.uk/vol1/fastq/SRR442/009/SRR4422989/SRR4422989_1.fastq.gz;ftp.sra.ebi.ac.uk/vol1/fastq/SRR442/009/SRR4422989/SRR4422989_2.fastq.gz	161503821;201220967	362724788	resolved_streamed_fastq_subset	PASS			100000	paired_reads						0.501336		True	0.004589582049999999	2008.4986338797814	prepandemic
ISR__SAMN05908237	BG::SAMN05908237	global_background	global_background_country_period_lineage_cap2_prefer_local_and_precise_date	primary	ISR	Israel	Asia	2009-01-01	2009-12-31	year	2009			ptxP1/fim3-1	published_background_annotation_not_model_lineage	SAMN05908237-SRR4422988	SAMN05908237		SRR4422988	ena_fastq_download				;						PASS	True	2026-07-24	ftp.sra.ebi.ac.uk/vol1/fastq/SRR442/008/SRR4422988/SRR4422988_1.fastq.gz;ftp.sra.ebi.ac.uk/vol1/fastq/SRR442/008/SRR4422988/SRR4422988_2.fastq.gz	178266003;221563708	PAIRED	881429	509338520	PRJNA348407	SAMN05908237	2009-06-24	Israel	ftp.sra.ebi.ac.uk/vol1/fastq/SRR442/008/SRR4422988/SRR4422988_1.fastq.gz;ftp.sra.ebi.ac.uk/vol1/fastq/SRR442/008/SRR4422988/SRR4422988_2.fastq.gz	178266003;221563708	399829711	resolved_streamed_fastq_subset	PASS			100000	paired_reads						0.516887		True	0.004519312750000002	2009.4986301369863	prepandemic
ISR__SAMN05908238	BG::SAMN05908238	global_background	global_background_country_period_lineage_cap2_prefer_local_and_precise_date	primary	ISR	Israel	Asia	2011-01-01	2011-12-31	year	2011			ptxP3/fim3-1	published_background_annotation_not_model_lineage	SAMN05908238-SRR4422997	SAMN05908238		SRR4422997	legacy_read_assembly										PASS	True	2026-07-24												0	resolved_legacy_read_assembly					assembly	3875286	67.78204240925702	0.0	351	20747			True	0.00463503125	2011.4986301369863	prepandemic
ITA__SAMEA751497	BG::SAMEA751497	global_background	global_background_country_period_lineage_cap2_prefer_local_and_precise_date	primary	ITA	Italy	Europe	1994-01-01	1994-12-31	year	1994			ptxP1/fim3-1	published_background_annotation_not_model_lineage	SAMEA751497-ERR029294	SAMEA751497	GCA_001207695.1	ERR029294	ncbi_assembly_download					3815631	68	322	18327	ok	PASS	True	2026-07-24												0	resolved_ncbi_assembly					assembly	3815631	67.90564915737397	0.000510269467880935	289	20093			True	0.0046348253500000025	1994.4986301369863	prepandemic
ITA__SAMEA8914521	BG::SAMEA8914521	global_background	global_background_country_period_lineage_cap2_prefer_local_and_precise_date	primary	ITA	Italy	Europe	2014-01-01	2014-12-31	year	2014			ptxP3/fim3-2	published_background_annotation_not_model_lineage	SAMEA8914521-ERR6097522	SAMEA8914521		ERR6097522	ena_fastq_download				;						PASS	True	2026-07-24	ftp.sra.ebi.ac.uk/vol1/fastq/ERR609/002/ERR6097522/ERR6097522_1.fastq.gz;ftp.sra.ebi.ac.uk/vol1/fastq/ERR609/002/ERR6097522/ERR6097522_2.fastq.gz	92455464;110545344	PAIRED	991040	244814311	PRJEB45681	SAMEA8914521	2014	Italy	ftp.sra.ebi.ac.uk/vol1/fastq/ERR609/002/ERR6097522/ERR6097522_1.fastq.gz;ftp.sra.ebi.ac.uk/vol1/fastq/ERR609/002/ERR6097522/ERR6097522_2.fastq.gz	92455464;110545344	203000808	resolved_streamed_fastq_subset	PASS			100000	paired_reads						0.613442		True	0.00461835465	2014.4986301369863	prepandemic
ITA__SAMEA8914539	BG::SAMEA8914539	global_background	global_background_country_period_lineage_cap2_prefer_local_and_precise_date	primary	ITA	Italy	Europe	2014-01-01	2014-12-31	year	2014			ptxP1/fim3-1	published_background_annotation_not_model_lineage	SAMEA8914539-ERR6097540	SAMEA8914539		ERR6097540	ena_fastq_download				;						PASS	True	2026-07-24	ftp.sra.ebi.ac.uk/vol1/fastq/ERR609/000/ERR6097540/ERR6097540_1.fastq.gz;ftp.sra.ebi.ac.uk/vol1/fastq/ERR609/000/ERR6097540/ERR6097540_2.fastq.gz	97556186;115235829	PAIRED	1052478	254839760	PRJEB45681	SAMEA8914539	2014	Italy	ftp.sra.ebi.ac.uk/vol1/fastq/ERR609/000/ERR6097540/ERR6097540_1.fastq.gz;ftp.sra.ebi.ac.uk/vol1/fastq/ERR609/000/ERR6097540/ERR6097540_2.fastq.gz	97556186;115235829	212792015	resolved_streamed_fastq_subset	PASS			100000	paired_reads						0.595941		True	0.004580002950000003	2014.4986301369863	prepandemic
ITA__SAMEA8914541	BG::SAMEA8914541	global_background	global_background_country_period_lineage_cap2_prefer_local_and_precise_date	primary	ITA	Italy	Europe	2014-01-01	2014-12-31	year	2014			ptxP3/fim3-1	published_background_annotation_not_model_lineage	SAMEA8914541-ERR6097542	SAMEA8914541		ERR6097542	ena_fastq_download				;						PASS	True	2026-07-24	ftp.sra.ebi.ac.uk/vol1/fastq/ERR609/002/ERR6097542/ERR6097542_1.fastq.gz;ftp.sra.ebi.ac.uk/vol1/fastq/ERR609/002/ERR6097542/ERR6097542_2.fastq.gz	105725489;123796243	PAIRED	1119450	274915441	PRJEB45681	SAMEA8914541	2014	Italy	ftp.sra.ebi.ac.uk/vol1/fastq/ERR609/002/ERR6097542/ERR6097542_1.fastq.gz;ftp.sra.ebi.ac.uk/vol1/fastq/ERR609/002/ERR6097542/ERR6097542_2.fastq.gz	105725489;123796243	229521732	resolved_streamed_fastq_subset	PASS			100000	paired_reads						0.602154		True	0.004574983350000001	2014.4986301369863	prepandemic
ITA__SAMN03784877	BG::SAMN03784877	global_background	global_background_country_period_lineage_cap2_prefer_local_and_precise_date	primary	ITA	Italy	Europe	2014-01-01	2014-12-31	year	2014			ptxP3/fim3-1	published_background_annotation_not_model_lineage	SAMN03784877-GCA_001187405.1	SAMN03784877	GCA_001187405		ncbi_assembly_download					3876671	68	322	20184	ok	PASS	True	2026-07-24												0	resolved_ncbi_assembly					assembly	3876671	67.76933095431622	0.00033327563778303603	299	20184			True	0.004565197350000002	2014.4986301369863	prepandemic
ITA__SAMEA8914518	BG::SAMEA8914518	global_background	global_background_country_period_lineage_cap2_prefer_local_and_precise_date	primary	ITA	Italy	Europe	2015-01-01	2015-12-31	year	2015			ptxP3/fim3-2	published_background_annotation_not_model_lineage	SAMEA8914518-ERR6097519	SAMEA8914518		ERR6097519	legacy_read_assembly										PASS	True	2026-07-24												0	resolved_legacy_read_assembly					assembly	3871790	67.77593826111436	0.0	364	19623			True	0.004695701749999997	2015.4986301369863	prepandemic
ITA__SAMEA8914529	BG::SAMEA8914529	global_background	global_background_country_period_lineage_cap2_prefer_local_and_precise_date	primary	ITA	Italy	Europe	2016-01-01	2016-12-31	year	2016			ptxP3/fim3-1	published_background_annotation_not_model_lineage	SAMEA8914529-ERR6097530	SAMEA8914529		ERR6097530	ena_fastq_download				;						PASS	True	2026-07-24	ftp.sra.ebi.ac.uk/vol1/fastq/ERR609/000/ERR6097530/ERR6097530_1.fastq.gz;ftp.sra.ebi.ac.uk/vol1/fastq/ERR609/000/ERR6097530/ERR6097530_2.fastq.gz	127575010;148997259	PAIRED	1404624	336840659	PRJEB45681	SAMEA8914529	2016	Italy	ftp.sra.ebi.ac.uk/vol1/fastq/ERR609/000/ERR6097530/ERR6097530_1.fastq.gz;ftp.sra.ebi.ac.uk/vol1/fastq/ERR609/000/ERR6097530/ERR6097530_2.fastq.gz	127575010;148997259	276572269	resolved_streamed_fastq_subset	PASS			100000	paired_reads						0.638738		True	0.004636772949999997	2016.4986338797814	prepandemic
ITA__SAMEA8914531	BG::SAMEA8914531	global_background	global_background_country_period_lineage_cap2_prefer_local_and_precise_date	primary	ITA	Italy	Europe	2016-01-01	2016-12-31	year	2016			ptxP3/fim3-1	published_background_annotation_not_model_lineage	SAMEA8914531-ERR6097532	SAMEA8914531		ERR6097532	ena_fastq_download				;						PASS	True	2026-07-24	ftp.sra.ebi.ac.uk/vol1/fastq/ERR609/002/ERR6097532/ERR6097532_1.fastq.gz;ftp.sra.ebi.ac.uk/vol1/fastq/ERR609/002/ERR6097532/ERR6097532_2.fastq.gz	127503060;144237584	PAIRED	1342868	329532274	PRJEB45681	SAMEA8914531	2016	Italy	ftp.sra.ebi.ac.uk/vol1/fastq/ERR609/002/ERR6097532/ERR6097532_1.fastq.gz;ftp.sra.ebi.ac.uk/vol1/fastq/ERR609/002/ERR6097532/ERR6097532_2.fastq.gz	127503060;144237584	271740644	resolved_streamed_fastq_subset	PASS			100000	paired_reads						0.632361		True	0.004601228449999997	2016.4986338797814	prepandemic
KEN__SAMEA1931748	BG::SAMEA1931748	global_background	global_background_country_period_lineage_cap2_prefer_local_and_precise_date	primary	KEN	Kenya	Africa	1975-01-01	1975-12-31	year	1975			others	published_background_annotation_not_model_lineage	SAMEA1931748-ERR361832	SAMEA1931748	GCA_001331155.1	ERR361832	ncbi_assembly_download					3846507	68	407	14809	ok	PASS	True	2026-07-24												0	resolved_ncbi_assembly					assembly	3846507	67.80362027158667	0.0018047542874613254	295	19484			True	0.0045486349500000025	1975.4986301369863	prepandemic
MEX__SAMN07362432	BG::SAMN07362432	global_background	global_background_country_period_lineage_cap2_prefer_local_and_precise_date	primary	MEX	Mexico	North_America	2008-01-01	2008-12-31	year	2008			ptxP3/fim3-2	published_background_annotation_not_model_lineage	SAMN07362432-SRR5858783	SAMN07362432	GCA_002406875.1	SRR5858783	ncbi_assembly_download					3868965	68	341	19559	ok	PASS	True	2026-07-24												0	resolved_ncbi_assembly					assembly	3868965	67.8297942731454	0.0	341	19559			True	0.00465269795	2008.4986338797814	prepandemic
MEX__SAMN07362433	BG::SAMN07362433	global_background	global_background_country_period_lineage_cap2_prefer_local_and_precise_date	primary	MEX	Mexico	North_America	2009-01-01	2009-12-31	year	2009			ptxP3/fim3-2	published_background_annotation_not_model_lineage	SAMN07362433-SRR5858782	SAMN07362433	GCA_002406865.1	SRR5858782	ncbi_assembly_download					3884116	68	317	19430	ok	PASS	True	2026-07-24												0	resolved_ncbi_assembly					assembly	3884116	67.76924273116457	0.0	317	19430			True	0.004693353850000001	2009.4986301369863	prepandemic
MEX__SAMN07362434	BG::SAMN07362434	global_background	global_background_country_period_lineage_cap2_prefer_local_and_precise_date	primary	MEX	Mexico	North_America	2012-01-01	2012-12-31	year	2012			ptxP3/fim3-1	published_background_annotation_not_model_lineage	SAMN07362434-SRR5858785	SAMN07362434	GCA_002406825.1	SRR5858785	ncbi_assembly_download					3839894	68	301	19284	ok	PASS	True	2026-07-24												0	resolved_ncbi_assembly					assembly	3839894	67.8562741575679	0.0	301	19284			True	0.004635987049999997	2012.4986338797814	prepandemic
MEX__SAMN07362435	BG::SAMN07362435	global_background	global_background_country_period_lineage_cap2_prefer_local_and_precise_date	primary	MEX	Mexico	North_America	2014-01-01	2014-12-31	year	2014			ptxP3/fim3-1	published_background_annotation_not_model_lineage	SAMN07362435-SRR5858784	SAMN07362435	GCA_002406835.1	SRR5858784	ncbi_assembly_download					3868470	68	297	20332	ok	PASS	True	2026-07-24												0	resolved_ncbi_assembly					assembly	3868470	67.79090958440933	0.0	297	20332			True	0.004583941349999997	2014.4986301369863	prepandemic
NLD__SAMEA751360	BG::SAMEA751360	global_background	global_background_country_period_lineage_cap2_prefer_local_and_precise_date	primary	NLD	Netherlands	Europe	1977-01-01	1977-12-31	year	1977			others	published_background_annotation_not_model_lineage	SAMEA751360-ERR031099	SAMEA751360	GCA_001332535.1	ERR031099	ncbi_assembly_download					3846818	68	340	18117	ok	PASS	True	2026-07-24												0	resolved_ncbi_assembly					assembly	3846818	67.9155863365514	0.00014713459279851556	327	18869			True	0.004578784750000003	1977.4986301369863	prepandemic
NLD__SAMN03566780	BG::SAMN03566780	global_background	global_background_country_period_lineage_cap2_prefer_local_and_precise_date	primary	NLD	Netherlands	Europe	1999-01-01	1999-12-31	year	1999			ptxP3/fim3-2	published_background_annotation_not_model_lineage	SAMN03566780-GCA_001307585.1	SAMN03566780	GCA_001307585		ncbi_assembly_download					4108472	67.5	1	4108472	ok	PASS	True	2026-07-24												0	resolved_ncbi_assembly					assembly	4108472	67.70512248836063	0.0	1	4108472			True	0.00454903295	1999.4986301369863	prepandemic
NLD__SAMN03566781	BG::SAMN03566781	global_background	global_background_country_period_lineage_cap2_prefer_local_and_precise_date	primary	NLD	Netherlands	Europe	1999-01-01	1999-12-31	year	1999			ptxP3/fim3-2	published_background_annotation_not_model_lineage	SAMN03566781-GCA_001307605.1	SAMN03566781	GCA_001307605		ncbi_assembly_download					4105363	67.5	1	4105363	ok	PASS	True	2026-07-24												0	resolved_ncbi_assembly					assembly	4105363	67.70758152202376	0.0	1	4105363			True	0.0045486050500000005	1999.4986301369863	prepandemic
NLD__SAMN03566785	BG::SAMN03566785	global_background	global_background_country_period_lineage_cap2_prefer_local_and_precise_date	primary	NLD	Netherlands	Europe	2010-01-01	2010-12-31	year	2010			ptxP3/fim3-1	published_background_annotation_not_model_lineage	SAMN03566785-GCA_001307685.1	SAMN03566785	GCA_001307685		ncbi_assembly_download					4110990	67.5	1	4110990	ok	PASS	True	2026-07-24												0	resolved_ncbi_assembly					assembly	4110990	67.70194040851474	0.0	1	4110990			True	0.0045540198499999995	2010.4986301369863	prepandemic
NLD__SAMN03566787	BG::SAMN03566787	global_background	global_background_country_period_lineage_cap2_prefer_local_and_precise_date	primary	NLD	Netherlands	Europe	2012-01-01	2012-12-31	year	2012			ptxP3/fim3-1	published_background_annotation_not_model_lineage	SAMN03566787-GCA_001307725.1	SAMN03566787	GCA_001307725		ncbi_assembly_download					4109548	67.5	1	4109548	ok	PASS	True	2026-07-24												0	resolved_ncbi_assembly					assembly	4109548	67.70367446736235	0.0	1	4109548			True	0.004589307149999998	2012.4986338797814	prepandemic
NLD__SAMEA8914547	BG::SAMEA8914547	global_background	global_background_country_period_lineage_cap2_prefer_local_and_precise_date	primary	NLD	Netherlands	Europe	2014-01-01	2014-12-31	year	2014			ptxP3/fim3-2	published_background_annotation_not_model_lineage	SAMEA8914547-ERR6096390	SAMEA8914547		ERR6096390	ena_fastq_download				;						PASS	True	2026-07-24	ftp.sra.ebi.ac.uk/vol1/fastq/ERR609/000/ERR6096390/ERR6096390_1.fastq.gz;ftp.sra.ebi.ac.uk/vol1/fastq/ERR609/000/ERR6096390/ERR6096390_2.fastq.gz	124467003;143457219	PAIRED	1433532	358383000	PRJEB45681	SAMEA8914547	2014	Netherlands	ftp.sra.ebi.ac.uk/vol1/fastq/ERR609/000/ERR6096390/ERR6096390_1.fastq.gz;ftp.sra.ebi.ac.uk/vol1/fastq/ERR609/000/ERR6096390/ERR6096390_2.fastq.gz	124467003;143457219	267924222	resolved_streamed_fastq_subset	PASS			100000	paired_reads						0.766858		True	0.004573685749999997	2014.4986301369863	prepandemic
NLD__SAMEA8914556	BG::SAMEA8914556	global_background	global_background_country_period_lineage_cap2_prefer_local_and_precise_date	primary	NLD	Netherlands	Europe	2015-01-01	2015-12-31	year	2015			ptxP3/fim3-1	published_background_annotation_not_model_lineage	SAMEA8914556-ERR6096399	SAMEA8914556		ERR6096399	ena_fastq_download				;						PASS	True	2026-07-24	ftp.sra.ebi.ac.uk/vol1/fastq/ERR609/009/ERR6096399/ERR6096399_1.fastq.gz;ftp.sra.ebi.ac.uk/vol1/fastq/ERR609/009/ERR6096399/ERR6096399_2.fastq.gz	197753375;242116320	PAIRED	2410748	602687000	PRJEB45681	SAMEA8914556	2015	Netherlands	ftp.sra.ebi.ac.uk/vol1/fastq/ERR609/009/ERR6096399/ERR6096399_1.fastq.gz;ftp.sra.ebi.ac.uk/vol1/fastq/ERR609/009/ERR6096399/ERR6096399_2.fastq.gz	197753375;242116320	439869695	resolved_streamed_fastq_subset	PASS			100000	paired_reads						0.738327		True	0.004606426549999999	2015.4986301369863	prepandemic
NLD__SAMEA8914562	BG::SAMEA8914562	global_background	global_background_country_period_lineage_cap2_prefer_local_and_precise_date	primary	NLD	Netherlands	Europe	2015-01-01	2015-12-31	year	2015			ptxP3/fim3-2	published_background_annotation_not_model_lineage	SAMEA8914562-ERR6096405	SAMEA8914562		ERR6096405	legacy_read_assembly										PASS	True	2026-07-24												0	resolved_legacy_read_assembly					assembly	3874817	67.7888529961544	0.0	330	23051			True	0.004562174649999997	2015.4986301369863	prepandemic
NLD__SAMEA8914566	BG::SAMEA8914566	global_background	global_background_country_period_lineage_cap2_prefer_local_and_precise_date	primary	NLD	Netherlands	Europe	2016-01-01	2016-12-31	year	2016			ptxP3/fim3-1	published_background_annotation_not_model_lineage	SAMEA8914566-ERR6096409	SAMEA8914566		ERR6096409	ena_fastq_download				;						PASS	True	2026-07-24	ftp.sra.ebi.ac.uk/vol1/fastq/ERR609/009/ERR6096409/ERR6096409_1.fastq.gz;ftp.sra.ebi.ac.uk/vol1/fastq/ERR609/009/ERR6096409/ERR6096409_2.fastq.gz	229677948;245838545	PAIRED	2557878	639469500	PRJEB45681	SAMEA8914566	2016	Netherlands	ftp.sra.ebi.ac.uk/vol1/fastq/ERR609/009/ERR6096409/ERR6096409_1.fastq.gz;ftp.sra.ebi.ac.uk/vol1/fastq/ERR609/009/ERR6096409/ERR6096409_2.fastq.gz	229677948;245838545	475516493	resolved_streamed_fastq_subset	PASS			100000	paired_reads						0.828762		True	0.004588667650000001	2016.4986338797814	prepandemic
NLD__SAMEA8914568	BG::SAMEA8914568	global_background	global_background_country_period_lineage_cap2_prefer_local_and_precise_date	primary	NLD	Netherlands	Europe	2016-01-01	2016-12-31	year	2016			ptxP3/fim3-2	published_background_annotation_not_model_lineage	SAMEA8914568-ERR6096411	SAMEA8914568		ERR6096411	ena_fastq_download				;						PASS	True	2026-07-24	ftp.sra.ebi.ac.uk/vol1/fastq/ERR609/001/ERR6096411/ERR6096411_1.fastq.gz;ftp.sra.ebi.ac.uk/vol1/fastq/ERR609/001/ERR6096411/ERR6096411_2.fastq.gz	147756307;173772693	PAIRED	1898228	474557000	PRJEB45681	SAMEA8914568	2016	Netherlands	ftp.sra.ebi.ac.uk/vol1/fastq/ERR609/001/ERR6096411/ERR6096411_1.fastq.gz;ftp.sra.ebi.ac.uk/vol1/fastq/ERR609/001/ERR6096411/ERR6096411_2.fastq.gz	147756307;173772693	321529000	resolved_streamed_fastq_subset	PASS			100000	paired_reads						0.843643		True	0.004567874549999998	2016.4986338797814	prepandemic
NOR__SAMEA10057869	BG::SAMEA10057869	global_background	global_background_country_period_lineage_cap2_prefer_local_and_precise_date	primary	NOR	Norway	Europe	1996-01-01	1996-12-31	year	1996			ptxP3/fim3-1	published_background_annotation_not_model_lineage	SAMEA10057869-ERR6722665	SAMEA10057869		ERR6722665	ena_fastq_download				;						PASS	True	2026-07-24	ftp.sra.ebi.ac.uk/vol1/fastq/ERR672/005/ERR6722665/ERR6722665_1.fastq.gz;ftp.sra.ebi.ac.uk/vol1/fastq/ERR672/005/ERR6722665/ERR6722665_2.fastq.gz	190318605;217875693	PAIRED	1833842	521430221	PRJEB47526	SAMEA10057869	1996-12-04	Norway	ftp.sra.ebi.ac.uk/vol1/fastq/ERR672/005/ERR6722665/ERR6722665_1.fastq.gz;ftp.sra.ebi.ac.uk/vol1/fastq/ERR672/005/ERR6722665/ERR6722665_2.fastq.gz	190318605;217875693	408194298	resolved_streamed_fastq_subset	PASS			100000	paired_reads						0.49208		True	0.004513484450000002	1996.4986338797814	prepandemic
NOR__SAMEA10057881	BG::SAMEA10057881	global_background	global_background_country_period_lineage_cap2_prefer_local_and_precise_date	primary	NOR	Norway	Europe	1997-01-01	1997-12-31	year	1997			ptxP1/fim3-1	published_background_annotation_not_model_lineage	SAMEA10057881-ERR6722677	SAMEA10057881		ERR6722677	legacy_read_assembly										PASS	True	2026-07-24												0	resolved_legacy_read_assembly					assembly	3874420	67.78090656149824	0.0	334	22585			True	0.004512652150000003	1997.4986301369863	prepandemic
NOR__SAMEA10057882	BG::SAMEA10057882	global_background	global_background_country_period_lineage_cap2_prefer_local_and_precise_date	primary	NOR	Norway	Europe	1997-01-01	1997-12-31	year	1997			ptxP1/fim3-1	published_background_annotation_not_model_lineage	SAMEA10057882-ERR6722678	SAMEA10057882		ERR6722678	ena_fastq_download				;						PASS	True	2026-07-24	ftp.sra.ebi.ac.uk/vol1/fastq/ERR672/008/ERR6722678/ERR6722678_1.fastq.gz;ftp.sra.ebi.ac.uk/vol1/fastq/ERR672/008/ERR6722678/ERR6722678_2.fastq.gz	210460061;260937924	PAIRED	2182484	633175174	PRJEB47526	SAMEA10057882	1997-09-08	Norway	ftp.sra.ebi.ac.uk/vol1/fastq/ERR672/008/ERR6722678/ERR6722678_1.fastq.gz;ftp.sra.ebi.ac.uk/vol1/fastq/ERR672/008/ERR6722678/ERR6722678_2.fastq.gz	210460061;260937924	471397985	resolved_streamed_fastq_subset	PASS			100000	paired_reads						0.670881		True	0.004559710150000003	1997.4986301369863	prepandemic
NOR__SAMEA10057895	BG::SAMEA10057895	global_background	global_background_country_period_lineage_cap2_prefer_local_and_precise_date	primary	NOR	Norway	Europe	1998-01-01	1998-12-31	year	1998			ptxP3/fim3-2	published_background_annotation_not_model_lineage	SAMEA10057895-ERR6722691	SAMEA10057895		ERR6722691	legacy_read_assembly										PASS	True	2026-07-24												0	resolved_legacy_read_assembly					assembly	3871698	67.76923200104967	0.0	335	22532			True	0.004588986750000001	1998.4986301369863	prepandemic
NOR__SAMEA10057896	BG::SAMEA10057896	global_background	global_background_country_period_lineage_cap2_prefer_local_and_precise_date	primary	NOR	Norway	Europe	1999-01-01	1999-12-31	year	1999			ptxP3/fim3-2	published_background_annotation_not_model_lineage	SAMEA10057896-ERR6722692	SAMEA10057896		ERR6722692	legacy_read_assembly										PASS	True	2026-07-24												0	resolved_legacy_read_assembly					assembly	3885325	67.71585388609705	0.0	353	22091			True	0.0045953520499999985	1999.4986301369863	prepandemic
NOR__SAMEA10057903	BG::SAMEA10057903	global_background	global_background_country_period_lineage_cap2_prefer_local_and_precise_date	primary	NOR	Norway	Europe	1999-01-01	1999-12-31	year	1999			ptxP3/fim3-1	published_background_annotation_not_model_lineage	SAMEA10057903-ERR6722699	SAMEA10057903		ERR6722699	ena_fastq_download				;						PASS	True	2026-07-24	ftp.sra.ebi.ac.uk/vol1/fastq/ERR672/009/ERR6722699/ERR6722699_1.fastq.gz;ftp.sra.ebi.ac.uk/vol1/fastq/ERR672/009/ERR6722699/ERR6722699_2.fastq.gz	236418483;282118197	PAIRED	2593148	732430403	PRJEB47526	SAMEA10057903	1999-04-01	Norway	ftp.sra.ebi.ac.uk/vol1/fastq/ERR672/009/ERR6722699/ERR6722699_1.fastq.gz;ftp.sra.ebi.ac.uk/vol1/fastq/ERR672/009/ERR6722699/ERR6722699_2.fastq.gz	236418483;282118197	518536680	resolved_streamed_fastq_subset	PASS			100000	paired_reads						0.680264		True	0.0045482097500000014	1999.4986301369863	prepandemic
NOR__SAMEA10057914	BG::SAMEA10057914	global_background	global_background_country_period_lineage_cap2_prefer_local_and_precise_date	primary	NOR	Norway	Europe	2001-01-01	2001-12-31	year	2001			ptxP3/fim3-2	published_background_annotation_not_model_lineage	SAMEA10057914-ERR6722710	SAMEA10057914		ERR6722710	ena_fastq_download				;						PASS	True	2026-07-24	ftp.sra.ebi.ac.uk/vol1/fastq/ERR672/000/ERR6722710/ERR6722710_1.fastq.gz;ftp.sra.ebi.ac.uk/vol1/fastq/ERR672/000/ERR6722710/ERR6722710_2.fastq.gz	184540280;218149169	PAIRED	1861142	538903829	PRJEB47526	SAMEA10057914	2001-01-29	Norway	ftp.sra.ebi.ac.uk/vol1/fastq/ERR672/000/ERR6722710/ERR6722710_1.fastq.gz;ftp.sra.ebi.ac.uk/vol1/fastq/ERR672/000/ERR6722710/ERR6722710_2.fastq.gz	184540280;218149169	402689449	resolved_streamed_fastq_subset	PASS			100000	paired_reads						0.518504		True	0.004588494549999999	2001.4986301369863	prepandemic
NOR__SAMEA10057937	BG::SAMEA10057937	global_background	global_background_country_period_lineage_cap2_prefer_local_and_precise_date	primary	NOR	Norway	Europe	2004-01-01	2004-12-31	year	2004			ptxP1/fim3-1	published_background_annotation_not_model_lineage	SAMEA10057937-ERR6722732	SAMEA10057937		ERR6722732	ena_fastq_download				;						PASS	True	2026-07-24	ftp.sra.ebi.ac.uk/vol1/fastq/ERR672/002/ERR6722732/ERR6722732_1.fastq.gz;ftp.sra.ebi.ac.uk/vol1/fastq/ERR672/002/ERR6722732/ERR6722732_2.fastq.gz	90647306;114636123	PAIRED	980392	286959648	PRJEB47526	SAMEA10057937	2004-05-18	Norway	ftp.sra.ebi.ac.uk/vol1/fastq/ERR672/002/ERR6722732/ERR6722732_1.fastq.gz;ftp.sra.ebi.ac.uk/vol1/fastq/ERR672/002/ERR6722732/ERR6722732_2.fastq.gz	90647306;114636123	205283429	resolved_streamed_fastq_subset	PASS			100000	paired_reads						0.658243		True	0.004494262950000003	2004.4986338797814	prepandemic
NOR__SAMEA10057952	BG::SAMEA10057952	global_background	global_background_country_period_lineage_cap2_prefer_local_and_precise_date	primary	NOR	Norway	Europe	2005-01-01	2005-12-31	year	2005			others	published_background_annotation_not_model_lineage	SAMEA10057952-ERR6722747	SAMEA10057952		ERR6722747	ena_fastq_download				;						PASS	True	2026-07-24	ftp.sra.ebi.ac.uk/vol1/fastq/ERR672/007/ERR6722747/ERR6722747_1.fastq.gz;ftp.sra.ebi.ac.uk/vol1/fastq/ERR672/007/ERR6722747/ERR6722747_2.fastq.gz	131729621;163001266	PAIRED	1486074	422204277	PRJEB47526	SAMEA10057952	2005-12-01	Norway	ftp.sra.ebi.ac.uk/vol1/fastq/ERR672/007/ERR6722747/ERR6722747_1.fastq.gz;ftp.sra.ebi.ac.uk/vol1/fastq/ERR672/007/ERR6722747/ERR6722747_2.fastq.gz	131729621;163001266	294730887	resolved_streamed_fastq_subset	PASS			100000	paired_reads						0.678484		True	0.0045396161500000035	2005.4986301369863	prepandemic
NOR__SAMEA10057955	BG::SAMEA10057955	global_background	global_background_country_period_lineage_cap2_prefer_local_and_precise_date	primary	NOR	Norway	Europe	2006-01-01	2006-12-31	year	2006			ptxP3/fim3-2	published_background_annotation_not_model_lineage	SAMEA10057955-ERR6722750	SAMEA10057955		ERR6722750	ena_fastq_download				;						PASS	True	2026-07-24	ftp.sra.ebi.ac.uk/vol1/fastq/ERR672/000/ERR6722750/ERR6722750_1.fastq.gz;ftp.sra.ebi.ac.uk/vol1/fastq/ERR672/000/ERR6722750/ERR6722750_2.fastq.gz	119875192;151927019	PAIRED	1347010	392789564	PRJEB47526	SAMEA10057955	2006-03-08	Norway	ftp.sra.ebi.ac.uk/vol1/fastq/ERR672/000/ERR6722750/ERR6722750_1.fastq.gz;ftp.sra.ebi.ac.uk/vol1/fastq/ERR672/000/ERR6722750/ERR6722750_2.fastq.gz	119875192;151927019	271802211	resolved_streamed_fastq_subset	PASS			100000	paired_reads						0.680982		True	0.00456163845	2006.4986301369863	prepandemic
NOR__SAMEA10057975	BG::SAMEA10057975	global_background	global_background_country_period_lineage_cap2_prefer_local_and_precise_date	primary	NOR	Norway	Europe	2009-01-01	2009-12-31	year	2009			ptxP3/fim3-1	published_background_annotation_not_model_lineage	SAMEA10057975-ERR6722770	SAMEA10057975		ERR6722770	ena_fastq_download				;						PASS	True	2026-07-24	ftp.sra.ebi.ac.uk/vol1/fastq/ERR672/000/ERR6722770/ERR6722770_1.fastq.gz;ftp.sra.ebi.ac.uk/vol1/fastq/ERR672/000/ERR6722770/ERR6722770_2.fastq.gz	214662312;242786659	PAIRED	2084162	587978697	PRJEB47526	SAMEA10057975	2009-01-11	Norway	ftp.sra.ebi.ac.uk/vol1/fastq/ERR672/000/ERR6722770/ERR6722770_1.fastq.gz;ftp.sra.ebi.ac.uk/vol1/fastq/ERR672/000/ERR6722770/ERR6722770_2.fastq.gz	214662312;242786659	457448971	resolved_streamed_fastq_subset	PASS			100000	paired_reads						0.493041		True	0.004559836050000001	2009.4986301369863	prepandemic
NOR__SAMN03566786	BG::SAMN03566786	global_background	global_background_country_period_lineage_cap2_prefer_local_and_precise_date	primary	NOR	Norway	Europe	2009-01-01	2009-12-31	year	2009			ptxP3/fim3-1	published_background_annotation_not_model_lineage	SAMN03566786-GCA_001307705.1	SAMN03566786	GCA_001307705		ncbi_assembly_download					4103254	67.5	1	4103254	ok	PASS	True	2026-07-24												0	resolved_ncbi_assembly					assembly	4103254	67.70974938426917	0.0	1	4103254			True	0.0045538168500000005	2009.4986301369863	prepandemic
NOR__SAMEA10057987	BG::SAMEA10057987	global_background	global_background_country_period_lineage_cap2_prefer_local_and_precise_date	primary	NOR	Norway	Europe	2012-01-01	2012-12-31	year	2012			ptxP3/fim3-2	published_background_annotation_not_model_lineage	SAMEA10057987-ERR6722782	SAMEA10057987		ERR6722782	ena_fastq_download				;						PASS	True	2026-07-24	ftp.sra.ebi.ac.uk/vol1/fastq/ERR672/002/ERR6722782/ERR6722782_1.fastq.gz;ftp.sra.ebi.ac.uk/vol1/fastq/ERR672/002/ERR6722782/ERR6722782_2.fastq.gz	165647830;196647471	PAIRED	1969098	540012680	PRJEB47526	SAMEA10057987	2012-11-19	Norway	ftp.sra.ebi.ac.uk/vol1/fastq/ERR672/002/ERR6722782/ERR6722782_1.fastq.gz;ftp.sra.ebi.ac.uk/vol1/fastq/ERR672/002/ERR6722782/ERR6722782_2.fastq.gz	165647830;196647471	362295301	resolved_streamed_fastq_subset	PASS			100000	paired_reads						0.739986		True	0.00458978205	2012.4986338797814	prepandemic
NOR__SAMEA10057988	BG::SAMEA10057988	global_background	global_background_country_period_lineage_cap2_prefer_local_and_precise_date	primary	NOR	Norway	Europe	2012-01-01	2012-12-31	year	2012			MS-MT28	published_background_annotation_not_model_lineage	SAMEA10057988-ERR6722783	SAMEA10057988		ERR6722783	legacy_read_assembly										PASS	True	2026-07-24												0	resolved_legacy_read_assembly					assembly	3895608	67.6820152335656	0.0	359	21013			True	0.004698364849999999	2012.4986338797814	prepandemic
NOR__SAMEA10057989	BG::SAMEA10057989	global_background	global_background_country_period_lineage_cap2_prefer_local_and_precise_date	primary	NOR	Norway	Europe	2012-01-01	2012-12-31	year	2012			MS-MT28	published_background_annotation_not_model_lineage	SAMEA10057989-ERR6722784	SAMEA10057989		ERR6722784	ena_fastq_download				;						PASS	True	2026-07-24	ftp.sra.ebi.ac.uk/vol1/fastq/ERR672/004/ERR6722784/ERR6722784_1.fastq.gz;ftp.sra.ebi.ac.uk/vol1/fastq/ERR672/004/ERR6722784/ERR6722784_2.fastq.gz	222486996;257423201	PAIRED	2566446	708356471	PRJEB47526	SAMEA10057989	2012-11-28	Norway	ftp.sra.ebi.ac.uk/vol1/fastq/ERR672/004/ERR6722784/ERR6722784_1.fastq.gz;ftp.sra.ebi.ac.uk/vol1/fastq/ERR672/004/ERR6722784/ERR6722784_2.fastq.gz	222486996;257423201	479910197	resolved_streamed_fastq_subset	PASS			100000	paired_reads						0.702159		True	0.004617739749999999	2012.4986338797814	prepandemic
NOR__SAMEA10057995	BG::SAMEA10057995	global_background	global_background_country_period_lineage_cap2_prefer_local_and_precise_date	primary	NOR	Norway	Europe	2013-01-01	2013-12-31	year	2013			ptxP3/fim3-1	published_background_annotation_not_model_lineage	SAMEA10057995-ERR6722790	SAMEA10057995		ERR6722790	ena_fastq_download				;						PASS	True	2026-07-24	ftp.sra.ebi.ac.uk/vol1/fastq/ERR672/000/ERR6722790/ERR6722790_1.fastq.gz;ftp.sra.ebi.ac.uk/vol1/fastq/ERR672/000/ERR6722790/ERR6722790_2.fastq.gz	137923187;160439279	PAIRED	1368064	400857390	PRJEB47526	SAMEA10057995	2013-06-05	Norway	ftp.sra.ebi.ac.uk/vol1/fastq/ERR672/000/ERR6722790/ERR6722790_1.fastq.gz;ftp.sra.ebi.ac.uk/vol1/fastq/ERR672/000/ERR6722790/ERR6722790_2.fastq.gz	137923187;160439279	298362466	resolved_streamed_fastq_subset	PASS			100000	paired_reads						0.572276		True	0.004586329549999999	2013.4986301369863	prepandemic
NOR__SAMEA8914580	BG::SAMEA8914580	global_background	global_background_country_period_lineage_cap2_prefer_local_and_precise_date	primary	NOR	Norway	Europe	2014-01-01	2014-12-31	year	2014			ptxP3/fim3-1	published_background_annotation_not_model_lineage	SAMEA8914580-ERR6096423	SAMEA8914580		ERR6096423	legacy_read_assembly										PASS	True	2026-07-24												0	resolved_legacy_read_assembly					assembly	3872115	67.80495930518593	0.0	404	20716			True	0.004715782349999999	2014.4986301369863	prepandemic
NOR__SAMEA8914583	BG::SAMEA8914583	global_background	global_background_country_period_lineage_cap2_prefer_local_and_precise_date	primary	NOR	Norway	Europe	2014-01-01	2014-12-31	year	2014			ptxP3/fim3-2	published_background_annotation_not_model_lineage	SAMEA8914583-ERR6096426	SAMEA8914583		ERR6096426	ena_fastq_download				;						PASS	True	2026-07-24	ftp.sra.ebi.ac.uk/vol1/fastq/ERR609/006/ERR6096426/ERR6096426_1.fastq.gz;ftp.sra.ebi.ac.uk/vol1/fastq/ERR609/006/ERR6096426/ERR6096426_2.fastq.gz	138467414;132758040	PAIRED	3179790	476009696	PRJEB45681	SAMEA8914583	2014	Norway	ftp.sra.ebi.ac.uk/vol1/fastq/ERR609/006/ERR6096426/ERR6096426_1.fastq.gz;ftp.sra.ebi.ac.uk/vol1/fastq/ERR609/006/ERR6096426/ERR6096426_2.fastq.gz	138467414;132758040	271225454	resolved_streamed_fastq_subset	PASS			100000	paired_reads						0.936769		True	0.004568595849999997	2014.4986301369863	prepandemic
NOR__SAMEA8914585	BG::SAMEA8914585	global_background	global_background_country_period_lineage_cap2_prefer_local_and_precise_date	primary	NOR	Norway	Europe	2014-01-01	2014-12-31	year	2014			United States Sublineage 1	published_background_annotation_not_model_lineage	SAMEA8914585-ERR6096428	SAMEA8914585		ERR6096428	ena_fastq_download				;						PASS	True	2026-07-24	ftp.sra.ebi.ac.uk/vol1/fastq/ERR609/008/ERR6096428/ERR6096428_1.fastq.gz;ftp.sra.ebi.ac.uk/vol1/fastq/ERR609/008/ERR6096428/ERR6096428_2.fastq.gz	134420638;127687911	PAIRED	3057818	457647451	PRJEB45681	SAMEA8914585	2014	Norway	ftp.sra.ebi.ac.uk/vol1/fastq/ERR609/008/ERR6096428/ERR6096428_1.fastq.gz;ftp.sra.ebi.ac.uk/vol1/fastq/ERR609/008/ERR6096428/ERR6096428_2.fastq.gz	134420638;127687911	262108549	resolved_streamed_fastq_subset	PASS			100000	paired_reads						0.938855		True	0.004618221849999999	2014.4986301369863	prepandemic
NOR__SAMEA10058004	BG::SAMEA10058004	global_background	global_background_country_period_lineage_cap2_prefer_local_and_precise_date	primary	NOR	Norway	Europe	2015-01-01	2015-12-31	year	2015			United States Sublineage 1	published_background_annotation_not_model_lineage	SAMEA10058004-ERR6722799	SAMEA10058004		ERR6722799	ena_fastq_download				;						PASS	True	2026-07-24	ftp.sra.ebi.ac.uk/vol1/fastq/ERR672/009/ERR6722799/ERR6722799_1.fastq.gz;ftp.sra.ebi.ac.uk/vol1/fastq/ERR672/009/ERR6722799/ERR6722799_2.fastq.gz	179247293;214170119	PAIRED	2198334	602293298	PRJEB47526	SAMEA10058004	2015-04-22	Norway	ftp.sra.ebi.ac.uk/vol1/fastq/ERR672/009/ERR6722799/ERR6722799_1.fastq.gz;ftp.sra.ebi.ac.uk/vol1/fastq/ERR672/009/ERR6722799/ERR6722799_2.fastq.gz	179247293;214170119	393417412	resolved_streamed_fastq_subset	PASS			100000	paired_reads						0.778955		True	0.0046239262499999986	2015.4986301369863	prepandemic
NOR__SAMEA10058007	BG::SAMEA10058007	global_background	global_background_country_period_lineage_cap2_prefer_local_and_precise_date	primary	NOR	Norway	Europe	2015-01-01	2015-12-31	year	2015			ptxP3/fim3-2	published_background_annotation_not_model_lineage	SAMEA10058007-ERR6722802	SAMEA10058007		ERR6722802	ena_fastq_download				;						PASS	True	2026-07-24	ftp.sra.ebi.ac.uk/vol1/fastq/ERR672/002/ERR6722802/ERR6722802_1.fastq.gz;ftp.sra.ebi.ac.uk/vol1/fastq/ERR672/002/ERR6722802/ERR6722802_2.fastq.gz	101896423;124716378	PAIRED	1263240	314058888	PRJEB47526	SAMEA10058007	2015-10-05	Norway	ftp.sra.ebi.ac.uk/vol1/fastq/ERR672/002/ERR6722802/ERR6722802_1.fastq.gz;ftp.sra.ebi.ac.uk/vol1/fastq/ERR672/002/ERR6722802/ERR6722802_2.fastq.gz	101896423;124716378	226612801	resolved_streamed_fastq_subset	PASS			100000	paired_reads						0.704214		True	0.004563833449999997	2015.4986301369863	prepandemic
NOR__SAMEA8914588	BG::SAMEA8914588	global_background	global_background_country_period_lineage_cap2_prefer_local_and_precise_date	primary	NOR	Norway	Europe	2015-01-01	2015-12-31	year	2015			others	published_background_annotation_not_model_lineage	SAMEA8914588-ERR6096431	SAMEA8914588		ERR6096431	legacy_read_assembly										PASS	True	2026-07-24												0	resolved_legacy_read_assembly					assembly	3866106	67.81451413903292	0.0	372	20338			True	0.004557678250000003	2015.4986301369863	prepandemic
NOR__SAMEA8914592	BG::SAMEA8914592	global_background	global_background_country_period_lineage_cap2_prefer_local_and_precise_date	primary	NOR	Norway	Europe	2015-01-01	2015-12-31	year	2015			others	published_background_annotation_not_model_lineage	SAMEA8914592-ERR6096435	SAMEA8914592		ERR6096435	ena_fastq_download				;						PASS	True	2026-07-24	ftp.sra.ebi.ac.uk/vol1/fastq/ERR609/005/ERR6096435/ERR6096435_1.fastq.gz;ftp.sra.ebi.ac.uk/vol1/fastq/ERR609/005/ERR6096435/ERR6096435_2.fastq.gz	174344816;177377313	PAIRED	4008470	598894075	PRJEB45681	SAMEA8914592	2015	Norway	ftp.sra.ebi.ac.uk/vol1/fastq/ERR609/005/ERR6096435/ERR6096435_1.fastq.gz;ftp.sra.ebi.ac.uk/vol1/fastq/ERR609/005/ERR6096435/ERR6096435_2.fastq.gz	174344816;177377313	351722129	resolved_streamed_fastq_subset	PASS			100000	paired_reads						0.897893		True	0.0045460396500000035	2015.4986301369863	prepandemic
NOR__SAMEA10058016	BG::SAMEA10058016	global_background	global_background_country_period_lineage_cap2_prefer_local_and_precise_date	primary	NOR	Norway	Europe	2016-01-01	2016-12-31	year	2016			MS-MT28	published_background_annotation_not_model_lineage	SAMEA10058016-ERR6722811	SAMEA10058016		ERR6722811	legacy_read_assembly										PASS	True	2026-07-24												0	resolved_legacy_read_assembly					assembly	3879951	67.75101025760377	0.0	346	22091			True	0.004594573249999999	2016.4986338797814	prepandemic
NOR__SAMEA8914600	BG::SAMEA8914600	global_background	global_background_country_period_lineage_cap2_prefer_local_and_precise_date	primary	NOR	Norway	Europe	2016-01-01	2016-12-31	year	2016			ptxP3/fim3-1	published_background_annotation_not_model_lineage	SAMEA8914600-ERR6096443	SAMEA8914600		ERR6096443	ena_fastq_download				;						PASS	True	2026-07-24	ftp.sra.ebi.ac.uk/vol1/fastq/ERR609/003/ERR6096443/ERR6096443_1.fastq.gz;ftp.sra.ebi.ac.uk/vol1/fastq/ERR609/003/ERR6096443/ERR6096443_2.fastq.gz	114549216;116339307	PAIRED	2616118	391694840	PRJEB45681	SAMEA8914600	2016	Norway	ftp.sra.ebi.ac.uk/vol1/fastq/ERR609/003/ERR6096443/ERR6096443_1.fastq.gz;ftp.sra.ebi.ac.uk/vol1/fastq/ERR609/003/ERR6096443/ERR6096443_2.fastq.gz	114549216;116339307	230888523	resolved_streamed_fastq_subset	PASS			100000	paired_reads						0.897954		True	0.004612305749999998	2016.4986338797814	prepandemic
NOR__SAMEA10058021	BG::SAMEA10058021	global_background	global_background_country_period_lineage_cap2_prefer_local_and_precise_date	primary	NOR	Norway	Europe	2017-01-01	2017-12-31	year	2017			United States Sublineage 1	published_background_annotation_not_model_lineage	SAMEA10058021-ERR6722816	SAMEA10058021		ERR6722816	ena_fastq_download				;						PASS	True	2026-07-24	ftp.sra.ebi.ac.uk/vol1/fastq/ERR672/006/ERR6722816/ERR6722816_1.fastq.gz;ftp.sra.ebi.ac.uk/vol1/fastq/ERR672/006/ERR6722816/ERR6722816_2.fastq.gz	184061982;216703779	PAIRED	2467428	631327719	PRJEB47526	SAMEA10058021	2017-02-02	Norway	ftp.sra.ebi.ac.uk/vol1/fastq/ERR672/006/ERR6722816/ERR6722816_1.fastq.gz;ftp.sra.ebi.ac.uk/vol1/fastq/ERR672/006/ERR6722816/ERR6722816_2.fastq.gz	184061982;216703779	400765761	resolved_streamed_fastq_subset	PASS			100000	paired_reads						0.809708		True	0.004623846849999999	2017.4986301369863	prepandemic
NOR__SAMEA10058023	BG::SAMEA10058023	global_background	global_background_country_period_lineage_cap2_prefer_local_and_precise_date	primary	NOR	Norway	Europe	2017-01-01	2017-12-31	year	2017			MS-MT28	published_background_annotation_not_model_lineage	SAMEA10058023-ERR6722818	SAMEA10058023		ERR6722818	ena_fastq_download				;						PASS	True	2026-07-24	ftp.sra.ebi.ac.uk/vol1/fastq/ERR672/008/ERR6722818/ERR6722818_1.fastq.gz;ftp.sra.ebi.ac.uk/vol1/fastq/ERR672/008/ERR6722818/ERR6722818_2.fastq.gz	197432601;240094280	PAIRED	2200978	631354287	PRJEB47526	SAMEA10058023	2017-05-09	Norway	ftp.sra.ebi.ac.uk/vol1/fastq/ERR672/008/ERR6722818/ERR6722818_1.fastq.gz;ftp.sra.ebi.ac.uk/vol1/fastq/ERR672/008/ERR6722818/ERR6722818_2.fastq.gz	197432601;240094280	437526881	resolved_streamed_fastq_subset	PASS			100000	paired_reads						0.699534		True	0.0046061568499999985	2017.4986301369863	prepandemic
NOR__SAMEA10058036	BG::SAMEA10058036	global_background	global_background_country_period_lineage_cap2_prefer_local_and_precise_date	primary	NOR	Norway	Europe	2019-01-01	2019-12-31	year	2019			ptxP3/fim3-2	published_background_annotation_not_model_lineage	SAMEA10058036-ERR6722831	SAMEA10058036		ERR6722831	legacy_read_assembly										PASS	True	2026-07-24												0	resolved_legacy_read_assembly					assembly	3875099	67.77563618374653	0.0	325	21014			True	0.004596308949999999	2019.4986301369863	prepandemic
POL__SAMEA1931348	BG::SAMEA1931348	global_background	global_background_country_period_lineage_cap2_prefer_local_and_precise_date	primary	POL	Poland	Europe	1963-01-01	1963-12-31	year	1963			ptxP1/fim3-1	published_background_annotation_not_model_lineage	SAMEA1931348-ERR361856	SAMEA1931348	GCA_001331055.1	ERR361856	ncbi_assembly_download					3828670	68	375	16152	ok	PASS	True	2026-07-24												0	resolved_ncbi_assembly					assembly	3828670	67.85217843271946	0.0011176204791742302	302	18956			True	0.004432884050000003	1963.4986301369863	prepandemic
SWE__SAMEA751314	BG::SAMEA751314	global_background	global_background_country_period_lineage_cap2_prefer_local_and_precise_date	primary	SWE	Sweden	Europe	1970-01-01	1970-12-31	year	1970			ptxP1/fim3-1	published_background_annotation_not_model_lineage	SAMEA751314-ERR037415	SAMEA751314	GCA_001332295.1	ERR037415	ncbi_assembly_download					3834055	68	316	18628	ok	PASS	True	2026-07-24												0	resolved_ncbi_assembly					assembly	3834055	67.91159751229442	0.00018466088775460966	304	18635			True	0.004484281750000003	1970.4986301369863	prepandemic
SWE__SAMEA751294	BG::SAMEA751294	global_background	global_background_country_period_lineage_cap2_prefer_local_and_precise_date	primary	SWE	Sweden	Europe	1999-01-01	1999-12-31	year	1999			ptxP3/fim3-1	published_background_annotation_not_model_lineage	SAMEA751294-ERR028829	SAMEA751294	GCA_001332255.1	ERR028829	ncbi_assembly_download					3813413	68	354	17389	ok	PASS	True	2026-07-24												0	resolved_ncbi_assembly					assembly	3813413	67.87457849438286	0.0004135403115267085	329	18418			True	0.004635030550000001	1999.4986301369863	prepandemic
SWE__SAMN03566783	BG::SAMN03566783	global_background	global_background_country_period_lineage_cap2_prefer_local_and_precise_date	primary	SWE	Sweden	Europe	2009-01-01	2009-12-31	year	2009			ptxP3/fim3-2	published_background_annotation_not_model_lineage	SAMN03566783-GCA_001307645.1	SAMN03566783	GCA_001307645		ncbi_assembly_download					4104305	67.5	1	4104305	ok	PASS	True	2026-07-24												0	resolved_ncbi_assembly					assembly	4104305	67.70856454381436	0.0	1	4104305			True	0.0045600117500000014	2009.4986301369863	prepandemic
SWE__SAMN03566784	BG::SAMN03566784	global_background	global_background_country_period_lineage_cap2_prefer_local_and_precise_date	primary	SWE	Sweden	Europe	2009-01-01	2009-12-31	year	2009			ptxP3/fim3-1	published_background_annotation_not_model_lineage	SAMN03566784-GCA_001307665.1	SAMN03566784	GCA_001307665		ncbi_assembly_download					4106388	67.5	1	4106388	ok	PASS	True	2026-07-24												0	resolved_ncbi_assembly					assembly	4106388	67.70682653465771	0.0	1	4106388			True	0.00459436155	2009.4986301369863	prepandemic
SWE__SAMEA8914617	BG::SAMEA8914617	global_background	global_background_country_period_lineage_cap2_prefer_local_and_precise_date	primary	SWE	Sweden	Europe	2014-01-01	2014-12-31	year	2014			ptxP3/fim3-2	published_background_annotation_not_model_lineage	SAMEA8914617-ERR6096460	SAMEA8914617		ERR6096460	legacy_read_assembly										PASS	True	2026-07-24												0	resolved_legacy_read_assembly					assembly	3861941	67.81561396199476	0.0	346	20087			True	0.0046507433499999975	2014.4986301369863	prepandemic
SWE__SAMEA8914628	BG::SAMEA8914628	global_background	global_background_country_period_lineage_cap2_prefer_local_and_precise_date	primary	SWE	Sweden	Europe	2014-01-01	2014-12-31	year	2014			ptxP3/fim3-2	published_background_annotation_not_model_lineage	SAMEA8914628-ERR6096471	SAMEA8914628		ERR6096471	legacy_read_assembly										PASS	True	2026-07-24												0	resolved_legacy_read_assembly					assembly	3864586	67.81694080556106	0.0	366	20338			True	0.00464758695	2014.4986301369863	prepandemic
SWE__SAMEA8914632	BG::SAMEA8914632	global_background	global_background_country_period_lineage_cap2_prefer_local_and_precise_date	primary	SWE	Sweden	Europe	2014-01-01	2014-12-31	year	2014			ptxP3/fim3-1	published_background_annotation_not_model_lineage	SAMEA8914632-ERR6096475	SAMEA8914632		ERR6096475	ena_fastq_download				;						PASS	True	2026-07-24	ftp.sra.ebi.ac.uk/vol1/fastq/ERR609/005/ERR6096475/ERR6096475_1.fastq.gz;ftp.sra.ebi.ac.uk/vol1/fastq/ERR609/005/ERR6096475/ERR6096475_2.fastq.gz	265311766;265526807	PAIRED	6001914	899029020	PRJEB45681	SAMEA8914632	2014	Sweden	ftp.sra.ebi.ac.uk/vol1/fastq/ERR609/005/ERR6096475/ERR6096475_1.fastq.gz;ftp.sra.ebi.ac.uk/vol1/fastq/ERR609/005/ERR6096475/ERR6096475_2.fastq.gz	265311766;265526807	530838573	resolved_streamed_fastq_subset	PASS			100000	paired_reads						0.902566		True	0.00457769325	2014.4986301369863	prepandemic
SWE__SAMEA8914634	BG::SAMEA8914634	global_background	global_background_country_period_lineage_cap2_prefer_local_and_precise_date	primary	SWE	Sweden	Europe	2014-01-01	2014-12-31	year	2014			ptxP3/fim3-1	published_background_annotation_not_model_lineage	SAMEA8914634-ERR6096477	SAMEA8914634		ERR6096477	ena_fastq_download				;						PASS	True	2026-07-24	ftp.sra.ebi.ac.uk/vol1/fastq/ERR609/007/ERR6096477/ERR6096477_1.fastq.gz;ftp.sra.ebi.ac.uk/vol1/fastq/ERR609/007/ERR6096477/ERR6096477_2.fastq.gz	327243331;326844875	PAIRED	7443454	1114371527	PRJEB45681	SAMEA8914634	2014	Sweden	ftp.sra.ebi.ac.uk/vol1/fastq/ERR609/007/ERR6096477/ERR6096477_1.fastq.gz;ftp.sra.ebi.ac.uk/vol1/fastq/ERR609/007/ERR6096477/ERR6096477_2.fastq.gz	327243331;326844875	654088206	resolved_streamed_fastq_subset	PASS			100000	paired_reads						0.901717		True	0.004620122449999996	2014.4986301369863	prepandemic
SWE__SAMEA8914609	BG::SAMEA8914609	global_background	global_background_country_period_lineage_cap2_prefer_local_and_precise_date	primary	SWE	Sweden	Europe	2015-01-01	2015-12-31	year	2015			ptxP3/fim3-1	published_background_annotation_not_model_lineage	SAMEA8914609-ERR6096452	SAMEA8914609		ERR6096452	ena_fastq_download				;						PASS	True	2026-07-24	ftp.sra.ebi.ac.uk/vol1/fastq/ERR609/002/ERR6096452/ERR6096452_1.fastq.gz;ftp.sra.ebi.ac.uk/vol1/fastq/ERR609/002/ERR6096452/ERR6096452_2.fastq.gz	239230781;238689612	PAIRED	5506586	822210384	PRJEB45681	SAMEA8914609	2015	Sweden	ftp.sra.ebi.ac.uk/vol1/fastq/ERR609/002/ERR6096452/ERR6096452_1.fastq.gz;ftp.sra.ebi.ac.uk/vol1/fastq/ERR609/002/ERR6096452/ERR6096452_2.fastq.gz	239230781;238689612	477920393	resolved_streamed_fastq_subset	PASS			100000	paired_reads						0.905205		True	0.004595543449999999	2015.4986301369863	prepandemic
SWE__SAMEA8914621	BG::SAMEA8914621	global_background	global_background_country_period_lineage_cap2_prefer_local_and_precise_date	primary	SWE	Sweden	Europe	2016-01-01	2016-12-31	year	2016			others	published_background_annotation_not_model_lineage	SAMEA8914621-ERR6096464	SAMEA8914621		ERR6096464	ena_fastq_download				;						PASS	True	2026-07-24	ftp.sra.ebi.ac.uk/vol1/fastq/ERR609/004/ERR6096464/ERR6096464_1.fastq.gz;ftp.sra.ebi.ac.uk/vol1/fastq/ERR609/004/ERR6096464/ERR6096464_2.fastq.gz	236124857;234680207	PAIRED	5406124	809027419	PRJEB45681	SAMEA8914621	2016	Sweden	ftp.sra.ebi.ac.uk/vol1/fastq/ERR609/004/ERR6096464/ERR6096464_1.fastq.gz;ftp.sra.ebi.ac.uk/vol1/fastq/ERR609/004/ERR6096464/ERR6096464_2.fastq.gz	236124857;234680207	470805064	resolved_streamed_fastq_subset	PASS			100000	paired_reads						0.904487		True	0.004576865350000004	2016.4986338797814	prepandemic
SWE__SAMEA8914623	BG::SAMEA8914623	global_background	global_background_country_period_lineage_cap2_prefer_local_and_precise_date	primary	SWE	Sweden	Europe	2016-01-01	2016-12-31	year	2016			ptxP3/fim3-2	published_background_annotation_not_model_lineage	SAMEA8914623-ERR6096466	SAMEA8914623		ERR6096466	ena_fastq_download				;						PASS	True	2026-07-24	ftp.sra.ebi.ac.uk/vol1/fastq/ERR609/006/ERR6096466/ERR6096466_1.fastq.gz;ftp.sra.ebi.ac.uk/vol1/fastq/ERR609/006/ERR6096466/ERR6096466_2.fastq.gz	260618357;259262681	PAIRED	5984516	896380021	PRJEB45681	SAMEA8914623	2016	Sweden	ftp.sra.ebi.ac.uk/vol1/fastq/ERR609/006/ERR6096466/ERR6096466_1.fastq.gz;ftp.sra.ebi.ac.uk/vol1/fastq/ERR609/006/ERR6096466/ERR6096466_2.fastq.gz	260618357;259262681	519881038	resolved_streamed_fastq_subset	PASS			100000	paired_reads						0.908068		True	0.00472936045	2016.4986338797814	prepandemic
SWE__SAMEA8914625	BG::SAMEA8914625	global_background	global_background_country_period_lineage_cap2_prefer_local_and_precise_date	primary	SWE	Sweden	Europe	2016-01-01	2016-12-31	year	2016			ptxP3/fim3-2	published_background_annotation_not_model_lineage	SAMEA8914625-ERR6096468	SAMEA8914625		ERR6096468	legacy_read_assembly										PASS	True	2026-07-24												0	resolved_legacy_read_assembly					assembly	3867730	67.81396322907752	0.0	355	20338			True	0.00472936045	2016.4986338797814	prepandemic
SWE__SAMEA8914626	BG::SAMEA8914626	global_background	global_background_country_period_lineage_cap2_prefer_local_and_precise_date	primary	SWE	Sweden	Europe	2016-01-01	2016-12-31	year	2016			ptxP3/fim3-1	published_background_annotation_not_model_lineage	SAMEA8914626-ERR6096469	SAMEA8914626		ERR6096469	ena_fastq_download				;						PASS	True	2026-07-24	ftp.sra.ebi.ac.uk/vol1/fastq/ERR609/009/ERR6096469/ERR6096469_1.fastq.gz;ftp.sra.ebi.ac.uk/vol1/fastq/ERR609/009/ERR6096469/ERR6096469_2.fastq.gz	213844236;212832157	PAIRED	4900536	731857777	PRJEB45681	SAMEA8914626	2016	Sweden	ftp.sra.ebi.ac.uk/vol1/fastq/ERR609/009/ERR6096469/ERR6096469_1.fastq.gz;ftp.sra.ebi.ac.uk/vol1/fastq/ERR609/009/ERR6096469/ERR6096469_2.fastq.gz	213844236;212832157	426676393	resolved_streamed_fastq_subset	PASS			100000	paired_reads						0.900325		True	0.004583618649999999	2016.4986338797814	prepandemic
TUN__SAMEA4752844	BG::SAMEA4752844	global_background	global_background_country_period_lineage_cap2_prefer_local_and_precise_date	primary	TUN	Tunisia	Africa	2014-01-01	2014-12-31	year	2014			ptxP3/fim3-1	published_background_annotation_not_model_lineage	SAMEA4752844-ERR2658138	SAMEA4752844		ERR2658138	legacy_read_assembly										PASS	True	2026-07-24												0	resolved_legacy_read_assembly					assembly	3864521	67.80780852271212	0.0	369	20108			True	0.00463498805	2014.4986301369863	prepandemic
TUN__SAMEA4752845	BG::SAMEA4752845	global_background	global_background_country_period_lineage_cap2_prefer_local_and_precise_date	primary	TUN	Tunisia	Africa	2014-01-01	2014-12-31	year	2014			ptxP3/fim3-2	published_background_annotation_not_model_lineage	SAMEA4752845-ERR2658139	SAMEA4752845		ERR2658139	ena_fastq_download				;						PASS	True	2026-07-24	ftp.sra.ebi.ac.uk/vol1/fastq/ERR265/009/ERR2658139/ERR2658139_1.fastq.gz;ftp.sra.ebi.ac.uk/vol1/fastq/ERR265/009/ERR2658139/ERR2658139_2.fastq.gz	88452370;88758979	PAIRED	1057037	314686864	PRJEB27412	SAMEA4752845	2014	Tunisia	ftp.sra.ebi.ac.uk/vol1/fastq/ERR265/009/ERR2658139/ERR2658139_1.fastq.gz;ftp.sra.ebi.ac.uk/vol1/fastq/ERR265/009/ERR2658139/ERR2658139_2.fastq.gz	88452370;88758979	177211349	resolved_streamed_fastq_subset	PASS			100000	paired_reads						0.916204		True	0.004608404649999997	2014.4986301369863	prepandemic
TUN__SAMEA4752846	BG::SAMEA4752846	global_background	global_background_country_period_lineage_cap2_prefer_local_and_precise_date	primary	TUN	Tunisia	Africa	2014-01-01	2014-12-31	year	2014			ptxP3/fim3-1	published_background_annotation_not_model_lineage	SAMEA4752846-ERR2658140	SAMEA4752846		ERR2658140	ena_fastq_download				;						PASS	True	2026-07-24	ftp.sra.ebi.ac.uk/vol1/fastq/ERR265/000/ERR2658140/ERR2658140_1.fastq.gz;ftp.sra.ebi.ac.uk/vol1/fastq/ERR265/000/ERR2658140/ERR2658140_2.fastq.gz	156868169;156391764	PAIRED	1898238	562118306	PRJEB27412	SAMEA4752846	2014	Tunisia	ftp.sra.ebi.ac.uk/vol1/fastq/ERR265/000/ERR2658140/ERR2658140_1.fastq.gz;ftp.sra.ebi.ac.uk/vol1/fastq/ERR265/000/ERR2658140/ERR2658140_2.fastq.gz	156868169;156391764	313259933	resolved_streamed_fastq_subset	PASS			100000	paired_reads						0.921973		True	0.0045759302500000005	2014.4986301369863	prepandemic
TUN__SAMEA4752850	BG::SAMEA4752850	global_background	global_background_country_period_lineage_cap2_prefer_local_and_precise_date	primary	TUN	Tunisia	Africa	2014-01-01	2014-12-31	year	2014			ptxP3/fim3-2	published_background_annotation_not_model_lineage	SAMEA4752850-ERR2658144	SAMEA4752850		ERR2658144	ena_fastq_download				;						PASS	True	2026-07-24	ftp.sra.ebi.ac.uk/vol1/fastq/ERR265/004/ERR2658144/ERR2658144_1.fastq.gz;ftp.sra.ebi.ac.uk/vol1/fastq/ERR265/004/ERR2658144/ERR2658144_2.fastq.gz	140036817;138289496	PAIRED	1653075	495159826	PRJEB27412	SAMEA4752850	2014	Tunisia	ftp.sra.ebi.ac.uk/vol1/fastq/ERR265/004/ERR2658144/ERR2658144_1.fastq.gz;ftp.sra.ebi.ac.uk/vol1/fastq/ERR265/004/ERR2658144/ERR2658144_2.fastq.gz	140036817;138289496	278326313	resolved_streamed_fastq_subset	PASS			100000	paired_reads						0.920646		True	0.004556422549999999	2014.4986301369863	prepandemic
USA__SAMN16357507	BG::SAMN16357507	global_background	global_background_country_period_lineage_cap2_prefer_local_and_precise_date	primary	USA	USA	North_America			unknown				ptxP1/fim3-1	published_background_annotation_not_model_lineage	SAMN16357507-SRR13674456	SAMN16357507	GCA_016904355.1	SRR13674456	ncbi_assembly_download									ok	PASS	True	2026-07-24												0	resolved_ncbi_assembly					assembly	4105080	67.70313855028404	0.0	1	4105080			True	0.004489522950000003		unknown
USA__SAMN16357509	BG::SAMN16357509	global_background	global_background_country_period_lineage_cap2_prefer_local_and_precise_date	primary	USA	USA	North_America			unknown				ptxP3/fim3-2	published_background_annotation_not_model_lineage	SAMN16357509-SRR13674461	SAMN16357509	GCA_016904215.1	SRR13674461	ncbi_assembly_download					4105604	67.5	1	4105604	ok	PASS	True	2026-07-24												0	resolved_ncbi_assembly					assembly	4105604	67.70567741068062	0.0	1	4105604			True	0.004560559649999999		unknown
USA__SAMN16357510	BG::SAMN16357510	global_background	global_background_country_period_lineage_cap2_prefer_local_and_precise_date	primary	USA	USA	North_America			unknown				ptxP1/fim3-1	published_background_annotation_not_model_lineage	SAMN16357510-SRR13674463	SAMN16357510	GCA_016903095.1	SRR13674463	ncbi_assembly_download									ok	PASS	True	2026-07-24												0	resolved_ncbi_assembly					assembly	4105067	67.70335295380076	0.0	1	4105067			True	0.004489522950000003		unknown
USA__SAMN03877216	BG::SAMN03877216	global_background	global_background_country_period_lineage_cap2_prefer_local_and_precise_date	primary	USA	USA	North_America	1939-01-01	1939-12-31	year	1939			others	published_background_annotation_not_model_lineage	SAMN03877216-SRR5070896	SAMN03877216	GCA_001687385.1	SRR5070896	ncbi_assembly_download					4134643	67.5	1	4134643	ok	PASS	True	2026-07-24												0	resolved_ncbi_assembly					assembly	4134643	67.7027738549616	0.0	1	4134643			True	0.004438019650000002	1939.4986301369863	prepandemic
USA__SAMN05333716	BG::SAMN05333716	global_background	global_background_country_period_lineage_cap2_prefer_local_and_precise_date	primary	USA	USA	North_America	1946-01-01	1946-12-31	year	1946			ptxP1/fim3-1	published_background_annotation_not_model_lineage	SAMN05333716-SRR5071076	SAMN05333716	GCA_001687405.1	SRR5071076	ncbi_assembly_download					4128979	67.5	1	4128979	ok	PASS	True	2026-07-24												0	resolved_ncbi_assembly					assembly	4128979	67.71848440013864	0.0	1	4128979			True	0.004356962450000003	1946.4986301369863	prepandemic
USA__SAMN03996251	BG::SAMN03996251	global_background	global_background_country_period_lineage_cap2_prefer_local_and_precise_date	primary	USA	USA	North_America	1952-01-01	1952-12-31	year	1952			others	published_background_annotation_not_model_lineage	SAMN03996251-SRR2823948	SAMN03996251	GCA_001525555.2	SRR2823948	ncbi_assembly_download					4136096	67.5	4	3304537	ok	PASS	True	2026-07-24												0	resolved_ncbi_assembly					assembly	4136096	67.6748315319567	0.0	4	3304537			True	0.006497771549999997	1952.4986338797814	prepandemic
USA__SAMN04994865	BG::SAMN04994865	global_background	global_background_country_period_lineage_cap2_prefer_local_and_precise_date	primary	USA	USA	North_America	1977-01-01	1977-12-31	year	1977			ptxP1/fim3-1	published_background_annotation_not_model_lineage	SAMN04994865-GCA_001686625.1	SAMN04994865	GCA_001686625		ncbi_assembly_download									ok	PASS	True	2026-07-24												0	resolved_ncbi_assembly					assembly	4124767	67.71138830387268	0.0	1	4124767			True	0.004414824150000003	1977.4986301369863	prepandemic
USA__SAMN18620695	BG::SAMN18620695	global_background	global_background_country_period_lineage_cap2_prefer_local_and_precise_date	primary	USA	USA	North_America	1998-01-01	1998-12-31	year	1998			ptxP3/fim3-2	published_background_annotation_not_model_lineage	SAMN18620695-SRR14288280	SAMN18620695		SRR14288280	ena_fastq_download				;						PASS	True	2026-07-24	ftp.sra.ebi.ac.uk/vol1/fastq/SRR142/080/SRR14288280/SRR14288280_1.fastq.gz;ftp.sra.ebi.ac.uk/vol1/fastq/SRR142/080/SRR14288280/SRR14288280_2.fastq.gz	113296359;125218588	PAIRED	690868	345045329	PRJNA279196	SAMN18620695	1998	USA: UT	ftp.sra.ebi.ac.uk/vol1/fastq/SRR142/080/SRR14288280/SRR14288280_1.fastq.gz;ftp.sra.ebi.ac.uk/vol1/fastq/SRR142/080/SRR14288280/SRR14288280_2.fastq.gz	113296359;125218588	238514947	resolved_streamed_fastq_subset	PASS			100000	paired_reads						0.82931		True	0.00453763485	1998.4986301369863	prepandemic
USA__SAMN18620696	BG::SAMN18620696	global_background	global_background_country_period_lineage_cap2_prefer_local_and_precise_date	primary	USA	USA	North_America	1998-01-01	1998-12-31	year	1998			ptxP3/fim3-2	published_background_annotation_not_model_lineage	SAMN18620696-SRR14288279	SAMN18620696		SRR14288279	ena_fastq_download				;						PASS	True	2026-07-24	ftp.sra.ebi.ac.uk/vol1/fastq/SRR142/079/SRR14288279/SRR14288279_1.fastq.gz;ftp.sra.ebi.ac.uk/vol1/fastq/SRR142/079/SRR14288279/SRR14288279_2.fastq.gz	131139194;157227458	PAIRED	790506	395661399	PRJNA279196	SAMN18620696	1998	USA: CO	ftp.sra.ebi.ac.uk/vol1/fastq/SRR142/079/SRR14288279/SRR14288279_1.fastq.gz;ftp.sra.ebi.ac.uk/vol1/fastq/SRR142/079/SRR14288279/SRR14288279_2.fastq.gz	131139194;157227458	288366652	resolved_streamed_fastq_subset	PASS			100000	paired_reads						0.708333		True	0.0045374922500000005	1998.4986301369863	prepandemic
USA__SAMN03996260	BG::SAMN03996260	global_background	global_background_country_period_lineage_cap2_prefer_local_and_precise_date	primary	USA	USA	North_America	1999-01-01	1999-12-31	year	1999			ptxP3/fim3-1	published_background_annotation_not_model_lineage	SAMN03996260-GCA_001558395.2	SAMN03996260	GCA_001558395	SRR2824043;SRR2824044;SRR2824045	ncbi_assembly_download					4100859	67.5	1	4100859	ok	PASS	True	2026-07-24												0	resolved_ncbi_assembly					assembly	4100156	67.70559461639996	0.0	1	4100156			True	0.0045477903500000015	1999.4986301369863	prepandemic
USA__SAMEA751257	BG::SAMEA751257	global_background	global_background_country_period_lineage_cap2_prefer_local_and_precise_date	primary	USA	USA	North_America	2000-01-01	2000-12-31	year	2000			ptxP1/fim3-1	published_background_annotation_not_model_lineage	SAMEA751257-ERR030012	SAMEA751257	GCA_001332175.1	ERR030012	ncbi_assembly_download									ok	PASS	True	2026-07-24												0	resolved_ncbi_assembly					assembly	3832258	67.90938919039375	7.358585982467777e-05	329	18283			True	0.004698981950000003	2000.4986338797814	prepandemic
USA__SAMN04221183	BG::SAMN04221183	global_background	global_background_country_period_lineage_cap2_prefer_local_and_precise_date	primary	USA	USA	North_America	2000-01-01	2000-12-31	year	2000			ptxP3/fim3-2	published_background_annotation_not_model_lineage	SAMN04221183-SRR5070925	SAMN04221183	GCA_001988115.1	SRR5070925	ncbi_assembly_download									ok	PASS	True	2026-07-24												0	resolved_ncbi_assembly					assembly	4106366	67.70658046555032	0.0	1	4106366			True	0.004577950749999999	2000.4986338797814	prepandemic
USA__SAMN05583850	BG::SAMN05583850	global_background	global_background_country_period_lineage_cap2_prefer_local_and_precise_date	primary	USA	USA	North_America	2003-01-01	2003-12-31	year	2003			ptxP3/fim3-1	published_background_annotation_not_model_lineage	SAMN05583850-SRR9006131	SAMN05583850	GCA_002286135.1	SRR9006131	ncbi_assembly_download					4105336	67.5	1	4105336	ok	PASS	True	2026-07-24												0	resolved_ncbi_assembly					assembly	4105336	67.70946397566485	0.0	1	4105336			True	0.004547602250000002	2003.4986301369863	prepandemic
USA__SAMN05583818	BG::SAMN05583818	global_background	global_background_country_period_lineage_cap2_prefer_local_and_precise_date	primary	USA	USA	North_America	2005-01-01	2005-12-31	year	2005			ptxP3/fim3-1	published_background_annotation_not_model_lineage	SAMN05583818-SRR9006157	SAMN05583818	GCA_002310915.1	SRR9006157	ncbi_assembly_download									ok	PASS	True	2026-07-24												0	resolved_ncbi_assembly					assembly	4101245	67.7108536554144	0.0	1	4101245			True	0.004547765150000002	2005.4986301369863	prepandemic
USA__SAMN08136975	BG::SAMN08136975	global_background	global_background_country_period_lineage_cap2_prefer_local_and_precise_date	primary	USA	USA	North_America	2007-01-01	2007-12-31	year	2007			ptxP1/fim3-1	published_background_annotation_not_model_lineage	SAMN08136975-SRR9006153	SAMN08136975	GCA_004008915.1	SRR9006153	ncbi_assembly_download					4112103	67.5	1	4112103	ok	PASS	True	2026-07-24												0	resolved_ncbi_assembly					assembly	4112103	67.70484591460865	0.0	1	4112103			True	0.004553632250000003	2007.4986301369863	prepandemic
USA__SAMN08178168	BG::SAMN08178168	global_background	global_background_country_period_lineage_cap2_prefer_local_and_precise_date	primary	USA	USA	North_America	2007-01-01	2007-12-31	year	2007			United States Sublineage 1	published_background_annotation_not_model_lineage	SAMN08178168-SRR9006061	SAMN08178168	GCA_004009535.1	SRR9006061	ncbi_assembly_download									ok	PASS	True	2026-07-24												0	resolved_ncbi_assembly					assembly	4101882	67.71026080223663	0.0	1	4101882			True	0.004595260149999999	2007.4986301369863	prepandemic
USA__SAMN03249362	BG::SAMN03249362	global_background	global_background_country_period_lineage_cap2_prefer_local_and_precise_date	primary	USA	USA	North_America	2010-01-01	2010-12-31	year	2010			ptxP1/fim3-1	published_background_annotation_not_model_lineage	SAMN03249362-SRR3205781	SAMN03249362	GCA_001605135.1	SRR3205781	ncbi_assembly_download					4111050	67.5	1	4111050	ok	PASS	True	2026-07-24												0	resolved_ncbi_assembly					assembly	4111050	67.70569562520524	0.0	1	4111050			True	0.004570923150000002	2010.4986301369863	prepandemic
USA__SAMN03455354	BG::SAMN03455354	global_background	global_background_country_period_lineage_cap2_prefer_local_and_precise_date	primary	USA	USA	North_America	2011-01-01	2011-12-31	year	2011			ptxP1/fim3-1	published_background_annotation_not_model_lineage	SAMN03455354-SRR5070787	SAMN03455354	GCA_001985385.1	SRR5070787	ncbi_assembly_download									ok	PASS	True	2026-07-24												0	resolved_ncbi_assembly					assembly	4111081	67.70615806402257	0.0	1	4111081			True	0.004559390550000002	2011.4986301369863	prepandemic
USA__SAMN06007763	BG::SAMN06007763	global_background	global_background_country_period_lineage_cap2_prefer_local_and_precise_date	primary	USA	USA	North_America	2011-01-01	2011-12-31	year	2011			ptxP3/fim3-1	published_background_annotation_not_model_lineage	SAMN06007763-SRR9006186	SAMN06007763	GCA_004006615.1	SRR9006186	ncbi_assembly_download									ok	PASS	True	2026-07-24												0	resolved_ncbi_assembly					assembly	4108455	67.70445337724279	0.0	1	4108455			True	0.0045945306499999995	2011.4986301369863	prepandemic
USA__SAMN03702646	BG::SAMN03702646	global_background	global_background_country_period_lineage_cap2_prefer_local_and_precise_date	primary	USA	USA	North_America	2012-01-01	2012-12-31	year	2012			ptxP3/fim3-2	published_background_annotation_not_model_lineage	SAMN03702646-SRR5071034	SAMN03702646	GCA_001987135.1	SRR5071034	ncbi_assembly_download									ok	PASS	True	2026-07-24												0	resolved_ncbi_assembly					assembly	4104251	67.70828587237963	0.0	1	4104251			True	0.004583267050000001	2012.4986338797814	prepandemic
USA__SAMN03702647	BG::SAMN03702647	global_background	global_background_country_period_lineage_cap2_prefer_local_and_precise_date	primary	USA	USA	North_America	2012-01-01	2012-12-31	year	2012			ptxP3/fim3-2	published_background_annotation_not_model_lineage	SAMN03702647-SRR5070661	SAMN03702647	GCA_001987155.1	SRR5070661	ncbi_assembly_download									ok	PASS	True	2026-07-24												0	resolved_ncbi_assembly					assembly	4104253	67.70827724314266	0.0	1	4104253			True	0.004583267050000001	2012.4986338797814	prepandemic
USA__SAMN05948796	BG::SAMN05948796	global_background	global_background_country_period_lineage_cap2_prefer_local_and_precise_date	primary	USA	USA	North_America	2012-01-01	2012-12-31	year	2012			United States Sublineage 1	published_background_annotation_not_model_lineage	SAMN05948796-SRR9006220	SAMN05948796	GCA_002859585.1	SRR9006220	ncbi_assembly_download									ok	PASS	True	2026-07-24												0	resolved_ncbi_assembly					assembly	4105355	67.7075916699043	0.0	1	4105355			True	0.004646749349999999	2012.4986338797814	prepandemic
USA__SAMN11821785	BG::SAMN11821785	global_background	global_background_country_period_lineage_cap2_prefer_local_and_precise_date	primary	USA	USA	North_America	2012-01-01	2012-12-31	year	2012			others	published_background_annotation_not_model_lineage	SAMN11821785-SRR9123496	SAMN11821785	GCA_050360035.1	SRR9123496	ncbi_assembly_download									ok	PASS	True	2026-07-24												0	resolved_ncbi_assembly					assembly	3811115	67.79467426199419	0.0	450	14995			True	0.004571621850000004	2012.4986338797814	prepandemic
USA__SAMN11822192	BG::SAMN11822192	global_background	global_background_country_period_lineage_cap2_prefer_local_and_precise_date	primary	USA	USA	North_America	2013-01-01	2013-12-31	year	2013			others	published_background_annotation_not_model_lineage	SAMN11822192-SRR9118339	SAMN11822192		SRR9118339	legacy_read_assembly										PASS	True	2026-07-24												0	resolved_legacy_read_assembly					assembly	3846956	67.66770922256454	0.0	436	15557			True	0.004674133850000004	2013.4986301369863	prepandemic
USA__SAMN05950790	BG::SAMN05950790	global_background	global_background_country_period_lineage_cap2_prefer_local_and_precise_date	primary	USA	USA	North_America	2014-01-01	2014-12-31	year	2014			United States Sublineage 1	published_background_annotation_not_model_lineage	SAMN05950790-SRR5829762	SAMN05950790	GCA_002859685.1	SRR5829762	ncbi_assembly_download									ok	PASS	True	2026-07-24												0	resolved_ncbi_assembly					assembly	4104273	67.7083371403413	0.0	1	4104273			True	0.004652415449999999	2014.4986301369863	prepandemic
USA__SAMN07352218	BG::SAMN07352218	global_background	global_background_country_period_lineage_cap2_prefer_local_and_precise_date	primary	USA	USA	North_America	2014-01-01	2014-12-31	year	2014			ptxP3/fim3-1	published_background_annotation_not_model_lineage	SAMN07352218-SRR5829858	SAMN07352218	GCA_004637145.1	SRR5829858	ncbi_assembly_download									ok	PASS	True	2026-07-24												0	resolved_ncbi_assembly					assembly	4103095	67.70854684086038	0.0	1	4103095			True	0.004565362550000001	2014.4986301369863	prepandemic
USA__SAMN10176206	BG::SAMN10176206	global_background	global_background_country_period_lineage_cap2_prefer_local_and_precise_date	primary	USA	USA	North_America	2015-01-01	2015-12-31	year	2015			ptxP3/fim3-1	published_background_annotation_not_model_lineage	SAMN10176206-SRR9118472	SAMN10176206	GCA_008817915.1	SRR9118472	ncbi_assembly_download									ok	PASS	True	2026-07-24												0	resolved_ncbi_assembly					assembly	4101972	67.71148120952556	0.0	1	4101972			True	0.004588258550000001	2015.4986301369863	prepandemic
USA__SAMN10298220	BG::SAMN10298220	global_background	global_background_country_period_lineage_cap2_prefer_local_and_precise_date	primary	USA	USA	North_America	2016-01-01	2016-12-31	year	2016			ptxP3/fim3-2	published_background_annotation_not_model_lineage	SAMN10298220-SRR9118369	SAMN10298220	GCA_008822885.1	SRR9118369	ncbi_assembly_download									ok	PASS	True	2026-07-24												0	resolved_ncbi_assembly					assembly	4106387	67.70638032898506	0.0	1	4106387			True	0.004596787249999997	2016.4986338797814	prepandemic
USA__SAMN10182728	BG::SAMN10182728	global_background	global_background_country_period_lineage_cap2_prefer_local_and_precise_date	primary	USA	USA	North_America	2017-01-01	2017-12-31	year	2017			United States Sublineage 1	published_background_annotation_not_model_lineage	SAMN10182728-SRR9988737	SAMN10182728	GCA_008821725.1	SRR9988737	ncbi_assembly_download									ok	PASS	True	2026-07-24												0	resolved_ncbi_assembly					assembly	4108452	67.70457583537546	0.0	1	4108452			True	0.004623857149999999	2017.4986301369863	prepandemic
USA__SAMN11539680	BG::SAMN11539680	global_background	global_background_country_period_lineage_cap2_prefer_local_and_precise_date	primary	USA	USA	North_America	2018-01-01	2018-12-31	year	2018			ptxP3/fim3-2	published_background_annotation_not_model_lineage	SAMN11539680-SRR9002895	SAMN11539680	GCA_050563055.1	SRR9002895	ncbi_assembly_download									ok	PASS	True	2026-07-24												0	resolved_ncbi_assembly					assembly	4101962	67.70820890100883	0.0	1	4101962			True	0.004573902049999997	2018.4986301369863	prepandemic
USA__SAMN11539704	BG::SAMN11539704	global_background	global_background_country_period_lineage_cap2_prefer_local_and_precise_date	primary	USA	USA	North_America	2018-01-01	2018-12-31	year	2018			MS-MT28	published_background_annotation_not_model_lineage	SAMN11539704-SRR9002870	SAMN11539704	GCA_050563015.1	SRR9002870	ncbi_assembly_download									ok	PASS	True	2026-07-24												0	resolved_ncbi_assembly					assembly	4108320	67.70329477742727	0.0	1	4108320			True	0.00462922115	2018.4986301369863	prepandemic
USA__SAMN12392429	BG::SAMN12392429	global_background	global_background_country_period_lineage_cap2_prefer_local_and_precise_date	primary	USA	USA	North_America	2018-01-01	2018-12-31	year	2018			MS-MT28	published_background_annotation_not_model_lineage	SAMN12392429-SRR9860860	SAMN12392429	GCA_050562625.1	SRR9860860	ncbi_assembly_download									ok	PASS	True	2026-07-24												0	resolved_ncbi_assembly					assembly	4108363	67.70363280946694	0.0	1	4108363			True	0.00462922115	2018.4986301369863	prepandemic
USA__SAMN14488305	BG::SAMN14488305	global_background	global_background_country_period_lineage_cap2_prefer_local_and_precise_date	primary	USA	USA	North_America	2019-01-01	2019-12-31	year	2019			ptxP3/fim3-1	published_background_annotation_not_model_lineage	SAMN14488305-SRR11455792	SAMN14488305	GCA_030253275.1	SRR11455792	ncbi_assembly_download									ok	PASS	True	2026-07-24												0	resolved_ncbi_assembly					assembly	4105462	67.70611931129797	0.0	1	4105462			True	0.004628687650000001	2019.4986301369863	prepandemic
USA__SAMN14488313	BG::SAMN14488313	global_background	global_background_country_period_lineage_cap2_prefer_local_and_precise_date	primary	USA	USA	North_America	2019-01-01	2019-12-31	year	2019			United States Sublineage 1	published_background_annotation_not_model_lineage	SAMN14488313-SRR11455763	SAMN14488313	GCA_030253115.1	SRR11455763	ncbi_assembly_download									ok	PASS	True	2026-07-24												0	resolved_ncbi_assembly					assembly	4104288	67.70882062857187	0.0	1	4104288			True	0.004629562549999999	2019.4986301369863	prepandemic
USA__SAMN18620777	BG::SAMN18620777	global_background	global_background_country_period_lineage_cap2_prefer_local_and_precise_date	primary	USA	USA	North_America	2020-01-01	2020-12-31	year	2020			United States Sublineage 1	published_background_annotation_not_model_lineage	SAMN18620777-SRR14288354	SAMN18620777	GCA_030253035.1	SRR14288354	ncbi_assembly_download									ok	PASS	True	2026-07-24												0	resolved_ncbi_assembly					assembly	4102367	67.70786231461008	0.0	1	4102367			True	0.004646575449999999	2020.4986338797814	pandemic
USA__SAMN18620802	BG::SAMN18620802	global_background	global_background_country_period_lineage_cap2_prefer_local_and_precise_date	primary	USA	USA	North_America	2020-01-01	2020-12-31	year	2020			ptxP3/fim3-1	published_background_annotation_not_model_lineage	SAMN18620802-SRR14288327	SAMN18620802	GCA_030252955.1	SRR14288327	ncbi_assembly_download									ok	PASS	True	2026-07-24												0	resolved_ncbi_assembly					assembly	4103364	67.70854352672588	0.0	1	4103364			True	0.004594072750000002	2020.4986338797814	pandemic
USA__SAMN18620814	BG::SAMN18620814	global_background	global_background_country_period_lineage_cap2_prefer_local_and_precise_date	primary	USA	USA	North_America	2020-01-01	2020-12-31	year	2020			United States Sublineage 1	published_background_annotation_not_model_lineage	SAMN18620814-SRR14288314	SAMN18620814	GCA_030252895.1	SRR14288314	ncbi_assembly_download					4110659	67.5	1	4110659	ok	PASS	True	2026-07-24												0	resolved_ncbi_assembly					assembly	4110659	67.69809901526739	0.0	1	4110659			True	0.004658495449999999	2020.4986338797814	pandemic
USA__SAMN18620816	BG::SAMN18620816	global_background	global_background_country_period_lineage_cap2_prefer_local_and_precise_date	primary	USA	USA	North_America	2020-01-01	2020-12-31	year	2020			ptxP3/fim3-2	published_background_annotation_not_model_lineage	SAMN18620816-SRR14288311	SAMN18620816	GCA_030252875.1	SRR14288311	ncbi_assembly_download									ok	PASS	True	2026-07-24												0	resolved_ncbi_assembly					assembly	4106415	67.70643006125782	0.0	1	4106415			True	0.004625757549999997	2020.4986338797814	pandemic
USA__SAMN18620823	BG::SAMN18620823	global_background	global_background_country_period_lineage_cap2_prefer_local_and_precise_date	primary	USA	USA	North_America	2020-01-01	2020-12-31	year	2020			ptxP3/fim3-2	published_background_annotation_not_model_lineage	SAMN18620823-SRR14288304	SAMN18620823	GCA_042465135.1	SRR14288304	ncbi_assembly_download									ok	PASS	True	2026-07-24												0	resolved_ncbi_assembly					assembly	4105346	67.7075208764377	0.0	1	4105346			True	0.004596708649999997	2020.4986338797814	pandemic
USA__SAMN45987639	BG::SAMN45987639	global_background	global_background_country_period_lineage_cap2_prefer_local_and_precise_date	primary	USA	USA	North_America	2022-01-01	2022-12-31	year	2022			ptxP3/fim3-1	published_background_annotation_not_model_lineage	SAMN45987639-SRR31902806	SAMN45987639		SRR31902806	ena_fastq_download				;						PASS	True	2026-07-24	ftp.sra.ebi.ac.uk/vol1/fastq/SRR319/006/SRR31902806/SRR31902806_1.fastq.gz;ftp.sra.ebi.ac.uk/vol1/fastq/SRR319/006/SRR31902806/SRR31902806_2.fastq.gz	82685091;92451524	PAIRED	486318	241319079	PRJNA279196	SAMN45987639	2022	USA: PA	ftp.sra.ebi.ac.uk/vol1/fastq/SRR319/006/SRR31902806/SRR31902806_1.fastq.gz;ftp.sra.ebi.ac.uk/vol1/fastq/SRR319/006/SRR31902806/SRR31902806_2.fastq.gz	82685091;92451524	175136615	resolved_streamed_fastq_subset	PASS			100000	paired_reads						0.800111		True	0.0046589413499999975	2022.4986301369863	pandemic
USA__SAMN45987611	BG::SAMN45987611	global_background	global_background_country_period_lineage_cap2_prefer_local_and_precise_date	primary	USA	USA	North_America	2023-01-01	2023-12-31	year	2023			ptxP3/fim3-1	published_background_annotation_not_model_lineage	SAMN45987611-SRR31902756	SAMN45987611		SRR31902756	ena_fastq_download				;						PASS	True	2026-07-24	ftp.sra.ebi.ac.uk/vol1/fastq/SRR319/056/SRR31902756/SRR31902756_1.fastq.gz;ftp.sra.ebi.ac.uk/vol1/fastq/SRR319/056/SRR31902756/SRR31902756_2.fastq.gz	94670412;103793739	PAIRED	557569	276106655	PRJNA279196	SAMN45987611	2023	USA: MN	ftp.sra.ebi.ac.uk/vol1/fastq/SRR319/056/SRR31902756/SRR31902756_1.fastq.gz;ftp.sra.ebi.ac.uk/vol1/fastq/SRR319/056/SRR31902756/SRR31902756_2.fastq.gz	94670412;103793739	198464151	resolved_streamed_fastq_subset	PASS			100000	paired_reads						0.820499		True	0.0046359894499999965	2023.4986301369863	resurgence
USA__SAMN45987613	BG::SAMN45987613	global_background	global_background_country_period_lineage_cap2_prefer_local_and_precise_date	primary	USA	USA	North_America	2023-01-01	2023-12-31	year	2023			ptxP3/fim3-1	published_background_annotation_not_model_lineage	SAMN45987613-SRR31902819	SAMN45987613		SRR31902819	ena_fastq_download				;						PASS	True	2026-07-24	ftp.sra.ebi.ac.uk/vol1/fastq/SRR319/019/SRR31902819/SRR31902819_1.fastq.gz;ftp.sra.ebi.ac.uk/vol1/fastq/SRR319/019/SRR31902819/SRR31902819_2.fastq.gz	85435200;93542017	PAIRED	505272	249047251	PRJNA279196	SAMN45987613	2023	USA: MN	ftp.sra.ebi.ac.uk/vol1/fastq/SRR319/019/SRR31902819/SRR31902819_1.fastq.gz;ftp.sra.ebi.ac.uk/vol1/fastq/SRR319/019/SRR31902819/SRR31902819_2.fastq.gz	85435200;93542017	178977217	resolved_streamed_fastq_subset	PASS			100000	paired_reads						0.821433		True	0.0046359894499999965	2023.4986301369863	resurgence
USA__SAMN45987640	BG::SAMN45987640	global_background	global_background_country_period_lineage_cap2_prefer_local_and_precise_date	primary	USA	USA	North_America	2024-01-01	2024-12-31	year	2024			others	published_background_annotation_not_model_lineage	SAMN45987640-SRR31902804	SAMN45987640		SRR31902804	ena_fastq_download				;						PASS	True	2026-07-24	ftp.sra.ebi.ac.uk/vol1/fastq/SRR319/004/SRR31902804/SRR31902804_1.fastq.gz;ftp.sra.ebi.ac.uk/vol1/fastq/SRR319/004/SRR31902804/SRR31902804_2.fastq.gz	91362391;99543523	PAIRED	511438	254577109	PRJNA279196	SAMN45987640	2024	USA: CT	ftp.sra.ebi.ac.uk/vol1/fastq/SRR319/004/SRR31902804/SRR31902804_1.fastq.gz;ftp.sra.ebi.ac.uk/vol1/fastq/SRR319/004/SRR31902804/SRR31902804_2.fastq.gz	91362391;99543523	190905914	resolved_streamed_fastq_subset	PASS			100000	paired_reads						0.77582		True	0.004455568450000003	2024.4986338797814	resurgence
USA__SAMN45987655	BG::SAMN45987655	global_background	global_background_country_period_lineage_cap2_prefer_local_and_precise_date	primary	USA	USA	North_America	2024-01-01	2024-12-31	year	2024			ptxP3/fim3-2	published_background_annotation_not_model_lineage	SAMN45987655-SRR31902787	SAMN45987655		SRR31902787	legacy_read_assembly										PASS	True	2026-07-24												0	resolved_legacy_read_assembly					assembly	3880504	67.74622574799562	0.0	339	23051			True	0.004592040749999997	2024.4986338797814	resurgence
USA__SAMN45987657	BG::SAMN45987657	global_background	global_background_country_period_lineage_cap2_prefer_local_and_precise_date	primary	USA	USA	North_America	2024-01-01	2024-12-31	year	2024			United States Sublineage 1	published_background_annotation_not_model_lineage	SAMN45987657-SRR31902785	SAMN45987657		SRR31902785	ena_fastq_download				;						PASS	True	2026-07-24	ftp.sra.ebi.ac.uk/vol1/fastq/SRR319/085/SRR31902785/SRR31902785_1.fastq.gz;ftp.sra.ebi.ac.uk/vol1/fastq/SRR319/085/SRR31902785/SRR31902785_2.fastq.gz	102985122;120505666	PAIRED	684054	339963863	PRJNA279196	SAMN45987657	2024	USA: MN	ftp.sra.ebi.ac.uk/vol1/fastq/SRR319/085/SRR31902785/SRR31902785_1.fastq.gz;ftp.sra.ebi.ac.uk/vol1/fastq/SRR319/085/SRR31902785/SRR31902785_2.fastq.gz	102985122;120505666	223490788	resolved_streamed_fastq_subset	PASS			100000	paired_reads						0.842261		True	0.004681381249999999	2024.4986338797814	resurgence
USA__SAMN46491808	BG::SAMN46491808	global_background	global_background_country_period_lineage_cap2_prefer_local_and_precise_date	primary	USA	USA	North_America	2024-01-01	2024-12-31	year	2024			MR-MT28-others	published_background_annotation_not_model_lineage	SAMN46491808-SRR32181462	SAMN46491808	GCA_047550995.1	SRR32181462	ncbi_assembly_download					4105330	67.5	1	4105330	ok	PASS	True	2026-07-24												0	resolved_ncbi_assembly					assembly	4105330	67.70778475786356	0.0	1	4105330			True	0.004635752249999996	2024.4986338797814	resurgence
USA__SAMN48440030	BG::SAMN48440030	global_background	global_background_country_period_lineage_cap2_prefer_local_and_precise_date	primary	USA	USA	North_America	2024-01-01	2024-12-31	year	2024			United States Sublineage 1	published_background_annotation_not_model_lineage	SAMN48440030-SRR33531995	SAMN48440030		SRR33531995	ena_fastq_download				;						PASS	True	2026-07-24	ftp.sra.ebi.ac.uk/vol1/fastq/SRR335/095/SRR33531995/SRR33531995_1.fastq.gz;ftp.sra.ebi.ac.uk/vol1/fastq/SRR335/095/SRR33531995/SRR33531995_2.fastq.gz	626365316;727695129	PAIRED	3032058	1789887645	PRJNA1258996	SAMN48440030	not applicable		ftp.sra.ebi.ac.uk/vol1/fastq/SRR335/095/SRR33531995/SRR33531995_1.fastq.gz;ftp.sra.ebi.ac.uk/vol1/fastq/SRR335/095/SRR33531995/SRR33531995_2.fastq.gz	626365316;727695129	1354060445	resolved_streamed_fastq_subset	PASS			100000	paired_reads						0.605392		True	0.004647244949999999	2024.4986338797814	resurgence
