country_iso3	country_name	observation_date	period_start	period_end	year	month	week	value	time_resolution	metric	y_axis_title	surveillance_scope	extraction_method	value_status	source_url	source_detail	data_freeze_date
AUS	Australia	2019-01-01	2019-01-01	2019-02-01	2019	1		1315	monthly	notified_cases	Notifications per month	National notifiable-disease notifications	direct_tabular	reported	https://nindss.health.gov.au/pbi-dashboard/	Pertussis incidence.xlsx	2026-07-27
AUS	Australia	2019-02-01	2019-02-01	2019-03-01	2019	2		835	monthly	notified_cases	Notifications per month	National notifiable-disease notifications	direct_tabular	reported	https://nindss.health.gov.au/pbi-dashboard/	Pertussis incidence.xlsx	2026-07-27
AUS	Australia	2019-03-01	2019-03-01	2019-04-01	2019	3		935	monthly	notified_cases	Notifications per month	National notifiable-disease notifications	direct_tabular	reported	https://nindss.health.gov.au/pbi-dashboard/	Pertussis incidence.xlsx	2026-07-27
AUS	Australia	2019-04-01	2019-04-01	2019-05-01	2019	4		793	monthly	notified_cases	Notifications per month	National notifiable-disease notifications	direct_tabular	reported	https://nindss.health.gov.au/pbi-dashboard/	Pertussis incidence.xlsx	2026-07-27
AUS	Australia	2019-05-01	2019-05-01	2019-06-01	2019	5		985	monthly	notified_cases	Notifications per month	National notifiable-disease notifications	direct_tabular	reported	https://nindss.health.gov.au/pbi-dashboard/	Pertussis incidence.xlsx	2026-07-27
AUS	Australia	2019-06-01	2019-06-01	2019-07-01	2019	6		841	monthly	notified_cases	Notifications per month	National notifiable-disease notifications	direct_tabular	reported	https://nindss.health.gov.au/pbi-dashboard/	Pertussis incidence.xlsx	2026-07-27
AUS	Australia	2019-07-01	2019-07-01	2019-08-01	2019	7		959	monthly	notified_cases	Notifications per month	National notifiable-disease notifications	direct_tabular	reported	https://nindss.health.gov.au/pbi-dashboard/	Pertussis incidence.xlsx	2026-07-27
AUS	Australia	2019-08-01	2019-08-01	2019-09-01	2019	8		1057	monthly	notified_cases	Notifications per month	National notifiable-disease notifications	direct_tabular	reported	https://nindss.health.gov.au/pbi-dashboard/	Pertussis incidence.xlsx	2026-07-27
AUS	Australia	2019-09-01	2019-09-01	2019-10-01	2019	9		1034	monthly	notified_cases	Notifications per month	National notifiable-disease notifications	direct_tabular	reported	https://nindss.health.gov.au/pbi-dashboard/	Pertussis incidence.xlsx	2026-07-27
AUS	Australia	2019-10-01	2019-10-01	2019-11-01	2019	10		1020	monthly	notified_cases	Notifications per month	National notifiable-disease notifications	direct_tabular	reported	https://nindss.health.gov.au/pbi-dashboard/	Pertussis incidence.xlsx	2026-07-27
AUS	Australia	2019-11-01	2019-11-01	2019-12-01	2019	11		1177	monthly	notified_cases	Notifications per month	National notifiable-disease notifications	direct_tabular	reported	https://nindss.health.gov.au/pbi-dashboard/	Pertussis incidence.xlsx	2026-07-27
AUS	Australia	2019-12-01	2019-12-01	2020-01-01	2019	12		1074	monthly	notified_cases	Notifications per month	National notifiable-disease notifications	direct_tabular	reported	https://nindss.health.gov.au/pbi-dashboard/	Pertussis incidence.xlsx	2026-07-27
AUS	Australia	2020-01-01	2020-01-01	2020-02-01	2020	1		871	monthly	notified_cases	Notifications per month	National notifiable-disease notifications	direct_tabular	reported	https://nindss.health.gov.au/pbi-dashboard/	Pertussis incidence.xlsx	2026-07-27
AUS	Australia	2020-02-01	2020-02-01	2020-03-01	2020	2		762	monthly	notified_cases	Notifications per month	National notifiable-disease notifications	direct_tabular	reported	https://nindss.health.gov.au/pbi-dashboard/	Pertussis incidence.xlsx	2026-07-27
AUS	Australia	2020-03-01	2020-03-01	2020-04-01	2020	3		682	monthly	notified_cases	Notifications per month	National notifiable-disease notifications	direct_tabular	reported	https://nindss.health.gov.au/pbi-dashboard/	Pertussis incidence.xlsx	2026-07-27
AUS	Australia	2020-04-01	2020-04-01	2020-05-01	2020	4		371	monthly	notified_cases	Notifications per month	National notifiable-disease notifications	direct_tabular	reported	https://nindss.health.gov.au/pbi-dashboard/	Pertussis incidence.xlsx	2026-07-27
AUS	Australia	2020-05-01	2020-05-01	2020-06-01	2020	5		213	monthly	notified_cases	Notifications per month	National notifiable-disease notifications	direct_tabular	reported	https://nindss.health.gov.au/pbi-dashboard/	Pertussis incidence.xlsx	2026-07-27
AUS	Australia	2020-06-01	2020-06-01	2020-07-01	2020	6		194	monthly	notified_cases	Notifications per month	National notifiable-disease notifications	direct_tabular	reported	https://nindss.health.gov.au/pbi-dashboard/	Pertussis incidence.xlsx	2026-07-27
AUS	Australia	2020-07-01	2020-07-01	2020-08-01	2020	7		127	monthly	notified_cases	Notifications per month	National notifiable-disease notifications	direct_tabular	reported	https://nindss.health.gov.au/pbi-dashboard/	Pertussis incidence.xlsx	2026-07-27
AUS	Australia	2020-08-01	2020-08-01	2020-09-01	2020	8		70	monthly	notified_cases	Notifications per month	National notifiable-disease notifications	direct_tabular	reported	https://nindss.health.gov.au/pbi-dashboard/	Pertussis incidence.xlsx	2026-07-27
AUS	Australia	2020-09-01	2020-09-01	2020-10-01	2020	9		51	monthly	notified_cases	Notifications per month	National notifiable-disease notifications	direct_tabular	reported	https://nindss.health.gov.au/pbi-dashboard/	Pertussis incidence.xlsx	2026-07-27
AUS	Australia	2020-10-01	2020-10-01	2020-11-01	2020	10		24	monthly	notified_cases	Notifications per month	National notifiable-disease notifications	direct_tabular	reported	https://nindss.health.gov.au/pbi-dashboard/	Pertussis incidence.xlsx	2026-07-27
AUS	Australia	2020-11-01	2020-11-01	2020-12-01	2020	11		44	monthly	notified_cases	Notifications per month	National notifiable-disease notifications	direct_tabular	reported	https://nindss.health.gov.au/pbi-dashboard/	Pertussis incidence.xlsx	2026-07-27
AUS	Australia	2020-12-01	2020-12-01	2021-01-01	2020	12		48	monthly	notified_cases	Notifications per month	National notifiable-disease notifications	direct_tabular	reported	https://nindss.health.gov.au/pbi-dashboard/	Pertussis incidence.xlsx	2026-07-27
AUS	Australia	2021-01-01	2021-01-01	2021-02-01	2021	1		40	monthly	notified_cases	Notifications per month	National notifiable-disease notifications	direct_tabular	reported	https://nindss.health.gov.au/pbi-dashboard/	Pertussis incidence.xlsx	2026-07-27
AUS	Australia	2021-02-01	2021-02-01	2021-03-01	2021	2		54	monthly	notified_cases	Notifications per month	National notifiable-disease notifications	direct_tabular	reported	https://nindss.health.gov.au/pbi-dashboard/	Pertussis incidence.xlsx	2026-07-27
AUS	Australia	2021-03-01	2021-03-01	2021-04-01	2021	3		53	monthly	notified_cases	Notifications per month	National notifiable-disease notifications	direct_tabular	reported	https://nindss.health.gov.au/pbi-dashboard/	Pertussis incidence.xlsx	2026-07-27
AUS	Australia	2021-04-01	2021-04-01	2021-05-01	2021	4		48	monthly	notified_cases	Notifications per month	National notifiable-disease notifications	direct_tabular	reported	https://nindss.health.gov.au/pbi-dashboard/	Pertussis incidence.xlsx	2026-07-27
AUS	Australia	2021-05-01	2021-05-01	2021-06-01	2021	5		52	monthly	notified_cases	Notifications per month	National notifiable-disease notifications	direct_tabular	reported	https://nindss.health.gov.au/pbi-dashboard/	Pertussis incidence.xlsx	2026-07-27
AUS	Australia	2021-06-01	2021-06-01	2021-07-01	2021	6		57	monthly	notified_cases	Notifications per month	National notifiable-disease notifications	direct_tabular	reported	https://nindss.health.gov.au/pbi-dashboard/	Pertussis incidence.xlsx	2026-07-27
AUS	Australia	2021-07-01	2021-07-01	2021-08-01	2021	7		38	monthly	notified_cases	Notifications per month	National notifiable-disease notifications	direct_tabular	reported	https://nindss.health.gov.au/pbi-dashboard/	Pertussis incidence.xlsx	2026-07-27
AUS	Australia	2021-08-01	2021-08-01	2021-09-01	2021	8		51	monthly	notified_cases	Notifications per month	National notifiable-disease notifications	direct_tabular	reported	https://nindss.health.gov.au/pbi-dashboard/	Pertussis incidence.xlsx	2026-07-27
AUS	Australia	2021-09-01	2021-09-01	2021-10-01	2021	9		38	monthly	notified_cases	Notifications per month	National notifiable-disease notifications	direct_tabular	reported	https://nindss.health.gov.au/pbi-dashboard/	Pertussis incidence.xlsx	2026-07-27
AUS	Australia	2021-10-01	2021-10-01	2021-11-01	2021	10		41	monthly	notified_cases	Notifications per month	National notifiable-disease notifications	direct_tabular	reported	https://nindss.health.gov.au/pbi-dashboard/	Pertussis incidence.xlsx	2026-07-27
AUS	Australia	2021-11-01	2021-11-01	2021-12-01	2021	11		48	monthly	notified_cases	Notifications per month	National notifiable-disease notifications	direct_tabular	reported	https://nindss.health.gov.au/pbi-dashboard/	Pertussis incidence.xlsx	2026-07-27
AUS	Australia	2021-12-01	2021-12-01	2022-01-01	2021	12		30	monthly	notified_cases	Notifications per month	National notifiable-disease notifications	direct_tabular	reported	https://nindss.health.gov.au/pbi-dashboard/	Pertussis incidence.xlsx	2026-07-27
AUS	Australia	2022-01-01	2022-01-01	2022-02-01	2022	1		41	monthly	notified_cases	Notifications per month	National notifiable-disease notifications	direct_tabular	reported	https://nindss.health.gov.au/pbi-dashboard/	Pertussis incidence.xlsx	2026-07-27
AUS	Australia	2022-02-01	2022-02-01	2022-03-01	2022	2		43	monthly	notified_cases	Notifications per month	National notifiable-disease notifications	direct_tabular	reported	https://nindss.health.gov.au/pbi-dashboard/	Pertussis incidence.xlsx	2026-07-27
AUS	Australia	2022-03-01	2022-03-01	2022-04-01	2022	3		47	monthly	notified_cases	Notifications per month	National notifiable-disease notifications	direct_tabular	reported	https://nindss.health.gov.au/pbi-dashboard/	Pertussis incidence.xlsx	2026-07-27
AUS	Australia	2022-04-01	2022-04-01	2022-05-01	2022	4		22	monthly	notified_cases	Notifications per month	National notifiable-disease notifications	direct_tabular	reported	https://nindss.health.gov.au/pbi-dashboard/	Pertussis incidence.xlsx	2026-07-27
AUS	Australia	2022-05-01	2022-05-01	2022-06-01	2022	5		39	monthly	notified_cases	Notifications per month	National notifiable-disease notifications	direct_tabular	reported	https://nindss.health.gov.au/pbi-dashboard/	Pertussis incidence.xlsx	2026-07-27
AUS	Australia	2022-06-01	2022-06-01	2022-07-01	2022	6		35	monthly	notified_cases	Notifications per month	National notifiable-disease notifications	direct_tabular	reported	https://nindss.health.gov.au/pbi-dashboard/	Pertussis incidence.xlsx	2026-07-27
AUS	Australia	2022-07-01	2022-07-01	2022-08-01	2022	7		42	monthly	notified_cases	Notifications per month	National notifiable-disease notifications	direct_tabular	reported	https://nindss.health.gov.au/pbi-dashboard/	Pertussis incidence.xlsx	2026-07-27
AUS	Australia	2022-08-01	2022-08-01	2022-09-01	2022	8		64	monthly	notified_cases	Notifications per month	National notifiable-disease notifications	direct_tabular	reported	https://nindss.health.gov.au/pbi-dashboard/	Pertussis incidence.xlsx	2026-07-27
AUS	Australia	2022-09-01	2022-09-01	2022-10-01	2022	9		38	monthly	notified_cases	Notifications per month	National notifiable-disease notifications	direct_tabular	reported	https://nindss.health.gov.au/pbi-dashboard/	Pertussis incidence.xlsx	2026-07-27
AUS	Australia	2022-10-01	2022-10-01	2022-11-01	2022	10		40	monthly	notified_cases	Notifications per month	National notifiable-disease notifications	direct_tabular	reported	https://nindss.health.gov.au/pbi-dashboard/	Pertussis incidence.xlsx	2026-07-27
AUS	Australia	2022-11-01	2022-11-01	2022-12-01	2022	11		35	monthly	notified_cases	Notifications per month	National notifiable-disease notifications	direct_tabular	reported	https://nindss.health.gov.au/pbi-dashboard/	Pertussis incidence.xlsx	2026-07-27
AUS	Australia	2022-12-01	2022-12-01	2023-01-01	2022	12		36	monthly	notified_cases	Notifications per month	National notifiable-disease notifications	direct_tabular	reported	https://nindss.health.gov.au/pbi-dashboard/	Pertussis incidence.xlsx	2026-07-27
AUS	Australia	2023-01-01	2023-01-01	2023-02-01	2023	1		46	monthly	notified_cases	Notifications per month	National notifiable-disease notifications	direct_tabular	reported	https://nindss.health.gov.au/pbi-dashboard/	Pertussis incidence.xlsx	2026-07-27
AUS	Australia	2023-02-01	2023-02-01	2023-03-01	2023	2		34	monthly	notified_cases	Notifications per month	National notifiable-disease notifications	direct_tabular	reported	https://nindss.health.gov.au/pbi-dashboard/	Pertussis incidence.xlsx	2026-07-27
AUS	Australia	2023-03-01	2023-03-01	2023-04-01	2023	3		44	monthly	notified_cases	Notifications per month	National notifiable-disease notifications	direct_tabular	reported	https://nindss.health.gov.au/pbi-dashboard/	Pertussis incidence.xlsx	2026-07-27
AUS	Australia	2023-04-01	2023-04-01	2023-05-01	2023	4		43	monthly	notified_cases	Notifications per month	National notifiable-disease notifications	direct_tabular	reported	https://nindss.health.gov.au/pbi-dashboard/	Pertussis incidence.xlsx	2026-07-27
AUS	Australia	2023-05-01	2023-05-01	2023-06-01	2023	5		77	monthly	notified_cases	Notifications per month	National notifiable-disease notifications	direct_tabular	reported	https://nindss.health.gov.au/pbi-dashboard/	Pertussis incidence.xlsx	2026-07-27
AUS	Australia	2023-06-01	2023-06-01	2023-07-01	2023	6		92	monthly	notified_cases	Notifications per month	National notifiable-disease notifications	direct_tabular	reported	https://nindss.health.gov.au/pbi-dashboard/	Pertussis incidence.xlsx	2026-07-27
AUS	Australia	2023-07-01	2023-07-01	2023-08-01	2023	7		95	monthly	notified_cases	Notifications per month	National notifiable-disease notifications	direct_tabular	reported	https://nindss.health.gov.au/pbi-dashboard/	Pertussis incidence.xlsx	2026-07-27
AUS	Australia	2023-08-01	2023-08-01	2023-09-01	2023	8		156	monthly	notified_cases	Notifications per month	National notifiable-disease notifications	direct_tabular	reported	https://nindss.health.gov.au/pbi-dashboard/	Pertussis incidence.xlsx	2026-07-27
AUS	Australia	2023-09-01	2023-09-01	2023-10-01	2023	9		270	monthly	notified_cases	Notifications per month	National notifiable-disease notifications	direct_tabular	reported	https://nindss.health.gov.au/pbi-dashboard/	Pertussis incidence.xlsx	2026-07-27
AUS	Australia	2023-10-01	2023-10-01	2023-11-01	2023	10		367	monthly	notified_cases	Notifications per month	National notifiable-disease notifications	direct_tabular	reported	https://nindss.health.gov.au/pbi-dashboard/	Pertussis incidence.xlsx	2026-07-27
AUS	Australia	2023-11-01	2023-11-01	2023-12-01	2023	11		633	monthly	notified_cases	Notifications per month	National notifiable-disease notifications	direct_tabular	reported	https://nindss.health.gov.au/pbi-dashboard/	Pertussis incidence.xlsx	2026-07-27
AUS	Australia	2023-12-01	2023-12-01	2024-01-01	2023	12		585	monthly	notified_cases	Notifications per month	National notifiable-disease notifications	direct_tabular	reported	https://nindss.health.gov.au/pbi-dashboard/	Pertussis incidence.xlsx	2026-07-27
AUS	Australia	2024-01-01	2024-01-01	2024-02-01	2024	1		827	monthly	notified_cases	Notifications per month	National notifiable-disease notifications	direct_tabular	reported	https://nindss.health.gov.au/pbi-dashboard/	Pertussis incidence.xlsx	2026-07-27
AUS	Australia	2024-02-01	2024-02-01	2024-03-01	2024	2		846	monthly	notified_cases	Notifications per month	National notifiable-disease notifications	direct_tabular	reported	https://nindss.health.gov.au/pbi-dashboard/	Pertussis incidence.xlsx	2026-07-27
AUS	Australia	2024-03-01	2024-03-01	2024-04-01	2024	3		1375	monthly	notified_cases	Notifications per month	National notifiable-disease notifications	direct_tabular	reported	https://nindss.health.gov.au/pbi-dashboard/	Pertussis incidence.xlsx	2026-07-27
AUS	Australia	2024-04-01	2024-04-01	2024-05-01	2024	4		2038	monthly	notified_cases	Notifications per month	National notifiable-disease notifications	direct_tabular	reported	https://nindss.health.gov.au/pbi-dashboard/	Pertussis incidence.xlsx	2026-07-27
AUS	Australia	2024-05-01	2024-05-01	2024-06-01	2024	5		2578	monthly	notified_cases	Notifications per month	National notifiable-disease notifications	direct_tabular	reported	https://nindss.health.gov.au/pbi-dashboard/	Pertussis incidence.xlsx	2026-07-27
AUS	Australia	2024-06-01	2024-06-01	2024-07-01	2024	6		4465	monthly	notified_cases	Notifications per month	National notifiable-disease notifications	direct_tabular	reported	https://nindss.health.gov.au/pbi-dashboard/	Pertussis incidence.xlsx	2026-07-27
AUS	Australia	2024-07-01	2024-07-01	2024-08-01	2024	7		5233	monthly	notified_cases	Notifications per month	National notifiable-disease notifications	direct_tabular	reported	https://nindss.health.gov.au/pbi-dashboard/	Pertussis incidence.xlsx	2026-07-27
AUS	Australia	2024-08-01	2024-08-01	2024-09-01	2024	8		6661	monthly	notified_cases	Notifications per month	National notifiable-disease notifications	direct_tabular	reported	https://nindss.health.gov.au/pbi-dashboard/	Pertussis incidence.xlsx	2026-07-27
AUS	Australia	2024-09-01	2024-09-01	2024-10-01	2024	9		8312	monthly	notified_cases	Notifications per month	National notifiable-disease notifications	direct_tabular	reported	https://nindss.health.gov.au/pbi-dashboard/	Pertussis incidence.xlsx	2026-07-27
AUS	Australia	2024-10-01	2024-10-01	2024-11-01	2024	10		7940	monthly	notified_cases	Notifications per month	National notifiable-disease notifications	direct_tabular	reported	https://nindss.health.gov.au/pbi-dashboard/	Pertussis incidence.xlsx	2026-07-27
AUS	Australia	2024-11-01	2024-11-01	2024-12-01	2024	11		9308	monthly	notified_cases	Notifications per month	National notifiable-disease notifications	direct_tabular	reported	https://nindss.health.gov.au/pbi-dashboard/	Pertussis incidence.xlsx	2026-07-27
AUS	Australia	2024-12-01	2024-12-01	2025-01-01	2024	12		6843	monthly	notified_cases	Notifications per month	National notifiable-disease notifications	direct_tabular	reported	https://nindss.health.gov.au/pbi-dashboard/	Pertussis incidence.xlsx	2026-07-27
AUS	Australia	2025-01-01	2025-01-01	2025-02-01	2025	1		5010	monthly	notified_cases	Notifications per month	National notifiable-disease notifications	direct_tabular	reported	https://nindss.health.gov.au/pbi-dashboard/	Pertussis incidence.xlsx	2026-07-27
AUS	Australia	2025-02-01	2025-02-01	2025-03-01	2025	2		2881	monthly	notified_cases	Notifications per month	National notifiable-disease notifications	direct_tabular	reported	https://nindss.health.gov.au/pbi-dashboard/	Pertussis incidence.xlsx	2026-07-27
AUS	Australia	2025-03-01	2025-03-01	2025-04-01	2025	3		2362	monthly	notified_cases	Notifications per month	National notifiable-disease notifications	direct_tabular	reported	https://nindss.health.gov.au/pbi-dashboard/	Pertussis incidence.xlsx	2026-07-27
AUS	Australia	2025-04-01	2025-04-01	2025-05-01	2025	4		1929	monthly	notified_cases	Notifications per month	National notifiable-disease notifications	direct_tabular	reported	https://nindss.health.gov.au/pbi-dashboard/	Pertussis incidence.xlsx	2026-07-27
AUS	Australia	2025-05-01	2025-05-01	2025-06-01	2025	5		2008	monthly	notified_cases	Notifications per month	National notifiable-disease notifications	direct_tabular	reported	https://nindss.health.gov.au/pbi-dashboard/	Pertussis incidence.xlsx	2026-07-27
AUS	Australia	2025-06-01	2025-06-01	2025-07-01	2025	6		1756	monthly	notified_cases	Notifications per month	National notifiable-disease notifications	direct_tabular	reported	https://nindss.health.gov.au/pbi-dashboard/	Pertussis incidence.xlsx	2026-07-27
AUS	Australia	2025-07-01	2025-07-01	2025-08-01	2025	7		1572	monthly	notified_cases	Notifications per month	National notifiable-disease notifications	direct_tabular	reported	https://nindss.health.gov.au/pbi-dashboard/	Pertussis incidence.xlsx	2026-07-27
AUS	Australia	2025-08-01	2025-08-01	2025-09-01	2025	8		1704	monthly	notified_cases	Notifications per month	National notifiable-disease notifications	direct_tabular	reported	https://nindss.health.gov.au/pbi-dashboard/	Pertussis incidence.xlsx	2026-07-27
AUS	Australia	2025-09-01	2025-09-01	2025-10-01	2025	9		1748	monthly	notified_cases	Notifications per month	National notifiable-disease notifications	direct_tabular	reported	https://nindss.health.gov.au/pbi-dashboard/	Pertussis incidence.xlsx	2026-07-27
AUS	Australia	2025-10-01	2025-10-01	2025-11-01	2025	10		1587	monthly	notified_cases	Notifications per month	National notifiable-disease notifications	direct_tabular	reported	https://nindss.health.gov.au/pbi-dashboard/	Pertussis incidence.xlsx	2026-07-27
AUS	Australia	2025-11-01	2025-11-01	2025-12-01	2025	11		1496	monthly	notified_cases	Notifications per month	National notifiable-disease notifications	direct_tabular	reported	https://nindss.health.gov.au/pbi-dashboard/	Pertussis incidence.xlsx	2026-07-27
AUS	Australia	2025-12-01	2025-12-01	2026-01-01	2025	12		919	monthly	notified_cases	Notifications per month	National notifiable-disease notifications	direct_tabular	reported	https://nindss.health.gov.au/pbi-dashboard/	Pertussis incidence.xlsx	2026-07-27
BEL	Belgium	2019-01-01	2019-01-01	2019-02-01	2019	1		65	monthly	nrc_confirmed_cases	NRC-confirmed cases per month	National Reference Centre laboratory-confirmed surveillance; non-exhaustive trend series	digitised_from_official_vector_figure	approximate	https://www.sciensano.be/sites/default/files/kinkhoest-epidemiologie-jaarrapport-2024-nl.pdf	Figure 2, monthly NRC reports; 2020-2022 monthly bars are not displayed and remain missing	2026-07-27
BEL	Belgium	2019-02-01	2019-02-01	2019-03-01	2019	2		56	monthly	nrc_confirmed_cases	NRC-confirmed cases per month	National Reference Centre laboratory-confirmed surveillance; non-exhaustive trend series	digitised_from_official_vector_figure	approximate	https://www.sciensano.be/sites/default/files/kinkhoest-epidemiologie-jaarrapport-2024-nl.pdf	Figure 2, monthly NRC reports; 2020-2022 monthly bars are not displayed and remain missing	2026-07-27
BEL	Belgium	2019-03-01	2019-03-01	2019-04-01	2019	3		52	monthly	nrc_confirmed_cases	NRC-confirmed cases per month	National Reference Centre laboratory-confirmed surveillance; non-exhaustive trend series	digitised_from_official_vector_figure	approximate	https://www.sciensano.be/sites/default/files/kinkhoest-epidemiologie-jaarrapport-2024-nl.pdf	Figure 2, monthly NRC reports; 2020-2022 monthly bars are not displayed and remain missing	2026-07-27
BEL	Belgium	2019-04-01	2019-04-01	2019-05-01	2019	4		46	monthly	nrc_confirmed_cases	NRC-confirmed cases per month	National Reference Centre laboratory-confirmed surveillance; non-exhaustive trend series	digitised_from_official_vector_figure	approximate	https://www.sciensano.be/sites/default/files/kinkhoest-epidemiologie-jaarrapport-2024-nl.pdf	Figure 2, monthly NRC reports; 2020-2022 monthly bars are not displayed and remain missing	2026-07-27
BEL	Belgium	2019-05-01	2019-05-01	2019-06-01	2019	5		58	monthly	nrc_confirmed_cases	NRC-confirmed cases per month	National Reference Centre laboratory-confirmed surveillance; non-exhaustive trend series	digitised_from_official_vector_figure	approximate	https://www.sciensano.be/sites/default/files/kinkhoest-epidemiologie-jaarrapport-2024-nl.pdf	Figure 2, monthly NRC reports; 2020-2022 monthly bars are not displayed and remain missing	2026-07-27
BEL	Belgium	2019-06-01	2019-06-01	2019-07-01	2019	6		46	monthly	nrc_confirmed_cases	NRC-confirmed cases per month	National Reference Centre laboratory-confirmed surveillance; non-exhaustive trend series	digitised_from_official_vector_figure	approximate	https://www.sciensano.be/sites/default/files/kinkhoest-epidemiologie-jaarrapport-2024-nl.pdf	Figure 2, monthly NRC reports; 2020-2022 monthly bars are not displayed and remain missing	2026-07-27
BEL	Belgium	2019-07-01	2019-07-01	2019-08-01	2019	7		61	monthly	nrc_confirmed_cases	NRC-confirmed cases per month	National Reference Centre laboratory-confirmed surveillance; non-exhaustive trend series	digitised_from_official_vector_figure	approximate	https://www.sciensano.be/sites/default/files/kinkhoest-epidemiologie-jaarrapport-2024-nl.pdf	Figure 2, monthly NRC reports; 2020-2022 monthly bars are not displayed and remain missing	2026-07-27
BEL	Belgium	2019-08-01	2019-08-01	2019-09-01	2019	8		82	monthly	nrc_confirmed_cases	NRC-confirmed cases per month	National Reference Centre laboratory-confirmed surveillance; non-exhaustive trend series	digitised_from_official_vector_figure	approximate	https://www.sciensano.be/sites/default/files/kinkhoest-epidemiologie-jaarrapport-2024-nl.pdf	Figure 2, monthly NRC reports; 2020-2022 monthly bars are not displayed and remain missing	2026-07-27
BEL	Belgium	2019-09-01	2019-09-01	2019-10-01	2019	9		94	monthly	nrc_confirmed_cases	NRC-confirmed cases per month	National Reference Centre laboratory-confirmed surveillance; non-exhaustive trend series	digitised_from_official_vector_figure	approximate	https://www.sciensano.be/sites/default/files/kinkhoest-epidemiologie-jaarrapport-2024-nl.pdf	Figure 2, monthly NRC reports; 2020-2022 monthly bars are not displayed and remain missing	2026-07-27
BEL	Belgium	2019-10-01	2019-10-01	2019-11-01	2019	10		40	monthly	nrc_confirmed_cases	NRC-confirmed cases per month	National Reference Centre laboratory-confirmed surveillance; non-exhaustive trend series	digitised_from_official_vector_figure	approximate	https://www.sciensano.be/sites/default/files/kinkhoest-epidemiologie-jaarrapport-2024-nl.pdf	Figure 2, monthly NRC reports; 2020-2022 monthly bars are not displayed and remain missing	2026-07-27
BEL	Belgium	2019-11-01	2019-11-01	2019-12-01	2019	11		35	monthly	nrc_confirmed_cases	NRC-confirmed cases per month	National Reference Centre laboratory-confirmed surveillance; non-exhaustive trend series	digitised_from_official_vector_figure	approximate	https://www.sciensano.be/sites/default/files/kinkhoest-epidemiologie-jaarrapport-2024-nl.pdf	Figure 2, monthly NRC reports; 2020-2022 monthly bars are not displayed and remain missing	2026-07-27
BEL	Belgium	2019-12-01	2019-12-01	2020-01-01	2019	12		50	monthly	nrc_confirmed_cases	NRC-confirmed cases per month	National Reference Centre laboratory-confirmed surveillance; non-exhaustive trend series	digitised_from_official_vector_figure	approximate	https://www.sciensano.be/sites/default/files/kinkhoest-epidemiologie-jaarrapport-2024-nl.pdf	Figure 2, monthly NRC reports; 2020-2022 monthly bars are not displayed and remain missing	2026-07-27
BEL	Belgium	2023-01-01	2023-01-01	2023-02-01	2023	1		13	monthly	nrc_confirmed_cases	NRC-confirmed cases per month	National Reference Centre laboratory-confirmed surveillance; non-exhaustive trend series	digitised_from_official_vector_figure	approximate	https://www.sciensano.be/sites/default/files/kinkhoest-epidemiologie-jaarrapport-2024-nl.pdf	Figure 2, monthly NRC reports; 2020-2022 monthly bars are not displayed and remain missing	2026-07-27
BEL	Belgium	2023-02-01	2023-02-01	2023-03-01	2023	2		17	monthly	nrc_confirmed_cases	NRC-confirmed cases per month	National Reference Centre laboratory-confirmed surveillance; non-exhaustive trend series	digitised_from_official_vector_figure	approximate	https://www.sciensano.be/sites/default/files/kinkhoest-epidemiologie-jaarrapport-2024-nl.pdf	Figure 2, monthly NRC reports; 2020-2022 monthly bars are not displayed and remain missing	2026-07-27
BEL	Belgium	2023-03-01	2023-03-01	2023-04-01	2023	3		35	monthly	nrc_confirmed_cases	NRC-confirmed cases per month	National Reference Centre laboratory-confirmed surveillance; non-exhaustive trend series	digitised_from_official_vector_figure	approximate	https://www.sciensano.be/sites/default/files/kinkhoest-epidemiologie-jaarrapport-2024-nl.pdf	Figure 2, monthly NRC reports; 2020-2022 monthly bars are not displayed and remain missing	2026-07-27
BEL	Belgium	2023-04-01	2023-04-01	2023-05-01	2023	4		29	monthly	nrc_confirmed_cases	NRC-confirmed cases per month	National Reference Centre laboratory-confirmed surveillance; non-exhaustive trend series	digitised_from_official_vector_figure	approximate	https://www.sciensano.be/sites/default/files/kinkhoest-epidemiologie-jaarrapport-2024-nl.pdf	Figure 2, monthly NRC reports; 2020-2022 monthly bars are not displayed and remain missing	2026-07-27
BEL	Belgium	2023-05-01	2023-05-01	2023-06-01	2023	5		38	monthly	nrc_confirmed_cases	NRC-confirmed cases per month	National Reference Centre laboratory-confirmed surveillance; non-exhaustive trend series	digitised_from_official_vector_figure	approximate	https://www.sciensano.be/sites/default/files/kinkhoest-epidemiologie-jaarrapport-2024-nl.pdf	Figure 2, monthly NRC reports; 2020-2022 monthly bars are not displayed and remain missing	2026-07-27
BEL	Belgium	2023-06-01	2023-06-01	2023-07-01	2023	6		71	monthly	nrc_confirmed_cases	NRC-confirmed cases per month	National Reference Centre laboratory-confirmed surveillance; non-exhaustive trend series	digitised_from_official_vector_figure	approximate	https://www.sciensano.be/sites/default/files/kinkhoest-epidemiologie-jaarrapport-2024-nl.pdf	Figure 2, monthly NRC reports; 2020-2022 monthly bars are not displayed and remain missing	2026-07-27
BEL	Belgium	2023-07-01	2023-07-01	2023-08-01	2023	7		92	monthly	nrc_confirmed_cases	NRC-confirmed cases per month	National Reference Centre laboratory-confirmed surveillance; non-exhaustive trend series	digitised_from_official_vector_figure	approximate	https://www.sciensano.be/sites/default/files/kinkhoest-epidemiologie-jaarrapport-2024-nl.pdf	Figure 2, monthly NRC reports; 2020-2022 monthly bars are not displayed and remain missing	2026-07-27
BEL	Belgium	2023-08-01	2023-08-01	2023-09-01	2023	8		161	monthly	nrc_confirmed_cases	NRC-confirmed cases per month	National Reference Centre laboratory-confirmed surveillance; non-exhaustive trend series	digitised_from_official_vector_figure	approximate	https://www.sciensano.be/sites/default/files/kinkhoest-epidemiologie-jaarrapport-2024-nl.pdf	Figure 2, monthly NRC reports; 2020-2022 monthly bars are not displayed and remain missing	2026-07-27
BEL	Belgium	2023-09-01	2023-09-01	2023-10-01	2023	9		163	monthly	nrc_confirmed_cases	NRC-confirmed cases per month	National Reference Centre laboratory-confirmed surveillance; non-exhaustive trend series	digitised_from_official_vector_figure	approximate	https://www.sciensano.be/sites/default/files/kinkhoest-epidemiologie-jaarrapport-2024-nl.pdf	Figure 2, monthly NRC reports; 2020-2022 monthly bars are not displayed and remain missing	2026-07-27
BEL	Belgium	2023-10-01	2023-10-01	2023-11-01	2023	10		138	monthly	nrc_confirmed_cases	NRC-confirmed cases per month	National Reference Centre laboratory-confirmed surveillance; non-exhaustive trend series	digitised_from_official_vector_figure	approximate	https://www.sciensano.be/sites/default/files/kinkhoest-epidemiologie-jaarrapport-2024-nl.pdf	Figure 2, monthly NRC reports; 2020-2022 monthly bars are not displayed and remain missing	2026-07-27
BEL	Belgium	2023-11-01	2023-11-01	2023-12-01	2023	11		137	monthly	nrc_confirmed_cases	NRC-confirmed cases per month	National Reference Centre laboratory-confirmed surveillance; non-exhaustive trend series	digitised_from_official_vector_figure	approximate	https://www.sciensano.be/sites/default/files/kinkhoest-epidemiologie-jaarrapport-2024-nl.pdf	Figure 2, monthly NRC reports; 2020-2022 monthly bars are not displayed and remain missing	2026-07-27
BEL	Belgium	2023-12-01	2023-12-01	2024-01-01	2023	12		154	monthly	nrc_confirmed_cases	NRC-confirmed cases per month	National Reference Centre laboratory-confirmed surveillance; non-exhaustive trend series	digitised_from_official_vector_figure	approximate	https://www.sciensano.be/sites/default/files/kinkhoest-epidemiologie-jaarrapport-2024-nl.pdf	Figure 2, monthly NRC reports; 2020-2022 monthly bars are not displayed and remain missing	2026-07-27
BEL	Belgium	2024-01-01	2024-01-01	2024-02-01	2024	1		199	monthly	nrc_confirmed_cases	NRC-confirmed cases per month	National Reference Centre laboratory-confirmed surveillance; non-exhaustive trend series	digitised_from_official_vector_figure	approximate	https://www.sciensano.be/sites/default/files/kinkhoest-epidemiologie-jaarrapport-2024-nl.pdf	Figure 2, monthly NRC reports; 2020-2022 monthly bars are not displayed and remain missing	2026-07-27
BEL	Belgium	2024-02-01	2024-02-01	2024-03-01	2024	2		230	monthly	nrc_confirmed_cases	NRC-confirmed cases per month	National Reference Centre laboratory-confirmed surveillance; non-exhaustive trend series	digitised_from_official_vector_figure	approximate	https://www.sciensano.be/sites/default/files/kinkhoest-epidemiologie-jaarrapport-2024-nl.pdf	Figure 2, monthly NRC reports; 2020-2022 monthly bars are not displayed and remain missing	2026-07-27
BEL	Belgium	2024-03-01	2024-03-01	2024-04-01	2024	3		335	monthly	nrc_confirmed_cases	NRC-confirmed cases per month	National Reference Centre laboratory-confirmed surveillance; non-exhaustive trend series	digitised_from_official_vector_figure	approximate	https://www.sciensano.be/sites/default/files/kinkhoest-epidemiologie-jaarrapport-2024-nl.pdf	Figure 2, monthly NRC reports; 2020-2022 monthly bars are not displayed and remain missing	2026-07-27
BEL	Belgium	2024-04-01	2024-04-01	2024-05-01	2024	4		437	monthly	nrc_confirmed_cases	NRC-confirmed cases per month	National Reference Centre laboratory-confirmed surveillance; non-exhaustive trend series	digitised_from_official_vector_figure	approximate	https://www.sciensano.be/sites/default/files/kinkhoest-epidemiologie-jaarrapport-2024-nl.pdf	Figure 2, monthly NRC reports; 2020-2022 monthly bars are not displayed and remain missing	2026-07-27
BEL	Belgium	2024-05-01	2024-05-01	2024-06-01	2024	5		443	monthly	nrc_confirmed_cases	NRC-confirmed cases per month	National Reference Centre laboratory-confirmed surveillance; non-exhaustive trend series	digitised_from_official_vector_figure	approximate	https://www.sciensano.be/sites/default/files/kinkhoest-epidemiologie-jaarrapport-2024-nl.pdf	Figure 2, monthly NRC reports; 2020-2022 monthly bars are not displayed and remain missing	2026-07-27
BEL	Belgium	2024-06-01	2024-06-01	2024-07-01	2024	6		436	monthly	nrc_confirmed_cases	NRC-confirmed cases per month	National Reference Centre laboratory-confirmed surveillance; non-exhaustive trend series	digitised_from_official_vector_figure	approximate	https://www.sciensano.be/sites/default/files/kinkhoest-epidemiologie-jaarrapport-2024-nl.pdf	Figure 2, monthly NRC reports; 2020-2022 monthly bars are not displayed and remain missing	2026-07-27
BEL	Belgium	2024-07-01	2024-07-01	2024-08-01	2024	7		354	monthly	nrc_confirmed_cases	NRC-confirmed cases per month	National Reference Centre laboratory-confirmed surveillance; non-exhaustive trend series	digitised_from_official_vector_figure	approximate	https://www.sciensano.be/sites/default/files/kinkhoest-epidemiologie-jaarrapport-2024-nl.pdf	Figure 2, monthly NRC reports; 2020-2022 monthly bars are not displayed and remain missing	2026-07-27
BEL	Belgium	2024-08-01	2024-08-01	2024-09-01	2024	8		351	monthly	nrc_confirmed_cases	NRC-confirmed cases per month	National Reference Centre laboratory-confirmed surveillance; non-exhaustive trend series	digitised_from_official_vector_figure	approximate	https://www.sciensano.be/sites/default/files/kinkhoest-epidemiologie-jaarrapport-2024-nl.pdf	Figure 2, monthly NRC reports; 2020-2022 monthly bars are not displayed and remain missing	2026-07-27
BEL	Belgium	2024-09-01	2024-09-01	2024-10-01	2024	9		278	monthly	nrc_confirmed_cases	NRC-confirmed cases per month	National Reference Centre laboratory-confirmed surveillance; non-exhaustive trend series	digitised_from_official_vector_figure	approximate	https://www.sciensano.be/sites/default/files/kinkhoest-epidemiologie-jaarrapport-2024-nl.pdf	Figure 2, monthly NRC reports; 2020-2022 monthly bars are not displayed and remain missing	2026-07-27
BEL	Belgium	2024-10-01	2024-10-01	2024-11-01	2024	10		146	monthly	nrc_confirmed_cases	NRC-confirmed cases per month	National Reference Centre laboratory-confirmed surveillance; non-exhaustive trend series	digitised_from_official_vector_figure	approximate	https://www.sciensano.be/sites/default/files/kinkhoest-epidemiologie-jaarrapport-2024-nl.pdf	Figure 2, monthly NRC reports; 2020-2022 monthly bars are not displayed and remain missing	2026-07-27
BEL	Belgium	2024-11-01	2024-11-01	2024-12-01	2024	11		126	monthly	nrc_confirmed_cases	NRC-confirmed cases per month	National Reference Centre laboratory-confirmed surveillance; non-exhaustive trend series	digitised_from_official_vector_figure	approximate	https://www.sciensano.be/sites/default/files/kinkhoest-epidemiologie-jaarrapport-2024-nl.pdf	Figure 2, monthly NRC reports; 2020-2022 monthly bars are not displayed and remain missing	2026-07-27
BEL	Belgium	2024-12-01	2024-12-01	2025-01-01	2024	12		63	monthly	nrc_confirmed_cases	NRC-confirmed cases per month	National Reference Centre laboratory-confirmed surveillance; non-exhaustive trend series	digitised_from_official_vector_figure	approximate	https://www.sciensano.be/sites/default/files/kinkhoest-epidemiologie-jaarrapport-2024-nl.pdf	Figure 2, monthly NRC reports; 2020-2022 monthly bars are not displayed and remain missing	2026-07-27
CHN	China	2019-01-01	2019-01-01	2019-02-01	2019	1		1260	monthly	reported_cases	Reported cases per month	National reported pertussis cases	direct_tabular	reported	https://www.cdctj.com.cn/system/2019/02/21/014326808.shtml	Pertussis incidence.xlsx	2026-07-27
CHN	China	2019-02-01	2019-02-01	2019-03-01	2019	2		1444	monthly	reported_cases	Reported cases per month	National reported pertussis cases	direct_tabular	reported	https://www.cdctj.com.cn/system/2019/03/28/014328451.shtml	Pertussis incidence.xlsx	2026-07-27
CHN	China	2019-03-01	2019-03-01	2019-04-01	2019	3		2735	monthly	reported_cases	Reported cases per month	National reported pertussis cases	direct_tabular	reported	https://www.cdctj.com.cn/system/2019/04/26/014329671.shtml	Pertussis incidence.xlsx	2026-07-27
CHN	China	2019-04-01	2019-04-01	2019-05-01	2019	4		2689	monthly	reported_cases	Reported cases per month	National reported pertussis cases	direct_tabular	reported	https://www.cdctj.com.cn/system/2019/05/23/014330869.shtml	Pertussis incidence.xlsx	2026-07-27
CHN	China	2019-05-01	2019-05-01	2019-06-01	2019	5		3129	monthly	reported_cases	Reported cases per month	National reported pertussis cases	direct_tabular	reported	https://www.cdctj.com.cn/system/2019/06/26/014332831.shtml	Pertussis incidence.xlsx	2026-07-27
CHN	China	2019-06-01	2019-06-01	2019-07-01	2019	6		3128	monthly	reported_cases	Reported cases per month	National reported pertussis cases	direct_tabular	reported	https://www.cdctj.com.cn/system/2019/08/02/014334748.shtml	Pertussis incidence.xlsx	2026-07-27
CHN	China	2019-07-01	2019-07-01	2019-08-01	2019	7		3635	monthly	reported_cases	Reported cases per month	National reported pertussis cases	direct_tabular	reported	http://www.nhc.gov.cn/jkj/s7929/201908/5e4ff33f01994b9d99adc0b41b1975cc.shtml	Pertussis incidence.xlsx	2026-07-27
CHN	China	2019-08-01	2019-08-01	2019-09-01	2019	8		4388	monthly	reported_cases	Reported cases per month	National reported pertussis cases	direct_tabular	reported	https://www.cdctj.com.cn/system/2019/09/27/014338944.shtml	Pertussis incidence.xlsx	2026-07-27
CHN	China	2019-09-01	2019-09-01	2019-10-01	2019	9		3319	monthly	reported_cases	Reported cases per month	National reported pertussis cases	direct_tabular	reported	https://www.cdctj.com.cn/system/2019/11/21/030001494.shtml	Pertussis incidence.xlsx	2026-07-27
CHN	China	2019-10-01	2019-10-01	2019-11-01	2019	10		1933	monthly	reported_cases	Reported cases per month	National reported pertussis cases	direct_tabular	reported	https://www.cdctj.com.cn/system/2019/11/21/030001497.shtml	Pertussis incidence.xlsx	2026-07-27
CHN	China	2019-11-01	2019-11-01	2019-12-01	2019	11		1653	monthly	reported_cases	Reported cases per month	National reported pertussis cases	direct_tabular	reported	https://www.cdctj.com.cn/system/2020/01/09/030006478.shtml	Pertussis incidence.xlsx	2026-07-27
CHN	China	2019-12-01	2019-12-01	2020-01-01	2019	12		1414	monthly	reported_cases	Reported cases per month	National reported pertussis cases	direct_tabular	reported	https://www.cdctj.com.cn/system/2020/02/17/030010193.shtml	Pertussis incidence.xlsx	2026-07-27
CHN	China	2020-01-01	2020-01-01	2020-02-01	2020	1		1141	monthly	reported_cases	Reported cases per month	National reported pertussis cases	direct_tabular	reported	https://www.cdctj.com.cn/system/2020/03/03/030012762.shtml	Pertussis incidence.xlsx	2026-07-27
CHN	China	2020-02-01	2020-02-01	2020-03-01	2020	2		738	monthly	reported_cases	Reported cases per month	National reported pertussis cases	direct_tabular	reported	https://www.cdctj.com.cn/system/2020/04/05/030017114.shtml	Pertussis incidence.xlsx	2026-07-27
CHN	China	2020-03-01	2020-03-01	2020-04-01	2020	3		874	monthly	reported_cases	Reported cases per month	National reported pertussis cases	direct_tabular	reported	https://www.cdctj.com.cn/system/2020/04/29/030020056.shtml	Pertussis incidence.xlsx	2026-07-27
CHN	China	2020-04-01	2020-04-01	2020-05-01	2020	4		479	monthly	reported_cases	Reported cases per month	National reported pertussis cases	direct_tabular	reported	https://www.cdctj.com.cn/system/2020/07/01/030025879.shtml	Pertussis incidence.xlsx	2026-07-27
CHN	China	2020-05-01	2020-05-01	2020-06-01	2020	5		277	monthly	reported_cases	Reported cases per month	National reported pertussis cases	direct_tabular	reported	https://www.cdctj.com.cn/system/2020/07/01/030025899.shtml	Pertussis incidence.xlsx	2026-07-27
CHN	China	2020-06-01	2020-06-01	2020-07-01	2020	6		159	monthly	reported_cases	Reported cases per month	National reported pertussis cases	direct_tabular	reported	https://www.cdctj.com.cn/system/2020/07/31/030028318.shtml	Pertussis incidence.xlsx	2026-07-27
CHN	China	2020-07-01	2020-07-01	2020-08-01	2020	7		142	monthly	reported_cases	Reported cases per month	National reported pertussis cases	direct_tabular	reported	https://www.cdctj.com.cn/system/2020/09/03/030030950.shtml	Pertussis incidence.xlsx	2026-07-27
CHN	China	2020-08-01	2020-08-01	2020-09-01	2020	8		142	monthly	reported_cases	Reported cases per month	National reported pertussis cases	direct_tabular	reported	https://weekly.chinacdc.cn/en/article/doi/10.46234/ccdcw2020.208	Pertussis incidence.xlsx	2026-07-27
CHN	China	2020-09-01	2020-09-01	2020-10-01	2020	9		201	monthly	reported_cases	Reported cases per month	National reported pertussis cases	direct_tabular	reported	https://www.cdctj.com.cn/system/2020/10/27/030035514.shtml	Pertussis incidence.xlsx	2026-07-27
CHN	China	2020-10-01	2020-10-01	2020-11-01	2020	10		267	monthly	reported_cases	Reported cases per month	National reported pertussis cases	direct_tabular	reported	https://www.cdctj.com.cn/system/2020/12/01/030039806.shtml	Pertussis incidence.xlsx	2026-07-27
CHN	China	2020-11-01	2020-11-01	2020-12-01	2020	11		291	monthly	reported_cases	Reported cases per month	National reported pertussis cases	direct_tabular	reported	https://www.cdctj.com.cn/system/2021/01/07/030042673.shtml	Pertussis incidence.xlsx	2026-07-27
CHN	China	2020-12-01	2020-12-01	2021-01-01	2020	12		294	monthly	reported_cases	Reported cases per month	National reported pertussis cases	direct_tabular	reported	https://weekly.chinacdc.cn/en/article/doi/10.46234/ccdcw2021.025	Pertussis incidence.xlsx	2026-07-27
CHN	China	2021-01-01	2021-01-01	2021-02-01	2021	1		205	monthly	reported_cases	Reported cases per month	National reported pertussis cases	direct_tabular	reported	https://weekly.chinacdc.cn/en/article/doi/10.46234/ccdcw2021.059	Pertussis incidence.xlsx	2026-07-27
CHN	China	2021-02-01	2021-02-01	2021-03-01	2021	2		115	monthly	reported_cases	Reported cases per month	National reported pertussis cases	direct_tabular	reported	https://weekly.chinacdc.cn/en/article/doi/10.46234/ccdcw2021.082	Pertussis incidence.xlsx	2026-07-27
CHN	China	2021-03-01	2021-03-01	2021-04-01	2021	3		220	monthly	reported_cases	Reported cases per month	National reported pertussis cases	direct_tabular	reported	https://weekly.chinacdc.cn/en/article/doi/10.46234/ccdcw2021.108	Pertussis incidence.xlsx	2026-07-27
CHN	China	2021-04-01	2021-04-01	2021-05-01	2021	4		308	monthly	reported_cases	Reported cases per month	National reported pertussis cases	direct_tabular	reported	https://weekly.chinacdc.cn/en/article/doi/10.46234/ccdcw2021.119	Pertussis incidence.xlsx	2026-07-27
CHN	China	2021-05-01	2021-05-01	2021-06-01	2021	5		427	monthly	reported_cases	Reported cases per month	National reported pertussis cases	direct_tabular	reported	https://weekly.chinacdc.cn/en/article/doi/10.46234/ccdcw2021.141	Pertussis incidence.xlsx	2026-07-27
CHN	China	2021-06-01	2021-06-01	2021-07-01	2021	6		519	monthly	reported_cases	Reported cases per month	National reported pertussis cases	direct_tabular	reported	https://weekly.chinacdc.cn/en/article/doi/10.46234/ccdcw2021.162	Pertussis incidence.xlsx	2026-07-27
CHN	China	2021-07-01	2021-07-01	2021-08-01	2021	7		820	monthly	reported_cases	Reported cases per month	National reported pertussis cases	direct_tabular	reported	https://weekly.chinacdc.cn/en/article/doi/10.46234/ccdcw2021.186	Pertussis incidence.xlsx	2026-07-27
CHN	China	2021-08-01	2021-08-01	2021-09-01	2021	8		1227	monthly	reported_cases	Reported cases per month	National reported pertussis cases	direct_tabular	reported	https://weekly.chinacdc.cn/en/article/doi/10.46234/ccdcw2021.211	Pertussis incidence.xlsx	2026-07-27
CHN	China	2021-09-01	2021-09-01	2021-10-01	2021	9		1094	monthly	reported_cases	Reported cases per month	National reported pertussis cases	direct_tabular	reported	https://weekly.chinacdc.cn/en/article/doi/10.46234/ccdcw2021.240	Pertussis incidence.xlsx	2026-07-27
CHN	China	2021-10-01	2021-10-01	2021-11-01	2021	10		825	monthly	reported_cases	Reported cases per month	National reported pertussis cases	direct_tabular	reported	https://weekly.chinacdc.cn/en/article/doi/10.46234/ccdcw2021.257	Pertussis incidence.xlsx	2026-07-27
CHN	China	2021-11-01	2021-11-01	2021-12-01	2021	11		1148	monthly	reported_cases	Reported cases per month	National reported pertussis cases	direct_tabular	reported	https://weekly.chinacdc.cn/en/article/doi/10.46234/ccdcw2022.002	Pertussis incidence.xlsx	2026-07-27
CHN	China	2021-12-01	2021-12-01	2022-01-01	2021	12		2254	monthly	reported_cases	Reported cases per month	National reported pertussis cases	direct_tabular	reported	https://weekly.chinacdc.cn/en/article/doi/10.46234/ccdcw2022.016	Pertussis incidence.xlsx	2026-07-27
CHN	China	2022-01-01	2022-01-01	2022-02-01	2022	1		2354	monthly	reported_cases	Reported cases per month	National reported pertussis cases	direct_tabular	reported	https://weekly.chinacdc.cn/en/article/doi/10.46234/ccdcw2022.025	Pertussis incidence.xlsx	2026-07-27
CHN	China	2022-02-01	2022-02-01	2022-03-01	2022	2		2576	monthly	reported_cases	Reported cases per month	National reported pertussis cases	direct_tabular	reported	https://weekly.chinacdc.cn/en/article/doi/10.46234/ccdcw2022.073	Pertussis incidence.xlsx	2026-07-27
CHN	China	2022-03-01	2022-03-01	2022-04-01	2022	3		3747	monthly	reported_cases	Reported cases per month	National reported pertussis cases	direct_tabular	reported	https://weekly.chinacdc.cn/en/article/doi/10.46234/ccdcw2022.082	Pertussis incidence.xlsx	2026-07-27
CHN	China	2022-04-01	2022-04-01	2022-05-01	2022	4		3415	monthly	reported_cases	Reported cases per month	National reported pertussis cases	direct_tabular	reported	https://weekly.chinacdc.cn/en/article/doi/10.46234/ccdcw2022.103	Pertussis incidence.xlsx	2026-07-27
CHN	China	2022-05-01	2022-05-01	2022-06-01	2022	5		3991	monthly	reported_cases	Reported cases per month	National reported pertussis cases	direct_tabular	reported	https://weekly.chinacdc.cn/en/article/doi/10.46234/ccdcw2022.127	Pertussis incidence.xlsx	2026-07-27
CHN	China	2022-06-01	2022-06-01	2022-07-01	2022	6		4213	monthly	reported_cases	Reported cases per month	National reported pertussis cases	direct_tabular	reported	https://weekly.chinacdc.cn/en/article/doi/10.46234/ccdcw2022.157	Pertussis incidence.xlsx	2026-07-27
CHN	China	2022-07-01	2022-07-01	2022-08-01	2022	7		4234	monthly	reported_cases	Reported cases per month	National reported pertussis cases	direct_tabular	reported	https://weekly.chinacdc.cn/en/article/doi/10.46234/ccdcw2022.158	Pertussis incidence.xlsx	2026-07-27
CHN	China	2022-08-01	2022-08-01	2022-09-01	2022	8		5355	monthly	reported_cases	Reported cases per month	National reported pertussis cases	direct_tabular	reported	https://weekly.chinacdc.cn/en/article/doi/10.46234/ccdcw2022.183	Pertussis incidence.xlsx	2026-07-27
CHN	China	2022-09-01	2022-09-01	2022-10-01	2022	9		3849	monthly	reported_cases	Reported cases per month	National reported pertussis cases	direct_tabular	reported	https://weekly.chinacdc.cn/en/article/doi/10.46234/ccdcw2022.214	Pertussis incidence.xlsx	2026-07-27
CHN	China	2022-10-01	2022-10-01	2022-11-01	2022	10		2594	monthly	reported_cases	Reported cases per month	National reported pertussis cases	direct_tabular	reported	https://weekly.chinacdc.cn/en/article/doi/10.46234/ccdcw2022.220	Pertussis incidence.xlsx	2026-07-27
CHN	China	2022-11-01	2022-11-01	2022-12-01	2022	11		2160	monthly	reported_cases	Reported cases per month	National reported pertussis cases	direct_tabular	reported	https://weekly.chinacdc.cn/en/article/doi/10.46234/ccdcw2022.234	Pertussis incidence.xlsx	2026-07-27
CHN	China	2022-12-01	2022-12-01	2023-01-01	2022	12		1293	monthly	reported_cases	Reported cases per month	National reported pertussis cases	direct_tabular	reported	https://weekly.chinacdc.cn/en/article/doi/10.46234/ccdcw2023.059	Pertussis incidence.xlsx	2026-07-27
CHN	China	2023-01-01	2023-01-01	2023-02-01	2023	1		883	monthly	reported_cases	Reported cases per month	National reported pertussis cases	direct_tabular	reported	https://weekly.chinacdc.cn/en/article/doi/10.46234/ccdcw2023.060	Pertussis incidence.xlsx	2026-07-27
CHN	China	2023-02-01	2023-02-01	2023-03-01	2023	2		538	monthly	reported_cases	Reported cases per month	National reported pertussis cases	direct_tabular	reported	https://weekly.chinacdc.cn/en/article/doi/10.46234/ccdcw2023.061	Pertussis incidence.xlsx	2026-07-27
CHN	China	2023-03-01	2023-03-01	2023-04-01	2023	3		821	monthly	reported_cases	Reported cases per month	National reported pertussis cases	direct_tabular	reported	https://weekly.chinacdc.cn/en/article/doi/10.46234/ccdcw2023.082	Pertussis incidence.xlsx	2026-07-27
CHN	China	2023-04-01	2023-04-01	2023-05-01	2023	4		1074	monthly	reported_cases	Reported cases per month	National reported pertussis cases	direct_tabular	reported	https://weekly.chinacdc.cn/en/article/doi/10.46234/ccdcw2023.099	Pertussis incidence.xlsx	2026-07-27
CHN	China	2023-05-01	2023-05-01	2023-06-01	2023	5		1334	monthly	reported_cases	Reported cases per month	National reported pertussis cases	direct_tabular	reported	https://weekly.chinacdc.cn/en/article/doi/10.46234/ccdcw2023.127	Pertussis incidence.xlsx	2026-07-27
CHN	China	2023-06-01	2023-06-01	2023-07-01	2023	6		1512	monthly	reported_cases	Reported cases per month	National reported pertussis cases	direct_tabular	reported	https://weekly.chinacdc.cn/en/article/doi/10.46234/ccdcw2023.130	Pertussis incidence.xlsx	2026-07-27
CHN	China	2023-07-01	2023-07-01	2023-08-01	2023	7		2767	monthly	reported_cases	Reported cases per month	National reported pertussis cases	direct_tabular	reported	https://weekly.chinacdc.cn/en/article/doi/10.46234/ccdcw2023.150	Pertussis incidence.xlsx	2026-07-27
CHN	China	2023-08-01	2023-08-01	2023-09-01	2023	8		4793	monthly	reported_cases	Reported cases per month	National reported pertussis cases	direct_tabular	reported	https://weekly.chinacdc.cn/en/article/doi/10.46234/ccdcw2023.179	Pertussis incidence.xlsx	2026-07-27
CHN	China	2023-09-01	2023-09-01	2023-10-01	2023	9		4517	monthly	reported_cases	Reported cases per month	National reported pertussis cases	direct_tabular	reported	https://weekly.chinacdc.cn/en/article/doi/10.46234/ccdcw2023.192	Pertussis incidence.xlsx	2026-07-27
CHN	China	2023-10-01	2023-10-01	2023-11-01	2023	10		4430	monthly	reported_cases	Reported cases per month	National reported pertussis cases	direct_tabular	reported	https://weekly.chinacdc.cn/en/article/doi/10.46234/ccdcw2023.213	Pertussis incidence.xlsx	2026-07-27
CHN	China	2023-11-01	2023-11-01	2023-12-01	2023	11		6410	monthly	reported_cases	Reported cases per month	National reported pertussis cases	direct_tabular	reported	https://www.ndcpa.gov.cn/jbkzzx/c100016/common/content/content_1739453479981600768.html	Pertussis incidence.xlsx	2026-07-27
CHN	China	2023-12-01	2023-12-01	2024-01-01	2023	12		9126	monthly	reported_cases	Reported cases per month	National reported pertussis cases	direct_tabular	reported	https://www.ndcpa.gov.cn/jbkzzx/c100016/common/content/content_1746766719346462720.html	Pertussis incidence.xlsx	2026-07-27
CHN	China	2024-01-01	2024-01-01	2024-02-01	2024	1		15275	monthly	reported_cases	Reported cases per month	National reported pertussis cases	direct_tabular	reported	https://www.ndcpa.gov.cn/jbkzzx/c100016/common/content/content_1770302255702646784.html	Pertussis incidence.xlsx	2026-07-27
CHN	China	2024-02-01	2024-02-01	2024-03-01	2024	2		17105	monthly	reported_cases	Reported cases per month	National reported pertussis cases	direct_tabular	reported	https://www.ndcpa.gov.cn/jbkzzx/c100016/common/content/content_1769982157846650880.html	Pertussis incidence.xlsx	2026-07-27
CHN	China	2024-03-01	2024-03-01	2024-04-01	2024	3		27078	monthly	reported_cases	Reported cases per month	National reported pertussis cases	direct_tabular	reported	https://www.ndcpa.gov.cn/jbkzzx/c100016/common/content/content_1782571426407886848.html	Pertussis incidence.xlsx	2026-07-27
CHN	China	2024-04-01	2024-04-01	2024-05-01	2024	4		91272	monthly	reported_cases	Reported cases per month	National reported pertussis cases	direct_tabular	reported	https://www.ndcpa.gov.cn/jbkzzx/c100016/common/content/content_1792834031219224576.html	Pertussis incidence.xlsx	2026-07-27
CHN	China	2024-05-01	2024-05-01	2024-06-01	2024	5		97669	monthly	reported_cases	Reported cases per month	National reported pertussis cases	direct_tabular	reported	https://www.ndcpa.gov.cn/jbkzzx/c100016/common/content/content_1806581689096187904.html	Pertussis incidence.xlsx	2026-07-27
CHN	China	2024-06-01	2024-06-01	2024-07-01	2024	6		85817	monthly	reported_cases	Reported cases per month	National reported pertussis cases	direct_tabular	reported	https://www.ndcpa.gov.cn/jbkzzx/c100016/common/content/content_1817735919697768448.html	Pertussis incidence.xlsx	2026-07-27
CHN	China	2024-07-01	2024-07-01	2024-08-01	2024	7		74964	monthly	reported_cases	Reported cases per month	National reported pertussis cases	direct_tabular	reported	https://www.ndcpa.gov.cn/jbkzzx/c100016/common/content/content_1828699266119217152.html	Pertussis incidence.xlsx	2026-07-27
CHN	China	2024-08-01	2024-08-01	2024-09-01	2024	8		43216	monthly	reported_cases	Reported cases per month	National reported pertussis cases	direct_tabular	reported	https://www.ndcpa.gov.cn/jbkzzx/c100016/common/content/content_1834433420274282496.html	Pertussis incidence.xlsx	2026-07-27
CHN	China	2024-09-01	2024-09-01	2024-10-01	2024	9		17316	monthly	reported_cases	Reported cases per month	National reported pertussis cases	direct_tabular	reported	https://www.ndcpa.gov.cn/jbkzzx/c100016/common/content/content_1848255166500679680.html	Pertussis incidence.xlsx	2026-07-27
CHN	China	2024-10-01	2024-10-01	2024-11-01	2024	10		10118	monthly	reported_cases	Reported cases per month	National reported pertussis cases	direct_tabular	reported	https://www.ndcpa.gov.cn/jbkzzx/c100016/common/content/content_1859039988831596544.html	Pertussis incidence.xlsx	2026-07-27
CHN	China	2024-11-01	2024-11-01	2024-12-01	2024	11		7829	monthly	reported_cases	Reported cases per month	National reported pertussis cases	direct_tabular	reported	https://www.ndcpa.gov.cn/jbkzzx/c100016/common/content/content_1868944491533684736.html	Pertussis incidence.xlsx	2026-07-27
CHN	China	2024-12-01	2024-12-01	2025-01-01	2024	12		6662	monthly	reported_cases	Reported cases per month	National reported pertussis cases	direct_tabular	reported	https://www.ndcpa.gov.cn/jbkzzx/c100016/common/content/content_1879707944644890624.html	Pertussis incidence.xlsx	2026-07-27
CHN	China	2025-01-01	2025-01-01	2025-02-01	2025	1		5611	monthly	reported_cases	Reported cases per month	National reported pertussis cases	direct_tabular	reported	https://www.ndcpa.gov.cn/jbkzzx/c100016/common/content/content_1890318316888248320.html	Pertussis incidence.xlsx	2026-07-27
CHN	China	2025-02-01	2025-02-01	2025-03-01	2025	2		4298	monthly	reported_cases	Reported cases per month	National reported pertussis cases	direct_tabular	reported	https://www.ndcpa.gov.cn/jbkzzx/c100016/common/content/content_1904362252617027584.html	Pertussis incidence.xlsx	2026-07-27
CHN	China	2025-03-01	2025-03-01	2025-04-01	2025	3		4186	monthly	reported_cases	Reported cases per month	National reported pertussis cases	direct_tabular	reported	https://www.ndcpa.gov.cn/jbkzzx/c100016/common/content/content_1914222311882788864.html	Pertussis incidence.xlsx	2026-07-27
CHN	China	2025-04-01	2025-04-01	2025-05-01	2025	4		4506	monthly	reported_cases	Reported cases per month	National reported pertussis cases	direct_tabular	reported	https://www.ndcpa.gov.cn/jbkzzx/c100016/common/content/content_1925457919569465344.html	Pertussis incidence.xlsx	2026-07-27
CHN	China	2025-05-01	2025-05-01	2025-06-01	2025	5		4260	monthly	reported_cases	Reported cases per month	National reported pertussis cases	direct_tabular	reported	https://www.ndcpa.gov.cn/jbkzzx/c100016/common/content/content_1930458943493410816.html	Pertussis incidence.xlsx	2026-07-27
CHN	China	2025-06-01	2025-06-01	2025-07-01	2025	6		3590	monthly	reported_cases	Reported cases per month	National reported pertussis cases	direct_tabular	reported	https://www.ndcpa.gov.cn/jbkzzx/c100016/common/content/content_1941024811541499904.html	Pertussis incidence.xlsx	2026-07-27
CHN	China	2025-07-01	2025-07-01	2025-08-01	2025	7		2974	monthly	reported_cases	Reported cases per month	National reported pertussis cases	direct_tabular	reported	https://www.ndcpa.gov.cn/jbkzzx/c100016/common/content/content_1952913634768621568.html	Pertussis incidence.xlsx	2026-07-27
CHN	China	2025-08-01	2025-08-01	2025-09-01	2025	8		1774	monthly	reported_cases	Reported cases per month	National reported pertussis cases	direct_tabular	reported	https://www.ndcpa.gov.cn/jbkzzx/c100016/common/content/content_1963855822880935936.html	Pertussis incidence.xlsx	2026-07-27
CHN	China	2025-09-01	2025-09-01	2025-10-01	2025	9		1028	monthly	reported_cases	Reported cases per month	National reported pertussis cases	direct_tabular	reported	https://www.ndcpa.gov.cn/jbkzzx/c100016/common/content/content_1976561324014342144.html	Pertussis incidence.xlsx	2026-07-27
CHN	China	2025-10-01	2025-10-01	2025-11-01	2025	10		893	monthly	reported_cases	Reported cases per month	National reported pertussis cases	direct_tabular	reported	https://globalinfectiousdisease.com/diseases/pertussis/	Pertussis incidence.xlsx	2026-07-27
CHN	China	2025-11-01	2025-11-01	2025-12-01	2025	11		1246	monthly	reported_cases	Reported cases per month	National reported pertussis cases	direct_tabular	reported	https://globalinfectiousdisease.com/diseases/pertussis/	Pertussis incidence.xlsx	2026-07-27
CHN	China	2025-12-01	2025-12-01	2026-01-01	2025	12		1313	monthly	reported_cases	Reported cases per month	National reported pertussis cases	direct_tabular	reported	https://globalinfectiousdisease.com/diseases/pertussis/	Pertussis incidence.xlsx	2026-07-27
FRA	France	2019-01-01	2019-01-01	2019-02-01	2019	1		6.1	monthly	pcr_positivity_percent	PCR positivity per month (%)	3Labos (Cerba and Eurofins-Biomnis) PCR testing activity; positivity is not a national case count	digitised_from_official_raster_figure	approximate	https://www.santepubliquefrance.fr/coqueluche/donnees	Monthly positivity line in the official 3Labos figure; digitised to 0.1 percentage point	2026-07-27
FRA	France	2019-02-01	2019-02-01	2019-03-01	2019	2		5.7	monthly	pcr_positivity_percent	PCR positivity per month (%)	3Labos (Cerba and Eurofins-Biomnis) PCR testing activity; positivity is not a national case count	digitised_from_official_raster_figure	approximate	https://www.santepubliquefrance.fr/coqueluche/donnees	Monthly positivity line in the official 3Labos figure; digitised to 0.1 percentage point	2026-07-27
FRA	France	2019-03-01	2019-03-01	2019-04-01	2019	3		9.8	monthly	pcr_positivity_percent	PCR positivity per month (%)	3Labos (Cerba and Eurofins-Biomnis) PCR testing activity; positivity is not a national case count	digitised_from_official_raster_figure	approximate	https://www.santepubliquefrance.fr/coqueluche/donnees	Monthly positivity line in the official 3Labos figure; digitised to 0.1 percentage point	2026-07-27
FRA	France	2019-04-01	2019-04-01	2019-05-01	2019	4		10.9	monthly	pcr_positivity_percent	PCR positivity per month (%)	3Labos (Cerba and Eurofins-Biomnis) PCR testing activity; positivity is not a national case count	digitised_from_official_raster_figure	approximate	https://www.santepubliquefrance.fr/coqueluche/donnees	Monthly positivity line in the official 3Labos figure; digitised to 0.1 percentage point	2026-07-27
FRA	France	2019-05-01	2019-05-01	2019-06-01	2019	5		13.5	monthly	pcr_positivity_percent	PCR positivity per month (%)	3Labos (Cerba and Eurofins-Biomnis) PCR testing activity; positivity is not a national case count	digitised_from_official_raster_figure	approximate	https://www.santepubliquefrance.fr/coqueluche/donnees	Monthly positivity line in the official 3Labos figure; digitised to 0.1 percentage point	2026-07-27
FRA	France	2019-06-01	2019-06-01	2019-07-01	2019	6		16.6	monthly	pcr_positivity_percent	PCR positivity per month (%)	3Labos (Cerba and Eurofins-Biomnis) PCR testing activity; positivity is not a national case count	digitised_from_official_raster_figure	approximate	https://www.santepubliquefrance.fr/coqueluche/donnees	Monthly positivity line in the official 3Labos figure; digitised to 0.1 percentage point	2026-07-27
FRA	France	2019-07-01	2019-07-01	2019-08-01	2019	7		19.0	monthly	pcr_positivity_percent	PCR positivity per month (%)	3Labos (Cerba and Eurofins-Biomnis) PCR testing activity; positivity is not a national case count	digitised_from_official_raster_figure	approximate	https://www.santepubliquefrance.fr/coqueluche/donnees	Monthly positivity line in the official 3Labos figure; digitised to 0.1 percentage point	2026-07-27
FRA	France	2019-08-01	2019-08-01	2019-09-01	2019	8		20.5	monthly	pcr_positivity_percent	PCR positivity per month (%)	3Labos (Cerba and Eurofins-Biomnis) PCR testing activity; positivity is not a national case count	digitised_from_official_raster_figure	approximate	https://www.santepubliquefrance.fr/coqueluche/donnees	Monthly positivity line in the official 3Labos figure; digitised to 0.1 percentage point	2026-07-27
FRA	France	2019-09-01	2019-09-01	2019-10-01	2019	9		12.5	monthly	pcr_positivity_percent	PCR positivity per month (%)	3Labos (Cerba and Eurofins-Biomnis) PCR testing activity; positivity is not a national case count	digitised_from_official_raster_figure	approximate	https://www.santepubliquefrance.fr/coqueluche/donnees	Monthly positivity line in the official 3Labos figure; digitised to 0.1 percentage point	2026-07-27
FRA	France	2019-10-01	2019-10-01	2019-11-01	2019	10		7.3	monthly	pcr_positivity_percent	PCR positivity per month (%)	3Labos (Cerba and Eurofins-Biomnis) PCR testing activity; positivity is not a national case count	digitised_from_official_raster_figure	approximate	https://www.santepubliquefrance.fr/coqueluche/donnees	Monthly positivity line in the official 3Labos figure; digitised to 0.1 percentage point	2026-07-27
FRA	France	2019-11-01	2019-11-01	2019-12-01	2019	11		6.6	monthly	pcr_positivity_percent	PCR positivity per month (%)	3Labos (Cerba and Eurofins-Biomnis) PCR testing activity; positivity is not a national case count	digitised_from_official_raster_figure	approximate	https://www.santepubliquefrance.fr/coqueluche/donnees	Monthly positivity line in the official 3Labos figure; digitised to 0.1 percentage point	2026-07-27
FRA	France	2019-12-01	2019-12-01	2020-01-01	2019	12		4.3	monthly	pcr_positivity_percent	PCR positivity per month (%)	3Labos (Cerba and Eurofins-Biomnis) PCR testing activity; positivity is not a national case count	digitised_from_official_raster_figure	approximate	https://www.santepubliquefrance.fr/coqueluche/donnees	Monthly positivity line in the official 3Labos figure; digitised to 0.1 percentage point	2026-07-27
FRA	France	2020-01-01	2020-01-01	2020-02-01	2020	1		6.8	monthly	pcr_positivity_percent	PCR positivity per month (%)	3Labos (Cerba and Eurofins-Biomnis) PCR testing activity; positivity is not a national case count	digitised_from_official_raster_figure	approximate	https://www.santepubliquefrance.fr/coqueluche/donnees	Monthly positivity line in the official 3Labos figure; digitised to 0.1 percentage point	2026-07-27
FRA	France	2020-02-01	2020-02-01	2020-03-01	2020	2		6.4	monthly	pcr_positivity_percent	PCR positivity per month (%)	3Labos (Cerba and Eurofins-Biomnis) PCR testing activity; positivity is not a national case count	digitised_from_official_raster_figure	approximate	https://www.santepubliquefrance.fr/coqueluche/donnees	Monthly positivity line in the official 3Labos figure; digitised to 0.1 percentage point	2026-07-27
FRA	France	2020-03-01	2020-03-01	2020-04-01	2020	3		10.0	monthly	pcr_positivity_percent	PCR positivity per month (%)	3Labos (Cerba and Eurofins-Biomnis) PCR testing activity; positivity is not a national case count	digitised_from_official_raster_figure	approximate	https://www.santepubliquefrance.fr/coqueluche/donnees	Monthly positivity line in the official 3Labos figure; digitised to 0.1 percentage point	2026-07-27
FRA	France	2020-04-01	2020-04-01	2020-05-01	2020	4		16.0	monthly	pcr_positivity_percent	PCR positivity per month (%)	3Labos (Cerba and Eurofins-Biomnis) PCR testing activity; positivity is not a national case count	digitised_from_official_raster_figure	approximate	https://www.santepubliquefrance.fr/coqueluche/donnees	Monthly positivity line in the official 3Labos figure; digitised to 0.1 percentage point	2026-07-27
FRA	France	2020-05-01	2020-05-01	2020-06-01	2020	5		9.3	monthly	pcr_positivity_percent	PCR positivity per month (%)	3Labos (Cerba and Eurofins-Biomnis) PCR testing activity; positivity is not a national case count	digitised_from_official_raster_figure	approximate	https://www.santepubliquefrance.fr/coqueluche/donnees	Monthly positivity line in the official 3Labos figure; digitised to 0.1 percentage point	2026-07-27
FRA	France	2020-06-01	2020-06-01	2020-07-01	2020	6		7.0	monthly	pcr_positivity_percent	PCR positivity per month (%)	3Labos (Cerba and Eurofins-Biomnis) PCR testing activity; positivity is not a national case count	digitised_from_official_raster_figure	approximate	https://www.santepubliquefrance.fr/coqueluche/donnees	Monthly positivity line in the official 3Labos figure; digitised to 0.1 percentage point	2026-07-27
FRA	France	2020-07-01	2020-07-01	2020-08-01	2020	7		4.6	monthly	pcr_positivity_percent	PCR positivity per month (%)	3Labos (Cerba and Eurofins-Biomnis) PCR testing activity; positivity is not a national case count	digitised_from_official_raster_figure	approximate	https://www.santepubliquefrance.fr/coqueluche/donnees	Monthly positivity line in the official 3Labos figure; digitised to 0.1 percentage point	2026-07-27
FRA	France	2020-08-01	2020-08-01	2020-09-01	2020	8		2.1	monthly	pcr_positivity_percent	PCR positivity per month (%)	3Labos (Cerba and Eurofins-Biomnis) PCR testing activity; positivity is not a national case count	digitised_from_official_raster_figure	approximate	https://www.santepubliquefrance.fr/coqueluche/donnees	Monthly positivity line in the official 3Labos figure; digitised to 0.1 percentage point	2026-07-27
FRA	France	2020-09-01	2020-09-01	2020-10-01	2020	9		0.4	monthly	pcr_positivity_percent	PCR positivity per month (%)	3Labos (Cerba and Eurofins-Biomnis) PCR testing activity; positivity is not a national case count	digitised_from_official_raster_figure	approximate	https://www.santepubliquefrance.fr/coqueluche/donnees	Monthly positivity line in the official 3Labos figure; digitised to 0.1 percentage point	2026-07-27
FRA	France	2020-10-01	2020-10-01	2020-11-01	2020	10		0.4	monthly	pcr_positivity_percent	PCR positivity per month (%)	3Labos (Cerba and Eurofins-Biomnis) PCR testing activity; positivity is not a national case count	digitised_from_official_raster_figure	approximate	https://www.santepubliquefrance.fr/coqueluche/donnees	Monthly positivity line in the official 3Labos figure; digitised to 0.1 percentage point	2026-07-27
FRA	France	2020-11-01	2020-11-01	2020-12-01	2020	11		0.1	monthly	pcr_positivity_percent	PCR positivity per month (%)	3Labos (Cerba and Eurofins-Biomnis) PCR testing activity; positivity is not a national case count	digitised_from_official_raster_figure	approximate	https://www.santepubliquefrance.fr/coqueluche/donnees	Monthly positivity line in the official 3Labos figure; digitised to 0.1 percentage point	2026-07-27
FRA	France	2020-12-01	2020-12-01	2021-01-01	2020	12		0.4	monthly	pcr_positivity_percent	PCR positivity per month (%)	3Labos (Cerba and Eurofins-Biomnis) PCR testing activity; positivity is not a national case count	digitised_from_official_raster_figure	approximate	https://www.santepubliquefrance.fr/coqueluche/donnees	Monthly positivity line in the official 3Labos figure; digitised to 0.1 percentage point	2026-07-27
FRA	France	2021-01-01	2021-01-01	2021-02-01	2021	1		0.9	monthly	pcr_positivity_percent	PCR positivity per month (%)	3Labos (Cerba and Eurofins-Biomnis) PCR testing activity; positivity is not a national case count	digitised_from_official_raster_figure	approximate	https://www.santepubliquefrance.fr/coqueluche/donnees	Monthly positivity line in the official 3Labos figure; digitised to 0.1 percentage point	2026-07-27
FRA	France	2021-02-01	2021-02-01	2021-03-01	2021	2		0.4	monthly	pcr_positivity_percent	PCR positivity per month (%)	3Labos (Cerba and Eurofins-Biomnis) PCR testing activity; positivity is not a national case count	digitised_from_official_raster_figure	approximate	https://www.santepubliquefrance.fr/coqueluche/donnees	Monthly positivity line in the official 3Labos figure; digitised to 0.1 percentage point	2026-07-27
FRA	France	2021-03-01	2021-03-01	2021-04-01	2021	3		0.5	monthly	pcr_positivity_percent	PCR positivity per month (%)	3Labos (Cerba and Eurofins-Biomnis) PCR testing activity; positivity is not a national case count	digitised_from_official_raster_figure	approximate	https://www.santepubliquefrance.fr/coqueluche/donnees	Monthly positivity line in the official 3Labos figure; digitised to 0.1 percentage point	2026-07-27
FRA	France	2021-04-01	2021-04-01	2021-05-01	2021	4		1.1	monthly	pcr_positivity_percent	PCR positivity per month (%)	3Labos (Cerba and Eurofins-Biomnis) PCR testing activity; positivity is not a national case count	digitised_from_official_raster_figure	approximate	https://www.santepubliquefrance.fr/coqueluche/donnees	Monthly positivity line in the official 3Labos figure; digitised to 0.1 percentage point	2026-07-27
FRA	France	2021-05-01	2021-05-01	2021-06-01	2021	5		0.6	monthly	pcr_positivity_percent	PCR positivity per month (%)	3Labos (Cerba and Eurofins-Biomnis) PCR testing activity; positivity is not a national case count	digitised_from_official_raster_figure	approximate	https://www.santepubliquefrance.fr/coqueluche/donnees	Monthly positivity line in the official 3Labos figure; digitised to 0.1 percentage point	2026-07-27
FRA	France	2021-06-01	2021-06-01	2021-07-01	2021	6		0.2	monthly	pcr_positivity_percent	PCR positivity per month (%)	3Labos (Cerba and Eurofins-Biomnis) PCR testing activity; positivity is not a national case count	digitised_from_official_raster_figure	approximate	https://www.santepubliquefrance.fr/coqueluche/donnees	Monthly positivity line in the official 3Labos figure; digitised to 0.1 percentage point	2026-07-27
FRA	France	2021-07-01	2021-07-01	2021-08-01	2021	7		0.4	monthly	pcr_positivity_percent	PCR positivity per month (%)	3Labos (Cerba and Eurofins-Biomnis) PCR testing activity; positivity is not a national case count	digitised_from_official_raster_figure	approximate	https://www.santepubliquefrance.fr/coqueluche/donnees	Monthly positivity line in the official 3Labos figure; digitised to 0.1 percentage point	2026-07-27
FRA	France	2021-08-01	2021-08-01	2021-09-01	2021	8		0.1	monthly	pcr_positivity_percent	PCR positivity per month (%)	3Labos (Cerba and Eurofins-Biomnis) PCR testing activity; positivity is not a national case count	digitised_from_official_raster_figure	approximate	https://www.santepubliquefrance.fr/coqueluche/donnees	Monthly positivity line in the official 3Labos figure; digitised to 0.1 percentage point	2026-07-27
FRA	France	2021-09-01	2021-09-01	2021-10-01	2021	9		0.1	monthly	pcr_positivity_percent	PCR positivity per month (%)	3Labos (Cerba and Eurofins-Biomnis) PCR testing activity; positivity is not a national case count	digitised_from_official_raster_figure	approximate	https://www.santepubliquefrance.fr/coqueluche/donnees	Monthly positivity line in the official 3Labos figure; digitised to 0.1 percentage point	2026-07-27
FRA	France	2021-10-01	2021-10-01	2021-11-01	2021	10		0.1	monthly	pcr_positivity_percent	PCR positivity per month (%)	3Labos (Cerba and Eurofins-Biomnis) PCR testing activity; positivity is not a national case count	digitised_from_official_raster_figure	approximate	https://www.santepubliquefrance.fr/coqueluche/donnees	Monthly positivity line in the official 3Labos figure; digitised to 0.1 percentage point	2026-07-27
FRA	France	2021-11-01	2021-11-01	2021-12-01	2021	11		0.2	monthly	pcr_positivity_percent	PCR positivity per month (%)	3Labos (Cerba and Eurofins-Biomnis) PCR testing activity; positivity is not a national case count	digitised_from_official_raster_figure	approximate	https://www.santepubliquefrance.fr/coqueluche/donnees	Monthly positivity line in the official 3Labos figure; digitised to 0.1 percentage point	2026-07-27
FRA	France	2021-12-01	2021-12-01	2022-01-01	2021	12		0.4	monthly	pcr_positivity_percent	PCR positivity per month (%)	3Labos (Cerba and Eurofins-Biomnis) PCR testing activity; positivity is not a national case count	digitised_from_official_raster_figure	approximate	https://www.santepubliquefrance.fr/coqueluche/donnees	Monthly positivity line in the official 3Labos figure; digitised to 0.1 percentage point	2026-07-27
FRA	France	2022-01-01	2022-01-01	2022-02-01	2022	1		0.6	monthly	pcr_positivity_percent	PCR positivity per month (%)	3Labos (Cerba and Eurofins-Biomnis) PCR testing activity; positivity is not a national case count	digitised_from_official_raster_figure	approximate	https://www.santepubliquefrance.fr/coqueluche/donnees	Monthly positivity line in the official 3Labos figure; digitised to 0.1 percentage point	2026-07-27
FRA	France	2022-02-01	2022-02-01	2022-03-01	2022	2		0.9	monthly	pcr_positivity_percent	PCR positivity per month (%)	3Labos (Cerba and Eurofins-Biomnis) PCR testing activity; positivity is not a national case count	digitised_from_official_raster_figure	approximate	https://www.santepubliquefrance.fr/coqueluche/donnees	Monthly positivity line in the official 3Labos figure; digitised to 0.1 percentage point	2026-07-27
FRA	France	2022-03-01	2022-03-01	2022-04-01	2022	3		1.4	monthly	pcr_positivity_percent	PCR positivity per month (%)	3Labos (Cerba and Eurofins-Biomnis) PCR testing activity; positivity is not a national case count	digitised_from_official_raster_figure	approximate	https://www.santepubliquefrance.fr/coqueluche/donnees	Monthly positivity line in the official 3Labos figure; digitised to 0.1 percentage point	2026-07-27
FRA	France	2022-04-01	2022-04-01	2022-05-01	2022	4		2.5	monthly	pcr_positivity_percent	PCR positivity per month (%)	3Labos (Cerba and Eurofins-Biomnis) PCR testing activity; positivity is not a national case count	digitised_from_official_raster_figure	approximate	https://www.santepubliquefrance.fr/coqueluche/donnees	Monthly positivity line in the official 3Labos figure; digitised to 0.1 percentage point	2026-07-27
FRA	France	2022-05-01	2022-05-01	2022-06-01	2022	5		3.7	monthly	pcr_positivity_percent	PCR positivity per month (%)	3Labos (Cerba and Eurofins-Biomnis) PCR testing activity; positivity is not a national case count	digitised_from_official_raster_figure	approximate	https://www.santepubliquefrance.fr/coqueluche/donnees	Monthly positivity line in the official 3Labos figure; digitised to 0.1 percentage point	2026-07-27
FRA	France	2022-06-01	2022-06-01	2022-07-01	2022	6		7.9	monthly	pcr_positivity_percent	PCR positivity per month (%)	3Labos (Cerba and Eurofins-Biomnis) PCR testing activity; positivity is not a national case count	digitised_from_official_raster_figure	approximate	https://www.santepubliquefrance.fr/coqueluche/donnees	Monthly positivity line in the official 3Labos figure; digitised to 0.1 percentage point	2026-07-27
FRA	France	2022-07-01	2022-07-01	2022-08-01	2022	7		7.5	monthly	pcr_positivity_percent	PCR positivity per month (%)	3Labos (Cerba and Eurofins-Biomnis) PCR testing activity; positivity is not a national case count	digitised_from_official_raster_figure	approximate	https://www.santepubliquefrance.fr/coqueluche/donnees	Monthly positivity line in the official 3Labos figure; digitised to 0.1 percentage point	2026-07-27
FRA	France	2022-08-01	2022-08-01	2022-09-01	2022	8		5.1	monthly	pcr_positivity_percent	PCR positivity per month (%)	3Labos (Cerba and Eurofins-Biomnis) PCR testing activity; positivity is not a national case count	digitised_from_official_raster_figure	approximate	https://www.santepubliquefrance.fr/coqueluche/donnees	Monthly positivity line in the official 3Labos figure; digitised to 0.1 percentage point	2026-07-27
FRA	France	2022-09-01	2022-09-01	2022-10-01	2022	9		1.2	monthly	pcr_positivity_percent	PCR positivity per month (%)	3Labos (Cerba and Eurofins-Biomnis) PCR testing activity; positivity is not a national case count	digitised_from_official_raster_figure	approximate	https://www.santepubliquefrance.fr/coqueluche/donnees	Monthly positivity line in the official 3Labos figure; digitised to 0.1 percentage point	2026-07-27
FRA	France	2022-10-01	2022-10-01	2022-11-01	2022	10		1.2	monthly	pcr_positivity_percent	PCR positivity per month (%)	3Labos (Cerba and Eurofins-Biomnis) PCR testing activity; positivity is not a national case count	digitised_from_official_raster_figure	approximate	https://www.santepubliquefrance.fr/coqueluche/donnees	Monthly positivity line in the official 3Labos figure; digitised to 0.1 percentage point	2026-07-27
FRA	France	2022-11-01	2022-11-01	2022-12-01	2022	11		1.2	monthly	pcr_positivity_percent	PCR positivity per month (%)	3Labos (Cerba and Eurofins-Biomnis) PCR testing activity; positivity is not a national case count	digitised_from_official_raster_figure	approximate	https://www.santepubliquefrance.fr/coqueluche/donnees	Monthly positivity line in the official 3Labos figure; digitised to 0.1 percentage point	2026-07-27
FRA	France	2022-12-01	2022-12-01	2023-01-01	2022	12		0.6	monthly	pcr_positivity_percent	PCR positivity per month (%)	3Labos (Cerba and Eurofins-Biomnis) PCR testing activity; positivity is not a national case count	digitised_from_official_raster_figure	approximate	https://www.santepubliquefrance.fr/coqueluche/donnees	Monthly positivity line in the official 3Labos figure; digitised to 0.1 percentage point	2026-07-27
FRA	France	2023-01-01	2023-01-01	2023-02-01	2023	1		0.5	monthly	pcr_positivity_percent	PCR positivity per month (%)	3Labos (Cerba and Eurofins-Biomnis) PCR testing activity; positivity is not a national case count	transcribed_from_official_figure_labels	reported	https://www.santepubliquefrance.fr/sites/default/files/rdd/document/bullnat_coqueluche_20251013.pdf	Figure 13, monthly positivity labels	2026-07-27
FRA	France	2023-01-01	2023-01-01	2023-02-01	2023	1		7	monthly	pcr_positive_tests	PCR-positive tests per month	3Labos (Cerba and Eurofins-Biomnis) PCR testing activity; positive tests are not deduplicated patients or nationally notified cases	transcribed_from_official_figure_labels	reported	https://www.santepubliquefrance.fr/sites/default/files/rdd/document/bullnat_coqueluche_20251013.pdf	Figure 13, monthly PCR-positive test labels; annual sums match Figure 12 (2023: 518; 2024: 38,847)	2026-07-27
FRA	France	2023-02-01	2023-02-01	2023-03-01	2023	2		1.0	monthly	pcr_positivity_percent	PCR positivity per month (%)	3Labos (Cerba and Eurofins-Biomnis) PCR testing activity; positivity is not a national case count	transcribed_from_official_figure_labels	reported	https://www.santepubliquefrance.fr/sites/default/files/rdd/document/bullnat_coqueluche_20251013.pdf	Figure 13, monthly positivity labels	2026-07-27
FRA	France	2023-02-01	2023-02-01	2023-03-01	2023	2		11	monthly	pcr_positive_tests	PCR-positive tests per month	3Labos (Cerba and Eurofins-Biomnis) PCR testing activity; positive tests are not deduplicated patients or nationally notified cases	transcribed_from_official_figure_labels	reported	https://www.santepubliquefrance.fr/sites/default/files/rdd/document/bullnat_coqueluche_20251013.pdf	Figure 13, monthly PCR-positive test labels; annual sums match Figure 12 (2023: 518; 2024: 38,847)	2026-07-27
FRA	France	2023-03-01	2023-03-01	2023-04-01	2023	3		1.3	monthly	pcr_positivity_percent	PCR positivity per month (%)	3Labos (Cerba and Eurofins-Biomnis) PCR testing activity; positivity is not a national case count	transcribed_from_official_figure_labels	reported	https://www.santepubliquefrance.fr/sites/default/files/rdd/document/bullnat_coqueluche_20251013.pdf	Figure 13, monthly positivity labels	2026-07-27
FRA	France	2023-03-01	2023-03-01	2023-04-01	2023	3		14	monthly	pcr_positive_tests	PCR-positive tests per month	3Labos (Cerba and Eurofins-Biomnis) PCR testing activity; positive tests are not deduplicated patients or nationally notified cases	transcribed_from_official_figure_labels	reported	https://www.santepubliquefrance.fr/sites/default/files/rdd/document/bullnat_coqueluche_20251013.pdf	Figure 13, monthly PCR-positive test labels; annual sums match Figure 12 (2023: 518; 2024: 38,847)	2026-07-27
FRA	France	2023-04-01	2023-04-01	2023-05-01	2023	4		1.0	monthly	pcr_positivity_percent	PCR positivity per month (%)	3Labos (Cerba and Eurofins-Biomnis) PCR testing activity; positivity is not a national case count	transcribed_from_official_figure_labels	reported	https://www.santepubliquefrance.fr/sites/default/files/rdd/document/bullnat_coqueluche_20251013.pdf	Figure 13, monthly positivity labels	2026-07-27
FRA	France	2023-04-01	2023-04-01	2023-05-01	2023	4		9	monthly	pcr_positive_tests	PCR-positive tests per month	3Labos (Cerba and Eurofins-Biomnis) PCR testing activity; positive tests are not deduplicated patients or nationally notified cases	transcribed_from_official_figure_labels	reported	https://www.santepubliquefrance.fr/sites/default/files/rdd/document/bullnat_coqueluche_20251013.pdf	Figure 13, monthly PCR-positive test labels; annual sums match Figure 12 (2023: 518; 2024: 38,847)	2026-07-27
FRA	France	2023-05-01	2023-05-01	2023-06-01	2023	5		1.4	monthly	pcr_positivity_percent	PCR positivity per month (%)	3Labos (Cerba and Eurofins-Biomnis) PCR testing activity; positivity is not a national case count	transcribed_from_official_figure_labels	reported	https://www.santepubliquefrance.fr/sites/default/files/rdd/document/bullnat_coqueluche_20251013.pdf	Figure 13, monthly positivity labels	2026-07-27
FRA	France	2023-05-01	2023-05-01	2023-06-01	2023	5		10	monthly	pcr_positive_tests	PCR-positive tests per month	3Labos (Cerba and Eurofins-Biomnis) PCR testing activity; positive tests are not deduplicated patients or nationally notified cases	transcribed_from_official_figure_labels	reported	https://www.santepubliquefrance.fr/sites/default/files/rdd/document/bullnat_coqueluche_20251013.pdf	Figure 13, monthly PCR-positive test labels; annual sums match Figure 12 (2023: 518; 2024: 38,847)	2026-07-27
FRA	France	2023-06-01	2023-06-01	2023-07-01	2023	6		2.4	monthly	pcr_positivity_percent	PCR positivity per month (%)	3Labos (Cerba and Eurofins-Biomnis) PCR testing activity; positivity is not a national case count	transcribed_from_official_figure_labels	reported	https://www.santepubliquefrance.fr/sites/default/files/rdd/document/bullnat_coqueluche_20251013.pdf	Figure 13, monthly positivity labels	2026-07-27
FRA	France	2023-06-01	2023-06-01	2023-07-01	2023	6		21	monthly	pcr_positive_tests	PCR-positive tests per month	3Labos (Cerba and Eurofins-Biomnis) PCR testing activity; positive tests are not deduplicated patients or nationally notified cases	transcribed_from_official_figure_labels	reported	https://www.santepubliquefrance.fr/sites/default/files/rdd/document/bullnat_coqueluche_20251013.pdf	Figure 13, monthly PCR-positive test labels; annual sums match Figure 12 (2023: 518; 2024: 38,847)	2026-07-27
FRA	France	2023-07-01	2023-07-01	2023-08-01	2023	7		4.7	monthly	pcr_positivity_percent	PCR positivity per month (%)	3Labos (Cerba and Eurofins-Biomnis) PCR testing activity; positivity is not a national case count	transcribed_from_official_figure_labels	reported	https://www.santepubliquefrance.fr/sites/default/files/rdd/document/bullnat_coqueluche_20251013.pdf	Figure 13, monthly positivity labels	2026-07-27
FRA	France	2023-07-01	2023-07-01	2023-08-01	2023	7		49	monthly	pcr_positive_tests	PCR-positive tests per month	3Labos (Cerba and Eurofins-Biomnis) PCR testing activity; positive tests are not deduplicated patients or nationally notified cases	transcribed_from_official_figure_labels	reported	https://www.santepubliquefrance.fr/sites/default/files/rdd/document/bullnat_coqueluche_20251013.pdf	Figure 13, monthly PCR-positive test labels; annual sums match Figure 12 (2023: 518; 2024: 38,847)	2026-07-27
FRA	France	2023-08-01	2023-08-01	2023-09-01	2023	8		5.8	monthly	pcr_positivity_percent	PCR positivity per month (%)	3Labos (Cerba and Eurofins-Biomnis) PCR testing activity; positivity is not a national case count	transcribed_from_official_figure_labels	reported	https://www.santepubliquefrance.fr/sites/default/files/rdd/document/bullnat_coqueluche_20251013.pdf	Figure 13, monthly positivity labels	2026-07-27
FRA	France	2023-08-01	2023-08-01	2023-09-01	2023	8		58	monthly	pcr_positive_tests	PCR-positive tests per month	3Labos (Cerba and Eurofins-Biomnis) PCR testing activity; positive tests are not deduplicated patients or nationally notified cases	transcribed_from_official_figure_labels	reported	https://www.santepubliquefrance.fr/sites/default/files/rdd/document/bullnat_coqueluche_20251013.pdf	Figure 13, monthly PCR-positive test labels; annual sums match Figure 12 (2023: 518; 2024: 38,847)	2026-07-27
FRA	France	2023-09-01	2023-09-01	2023-10-01	2023	9		7.8	monthly	pcr_positivity_percent	PCR positivity per month (%)	3Labos (Cerba and Eurofins-Biomnis) PCR testing activity; positivity is not a national case count	transcribed_from_official_figure_labels	reported	https://www.santepubliquefrance.fr/sites/default/files/rdd/document/bullnat_coqueluche_20251013.pdf	Figure 13, monthly positivity labels	2026-07-27
FRA	France	2023-09-01	2023-09-01	2023-10-01	2023	9		86	monthly	pcr_positive_tests	PCR-positive tests per month	3Labos (Cerba and Eurofins-Biomnis) PCR testing activity; positive tests are not deduplicated patients or nationally notified cases	transcribed_from_official_figure_labels	reported	https://www.santepubliquefrance.fr/sites/default/files/rdd/document/bullnat_coqueluche_20251013.pdf	Figure 13, monthly PCR-positive test labels; annual sums match Figure 12 (2023: 518; 2024: 38,847)	2026-07-27
FRA	France	2023-10-01	2023-10-01	2023-11-01	2023	10		4.7	monthly	pcr_positivity_percent	PCR positivity per month (%)	3Labos (Cerba and Eurofins-Biomnis) PCR testing activity; positivity is not a national case count	transcribed_from_official_figure_labels	reported	https://www.santepubliquefrance.fr/sites/default/files/rdd/document/bullnat_coqueluche_20251013.pdf	Figure 13, monthly positivity labels	2026-07-27
FRA	France	2023-10-01	2023-10-01	2023-11-01	2023	10		65	monthly	pcr_positive_tests	PCR-positive tests per month	3Labos (Cerba and Eurofins-Biomnis) PCR testing activity; positive tests are not deduplicated patients or nationally notified cases	transcribed_from_official_figure_labels	reported	https://www.santepubliquefrance.fr/sites/default/files/rdd/document/bullnat_coqueluche_20251013.pdf	Figure 13, monthly PCR-positive test labels; annual sums match Figure 12 (2023: 518; 2024: 38,847)	2026-07-27
FRA	France	2023-11-01	2023-11-01	2023-12-01	2023	11		5.2	monthly	pcr_positivity_percent	PCR positivity per month (%)	3Labos (Cerba and Eurofins-Biomnis) PCR testing activity; positivity is not a national case count	transcribed_from_official_figure_labels	reported	https://www.santepubliquefrance.fr/sites/default/files/rdd/document/bullnat_coqueluche_20251013.pdf	Figure 13, monthly positivity labels	2026-07-27
FRA	France	2023-11-01	2023-11-01	2023-12-01	2023	11		82	monthly	pcr_positive_tests	PCR-positive tests per month	3Labos (Cerba and Eurofins-Biomnis) PCR testing activity; positive tests are not deduplicated patients or nationally notified cases	transcribed_from_official_figure_labels	reported	https://www.santepubliquefrance.fr/sites/default/files/rdd/document/bullnat_coqueluche_20251013.pdf	Figure 13, monthly PCR-positive test labels; annual sums match Figure 12 (2023: 518; 2024: 38,847)	2026-07-27
FRA	France	2023-12-01	2023-12-01	2024-01-01	2023	12		5.9	monthly	pcr_positivity_percent	PCR positivity per month (%)	3Labos (Cerba and Eurofins-Biomnis) PCR testing activity; positivity is not a national case count	transcribed_from_official_figure_labels	reported	https://www.santepubliquefrance.fr/sites/default/files/rdd/document/bullnat_coqueluche_20251013.pdf	Figure 13, monthly positivity labels	2026-07-27
FRA	France	2023-12-01	2023-12-01	2024-01-01	2023	12		106	monthly	pcr_positive_tests	PCR-positive tests per month	3Labos (Cerba and Eurofins-Biomnis) PCR testing activity; positive tests are not deduplicated patients or nationally notified cases	transcribed_from_official_figure_labels	reported	https://www.santepubliquefrance.fr/sites/default/files/rdd/document/bullnat_coqueluche_20251013.pdf	Figure 13, monthly PCR-positive test labels; annual sums match Figure 12 (2023: 518; 2024: 38,847)	2026-07-27
FRA	France	2024-01-01	2024-01-01	2024-02-01	2024	1		7.6	monthly	pcr_positivity_percent	PCR positivity per month (%)	3Labos (Cerba and Eurofins-Biomnis) PCR testing activity; positivity is not a national case count	transcribed_from_official_figure_labels	reported	https://www.santepubliquefrance.fr/sites/default/files/rdd/document/bullnat_coqueluche_20251013.pdf	Figure 13, monthly positivity labels	2026-07-27
FRA	France	2024-01-01	2024-01-01	2024-02-01	2024	1		146	monthly	pcr_positive_tests	PCR-positive tests per month	3Labos (Cerba and Eurofins-Biomnis) PCR testing activity; positive tests are not deduplicated patients or nationally notified cases	transcribed_from_official_figure_labels	reported	https://www.santepubliquefrance.fr/sites/default/files/rdd/document/bullnat_coqueluche_20251013.pdf	Figure 13, monthly PCR-positive test labels; annual sums match Figure 12 (2023: 518; 2024: 38,847)	2026-07-27
FRA	France	2024-02-01	2024-02-01	2024-03-01	2024	2		11.4	monthly	pcr_positivity_percent	PCR positivity per month (%)	3Labos (Cerba and Eurofins-Biomnis) PCR testing activity; positivity is not a national case count	transcribed_from_official_figure_labels	reported	https://www.santepubliquefrance.fr/sites/default/files/rdd/document/bullnat_coqueluche_20251013.pdf	Figure 13, monthly positivity labels	2026-07-27
FRA	France	2024-02-01	2024-02-01	2024-03-01	2024	2		237	monthly	pcr_positive_tests	PCR-positive tests per month	3Labos (Cerba and Eurofins-Biomnis) PCR testing activity; positive tests are not deduplicated patients or nationally notified cases	transcribed_from_official_figure_labels	reported	https://www.santepubliquefrance.fr/sites/default/files/rdd/document/bullnat_coqueluche_20251013.pdf	Figure 13, monthly PCR-positive test labels; annual sums match Figure 12 (2023: 518; 2024: 38,847)	2026-07-27
FRA	France	2024-03-01	2024-03-01	2024-04-01	2024	3		22.2	monthly	pcr_positivity_percent	PCR positivity per month (%)	3Labos (Cerba and Eurofins-Biomnis) PCR testing activity; positivity is not a national case count	transcribed_from_official_figure_labels	reported	https://www.santepubliquefrance.fr/sites/default/files/rdd/document/bullnat_coqueluche_20251013.pdf	Figure 13, monthly positivity labels	2026-07-27
FRA	France	2024-03-01	2024-03-01	2024-04-01	2024	3		710	monthly	pcr_positive_tests	PCR-positive tests per month	3Labos (Cerba and Eurofins-Biomnis) PCR testing activity; positive tests are not deduplicated patients or nationally notified cases	transcribed_from_official_figure_labels	reported	https://www.santepubliquefrance.fr/sites/default/files/rdd/document/bullnat_coqueluche_20251013.pdf	Figure 13, monthly PCR-positive test labels; annual sums match Figure 12 (2023: 518; 2024: 38,847)	2026-07-27
FRA	France	2024-04-01	2024-04-01	2024-05-01	2024	4		24.3	monthly	pcr_positivity_percent	PCR positivity per month (%)	3Labos (Cerba and Eurofins-Biomnis) PCR testing activity; positivity is not a national case count	transcribed_from_official_figure_labels	reported	https://www.santepubliquefrance.fr/sites/default/files/rdd/document/bullnat_coqueluche_20251013.pdf	Figure 13, monthly positivity labels	2026-07-27
FRA	France	2024-04-01	2024-04-01	2024-05-01	2024	4		1665	monthly	pcr_positive_tests	PCR-positive tests per month	3Labos (Cerba and Eurofins-Biomnis) PCR testing activity; positive tests are not deduplicated patients or nationally notified cases	transcribed_from_official_figure_labels	reported	https://www.santepubliquefrance.fr/sites/default/files/rdd/document/bullnat_coqueluche_20251013.pdf	Figure 13, monthly PCR-positive test labels; annual sums match Figure 12 (2023: 518; 2024: 38,847)	2026-07-27
FRA	France	2024-05-01	2024-05-01	2024-06-01	2024	5		27.9	monthly	pcr_positivity_percent	PCR positivity per month (%)	3Labos (Cerba and Eurofins-Biomnis) PCR testing activity; positivity is not a national case count	transcribed_from_official_figure_labels	reported	https://www.santepubliquefrance.fr/sites/default/files/rdd/document/bullnat_coqueluche_20251013.pdf	Figure 13, monthly positivity labels	2026-07-27
FRA	France	2024-05-01	2024-05-01	2024-06-01	2024	5		5626	monthly	pcr_positive_tests	PCR-positive tests per month	3Labos (Cerba and Eurofins-Biomnis) PCR testing activity; positive tests are not deduplicated patients or nationally notified cases	transcribed_from_official_figure_labels	reported	https://www.santepubliquefrance.fr/sites/default/files/rdd/document/bullnat_coqueluche_20251013.pdf	Figure 13, monthly PCR-positive test labels; annual sums match Figure 12 (2023: 518; 2024: 38,847)	2026-07-27
FRA	France	2024-06-01	2024-06-01	2024-07-01	2024	6		21.4	monthly	pcr_positivity_percent	PCR positivity per month (%)	3Labos (Cerba and Eurofins-Biomnis) PCR testing activity; positivity is not a national case count	transcribed_from_official_figure_labels	reported	https://www.santepubliquefrance.fr/sites/default/files/rdd/document/bullnat_coqueluche_20251013.pdf	Figure 13, monthly positivity labels	2026-07-27
FRA	France	2024-06-01	2024-06-01	2024-07-01	2024	6		15469	monthly	pcr_positive_tests	PCR-positive tests per month	3Labos (Cerba and Eurofins-Biomnis) PCR testing activity; positive tests are not deduplicated patients or nationally notified cases	transcribed_from_official_figure_labels	reported	https://www.santepubliquefrance.fr/sites/default/files/rdd/document/bullnat_coqueluche_20251013.pdf	Figure 13, monthly PCR-positive test labels; annual sums match Figure 12 (2023: 518; 2024: 38,847)	2026-07-27
FRA	France	2024-07-01	2024-07-01	2024-08-01	2024	7		23.9	monthly	pcr_positivity_percent	PCR positivity per month (%)	3Labos (Cerba and Eurofins-Biomnis) PCR testing activity; positivity is not a national case count	transcribed_from_official_figure_labels	reported	https://www.santepubliquefrance.fr/sites/default/files/rdd/document/bullnat_coqueluche_20251013.pdf	Figure 13, monthly positivity labels	2026-07-27
FRA	France	2024-07-01	2024-07-01	2024-08-01	2024	7		5915	monthly	pcr_positive_tests	PCR-positive tests per month	3Labos (Cerba and Eurofins-Biomnis) PCR testing activity; positive tests are not deduplicated patients or nationally notified cases	transcribed_from_official_figure_labels	reported	https://www.santepubliquefrance.fr/sites/default/files/rdd/document/bullnat_coqueluche_20251013.pdf	Figure 13, monthly PCR-positive test labels; annual sums match Figure 12 (2023: 518; 2024: 38,847)	2026-07-27
FRA	France	2024-08-01	2024-08-01	2024-09-01	2024	8		28.8	monthly	pcr_positivity_percent	PCR positivity per month (%)	3Labos (Cerba and Eurofins-Biomnis) PCR testing activity; positivity is not a national case count	transcribed_from_official_figure_labels	reported	https://www.santepubliquefrance.fr/sites/default/files/rdd/document/bullnat_coqueluche_20251013.pdf	Figure 13, monthly positivity labels	2026-07-27
FRA	France	2024-08-01	2024-08-01	2024-09-01	2024	8		5073	monthly	pcr_positive_tests	PCR-positive tests per month	3Labos (Cerba and Eurofins-Biomnis) PCR testing activity; positive tests are not deduplicated patients or nationally notified cases	transcribed_from_official_figure_labels	reported	https://www.santepubliquefrance.fr/sites/default/files/rdd/document/bullnat_coqueluche_20251013.pdf	Figure 13, monthly PCR-positive test labels; annual sums match Figure 12 (2023: 518; 2024: 38,847)	2026-07-27
FRA	France	2024-09-01	2024-09-01	2024-10-01	2024	9		14.4	monthly	pcr_positivity_percent	PCR positivity per month (%)	3Labos (Cerba and Eurofins-Biomnis) PCR testing activity; positivity is not a national case count	transcribed_from_official_figure_labels	reported	https://www.santepubliquefrance.fr/sites/default/files/rdd/document/bullnat_coqueluche_20251013.pdf	Figure 13, monthly positivity labels	2026-07-27
FRA	France	2024-09-01	2024-09-01	2024-10-01	2024	9		2318	monthly	pcr_positive_tests	PCR-positive tests per month	3Labos (Cerba and Eurofins-Biomnis) PCR testing activity; positive tests are not deduplicated patients or nationally notified cases	transcribed_from_official_figure_labels	reported	https://www.santepubliquefrance.fr/sites/default/files/rdd/document/bullnat_coqueluche_20251013.pdf	Figure 13, monthly PCR-positive test labels; annual sums match Figure 12 (2023: 518; 2024: 38,847)	2026-07-27
FRA	France	2024-10-01	2024-10-01	2024-11-01	2024	10		7.6	monthly	pcr_positivity_percent	PCR positivity per month (%)	3Labos (Cerba and Eurofins-Biomnis) PCR testing activity; positivity is not a national case count	transcribed_from_official_figure_labels	reported	https://www.santepubliquefrance.fr/sites/default/files/rdd/document/bullnat_coqueluche_20251013.pdf	Figure 13, monthly positivity labels	2026-07-27
FRA	France	2024-10-01	2024-10-01	2024-11-01	2024	10		883	monthly	pcr_positive_tests	PCR-positive tests per month	3Labos (Cerba and Eurofins-Biomnis) PCR testing activity; positive tests are not deduplicated patients or nationally notified cases	transcribed_from_official_figure_labels	reported	https://www.santepubliquefrance.fr/sites/default/files/rdd/document/bullnat_coqueluche_20251013.pdf	Figure 13, monthly PCR-positive test labels; annual sums match Figure 12 (2023: 518; 2024: 38,847)	2026-07-27
FRA	France	2024-11-01	2024-11-01	2024-12-01	2024	11		8.1	monthly	pcr_positivity_percent	PCR positivity per month (%)	3Labos (Cerba and Eurofins-Biomnis) PCR testing activity; positivity is not a national case count	transcribed_from_official_figure_labels	reported	https://www.santepubliquefrance.fr/sites/default/files/rdd/document/bullnat_coqueluche_20251013.pdf	Figure 13, monthly positivity labels	2026-07-27
FRA	France	2024-11-01	2024-11-01	2024-12-01	2024	11		484	monthly	pcr_positive_tests	PCR-positive tests per month	3Labos (Cerba and Eurofins-Biomnis) PCR testing activity; positive tests are not deduplicated patients or nationally notified cases	transcribed_from_official_figure_labels	reported	https://www.santepubliquefrance.fr/sites/default/files/rdd/document/bullnat_coqueluche_20251013.pdf	Figure 13, monthly PCR-positive test labels; annual sums match Figure 12 (2023: 518; 2024: 38,847)	2026-07-27
FRA	France	2024-12-01	2024-12-01	2025-01-01	2024	12		5.4	monthly	pcr_positivity_percent	PCR positivity per month (%)	3Labos (Cerba and Eurofins-Biomnis) PCR testing activity; positivity is not a national case count	transcribed_from_official_figure_labels	reported	https://www.santepubliquefrance.fr/sites/default/files/rdd/document/bullnat_coqueluche_20251013.pdf	Figure 13, monthly positivity labels	2026-07-27
FRA	France	2024-12-01	2024-12-01	2025-01-01	2024	12		321	monthly	pcr_positive_tests	PCR-positive tests per month	3Labos (Cerba and Eurofins-Biomnis) PCR testing activity; positive tests are not deduplicated patients or nationally notified cases	transcribed_from_official_figure_labels	reported	https://www.santepubliquefrance.fr/sites/default/files/rdd/document/bullnat_coqueluche_20251013.pdf	Figure 13, monthly PCR-positive test labels; annual sums match Figure 12 (2023: 518; 2024: 38,847)	2026-07-27
JPN	Japan	2019-01-07	2019-01-07	2019-01-14	2019	1	2	239	weekly	reported_cases	Reported cases per week	National notifiable-disease surveillance; weekly provisional reports	direct_tabular	reported_provisional	https://id-info.jihs.go.jp/en/surveillance/idwr/rapid/2019/index.html	IDWR weekly surveillance table; weekly rows aggregate exactly to the frozen monthly model series	2026-07-27
JPN	Japan	2019-01-14	2019-01-14	2019-01-21	2019	1	3	222	weekly	reported_cases	Reported cases per week	National notifiable-disease surveillance; weekly provisional reports	direct_tabular	reported_provisional	https://id-info.jihs.go.jp/en/surveillance/idwr/rapid/2019/index.html	IDWR weekly surveillance table; weekly rows aggregate exactly to the frozen monthly model series	2026-07-27
JPN	Japan	2019-01-21	2019-01-21	2019-01-28	2019	1	4	237	weekly	reported_cases	Reported cases per week	National notifiable-disease surveillance; weekly provisional reports	direct_tabular	reported_provisional	https://id-info.jihs.go.jp/en/surveillance/idwr/rapid/2019/index.html	IDWR weekly surveillance table; weekly rows aggregate exactly to the frozen monthly model series	2026-07-27
JPN	Japan	2019-01-28	2019-01-28	2019-02-04	2019	1	5	236	weekly	reported_cases	Reported cases per week	National notifiable-disease surveillance; weekly provisional reports	direct_tabular	reported_provisional	https://id-info.jihs.go.jp/en/surveillance/idwr/rapid/2019/index.html	IDWR weekly surveillance table; weekly rows aggregate exactly to the frozen monthly model series	2026-07-27
JPN	Japan	2019-02-04	2019-02-04	2019-02-11	2019	2	6	249	weekly	reported_cases	Reported cases per week	National notifiable-disease surveillance; weekly provisional reports	direct_tabular	reported_provisional	https://id-info.jihs.go.jp/en/surveillance/idwr/rapid/2019/index.html	IDWR weekly surveillance table; weekly rows aggregate exactly to the frozen monthly model series	2026-07-27
JPN	Japan	2019-02-11	2019-02-11	2019-02-18	2019	2	7	194	weekly	reported_cases	Reported cases per week	National notifiable-disease surveillance; weekly provisional reports	direct_tabular	reported_provisional	https://id-info.jihs.go.jp/en/surveillance/idwr/rapid/2019/index.html	IDWR weekly surveillance table; weekly rows aggregate exactly to the frozen monthly model series	2026-07-27
JPN	Japan	2019-02-18	2019-02-18	2019-02-25	2019	2	8	242	weekly	reported_cases	Reported cases per week	National notifiable-disease surveillance; weekly provisional reports	direct_tabular	reported_provisional	https://id-info.jihs.go.jp/en/surveillance/idwr/rapid/2019/index.html	IDWR weekly surveillance table; weekly rows aggregate exactly to the frozen monthly model series	2026-07-27
JPN	Japan	2019-02-25	2019-02-25	2019-03-04	2019	2	9	237	weekly	reported_cases	Reported cases per week	National notifiable-disease surveillance; weekly provisional reports	direct_tabular	reported_provisional	https://id-info.jihs.go.jp/en/surveillance/idwr/rapid/2019/index.html	IDWR weekly surveillance table; weekly rows aggregate exactly to the frozen monthly model series	2026-07-27
JPN	Japan	2019-03-04	2019-03-04	2019-03-11	2019	3	10	259	weekly	reported_cases	Reported cases per week	National notifiable-disease surveillance; weekly provisional reports	direct_tabular	reported_provisional	https://id-info.jihs.go.jp/en/surveillance/idwr/rapid/2019/index.html	IDWR weekly surveillance table; weekly rows aggregate exactly to the frozen monthly model series	2026-07-27
JPN	Japan	2019-03-11	2019-03-11	2019-03-18	2019	3	11	267	weekly	reported_cases	Reported cases per week	National notifiable-disease surveillance; weekly provisional reports	direct_tabular	reported_provisional	https://id-info.jihs.go.jp/en/surveillance/idwr/rapid/2019/index.html	IDWR weekly surveillance table; weekly rows aggregate exactly to the frozen monthly model series	2026-07-27
JPN	Japan	2019-03-18	2019-03-18	2019-03-25	2019	3	12	189	weekly	reported_cases	Reported cases per week	National notifiable-disease surveillance; weekly provisional reports	direct_tabular	reported_provisional	https://id-info.jihs.go.jp/en/surveillance/idwr/rapid/2019/index.html	IDWR weekly surveillance table; weekly rows aggregate exactly to the frozen monthly model series	2026-07-27
JPN	Japan	2019-03-25	2019-03-25	2019-04-01	2019	3	13	242	weekly	reported_cases	Reported cases per week	National notifiable-disease surveillance; weekly provisional reports	direct_tabular	reported_provisional	https://id-info.jihs.go.jp/en/surveillance/idwr/rapid/2019/index.html	IDWR weekly surveillance table; weekly rows aggregate exactly to the frozen monthly model series	2026-07-27
JPN	Japan	2019-04-01	2019-04-01	2019-04-08	2019	4	14	226	weekly	reported_cases	Reported cases per week	National notifiable-disease surveillance; weekly provisional reports	direct_tabular	reported_provisional	https://id-info.jihs.go.jp/en/surveillance/idwr/rapid/2019/index.html	IDWR weekly surveillance table; weekly rows aggregate exactly to the frozen monthly model series	2026-07-27
JPN	Japan	2019-04-08	2019-04-08	2019-04-15	2019	4	15	191	weekly	reported_cases	Reported cases per week	National notifiable-disease surveillance; weekly provisional reports	direct_tabular	reported_provisional	https://id-info.jihs.go.jp/en/surveillance/idwr/rapid/2019/index.html	IDWR weekly surveillance table; weekly rows aggregate exactly to the frozen monthly model series	2026-07-27
JPN	Japan	2019-04-15	2019-04-15	2019-04-22	2019	4	16	198	weekly	reported_cases	Reported cases per week	National notifiable-disease surveillance; weekly provisional reports	direct_tabular	reported_provisional	https://id-info.jihs.go.jp/en/surveillance/idwr/rapid/2019/index.html	IDWR weekly surveillance table; weekly rows aggregate exactly to the frozen monthly model series	2026-07-27
JPN	Japan	2019-04-22	2019-04-22	2019-04-29	2019	4	17	212	weekly	reported_cases	Reported cases per week	National notifiable-disease surveillance; weekly provisional reports	direct_tabular	reported_provisional	https://id-info.jihs.go.jp/en/surveillance/idwr/rapid/2019/index.html	IDWR weekly surveillance table; weekly rows aggregate exactly to the frozen monthly model series	2026-07-27
JPN	Japan	2019-04-29	2019-04-29	2019-05-06	2019	4	18	49	weekly	reported_cases	Reported cases per week	National notifiable-disease surveillance; weekly provisional reports	direct_tabular	reported_provisional	https://id-info.jihs.go.jp/en/surveillance/idwr/rapid/2019/index.html	IDWR weekly surveillance table; weekly rows aggregate exactly to the frozen monthly model series	2026-07-27
JPN	Japan	2019-05-06	2019-05-06	2019-05-13	2019	5	19	164	weekly	reported_cases	Reported cases per week	National notifiable-disease surveillance; weekly provisional reports	direct_tabular	reported_provisional	https://id-info.jihs.go.jp/en/surveillance/idwr/rapid/2019/index.html	IDWR weekly surveillance table; weekly rows aggregate exactly to the frozen monthly model series	2026-07-27
JPN	Japan	2019-05-13	2019-05-13	2019-05-20	2019	5	20	242	weekly	reported_cases	Reported cases per week	National notifiable-disease surveillance; weekly provisional reports	direct_tabular	reported_provisional	https://id-info.jihs.go.jp/en/surveillance/idwr/rapid/2019/index.html	IDWR weekly surveillance table; weekly rows aggregate exactly to the frozen monthly model series	2026-07-27
JPN	Japan	2019-05-20	2019-05-20	2019-05-27	2019	5	21	233	weekly	reported_cases	Reported cases per week	National notifiable-disease surveillance; weekly provisional reports	direct_tabular	reported_provisional	https://id-info.jihs.go.jp/en/surveillance/idwr/rapid/2019/index.html	IDWR weekly surveillance table; weekly rows aggregate exactly to the frozen monthly model series	2026-07-27
JPN	Japan	2019-05-27	2019-05-27	2019-06-03	2019	5	22	223	weekly	reported_cases	Reported cases per week	National notifiable-disease surveillance; weekly provisional reports	direct_tabular	reported_provisional	https://id-info.jihs.go.jp/en/surveillance/idwr/rapid/2019/index.html	IDWR weekly surveillance table; weekly rows aggregate exactly to the frozen monthly model series	2026-07-27
JPN	Japan	2019-06-03	2019-06-03	2019-06-10	2019	6	23	223	weekly	reported_cases	Reported cases per week	National notifiable-disease surveillance; weekly provisional reports	direct_tabular	reported_provisional	https://id-info.jihs.go.jp/en/surveillance/idwr/rapid/2019/index.html	IDWR weekly surveillance table; weekly rows aggregate exactly to the frozen monthly model series	2026-07-27
JPN	Japan	2019-06-10	2019-06-10	2019-06-17	2019	6	24	253	weekly	reported_cases	Reported cases per week	National notifiable-disease surveillance; weekly provisional reports	direct_tabular	reported_provisional	https://id-info.jihs.go.jp/en/surveillance/idwr/rapid/2019/index.html	IDWR weekly surveillance table; weekly rows aggregate exactly to the frozen monthly model series	2026-07-27
JPN	Japan	2019-06-17	2019-06-17	2019-06-24	2019	6	25	282	weekly	reported_cases	Reported cases per week	National notifiable-disease surveillance; weekly provisional reports	direct_tabular	reported_provisional	https://id-info.jihs.go.jp/en/surveillance/idwr/rapid/2019/index.html	IDWR weekly surveillance table; weekly rows aggregate exactly to the frozen monthly model series	2026-07-27
JPN	Japan	2019-06-24	2019-06-24	2019-07-01	2019	6	26	325	weekly	reported_cases	Reported cases per week	National notifiable-disease surveillance; weekly provisional reports	direct_tabular	reported_provisional	https://id-info.jihs.go.jp/en/surveillance/idwr/rapid/2019/index.html	IDWR weekly surveillance table; weekly rows aggregate exactly to the frozen monthly model series	2026-07-27
JPN	Japan	2019-07-01	2019-07-01	2019-07-08	2019	7	27	320	weekly	reported_cases	Reported cases per week	National notifiable-disease surveillance; weekly provisional reports	direct_tabular	reported_provisional	https://id-info.jihs.go.jp/en/surveillance/idwr/rapid/2019/index.html	IDWR weekly surveillance table; weekly rows aggregate exactly to the frozen monthly model series	2026-07-27
JPN	Japan	2019-07-08	2019-07-08	2019-07-15	2019	7	28	295	weekly	reported_cases	Reported cases per week	National notifiable-disease surveillance; weekly provisional reports	direct_tabular	reported_provisional	https://id-info.jihs.go.jp/en/surveillance/idwr/rapid/2019/index.html	IDWR weekly surveillance table; weekly rows aggregate exactly to the frozen monthly model series	2026-07-27
JPN	Japan	2019-07-15	2019-07-15	2019-07-22	2019	7	29	272	weekly	reported_cases	Reported cases per week	National notifiable-disease surveillance; weekly provisional reports	direct_tabular	reported_provisional	https://id-info.jihs.go.jp/en/surveillance/idwr/rapid/2019/index.html	IDWR weekly surveillance table; weekly rows aggregate exactly to the frozen monthly model series	2026-07-27
JPN	Japan	2019-07-22	2019-07-22	2019-07-29	2019	7	30	271	weekly	reported_cases	Reported cases per week	National notifiable-disease surveillance; weekly provisional reports	direct_tabular	reported_provisional	https://id-info.jihs.go.jp/en/surveillance/idwr/rapid/2019/index.html	IDWR weekly surveillance table; weekly rows aggregate exactly to the frozen monthly model series	2026-07-27
JPN	Japan	2019-07-29	2019-07-29	2019-08-05	2019	7	31	231	weekly	reported_cases	Reported cases per week	National notifiable-disease surveillance; weekly provisional reports	direct_tabular	reported_provisional	https://id-info.jihs.go.jp/en/surveillance/idwr/rapid/2019/index.html	IDWR weekly surveillance table; weekly rows aggregate exactly to the frozen monthly model series	2026-07-27
JPN	Japan	2019-08-05	2019-08-05	2019-08-12	2019	8	32	252	weekly	reported_cases	Reported cases per week	National notifiable-disease surveillance; weekly provisional reports	direct_tabular	reported_provisional	https://id-info.jihs.go.jp/en/surveillance/idwr/rapid/2019/index.html	IDWR weekly surveillance table; weekly rows aggregate exactly to the frozen monthly model series	2026-07-27
JPN	Japan	2019-08-12	2019-08-12	2019-08-19	2019	8	33	149	weekly	reported_cases	Reported cases per week	National notifiable-disease surveillance; weekly provisional reports	direct_tabular	reported_provisional	https://id-info.jihs.go.jp/en/surveillance/idwr/rapid/2019/index.html	IDWR weekly surveillance table; weekly rows aggregate exactly to the frozen monthly model series	2026-07-27
JPN	Japan	2019-08-19	2019-08-19	2019-08-26	2019	8	34	284	weekly	reported_cases	Reported cases per week	National notifiable-disease surveillance; weekly provisional reports	direct_tabular	reported_provisional	https://id-info.jihs.go.jp/en/surveillance/idwr/rapid/2019/index.html	IDWR weekly surveillance table; weekly rows aggregate exactly to the frozen monthly model series	2026-07-27
JPN	Japan	2019-08-26	2019-08-26	2019-09-02	2019	8	35	353	weekly	reported_cases	Reported cases per week	National notifiable-disease surveillance; weekly provisional reports	direct_tabular	reported_provisional	https://id-info.jihs.go.jp/en/surveillance/idwr/rapid/2019/index.html	IDWR weekly surveillance table; weekly rows aggregate exactly to the frozen monthly model series	2026-07-27
JPN	Japan	2019-09-02	2019-09-02	2019-09-09	2019	9	36	261	weekly	reported_cases	Reported cases per week	National notifiable-disease surveillance; weekly provisional reports	direct_tabular	reported_provisional	https://id-info.jihs.go.jp/en/surveillance/idwr/rapid/2019/index.html	IDWR weekly surveillance table; weekly rows aggregate exactly to the frozen monthly model series	2026-07-27
JPN	Japan	2019-09-09	2019-09-09	2019-09-16	2019	9	37	264	weekly	reported_cases	Reported cases per week	National notifiable-disease surveillance; weekly provisional reports	direct_tabular	reported_provisional	https://id-info.jihs.go.jp/en/surveillance/idwr/rapid/2019/index.html	IDWR weekly surveillance table; weekly rows aggregate exactly to the frozen monthly model series	2026-07-27
JPN	Japan	2019-09-16	2019-09-16	2019-09-23	2019	9	38	218	weekly	reported_cases	Reported cases per week	National notifiable-disease surveillance; weekly provisional reports	direct_tabular	reported_provisional	https://id-info.jihs.go.jp/en/surveillance/idwr/rapid/2019/index.html	IDWR weekly surveillance table; weekly rows aggregate exactly to the frozen monthly model series	2026-07-27
JPN	Japan	2019-09-23	2019-09-23	2019-09-30	2019	9	39	211	weekly	reported_cases	Reported cases per week	National notifiable-disease surveillance; weekly provisional reports	direct_tabular	reported_provisional	https://id-info.jihs.go.jp/en/surveillance/idwr/rapid/2019/index.html	IDWR weekly surveillance table; weekly rows aggregate exactly to the frozen monthly model series	2026-07-27
JPN	Japan	2019-09-30	2019-09-30	2019-10-07	2019	9	40	289	weekly	reported_cases	Reported cases per week	National notifiable-disease surveillance; weekly provisional reports	direct_tabular	reported_provisional	https://id-info.jihs.go.jp/en/surveillance/idwr/rapid/2019/index.html	IDWR weekly surveillance table; weekly rows aggregate exactly to the frozen monthly model series	2026-07-27
JPN	Japan	2019-10-07	2019-10-07	2019-10-14	2019	10	41	246	weekly	reported_cases	Reported cases per week	National notifiable-disease surveillance; weekly provisional reports	direct_tabular	reported_provisional	https://id-info.jihs.go.jp/en/surveillance/idwr/rapid/2019/index.html	IDWR weekly surveillance table; weekly rows aggregate exactly to the frozen monthly model series	2026-07-27
JPN	Japan	2019-10-14	2019-10-14	2019-10-21	2019	10	42	204	weekly	reported_cases	Reported cases per week	National notifiable-disease surveillance; weekly provisional reports	direct_tabular	reported_provisional	https://id-info.jihs.go.jp/en/surveillance/idwr/rapid/2019/index.html	IDWR weekly surveillance table; weekly rows aggregate exactly to the frozen monthly model series	2026-07-27
JPN	Japan	2019-10-21	2019-10-21	2019-10-28	2019	10	43	245	weekly	reported_cases	Reported cases per week	National notifiable-disease surveillance; weekly provisional reports	direct_tabular	reported_provisional	https://id-info.jihs.go.jp/en/surveillance/idwr/rapid/2019/index.html	IDWR weekly surveillance table; weekly rows aggregate exactly to the frozen monthly model series	2026-07-27
JPN	Japan	2019-10-28	2019-10-28	2019-11-04	2019	10	44	235	weekly	reported_cases	Reported cases per week	National notifiable-disease surveillance; weekly provisional reports	direct_tabular	reported_provisional	https://id-info.jihs.go.jp/en/surveillance/idwr/rapid/2019/index.html	IDWR weekly surveillance table; weekly rows aggregate exactly to the frozen monthly model series	2026-07-27
JPN	Japan	2019-11-04	2019-11-04	2019-11-11	2019	11	45	167	weekly	reported_cases	Reported cases per week	National notifiable-disease surveillance; weekly provisional reports	direct_tabular	reported_provisional	https://id-info.jihs.go.jp/en/surveillance/idwr/rapid/2019/index.html	IDWR weekly surveillance table; weekly rows aggregate exactly to the frozen monthly model series	2026-07-27
JPN	Japan	2019-11-11	2019-11-11	2019-11-18	2019	11	46	230	weekly	reported_cases	Reported cases per week	National notifiable-disease surveillance; weekly provisional reports	direct_tabular	reported_provisional	https://id-info.jihs.go.jp/en/surveillance/idwr/rapid/2019/index.html	IDWR weekly surveillance table; weekly rows aggregate exactly to the frozen monthly model series	2026-07-27
JPN	Japan	2019-11-18	2019-11-18	2019-11-25	2019	11	47	213	weekly	reported_cases	Reported cases per week	National notifiable-disease surveillance; weekly provisional reports	direct_tabular	reported_provisional	https://id-info.jihs.go.jp/en/surveillance/idwr/rapid/2019/index.html	IDWR weekly surveillance table; weekly rows aggregate exactly to the frozen monthly model series	2026-07-27
JPN	Japan	2019-11-25	2019-11-25	2019-12-02	2019	11	48	223	weekly	reported_cases	Reported cases per week	National notifiable-disease surveillance; weekly provisional reports	direct_tabular	reported_provisional	https://id-info.jihs.go.jp/en/surveillance/idwr/rapid/2019/index.html	IDWR weekly surveillance table; weekly rows aggregate exactly to the frozen monthly model series	2026-07-27
JPN	Japan	2019-12-02	2019-12-02	2019-12-09	2019	12	49	199	weekly	reported_cases	Reported cases per week	National notifiable-disease surveillance; weekly provisional reports	direct_tabular	reported_provisional	https://id-info.jihs.go.jp/en/surveillance/idwr/rapid/2019/index.html	IDWR weekly surveillance table; weekly rows aggregate exactly to the frozen monthly model series	2026-07-27
JPN	Japan	2019-12-09	2019-12-09	2019-12-16	2019	12	50	167	weekly	reported_cases	Reported cases per week	National notifiable-disease surveillance; weekly provisional reports	direct_tabular	reported_provisional	https://id-info.jihs.go.jp/en/surveillance/idwr/rapid/2019/index.html	IDWR weekly surveillance table; weekly rows aggregate exactly to the frozen monthly model series	2026-07-27
JPN	Japan	2019-12-16	2019-12-16	2019-12-23	2019	12	51	160	weekly	reported_cases	Reported cases per week	National notifiable-disease surveillance; weekly provisional reports	direct_tabular	reported_provisional	https://id-info.jihs.go.jp/en/surveillance/idwr/rapid/2019/index.html	IDWR weekly surveillance table; weekly rows aggregate exactly to the frozen monthly model series	2026-07-27
JPN	Japan	2019-12-23	2019-12-23	2019-12-30	2019	12	52	179	weekly	reported_cases	Reported cases per week	National notifiable-disease surveillance; weekly provisional reports	direct_tabular	reported_provisional	https://id-info.jihs.go.jp/en/surveillance/idwr/rapid/2019/index.html	IDWR weekly surveillance table; weekly rows aggregate exactly to the frozen monthly model series	2026-07-27
JPN	Japan	2019-12-30	2019-12-30	2020-01-06	2019	12	1	14	weekly	reported_cases	Reported cases per week	National notifiable-disease surveillance; weekly provisional reports	direct_tabular	reported_provisional	https://id-info.jihs.go.jp/en/surveillance/idwr/rapid/2020/index.html	IDWR weekly surveillance table; weekly rows aggregate exactly to the frozen monthly model series	2026-07-27
JPN	Japan	2020-01-06	2020-01-06	2020-01-13	2020	1	2	139	weekly	reported_cases	Reported cases per week	National notifiable-disease surveillance; weekly provisional reports	direct_tabular	reported_provisional	https://id-info.jihs.go.jp/en/surveillance/idwr/rapid/2020/index.html	IDWR weekly surveillance table; weekly rows aggregate exactly to the frozen monthly model series	2026-07-27
JPN	Japan	2020-01-13	2020-01-13	2020-01-20	2020	1	3	125	weekly	reported_cases	Reported cases per week	National notifiable-disease surveillance; weekly provisional reports	direct_tabular	reported_provisional	https://id-info.jihs.go.jp/en/surveillance/idwr/rapid/2020/index.html	IDWR weekly surveillance table; weekly rows aggregate exactly to the frozen monthly model series	2026-07-27
JPN	Japan	2020-01-20	2020-01-20	2020-01-27	2020	1	4	145	weekly	reported_cases	Reported cases per week	National notifiable-disease surveillance; weekly provisional reports	direct_tabular	reported_provisional	https://id-info.jihs.go.jp/en/surveillance/idwr/rapid/2020/index.html	IDWR weekly surveillance table; weekly rows aggregate exactly to the frozen monthly model series	2026-07-27
JPN	Japan	2020-01-27	2020-01-27	2020-02-03	2020	1	5	126	weekly	reported_cases	Reported cases per week	National notifiable-disease surveillance; weekly provisional reports	direct_tabular	reported_provisional	https://id-info.jihs.go.jp/en/surveillance/idwr/rapid/2020/index.html	IDWR weekly surveillance table; weekly rows aggregate exactly to the frozen monthly model series	2026-07-27
JPN	Japan	2020-02-03	2020-02-03	2020-02-10	2020	2	6	145	weekly	reported_cases	Reported cases per week	National notifiable-disease surveillance; weekly provisional reports	direct_tabular	reported_provisional	https://id-info.jihs.go.jp/en/surveillance/idwr/rapid/2020/index.html	IDWR weekly surveillance table; weekly rows aggregate exactly to the frozen monthly model series	2026-07-27
JPN	Japan	2020-02-10	2020-02-10	2020-02-17	2020	2	7	97	weekly	reported_cases	Reported cases per week	National notifiable-disease surveillance; weekly provisional reports	direct_tabular	reported_provisional	https://id-info.jihs.go.jp/en/surveillance/idwr/rapid/2020/index.html	IDWR weekly surveillance table; weekly rows aggregate exactly to the frozen monthly model series	2026-07-27
JPN	Japan	2020-02-17	2020-02-17	2020-02-24	2020	2	8	108	weekly	reported_cases	Reported cases per week	National notifiable-disease surveillance; weekly provisional reports	direct_tabular	reported_provisional	https://id-info.jihs.go.jp/en/surveillance/idwr/rapid/2020/index.html	IDWR weekly surveillance table; weekly rows aggregate exactly to the frozen monthly model series	2026-07-27
JPN	Japan	2020-02-24	2020-02-24	2020-03-02	2020	2	9	103	weekly	reported_cases	Reported cases per week	National notifiable-disease surveillance; weekly provisional reports	direct_tabular	reported_provisional	https://id-info.jihs.go.jp/en/surveillance/idwr/rapid/2020/index.html	IDWR weekly surveillance table; weekly rows aggregate exactly to the frozen monthly model series	2026-07-27
JPN	Japan	2020-03-02	2020-03-02	2020-03-09	2020	3	10	134	weekly	reported_cases	Reported cases per week	National notifiable-disease surveillance; weekly provisional reports	direct_tabular	reported_provisional	https://id-info.jihs.go.jp/en/surveillance/idwr/rapid/2020/index.html	IDWR weekly surveillance table; weekly rows aggregate exactly to the frozen monthly model series	2026-07-27
JPN	Japan	2020-03-09	2020-03-09	2020-03-16	2020	3	11	111	weekly	reported_cases	Reported cases per week	National notifiable-disease surveillance; weekly provisional reports	direct_tabular	reported_provisional	https://id-info.jihs.go.jp/en/surveillance/idwr/rapid/2020/index.html	IDWR weekly surveillance table; weekly rows aggregate exactly to the frozen monthly model series	2026-07-27
JPN	Japan	2020-03-16	2020-03-16	2020-03-23	2020	3	12	75	weekly	reported_cases	Reported cases per week	National notifiable-disease surveillance; weekly provisional reports	direct_tabular	reported_provisional	https://id-info.jihs.go.jp/en/surveillance/idwr/rapid/2020/index.html	IDWR weekly surveillance table; weekly rows aggregate exactly to the frozen monthly model series	2026-07-27
JPN	Japan	2020-03-23	2020-03-23	2020-03-30	2020	3	13	92	weekly	reported_cases	Reported cases per week	National notifiable-disease surveillance; weekly provisional reports	direct_tabular	reported_provisional	https://id-info.jihs.go.jp/en/surveillance/idwr/rapid/2020/index.html	IDWR weekly surveillance table; weekly rows aggregate exactly to the frozen monthly model series	2026-07-27
JPN	Japan	2020-03-30	2020-03-30	2020-04-06	2020	3	14	91	weekly	reported_cases	Reported cases per week	National notifiable-disease surveillance; weekly provisional reports	direct_tabular	reported_provisional	https://id-info.jihs.go.jp/en/surveillance/idwr/rapid/2020/index.html	IDWR weekly surveillance table; weekly rows aggregate exactly to the frozen monthly model series	2026-07-27
JPN	Japan	2020-04-06	2020-04-06	2020-04-13	2020	4	15	33	weekly	reported_cases	Reported cases per week	National notifiable-disease surveillance; weekly provisional reports	direct_tabular	reported_provisional	https://id-info.jihs.go.jp/en/surveillance/idwr/rapid/2020/index.html	IDWR weekly surveillance table; weekly rows aggregate exactly to the frozen monthly model series	2026-07-27
JPN	Japan	2020-04-13	2020-04-13	2020-04-20	2020	4	16	38	weekly	reported_cases	Reported cases per week	National notifiable-disease surveillance; weekly provisional reports	direct_tabular	reported_provisional	https://id-info.jihs.go.jp/en/surveillance/idwr/rapid/2020/index.html	IDWR weekly surveillance table; weekly rows aggregate exactly to the frozen monthly model series	2026-07-27
JPN	Japan	2020-04-20	2020-04-20	2020-04-27	2020	4	17	29	weekly	reported_cases	Reported cases per week	National notifiable-disease surveillance; weekly provisional reports	direct_tabular	reported_provisional	https://id-info.jihs.go.jp/en/surveillance/idwr/rapid/2020/index.html	IDWR weekly surveillance table; weekly rows aggregate exactly to the frozen monthly model series	2026-07-27
JPN	Japan	2020-04-27	2020-04-27	2020-05-04	2020	4	18	30	weekly	reported_cases	Reported cases per week	National notifiable-disease surveillance; weekly provisional reports	direct_tabular	reported_provisional	https://id-info.jihs.go.jp/en/surveillance/idwr/rapid/2020/index.html	IDWR weekly surveillance table; weekly rows aggregate exactly to the frozen monthly model series	2026-07-27
JPN	Japan	2020-05-04	2020-05-04	2020-05-11	2020	5	19	11	weekly	reported_cases	Reported cases per week	National notifiable-disease surveillance; weekly provisional reports	direct_tabular	reported_provisional	https://id-info.jihs.go.jp/en/surveillance/idwr/rapid/2020/index.html	IDWR weekly surveillance table; weekly rows aggregate exactly to the frozen monthly model series	2026-07-27
JPN	Japan	2020-05-11	2020-05-11	2020-05-18	2020	5	20	23	weekly	reported_cases	Reported cases per week	National notifiable-disease surveillance; weekly provisional reports	direct_tabular	reported_provisional	https://id-info.jihs.go.jp/en/surveillance/idwr/rapid/2020/index.html	IDWR weekly surveillance table; weekly rows aggregate exactly to the frozen monthly model series	2026-07-27
JPN	Japan	2020-05-18	2020-05-18	2020-05-25	2020	5	21	25	weekly	reported_cases	Reported cases per week	National notifiable-disease surveillance; weekly provisional reports	direct_tabular	reported_provisional	https://id-info.jihs.go.jp/en/surveillance/idwr/rapid/2020/index.html	IDWR weekly surveillance table; weekly rows aggregate exactly to the frozen monthly model series	2026-07-27
JPN	Japan	2020-05-25	2020-05-25	2020-06-01	2020	5	22	6	weekly	reported_cases	Reported cases per week	National notifiable-disease surveillance; weekly provisional reports	direct_tabular	reported_provisional	https://id-info.jihs.go.jp/en/surveillance/idwr/rapid/2020/index.html	IDWR weekly surveillance table; weekly rows aggregate exactly to the frozen monthly model series	2026-07-27
JPN	Japan	2020-06-01	2020-06-01	2020-06-08	2020	6	23	17	weekly	reported_cases	Reported cases per week	National notifiable-disease surveillance; weekly provisional reports	direct_tabular	reported_provisional	https://id-info.jihs.go.jp/en/surveillance/idwr/rapid/2020/index.html	IDWR weekly surveillance table; weekly rows aggregate exactly to the frozen monthly model series	2026-07-27
JPN	Japan	2020-06-08	2020-06-08	2020-06-15	2020	6	24	15	weekly	reported_cases	Reported cases per week	National notifiable-disease surveillance; weekly provisional reports	direct_tabular	reported_provisional	https://id-info.jihs.go.jp/en/surveillance/idwr/rapid/2020/index.html	IDWR weekly surveillance table; weekly rows aggregate exactly to the frozen monthly model series	2026-07-27
JPN	Japan	2020-06-15	2020-06-15	2020-06-22	2020	6	25	15	weekly	reported_cases	Reported cases per week	National notifiable-disease surveillance; weekly provisional reports	direct_tabular	reported_provisional	https://id-info.jihs.go.jp/en/surveillance/idwr/rapid/2020/index.html	IDWR weekly surveillance table; weekly rows aggregate exactly to the frozen monthly model series	2026-07-27
JPN	Japan	2020-06-22	2020-06-22	2020-06-29	2020	6	26	15	weekly	reported_cases	Reported cases per week	National notifiable-disease surveillance; weekly provisional reports	direct_tabular	reported_provisional	https://id-info.jihs.go.jp/en/surveillance/idwr/rapid/2020/index.html	IDWR weekly surveillance table; weekly rows aggregate exactly to the frozen monthly model series	2026-07-27
JPN	Japan	2020-06-29	2020-06-29	2020-07-06	2020	6	27	9	weekly	reported_cases	Reported cases per week	National notifiable-disease surveillance; weekly provisional reports	direct_tabular	reported_provisional	https://id-info.jihs.go.jp/en/surveillance/idwr/rapid/2020/index.html	IDWR weekly surveillance table; weekly rows aggregate exactly to the frozen monthly model series	2026-07-27
JPN	Japan	2020-07-06	2020-07-06	2020-07-13	2020	7	28	5	weekly	reported_cases	Reported cases per week	National notifiable-disease surveillance; weekly provisional reports	direct_tabular	reported_provisional	https://id-info.jihs.go.jp/en/surveillance/idwr/rapid/2020/index.html	IDWR weekly surveillance table; weekly rows aggregate exactly to the frozen monthly model series	2026-07-27
JPN	Japan	2020-07-13	2020-07-13	2020-07-20	2020	7	29	14	weekly	reported_cases	Reported cases per week	National notifiable-disease surveillance; weekly provisional reports	direct_tabular	reported_provisional	https://id-info.jihs.go.jp/en/surveillance/idwr/rapid/2020/index.html	IDWR weekly surveillance table; weekly rows aggregate exactly to the frozen monthly model series	2026-07-27
JPN	Japan	2020-07-20	2020-07-20	2020-07-27	2020	7	30	8	weekly	reported_cases	Reported cases per week	National notifiable-disease surveillance; weekly provisional reports	direct_tabular	reported_provisional	https://id-info.jihs.go.jp/en/surveillance/idwr/rapid/2020/index.html	IDWR weekly surveillance table; weekly rows aggregate exactly to the frozen monthly model series	2026-07-27
JPN	Japan	2020-07-27	2020-07-27	2020-08-03	2020	7	31	11	weekly	reported_cases	Reported cases per week	National notifiable-disease surveillance; weekly provisional reports	direct_tabular	reported_provisional	https://id-info.jihs.go.jp/en/surveillance/idwr/rapid/2020/index.html	IDWR weekly surveillance table; weekly rows aggregate exactly to the frozen monthly model series	2026-07-27
JPN	Japan	2020-08-03	2020-08-03	2020-08-10	2020	8	32	9	weekly	reported_cases	Reported cases per week	National notifiable-disease surveillance; weekly provisional reports	direct_tabular	reported_provisional	https://id-info.jihs.go.jp/en/surveillance/idwr/rapid/2020/index.html	IDWR weekly surveillance table; weekly rows aggregate exactly to the frozen monthly model series	2026-07-27
JPN	Japan	2020-08-10	2020-08-10	2020-08-17	2020	8	33	4	weekly	reported_cases	Reported cases per week	National notifiable-disease surveillance; weekly provisional reports	direct_tabular	reported_provisional	https://id-info.jihs.go.jp/en/surveillance/idwr/rapid/2020/index.html	IDWR weekly surveillance table; weekly rows aggregate exactly to the frozen monthly model series	2026-07-27
JPN	Japan	2020-08-17	2020-08-17	2020-08-24	2020	8	34	10	weekly	reported_cases	Reported cases per week	National notifiable-disease surveillance; weekly provisional reports	direct_tabular	reported_provisional	https://id-info.jihs.go.jp/en/surveillance/idwr/rapid/2020/index.html	IDWR weekly surveillance table; weekly rows aggregate exactly to the frozen monthly model series	2026-07-27
JPN	Japan	2020-08-24	2020-08-24	2020-08-31	2020	8	35	17	weekly	reported_cases	Reported cases per week	National notifiable-disease surveillance; weekly provisional reports	direct_tabular	reported_provisional	https://id-info.jihs.go.jp/en/surveillance/idwr/rapid/2020/index.html	IDWR weekly surveillance table; weekly rows aggregate exactly to the frozen monthly model series	2026-07-27
JPN	Japan	2020-08-31	2020-08-31	2020-09-07	2020	8	36	12	weekly	reported_cases	Reported cases per week	National notifiable-disease surveillance; weekly provisional reports	direct_tabular	reported_provisional	https://id-info.jihs.go.jp/en/surveillance/idwr/rapid/2020/index.html	IDWR weekly surveillance table; weekly rows aggregate exactly to the frozen monthly model series	2026-07-27
JPN	Japan	2020-09-07	2020-09-07	2020-09-14	2020	9	37	12	weekly	reported_cases	Reported cases per week	National notifiable-disease surveillance; weekly provisional reports	direct_tabular	reported_provisional	https://id-info.jihs.go.jp/en/surveillance/idwr/rapid/2020/index.html	IDWR weekly surveillance table; weekly rows aggregate exactly to the frozen monthly model series	2026-07-27
JPN	Japan	2020-09-14	2020-09-14	2020-09-21	2020	9	38	12	weekly	reported_cases	Reported cases per week	National notifiable-disease surveillance; weekly provisional reports	direct_tabular	reported_provisional	https://id-info.jihs.go.jp/en/surveillance/idwr/rapid/2020/index.html	IDWR weekly surveillance table; weekly rows aggregate exactly to the frozen monthly model series	2026-07-27
JPN	Japan	2020-09-21	2020-09-21	2020-09-28	2020	9	39	6	weekly	reported_cases	Reported cases per week	National notifiable-disease surveillance; weekly provisional reports	direct_tabular	reported_provisional	https://id-info.jihs.go.jp/en/surveillance/idwr/rapid/2020/index.html	IDWR weekly surveillance table; weekly rows aggregate exactly to the frozen monthly model series	2026-07-27
JPN	Japan	2020-09-28	2020-09-28	2020-10-05	2020	9	40	18	weekly	reported_cases	Reported cases per week	National notifiable-disease surveillance; weekly provisional reports	direct_tabular	reported_provisional	https://id-info.jihs.go.jp/en/surveillance/idwr/rapid/2020/index.html	IDWR weekly surveillance table; weekly rows aggregate exactly to the frozen monthly model series	2026-07-27
JPN	Japan	2020-10-05	2020-10-05	2020-10-12	2020	10	41	11	weekly	reported_cases	Reported cases per week	National notifiable-disease surveillance; weekly provisional reports	direct_tabular	reported_provisional	https://id-info.jihs.go.jp/en/surveillance/idwr/rapid/2020/index.html	IDWR weekly surveillance table; weekly rows aggregate exactly to the frozen monthly model series	2026-07-27
JPN	Japan	2020-10-12	2020-10-12	2020-10-19	2020	10	42	8	weekly	reported_cases	Reported cases per week	National notifiable-disease surveillance; weekly provisional reports	direct_tabular	reported_provisional	https://id-info.jihs.go.jp/en/surveillance/idwr/rapid/2020/index.html	IDWR weekly surveillance table; weekly rows aggregate exactly to the frozen monthly model series	2026-07-27
JPN	Japan	2020-10-19	2020-10-19	2020-10-26	2020	10	43	4	weekly	reported_cases	Reported cases per week	National notifiable-disease surveillance; weekly provisional reports	direct_tabular	reported_provisional	https://id-info.jihs.go.jp/en/surveillance/idwr/rapid/2020/index.html	IDWR weekly surveillance table; weekly rows aggregate exactly to the frozen monthly model series	2026-07-27
JPN	Japan	2020-10-26	2020-10-26	2020-11-02	2020	10	44	13	weekly	reported_cases	Reported cases per week	National notifiable-disease surveillance; weekly provisional reports	direct_tabular	reported_provisional	https://id-info.jihs.go.jp/en/surveillance/idwr/rapid/2020/index.html	IDWR weekly surveillance table; weekly rows aggregate exactly to the frozen monthly model series	2026-07-27
JPN	Japan	2020-11-02	2020-11-02	2020-11-09	2020	11	45	8	weekly	reported_cases	Reported cases per week	National notifiable-disease surveillance; weekly provisional reports	direct_tabular	reported_provisional	https://id-info.jihs.go.jp/en/surveillance/idwr/rapid/2020/index.html	IDWR weekly surveillance table; weekly rows aggregate exactly to the frozen monthly model series	2026-07-27
JPN	Japan	2020-11-09	2020-11-09	2020-11-16	2020	11	46	14	weekly	reported_cases	Reported cases per week	National notifiable-disease surveillance; weekly provisional reports	direct_tabular	reported_provisional	https://id-info.jihs.go.jp/en/surveillance/idwr/rapid/2020/index.html	IDWR weekly surveillance table; weekly rows aggregate exactly to the frozen monthly model series	2026-07-27
JPN	Japan	2020-11-16	2020-11-16	2020-11-23	2020	11	47	6	weekly	reported_cases	Reported cases per week	National notifiable-disease surveillance; weekly provisional reports	direct_tabular	reported_provisional	https://id-info.jihs.go.jp/en/surveillance/idwr/rapid/2020/index.html	IDWR weekly surveillance table; weekly rows aggregate exactly to the frozen monthly model series	2026-07-27
JPN	Japan	2020-11-23	2020-11-23	2020-11-30	2020	11	48	10	weekly	reported_cases	Reported cases per week	National notifiable-disease surveillance; weekly provisional reports	direct_tabular	reported_provisional	https://id-info.jihs.go.jp/en/surveillance/idwr/rapid/2020/index.html	IDWR weekly surveillance table; weekly rows aggregate exactly to the frozen monthly model series	2026-07-27
JPN	Japan	2020-11-30	2020-11-30	2020-12-07	2020	11	49	16	weekly	reported_cases	Reported cases per week	National notifiable-disease surveillance; weekly provisional reports	direct_tabular	reported_provisional	https://id-info.jihs.go.jp/en/surveillance/idwr/rapid/2020/index.html	IDWR weekly surveillance table; weekly rows aggregate exactly to the frozen monthly model series	2026-07-27
JPN	Japan	2020-12-07	2020-12-07	2020-12-14	2020	12	50	12	weekly	reported_cases	Reported cases per week	National notifiable-disease surveillance; weekly provisional reports	direct_tabular	reported_provisional	https://id-info.jihs.go.jp/en/surveillance/idwr/rapid/2020/index.html	IDWR weekly surveillance table; weekly rows aggregate exactly to the frozen monthly model series	2026-07-27
JPN	Japan	2020-12-14	2020-12-14	2020-12-21	2020	12	51	12	weekly	reported_cases	Reported cases per week	National notifiable-disease surveillance; weekly provisional reports	direct_tabular	reported_provisional	https://id-info.jihs.go.jp/en/surveillance/idwr/rapid/2020/index.html	IDWR weekly surveillance table; weekly rows aggregate exactly to the frozen monthly model series	2026-07-27
JPN	Japan	2020-12-21	2020-12-21	2020-12-28	2020	12	52	14	weekly	reported_cases	Reported cases per week	National notifiable-disease surveillance; weekly provisional reports	direct_tabular	reported_provisional	https://id-info.jihs.go.jp/en/surveillance/idwr/rapid/2020/index.html	IDWR weekly surveillance table; weekly rows aggregate exactly to the frozen monthly model series	2026-07-27
JPN	Japan	2020-12-28	2020-12-28	2021-01-04	2020	12	53	3	weekly	reported_cases	Reported cases per week	National notifiable-disease surveillance; weekly provisional reports	direct_tabular	reported_provisional	https://id-info.jihs.go.jp/en/surveillance/idwr/rapid/2020/index.html	IDWR weekly surveillance table; weekly rows aggregate exactly to the frozen monthly model series	2026-07-27
JPN	Japan	2021-01-04	2021-01-04	2021-01-11	2021	1	1	8	weekly	reported_cases	Reported cases per week	National notifiable-disease surveillance; weekly provisional reports	direct_tabular	reported_provisional	https://id-info.jihs.go.jp/en/surveillance/idwr/rapid/2021/index.html	IDWR weekly surveillance table; weekly rows aggregate exactly to the frozen monthly model series	2026-07-27
JPN	Japan	2021-01-11	2021-01-11	2021-01-18	2021	1	2	5	weekly	reported_cases	Reported cases per week	National notifiable-disease surveillance; weekly provisional reports	direct_tabular	reported_provisional	https://id-info.jihs.go.jp/en/surveillance/idwr/rapid/2021/index.html	IDWR weekly surveillance table; weekly rows aggregate exactly to the frozen monthly model series	2026-07-27
JPN	Japan	2021-01-18	2021-01-18	2021-01-25	2021	1	3	10	weekly	reported_cases	Reported cases per week	National notifiable-disease surveillance; weekly provisional reports	direct_tabular	reported_provisional	https://id-info.jihs.go.jp/en/surveillance/idwr/rapid/2021/index.html	IDWR weekly surveillance table; weekly rows aggregate exactly to the frozen monthly model series	2026-07-27
JPN	Japan	2021-01-25	2021-01-25	2021-02-01	2021	1	4	10	weekly	reported_cases	Reported cases per week	National notifiable-disease surveillance; weekly provisional reports	direct_tabular	reported_provisional	https://id-info.jihs.go.jp/en/surveillance/idwr/rapid/2021/index.html	IDWR weekly surveillance table; weekly rows aggregate exactly to the frozen monthly model series	2026-07-27
JPN	Japan	2021-02-01	2021-02-01	2021-02-08	2021	2	5	11	weekly	reported_cases	Reported cases per week	National notifiable-disease surveillance; weekly provisional reports	direct_tabular	reported_provisional	https://id-info.jihs.go.jp/en/surveillance/idwr/rapid/2021/index.html	IDWR weekly surveillance table; weekly rows aggregate exactly to the frozen monthly model series	2026-07-27
JPN	Japan	2021-02-08	2021-02-08	2021-02-15	2021	2	6	9	weekly	reported_cases	Reported cases per week	National notifiable-disease surveillance; weekly provisional reports	direct_tabular	reported_provisional	https://id-info.jihs.go.jp/en/surveillance/idwr/rapid/2021/index.html	IDWR weekly surveillance table; weekly rows aggregate exactly to the frozen monthly model series	2026-07-27
JPN	Japan	2021-02-15	2021-02-15	2021-02-22	2021	2	7	4	weekly	reported_cases	Reported cases per week	National notifiable-disease surveillance; weekly provisional reports	direct_tabular	reported_provisional	https://id-info.jihs.go.jp/en/surveillance/idwr/rapid/2021/index.html	IDWR weekly surveillance table; weekly rows aggregate exactly to the frozen monthly model series	2026-07-27
JPN	Japan	2021-02-22	2021-02-22	2021-03-01	2021	2	8	7	weekly	reported_cases	Reported cases per week	National notifiable-disease surveillance; weekly provisional reports	direct_tabular	reported_provisional	https://id-info.jihs.go.jp/en/surveillance/idwr/rapid/2021/index.html	IDWR weekly surveillance table; weekly rows aggregate exactly to the frozen monthly model series	2026-07-27
JPN	Japan	2021-03-01	2021-03-01	2021-03-08	2021	3	9	14	weekly	reported_cases	Reported cases per week	National notifiable-disease surveillance; weekly provisional reports	direct_tabular	reported_provisional	https://id-info.jihs.go.jp/en/surveillance/idwr/rapid/2021/index.html	IDWR weekly surveillance table; weekly rows aggregate exactly to the frozen monthly model series	2026-07-27
JPN	Japan	2021-03-08	2021-03-08	2021-03-15	2021	3	10	11	weekly	reported_cases	Reported cases per week	National notifiable-disease surveillance; weekly provisional reports	direct_tabular	reported_provisional	https://id-info.jihs.go.jp/en/surveillance/idwr/rapid/2021/index.html	IDWR weekly surveillance table; weekly rows aggregate exactly to the frozen monthly model series	2026-07-27
JPN	Japan	2021-03-15	2021-03-15	2021-03-22	2021	3	11	7	weekly	reported_cases	Reported cases per week	National notifiable-disease surveillance; weekly provisional reports	direct_tabular	reported_provisional	https://id-info.jihs.go.jp/en/surveillance/idwr/rapid/2021/index.html	IDWR weekly surveillance table; weekly rows aggregate exactly to the frozen monthly model series	2026-07-27
JPN	Japan	2021-03-22	2021-03-22	2021-03-29	2021	3	12	10	weekly	reported_cases	Reported cases per week	National notifiable-disease surveillance; weekly provisional reports	direct_tabular	reported_provisional	https://id-info.jihs.go.jp/en/surveillance/idwr/rapid/2021/index.html	IDWR weekly surveillance table; weekly rows aggregate exactly to the frozen monthly model series	2026-07-27
JPN	Japan	2021-03-29	2021-03-29	2021-04-05	2021	3	13	2	weekly	reported_cases	Reported cases per week	National notifiable-disease surveillance; weekly provisional reports	direct_tabular	reported_provisional	https://id-info.jihs.go.jp/en/surveillance/idwr/rapid/2021/index.html	IDWR weekly surveillance table; weekly rows aggregate exactly to the frozen monthly model series	2026-07-27
JPN	Japan	2021-04-05	2021-04-05	2021-04-12	2021	4	14	4	weekly	reported_cases	Reported cases per week	National notifiable-disease surveillance; weekly provisional reports	direct_tabular	reported_provisional	https://id-info.jihs.go.jp/en/surveillance/idwr/rapid/2021/index.html	IDWR weekly surveillance table; weekly rows aggregate exactly to the frozen monthly model series	2026-07-27
JPN	Japan	2021-04-12	2021-04-12	2021-04-19	2021	4	15	7	weekly	reported_cases	Reported cases per week	National notifiable-disease surveillance; weekly provisional reports	direct_tabular	reported_provisional	https://id-info.jihs.go.jp/en/surveillance/idwr/rapid/2021/index.html	IDWR weekly surveillance table; weekly rows aggregate exactly to the frozen monthly model series	2026-07-27
JPN	Japan	2021-04-19	2021-04-19	2021-04-26	2021	4	16	6	weekly	reported_cases	Reported cases per week	National notifiable-disease surveillance; weekly provisional reports	direct_tabular	reported_provisional	https://id-info.jihs.go.jp/en/surveillance/idwr/rapid/2021/index.html	IDWR weekly surveillance table; weekly rows aggregate exactly to the frozen monthly model series	2026-07-27
JPN	Japan	2021-04-26	2021-04-26	2021-05-03	2021	4	17	3	weekly	reported_cases	Reported cases per week	National notifiable-disease surveillance; weekly provisional reports	direct_tabular	reported_provisional	https://id-info.jihs.go.jp/en/surveillance/idwr/rapid/2021/index.html	IDWR weekly surveillance table; weekly rows aggregate exactly to the frozen monthly model series	2026-07-27
JPN	Japan	2021-05-03	2021-05-03	2021-05-10	2021	5	18	5	weekly	reported_cases	Reported cases per week	National notifiable-disease surveillance; weekly provisional reports	direct_tabular	reported_provisional	https://id-info.jihs.go.jp/en/surveillance/idwr/rapid/2021/index.html	IDWR weekly surveillance table; weekly rows aggregate exactly to the frozen monthly model series	2026-07-27
JPN	Japan	2021-05-10	2021-05-10	2021-05-17	2021	5	19	8	weekly	reported_cases	Reported cases per week	National notifiable-disease surveillance; weekly provisional reports	direct_tabular	reported_provisional	https://id-info.jihs.go.jp/en/surveillance/idwr/rapid/2021/index.html	IDWR weekly surveillance table; weekly rows aggregate exactly to the frozen monthly model series	2026-07-27
JPN	Japan	2021-05-17	2021-05-17	2021-05-24	2021	5	20	11	weekly	reported_cases	Reported cases per week	National notifiable-disease surveillance; weekly provisional reports	direct_tabular	reported_provisional	https://id-info.jihs.go.jp/en/surveillance/idwr/rapid/2021/index.html	IDWR weekly surveillance table; weekly rows aggregate exactly to the frozen monthly model series	2026-07-27
JPN	Japan	2021-05-24	2021-05-24	2021-05-31	2021	5	21	8	weekly	reported_cases	Reported cases per week	National notifiable-disease surveillance; weekly provisional reports	direct_tabular	reported_provisional	https://id-info.jihs.go.jp/en/surveillance/idwr/rapid/2021/index.html	IDWR weekly surveillance table; weekly rows aggregate exactly to the frozen monthly model series	2026-07-27
JPN	Japan	2021-05-31	2021-05-31	2021-06-07	2021	5	22	4	weekly	reported_cases	Reported cases per week	National notifiable-disease surveillance; weekly provisional reports	direct_tabular	reported_provisional	https://id-info.jihs.go.jp/en/surveillance/idwr/rapid/2021/index.html	IDWR weekly surveillance table; weekly rows aggregate exactly to the frozen monthly model series	2026-07-27
JPN	Japan	2021-06-07	2021-06-07	2021-06-14	2021	6	23	10	weekly	reported_cases	Reported cases per week	National notifiable-disease surveillance; weekly provisional reports	direct_tabular	reported_provisional	https://id-info.jihs.go.jp/en/surveillance/idwr/rapid/2021/index.html	IDWR weekly surveillance table; weekly rows aggregate exactly to the frozen monthly model series	2026-07-27
JPN	Japan	2021-06-14	2021-06-14	2021-06-21	2021	6	24	7	weekly	reported_cases	Reported cases per week	National notifiable-disease surveillance; weekly provisional reports	direct_tabular	reported_provisional	https://id-info.jihs.go.jp/en/surveillance/idwr/rapid/2021/index.html	IDWR weekly surveillance table; weekly rows aggregate exactly to the frozen monthly model series	2026-07-27
JPN	Japan	2021-06-21	2021-06-21	2021-06-28	2021	6	25	12	weekly	reported_cases	Reported cases per week	National notifiable-disease surveillance; weekly provisional reports	direct_tabular	reported_provisional	https://id-info.jihs.go.jp/en/surveillance/idwr/rapid/2021/index.html	IDWR weekly surveillance table; weekly rows aggregate exactly to the frozen monthly model series	2026-07-27
JPN	Japan	2021-06-28	2021-06-28	2021-07-05	2021	6	26	20	weekly	reported_cases	Reported cases per week	National notifiable-disease surveillance; weekly provisional reports	direct_tabular	reported_provisional	https://id-info.jihs.go.jp/en/surveillance/idwr/rapid/2021/index.html	IDWR weekly surveillance table; weekly rows aggregate exactly to the frozen monthly model series	2026-07-27
JPN	Japan	2021-07-05	2021-07-05	2021-07-12	2021	7	27	17	weekly	reported_cases	Reported cases per week	National notifiable-disease surveillance; weekly provisional reports	direct_tabular	reported_provisional	https://id-info.jihs.go.jp/en/surveillance/idwr/rapid/2021/index.html	IDWR weekly surveillance table; weekly rows aggregate exactly to the frozen monthly model series	2026-07-27
JPN	Japan	2021-07-12	2021-07-12	2021-07-19	2021	7	28	8	weekly	reported_cases	Reported cases per week	National notifiable-disease surveillance; weekly provisional reports	direct_tabular	reported_provisional	https://id-info.jihs.go.jp/en/surveillance/idwr/rapid/2021/index.html	IDWR weekly surveillance table; weekly rows aggregate exactly to the frozen monthly model series	2026-07-27
JPN	Japan	2021-07-19	2021-07-19	2021-07-26	2021	7	29	5	weekly	reported_cases	Reported cases per week	National notifiable-disease surveillance; weekly provisional reports	direct_tabular	reported_provisional	https://id-info.jihs.go.jp/en/surveillance/idwr/rapid/2021/index.html	IDWR weekly surveillance table; weekly rows aggregate exactly to the frozen monthly model series	2026-07-27
JPN	Japan	2021-07-26	2021-07-26	2021-08-02	2021	7	30	6	weekly	reported_cases	Reported cases per week	National notifiable-disease surveillance; weekly provisional reports	direct_tabular	reported_provisional	https://id-info.jihs.go.jp/en/surveillance/idwr/rapid/2021/index.html	IDWR weekly surveillance table; weekly rows aggregate exactly to the frozen monthly model series	2026-07-27
JPN	Japan	2021-08-02	2021-08-02	2021-08-09	2021	8	31	6	weekly	reported_cases	Reported cases per week	National notifiable-disease surveillance; weekly provisional reports	direct_tabular	reported_provisional	https://id-info.jihs.go.jp/en/surveillance/idwr/rapid/2021/index.html	IDWR weekly surveillance table; weekly rows aggregate exactly to the frozen monthly model series	2026-07-27
JPN	Japan	2021-08-09	2021-08-09	2021-08-16	2021	8	32	5	weekly	reported_cases	Reported cases per week	National notifiable-disease surveillance; weekly provisional reports	direct_tabular	reported_provisional	https://id-info.jihs.go.jp/en/surveillance/idwr/rapid/2021/index.html	IDWR weekly surveillance table; weekly rows aggregate exactly to the frozen monthly model series	2026-07-27
JPN	Japan	2021-08-16	2021-08-16	2021-08-23	2021	8	33	7	weekly	reported_cases	Reported cases per week	National notifiable-disease surveillance; weekly provisional reports	direct_tabular	reported_provisional	https://id-info.jihs.go.jp/en/surveillance/idwr/rapid/2021/index.html	IDWR weekly surveillance table; weekly rows aggregate exactly to the frozen monthly model series	2026-07-27
JPN	Japan	2021-08-23	2021-08-23	2021-08-30	2021	8	34	9	weekly	reported_cases	Reported cases per week	National notifiable-disease surveillance; weekly provisional reports	direct_tabular	reported_provisional	https://id-info.jihs.go.jp/en/surveillance/idwr/rapid/2021/index.html	IDWR weekly surveillance table; weekly rows aggregate exactly to the frozen monthly model series	2026-07-27
JPN	Japan	2021-08-30	2021-08-30	2021-09-06	2021	8	35	4	weekly	reported_cases	Reported cases per week	National notifiable-disease surveillance; weekly provisional reports	direct_tabular	reported_provisional	https://id-info.jihs.go.jp/en/surveillance/idwr/rapid/2021/index.html	IDWR weekly surveillance table; weekly rows aggregate exactly to the frozen monthly model series	2026-07-27
JPN	Japan	2021-09-06	2021-09-06	2021-09-13	2021	9	36	9	weekly	reported_cases	Reported cases per week	National notifiable-disease surveillance; weekly provisional reports	direct_tabular	reported_provisional	https://id-info.jihs.go.jp/en/surveillance/idwr/rapid/2021/index.html	IDWR weekly surveillance table; weekly rows aggregate exactly to the frozen monthly model series	2026-07-27
JPN	Japan	2021-09-13	2021-09-13	2021-09-20	2021	9	37	15	weekly	reported_cases	Reported cases per week	National notifiable-disease surveillance; weekly provisional reports	direct_tabular	reported_provisional	https://id-info.jihs.go.jp/en/surveillance/idwr/rapid/2021/index.html	IDWR weekly surveillance table; weekly rows aggregate exactly to the frozen monthly model series	2026-07-27
JPN	Japan	2021-09-20	2021-09-20	2021-09-27	2021	9	38	8	weekly	reported_cases	Reported cases per week	National notifiable-disease surveillance; weekly provisional reports	direct_tabular	reported_provisional	https://id-info.jihs.go.jp/en/surveillance/idwr/rapid/2021/index.html	IDWR weekly surveillance table; weekly rows aggregate exactly to the frozen monthly model series	2026-07-27
JPN	Japan	2021-09-27	2021-09-27	2021-10-04	2021	9	39	7	weekly	reported_cases	Reported cases per week	National notifiable-disease surveillance; weekly provisional reports	direct_tabular	reported_provisional	https://id-info.jihs.go.jp/en/surveillance/idwr/rapid/2021/index.html	IDWR weekly surveillance table; weekly rows aggregate exactly to the frozen monthly model series	2026-07-27
JPN	Japan	2021-10-04	2021-10-04	2021-10-11	2021	10	40	9	weekly	reported_cases	Reported cases per week	National notifiable-disease surveillance; weekly provisional reports	direct_tabular	reported_provisional	https://id-info.jihs.go.jp/en/surveillance/idwr/rapid/2021/index.html	IDWR weekly surveillance table; weekly rows aggregate exactly to the frozen monthly model series	2026-07-27
JPN	Japan	2021-10-11	2021-10-11	2021-10-18	2021	10	41	21	weekly	reported_cases	Reported cases per week	National notifiable-disease surveillance; weekly provisional reports	direct_tabular	reported_provisional	https://id-info.jihs.go.jp/en/surveillance/idwr/rapid/2021/index.html	IDWR weekly surveillance table; weekly rows aggregate exactly to the frozen monthly model series	2026-07-27
JPN	Japan	2021-10-18	2021-10-18	2021-10-25	2021	10	42	10	weekly	reported_cases	Reported cases per week	National notifiable-disease surveillance; weekly provisional reports	direct_tabular	reported_provisional	https://id-info.jihs.go.jp/en/surveillance/idwr/rapid/2021/index.html	IDWR weekly surveillance table; weekly rows aggregate exactly to the frozen monthly model series	2026-07-27
JPN	Japan	2021-10-25	2021-10-25	2021-11-01	2021	10	43	13	weekly	reported_cases	Reported cases per week	National notifiable-disease surveillance; weekly provisional reports	direct_tabular	reported_provisional	https://id-info.jihs.go.jp/en/surveillance/idwr/rapid/2021/index.html	IDWR weekly surveillance table; weekly rows aggregate exactly to the frozen monthly model series	2026-07-27
JPN	Japan	2021-11-01	2021-11-01	2021-11-08	2021	11	44	19	weekly	reported_cases	Reported cases per week	National notifiable-disease surveillance; weekly provisional reports	direct_tabular	reported_provisional	https://id-info.jihs.go.jp/en/surveillance/idwr/rapid/2021/index.html	IDWR weekly surveillance table; weekly rows aggregate exactly to the frozen monthly model series	2026-07-27
JPN	Japan	2021-11-08	2021-11-08	2021-11-15	2021	11	45	13	weekly	reported_cases	Reported cases per week	National notifiable-disease surveillance; weekly provisional reports	direct_tabular	reported_provisional	https://id-info.jihs.go.jp/en/surveillance/idwr/rapid/2021/index.html	IDWR weekly surveillance table; weekly rows aggregate exactly to the frozen monthly model series	2026-07-27
JPN	Japan	2021-11-15	2021-11-15	2021-11-22	2021	11	46	18	weekly	reported_cases	Reported cases per week	National notifiable-disease surveillance; weekly provisional reports	direct_tabular	reported_provisional	https://id-info.jihs.go.jp/en/surveillance/idwr/rapid/2021/index.html	IDWR weekly surveillance table; weekly rows aggregate exactly to the frozen monthly model series	2026-07-27
JPN	Japan	2021-11-22	2021-11-22	2021-11-29	2021	11	47	24	weekly	reported_cases	Reported cases per week	National notifiable-disease surveillance; weekly provisional reports	direct_tabular	reported_provisional	https://id-info.jihs.go.jp/en/surveillance/idwr/rapid/2021/index.html	IDWR weekly surveillance table; weekly rows aggregate exactly to the frozen monthly model series	2026-07-27
JPN	Japan	2021-11-29	2021-11-29	2021-12-06	2021	11	48	25	weekly	reported_cases	Reported cases per week	National notifiable-disease surveillance; weekly provisional reports	direct_tabular	reported_provisional	https://id-info.jihs.go.jp/en/surveillance/idwr/rapid/2021/index.html	IDWR weekly surveillance table; weekly rows aggregate exactly to the frozen monthly model series	2026-07-27
JPN	Japan	2021-12-06	2021-12-06	2021-12-13	2021	12	49	26	weekly	reported_cases	Reported cases per week	National notifiable-disease surveillance; weekly provisional reports	direct_tabular	reported_provisional	https://id-info.jihs.go.jp/en/surveillance/idwr/rapid/2021/index.html	IDWR weekly surveillance table; weekly rows aggregate exactly to the frozen monthly model series	2026-07-27
JPN	Japan	2021-12-13	2021-12-13	2021-12-20	2021	12	50	21	weekly	reported_cases	Reported cases per week	National notifiable-disease surveillance; weekly provisional reports	direct_tabular	reported_provisional	https://id-info.jihs.go.jp/en/surveillance/idwr/rapid/2021/index.html	IDWR weekly surveillance table; weekly rows aggregate exactly to the frozen monthly model series	2026-07-27
JPN	Japan	2021-12-20	2021-12-20	2021-12-27	2021	12	51	26	weekly	reported_cases	Reported cases per week	National notifiable-disease surveillance; weekly provisional reports	direct_tabular	reported_provisional	https://id-info.jihs.go.jp/en/surveillance/idwr/rapid/2021/index.html	IDWR weekly surveillance table; weekly rows aggregate exactly to the frozen monthly model series	2026-07-27
JPN	Japan	2021-12-27	2021-12-27	2022-01-03	2021	12	52	19	weekly	reported_cases	Reported cases per week	National notifiable-disease surveillance; weekly provisional reports	direct_tabular	reported_provisional	https://id-info.jihs.go.jp/en/surveillance/idwr/rapid/2021/index.html	IDWR weekly surveillance table; weekly rows aggregate exactly to the frozen monthly model series	2026-07-27
JPN	Japan	2022-01-03	2022-01-03	2022-01-10	2022	1	1	14	weekly	reported_cases	Reported cases per week	National notifiable-disease surveillance; weekly provisional reports	direct_tabular	reported_provisional	https://id-info.jihs.go.jp/en/surveillance/idwr/rapid/2022/index.html	IDWR weekly surveillance table; weekly rows aggregate exactly to the frozen monthly model series	2026-07-27
JPN	Japan	2022-01-10	2022-01-10	2022-01-17	2022	1	2	5	weekly	reported_cases	Reported cases per week	National notifiable-disease surveillance; weekly provisional reports	direct_tabular	reported_provisional	https://id-info.jihs.go.jp/en/surveillance/idwr/rapid/2022/index.html	IDWR weekly surveillance table; weekly rows aggregate exactly to the frozen monthly model series	2026-07-27
JPN	Japan	2022-01-17	2022-01-17	2022-01-24	2022	1	3	10	weekly	reported_cases	Reported cases per week	National notifiable-disease surveillance; weekly provisional reports	direct_tabular	reported_provisional	https://id-info.jihs.go.jp/en/surveillance/idwr/rapid/2022/index.html	IDWR weekly surveillance table; weekly rows aggregate exactly to the frozen monthly model series	2026-07-27
JPN	Japan	2022-01-24	2022-01-24	2022-01-31	2022	1	4	7	weekly	reported_cases	Reported cases per week	National notifiable-disease surveillance; weekly provisional reports	direct_tabular	reported_provisional	https://id-info.jihs.go.jp/en/surveillance/idwr/rapid/2022/index.html	IDWR weekly surveillance table; weekly rows aggregate exactly to the frozen monthly model series	2026-07-27
JPN	Japan	2022-01-31	2022-01-31	2022-02-07	2022	1	5	4	weekly	reported_cases	Reported cases per week	National notifiable-disease surveillance; weekly provisional reports	direct_tabular	reported_provisional	https://id-info.jihs.go.jp/en/surveillance/idwr/rapid/2022/index.html	IDWR weekly surveillance table; weekly rows aggregate exactly to the frozen monthly model series	2026-07-27
JPN	Japan	2022-02-07	2022-02-07	2022-02-14	2022	2	6	4	weekly	reported_cases	Reported cases per week	National notifiable-disease surveillance; weekly provisional reports	direct_tabular	reported_provisional	https://id-info.jihs.go.jp/en/surveillance/idwr/rapid/2022/index.html	IDWR weekly surveillance table; weekly rows aggregate exactly to the frozen monthly model series	2026-07-27
JPN	Japan	2022-02-14	2022-02-14	2022-02-21	2022	2	7	8	weekly	reported_cases	Reported cases per week	National notifiable-disease surveillance; weekly provisional reports	direct_tabular	reported_provisional	https://id-info.jihs.go.jp/en/surveillance/idwr/rapid/2022/index.html	IDWR weekly surveillance table; weekly rows aggregate exactly to the frozen monthly model series	2026-07-27
JPN	Japan	2022-02-21	2022-02-21	2022-02-28	2022	2	8	10	weekly	reported_cases	Reported cases per week	National notifiable-disease surveillance; weekly provisional reports	direct_tabular	reported_provisional	https://id-info.jihs.go.jp/en/surveillance/idwr/rapid/2022/index.html	IDWR weekly surveillance table; weekly rows aggregate exactly to the frozen monthly model series	2026-07-27
JPN	Japan	2022-02-28	2022-02-28	2022-03-07	2022	2	9	13	weekly	reported_cases	Reported cases per week	National notifiable-disease surveillance; weekly provisional reports	direct_tabular	reported_provisional	https://id-info.jihs.go.jp/en/surveillance/idwr/rapid/2022/index.html	IDWR weekly surveillance table; weekly rows aggregate exactly to the frozen monthly model series	2026-07-27
JPN	Japan	2022-03-07	2022-03-07	2022-03-14	2022	3	10	4	weekly	reported_cases	Reported cases per week	National notifiable-disease surveillance; weekly provisional reports	direct_tabular	reported_provisional	https://id-info.jihs.go.jp/en/surveillance/idwr/rapid/2022/index.html	IDWR weekly surveillance table; weekly rows aggregate exactly to the frozen monthly model series	2026-07-27
JPN	Japan	2022-03-14	2022-03-14	2022-03-21	2022	3	11	6	weekly	reported_cases	Reported cases per week	National notifiable-disease surveillance; weekly provisional reports	direct_tabular	reported_provisional	https://id-info.jihs.go.jp/en/surveillance/idwr/rapid/2022/index.html	IDWR weekly surveillance table; weekly rows aggregate exactly to the frozen monthly model series	2026-07-27
JPN	Japan	2022-03-21	2022-03-21	2022-03-28	2022	3	12	8	weekly	reported_cases	Reported cases per week	National notifiable-disease surveillance; weekly provisional reports	direct_tabular	reported_provisional	https://id-info.jihs.go.jp/en/surveillance/idwr/rapid/2022/index.html	IDWR weekly surveillance table; weekly rows aggregate exactly to the frozen monthly model series	2026-07-27
JPN	Japan	2022-03-28	2022-03-28	2022-04-04	2022	3	13	7	weekly	reported_cases	Reported cases per week	National notifiable-disease surveillance; weekly provisional reports	direct_tabular	reported_provisional	https://id-info.jihs.go.jp/en/surveillance/idwr/rapid/2022/index.html	IDWR weekly surveillance table; weekly rows aggregate exactly to the frozen monthly model series	2026-07-27
JPN	Japan	2022-04-04	2022-04-04	2022-04-11	2022	4	14	5	weekly	reported_cases	Reported cases per week	National notifiable-disease surveillance; weekly provisional reports	direct_tabular	reported_provisional	https://id-info.jihs.go.jp/en/surveillance/idwr/rapid/2022/index.html	IDWR weekly surveillance table; weekly rows aggregate exactly to the frozen monthly model series	2026-07-27
JPN	Japan	2022-04-11	2022-04-11	2022-04-18	2022	4	15	4	weekly	reported_cases	Reported cases per week	National notifiable-disease surveillance; weekly provisional reports	direct_tabular	reported_provisional	https://id-info.jihs.go.jp/en/surveillance/idwr/rapid/2022/index.html	IDWR weekly surveillance table; weekly rows aggregate exactly to the frozen monthly model series	2026-07-27
JPN	Japan	2022-04-18	2022-04-18	2022-04-25	2022	4	16	1	weekly	reported_cases	Reported cases per week	National notifiable-disease surveillance; weekly provisional reports	direct_tabular	reported_provisional	https://id-info.jihs.go.jp/en/surveillance/idwr/rapid/2022/index.html	IDWR weekly surveillance table; weekly rows aggregate exactly to the frozen monthly model series	2026-07-27
JPN	Japan	2022-04-25	2022-04-25	2022-05-02	2022	4	17	6	weekly	reported_cases	Reported cases per week	National notifiable-disease surveillance; weekly provisional reports	direct_tabular	reported_provisional	https://id-info.jihs.go.jp/en/surveillance/idwr/rapid/2022/index.html	IDWR weekly surveillance table; weekly rows aggregate exactly to the frozen monthly model series	2026-07-27
JPN	Japan	2022-05-02	2022-05-02	2022-05-09	2022	5	18	4	weekly	reported_cases	Reported cases per week	National notifiable-disease surveillance; weekly provisional reports	direct_tabular	reported_provisional	https://id-info.jihs.go.jp/en/surveillance/idwr/rapid/2022/index.html	IDWR weekly surveillance table; weekly rows aggregate exactly to the frozen monthly model series	2026-07-27
JPN	Japan	2022-05-09	2022-05-09	2022-05-16	2022	5	19	8	weekly	reported_cases	Reported cases per week	National notifiable-disease surveillance; weekly provisional reports	direct_tabular	reported_provisional	https://id-info.jihs.go.jp/en/surveillance/idwr/rapid/2022/index.html	IDWR weekly surveillance table; weekly rows aggregate exactly to the frozen monthly model series	2026-07-27
JPN	Japan	2022-05-16	2022-05-16	2022-05-23	2022	5	20	7	weekly	reported_cases	Reported cases per week	National notifiable-disease surveillance; weekly provisional reports	direct_tabular	reported_provisional	https://id-info.jihs.go.jp/en/surveillance/idwr/rapid/2022/index.html	IDWR weekly surveillance table; weekly rows aggregate exactly to the frozen monthly model series	2026-07-27
JPN	Japan	2022-05-23	2022-05-23	2022-05-30	2022	5	21	7	weekly	reported_cases	Reported cases per week	National notifiable-disease surveillance; weekly provisional reports	direct_tabular	reported_provisional	https://id-info.jihs.go.jp/en/surveillance/idwr/rapid/2022/index.html	IDWR weekly surveillance table; weekly rows aggregate exactly to the frozen monthly model series	2026-07-27
JPN	Japan	2022-05-30	2022-05-30	2022-06-06	2022	5	22	5	weekly	reported_cases	Reported cases per week	National notifiable-disease surveillance; weekly provisional reports	direct_tabular	reported_provisional	https://id-info.jihs.go.jp/en/surveillance/idwr/rapid/2022/index.html	IDWR weekly surveillance table; weekly rows aggregate exactly to the frozen monthly model series	2026-07-27
JPN	Japan	2022-06-06	2022-06-06	2022-06-13	2022	6	23	4	weekly	reported_cases	Reported cases per week	National notifiable-disease surveillance; weekly provisional reports	direct_tabular	reported_provisional	https://id-info.jihs.go.jp/en/surveillance/idwr/rapid/2022/index.html	IDWR weekly surveillance table; weekly rows aggregate exactly to the frozen monthly model series	2026-07-27
JPN	Japan	2022-06-13	2022-06-13	2022-06-20	2022	6	24	11	weekly	reported_cases	Reported cases per week	National notifiable-disease surveillance; weekly provisional reports	direct_tabular	reported_provisional	https://id-info.jihs.go.jp/en/surveillance/idwr/rapid/2022/index.html	IDWR weekly surveillance table; weekly rows aggregate exactly to the frozen monthly model series	2026-07-27
JPN	Japan	2022-06-20	2022-06-20	2022-06-27	2022	6	25	8	weekly	reported_cases	Reported cases per week	National notifiable-disease surveillance; weekly provisional reports	direct_tabular	reported_provisional	https://id-info.jihs.go.jp/en/surveillance/idwr/rapid/2022/index.html	IDWR weekly surveillance table; weekly rows aggregate exactly to the frozen monthly model series	2026-07-27
JPN	Japan	2022-06-27	2022-06-27	2022-07-04	2022	6	26	6	weekly	reported_cases	Reported cases per week	National notifiable-disease surveillance; weekly provisional reports	direct_tabular	reported_provisional	https://id-info.jihs.go.jp/en/surveillance/idwr/rapid/2022/index.html	IDWR weekly surveillance table; weekly rows aggregate exactly to the frozen monthly model series	2026-07-27
JPN	Japan	2022-07-04	2022-07-04	2022-07-11	2022	7	27	6	weekly	reported_cases	Reported cases per week	National notifiable-disease surveillance; weekly provisional reports	direct_tabular	reported_provisional	https://id-info.jihs.go.jp/en/surveillance/idwr/rapid/2022/index.html	IDWR weekly surveillance table; weekly rows aggregate exactly to the frozen monthly model series	2026-07-27
JPN	Japan	2022-07-11	2022-07-11	2022-07-18	2022	7	28	3	weekly	reported_cases	Reported cases per week	National notifiable-disease surveillance; weekly provisional reports	direct_tabular	reported_provisional	https://id-info.jihs.go.jp/en/surveillance/idwr/rapid/2022/index.html	IDWR weekly surveillance table; weekly rows aggregate exactly to the frozen monthly model series	2026-07-27
JPN	Japan	2022-07-18	2022-07-18	2022-07-25	2022	7	29	1	weekly	reported_cases	Reported cases per week	National notifiable-disease surveillance; weekly provisional reports	direct_tabular	reported_provisional	https://id-info.jihs.go.jp/en/surveillance/idwr/rapid/2022/index.html	IDWR weekly surveillance table; weekly rows aggregate exactly to the frozen monthly model series	2026-07-27
JPN	Japan	2022-07-25	2022-07-25	2022-08-01	2022	7	30	4	weekly	reported_cases	Reported cases per week	National notifiable-disease surveillance; weekly provisional reports	direct_tabular	reported_provisional	https://id-info.jihs.go.jp/en/surveillance/idwr/rapid/2022/index.html	IDWR weekly surveillance table; weekly rows aggregate exactly to the frozen monthly model series	2026-07-27
JPN	Japan	2022-08-01	2022-08-01	2022-08-08	2022	8	31	4	weekly	reported_cases	Reported cases per week	National notifiable-disease surveillance; weekly provisional reports	direct_tabular	reported_provisional	https://id-info.jihs.go.jp/en/surveillance/idwr/rapid/2022/index.html	IDWR weekly surveillance table; weekly rows aggregate exactly to the frozen monthly model series	2026-07-27
JPN	Japan	2022-08-08	2022-08-08	2022-08-15	2022	8	32	5	weekly	reported_cases	Reported cases per week	National notifiable-disease surveillance; weekly provisional reports	direct_tabular	reported_provisional	https://id-info.jihs.go.jp/en/surveillance/idwr/rapid/2022/index.html	IDWR weekly surveillance table; weekly rows aggregate exactly to the frozen monthly model series	2026-07-27
JPN	Japan	2022-08-15	2022-08-15	2022-08-22	2022	8	33	1	weekly	reported_cases	Reported cases per week	National notifiable-disease surveillance; weekly provisional reports	direct_tabular	reported_provisional	https://id-info.jihs.go.jp/en/surveillance/idwr/rapid/2022/index.html	IDWR weekly surveillance table; weekly rows aggregate exactly to the frozen monthly model series	2026-07-27
JPN	Japan	2022-08-22	2022-08-22	2022-08-29	2022	8	34	2	weekly	reported_cases	Reported cases per week	National notifiable-disease surveillance; weekly provisional reports	direct_tabular	reported_provisional	https://id-info.jihs.go.jp/en/surveillance/idwr/rapid/2022/index.html	IDWR weekly surveillance table; weekly rows aggregate exactly to the frozen monthly model series	2026-07-27
JPN	Japan	2022-08-29	2022-08-29	2022-09-05	2022	8	35	8	weekly	reported_cases	Reported cases per week	National notifiable-disease surveillance; weekly provisional reports	direct_tabular	reported_provisional	https://id-info.jihs.go.jp/en/surveillance/idwr/rapid/2022/index.html	IDWR weekly surveillance table; weekly rows aggregate exactly to the frozen monthly model series	2026-07-27
JPN	Japan	2022-09-05	2022-09-05	2022-09-12	2022	9	36	13	weekly	reported_cases	Reported cases per week	National notifiable-disease surveillance; weekly provisional reports	direct_tabular	reported_provisional	https://id-info.jihs.go.jp/en/surveillance/idwr/rapid/2022/index.html	IDWR weekly surveillance table; weekly rows aggregate exactly to the frozen monthly model series	2026-07-27
JPN	Japan	2022-09-12	2022-09-12	2022-09-19	2022	9	37	6	weekly	reported_cases	Reported cases per week	National notifiable-disease surveillance; weekly provisional reports	direct_tabular	reported_provisional	https://id-info.jihs.go.jp/en/surveillance/idwr/rapid/2022/index.html	IDWR weekly surveillance table; weekly rows aggregate exactly to the frozen monthly model series	2026-07-27
JPN	Japan	2022-09-19	2022-09-19	2022-09-26	2022	9	38	5	weekly	reported_cases	Reported cases per week	National notifiable-disease surveillance; weekly provisional reports	direct_tabular	reported_provisional	https://id-info.jihs.go.jp/en/surveillance/idwr/rapid/2022/index.html	IDWR weekly surveillance table; weekly rows aggregate exactly to the frozen monthly model series	2026-07-27
JPN	Japan	2022-09-26	2022-09-26	2022-10-03	2022	9	39	6	weekly	reported_cases	Reported cases per week	National notifiable-disease surveillance; weekly provisional reports	direct_tabular	reported_provisional	https://id-info.jihs.go.jp/en/surveillance/idwr/rapid/2022/index.html	IDWR weekly surveillance table; weekly rows aggregate exactly to the frozen monthly model series	2026-07-27
JPN	Japan	2022-10-03	2022-10-03	2022-10-10	2022	10	40	2	weekly	reported_cases	Reported cases per week	National notifiable-disease surveillance; weekly provisional reports	direct_tabular	reported_provisional	https://id-info.jihs.go.jp/en/surveillance/idwr/rapid/2022/index.html	IDWR weekly surveillance table; weekly rows aggregate exactly to the frozen monthly model series	2026-07-27
JPN	Japan	2022-10-10	2022-10-10	2022-10-17	2022	10	41	5	weekly	reported_cases	Reported cases per week	National notifiable-disease surveillance; weekly provisional reports	direct_tabular	reported_provisional	https://id-info.jihs.go.jp/en/surveillance/idwr/rapid/2022/index.html	IDWR weekly surveillance table; weekly rows aggregate exactly to the frozen monthly model series	2026-07-27
JPN	Japan	2022-10-17	2022-10-17	2022-10-24	2022	10	42	14	weekly	reported_cases	Reported cases per week	National notifiable-disease surveillance; weekly provisional reports	direct_tabular	reported_provisional	https://id-info.jihs.go.jp/en/surveillance/idwr/rapid/2022/index.html	IDWR weekly surveillance table; weekly rows aggregate exactly to the frozen monthly model series	2026-07-27
JPN	Japan	2022-10-24	2022-10-24	2022-10-31	2022	10	43	9	weekly	reported_cases	Reported cases per week	National notifiable-disease surveillance; weekly provisional reports	direct_tabular	reported_provisional	https://id-info.jihs.go.jp/en/surveillance/idwr/rapid/2022/index.html	IDWR weekly surveillance table; weekly rows aggregate exactly to the frozen monthly model series	2026-07-27
JPN	Japan	2022-10-31	2022-10-31	2022-11-07	2022	10	44	6	weekly	reported_cases	Reported cases per week	National notifiable-disease surveillance; weekly provisional reports	direct_tabular	reported_provisional	https://id-info.jihs.go.jp/en/surveillance/idwr/rapid/2022/index.html	IDWR weekly surveillance table; weekly rows aggregate exactly to the frozen monthly model series	2026-07-27
JPN	Japan	2022-11-07	2022-11-07	2022-11-14	2022	11	45	8	weekly	reported_cases	Reported cases per week	National notifiable-disease surveillance; weekly provisional reports	direct_tabular	reported_provisional	https://id-info.jihs.go.jp/en/surveillance/idwr/rapid/2022/index.html	IDWR weekly surveillance table; weekly rows aggregate exactly to the frozen monthly model series	2026-07-27
JPN	Japan	2022-11-14	2022-11-14	2022-11-21	2022	11	46	12	weekly	reported_cases	Reported cases per week	National notifiable-disease surveillance; weekly provisional reports	direct_tabular	reported_provisional	https://id-info.jihs.go.jp/en/surveillance/idwr/rapid/2022/index.html	IDWR weekly surveillance table; weekly rows aggregate exactly to the frozen monthly model series	2026-07-27
JPN	Japan	2022-11-21	2022-11-21	2022-11-28	2022	11	47	18	weekly	reported_cases	Reported cases per week	National notifiable-disease surveillance; weekly provisional reports	direct_tabular	reported_provisional	https://id-info.jihs.go.jp/en/surveillance/idwr/rapid/2022/index.html	IDWR weekly surveillance table; weekly rows aggregate exactly to the frozen monthly model series	2026-07-27
JPN	Japan	2022-11-28	2022-11-28	2022-12-05	2022	11	48	15	weekly	reported_cases	Reported cases per week	National notifiable-disease surveillance; weekly provisional reports	direct_tabular	reported_provisional	https://id-info.jihs.go.jp/en/surveillance/idwr/rapid/2022/index.html	IDWR weekly surveillance table; weekly rows aggregate exactly to the frozen monthly model series	2026-07-27
JPN	Japan	2022-12-05	2022-12-05	2022-12-12	2022	12	49	7	weekly	reported_cases	Reported cases per week	National notifiable-disease surveillance; weekly provisional reports	direct_tabular	reported_provisional	https://id-info.jihs.go.jp/en/surveillance/idwr/rapid/2022/index.html	IDWR weekly surveillance table; weekly rows aggregate exactly to the frozen monthly model series	2026-07-27
JPN	Japan	2022-12-12	2022-12-12	2022-12-19	2022	12	50	8	weekly	reported_cases	Reported cases per week	National notifiable-disease surveillance; weekly provisional reports	direct_tabular	reported_provisional	https://id-info.jihs.go.jp/en/surveillance/idwr/rapid/2022/index.html	IDWR weekly surveillance table; weekly rows aggregate exactly to the frozen monthly model series	2026-07-27
JPN	Japan	2022-12-19	2022-12-19	2022-12-26	2022	12	51	4	weekly	reported_cases	Reported cases per week	National notifiable-disease surveillance; weekly provisional reports	direct_tabular	reported_provisional	https://id-info.jihs.go.jp/en/surveillance/idwr/rapid/2022/index.html	IDWR weekly surveillance table; weekly rows aggregate exactly to the frozen monthly model series	2026-07-27
JPN	Japan	2022-12-26	2022-12-26	2023-01-02	2022	12	52	3	weekly	reported_cases	Reported cases per week	National notifiable-disease surveillance; weekly provisional reports	direct_tabular	reported_provisional	https://id-info.jihs.go.jp/en/surveillance/idwr/rapid/2022/index.html	IDWR weekly surveillance table; weekly rows aggregate exactly to the frozen monthly model series	2026-07-27
JPN	Japan	2023-01-02	2023-01-02	2023-01-09	2023	1	1	3	weekly	reported_cases	Reported cases per week	National notifiable-disease surveillance; weekly provisional reports	direct_tabular	reported_provisional	https://id-info.jihs.go.jp/en/surveillance/idwr/rapid/2023/index.html	IDWR weekly surveillance table; weekly rows aggregate exactly to the frozen monthly model series	2026-07-27
JPN	Japan	2023-01-09	2023-01-09	2023-01-16	2023	1	2	8	weekly	reported_cases	Reported cases per week	National notifiable-disease surveillance; weekly provisional reports	direct_tabular	reported_provisional	https://id-info.jihs.go.jp/en/surveillance/idwr/rapid/2023/index.html	IDWR weekly surveillance table; weekly rows aggregate exactly to the frozen monthly model series	2026-07-27
JPN	Japan	2023-01-16	2023-01-16	2023-01-23	2023	1	3	6	weekly	reported_cases	Reported cases per week	National notifiable-disease surveillance; weekly provisional reports	direct_tabular	reported_provisional	https://id-info.jihs.go.jp/en/surveillance/idwr/rapid/2023/index.html	IDWR weekly surveillance table; weekly rows aggregate exactly to the frozen monthly model series	2026-07-27
JPN	Japan	2023-01-23	2023-01-23	2023-01-30	2023	1	4	9	weekly	reported_cases	Reported cases per week	National notifiable-disease surveillance; weekly provisional reports	direct_tabular	reported_provisional	https://id-info.jihs.go.jp/en/surveillance/idwr/rapid/2023/index.html	IDWR weekly surveillance table; weekly rows aggregate exactly to the frozen monthly model series	2026-07-27
JPN	Japan	2023-01-30	2023-01-30	2023-02-06	2023	1	5	9	weekly	reported_cases	Reported cases per week	National notifiable-disease surveillance; weekly provisional reports	direct_tabular	reported_provisional	https://id-info.jihs.go.jp/en/surveillance/idwr/rapid/2023/index.html	IDWR weekly surveillance table; weekly rows aggregate exactly to the frozen monthly model series	2026-07-27
JPN	Japan	2023-02-06	2023-02-06	2023-02-13	2023	2	6	12	weekly	reported_cases	Reported cases per week	National notifiable-disease surveillance; weekly provisional reports	direct_tabular	reported_provisional	https://id-info.jihs.go.jp/en/surveillance/idwr/rapid/2023/index.html	IDWR weekly surveillance table; weekly rows aggregate exactly to the frozen monthly model series	2026-07-27
JPN	Japan	2023-02-13	2023-02-13	2023-02-20	2023	2	7	11	weekly	reported_cases	Reported cases per week	National notifiable-disease surveillance; weekly provisional reports	direct_tabular	reported_provisional	https://id-info.jihs.go.jp/en/surveillance/idwr/rapid/2023/index.html	IDWR weekly surveillance table; weekly rows aggregate exactly to the frozen monthly model series	2026-07-27
JPN	Japan	2023-02-20	2023-02-20	2023-02-27	2023	2	8	11	weekly	reported_cases	Reported cases per week	National notifiable-disease surveillance; weekly provisional reports	direct_tabular	reported_provisional	https://id-info.jihs.go.jp/en/surveillance/idwr/rapid/2023/index.html	IDWR weekly surveillance table; weekly rows aggregate exactly to the frozen monthly model series	2026-07-27
JPN	Japan	2023-02-27	2023-02-27	2023-03-06	2023	2	9	9	weekly	reported_cases	Reported cases per week	National notifiable-disease surveillance; weekly provisional reports	direct_tabular	reported_provisional	https://id-info.jihs.go.jp/en/surveillance/idwr/rapid/2023/index.html	IDWR weekly surveillance table; weekly rows aggregate exactly to the frozen monthly model series	2026-07-27
JPN	Japan	2023-03-06	2023-03-06	2023-03-13	2023	3	10	4	weekly	reported_cases	Reported cases per week	National notifiable-disease surveillance; weekly provisional reports	direct_tabular	reported_provisional	https://id-info.jihs.go.jp/en/surveillance/idwr/rapid/2023/index.html	IDWR weekly surveillance table; weekly rows aggregate exactly to the frozen monthly model series	2026-07-27
JPN	Japan	2023-03-13	2023-03-13	2023-03-20	2023	3	11	8	weekly	reported_cases	Reported cases per week	National notifiable-disease surveillance; weekly provisional reports	direct_tabular	reported_provisional	https://id-info.jihs.go.jp/en/surveillance/idwr/rapid/2023/index.html	IDWR weekly surveillance table; weekly rows aggregate exactly to the frozen monthly model series	2026-07-27
JPN	Japan	2023-03-20	2023-03-20	2023-03-27	2023	3	12	4	weekly	reported_cases	Reported cases per week	National notifiable-disease surveillance; weekly provisional reports	direct_tabular	reported_provisional	https://id-info.jihs.go.jp/en/surveillance/idwr/rapid/2023/index.html	IDWR weekly surveillance table; weekly rows aggregate exactly to the frozen monthly model series	2026-07-27
JPN	Japan	2023-03-27	2023-03-27	2023-04-03	2023	3	13	18	weekly	reported_cases	Reported cases per week	National notifiable-disease surveillance; weekly provisional reports	direct_tabular	reported_provisional	https://id-info.jihs.go.jp/en/surveillance/idwr/rapid/2023/index.html	IDWR weekly surveillance table; weekly rows aggregate exactly to the frozen monthly model series	2026-07-27
JPN	Japan	2023-04-03	2023-04-03	2023-04-10	2023	4	14	15	weekly	reported_cases	Reported cases per week	National notifiable-disease surveillance; weekly provisional reports	direct_tabular	reported_provisional	https://id-info.jihs.go.jp/en/surveillance/idwr/rapid/2023/index.html	IDWR weekly surveillance table; weekly rows aggregate exactly to the frozen monthly model series	2026-07-27
JPN	Japan	2023-04-10	2023-04-10	2023-04-17	2023	4	15	8	weekly	reported_cases	Reported cases per week	National notifiable-disease surveillance; weekly provisional reports	direct_tabular	reported_provisional	https://id-info.jihs.go.jp/en/surveillance/idwr/rapid/2023/index.html	IDWR weekly surveillance table; weekly rows aggregate exactly to the frozen monthly model series	2026-07-27
JPN	Japan	2023-04-17	2023-04-17	2023-04-24	2023	4	16	7	weekly	reported_cases	Reported cases per week	National notifiable-disease surveillance; weekly provisional reports	direct_tabular	reported_provisional	https://id-info.jihs.go.jp/en/surveillance/idwr/rapid/2023/index.html	IDWR weekly surveillance table; weekly rows aggregate exactly to the frozen monthly model series	2026-07-27
JPN	Japan	2023-04-24	2023-04-24	2023-05-01	2023	4	17	16	weekly	reported_cases	Reported cases per week	National notifiable-disease surveillance; weekly provisional reports	direct_tabular	reported_provisional	https://id-info.jihs.go.jp/en/surveillance/idwr/rapid/2023/index.html	IDWR weekly surveillance table; weekly rows aggregate exactly to the frozen monthly model series	2026-07-27
JPN	Japan	2023-05-01	2023-05-01	2023-05-08	2023	5	18	6	weekly	reported_cases	Reported cases per week	National notifiable-disease surveillance; weekly provisional reports	direct_tabular	reported_provisional	https://id-info.jihs.go.jp/en/surveillance/idwr/rapid/2023/index.html	IDWR weekly surveillance table; weekly rows aggregate exactly to the frozen monthly model series	2026-07-27
JPN	Japan	2023-05-08	2023-05-08	2023-05-15	2023	5	19	14	weekly	reported_cases	Reported cases per week	National notifiable-disease surveillance; weekly provisional reports	direct_tabular	reported_provisional	https://id-info.jihs.go.jp/en/surveillance/idwr/rapid/2023/index.html	IDWR weekly surveillance table; weekly rows aggregate exactly to the frozen monthly model series	2026-07-27
JPN	Japan	2023-05-15	2023-05-15	2023-05-22	2023	5	20	22	weekly	reported_cases	Reported cases per week	National notifiable-disease surveillance; weekly provisional reports	direct_tabular	reported_provisional	https://id-info.jihs.go.jp/en/surveillance/idwr/rapid/2023/index.html	IDWR weekly surveillance table; weekly rows aggregate exactly to the frozen monthly model series	2026-07-27
JPN	Japan	2023-05-22	2023-05-22	2023-05-29	2023	5	21	23	weekly	reported_cases	Reported cases per week	National notifiable-disease surveillance; weekly provisional reports	direct_tabular	reported_provisional	https://id-info.jihs.go.jp/en/surveillance/idwr/rapid/2023/index.html	IDWR weekly surveillance table; weekly rows aggregate exactly to the frozen monthly model series	2026-07-27
JPN	Japan	2023-05-29	2023-05-29	2023-06-05	2023	5	22	20	weekly	reported_cases	Reported cases per week	National notifiable-disease surveillance; weekly provisional reports	direct_tabular	reported_provisional	https://id-info.jihs.go.jp/en/surveillance/idwr/rapid/2023/index.html	IDWR weekly surveillance table; weekly rows aggregate exactly to the frozen monthly model series	2026-07-27
JPN	Japan	2023-06-05	2023-06-05	2023-06-12	2023	6	23	17	weekly	reported_cases	Reported cases per week	National notifiable-disease surveillance; weekly provisional reports	direct_tabular	reported_provisional	https://id-info.jihs.go.jp/en/surveillance/idwr/rapid/2023/index.html	IDWR weekly surveillance table; weekly rows aggregate exactly to the frozen monthly model series	2026-07-27
JPN	Japan	2023-06-12	2023-06-12	2023-06-19	2023	6	24	24	weekly	reported_cases	Reported cases per week	National notifiable-disease surveillance; weekly provisional reports	direct_tabular	reported_provisional	https://id-info.jihs.go.jp/en/surveillance/idwr/rapid/2023/index.html	IDWR weekly surveillance table; weekly rows aggregate exactly to the frozen monthly model series	2026-07-27
JPN	Japan	2023-06-19	2023-06-19	2023-06-26	2023	6	25	30	weekly	reported_cases	Reported cases per week	National notifiable-disease surveillance; weekly provisional reports	direct_tabular	reported_provisional	https://id-info.jihs.go.jp/en/surveillance/idwr/rapid/2023/index.html	IDWR weekly surveillance table; weekly rows aggregate exactly to the frozen monthly model series	2026-07-27
JPN	Japan	2023-06-26	2023-06-26	2023-07-03	2023	6	26	13	weekly	reported_cases	Reported cases per week	National notifiable-disease surveillance; weekly provisional reports	direct_tabular	reported_provisional	https://id-info.jihs.go.jp/en/surveillance/idwr/rapid/2023/index.html	IDWR weekly surveillance table; weekly rows aggregate exactly to the frozen monthly model series	2026-07-27
JPN	Japan	2023-07-03	2023-07-03	2023-07-10	2023	7	27	21	weekly	reported_cases	Reported cases per week	National notifiable-disease surveillance; weekly provisional reports	direct_tabular	reported_provisional	https://id-info.jihs.go.jp/en/surveillance/idwr/rapid/2023/index.html	IDWR weekly surveillance table; weekly rows aggregate exactly to the frozen monthly model series	2026-07-27
JPN	Japan	2023-07-10	2023-07-10	2023-07-17	2023	7	28	26	weekly	reported_cases	Reported cases per week	National notifiable-disease surveillance; weekly provisional reports	direct_tabular	reported_provisional	https://id-info.jihs.go.jp/en/surveillance/idwr/rapid/2023/index.html	IDWR weekly surveillance table; weekly rows aggregate exactly to the frozen monthly model series	2026-07-27
JPN	Japan	2023-07-17	2023-07-17	2023-07-24	2023	7	29	27	weekly	reported_cases	Reported cases per week	National notifiable-disease surveillance; weekly provisional reports	direct_tabular	reported_provisional	https://id-info.jihs.go.jp/en/surveillance/idwr/rapid/2023/index.html	IDWR weekly surveillance table; weekly rows aggregate exactly to the frozen monthly model series	2026-07-27
JPN	Japan	2023-07-24	2023-07-24	2023-07-31	2023	7	30	24	weekly	reported_cases	Reported cases per week	National notifiable-disease surveillance; weekly provisional reports	direct_tabular	reported_provisional	https://id-info.jihs.go.jp/en/surveillance/idwr/rapid/2023/index.html	IDWR weekly surveillance table; weekly rows aggregate exactly to the frozen monthly model series	2026-07-27
JPN	Japan	2023-07-31	2023-07-31	2023-08-07	2023	7	31	18	weekly	reported_cases	Reported cases per week	National notifiable-disease surveillance; weekly provisional reports	direct_tabular	reported_provisional	https://id-info.jihs.go.jp/en/surveillance/idwr/rapid/2023/index.html	IDWR weekly surveillance table; weekly rows aggregate exactly to the frozen monthly model series	2026-07-27
JPN	Japan	2023-08-07	2023-08-07	2023-08-14	2023	8	32	12	weekly	reported_cases	Reported cases per week	National notifiable-disease surveillance; weekly provisional reports	direct_tabular	reported_provisional	https://id-info.jihs.go.jp/en/surveillance/idwr/rapid/2023/index.html	IDWR weekly surveillance table; weekly rows aggregate exactly to the frozen monthly model series	2026-07-27
JPN	Japan	2023-08-14	2023-08-14	2023-08-21	2023	8	33	14	weekly	reported_cases	Reported cases per week	National notifiable-disease surveillance; weekly provisional reports	direct_tabular	reported_provisional	https://id-info.jihs.go.jp/en/surveillance/idwr/rapid/2023/index.html	IDWR weekly surveillance table; weekly rows aggregate exactly to the frozen monthly model series	2026-07-27
JPN	Japan	2023-08-21	2023-08-21	2023-08-28	2023	8	34	18	weekly	reported_cases	Reported cases per week	National notifiable-disease surveillance; weekly provisional reports	direct_tabular	reported_provisional	https://id-info.jihs.go.jp/en/surveillance/idwr/rapid/2023/index.html	IDWR weekly surveillance table; weekly rows aggregate exactly to the frozen monthly model series	2026-07-27
JPN	Japan	2023-08-28	2023-08-28	2023-09-04	2023	8	35	11	weekly	reported_cases	Reported cases per week	National notifiable-disease surveillance; weekly provisional reports	direct_tabular	reported_provisional	https://id-info.jihs.go.jp/en/surveillance/idwr/rapid/2023/index.html	IDWR weekly surveillance table; weekly rows aggregate exactly to the frozen monthly model series	2026-07-27
JPN	Japan	2023-09-04	2023-09-04	2023-09-11	2023	9	36	10	weekly	reported_cases	Reported cases per week	National notifiable-disease surveillance; weekly provisional reports	direct_tabular	reported_provisional	https://id-info.jihs.go.jp/en/surveillance/idwr/rapid/2023/index.html	IDWR weekly surveillance table; weekly rows aggregate exactly to the frozen monthly model series	2026-07-27
JPN	Japan	2023-09-11	2023-09-11	2023-09-18	2023	9	37	18	weekly	reported_cases	Reported cases per week	National notifiable-disease surveillance; weekly provisional reports	direct_tabular	reported_provisional	https://id-info.jihs.go.jp/en/surveillance/idwr/rapid/2023/index.html	IDWR weekly surveillance table; weekly rows aggregate exactly to the frozen monthly model series	2026-07-27
JPN	Japan	2023-09-18	2023-09-18	2023-09-25	2023	9	38	8	weekly	reported_cases	Reported cases per week	National notifiable-disease surveillance; weekly provisional reports	direct_tabular	reported_provisional	https://id-info.jihs.go.jp/en/surveillance/idwr/rapid/2023/index.html	IDWR weekly surveillance table; weekly rows aggregate exactly to the frozen monthly model series	2026-07-27
JPN	Japan	2023-09-25	2023-09-25	2023-10-02	2023	9	39	14	weekly	reported_cases	Reported cases per week	National notifiable-disease surveillance; weekly provisional reports	direct_tabular	reported_provisional	https://id-info.jihs.go.jp/en/surveillance/idwr/rapid/2023/index.html	IDWR weekly surveillance table; weekly rows aggregate exactly to the frozen monthly model series	2026-07-27
JPN	Japan	2023-10-02	2023-10-02	2023-10-09	2023	10	40	26	weekly	reported_cases	Reported cases per week	National notifiable-disease surveillance; weekly provisional reports	direct_tabular	reported_provisional	https://id-info.jihs.go.jp/en/surveillance/idwr/rapid/2023/index.html	IDWR weekly surveillance table; weekly rows aggregate exactly to the frozen monthly model series	2026-07-27
JPN	Japan	2023-10-09	2023-10-09	2023-10-16	2023	10	41	20	weekly	reported_cases	Reported cases per week	National notifiable-disease surveillance; weekly provisional reports	direct_tabular	reported_provisional	https://id-info.jihs.go.jp/en/surveillance/idwr/rapid/2023/index.html	IDWR weekly surveillance table; weekly rows aggregate exactly to the frozen monthly model series	2026-07-27
JPN	Japan	2023-10-16	2023-10-16	2023-10-23	2023	10	42	30	weekly	reported_cases	Reported cases per week	National notifiable-disease surveillance; weekly provisional reports	direct_tabular	reported_provisional	https://id-info.jihs.go.jp/en/surveillance/idwr/rapid/2023/index.html	IDWR weekly surveillance table; weekly rows aggregate exactly to the frozen monthly model series	2026-07-27
JPN	Japan	2023-10-23	2023-10-23	2023-10-30	2023	10	43	15	weekly	reported_cases	Reported cases per week	National notifiable-disease surveillance; weekly provisional reports	direct_tabular	reported_provisional	https://id-info.jihs.go.jp/en/surveillance/idwr/rapid/2023/index.html	IDWR weekly surveillance table; weekly rows aggregate exactly to the frozen monthly model series	2026-07-27
JPN	Japan	2023-10-30	2023-10-30	2023-11-06	2023	10	44	19	weekly	reported_cases	Reported cases per week	National notifiable-disease surveillance; weekly provisional reports	direct_tabular	reported_provisional	https://id-info.jihs.go.jp/en/surveillance/idwr/rapid/2023/index.html	IDWR weekly surveillance table; weekly rows aggregate exactly to the frozen monthly model series	2026-07-27
JPN	Japan	2023-11-06	2023-11-06	2023-11-13	2023	11	45	22	weekly	reported_cases	Reported cases per week	National notifiable-disease surveillance; weekly provisional reports	direct_tabular	reported_provisional	https://id-info.jihs.go.jp/en/surveillance/idwr/rapid/2023/index.html	IDWR weekly surveillance table; weekly rows aggregate exactly to the frozen monthly model series	2026-07-27
JPN	Japan	2023-11-13	2023-11-13	2023-11-20	2023	11	46	27	weekly	reported_cases	Reported cases per week	National notifiable-disease surveillance; weekly provisional reports	direct_tabular	reported_provisional	https://id-info.jihs.go.jp/en/surveillance/idwr/rapid/2023/index.html	IDWR weekly surveillance table; weekly rows aggregate exactly to the frozen monthly model series	2026-07-27
JPN	Japan	2023-11-20	2023-11-20	2023-11-27	2023	11	47	9	weekly	reported_cases	Reported cases per week	National notifiable-disease surveillance; weekly provisional reports	direct_tabular	reported_provisional	https://id-info.jihs.go.jp/en/surveillance/idwr/rapid/2023/index.html	IDWR weekly surveillance table; weekly rows aggregate exactly to the frozen monthly model series	2026-07-27
JPN	Japan	2023-11-27	2023-11-27	2023-12-04	2023	11	48	22	weekly	reported_cases	Reported cases per week	National notifiable-disease surveillance; weekly provisional reports	direct_tabular	reported_provisional	https://id-info.jihs.go.jp/en/surveillance/idwr/rapid/2023/index.html	IDWR weekly surveillance table; weekly rows aggregate exactly to the frozen monthly model series	2026-07-27
JPN	Japan	2023-12-04	2023-12-04	2023-12-11	2023	12	49	29	weekly	reported_cases	Reported cases per week	National notifiable-disease surveillance; weekly provisional reports	direct_tabular	reported_provisional	https://id-info.jihs.go.jp/en/surveillance/idwr/rapid/2023/index.html	IDWR weekly surveillance table; weekly rows aggregate exactly to the frozen monthly model series	2026-07-27
JPN	Japan	2023-12-11	2023-12-11	2023-12-18	2023	12	50	19	weekly	reported_cases	Reported cases per week	National notifiable-disease surveillance; weekly provisional reports	direct_tabular	reported_provisional	https://id-info.jihs.go.jp/en/surveillance/idwr/rapid/2023/index.html	IDWR weekly surveillance table; weekly rows aggregate exactly to the frozen monthly model series	2026-07-27
JPN	Japan	2023-12-18	2023-12-18	2023-12-25	2023	12	51	20	weekly	reported_cases	Reported cases per week	National notifiable-disease surveillance; weekly provisional reports	direct_tabular	reported_provisional	https://id-info.jihs.go.jp/en/surveillance/idwr/rapid/2023/index.html	IDWR weekly surveillance table; weekly rows aggregate exactly to the frozen monthly model series	2026-07-27
JPN	Japan	2023-12-25	2023-12-25	2024-01-01	2023	12	52	9	weekly	reported_cases	Reported cases per week	National notifiable-disease surveillance; weekly provisional reports	direct_tabular	reported_provisional	https://id-info.jihs.go.jp/en/surveillance/idwr/rapid/2023/index.html	IDWR weekly surveillance table; weekly rows aggregate exactly to the frozen monthly model series	2026-07-27
JPN	Japan	2024-01-01	2024-01-01	2024-01-08	2024	1	1	3	weekly	reported_cases	Reported cases per week	National notifiable-disease surveillance; weekly provisional reports	direct_tabular	reported_provisional	https://id-info.jihs.go.jp/en/surveillance/idwr/rapid/2024/index.html	IDWR weekly surveillance table; weekly rows aggregate exactly to the frozen monthly model series	2026-07-27
JPN	Japan	2024-01-08	2024-01-08	2024-01-15	2024	1	2	5	weekly	reported_cases	Reported cases per week	National notifiable-disease surveillance; weekly provisional reports	direct_tabular	reported_provisional	https://id-info.jihs.go.jp/en/surveillance/idwr/rapid/2024/index.html	IDWR weekly surveillance table; weekly rows aggregate exactly to the frozen monthly model series	2026-07-27
JPN	Japan	2024-01-15	2024-01-15	2024-01-22	2024	1	3	7	weekly	reported_cases	Reported cases per week	National notifiable-disease surveillance; weekly provisional reports	direct_tabular	reported_provisional	https://id-info.jihs.go.jp/en/surveillance/idwr/rapid/2024/index.html	IDWR weekly surveillance table; weekly rows aggregate exactly to the frozen monthly model series	2026-07-27
JPN	Japan	2024-01-22	2024-01-22	2024-01-29	2024	1	4	8	weekly	reported_cases	Reported cases per week	National notifiable-disease surveillance; weekly provisional reports	direct_tabular	reported_provisional	https://id-info.jihs.go.jp/en/surveillance/idwr/rapid/2024/index.html	IDWR weekly surveillance table; weekly rows aggregate exactly to the frozen monthly model series	2026-07-27
JPN	Japan	2024-01-29	2024-01-29	2024-02-05	2024	1	5	14	weekly	reported_cases	Reported cases per week	National notifiable-disease surveillance; weekly provisional reports	direct_tabular	reported_provisional	https://id-info.jihs.go.jp/en/surveillance/idwr/rapid/2024/index.html	IDWR weekly surveillance table; weekly rows aggregate exactly to the frozen monthly model series	2026-07-27
JPN	Japan	2024-02-05	2024-02-05	2024-02-12	2024	2	6	8	weekly	reported_cases	Reported cases per week	National notifiable-disease surveillance; weekly provisional reports	direct_tabular	reported_provisional	https://id-info.jihs.go.jp/en/surveillance/idwr/rapid/2024/index.html	IDWR weekly surveillance table; weekly rows aggregate exactly to the frozen monthly model series	2026-07-27
JPN	Japan	2024-02-12	2024-02-12	2024-02-19	2024	2	7	8	weekly	reported_cases	Reported cases per week	National notifiable-disease surveillance; weekly provisional reports	direct_tabular	reported_provisional	https://id-info.jihs.go.jp/en/surveillance/idwr/rapid/2024/index.html	IDWR weekly surveillance table; weekly rows aggregate exactly to the frozen monthly model series	2026-07-27
JPN	Japan	2024-02-19	2024-02-19	2024-02-26	2024	2	8	7	weekly	reported_cases	Reported cases per week	National notifiable-disease surveillance; weekly provisional reports	direct_tabular	reported_provisional	https://id-info.jihs.go.jp/en/surveillance/idwr/rapid/2024/index.html	IDWR weekly surveillance table; weekly rows aggregate exactly to the frozen monthly model series	2026-07-27
JPN	Japan	2024-02-26	2024-02-26	2024-03-04	2024	2	9	12	weekly	reported_cases	Reported cases per week	National notifiable-disease surveillance; weekly provisional reports	direct_tabular	reported_provisional	https://id-info.jihs.go.jp/en/surveillance/idwr/rapid/2024/index.html	IDWR weekly surveillance table; weekly rows aggregate exactly to the frozen monthly model series	2026-07-27
JPN	Japan	2024-03-04	2024-03-04	2024-03-11	2024	3	10	10	weekly	reported_cases	Reported cases per week	National notifiable-disease surveillance; weekly provisional reports	direct_tabular	reported_provisional	https://id-info.jihs.go.jp/en/surveillance/idwr/rapid/2024/index.html	IDWR weekly surveillance table; weekly rows aggregate exactly to the frozen monthly model series	2026-07-27
JPN	Japan	2024-03-11	2024-03-11	2024-03-18	2024	3	11	6	weekly	reported_cases	Reported cases per week	National notifiable-disease surveillance; weekly provisional reports	direct_tabular	reported_provisional	https://id-info.jihs.go.jp/en/surveillance/idwr/rapid/2024/index.html	IDWR weekly surveillance table; weekly rows aggregate exactly to the frozen monthly model series	2026-07-27
JPN	Japan	2024-03-18	2024-03-18	2024-03-25	2024	3	12	4	weekly	reported_cases	Reported cases per week	National notifiable-disease surveillance; weekly provisional reports	direct_tabular	reported_provisional	https://id-info.jihs.go.jp/en/surveillance/idwr/rapid/2024/index.html	IDWR weekly surveillance table; weekly rows aggregate exactly to the frozen monthly model series	2026-07-27
JPN	Japan	2024-03-25	2024-03-25	2024-04-01	2024	3	13	14	weekly	reported_cases	Reported cases per week	National notifiable-disease surveillance; weekly provisional reports	direct_tabular	reported_provisional	https://id-info.jihs.go.jp/en/surveillance/idwr/rapid/2024/index.html	IDWR weekly surveillance table; weekly rows aggregate exactly to the frozen monthly model series	2026-07-27
JPN	Japan	2024-04-01	2024-04-01	2024-04-08	2024	4	14	27	weekly	reported_cases	Reported cases per week	National notifiable-disease surveillance; weekly provisional reports	direct_tabular	reported_provisional	https://id-info.jihs.go.jp/en/surveillance/idwr/rapid/2024/index.html	IDWR weekly surveillance table; weekly rows aggregate exactly to the frozen monthly model series	2026-07-27
JPN	Japan	2024-04-08	2024-04-08	2024-04-15	2024	4	15	21	weekly	reported_cases	Reported cases per week	National notifiable-disease surveillance; weekly provisional reports	direct_tabular	reported_provisional	https://id-info.jihs.go.jp/en/surveillance/idwr/rapid/2024/index.html	IDWR weekly surveillance table; weekly rows aggregate exactly to the frozen monthly model series	2026-07-27
JPN	Japan	2024-04-15	2024-04-15	2024-04-22	2024	4	16	14	weekly	reported_cases	Reported cases per week	National notifiable-disease surveillance; weekly provisional reports	direct_tabular	reported_provisional	https://id-info.jihs.go.jp/en/surveillance/idwr/rapid/2024/index.html	IDWR weekly surveillance table; weekly rows aggregate exactly to the frozen monthly model series	2026-07-27
JPN	Japan	2024-04-22	2024-04-22	2024-04-29	2024	4	17	24	weekly	reported_cases	Reported cases per week	National notifiable-disease surveillance; weekly provisional reports	direct_tabular	reported_provisional	https://id-info.jihs.go.jp/en/surveillance/idwr/rapid/2024/index.html	IDWR weekly surveillance table; weekly rows aggregate exactly to the frozen monthly model series	2026-07-27
JPN	Japan	2024-04-29	2024-04-29	2024-05-06	2024	4	18	14	weekly	reported_cases	Reported cases per week	National notifiable-disease surveillance; weekly provisional reports	direct_tabular	reported_provisional	https://id-info.jihs.go.jp/en/surveillance/idwr/rapid/2024/index.html	IDWR weekly surveillance table; weekly rows aggregate exactly to the frozen monthly model series	2026-07-27
JPN	Japan	2024-05-06	2024-05-06	2024-05-13	2024	5	19	19	weekly	reported_cases	Reported cases per week	National notifiable-disease surveillance; weekly provisional reports	direct_tabular	reported_provisional	https://id-info.jihs.go.jp/en/surveillance/idwr/rapid/2024/index.html	IDWR weekly surveillance table; weekly rows aggregate exactly to the frozen monthly model series	2026-07-27
JPN	Japan	2024-05-13	2024-05-13	2024-05-20	2024	5	20	20	weekly	reported_cases	Reported cases per week	National notifiable-disease surveillance; weekly provisional reports	direct_tabular	reported_provisional	https://id-info.jihs.go.jp/en/surveillance/idwr/rapid/2024/index.html	IDWR weekly surveillance table; weekly rows aggregate exactly to the frozen monthly model series	2026-07-27
JPN	Japan	2024-05-20	2024-05-20	2024-05-27	2024	5	21	21	weekly	reported_cases	Reported cases per week	National notifiable-disease surveillance; weekly provisional reports	direct_tabular	reported_provisional	https://id-info.jihs.go.jp/en/surveillance/idwr/rapid/2024/index.html	IDWR weekly surveillance table; weekly rows aggregate exactly to the frozen monthly model series	2026-07-27
JPN	Japan	2024-05-27	2024-05-27	2024-06-03	2024	5	22	33	weekly	reported_cases	Reported cases per week	National notifiable-disease surveillance; weekly provisional reports	direct_tabular	reported_provisional	https://id-info.jihs.go.jp/en/surveillance/idwr/rapid/2024/index.html	IDWR weekly surveillance table; weekly rows aggregate exactly to the frozen monthly model series	2026-07-27
JPN	Japan	2024-06-03	2024-06-03	2024-06-10	2024	6	23	26	weekly	reported_cases	Reported cases per week	National notifiable-disease surveillance; weekly provisional reports	direct_tabular	reported_provisional	https://id-info.jihs.go.jp/en/surveillance/idwr/rapid/2024/index.html	IDWR weekly surveillance table; weekly rows aggregate exactly to the frozen monthly model series	2026-07-27
JPN	Japan	2024-06-10	2024-06-10	2024-06-17	2024	6	24	54	weekly	reported_cases	Reported cases per week	National notifiable-disease surveillance; weekly provisional reports	direct_tabular	reported_provisional	https://id-info.jihs.go.jp/en/surveillance/idwr/rapid/2024/index.html	IDWR weekly surveillance table; weekly rows aggregate exactly to the frozen monthly model series	2026-07-27
JPN	Japan	2024-06-17	2024-06-17	2024-06-24	2024	6	25	33	weekly	reported_cases	Reported cases per week	National notifiable-disease surveillance; weekly provisional reports	direct_tabular	reported_provisional	https://id-info.jihs.go.jp/en/surveillance/idwr/rapid/2024/index.html	IDWR weekly surveillance table; weekly rows aggregate exactly to the frozen monthly model series	2026-07-27
JPN	Japan	2024-06-24	2024-06-24	2024-07-01	2024	6	26	37	weekly	reported_cases	Reported cases per week	National notifiable-disease surveillance; weekly provisional reports	direct_tabular	reported_provisional	https://id-info.jihs.go.jp/en/surveillance/idwr/rapid/2024/index.html	IDWR weekly surveillance table; weekly rows aggregate exactly to the frozen monthly model series	2026-07-27
JPN	Japan	2024-07-01	2024-07-01	2024-07-08	2024	7	27	62	weekly	reported_cases	Reported cases per week	National notifiable-disease surveillance; weekly provisional reports	direct_tabular	reported_provisional	https://id-info.jihs.go.jp/en/surveillance/idwr/rapid/2024/index.html	IDWR weekly surveillance table; weekly rows aggregate exactly to the frozen monthly model series	2026-07-27
JPN	Japan	2024-07-08	2024-07-08	2024-07-15	2024	7	28	55	weekly	reported_cases	Reported cases per week	National notifiable-disease surveillance; weekly provisional reports	direct_tabular	reported_provisional	https://id-info.jihs.go.jp/en/surveillance/idwr/rapid/2024/index.html	IDWR weekly surveillance table; weekly rows aggregate exactly to the frozen monthly model series	2026-07-27
JPN	Japan	2024-07-15	2024-07-15	2024-07-22	2024	7	29	53	weekly	reported_cases	Reported cases per week	National notifiable-disease surveillance; weekly provisional reports	direct_tabular	reported_provisional	https://id-info.jihs.go.jp/en/surveillance/idwr/rapid/2024/index.html	IDWR weekly surveillance table; weekly rows aggregate exactly to the frozen monthly model series	2026-07-27
JPN	Japan	2024-07-22	2024-07-22	2024-07-29	2024	7	30	58	weekly	reported_cases	Reported cases per week	National notifiable-disease surveillance; weekly provisional reports	direct_tabular	reported_provisional	https://id-info.jihs.go.jp/en/surveillance/idwr/rapid/2024/index.html	IDWR weekly surveillance table; weekly rows aggregate exactly to the frozen monthly model series	2026-07-27
JPN	Japan	2024-07-29	2024-07-29	2024-08-05	2024	7	31	55	weekly	reported_cases	Reported cases per week	National notifiable-disease surveillance; weekly provisional reports	direct_tabular	reported_provisional	https://id-info.jihs.go.jp/en/surveillance/idwr/rapid/2024/index.html	IDWR weekly surveillance table; weekly rows aggregate exactly to the frozen monthly model series	2026-07-27
JPN	Japan	2024-08-05	2024-08-05	2024-08-12	2024	8	32	74	weekly	reported_cases	Reported cases per week	National notifiable-disease surveillance; weekly provisional reports	direct_tabular	reported_provisional	https://id-info.jihs.go.jp/en/surveillance/idwr/rapid/2024/index.html	IDWR weekly surveillance table; weekly rows aggregate exactly to the frozen monthly model series	2026-07-27
JPN	Japan	2024-08-12	2024-08-12	2024-08-19	2024	8	33	60	weekly	reported_cases	Reported cases per week	National notifiable-disease surveillance; weekly provisional reports	direct_tabular	reported_provisional	https://id-info.jihs.go.jp/en/surveillance/idwr/rapid/2024/index.html	IDWR weekly surveillance table; weekly rows aggregate exactly to the frozen monthly model series	2026-07-27
JPN	Japan	2024-08-19	2024-08-19	2024-08-26	2024	8	34	96	weekly	reported_cases	Reported cases per week	National notifiable-disease surveillance; weekly provisional reports	direct_tabular	reported_provisional	https://id-info.jihs.go.jp/en/surveillance/idwr/rapid/2024/index.html	IDWR weekly surveillance table; weekly rows aggregate exactly to the frozen monthly model series	2026-07-27
JPN	Japan	2024-08-26	2024-08-26	2024-09-02	2024	8	35	92	weekly	reported_cases	Reported cases per week	National notifiable-disease surveillance; weekly provisional reports	direct_tabular	reported_provisional	https://id-info.jihs.go.jp/en/surveillance/idwr/rapid/2024/index.html	IDWR weekly surveillance table; weekly rows aggregate exactly to the frozen monthly model series	2026-07-27
JPN	Japan	2024-09-02	2024-09-02	2024-09-09	2024	9	36	89	weekly	reported_cases	Reported cases per week	National notifiable-disease surveillance; weekly provisional reports	direct_tabular	reported_provisional	https://id-info.jihs.go.jp/en/surveillance/idwr/rapid/2024/index.html	IDWR weekly surveillance table; weekly rows aggregate exactly to the frozen monthly model series	2026-07-27
JPN	Japan	2024-09-09	2024-09-09	2024-09-16	2024	9	37	103	weekly	reported_cases	Reported cases per week	National notifiable-disease surveillance; weekly provisional reports	direct_tabular	reported_provisional	https://id-info.jihs.go.jp/en/surveillance/idwr/rapid/2024/index.html	IDWR weekly surveillance table; weekly rows aggregate exactly to the frozen monthly model series	2026-07-27
JPN	Japan	2024-09-16	2024-09-16	2024-09-23	2024	9	38	105	weekly	reported_cases	Reported cases per week	National notifiable-disease surveillance; weekly provisional reports	direct_tabular	reported_provisional	https://id-info.jihs.go.jp/en/surveillance/idwr/rapid/2024/index.html	IDWR weekly surveillance table; weekly rows aggregate exactly to the frozen monthly model series	2026-07-27
JPN	Japan	2024-09-23	2024-09-23	2024-09-30	2024	9	39	93	weekly	reported_cases	Reported cases per week	National notifiable-disease surveillance; weekly provisional reports	direct_tabular	reported_provisional	https://id-info.jihs.go.jp/en/surveillance/idwr/rapid/2024/index.html	IDWR weekly surveillance table; weekly rows aggregate exactly to the frozen monthly model series	2026-07-27
JPN	Japan	2024-09-30	2024-09-30	2024-10-07	2024	9	40	133	weekly	reported_cases	Reported cases per week	National notifiable-disease surveillance; weekly provisional reports	direct_tabular	reported_provisional	https://id-info.jihs.go.jp/en/surveillance/idwr/rapid/2024/index.html	IDWR weekly surveillance table; weekly rows aggregate exactly to the frozen monthly model series	2026-07-27
JPN	Japan	2024-10-07	2024-10-07	2024-10-14	2024	10	41	139	weekly	reported_cases	Reported cases per week	National notifiable-disease surveillance; weekly provisional reports	direct_tabular	reported_provisional	https://id-info.jihs.go.jp/en/surveillance/idwr/rapid/2024/index.html	IDWR weekly surveillance table; weekly rows aggregate exactly to the frozen monthly model series	2026-07-27
JPN	Japan	2024-10-14	2024-10-14	2024-10-21	2024	10	42	122	weekly	reported_cases	Reported cases per week	National notifiable-disease surveillance; weekly provisional reports	direct_tabular	reported_provisional	https://id-info.jihs.go.jp/en/surveillance/idwr/rapid/2024/index.html	IDWR weekly surveillance table; weekly rows aggregate exactly to the frozen monthly model series	2026-07-27
JPN	Japan	2024-10-21	2024-10-21	2024-10-28	2024	10	43	147	weekly	reported_cases	Reported cases per week	National notifiable-disease surveillance; weekly provisional reports	direct_tabular	reported_provisional	https://id-info.jihs.go.jp/en/surveillance/idwr/rapid/2024/index.html	IDWR weekly surveillance table; weekly rows aggregate exactly to the frozen monthly model series	2026-07-27
JPN	Japan	2024-10-28	2024-10-28	2024-11-04	2024	10	44	120	weekly	reported_cases	Reported cases per week	National notifiable-disease surveillance; weekly provisional reports	direct_tabular	reported_provisional	https://id-info.jihs.go.jp/en/surveillance/idwr/rapid/2024/index.html	IDWR weekly surveillance table; weekly rows aggregate exactly to the frozen monthly model series	2026-07-27
JPN	Japan	2024-11-04	2024-11-04	2024-11-11	2024	11	45	109	weekly	reported_cases	Reported cases per week	National notifiable-disease surveillance; weekly provisional reports	direct_tabular	reported_provisional	https://id-info.jihs.go.jp/en/surveillance/idwr/rapid/2024/index.html	IDWR weekly surveillance table; weekly rows aggregate exactly to the frozen monthly model series	2026-07-27
JPN	Japan	2024-11-11	2024-11-11	2024-11-18	2024	11	46	144	weekly	reported_cases	Reported cases per week	National notifiable-disease surveillance; weekly provisional reports	direct_tabular	reported_provisional	https://id-info.jihs.go.jp/en/surveillance/idwr/rapid/2024/index.html	IDWR weekly surveillance table; weekly rows aggregate exactly to the frozen monthly model series	2026-07-27
JPN	Japan	2024-11-18	2024-11-18	2024-11-25	2024	11	47	127	weekly	reported_cases	Reported cases per week	National notifiable-disease surveillance; weekly provisional reports	direct_tabular	reported_provisional	https://id-info.jihs.go.jp/en/surveillance/idwr/rapid/2024/index.html	IDWR weekly surveillance table; weekly rows aggregate exactly to the frozen monthly model series	2026-07-27
JPN	Japan	2024-11-25	2024-11-25	2024-12-02	2024	11	48	139	weekly	reported_cases	Reported cases per week	National notifiable-disease surveillance; weekly provisional reports	direct_tabular	reported_provisional	https://id-info.jihs.go.jp/en/surveillance/idwr/rapid/2024/index.html	IDWR weekly surveillance table; weekly rows aggregate exactly to the frozen monthly model series	2026-07-27
JPN	Japan	2024-12-02	2024-12-02	2024-12-09	2024	12	49	135	weekly	reported_cases	Reported cases per week	National notifiable-disease surveillance; weekly provisional reports	direct_tabular	reported_provisional	https://id-info.jihs.go.jp/en/surveillance/idwr/rapid/2024/index.html	IDWR weekly surveillance table; weekly rows aggregate exactly to the frozen monthly model series	2026-07-27
JPN	Japan	2024-12-09	2024-12-09	2024-12-16	2024	12	50	131	weekly	reported_cases	Reported cases per week	National notifiable-disease surveillance; weekly provisional reports	direct_tabular	reported_provisional	https://id-info.jihs.go.jp/en/surveillance/idwr/rapid/2024/index.html	IDWR weekly surveillance table; weekly rows aggregate exactly to the frozen monthly model series	2026-07-27
JPN	Japan	2024-12-16	2024-12-16	2024-12-23	2024	12	51	144	weekly	reported_cases	Reported cases per week	National notifiable-disease surveillance; weekly provisional reports	direct_tabular	reported_provisional	https://id-info.jihs.go.jp/en/surveillance/idwr/rapid/2024/index.html	IDWR weekly surveillance table; weekly rows aggregate exactly to the frozen monthly model series	2026-07-27
JPN	Japan	2024-12-23	2024-12-23	2024-12-30	2024	12	52	158	weekly	reported_cases	Reported cases per week	National notifiable-disease surveillance; weekly provisional reports	direct_tabular	reported_provisional	https://id-info.jihs.go.jp/en/surveillance/idwr/rapid/2024/index.html	IDWR weekly surveillance table; weekly rows aggregate exactly to the frozen monthly model series	2026-07-27
JPN	Japan	2024-12-30	2024-12-30	2025-01-06	2024	12	1	25	weekly	reported_cases	Reported cases per week	National notifiable-disease surveillance; weekly provisional reports	direct_tabular	reported_provisional	https://id-info.jihs.go.jp/en/surveillance/idwr/rapid/2025/index.html	IDWR weekly surveillance table; weekly rows aggregate exactly to the frozen monthly model series	2026-07-27
JPN	Japan	2025-01-06	2025-01-06	2025-01-13	2025	1	2	135	weekly	reported_cases	Reported cases per week	National notifiable-disease surveillance; weekly provisional reports	direct_tabular	reported_provisional	https://id-info.jihs.go.jp/en/surveillance/idwr/rapid/2025/index.html	IDWR weekly surveillance table; weekly rows aggregate exactly to the frozen monthly model series	2026-07-27
JPN	Japan	2025-01-13	2025-01-13	2025-01-20	2025	1	3	140	weekly	reported_cases	Reported cases per week	National notifiable-disease surveillance; weekly provisional reports	direct_tabular	reported_provisional	https://id-info.jihs.go.jp/en/surveillance/idwr/rapid/2025/index.html	IDWR weekly surveillance table; weekly rows aggregate exactly to the frozen monthly model series	2026-07-27
JPN	Japan	2025-01-20	2025-01-20	2025-01-27	2025	1	4	195	weekly	reported_cases	Reported cases per week	National notifiable-disease surveillance; weekly provisional reports	direct_tabular	reported_provisional	https://id-info.jihs.go.jp/en/surveillance/idwr/rapid/2025/index.html	IDWR weekly surveillance table; weekly rows aggregate exactly to the frozen monthly model series	2026-07-27
JPN	Japan	2025-01-27	2025-01-27	2025-02-03	2025	1	5	246	weekly	reported_cases	Reported cases per week	National notifiable-disease surveillance; weekly provisional reports	direct_tabular	reported_provisional	https://id-info.jihs.go.jp/en/surveillance/idwr/rapid/2025/index.html	IDWR weekly surveillance table; weekly rows aggregate exactly to the frozen monthly model series	2026-07-27
JPN	Japan	2025-02-03	2025-02-03	2025-02-10	2025	2	6	262	weekly	reported_cases	Reported cases per week	National notifiable-disease surveillance; weekly provisional reports	direct_tabular	reported_provisional	https://id-info.jihs.go.jp/en/surveillance/idwr/rapid/2025/index.html	IDWR weekly surveillance table; weekly rows aggregate exactly to the frozen monthly model series	2026-07-27
JPN	Japan	2025-02-10	2025-02-10	2025-02-17	2025	2	7	280	weekly	reported_cases	Reported cases per week	National notifiable-disease surveillance; weekly provisional reports	direct_tabular	reported_provisional	https://id-info.jihs.go.jp/en/surveillance/idwr/rapid/2025/index.html	IDWR weekly surveillance table; weekly rows aggregate exactly to the frozen monthly model series	2026-07-27
JPN	Japan	2025-02-17	2025-02-17	2025-02-24	2025	2	8	358	weekly	reported_cases	Reported cases per week	National notifiable-disease surveillance; weekly provisional reports	direct_tabular	reported_provisional	https://id-info.jihs.go.jp/en/surveillance/idwr/rapid/2025/index.html	IDWR weekly surveillance table; weekly rows aggregate exactly to the frozen monthly model series	2026-07-27
JPN	Japan	2025-02-24	2025-02-24	2025-03-03	2025	2	9	353	weekly	reported_cases	Reported cases per week	National notifiable-disease surveillance; weekly provisional reports	direct_tabular	reported_provisional	https://id-info.jihs.go.jp/en/surveillance/idwr/rapid/2025/index.html	IDWR weekly surveillance table; weekly rows aggregate exactly to the frozen monthly model series	2026-07-27
JPN	Japan	2025-03-03	2025-03-03	2025-03-10	2025	3	10	482	weekly	reported_cases	Reported cases per week	National notifiable-disease surveillance; weekly provisional reports	direct_tabular	reported_provisional	https://id-info.jihs.go.jp/en/surveillance/idwr/rapid/2025/index.html	IDWR weekly surveillance table; weekly rows aggregate exactly to the frozen monthly model series	2026-07-27
JPN	Japan	2025-03-10	2025-03-10	2025-03-17	2025	3	11	561	weekly	reported_cases	Reported cases per week	National notifiable-disease surveillance; weekly provisional reports	direct_tabular	reported_provisional	https://id-info.jihs.go.jp/en/surveillance/idwr/rapid/2025/index.html	IDWR weekly surveillance table; weekly rows aggregate exactly to the frozen monthly model series	2026-07-27
JPN	Japan	2025-03-17	2025-03-17	2025-03-24	2025	3	12	458	weekly	reported_cases	Reported cases per week	National notifiable-disease surveillance; weekly provisional reports	direct_tabular	reported_provisional	https://id-info.jihs.go.jp/en/surveillance/idwr/rapid/2025/index.html	IDWR weekly surveillance table; weekly rows aggregate exactly to the frozen monthly model series	2026-07-27
JPN	Japan	2025-03-24	2025-03-24	2025-03-31	2025	3	13	578	weekly	reported_cases	Reported cases per week	National notifiable-disease surveillance; weekly provisional reports	direct_tabular	reported_provisional	https://id-info.jihs.go.jp/en/surveillance/idwr/rapid/2025/index.html	IDWR weekly surveillance table; weekly rows aggregate exactly to the frozen monthly model series	2026-07-27
JPN	Japan	2025-03-31	2025-03-31	2025-04-07	2025	3	14	722	weekly	reported_cases	Reported cases per week	National notifiable-disease surveillance; weekly provisional reports	direct_tabular	reported_provisional	https://id-info.jihs.go.jp/en/surveillance/idwr/rapid/2025/index.html	IDWR weekly surveillance table; weekly rows aggregate exactly to the frozen monthly model series	2026-07-27
JPN	Japan	2025-04-07	2025-04-07	2025-04-14	2025	4	15	1222	weekly	reported_cases	Reported cases per week	National notifiable-disease surveillance; weekly provisional reports	direct_tabular	reported_provisional	https://id-info.jihs.go.jp/en/surveillance/idwr/rapid/2025/index.html	IDWR weekly surveillance table; weekly rows aggregate exactly to the frozen monthly model series	2026-07-27
JPN	Japan	2025-04-14	2025-04-14	2025-04-21	2025	4	16	1884	weekly	reported_cases	Reported cases per week	National notifiable-disease surveillance; weekly provisional reports	direct_tabular	reported_provisional	https://id-info.jihs.go.jp/en/surveillance/idwr/rapid/2025/index.html	IDWR weekly surveillance table; weekly rows aggregate exactly to the frozen monthly model series	2026-07-27
JPN	Japan	2025-04-21	2025-04-21	2025-04-28	2025	4	17	2176	weekly	reported_cases	Reported cases per week	National notifiable-disease surveillance; weekly provisional reports	direct_tabular	reported_provisional	https://id-info.jihs.go.jp/en/surveillance/idwr/rapid/2025/index.html	IDWR weekly surveillance table; weekly rows aggregate exactly to the frozen monthly model series	2026-07-27
JPN	Japan	2025-04-28	2025-04-28	2025-05-05	2025	4	18	1746	weekly	reported_cases	Reported cases per week	National notifiable-disease surveillance; weekly provisional reports	direct_tabular	reported_provisional	https://id-info.jihs.go.jp/en/surveillance/idwr/rapid/2025/index.html	IDWR weekly surveillance table; weekly rows aggregate exactly to the frozen monthly model series	2026-07-27
JPN	Japan	2025-05-05	2025-05-05	2025-05-12	2025	5	19	1792	weekly	reported_cases	Reported cases per week	National notifiable-disease surveillance; weekly provisional reports	direct_tabular	reported_provisional	https://id-info.jihs.go.jp/en/surveillance/idwr/rapid/2025/index.html	IDWR weekly surveillance table; weekly rows aggregate exactly to the frozen monthly model series	2026-07-27
JPN	Japan	2025-05-12	2025-05-12	2025-05-19	2025	5	20	2299	weekly	reported_cases	Reported cases per week	National notifiable-disease surveillance; weekly provisional reports	direct_tabular	reported_provisional	https://id-info.jihs.go.jp/en/surveillance/idwr/rapid/2025/index.html	IDWR weekly surveillance table; weekly rows aggregate exactly to the frozen monthly model series	2026-07-27
JPN	Japan	2025-05-19	2025-05-19	2025-05-26	2025	5	21	2660	weekly	reported_cases	Reported cases per week	National notifiable-disease surveillance; weekly provisional reports	direct_tabular	reported_provisional	https://id-info.jihs.go.jp/en/surveillance/idwr/rapid/2025/index.html	IDWR weekly surveillance table; weekly rows aggregate exactly to the frozen monthly model series	2026-07-27
JPN	Japan	2025-05-26	2025-05-26	2025-06-02	2025	5	22	2329	weekly	reported_cases	Reported cases per week	National notifiable-disease surveillance; weekly provisional reports	direct_tabular	reported_provisional	https://id-info.jihs.go.jp/en/surveillance/idwr/rapid/2025/index.html	IDWR weekly surveillance table; weekly rows aggregate exactly to the frozen monthly model series	2026-07-27
JPN	Japan	2025-06-02	2025-06-02	2025-06-09	2025	6	23	3044	weekly	reported_cases	Reported cases per week	National notifiable-disease surveillance; weekly provisional reports	direct_tabular	reported_provisional	https://id-info.jihs.go.jp/en/surveillance/idwr/rapid/2025/index.html	IDWR weekly surveillance table; weekly rows aggregate exactly to the frozen monthly model series	2026-07-27
JPN	Japan	2025-06-09	2025-06-09	2025-06-16	2025	6	24	2970	weekly	reported_cases	Reported cases per week	National notifiable-disease surveillance; weekly provisional reports	direct_tabular	reported_provisional	https://id-info.jihs.go.jp/en/surveillance/idwr/rapid/2025/index.html	IDWR weekly surveillance table; weekly rows aggregate exactly to the frozen monthly model series	2026-07-27
JPN	Japan	2025-06-16	2025-06-16	2025-06-23	2025	6	25	3211	weekly	reported_cases	Reported cases per week	National notifiable-disease surveillance; weekly provisional reports	direct_tabular	reported_provisional	https://id-info.jihs.go.jp/en/surveillance/idwr/rapid/2025/index.html	IDWR weekly surveillance table; weekly rows aggregate exactly to the frozen monthly model series	2026-07-27
JPN	Japan	2025-06-23	2025-06-23	2025-06-30	2025	6	26	3353	weekly	reported_cases	Reported cases per week	National notifiable-disease surveillance; weekly provisional reports	direct_tabular	reported_provisional	https://id-info.jihs.go.jp/en/surveillance/idwr/rapid/2025/index.html	IDWR weekly surveillance table; weekly rows aggregate exactly to the frozen monthly model series	2026-07-27
JPN	Japan	2025-06-30	2025-06-30	2025-07-07	2025	6	27	3578	weekly	reported_cases	Reported cases per week	National notifiable-disease surveillance; weekly provisional reports	direct_tabular	reported_provisional	https://id-info.jihs.go.jp/en/surveillance/idwr/rapid/2025/index.html	IDWR weekly surveillance table; weekly rows aggregate exactly to the frozen monthly model series	2026-07-27
JPN	Japan	2025-07-07	2025-07-07	2025-07-14	2025	7	28	3682	weekly	reported_cases	Reported cases per week	National notifiable-disease surveillance; weekly provisional reports	direct_tabular	reported_provisional	https://id-info.jihs.go.jp/en/surveillance/idwr/rapid/2025/index.html	IDWR weekly surveillance table; weekly rows aggregate exactly to the frozen monthly model series	2026-07-27
JPN	Japan	2025-07-14	2025-07-14	2025-07-21	2025	7	29	3908	weekly	reported_cases	Reported cases per week	National notifiable-disease surveillance; weekly provisional reports	direct_tabular	reported_provisional	https://id-info.jihs.go.jp/en/surveillance/idwr/rapid/2025/index.html	IDWR weekly surveillance table; weekly rows aggregate exactly to the frozen monthly model series	2026-07-27
JPN	Japan	2025-07-21	2025-07-21	2025-07-28	2025	7	30	3399	weekly	reported_cases	Reported cases per week	National notifiable-disease surveillance; weekly provisional reports	direct_tabular	reported_provisional	https://id-info.jihs.go.jp/en/surveillance/idwr/rapid/2025/index.html	IDWR weekly surveillance table; weekly rows aggregate exactly to the frozen monthly model series	2026-07-27
JPN	Japan	2025-07-28	2025-07-28	2025-08-04	2025	7	31	3599	weekly	reported_cases	Reported cases per week	National notifiable-disease surveillance; weekly provisional reports	direct_tabular	reported_provisional	https://id-info.jihs.go.jp/en/surveillance/idwr/rapid/2025/index.html	IDWR weekly surveillance table; weekly rows aggregate exactly to the frozen monthly model series	2026-07-27
JPN	Japan	2025-08-04	2025-08-04	2025-08-11	2025	8	32	3211	weekly	reported_cases	Reported cases per week	National notifiable-disease surveillance; weekly provisional reports	direct_tabular	reported_provisional	https://id-info.jihs.go.jp/en/surveillance/idwr/rapid/2025/index.html	IDWR weekly surveillance table; weekly rows aggregate exactly to the frozen monthly model series	2026-07-27
JPN	Japan	2025-08-11	2025-08-11	2025-08-18	2025	8	33	1506	weekly	reported_cases	Reported cases per week	National notifiable-disease surveillance; weekly provisional reports	direct_tabular	reported_provisional	https://id-info.jihs.go.jp/en/surveillance/idwr/rapid/2025/index.html	IDWR weekly surveillance table; weekly rows aggregate exactly to the frozen monthly model series	2026-07-27
JPN	Japan	2025-08-18	2025-08-18	2025-08-25	2025	8	34	2762	weekly	reported_cases	Reported cases per week	National notifiable-disease surveillance; weekly provisional reports	direct_tabular	reported_provisional	https://id-info.jihs.go.jp/en/surveillance/idwr/rapid/2025/index.html	IDWR weekly surveillance table; weekly rows aggregate exactly to the frozen monthly model series	2026-07-27
JPN	Japan	2025-08-25	2025-08-25	2025-09-01	2025	8	35	2258	weekly	reported_cases	Reported cases per week	National notifiable-disease surveillance; weekly provisional reports	direct_tabular	reported_provisional	https://id-info.jihs.go.jp/en/surveillance/idwr/rapid/2025/index.html	IDWR weekly surveillance table; weekly rows aggregate exactly to the frozen monthly model series	2026-07-27
JPN	Japan	2025-09-01	2025-09-01	2025-09-08	2025	9	36	1921	weekly	reported_cases	Reported cases per week	National notifiable-disease surveillance; weekly provisional reports	direct_tabular	reported_provisional	https://id-info.jihs.go.jp/en/surveillance/idwr/rapid/2025/index.html	IDWR weekly surveillance table; weekly rows aggregate exactly to the frozen monthly model series	2026-07-27
JPN	Japan	2025-09-08	2025-09-08	2025-09-15	2025	9	37	1552	weekly	reported_cases	Reported cases per week	National notifiable-disease surveillance; weekly provisional reports	direct_tabular	reported_provisional	https://id-info.jihs.go.jp/en/surveillance/idwr/rapid/2025/index.html	IDWR weekly surveillance table; weekly rows aggregate exactly to the frozen monthly model series	2026-07-27
JPN	Japan	2025-09-15	2025-09-15	2025-09-22	2025	9	38	1168	weekly	reported_cases	Reported cases per week	National notifiable-disease surveillance; weekly provisional reports	direct_tabular	reported_provisional	https://id-info.jihs.go.jp/en/surveillance/idwr/rapid/2025/index.html	IDWR weekly surveillance table; weekly rows aggregate exactly to the frozen monthly model series	2026-07-27
JPN	Japan	2025-09-22	2025-09-22	2025-09-29	2025	9	39	1001	weekly	reported_cases	Reported cases per week	National notifiable-disease surveillance; weekly provisional reports	direct_tabular	reported_provisional	https://id-info.jihs.go.jp/en/surveillance/idwr/rapid/2025/index.html	IDWR weekly surveillance table; weekly rows aggregate exactly to the frozen monthly model series	2026-07-27
JPN	Japan	2025-09-29	2025-09-29	2025-10-06	2025	9	40	1193	weekly	reported_cases	Reported cases per week	National notifiable-disease surveillance; weekly provisional reports	direct_tabular	reported_provisional	https://id-info.jihs.go.jp/en/surveillance/idwr/rapid/2025/index.html	IDWR weekly surveillance table; weekly rows aggregate exactly to the frozen monthly model series	2026-07-27
JPN	Japan	2025-10-06	2025-10-06	2025-10-13	2025	10	41	944	weekly	reported_cases	Reported cases per week	National notifiable-disease surveillance; weekly provisional reports	direct_tabular	reported_provisional	https://id-info.jihs.go.jp/en/surveillance/idwr/rapid/2025/index.html	IDWR weekly surveillance table; weekly rows aggregate exactly to the frozen monthly model series	2026-07-27
JPN	Japan	2025-10-13	2025-10-13	2025-10-20	2025	10	42	773	weekly	reported_cases	Reported cases per week	National notifiable-disease surveillance; weekly provisional reports	direct_tabular	reported_provisional	https://id-info.jihs.go.jp/en/surveillance/idwr/rapid/2025/index.html	IDWR weekly surveillance table; weekly rows aggregate exactly to the frozen monthly model series	2026-07-27
JPN	Japan	2025-10-20	2025-10-20	2025-10-27	2025	10	43	884	weekly	reported_cases	Reported cases per week	National notifiable-disease surveillance; weekly provisional reports	direct_tabular	reported_provisional	https://id-info.jihs.go.jp/en/surveillance/idwr/rapid/2025/index.html	IDWR weekly surveillance table; weekly rows aggregate exactly to the frozen monthly model series	2026-07-27
JPN	Japan	2025-10-27	2025-10-27	2025-11-03	2025	10	44	718	weekly	reported_cases	Reported cases per week	National notifiable-disease surveillance; weekly provisional reports	direct_tabular	reported_provisional	https://id-info.jihs.go.jp/en/surveillance/idwr/rapid/2025/index.html	IDWR weekly surveillance table; weekly rows aggregate exactly to the frozen monthly model series	2026-07-27
JPN	Japan	2025-11-03	2025-11-03	2025-11-10	2025	11	45	598	weekly	reported_cases	Reported cases per week	National notifiable-disease surveillance; weekly provisional reports	direct_tabular	reported_provisional	https://id-info.jihs.go.jp/en/surveillance/idwr/rapid/2025/index.html	IDWR weekly surveillance table; weekly rows aggregate exactly to the frozen monthly model series	2026-07-27
JPN	Japan	2025-11-10	2025-11-10	2025-11-17	2025	11	46	613	weekly	reported_cases	Reported cases per week	National notifiable-disease surveillance; weekly provisional reports	direct_tabular	reported_provisional	https://id-info.jihs.go.jp/en/surveillance/idwr/rapid/2025/index.html	IDWR weekly surveillance table; weekly rows aggregate exactly to the frozen monthly model series	2026-07-27
JPN	Japan	2025-11-17	2025-11-17	2025-11-24	2025	11	47	508	weekly	reported_cases	Reported cases per week	National notifiable-disease surveillance; weekly provisional reports	direct_tabular	reported_provisional	https://id-info.jihs.go.jp/en/surveillance/idwr/rapid/2025/index.html	IDWR weekly surveillance table; weekly rows aggregate exactly to the frozen monthly model series	2026-07-27
JPN	Japan	2025-11-24	2025-11-24	2025-12-01	2025	11	48	380	weekly	reported_cases	Reported cases per week	National notifiable-disease surveillance; weekly provisional reports	direct_tabular	reported_provisional	https://id-info.jihs.go.jp/en/surveillance/idwr/rapid/2025/index.html	IDWR weekly surveillance table; weekly rows aggregate exactly to the frozen monthly model series	2026-07-27
JPN	Japan	2025-12-01	2025-12-01	2025-12-08	2025	12	49	498	weekly	reported_cases	Reported cases per week	National notifiable-disease surveillance; weekly provisional reports	direct_tabular	reported_provisional	https://id-info.jihs.go.jp/en/surveillance/idwr/rapid/2025/index.html	IDWR weekly surveillance table; weekly rows aggregate exactly to the frozen monthly model series	2026-07-27
JPN	Japan	2025-12-08	2025-12-08	2025-12-15	2025	12	50	431	weekly	reported_cases	Reported cases per week	National notifiable-disease surveillance; weekly provisional reports	direct_tabular	reported_provisional	https://id-info.jihs.go.jp/en/surveillance/idwr/rapid/2025/index.html	IDWR weekly surveillance table; weekly rows aggregate exactly to the frozen monthly model series	2026-07-27
JPN	Japan	2025-12-15	2025-12-15	2025-12-22	2025	12	51	377	weekly	reported_cases	Reported cases per week	National notifiable-disease surveillance; weekly provisional reports	direct_tabular	reported_provisional	https://id-info.jihs.go.jp/en/surveillance/idwr/rapid/2025/index.html	IDWR weekly surveillance table; weekly rows aggregate exactly to the frozen monthly model series	2026-07-27
JPN	Japan	2025-12-22	2025-12-22	2025-12-29	2025	12	52	352	weekly	reported_cases	Reported cases per week	National notifiable-disease surveillance; weekly provisional reports	direct_tabular	reported_provisional	https://id-info.jihs.go.jp/en/surveillance/idwr/rapid/2025/index.html	IDWR weekly surveillance table; weekly rows aggregate exactly to the frozen monthly model series	2026-07-27
