query_project_id	run_accession	sample_accession	study_accession	collection_date	country	first_public
PRJDB20292	DRR900761	SAMD00885979	PRJDB20292	2024-12-09	Japan:Okinawa	2026-01-24
PRJDB20292	DRR900762	SAMD00885980	PRJDB20292	2024-12-09	Japan:Okinawa	2026-01-24
PRJDB20413	DRR902026	SAMD00892041	PRJDB20413	2025-01-21	Japan:Okinawa	2026-01-27
PRJDB20413	DRR902021	SAMD00892036	PRJDB20413	2025-01-15	Japan:Okinawa	2026-01-27
PRJDB20413	DRR902034	SAMD00892049	PRJDB20413	2025-02-06	Japan:Okinawa	2026-01-27
PRJDB20413	DRR902036	SAMD00892051	PRJDB20413	2025-01-29	Japan:Okinawa	2026-01-27
PRJDB20413	DRR902022	SAMD00892037	PRJDB20413	2025-01-14	Japan:Okinawa	2026-01-27
PRJDB20413	DRR902024	SAMD00892039	PRJDB20413	2025-01-24	Japan:Okinawa	2026-01-27
PRJDB20413	DRR902025	SAMD00892040	PRJDB20413	2025-01-22	Japan:Okinawa	2026-01-27
PRJDB20413	DRR902027	SAMD00892042	PRJDB20413	2025-01-25	Japan:Okinawa	2026-01-27
PRJDB20413	DRR902029	SAMD00892044	PRJDB20413	2025-01-28	Japan:Okinawa	2026-01-27
PRJDB20413	DRR902030	SAMD00892045	PRJDB20413	2025-02-03	Japan:Okinawa	2026-01-27
PRJDB20413	DRR902032	SAMD00892047	PRJDB20413	2025-02-07	Japan:Okinawa	2026-01-27
PRJDB20413	DRR902033	SAMD00892048	PRJDB20413	2025-01-30	Japan:Okinawa	2026-01-27
PRJDB20413	DRR902035	SAMD00892050	PRJDB20413	2025-01-28	Japan:Okinawa	2026-01-27
PRJDB20413	DRR902038	SAMD00892053	PRJDB20413	2025-02-03	Japan:Okinawa	2026-01-27
PRJDB20413	DRR902019	SAMD00892034	PRJDB20413	2024-12-14	Japan:Okinawa	2026-01-27
PRJDB20413	DRR902020	SAMD00892035	PRJDB20413	2025-01-06	Japan:Okinawa	2026-01-27
PRJDB20413	DRR902023	SAMD00892038	PRJDB20413	2025-01-21	Japan:Okinawa	2026-01-27
PRJDB20413	DRR902028	SAMD00892043	PRJDB20413	2025-01-25	Japan:Okinawa	2026-01-27
PRJDB20413	DRR902031	SAMD00892046	PRJDB20413	2025-02-03	Japan:Okinawa	2026-01-27
PRJDB20413	DRR902037	SAMD00892052	PRJDB20413	2025-02-03	Japan:Okinawa	2026-01-27
PRJDB34249	DRR900578	SAMD00920272	PRJDB34249	2024	Japan:Tottori	2026-01-25
PRJDB34249	DRR900581	SAMD00920275	PRJDB34249	2024	Japan:Tottori	2026-01-25
PRJDB34249	DRR900585	SAMD00920279	PRJDB34249	2024	Japan:Tottori	2026-01-25
PRJDB34249	DRR900586	SAMD00920280	PRJDB34249	2024	Japan:Tottori	2026-01-25
PRJDB34249	DRR900579	SAMD00920273	PRJDB34249	2024	Japan:Tottori	2026-01-25
PRJDB34249	DRR900580	SAMD00920274	PRJDB34249	2024	Japan:Tottori	2026-01-25
PRJDB34249	DRR900583	SAMD00920277	PRJDB34249	2024	Japan:Tottori	2026-01-25
PRJDB34249	DRR900584	SAMD00920278	PRJDB34249	2024	Japan:Tottori	2026-01-25
PRJDB34249	DRR900588	SAMD00920282	PRJDB34249	2025	Japan:Tottori	2026-01-25
PRJDB34249	DRR900589	SAMD01797761	PRJDB34249	2025-03	Japan:Tottori	2026-01-25
PRJDB34249	DRR900591	SAMD01797763	PRJDB34249	2025-07	Japan:Tottori	2026-01-25
PRJDB34249	DRR900577	SAMD00920271	PRJDB34249	2024	Japan:Tottori	2026-01-25
PRJDB34249	DRR900582	SAMD00920276	PRJDB34249	2024	Japan:Tottori	2026-01-25
PRJDB34249	DRR900587	SAMD00920281	PRJDB34249	2025	Japan:Tottori	2026-01-25
PRJDB34249	DRR900590	SAMD01797762	PRJDB34249	2025-05	Japan:Tottori	2026-01-25
PRJDB34249	DRR900592	SAMD01797764	PRJDB34249	2025-10	Japan:Tottori	2026-01-25
PRJDB37898	DRR902044	SAMD01697904	PRJDB37898	2025-05-26	Japan:Okinawa	2026-01-27
PRJDB37898	DRR902045	SAMD01697905	PRJDB37898	2025-05-26	Japan:Okinawa	2026-01-27
PRJDB37898	DRR902049	SAMD01697909	PRJDB37898	2025-05-26	Japan:Okinawa	2026-01-27
PRJDB37898	DRR902053	SAMD01697913	PRJDB37898	2025-02-25	Japan:Okinawa	2026-01-27
PRJDB37898	DRR902055	SAMD01697915	PRJDB37898	2025-02-25	Japan:Okinawa	2026-01-27
PRJDB37898	DRR902058	SAMD01697918	PRJDB37898	2025-02-25	Japan:Okinawa	2026-01-27
PRJDB37898	DRR902064	SAMD01697924	PRJDB37898	2025-04-14	Japan:Okinawa	2026-01-27
PRJDB37898	DRR902066	SAMD01697926	PRJDB37898	2025-04-22	Japan:Okinawa	2026-01-27
PRJDB37898	DRR902068	SAMD01697928	PRJDB37898	2025-06-02	Japan:Okinawa	2026-01-27
PRJDB37898	DRR902069	SAMD01697929	PRJDB37898	2025-06-02	Japan:Okinawa	2026-01-27
PRJDB37898	DRR902071	SAMD01697931	PRJDB37898	2025-06-09	Japan:Okinawa	2026-01-27
PRJDB37898	DRR902073	SAMD01697933	PRJDB37898	2025-06-09	Japan:Okinawa	2026-01-27
PRJDB37898	DRR902079	SAMD01697939	PRJDB37898	2025-06-16	Japan:Okinawa	2026-01-27
PRJDB37898	DRR902046	SAMD01697906	PRJDB37898	2025-05-26	Japan:Okinawa	2026-01-27
PRJDB37898	DRR902048	SAMD01697908	PRJDB37898	2025-05-26	Japan:Okinawa	2026-01-27
PRJDB37898	DRR902054	SAMD01697914	PRJDB37898	2025-02-25	Japan:Okinawa	2026-01-27
PRJDB37898	DRR902063	SAMD01697923	PRJDB37898	2025-04-02	Japan:Okinawa	2026-01-27
PRJDB37898	DRR902065	SAMD01697925	PRJDB37898	2025-04-22	Japan:Okinawa	2026-01-27
PRJDB37898	DRR902067	SAMD01697927	PRJDB37898	2025-06-02	Japan:Okinawa	2026-01-27
PRJDB37898	DRR902070	SAMD01697930	PRJDB37898	2025-06-02	Japan:Okinawa	2026-01-27
PRJDB37898	DRR902072	SAMD01697932	PRJDB37898	2025-06-09	Japan:Okinawa	2026-01-27
PRJDB37898	DRR902075	SAMD01697935	PRJDB37898	2025-06-16	Japan:Okinawa	2026-01-27
PRJDB37898	DRR902077	SAMD01697937	PRJDB37898	2025-06-16	Japan:Okinawa	2026-01-27
PRJDB37898	DRR902039	SAMD01697899	PRJDB37898	2025-05-01	Japan:Okinawa	2026-01-27
PRJDB37898	DRR902040	SAMD01697900	PRJDB37898	2025-05-01	Japan:Okinawa	2026-01-27
PRJDB37898	DRR902041	SAMD01697901	PRJDB37898	2025-05-19	Japan:Okinawa	2026-01-27
PRJDB37898	DRR902042	SAMD01697902	PRJDB37898	2025-05-19	Japan:Okinawa	2026-01-27
PRJDB37898	DRR902043	SAMD01697903	PRJDB37898	2025-05-26	Japan:Okinawa	2026-01-27
PRJDB37898	DRR902047	SAMD01697907	PRJDB37898	2025-05-26	Japan:Okinawa	2026-01-27
PRJDB37898	DRR902050	SAMD01697910	PRJDB37898	2025-05-26	Japan:Okinawa	2026-01-27
PRJDB37898	DRR902051	SAMD01697911	PRJDB37898	2025-02-25	Japan:Okinawa	2026-01-27
PRJDB37898	DRR902052	SAMD01697912	PRJDB37898	2025-02-25	Japan:Okinawa	2026-01-27
PRJDB37898	DRR902056	SAMD01697916	PRJDB37898	2025-02-25	Japan:Okinawa	2026-01-27
PRJDB37898	DRR902057	SAMD01697917	PRJDB37898	2025-02-25	Japan:Okinawa	2026-01-27
PRJDB37898	DRR902059	SAMD01697919	PRJDB37898	2025-03-03	Japan:Okinawa	2026-01-27
PRJDB37898	DRR902060	SAMD01697920	PRJDB37898	2025-03-07	Japan:Okinawa	2026-01-27
PRJDB37898	DRR902061	SAMD01697921	PRJDB37898	2025-03-31	Japan:Okinawa	2026-01-27
PRJDB37898	DRR902062	SAMD01697922	PRJDB37898	2025-03-31	Japan:Okinawa	2026-01-27
PRJDB37898	DRR902074	SAMD01697934	PRJDB37898	2025-06-16	Japan:Okinawa	2026-01-27
PRJDB37898	DRR902076	SAMD01697936	PRJDB37898	2025-06-16	Japan:Okinawa	2026-01-27
PRJDB37898	DRR902078	SAMD01697938	PRJDB37898	2025-06-09	Japan:Okinawa	2026-01-27
PRJDB37898	DRR902080	SAMD01697940	PRJDB37898	2025-06-25	Japan:Okinawa	2026-01-27
PRJDB37898	DRR902081	SAMD01697941	PRJDB37898	2025-06-25	Japan:Okinawa	2026-01-27
PRJNA1133929	SRR31303426	SAMN42391150	PRJNA1133929	2023-12-29	China: Zhejiang	2024-11-17
PRJNA1133929	SRR31303432	SAMN42391145	PRJNA1133929	2023-11-08	China: Zhejiang	2024-11-17
PRJNA1133929	SRR31303433	SAMN42391144	PRJNA1133929	2023-11-10	China: Zhejiang	2024-11-17
PRJNA1133929	SRR31303435	SAMN42391142	PRJNA1133929	2023-10-28	China: Zhejiang	2024-11-17
PRJNA1133929	SRR31303436	SAMN42391141	PRJNA1133929	2023-10-20	China: Zhejiang	2024-11-17
PRJNA1133929	SRR31303438	SAMN42391139	PRJNA1133929	2023-01-01	China: Zhejiang	2024-11-17
PRJNA1133929	SRR31303441	SAMN42391137	PRJNA1133929	2023-01-01	China: Zhejiang	2024-11-17
PRJNA1133929	SRR31303442	SAMN42391136	PRJNA1133929	2023-01-01	China: Zhejiang	2024-11-17
PRJNA1133929	SRR31303444	SAMN42391134	PRJNA1133929	2023-01-01	China: Zhejiang	2024-11-17
PRJNA1133929	SRR31303446	SAMN42391132	PRJNA1133929	2023-01-01	China: Zhejiang	2024-11-17
PRJNA1133929	SRR31303447	SAMN42391131	PRJNA1133929	2023-01-01	China: Zhejiang	2024-11-17
PRJNA1133929	SRR31303452	SAMN42391127	PRJNA1133929	2023-01-01	China: Zhejiang	2024-11-17
PRJNA1133929	SRR31303453	SAMN42391126	PRJNA1133929	2023-01-01	China: Zhejiang	2024-11-17
PRJNA1133929	SRR31303454	SAMN42391125	PRJNA1133929	2023-01-01	China: Zhejiang	2024-11-17
PRJNA1133929	SRR31303455	SAMN42391124	PRJNA1133929	2023-01-01	China: Zhejiang	2024-11-17
PRJNA1133929	SRR31303456	SAMN42391123	PRJNA1133929	2023-01-01	China: Zhejiang	2024-11-17
PRJNA1133929	SRR31303459	SAMN42391120	PRJNA1133929	2023-01-01	China: Zhejiang	2024-11-17
PRJNA1133929	SRR31303462	SAMN42391107	PRJNA1133929	2023-01-01	China: Zhejiang	2024-11-17
PRJNA1133929	SRR31303463	SAMN42391106	PRJNA1133929	2023-01-01	China: Zhejiang	2024-11-17
PRJNA1133929	SRR31303471	SAMN42391099	PRJNA1133929	2023-01-01	China: Zhejiang	2024-11-17
PRJNA1133929	SRR31303474	SAMN42391097	PRJNA1133929	2023-01-01	China: Zhejiang	2024-11-17
PRJNA1133929	SRR31303475	SAMN42391096	PRJNA1133929	2023-01-01	China: Zhejiang	2024-11-17
PRJNA1133929	SRR31303476	SAMN42391095	PRJNA1133929	2023-01-01	China: Zhejiang	2024-11-17
PRJNA1133929	SRR31303477	SAMN42391113	PRJNA1133929	2023-01-01	China: Zhejiang	2024-11-17
PRJNA1133929	SRR31303478	SAMN42391115	PRJNA1133929	2023-01-01	China: Zhejiang	2024-11-17
PRJNA1133929	SRR31303481	SAMN42391093	PRJNA1133929	2023-01-01	China: Zhejiang	2024-11-17
PRJNA1133929	SRR31303484	SAMN42391094	PRJNA1133929	2023-01-01	China: Zhejiang	2024-11-17
PRJNA1133929	SRR31303424	SAMN42391089	PRJNA1133929	2023-01-01	China: Zhejiang	2024-11-17
PRJNA1133929	SRR31303425	SAMN42391111	PRJNA1133929	2023-01-01	China: Zhejiang	2024-11-17
PRJNA1133929	SRR31303427	SAMN42391149	PRJNA1133929	2023-12-19	China: Zhejiang	2024-11-17
PRJNA1133929	SRR31303430	SAMN42391147	PRJNA1133929	2023-11-14	China: Zhejiang	2024-11-17
PRJNA1133929	SRR31303434	SAMN42391143	PRJNA1133929	2023-10-30	China: Zhejiang	2024-11-17
PRJNA1133929	SRR31303440	SAMN42391109	PRJNA1133929	2023-01-01	China: Zhejiang	2024-11-17
PRJNA1133929	SRR31303443	SAMN42391135	PRJNA1133929	2023-01-01	China: Zhejiang	2024-11-17
PRJNA1133929	SRR31303448	SAMN42391130	PRJNA1133929	2023-01-01	China: Zhejiang	2024-11-17
PRJNA1133929	SRR31303449	SAMN42391129	PRJNA1133929	2023-01-01	China: Zhejiang	2024-11-17
PRJNA1133929	SRR31303451	SAMN42391108	PRJNA1133929	2023-01-01	China: Zhejiang	2024-11-17
PRJNA1133929	SRR31303460	SAMN42391119	PRJNA1133929	2023-01-01	China: Zhejiang	2024-11-17
PRJNA1133929	SRR31303461	SAMN42391118	PRJNA1133929	2023-01-01	China: Zhejiang	2024-11-17
PRJNA1133929	SRR31303464	SAMN42391104	PRJNA1133929	2023-01-01	China: Zhejiang	2024-11-17
PRJNA1133929	SRR31303466	SAMN42391102	PRJNA1133929	2023-01-01	China: Zhejiang	2024-11-17
PRJNA1133929	SRR31303469	SAMN42391101	PRJNA1133929	2023-01-01	China: Zhejiang	2024-11-17
PRJNA1133929	SRR31303480	SAMN42391112	PRJNA1133929	2023-01-01	China: Zhejiang	2024-11-17
PRJNA1133929	SRR31303482	SAMN42391092	PRJNA1133929	2023-01-01	China: Zhejiang	2024-11-17
PRJNA1133929	SRR31303483	SAMN42391091	PRJNA1133929	2023-01-01	China: Zhejiang	2024-11-17
PRJNA1133929	SRR31303485	SAMN42391088	PRJNA1133929	2023-01-01	China: Zhejiang	2024-11-17
PRJNA1133929	SRR31303423	SAMN42391090	PRJNA1133929	2023-01-01	China: Zhejiang	2024-11-17
PRJNA1133929	SRR31303428	SAMN42391148	PRJNA1133929	2023-11-22	China: Zhejiang	2024-11-17
PRJNA1133929	SRR31303429	SAMN42391110	PRJNA1133929	2023-01-01	China: Zhejiang	2024-11-17
PRJNA1133929	SRR31303431	SAMN42391146	PRJNA1133929	2023-11-13	China: Zhejiang	2024-11-17
PRJNA1133929	SRR31303437	SAMN42391140	PRJNA1133929	2023-10-15	China: Zhejiang	2024-11-17
PRJNA1133929	SRR31303439	SAMN42391138	PRJNA1133929	2023-08-30	China: Zhejiang	2024-11-17
PRJNA1133929	SRR31303445	SAMN42391133	PRJNA1133929	2023-01-01	China: Zhejiang	2024-11-17
PRJNA1133929	SRR31303450	SAMN42391128	PRJNA1133929	2023-01-01	China: Zhejiang	2024-11-17
PRJNA1133929	SRR31303457	SAMN42391122	PRJNA1133929	2023-01-01	China: Zhejiang	2024-11-17
PRJNA1133929	SRR31303458	SAMN42391121	PRJNA1133929	2023-01-01	China: Zhejiang	2024-11-17
PRJNA1133929	SRR31303465	SAMN42391103	PRJNA1133929	2023-01-01	China: Zhejiang	2024-11-17
PRJNA1133929	SRR31303467	SAMN42391117	PRJNA1133929	2023-01-01	China: Zhejiang	2024-11-17
PRJNA1133929	SRR31303468	SAMN42391116	PRJNA1133929	2023-01-01	China: Zhejiang	2024-11-17
PRJNA1133929	SRR31303470	SAMN42391100	PRJNA1133929	2023-01-01	China: Zhejiang	2024-11-17
PRJNA1133929	SRR31303472	SAMN42391098	PRJNA1133929	2023-01-01	China: Zhejiang	2024-11-17
PRJNA1133929	SRR31303473	SAMN42391105	PRJNA1133929	2023-01-01	China: Zhejiang	2024-11-17
PRJNA1133929	SRR31303479	SAMN42391114	PRJNA1133929	2023-01-01	China: Zhejiang	2024-11-17
PRJNA1199062	SRR31743822	SAMN45810565	PRJNA1199062	2024-07	Australia: New South Wales	2025-01-16
PRJNA1199062	SRR31743823	SAMN45810564	PRJNA1199062	2024-07	Australia: New South Wales	2025-01-16
PRJNA1199062	SRR31743827	SAMN45810560	PRJNA1199062	2024-07	Australia: New South Wales	2025-01-16
PRJNA1199062	SRR31743828	SAMN45810506	PRJNA1199062	2019-09	Australia: New South Wales	2025-01-16
PRJNA1199062	SRR31743834	SAMN45810554	PRJNA1199062	2024-07	Australia: South Australia	2025-01-16
PRJNA1199062	SRR31743840	SAMN45810549	PRJNA1199062	2024-05	Australia: Australian Capital Territory	2025-01-16
PRJNA1199062	SRR31743842	SAMN45810547	PRJNA1199062	2019-01	Australia: New South Wales	2025-01-16
PRJNA1199062	SRR31743846	SAMN45810543	PRJNA1199062	2024-01	Australia: Queensland	2025-01-16
PRJNA1199062	SRR31743856	SAMN45810590	PRJNA1199062	2024-09	Australia: New South Wales	2025-01-16
PRJNA1199062	SRR31743858	SAMN45810599	PRJNA1199062	2024-08	Australia: New South Wales	2025-01-16
PRJNA1199062	SRR31743859	SAMN45810598	PRJNA1199062	2024-08	Australia: New South Wales	2025-01-16
PRJNA1199062	SRR31743860	SAMN45810600	PRJNA1199062	2024-08	Australia: New South Wales	2025-01-16
PRJNA1199062	SRR31743861	SAMN45810596	PRJNA1199062	2024-08	Australia: New South Wales	2025-01-16
PRJNA1199062	SRR31743863	SAMN45810586	PRJNA1199062	2024-01	Australia: Queensland	2025-01-16
PRJNA1199062	SRR31743864	SAMN45810584	PRJNA1199062	2024-08	Australia: New South Wales	2025-01-16
PRJNA1199062	SRR31743878	SAMN45810558	PRJNA1199062	2024-01	Australia: Queensland	2025-01-16
PRJNA1199062	SRR31743879	SAMN45811366	PRJNA1199062	2024-07	Australia: New South Wales	2025-01-16
PRJNA1199062	SRR31743880	SAMN45811367	PRJNA1199062	2024-07	Australia: New South Wales	2025-01-16
PRJNA1199062	SRR31743882	SAMN45810541	PRJNA1199062	2024-01	Australia: Queensland	2025-01-16
PRJNA1199062	SRR31743884	SAMN45811371	PRJNA1199062	2024-06	Australia: New South Wales	2025-01-16
PRJNA1199062	SRR31743890	SAMN45810591	PRJNA1199062	2024-09	Australia: New South Wales	2025-01-16
PRJNA1199062	SRR31743891	SAMN45810590	PRJNA1199062	2024-09	Australia: New South Wales	2025-01-16
PRJNA1199062	SRR31743895	SAMN45810587	PRJNA1199062	2024-08	Australia: New South Wales	2025-01-16
PRJNA1199062	SRR31743897	SAMN45810585	PRJNA1199062	2024-08	Australia: New South Wales	2025-01-16
PRJNA1199062	SRR31743899	SAMN45810583	PRJNA1199062	2024-08	Australia: New South Wales	2025-01-16
PRJNA1199062	SRR31743901	SAMN45810581	PRJNA1199062	2024-04	Australia: Western Australia	2025-01-16
PRJNA1199062	SRR31743907	SAMN45810576	PRJNA1199062	2024-04	Australia: Western Australia	2025-01-16
PRJNA1199062	SRR31743914	SAMN45810507	PRJNA1199062	2019-10	Australia: New South Wales	2025-01-16
PRJNA1199062	SRR31743917	SAMN45810567	PRJNA1199062	2024-08	Australia: New South Wales	2025-01-16
PRJNA1199062	SRR31743918	SAMN45810537	PRJNA1199062	2016-04	Australia: New South Wales	2025-01-16
PRJNA1199062	SRR31743924	SAMN45810531	PRJNA1199062	2023-08	Australia: New South Wales	2025-01-16
PRJNA1199062	SRR31743925	SAMN45810530	PRJNA1199062	2017-12	Australia: New South Wales	2025-01-16
PRJNA1199062	SRR31743932	SAMN45810524	PRJNA1199062	2018-01	Australia: New South Wales	2025-01-16
PRJNA1199062	SRR31743933	SAMN45810523	PRJNA1199062	2019-12	Australia: New South Wales	2025-01-16
PRJNA1199062	SRR31743935	SAMN45810521	PRJNA1199062	2012-01	Australia: New South Wales	2025-01-16
PRJNA1199062	SRR31743936	SAMN45810520	PRJNA1199062	2024-07	Australia: New South Wales	2025-01-16
PRJNA1199062	SRR31743937	SAMN45810502	PRJNA1199062	2024-04	Australia: New South Wales	2025-01-16
PRJNA1199062	SRR31743938	SAMN45810544	PRJNA1199062	2024-01	Australia: Queensland	2025-01-16
PRJNA1199062	SRR31743941	SAMN45810546	PRJNA1199062	2018-11	Australia: New South Wales	2025-01-16
PRJNA1199062	SRR31743945	SAMN45810643	PRJNA1199062	2024-09	Australia: New South Wales	2025-01-16
PRJNA1199062	SRR31743946	SAMN45810641	PRJNA1199062	2024-09	Australia: New South Wales	2025-01-16
PRJNA1199062	SRR31743947	SAMN45810601	PRJNA1199062	2024-08	Australia: New South Wales	2025-01-16
PRJNA1199062	SRR31743949	SAMN45810603	PRJNA1199062	2024-09	Australia: New South Wales	2025-01-16
PRJNA1199062	SRR31743950	SAMN45810540	PRJNA1199062	2024-01	Australia: Queensland	2025-01-16
PRJNA1199062	SRR31743951	SAMN45810515	PRJNA1199062	2024-06	Australia: New South Wales	2025-01-16
PRJNA1199062	SRR31743952	SAMN45810514	PRJNA1199062	2024-04	Australia: New South Wales	2025-01-16
PRJNA1199062	SRR31743964	SAMN45810638	PRJNA1199062	2024-10	Australia: Queensland	2025-01-16
PRJNA1199062	SRR31743965	SAMN45810637	PRJNA1199062	2024-10	Australia: Queensland	2025-01-16
PRJNA1199062	SRR31743967	SAMN45810635	PRJNA1199062	2024-10	Australia: Queensland	2025-01-16
PRJNA1199062	SRR31743969	SAMN45810633	PRJNA1199062	2024-10	Australia: Queensland	2025-01-16
PRJNA1199062	SRR31743972	SAMN45810630	PRJNA1199062	2024-10	Australia: Queensland	2025-01-16
PRJNA1199062	SRR31743973	SAMN45810513	PRJNA1199062	2024-01	Australia: New South Wales	2025-01-16
PRJNA1199062	SRR31743974	SAMN45810629	PRJNA1199062	2024-10	Australia: Queensland	2025-01-16
PRJNA1199062	SRR31743981	SAMN45810622	PRJNA1199062	2024-10	Australia: Queensland	2025-01-16
PRJNA1199062	SRR31743984	SAMN45810512	PRJNA1199062	2024-01	Australia: New South Wales	2025-01-16
PRJNA1199062	SRR31743986	SAMN45810618	PRJNA1199062	2024-10	Australia: Queensland	2025-01-16
PRJNA1199062	SRR31743989	SAMN45810615	PRJNA1199062	2024-10	Australia: Queensland	2025-01-16
PRJNA1199062	SRR31743990	SAMN45810614	PRJNA1199062	2024-10	Australia: Queensland	2025-01-16
PRJNA1199062	SRR31743992	SAMN45810612	PRJNA1199062	2024-10	Australia: Queensland	2025-01-16
PRJNA1199062	SRR31743999	SAMN45810606	PRJNA1199062	2024-09	Australia: New South Wales	2025-01-16
PRJNA1199062	SRR31744002	SAMN45810603	PRJNA1199062	2024-09	Australia: New South Wales	2025-01-16
PRJNA1199062	SRR31744006	SAMN45810510	PRJNA1199062	2023-07	Australia: New South Wales	2025-01-16
PRJNA1199062	SRR31744008	SAMN45810500	PRJNA1199062	2024-01	Australia: New South Wales	2025-01-16
PRJNA1199062	SRR31743819	SAMN45810597	PRJNA1199062	2024-08	Australia: New South Wales	2025-01-16
PRJNA1199062	SRR31743821	SAMN45810566	PRJNA1199062	2024-08	Australia: New South Wales	2025-01-16
PRJNA1199062	SRR31743824	SAMN45810563	PRJNA1199062	2024-07	Australia: New South Wales	2025-01-16
PRJNA1199062	SRR31743825	SAMN45810562	PRJNA1199062	2024-07	Australia: New South Wales	2025-01-16
PRJNA1199062	SRR31743832	SAMN45810556	PRJNA1199062	2024-07	Australia: South Australia	2025-01-16
PRJNA1199062	SRR31743833	SAMN45810555	PRJNA1199062	2024-07	Australia: South Australia	2025-01-16
PRJNA1199062	SRR31743835	SAMN45810553	PRJNA1199062	2024-07	Australia: South Australia	2025-01-16
PRJNA1199062	SRR31743836	SAMN45810552	PRJNA1199062	2024-07	Australia: South Australia	2025-01-16
PRJNA1199062	SRR31743838	SAMN45810550	PRJNA1199062	2015-12	Australia: New South Wales	2025-01-16
PRJNA1199062	SRR31743843	SAMN45810546	PRJNA1199062	2018-11	Australia: New South Wales	2025-01-16
PRJNA1199062	SRR31743845	SAMN45810544	PRJNA1199062	2024-01	Australia: Queensland	2025-01-16
PRJNA1199062	SRR31743847	SAMN45810542	PRJNA1199062	2024-01	Australia: Queensland	2025-01-16
PRJNA1199062	SRR31743848	SAMN45810541	PRJNA1199062	2024-01	Australia: Queensland	2025-01-16
PRJNA1199062	SRR31743851	SAMN45810539	PRJNA1199062	2018-10	Australia: New South Wales	2025-01-16
PRJNA1199062	SRR31743852	SAMN45810538	PRJNA1199062	2016-01	Australia: New South Wales	2025-01-16
PRJNA1199062	SRR31743854	SAMN45810518	PRJNA1199062	2023-08	Australia: New South Wales	2025-01-16
PRJNA1199062	SRR31743855	SAMN45810605	PRJNA1199062	2024-08	Australia: New South Wales	2025-01-16
PRJNA1199062	SRR31743865	SAMN45810517	PRJNA1199062	2024-06	Australia: New South Wales	2025-01-16
PRJNA1199062	SRR31743869	SAMN45811369	PRJNA1199062	2024-07	Australia: New South Wales	2025-01-16
PRJNA1199062	SRR31743872	SAMN45810564	PRJNA1199062	2024-07	Australia: New South Wales	2025-01-16
PRJNA1199062	SRR31743875	SAMN45810560	PRJNA1199062	2024-07	Australia: New South Wales	2025-01-16
PRJNA1199062	SRR31743885	SAMN45810595	PRJNA1199062	2024-09	Australia: New South Wales	2025-01-16
PRJNA1199062	SRR31743886	SAMN45810504	PRJNA1199062	2024-06	Australia: New South Wales	2025-01-16
PRJNA1199062	SRR31743887	SAMN45810594	PRJNA1199062	2024-09	Australia: New South Wales	2025-01-16
PRJNA1199062	SRR31743892	SAMN45810509	PRJNA1199062	2020-04	Australia: New South Wales	2025-01-16
PRJNA1199062	SRR31743896	SAMN45810586	PRJNA1199062	2024-01	Australia: Queensland	2025-01-16
PRJNA1199062	SRR31743898	SAMN45810584	PRJNA1199062	2024-08	Australia: New South Wales	2025-01-16
PRJNA1199062	SRR31743900	SAMN45810582	PRJNA1199062	2024-05	Australia: Western Australia	2025-01-16
PRJNA1199062	SRR31743817	SAMN45810599	PRJNA1199062	2024-08	Australia: New South Wales	2025-01-16
PRJNA1199062	SRR31743902	SAMN45810580	PRJNA1199062	2024-05	Australia: Western Australia	2025-01-16
PRJNA1199062	SRR31743903	SAMN45810508	PRJNA1199062	2020-01	Australia: New South Wales	2025-01-16
PRJNA1199062	SRR31743905	SAMN45810578	PRJNA1199062	2024-05	Australia: Western Australia	2025-01-16
PRJNA1199062	SRR31743906	SAMN45810577	PRJNA1199062	2024-03	Australia: Western Australia	2025-01-16
PRJNA1199062	SRR31743908	SAMN45810575	PRJNA1199062	2019-03	Australia: Western Australia	2025-01-16
PRJNA1199062	SRR31743818	SAMN45810598	PRJNA1199062	2024-08	Australia: New South Wales	2025-01-16
PRJNA1199062	SRR31743909	SAMN45810574	PRJNA1199062	2016-04	Australia: Western Australia	2025-01-16
PRJNA1199062	SRR31743820	SAMN45810596	PRJNA1199062	2024-08	Australia: New South Wales	2025-01-16
PRJNA1199062	SRR31743911	SAMN45810572	PRJNA1199062	2016-02	Australia: Western Australia	2025-01-16
PRJNA1199062	SRR31743826	SAMN45810561	PRJNA1199062	2024-07	Australia: New South Wales	2025-01-16
PRJNA1199062	SRR31743912	SAMN45810571	PRJNA1199062	2016-01	Australia: Victoria	2025-01-16
PRJNA1199062	SRR31743829	SAMN45810559	PRJNA1199062	2024-07	Australia: New South Wales	2025-01-16
PRJNA1199062	SRR31743916	SAMN45810568	PRJNA1199062	2024-01	Australia: Victoria	2025-01-16
PRJNA1199062	SRR31743830	SAMN45810558	PRJNA1199062	2024-01	Australia: Queensland	2025-01-16
PRJNA1199062	SRR31743921	SAMN45810534	PRJNA1199062	2023-10	Australia: New South Wales	2025-01-16
PRJNA1199062	SRR31743922	SAMN45810533	PRJNA1199062	2023-08	Australia: New South Wales	2025-01-16
PRJNA1199062	SRR31743831	SAMN45810557	PRJNA1199062	2024-07	Australia: South Australia	2025-01-16
PRJNA1199062	SRR31743930	SAMN45810526	PRJNA1199062	2018-12	Australia: New South Wales	2025-01-16
PRJNA1199062	SRR31743837	SAMN45810551	PRJNA1199062	2024-06	Australia: Tasmania	2025-01-16
PRJNA1199062	SRR31743931	SAMN45810525	PRJNA1199062	2018-06	Australia: New South Wales	2025-01-16
PRJNA1199062	SRR31743934	SAMN45810522	PRJNA1199062	2016-01	Australia: New South Wales	2025-01-16
PRJNA1199062	SRR31743939	SAMN45810547	PRJNA1199062	2019-01	Australia: New South Wales	2025-01-16
PRJNA1199062	SRR31743953	SAMN45810542	PRJNA1199062	2024-01	Australia: Queensland	2025-01-16
PRJNA1199062	SRR31743956	SAMN45810645	PRJNA1199062	2024-10	Australia: New South Wales	2025-01-16
PRJNA1199062	SRR31743958	SAMN45810643	PRJNA1199062	2024-09	Australia: New South Wales	2025-01-16
PRJNA1199062	SRR31743968	SAMN45810634	PRJNA1199062	2024-10	Australia: Queensland	2025-01-16
PRJNA1199062	SRR31743970	SAMN45810632	PRJNA1199062	2024-10	Australia: Queensland	2025-01-16
PRJNA1199062	SRR31743839	SAMN45810505	PRJNA1199062	2019-08	Australia: New South Wales	2025-01-16
PRJNA1199062	SRR31743975	SAMN45810628	PRJNA1199062	2024-10	Australia: Queensland	2025-01-16
PRJNA1199062	SRR31743841	SAMN45810548	PRJNA1199062	2024-05	Australia: Australian Capital Territory	2025-01-16
PRJNA1199062	SRR31743844	SAMN45810545	PRJNA1199062	2019-05	Australia: New South Wales	2025-01-16
PRJNA1199062	SRR31743977	SAMN45810626	PRJNA1199062	2024-10	Australia: Queensland	2025-01-16
PRJNA1199062	SRR31743849	SAMN45810540	PRJNA1199062	2024-01	Australia: Queensland	2025-01-16
PRJNA1199062	SRR31743979	SAMN45810624	PRJNA1199062	2024-10	Australia: Queensland	2025-01-16
PRJNA1199062	SRR31743850	SAMN45810504	PRJNA1199062	2024-06	Australia: New South Wales	2025-01-16
PRJNA1199062	SRR31743982	SAMN45810621	PRJNA1199062	2024-10	Australia: Queensland	2025-01-16
PRJNA1199062	SRR31743853	SAMN45810597	PRJNA1199062	2024-08	Australia: New South Wales	2025-01-16
PRJNA1199062	SRR31743857	SAMN45810550	PRJNA1199062	2015-12	Australia: New South Wales	2025-01-16
PRJNA1199062	SRR31743983	SAMN45810620	PRJNA1199062	2024-10	Australia: Queensland	2025-01-16
PRJNA1199062	SRR31743987	SAMN45810617	PRJNA1199062	2024-10	Australia: Queensland	2025-01-16
PRJNA1199062	SRR31743862	SAMN45811370	PRJNA1199062	2024	Australia: Queensland	2025-01-16
PRJNA1199062	SRR31743988	SAMN45810616	PRJNA1199062	2024-10	Australia: Queensland	2025-01-16
PRJNA1199062	SRR31743866	SAMN45810585	PRJNA1199062	2024-08	Australia: New South Wales	2025-01-16
PRJNA1199062	SRR31743993	SAMN45810611	PRJNA1199062	2024-09	Australia: New South Wales	2025-01-16
PRJNA1199062	SRR31743994	SAMN45810610	PRJNA1199062	2024-09	Australia: New South Wales	2025-01-16
PRJNA1199062	SRR31743867	SAMN45810567	PRJNA1199062	2024-08	Australia: New South Wales	2025-01-16
PRJNA1199062	SRR31743996	SAMN45810609	PRJNA1199062	2024-09	Australia: New South Wales	2025-01-16
PRJNA1199062	SRR31743868	SAMN45810583	PRJNA1199062	2024-08	Australia: New South Wales	2025-01-16
PRJNA1199062	SRR31743870	SAMN45810565	PRJNA1199062	2024-07	Australia: New South Wales	2025-01-16
PRJNA1199062	SRR31743997	SAMN45810608	PRJNA1199062	2024-09	Australia: New South Wales	2025-01-16
PRJNA1199062	SRR31743998	SAMN45810607	PRJNA1199062	2024-09	Australia: New South Wales	2025-01-16
PRJNA1199062	SRR31743871	SAMN45810563	PRJNA1199062	2024-07	Australia: New South Wales	2025-01-16
PRJNA1199062	SRR31743873	SAMN45810562	PRJNA1199062	2024-07	Australia: New South Wales	2025-01-16
PRJNA1199062	SRR31744001	SAMN45810604	PRJNA1199062	2024-09	Australia: New South Wales	2025-01-16
PRJNA1199062	SRR31744005	SAMN45810600	PRJNA1199062	2024-08	Australia: New South Wales	2025-01-16
PRJNA1199062	SRR31743874	SAMN45810561	PRJNA1199062	2024-07	Australia: New South Wales	2025-01-16
PRJNA1199062	SRR31744007	SAMN45810501	PRJNA1199062	2019-10	Australia: New South Wales	2025-01-16
PRJNA1199062	SRR31743876	SAMN45810516	PRJNA1199062	2024-06	Australia: New South Wales	2025-01-16
PRJNA1199062	SRR31743877	SAMN45810559	PRJNA1199062	2024-07	Australia: New South Wales	2025-01-16
PRJNA1199062	SRR31743881	SAMN45811368	PRJNA1199062	2024-06	Australia: New South Wales	2025-01-16
PRJNA1199062	SRR31743883	SAMN45810543	PRJNA1199062	2024-01	Australia: Queensland	2025-01-16
PRJNA1199062	SRR31743888	SAMN45810593	PRJNA1199062	2024-09	Australia: New South Wales	2025-01-16
PRJNA1199062	SRR31743889	SAMN45810592	PRJNA1199062	2024-09	Australia: New South Wales	2025-01-16
PRJNA1199062	SRR31743893	SAMN45810589	PRJNA1199062	2024-08	Australia: New South Wales	2025-01-16
PRJNA1199062	SRR31743894	SAMN45810588	PRJNA1199062	2024-08	Australia: New South Wales	2025-01-16
PRJNA1199062	SRR31743904	SAMN45810579	PRJNA1199062	2024-04	Australia: Western Australia	2025-01-16
PRJNA1199062	SRR31743910	SAMN45810573	PRJNA1199062	2016-02	Australia: Western Australia	2025-01-16
PRJNA1199062	SRR31743913	SAMN45810570	PRJNA1199062	2024-06	Australia: Victoria	2025-01-16
PRJNA1199062	SRR31743915	SAMN45810569	PRJNA1199062	2024-03	Australia: Victoria	2025-01-16
PRJNA1199062	SRR31743919	SAMN45810536	PRJNA1199062	2024-06	Australia: New South Wales	2025-01-16
PRJNA1199062	SRR31743920	SAMN45810535	PRJNA1199062	2023-10	Australia: New South Wales	2025-01-16
PRJNA1199062	SRR31743923	SAMN45810532	PRJNA1199062	2019-10	Australia: New South Wales	2025-01-16
PRJNA1199062	SRR31743926	SAMN45810503	PRJNA1199062	2024-02	Australia: New South Wales	2025-01-16
PRJNA1199062	SRR31743927	SAMN45810529	PRJNA1199062	2018-03	Australia: New South Wales	2025-01-16
PRJNA1199062	SRR31743928	SAMN45810528	PRJNA1199062	2018-08	Australia: New South Wales	2025-01-16
PRJNA1199062	SRR31743929	SAMN45810527	PRJNA1199062	2018-07	Australia: New South Wales	2025-01-16
PRJNA1199062	SRR31743940	SAMN45810519	PRJNA1199062	2024-07	Australia: New South Wales	2025-01-16
PRJNA1199062	SRR31743942	SAMN45810539	PRJNA1199062	2018-10	Australia: New South Wales	2025-01-16
PRJNA1199062	SRR31743943	SAMN45810538	PRJNA1199062	2016-01	Australia: New South Wales	2025-01-16
PRJNA1199062	SRR31743944	SAMN45810604	PRJNA1199062	2024-09	Australia: New South Wales	2025-01-16
PRJNA1199062	SRR31743948	SAMN45810602	PRJNA1199062	2024-09	Australia: New South Wales	2025-01-16
PRJNA1199062	SRR31743954	SAMN45810647	PRJNA1199062	2024-10	Australia: New South Wales	2025-01-16
PRJNA1199062	SRR31743955	SAMN45810646	PRJNA1199062	2024-10	Australia: New South Wales	2025-01-16
PRJNA1199062	SRR31743957	SAMN45810644	PRJNA1199062	2024-10	Australia: New South Wales	2025-01-16
PRJNA1199062	SRR31743959	SAMN45810642	PRJNA1199062	2024-09	Australia: New South Wales	2025-01-16
PRJNA1199062	SRR31743960	SAMN45810641	PRJNA1199062	2024-09	Australia: New South Wales	2025-01-16
PRJNA1199062	SRR31743961	SAMN45810640	PRJNA1199062	2024-09	Australia: New South Wales	2025-01-16
PRJNA1199062	SRR31743962	SAMN45810514	PRJNA1199062	2024-04	Australia: New South Wales	2025-01-16
PRJNA1199062	SRR31743963	SAMN45810639	PRJNA1199062	2024-09	Australia: New South Wales	2025-01-16
PRJNA1199062	SRR31743966	SAMN45810636	PRJNA1199062	2024-10	Australia: Queensland	2025-01-16
PRJNA1199062	SRR31743971	SAMN45810631	PRJNA1199062	2024-10	Australia: Queensland	2025-01-16
PRJNA1199062	SRR31743976	SAMN45810627	PRJNA1199062	2024-10	Australia: Queensland	2025-01-16
PRJNA1199062	SRR31743978	SAMN45810625	PRJNA1199062	2024-10	Australia: Queensland	2025-01-16
PRJNA1199062	SRR31743980	SAMN45810623	PRJNA1199062	2024-10	Australia: Queensland	2025-01-16
PRJNA1199062	SRR31743985	SAMN45810619	PRJNA1199062	2024-10	Australia: Queensland	2025-01-16
PRJNA1199062	SRR31743991	SAMN45810613	PRJNA1199062	2024-10	Australia: Queensland	2025-01-16
PRJNA1199062	SRR31743995	SAMN45810511	PRJNA1199062	2023-09	Australia: New South Wales	2025-01-16
PRJNA1199062	SRR31744000	SAMN45810605	PRJNA1199062	2024-08	Australia: New South Wales	2025-01-16
PRJNA1199062	SRR31744003	SAMN45810602	PRJNA1199062	2024-09	Australia: New South Wales	2025-01-16
PRJNA1199062	SRR31744004	SAMN45810601	PRJNA1199062	2024-08	Australia: New South Wales	2025-01-16
PRJDB35593	DRR705530	SAMD01593372	PRJDB35593	2024-12-12	Japan:Osaka	2025-12-21
PRJDB35593	DRR705533	SAMD01593375	PRJDB35593	2025-01-21	Japan:Osaka	2025-12-21
PRJDB35593	DRR707963	SAMD01593371	PRJDB35593	2024-11-13	Japan:Osaka	2025-12-21
PRJDB35593	DRR707965	SAMD01593373	PRJDB35593	2024-12-12	Japan:Osaka	2025-12-21
PRJDB35593	DRR707966	SAMD01593374	PRJDB35593	2024-12-11	Japan:Osaka	2025-12-21
PRJDB35593	DRR705528	SAMD01593370	PRJDB35593	2024-09-18	Japan:Osaka	2025-12-21
PRJDB35593	DRR705529	SAMD01593371	PRJDB35593	2024-11-13	Japan:Osaka	2025-12-21
PRJDB35593	DRR705531	SAMD01593373	PRJDB35593	2024-12-12	Japan:Osaka	2025-12-21
PRJDB35593	DRR705534	SAMD01593376	PRJDB35593	2025-01-16	Japan:Osaka	2025-12-21
PRJDB35593	DRR707961	SAMD01593369	PRJDB35593	2024-09-12	Japan:Osaka	2025-12-21
PRJDB35593	DRR707962	SAMD01593370	PRJDB35593	2024-09-18	Japan:Osaka	2025-12-21
PRJDB35593	DRR707968	SAMD01593376	PRJDB35593	2025-01-16	Japan:Osaka	2025-12-21
PRJDB35593	DRR705527	SAMD01593369	PRJDB35593	2024-09-12	Japan:Osaka	2025-12-21
PRJDB35593	DRR705532	SAMD01593374	PRJDB35593	2024-12-11	Japan:Osaka	2025-12-21
PRJDB35593	DRR707964	SAMD01593372	PRJDB35593	2024-12-12	Japan:Osaka	2025-12-21
PRJDB35593	DRR707967	SAMD01593375	PRJDB35593	2025-01-21	Japan:Osaka	2025-12-21
PRJDB7578	DRR165179	SAMD00156478	PRJDB7578	2011	Japan:Fukuoka	2019-01-10
PRJDB7578	DRR165183	SAMD00156482	PRJDB7578	2012	Japan:Saitama	2019-01-10
PRJDB7578	DRR165185	SAMD00156484	PRJDB7578	2012	Japan:Osaka	2019-01-10
PRJDB7578	DRR165186	SAMD00156485	PRJDB7578	2012	Japan:Fukushima	2019-01-10
PRJDB7578	DRR165191	SAMD00156490	PRJDB7578	2016	Japan:Mie	2019-01-10
PRJDB7578	DRR300240	SAMD00328188	PRJDB7578	2010	Japan:Miyazaki	2021-06-18
PRJDB7578	DRR300241	SAMD00328189	PRJDB7578	2010	Japan:Miyazaki	2021-06-18
PRJDB7578	DRR300242	SAMD00328190	PRJDB7578	2010	Japan:Miyazaki	2021-06-18
PRJDB7578	DRR300247	SAMD00328195	PRJDB7578	2011	Japan:Miyazaki	2021-06-18
PRJDB7578	DRR300248	SAMD00328196	PRJDB7578	2011	Japan:Miyazaki	2021-06-18
PRJDB7578	DRR300249	SAMD00328197	PRJDB7578	2011	Japan:Miyazaki	2021-06-18
PRJDB7578	DRR300257	SAMD00328205	PRJDB7578	2012	Japan:Chiba	2021-06-18
PRJDB7578	DRR300258	SAMD00328206	PRJDB7578	2016	Japan:Nagano	2021-06-18
PRJDB7578	DRR300259	SAMD00328207	PRJDB7578	2016	Japan:Nagano	2021-06-18
PRJDB7578	DRR300265	SAMD00328213	PRJDB7578	2016	Japan:Nagano	2021-06-18
PRJDB7578	DRR300266	SAMD00328214	PRJDB7578	2016	Japan:Nagano	2021-06-18
PRJDB7578	DRR300270	SAMD00328218	PRJDB7578	2016	Japan:Nagano	2021-06-18
PRJDB7578	DRR300273	SAMD00328221	PRJDB7578	2016	Japan:Mie	2021-06-18
PRJDB7578	DRR300277	SAMD00328225	PRJDB7578	2018	Japan:Niigata	2021-06-18
PRJDB7578	DRR300279	SAMD00328227	PRJDB7578	2018	Japan:Niigata	2021-06-18
PRJDB7578	DRR342997	SAMD00439491	PRJDB7578	2012	Taiwan:Hualien County	2022-01-30
PRJDB7578	DRR374970	SAMD00490898	PRJDB7578	2012	Japan:Chiba	2022-05-17
PRJDB7578	DRR413408	SAMD00549620	PRJDB7578	2015	Japan:Hyogo	2022-10-18
PRJDB7578	DRR413411	SAMD00549623	PRJDB7578	2015	Japan:Miyazaki	2022-10-18
PRJDB7578	DRR413412	SAMD00549624	PRJDB7578	2015	Japan:Hyogo	2022-10-18
PRJDB7578	DRR413414	SAMD00549626	PRJDB7578	2015	Japan:Okinawa	2022-10-18
PRJDB7578	DRR413419	SAMD00549631	PRJDB7578	2016	Japan:Tokyo	2022-10-18
PRJDB7578	DRR413420	SAMD00549632	PRJDB7578	2016	Japan:Tokyo	2022-10-18
PRJDB7578	DRR413421	SAMD00549633	PRJDB7578	2016	Japan:Tottori	2022-10-18
PRJDB7578	DRR413422	SAMD00549634	PRJDB7578	2017	Japan:Yamanashi	2022-10-18
PRJDB7578	DRR413423	SAMD00549635	PRJDB7578	2018	Japan:Kanagawa	2022-10-18
PRJDB7578	DRR428469	SAMD00570793	PRJDB7578	2004	Japan:Mie	2023-01-12
PRJDB7578	DRR428473	SAMD00570797	PRJDB7578	2009	Japan:Kanagawa	2023-01-12
PRJDB7578	DRR428477	SAMD00570801	PRJDB7578	2013	Japan:Fukuoka	2023-01-12
PRJDB7578	DRR428480	SAMD00570804	PRJDB7578	2014	Japan:Mie	2023-01-12
PRJDB7578	DRR428481	SAMD00570805	PRJDB7578	2014	Japan:Hyogo	2023-01-12
PRJDB7578	DRR428482	SAMD00570806	PRJDB7578	2019	Japan:Mie	2023-01-12
PRJDB7578	DRR428484	SAMD00570808	PRJDB7578	2019	Japan:Mie	2023-01-12
PRJDB7578	DRR428485	SAMD00570809	PRJDB7578	2019	Japan:Mie	2023-01-12
PRJDB7578	DRR428487	SAMD00570811	PRJDB7578	2019	Japan:Aichi	2023-01-12
PRJDB7578	DRR428490	SAMD00570814	PRJDB7578	2020	Japan:Aichi	2023-01-12
PRJDB7578	DRR445791	SAMD00549575	PRJDB7578	2018	Japan:Tokyo	2023-02-27
PRJDB7578	DRR631446	SAMD00872993	PRJDB7578	2019	Japan:Saitama	2025-01-19
PRJDB7578	DRR631449	SAMD00872996	PRJDB7578	2019	Japan:Niigata	2025-01-19
PRJDB7578	DRR631453	SAMD00873000	PRJDB7578	2019	Japan:Hyogo	2025-01-19
PRJDB7578	DRR165178	SAMD00156477	PRJDB7578	2011	Japan:Miyazaki	2019-01-10
PRJDB7578	DRR165180	SAMD00156479	PRJDB7578	2012	Japan:Iwate	2019-01-10
PRJDB7578	DRR165182	SAMD00156481	PRJDB7578	2012	Japan:Aichi	2019-01-10
PRJDB7578	DRR165184	SAMD00156483	PRJDB7578	2011	Japan:Osaka	2019-01-10
PRJDB7578	DRR165190	SAMD00156489	PRJDB7578	2016	Japan:Tokyo	2019-01-10
PRJDB7578	DRR165192	SAMD00156491	PRJDB7578	2016	Japan:Hokkaido	2019-01-10
PRJDB7578	DRR165194	SAMD00156493	PRJDB7578	2017	Japan:Chiba	2019-01-10
PRJDB7578	DRR165195	SAMD00156494	PRJDB7578	2015	Japan:Tokyo	2019-01-10
PRJDB7578	DRR300236	SAMD00328237	PRJDB7578	2018	Japan:Osaka	2021-07-04
PRJDB7578	DRR300238	SAMD00328186	PRJDB7578	2010	Japan:Miyazaki	2021-06-18
PRJDB7578	DRR300243	SAMD00328191	PRJDB7578	2011	Japan:Miyazaki	2021-06-18
PRJDB7578	DRR300245	SAMD00328193	PRJDB7578	2011	Japan:Miyazaki	2021-06-18
PRJDB7578	DRR300246	SAMD00328194	PRJDB7578	2011	Japan:Miyazaki	2021-06-18
PRJDB7578	DRR300253	SAMD00328201	PRJDB7578	2012	Japan:Chiba	2021-06-18
PRJDB7578	DRR300254	SAMD00328202	PRJDB7578	2012	Japan:Chiba	2021-06-18
PRJDB7578	DRR300255	SAMD00328203	PRJDB7578	2012	Japan:Chiba	2021-06-18
PRJDB7578	DRR300256	SAMD00328204	PRJDB7578	2012	Japan:Chiba	2021-06-18
PRJDB7578	DRR300262	SAMD00328210	PRJDB7578	2016	Japan:Toyama	2021-06-18
PRJDB7578	DRR300264	SAMD00328212	PRJDB7578	2016	Japan:Nagano	2021-06-18
PRJDB7578	DRR300269	SAMD00328217	PRJDB7578	2016	Japan:Mie	2021-06-18
PRJDB7578	DRR300271	SAMD00328219	PRJDB7578	2016	Japan:Nagano	2021-06-18
PRJDB7578	DRR300272	SAMD00328220	PRJDB7578	2016	Japan:Mie	2021-06-18
PRJDB7578	DRR300274	SAMD00328222	PRJDB7578	2016	Japan:Mie	2021-06-18
PRJDB7578	DRR300275	SAMD00328223	PRJDB7578	2016	Japan:Nagano	2021-06-18
PRJDB7578	DRR300276	SAMD00328224	PRJDB7578	2016	Japan:Mie	2021-06-18
PRJDB7578	DRR300280	SAMD00328228	PRJDB7578	2018	Japan:Niigata	2021-06-18
PRJDB7578	DRR374966	SAMD00490894	PRJDB7578	2011	Japan:Chiba	2022-05-17
PRJDB7578	DRR374968	SAMD00490896	PRJDB7578	2011	Japan:Chiba	2022-05-17
PRJDB7578	DRR374969	SAMD00490897	PRJDB7578	2012	Japan:Chiba	2022-05-17
PRJDB7578	DRR374971	SAMD00490899	PRJDB7578	2012	Japan:Chiba	2022-05-17
PRJDB7578	DRR413407	SAMD00549619	PRJDB7578	2015	Japan:Nagasaki	2022-10-18
PRJDB7578	DRR413415	SAMD00549627	PRJDB7578	2015	Japan:Tokushima	2022-10-18
PRJDB7578	DRR413416	SAMD00549628	PRJDB7578	2015	Japan:Hyogo	2022-10-18
PRJDB7578	DRR413425	SAMD00549637	PRJDB7578	2018	Japan:Kanagawa	2022-10-18
PRJDB7578	DRR428471	SAMD00570795	PRJDB7578	2011	Japan:Chiba	2023-01-12
PRJDB7578	DRR428475	SAMD00570799	PRJDB7578	2008	Japan:Kanagawa	2023-01-12
PRJDB7578	DRR428478	SAMD00570802	PRJDB7578	2013	Japan:Fukuoka	2023-01-12
PRJDB7578	DRR428479	SAMD00570803	PRJDB7578	2014	Japan:Mie	2023-01-12
PRJDB7578	DRR428483	SAMD00570807	PRJDB7578	2019	Japan:Mie	2023-01-12
PRJDB7578	DRR428488	SAMD00570812	PRJDB7578	2019	Japan:Aichi	2023-01-12
PRJDB7578	DRR428491	SAMD00571254	PRJDB7578	2019	Viet Nam:Hanoi	2023-01-13
PRJDB7578	DRR428493	SAMD00571256	PRJDB7578	2020	Viet Nam:Hanoi	2023-01-13
PRJDB7578	DRR428494	SAMD00571257	PRJDB7578	2020	Viet Nam:Hanoi	2023-01-13
PRJDB7578	DRR428496	SAMD00571259	PRJDB7578	2020	Viet Nam:Hanoi	2023-01-13
PRJDB7578	DRR631448	SAMD00872995	PRJDB7578	2019	Japan:Shizuoka	2025-01-19
PRJDB7578	DRR631451	SAMD00872998	PRJDB7578	2019	Japan:Hyogo	2025-01-19
PRJDB7578	DRR631454	SAMD00873001	PRJDB7578	2016	Japan:Toyama	2025-01-19
PRJDB7578	DRR795566	SAMD01708853	PRJDB7578	2025	Japan:Saitama	2025-11-23
PRJDB7578	DRR165176	SAMD00156475	PRJDB7578	2011	Japan:Shizuoka	2019-01-10
PRJDB7578	DRR165177	SAMD00156476	PRJDB7578	2011	Japan:Shimane	2019-01-10
PRJDB7578	DRR165181	SAMD00156480	PRJDB7578	2012	Japan:Chiba	2019-01-10
PRJDB7578	DRR165187	SAMD00156486	PRJDB7578	2016	Japan:Hokkaido	2019-01-10
PRJDB7578	DRR165188	SAMD00156487	PRJDB7578	2016	Japan:Nagano	2019-01-10
PRJDB7578	DRR165189	SAMD00156488	PRJDB7578	2015	Japan:Toyama	2019-01-10
PRJDB7578	DRR165193	SAMD00156492	PRJDB7578	2016	Japan:Chiba	2019-01-10
PRJDB7578	DRR300237	SAMD00328185	PRJDB7578	2010	Japan:Miyazaki	2021-06-18
PRJDB7578	DRR300239	SAMD00328187	PRJDB7578	2010	Japan:Miyazaki	2021-06-18
PRJDB7578	DRR300244	SAMD00328192	PRJDB7578	2011	Japan:Miyazaki	2021-06-18
PRJDB7578	DRR300250	SAMD00328198	PRJDB7578	2011	Japan:Miyazaki	2021-06-18
PRJDB7578	DRR300251	SAMD00328199	PRJDB7578	2012	Japan:Chiba	2021-06-18
PRJDB7578	DRR300252	SAMD00328200	PRJDB7578	2012	Japan:Chiba	2021-06-18
PRJDB7578	DRR300260	SAMD00328208	PRJDB7578	2016	Japan:Nagano	2021-06-18
PRJDB7578	DRR300261	SAMD00328209	PRJDB7578	2015	Japan:Toyama	2021-06-18
PRJDB7578	DRR300263	SAMD00328211	PRJDB7578	2016	Japan:Toyama	2021-06-18
PRJDB7578	DRR300267	SAMD00328215	PRJDB7578	2016	Japan:Nagano	2021-06-18
PRJDB7578	DRR300268	SAMD00328216	PRJDB7578	2016	Japan:Mie	2021-06-18
PRJDB7578	DRR300278	SAMD00328226	PRJDB7578	2018	Japan:Niigata	2021-06-18
PRJDB7578	DRR342996	SAMD00439490	PRJDB7578	2011	Taiwan:Taoyuan City	2022-01-30
PRJDB7578	DRR374967	SAMD00490895	PRJDB7578	2011	Japan:Chiba	2022-05-17
PRJDB7578	DRR413409	SAMD00549621	PRJDB7578	2015	Japan:Nagasaki	2022-10-18
PRJDB7578	DRR413410	SAMD00549622	PRJDB7578	2015	Japan:Mie	2022-10-18
PRJDB7578	DRR413413	SAMD00549625	PRJDB7578	2015	Japan:Fukuoka	2022-10-18
PRJDB7578	DRR413417	SAMD00549629	PRJDB7578	2016	Japan:Mie	2022-10-18
PRJDB7578	DRR413418	SAMD00549630	PRJDB7578	2016	Japan:Nagasaki	2022-10-18
PRJDB7578	DRR413424	SAMD00549636	PRJDB7578	2018	Japan:Tokyo	2022-10-18
PRJDB7578	DRR428468	SAMD00570792	PRJDB7578	2000	Japan:Chiba	2023-01-12
PRJDB7578	DRR428470	SAMD00570794	PRJDB7578	2004	Japan:Mie	2023-01-12
PRJDB7578	DRR428472	SAMD00570796	PRJDB7578	2011	Japan:Chiba	2023-01-12
PRJDB7578	DRR428474	SAMD00570798	PRJDB7578	2009	Japan:Kanagawa	2023-01-12
PRJDB7578	DRR428476	SAMD00570800	PRJDB7578	2008	Japan:Kanagawa	2023-01-12
PRJDB7578	DRR428486	SAMD00570810	PRJDB7578	2019	Japan:Mie	2023-01-12
PRJDB7578	DRR428489	SAMD00570813	PRJDB7578	2020	Japan:Aichi	2023-01-12
PRJDB7578	DRR428492	SAMD00571255	PRJDB7578	2019	Viet Nam:Hanoi	2023-01-13
PRJDB7578	DRR428495	SAMD00571258	PRJDB7578	2020	Viet Nam:Hanoi	2023-01-13
PRJDB7578	DRR631445	SAMD00872944	PRJDB7578	2024	Japan:Ibaraki	2025-01-19
PRJDB7578	DRR631447	SAMD00872994	PRJDB7578	2019	Japan:Shizuoka	2025-01-19
PRJDB7578	DRR631450	SAMD00872997	PRJDB7578	2019	Japan:Niigata	2025-01-19
PRJDB7578	DRR631452	SAMD00872999	PRJDB7578	2019	Japan:Hyogo	2025-01-19
PRJDB7578	DRR795565	SAMD01708852	PRJDB7578	2025	Japan:Saitama	2025-11-23
PRJEB18624	ERR1775137	SAMEA41188168	PRJEB18624	1994	Japan	2018-02-13
PRJEB18624	ERR1775138	SAMEA41188918	PRJEB18624	1999	Japan	2018-02-13
PRJEB18624	ERR1775140	SAMEA41190418	PRJEB18624	2000	Japan	2018-02-13
PRJEB18624	ERR1775148	SAMEA41196418	PRJEB18624	2000	Japan	2018-02-13
PRJEB18624	ERR1775157	SAMEA41203168	PRJEB18624	1996	Japan	2018-02-13
PRJEB18624	ERR1775158	SAMEA41203918	PRJEB18624	1996	Japan	2018-02-13
PRJEB18624	ERR1775161	SAMEA41206168	PRJEB18624	1996	Japan	2018-02-13
PRJEB18624	ERR1775163	SAMEA41207668	PRJEB18624	1996	Japan	2018-02-13
PRJEB18624	ERR1775169	SAMEA41212168	PRJEB18624	2002	Japan	2018-02-13
PRJEB18624	ERR1775173	SAMEA41215168	PRJEB18624	1995	Japan	2018-02-13
PRJEB18624	ERR1775177	SAMEA41218168	PRJEB18624	2003	Japan	2018-02-13
PRJEB18624	ERR1775184	SAMEA41223418	PRJEB18624	2004	Japan	2018-02-13
PRJEB18624	ERR1775187	SAMEA41225668	PRJEB18624	1992	Japan	2018-02-13
PRJEB18624	ERR1775190	SAMEA41227918	PRJEB18624	2005	Japan	2018-02-13
PRJEB18624	ERR1775191	SAMEA41228668	PRJEB18624	2005	Japan	2018-02-13
PRJEB18624	ERR1775192	SAMEA41229418	PRJEB18624	2005	Japan	2018-02-13
PRJEB18624	ERR1775199	SAMEA41234668	PRJEB18624	2006	Japan	2018-02-13
PRJEB18624	ERR1775200	SAMEA41235418	PRJEB18624	2006	Japan	2018-02-13
PRJEB18624	ERR1775201	SAMEA41236168	PRJEB18624	2007	Japan	2018-02-13
PRJEB18624	ERR1775209	SAMEA41242168	PRJEB18624	2008	Japan	2018-02-13
PRJEB18624	ERR1775210	SAMEA41242918	PRJEB18624	2007	Japan	2018-02-13
PRJEB18624	ERR1775214	SAMEA41245918	PRJEB18624	2009	Japan	2018-02-13
PRJEB18624	ERR1775215	SAMEA41246668	PRJEB18624	2009	Japan	2018-02-13
PRJEB18624	ERR1775220	SAMEA41250418	PRJEB18624	2010	Japan	2018-02-13
PRJEB18624	ERR1775224	SAMEA41253418	PRJEB18624	2010	Japan	2018-02-13
PRJEB18624	ERR1775228	SAMEA41256418	PRJEB18624	1994	Japan	2018-02-13
PRJEB18624	ERR1775229	SAMEA41257168	PRJEB18624	2011	Japan	2018-02-13
PRJEB18624	ERR1775230	SAMEA41257918	PRJEB18624	2012	Japan	2018-02-13
PRJEB18624	ERR1775231	SAMEA41258668	PRJEB18624	1994	Japan	2018-02-13
PRJEB18624	ERR1775232	SAMEA41259418	PRJEB18624	2012	Japan	2018-02-13
PRJEB18624	ERR1775233	SAMEA41260168	PRJEB18624	2012	Japan	2018-02-13
PRJEB18624	ERR1775236	SAMEA41262418	PRJEB18624	2000	Japan	2018-02-13
PRJEB18624	ERR1775240	SAMEA41265418	PRJEB18624	2010	Japan	2018-02-13
PRJEB18624	ERR1775241	SAMEA41266168	PRJEB18624	2013	Japan	2018-02-13
PRJEB18624	ERR1775242	SAMEA41266918	PRJEB18624	2013	Japan	2018-02-13
PRJEB18624	ERR1775244	SAMEA41268418	PRJEB18624	2013	Japan	2018-02-13
PRJEB18624	ERR1775246	SAMEA41269918	PRJEB18624	2014	Japan	2018-02-13
PRJEB18624	ERR1775258	SAMEA41278918	PRJEB18624	2000	Japan	2018-02-13
PRJEB18624	ERR1775259	SAMEA41279668	PRJEB18624	2000	Japan	2018-02-13
PRJEB18624	ERR1775261	SAMEA41281168	PRJEB18624	1999	Japan	2018-02-13
PRJEB18624	ERR1775267	SAMEA41285668	PRJEB18624	1990	Japan	2018-02-13
PRJEB18624	ERR1775273	SAMEA41290168	PRJEB18624	1983	Japan	2018-02-13
PRJEB18624	ERR1775275	SAMEA41291668	PRJEB18624	1986	Japan	2018-02-13
PRJEB18624	ERR1775278	SAMEA41293918	PRJEB18624	1983	Japan	2018-02-13
PRJEB18624	ERR1775285	SAMEA41299168	PRJEB18624	2008	Japan	2018-02-13
PRJEB18624	ERR1775290	SAMEA41302918	PRJEB18624	2008	Japan	2018-02-13
PRJEB18624	ERR1775291	SAMEA41303668	PRJEB18624	2008	Japan	2018-02-13
PRJEB18624	ERR1775295	SAMEA41306668	PRJEB18624	2009	Japan	2018-02-13
PRJEB18624	ERR1775296	SAMEA41307418	PRJEB18624	2009	Japan	2018-02-13
PRJEB18624	ERR1775297	SAMEA41308168	PRJEB18624	2009	Japan	2018-02-13
PRJEB18624	ERR1775302	SAMEA41311918	PRJEB18624	2011	Japan	2018-02-13
PRJEB18624	ERR1775303	SAMEA41312668	PRJEB18624	2011	Japan	2018-02-13
PRJEB18624	ERR1775305	SAMEA41314168	PRJEB18624	2011	Japan	2018-02-13
PRJEB18624	ERR1775307	SAMEA41315668	PRJEB18624	2011	Japan	2018-02-13
PRJEB18624	ERR1775309	SAMEA41317168	PRJEB18624	2011	Japan	2018-02-13
PRJEB18624	ERR1775313	SAMEA41320168	PRJEB18624	2011	Japan	2018-02-13
PRJEB18624	ERR1775316	SAMEA41322418	PRJEB18624	2012	Japan	2018-02-13
PRJEB18624	ERR1775318	SAMEA41323918	PRJEB18624	2012	Japan	2018-02-13
PRJEB18624	ERR1775319	SAMEA41324668	PRJEB18624	2013	Japan	2018-02-13
PRJEB18624	ERR1775134	SAMEA41185918	PRJEB18624	2000	Japan	2018-02-13
PRJEB18624	ERR1775145	SAMEA41194168	PRJEB18624	2000	Japan	2018-02-13
PRJEB18624	ERR1775146	SAMEA41194918	PRJEB18624	1999	Japan	2018-02-13
PRJEB18624	ERR1775150	SAMEA41197918	PRJEB18624	1997	Japan	2018-02-13
PRJEB18624	ERR1775154	SAMEA41200918	PRJEB18624	1998	Japan	2018-02-13
PRJEB18624	ERR1775155	SAMEA41201668	PRJEB18624	2001	Japan	2018-02-13
PRJEB18624	ERR1775156	SAMEA41202418	PRJEB18624	2000	Japan	2018-02-13
PRJEB18624	ERR1775159	SAMEA41204668	PRJEB18624	1996	Japan	2018-02-13
PRJEB18624	ERR1775162	SAMEA41206918	PRJEB18624	1996	Japan	2018-02-13
PRJEB18624	ERR1775164	SAMEA41208418	PRJEB18624	2000	Japan	2018-02-13
PRJEB18624	ERR1775165	SAMEA41209168	PRJEB18624	2000	Japan	2018-02-13
PRJEB18624	ERR1775166	SAMEA41209918	PRJEB18624	2001	Japan	2018-02-13
PRJEB18624	ERR1775167	SAMEA41210668	PRJEB18624	2002	Japan	2018-02-13
PRJEB18624	ERR1775168	SAMEA41211418	PRJEB18624	1990	Japan	2018-02-13
PRJEB18624	ERR1775171	SAMEA41213668	PRJEB18624	2002	Japan	2018-02-13
PRJEB18624	ERR1775174	SAMEA41215918	PRJEB18624	1986	Japan	2018-02-13
PRJEB18624	ERR1775176	SAMEA41217418	PRJEB18624	2003	Japan	2018-02-13
PRJEB18624	ERR1775178	SAMEA41218918	PRJEB18624	2003	Japan	2018-02-13
PRJEB18624	ERR1775180	SAMEA41220418	PRJEB18624	1991	Japan	2018-02-13
PRJEB18624	ERR1775183	SAMEA41222668	PRJEB18624	2004	Japan	2018-02-13
PRJEB18624	ERR1775185	SAMEA41224168	PRJEB18624	2004	Japan	2018-02-13
PRJEB18624	ERR1775189	SAMEA41227168	PRJEB18624	1992	Japan	2018-02-13
PRJEB18624	ERR1775194	SAMEA41230918	PRJEB18624	2005	Japan	2018-02-13
PRJEB18624	ERR1775195	SAMEA41231668	PRJEB18624	2006	Japan	2018-02-13
PRJEB18624	ERR1775197	SAMEA41233168	PRJEB18624	1999	Japan	2018-02-13
PRJEB18624	ERR1775202	SAMEA41236918	PRJEB18624	2007	Japan	2018-02-13
PRJEB18624	ERR1775206	SAMEA41239918	PRJEB18624	2007	Japan	2018-02-13
PRJEB18624	ERR1775212	SAMEA41244418	PRJEB18624	2009	Japan	2018-02-13
PRJEB18624	ERR1775219	SAMEA41249668	PRJEB18624	1994	Japan	2018-02-13
PRJEB18624	ERR1775222	SAMEA41251918	PRJEB18624	2010	Japan	2018-02-13
PRJEB18624	ERR1775223	SAMEA41252668	PRJEB18624	1994	Japan	2018-02-13
PRJEB18624	ERR1775226	SAMEA41254918	PRJEB18624	2011	Japan	2018-02-13
PRJEB18624	ERR1775235	SAMEA41261668	PRJEB18624	1997	Japan	2018-02-13
PRJEB18624	ERR1775237	SAMEA41263168	PRJEB18624	1982	Japan	2018-02-13
PRJEB18624	ERR1775238	SAMEA41263918	PRJEB18624	2011	Japan	2018-02-13
PRJEB18624	ERR1775243	SAMEA41267668	PRJEB18624	2013	Japan	2018-02-13
PRJEB18624	ERR1775245	SAMEA41269168	PRJEB18624	2013	Japan	2018-02-13
PRJEB18624	ERR1775249	SAMEA41272168	PRJEB18624	1995	Japan	2018-02-13
PRJEB18624	ERR1775252	SAMEA41274418	PRJEB18624	2000	Japan	2018-02-13
PRJEB18624	ERR1775256	SAMEA41277418	PRJEB18624	1995	Japan	2018-02-13
PRJEB18624	ERR1775257	SAMEA41278168	PRJEB18624	2000	Japan	2018-02-13
PRJEB18624	ERR1775262	SAMEA41281918	PRJEB18624	2000	Japan	2018-02-13
PRJEB18624	ERR1775263	SAMEA41282668	PRJEB18624	1989	Japan	2018-02-13
PRJEB18624	ERR1775264	SAMEA41283418	PRJEB18624	1988	Japan	2018-02-13
PRJEB18624	ERR1775265	SAMEA41284168	PRJEB18624	1988	Japan	2018-02-13
PRJEB18624	ERR1775269	SAMEA41287168	PRJEB18624	1991	Japan	2018-02-13
PRJEB18624	ERR1775270	SAMEA41287918	PRJEB18624	1996	Japan	2018-02-13
PRJEB18624	ERR1775271	SAMEA41288668	PRJEB18624	1982	Japan	2018-02-13
PRJEB18624	ERR1775277	SAMEA41293168	PRJEB18624	1987	Japan	2018-02-13
PRJEB18624	ERR1775286	SAMEA41299918	PRJEB18624	2008	Japan	2018-02-13
PRJEB18624	ERR1775292	SAMEA41304418	PRJEB18624	2008	Japan	2018-02-13
PRJEB18624	ERR1775294	SAMEA41305918	PRJEB18624	2009	Japan	2018-02-13
PRJEB18624	ERR1775299	SAMEA41309668	PRJEB18624	2009	Japan	2018-02-13
PRJEB18624	ERR1775300	SAMEA41310418	PRJEB18624	2010	Japan	2018-02-13
PRJEB18624	ERR1775304	SAMEA41313418	PRJEB18624	2011	Japan	2018-02-13
PRJEB18624	ERR1775308	SAMEA41316418	PRJEB18624	2011	Japan	2018-02-13
PRJEB18624	ERR1775310	SAMEA41317918	PRJEB18624	2011	Japan	2018-02-13
PRJEB18624	ERR1775311	SAMEA41318668	PRJEB18624	2011	Japan	2018-02-13
PRJEB18624	ERR1775312	SAMEA41319418	PRJEB18624	2011	Japan	2018-02-13
PRJEB18624	ERR1775135	SAMEA41186668	PRJEB18624	1996	Japan	2018-02-13
PRJEB18624	ERR1775136	SAMEA41187418	PRJEB18624	1983	Japan	2018-02-13
PRJEB18624	ERR1775139	SAMEA41189668	PRJEB18624	1999	Japan	2018-02-13
PRJEB18624	ERR1775141	SAMEA41191168	PRJEB18624	2000	Japan	2018-02-13
PRJEB18624	ERR1775142	SAMEA41191918	PRJEB18624	2000	Japan	2018-02-13
PRJEB18624	ERR1775143	SAMEA41192668	PRJEB18624	2000	Japan	2018-02-13
PRJEB18624	ERR1775144	SAMEA41193418	PRJEB18624	2000	Japan	2018-02-13
PRJEB18624	ERR1775147	SAMEA41195668	PRJEB18624	2000	Japan	2018-02-13
PRJEB18624	ERR1775149	SAMEA41197168	PRJEB18624	1999	Japan	2018-02-13
PRJEB18624	ERR1775151	SAMEA41198668	PRJEB18624	2001	Japan	2018-02-13
PRJEB18624	ERR1775152	SAMEA41199418	PRJEB18624	1990	Japan	2018-02-13
PRJEB18624	ERR1775153	SAMEA41200168	PRJEB18624	1995	Japan	2018-02-13
PRJEB18624	ERR1775160	SAMEA41205418	PRJEB18624	1996	Japan	2018-02-13
PRJEB18624	ERR1775170	SAMEA41212918	PRJEB18624	2002	Japan	2018-02-13
PRJEB18624	ERR1775172	SAMEA41214418	PRJEB18624	2002	Japan	2018-02-13
PRJEB18624	ERR1775175	SAMEA41216668	PRJEB18624	1986	Japan	2018-02-13
PRJEB18624	ERR1775179	SAMEA41219668	PRJEB18624	2003	Japan	2018-02-13
PRJEB18624	ERR1775181	SAMEA41221168	PRJEB18624	2003	Japan	2018-02-13
PRJEB18624	ERR1775182	SAMEA41221918	PRJEB18624	2004	Japan	2018-02-13
PRJEB18624	ERR1775186	SAMEA41224918	PRJEB18624	2004	Japan	2018-02-13
PRJEB18624	ERR1775188	SAMEA41226418	PRJEB18624	1992	Japan	2018-02-13
PRJEB18624	ERR1775193	SAMEA41230168	PRJEB18624	2005	Japan	2018-02-13
PRJEB18624	ERR1775196	SAMEA41232418	PRJEB18624	2006	Japan	2018-02-13
PRJEB18624	ERR1775198	SAMEA41233918	PRJEB18624	2006	Japan	2018-02-13
PRJEB18624	ERR1775203	SAMEA41237668	PRJEB18624	1995	Japan	2018-02-13
PRJEB18624	ERR1775204	SAMEA41238418	PRJEB18624	2007	Japan	2018-02-13
PRJEB18624	ERR1775205	SAMEA41239168	PRJEB18624	1994	Japan	2018-02-13
PRJEB18624	ERR1775207	SAMEA41240668	PRJEB18624	2008	Japan	2018-02-13
PRJEB18624	ERR1775208	SAMEA41241418	PRJEB18624	1994	Japan	2018-02-13
PRJEB18624	ERR1775211	SAMEA41243668	PRJEB18624	2008	Japan	2018-02-13
PRJEB18624	ERR1775213	SAMEA41245168	PRJEB18624	2009	Japan	2018-02-13
PRJEB18624	ERR1775216	SAMEA41247418	PRJEB18624	1994	Japan	2018-02-13
PRJEB18624	ERR1775217	SAMEA41248168	PRJEB18624	2009	Japan	2018-02-13
PRJEB18624	ERR1775218	SAMEA41248918	PRJEB18624	2009	Japan	2018-02-13
PRJEB18624	ERR1775221	SAMEA41251168	PRJEB18624	2010	Japan	2018-02-13
PRJEB18624	ERR1775225	SAMEA41254168	PRJEB18624	2011	Japan	2018-02-13
PRJEB18624	ERR1775227	SAMEA41255668	PRJEB18624	2011	Japan	2018-02-13
PRJEB18624	ERR1775234	SAMEA41260918	PRJEB18624	2012	Japan	2018-02-13
PRJEB18624	ERR1775239	SAMEA41264668	PRJEB18624	2012	Japan	2018-02-13
PRJEB18624	ERR1775247	SAMEA41270668	PRJEB18624	2014	Japan	2018-02-13
PRJEB18624	ERR1775248	SAMEA41271418	PRJEB18624	2014	Japan	2018-02-13
PRJEB18624	ERR1775250	SAMEA41272918	PRJEB18624	2014	Japan	2018-02-13
PRJEB18624	ERR1775251	SAMEA41273668	PRJEB18624	2014	Japan	2018-02-13
PRJEB18624	ERR1775253	SAMEA41275168	PRJEB18624	1999	Japan	2018-02-13
PRJEB18624	ERR1775254	SAMEA41275918	PRJEB18624	1999	Japan	2018-02-13
PRJEB18624	ERR1775255	SAMEA41276668	PRJEB18624	2000	Japan	2018-02-13
PRJEB18624	ERR1775260	SAMEA41280418	PRJEB18624	2000	Japan	2018-02-13
PRJEB18624	ERR1775266	SAMEA41284918	PRJEB18624	1996	Japan	2018-02-13
PRJEB18624	ERR1775268	SAMEA41286418	PRJEB18624	1990	Japan	2018-02-13
PRJEB18624	ERR1775272	SAMEA41289418	PRJEB18624	1996	Japan	2018-02-13
PRJEB18624	ERR1775274	SAMEA41290918	PRJEB18624	1986	Japan	2018-02-13
PRJEB18624	ERR1775276	SAMEA41292418	PRJEB18624	1987	Japan	2018-02-13
PRJEB18624	ERR1775279	SAMEA41294668	PRJEB18624	1983	Japan	2018-02-13
PRJEB18624	ERR1775280	SAMEA41295418	PRJEB18624	1983	Japan	2018-02-13
PRJEB18624	ERR1775281	SAMEA41296168	PRJEB18624	1983	Japan	2018-02-13
PRJEB18624	ERR1775282	SAMEA41296918	PRJEB18624	1983	Japan	2018-02-13
PRJEB18624	ERR1775283	SAMEA41297668	PRJEB18624	2008	Japan	2018-02-13
PRJEB18624	ERR1775284	SAMEA41298418	PRJEB18624	2008	Japan	2018-02-13
PRJEB18624	ERR1775287	SAMEA41300668	PRJEB18624	2008	Japan	2018-02-13
PRJEB18624	ERR1775288	SAMEA41301418	PRJEB18624	2008	Japan	2018-02-13
PRJEB18624	ERR1775289	SAMEA41302168	PRJEB18624	2008	Japan	2018-02-13
PRJEB18624	ERR1775293	SAMEA41305168	PRJEB18624	2008	Japan	2018-02-13
PRJEB18624	ERR1775298	SAMEA41308918	PRJEB18624	2009	Japan	2018-02-13
PRJEB18624	ERR1775301	SAMEA41311168	PRJEB18624	2010	Japan	2018-02-13
PRJEB18624	ERR1775306	SAMEA41314918	PRJEB18624	2011	Japan	2018-02-13
PRJEB18624	ERR1775314	SAMEA41320918	PRJEB18624	2012	Japan	2018-02-13
PRJEB18624	ERR1775315	SAMEA41321668	PRJEB18624	2012	Japan	2018-02-13
PRJEB18624	ERR1775317	SAMEA41323168	PRJEB18624	2012	Japan	2018-02-13
PRJEB18624	ERR1775320	SAMEA41325418	PRJEB18624	2013	Japan	2018-02-13
PRJEB18624	ERR1775321	SAMEA41326168	PRJEB18624	2013	Japan	2018-02-13
PRJEB2274	ERR019585	SAMEA751483	PRJEB2274			2010-09-24
PRJEB2274	ERR019586	SAMEA751272;SAMEA751275;SAMEA751277;SAMEA751266;SAMEA751268;SAMEA751270;SAMEA751279;SAMEA751283;SAMEA751386;SAMEA751384;SAMEA751390;SAMEA751399	PRJEB2274	1974;1997;1993;1998;1967;1995;1962	Poland;Senegal	2010-09-24
PRJEB2274	ERR019589	SAMEA751275	PRJEB2274	1993	Senegal	2010-09-24
PRJEB2274	ERR019590	SAMEA751384	PRJEB2274	1997	Poland	2010-09-24
PRJEB2274	ERR019592	SAMEA751399	PRJEB2274	1967	Poland	2010-09-24
PRJEB2274	ERR019593	SAMEA751283	PRJEB2274	1998	Poland	2010-09-24
PRJEB2274	ERR019594	SAMEA751390	PRJEB2274			2010-09-24
PRJEB2274	ERR019598	SAMEA751277	PRJEB2274	1997	Poland	2010-09-24
PRJEB2274	ERR019601	SAMEA751388	PRJEB2274	1997	Poland	2010-09-24
PRJEB2274	ERR019602	SAMEA751392	PRJEB2274	1998	Poland	2010-09-24
PRJEB2274	ERR019605	SAMEA751376	PRJEB2274	2000	Poland	2010-09-24
PRJEB2274	ERR023404	SAMEA751311;SAMEA751370;SAMEA751304;SAMEA751302;SAMEA751300;SAMEA751298;SAMEA751230;SAMEA751232;SAMEA751226;SAMEA751228;SAMEA751235;SAMEA751237	PRJEB2274			2011-01-06
PRJEB2274	ERR023405	SAMEA751311;SAMEA751370;SAMEA751304;SAMEA751302;SAMEA751300;SAMEA751298;SAMEA751230;SAMEA751232;SAMEA751226;SAMEA751228;SAMEA751235;SAMEA751237	PRJEB2274			2011-01-06
PRJEB2274	ERR023411	SAMEA751311;SAMEA751370;SAMEA751304;SAMEA751302;SAMEA751300;SAMEA751298;SAMEA751230;SAMEA751232;SAMEA751226;SAMEA751228;SAMEA751235;SAMEA751237	PRJEB2274			2011-01-06
PRJEB2274	ERR023412	SAMEA751311;SAMEA751370;SAMEA751304;SAMEA751302;SAMEA751300;SAMEA751298;SAMEA751230;SAMEA751232;SAMEA751226;SAMEA751228;SAMEA751235;SAMEA751237	PRJEB2274			2011-01-06
PRJEB2274	ERR023413	SAMEA751311;SAMEA751370;SAMEA751304;SAMEA751302;SAMEA751300;SAMEA751298;SAMEA751230;SAMEA751232;SAMEA751226;SAMEA751228;SAMEA751235;SAMEA751237	PRJEB2274			2011-01-06
PRJEB2274	ERR023415	SAMEA751311;SAMEA751370;SAMEA751304;SAMEA751302;SAMEA751300;SAMEA751298;SAMEA751230;SAMEA751232;SAMEA751226;SAMEA751228;SAMEA751235;SAMEA751237	PRJEB2274			2011-01-06
PRJEB2274	ERR023416	SAMEA751311;SAMEA751370;SAMEA751304;SAMEA751302;SAMEA751300;SAMEA751298;SAMEA751230;SAMEA751232;SAMEA751226;SAMEA751228;SAMEA751235;SAMEA751237	PRJEB2274			2011-01-06
PRJEB2274	ERR028821	SAMEA751292	PRJEB2274	2004	Sweden	2011-02-01
PRJEB2274	ERR028822	SAMEA751359	PRJEB2274	2004	Sweden	2011-02-01
PRJEB2274	ERR028826	SAMEA751288	PRJEB2274	2000	Sweden	2011-02-01
PRJEB2274	ERR028827	SAMEA751339	PRJEB2274	1998	Sweden	2011-02-01
PRJEB2274	ERR028834	SAMEA751353	PRJEB2274	1993	France	2011-02-01
PRJEB2274	ERR028835	SAMEA751415	PRJEB2274	2005	France	2011-02-01
PRJEB2274	ERR028838	SAMEA751348	PRJEB2274	1995	France	2011-02-01
PRJEB2274	ERR028842	SAMEA751409	PRJEB2274	2002	France	2011-02-01
PRJEB2274	ERR028851	SAMEA751422	PRJEB2274			2011-02-01
PRJEB2274	ERR028853	SAMEA751405	PRJEB2274	2000	Australia	2011-02-01
PRJEB2274	ERR028855	SAMEA751474	PRJEB2274	2002	Australia	2011-02-01
PRJEB2274	ERR028856	SAMEA751477	PRJEB2274	2004	Australia	2011-02-01
PRJEB2274	ERR028857	SAMEA751476	PRJEB2274	2004	Australia	2011-02-01
PRJEB2274	ERR028860	SAMEA751508	PRJEB2274	1971	Australia	2011-02-01
PRJEB2274	ERR028864	SAMEA751479	PRJEB2274	1989	Australia	2011-02-01
PRJEB2274	ERR028867	SAMEA751512	PRJEB2274	1977	Australia	2011-02-01
PRJEB2274	ERR028874	SAMEA751507	PRJEB2274	1900/2014	Australia	2011-02-01
PRJEB2274	ERR028876	SAMEA751501	PRJEB2274	1989	Australia	2011-02-01
PRJEB2274	ERR028880	SAMEA751183	PRJEB2274	1995	Australia	2011-02-01
PRJEB2274	ERR028881	SAMEA751337	PRJEB2274	1998	Australia	2011-02-01
PRJEB2274	ERR028884	SAMEA751458;SAMEA751437;SAMEA751460;SAMEA751435;SAMEA751454;SAMEA751457;SAMEA751456;SAMEA751467;SAMEA751466;SAMEA751166;SAMEA751494	PRJEB2274	2003;2007;2004;2005;2006	Taiwan	2011-02-01
PRJEB2274	ERR028888	SAMEA751437	PRJEB2274	2003	Taiwan	2011-02-01
PRJEB2274	ERR029291	SAMEA751135	PRJEB2274			2011-02-10
PRJEB2274	ERR029292	SAMEA751495	PRJEB2274			2011-02-10
PRJEB2274	ERR029295	SAMEA751136	PRJEB2274	1994	Italy	2011-02-10
PRJEB2274	ERR029299	SAMEA751138	PRJEB2274	1994	Italy	2011-02-10
PRJEB2274	ERR029300	SAMEA751141	PRJEB2274	1995	Italy	2011-02-10
PRJEB2274	ERR029302	SAMEA751496	PRJEB2274	1994	Italy	2011-02-10
PRJEB2274	ERR029305	SAMEA751491	PRJEB2274	1998	Japan	2011-02-10
PRJEB2274	ERR029310	SAMEA751452	PRJEB2274	1995	Italy	2011-02-10
PRJEB2274	ERR029313	SAMEA751447	PRJEB2274	1991	Japan	2011-02-10
PRJEB2274	ERR029318	SAMEA751130	PRJEB2274	2000	Argentina	2011-02-10
PRJEB2274	ERR029326	SAMEA751125	PRJEB2274	2000	Argentina	2011-02-10
PRJEB2274	ERR029336	SAMEA751161	PRJEB2274	2006	Finland	2011-02-10
PRJEB2274	ERR029340	SAMEA751157	PRJEB2274	2001	Denmark	2011-02-10
PRJEB2274	ERR029980	SAMEA751165;SAMEA751189;SAMEA751185;SAMEA751203;SAMEA751196;SAMEA751214;SAMEA751209;SAMEA751222;SAMEA751218;SAMEA751461;SAMEA751455;SAMEA751290	PRJEB2274	1995;2001;2002;2007;2005;2000	Canada;Denmark	2011-03-03
PRJEB2274	ERR029982	SAMEA751461	PRJEB2274	2001	Canada	2011-03-03
PRJEB2274	ERR029983	SAMEA751455	PRJEB2274	2001	Canada	2011-03-03
PRJEB2274	ERR029988	SAMEA751196	PRJEB2274	2001	Canada	2011-03-03
PRJEB2274	ERR029994	SAMEA751145	PRJEB2274	1977	Finland	2011-03-03
PRJEB2274	ERR029995	SAMEA751148	PRJEB2274	1982	Finland	2011-03-03
PRJEB2274	ERR030000	SAMEA751151	PRJEB2274	2002	Finland	2011-03-03
PRJEB2274	ERR030002	SAMEA751174	PRJEB2274	1965	Finland	2011-03-03
PRJEB2274	ERR030003	SAMEA751241;SAMEA751252;SAMEA751255;SAMEA751248;SAMEA751250;SAMEA751257;SAMEA751259;SAMEA751382;SAMEA751341;SAMEA751168;SAMEA751407;SAMEA751170	PRJEB2274	2002;2003;1998;1999;2000;2001	USA	2011-03-03
PRJEB2274	ERR030005	SAMEA751168	PRJEB2274	2001	USA	2011-03-03
PRJEB2274	ERR030006	SAMEA751407	PRJEB2274	2002	USA	2011-03-03
PRJEB2274	ERR030007	SAMEA751170	PRJEB2274	2003	USA	2011-03-03
PRJEB2274	ERR030008	SAMEA751252	PRJEB2274	1999	USA	2011-03-03
PRJEB2274	ERR030010	SAMEA751248	PRJEB2274	1999	USA	2011-03-03
PRJEB2274	ERR030012	SAMEA751257	PRJEB2274	2000	USA	2011-03-03
PRJEB2274	ERR030014	SAMEA751382	PRJEB2274	2000	USA	2011-03-03
PRJEB2274	ERR030016	SAMEA751434;SAMEA751171;SAMEA751172;SAMEA751177;SAMEA751178;SAMEA751169;SAMEA751176;SAMEA751181;SAMEA751182;SAMEA751244;SAMEA751246;SAMEA751239	PRJEB2274	1997;1977;1995;1935;1998;1939;1946;1978;1999	USA	2011-03-03
PRJEB2274	ERR030023	SAMEA751177	PRJEB2274	1946	USA	2011-03-03
PRJEB2274	ERR030025	SAMEA751169	PRJEB2274	1977	USA	2011-03-03
PRJEB2274	ERR030029	SAMEA751503;SAMEA751504;SAMEA751446;SAMEA751444;SAMEA751445;SAMEA751442;SAMEA751443;SAMEA751440;SAMEA751441;SAMEA751438;SAMEA751439	PRJEB2274	2000;2003;1992;1999;1997;1998	Taiwan	2011-03-03
PRJEB2274	ERR030031	SAMEA751438	PRJEB2274	2000	Taiwan	2011-03-03
PRJEB2274	ERR030035	SAMEA751442	PRJEB2274	2003	Taiwan	2011-03-03
PRJEB2274	ERR030037	SAMEA751444	PRJEB2274	1998	Taiwan	2011-03-03
PRJEB2274	ERR030039	SAMEA751443	PRJEB2274	1999	Taiwan	2011-03-03
PRJEB2274	ERR031083	SAMEA751517	PRJEB2274	2003	Argentina	2011-03-15
PRJEB2274	ERR031084	SAMEA751518	PRJEB2274	2006	Argentina	2011-03-15
PRJEB2274	ERR031102	SAMEA751366	PRJEB2274	2000	Netherlands	2011-03-15
PRJEB2274	ERR037400	SAMEA751424	PRJEB2274	1949	United Kingdom	2011-06-27
PRJEB2274	ERR037402	SAMEA751481	PRJEB2274	1979	United Kingdom	2011-06-27
PRJEB2274	ERR037403	SAMEA751468	PRJEB2274	1982	United Kingdom	2011-06-27
PRJEB2274	ERR037407	SAMEA751464	PRJEB2274	2001	United Kingdom	2011-06-27
PRJEB2274	ERR037409	SAMEA751332	PRJEB2274	1971	Sweden	2011-06-27
PRJEB2274	ERR037413	SAMEA751327	PRJEB2274	2008	United Kingdom	2011-06-27
PRJEB2274	ERR037417	SAMEA751318	PRJEB2274	1970	Sweden	2011-06-27
PRJEB2274	ERR037419	SAMEA751153	PRJEB2274	2001	Canada	2011-06-27
PRJEB2274	ERR037424	SAMEA751281	PRJEB2274			2011-06-27
PRJEB2274	ERR037426	SAMEA751429	PRJEB2274	2004	Canada	2011-06-27
PRJEB2274	ERR361832	SAMEA1931748	PRJEB2274	1975	Kenya	2013-10-31
PRJEB2274	ERR361836	SAMEA1931573	PRJEB2274	2003	USA	2013-10-31
PRJEB2274	ERR361838	SAMEA1931450	PRJEB2274	1993	USA	2013-10-31
PRJEB2274	ERR361845	SAMEA1931346	PRJEB2274	2002	Australia	2013-10-31
PRJEB2274	ERR361848	SAMEA2015295	PRJEB2274	2002	Hong Kong	2013-10-31
PRJEB2274	ERR361849	SAMEA1931802	PRJEB2274	2002	Hong Kong	2013-10-31
PRJEB2274	ERR361852	SAMEA2015293	PRJEB2274	2006	Hong Kong	2013-10-31
PRJEB2274	ERR361854	SAMEA1931801	PRJEB2274	1998	Australia	2013-10-31
PRJEB2274	ERR361859	SAMEA1931721	PRJEB2274	1975	Kenya	2013-10-31
PRJEB2274	ERR361860	SAMEA1931351	PRJEB2274	2000	Netherlands	2013-10-31
PRJEB2274	ERR361861	SAMEA1986112	PRJEB2274	1975	Kenya	2013-10-31
PRJEB2274	ERR361870	SAMEA751503	PRJEB2274	1992	Taiwan	2013-10-31
PRJEB2274	ERR361874	SAMEA751444	PRJEB2274	1998	Taiwan	2013-10-31
PRJEB2274	ERR361876	SAMEA751443	PRJEB2274	1999	Taiwan	2013-10-31
PRJEB2274	ERR361878	SAMEA751441	PRJEB2274	1999	Taiwan	2013-10-31
PRJEB2274	ERR361880	SAMEA751439	PRJEB2274	2000	Taiwan	2013-10-31
PRJEB2274	ERR019595	SAMEA751268	PRJEB2274	1974	Poland	2010-09-24
PRJEB2274	ERR019596	SAMEA751270	PRJEB2274	1974	Poland	2010-09-24
PRJEB2274	ERR019603	SAMEA751378	PRJEB2274			2010-09-24
PRJEB2274	ERR019604	SAMEA751397	PRJEB2274	1999	Poland	2010-09-24
PRJEB2274	ERR023408	SAMEA751311;SAMEA751370;SAMEA751304;SAMEA751302;SAMEA751300;SAMEA751298;SAMEA751230;SAMEA751232;SAMEA751226;SAMEA751228;SAMEA751235;SAMEA751237	PRJEB2274			2011-01-06
PRJEB2274	ERR023409	SAMEA751311;SAMEA751370;SAMEA751304;SAMEA751302;SAMEA751300;SAMEA751298;SAMEA751230;SAMEA751232;SAMEA751226;SAMEA751228;SAMEA751235;SAMEA751237	PRJEB2274			2011-01-06
PRJEB2274	ERR023410	SAMEA751311;SAMEA751370;SAMEA751304;SAMEA751302;SAMEA751300;SAMEA751298;SAMEA751230;SAMEA751232;SAMEA751226;SAMEA751228;SAMEA751235;SAMEA751237	PRJEB2274			2011-01-06
PRJEB2274	ERR023414	SAMEA751311;SAMEA751370;SAMEA751304;SAMEA751302;SAMEA751300;SAMEA751298;SAMEA751230;SAMEA751232;SAMEA751226;SAMEA751228;SAMEA751235;SAMEA751237	PRJEB2274			2011-01-06
PRJEB2274	ERR028824	SAMEA751354	PRJEB2274	1956	Sweden	2011-02-01
PRJEB2274	ERR028825	SAMEA751286	PRJEB2274	2004	Sweden	2011-02-01
PRJEB2274	ERR028828	SAMEA751343	PRJEB2274	2002	Sweden	2011-02-01
PRJEB2274	ERR028829	SAMEA751294	PRJEB2274	1999	Sweden	2011-02-01
PRJEB2274	ERR028831	SAMEA751307	PRJEB2274	2006	Sweden	2011-02-01
PRJEB2274	ERR028832	SAMEA751309	PRJEB2274	2004	Sweden	2011-02-01
PRJEB2274	ERR028837	SAMEA751350	PRJEB2274	1993	France	2011-02-01
PRJEB2274	ERR028839	SAMEA751345	PRJEB2274	1996	France	2011-02-01
PRJEB2274	ERR028846	SAMEA751419	PRJEB2274			2011-02-01
PRJEB2274	ERR028849	SAMEA751473	PRJEB2274	1995	Australia	2011-02-01
PRJEB2274	ERR028854	SAMEA751475	PRJEB2274	2000	Australia	2011-02-01
PRJEB2274	ERR028858	SAMEA751472;SAMEA751480;SAMEA751479;SAMEA751514;SAMEA751515;SAMEA751512;SAMEA751513;SAMEA751510;SAMEA751511;SAMEA751508;SAMEA751509;SAMEA751520	PRJEB2274	1997;1989;1995;1971;2007;1974;1977	Australia	2011-02-01
PRJEB2274	ERR028859	SAMEA751472	PRJEB2274	1995	Australia	2011-02-01
PRJEB2274	ERR028861	SAMEA751509	PRJEB2274	1971	Australia	2011-02-01
PRJEB2274	ERR028862	SAMEA751520	PRJEB2274	1989	Australia	2011-02-01
PRJEB2274	ERR028869	SAMEA751510	PRJEB2274	1997	Australia	2011-02-01
PRJEB2274	ERR028871	SAMEA751521;SAMEA751501;SAMEA751502;SAMEA751499;SAMEA751500;SAMEA751183;SAMEA751337;SAMEA751155;SAMEA751167;SAMEA751506;SAMEA751507;SAMEA751459	PRJEB2274	2002;2007;1995;1900/2014;2000;1998;1989;1996;1982;1990	Australia	2011-02-01
PRJEB2274	ERR028872	SAMEA751521	PRJEB2274	1990	Australia	2011-02-01
PRJEB2274	ERR028873	SAMEA751506	PRJEB2274	2002	Australia	2011-02-01
PRJEB2274	ERR028875	SAMEA751459	PRJEB2274	2007	Australia	2011-02-01
PRJEB2274	ERR028877	SAMEA751502	PRJEB2274	1998	Australia	2011-02-01
PRJEB2274	ERR028879	SAMEA751500	PRJEB2274	1996	Australia	2011-02-01
PRJEB2274	ERR028882	SAMEA751155	PRJEB2274	2000	Australia	2011-02-01
PRJEB2274	ERR028883	SAMEA751167	PRJEB2274	1900/2014	Australia	2011-02-01
PRJEB2274	ERR028885	SAMEA751458	PRJEB2274	2003	Taiwan	2011-02-01
PRJEB2274	ERR028886	SAMEA751166	PRJEB2274	2007	Taiwan	2011-02-01
PRJEB2274	ERR028889	SAMEA751460	PRJEB2274	2004	Taiwan	2011-02-01
PRJEB2274	ERR028891	SAMEA751454	PRJEB2274	2005	Taiwan	2011-02-01
PRJEB2274	ERR028893	SAMEA751456	PRJEB2274	2006	Taiwan	2011-02-01
PRJEB2274	ERR028895	SAMEA751466	PRJEB2274	2007	Taiwan	2011-02-01
PRJEB2274	ERR029290	SAMEA751135;SAMEA751136;SAMEA751139;SAMEA751140;SAMEA751137;SAMEA751138;SAMEA751141;SAMEA751142;SAMEA751496;SAMEA751495;SAMEA751498;SAMEA751497	PRJEB2274	1994;1995	Italy	2011-02-10
PRJEB2274	ERR029294	SAMEA751497	PRJEB2274	1994	Italy	2011-02-10
PRJEB2274	ERR029296	SAMEA751139	PRJEB2274	1994	Italy	2011-02-10
PRJEB2274	ERR029297	SAMEA751140	PRJEB2274	1994	Italy	2011-02-10
PRJEB2274	ERR029301	SAMEA751142	PRJEB2274	1994	Italy	2011-02-10
PRJEB2274	ERR029303	SAMEA751453;SAMEA751450;SAMEA751449;SAMEA751452;SAMEA751451;SAMEA751448;SAMEA751447;SAMEA751493;SAMEA751522;SAMEA751491;SAMEA751492;SAMEA751489	PRJEB2274	1994;1991;1995;1999;1998;1988;1996	Italy;Japan	2011-02-10
PRJEB2274	ERR029304	SAMEA751453	PRJEB2274	1994	Italy	2011-02-10
PRJEB2274	ERR029308	SAMEA751450	PRJEB2274	1994	Italy	2011-02-10
PRJEB2274	ERR029309	SAMEA751449	PRJEB2274	1994	Italy	2011-02-10
PRJEB2274	ERR029311	SAMEA751451	PRJEB2274	1988	Japan	2011-02-10
PRJEB2274	ERR029312	SAMEA751448	PRJEB2274	1991	Japan	2011-02-10
PRJEB2274	ERR029320	SAMEA751487	PRJEB2274	2002	Japan	2011-02-10
PRJEB2274	ERR029321	SAMEA751488	PRJEB2274	2003	Japan	2011-02-10
PRJEB2274	ERR029323	SAMEA751486	PRJEB2274	2004	Japan	2011-02-10
PRJEB2274	ERR029325	SAMEA751126	PRJEB2274	2007	Japan	2011-02-10
PRJEB2274	ERR029329	SAMEA751128	PRJEB2274	2006	Finland	2011-02-10
PRJEB2274	ERR029330	SAMEA751158	PRJEB2274	2001	Denmark	2011-02-10
PRJEB2274	ERR029331	SAMEA751159	PRJEB2274	2001	Denmark	2011-02-10
PRJEB2274	ERR029332	SAMEA751164	PRJEB2274	2002	Denmark	2011-02-10
PRJEB2274	ERR029334	SAMEA751132	PRJEB2274	2004	Finland	2011-02-10
PRJEB2274	ERR029337	SAMEA751162	PRJEB2274	1962	Denmark	2011-02-10
PRJEB2274	ERR029338	SAMEA751163	PRJEB2274	1968	Denmark	2011-02-10
PRJEB2274	ERR029981	SAMEA751165	PRJEB2274	2005	Denmark	2011-03-03
PRJEB2274	ERR029985	SAMEA751189	PRJEB2274	2007	Denmark	2011-03-03
PRJEB2274	ERR029986	SAMEA751185	PRJEB2274	2002	Canada	2011-03-03
PRJEB2274	ERR029987	SAMEA751203	PRJEB2274	2001	Canada	2011-03-03
PRJEB2274	ERR029992	SAMEA751218	PRJEB2274	1995	Canada	2011-03-03
PRJEB2274	ERR029993	SAMEA751145;SAMEA751148;SAMEA751147;SAMEA751150;SAMEA751149;SAMEA751152;SAMEA751151;SAMEA751173;SAMEA751174	PRJEB2274	1999;1965;2002;2003;1994;1977;1996;1982;1991	Finland	2011-03-03
PRJEB2274	ERR029997	SAMEA751150	PRJEB2274	1994	Finland	2011-03-03
PRJEB2274	ERR030001	SAMEA751173	PRJEB2274	2003	Finland	2011-03-03
PRJEB2274	ERR030004	SAMEA751241	PRJEB2274	1998	USA	2011-03-03
PRJEB2274	ERR030013	SAMEA751259	PRJEB2274	2000	USA	2011-03-03
PRJEB2274	ERR030015	SAMEA751341	PRJEB2274	2001	USA	2011-03-03
PRJEB2274	ERR030019	SAMEA751246	PRJEB2274	1999	USA	2011-03-03
PRJEB2274	ERR030021	SAMEA751434	PRJEB2274	1978	USA	2011-03-03
PRJEB2274	ERR030028	SAMEA751182	PRJEB2274	1997	USA	2011-03-03
PRJEB2274	ERR030030	SAMEA751441	PRJEB2274	1999	Taiwan	2011-03-03
PRJEB2274	ERR030032	SAMEA751439	PRJEB2274	2000	Taiwan	2011-03-03
PRJEB2274	ERR030034	SAMEA751504	PRJEB2274	2003	Taiwan	2011-03-03
PRJEB2274	ERR030036	SAMEA751446	PRJEB2274	1997	Taiwan	2011-03-03
PRJEB2274	ERR030040	SAMEA751440	PRJEB2274	1999	Taiwan	2011-03-03
PRJEB2274	ERR031080	SAMEA751184;SAMEA751516;SAMEA751517;SAMEA751518;SAMEA751519;SAMEA751134;SAMEA751482;SAMEA751144;SAMEA751143	PRJEB2274	2003;1900/2014;1969;2007;2001;2006;2008;1953;1964	Argentina;Finland	2011-03-15
PRJEB2274	ERR031081	SAMEA751184	PRJEB2274	2001	Argentina	2011-03-15
PRJEB2274	ERR031085	SAMEA751519	PRJEB2274	2007	Argentina	2011-03-15
PRJEB2274	ERR031088	SAMEA751144	PRJEB2274	1953	Finland	2011-03-15
PRJEB2274	ERR031089	SAMEA751143	PRJEB2274	1964	Finland	2011-03-15
PRJEB2274	ERR031090	SAMEA751175;SAMEA751505;SAMEA751484;SAMEA751180;SAMEA751179;SAMEA751360;SAMEA751362;SAMEA751364;SAMEA751366;SAMEA751368;SAMEA751261;SAMEA751263	PRJEB2274	1952;1950;1990;1957;1996;2003;1977;1976;2000;1991;1954;1993	Netherlands;China;USA	2011-03-15
PRJEB2274	ERR031092	SAMEA751368	PRJEB2274	1993	USA	2011-03-15
PRJEB2274	ERR031093	SAMEA751261	PRJEB2274	2003	USA	2011-03-15
PRJEB2274	ERR031096	SAMEA751484	PRJEB2274	1954	Netherlands	2011-03-15
PRJEB2274	ERR031098	SAMEA751179	PRJEB2274	1976	Netherlands	2011-03-15
PRJEB2274	ERR031100	SAMEA751362	PRJEB2274	1990	Netherlands	2011-03-15
PRJEB2274	ERR031101	SAMEA751364	PRJEB2274	1991	Netherlands	2011-03-15
PRJEB2274	ERR037401	SAMEA751478	PRJEB2274	1967	United Kingdom	2011-06-27
PRJEB2274	ERR037405	SAMEA751462	PRJEB2274	1983	United Kingdom	2011-06-27
PRJEB2274	ERR037408	SAMEA751325	PRJEB2274	2006	United Kingdom	2011-06-27
PRJEB2274	ERR037410	SAMEA751380	PRJEB2274	1986	Sweden	2011-06-27
PRJEB2274	ERR037411	SAMEA751323	PRJEB2274	2007	United Kingdom	2011-06-27
PRJEB2274	ERR037415	SAMEA751314	PRJEB2274	1970	Sweden	2011-06-27
PRJEB2274	ERR037422	SAMEA751430	PRJEB2274	1946	United Kingdom	2011-06-27
PRJEB2274	ERR361821	SAMEA1931536	PRJEB2274	1957	China	2013-10-31
PRJEB2274	ERR361822	SAMEA1933033	PRJEB2274	1975	Kenya	2013-10-31
PRJEB2274	ERR361823	SAMEA2015291	PRJEB2274	1999	Netherlands	2013-10-31
PRJEB2274	ERR361824	SAMEA1933021	PRJEB2274			2013-10-31
PRJEB2274	ERR361825	SAMEA1933004	PRJEB2274	1949	Netherlands	2013-10-31
PRJEB2274	ERR361827	SAMEA1931867	PRJEB2274	1977	Netherlands	2013-10-31
PRJEB2274	ERR361831	SAMEA1931344	PRJEB2274	1950	Netherlands	2013-10-31
PRJEB2274	ERR361833	SAMEA1931798	PRJEB2274	2001	Netherlands	2013-10-31
PRJEB2274	ERR361834	SAMEA1932947	PRJEB2274	2004	USA	2013-10-31
PRJEB2274	ERR361839	SAMEA2031986	PRJEB2274	1975	Kenya	2013-10-31
PRJEB2274	ERR361840	SAMEA1933007	PRJEB2274	1975	Kenya	2013-10-31
PRJEB2274	ERR361841	SAMEA1931345	PRJEB2274	2005	USA	2013-10-31
PRJEB2274	ERR361843	SAMEA1931868	PRJEB2274	1975	Kenya	2013-10-31
PRJEB2274	ERR361847	SAMEA1931507	PRJEB2274	1978	Australia	2013-10-31
PRJEB2274	ERR361853	SAMEA1931800	PRJEB2274	2003	USA	2013-10-31
PRJEB2274	ERR361857	SAMEA1931350	PRJEB2274	1965	Netherlands	2013-10-31
PRJEB2274	ERR361858	SAMEA1931352	PRJEB2274	1975	Kenya	2013-10-31
PRJEB2274	ERR361866	SAMEA1931720	PRJEB2274	2001	Russia	2013-10-31
PRJEB2274	ERR361867	SAMEA2015299	PRJEB2274	2000	Netherlands	2013-10-31
PRJEB2274	ERR361868	SAMEA1931871	PRJEB2274	1975	Kenya	2013-10-31
PRJEB2274	ERR361869	SAMEA1931276	PRJEB2274	1992	Taiwan	2013-10-31
PRJEB2274	ERR361873	SAMEA751446	PRJEB2274	1997	Taiwan	2013-10-31
PRJEB2274	ERR361877	SAMEA751440	PRJEB2274	1999	Taiwan	2013-10-31
PRJEB2274	ERR361879	SAMEA751438	PRJEB2274	2000	Taiwan	2013-10-31
PRJEB2274	ERR019587	SAMEA751272	PRJEB2274	1993	Senegal	2010-09-24
PRJEB2274	ERR019588	SAMEA751266	PRJEB2274	1997	Poland	2010-09-24
PRJEB2274	ERR019591	SAMEA751386	PRJEB2274	1995	Poland	2010-09-24
PRJEB2274	ERR019597	SAMEA751279	PRJEB2274	1962	Poland	2010-09-24
PRJEB2274	ERR019599	SAMEA751388;SAMEA751394;SAMEA751392;SAMEA751397;SAMEA751378;SAMEA751376;SAMEA751436	PRJEB2274	1997;1998;2000;1999	Poland	2010-09-24
PRJEB2274	ERR019600	SAMEA751394	PRJEB2274	1997	Poland	2010-09-24
PRJEB2274	ERR019606	SAMEA751436	PRJEB2274			2010-09-24
PRJEB2274	ERR023406	SAMEA751311;SAMEA751370;SAMEA751304;SAMEA751302;SAMEA751300;SAMEA751298;SAMEA751230;SAMEA751232;SAMEA751226;SAMEA751228;SAMEA751235;SAMEA751237	PRJEB2274			2011-01-06
PRJEB2274	ERR023407	SAMEA751311;SAMEA751370;SAMEA751304;SAMEA751302;SAMEA751300;SAMEA751298;SAMEA751230;SAMEA751232;SAMEA751226;SAMEA751228;SAMEA751235;SAMEA751237	PRJEB2274			2011-01-06
PRJEB2274	ERR028820	SAMEA751292;SAMEA751286;SAMEA751288;SAMEA751339;SAMEA751343;SAMEA751294;SAMEA751296;SAMEA751307;SAMEA751309;SAMEA751359;SAMEA751357;SAMEA751354	PRJEB2274	2004;2006;1998;1999;2000;2002;1956	Sweden	2011-02-01
PRJEB2274	ERR028823	SAMEA751357	PRJEB2274	1999	Sweden	2011-02-01
PRJEB2274	ERR028830	SAMEA751296	PRJEB2274	2004	Sweden	2011-02-01
PRJEB2274	ERR028833	SAMEA751353;SAMEA751350;SAMEA751348;SAMEA751345;SAMEA751374;SAMEA751372;SAMEA751409;SAMEA751411;SAMEA751413;SAMEA751415;SAMEA751417	PRJEB2274	2007;2005;2000;1993;2002;1999;1995;2004;1996	France	2011-02-01
PRJEB2274	ERR028836	SAMEA751417	PRJEB2274	2007	France	2011-02-01
PRJEB2274	ERR028840	SAMEA751374	PRJEB2274	1999	France	2011-02-01
PRJEB2274	ERR028841	SAMEA751372	PRJEB2274	2000	France	2011-02-01
PRJEB2274	ERR028843	SAMEA751411	PRJEB2274	2004	France	2011-02-01
PRJEB2274	ERR028844	SAMEA751413	PRJEB2274	2004	France	2011-02-01
PRJEB2274	ERR028845	SAMEA751419;SAMEA751421;SAMEA751422;SAMEA751403;SAMEA751405;SAMEA751475;SAMEA751474;SAMEA751477;SAMEA751476;SAMEA751471;SAMEA751470;SAMEA751473	PRJEB2274	2000;2006;1997;2004;1998;2002;1995	Australia	2011-02-01
PRJEB2274	ERR028847	SAMEA751471	PRJEB2274	2006	Australia	2011-02-01
PRJEB2274	ERR028848	SAMEA751470	PRJEB2274	1997	Australia	2011-02-01
PRJEB2274	ERR028850	SAMEA751421	PRJEB2274	1998	Australia	2011-02-01
PRJEB2274	ERR028852	SAMEA751403	PRJEB2274	2000	Australia	2011-02-01
PRJEB2274	ERR028863	SAMEA751480	PRJEB2274	2007	Australia	2011-02-01
PRJEB2274	ERR028865	SAMEA751514	PRJEB2274	1989	Australia	2011-02-01
PRJEB2274	ERR028866	SAMEA751515	PRJEB2274	1997	Australia	2011-02-01
PRJEB2274	ERR028868	SAMEA751513	PRJEB2274	1974	Australia	2011-02-01
PRJEB2274	ERR028870	SAMEA751511	PRJEB2274	1977	Australia	2011-02-01
PRJEB2274	ERR028878	SAMEA751499	PRJEB2274	1982	Australia	2011-02-01
PRJEB2274	ERR028887	SAMEA751494	PRJEB2274	2007	Taiwan	2011-02-01
PRJEB2274	ERR028890	SAMEA751435	PRJEB2274	2005	Taiwan	2011-02-01
PRJEB2274	ERR028892	SAMEA751457	PRJEB2274	2005	Taiwan	2011-02-01
PRJEB2274	ERR028894	SAMEA751467	PRJEB2274	2006	Taiwan	2011-02-01
PRJEB2274	ERR029293	SAMEA751498	PRJEB2274	1994	Italy	2011-02-10
PRJEB2274	ERR029298	SAMEA751137	PRJEB2274	1994	Italy	2011-02-10
PRJEB2274	ERR029306	SAMEA751492	PRJEB2274	1999	Japan	2011-02-10
PRJEB2274	ERR029307	SAMEA751489	PRJEB2274	1999	Japan	2011-02-10
PRJEB2274	ERR029314	SAMEA751493	PRJEB2274	1995	Japan	2011-02-10
PRJEB2274	ERR029315	SAMEA751522	PRJEB2274	1996	Japan	2011-02-10
PRJEB2274	ERR029316	SAMEA751490;SAMEA751487;SAMEA751488;SAMEA751485;SAMEA751486;SAMEA751127;SAMEA751126;SAMEA751125;SAMEA751131;SAMEA751130;SAMEA751129	PRJEB2274	2001;2000;2002;2004;2006;2007;2003	Japan;Argentina	2011-02-10
PRJEB2274	ERR029317	SAMEA751490	PRJEB2274	2001	Japan	2011-02-10
PRJEB2274	ERR029319	SAMEA751129	PRJEB2274	2001	Argentina	2011-02-10
PRJEB2274	ERR029322	SAMEA751485	PRJEB2274	2004	Japan	2011-02-10
PRJEB2274	ERR029324	SAMEA751127	PRJEB2274	2006	Japan	2011-02-10
PRJEB2274	ERR029327	SAMEA751131	PRJEB2274	2000	Argentina	2011-02-10
PRJEB2274	ERR029328	SAMEA751128;SAMEA751133;SAMEA751132;SAMEA751160;SAMEA751161;SAMEA751162;SAMEA751163;SAMEA751156;SAMEA751157;SAMEA751158;SAMEA751159;SAMEA751164	PRJEB2274	2003;2002;1968;1962;2006;2001;1974;2004	Finland;Denmark	2011-02-10
PRJEB2274	ERR029333	SAMEA751133	PRJEB2274	2006	Finland	2011-02-10
PRJEB2274	ERR029335	SAMEA751160	PRJEB2274	2003	Finland	2011-02-10
PRJEB2274	ERR029339	SAMEA751156	PRJEB2274	1974	Denmark	2011-02-10
PRJEB2274	ERR029984	SAMEA751290	PRJEB2274	2001	Canada	2011-03-03
PRJEB2274	ERR029989	SAMEA751214	PRJEB2274	2000	Canada	2011-03-03
PRJEB2274	ERR029990	SAMEA751209	PRJEB2274	1995	Canada	2011-03-03
PRJEB2274	ERR029991	SAMEA751222	PRJEB2274	1995	Canada	2011-03-03
PRJEB2274	ERR029996	SAMEA751147	PRJEB2274	1991	Finland	2011-03-03
PRJEB2274	ERR029998	SAMEA751149	PRJEB2274	1996	Finland	2011-03-03
PRJEB2274	ERR029999	SAMEA751152	PRJEB2274	1999	Finland	2011-03-03
PRJEB2274	ERR030009	SAMEA751255	PRJEB2274	1999	USA	2011-03-03
PRJEB2274	ERR030011	SAMEA751250	PRJEB2274	2000	USA	2011-03-03
PRJEB2274	ERR030017	SAMEA751171	PRJEB2274	1997	USA	2011-03-03
PRJEB2274	ERR030018	SAMEA751244	PRJEB2274	1998	USA	2011-03-03
PRJEB2274	ERR030020	SAMEA751239	PRJEB2274	1995	USA	2011-03-03
PRJEB2274	ERR030022	SAMEA751172	PRJEB2274	1935	USA	2011-03-03
PRJEB2274	ERR030024	SAMEA751178	PRJEB2274	1939	USA	2011-03-03
PRJEB2274	ERR030026	SAMEA751176	PRJEB2274	1977	USA	2011-03-03
PRJEB2274	ERR030027	SAMEA751181	PRJEB2274	1977	USA	2011-03-03
PRJEB2274	ERR030033	SAMEA751503	PRJEB2274	1992	Taiwan	2011-03-03
PRJEB2274	ERR030038	SAMEA751445	PRJEB2274	1998	Taiwan	2011-03-03
PRJEB2274	ERR031082	SAMEA751516	PRJEB2274	1900/2014	Argentina	2011-03-15
PRJEB2274	ERR031086	SAMEA751134	PRJEB2274	2008	Argentina	2011-03-15
PRJEB2274	ERR031087	SAMEA751482	PRJEB2274	1969	Argentina	2011-03-15
PRJEB2274	ERR031091	SAMEA751175	PRJEB2274	1957	China	2011-03-15
PRJEB2274	ERR031094	SAMEA751263	PRJEB2274	1996	Netherlands	2011-03-15
PRJEB2274	ERR031095	SAMEA751505	PRJEB2274	1952	Netherlands	2011-03-15
PRJEB2274	ERR031097	SAMEA751180	PRJEB2274	1950	Netherlands	2011-03-15
PRJEB2274	ERR031099	SAMEA751360	PRJEB2274	1977	Netherlands	2011-03-15
PRJEB2274	ERR037396	SAMEA751425	PRJEB2274	1947	United Kingdom	2011-06-27
PRJEB2274	ERR037397	SAMEA751465	PRJEB2274	2003	United Kingdom	2011-06-27
PRJEB2274	ERR037398	SAMEA751423	PRJEB2274	2004	United Kingdom	2011-06-27
PRJEB2274	ERR037399	SAMEA751401	PRJEB2274	2005	United Kingdom	2011-06-27
PRJEB2274	ERR037404	SAMEA751469	PRJEB2274	1982	United Kingdom	2011-06-27
PRJEB2274	ERR037406	SAMEA751463	PRJEB2274	1998	United Kingdom	2011-06-27
PRJEB2274	ERR037412	SAMEA751329	PRJEB2274	2007	United Kingdom	2011-06-27
PRJEB2274	ERR037414	SAMEA751316	PRJEB2274	2008	United Kingdom	2011-06-27
PRJEB2274	ERR037416	SAMEA751320	PRJEB2274	1970	Sweden	2011-06-27
PRJEB2274	ERR037418	SAMEA751334	PRJEB2274	1970	Sweden	2011-06-27
PRJEB2274	ERR037420	SAMEA751432	PRJEB2274	1920	United Kingdom	2011-06-27
PRJEB2274	ERR037421	SAMEA751431	PRJEB2274	1942	United Kingdom	2011-06-27
PRJEB2274	ERR037423	SAMEA751154	PRJEB2274	1994	Canada	2011-06-27
PRJEB2274	ERR037425	SAMEA751146	PRJEB2274	2004	Canada	2011-06-27
PRJEB2274	ERR037427	SAMEA751428	PRJEB2274	2005	Canada	2011-06-27
PRJEB2274	ERR037428	SAMEA751427	PRJEB2274			2011-06-27
PRJEB2274	ERR037429	SAMEA751426	PRJEB2274	2001	Canada	2011-06-27
PRJEB2274	ERR037430	SAMEA751433	PRJEB2274	2002	Canada	2011-06-27
PRJEB2274	ERR361826	SAMEA1931718	PRJEB2274	1950	Netherlands	2013-10-31
PRJEB2274	ERR361828	SAMEA2035349	PRJEB2274	1982	Netherlands	2013-10-31
PRJEB2274	ERR361829	SAMEA1931747	PRJEB2274	1988	Netherlands	2013-10-31
PRJEB2274	ERR361830	SAMEA1970817	PRJEB2274	1975	Kenya	2013-10-31
PRJEB2274	ERR361835	SAMEA1931799	PRJEB2274	2005	USA	2013-10-31
PRJEB2274	ERR361837	SAMEA1931537	PRJEB2274	1986	USA	2013-10-31
PRJEB2274	ERR361842	SAMEA1986110	PRJEB2274	2004	USA	2013-10-31
PRJEB2274	ERR361844	SAMEA2015292	PRJEB2274	2004	USA	2013-10-31
PRJEB2274	ERR361846	SAMEA1933040	PRJEB2274	1968	Poland	2013-10-31
PRJEB2274	ERR361850	SAMEA2015294	PRJEB2274	2002	Hong Kong	2013-10-31
PRJEB2274	ERR361851	SAMEA1931347	PRJEB2274	2004	Hong Kong	2013-10-31
PRJEB2274	ERR361855	SAMEA1986111	PRJEB2274	2005	Argentina	2013-10-31
PRJEB2274	ERR361856	SAMEA1931348	PRJEB2274	1963	Poland	2013-10-31
PRJEB2274	ERR361862	SAMEA1931806	PRJEB2274	1975	Kenya	2013-10-31
PRJEB2274	ERR361863	SAMEA1931804	PRJEB2274	1975	Kenya	2013-10-31
PRJEB2274	ERR361864	SAMEA1931805	PRJEB2274			2013-10-31
PRJEB2274	ERR361865	SAMEA1931870	PRJEB2274	2002	Russia	2013-10-31
PRJEB2274	ERR361871	SAMEA751504	PRJEB2274	2003	Taiwan	2013-10-31
PRJEB2274	ERR361872	SAMEA751442	PRJEB2274	2003	Taiwan	2013-10-31
PRJEB2274	ERR361875	SAMEA751445	PRJEB2274	1998	Taiwan	2013-10-31
PRJEB42353	ERR13476592	SAMEA115874183	PRJEB42353	2023	France	2024-08-08
PRJEB42353	ERR13476602	SAMEA115874193	PRJEB42353	2024	France	2024-08-08
PRJEB42353	ERR13476604	SAMEA115874195	PRJEB42353	2024	France	2024-08-08
PRJEB42353	ERR13476610	SAMEA115874201	PRJEB42353	2024	France	2024-08-08
PRJEB42353	ERR13476612	SAMEA115874203	PRJEB42353	2024	France	2024-08-08
PRJEB42353	ERR13476617	SAMEA115874208	PRJEB42353	2024	France	2024-08-08
PRJEB42353	ERR13476619	SAMEA115874210	PRJEB42353	2024	France	2024-08-08
PRJEB42353	ERR13476622	SAMEA115874213	PRJEB42353	2024	France	2024-08-08
PRJEB42353	ERR13476624	SAMEA115874215	PRJEB42353	2024	France	2024-08-08
PRJEB42353	ERR13476632	SAMEA115874223	PRJEB42353	2024	France	2024-08-08
PRJEB42353	ERR13476634	SAMEA115874225	PRJEB42353	2024	France	2024-08-08
PRJEB42353	ERR13476637	SAMEA115874228	PRJEB42353	2024	France	2024-08-08
PRJEB42353	ERR13476640	SAMEA115874231	PRJEB42353	2024	France	2024-08-08
PRJEB42353	ERR13476642	SAMEA115874233	PRJEB42353	2024	France	2024-08-08
PRJEB42353	ERR13476644	SAMEA115874235	PRJEB42353	2024	France	2024-08-08
PRJEB42353	ERR13476645	SAMEA115874236	PRJEB42353	2024	France	2024-08-08
PRJEB42353	ERR13476649	SAMEA115874240	PRJEB42353	2024	France	2024-08-08
PRJEB42353	ERR13476650	SAMEA115874241	PRJEB42353	2024	France	2024-08-08
PRJEB42353	ERR13476655	SAMEA115874246	PRJEB42353	2024	France	2024-08-08
PRJEB42353	ERR13476656	SAMEA115874247	PRJEB42353	2024	France	2024-08-08
PRJEB42353	ERR13476658	SAMEA115874249	PRJEB42353	2024	France	2024-08-08
PRJEB42353	ERR15984893	SAMEA117700944	PRJEB42353	2024	France	2025-12-02
PRJEB42353	ERR15984897	SAMEA117701017	PRJEB42353	2024	France	2025-12-02
PRJEB42353	ERR15998550	SAMEA117700757	PRJEB42353	2024	France	2025-12-08
PRJEB42353	ERR15998551	SAMEA117700760	PRJEB42353	2024	France	2025-12-08
PRJEB42353	ERR15998554	SAMEA117700763	PRJEB42353	2024	France	2025-12-08
PRJEB42353	ERR15998555	SAMEA117700764	PRJEB42353	2024	France	2025-12-08
PRJEB42353	ERR15998556	SAMEA117700765	PRJEB42353	2024	France	2025-12-08
PRJEB42353	ERR15998558	SAMEA117700767	PRJEB42353	2024	France	2025-12-08
PRJEB42353	ERR15998559	SAMEA117700768	PRJEB42353	2024	France	2025-12-08
PRJEB42353	ERR15998563	SAMEA117700772	PRJEB42353	2024	France	2025-12-08
PRJEB42353	ERR15998565	SAMEA117700774	PRJEB42353	2024	France	2025-12-08
PRJEB42353	ERR15998567	SAMEA117700776	PRJEB42353	2024	France	2025-12-08
PRJEB42353	ERR15998568	SAMEA117700777	PRJEB42353	2024	France	2025-12-08
PRJEB42353	ERR15998571	SAMEA117700780	PRJEB42353	2024	France	2025-12-08
PRJEB42353	ERR15998574	SAMEA117700783	PRJEB42353	2024	France	2025-12-08
PRJEB42353	ERR15998577	SAMEA117700786	PRJEB42353	2024	France	2025-12-08
PRJEB42353	ERR15998586	SAMEA117700795	PRJEB42353	2024	France	2025-12-08
PRJEB42353	ERR15998590	SAMEA117700800	PRJEB42353	2024	France	2025-12-08
PRJEB42353	ERR15998591	SAMEA117700801	PRJEB42353	2024	France	2025-12-08
PRJEB42353	ERR15999879	SAMEA117700803	PRJEB42353	2024	France	2025-12-08
PRJEB42353	ERR15999887	SAMEA120655466	PRJEB42353	2024	France	2025-12-08
PRJEB42353	ERR15999892	SAMEA117700819	PRJEB42353	2024	France	2025-12-08
PRJEB42353	ERR15999896	SAMEA117700828	PRJEB42353	2024	France	2025-12-08
PRJEB42353	ERR15999897	SAMEA117700829	PRJEB42353	2024	France	2025-12-08
PRJEB42353	ERR15999903	SAMEA117700835	PRJEB42353	2024	France	2025-12-08
PRJEB42353	ERR15999904	SAMEA117700836	PRJEB42353	2024	France	2025-12-08
PRJEB42353	ERR15999906	SAMEA117700838	PRJEB42353	2024	France	2025-12-08
PRJEB42353	ERR15999908	SAMEA117700840	PRJEB42353	2024	France	2025-12-08
PRJEB42353	ERR15999911	SAMEA117700845	PRJEB42353	2024	France	2025-12-08
PRJEB42353	ERR15999912	SAMEA117700846	PRJEB42353	2024	France	2025-12-08
PRJEB42353	ERR15999915	SAMEA117700849	PRJEB42353	2024	France	2025-12-08
PRJEB42353	ERR15999916	SAMEA117700850	PRJEB42353	2024	France	2025-12-08
PRJEB42353	ERR15999922	SAMEA117700857	PRJEB42353	2024	France	2025-12-08
PRJEB42353	ERR15999928	SAMEA117700842	PRJEB42353	2024	France	2025-12-08
PRJEB42353	ERR15999931	SAMEA117700859	PRJEB42353	2024	France	2025-12-08
PRJEB42353	ERR15999932	SAMEA117700861	PRJEB42353	2024	France	2025-12-08
PRJEB42353	ERR15999933	SAMEA117700862	PRJEB42353	2024	France	2025-12-08
PRJEB42353	ERR15999935	SAMEA117700864	PRJEB42353	2024	France	2025-12-08
PRJEB42353	ERR15999936	SAMEA117700865	PRJEB42353	2024	France	2025-12-08
PRJEB42353	ERR15999937	SAMEA117700866	PRJEB42353	2024	France	2025-12-08
PRJEB42353	ERR15999949	SAMEA117700878	PRJEB42353	2024	France	2025-12-08
PRJEB42353	ERR15999951	SAMEA117700880	PRJEB42353	2024	France	2025-12-08
PRJEB42353	ERR15999952	SAMEA117700882	PRJEB42353	2024	France	2025-12-08
PRJEB42353	ERR15999953	SAMEA117700883	PRJEB42353	2024	France	2025-12-08
PRJEB42353	ERR15999957	SAMEA117700886	PRJEB42353	2024	France	2025-12-08
PRJEB42353	ERR15999958	SAMEA117700887	PRJEB42353	2024	France	2025-12-08
PRJEB42353	ERR15999959	SAMEA117700888	PRJEB42353	2024	France	2025-12-08
PRJEB42353	ERR15999960	SAMEA117700889	PRJEB42353	2024	France	2025-12-08
PRJEB42353	ERR15999966	SAMEA117700896	PRJEB42353	2024	France	2025-12-08
PRJEB42353	ERR15999979	SAMEA117700911	PRJEB42353	2024	France	2025-12-08
PRJEB42353	ERR15999982	SAMEA117700914	PRJEB42353	2024	France	2025-12-08
PRJEB42353	ERR15999984	SAMEA117700916	PRJEB42353	2024	France	2025-12-08
PRJEB42353	ERR15999990	SAMEA117700920	PRJEB42353	2024	France	2025-12-08
PRJEB42353	ERR15999994	SAMEA117700924	PRJEB42353	2024	France	2025-12-08
PRJEB42353	ERR15999997	SAMEA117700927	PRJEB42353	2024	France	2025-12-08
PRJEB42353	ERR15999998	SAMEA117700928	PRJEB42353	2024	France	2025-12-08
PRJEB42353	ERR16000000	SAMEA117700930	PRJEB42353	2024	France	2025-12-08
PRJEB42353	ERR16000006	SAMEA117700936	PRJEB42353	2024	France	2025-12-08
PRJEB42353	ERR16000007	SAMEA117700937	PRJEB42353	2024	France	2025-12-08
PRJEB42353	ERR16000008	SAMEA117700938	PRJEB42353	2024	France	2025-12-08
PRJEB42353	ERR16000012	SAMEA117700942	PRJEB42353	2024	France	2025-12-08
PRJEB42353	ERR16000013	SAMEA117700946	PRJEB42353	2024	France	2025-12-08
PRJEB42353	ERR16000015	SAMEA117700948	PRJEB42353	2024	France	2025-12-08
PRJEB42353	ERR16000016	SAMEA117700950	PRJEB42353	2024	France	2025-12-08
PRJEB42353	ERR16000027	SAMEA117700961	PRJEB42353	2024	France	2025-12-08
PRJEB42353	ERR16000031	SAMEA117700966	PRJEB42353	2024	France	2025-12-08
PRJEB42353	ERR16000032	SAMEA117700967	PRJEB42353	2024	France	2025-12-08
PRJEB42353	ERR16000034	SAMEA117700969	PRJEB42353	2024	France	2025-12-08
PRJEB42353	ERR16000035	SAMEA117700970	PRJEB42353	2024	France	2025-12-08
PRJEB42353	ERR16000036	SAMEA117700971	PRJEB42353	2024	France	2025-12-08
PRJEB42353	ERR16000043	SAMEA117700979	PRJEB42353	2024	France	2025-12-08
PRJEB42353	ERR16000049	SAMEA117700984	PRJEB42353	2024	France	2025-12-08
PRJEB42353	ERR16000050	SAMEA117700985	PRJEB42353	2024	France	2025-12-08
PRJEB42353	ERR16000054	SAMEA117700989	PRJEB42353	2024	France	2025-12-08
PRJEB42353	ERR16000057	SAMEA117700992	PRJEB42353	2024	France	2025-12-08
PRJEB42353	ERR16000059	SAMEA117700994	PRJEB42353	2024	France	2025-12-08
PRJEB42353	ERR16000061	SAMEA117700996	PRJEB42353	2024	France	2025-12-08
PRJEB42353	ERR16000066	SAMEA117701002	PRJEB42353	2024	France	2025-12-08
PRJEB42353	ERR16000069	SAMEA117701005	PRJEB42353	2024	France	2025-12-08
PRJEB42353	ERR16000071	SAMEA117701007	PRJEB42353	2024	France	2025-12-08
PRJEB42353	ERR16000073	SAMEA117701009	PRJEB42353	2024	France	2025-12-08
PRJEB42353	ERR16000074	SAMEA117701010	PRJEB42353	2024	France	2025-12-08
PRJEB42353	ERR16000076	SAMEA117701012	PRJEB42353	2024	France	2025-12-08
PRJEB42353	ERR16000078	SAMEA117701014	PRJEB42353	2024	France	2025-12-08
PRJEB42353	ERR16000973	SAMEA120655473	PRJEB42353	2024	France	2025-12-09
PRJEB42353	ERR16000975	SAMEA120655475	PRJEB42353	2024	France	2025-12-09
PRJEB42353	ERR16000976	SAMEA120655476	PRJEB42353	2024	France	2025-12-09
PRJEB42353	ERR16000983	SAMEA120655482	PRJEB42353	2024	France	2025-12-09
PRJEB42353	ERR16000988	SAMEA117701023	PRJEB42353	2024	France	2025-12-09
PRJEB42353	ERR16000989	SAMEA117701024	PRJEB42353	2024	France	2025-12-09
PRJEB42353	ERR16000994	SAMEA120655483	PRJEB42353	2024	France	2025-12-09
PRJEB42353	ERR16000995	SAMEA120655484	PRJEB42353	2024	France	2025-12-09
PRJEB42353	ERR16001000	SAMEA120655489	PRJEB42353	2024	France	2025-12-09
PRJEB42353	ERR16001002	SAMEA120655491	PRJEB42353	2024	France	2025-12-09
PRJEB42353	ERR16001003	SAMEA120655492	PRJEB42353	2024	France	2025-12-09
PRJEB42353	ERR16001004	SAMEA120655493	PRJEB42353	2024	France	2025-12-09
PRJEB42353	ERR16001012	SAMEA120655501	PRJEB42353	2024	France	2025-12-09
PRJEB42353	ERR16001208	SAMEA117700808	PRJEB42353	2024	France	2025-12-09
PRJEB42353	ERR16001211	SAMEA117700817	PRJEB42353	2024	France	2025-12-09
PRJEB42353	ERR16001213	SAMEA117700821	PRJEB42353	2024	France	2025-12-09
PRJEB42353	ERR16001216	SAMEA117700824	PRJEB42353	2024	France	2025-12-09
PRJEB42353	ERR16001218	SAMEA117700890	PRJEB42353	2024	France	2025-12-09
PRJEB42353	ERR16001219	SAMEA117700998	PRJEB42353	2024	France	2025-12-09
PRJEB42353	ERR5101988	SAMEA7765874	PRJEB42353	1997	France	2021-01-20
PRJEB42353	ERR5101990	SAMEA7765876	PRJEB42353	2009	France	2021-01-20
PRJEB42353	ERR5101997	SAMEA7765883	PRJEB42353	2005	France	2021-01-20
PRJEB42353	ERR5101998	SAMEA7765884	PRJEB42353	2006	France	2021-01-20
PRJEB42353	ERR5102006	SAMEA7765892	PRJEB42353	2009	France	2021-01-20
PRJEB42353	ERR5102010	SAMEA7765896	PRJEB42353	2009	France	2021-01-20
PRJEB42353	ERR5102014	SAMEA7765900	PRJEB42353	2010	France	2021-01-20
PRJEB42353	ERR5102015	SAMEA7765901	PRJEB42353	2010	France	2021-01-20
PRJEB42353	ERR5102017	SAMEA7765903	PRJEB42353	2011	France	2021-01-20
PRJEB42353	ERR5102018	SAMEA7765904	PRJEB42353	2011	France	2021-01-20
PRJEB42353	ERR5102019	SAMEA7765905	PRJEB42353	2011	France	2021-01-20
PRJEB42353	ERR5102021	SAMEA7765907	PRJEB42353	2011	France	2021-01-20
PRJEB42353	ERR5102023	SAMEA7765909	PRJEB42353	2011	France	2021-01-20
PRJEB42353	ERR5102030	SAMEA7765916	PRJEB42353	2011	France	2021-01-20
PRJEB42353	ERR5102033	SAMEA7765920	PRJEB42353	2012	France	2021-01-20
PRJEB42353	ERR5102035	SAMEA7765922	PRJEB42353	2012	France	2021-01-20
PRJEB42353	ERR5102044	SAMEA7765931	PRJEB42353	2012	France	2021-01-20
PRJEB42353	ERR5102046	SAMEA7765933	PRJEB42353	2012	France	2021-01-20
PRJEB42353	ERR5102048	SAMEA7765935	PRJEB42353	2012	France	2021-01-20
PRJEB42353	ERR5102055	SAMEA7765942	PRJEB42353	2013	France	2021-01-20
PRJEB42353	ERR5102056	SAMEA7765943	PRJEB42353	2013	France	2021-01-20
PRJEB42353	ERR5102058	SAMEA7765945	PRJEB42353	2013	France	2021-01-20
PRJEB42353	ERR5102059	SAMEA7765946	PRJEB42353	2013	France	2021-01-20
PRJEB42353	ERR5102062	SAMEA7765949	PRJEB42353	2013	France	2021-01-20
PRJEB42353	ERR5102065	SAMEA7765952	PRJEB42353	2013	France	2021-01-20
PRJEB42353	ERR5102090	SAMEA7765977	PRJEB42353	2015	France	2021-01-20
PRJEB42353	ERR5102091	SAMEA7765978	PRJEB42353	2015	France	2021-01-20
PRJEB42353	ERR5102095	SAMEA7765982	PRJEB42353	2016	France	2021-01-20
PRJEB42353	ERR5102098	SAMEA7765985	PRJEB42353	2016	France	2021-01-20
PRJEB42353	ERR5102102	SAMEA7765989	PRJEB42353	2016	France	2021-01-20
PRJEB42353	ERR5102103	SAMEA7765990	PRJEB42353	2016	France	2021-01-20
PRJEB42353	ERR5102104	SAMEA7765991	PRJEB42353	2016	France	2021-01-20
PRJEB42353	ERR5102107	SAMEA7765994	PRJEB42353	2016	France	2021-01-20
PRJEB42353	ERR5102108	SAMEA7765995	PRJEB42353	2017	France	2021-01-20
PRJEB42353	ERR5102109	SAMEA7765996	PRJEB42353	2017	France	2021-01-20
PRJEB42353	ERR5102111	SAMEA7765998	PRJEB42353	2017	France	2021-01-20
PRJEB42353	ERR5102112	SAMEA7765999	PRJEB42353	2017	France	2021-01-20
PRJEB42353	ERR5102116	SAMEA7766003	PRJEB42353	2017	France	2021-01-20
PRJEB42353	ERR5102117	SAMEA7766004	PRJEB42353	2017	France	2021-01-20
PRJEB42353	ERR5102118	SAMEA7766005	PRJEB42353	2017	France	2021-01-20
PRJEB42353	ERR5102120	SAMEA7766007	PRJEB42353	2017	France	2021-01-20
PRJEB42353	ERR5102129	SAMEA7766016	PRJEB42353	2017	France	2021-01-20
PRJEB42353	ERR5102137	SAMEA7766024	PRJEB42353	2017	France	2021-01-20
PRJEB42353	ERR5102138	SAMEA7766025	PRJEB42353	2017	France	2021-01-20
PRJEB42353	ERR5102140	SAMEA7766027	PRJEB42353	2017	France	2021-01-20
PRJEB42353	ERR5102145	SAMEA7766032	PRJEB42353	2018	France	2021-01-20
PRJEB42353	ERR5102148	SAMEA7766035	PRJEB42353	2018	France	2021-01-20
PRJEB42353	ERR5102157	SAMEA7766044	PRJEB42353	2018	France	2021-01-20
PRJEB42353	ERR5102163	SAMEA7766050	PRJEB42353	2018	France	2021-01-20
PRJEB42353	ERR5102171	SAMEA7766058	PRJEB42353	2018	France	2021-01-20
PRJEB42353	ERR6044068	SAMEA8901098	PRJEB42353	1953	France	2021-06-21
PRJEB42353	ERR6044069	SAMEA8901099	PRJEB42353	1993	France	2021-06-21
PRJEB42353	ERR6044073	SAMEA8901103	PRJEB42353	1994	France	2021-06-21
PRJEB42353	ERR6044074	SAMEA8901104	PRJEB42353	1994	France	2021-06-21
PRJEB42353	ERR6044077	SAMEA8901107	PRJEB42353	1994	France	2021-06-21
PRJEB42353	ERR6044082	SAMEA8901112	PRJEB42353	1994	France	2021-06-21
PRJEB42353	ERR6044083	SAMEA8901113	PRJEB42353	1994	France	2021-06-21
PRJEB42353	ERR6044087	SAMEA8901117	PRJEB42353	1995	France	2021-06-21
PRJEB42353	ERR6044089	SAMEA8901119	PRJEB42353	1995	France	2021-06-21
PRJEB42353	ERR6044100	SAMEA8901130	PRJEB42353	1995	France	2021-06-21
PRJEB42353	ERR6044103	SAMEA8901133	PRJEB42353	1995	France	2021-06-21
PRJEB42353	ERR6044106	SAMEA8901136	PRJEB42353	1995	France	2021-06-21
PRJEB42353	ERR6044108	SAMEA8901138	PRJEB42353	1995	France	2021-06-21
PRJEB42353	ERR6044109	SAMEA8901139	PRJEB42353	1995	France	2021-06-21
PRJEB42353	ERR6044113	SAMEA8901143	PRJEB42353	1995	France	2021-06-21
PRJEB42353	ERR6044118	SAMEA8901148	PRJEB42353	1995	France	2021-06-21
PRJEB42353	ERR6044119	SAMEA8901149	PRJEB42353	1995	France	2021-06-21
PRJEB42353	ERR6044122	SAMEA8901152	PRJEB42353	1996	France	2021-06-21
PRJEB42353	ERR6044124	SAMEA8901154	PRJEB42353	1996	France	2021-06-21
PRJEB42353	ERR6044125	SAMEA8901155	PRJEB42353	1996	France	2021-06-21
PRJEB42353	ERR6044127	SAMEA8901157	PRJEB42353	1996	France	2021-06-21
PRJEB42353	ERR6044133	SAMEA8901163	PRJEB42353	1996	France	2021-06-21
PRJEB42353	ERR6044134	SAMEA8901164	PRJEB42353	1996	France	2021-06-21
PRJEB42353	ERR6044141	SAMEA8901171	PRJEB42353	1996	France	2021-06-21
PRJEB42353	ERR6044144	SAMEA8901174	PRJEB42353	1997	France	2021-06-21
PRJEB42353	ERR6044146	SAMEA8901176	PRJEB42353	1997	France	2021-06-21
PRJEB42353	ERR6044150	SAMEA8901180	PRJEB42353	1997	France	2021-06-21
PRJEB42353	ERR6044151	SAMEA8901181	PRJEB42353	1997	France	2021-06-21
PRJEB42353	ERR6044154	SAMEA8901184	PRJEB42353	1998	France	2021-06-21
PRJEB42353	ERR6044156	SAMEA8901186	PRJEB42353	1998	France	2021-06-21
PRJEB42353	ERR6044157	SAMEA8901187	PRJEB42353	1998	France	2021-06-21
PRJEB42353	ERR6044160	SAMEA8901190	PRJEB42353	1998	France	2021-06-21
PRJEB42353	ERR6044161	SAMEA8901191	PRJEB42353	1998	France	2021-06-21
PRJEB42353	ERR6044163	SAMEA8901193	PRJEB42353	1998	France	2021-06-21
PRJEB42353	ERR6044165	SAMEA8901195	PRJEB42353	1998	France	2021-06-21
PRJEB42353	ERR6044166	SAMEA8901196	PRJEB42353	1998	France	2021-06-21
PRJEB42353	ERR6044168	SAMEA8901198	PRJEB42353	1998	France	2021-06-21
PRJEB42353	ERR6044175	SAMEA8901205	PRJEB42353	1999	France	2021-06-21
PRJEB42353	ERR6044179	SAMEA8901209	PRJEB42353	1999	France	2021-06-21
PRJEB42353	ERR6044180	SAMEA8901210	PRJEB42353	1999	France	2021-06-21
PRJEB42353	ERR6044185	SAMEA8901215	PRJEB42353	2000	France	2021-06-21
PRJEB42353	ERR6044186	SAMEA8901216	PRJEB42353	2000	France	2021-06-21
PRJEB42353	ERR6044190	SAMEA8901220	PRJEB42353	2000	France	2021-06-21
PRJEB42353	ERR6044191	SAMEA8901221	PRJEB42353	2000	France	2021-06-21
PRJEB42353	ERR6044198	SAMEA8901228	PRJEB42353	2001	France	2021-06-21
PRJEB42353	ERR6044199	SAMEA8901229	PRJEB42353	2001	France	2021-06-21
PRJEB42353	ERR6044204	SAMEA8901234	PRJEB42353	2002	France	2021-06-21
PRJEB42353	ERR6044205	SAMEA8901235	PRJEB42353	2002	France	2021-06-21
PRJEB42353	ERR6044206	SAMEA8901236	PRJEB42353	2002	France	2021-06-21
PRJEB42353	ERR6044207	SAMEA8901237	PRJEB42353	2002	France	2021-06-21
PRJEB42353	ERR6044208	SAMEA8901238	PRJEB42353	2002	France	2021-06-21
PRJEB42353	ERR6044210	SAMEA8901240	PRJEB42353	2002	France	2021-06-21
PRJEB42353	ERR6044213	SAMEA8901243	PRJEB42353	2003	France	2021-06-21
PRJEB42353	ERR6044217	SAMEA8901247	PRJEB42353	2003	France	2021-06-21
PRJEB42353	ERR6044219	SAMEA8901249	PRJEB42353	2003	France	2021-06-21
PRJEB42353	ERR6044221	SAMEA8901251	PRJEB42353	2003	France	2021-06-21
PRJEB42353	ERR6044227	SAMEA8901257	PRJEB42353	2003	France	2021-06-21
PRJEB42353	ERR6044232	SAMEA8901262	PRJEB42353	2003	France	2021-06-21
PRJEB42353	ERR6044233	SAMEA8901263	PRJEB42353	2003	France	2021-06-21
PRJEB42353	ERR6044234	SAMEA8901264	PRJEB42353	2003	France	2021-06-21
PRJEB42353	ERR6044237	SAMEA8901267	PRJEB42353	2004	France	2021-06-21
PRJEB42353	ERR6044239	SAMEA8901269	PRJEB42353	2004	France	2021-06-21
PRJEB42353	ERR6044240	SAMEA8901270	PRJEB42353	2004	France	2021-06-21
PRJEB42353	ERR6044241	SAMEA8901271	PRJEB42353	2004	France	2021-06-21
PRJEB42353	ERR6044244	SAMEA8901274	PRJEB42353	2004	France	2021-06-21
PRJEB42353	ERR6044249	SAMEA8901279	PRJEB42353	2004	France	2021-06-21
PRJEB42353	ERR6044256	SAMEA8901286	PRJEB42353	2005	France	2021-06-21
PRJEB42353	ERR6044258	SAMEA8901288	PRJEB42353	2005	France	2021-06-21
PRJEB42353	ERR6044267	SAMEA8901297	PRJEB42353	2006	France	2021-06-21
PRJEB42353	ERR6044268	SAMEA8901298	PRJEB42353	2006	France	2021-06-21
PRJEB42353	ERR6044275	SAMEA8901305	PRJEB42353	2006	France	2021-06-21
PRJEB42353	ERR6044276	SAMEA8901306	PRJEB42353	2006	France	2021-06-21
PRJEB42353	ERR6044282	SAMEA8901312	PRJEB42353	2007	France	2021-06-21
PRJEB42353	ERR6044292	SAMEA8901322	PRJEB42353	2008	France	2021-06-21
PRJEB42353	ERR6044294	SAMEA8901324	PRJEB42353	2009	France	2021-06-21
PRJEB42353	ERR6044297	SAMEA8901327	PRJEB42353	2009	France	2021-06-21
PRJEB42353	ERR6044301	SAMEA8901331	PRJEB42353	2009	France	2021-06-21
PRJEB42353	ERR6044303	SAMEA8901333	PRJEB42353	2009	France	2021-06-21
PRJEB42353	ERR6044308	SAMEA8901338	PRJEB42353	2009	France	2021-06-21
PRJEB42353	ERR6044311	SAMEA8901341	PRJEB42353	2009	France	2021-06-21
PRJEB42353	ERR6044314	SAMEA8901344	PRJEB42353	2010	France	2021-06-21
PRJEB42353	ERR6044318	SAMEA8901348	PRJEB42353	2010	France	2021-06-21
PRJEB42353	ERR6044319	SAMEA8901349	PRJEB42353	2010	France	2021-06-21
PRJEB42353	ERR6044322	SAMEA8901352	PRJEB42353	2010	France	2021-06-21
PRJEB42353	ERR6044329	SAMEA8901358	PRJEB42353	2010	France	2021-06-21
PRJEB42353	ERR6044331	SAMEA8901360	PRJEB42353	2010	France	2021-06-21
PRJEB42353	ERR6044336	SAMEA8901365	PRJEB42353	2010	France	2021-06-21
PRJEB42353	ERR6044349	SAMEA8901378	PRJEB42353	2010	France	2021-06-21
PRJEB42353	ERR6044359	SAMEA8901388	PRJEB42353	2011	France	2021-06-21
PRJEB42353	ERR6044365	SAMEA8901394	PRJEB42353	2011	France	2021-06-21
PRJEB42353	ERR6044369	SAMEA8901398	PRJEB42353	2011	France	2021-06-21
PRJEB42353	ERR6044370	SAMEA8901399	PRJEB42353	2011	France	2021-06-21
PRJEB42353	ERR6044371	SAMEA8901400	PRJEB42353	2011	France	2021-06-21
PRJEB42353	ERR6044372	SAMEA8901401	PRJEB42353	2011	France	2021-06-21
PRJEB42353	ERR6044374	SAMEA8901403	PRJEB42353	2011	France	2021-06-21
PRJEB42353	ERR6044376	SAMEA8901405	PRJEB42353	2011	France	2021-06-21
PRJEB42353	ERR6044377	SAMEA8901406	PRJEB42353	2011	France	2021-06-21
PRJEB42353	ERR6044381	SAMEA8901410	PRJEB42353	2011	France	2021-06-21
PRJEB42353	ERR6044383	SAMEA8901412	PRJEB42353	2011	France	2021-06-21
PRJEB42353	ERR6044391	SAMEA8901421	PRJEB42353	2011	France	2021-06-21
PRJEB42353	ERR6044394	SAMEA8901424	PRJEB42353	2011	France	2021-06-21
PRJEB42353	ERR6044400	SAMEA8901430	PRJEB42353	2011	France	2021-06-21
PRJEB42353	ERR6044407	SAMEA8901437	PRJEB42353	2011	France	2021-06-21
PRJEB42353	ERR6044409	SAMEA8901439	PRJEB42353	2011	France	2021-06-21
PRJEB42353	ERR6044415	SAMEA8901445	PRJEB42353	2011	France	2021-06-21
PRJEB42353	ERR6044416	SAMEA8901446	PRJEB42353	2011	France	2021-06-21
PRJEB42353	ERR6044421	SAMEA8901451	PRJEB42353	2011	France	2021-06-21
PRJEB42353	ERR6044507	SAMEA8901457	PRJEB42353	2011	France	2021-06-21
PRJEB42353	ERR6044508	SAMEA8901458	PRJEB42353	2011	France	2021-06-21
PRJEB42353	ERR6044510	SAMEA8901460	PRJEB42353	2011	France	2021-06-21
PRJEB42353	ERR6044513	SAMEA8901463	PRJEB42353	2011	France	2021-06-21
PRJEB42353	ERR6044516	SAMEA8901466	PRJEB42353	2011	France	2021-06-21
PRJEB42353	ERR6044520	SAMEA8901470	PRJEB42353	2011	France	2021-06-21
PRJEB42353	ERR6044524	SAMEA8901474	PRJEB42353	2012	France	2021-06-21
PRJEB42353	ERR6044526	SAMEA8901476	PRJEB42353	2012	France	2021-06-21
PRJEB42353	ERR6044529	SAMEA8901479	PRJEB42353	2012	France	2021-06-21
PRJEB42353	ERR6044531	SAMEA8901481	PRJEB42353	2012	France	2021-06-21
PRJEB42353	ERR6044535	SAMEA8901485	PRJEB42353	2012	France	2021-06-21
PRJEB42353	ERR6044536	SAMEA8901486	PRJEB42353	2012	France	2021-06-21
PRJEB42353	ERR6044538	SAMEA8901488	PRJEB42353	2012	France	2021-06-21
PRJEB42353	ERR6044541	SAMEA8901491	PRJEB42353	2012	France	2021-06-21
PRJEB42353	ERR6044546	SAMEA8901496	PRJEB42353	2012	France	2021-06-21
PRJEB42353	ERR6044548	SAMEA8901498	PRJEB42353	2012	France	2021-06-21
PRJEB42353	ERR6044550	SAMEA8901500	PRJEB42353	2012	France	2021-06-21
PRJEB42353	ERR6044608	SAMEA8901560	PRJEB42353	2012	France	2021-06-21
PRJEB42353	ERR6044612	SAMEA8901564	PRJEB42353	2012	France	2021-06-21
PRJEB42353	ERR6044614	SAMEA8901566	PRJEB42353	2012	France	2021-06-21
PRJEB42353	ERR6044618	SAMEA8901570	PRJEB42353	2012	France	2021-06-21
PRJEB42353	ERR6044623	SAMEA8901575	PRJEB42353	2012	France	2021-06-21
PRJEB42353	ERR6044625	SAMEA8901577	PRJEB42353	2012	France	2021-06-21
PRJEB42353	ERR6044631	SAMEA8901583	PRJEB42353	2012	France	2021-06-21
PRJEB42353	ERR6044638	SAMEA8901590	PRJEB42353	2012	France	2021-06-21
PRJEB42353	ERR6044639	SAMEA8901591	PRJEB42353	2012	France	2021-06-21
PRJEB42353	ERR6044642	SAMEA8901594	PRJEB42353	2012	France	2021-06-21
PRJEB42353	ERR6044646	SAMEA8901598	PRJEB42353	2012	France	2021-06-21
PRJEB42353	ERR6044647	SAMEA8901599	PRJEB42353	2012	France	2021-06-21
PRJEB42353	ERR6044649	SAMEA8901601	PRJEB42353	2012	France	2021-06-21
PRJEB42353	ERR6044653	SAMEA8901605	PRJEB42353	2013	France	2021-06-21
PRJEB42353	ERR6044657	SAMEA8901609	PRJEB42353	2013	France	2021-06-21
PRJEB42353	ERR6044659	SAMEA8901611	PRJEB42353	2013	France	2021-06-21
PRJEB42353	ERR6044660	SAMEA8901612	PRJEB42353	2013	France	2021-06-21
PRJEB42353	ERR6044661	SAMEA8901613	PRJEB42353	2013	France	2021-06-21
PRJEB42353	ERR6044664	SAMEA8901616	PRJEB42353	2013	France	2021-06-21
PRJEB42353	ERR6044666	SAMEA8901618	PRJEB42353	2013	France	2021-06-21
PRJEB42353	ERR6044673	SAMEA8901625	PRJEB42353	2013	France	2021-06-21
PRJEB42353	ERR6044674	SAMEA8901626	PRJEB42353	2013	France	2021-06-21
PRJEB42353	ERR6044681	SAMEA8901633	PRJEB42353	2013	France	2021-06-21
PRJEB42353	ERR6044682	SAMEA8901634	PRJEB42353	2013	France	2021-06-21
PRJEB42353	ERR6044687	SAMEA8901639	PRJEB42353	2013	France	2021-06-21
PRJEB42353	ERR6044689	SAMEA8901641	PRJEB42353	2013	France	2021-06-21
PRJEB42353	ERR6044692	SAMEA8901644	PRJEB42353	2013	France	2021-06-21
PRJEB42353	ERR6044694	SAMEA8901646	PRJEB42353	2013	France	2021-06-21
PRJEB42353	ERR6044695	SAMEA8901647	PRJEB42353	2013	France	2021-06-21
PRJEB42353	ERR6044700	SAMEA8901652	PRJEB42353	2013	France	2021-06-21
PRJEB42353	ERR6044707	SAMEA8901659	PRJEB42353	2013	France	2021-06-21
PRJEB42353	ERR6044712	SAMEA8901664	PRJEB42353	2013	France	2021-06-21
PRJEB42353	ERR6044715	SAMEA8901667	PRJEB42353	2013	France	2021-06-21
PRJEB42353	ERR6044719	SAMEA8901671	PRJEB42353	2013	France	2021-06-21
PRJEB42353	ERR6044722	SAMEA8901674	PRJEB42353	2013	France	2021-06-21
PRJEB42353	ERR6044725	SAMEA8901677	PRJEB42353	2013	France	2021-06-21
PRJEB42353	ERR6044737	SAMEA8901689	PRJEB42353	2013	France	2021-06-21
PRJEB42353	ERR6044739	SAMEA8901691	PRJEB42353	2013	France	2021-06-21
PRJEB42353	ERR6044740	SAMEA8901692	PRJEB42353	2013	France	2021-06-21
PRJEB42353	ERR6044744	SAMEA8901696	PRJEB42353	2013	France	2021-06-21
PRJEB42353	ERR6044754	SAMEA8901706	PRJEB42353	2013	France	2021-06-21
PRJEB42353	ERR6044755	SAMEA8901707	PRJEB42353	2013	France	2021-06-21
PRJEB42353	ERR6044756	SAMEA8901708	PRJEB42353	2013	France	2021-06-21
PRJEB42353	ERR6044758	SAMEA8901710	PRJEB42353	2013	France	2021-06-21
PRJEB42353	ERR6044760	SAMEA8901712	PRJEB42353	2013	France	2021-06-21
PRJEB42353	ERR6044761	SAMEA8901713	PRJEB42353	2013	France	2021-06-21
PRJEB42353	ERR6044764	SAMEA8901716	PRJEB42353	2013	France	2021-06-21
PRJEB42353	ERR6044765	SAMEA8901717	PRJEB42353	2013	France	2021-06-21
PRJEB42353	ERR6044766	SAMEA8901718	PRJEB42353	2013	France	2021-06-21
PRJEB42353	ERR6044767	SAMEA8901719	PRJEB42353	2013	France	2021-06-21
PRJEB42353	ERR6044768	SAMEA8901720	PRJEB42353	2013	France	2021-06-21
PRJEB42353	ERR6044769	SAMEA8901721	PRJEB42353	2013	France	2021-06-21
PRJEB42353	ERR6044771	SAMEA8901723	PRJEB42353	2013	France	2021-06-21
PRJEB42353	ERR6044773	SAMEA8901725	PRJEB42353	2014	France	2021-06-21
PRJEB42353	ERR6044785	SAMEA8901737	PRJEB42353	2014	France	2021-06-21
PRJEB42353	ERR6044786	SAMEA8901738	PRJEB42353	2014	France	2021-06-21
PRJEB42353	ERR6044787	SAMEA8901739	PRJEB42353	2014	France	2021-06-21
PRJEB42353	ERR6044792	SAMEA8901744	PRJEB42353	2014	France	2021-06-21
PRJEB42353	ERR6044794	SAMEA8901746	PRJEB42353	2014	France	2021-06-21
PRJEB42353	ERR6044796	SAMEA8901748	PRJEB42353	2014	France	2021-06-21
PRJEB42353	ERR6044797	SAMEA8901749	PRJEB42353	2014	France	2021-06-21
PRJEB42353	ERR6044800	SAMEA8901752	PRJEB42353	2014	France	2021-06-21
PRJEB42353	ERR6044801	SAMEA8901753	PRJEB42353	2014	France	2021-06-21
PRJEB42353	ERR6044806	SAMEA8901758	PRJEB42353	2014	France	2021-06-21
PRJEB42353	ERR6044807	SAMEA8901759	PRJEB42353	2014	France	2021-06-21
PRJEB42353	ERR6044809	SAMEA8901761	PRJEB42353	2014	France	2021-06-21
PRJEB42353	ERR6044813	SAMEA8901765	PRJEB42353	2014	France	2021-06-21
PRJEB42353	ERR6044817	SAMEA8901769	PRJEB42353	2014	France	2021-06-21
PRJEB42353	ERR6044824	SAMEA8901776	PRJEB42353	2014	France	2021-06-21
PRJEB42353	ERR6044826	SAMEA8901778	PRJEB42353	2014	France	2021-06-21
PRJEB42353	ERR6044829	SAMEA8901781	PRJEB42353	2015	France	2021-06-21
PRJEB42353	ERR6044831	SAMEA8901783	PRJEB42353	2015	France	2021-06-21
PRJEB42353	ERR6044835	SAMEA8901787	PRJEB42353	2016	France	2021-06-21
PRJEB42353	ERR6044845	SAMEA8901797	PRJEB42353	2016	France	2021-06-21
PRJEB42353	ERR6044847	SAMEA8901799	PRJEB42353	2016	France	2021-06-21
PRJEB42353	ERR6044861	SAMEA8901813	PRJEB42353	2017	France	2021-06-21
PRJEB42353	ERR6044864	SAMEA8901816	PRJEB42353	2017	France	2021-06-21
PRJEB42353	ERR6044867	SAMEA8901819	PRJEB42353	2017	France	2021-06-21
PRJEB42353	ERR6044868	SAMEA8901820	PRJEB42353	2017	France	2021-06-21
PRJEB42353	ERR6044870	SAMEA8901822	PRJEB42353	2017	France	2021-06-21
PRJEB42353	ERR6044872	SAMEA8901824	PRJEB42353	2017	France	2021-06-21
PRJEB42353	ERR6044874	SAMEA8901826	PRJEB42353	2017	France	2021-06-21
PRJEB42353	ERR6044875	SAMEA8901827	PRJEB42353	2017	France	2021-06-21
PRJEB42353	ERR6044877	SAMEA8901829	PRJEB42353	2017	France	2021-06-21
PRJEB42353	ERR6044879	SAMEA8901831	PRJEB42353	2017	France	2021-06-21
PRJEB42353	ERR6044881	SAMEA8901833	PRJEB42353	2017	France	2021-06-21
PRJEB42353	ERR6044891	SAMEA8901843	PRJEB42353	2018	France	2021-06-21
PRJEB42353	ERR6044893	SAMEA8901845	PRJEB42353	2018	France	2021-06-21
PRJEB42353	ERR6044895	SAMEA8901847	PRJEB42353	2018	France	2021-06-21
PRJEB42353	ERR6044896	SAMEA8901848	PRJEB42353	2018	France	2021-06-21
PRJEB42353	ERR6044899	SAMEA8901851	PRJEB42353	2018	France	2021-06-21
PRJEB42353	ERR6044901	SAMEA8901853	PRJEB42353	2018	France	2021-06-21
PRJEB42353	ERR6044904	SAMEA8901856	PRJEB42353	2018	France	2021-06-21
PRJEB42353	ERR6044906	SAMEA8901858	PRJEB42353	2018	France	2021-06-21
PRJEB42353	ERR6044910	SAMEA8901862	PRJEB42353	2018	France	2021-06-21
PRJEB42353	ERR6044911	SAMEA8901863	PRJEB42353	2018	France	2021-06-21
PRJEB42353	ERR6044912	SAMEA8901864	PRJEB42353	2018	France	2021-06-21
PRJEB42353	ERR6044913	SAMEA8901865	PRJEB42353	2018	France	2021-06-21
PRJEB42353	ERR6044914	SAMEA8901866	PRJEB42353	2018	France	2021-06-21
PRJEB42353	ERR6044915	SAMEA8901867	PRJEB42353	2018	France	2021-06-21
PRJEB42353	ERR6044921	SAMEA8901503	PRJEB42353	2012	France	2021-06-21
PRJEB42353	ERR6044924	SAMEA8901506	PRJEB42353	2012	France	2021-06-21
PRJEB42353	ERR6044933	SAMEA8901515	PRJEB42353	2012	France	2021-06-21
PRJEB42353	ERR6044938	SAMEA8901520	PRJEB42353	2012	France	2021-06-21
PRJEB42353	ERR6044939	SAMEA8901521	PRJEB42353	2012	France	2021-06-21
PRJEB42353	ERR6044940	SAMEA8901522	PRJEB42353	2012	France	2021-06-21
PRJEB42353	ERR6044946	SAMEA8901528	PRJEB42353	2012	France	2021-06-21
PRJEB42353	ERR6044948	SAMEA8901530	PRJEB42353	2012	France	2021-06-21
PRJEB42353	ERR6044949	SAMEA8901531	PRJEB42353	2012	France	2021-06-21
PRJEB42353	ERR6044962	SAMEA8901544	PRJEB42353	2012	France	2021-06-21
PRJEB42353	ERR6044963	SAMEA8901545	PRJEB42353	2012	France	2021-06-21
PRJEB42353	ERR6044964	SAMEA8901546	PRJEB42353	2012	France	2021-06-21
PRJEB42353	ERR6044966	SAMEA8901548	PRJEB42353	2012	France	2021-06-21
PRJEB42353	ERR8052264	SAMEA12219264	PRJEB42353	2011	France	2022-01-20
PRJEB42353	ERR8052266	SAMEA12219266	PRJEB42353	2019	France	2022-01-20
PRJEB42353	ERR8052267	SAMEA12219267	PRJEB42353	2019	France	2022-01-20
PRJEB42353	ERR13848220	SAMEA116143314	PRJEB42353	1996	France	2024-10-18
PRJEB42353	ERR13848221	SAMEA116143315	PRJEB42353	1996	France	2024-10-18
PRJEB42353	ERR13848224	SAMEA116143318	PRJEB42353	1996	France	2024-10-18
PRJEB42353	ERR13848226	SAMEA116143320	PRJEB42353	1996	France	2024-10-18
PRJEB42353	ERR13848229	SAMEA116143323	PRJEB42353	1996	France	2024-10-18
PRJEB42353	ERR13848231	SAMEA116143325	PRJEB42353	1996	France	2024-10-18
PRJEB42353	ERR13848233	SAMEA116143327	PRJEB42353	1996	France	2024-10-18
PRJEB42353	ERR13848238	SAMEA116143332	PRJEB42353	1996	France	2024-10-18
PRJEB42353	ERR13848240	SAMEA116143334	PRJEB42353	1996	France	2024-10-18
PRJEB42353	ERR13848245	SAMEA116143339	PRJEB42353	1997	France	2024-10-18
PRJEB42353	ERR13848246	SAMEA116143340	PRJEB42353	1997	France	2024-10-18
PRJEB42353	ERR13848247	SAMEA116143341	PRJEB42353	1997	France	2024-10-18
PRJEB42353	ERR13848249	SAMEA116143343	PRJEB42353	1997	France	2024-10-18
PRJEB42353	ERR13848250	SAMEA116143344	PRJEB42353	1997	France	2024-10-18
PRJEB42353	ERR13848259	SAMEA116143353	PRJEB42353	1997	France	2024-10-18
PRJEB42353	ERR13848261	SAMEA116143355	PRJEB42353	1997	France	2024-10-18
PRJEB42353	ERR13848262	SAMEA116143356	PRJEB42353	1997	France	2024-10-18
PRJEB42353	ERR13848266	SAMEA116143360	PRJEB42353	1997	France	2024-10-18
PRJEB42353	ERR13848271	SAMEA116143365	PRJEB42353	1997	France	2024-10-18
PRJEB42353	ERR13848272	SAMEA116143366	PRJEB42353	1997	France	2024-10-18
PRJEB42353	ERR13848273	SAMEA116143367	PRJEB42353	1997	France	2024-10-18
PRJEB42353	ERR13848276	SAMEA116143370	PRJEB42353	1998	France	2024-10-18
PRJEB42353	ERR13848281	SAMEA116143375	PRJEB42353	1998	France	2024-10-18
PRJEB42353	ERR13848282	SAMEA116143376	PRJEB42353	1998	France	2024-10-18
PRJEB42353	ERR13848286	SAMEA116143380	PRJEB42353	2000	France	2024-10-18
PRJEB42353	ERR13848288	SAMEA116143382	PRJEB42353	2000	France	2024-10-18
PRJEB42353	ERR13848289	SAMEA116143383	PRJEB42353	2000	France	2024-10-18
PRJEB42353	ERR13848291	SAMEA116143385	PRJEB42353	2000	France	2024-10-18
PRJEB42353	ERR13848293	SAMEA116143387	PRJEB42353	2000	France	2024-10-18
PRJEB42353	ERR13848295	SAMEA116143389	PRJEB42353	2000	France	2024-10-18
PRJEB42353	ERR13848304	SAMEA116143398	PRJEB42353	2001	France	2024-10-18
PRJEB42353	ERR13848307	SAMEA116143401	PRJEB42353	1997	France	2024-10-18
PRJEB42353	ERR13848308	SAMEA116143402	PRJEB42353	2000	France	2024-10-18
PRJEB42353	ERR13848309	SAMEA116143403	PRJEB42353	1998	France	2024-10-18
PRJEB42353	ERR13848310	SAMEA116143404	PRJEB42353	1996	France	2024-10-18
PRJEB42353	ERR13848311	SAMEA116143405	PRJEB42353	1996	France	2024-10-18
PRJEB42353	ERR13848316	SAMEA116143410	PRJEB42353	2004	France	2024-10-18
PRJEB42353	ERR13848324	SAMEA116143418	PRJEB42353	2004	France	2024-10-18
PRJEB42353	ERR13848325	SAMEA116143419	PRJEB42353	2004	France	2024-10-18
PRJEB42353	ERR13848327	SAMEA116143421	PRJEB42353	2004	France	2024-10-18
PRJEB42353	ERR13848333	SAMEA116143427	PRJEB42353	2004	France	2024-10-18
PRJEB42353	ERR13848334	SAMEA116143428	PRJEB42353	2004	France	2024-10-18
PRJEB42353	ERR13848340	SAMEA116143434	PRJEB42353	2005	France	2024-10-18
PRJEB42353	ERR13848343	SAMEA116143437	PRJEB42353	2005	France	2024-10-18
PRJEB42353	ERR13848346	SAMEA116143440	PRJEB42353	2005	France	2024-10-18
PRJEB42353	ERR13848347	SAMEA116143441	PRJEB42353	2005	France	2024-10-18
PRJEB42353	ERR13848351	SAMEA116143445	PRJEB42353	2006	France	2024-10-18
PRJEB42353	ERR13848357	SAMEA116143451	PRJEB42353	2007	France	2024-10-18
PRJEB42353	ERR13848362	SAMEA116143456	PRJEB42353	2007	France	2024-10-18
PRJEB42353	ERR13848364	SAMEA116143458	PRJEB42353	2008	France	2024-10-18
PRJEB42353	ERR13848371	SAMEA116143466	PRJEB42353	2009	France	2024-10-18
PRJEB42353	ERR13848372	SAMEA116143468	PRJEB42353	2009	France	2024-10-18
PRJEB42353	ERR13848378	SAMEA116143474	PRJEB42353	2009	France	2024-10-18
PRJEB42353	ERR13848380	SAMEA116143476	PRJEB42353	2019	France	2024-10-18
PRJEB42353	ERR13848383	SAMEA116143479	PRJEB42353	2019	France	2024-10-18
PRJEB42353	ERR13848392	SAMEA116143488	PRJEB42353	2019	France	2024-10-18
PRJEB42353	ERR13848394	SAMEA116143490	PRJEB42353	2019	France	2024-10-18
PRJEB42353	ERR13848397	SAMEA116143493	PRJEB42353	2019	France	2024-10-18
PRJEB42353	ERR13848398	SAMEA116143494	PRJEB42353	2019	France	2024-10-18
PRJEB42353	ERR13848400	SAMEA116143496	PRJEB42353	2019	France	2024-10-18
PRJEB42353	ERR13848408	SAMEA116143504	PRJEB42353	2019	France	2024-10-18
PRJEB42353	ERR13848409	SAMEA116143505	PRJEB42353	2019	France	2024-10-18
PRJEB42353	ERR13848417	SAMEA116143513	PRJEB42353	2019	France	2024-10-18
PRJEB42353	ERR13848419	SAMEA116143515	PRJEB42353	2019	France	2024-10-18
PRJEB42353	ERR13848427	SAMEA116143523	PRJEB42353	2020	France	2024-10-18
PRJEB42353	ERR13848430	SAMEA116143526	PRJEB42353	2020	France	2024-10-18
PRJEB42353	ERR13848434	SAMEA116143530	PRJEB42353	2022	France	2024-10-18
PRJEB42353	ERR13856775	SAMEA116143465	PRJEB42353	2009	France	2024-10-18
PRJEB42353	ERR13856776	SAMEA116143467	PRJEB42353	2009	France	2024-10-18
PRJEB42353	ERR13476596	SAMEA115874187	PRJEB42353	2023	France	2024-08-08
PRJEB42353	ERR13476597	SAMEA115874188	PRJEB42353	2023	France	2024-08-08
PRJEB42353	ERR13476599	SAMEA115874190	PRJEB42353	2023	France	2024-08-08
PRJEB42353	ERR13476603	SAMEA115874194	PRJEB42353	2024	France	2024-08-08
PRJEB42353	ERR13476607	SAMEA115874198	PRJEB42353	2024	France	2024-08-08
PRJEB42353	ERR13476613	SAMEA115874204	PRJEB42353	2024	France	2024-08-08
PRJEB42353	ERR13476614	SAMEA115874205	PRJEB42353	2024	France	2024-08-08
PRJEB42353	ERR13476615	SAMEA115874206	PRJEB42353	2024	France	2024-08-08
PRJEB42353	ERR13476616	SAMEA115874207	PRJEB42353	2024	France	2024-08-08
PRJEB42353	ERR13476618	SAMEA115874209	PRJEB42353	2024	France	2024-08-08
PRJEB42353	ERR13476626	SAMEA115874217	PRJEB42353	2024	France	2024-08-08
PRJEB42353	ERR13476629	SAMEA115874220	PRJEB42353	2024	France	2024-08-08
PRJEB42353	ERR13476633	SAMEA115874224	PRJEB42353	2024	France	2024-08-08
PRJEB42353	ERR13476635	SAMEA115874226	PRJEB42353	2024	France	2024-08-08
PRJEB42353	ERR13476638	SAMEA115874229	PRJEB42353	2024	France	2024-08-08
PRJEB42353	ERR13476643	SAMEA115874234	PRJEB42353	2024	France	2024-08-08
PRJEB42353	ERR13476646	SAMEA115874237	PRJEB42353	2024	France	2024-08-08
PRJEB42353	ERR13476651	SAMEA115874242	PRJEB42353	2024	France	2024-08-08
PRJEB42353	ERR13476654	SAMEA115874245	PRJEB42353	2024	France	2024-08-08
PRJEB42353	ERR13848225	SAMEA116143319	PRJEB42353	1996	France	2024-10-18
PRJEB42353	ERR13848227	SAMEA116143321	PRJEB42353	1996	France	2024-10-18
PRJEB42353	ERR13848228	SAMEA116143322	PRJEB42353	1996	France	2024-10-18
PRJEB42353	ERR13848234	SAMEA116143328	PRJEB42353	1996	France	2024-10-18
PRJEB42353	ERR13848236	SAMEA116143330	PRJEB42353	1996	France	2024-10-18
PRJEB42353	ERR13848241	SAMEA116143335	PRJEB42353	1996	France	2024-10-18
PRJEB42353	ERR13848242	SAMEA116143336	PRJEB42353	1997	France	2024-10-18
PRJEB42353	ERR13848252	SAMEA116143346	PRJEB42353	1997	France	2024-10-18
PRJEB42353	ERR13848253	SAMEA116143347	PRJEB42353	1997	France	2024-10-18
PRJEB42353	ERR13848254	SAMEA116143348	PRJEB42353	1997	France	2024-10-18
PRJEB42353	ERR13848260	SAMEA116143354	PRJEB42353	1997	France	2024-10-18
PRJEB42353	ERR13848264	SAMEA116143358	PRJEB42353	1997	France	2024-10-18
PRJEB42353	ERR13848268	SAMEA116143362	PRJEB42353	1997	France	2024-10-18
PRJEB42353	ERR13848275	SAMEA116143369	PRJEB42353	1997	France	2024-10-18
PRJEB42353	ERR13848284	SAMEA116143378	PRJEB42353	1999	France	2024-10-18
PRJEB42353	ERR13848287	SAMEA116143381	PRJEB42353	2000	France	2024-10-18
PRJEB42353	ERR13848300	SAMEA116143394	PRJEB42353	2000	France	2024-10-18
PRJEB42353	ERR13848301	SAMEA116143395	PRJEB42353	2001	France	2024-10-18
PRJEB42353	ERR13848303	SAMEA116143397	PRJEB42353	2001	France	2024-10-18
PRJEB42353	ERR13848305	SAMEA116143399	PRJEB42353	2001	France	2024-10-18
PRJEB42353	ERR13848306	SAMEA116143400	PRJEB42353	2000	France	2024-10-18
PRJEB42353	ERR13848312	SAMEA116143406	PRJEB42353	2001	France	2024-10-18
PRJEB42353	ERR13848313	SAMEA116143407	PRJEB42353	2001	France	2024-10-18
PRJEB42353	ERR13848318	SAMEA116143412	PRJEB42353	2004	France	2024-10-18
PRJEB42353	ERR13848319	SAMEA116143413	PRJEB42353	2004	France	2024-10-18
PRJEB42353	ERR13848320	SAMEA116143414	PRJEB42353	2004	France	2024-10-18
PRJEB42353	ERR13848321	SAMEA116143415	PRJEB42353	2004	France	2024-10-18
PRJEB42353	ERR13848323	SAMEA116143417	PRJEB42353	2004	France	2024-10-18
PRJEB42353	ERR13848328	SAMEA116143422	PRJEB42353	2004	France	2024-10-18
PRJEB42353	ERR13848329	SAMEA116143423	PRJEB42353	2004	France	2024-10-18
PRJEB42353	ERR13848331	SAMEA116143425	PRJEB42353	2004	France	2024-10-18
PRJEB42353	ERR13848338	SAMEA116143432	PRJEB42353	2005	France	2024-10-18
PRJEB42353	ERR13848342	SAMEA116143436	PRJEB42353	2005	France	2024-10-18
PRJEB42353	ERR13848344	SAMEA116143438	PRJEB42353	2005	France	2024-10-18
PRJEB42353	ERR13848345	SAMEA116143439	PRJEB42353	2005	France	2024-10-18
PRJEB42353	ERR13848350	SAMEA116143444	PRJEB42353	2006	France	2024-10-18
PRJEB42353	ERR13848353	SAMEA116143447	PRJEB42353	2007	France	2024-10-18
PRJEB42353	ERR13848354	SAMEA116143448	PRJEB42353	2007	France	2024-10-18
PRJEB42353	ERR13848359	SAMEA116143453	PRJEB42353	2007	France	2024-10-18
PRJEB42353	ERR13848361	SAMEA116143455	PRJEB42353	2007	France	2024-10-18
PRJEB42353	ERR13848375	SAMEA116143471	PRJEB42353	2009	France	2024-10-18
PRJEB42353	ERR13848381	SAMEA116143477	PRJEB42353	2019	France	2024-10-18
PRJEB42353	ERR13848384	SAMEA116143480	PRJEB42353	2019	France	2024-10-18
PRJEB42353	ERR13848387	SAMEA116143483	PRJEB42353	2019	France	2024-10-18
PRJEB42353	ERR13848389	SAMEA116143485	PRJEB42353	2019	France	2024-10-18
PRJEB42353	ERR13848393	SAMEA116143489	PRJEB42353	2019	France	2024-10-18
PRJEB42353	ERR13848395	SAMEA116143491	PRJEB42353	2019	France	2024-10-18
PRJEB42353	ERR13848396	SAMEA116143492	PRJEB42353	2019	France	2024-10-18
PRJEB42353	ERR13848401	SAMEA116143497	PRJEB42353	2019	France	2024-10-18
PRJEB42353	ERR13848403	SAMEA116143499	PRJEB42353	2019	France	2024-10-18
PRJEB42353	ERR13848404	SAMEA116143500	PRJEB42353	2019	France	2024-10-18
PRJEB42353	ERR13848405	SAMEA116143501	PRJEB42353	2019	France	2024-10-18
PRJEB42353	ERR13848406	SAMEA116143502	PRJEB42353	2019	France	2024-10-18
PRJEB42353	ERR13848407	SAMEA116143503	PRJEB42353	2019	France	2024-10-18
PRJEB42353	ERR13848410	SAMEA116143506	PRJEB42353	2019	France	2024-10-18
PRJEB42353	ERR13848411	SAMEA116143507	PRJEB42353	2019	France	2024-10-18
PRJEB42353	ERR13848412	SAMEA116143508	PRJEB42353	2019	France	2024-10-18
PRJEB42353	ERR13848413	SAMEA116143509	PRJEB42353	2019	France	2024-10-18
PRJEB42353	ERR13848414	SAMEA116143510	PRJEB42353	2019	France	2024-10-18
PRJEB42353	ERR13848416	SAMEA116143512	PRJEB42353	2019	France	2024-10-18
PRJEB42353	ERR13848420	SAMEA116143516	PRJEB42353	2019	France	2024-10-18
PRJEB42353	ERR13848421	SAMEA116143517	PRJEB42353	2019	France	2024-10-18
PRJEB42353	ERR13848423	SAMEA116143519	PRJEB42353	2020	France	2024-10-18
PRJEB42353	ERR13848428	SAMEA116143524	PRJEB42353	2020	France	2024-10-18
PRJEB42353	ERR13848429	SAMEA116143525	PRJEB42353	2020	France	2024-10-18
PRJEB42353	ERR13848433	SAMEA116143529	PRJEB42353	2020	France	2024-10-18
PRJEB42353	ERR13848435	SAMEA116143531	PRJEB42353	2022	France	2024-10-18
PRJEB42353	ERR15984894	SAMEA117700949	PRJEB42353	2024	France	2025-12-02
PRJEB42353	ERR15984895	SAMEA117700962	PRJEB42353	2024	France	2025-12-02
PRJEB42353	ERR15984896	SAMEA117700974	PRJEB42353	2024	France	2025-12-02
PRJEB42353	ERR15984898	SAMEA117701018	PRJEB42353	2024	France	2025-12-02
PRJEB42353	ERR15984899	SAMEA117701019	PRJEB42353	2024	France	2025-12-02
PRJEB42353	ERR15984900	SAMEA117701022	PRJEB42353	2024	France	2025-12-02
PRJEB42353	ERR15998553	SAMEA117700762	PRJEB42353	2024	France	2025-12-08
PRJEB42353	ERR15998557	SAMEA117700766	PRJEB42353	2024	France	2025-12-08
PRJEB42353	ERR15998561	SAMEA117700770	PRJEB42353	2024	France	2025-12-08
PRJEB42353	ERR15998562	SAMEA117700771	PRJEB42353	2024	France	2025-12-08
PRJEB42353	ERR15998564	SAMEA117700773	PRJEB42353	2024	France	2025-12-08
PRJEB42353	ERR15998569	SAMEA117700778	PRJEB42353	2024	France	2025-12-08
PRJEB42353	ERR15998570	SAMEA117700779	PRJEB42353	2024	France	2025-12-08
PRJEB42353	ERR15998572	SAMEA117700781	PRJEB42353	2024	France	2025-12-08
PRJEB42353	ERR15998573	SAMEA117700782	PRJEB42353	2024	France	2025-12-08
PRJEB42353	ERR15998576	SAMEA117700785	PRJEB42353	2024	France	2025-12-08
PRJEB42353	ERR15998578	SAMEA117700787	PRJEB42353	2024	France	2025-12-08
PRJEB42353	ERR15998580	SAMEA117700789	PRJEB42353	2024	France	2025-12-08
PRJEB42353	ERR15998581	SAMEA117700790	PRJEB42353	2024	France	2025-12-08
PRJEB42353	ERR15998582	SAMEA117700791	PRJEB42353	2024	France	2025-12-08
PRJEB42353	ERR15998584	SAMEA117700793	PRJEB42353	2024	France	2025-12-08
PRJEB42353	ERR15998585	SAMEA117700794	PRJEB42353	2024	France	2025-12-08
PRJEB42353	ERR15998587	SAMEA117700796	PRJEB42353	2024	France	2025-12-08
PRJEB42353	ERR15998588	SAMEA117700797	PRJEB42353	2024	France	2025-12-08
PRJEB42353	ERR15999876	SAMEA117700798	PRJEB42353	2024	France	2025-12-08
PRJEB42353	ERR15999877	SAMEA117700802	PRJEB42353	2024	France	2025-12-08
PRJEB42353	ERR15999878	SAMEA120655465	PRJEB42353	2024	France	2025-12-08
PRJEB42353	ERR15999883	SAMEA117700807	PRJEB42353	2024	France	2025-12-08
PRJEB42353	ERR15999886	SAMEA117700813	PRJEB42353	2024	France	2025-12-08
PRJEB42353	ERR15999888	SAMEA120655467	PRJEB42353	2024	France	2025-12-08
PRJEB42353	ERR15999893	SAMEA117700820	PRJEB42353	2024	France	2025-12-08
PRJEB42353	ERR15999900	SAMEA117700832	PRJEB42353	2024	France	2025-12-08
PRJEB42353	ERR15999907	SAMEA117700839	PRJEB42353	2024	France	2025-12-08
PRJEB42353	ERR15999909	SAMEA117700843	PRJEB42353	2024	France	2025-12-08
PRJEB42353	ERR15999910	SAMEA117700844	PRJEB42353	2024	France	2025-12-08
PRJEB42353	ERR15999919	SAMEA120655471	PRJEB42353	2024	France	2025-12-08
PRJEB42353	ERR15999923	SAMEA117700858	PRJEB42353	2024	France	2025-12-08
PRJEB42353	ERR15999927	SAMEA117700841	PRJEB42353	2024	France	2025-12-08
PRJEB42353	ERR15999929	SAMEA117700853	PRJEB42353	2024	France	2025-12-08
PRJEB42353	ERR15999930	SAMEA117700854	PRJEB42353	2024	France	2025-12-08
PRJEB42353	ERR15999934	SAMEA117700863	PRJEB42353	2024	France	2025-12-08
PRJEB42353	ERR15999940	SAMEA117700869	PRJEB42353	2024	France	2025-12-08
PRJEB42353	ERR15999942	SAMEA117700871	PRJEB42353	2024	France	2025-12-08
PRJEB42353	ERR15999943	SAMEA117700872	PRJEB42353	2024	France	2025-12-08
PRJEB42353	ERR15999944	SAMEA117700873	PRJEB42353	2024	France	2025-12-08
PRJEB42353	ERR15999946	SAMEA117700875	PRJEB42353	2024	France	2025-12-08
PRJEB42353	ERR15999950	SAMEA117700879	PRJEB42353	2024	France	2025-12-08
PRJEB42353	ERR15999954	SAMEA117700884	PRJEB42353	2024	France	2025-12-08
PRJEB42353	ERR15999962	SAMEA117700892	PRJEB42353	2024	France	2025-12-08
PRJEB42353	ERR15999965	SAMEA117700895	PRJEB42353	2024	France	2025-12-08
PRJEB42353	ERR15999969	SAMEA117700899	PRJEB42353	2024	France	2025-12-08
PRJEB42353	ERR15999970	SAMEA117700900	PRJEB42353	2024	France	2025-12-08
PRJEB42353	ERR15999972	SAMEA117700902	PRJEB42353	2024	France	2025-12-08
PRJEB42353	ERR15999975	SAMEA117700905	PRJEB42353	2024	France	2025-12-08
PRJEB42353	ERR15999976	SAMEA117700906	PRJEB42353	2024	France	2025-12-08
PRJEB42353	ERR15999978	SAMEA117700910	PRJEB42353	2024	France	2025-12-08
PRJEB42353	ERR15999983	SAMEA117700915	PRJEB42353	2024	France	2025-12-08
PRJEB42353	ERR15999988	SAMEA117700918	PRJEB42353	2024	France	2025-12-08
PRJEB42353	ERR15999991	SAMEA117700921	PRJEB42353	2024	France	2025-12-08
PRJEB42353	ERR15999992	SAMEA117700922	PRJEB42353	2024	France	2025-12-08
PRJEB42353	ERR15999996	SAMEA117700926	PRJEB42353	2024	France	2025-12-08
PRJEB42353	ERR16000001	SAMEA117700931	PRJEB42353	2024	France	2025-12-08
PRJEB42353	ERR16000003	SAMEA117700933	PRJEB42353	2024	France	2025-12-08
PRJEB42353	ERR16000004	SAMEA117700934	PRJEB42353	2024	France	2025-12-08
PRJEB42353	ERR16000005	SAMEA117700935	PRJEB42353	2024	France	2025-12-08
PRJEB42353	ERR16000009	SAMEA117700939	PRJEB42353	2024	France	2025-12-08
PRJEB42353	ERR16000010	SAMEA117700940	PRJEB42353	2024	France	2025-12-08
PRJEB42353	ERR16000021	SAMEA117700955	PRJEB42353	2024	France	2025-12-08
PRJEB42353	ERR16000026	SAMEA117700960	PRJEB42353	2024	France	2025-12-08
PRJEB42353	ERR16000028	SAMEA117700963	PRJEB42353	2024	France	2025-12-08
PRJEB42353	ERR16000029	SAMEA117700964	PRJEB42353	2024	France	2025-12-08
PRJEB42353	ERR16000033	SAMEA117700968	PRJEB42353	2024	France	2025-12-08
PRJEB42353	ERR16000038	SAMEA117700973	PRJEB42353	2024	France	2025-12-08
PRJEB42353	ERR16000041	SAMEA117700977	PRJEB42353	2024	France	2025-12-08
PRJEB42353	ERR16000045	SAMEA117700982	PRJEB42353	2024	France	2025-12-08
PRJEB42353	ERR16000051	SAMEA117700986	PRJEB42353	2024	France	2025-12-08
PRJEB42353	ERR16000052	SAMEA117700987	PRJEB42353	2024	France	2025-12-08
PRJEB42353	ERR16000053	SAMEA117700988	PRJEB42353	2024	France	2025-12-08
PRJEB42353	ERR16000055	SAMEA117700990	PRJEB42353	2024	France	2025-12-08
PRJEB42353	ERR16000056	SAMEA117700991	PRJEB42353	2024	France	2025-12-08
PRJEB42353	ERR16000058	SAMEA117700993	PRJEB42353	2024	France	2025-12-08
PRJEB42353	ERR16000060	SAMEA117700995	PRJEB42353	2024	France	2025-12-08
PRJEB42353	ERR16000063	SAMEA117700999	PRJEB42353	2024	France	2025-12-08
PRJEB42353	ERR16000065	SAMEA117701001	PRJEB42353	2024	France	2025-12-08
PRJEB42353	ERR16000070	SAMEA117701006	PRJEB42353	2024	France	2025-12-08
PRJEB42353	ERR16000075	SAMEA117701011	PRJEB42353	2024	France	2025-12-08
PRJEB42353	ERR16000972	SAMEA120655472	PRJEB42353	2024	France	2025-12-09
PRJEB42353	ERR16000980	SAMEA120655480	PRJEB42353	2024	France	2025-12-09
PRJEB42353	ERR16000984	SAMEA117701015	PRJEB42353	2024	France	2025-12-09
PRJEB42353	ERR16000985	SAMEA117701016	PRJEB42353	2024	France	2025-12-09
PRJEB42353	ERR16000986	SAMEA117701020	PRJEB42353	2024	France	2025-12-09
PRJEB42353	ERR16000990	SAMEA117701025	PRJEB42353	2024	France	2025-12-09
PRJEB42353	ERR16000991	SAMEA117701026	PRJEB42353	2024	France	2025-12-09
PRJEB42353	ERR16000992	SAMEA117701027	PRJEB42353	2024	France	2025-12-09
PRJEB42353	ERR16000993	SAMEA117701028	PRJEB42353	2024	France	2025-12-09
PRJEB42353	ERR16000997	SAMEA120655486	PRJEB42353	2024	France	2025-12-09
PRJEB42353	ERR16000999	SAMEA120655488	PRJEB42353	2024	France	2025-12-09
PRJEB42353	ERR16001001	SAMEA120655490	PRJEB42353	2024	France	2025-12-09
PRJEB42353	ERR16001008	SAMEA120655497	PRJEB42353	2024	France	2025-12-09
PRJEB42353	ERR16001009	SAMEA120655498	PRJEB42353	2024	France	2025-12-09
PRJEB42353	ERR16001209	SAMEA117700812	PRJEB42353	2024	France	2025-12-09
PRJEB42353	ERR16001210	SAMEA117700816	PRJEB42353	2024	France	2025-12-09
PRJEB42353	ERR16001212	SAMEA117700818	PRJEB42353	2024	France	2025-12-09
PRJEB42353	ERR16001214	SAMEA117700822	PRJEB42353	2024	France	2025-12-09
PRJEB42353	ERR16001217	SAMEA117700825	PRJEB42353	2024	France	2025-12-09
PRJEB42353	ERR5101983	SAMEA7765869	PRJEB42353	1996	France	2021-01-20
PRJEB42353	ERR5101985	SAMEA7765871	PRJEB42353	2005	France	2021-01-20
PRJEB42353	ERR5101986	SAMEA7765872	PRJEB42353	2007	France	2021-01-20
PRJEB42353	ERR5101987	SAMEA7765873	PRJEB42353	2018	France	2021-01-20
PRJEB42353	ERR5101992	SAMEA7765878	PRJEB42353	2013	France	2021-01-20
PRJEB42353	ERR5101994	SAMEA7765880	PRJEB42353	2004	France	2021-01-20
PRJEB42353	ERR5101999	SAMEA7765885	PRJEB42353	2007	France	2021-01-20
PRJEB42353	ERR5102000	SAMEA7765886	PRJEB42353	2007	France	2021-01-20
PRJEB42353	ERR5102002	SAMEA7765888	PRJEB42353	2007	France	2021-01-20
PRJEB42353	ERR5102004	SAMEA7765890	PRJEB42353	2009	France	2021-01-20
PRJEB42353	ERR5102008	SAMEA7765894	PRJEB42353	2009	France	2021-01-20
PRJEB42353	ERR5102012	SAMEA7765898	PRJEB42353	2010	France	2021-01-20
PRJEB42353	ERR5102026	SAMEA7765912	PRJEB42353	2011	France	2021-01-20
PRJEB42353	ERR5102028	SAMEA7765914	PRJEB42353	2011	France	2021-01-20
PRJEB42353	ERR5102031	SAMEA7765917	PRJEB42353	2011	France	2021-01-20
PRJEB42353	ERR5102040	SAMEA7765927	PRJEB42353	2012	France	2021-01-20
PRJEB42353	ERR5102041	SAMEA7765928	PRJEB42353	2012	France	2021-01-20
PRJEB42353	ERR5102043	SAMEA7765930	PRJEB42353	2012	France	2021-01-20
PRJEB42353	ERR5102045	SAMEA7765932	PRJEB42353	2012	France	2021-01-20
PRJEB42353	ERR5102051	SAMEA7765938	PRJEB42353	2012	France	2021-01-20
PRJEB42353	ERR5102060	SAMEA7765947	PRJEB42353	2013	France	2021-01-20
PRJEB42353	ERR5102061	SAMEA7765948	PRJEB42353	2013	France	2021-01-20
PRJEB42353	ERR5102063	SAMEA7765950	PRJEB42353	2013	France	2021-01-20
PRJEB42353	ERR5102066	SAMEA7765953	PRJEB42353	2013	France	2021-01-20
PRJEB42353	ERR5102069	SAMEA7765956	PRJEB42353	2013	France	2021-01-20
PRJEB42353	ERR5102070	SAMEA7765957	PRJEB42353	2013	France	2021-01-20
PRJEB42353	ERR5102071	SAMEA7765958	PRJEB42353	2013	France	2021-01-20
PRJEB42353	ERR5102077	SAMEA7765964	PRJEB42353	2014	France	2021-01-20
PRJEB42353	ERR5102080	SAMEA7765967	PRJEB42353	2014	France	2021-01-20
PRJEB42353	ERR5102083	SAMEA7765970	PRJEB42353	2015	France	2021-01-20
PRJEB42353	ERR5102084	SAMEA7765971	PRJEB42353	2015	France	2021-01-20
PRJEB42353	ERR5102088	SAMEA7765975	PRJEB42353	2015	France	2021-01-20
PRJEB42353	ERR5102096	SAMEA7765983	PRJEB42353	2016	France	2021-01-20
PRJEB42353	ERR5102099	SAMEA7765986	PRJEB42353	2016	France	2021-01-20
PRJEB42353	ERR5102101	SAMEA7765988	PRJEB42353	2016	France	2021-01-20
PRJEB42353	ERR5102105	SAMEA7765992	PRJEB42353	2016	France	2021-01-20
PRJEB42353	ERR5102106	SAMEA7765993	PRJEB42353	2016	France	2021-01-20
PRJEB42353	ERR5102110	SAMEA7765997	PRJEB42353	2017	France	2021-01-20
PRJEB42353	ERR5102114	SAMEA7766001	PRJEB42353	2017	France	2021-01-20
PRJEB42353	ERR5102115	SAMEA7766002	PRJEB42353	2017	France	2021-01-20
PRJEB42353	ERR5102119	SAMEA7766006	PRJEB42353	2017	France	2021-01-20
PRJEB42353	ERR5102123	SAMEA7766010	PRJEB42353	2017	France	2021-01-20
PRJEB42353	ERR5102124	SAMEA7766011	PRJEB42353	2017	France	2021-01-20
PRJEB42353	ERR5102125	SAMEA7766012	PRJEB42353	2017	France	2021-01-20
PRJEB42353	ERR5102126	SAMEA7766013	PRJEB42353	2017	France	2021-01-20
PRJEB42353	ERR5102128	SAMEA7766015	PRJEB42353	2017	France	2021-01-20
PRJEB42353	ERR5102132	SAMEA7766019	PRJEB42353	2017	France	2021-01-20
PRJEB42353	ERR5102134	SAMEA7766021	PRJEB42353	2017	France	2021-01-20
PRJEB42353	ERR5102135	SAMEA7766022	PRJEB42353	2017	France	2021-01-20
PRJEB42353	ERR5102141	SAMEA7766028	PRJEB42353	2017	France	2021-01-20
PRJEB42353	ERR5102142	SAMEA7766029	PRJEB42353	2018	France	2021-01-20
PRJEB42353	ERR5102146	SAMEA7766033	PRJEB42353	2018	France	2021-01-20
PRJEB42353	ERR5102147	SAMEA7766034	PRJEB42353	2018	France	2021-01-20
PRJEB42353	ERR5102149	SAMEA7766036	PRJEB42353	2018	France	2021-01-20
PRJEB42353	ERR5102151	SAMEA7766038	PRJEB42353	2018	France	2021-01-20
PRJEB42353	ERR5102152	SAMEA7766039	PRJEB42353	2018	France	2021-01-20
PRJEB42353	ERR5102153	SAMEA7766040	PRJEB42353	2018	France	2021-01-20
PRJEB42353	ERR5102155	SAMEA7766042	PRJEB42353	2018	France	2021-01-20
PRJEB42353	ERR5102160	SAMEA7766047	PRJEB42353	2018	France	2021-01-20
PRJEB42353	ERR5102161	SAMEA7766048	PRJEB42353	2018	France	2021-01-20
PRJEB42353	ERR5102165	SAMEA7766052	PRJEB42353	2018	France	2021-01-20
PRJEB42353	ERR5102170	SAMEA7766057	PRJEB42353	2018	France	2021-01-20
PRJEB42353	ERR5102172	SAMEA7766059	PRJEB42353	2018	France	2021-01-20
PRJEB42353	ERR6044072	SAMEA8901102	PRJEB42353	1994	France	2021-06-21
PRJEB42353	ERR6044076	SAMEA8901106	PRJEB42353	1994	France	2021-06-21
PRJEB42353	ERR6044078	SAMEA8901108	PRJEB42353	1994	France	2021-06-21
PRJEB42353	ERR6044079	SAMEA8901109	PRJEB42353	1994	France	2021-06-21
PRJEB42353	ERR6044080	SAMEA8901110	PRJEB42353	1994	France	2021-06-21
PRJEB42353	ERR6044085	SAMEA8901115	PRJEB42353	1995	France	2021-06-21
PRJEB42353	ERR6044091	SAMEA8901121	PRJEB42353	1995	France	2021-06-21
PRJEB42353	ERR6044093	SAMEA8901123	PRJEB42353	1995	France	2021-06-21
PRJEB42353	ERR6044094	SAMEA8901124	PRJEB42353	1995	France	2021-06-21
PRJEB42353	ERR6044095	SAMEA8901125	PRJEB42353	1995	France	2021-06-21
PRJEB42353	ERR6044096	SAMEA8901126	PRJEB42353	1995	France	2021-06-21
PRJEB42353	ERR6044098	SAMEA8901128	PRJEB42353	1995	France	2021-06-21
PRJEB42353	ERR6044104	SAMEA8901134	PRJEB42353	1995	France	2021-06-21
PRJEB42353	ERR6044105	SAMEA8901135	PRJEB42353	1995	France	2021-06-21
PRJEB42353	ERR6044112	SAMEA8901142	PRJEB42353	1995	France	2021-06-21
PRJEB42353	ERR6044115	SAMEA8901145	PRJEB42353	1995	France	2021-06-21
PRJEB42353	ERR6044116	SAMEA8901146	PRJEB42353	1995	France	2021-06-21
PRJEB42353	ERR6044121	SAMEA8901151	PRJEB42353	1995	France	2021-06-21
PRJEB42353	ERR6044126	SAMEA8901156	PRJEB42353	1996	France	2021-06-21
PRJEB42353	ERR6044137	SAMEA8901167	PRJEB42353	1996	France	2021-06-21
PRJEB42353	ERR6044140	SAMEA8901170	PRJEB42353	1996	France	2021-06-21
PRJEB42353	ERR6044142	SAMEA8901172	PRJEB42353	1997	France	2021-06-21
PRJEB42353	ERR6044145	SAMEA8901175	PRJEB42353	1997	France	2021-06-21
PRJEB42353	ERR6044147	SAMEA8901177	PRJEB42353	1997	France	2021-06-21
PRJEB42353	ERR6044152	SAMEA8901182	PRJEB42353	1998	France	2021-06-21
PRJEB42353	ERR6044153	SAMEA8901183	PRJEB42353	1998	France	2021-06-21
PRJEB42353	ERR6044155	SAMEA8901185	PRJEB42353	1998	France	2021-06-21
PRJEB42353	ERR6044159	SAMEA8901189	PRJEB42353	1998	France	2021-06-21
PRJEB42353	ERR6044164	SAMEA8901194	PRJEB42353	1998	France	2021-06-21
PRJEB42353	ERR6044167	SAMEA8901197	PRJEB42353	1998	France	2021-06-21
PRJEB42353	ERR6044169	SAMEA8901199	PRJEB42353	1998	France	2021-06-21
PRJEB42353	ERR6044173	SAMEA8901203	PRJEB42353	1998	France	2021-06-21
PRJEB42353	ERR6044174	SAMEA8901204	PRJEB42353	1998	France	2021-06-21
PRJEB42353	ERR6044176	SAMEA8901206	PRJEB42353	1999	France	2021-06-21
PRJEB42353	ERR6044177	SAMEA8901207	PRJEB42353	1999	France	2021-06-21
PRJEB42353	ERR6044178	SAMEA8901208	PRJEB42353	1999	France	2021-06-21
PRJEB42353	ERR6044182	SAMEA8901212	PRJEB42353	1999	France	2021-06-21
PRJEB42353	ERR6044183	SAMEA8901213	PRJEB42353	1999	France	2021-06-21
PRJEB42353	ERR6044184	SAMEA8901214	PRJEB42353	1999	France	2021-06-21
PRJEB42353	ERR6044193	SAMEA8901223	PRJEB42353	2000	France	2021-06-21
PRJEB42353	ERR6044200	SAMEA8901230	PRJEB42353	2001	France	2021-06-21
PRJEB42353	ERR6044202	SAMEA8901232	PRJEB42353	2001	France	2021-06-21
PRJEB42353	ERR6044203	SAMEA8901233	PRJEB42353	2002	France	2021-06-21
PRJEB42353	ERR6044211	SAMEA8901241	PRJEB42353	2002	France	2021-06-21
PRJEB42353	ERR6044218	SAMEA8901248	PRJEB42353	2003	France	2021-06-21
PRJEB42353	ERR6044223	SAMEA8901253	PRJEB42353	2003	France	2021-06-21
PRJEB42353	ERR6044224	SAMEA8901254	PRJEB42353	2003	France	2021-06-21
PRJEB42353	ERR6044226	SAMEA8901256	PRJEB42353	2003	France	2021-06-21
PRJEB42353	ERR6044228	SAMEA8901258	PRJEB42353	2003	France	2021-06-21
PRJEB42353	ERR6044230	SAMEA8901260	PRJEB42353	2003	France	2021-06-21
PRJEB42353	ERR6044235	SAMEA8901265	PRJEB42353	2004	France	2021-06-21
PRJEB42353	ERR6044238	SAMEA8901268	PRJEB42353	2004	France	2021-06-21
PRJEB42353	ERR6044242	SAMEA8901272	PRJEB42353	2004	France	2021-06-21
PRJEB42353	ERR6044245	SAMEA8901275	PRJEB42353	2004	France	2021-06-21
PRJEB42353	ERR6044253	SAMEA8901283	PRJEB42353	2004	France	2021-06-21
PRJEB42353	ERR6044254	SAMEA8901284	PRJEB42353	2004	France	2021-06-21
PRJEB42353	ERR6044260	SAMEA8901290	PRJEB42353	2005	France	2021-06-21
PRJEB42353	ERR6044263	SAMEA8901293	PRJEB42353	2005	France	2021-06-21
PRJEB42353	ERR6044264	SAMEA8901294	PRJEB42353	2005	France	2021-06-21
PRJEB42353	ERR6044265	SAMEA8901295	PRJEB42353	2005	France	2021-06-21
PRJEB42353	ERR6044266	SAMEA8901296	PRJEB42353	2006	France	2021-06-21
PRJEB42353	ERR6044269	SAMEA8901299	PRJEB42353	2006	France	2021-06-21
PRJEB42353	ERR6044272	SAMEA8901302	PRJEB42353	2006	France	2021-06-21
PRJEB42353	ERR6044274	SAMEA8901304	PRJEB42353	2006	France	2021-06-21
PRJEB42353	ERR6044277	SAMEA8901307	PRJEB42353	2006	France	2021-06-21
PRJEB42353	ERR6044278	SAMEA8901308	PRJEB42353	2007	France	2021-06-21
PRJEB42353	ERR6044279	SAMEA8901309	PRJEB42353	2007	France	2021-06-21
PRJEB42353	ERR6044281	SAMEA8901311	PRJEB42353	2007	France	2021-06-21
PRJEB42353	ERR6044285	SAMEA8901315	PRJEB42353	2007	France	2021-06-21
PRJEB42353	ERR6044286	SAMEA8901316	PRJEB42353	2007	France	2021-06-21
PRJEB42353	ERR6044288	SAMEA8901318	PRJEB42353	2007	France	2021-06-21
PRJEB42353	ERR6044290	SAMEA8901320	PRJEB42353	2008	France	2021-06-21
PRJEB42353	ERR6044293	SAMEA8901323	PRJEB42353	2009	France	2021-06-21
PRJEB42353	ERR6044295	SAMEA8901325	PRJEB42353	2009	France	2021-06-21
PRJEB42353	ERR6044299	SAMEA8901329	PRJEB42353	2009	France	2021-06-21
PRJEB42353	ERR6044302	SAMEA8901332	PRJEB42353	2009	France	2021-06-21
PRJEB42353	ERR6044307	SAMEA8901337	PRJEB42353	2009	France	2021-06-21
PRJEB42353	ERR6044309	SAMEA8901339	PRJEB42353	2009	France	2021-06-21
PRJEB42353	ERR6044310	SAMEA8901340	PRJEB42353	2009	France	2021-06-21
PRJEB42353	ERR6044316	SAMEA8901346	PRJEB42353	2010	France	2021-06-21
PRJEB42353	ERR6044321	SAMEA8901351	PRJEB42353	2010	France	2021-06-21
PRJEB42353	ERR6044323	SAMEA8901353	PRJEB42353	2010	France	2021-06-21
PRJEB42353	ERR6044325	SAMEA8901354	PRJEB42353	2010	France	2021-06-21
PRJEB42353	ERR6044326	SAMEA8901355	PRJEB42353	2010	France	2021-06-21
PRJEB42353	ERR6044327	SAMEA8901356	PRJEB42353	2010	France	2021-06-21
PRJEB42353	ERR6044334	SAMEA8901363	PRJEB42353	2010	France	2021-06-21
PRJEB42353	ERR6044338	SAMEA8901367	PRJEB42353	2010	France	2021-06-21
PRJEB42353	ERR6044340	SAMEA8901369	PRJEB42353	2010	France	2021-06-21
PRJEB42353	ERR6044342	SAMEA8901371	PRJEB42353	2010	France	2021-06-21
PRJEB42353	ERR6044344	SAMEA8901373	PRJEB42353	2010	France	2021-06-21
PRJEB42353	ERR6044345	SAMEA8901374	PRJEB42353	2010	France	2021-06-21
PRJEB42353	ERR6044347	SAMEA8901376	PRJEB42353	2010	France	2021-06-21
PRJEB42353	ERR6044348	SAMEA8901377	PRJEB42353	2010	France	2021-06-21
PRJEB42353	ERR6044352	SAMEA8901381	PRJEB42353	2010	France	2021-06-21
PRJEB42353	ERR6044354	SAMEA8901383	PRJEB42353	2010	France	2021-06-21
PRJEB42353	ERR6044355	SAMEA8901384	PRJEB42353	2010	France	2021-06-21
PRJEB42353	ERR6044356	SAMEA8901385	PRJEB42353	2011	France	2021-06-21
PRJEB42353	ERR6044360	SAMEA8901389	PRJEB42353	2011	France	2021-06-21
PRJEB42353	ERR6044361	SAMEA8901390	PRJEB42353	2011	France	2021-06-21
PRJEB42353	ERR6044362	SAMEA8901391	PRJEB42353	2011	France	2021-06-21
PRJEB42353	ERR6044368	SAMEA8901397	PRJEB42353	2011	France	2021-06-21
PRJEB42353	ERR6044373	SAMEA8901402	PRJEB42353	2011	France	2021-06-21
PRJEB42353	ERR6044379	SAMEA8901408	PRJEB42353	2011	France	2021-06-21
PRJEB42353	ERR6044382	SAMEA8901411	PRJEB42353	2011	France	2021-06-21
PRJEB42353	ERR6044386	SAMEA8901415	PRJEB42353	2011	France	2021-06-21
PRJEB42353	ERR6044387	SAMEA8901416	PRJEB42353	2011	France	2021-06-21
PRJEB42353	ERR6044388	SAMEA8901417	PRJEB42353	2011	France	2021-06-21
PRJEB42353	ERR6044389	SAMEA8901419	PRJEB42353	2011	France	2021-06-21
PRJEB42353	ERR6044390	SAMEA8901420	PRJEB42353	2011	France	2021-06-21
PRJEB42353	ERR6044397	SAMEA8901427	PRJEB42353	2011	France	2021-06-21
PRJEB42353	ERR6044402	SAMEA8901432	PRJEB42353	2011	France	2021-06-21
PRJEB42353	ERR6044404	SAMEA8901434	PRJEB42353	2011	France	2021-06-21
PRJEB42353	ERR6044410	SAMEA8901440	PRJEB42353	2011	France	2021-06-21
PRJEB42353	ERR6044411	SAMEA8901441	PRJEB42353	2011	France	2021-06-21
PRJEB42353	ERR6044413	SAMEA8901443	PRJEB42353	2011	France	2021-06-21
PRJEB42353	ERR6044414	SAMEA8901444	PRJEB42353	2011	France	2021-06-21
PRJEB42353	ERR6044417	SAMEA8901447	PRJEB42353	2011	France	2021-06-21
PRJEB42353	ERR6044418	SAMEA8901448	PRJEB42353	2011	France	2021-06-21
PRJEB42353	ERR6044419	SAMEA8901449	PRJEB42353	2011	France	2021-06-21
PRJEB42353	ERR6044420	SAMEA8901450	PRJEB42353	2011	France	2021-06-21
PRJEB42353	ERR6044504	SAMEA8901454	PRJEB42353	2011	France	2021-06-21
PRJEB42353	ERR6044505	SAMEA8901455	PRJEB42353	2011	France	2021-06-21
PRJEB42353	ERR6044506	SAMEA8901456	PRJEB42353	2011	France	2021-06-21
PRJEB42353	ERR6044512	SAMEA8901462	PRJEB42353	2011	France	2021-06-21
PRJEB42353	ERR6044514	SAMEA8901464	PRJEB42353	2011	France	2021-06-21
PRJEB42353	ERR6044515	SAMEA8901465	PRJEB42353	2011	France	2021-06-21
PRJEB42353	ERR6044518	SAMEA8901468	PRJEB42353	2011	France	2021-06-21
PRJEB42353	ERR6044521	SAMEA8901471	PRJEB42353	2011	France	2021-06-21
PRJEB42353	ERR6044523	SAMEA8901473	PRJEB42353	2012	France	2021-06-21
PRJEB42353	ERR6044525	SAMEA8901475	PRJEB42353	2012	France	2021-06-21
PRJEB42353	ERR6044528	SAMEA8901478	PRJEB42353	2012	France	2021-06-21
PRJEB42353	ERR6044534	SAMEA8901484	PRJEB42353	2012	France	2021-06-21
PRJEB42353	ERR6044537	SAMEA8901487	PRJEB42353	2012	France	2021-06-21
PRJEB42353	ERR6044539	SAMEA8901489	PRJEB42353	2012	France	2021-06-21
PRJEB42353	ERR6044540	SAMEA8901490	PRJEB42353	2012	France	2021-06-21
PRJEB42353	ERR6044542	SAMEA8901492	PRJEB42353	2012	France	2021-06-21
PRJEB42353	ERR6044543	SAMEA8901493	PRJEB42353	2012	France	2021-06-21
PRJEB42353	ERR6044545	SAMEA8901495	PRJEB42353	2012	France	2021-06-21
PRJEB42353	ERR6044547	SAMEA8901497	PRJEB42353	2012	France	2021-06-21
PRJEB42353	ERR6044551	SAMEA8901501	PRJEB42353	2012	France	2021-06-21
PRJEB42353	ERR6044602	SAMEA8901554	PRJEB42353	2012	France	2021-06-21
PRJEB42353	ERR6044606	SAMEA8901558	PRJEB42353	2012	France	2021-06-21
PRJEB42353	ERR6044607	SAMEA8901559	PRJEB42353	2012	France	2021-06-21
PRJEB42353	ERR6044610	SAMEA8901562	PRJEB42353	2012	France	2021-06-21
PRJEB42353	ERR6044615	SAMEA8901567	PRJEB42353	2012	France	2021-06-21
PRJEB42353	ERR6044619	SAMEA8901571	PRJEB42353	2012	France	2021-06-21
PRJEB42353	ERR6044624	SAMEA8901576	PRJEB42353	2012	France	2021-06-21
PRJEB42353	ERR6044626	SAMEA8901578	PRJEB42353	2012	France	2021-06-21
PRJEB42353	ERR6044627	SAMEA8901579	PRJEB42353	2012	France	2021-06-21
PRJEB42353	ERR6044635	SAMEA8901587	PRJEB42353	2012	France	2021-06-21
PRJEB42353	ERR6044637	SAMEA8901589	PRJEB42353	2012	France	2021-06-21
PRJEB42353	ERR6044643	SAMEA8901595	PRJEB42353	2012	France	2021-06-21
PRJEB42353	ERR6044645	SAMEA8901597	PRJEB42353	2012	France	2021-06-21
PRJEB42353	ERR6044651	SAMEA8901603	PRJEB42353	2012	France	2021-06-21
PRJEB42353	ERR6044652	SAMEA8901604	PRJEB42353	2013	France	2021-06-21
PRJEB42353	ERR6044655	SAMEA8901607	PRJEB42353	2013	France	2021-06-21
PRJEB42353	ERR6044656	SAMEA8901608	PRJEB42353	2013	France	2021-06-21
PRJEB42353	ERR6044663	SAMEA8901615	PRJEB42353	2013	France	2021-06-21
PRJEB42353	ERR6044668	SAMEA8901620	PRJEB42353	2013	France	2021-06-21
PRJEB42353	ERR6044670	SAMEA8901622	PRJEB42353	2013	France	2021-06-21
PRJEB42353	ERR6044671	SAMEA8901623	PRJEB42353	2013	France	2021-06-21
PRJEB42353	ERR6044675	SAMEA8901627	PRJEB42353	2013	France	2021-06-21
PRJEB42353	ERR6044676	SAMEA8901628	PRJEB42353	2013	France	2021-06-21
PRJEB42353	ERR6044677	SAMEA8901629	PRJEB42353	2013	France	2021-06-21
PRJEB42353	ERR6044678	SAMEA8901630	PRJEB42353	2013	France	2021-06-21
PRJEB42353	ERR6044685	SAMEA8901637	PRJEB42353	2013	France	2021-06-21
PRJEB42353	ERR6044690	SAMEA8901642	PRJEB42353	2013	France	2021-06-21
PRJEB42353	ERR6044693	SAMEA8901645	PRJEB42353	2013	France	2021-06-21
PRJEB42353	ERR6044701	SAMEA8901653	PRJEB42353	2013	France	2021-06-21
PRJEB42353	ERR6044702	SAMEA8901654	PRJEB42353	2013	France	2021-06-21
PRJEB42353	ERR6044703	SAMEA8901655	PRJEB42353	2013	France	2021-06-21
PRJEB42353	ERR6044708	SAMEA8901660	PRJEB42353	2013	France	2021-06-21
PRJEB42353	ERR6044711	SAMEA8901663	PRJEB42353	2013	France	2021-06-21
PRJEB42353	ERR6044713	SAMEA8901665	PRJEB42353	2013	France	2021-06-21
PRJEB42353	ERR6044714	SAMEA8901666	PRJEB42353	2013	France	2021-06-21
PRJEB42353	ERR6044716	SAMEA8901668	PRJEB42353	2013	France	2021-06-21
PRJEB42353	ERR6044723	SAMEA8901675	PRJEB42353	2013	France	2021-06-21
PRJEB42353	ERR6044726	SAMEA8901678	PRJEB42353	2013	France	2021-06-21
PRJEB42353	ERR6044730	SAMEA8901682	PRJEB42353	2013	France	2021-06-21
PRJEB42353	ERR6044731	SAMEA8901683	PRJEB42353	2013	France	2021-06-21
PRJEB42353	ERR6044733	SAMEA8901685	PRJEB42353	2013	France	2021-06-21
PRJEB42353	ERR6044734	SAMEA8901686	PRJEB42353	2013	France	2021-06-21
PRJEB42353	ERR6044735	SAMEA8901687	PRJEB42353	2013	France	2021-06-21
PRJEB42353	ERR6044736	SAMEA8901688	PRJEB42353	2013	France	2021-06-21
PRJEB42353	ERR6044738	SAMEA8901690	PRJEB42353	2013	France	2021-06-21
PRJEB42353	ERR6044741	SAMEA8901693	PRJEB42353	2013	France	2021-06-21
PRJEB42353	ERR6044743	SAMEA8901695	PRJEB42353	2013	France	2021-06-21
PRJEB42353	ERR6044745	SAMEA8901697	PRJEB42353	2013	France	2021-06-21
PRJEB42353	ERR6044747	SAMEA8901699	PRJEB42353	2013	France	2021-06-21
PRJEB42353	ERR6044749	SAMEA8901701	PRJEB42353	2013	France	2021-06-21
PRJEB42353	ERR6044752	SAMEA8901704	PRJEB42353	2013	France	2021-06-21
PRJEB42353	ERR6044759	SAMEA8901711	PRJEB42353	2013	France	2021-06-21
PRJEB42353	ERR6044770	SAMEA8901722	PRJEB42353	2013	France	2021-06-21
PRJEB42353	ERR6044772	SAMEA8901724	PRJEB42353	2014	France	2021-06-21
PRJEB42353	ERR6044774	SAMEA8901726	PRJEB42353	2014	France	2021-06-21
PRJEB42353	ERR6044775	SAMEA8901727	PRJEB42353	2014	France	2021-06-21
PRJEB42353	ERR6044776	SAMEA8901728	PRJEB42353	2014	France	2021-06-21
PRJEB42353	ERR6044781	SAMEA8901733	PRJEB42353	2014	France	2021-06-21
PRJEB42353	ERR6044782	SAMEA8901734	PRJEB42353	2014	France	2021-06-21
PRJEB42353	ERR6044788	SAMEA8901740	PRJEB42353	2014	France	2021-06-21
PRJEB42353	ERR6044789	SAMEA8901741	PRJEB42353	2014	France	2021-06-21
PRJEB42353	ERR6044790	SAMEA8901742	PRJEB42353	2014	France	2021-06-21
PRJEB42353	ERR6044795	SAMEA8901747	PRJEB42353	2014	France	2021-06-21
PRJEB42353	ERR6044798	SAMEA8901750	PRJEB42353	2014	France	2021-06-21
PRJEB42353	ERR6044799	SAMEA8901751	PRJEB42353	2014	France	2021-06-21
PRJEB42353	ERR6044802	SAMEA8901754	PRJEB42353	2014	France	2021-06-21
PRJEB42353	ERR6044805	SAMEA8901757	PRJEB42353	2014	France	2021-06-21
PRJEB42353	ERR6044808	SAMEA8901760	PRJEB42353	2014	France	2021-06-21
PRJEB42353	ERR6044811	SAMEA8901763	PRJEB42353	2014	France	2021-06-21
PRJEB42353	ERR6044812	SAMEA8901764	PRJEB42353	2014	France	2021-06-21
PRJEB42353	ERR6044819	SAMEA8901771	PRJEB42353	2014	France	2021-06-21
PRJEB42353	ERR6044821	SAMEA8901773	PRJEB42353	2014	France	2021-06-21
PRJEB42353	ERR6044822	SAMEA8901774	PRJEB42353	2014	France	2021-06-21
PRJEB42353	ERR6044827	SAMEA8901779	PRJEB42353	2015	France	2021-06-21
PRJEB42353	ERR6044828	SAMEA8901780	PRJEB42353	2015	France	2021-06-21
PRJEB42353	ERR6044830	SAMEA8901782	PRJEB42353	2015	France	2021-06-21
PRJEB42353	ERR6044833	SAMEA8901785	PRJEB42353	2016	France	2021-06-21
PRJEB42353	ERR6044836	SAMEA8901788	PRJEB42353	2016	France	2021-06-21
PRJEB42353	ERR6044837	SAMEA8901789	PRJEB42353	2016	France	2021-06-21
PRJEB42353	ERR6044843	SAMEA8901795	PRJEB42353	2016	France	2021-06-21
PRJEB42353	ERR6044844	SAMEA8901796	PRJEB42353	2016	France	2021-06-21
PRJEB42353	ERR6044846	SAMEA8901798	PRJEB42353	2016	France	2021-06-21
PRJEB42353	ERR6044848	SAMEA8901800	PRJEB42353	2016	France	2021-06-21
PRJEB42353	ERR6044849	SAMEA8901801	PRJEB42353	2017	France	2021-06-21
PRJEB42353	ERR6044851	SAMEA8901803	PRJEB42353	2017	France	2021-06-21
PRJEB42353	ERR6044852	SAMEA8901804	PRJEB42353	2017	France	2021-06-21
PRJEB42353	ERR6044854	SAMEA8901806	PRJEB42353	2017	France	2021-06-21
PRJEB42353	ERR6044855	SAMEA8901807	PRJEB42353	2017	France	2021-06-21
PRJEB42353	ERR6044856	SAMEA8901808	PRJEB42353	2017	France	2021-06-21
PRJEB42353	ERR6044859	SAMEA8901811	PRJEB42353	2017	France	2021-06-21
PRJEB42353	ERR6044860	SAMEA8901812	PRJEB42353	2017	France	2021-06-21
PRJEB42353	ERR6044863	SAMEA8901815	PRJEB42353	2017	France	2021-06-21
PRJEB42353	ERR6044865	SAMEA8901817	PRJEB42353	2017	France	2021-06-21
PRJEB42353	ERR6044876	SAMEA8901828	PRJEB42353	2017	France	2021-06-21
PRJEB42353	ERR6044878	SAMEA8901830	PRJEB42353	2017	France	2021-06-21
PRJEB42353	ERR6044880	SAMEA8901832	PRJEB42353	2017	France	2021-06-21
PRJEB42353	ERR6044883	SAMEA8901835	PRJEB42353	2018	France	2021-06-21
PRJEB42353	ERR6044887	SAMEA8901839	PRJEB42353	2018	France	2021-06-21
PRJEB42353	ERR6044888	SAMEA8901840	PRJEB42353	2018	France	2021-06-21
PRJEB42353	ERR6044889	SAMEA8901841	PRJEB42353	2018	France	2021-06-21
PRJEB42353	ERR6044892	SAMEA8901844	PRJEB42353	2018	France	2021-06-21
PRJEB42353	ERR6044897	SAMEA8901849	PRJEB42353	2018	France	2021-06-21
PRJEB42353	ERR6044898	SAMEA8901850	PRJEB42353	2018	France	2021-06-21
PRJEB42353	ERR6044900	SAMEA8901852	PRJEB42353	2018	France	2021-06-21
PRJEB42353	ERR6044903	SAMEA8901855	PRJEB42353	2018	France	2021-06-21
PRJEB42353	ERR6044905	SAMEA8901857	PRJEB42353	2018	France	2021-06-21
PRJEB42353	ERR6044907	SAMEA8901859	PRJEB42353	2018	France	2021-06-21
PRJEB42353	ERR6044917	SAMEA8901869	PRJEB42353	2018	France	2021-06-21
PRJEB42353	ERR6044918	SAMEA8901870	PRJEB42353	2018	France	2021-06-21
PRJEB42353	ERR6044919	SAMEA8901871	PRJEB42353	2019	France	2021-06-21
PRJEB42353	ERR6044923	SAMEA8901505	PRJEB42353	2012	France	2021-06-21
PRJEB42353	ERR6044927	SAMEA8901509	PRJEB42353	2012	France	2021-06-21
PRJEB42353	ERR6044932	SAMEA8901514	PRJEB42353	2012	France	2021-06-21
PRJEB42353	ERR6044935	SAMEA8901517	PRJEB42353	2012	France	2021-06-21
PRJEB42353	ERR6044936	SAMEA8901518	PRJEB42353	2012	France	2021-06-21
PRJEB42353	ERR6044941	SAMEA8901523	PRJEB42353	2012	France	2021-06-21
PRJEB42353	ERR6044942	SAMEA8901524	PRJEB42353	2012	France	2021-06-21
PRJEB42353	ERR6044944	SAMEA8901526	PRJEB42353	2012	France	2021-06-21
PRJEB42353	ERR6044945	SAMEA8901527	PRJEB42353	2012	France	2021-06-21
PRJEB42353	ERR6044947	SAMEA8901529	PRJEB42353	2012	France	2021-06-21
PRJEB42353	ERR6044950	SAMEA8901532	PRJEB42353	2012	France	2021-06-21
PRJEB42353	ERR6044952	SAMEA8901534	PRJEB42353	2012	France	2021-06-21
PRJEB42353	ERR6044961	SAMEA8901543	PRJEB42353	2012	France	2021-06-21
PRJEB42353	ERR6045017	SAMEA8901511	PRJEB42353	2012	France	2021-06-21
PRJEB42353	ERR8052263	SAMEA12219263	PRJEB42353	2009	France	2022-02-15
PRJEB42353	ERR8052265	SAMEA12219265	PRJEB42353	2011	France	2022-01-20
PRJEB42353	ERR13476593	SAMEA115874184	PRJEB42353	2023	France	2024-08-08
PRJEB42353	ERR13476594	SAMEA115874185	PRJEB42353	2023	France	2024-08-08
PRJEB42353	ERR13476595	SAMEA115874186	PRJEB42353	2023	France	2024-08-08
PRJEB42353	ERR13476598	SAMEA115874189	PRJEB42353	2023	France	2024-08-08
PRJEB42353	ERR13476600	SAMEA115874191	PRJEB42353	2023	France	2024-08-08
PRJEB42353	ERR13476601	SAMEA115874192	PRJEB42353	2024	France	2024-08-08
PRJEB42353	ERR13476605	SAMEA115874196	PRJEB42353	2024	France	2024-08-08
PRJEB42353	ERR13476606	SAMEA115874197	PRJEB42353	2024	France	2024-08-08
PRJEB42353	ERR13476608	SAMEA115874199	PRJEB42353	2024	France	2024-08-08
PRJEB42353	ERR13476609	SAMEA115874200	PRJEB42353	2024	France	2024-08-08
PRJEB42353	ERR13476611	SAMEA115874202	PRJEB42353	2024	France	2024-08-08
PRJEB42353	ERR13476620	SAMEA115874211	PRJEB42353	2024	France	2024-08-08
PRJEB42353	ERR13476621	SAMEA115874212	PRJEB42353	2024	France	2024-08-08
PRJEB42353	ERR13476623	SAMEA115874214	PRJEB42353	2024	France	2024-08-08
PRJEB42353	ERR13476625	SAMEA115874216	PRJEB42353	2024	France	2024-08-08
PRJEB42353	ERR13476627	SAMEA115874218	PRJEB42353	2024	France	2024-08-08
PRJEB42353	ERR13476628	SAMEA115874219	PRJEB42353	2024	France	2024-08-08
PRJEB42353	ERR13476630	SAMEA115874221	PRJEB42353	2024	France	2024-08-08
PRJEB42353	ERR13476631	SAMEA115874222	PRJEB42353	2024	France	2024-08-08
PRJEB42353	ERR13476636	SAMEA115874227	PRJEB42353	2024	France	2024-08-08
PRJEB42353	ERR13476639	SAMEA115874230	PRJEB42353	2024	France	2024-08-08
PRJEB42353	ERR13476641	SAMEA115874232	PRJEB42353	2024	France	2024-08-08
PRJEB42353	ERR13476647	SAMEA115874238	PRJEB42353	2024	France	2024-08-08
PRJEB42353	ERR13476648	SAMEA115874239	PRJEB42353	2024	France	2024-08-08
PRJEB42353	ERR13476652	SAMEA115874243	PRJEB42353	2024	France	2024-08-08
PRJEB42353	ERR13476653	SAMEA115874244	PRJEB42353	2024	France	2024-08-08
PRJEB42353	ERR13476657	SAMEA115874248	PRJEB42353	2024	France	2024-08-08
PRJEB42353	ERR13848219	SAMEA116143313	PRJEB42353	1996	France	2024-10-18
PRJEB42353	ERR13848222	SAMEA116143316	PRJEB42353	1996	France	2024-10-18
PRJEB42353	ERR13848223	SAMEA116143317	PRJEB42353	1996	France	2024-10-18
PRJEB42353	ERR13848230	SAMEA116143324	PRJEB42353	1996	France	2024-10-18
PRJEB42353	ERR13848232	SAMEA116143326	PRJEB42353	1996	France	2024-10-18
PRJEB42353	ERR13848235	SAMEA116143329	PRJEB42353	1996	France	2024-10-18
PRJEB42353	ERR13848237	SAMEA116143331	PRJEB42353	1996	France	2024-10-18
PRJEB42353	ERR13848239	SAMEA116143333	PRJEB42353	1996	France	2024-10-18
PRJEB42353	ERR13848243	SAMEA116143337	PRJEB42353	1997	France	2024-10-18
PRJEB42353	ERR13848244	SAMEA116143338	PRJEB42353	1997	France	2024-10-18
PRJEB42353	ERR13848248	SAMEA116143342	PRJEB42353	1997	France	2024-10-18
PRJEB42353	ERR13848251	SAMEA116143345	PRJEB42353	1997	France	2024-10-18
PRJEB42353	ERR13848255	SAMEA116143349	PRJEB42353	1997	France	2024-10-18
PRJEB42353	ERR13848256	SAMEA116143350	PRJEB42353	1997	France	2024-10-18
PRJEB42353	ERR13848257	SAMEA116143351	PRJEB42353	1997	France	2024-10-18
PRJEB42353	ERR13848258	SAMEA116143352	PRJEB42353	1997	France	2024-10-18
PRJEB42353	ERR13848263	SAMEA116143357	PRJEB42353	1997	France	2024-10-18
PRJEB42353	ERR13848265	SAMEA116143359	PRJEB42353	1997	France	2024-10-18
PRJEB42353	ERR13848267	SAMEA116143361	PRJEB42353	1997	France	2024-10-18
PRJEB42353	ERR13848269	SAMEA116143363	PRJEB42353	1997	France	2024-10-18
PRJEB42353	ERR13848270	SAMEA116143364	PRJEB42353	1997	France	2024-10-18
PRJEB42353	ERR13848274	SAMEA116143368	PRJEB42353	1997	France	2024-10-18
PRJEB42353	ERR13848277	SAMEA116143371	PRJEB42353	1998	France	2024-10-18
PRJEB42353	ERR13848278	SAMEA116143372	PRJEB42353	1998	France	2024-10-18
PRJEB42353	ERR13848279	SAMEA116143373	PRJEB42353	1998	France	2024-10-18
PRJEB42353	ERR13848280	SAMEA116143374	PRJEB42353	1998	France	2024-10-18
PRJEB42353	ERR13848283	SAMEA116143377	PRJEB42353	1999	France	2024-10-18
PRJEB42353	ERR13848285	SAMEA116143379	PRJEB42353	1999	France	2024-10-18
PRJEB42353	ERR13848290	SAMEA116143384	PRJEB42353	2000	France	2024-10-18
PRJEB42353	ERR13848292	SAMEA116143386	PRJEB42353	2000	France	2024-10-18
PRJEB42353	ERR13848294	SAMEA116143388	PRJEB42353	2000	France	2024-10-18
PRJEB42353	ERR13848296	SAMEA116143390	PRJEB42353	2000	France	2024-10-18
PRJEB42353	ERR13848297	SAMEA116143391	PRJEB42353	2000	France	2024-10-18
PRJEB42353	ERR13848298	SAMEA116143392	PRJEB42353	2000	France	2024-10-18
PRJEB42353	ERR13848299	SAMEA116143393	PRJEB42353	2000	France	2024-10-18
PRJEB42353	ERR13848302	SAMEA116143396	PRJEB42353	2001	France	2024-10-18
PRJEB42353	ERR13848314	SAMEA116143408	PRJEB42353	2001	France	2024-10-18
PRJEB42353	ERR13848315	SAMEA116143409	PRJEB42353	2001	France	2024-10-18
PRJEB42353	ERR13848317	SAMEA116143411	PRJEB42353	2004	France	2024-10-18
PRJEB42353	ERR13848322	SAMEA116143416	PRJEB42353	2004	France	2024-10-18
PRJEB42353	ERR13848326	SAMEA116143420	PRJEB42353	2004	France	2024-10-18
PRJEB42353	ERR13848330	SAMEA116143424	PRJEB42353	2004	France	2024-10-18
PRJEB42353	ERR13848332	SAMEA116143426	PRJEB42353	2004	France	2024-10-18
PRJEB42353	ERR13848335	SAMEA116143429	PRJEB42353	2004	France	2024-10-18
PRJEB42353	ERR13848336	SAMEA116143430	PRJEB42353	2004	France	2024-10-18
PRJEB42353	ERR13848337	SAMEA116143431	PRJEB42353	2004	France	2024-10-18
PRJEB42353	ERR13848339	SAMEA116143433	PRJEB42353	2005	France	2024-10-18
PRJEB42353	ERR13848341	SAMEA116143435	PRJEB42353	2005	France	2024-10-18
PRJEB42353	ERR13848348	SAMEA116143442	PRJEB42353	2005	France	2024-10-18
PRJEB42353	ERR13848349	SAMEA116143443	PRJEB42353	2005	France	2024-10-18
PRJEB42353	ERR13848352	SAMEA116143446	PRJEB42353	2006	France	2024-10-18
PRJEB42353	ERR13848355	SAMEA116143449	PRJEB42353	2007	France	2024-10-18
PRJEB42353	ERR13848356	SAMEA116143450	PRJEB42353	2007	France	2024-10-18
PRJEB42353	ERR13848358	SAMEA116143452	PRJEB42353	2007	France	2024-10-18
PRJEB42353	ERR13848360	SAMEA116143454	PRJEB42353	2007	France	2024-10-18
PRJEB42353	ERR13848363	SAMEA116143457	PRJEB42353	2008	France	2024-10-18
PRJEB42353	ERR13848365	SAMEA116143459	PRJEB42353	2008	France	2024-10-18
PRJEB42353	ERR13848366	SAMEA116143460	PRJEB42353	2008	France	2024-10-18
PRJEB42353	ERR13848367	SAMEA116143461	PRJEB42353	2008	France	2024-10-18
PRJEB42353	ERR13848368	SAMEA116143462	PRJEB42353	2008	France	2024-10-18
PRJEB42353	ERR13848369	SAMEA116143463	PRJEB42353	2008	France	2024-10-18
PRJEB42353	ERR13848370	SAMEA116143464	PRJEB42353	2008	France	2024-10-18
PRJEB42353	ERR13848373	SAMEA116143469	PRJEB42353	2009	France	2024-10-18
PRJEB42353	ERR13848374	SAMEA116143470	PRJEB42353	2009	France	2024-10-18
PRJEB42353	ERR13848376	SAMEA116143472	PRJEB42353	2009	France	2024-10-18
PRJEB42353	ERR13848377	SAMEA116143473	PRJEB42353	2009	France	2024-10-18
PRJEB42353	ERR13848379	SAMEA116143475	PRJEB42353	2009	France	2024-10-18
PRJEB42353	ERR13848382	SAMEA116143478	PRJEB42353	2019	France	2024-10-18
PRJEB42353	ERR13848385	SAMEA116143481	PRJEB42353	2019	France	2024-10-18
PRJEB42353	ERR13848386	SAMEA116143482	PRJEB42353	2019	France	2024-10-18
PRJEB42353	ERR13848388	SAMEA116143484	PRJEB42353	2019	France	2024-10-18
PRJEB42353	ERR13848390	SAMEA116143486	PRJEB42353	2019	France	2024-10-18
PRJEB42353	ERR13848391	SAMEA116143487	PRJEB42353	2019	France	2024-10-18
PRJEB42353	ERR13848399	SAMEA116143495	PRJEB42353	2019	France	2024-10-18
PRJEB42353	ERR13848402	SAMEA116143498	PRJEB42353	2019	France	2024-10-18
PRJEB42353	ERR13848415	SAMEA116143511	PRJEB42353	2019	France	2024-10-18
PRJEB42353	ERR13848418	SAMEA116143514	PRJEB42353	2019	France	2024-10-18
PRJEB42353	ERR13848422	SAMEA116143518	PRJEB42353	2019	France	2024-10-18
PRJEB42353	ERR13848424	SAMEA116143520	PRJEB42353	2020	France	2024-10-18
PRJEB42353	ERR13848425	SAMEA116143521	PRJEB42353	2020	France	2024-10-18
PRJEB42353	ERR13848426	SAMEA116143522	PRJEB42353	2020	France	2024-10-18
PRJEB42353	ERR13848431	SAMEA116143527	PRJEB42353	2020	France	2024-10-18
PRJEB42353	ERR13848432	SAMEA116143528	PRJEB42353	2020	France	2024-10-18
PRJEB42353	ERR15984888	SAMEA117700758	PRJEB42353	2024	France	2025-12-02
PRJEB42353	ERR15984889	SAMEA117700787	PRJEB42353	2024	France	2025-12-02
PRJEB42353	ERR15984890	SAMEA117700908	PRJEB42353	2024	France	2025-12-02
PRJEB42353	ERR15984891	SAMEA117700909	PRJEB42353	2024	France	2025-12-02
PRJEB42353	ERR15984892	SAMEA117700943	PRJEB42353	2024	France	2025-12-02
PRJEB42353	ERR15998549	SAMEA117700756	PRJEB42353	2024	France	2025-12-08
PRJEB42353	ERR15998552	SAMEA117700761	PRJEB42353	2024	France	2025-12-08
PRJEB42353	ERR15998560	SAMEA117700769	PRJEB42353	2024	France	2025-12-08
PRJEB42353	ERR15998566	SAMEA117700775	PRJEB42353	2024	France	2025-12-08
PRJEB42353	ERR15998575	SAMEA117700784	PRJEB42353	2024	France	2025-12-08
PRJEB42353	ERR15998579	SAMEA117700788	PRJEB42353	2024	France	2025-12-08
PRJEB42353	ERR15998583	SAMEA117700792	PRJEB42353	2024	France	2025-12-08
PRJEB42353	ERR15998589	SAMEA117700799	PRJEB42353	2024	France	2025-12-08
PRJEB42353	ERR15999880	SAMEA117700804	PRJEB42353	2024	France	2025-12-08
PRJEB42353	ERR15999881	SAMEA117700805	PRJEB42353	2024	France	2025-12-08
PRJEB42353	ERR15999882	SAMEA117700806	PRJEB42353	2024	France	2025-12-08
PRJEB42353	ERR15999884	SAMEA117700809	PRJEB42353	2024	France	2025-12-08
PRJEB42353	ERR15999885	SAMEA117700810	PRJEB42353	2024	France	2025-12-08
PRJEB42353	ERR15999889	SAMEA117700814	PRJEB42353	2024	France	2025-12-08
PRJEB42353	ERR15999890	SAMEA120655468	PRJEB42353	2024	France	2025-12-08
PRJEB42353	ERR15999891	SAMEA117700815	PRJEB42353	2024	France	2025-12-08
PRJEB42353	ERR15999894	SAMEA117700826	PRJEB42353	2024	France	2025-12-08
PRJEB42353	ERR15999895	SAMEA117700827	PRJEB42353	2024	France	2025-12-08
PRJEB42353	ERR15999898	SAMEA117700830	PRJEB42353	2024	France	2025-12-08
PRJEB42353	ERR15999899	SAMEA117700831	PRJEB42353	2024	France	2025-12-08
PRJEB42353	ERR15999901	SAMEA117700833	PRJEB42353	2024	France	2025-12-08
PRJEB42353	ERR15999902	SAMEA117700834	PRJEB42353	2024	France	2025-12-08
PRJEB42353	ERR15999905	SAMEA117700837	PRJEB42353	2024	France	2025-12-08
PRJEB42353	ERR15999913	SAMEA117700847	PRJEB42353	2024	France	2025-12-08
PRJEB42353	ERR15999914	SAMEA117700848	PRJEB42353	2024	France	2025-12-08
PRJEB42353	ERR15999917	SAMEA117700851	PRJEB42353	2024	France	2025-12-08
PRJEB42353	ERR15999918	SAMEA117700852	PRJEB42353	2024	France	2025-12-08
PRJEB42353	ERR15999920	SAMEA117700855	PRJEB42353	2024	France	2025-12-08
PRJEB42353	ERR15999921	SAMEA117700856	PRJEB42353	2024	France	2025-12-08
PRJEB42353	ERR15999924	SAMEA117700860	PRJEB42353	2024	France	2025-12-08
PRJEB42353	ERR15999938	SAMEA117700867	PRJEB42353	2024	France	2025-12-08
PRJEB42353	ERR15999939	SAMEA117700868	PRJEB42353	2024	France	2025-12-08
PRJEB42353	ERR15999941	SAMEA117700870	PRJEB42353	2024	France	2025-12-08
PRJEB42353	ERR15999945	SAMEA117700874	PRJEB42353	2024	France	2025-12-08
PRJEB42353	ERR15999947	SAMEA117700876	PRJEB42353	2024	France	2025-12-08
PRJEB42353	ERR15999948	SAMEA117700877	PRJEB42353	2024	France	2025-12-08
PRJEB42353	ERR15999955	SAMEA117700885	PRJEB42353	2024	France	2025-12-08
PRJEB42353	ERR15999956	SAMEA117700881	PRJEB42353	2024	France	2025-12-08
PRJEB42353	ERR15999961	SAMEA117700891	PRJEB42353	2024	France	2025-12-08
PRJEB42353	ERR15999963	SAMEA117700893	PRJEB42353	2024	France	2025-12-08
PRJEB42353	ERR15999964	SAMEA117700894	PRJEB42353	2024	France	2025-12-08
PRJEB42353	ERR15999967	SAMEA117700897	PRJEB42353	2024	France	2025-12-08
PRJEB42353	ERR15999968	SAMEA117700898	PRJEB42353	2024	France	2025-12-08
PRJEB42353	ERR15999971	SAMEA117700901	PRJEB42353	2024	France	2025-12-08
PRJEB42353	ERR15999973	SAMEA117700903	PRJEB42353	2024	France	2025-12-08
PRJEB42353	ERR15999974	SAMEA117700904	PRJEB42353	2024	France	2025-12-08
PRJEB42353	ERR15999977	SAMEA117700907	PRJEB42353	2024	France	2025-12-08
PRJEB42353	ERR15999980	SAMEA117700912	PRJEB42353	2024	France	2025-12-08
PRJEB42353	ERR15999981	SAMEA117700913	PRJEB42353	2024	France	2025-12-08
PRJEB42353	ERR15999987	SAMEA117700917	PRJEB42353	2024	France	2025-12-08
PRJEB42353	ERR15999989	SAMEA117700919	PRJEB42353	2024	France	2025-12-08
PRJEB42353	ERR15999993	SAMEA117700923	PRJEB42353	2024	France	2025-12-08
PRJEB42353	ERR15999995	SAMEA117700925	PRJEB42353	2024	France	2025-12-08
PRJEB42353	ERR15999999	SAMEA117700929	PRJEB42353	2024	France	2025-12-08
PRJEB42353	ERR16000002	SAMEA117700932	PRJEB42353	2024	France	2025-12-08
PRJEB42353	ERR16000011	SAMEA117700941	PRJEB42353	2024	France	2025-12-08
PRJEB42353	ERR16000014	SAMEA117700947	PRJEB42353	2024	France	2025-12-08
PRJEB42353	ERR16000017	SAMEA117700951	PRJEB42353	2024	France	2025-12-08
PRJEB42353	ERR16000018	SAMEA117700952	PRJEB42353	2024	France	2025-12-08
PRJEB42353	ERR16000019	SAMEA117700953	PRJEB42353	2024	France	2025-12-08
PRJEB42353	ERR16000020	SAMEA117700954	PRJEB42353	2024	France	2025-12-08
PRJEB42353	ERR16000022	SAMEA117700956	PRJEB42353	2024	France	2025-12-08
PRJEB42353	ERR16000023	SAMEA117700957	PRJEB42353	2024	France	2025-12-08
PRJEB42353	ERR16000024	SAMEA117700958	PRJEB42353	2024	France	2025-12-08
PRJEB42353	ERR16000025	SAMEA117700959	PRJEB42353	2024	France	2025-12-08
PRJEB42353	ERR16000030	SAMEA117700965	PRJEB42353	2024	France	2025-12-08
PRJEB42353	ERR16000037	SAMEA117700972	PRJEB42353	2024	France	2025-12-08
PRJEB42353	ERR16000039	SAMEA117700975	PRJEB42353	2024	France	2025-12-08
PRJEB42353	ERR16000040	SAMEA117700976	PRJEB42353	2024	France	2025-12-08
PRJEB42353	ERR16000042	SAMEA117700978	PRJEB42353	2024	France	2025-12-08
PRJEB42353	ERR16000044	SAMEA117700981	PRJEB42353	2024	France	2025-12-08
PRJEB42353	ERR16000046	SAMEA117700983	PRJEB42353	2024	France	2025-12-08
PRJEB42353	ERR16000048	SAMEA117700980	PRJEB42353	2024	France	2025-12-08
PRJEB42353	ERR16000062	SAMEA117700997	PRJEB42353	2024	France	2025-12-08
PRJEB42353	ERR16000064	SAMEA117701000	PRJEB42353	2024	France	2025-12-08
PRJEB42353	ERR16000067	SAMEA117701003	PRJEB42353	2024	France	2025-12-08
PRJEB42353	ERR16000068	SAMEA117701004	PRJEB42353	2024	France	2025-12-08
PRJEB42353	ERR16000072	SAMEA117701008	PRJEB42353	2024	France	2025-12-08
PRJEB42353	ERR16000077	SAMEA117701013	PRJEB42353	2024	France	2025-12-08
PRJEB42353	ERR16000970	SAMEA120655469	PRJEB42353	2024	France	2025-12-09
PRJEB42353	ERR16000971	SAMEA120655470	PRJEB42353	2024	France	2025-12-09
PRJEB42353	ERR16000974	SAMEA120655474	PRJEB42353	2024	France	2025-12-09
PRJEB42353	ERR16000977	SAMEA120655477	PRJEB42353	2024	France	2025-12-09
PRJEB42353	ERR16000978	SAMEA120655478	PRJEB42353	2024	France	2025-12-09
PRJEB42353	ERR16000979	SAMEA120655479	PRJEB42353	2024	France	2025-12-09
PRJEB42353	ERR16000981	SAMEA117700945	PRJEB42353	2024	France	2025-12-09
PRJEB42353	ERR16000982	SAMEA120655481	PRJEB42353	2024	France	2025-12-09
PRJEB42353	ERR16000987	SAMEA117701021	PRJEB42353	2024	France	2025-12-09
PRJEB42353	ERR16000996	SAMEA120655485	PRJEB42353	2024	France	2025-12-09
PRJEB42353	ERR16000998	SAMEA120655487	PRJEB42353	2024	France	2025-12-09
PRJEB42353	ERR16001005	SAMEA120655494	PRJEB42353	2024	France	2025-12-09
PRJEB42353	ERR16001006	SAMEA120655495	PRJEB42353	2024	France	2025-12-09
PRJEB42353	ERR16001007	SAMEA120655496	PRJEB42353	2024	France	2025-12-09
PRJEB42353	ERR16001010	SAMEA120655499	PRJEB42353	2024	France	2025-12-09
PRJEB42353	ERR16001011	SAMEA120655500	PRJEB42353	2024	France	2025-12-09
PRJEB42353	ERR16001215	SAMEA117700823	PRJEB42353	2024	France	2025-12-09
PRJEB42353	ERR5101984	SAMEA7765870	PRJEB42353	1999	France	2021-01-20
PRJEB42353	ERR5101989	SAMEA7765875	PRJEB42353	1998	France	2021-01-20
PRJEB42353	ERR5101991	SAMEA7765877	PRJEB42353	2013	France	2021-01-20
PRJEB42353	ERR5101993	SAMEA7765879	PRJEB42353	2004	France	2021-01-20
PRJEB42353	ERR5101995	SAMEA7765881	PRJEB42353	2005	France	2021-01-20
PRJEB42353	ERR5101996	SAMEA7765882	PRJEB42353	2005	France	2021-01-20
PRJEB42353	ERR5102001	SAMEA7765887	PRJEB42353	2007	France	2021-01-20
PRJEB42353	ERR5102003	SAMEA7765889	PRJEB42353	2008	France	2021-01-20
PRJEB42353	ERR5102005	SAMEA7765891	PRJEB42353	2009	France	2021-01-20
PRJEB42353	ERR5102007	SAMEA7765893	PRJEB42353	2009	France	2021-01-20
PRJEB42353	ERR5102009	SAMEA7765895	PRJEB42353	2009	France	2021-01-20
PRJEB42353	ERR5102011	SAMEA7765897	PRJEB42353	2010	France	2021-01-20
PRJEB42353	ERR5102013	SAMEA7765899	PRJEB42353	2010	France	2021-01-20
PRJEB42353	ERR5102016	SAMEA7765902	PRJEB42353	2011	France	2021-01-20
PRJEB42353	ERR5102020	SAMEA7765906	PRJEB42353	2011	France	2021-01-20
PRJEB42353	ERR5102022	SAMEA7765908	PRJEB42353	2011	France	2021-01-20
PRJEB42353	ERR5102024	SAMEA7765910	PRJEB42353	2011	France	2021-01-20
PRJEB42353	ERR5102025	SAMEA7765911	PRJEB42353	2011	France	2021-01-20
PRJEB42353	ERR5102027	SAMEA7765913	PRJEB42353	2011	France	2021-01-20
PRJEB42353	ERR5102029	SAMEA7765915	PRJEB42353	2011	France	2021-01-20
PRJEB42353	ERR5102032	SAMEA7765919	PRJEB42353	2012	France	2021-01-20
PRJEB42353	ERR5102034	SAMEA7765921	PRJEB42353	2012	France	2021-01-20
PRJEB42353	ERR5102036	SAMEA7765923	PRJEB42353	2012	France	2021-01-20
PRJEB42353	ERR5102037	SAMEA7765924	PRJEB42353	2012	France	2021-01-20
PRJEB42353	ERR5102038	SAMEA7765925	PRJEB42353	2012	France	2021-01-20
PRJEB42353	ERR5102039	SAMEA7765926	PRJEB42353	2012	France	2021-01-20
PRJEB42353	ERR5102042	SAMEA7765929	PRJEB42353	2012	France	2021-01-20
PRJEB42353	ERR5102047	SAMEA7765934	PRJEB42353	2012	France	2021-01-20
PRJEB42353	ERR5102049	SAMEA7765936	PRJEB42353	2012	France	2021-01-20
PRJEB42353	ERR5102050	SAMEA7765937	PRJEB42353	2012	France	2021-01-20
PRJEB42353	ERR5102052	SAMEA7765939	PRJEB42353	2012	France	2021-01-20
PRJEB42353	ERR5102053	SAMEA7765940	PRJEB42353	2013	France	2021-01-20
PRJEB42353	ERR5102054	SAMEA7765941	PRJEB42353	2013	France	2021-01-20
PRJEB42353	ERR5102057	SAMEA7765944	PRJEB42353	2013	France	2021-01-20
PRJEB42353	ERR5102064	SAMEA7765951	PRJEB42353	2013	France	2021-01-20
PRJEB42353	ERR5102067	SAMEA7765954	PRJEB42353	2013	France	2021-01-20
PRJEB42353	ERR5102068	SAMEA7765955	PRJEB42353	2013	France	2021-01-20
PRJEB42353	ERR5102072	SAMEA7765959	PRJEB42353	2013	France	2021-01-20
PRJEB42353	ERR5102073	SAMEA7765960	PRJEB42353	2013	France	2021-01-20
PRJEB42353	ERR5102074	SAMEA7765961	PRJEB42353	2013	France	2021-01-20
PRJEB42353	ERR5102075	SAMEA7765962	PRJEB42353	2014	France	2021-01-20
PRJEB42353	ERR5102076	SAMEA7765963	PRJEB42353	2014	France	2021-01-20
PRJEB42353	ERR5102078	SAMEA7765965	PRJEB42353	2014	France	2021-01-20
PRJEB42353	ERR5102079	SAMEA7765966	PRJEB42353	2014	France	2021-01-20
PRJEB42353	ERR5102081	SAMEA7765968	PRJEB42353	2014	France	2021-01-20
PRJEB42353	ERR5102082	SAMEA7765969	PRJEB42353	2014	France	2021-01-20
PRJEB42353	ERR5102085	SAMEA7765972	PRJEB42353	2015	France	2021-01-20
PRJEB42353	ERR5102086	SAMEA7765973	PRJEB42353	2015	France	2021-01-20
PRJEB42353	ERR5102087	SAMEA7765974	PRJEB42353	2015	France	2021-01-20
PRJEB42353	ERR5102089	SAMEA7765976	PRJEB42353	2015	France	2021-01-20
PRJEB42353	ERR5102092	SAMEA7765979	PRJEB42353	2016	France	2021-01-20
PRJEB42353	ERR5102093	SAMEA7765980	PRJEB42353	2016	France	2021-01-20
PRJEB42353	ERR5102094	SAMEA7765981	PRJEB42353	2016	France	2021-01-20
PRJEB42353	ERR5102097	SAMEA7765984	PRJEB42353	2016	France	2021-01-20
PRJEB42353	ERR5102100	SAMEA7765987	PRJEB42353	2016	France	2021-01-20
PRJEB42353	ERR5102113	SAMEA7766000	PRJEB42353	2017	France	2021-01-20
PRJEB42353	ERR5102121	SAMEA7766008	PRJEB42353	2017	France	2021-01-20
PRJEB42353	ERR5102122	SAMEA7766009	PRJEB42353	2017	France	2021-01-20
PRJEB42353	ERR5102127	SAMEA7766014	PRJEB42353	2017	France	2021-01-20
PRJEB42353	ERR5102130	SAMEA7766017	PRJEB42353	2017	France	2021-01-20
PRJEB42353	ERR5102131	SAMEA7766018	PRJEB42353	2017	France	2021-01-20
PRJEB42353	ERR5102133	SAMEA7766020	PRJEB42353	2017	France	2021-01-20
PRJEB42353	ERR5102136	SAMEA7766023	PRJEB42353	2017	France	2021-01-20
PRJEB42353	ERR5102139	SAMEA7766026	PRJEB42353	2017	France	2021-01-20
PRJEB42353	ERR5102143	SAMEA7766030	PRJEB42353	2018	France	2021-01-20
PRJEB42353	ERR5102144	SAMEA7766031	PRJEB42353	2018	France	2021-01-20
PRJEB42353	ERR5102150	SAMEA7766037	PRJEB42353	2018	France	2021-01-20
PRJEB42353	ERR5102154	SAMEA7766041	PRJEB42353	2018	France	2021-01-20
PRJEB42353	ERR5102156	SAMEA7766043	PRJEB42353	2018	France	2021-01-20
PRJEB42353	ERR5102158	SAMEA7766045	PRJEB42353	2018	France	2021-01-20
PRJEB42353	ERR5102159	SAMEA7766046	PRJEB42353	2018	France	2021-01-20
PRJEB42353	ERR5102162	SAMEA7766049	PRJEB42353	2018	France	2021-01-20
PRJEB42353	ERR5102164	SAMEA7766051	PRJEB42353	2018	France	2021-01-20
PRJEB42353	ERR5102166	SAMEA7766053	PRJEB42353	2018	France	2021-01-20
PRJEB42353	ERR5102167	SAMEA7766054	PRJEB42353	2018	France	2021-01-20
PRJEB42353	ERR5102168	SAMEA7766055	PRJEB42353	2018	France	2021-01-20
PRJEB42353	ERR5102169	SAMEA7766056	PRJEB42353	2018	France	2021-01-20
PRJEB42353	ERR6044070	SAMEA8901100	PRJEB42353	1994	France	2021-06-21
PRJEB42353	ERR6044071	SAMEA8901101	PRJEB42353	1994	France	2021-06-21
PRJEB42353	ERR6044075	SAMEA8901105	PRJEB42353	1994	France	2021-06-21
PRJEB42353	ERR6044081	SAMEA8901111	PRJEB42353	1994	France	2021-06-21
PRJEB42353	ERR6044084	SAMEA8901114	PRJEB42353	1994	France	2021-06-21
PRJEB42353	ERR6044086	SAMEA8901116	PRJEB42353	1995	France	2021-06-21
PRJEB42353	ERR6044088	SAMEA8901118	PRJEB42353	1995	France	2021-06-21
PRJEB42353	ERR6044090	SAMEA8901120	PRJEB42353	1995	France	2021-06-21
PRJEB42353	ERR6044092	SAMEA8901122	PRJEB42353	1995	France	2021-06-21
PRJEB42353	ERR6044097	SAMEA8901127	PRJEB42353	1995	France	2021-06-21
PRJEB42353	ERR6044099	SAMEA8901129	PRJEB42353	1995	France	2021-06-21
PRJEB42353	ERR6044101	SAMEA8901131	PRJEB42353	1995	France	2021-06-21
PRJEB42353	ERR6044102	SAMEA8901132	PRJEB42353	1995	France	2021-06-21
PRJEB42353	ERR6044107	SAMEA8901137	PRJEB42353	1995	France	2021-06-21
PRJEB42353	ERR6044110	SAMEA8901140	PRJEB42353	1995	France	2021-06-21
PRJEB42353	ERR6044111	SAMEA8901141	PRJEB42353	1995	France	2021-06-21
PRJEB42353	ERR6044114	SAMEA8901144	PRJEB42353	1995	France	2021-06-21
PRJEB42353	ERR6044117	SAMEA8901147	PRJEB42353	1995	France	2021-06-21
PRJEB42353	ERR6044120	SAMEA8901150	PRJEB42353	1995	France	2021-06-21
PRJEB42353	ERR6044123	SAMEA8901153	PRJEB42353	1996	France	2021-06-21
PRJEB42353	ERR6044128	SAMEA8901158	PRJEB42353	1996	France	2021-06-21
PRJEB42353	ERR6044129	SAMEA8901159	PRJEB42353	1996	France	2021-06-21
PRJEB42353	ERR6044130	SAMEA8901160	PRJEB42353	1996	France	2021-06-21
PRJEB42353	ERR6044131	SAMEA8901161	PRJEB42353	1996	France	2021-06-21
PRJEB42353	ERR6044132	SAMEA8901162	PRJEB42353	1996	France	2021-06-21
PRJEB42353	ERR6044135	SAMEA8901165	PRJEB42353	1996	France	2021-06-21
PRJEB42353	ERR6044136	SAMEA8901166	PRJEB42353	1996	France	2021-06-21
PRJEB42353	ERR6044138	SAMEA8901168	PRJEB42353	1996	France	2021-06-21
PRJEB42353	ERR6044139	SAMEA8901169	PRJEB42353	1996	France	2021-06-21
PRJEB42353	ERR6044143	SAMEA8901173	PRJEB42353	1997	France	2021-06-21
PRJEB42353	ERR6044148	SAMEA8901178	PRJEB42353	1997	France	2021-06-21
PRJEB42353	ERR6044149	SAMEA8901179	PRJEB42353	1997	France	2021-06-21
PRJEB42353	ERR6044158	SAMEA8901188	PRJEB42353	1998	France	2021-06-21
PRJEB42353	ERR6044162	SAMEA8901192	PRJEB42353	1998	France	2021-06-21
PRJEB42353	ERR6044170	SAMEA8901200	PRJEB42353	1998	France	2021-06-21
PRJEB42353	ERR6044171	SAMEA8901201	PRJEB42353	1998	France	2021-06-21
PRJEB42353	ERR6044172	SAMEA8901202	PRJEB42353	1998	France	2021-06-21
PRJEB42353	ERR6044181	SAMEA8901211	PRJEB42353	1999	France	2021-06-21
PRJEB42353	ERR6044187	SAMEA8901217	PRJEB42353	2000	France	2021-06-21
PRJEB42353	ERR6044188	SAMEA8901218	PRJEB42353	2000	France	2021-06-21
PRJEB42353	ERR6044189	SAMEA8901219	PRJEB42353	2000	France	2021-06-21
PRJEB42353	ERR6044192	SAMEA8901222	PRJEB42353	2000	France	2021-06-21
PRJEB42353	ERR6044194	SAMEA8901224	PRJEB42353	2000	France	2021-06-21
PRJEB42353	ERR6044195	SAMEA8901225	PRJEB42353	2001	France	2021-06-21
PRJEB42353	ERR6044196	SAMEA8901226	PRJEB42353	2001	France	2021-06-21
PRJEB42353	ERR6044197	SAMEA8901227	PRJEB42353	2001	France	2021-06-21
PRJEB42353	ERR6044201	SAMEA8901231	PRJEB42353	2001	France	2021-06-21
PRJEB42353	ERR6044209	SAMEA8901239	PRJEB42353	2002	France	2021-06-21
PRJEB42353	ERR6044212	SAMEA8901242	PRJEB42353	2002	France	2021-06-21
PRJEB42353	ERR6044214	SAMEA8901244	PRJEB42353	2003	France	2021-06-21
PRJEB42353	ERR6044215	SAMEA8901245	PRJEB42353	2003	France	2021-06-21
PRJEB42353	ERR6044216	SAMEA8901246	PRJEB42353	2003	France	2021-06-21
PRJEB42353	ERR6044220	SAMEA8901250	PRJEB42353	2003	France	2021-06-21
PRJEB42353	ERR6044222	SAMEA8901252	PRJEB42353	2003	France	2021-06-21
PRJEB42353	ERR6044225	SAMEA8901255	PRJEB42353	2003	France	2021-06-21
PRJEB42353	ERR6044229	SAMEA8901259	PRJEB42353	2003	France	2021-06-21
PRJEB42353	ERR6044231	SAMEA8901261	PRJEB42353	2003	France	2021-06-21
PRJEB42353	ERR6044236	SAMEA8901266	PRJEB42353	2004	France	2021-06-21
PRJEB42353	ERR6044243	SAMEA8901273	PRJEB42353	2004	France	2021-06-21
PRJEB42353	ERR6044246	SAMEA8901276	PRJEB42353	2004	France	2021-06-21
PRJEB42353	ERR6044247	SAMEA8901277	PRJEB42353	2004	France	2021-06-21
PRJEB42353	ERR6044248	SAMEA8901278	PRJEB42353	2004	France	2021-06-21
PRJEB42353	ERR6044250	SAMEA8901280	PRJEB42353	2004	France	2021-06-21
PRJEB42353	ERR6044251	SAMEA8901281	PRJEB42353	2004	France	2021-06-21
PRJEB42353	ERR6044252	SAMEA8901282	PRJEB42353	2004	France	2021-06-21
PRJEB42353	ERR6044255	SAMEA8901285	PRJEB42353	2005	France	2021-06-21
PRJEB42353	ERR6044257	SAMEA8901287	PRJEB42353	2005	France	2021-06-21
PRJEB42353	ERR6044259	SAMEA8901289	PRJEB42353	2005	France	2021-06-21
PRJEB42353	ERR6044261	SAMEA8901291	PRJEB42353	2005	France	2021-06-21
PRJEB42353	ERR6044262	SAMEA8901292	PRJEB42353	2005	France	2021-06-21
PRJEB42353	ERR6044270	SAMEA8901300	PRJEB42353	2006	France	2021-06-21
PRJEB42353	ERR6044271	SAMEA8901301	PRJEB42353	2006	France	2021-06-21
PRJEB42353	ERR6044273	SAMEA8901303	PRJEB42353	2006	France	2021-06-21
PRJEB42353	ERR6044280	SAMEA8901310	PRJEB42353	2007	France	2021-06-21
PRJEB42353	ERR6044283	SAMEA8901313	PRJEB42353	2007	France	2021-06-21
PRJEB42353	ERR6044284	SAMEA8901314	PRJEB42353	2007	France	2021-06-21
PRJEB42353	ERR6044287	SAMEA8901317	PRJEB42353	2007	France	2021-06-21
PRJEB42353	ERR6044289	SAMEA8901319	PRJEB42353	2008	France	2021-06-21
PRJEB42353	ERR6044291	SAMEA8901321	PRJEB42353	2008	France	2021-06-21
PRJEB42353	ERR6044296	SAMEA8901326	PRJEB42353	2009	France	2021-06-21
PRJEB42353	ERR6044298	SAMEA8901328	PRJEB42353	2009	France	2021-06-21
PRJEB42353	ERR6044300	SAMEA8901330	PRJEB42353	2009	France	2021-06-21
PRJEB42353	ERR6044304	SAMEA8901334	PRJEB42353	2009	France	2021-06-21
PRJEB42353	ERR6044305	SAMEA8901335	PRJEB42353	2009	France	2021-06-21
PRJEB42353	ERR6044306	SAMEA8901336	PRJEB42353	2009	France	2021-06-21
PRJEB42353	ERR6044312	SAMEA8901342	PRJEB42353	2009	France	2021-06-21
PRJEB42353	ERR6044313	SAMEA8901343	PRJEB42353	2010	France	2021-06-21
PRJEB42353	ERR6044315	SAMEA8901345	PRJEB42353	2010	France	2021-06-21
PRJEB42353	ERR6044317	SAMEA8901347	PRJEB42353	2010	France	2021-06-21
PRJEB42353	ERR6044320	SAMEA8901350	PRJEB42353	2010	France	2021-06-21
PRJEB42353	ERR6044328	SAMEA8901357	PRJEB42353	2010	France	2021-06-21
PRJEB42353	ERR6044330	SAMEA8901359	PRJEB42353	2010	France	2021-06-21
PRJEB42353	ERR6044332	SAMEA8901361	PRJEB42353	2010	France	2021-06-21
PRJEB42353	ERR6044333	SAMEA8901362	PRJEB42353	2010	France	2021-06-21
PRJEB42353	ERR6044335	SAMEA8901364	PRJEB42353	2010	France	2021-06-21
PRJEB42353	ERR6044337	SAMEA8901366	PRJEB42353	2010	France	2021-06-21
PRJEB42353	ERR6044339	SAMEA8901368	PRJEB42353	2010	France	2021-06-21
PRJEB42353	ERR6044341	SAMEA8901370	PRJEB42353	2010	France	2021-06-21
PRJEB42353	ERR6044343	SAMEA8901372	PRJEB42353	2010	France	2021-06-21
PRJEB42353	ERR6044346	SAMEA8901375	PRJEB42353	2010	France	2021-06-21
PRJEB42353	ERR6044350	SAMEA8901379	PRJEB42353	2010	France	2021-06-21
PRJEB42353	ERR6044351	SAMEA8901380	PRJEB42353	2010	France	2021-06-21
PRJEB42353	ERR6044353	SAMEA8901382	PRJEB42353	2010	France	2021-06-21
PRJEB42353	ERR6044357	SAMEA8901386	PRJEB42353	2011	France	2021-06-21
PRJEB42353	ERR6044358	SAMEA8901387	PRJEB42353	2011	France	2021-06-21
PRJEB42353	ERR6044363	SAMEA8901392	PRJEB42353	2011	France	2021-06-21
PRJEB42353	ERR6044364	SAMEA8901393	PRJEB42353	2011	France	2021-06-21
PRJEB42353	ERR6044366	SAMEA8901395	PRJEB42353	2011	France	2021-06-21
PRJEB42353	ERR6044367	SAMEA8901396	PRJEB42353	2011	France	2021-06-21
PRJEB42353	ERR6044375	SAMEA8901404	PRJEB42353	2011	France	2021-06-21
PRJEB42353	ERR6044378	SAMEA8901407	PRJEB42353	2011	France	2021-06-21
PRJEB42353	ERR6044380	SAMEA8901409	PRJEB42353	2011	France	2021-06-21
PRJEB42353	ERR6044384	SAMEA8901413	PRJEB42353	2011	France	2021-06-21
PRJEB42353	ERR6044385	SAMEA8901414	PRJEB42353	2011	France	2021-06-21
PRJEB42353	ERR6044392	SAMEA8901422	PRJEB42353	2011	France	2021-06-21
PRJEB42353	ERR6044393	SAMEA8901423	PRJEB42353	2011	France	2021-06-21
PRJEB42353	ERR6044395	SAMEA8901425	PRJEB42353	2011	France	2021-06-21
PRJEB42353	ERR6044396	SAMEA8901426	PRJEB42353	2011	France	2021-06-21
PRJEB42353	ERR6044398	SAMEA8901428	PRJEB42353	2011	France	2021-06-21
PRJEB42353	ERR6044399	SAMEA8901429	PRJEB42353	2011	France	2021-06-21
PRJEB42353	ERR6044401	SAMEA8901431	PRJEB42353	2011	France	2021-06-21
PRJEB42353	ERR6044403	SAMEA8901433	PRJEB42353	2011	France	2021-06-21
PRJEB42353	ERR6044405	SAMEA8901435	PRJEB42353	2011	France	2021-06-21
PRJEB42353	ERR6044406	SAMEA8901436	PRJEB42353	2011	France	2021-06-21
PRJEB42353	ERR6044408	SAMEA8901438	PRJEB42353	2011	France	2021-06-21
PRJEB42353	ERR6044412	SAMEA8901442	PRJEB42353	2011	France	2021-06-21
PRJEB42353	ERR6044422	SAMEA8901452	PRJEB42353	2011	France	2021-06-21
PRJEB42353	ERR6044423	SAMEA8901453	PRJEB42353	2011	France	2021-06-21
PRJEB42353	ERR6044509	SAMEA8901459	PRJEB42353	2011	France	2021-06-21
PRJEB42353	ERR6044511	SAMEA8901461	PRJEB42353	2011	France	2021-06-21
PRJEB42353	ERR6044517	SAMEA8901467	PRJEB42353	2011	France	2021-06-21
PRJEB42353	ERR6044519	SAMEA8901469	PRJEB42353	2011	France	2021-06-21
PRJEB42353	ERR6044522	SAMEA8901472	PRJEB42353	2011	France	2021-06-21
PRJEB42353	ERR6044527	SAMEA8901477	PRJEB42353	2012	France	2021-06-21
PRJEB42353	ERR6044530	SAMEA8901480	PRJEB42353	2012	France	2021-06-21
PRJEB42353	ERR6044532	SAMEA8901482	PRJEB42353	2012	France	2021-06-21
PRJEB42353	ERR6044533	SAMEA8901483	PRJEB42353	2012	France	2021-06-21
PRJEB42353	ERR6044544	SAMEA8901494	PRJEB42353	2012	France	2021-06-21
PRJEB42353	ERR6044549	SAMEA8901499	PRJEB42353	2012	France	2021-06-21
PRJEB42353	ERR6044600	SAMEA8901552	PRJEB42353	2012	France	2021-06-21
PRJEB42353	ERR6044601	SAMEA8901553	PRJEB42353	2012	France	2021-06-21
PRJEB42353	ERR6044603	SAMEA8901555	PRJEB42353	2012	France	2021-06-21
PRJEB42353	ERR6044604	SAMEA8901556	PRJEB42353	2012	France	2021-06-21
PRJEB42353	ERR6044605	SAMEA8901557	PRJEB42353	2012	France	2021-06-21
PRJEB42353	ERR6044609	SAMEA8901561	PRJEB42353	2012	France	2021-06-21
PRJEB42353	ERR6044611	SAMEA8901563	PRJEB42353	2012	France	2021-06-21
PRJEB42353	ERR6044613	SAMEA8901565	PRJEB42353	2012	France	2021-06-21
PRJEB42353	ERR6044616	SAMEA8901568	PRJEB42353	2012	France	2021-06-21
PRJEB42353	ERR6044617	SAMEA8901569	PRJEB42353	2012	France	2021-06-21
PRJEB42353	ERR6044620	SAMEA8901572	PRJEB42353	2012	France	2021-06-21
PRJEB42353	ERR6044621	SAMEA8901573	PRJEB42353	2012	France	2021-06-21
PRJEB42353	ERR6044622	SAMEA8901574	PRJEB42353	2012	France	2021-06-21
PRJEB42353	ERR6044628	SAMEA8901580	PRJEB42353	2012	France	2021-06-21
PRJEB42353	ERR6044629	SAMEA8901581	PRJEB42353	2012	France	2021-06-21
PRJEB42353	ERR6044630	SAMEA8901582	PRJEB42353	2012	France	2021-06-21
PRJEB42353	ERR6044632	SAMEA8901584	PRJEB42353	2012	France	2021-06-21
PRJEB42353	ERR6044633	SAMEA8901585	PRJEB42353	2012	France	2021-06-21
PRJEB42353	ERR6044634	SAMEA8901586	PRJEB42353	2012	France	2021-06-21
PRJEB42353	ERR6044636	SAMEA8901588	PRJEB42353	2012	France	2021-06-21
PRJEB42353	ERR6044640	SAMEA8901592	PRJEB42353	2012	France	2021-06-21
PRJEB42353	ERR6044641	SAMEA8901593	PRJEB42353	2012	France	2021-06-21
PRJEB42353	ERR6044644	SAMEA8901596	PRJEB42353	2012	France	2021-06-21
PRJEB42353	ERR6044648	SAMEA8901600	PRJEB42353	2012	France	2021-06-21
PRJEB42353	ERR6044650	SAMEA8901602	PRJEB42353	2012	France	2021-06-21
PRJEB42353	ERR6044654	SAMEA8901606	PRJEB42353	2013	France	2021-06-21
PRJEB42353	ERR6044658	SAMEA8901610	PRJEB42353	2013	France	2021-06-21
PRJEB42353	ERR6044662	SAMEA8901614	PRJEB42353	2013	France	2021-06-21
PRJEB42353	ERR6044665	SAMEA8901617	PRJEB42353	2013	France	2021-06-21
PRJEB42353	ERR6044667	SAMEA8901619	PRJEB42353	2013	France	2021-06-21
PRJEB42353	ERR6044669	SAMEA8901621	PRJEB42353	2013	France	2021-06-21
PRJEB42353	ERR6044672	SAMEA8901624	PRJEB42353	2013	France	2021-06-21
PRJEB42353	ERR6044679	SAMEA8901631	PRJEB42353	2013	France	2021-06-21
PRJEB42353	ERR6044680	SAMEA8901632	PRJEB42353	2013	France	2021-06-21
PRJEB42353	ERR6044683	SAMEA8901635	PRJEB42353	2013	France	2021-06-21
PRJEB42353	ERR6044684	SAMEA8901636	PRJEB42353	2013	France	2021-06-21
PRJEB42353	ERR6044686	SAMEA8901638	PRJEB42353	2013	France	2021-06-21
PRJEB42353	ERR6044688	SAMEA8901640	PRJEB42353	2013	France	2021-06-21
PRJEB42353	ERR6044691	SAMEA8901643	PRJEB42353	2013	France	2021-06-21
PRJEB42353	ERR6044696	SAMEA8901648	PRJEB42353	2013	France	2021-06-21
PRJEB42353	ERR6044697	SAMEA8901649	PRJEB42353	2013	France	2021-06-21
PRJEB42353	ERR6044698	SAMEA8901650	PRJEB42353	2013	France	2021-06-21
PRJEB42353	ERR6044699	SAMEA8901651	PRJEB42353	2013	France	2021-06-21
PRJEB42353	ERR6044704	SAMEA8901656	PRJEB42353	2013	France	2021-06-21
PRJEB42353	ERR6044705	SAMEA8901657	PRJEB42353	2013	France	2021-06-21
PRJEB42353	ERR6044706	SAMEA8901658	PRJEB42353	2013	France	2021-06-21
PRJEB42353	ERR6044709	SAMEA8901661	PRJEB42353	2013	France	2021-06-21
PRJEB42353	ERR6044710	SAMEA8901662	PRJEB42353	2013	France	2021-06-21
PRJEB42353	ERR6044717	SAMEA8901669	PRJEB42353	2013	France	2021-06-21
PRJEB42353	ERR6044718	SAMEA8901670	PRJEB42353	2013	France	2021-06-21
PRJEB42353	ERR6044720	SAMEA8901672	PRJEB42353	2013	France	2021-06-21
PRJEB42353	ERR6044721	SAMEA8901673	PRJEB42353	2013	France	2021-06-21
PRJEB42353	ERR6044724	SAMEA8901676	PRJEB42353	2013	France	2021-06-21
PRJEB42353	ERR6044727	SAMEA8901679	PRJEB42353	2013	France	2021-06-21
PRJEB42353	ERR6044728	SAMEA8901680	PRJEB42353	2013	France	2021-06-21
PRJEB42353	ERR6044729	SAMEA8901681	PRJEB42353	2013	France	2021-06-21
PRJEB42353	ERR6044732	SAMEA8901684	PRJEB42353	2013	France	2021-06-21
PRJEB42353	ERR6044742	SAMEA8901694	PRJEB42353	2013	France	2021-06-21
PRJEB42353	ERR6044746	SAMEA8901698	PRJEB42353	2013	France	2021-06-21
PRJEB42353	ERR6044748	SAMEA8901700	PRJEB42353	2013	France	2021-06-21
PRJEB42353	ERR6044750	SAMEA8901702	PRJEB42353	2013	France	2021-06-21
PRJEB42353	ERR6044751	SAMEA8901703	PRJEB42353	2013	France	2021-06-21
PRJEB42353	ERR6044753	SAMEA8901705	PRJEB42353	2013	France	2021-06-21
PRJEB42353	ERR6044757	SAMEA8901709	PRJEB42353	2013	France	2021-06-21
PRJEB42353	ERR6044762	SAMEA8901714	PRJEB42353	2013	France	2021-06-21
PRJEB42353	ERR6044763	SAMEA8901715	PRJEB42353	2013	France	2021-06-21
PRJEB42353	ERR6044777	SAMEA8901729	PRJEB42353	2014	France	2021-06-21
PRJEB42353	ERR6044778	SAMEA8901730	PRJEB42353	2014	France	2021-06-21
PRJEB42353	ERR6044779	SAMEA8901731	PRJEB42353	2014	France	2021-06-21
PRJEB42353	ERR6044780	SAMEA8901732	PRJEB42353	2014	France	2021-06-21
PRJEB42353	ERR6044783	SAMEA8901735	PRJEB42353	2014	France	2021-06-21
PRJEB42353	ERR6044784	SAMEA8901736	PRJEB42353	2014	France	2021-06-21
PRJEB42353	ERR6044791	SAMEA8901743	PRJEB42353	2014	France	2021-06-21
PRJEB42353	ERR6044793	SAMEA8901745	PRJEB42353	2014	France	2021-06-21
PRJEB42353	ERR6044803	SAMEA8901755	PRJEB42353	2014	France	2021-06-21
PRJEB42353	ERR6044804	SAMEA8901756	PRJEB42353	2014	France	2021-06-21
PRJEB42353	ERR6044810	SAMEA8901762	PRJEB42353	2014	France	2021-06-21
PRJEB42353	ERR6044814	SAMEA8901766	PRJEB42353	2014	France	2021-06-21
PRJEB42353	ERR6044815	SAMEA8901767	PRJEB42353	2014	France	2021-06-21
PRJEB42353	ERR6044816	SAMEA8901768	PRJEB42353	2014	France	2021-06-21
PRJEB42353	ERR6044818	SAMEA8901770	PRJEB42353	2014	France	2021-06-21
PRJEB42353	ERR6044820	SAMEA8901772	PRJEB42353	2014	France	2021-06-21
PRJEB42353	ERR6044823	SAMEA8901775	PRJEB42353	2014	France	2021-06-21
PRJEB42353	ERR6044825	SAMEA8901777	PRJEB42353	2014	France	2021-06-21
PRJEB42353	ERR6044832	SAMEA8901784	PRJEB42353	2015	France	2021-06-21
PRJEB42353	ERR6044834	SAMEA8901786	PRJEB42353	2016	France	2021-06-21
PRJEB42353	ERR6044838	SAMEA8901790	PRJEB42353	2016	France	2021-06-21
PRJEB42353	ERR6044839	SAMEA8901791	PRJEB42353	2016	France	2021-06-21
PRJEB42353	ERR6044840	SAMEA8901792	PRJEB42353	2016	France	2021-06-21
PRJEB42353	ERR6044841	SAMEA8901793	PRJEB42353	2016	France	2021-06-21
PRJEB42353	ERR6044842	SAMEA8901794	PRJEB42353	2016	France	2021-06-21
PRJEB42353	ERR6044850	SAMEA8901802	PRJEB42353	2017	France	2021-06-21
PRJEB42353	ERR6044853	SAMEA8901805	PRJEB42353	2017	France	2021-06-21
PRJEB42353	ERR6044857	SAMEA8901809	PRJEB42353	2017	France	2021-06-21
PRJEB42353	ERR6044858	SAMEA8901810	PRJEB42353	2017	France	2021-06-21
PRJEB42353	ERR6044862	SAMEA8901814	PRJEB42353	2017	France	2021-06-21
PRJEB42353	ERR6044866	SAMEA8901818	PRJEB42353	2017	France	2021-06-21
PRJEB42353	ERR6044869	SAMEA8901821	PRJEB42353	2017	France	2021-06-21
PRJEB42353	ERR6044871	SAMEA8901823	PRJEB42353	2017	France	2021-06-21
PRJEB42353	ERR6044873	SAMEA8901825	PRJEB42353	2017	France	2021-06-21
PRJEB42353	ERR6044882	SAMEA8901834	PRJEB42353	2017	France	2021-06-21
PRJEB42353	ERR6044884	SAMEA8901836	PRJEB42353	2018	France	2021-06-21
PRJEB42353	ERR6044885	SAMEA8901837	PRJEB42353	2018	France	2021-06-21
PRJEB42353	ERR6044886	SAMEA8901838	PRJEB42353	2018	France	2021-06-21
PRJEB42353	ERR6044890	SAMEA8901842	PRJEB42353	2018	France	2021-06-21
PRJEB42353	ERR6044894	SAMEA8901846	PRJEB42353	2018	France	2021-06-21
PRJEB42353	ERR6044902	SAMEA8901854	PRJEB42353	2018	France	2021-06-21
PRJEB42353	ERR6044908	SAMEA8901860	PRJEB42353	2018	France	2021-06-21
PRJEB42353	ERR6044909	SAMEA8901861	PRJEB42353	2018	France	2021-06-21
PRJEB42353	ERR6044916	SAMEA8901868	PRJEB42353	2018	France	2021-06-21
PRJEB42353	ERR6044920	SAMEA8901502	PRJEB42353	2012	France	2021-06-21
PRJEB42353	ERR6044922	SAMEA8901504	PRJEB42353	2012	France	2021-06-21
PRJEB42353	ERR6044925	SAMEA8901507	PRJEB42353	2012	France	2021-06-21
PRJEB42353	ERR6044926	SAMEA8901508	PRJEB42353	2012	France	2021-06-21
PRJEB42353	ERR6044928	SAMEA8901510	PRJEB42353	2012	France	2021-06-21
PRJEB42353	ERR6044930	SAMEA8901512	PRJEB42353	2012	France	2021-06-21
PRJEB42353	ERR6044931	SAMEA8901513	PRJEB42353	2012	France	2021-06-21
PRJEB42353	ERR6044934	SAMEA8901516	PRJEB42353	2012	France	2021-06-21
PRJEB42353	ERR6044937	SAMEA8901519	PRJEB42353	2012	France	2021-06-21
PRJEB42353	ERR6044943	SAMEA8901525	PRJEB42353	2012	France	2021-06-21
PRJEB42353	ERR6044951	SAMEA8901533	PRJEB42353	2012	France	2021-06-21
PRJEB42353	ERR6044953	SAMEA8901535	PRJEB42353	2012	France	2021-06-21
PRJEB42353	ERR6044954	SAMEA8901536	PRJEB42353	2012	France	2021-06-21
PRJEB42353	ERR6044955	SAMEA8901537	PRJEB42353	2012	France	2021-06-21
PRJEB42353	ERR6044956	SAMEA8901538	PRJEB42353	2012	France	2021-06-21
PRJEB42353	ERR6044957	SAMEA8901539	PRJEB42353	2012	France	2021-06-21
PRJEB42353	ERR6044958	SAMEA8901540	PRJEB42353	2012	France	2021-06-21
PRJEB42353	ERR6044959	SAMEA8901541	PRJEB42353	2012	France	2021-06-21
PRJEB42353	ERR6044960	SAMEA8901542	PRJEB42353	2012	France	2021-06-21
PRJEB42353	ERR6044965	SAMEA8901547	PRJEB42353	2012	France	2021-06-21
PRJEB42353	ERR6044967	SAMEA8901549	PRJEB42353	2012	France	2021-06-21
PRJEB42353	ERR6044968	SAMEA8901550	PRJEB42353	2012	France	2021-06-21
PRJEB42353	ERR6044969	SAMEA8901551	PRJEB42353	2012	France	2021-06-21
PRJEB88325	ERR14837599	SAMEA117989203	PRJEB88325	2014-01-30	Belgium	2025-04-10
PRJEB88325	ERR14837600	SAMEA117989204	PRJEB88325	2014-03-21	Belgium	2025-04-10
PRJEB88325	ERR14837604	SAMEA117989208	PRJEB88325	2014-07-30	Belgium	2025-04-10
PRJEB88325	ERR14837608	SAMEA117989212	PRJEB88325	2014-10-15	Belgium	2025-04-10
PRJEB88325	ERR14837611	SAMEA117989215	PRJEB88325	2015-01-26	Belgium	2025-04-10
PRJEB88325	ERR14837614	SAMEA117989218	PRJEB88325	2015-03-30	Belgium	2025-04-10
PRJEB88325	ERR14837615	SAMEA117989219	PRJEB88325	2015-04-07	Belgium	2025-04-10
PRJEB88325	ERR14837620	SAMEA117989224	PRJEB88325	2015-06-09	Belgium	2025-04-10
PRJEB88325	ERR14837629	SAMEA117989233	PRJEB88325	2016-08-24	Belgium	2025-04-10
PRJEB88325	ERR14837632	SAMEA117989236	PRJEB88325	2016-12-24	Belgium	2025-04-10
PRJEB88325	ERR14837634	SAMEA117989238	PRJEB88325	2017-01-03	Belgium	2025-04-10
PRJEB88325	ERR14837635	SAMEA117989239	PRJEB88325	2017-01-09	Belgium	2025-04-10
PRJEB88325	ERR14837636	SAMEA117989240	PRJEB88325	2017-01-12	Belgium	2025-04-10
PRJEB88325	ERR14837637	SAMEA117989241	PRJEB88325	2017-01-30	Belgium	2025-04-10
PRJEB88325	ERR14837639	SAMEA117989243	PRJEB88325	2017-02-14	Belgium	2025-04-10
PRJEB88325	ERR14837640	SAMEA117989244	PRJEB88325	2017-03-09	Belgium	2025-04-10
PRJEB88325	ERR14837641	SAMEA117989245	PRJEB88325	2017-03-07	Belgium	2025-04-10
PRJEB88325	ERR14837643	SAMEA117989247	PRJEB88325	2017-03-24	Belgium	2025-04-10
PRJEB88325	ERR14837649	SAMEA117989253	PRJEB88325	2017-04-20	Belgium	2025-04-10
PRJEB88325	ERR14837652	SAMEA117989256	PRJEB88325	2017-05-05	Belgium	2025-04-10
PRJEB88325	ERR14837655	SAMEA117989259	PRJEB88325	2017-05-05	Belgium	2025-04-10
PRJEB88325	ERR14837657	SAMEA117989261	PRJEB88325	2017-05-18	Belgium	2025-04-10
PRJEB88325	ERR14837658	SAMEA117989262	PRJEB88325	2017-05-20	Belgium	2025-04-10
PRJEB88325	ERR14837665	SAMEA117989269	PRJEB88325	2017-06-09	Belgium	2025-04-10
PRJEB88325	ERR14837671	SAMEA117989275	PRJEB88325	2017-06-25	Belgium	2025-04-10
PRJEB88325	ERR14837672	SAMEA117989276	PRJEB88325	2017-06-23	Belgium	2025-04-10
PRJEB88325	ERR14837674	SAMEA117989278	PRJEB88325	2017-06-28	Belgium	2025-04-10
PRJEB88325	ERR14837676	SAMEA117989280	PRJEB88325	2017-07-06	Belgium	2025-04-10
PRJEB88325	ERR14837683	SAMEA117989287	PRJEB88325	2017-07-26	Belgium	2025-04-10
PRJEB88325	ERR14837690	SAMEA117989294	PRJEB88325	2017-08-10	Belgium	2025-04-10
PRJEB88325	ERR14837693	SAMEA117989297	PRJEB88325	2017-08-24	Belgium	2025-04-10
PRJEB88325	ERR14837695	SAMEA117989299	PRJEB88325	2017-08-27	Belgium	2025-04-10
PRJEB88325	ERR14837699	SAMEA117989303	PRJEB88325	2017-08-29	Belgium	2025-04-10
PRJEB88325	ERR14837701	SAMEA117989305	PRJEB88325	2017-09-05	Belgium	2025-04-10
PRJEB88325	ERR14837705	SAMEA117989309	PRJEB88325	2017-09-06	Belgium	2025-04-10
PRJEB88325	ERR14837707	SAMEA117989311	PRJEB88325	2017-09-04	Belgium	2025-04-10
PRJEB88325	ERR14837708	SAMEA117989312	PRJEB88325	2017-09-07	Belgium	2025-04-10
PRJEB88325	ERR14837711	SAMEA117989315	PRJEB88325	2017-09-18	Belgium	2025-04-10
PRJEB88325	ERR14837715	SAMEA117989319	PRJEB88325	2017-09-29	Belgium	2025-04-10
PRJEB88325	ERR14837716	SAMEA117989320	PRJEB88325	2017-10-06	Belgium	2025-04-10
PRJEB88325	ERR14837719	SAMEA117989323	PRJEB88325	2017-10-25	Belgium	2025-04-10
PRJEB88325	ERR14837725	SAMEA117989329	PRJEB88325	2017-11-17	Belgium	2025-04-10
PRJEB88325	ERR14837729	SAMEA117989333	PRJEB88325	2017-12-12	Belgium	2025-04-10
PRJEB88325	ERR14837730	SAMEA117989334	PRJEB88325	2018-01-02	Belgium	2025-04-10
PRJEB88325	ERR14837731	SAMEA117989335	PRJEB88325	2018-01-06	Belgium	2025-04-10
PRJEB88325	ERR14837737	SAMEA117989341	PRJEB88325	2018-01-18	Belgium	2025-04-10
PRJEB88325	ERR14837738	SAMEA117989342	PRJEB88325	2018-01-24	Belgium	2025-04-10
PRJEB88325	ERR14837739	SAMEA117989343	PRJEB88325	2018-01-30	Belgium	2025-04-10
PRJEB88325	ERR14837606	SAMEA117989210	PRJEB88325	2014-08-15	Belgium	2025-04-10
PRJEB88325	ERR14837741	SAMEA117989345	PRJEB88325	2018-02-21	Belgium	2025-04-10
PRJEB88325	ERR14837607	SAMEA117989211	PRJEB88325	2014-09-04	Belgium	2025-04-10
PRJEB88325	ERR14837744	SAMEA117989348	PRJEB88325	2018-02-27	Belgium	2025-04-10
PRJEB88325	ERR14837756	SAMEA117989360	PRJEB88325	2018-04-09	Belgium	2025-04-10
PRJEB88325	ERR14837758	SAMEA117989362	PRJEB88325	2018-04-13	Belgium	2025-04-10
PRJEB88325	ERR14837612	SAMEA117989216	PRJEB88325	2015-02-20	Belgium	2025-04-10
PRJEB88325	ERR14837759	SAMEA117989363	PRJEB88325	2018-04-16	Belgium	2025-04-10
PRJEB88325	ERR14837613	SAMEA117989217	PRJEB88325	2015-04-01	Belgium	2025-04-10
PRJEB88325	ERR14837761	SAMEA117989365	PRJEB88325	2018-04-22	Belgium	2025-04-10
PRJEB88325	ERR14837765	SAMEA117989369	PRJEB88325	2018-04-30	Belgium	2025-04-10
PRJEB88325	ERR14837621	SAMEA117989225	PRJEB88325	2015-09-18	Belgium	2025-04-10
PRJEB88325	ERR14837766	SAMEA117989370	PRJEB88325	2018-05-03	Belgium	2025-04-10
PRJEB88325	ERR14837622	SAMEA117989226	PRJEB88325	2015-12-21	Belgium	2025-04-10
PRJEB88325	ERR14837767	SAMEA117989371	PRJEB88325	2018-05-04	Belgium	2025-04-10
PRJEB88325	ERR14837770	SAMEA117989374	PRJEB88325	2018-05-22	Belgium	2025-04-10
PRJEB88325	ERR14837623	SAMEA117989227	PRJEB88325	2016-01-19	Belgium	2025-04-10
PRJEB88325	ERR14837773	SAMEA117989377	PRJEB88325	2018-05-24	Belgium	2025-04-10
PRJEB88325	ERR14837625	SAMEA117989229	PRJEB88325	2016-05-18	Belgium	2025-04-10
PRJEB88325	ERR14837778	SAMEA117989382	PRJEB88325	2018-06-11	Belgium	2025-04-10
PRJEB88325	ERR14837627	SAMEA117989231	PRJEB88325	2016-07-04	Belgium	2025-04-10
PRJEB88325	ERR14837781	SAMEA117989385	PRJEB88325	2018-06-20	Belgium	2025-04-10
PRJEB88325	ERR14837642	SAMEA117989246	PRJEB88325	2017-03-14	Belgium	2025-04-10
PRJEB88325	ERR14837782	SAMEA117989386	PRJEB88325	2018-06-21	Belgium	2025-04-10
PRJEB88325	ERR14837644	SAMEA117989248	PRJEB88325	2017-04-10	Belgium	2025-04-10
PRJEB88325	ERR14837783	SAMEA117989387	PRJEB88325	2018-06-27	Belgium	2025-04-10
PRJEB88325	ERR14837645	SAMEA117989249	PRJEB88325	2017-04-12	Belgium	2025-04-10
PRJEB88325	ERR14837786	SAMEA117989390	PRJEB88325	2018-07-03	Belgium	2025-04-10
PRJEB88325	ERR14837788	SAMEA117989392	PRJEB88325	2018-07-04	Belgium	2025-04-10
PRJEB88325	ERR14837646	SAMEA117989250	PRJEB88325	2017-04-18	Belgium	2025-04-10
PRJEB88325	ERR14837790	SAMEA117989394	PRJEB88325	2018-07-13	Belgium	2025-04-10
PRJEB88325	ERR14837647	SAMEA117989251	PRJEB88325	2017-04-12	Belgium	2025-04-10
PRJEB88325	ERR14837792	SAMEA117989396	PRJEB88325	2018-07-18	Belgium	2025-04-10
PRJEB88325	ERR14837650	SAMEA117989254	PRJEB88325	2017-04-26	Belgium	2025-04-10
PRJEB88325	ERR14837793	SAMEA117989397	PRJEB88325	2018-07-11	Belgium	2025-04-10
PRJEB88325	ERR14837651	SAMEA117989255	PRJEB88325	2017-04-27	Belgium	2025-04-10
PRJEB88325	ERR14837798	SAMEA117989402	PRJEB88325	2018-08-01	Belgium	2025-04-10
PRJEB88325	ERR14837800	SAMEA117989404	PRJEB88325	2018-08-09	Belgium	2025-04-10
PRJEB88325	ERR14837656	SAMEA117989260	PRJEB88325	2017-05-12	Belgium	2025-04-10
PRJEB88325	ERR14837660	SAMEA117989264	PRJEB88325	2017-05-23	Belgium	2025-04-10
PRJEB88325	ERR14837804	SAMEA117989408	PRJEB88325	2018-08-22	Belgium	2025-04-10
PRJEB88325	ERR14837805	SAMEA117989409	PRJEB88325	2018-08-17	Belgium	2025-04-10
PRJEB88325	ERR14837661	SAMEA117989265	PRJEB88325	2017-05-29	Belgium	2025-04-10
PRJEB88325	ERR14837813	SAMEA117989417	PRJEB88325	2018-09-07	Belgium	2025-04-10
PRJEB88325	ERR14837662	SAMEA117989266	PRJEB88325	2017-05-29	Belgium	2025-04-10
PRJEB88325	ERR14837814	SAMEA117989418	PRJEB88325	2018-09-13	Belgium	2025-04-10
PRJEB88325	ERR14837667	SAMEA117989271	PRJEB88325	2017-06-15	Belgium	2025-04-10
PRJEB88325	ERR14837826	SAMEA117989430	PRJEB88325	2018-11-19	Belgium	2025-04-10
PRJEB88325	ERR14837677	SAMEA117989281	PRJEB88325	2017-07-17	Belgium	2025-04-10
PRJEB88325	ERR14837828	SAMEA117989432	PRJEB88325	2018-12-03	Belgium	2025-04-10
PRJEB88325	ERR14837678	SAMEA117989282	PRJEB88325	2017-07-17	Belgium	2025-04-10
PRJEB88325	ERR14837832	SAMEA117989436	PRJEB88325	2019-01-15	Belgium	2025-04-10
PRJEB88325	ERR14837679	SAMEA117989283	PRJEB88325	2017-07-17	Belgium	2025-04-10
PRJEB88325	ERR14837834	SAMEA117989438	PRJEB88325	2019-01-07	Belgium	2025-04-10
PRJEB88325	ERR14837844	SAMEA117989448	PRJEB88325	2019-02-08	Belgium	2025-04-10
PRJEB88325	ERR14837850	SAMEA117989454	PRJEB88325	2019-03-27	Belgium	2025-04-10
PRJEB88325	ERR14837685	SAMEA117989289	PRJEB88325	2017-08-02	Belgium	2025-04-10
PRJEB88325	ERR14837851	SAMEA117989455	PRJEB88325	2019-04-01	Belgium	2025-04-10
PRJEB88325	ERR14837686	SAMEA117989290	PRJEB88325	2017-08-04	Belgium	2025-04-10
PRJEB88325	ERR14837854	SAMEA117989458	PRJEB88325	2019-04-10	Belgium	2025-04-10
PRJEB88325	ERR14837855	SAMEA117989459	PRJEB88325	2019-04-14	Belgium	2025-04-10
PRJEB88325	ERR14837688	SAMEA117989292	PRJEB88325	2017-08-04	Belgium	2025-04-10
PRJEB88325	ERR14837856	SAMEA117989460	PRJEB88325	2019-04-16	Belgium	2025-04-10
PRJEB88325	ERR14837689	SAMEA117989293	PRJEB88325	2017-08-01	Belgium	2025-04-10
PRJEB88325	ERR14837867	SAMEA117989471	PRJEB88325	2019-05-22	Belgium	2025-04-10
PRJEB88325	ERR14837696	SAMEA117989300	PRJEB88325	2017-08-28	Belgium	2025-04-10
PRJEB88325	ERR14837868	SAMEA117989472	PRJEB88325	2019-05-29	Belgium	2025-04-10
PRJEB88325	ERR14837697	SAMEA117989301	PRJEB88325	2017-08-28	Belgium	2025-04-10
PRJEB88325	ERR14837869	SAMEA117989473	PRJEB88325	2019-06-07	Belgium	2025-04-10
PRJEB88325	ERR14837870	SAMEA117989474	PRJEB88325	2019-06-20	Belgium	2025-04-10
PRJEB88325	ERR14837706	SAMEA117989310	PRJEB88325	2017-09-05	Belgium	2025-04-10
PRJEB88325	ERR14837874	SAMEA117989478	PRJEB88325	2019-07-18	Belgium	2025-04-10
PRJEB88325	ERR14837709	SAMEA117989313	PRJEB88325	2017-09-09	Belgium	2025-04-10
PRJEB88325	ERR14837876	SAMEA117989480	PRJEB88325	2019-07-30	Belgium	2025-04-10
PRJEB88325	ERR14837878	SAMEA117989482	PRJEB88325	2019-08-05	Belgium	2025-04-10
PRJEB88325	ERR14837710	SAMEA117989314	PRJEB88325	2017-09-13	Belgium	2025-04-10
PRJEB88325	ERR14837880	SAMEA117989484	PRJEB88325	2019-08-07	Belgium	2025-04-10
PRJEB88325	ERR14837714	SAMEA117989318	PRJEB88325	2017-09-25	Belgium	2025-04-10
PRJEB88325	ERR14837881	SAMEA117989485	PRJEB88325	2019-08-09	Belgium	2025-04-10
PRJEB88325	ERR14837717	SAMEA117989321	PRJEB88325	2017-10-05	Belgium	2025-04-10
PRJEB88325	ERR14837882	SAMEA117989486	PRJEB88325	2019-08-12	Belgium	2025-04-10
PRJEB88325	ERR14837883	SAMEA117989487	PRJEB88325	2019-08-11	Belgium	2025-04-10
PRJEB88325	ERR14837721	SAMEA117989325	PRJEB88325	2017-11-05	Belgium	2025-04-10
PRJEB88325	ERR14837889	SAMEA117989493	PRJEB88325	2019-08-25	Belgium	2025-04-10
PRJEB88325	ERR14837722	SAMEA117989326	PRJEB88325	2017-11-08	Belgium	2025-04-10
PRJEB88325	ERR14837899	SAMEA117989503	PRJEB88325	2019-09-22	Belgium	2025-04-10
PRJEB88325	ERR14837723	SAMEA117989327	PRJEB88325	2017-11-13	Belgium	2025-04-10
PRJEB88325	ERR14837909	SAMEA117989513	PRJEB88325	2020-01-24	Belgium	2025-04-10
PRJEB88325	ERR14837732	SAMEA117989336	PRJEB88325	2018-01-12	Belgium	2025-04-10
PRJEB88325	ERR14837913	SAMEA117989517	PRJEB88325	2020-03-16	Belgium	2025-04-10
PRJEB88325	ERR14837733	SAMEA117989337	PRJEB88325	2018-01-15	Belgium	2025-04-10
PRJEB88325	ERR14837915	SAMEA117989519	PRJEB88325	2020-03-23	Belgium	2025-04-10
PRJEB88325	ERR14837918	SAMEA117989522	PRJEB88325	2020-04-09	Belgium	2025-04-10
PRJEB88325	ERR14837735	SAMEA117989339	PRJEB88325	2018-01-16	Belgium	2025-04-10
PRJEB88325	ERR14837919	SAMEA117989523	PRJEB88325	2020-04-24	Belgium	2025-04-10
PRJEB88325	ERR14837736	SAMEA117989340	PRJEB88325	2018-01-18	Belgium	2025-04-10
PRJEB88325	ERR14837920	SAMEA117989524	PRJEB88325	2020-05-20	Belgium	2025-04-10
PRJEB88325	ERR14837746	SAMEA117989350	PRJEB88325	2018-03-15	Belgium	2025-04-10
PRJEB88325	ERR14837922	SAMEA117989526	PRJEB88325	2022-11-14	Belgium	2025-04-10
PRJEB88325	ERR14837748	SAMEA117989352	PRJEB88325	2018-03-17	Belgium	2025-04-10
PRJEB88325	ERR14837923	SAMEA117989527	PRJEB88325	2022-11-25	Belgium	2025-04-10
PRJEB88325	ERR14837750	SAMEA117989354	PRJEB88325	2018-03-26	Belgium	2025-04-10
PRJEB88325	ERR14837927	SAMEA117989531	PRJEB88325	2023-04-21	Belgium	2025-04-10
PRJEB88325	ERR14837754	SAMEA117989358	PRJEB88325	2018-03-29	Belgium	2025-04-10
PRJEB88325	ERR14837929	SAMEA117989533	PRJEB88325	2023-05-08	Belgium	2025-04-10
PRJEB88325	ERR14837760	SAMEA117989364	PRJEB88325	2018-04-17	Belgium	2025-04-10
PRJEB88325	ERR14837930	SAMEA117989534	PRJEB88325	2023-05-09	Belgium	2025-04-10
PRJEB88325	ERR14837934	SAMEA117989538	PRJEB88325	2023-06-07	Belgium	2025-04-10
PRJEB88325	ERR14837764	SAMEA117989368	PRJEB88325	2018-04-30	Belgium	2025-04-10
PRJEB88325	ERR14837935	SAMEA117989539	PRJEB88325	2023-06-07	Belgium	2025-04-10
PRJEB88325	ERR14837772	SAMEA117989376	PRJEB88325	2018-05-29	Belgium	2025-04-10
PRJEB88325	ERR14837938	SAMEA117989542	PRJEB88325	2023-06-12	Belgium	2025-04-10
PRJEB88325	ERR14837774	SAMEA117989378	PRJEB88325	2018-05-31	Belgium	2025-04-10
PRJEB88325	ERR14837941	SAMEA117989545	PRJEB88325	2023-07-07	Belgium	2025-04-10
PRJEB88325	ERR14837775	SAMEA117989379	PRJEB88325	2018-06-01	Belgium	2025-04-10
PRJEB88325	ERR14837777	SAMEA117989381	PRJEB88325	2018-06-09	Belgium	2025-04-10
PRJEB88325	ERR14837942	SAMEA117989546	PRJEB88325	2023-07-10	Belgium	2025-04-10
PRJEB88325	ERR14837780	SAMEA117989384	PRJEB88325	2018-06-18	Belgium	2025-04-10
PRJEB88325	ERR14837945	SAMEA117989549	PRJEB88325	2023-07-24	Belgium	2025-04-10
PRJEB88325	ERR14837785	SAMEA117989389	PRJEB88325	2018-07-01	Belgium	2025-04-10
PRJEB88325	ERR14837948	SAMEA117989552	PRJEB88325	2023-07-30	Belgium	2025-04-10
PRJEB88325	ERR14837787	SAMEA117989391	PRJEB88325	2018-07-04	Belgium	2025-04-10
PRJEB88325	ERR14837952	SAMEA117989556	PRJEB88325	2023-08-04	Belgium	2025-04-10
PRJEB88325	ERR14837956	SAMEA117989560	PRJEB88325	2023-08-28	Belgium	2025-04-10
PRJEB88325	ERR14837789	SAMEA117989393	PRJEB88325	2018-07-11	Belgium	2025-04-10
PRJEB88325	ERR14837962	SAMEA117989566	PRJEB88325	2023-09-02	Belgium	2025-04-10
PRJEB88325	ERR14837794	SAMEA117989398	PRJEB88325	2018-07-25	Belgium	2025-04-10
PRJEB88325	ERR14837978	SAMEA117989582	PRJEB88325	2023-10-19	Belgium	2025-04-10
PRJEB88325	ERR14837796	SAMEA117989400	PRJEB88325	2018-07-30	Belgium	2025-04-10
PRJEB88325	ERR14837979	SAMEA117989583	PRJEB88325	2023-10-17	Belgium	2025-04-10
PRJEB88325	ERR14837797	SAMEA117989401	PRJEB88325	2018-08-06	Belgium	2025-04-10
PRJEB88325	ERR14837980	SAMEA117989584	PRJEB88325	2023-10-31	Belgium	2025-04-10
PRJEB88325	ERR14837982	SAMEA117989586	PRJEB88325	2023-11-06	Belgium	2025-04-10
PRJEB88325	ERR14837803	SAMEA117989407	PRJEB88325	2018-08-13	Belgium	2025-04-10
PRJEB88325	ERR14837985	SAMEA117989589	PRJEB88325	2023-11-14	Belgium	2025-04-10
PRJEB88325	ERR14837806	SAMEA117989410	PRJEB88325	2018-08-27	Belgium	2025-04-10
PRJEB88325	ERR14837989	SAMEA117989593	PRJEB88325	2023-11-20	Belgium	2025-04-10
PRJEB88325	ERR14837808	SAMEA117989412	PRJEB88325	2018-08-27	Belgium	2025-04-10
PRJEB88325	ERR14837997	SAMEA117989601	PRJEB88325	2023-12-11	Belgium	2025-04-10
PRJEB88325	ERR14837812	SAMEA117989416	PRJEB88325	2018-09-08	Belgium	2025-04-10
PRJEB88325	ERR14837998	SAMEA117989602	PRJEB88325	2023-12-06	Belgium	2025-04-10
PRJEB88325	ERR14837815	SAMEA117989419	PRJEB88325	2018-09-10	Belgium	2025-04-10
PRJEB88325	ERR14838001	SAMEA117989605	PRJEB88325	2023-12-14	Belgium	2025-04-10
PRJEB88325	ERR14837817	SAMEA117989421	PRJEB88325	2018-09-22	Belgium	2025-04-10
PRJEB88325	ERR14838006	SAMEA117989610	PRJEB88325	2023-12-20	Belgium	2025-04-10
PRJEB88325	ERR14837819	SAMEA117989423	PRJEB88325	2018-10-02	Belgium	2025-04-10
PRJEB88325	ERR14837829	SAMEA117989433	PRJEB88325	2018-12-07	Belgium	2025-04-10
PRJEB88325	ERR14837830	SAMEA117989434	PRJEB88325	2018-12-12	Belgium	2025-04-10
PRJEB88325	ERR14837831	SAMEA117989435	PRJEB88325	2019-01-07	Belgium	2025-04-10
PRJEB88325	ERR14837833	SAMEA117989437	PRJEB88325	2019-01-10	Belgium	2025-04-10
PRJEB88325	ERR14837835	SAMEA117989439	PRJEB88325	2019-01-11	Belgium	2025-04-10
PRJEB88325	ERR14837837	SAMEA117989441	PRJEB88325	2019-01-21	Belgium	2025-04-10
PRJEB88325	ERR14837840	SAMEA117989444	PRJEB88325	2019-01-26	Belgium	2025-04-10
PRJEB88325	ERR14837842	SAMEA117989446	PRJEB88325	2019-02-03	Belgium	2025-04-10
PRJEB88325	ERR14837843	SAMEA117989447	PRJEB88325	2019-02-01	Belgium	2025-04-10
PRJEB88325	ERR14837845	SAMEA117989449	PRJEB88325	2019-02-12	Belgium	2025-04-10
PRJEB88325	ERR14837846	SAMEA117989450	PRJEB88325	2019-02-27	Belgium	2025-04-10
PRJEB88325	ERR14837848	SAMEA117989452	PRJEB88325	2019-02-27	Belgium	2025-04-10
PRJEB88325	ERR14837852	SAMEA117989456	PRJEB88325	2019-03-27	Belgium	2025-04-10
PRJEB88325	ERR14837853	SAMEA117989457	PRJEB88325	2019-04-12	Belgium	2025-04-10
PRJEB88325	ERR14837863	SAMEA117989467	PRJEB88325	2019-04-24	Belgium	2025-04-10
PRJEB88325	ERR14837871	SAMEA117989475	PRJEB88325	2019-06-13	Belgium	2025-04-10
PRJEB88325	ERR14837873	SAMEA117989477	PRJEB88325	2019-07-10	Belgium	2025-04-10
PRJEB88325	ERR14837884	SAMEA117989488	PRJEB88325	2019-08-15	Belgium	2025-04-10
PRJEB88325	ERR14837885	SAMEA117989489	PRJEB88325	2019-08-17	Belgium	2025-04-10
PRJEB88325	ERR14837886	SAMEA117989490	PRJEB88325	2019-08-23	Belgium	2025-04-10
PRJEB88325	ERR14837887	SAMEA117989491	PRJEB88325	2019-08-23	Belgium	2025-04-10
PRJEB88325	ERR14837888	SAMEA117989492	PRJEB88325	2019-08-23	Belgium	2025-04-10
PRJEB88325	ERR14837896	SAMEA117989500	PRJEB88325	2019-09-05	Belgium	2025-04-10
PRJEB88325	ERR14837897	SAMEA117989501	PRJEB88325	2019-09-09	Belgium	2025-04-10
PRJEB88325	ERR14837900	SAMEA117989504	PRJEB88325	2019-09-22	Belgium	2025-04-10
PRJEB88325	ERR14837901	SAMEA117989505	PRJEB88325	2019-09-24	Belgium	2025-04-10
PRJEB88325	ERR14837903	SAMEA117989507	PRJEB88325	2019-10-05	Belgium	2025-04-10
PRJEB88325	ERR14837905	SAMEA117989509	PRJEB88325	2019-10-07	Belgium	2025-04-10
PRJEB88325	ERR14837906	SAMEA117989510	PRJEB88325	2019-10-18	Belgium	2025-04-10
PRJEB88325	ERR14837912	SAMEA117989516	PRJEB88325	2020-03-13	Belgium	2025-04-10
PRJEB88325	ERR14837914	SAMEA117989518	PRJEB88325	2020-03-16	Belgium	2025-04-10
PRJEB88325	ERR14837921	SAMEA117989525	PRJEB88325	2022-08-01	Belgium	2025-04-10
PRJEB88325	ERR14837925	SAMEA117989529	PRJEB88325	2023-03-31	Belgium	2025-04-10
PRJEB88325	ERR14837926	SAMEA117989530	PRJEB88325	2023-04-21	Belgium	2025-04-10
PRJEB88325	ERR14837928	SAMEA117989532	PRJEB88325	2023-04-25	Belgium	2025-04-10
PRJEB88325	ERR14837931	SAMEA117989535	PRJEB88325	2023-05-14	Belgium	2025-04-10
PRJEB88325	ERR14837932	SAMEA117989536	PRJEB88325	2023-05-24	Belgium	2025-04-10
PRJEB88325	ERR14837933	SAMEA117989537	PRJEB88325	2023-06-01	Belgium	2025-04-10
PRJEB88325	ERR14837936	SAMEA117989540	PRJEB88325	2023-06-12	Belgium	2025-04-10
PRJEB88325	ERR14837937	SAMEA117989541	PRJEB88325	2023-06-12	Belgium	2025-04-10
PRJEB88325	ERR14837939	SAMEA117989543	PRJEB88325	2023-06-09	Belgium	2025-04-10
PRJEB88325	ERR14837940	SAMEA117989544	PRJEB88325	2023-06-20	Belgium	2025-04-10
PRJEB88325	ERR14837943	SAMEA117989547	PRJEB88325	2023-07-03	Belgium	2025-04-10
PRJEB88325	ERR14837944	SAMEA117989548	PRJEB88325	2023-07-19	Belgium	2025-04-10
PRJEB88325	ERR14837946	SAMEA117989550	PRJEB88325	2023-07-25	Belgium	2025-04-10
PRJEB88325	ERR14837950	SAMEA117989554	PRJEB88325	2023-07-28	Belgium	2025-04-10
PRJEB88325	ERR14837951	SAMEA117989555	PRJEB88325	2023-08-01	Belgium	2025-04-10
PRJEB88325	ERR14837957	SAMEA117989561	PRJEB88325	2023-08-28	Belgium	2025-04-10
PRJEB88325	ERR14837960	SAMEA117989564	PRJEB88325	2023-08-31	Belgium	2025-04-10
PRJEB88325	ERR14837961	SAMEA117989565	PRJEB88325	2023-08-30	Belgium	2025-04-10
PRJEB88325	ERR14837963	SAMEA117989567	PRJEB88325	2023-09-07	Belgium	2025-04-10
PRJEB88325	ERR14837964	SAMEA117989568	PRJEB88325	2023-09-08	Belgium	2025-04-10
PRJEB88325	ERR14837966	SAMEA117989570	PRJEB88325	2023-09-08	Belgium	2025-04-10
PRJEB88325	ERR14837969	SAMEA117989573	PRJEB88325	2023-09-25	Belgium	2025-04-10
PRJEB88325	ERR14837970	SAMEA117989574	PRJEB88325	2023-09-25	Belgium	2025-04-10
PRJEB88325	ERR14837971	SAMEA117989575	PRJEB88325	2023-09-26	Belgium	2025-04-10
PRJEB88325	ERR14837972	SAMEA117989576	PRJEB88325	2023-10-02	Belgium	2025-04-10
PRJEB88325	ERR14837974	SAMEA117989578	PRJEB88325	2023-10-08	Belgium	2025-04-10
PRJEB88325	ERR14837975	SAMEA117989579	PRJEB88325	2023-10-12	Belgium	2025-04-10
PRJEB88325	ERR14837976	SAMEA117989580	PRJEB88325	2023-10-13	Belgium	2025-04-10
PRJEB88325	ERR14837986	SAMEA117989590	PRJEB88325	2023-11-14	Belgium	2025-04-10
PRJEB88325	ERR14837990	SAMEA117989594	PRJEB88325	2023-11-27	Belgium	2025-04-10
PRJEB88325	ERR14837992	SAMEA117989596	PRJEB88325	2023-11-27	Belgium	2025-04-10
PRJEB88325	ERR14837994	SAMEA117989598	PRJEB88325	2023-11-29	Belgium	2025-04-10
PRJEB88325	ERR14838000	SAMEA117989604	PRJEB88325	2023-12-11	Belgium	2025-04-10
PRJEB88325	ERR14838003	SAMEA117989607	PRJEB88325	2023-12-19	Belgium	2025-04-10
PRJEB88325	ERR14838012	SAMEA117989616	PRJEB88325	2023-12-31	Belgium	2025-04-10
PRJEB88325	ERR14837601	SAMEA117989205	PRJEB88325	2014-06-27	Belgium	2025-04-10
PRJEB88325	ERR14837602	SAMEA117989206	PRJEB88325	2014-06-27	Belgium	2025-04-10
PRJEB88325	ERR14837603	SAMEA117989207	PRJEB88325	2014-07-13	Belgium	2025-04-10
PRJEB88325	ERR14837605	SAMEA117989209	PRJEB88325	2014-08-01	Belgium	2025-04-10
PRJEB88325	ERR14837609	SAMEA117989213	PRJEB88325	2014-11-19	Belgium	2025-04-10
PRJEB88325	ERR14837610	SAMEA117989214	PRJEB88325	2014-12-20	Belgium	2025-04-10
PRJEB88325	ERR14837616	SAMEA117989220	PRJEB88325	2015-04-20	Belgium	2025-04-10
PRJEB88325	ERR14837617	SAMEA117989221	PRJEB88325	2015-05-04	Belgium	2025-04-10
PRJEB88325	ERR14837618	SAMEA117989222	PRJEB88325	2015-05-18	Belgium	2025-04-10
PRJEB88325	ERR14837619	SAMEA117989223	PRJEB88325	2015-05-19	Belgium	2025-04-10
PRJEB88325	ERR14837624	SAMEA117989228	PRJEB88325	2016-04-20	Belgium	2025-04-10
PRJEB88325	ERR14837626	SAMEA117989230	PRJEB88325	2016-06-07	Belgium	2025-04-10
PRJEB88325	ERR14837628	SAMEA117989232	PRJEB88325	2016-07-22	Belgium	2025-04-10
PRJEB88325	ERR14837630	SAMEA117989234	PRJEB88325	2016-08-31	Belgium	2025-04-10
PRJEB88325	ERR14837631	SAMEA117989235	PRJEB88325	2016-10-31	Belgium	2025-04-10
PRJEB88325	ERR14837633	SAMEA117989237	PRJEB88325	2017-01-03	Belgium	2025-04-10
PRJEB88325	ERR14837638	SAMEA117989242	PRJEB88325	2017-01-31	Belgium	2025-04-10
PRJEB88325	ERR14837648	SAMEA117989252	PRJEB88325	2017-04-18	Belgium	2025-04-10
PRJEB88325	ERR14837653	SAMEA117989257	PRJEB88325	2017-05-06	Belgium	2025-04-10
PRJEB88325	ERR14837654	SAMEA117989258	PRJEB88325	2017-05-08	Belgium	2025-04-10
PRJEB88325	ERR14837659	SAMEA117989263	PRJEB88325	2017-05-23	Belgium	2025-04-10
PRJEB88325	ERR14837663	SAMEA117989267	PRJEB88325	2017-06-01	Belgium	2025-04-10
PRJEB88325	ERR14837664	SAMEA117989268	PRJEB88325	2017-06-05	Belgium	2025-04-10
PRJEB88325	ERR14837666	SAMEA117989270	PRJEB88325	2017-06-14	Belgium	2025-04-10
PRJEB88325	ERR14837668	SAMEA117989272	PRJEB88325	2017-06-16	Belgium	2025-04-10
PRJEB88325	ERR14837669	SAMEA117989273	PRJEB88325	2017-06-20	Belgium	2025-04-10
PRJEB88325	ERR14837670	SAMEA117989274	PRJEB88325	2017-06-28	Belgium	2025-04-10
PRJEB88325	ERR14837673	SAMEA117989277	PRJEB88325	2017-06-28	Belgium	2025-04-10
PRJEB88325	ERR14837675	SAMEA117989279	PRJEB88325	2017-06-30	Belgium	2025-04-10
PRJEB88325	ERR14837680	SAMEA117989284	PRJEB88325	2017-07-24	Belgium	2025-04-10
PRJEB88325	ERR14837681	SAMEA117989285	PRJEB88325	2017-07-27	Belgium	2025-04-10
PRJEB88325	ERR14837682	SAMEA117989286	PRJEB88325	2017-07-25	Belgium	2025-04-10
PRJEB88325	ERR14837684	SAMEA117989288	PRJEB88325	2017-07-31	Belgium	2025-04-10
PRJEB88325	ERR14837687	SAMEA117989291	PRJEB88325	2017-08-03	Belgium	2025-04-10
PRJEB88325	ERR14837691	SAMEA117989295	PRJEB88325	2017-08-21	Belgium	2025-04-10
PRJEB88325	ERR14837692	SAMEA117989296	PRJEB88325	2017-08-23	Belgium	2025-04-10
PRJEB88325	ERR14837694	SAMEA117989298	PRJEB88325	2017-08-26	Belgium	2025-04-10
PRJEB88325	ERR14837698	SAMEA117989302	PRJEB88325	2017-08-28	Belgium	2025-04-10
PRJEB88325	ERR14837700	SAMEA117989304	PRJEB88325	2017-08-29	Belgium	2025-04-10
PRJEB88325	ERR14837702	SAMEA117989306	PRJEB88325	2017-09-05	Belgium	2025-04-10
PRJEB88325	ERR14837703	SAMEA117989307	PRJEB88325	2017-09-06	Belgium	2025-04-10
PRJEB88325	ERR14837704	SAMEA117989308	PRJEB88325	2017-09-06	Belgium	2025-04-10
PRJEB88325	ERR14837712	SAMEA117989316	PRJEB88325	2017-09-13	Belgium	2025-04-10
PRJEB88325	ERR14837713	SAMEA117989317	PRJEB88325	2017-09-20	Belgium	2025-04-10
PRJEB88325	ERR14837718	SAMEA117989322	PRJEB88325	2017-10-11	Belgium	2025-04-10
PRJEB88325	ERR14837720	SAMEA117989324	PRJEB88325	2017-10-30	Belgium	2025-04-10
PRJEB88325	ERR14837724	SAMEA117989328	PRJEB88325	2017-11-16	Belgium	2025-04-10
PRJEB88325	ERR14837726	SAMEA117989330	PRJEB88325	2017-12-04	Belgium	2025-04-10
PRJEB88325	ERR14837727	SAMEA117989331	PRJEB88325	2017-12-06	Belgium	2025-04-10
PRJEB88325	ERR14837728	SAMEA117989332	PRJEB88325	2017-12-12	Belgium	2025-04-10
PRJEB88325	ERR14837734	SAMEA117989338	PRJEB88325	2018-01-15	Belgium	2025-04-10
PRJEB88325	ERR14837740	SAMEA117989344	PRJEB88325	2018-02-07	Belgium	2025-04-10
PRJEB88325	ERR14837742	SAMEA117989346	PRJEB88325	2018-02-27	Belgium	2025-04-10
PRJEB88325	ERR14837743	SAMEA117989347	PRJEB88325	2018-03-04	Belgium	2025-04-10
PRJEB88325	ERR14837745	SAMEA117989349	PRJEB88325	2018-02-28	Belgium	2025-04-10
PRJEB88325	ERR14837747	SAMEA117989351	PRJEB88325	2018-03-13	Belgium	2025-04-10
PRJEB88325	ERR14837749	SAMEA117989353	PRJEB88325	2018-03-26	Belgium	2025-04-10
PRJEB88325	ERR14837751	SAMEA117989355	PRJEB88325	2018-03-24	Belgium	2025-04-10
PRJEB88325	ERR14837752	SAMEA117989356	PRJEB88325	2018-03-27	Belgium	2025-04-10
PRJEB88325	ERR14837753	SAMEA117989357	PRJEB88325	2018-03-27	Belgium	2025-04-10
PRJEB88325	ERR14837755	SAMEA117989359	PRJEB88325	2018-04-05	Belgium	2025-04-10
PRJEB88325	ERR14837757	SAMEA117989361	PRJEB88325	2018-04-16	Belgium	2025-04-10
PRJEB88325	ERR14837762	SAMEA117989366	PRJEB88325	2018-04-25	Belgium	2025-04-10
PRJEB88325	ERR14837763	SAMEA117989367	PRJEB88325	2018-04-26	Belgium	2025-04-10
PRJEB88325	ERR14837768	SAMEA117989372	PRJEB88325	2018-05-12	Belgium	2025-04-10
PRJEB88325	ERR14837769	SAMEA117989373	PRJEB88325	2018-05-11	Belgium	2025-04-10
PRJEB88325	ERR14837771	SAMEA117989375	PRJEB88325	2018-05-23	Belgium	2025-04-10
PRJEB88325	ERR14837776	SAMEA117989380	PRJEB88325	2018-06-05	Belgium	2025-04-10
PRJEB88325	ERR14837779	SAMEA117989383	PRJEB88325	2018-06-13	Belgium	2025-04-10
PRJEB88325	ERR14837784	SAMEA117989388	PRJEB88325	2018-06-25	Belgium	2025-04-10
PRJEB88325	ERR14837791	SAMEA117989395	PRJEB88325	2018-07-13	Belgium	2025-04-10
PRJEB88325	ERR14837795	SAMEA117989399	PRJEB88325	2018-08-01	Belgium	2025-04-10
PRJEB88325	ERR14837799	SAMEA117989403	PRJEB88325	2018-08-08	Belgium	2025-04-10
PRJEB88325	ERR14837801	SAMEA117989405	PRJEB88325	2018-08-08	Belgium	2025-04-10
PRJEB88325	ERR14837802	SAMEA117989406	PRJEB88325	2018-08-08	Belgium	2025-04-10
PRJEB88325	ERR14837807	SAMEA117989411	PRJEB88325	2018-08-25	Belgium	2025-04-10
PRJEB88325	ERR14837809	SAMEA117989413	PRJEB88325	2018-09-10	Belgium	2025-04-10
PRJEB88325	ERR14837810	SAMEA117989414	PRJEB88325	2018-09-07	Belgium	2025-04-10
PRJEB88325	ERR14837811	SAMEA117989415	PRJEB88325	2018-09-04	Belgium	2025-04-10
PRJEB88325	ERR14837816	SAMEA117989420	PRJEB88325	2018-09-13	Belgium	2025-04-10
PRJEB88325	ERR14837818	SAMEA117989422	PRJEB88325	2018-09-24	Belgium	2025-04-10
PRJEB88325	ERR14837820	SAMEA117989424	PRJEB88325	2018-10-04	Belgium	2025-04-10
PRJEB88325	ERR14837821	SAMEA117989425	PRJEB88325	2018-10-09	Belgium	2025-04-10
PRJEB88325	ERR14837822	SAMEA117989426	PRJEB88325	2018-10-20	Belgium	2025-04-10
PRJEB88325	ERR14837823	SAMEA117989427	PRJEB88325	2018-10-23	Belgium	2025-04-10
PRJEB88325	ERR14837824	SAMEA117989428	PRJEB88325	2018-11-05	Belgium	2025-04-10
PRJEB88325	ERR14837825	SAMEA117989429	PRJEB88325	2018-11-21	Belgium	2025-04-10
PRJEB88325	ERR14837827	SAMEA117989431	PRJEB88325	2018-11-19	Belgium	2025-04-10
PRJEB88325	ERR14837836	SAMEA117989440	PRJEB88325	2019-01-22	Belgium	2025-04-10
PRJEB88325	ERR14837838	SAMEA117989442	PRJEB88325	2019-01-25	Belgium	2025-04-10
PRJEB88325	ERR14837839	SAMEA117989443	PRJEB88325	2019-01-24	Belgium	2025-04-10
PRJEB88325	ERR14837841	SAMEA117989445	PRJEB88325	2019-02-02	Belgium	2025-04-10
PRJEB88325	ERR14837847	SAMEA117989451	PRJEB88325	2019-02-27	Belgium	2025-04-10
PRJEB88325	ERR14837849	SAMEA117989453	PRJEB88325	2019-03-08	Belgium	2025-04-10
PRJEB88325	ERR14837857	SAMEA117989461	PRJEB88325	2019-04-19	Belgium	2025-04-10
PRJEB88325	ERR14837858	SAMEA117989462	PRJEB88325	2019-04-21	Belgium	2025-04-10
PRJEB88325	ERR14837859	SAMEA117989463	PRJEB88325	2019-04-24	Belgium	2025-04-10
PRJEB88325	ERR14837860	SAMEA117989464	PRJEB88325	2019-04-24	Belgium	2025-04-10
PRJEB88325	ERR14837861	SAMEA117989465	PRJEB88325	2019-04-24	Belgium	2025-04-10
PRJEB88325	ERR14837862	SAMEA117989466	PRJEB88325	2019-04-25	Belgium	2025-04-10
PRJEB88325	ERR14837864	SAMEA117989468	PRJEB88325	2019-05-03	Belgium	2025-04-10
PRJEB88325	ERR14837865	SAMEA117989469	PRJEB88325	2019-05-14	Belgium	2025-04-10
PRJEB88325	ERR14837866	SAMEA117989470	PRJEB88325	2019-05-18	Belgium	2025-04-10
PRJEB88325	ERR14837872	SAMEA117989476	PRJEB88325	2019-07-03	Belgium	2025-04-10
PRJEB88325	ERR14837875	SAMEA117989479	PRJEB88325	2019-07-24	Belgium	2025-04-10
PRJEB88325	ERR14837877	SAMEA117989481	PRJEB88325	2019-07-31	Belgium	2025-04-10
PRJEB88325	ERR14837879	SAMEA117989483	PRJEB88325	2019-08-07	Belgium	2025-04-10
PRJEB88325	ERR14837890	SAMEA117989494	PRJEB88325	2019-08-25	Belgium	2025-04-10
PRJEB88325	ERR14837891	SAMEA117989495	PRJEB88325	2019-08-23	Belgium	2025-04-10
PRJEB88325	ERR14837892	SAMEA117989496	PRJEB88325	2019-08-29	Belgium	2025-04-10
PRJEB88325	ERR14837893	SAMEA117989497	PRJEB88325	2019-08-23	Belgium	2025-04-10
PRJEB88325	ERR14837894	SAMEA117989498	PRJEB88325	2019-09-04	Belgium	2025-04-10
PRJEB88325	ERR14837895	SAMEA117989499	PRJEB88325	2019-09-04	Belgium	2025-04-10
PRJEB88325	ERR14837898	SAMEA117989502	PRJEB88325	2019-09-16	Belgium	2025-04-10
PRJEB88325	ERR14837902	SAMEA117989506	PRJEB88325	2019-09-30	Belgium	2025-04-10
PRJEB88325	ERR14837904	SAMEA117989508	PRJEB88325	2019-10-07	Belgium	2025-04-10
PRJEB88325	ERR14837907	SAMEA117989511	PRJEB88325	2020-01-13	Belgium	2025-04-10
PRJEB88325	ERR14837908	SAMEA117989512	PRJEB88325	2020-01-15	Belgium	2025-04-10
PRJEB88325	ERR14837910	SAMEA117989514	PRJEB88325	2020-02-21	Belgium	2025-04-10
PRJEB88325	ERR14837911	SAMEA117989515	PRJEB88325	2020-03-05	Belgium	2025-04-10
PRJEB88325	ERR14837916	SAMEA117989520	PRJEB88325	2020-03-23	Belgium	2025-04-10
PRJEB88325	ERR14837917	SAMEA117989521	PRJEB88325	2020-04-07	Belgium	2025-04-10
PRJEB88325	ERR14837924	SAMEA117989528	PRJEB88325	2023-01-23	Belgium	2025-04-10
PRJEB88325	ERR14837947	SAMEA117989551	PRJEB88325	2023-07-20	Belgium	2025-04-10
PRJEB88325	ERR14837949	SAMEA117989553	PRJEB88325	2023-07-27	Belgium	2025-04-10
PRJEB88325	ERR14837953	SAMEA117989557	PRJEB88325	2023-08-07	Belgium	2025-04-10
PRJEB88325	ERR14837954	SAMEA117989558	PRJEB88325	2023-08-21	Belgium	2025-04-10
PRJEB88325	ERR14837955	SAMEA117989559	PRJEB88325	2023-08-22	Belgium	2025-04-10
PRJEB88325	ERR14837958	SAMEA117989562	PRJEB88325	2023-08-26	Belgium	2025-04-10
PRJEB88325	ERR14837959	SAMEA117989563	PRJEB88325	2023-08-26	Belgium	2025-04-10
PRJEB88325	ERR14837965	SAMEA117989569	PRJEB88325	2023-09-08	Belgium	2025-04-10
PRJEB88325	ERR14837967	SAMEA117989571	PRJEB88325	2023-09-14	Belgium	2025-04-10
PRJEB88325	ERR14837968	SAMEA117989572	PRJEB88325	2023-09-19	Belgium	2025-04-10
PRJEB88325	ERR14837973	SAMEA117989577	PRJEB88325	2023-10-05	Belgium	2025-04-10
PRJEB88325	ERR14837977	SAMEA117989581	PRJEB88325	2023-10-18	Belgium	2025-04-10
PRJEB88325	ERR14837981	SAMEA117989585	PRJEB88325	2023-10-30	Belgium	2025-04-10
PRJEB88325	ERR14837983	SAMEA117989587	PRJEB88325	2023-11-08	Belgium	2025-04-10
PRJEB88325	ERR14837984	SAMEA117989588	PRJEB88325	2023-11-13	Belgium	2025-04-10
PRJEB88325	ERR14837987	SAMEA117989591	PRJEB88325	2023-11-13	Belgium	2025-04-10
PRJEB88325	ERR14837988	SAMEA117989592	PRJEB88325	2023-11-16	Belgium	2025-04-10
PRJEB88325	ERR14837991	SAMEA117989595	PRJEB88325	2023-11-27	Belgium	2025-04-10
PRJEB88325	ERR14837993	SAMEA117989597	PRJEB88325	2023-11-26	Belgium	2025-04-10
PRJEB88325	ERR14837995	SAMEA117989599	PRJEB88325	2023-12-05	Belgium	2025-04-10
PRJEB88325	ERR14837996	SAMEA117989600	PRJEB88325	2023-12-07	Belgium	2025-04-10
PRJEB88325	ERR14837999	SAMEA117989603	PRJEB88325	2023-12-08	Belgium	2025-04-10
PRJEB88325	ERR14838002	SAMEA117989606	PRJEB88325	2023-12-15	Belgium	2025-04-10
PRJEB88325	ERR14838004	SAMEA117989608	PRJEB88325	2023-12-19	Belgium	2025-04-10
PRJEB88325	ERR14838005	SAMEA117989609	PRJEB88325	2023-12-18	Belgium	2025-04-10
PRJEB88325	ERR14838007	SAMEA117989611	PRJEB88325	2023-12-22	Belgium	2025-04-10
PRJEB88325	ERR14838008	SAMEA117989612	PRJEB88325	2023-12-20	Belgium	2025-04-10
PRJEB88325	ERR14838009	SAMEA117989613	PRJEB88325	2023-12-26	Belgium	2025-04-10
PRJEB88325	ERR14838010	SAMEA117989614	PRJEB88325	2023-12-31	Belgium	2025-04-10
PRJEB88325	ERR14838011	SAMEA117989615	PRJEB88325	2023-12-31	Belgium	2025-04-10
PRJEB88325	ERR14838013	SAMEA117989617	PRJEB88325	2023-12-31	Belgium	2025-04-10
PRJEB88325	ERR14838014	SAMEA117989618	PRJEB88325	2023-12-27	Belgium	2025-04-10
PRJNA1071282	SRR27795982	SAMN39683290	PRJNA1071282	2019	China: Shanghai	2024-09-29
PRJNA1071282	SRR27795985	SAMN39683287	PRJNA1071282	2019	China: Shanghai	2024-09-29
PRJNA1071282	SRR27795989	SAMN39683283	PRJNA1071282	2019	China: Shanghai	2024-09-29
PRJNA1071282	SRR27795990	SAMN39682896	PRJNA1071282	2017	China: Shanghai	2024-09-29
PRJNA1071282	SRR27795991	SAMN39683282	PRJNA1071282	2019	China: Shanghai	2024-09-29
PRJNA1071282	SRR27795992	SAMN39683281	PRJNA1071282	2019	China: Shanghai	2024-09-29
PRJNA1071282	SRR27795993	SAMN39683280	PRJNA1071282	2019	China: Shanghai	2024-09-29
PRJNA1071282	SRR27795996	SAMN39682889	PRJNA1071282	2017	China: Shanghai	2024-09-29
PRJNA1071282	SRR27796001	SAMN39683208	PRJNA1071282	2017	China: Shanghai	2024-09-29
PRJNA1071282	SRR27796002	SAMN39683207	PRJNA1071282	2017	China: Shanghai	2024-09-29
PRJNA1071282	SRR27796007	SAMN39682888	PRJNA1071282	2017	China: Shanghai	2024-09-29
PRJNA1071282	SRR27796008	SAMN39683202	PRJNA1071282	2017	China: Shanghai	2024-09-29
PRJNA1071282	SRR27796011	SAMN39683199	PRJNA1071282	2017	China: Shanghai	2024-09-29
PRJNA1071282	SRR27796013	SAMN39683197	PRJNA1071282	2017	China: Shanghai	2024-09-29
PRJNA1071282	SRR27796017	SAMN39683193	PRJNA1071282	2017	China: Shanghai	2024-09-29
PRJNA1071282	SRR27796019	SAMN39683192	PRJNA1071282	2017	China: Shanghai	2024-09-29
PRJNA1071282	SRR27796027	SAMN39683184	PRJNA1071282	2017	China: Shanghai	2024-09-29
PRJNA1071282	SRR27796037	SAMN39683046	PRJNA1071282	2019	China: Shanghai	2024-09-29
PRJNA1071282	SRR27796043	SAMN39683041	PRJNA1071282	2019	China: Shanghai	2024-09-29
PRJNA1071282	SRR27796055	SAMN39683030	PRJNA1071282	2019	China: Shanghai	2024-09-29
PRJNA1071282	SRR27796057	SAMN39683028	PRJNA1071282	2019	China: Shanghai	2024-09-29
PRJNA1071282	SRR27796058	SAMN39683027	PRJNA1071282	2019	China: Shanghai	2024-09-29
PRJNA1071282	SRR27796059	SAMN39683026	PRJNA1071282	2019	China: Shanghai	2024-09-29
PRJNA1071282	SRR27796063	SAMN39682870	PRJNA1071282	2017	China: Shanghai	2024-09-29
PRJNA1071282	SRR27796064	SAMN39683022	PRJNA1071282	2019	China: Shanghai	2024-09-29
PRJNA1071282	SRR27796068	SAMN39683115	PRJNA1071282	2018	China: Shanghai	2024-09-29
PRJNA1071282	SRR27796069	SAMN39683114	PRJNA1071282	2018	China: Shanghai	2024-09-29
PRJNA1071282	SRR27796070	SAMN39683113	PRJNA1071282	2018	China: Shanghai	2024-09-29
PRJNA1071282	SRR27796077	SAMN39683107	PRJNA1071282	2018	China: Shanghai	2024-09-29
PRJNA1071282	SRR27796078	SAMN39683106	PRJNA1071282	2018	China: Shanghai	2024-09-29
PRJNA1071282	SRR27796083	SAMN39683102	PRJNA1071282	2018	China: Shanghai	2024-09-29
PRJNA1071282	SRR27796089	SAMN39683096	PRJNA1071282	2017	China: Shanghai	2024-09-29
PRJNA1071282	SRR27796091	SAMN39683094	PRJNA1071282	2022	China: Shanghai	2024-09-29
PRJNA1071282	SRR27796093	SAMN39682877	PRJNA1071282	2017	China: Shanghai	2024-09-29
PRJNA1071282	SRR27796100	SAMN39683086	PRJNA1071282	2022	China: Shanghai	2024-09-29
PRJNA1071282	SRR27796102	SAMN39683084	PRJNA1071282	2022	China: Shanghai	2024-09-29
PRJNA1071282	SRR27796105	SAMN39682984	PRJNA1071282	2018	China: Shanghai	2024-09-29
PRJNA1071282	SRR27796106	SAMN39682983	PRJNA1071282	2018	China: Shanghai	2024-09-29
PRJNA1071282	SRR27796109	SAMN39682981	PRJNA1071282	2018	China: Shanghai	2024-09-29
PRJNA1071282	SRR27796110	SAMN39682980	PRJNA1071282	2018	China: Shanghai	2024-09-29
PRJNA1071282	SRR27796111	SAMN39682979	PRJNA1071282	2018	China: Shanghai	2024-09-29
PRJNA1071282	SRR27796116	SAMN39682974	PRJNA1071282	2018	China: Shanghai	2024-09-29
PRJNA1071282	SRR27796117	SAMN39682973	PRJNA1071282	2018	China: Shanghai	2024-09-29
PRJNA1071282	SRR27796121	SAMN39682970	PRJNA1071282	2018	China: Shanghai	2024-09-29
PRJNA1071282	SRR27796122	SAMN39682969	PRJNA1071282	2018	China: Shanghai	2024-09-29
PRJNA1071282	SRR27796126	SAMN39682965	PRJNA1071282	2018	China: Shanghai	2024-09-29
PRJNA1071282	SRR27796127	SAMN39682964	PRJNA1071282	2018	China: Shanghai	2024-09-29
PRJNA1071282	SRR27796137	SAMN39682955	PRJNA1071282	2018	China: Shanghai	2024-09-29
PRJNA1071282	SRR27796144	SAMN39683436	PRJNA1071282	2023	China: Shanghai	2024-09-29
PRJNA1071282	SRR27796145	SAMN39683435	PRJNA1071282	2023	China: Shanghai	2024-09-29
PRJNA1071282	SRR27796151	SAMN39683430	PRJNA1071282	2022	China: Shanghai	2024-09-29
PRJNA1071282	SRR27796152	SAMN39683429	PRJNA1071282	2022	China: Shanghai	2024-09-29
PRJNA1071282	SRR27796154	SAMN39683427	PRJNA1071282	2022	China: Shanghai	2024-09-29
PRJNA1071282	SRR27796157	SAMN39683424	PRJNA1071282	2022	China: Shanghai	2024-09-29
PRJNA1071282	SRR27796160	SAMN39683422	PRJNA1071282	2022	China: Shanghai	2024-09-29
PRJNA1071282	SRR27796161	SAMN39683421	PRJNA1071282	2022	China: Shanghai	2024-09-29
PRJNA1071282	SRR27796165	SAMN39683417	PRJNA1071282	2022	China: Shanghai	2024-09-29
PRJNA1071282	SRR27796166	SAMN39683416	PRJNA1071282	2022	China: Shanghai	2024-09-29
PRJNA1071282	SRR27796167	SAMN39683415	PRJNA1071282	2022	China: Shanghai	2024-09-29
PRJNA1071282	SRR27796169	SAMN39683413	PRJNA1071282	2022	China: Shanghai	2024-09-29
PRJNA1071282	SRR27796171	SAMN39683412	PRJNA1071282	2022	China: Shanghai	2024-09-29
PRJNA1071282	SRR27796174	SAMN39683409	PRJNA1071282	2022	China: Shanghai	2024-09-29
PRJNA1071282	SRR27796177	SAMN39683373	PRJNA1071282	2022	China: Shanghai	2024-09-29
PRJNA1071282	SRR27796178	SAMN39682905	PRJNA1071282	2017	China: Shanghai	2024-09-29
PRJNA1071282	SRR27796179	SAMN39683372	PRJNA1071282	2022	China: Shanghai	2024-09-29
PRJNA1071282	SRR27796182	SAMN39683369	PRJNA1071282	2022	China: Shanghai	2024-09-29
PRJNA1071282	SRR27796186	SAMN39683365	PRJNA1071282	2022	China: Shanghai	2024-09-29
PRJNA1071282	SRR27796190	SAMN39683362	PRJNA1071282	2022	China: Shanghai	2024-09-29
PRJNA1071282	SRR27796191	SAMN39683361	PRJNA1071282	2022	China: Shanghai	2024-09-29
PRJNA1071282	SRR27796193	SAMN39683359	PRJNA1071282	2022	China: Shanghai	2024-09-29
PRJNA1071282	SRR27796194	SAMN39683358	PRJNA1071282	2022	China: Shanghai	2024-09-29
PRJNA1071282	SRR27796195	SAMN39683357	PRJNA1071282	2022	China: Shanghai	2024-09-29
PRJNA1071282	SRR27796201	SAMN39682858	PRJNA1071282	2017	China: Shanghai	2024-09-29
PRJNA1071282	SRR27796209	SAMN39683345	PRJNA1071282	2018	China: Shanghai	2024-09-29
PRJNA1071282	SRR27796211	SAMN39683278	PRJNA1071282	2019	China: Shanghai	2024-09-29
PRJNA1071282	SRR27796212	SAMN39683277	PRJNA1071282	2019	China: Shanghai	2024-09-29
PRJNA1071282	SRR27796213	SAMN39683276	PRJNA1071282	2019	China: Shanghai	2024-09-29
PRJNA1071282	SRR27796214	SAMN39683275	PRJNA1071282	2019	China: Shanghai	2024-09-29
PRJNA1071282	SRR27796228	SAMN39682894	PRJNA1071282	2017	China: Shanghai	2024-09-29
PRJNA1071282	SRR27796230	SAMN39683261	PRJNA1071282	2018	China: Shanghai	2024-09-29
PRJNA1071282	SRR27796231	SAMN39683260	PRJNA1071282	2018	China: Shanghai	2024-09-29
PRJNA1071282	SRR27796236	SAMN39683255	PRJNA1071282	2018	China: Shanghai	2024-09-29
PRJNA1071282	SRR27796237	SAMN39683254	PRJNA1071282	2018	China: Shanghai	2024-09-29
PRJNA1071282	SRR27796238	SAMN39683253	PRJNA1071282	2018	China: Shanghai	2024-09-29
PRJNA1071282	SRR27796242	SAMN39683251	PRJNA1071282	2018	China: Shanghai	2024-09-29
PRJNA1071282	SRR27796243	SAMN39683250	PRJNA1071282	2018	China: Shanghai	2024-09-29
PRJNA1071282	SRR27796246	SAMN39683247	PRJNA1071282	2018	China: Shanghai	2024-09-29
PRJNA1071282	SRR27796247	SAMN39683181	PRJNA1071282	2017	China: Shanghai	2024-09-29
PRJNA1071282	SRR27796252	SAMN39683176	PRJNA1071282	2016	China: Shanghai	2024-09-29
PRJNA1071282	SRR27796253	SAMN39683175	PRJNA1071282	2016	China: Shanghai	2024-09-29
PRJNA1071282	SRR27796254	SAMN39683174	PRJNA1071282	2016	China: Shanghai	2024-09-29
PRJNA1071282	SRR27796256	SAMN39682885	PRJNA1071282	2017	China: Shanghai	2024-09-29
PRJNA1071282	SRR27796258	SAMN39683171	PRJNA1071282	2022	China: Shanghai	2024-09-29
PRJNA1071282	SRR27796261	SAMN39683168	PRJNA1071282	2021	China: Shanghai	2024-09-29
PRJNA1071282	SRR27796262	SAMN39683167	PRJNA1071282	2019	China: Shanghai	2024-09-29
PRJNA1071282	SRR27796263	SAMN39683166	PRJNA1071282	2018	China: Shanghai	2024-09-29
PRJNA1071282	SRR27796269	SAMN39683161	PRJNA1071282	2017	China: Shanghai	2024-09-29
PRJNA1071282	SRR27796270	SAMN39683160	PRJNA1071282	2017	China: Shanghai	2024-09-29
PRJNA1071282	SRR27796277	SAMN39683153	PRJNA1071282	2017	China: Shanghai	2024-09-29
PRJNA1071282	SRR27796278	SAMN39682883	PRJNA1071282	2017	China: Shanghai	2024-09-29
PRJNA1071282	SRR27796279	SAMN39682856	PRJNA1071282	2017	China: Shanghai	2024-09-29
PRJNA1071282	SRR27796289	SAMN39683013	PRJNA1071282	2019	China: Shanghai	2024-09-29
PRJNA1071282	SRR27796291	SAMN39683012	PRJNA1071282	2019	China: Shanghai	2024-09-29
PRJNA1071282	SRR27796294	SAMN39683009	PRJNA1071282	2019	China: Shanghai	2024-09-29
PRJNA1071282	SRR27796300	SAMN39683003	PRJNA1071282	2018	China: Shanghai	2024-09-29
PRJNA1071282	SRR27796302	SAMN39683002	PRJNA1071282	2018	China: Shanghai	2024-09-29
PRJNA1071282	SRR27796303	SAMN39683001	PRJNA1071282	2018	China: Shanghai	2024-09-29
PRJNA1071282	SRR27796305	SAMN39682999	PRJNA1071282	2018	China: Shanghai	2024-09-29
PRJNA1071282	SRR27796306	SAMN39682998	PRJNA1071282	2018	China: Shanghai	2024-09-29
PRJNA1071282	SRR27796307	SAMN39682997	PRJNA1071282	2018	China: Shanghai	2024-09-29
PRJNA1071282	SRR27796309	SAMN39682995	PRJNA1071282	2018	China: Shanghai	2024-09-29
PRJNA1071282	SRR27796310	SAMN39682994	PRJNA1071282	2018	China: Shanghai	2024-09-29
PRJNA1071282	SRR27796314	SAMN39682991	PRJNA1071282	2018	China: Shanghai	2024-09-29
PRJNA1071282	SRR27796315	SAMN39682990	PRJNA1071282	2018	China: Shanghai	2024-09-29
PRJNA1071282	SRR27796317	SAMN39682988	PRJNA1071282	2018	China: Shanghai	2024-09-29
PRJNA1071282	SRR27796321	SAMN39682854	PRJNA1071282	2016	China: Shanghai	2024-09-29
PRJNA1071282	SRR27796327	SAMN39683469	PRJNA1071282	2019	China: Shanghai	2024-09-29
PRJNA1071282	SRR27796332	SAMN39683464	PRJNA1071282	2018	China: Shanghai	2024-09-29
PRJNA1071282	SRR27796335	SAMN39683462	PRJNA1071282	2018	China: Shanghai	2024-09-29
PRJNA1071282	SRR27796339	SAMN39683458	PRJNA1071282	2017	China: Shanghai	2024-09-29
PRJNA1071282	SRR27796341	SAMN39683456	PRJNA1071282	2022	China: Shanghai	2024-09-29
PRJNA1071282	SRR27796343	SAMN39683454	PRJNA1071282	2022	China: Shanghai	2024-09-29
PRJNA1071282	SRR27796348	SAMN39683451	PRJNA1071282	2023	China: Shanghai	2024-09-29
PRJNA1071282	SRR27796350	SAMN39683449	PRJNA1071282	2023	China: Shanghai	2024-09-29
PRJNA1071282	SRR27796362	SAMN39682948	PRJNA1071282	2018	China: Shanghai	2024-09-29
PRJNA1071282	SRR27796367	SAMN39682943	PRJNA1071282	2018	China: Shanghai	2024-09-29
PRJNA1071282	SRR27796368	SAMN39682862	PRJNA1071282	2017	China: Shanghai	2024-09-29
PRJNA1071282	SRR27796371	SAMN39682940	PRJNA1071282	2018	China: Shanghai	2024-09-29
PRJNA1071282	SRR27796373	SAMN39682938	PRJNA1071282	2018	China: Shanghai	2024-09-29
PRJNA1071282	SRR27796375	SAMN39682936	PRJNA1071282	2018	China: Shanghai	2024-09-29
PRJNA1071282	SRR27796376	SAMN39682935	PRJNA1071282	2017	China: Shanghai	2024-09-29
PRJNA1071282	SRR27796377	SAMN39682934	PRJNA1071282	2017	China: Shanghai	2024-09-29
PRJNA1071282	SRR27796379	SAMN39682861	PRJNA1071282	2017	China: Shanghai	2024-09-29
PRJNA1071282	SRR27796383	SAMN39683406	PRJNA1071282	2022	China: Shanghai	2024-09-29
PRJNA1071282	SRR27796386	SAMN39683403	PRJNA1071282	2022	China: Shanghai	2024-09-29
PRJNA1071282	SRR27796392	SAMN39683398	PRJNA1071282	2022	China: Shanghai	2024-09-29
PRJNA1071282	SRR27796401	SAMN39683390	PRJNA1071282	2022	China: Shanghai	2024-09-29
PRJNA1071282	SRR27796406	SAMN39683385	PRJNA1071282	2022	China: Shanghai	2024-09-29
PRJNA1071282	SRR27796412	SAMN39683380	PRJNA1071282	2022	China: Shanghai	2024-09-29
PRJNA1071282	SRR27796413	SAMN39683379	PRJNA1071282	2022	China: Shanghai	2024-09-29
PRJNA1071282	SRR27796419	SAMN39683342	PRJNA1071282	2019	China: Shanghai	2024-09-29
PRJNA1071282	SRR27796420	SAMN39683341	PRJNA1071282	2018	China: Shanghai	2024-09-29
PRJNA1071282	SRR27796422	SAMN39683339	PRJNA1071282	2017	China: Shanghai	2024-09-29
PRJNA1071282	SRR27796423	SAMN39683338	PRJNA1071282	2023	China: Shanghai	2024-09-29
PRJNA1071282	SRR27796429	SAMN39682901	PRJNA1071282	2017	China: Shanghai	2024-09-29
PRJNA1071282	SRR27796433	SAMN39683329	PRJNA1071282	2019	China: Shanghai	2024-09-29
PRJNA1071282	SRR27796437	SAMN39683325	PRJNA1071282	2019	China: Shanghai	2024-09-29
PRJNA1071282	SRR27796448	SAMN39683315	PRJNA1071282	2018	China: Shanghai	2024-09-29
PRJNA1071282	SRR27796451	SAMN39682899	PRJNA1071282	2017	China: Shanghai	2024-09-29
PRJNA1071282	SRR27796452	SAMN39683312	PRJNA1071282	2018	China: Shanghai	2024-09-29
PRJNA1071282	SRR27796453	SAMN39683246	PRJNA1071282	2018	China: Shanghai	2024-09-29
PRJNA1071282	SRR27796456	SAMN39683243	PRJNA1071282	2018	China: Shanghai	2024-09-29
PRJNA1071282	SRR27796457	SAMN39682892	PRJNA1071282	2017	China: Shanghai	2024-09-29
PRJNA1071282	SRR27796459	SAMN39683241	PRJNA1071282	2018	China: Shanghai	2024-09-29
PRJNA1071282	SRR27796460	SAMN39683240	PRJNA1071282	2018	China: Shanghai	2024-09-29
PRJNA1071282	SRR27796462	SAMN39683238	PRJNA1071282	2018	China: Shanghai	2024-09-29
PRJNA1071282	SRR27796464	SAMN39683236	PRJNA1071282	2018	China: Shanghai	2024-09-29
PRJNA1071282	SRR27796465	SAMN39683235	PRJNA1071282	2018	China: Shanghai	2024-09-29
PRJNA1071282	SRR27796466	SAMN39683234	PRJNA1071282	2018	China: Shanghai	2024-09-29
PRJNA1071282	SRR27796469	SAMN39683232	PRJNA1071282	2018	China: Shanghai	2024-09-29
PRJNA1071282	SRR27796470	SAMN39683231	PRJNA1071282	2018	China: Shanghai	2024-09-29
PRJNA1071282	SRR27796471	SAMN39683230	PRJNA1071282	2018	China: Shanghai	2024-09-29
PRJNA1071282	SRR27796472	SAMN39683229	PRJNA1071282	2018	China: Shanghai	2024-09-29
PRJNA1071282	SRR27796474	SAMN39683227	PRJNA1071282	2018	China: Shanghai	2024-09-29
PRJNA1071282	SRR27796475	SAMN39683226	PRJNA1071282	2018	China: Shanghai	2024-09-29
PRJNA1071282	SRR27796481	SAMN39683221	PRJNA1071282	2018	China: Shanghai	2024-09-29
PRJNA1071282	SRR27796484	SAMN39683218	PRJNA1071282	2018	China: Shanghai	2024-09-29
PRJNA1071282	SRR27796485	SAMN39683217	PRJNA1071282	2018	China: Shanghai	2024-09-29
PRJNA1071282	SRR27796489	SAMN39683149	PRJNA1071282	2017	China: Shanghai	2024-09-29
PRJNA1071282	SRR27796497	SAMN39683142	PRJNA1071282	2019	China: Shanghai	2024-09-29
PRJNA1071282	SRR27796502	SAMN39683137	PRJNA1071282	2019	China: Shanghai	2024-09-29
PRJNA1071282	SRR27796505	SAMN39683134	PRJNA1071282	2019	China: Shanghai	2024-09-29
PRJNA1071282	SRR27796508	SAMN39683132	PRJNA1071282	2019	China: Shanghai	2024-09-29
PRJNA1071282	SRR27796509	SAMN39683131	PRJNA1071282	2019	China: Shanghai	2024-09-29
PRJNA1071282	SRR27796510	SAMN39683130	PRJNA1071282	2019	China: Shanghai	2024-09-29
PRJNA1071282	SRR27796511	SAMN39683129	PRJNA1071282	2019	China: Shanghai	2024-09-29
PRJNA1071282	SRR27796518	SAMN39682880	PRJNA1071282	2017	China: Shanghai	2024-09-29
PRJNA1071282	SRR27796524	SAMN39683117	PRJNA1071282	2018	China: Shanghai	2024-09-29
PRJNA1071282	SRR27796531	SAMN39683078	PRJNA1071282	2021	China: Shanghai	2024-09-29
PRJNA1071282	SRR27796533	SAMN39683076	PRJNA1071282	2021	China: Shanghai	2024-09-29
PRJNA1071282	SRR27796540	SAMN39683070	PRJNA1071282	2021	China: Shanghai	2024-09-29
PRJNA1071282	SRR27796542	SAMN39683068	PRJNA1071282	2019	China: Shanghai	2024-09-29
PRJNA1071282	SRR27796544	SAMN39683066	PRJNA1071282	2019	China: Shanghai	2024-09-29
PRJNA1071282	SRR27796546	SAMN39683064	PRJNA1071282	2019	China: Shanghai	2024-09-29
PRJNA1071282	SRR27796550	SAMN39683061	PRJNA1071282	2019	China: Shanghai	2024-09-29
PRJNA1071282	SRR27796556	SAMN39683055	PRJNA1071282	2019	China: Shanghai	2024-09-29
PRJNA1071282	SRR27796562	SAMN39682930	PRJNA1071282	2017	China: Shanghai	2024-09-29
PRJNA1071282	SRR27796566	SAMN39682926	PRJNA1071282	2017	China: Shanghai	2024-09-29
PRJNA1071282	SRR27796571	SAMN39682922	PRJNA1071282	2017	China: Shanghai	2024-09-29
PRJNA1071282	SRR27796574	SAMN39682919	PRJNA1071282	2017	China: Shanghai	2024-09-29
PRJNA1071282	SRR27796577	SAMN39683491	PRJNA1071282	2023	China: Guangdong, Shenzhen	2024-09-29
PRJNA1071282	SRR27796580	SAMN39683488	PRJNA1071282	2020	China: Beijing	2024-09-29
PRJNA1071282	SRR27796582	SAMN39683486	PRJNA1071282	2019	China: Beijing	2024-09-29
PRJNA1071282	SRR27796583	SAMN39683485	PRJNA1071282	2022	China: Beijing	2024-09-29
PRJNA1071282	SRR27796585	SAMN39683483	PRJNA1071282	2019	China: Beijing	2024-09-29
PRJNA1071282	SRR27796588	SAMN39683481	PRJNA1071282	2019	China: Beijing	2024-09-29
PRJNA1071282	SRR27796590	SAMN39683479	PRJNA1071282	2018	China: Shanghai	2024-09-29
PRJNA1071282	SRR27796592	SAMN39683477	PRJNA1071282	2019	China: Shanghai	2024-09-29
PRJNA1071282	SRR27796594	SAMN39683475	PRJNA1071282	2017	China: Shanghai	2024-09-29
PRJNA1071282	SRR27796596	SAMN39683473	PRJNA1071282	2019	China: Shanghai	2024-09-29
PRJNA1071282	SRR27796600	SAMN39683308	PRJNA1071282	2018	China: Shanghai	2024-09-29
PRJNA1071282	SRR27796605	SAMN39683303	PRJNA1071282	2022	China: Shanghai	2024-09-29
PRJNA1071282	SRR27796606	SAMN39682898	PRJNA1071282	2017	China: Shanghai	2024-09-29
PRJNA1071282	SRR27796608	SAMN39683301	PRJNA1071282	2022	China: Shanghai	2024-09-29
PRJNA1071282	SRR27796611	SAMN39683298	PRJNA1071282	2021	China: Shanghai	2024-09-29
PRJNA1071282	SRR27796612	SAMN39683297	PRJNA1071282	2021	China: Shanghai	2024-09-29
PRJNA1071282	SRR27796613	SAMN39683296	PRJNA1071282	2021	China: Shanghai	2024-09-29
PRJNA1071282	SRR27796614	SAMN39683295	PRJNA1071282	2020	China: Shanghai	2024-09-29
PRJNA1071282	SRR27796618	SAMN39683292	PRJNA1071282	2019	China: Shanghai	2024-09-29
PRJNA1071282	SRR28622160	SAMN40924165	PRJNA1071282	2024	China: Shanghai	2024-09-29
PRJNA1071282	SRR28622166	SAMN40924127	PRJNA1071282	2024	China: Shanghai	2024-09-29
PRJNA1071282	SRR28622168	SAMN40924125	PRJNA1071282	2024	China: Shanghai	2024-09-29
PRJNA1071282	SRR28622170	SAMN40924124	PRJNA1071282	2024	China: Shanghai	2024-09-29
PRJNA1071282	SRR28622176	SAMN40924118	PRJNA1071282	2024	China: Shanghai	2024-09-29
PRJNA1071282	SRR28622178	SAMN40924116	PRJNA1071282	2024	China: Shanghai	2024-09-29
PRJNA1071282	SRR28622179	SAMN40924115	PRJNA1071282	2024	China: Shanghai	2024-09-29
PRJNA1071282	SRR28622182	SAMN40924113	PRJNA1071282	2024	China: Shanghai	2024-09-29
PRJNA1071282	SRR28622183	SAMN40924112	PRJNA1071282	2024	China: Shanghai	2024-09-29
PRJNA1071282	SRR28622188	SAMN40924107	PRJNA1071282	2024	China: Shanghai	2024-09-29
PRJNA1071282	SRR28622191	SAMN40924087	PRJNA1071282	2024	China: Shanghai	2024-09-29
PRJNA1071282	SRR28622195	SAMN40924101	PRJNA1071282	2024	China: Shanghai	2024-09-29
PRJNA1071282	SRR28622196	SAMN40924100	PRJNA1071282	2024	China: Shanghai	2024-09-29
PRJNA1071282	SRR28622198	SAMN40924098	PRJNA1071282	2024	China: Shanghai	2024-09-29
PRJNA1071282	SRR28622201	SAMN40924161	PRJNA1071282	2024	China: Shanghai	2024-09-29
PRJNA1071282	SRR28622204	SAMN40924158	PRJNA1071282	2024	China: Shanghai	2024-09-29
PRJNA1071282	SRR28622208	SAMN40924092	PRJNA1071282	2024	China: Shanghai	2024-09-29
PRJNA1071282	SRR28622209	SAMN40924154	PRJNA1071282	2024	China: Shanghai	2024-09-29
PRJNA1071282	SRR28622210	SAMN40924153	PRJNA1071282	2024	China: Shanghai	2024-09-29
PRJNA1071282	SRR28622211	SAMN40924152	PRJNA1071282	2024	China: Shanghai	2024-09-29
PRJNA1071282	SRR28622217	SAMN40924146	PRJNA1071282	2023	China: Shanghai	2024-09-29
PRJNA1071282	SRR28622221	SAMN40924143	PRJNA1071282	2023	China: Shanghai	2024-09-29
PRJNA1071282	SRR28622224	SAMN40924140	PRJNA1071282	2023	China: Shanghai	2024-09-29
PRJNA1071282	SRR28622228	SAMN40924136	PRJNA1071282	2023	China: Shanghai	2024-09-29
PRJNA1071282	SRR28622232	SAMN40924133	PRJNA1071282	2024	China: Shanghai	2024-09-29
PRJNA1071282	SRR28622233	SAMN40924132	PRJNA1071282	2024	China: Shanghai	2024-09-29
PRJNA1071282	SRR28622235	SAMN40924130	PRJNA1071282	2024	China: Shanghai	2024-09-29
PRJNA1071282	SRR28622236	SAMN40924096	PRJNA1071282	2024	China: Shanghai	2024-09-29
PRJNA1071282	SRR28622237	SAMN40924095	PRJNA1071282	2024	China: Shanghai	2024-09-29
PRJNA1071282	SRR28622239	SAMN40924085	PRJNA1071282	2024	China: Shanghai	2024-09-29
PRJNA1071282	SRR29825612	SAMN39683178	PRJNA1071282	2016	China: Shanghai	2024-09-29
PRJNA1071282	SRR29825613	SAMN39683456	PRJNA1071282	2022	China: Shanghai	2024-09-29
PRJNA1071282	SRR29825616	SAMN39683458	PRJNA1071282	2017	China: Shanghai	2024-09-29
PRJNA1071282	SRR29825617	SAMN39683344	PRJNA1071282	2017	China: Shanghai	2024-09-29
PRJNA1071282	SRR29825618	SAMN39683478	PRJNA1071282	2017	China: Shanghai	2024-09-29
PRJNA1071282	SRR29908477	SAMN40924106	PRJNA1071282	2024	China: Shanghai	2024-09-04
PRJNA1071282	SRR28622157	SAMN40924168	PRJNA1071282	2024	China: Shanghai	2024-09-29
PRJNA1071282	SRR28622158	SAMN40924167	PRJNA1071282	2024	China: Shanghai	2024-09-29
PRJNA1071282	SRR28622162	SAMN40924164	PRJNA1071282	2024	China: Shanghai	2024-09-29
PRJNA1071282	SRR28622165	SAMN40924128	PRJNA1071282	2024	China: Shanghai	2024-09-29
PRJNA1071282	SRR28622172	SAMN40924122	PRJNA1071282	2024	China: Shanghai	2024-09-29
PRJNA1071282	SRR28622173	SAMN40924121	PRJNA1071282	2024	China: Shanghai	2024-09-29
PRJNA1071282	SRR28622174	SAMN40924120	PRJNA1071282	2024	China: Shanghai	2024-09-29
PRJNA1071282	SRR28622175	SAMN40924119	PRJNA1071282	2024	China: Shanghai	2024-09-29
PRJNA1071282	SRR28622180	SAMN40924088	PRJNA1071282	2024	China: Shanghai	2024-09-29
PRJNA1071282	SRR28622184	SAMN40924111	PRJNA1071282	2024	China: Shanghai	2024-09-29
PRJNA1071282	SRR28622189	SAMN40924106	PRJNA1071282	2024	China: Shanghai	2024-09-29
PRJNA1071282	SRR28622190	SAMN40924105	PRJNA1071282	2024	China: Shanghai	2024-09-29
PRJNA1071282	SRR28622197	SAMN40924099	PRJNA1071282	2024	China: Shanghai	2024-09-29
PRJNA1071282	SRR28622199	SAMN40924097	PRJNA1071282	2024	China: Shanghai	2024-09-29
PRJNA1071282	SRR28622200	SAMN40924162	PRJNA1071282	2024	China: Shanghai	2024-09-29
PRJNA1071282	SRR28622202	SAMN40924160	PRJNA1071282	2024	China: Shanghai	2024-09-29
PRJNA1071282	SRR28622203	SAMN40924159	PRJNA1071282	2024	China: Shanghai	2024-09-29
PRJNA1071282	SRR28622206	SAMN40924156	PRJNA1071282	2024	China: Shanghai	2024-09-29
PRJNA1071282	SRR28622207	SAMN40924155	PRJNA1071282	2024	China: Shanghai	2024-09-29
PRJNA1071282	SRR28622212	SAMN40924151	PRJNA1071282	2024	China: Shanghai	2024-09-29
PRJNA1071282	SRR28622215	SAMN40924148	PRJNA1071282	2023	China: Shanghai	2024-09-29
PRJNA1071282	SRR28622219	SAMN40924091	PRJNA1071282	2024	China: Shanghai	2024-09-29
PRJNA1071282	SRR28622222	SAMN40924142	PRJNA1071282	2023	China: Shanghai	2024-09-29
PRJNA1071282	SRR28622225	SAMN40924139	PRJNA1071282	2023	China: Shanghai	2024-09-29
PRJNA1071282	SRR28622226	SAMN40924138	PRJNA1071282	2023	China: Shanghai	2024-09-29
PRJNA1071282	SRR28622229	SAMN40924135	PRJNA1071282	2023	China: Shanghai	2024-09-29
PRJNA1071282	SRR28622238	SAMN40924086	PRJNA1071282	2024	China: Shanghai	2024-09-29
PRJNA1071282	SRR29825615	SAMN39683360	PRJNA1071282	2022	China: Shanghai	2024-09-29
PRJNA1071282	SRR29908478	SAMN40924089	PRJNA1071282	2024	China: Shanghai	2024-09-04
PRJNA1071282	SRR27795988	SAMN39683284	PRJNA1071282	2019	China: Shanghai	2024-09-29
PRJNA1071282	SRR27795994	SAMN39683279	PRJNA1071282	2019	China: Shanghai	2024-09-29
PRJNA1071282	SRR27795995	SAMN39683213	PRJNA1071282	2017	China: Shanghai	2024-09-29
PRJNA1071282	SRR27795998	SAMN39683211	PRJNA1071282	2017	China: Shanghai	2024-09-29
PRJNA1071282	SRR27795999	SAMN39683210	PRJNA1071282	2017	China: Shanghai	2024-09-29
PRJNA1071282	SRR27796003	SAMN39683206	PRJNA1071282	2017	China: Shanghai	2024-09-29
PRJNA1071282	SRR27796005	SAMN39683204	PRJNA1071282	2017	China: Shanghai	2024-09-29
PRJNA1071282	SRR27796006	SAMN39683203	PRJNA1071282	2017	China: Shanghai	2024-09-29
PRJNA1071282	SRR27796009	SAMN39683201	PRJNA1071282	2017	China: Shanghai	2024-09-29
PRJNA1071282	SRR27796012	SAMN39683198	PRJNA1071282	2017	China: Shanghai	2024-09-29
PRJNA1071282	SRR27796014	SAMN39683196	PRJNA1071282	2017	China: Shanghai	2024-09-29
PRJNA1071282	SRR27796016	SAMN39683194	PRJNA1071282	2017	China: Shanghai	2024-09-29
PRJNA1071282	SRR27796018	SAMN39682887	PRJNA1071282	2017	China: Shanghai	2024-09-29
PRJNA1071282	SRR27796022	SAMN39683189	PRJNA1071282	2017	China: Shanghai	2024-09-29
PRJNA1071282	SRR27796023	SAMN39683188	PRJNA1071282	2017	China: Shanghai	2024-09-29
PRJNA1071282	SRR27796024	SAMN39683187	PRJNA1071282	2017	China: Shanghai	2024-09-29
PRJNA1071282	SRR27796025	SAMN39683186	PRJNA1071282	2017	China: Shanghai	2024-09-29
PRJNA1071282	SRR27796026	SAMN39683185	PRJNA1071282	2017	China: Shanghai	2024-09-29
PRJNA1071282	SRR27796034	SAMN39683049	PRJNA1071282	2019	China: Shanghai	2024-09-29
PRJNA1071282	SRR27796035	SAMN39683048	PRJNA1071282	2019	China: Shanghai	2024-09-29
PRJNA1071282	SRR27796038	SAMN39683045	PRJNA1071282	2019	China: Shanghai	2024-09-29
PRJNA1071282	SRR27796039	SAMN39683044	PRJNA1071282	2019	China: Shanghai	2024-09-29
PRJNA1071282	SRR27796040	SAMN39683043	PRJNA1071282	2019	China: Shanghai	2024-09-29
PRJNA1071282	SRR27796041	SAMN39682872	PRJNA1071282	2017	China: Shanghai	2024-09-29
PRJNA1071282	SRR27796044	SAMN39683040	PRJNA1071282	2019	China: Shanghai	2024-09-29
PRJNA1071282	SRR27796045	SAMN39683039	PRJNA1071282	2019	China: Shanghai	2024-09-29
PRJNA1071282	SRR27796047	SAMN39683037	PRJNA1071282	2019	China: Shanghai	2024-09-29
PRJNA1071282	SRR27796048	SAMN39683036	PRJNA1071282	2019	China: Shanghai	2024-09-29
PRJNA1071282	SRR27796051	SAMN39683033	PRJNA1071282	2019	China: Shanghai	2024-09-29
PRJNA1071282	SRR27796054	SAMN39683031	PRJNA1071282	2019	China: Shanghai	2024-09-29
PRJNA1071282	SRR27796056	SAMN39683029	PRJNA1071282	2019	China: Shanghai	2024-09-29
PRJNA1071282	SRR27796060	SAMN39683025	PRJNA1071282	2019	China: Shanghai	2024-09-29
PRJNA1071282	SRR27796061	SAMN39683024	PRJNA1071282	2019	China: Shanghai	2024-09-29
PRJNA1071282	SRR27796066	SAMN39683020	PRJNA1071282	2019	China: Shanghai	2024-09-29
PRJNA1071282	SRR27796067	SAMN39683116	PRJNA1071282	2018	China: Shanghai	2024-09-29
PRJNA1071282	SRR27796072	SAMN39683112	PRJNA1071282	2018	China: Shanghai	2024-09-29
PRJNA1071282	SRR27796075	SAMN39683109	PRJNA1071282	2018	China: Shanghai	2024-09-29
PRJNA1071282	SRR27796080	SAMN39683104	PRJNA1071282	2017	China: Shanghai	2024-09-29
PRJNA1071282	SRR27796081	SAMN39683103	PRJNA1071282	2018	China: Shanghai	2024-09-29
PRJNA1071282	SRR27796082	SAMN39682878	PRJNA1071282	2017	China: Shanghai	2024-09-29
PRJNA1071282	SRR27796084	SAMN39683101	PRJNA1071282	2018	China: Shanghai	2024-09-29
PRJNA1071282	SRR27796086	SAMN39683099	PRJNA1071282	2018	China: Shanghai	2024-09-29
PRJNA1071282	SRR27796088	SAMN39683097	PRJNA1071282	2017	China: Shanghai	2024-09-29
PRJNA1071282	SRR27796090	SAMN39683095	PRJNA1071282	2022	China: Shanghai	2024-09-29
PRJNA1071282	SRR27796092	SAMN39683093	PRJNA1071282	2022	China: Shanghai	2024-09-29
PRJNA1071282	SRR27796095	SAMN39683091	PRJNA1071282	2022	China: Shanghai	2024-09-29
PRJNA1071282	SRR27796099	SAMN39683087	PRJNA1071282	2022	China: Shanghai	2024-09-29
PRJNA1071282	SRR27796101	SAMN39683085	PRJNA1071282	2022	China: Shanghai	2024-09-29
PRJNA1071282	SRR27796103	SAMN39682986	PRJNA1071282	2018	China: Shanghai	2024-09-29
PRJNA1071282	SRR27796104	SAMN39682985	PRJNA1071282	2018	China: Shanghai	2024-09-29
PRJNA1071282	SRR27796112	SAMN39682978	PRJNA1071282	2018	China: Shanghai	2024-09-29
PRJNA1071282	SRR27796118	SAMN39682865	PRJNA1071282	2017	China: Shanghai	2024-09-29
PRJNA1071282	SRR27796119	SAMN39682972	PRJNA1071282	2018	China: Shanghai	2024-09-29
PRJNA1071282	SRR27796123	SAMN39682968	PRJNA1071282	2018	China: Shanghai	2024-09-29
PRJNA1071282	SRR27796128	SAMN39682963	PRJNA1071282	2018	China: Shanghai	2024-09-29
PRJNA1071282	SRR27796129	SAMN39682864	PRJNA1071282	2017	China: Shanghai	2024-09-29
PRJNA1071282	SRR27796130	SAMN39682962	PRJNA1071282	2018	China: Shanghai	2024-09-29
PRJNA1071282	SRR27796133	SAMN39682959	PRJNA1071282	2018	China: Shanghai	2024-09-29
PRJNA1071282	SRR27796134	SAMN39682958	PRJNA1071282	2018	China: Shanghai	2024-09-29
PRJNA1071282	SRR27796141	SAMN39683439	PRJNA1071282	2023	China: Shanghai	2024-09-29
PRJNA1071282	SRR27796142	SAMN39683438	PRJNA1071282	2023	China: Shanghai	2024-09-29
PRJNA1071282	SRR27796147	SAMN39683433	PRJNA1071282	2022	China: Shanghai	2024-09-29
PRJNA1071282	SRR27796148	SAMN39682911	PRJNA1071282	2017	China: Shanghai	2024-09-29
PRJNA1071282	SRR27796153	SAMN39683428	PRJNA1071282	2022	China: Shanghai	2024-09-29
PRJNA1071282	SRR27796155	SAMN39683426	PRJNA1071282	2022	China: Shanghai	2024-09-29
PRJNA1071282	SRR27796158	SAMN39683423	PRJNA1071282	2022	China: Shanghai	2024-09-29
PRJNA1071282	SRR27796162	SAMN39683420	PRJNA1071282	2022	China: Shanghai	2024-09-29
PRJNA1071282	SRR27796163	SAMN39683419	PRJNA1071282	2022	China: Shanghai	2024-09-29
PRJNA1071282	SRR27796168	SAMN39683414	PRJNA1071282	2022	China: Shanghai	2024-09-29
PRJNA1071282	SRR27796170	SAMN39682909	PRJNA1071282	2017	China: Shanghai	2024-09-29
PRJNA1071282	SRR27796172	SAMN39683411	PRJNA1071282	2022	China: Shanghai	2024-09-29
PRJNA1071282	SRR27796175	SAMN39683375	PRJNA1071282	2022	China: Shanghai	2024-09-29
PRJNA1071282	SRR27796180	SAMN39683371	PRJNA1071282	2022	China: Shanghai	2024-09-29
PRJNA1071282	SRR27796184	SAMN39683367	PRJNA1071282	2022	China: Shanghai	2024-09-29
PRJNA1071282	SRR27796185	SAMN39683366	PRJNA1071282	2022	China: Shanghai	2024-09-29
PRJNA1071282	SRR27796187	SAMN39683364	PRJNA1071282	2022	China: Shanghai	2024-09-29
PRJNA1071282	SRR27796189	SAMN39682904	PRJNA1071282	2017	China: Shanghai	2024-09-29
PRJNA1071282	SRR27796192	SAMN39683360	PRJNA1071282	2022	China: Shanghai	2024-09-29
PRJNA1071282	SRR27796196	SAMN39683356	PRJNA1071282	2021	China: Shanghai	2024-09-29
PRJNA1071282	SRR27796202	SAMN39683352	PRJNA1071282	2021	China: Shanghai	2024-09-29
PRJNA1071282	SRR27796203	SAMN39683351	PRJNA1071282	2021	China: Shanghai	2024-09-29
PRJNA1071282	SRR27796204	SAMN39683350	PRJNA1071282	2021	China: Shanghai	2024-09-29
PRJNA1071282	SRR27796205	SAMN39683349	PRJNA1071282	2021	China: Shanghai	2024-09-29
PRJNA1071282	SRR27796206	SAMN39683348	PRJNA1071282	2021	China: Shanghai	2024-09-29
PRJNA1071282	SRR27796215	SAMN39683274	PRJNA1071282	2019	China: Shanghai	2024-09-29
PRJNA1071282	SRR27796220	SAMN39683270	PRJNA1071282	2019	China: Shanghai	2024-09-29
PRJNA1071282	SRR27796222	SAMN39683268	PRJNA1071282	2019	China: Shanghai	2024-09-29
PRJNA1071282	SRR27796223	SAMN39683267	PRJNA1071282	2018	China: Shanghai	2024-09-29
PRJNA1071282	SRR27796224	SAMN39683266	PRJNA1071282	2018	China: Shanghai	2024-09-29
PRJNA1071282	SRR27796225	SAMN39683265	PRJNA1071282	2018	China: Shanghai	2024-09-29
PRJNA1071282	SRR27796227	SAMN39683263	PRJNA1071282	2018	China: Shanghai	2024-09-29
PRJNA1071282	SRR27796232	SAMN39683259	PRJNA1071282	2018	China: Shanghai	2024-09-29
PRJNA1071282	SRR27796233	SAMN39683258	PRJNA1071282	2018	China: Shanghai	2024-09-29
PRJNA1071282	SRR27796234	SAMN39683257	PRJNA1071282	2018	China: Shanghai	2024-09-29
PRJNA1071282	SRR27796235	SAMN39683256	PRJNA1071282	2018	China: Shanghai	2024-09-29
PRJNA1071282	SRR27796239	SAMN39682893	PRJNA1071282	2017	China: Shanghai	2024-09-29
PRJNA1071282	SRR27796245	SAMN39683248	PRJNA1071282	2018	China: Shanghai	2024-09-29
PRJNA1071282	SRR27796255	SAMN39683173	PRJNA1071282	2017	China: Shanghai	2024-09-29
PRJNA1071282	SRR27796257	SAMN39683172	PRJNA1071282	2017	China: Shanghai	2024-09-29
PRJNA1071282	SRR27796264	SAMN39683165	PRJNA1071282	2018	China: Shanghai	2024-09-29
PRJNA1071282	SRR27796265	SAMN39683164	PRJNA1071282	2018	China: Shanghai	2024-09-29
PRJNA1071282	SRR27796268	SAMN39683162	PRJNA1071282	2017	China: Shanghai	2024-09-29
PRJNA1071282	SRR27796271	SAMN39683159	PRJNA1071282	2017	China: Shanghai	2024-09-29
PRJNA1071282	SRR27796272	SAMN39683158	PRJNA1071282	2017	China: Shanghai	2024-09-29
PRJNA1071282	SRR27796273	SAMN39683157	PRJNA1071282	2017	China: Shanghai	2024-09-29
PRJNA1071282	SRR27796274	SAMN39683156	PRJNA1071282	2017	China: Shanghai	2024-09-29
PRJNA1071282	SRR27796275	SAMN39683155	PRJNA1071282	2017	China: Shanghai	2024-09-29
PRJNA1071282	SRR27796276	SAMN39683154	PRJNA1071282	2023	China: Shanghai	2024-09-29
PRJNA1071282	SRR27796282	SAMN39683150	PRJNA1071282	2017	China: Shanghai	2024-09-29
PRJNA1071282	SRR27796284	SAMN39683018	PRJNA1071282	2019	China: Shanghai	2024-09-29
PRJNA1071282	SRR27796285	SAMN39683017	PRJNA1071282	2019	China: Shanghai	2024-09-29
PRJNA1071282	SRR27796286	SAMN39683016	PRJNA1071282	2019	China: Shanghai	2024-09-29
PRJNA1071282	SRR27796290	SAMN39682869	PRJNA1071282	2017	China: Shanghai	2024-09-29
PRJNA1071282	SRR27796296	SAMN39683007	PRJNA1071282	2019	China: Shanghai	2024-09-29
PRJNA1071282	SRR27796297	SAMN39683006	PRJNA1071282	2018	China: Shanghai	2024-09-29
PRJNA1071282	SRR27796299	SAMN39683004	PRJNA1071282	2018	China: Shanghai	2024-09-29
PRJNA1071282	SRR27796301	SAMN39682868	PRJNA1071282	2017	China: Shanghai	2024-09-29
PRJNA1071282	SRR27796308	SAMN39682996	PRJNA1071282	2018	China: Shanghai	2024-09-29
PRJNA1071282	SRR27796311	SAMN39682993	PRJNA1071282	2018	China: Shanghai	2024-09-29
PRJNA1071282	SRR27796318	SAMN39682987	PRJNA1071282	2018	China: Shanghai	2024-09-29
PRJNA1071282	SRR27796323	SAMN39682915	PRJNA1071282	2017	China: Shanghai	2024-09-29
PRJNA1071282	SRR27796329	SAMN39683467	PRJNA1071282	2018	China: Shanghai	2024-09-29
PRJNA1071282	SRR27796330	SAMN39683466	PRJNA1071282	2018	China: Shanghai	2024-09-29
PRJNA1071282	SRR27796334	SAMN39682914	PRJNA1071282	2017	China: Shanghai	2024-09-29
PRJNA1071282	SRR27796336	SAMN39683461	PRJNA1071282	2017	China: Shanghai	2024-09-29
PRJNA1071282	SRR27796337	SAMN39683460	PRJNA1071282	2017	China: Shanghai	2024-09-29
PRJNA1071282	SRR27796338	SAMN39683459	PRJNA1071282	2017	China: Shanghai	2024-09-29
PRJNA1071282	SRR27796345	SAMN39682913	PRJNA1071282	2017	China: Shanghai	2024-09-29
PRJNA1071282	SRR27796346	SAMN39682859	PRJNA1071282	2017	China: Shanghai	2024-09-29
PRJNA1071282	SRR27796349	SAMN39683450	PRJNA1071282	2023	China: Shanghai	2024-09-29
PRJNA1071282	SRR27796352	SAMN39683447	PRJNA1071282	2023	China: Shanghai	2024-09-29
PRJNA1071282	SRR27796356	SAMN39683443	PRJNA1071282	2023	China: Shanghai	2024-09-29
PRJNA1071282	SRR27796357	SAMN39682912	PRJNA1071282	2017	China: Shanghai	2024-09-29
PRJNA1071282	SRR27796358	SAMN39682952	PRJNA1071282	2018	China: Shanghai	2024-09-29
PRJNA1071282	SRR27796360	SAMN39682950	PRJNA1071282	2018	China: Shanghai	2024-09-29
PRJNA1071282	SRR27796364	SAMN39682946	PRJNA1071282	2018	China: Shanghai	2024-09-29
PRJNA1071282	SRR27796365	SAMN39682945	PRJNA1071282	2018	China: Shanghai	2024-09-29
PRJNA1071282	SRR27796369	SAMN39682942	PRJNA1071282	2018	China: Shanghai	2024-09-29
PRJNA1071282	SRR27796382	SAMN39683407	PRJNA1071282	2022	China: Shanghai	2024-09-29
PRJNA1071282	SRR27796387	SAMN39682908	PRJNA1071282	2017	China: Shanghai	2024-09-29
PRJNA1071282	SRR27796390	SAMN39683400	PRJNA1071282	2022	China: Shanghai	2024-09-29
PRJNA1071282	SRR27796391	SAMN39683399	PRJNA1071282	2022	China: Shanghai	2024-09-29
PRJNA1071282	SRR27796394	SAMN39683396	PRJNA1071282	2022	China: Shanghai	2024-09-29
PRJNA1071282	SRR27796397	SAMN39683393	PRJNA1071282	2022	China: Shanghai	2024-09-29
PRJNA1071282	SRR27796399	SAMN39683392	PRJNA1071282	2022	China: Shanghai	2024-09-29
PRJNA1071282	SRR27796405	SAMN39683386	PRJNA1071282	2022	China: Shanghai	2024-09-29
PRJNA1071282	SRR27796407	SAMN39683384	PRJNA1071282	2022	China: Shanghai	2024-09-29
PRJNA1071282	SRR27796408	SAMN39683383	PRJNA1071282	2022	China: Shanghai	2024-09-29
PRJNA1071282	SRR27796409	SAMN39682906	PRJNA1071282	2017	China: Shanghai	2024-09-29
PRJNA1071282	SRR27796410	SAMN39683382	PRJNA1071282	2022	China: Shanghai	2024-09-29
PRJNA1071282	SRR27796411	SAMN39683381	PRJNA1071282	2022	China: Shanghai	2024-09-29
PRJNA1071282	SRR27796416	SAMN39683376	PRJNA1071282	2022	China: Shanghai	2024-09-29
PRJNA1071282	SRR27796417	SAMN39683343	PRJNA1071282	2022	China: Shanghai	2024-09-29
PRJNA1071282	SRR27796421	SAMN39683340	PRJNA1071282	2018	China: Shanghai	2024-09-29
PRJNA1071282	SRR27796424	SAMN39683337	PRJNA1071282	2019	China: Shanghai	2024-09-29
PRJNA1071282	SRR27796426	SAMN39683335	PRJNA1071282	2019	China: Shanghai	2024-09-29
PRJNA1071282	SRR27796427	SAMN39683334	PRJNA1071282	2019	China: Shanghai	2024-09-29
PRJNA1071282	SRR27796428	SAMN39683333	PRJNA1071282	2019	China: Shanghai	2024-09-29
PRJNA1071282	SRR27796430	SAMN39683332	PRJNA1071282	2019	China: Shanghai	2024-09-29
PRJNA1071282	SRR27796435	SAMN39683327	PRJNA1071282	2019	China: Shanghai	2024-09-29
PRJNA1071282	SRR27796438	SAMN39683324	PRJNA1071282	2019	China: Shanghai	2024-09-29
PRJNA1071282	SRR27796442	SAMN39683321	PRJNA1071282	2018	China: Shanghai	2024-09-29
PRJNA1071282	SRR27796443	SAMN39683320	PRJNA1071282	2018	China: Shanghai	2024-09-29
PRJNA1071282	SRR27796444	SAMN39683319	PRJNA1071282	2018	China: Shanghai	2024-09-29
PRJNA1071282	SRR27796445	SAMN39683318	PRJNA1071282	2018	China: Shanghai	2024-09-29
PRJNA1071282	SRR27796447	SAMN39683316	PRJNA1071282	2018	China: Shanghai	2024-09-29
PRJNA1071282	SRR27796454	SAMN39683245	PRJNA1071282	2018	China: Shanghai	2024-09-29
PRJNA1071282	SRR27796455	SAMN39683244	PRJNA1071282	2018	China: Shanghai	2024-09-29
PRJNA1071282	SRR27796461	SAMN39683239	PRJNA1071282	2018	China: Shanghai	2024-09-29
PRJNA1071282	SRR27796467	SAMN39683233	PRJNA1071282	2018	China: Shanghai	2024-09-29
PRJNA1071282	SRR27796468	SAMN39682891	PRJNA1071282	2017	China: Shanghai	2024-09-29
PRJNA1071282	SRR27796477	SAMN39683224	PRJNA1071282	2018	China: Shanghai	2024-09-29
PRJNA1071282	SRR27796480	SAMN39683222	PRJNA1071282	2018	China: Shanghai	2024-09-29
PRJNA1071282	SRR27796483	SAMN39683219	PRJNA1071282	2018	China: Shanghai	2024-09-29
PRJNA1071282	SRR27796487	SAMN39683215	PRJNA1071282	2017	China: Shanghai	2024-09-29
PRJNA1071282	SRR27796494	SAMN39683144	PRJNA1071282	2019	China: Shanghai	2024-09-29
PRJNA1071282	SRR27796495	SAMN39683143	PRJNA1071282	2019	China: Shanghai	2024-09-29
PRJNA1071282	SRR27796500	SAMN39683139	PRJNA1071282	2019	China: Shanghai	2024-09-29
PRJNA1071282	SRR27796501	SAMN39683138	PRJNA1071282	2019	China: Shanghai	2024-09-29
PRJNA1071282	SRR27796504	SAMN39683135	PRJNA1071282	2019	China: Shanghai	2024-09-29
PRJNA1071282	SRR27796506	SAMN39683133	PRJNA1071282	2019	China: Shanghai	2024-09-29
PRJNA1071282	SRR27796512	SAMN39683128	PRJNA1071282	2019	China: Shanghai	2024-09-29
PRJNA1071282	SRR27796513	SAMN39683127	PRJNA1071282	2019	China: Shanghai	2024-09-29
PRJNA1071282	SRR27796514	SAMN39683126	PRJNA1071282	2019	China: Shanghai	2024-09-29
PRJNA1071282	SRR27796515	SAMN39683125	PRJNA1071282	2019	China: Shanghai	2024-09-29
PRJNA1071282	SRR27796517	SAMN39683123	PRJNA1071282	2019	China: Shanghai	2024-09-29
PRJNA1071282	SRR27796528	SAMN39683081	PRJNA1071282	2022	China: Shanghai	2024-09-29
PRJNA1071282	SRR27796529	SAMN39683080	PRJNA1071282	2022	China: Shanghai	2024-09-29
PRJNA1071282	SRR27796530	SAMN39683079	PRJNA1071282	2022	China: Shanghai	2024-09-29
PRJNA1071282	SRR27796532	SAMN39683077	PRJNA1071282	2021	China: Shanghai	2024-09-29
PRJNA1071282	SRR27796534	SAMN39683075	PRJNA1071282	2021	China: Shanghai	2024-09-29
PRJNA1071282	SRR27796535	SAMN39683074	PRJNA1071282	2021	China: Shanghai	2024-09-29
PRJNA1071282	SRR27796537	SAMN39682875	PRJNA1071282	2017	China: Shanghai	2024-09-29
PRJNA1071282	SRR27796538	SAMN39683072	PRJNA1071282	2021	China: Shanghai	2024-09-29
PRJNA1071282	SRR27796539	SAMN39683071	PRJNA1071282	2021	China: Shanghai	2024-09-29
PRJNA1071282	SRR27796552	SAMN39683059	PRJNA1071282	2019	China: Shanghai	2024-09-29
PRJNA1071282	SRR27796557	SAMN39683054	PRJNA1071282	2019	China: Shanghai	2024-09-29
PRJNA1071282	SRR27796558	SAMN39683053	PRJNA1071282	2019	China: Shanghai	2024-09-29
PRJNA1071282	SRR27796560	SAMN39682855	PRJNA1071282	2016	China: Shanghai	2024-09-29
PRJNA1071282	SRR27796561	SAMN39682931	PRJNA1071282	2017	China: Shanghai	2024-09-29
PRJNA1071282	SRR27796563	SAMN39682929	PRJNA1071282	2017	China: Shanghai	2024-09-29
PRJNA1071282	SRR27796565	SAMN39682927	PRJNA1071282	2017	China: Shanghai	2024-09-29
PRJNA1071282	SRR27796567	SAMN39682925	PRJNA1071282	2017	China: Shanghai	2024-09-29
PRJNA1071282	SRR27796569	SAMN39682923	PRJNA1071282	2017	China: Shanghai	2024-09-29
PRJNA1071282	SRR27796573	SAMN39682920	PRJNA1071282	2017	China: Shanghai	2024-09-29
PRJNA1071282	SRR27796575	SAMN39682918	PRJNA1071282	2017	China: Shanghai	2024-09-29
PRJNA1071282	SRR27796576	SAMN39682917	PRJNA1071282	2017	China: Shanghai	2024-09-29
PRJNA1071282	SRR27796578	SAMN39683490	PRJNA1071282	2023	China: Guangdong, Shenzhen	2024-09-29
PRJNA1071282	SRR27796579	SAMN39683489	PRJNA1071282	2023	China: Guangdong, Shenzhen	2024-09-29
PRJNA1071282	SRR27796581	SAMN39683487	PRJNA1071282	2019	China: Beijing	2024-09-29
PRJNA1071282	SRR27796589	SAMN39683480	PRJNA1071282	2019	China: Shanghai	2024-09-29
PRJNA1071282	SRR27796591	SAMN39683478	PRJNA1071282	2017	China: Shanghai	2024-09-29
PRJNA1071282	SRR27796593	SAMN39683476	PRJNA1071282	2019	China: Shanghai	2024-09-29
PRJNA1071282	SRR27796598	SAMN39683310	PRJNA1071282	2018	China: Shanghai	2024-09-29
PRJNA1071282	SRR27796599	SAMN39683309	PRJNA1071282	2018	China: Shanghai	2024-09-29
PRJNA1071282	SRR27796602	SAMN39683306	PRJNA1071282	2022	China: Shanghai	2024-09-29
PRJNA1071282	SRR27796604	SAMN39683304	PRJNA1071282	2022	China: Shanghai	2024-09-29
PRJNA1071282	SRR27796607	SAMN39683302	PRJNA1071282	2022	China: Shanghai	2024-09-29
PRJNA1071282	SRR27796615	SAMN39683294	PRJNA1071282	2019	China: Shanghai	2024-09-29
PRJNA1071282	SRR27796616	SAMN39683293	PRJNA1071282	2019	China: Shanghai	2024-09-29
PRJNA1071282	SRR27796617	SAMN39682897	PRJNA1071282	2017	China: Shanghai	2024-09-29
PRJNA1071282	SRR27795980	SAMN39683291	PRJNA1071282	2019	China: Shanghai	2024-09-29
PRJNA1071282	SRR27795981	SAMN39683442	PRJNA1071282	2023	China: Shanghai	2024-09-29
PRJNA1071282	SRR27795983	SAMN39683289	PRJNA1071282	2019	China: Shanghai	2024-09-29
PRJNA1071282	SRR27795984	SAMN39683288	PRJNA1071282	2019	China: Shanghai	2024-09-29
PRJNA1071282	SRR27795986	SAMN39683286	PRJNA1071282	2019	China: Shanghai	2024-09-29
PRJNA1071282	SRR27795987	SAMN39683285	PRJNA1071282	2019	China: Shanghai	2024-09-29
PRJNA1071282	SRR27795997	SAMN39683212	PRJNA1071282	2017	China: Shanghai	2024-09-29
PRJNA1071282	SRR27796000	SAMN39683209	PRJNA1071282	2017	China: Shanghai	2024-09-29
PRJNA1071282	SRR27796004	SAMN39683205	PRJNA1071282	2017	China: Shanghai	2024-09-29
PRJNA1071282	SRR27796010	SAMN39683200	PRJNA1071282	2017	China: Shanghai	2024-09-29
PRJNA1071282	SRR27796015	SAMN39683195	PRJNA1071282	2017	China: Shanghai	2024-09-29
PRJNA1071282	SRR27796020	SAMN39683191	PRJNA1071282	2017	China: Shanghai	2024-09-29
PRJNA1071282	SRR27796021	SAMN39683190	PRJNA1071282	2017	China: Shanghai	2024-09-29
PRJNA1071282	SRR27796028	SAMN39683183	PRJNA1071282	2017	China: Shanghai	2024-09-29
PRJNA1071282	SRR27796029	SAMN39682886	PRJNA1071282	2017	China: Shanghai	2024-09-29
PRJNA1071282	SRR27796030	SAMN39683182	PRJNA1071282	2017	China: Shanghai	2024-09-29
PRJNA1071282	SRR27796031	SAMN39683052	PRJNA1071282	2019	China: Shanghai	2024-09-29
PRJNA1071282	SRR27796032	SAMN39683051	PRJNA1071282	2019	China: Shanghai	2024-09-29
PRJNA1071282	SRR27796033	SAMN39683050	PRJNA1071282	2019	China: Shanghai	2024-09-29
PRJNA1071282	SRR27796036	SAMN39683047	PRJNA1071282	2019	China: Shanghai	2024-09-29
PRJNA1071282	SRR27796042	SAMN39683042	PRJNA1071282	2019	China: Shanghai	2024-09-29
PRJNA1071282	SRR27796046	SAMN39683038	PRJNA1071282	2019	China: Shanghai	2024-09-29
PRJNA1071282	SRR27796049	SAMN39683035	PRJNA1071282	2019	China: Shanghai	2024-09-29
PRJNA1071282	SRR27796050	SAMN39683034	PRJNA1071282	2019	China: Shanghai	2024-09-29
PRJNA1071282	SRR27796052	SAMN39682871	PRJNA1071282	2017	China: Shanghai	2024-09-29
PRJNA1071282	SRR27796053	SAMN39683032	PRJNA1071282	2019	China: Shanghai	2024-09-29
PRJNA1071282	SRR27796062	SAMN39683023	PRJNA1071282	2019	China: Shanghai	2024-09-29
PRJNA1071282	SRR27796065	SAMN39683021	PRJNA1071282	2019	China: Shanghai	2024-09-29
PRJNA1071282	SRR27796071	SAMN39682879	PRJNA1071282	2017	China: Shanghai	2024-09-29
PRJNA1071282	SRR27796073	SAMN39683111	PRJNA1071282	2018	China: Shanghai	2024-09-29
PRJNA1071282	SRR27796074	SAMN39683110	PRJNA1071282	2018	China: Shanghai	2024-09-29
PRJNA1071282	SRR27796076	SAMN39683108	PRJNA1071282	2017	China: Shanghai	2024-09-29
PRJNA1071282	SRR27796079	SAMN39683105	PRJNA1071282	2017	China: Shanghai	2024-09-29
PRJNA1071282	SRR27796085	SAMN39683100	PRJNA1071282	2018	China: Shanghai	2024-09-29
PRJNA1071282	SRR27796087	SAMN39683098	PRJNA1071282	2017	China: Shanghai	2024-09-29
PRJNA1071282	SRR27796094	SAMN39683092	PRJNA1071282	2022	China: Shanghai	2024-09-29
PRJNA1071282	SRR27796096	SAMN39683090	PRJNA1071282	2022	China: Shanghai	2024-09-29
PRJNA1071282	SRR27796097	SAMN39683089	PRJNA1071282	2022	China: Shanghai	2024-09-29
PRJNA1071282	SRR27796098	SAMN39683088	PRJNA1071282	2022	China: Shanghai	2024-09-29
PRJNA1071282	SRR27796107	SAMN39682866	PRJNA1071282	2017	China: Shanghai	2024-09-29
PRJNA1071282	SRR27796108	SAMN39682982	PRJNA1071282	2018	China: Shanghai	2024-09-29
PRJNA1071282	SRR27796113	SAMN39682977	PRJNA1071282	2018	China: Shanghai	2024-09-29
PRJNA1071282	SRR27796114	SAMN39682976	PRJNA1071282	2018	China: Shanghai	2024-09-29
PRJNA1071282	SRR27796115	SAMN39682975	PRJNA1071282	2018	China: Shanghai	2024-09-29
PRJNA1071282	SRR27796120	SAMN39682971	PRJNA1071282	2018	China: Shanghai	2024-09-29
PRJNA1071282	SRR27796124	SAMN39682967	PRJNA1071282	2018	China: Shanghai	2024-09-29
PRJNA1071282	SRR27796125	SAMN39682966	PRJNA1071282	2018	China: Shanghai	2024-09-29
PRJNA1071282	SRR27796131	SAMN39682961	PRJNA1071282	2018	China: Shanghai	2024-09-29
PRJNA1071282	SRR27796132	SAMN39682960	PRJNA1071282	2018	China: Shanghai	2024-09-29
PRJNA1071282	SRR27796135	SAMN39682957	PRJNA1071282	2018	China: Shanghai	2024-09-29
PRJNA1071282	SRR27796136	SAMN39682956	PRJNA1071282	2018	China: Shanghai	2024-09-29
PRJNA1071282	SRR27796138	SAMN39682954	PRJNA1071282	2018	China: Shanghai	2024-09-29
PRJNA1071282	SRR27796139	SAMN39683441	PRJNA1071282	2023	China: Shanghai	2024-09-29
PRJNA1071282	SRR27796140	SAMN39683440	PRJNA1071282	2023	China: Shanghai	2024-09-29
PRJNA1071282	SRR27796143	SAMN39683437	PRJNA1071282	2023	China: Shanghai	2024-09-29
PRJNA1071282	SRR27796146	SAMN39683434	PRJNA1071282	2022	China: Shanghai	2024-09-29
PRJNA1071282	SRR27796149	SAMN39683432	PRJNA1071282	2022	China: Shanghai	2024-09-29
PRJNA1071282	SRR27796150	SAMN39683431	PRJNA1071282	2022	China: Shanghai	2024-09-29
PRJNA1071282	SRR27796156	SAMN39683425	PRJNA1071282	2022	China: Shanghai	2024-09-29
PRJNA1071282	SRR27796159	SAMN39682910	PRJNA1071282	2017	China: Shanghai	2024-09-29
PRJNA1071282	SRR27796164	SAMN39683418	PRJNA1071282	2022	China: Shanghai	2024-09-29
PRJNA1071282	SRR27796173	SAMN39683410	PRJNA1071282	2022	China: Shanghai	2024-09-29
PRJNA1071282	SRR27796176	SAMN39683374	PRJNA1071282	2022	China: Shanghai	2024-09-29
PRJNA1071282	SRR27796181	SAMN39683370	PRJNA1071282	2022	China: Shanghai	2024-09-29
PRJNA1071282	SRR27796183	SAMN39683368	PRJNA1071282	2022	China: Shanghai	2024-09-29
PRJNA1071282	SRR27796188	SAMN39683363	PRJNA1071282	2022	China: Shanghai	2024-09-29
PRJNA1071282	SRR27796197	SAMN39683355	PRJNA1071282	2021	China: Shanghai	2024-09-29
PRJNA1071282	SRR27796198	SAMN39683354	PRJNA1071282	2021	China: Shanghai	2024-09-29
PRJNA1071282	SRR27796199	SAMN39683353	PRJNA1071282	2021	China: Shanghai	2024-09-29
PRJNA1071282	SRR27796200	SAMN39682903	PRJNA1071282	2017	China: Shanghai	2024-09-29
PRJNA1071282	SRR27796207	SAMN39683347	PRJNA1071282	2021	China: Shanghai	2024-09-29
PRJNA1071282	SRR27796208	SAMN39683346	PRJNA1071282	2019	China: Shanghai	2024-09-29
PRJNA1071282	SRR27796210	SAMN39683344	PRJNA1071282	2017	China: Shanghai	2024-09-29
PRJNA1071282	SRR27796216	SAMN39683273	PRJNA1071282	2019	China: Shanghai	2024-09-29
PRJNA1071282	SRR27796217	SAMN39682895	PRJNA1071282	2017	China: Shanghai	2024-09-29
PRJNA1071282	SRR27796218	SAMN39683272	PRJNA1071282	2019	China: Shanghai	2024-09-29
PRJNA1071282	SRR27796219	SAMN39683271	PRJNA1071282	2019	China: Shanghai	2024-09-29
PRJNA1071282	SRR27796221	SAMN39683269	PRJNA1071282	2019	China: Shanghai	2024-09-29
PRJNA1071282	SRR27796226	SAMN39683264	PRJNA1071282	2018	China: Shanghai	2024-09-29
PRJNA1071282	SRR27796229	SAMN39683262	PRJNA1071282	2018	China: Shanghai	2024-09-29
PRJNA1071282	SRR27796240	SAMN39682857	PRJNA1071282	2017	China: Shanghai	2024-09-29
PRJNA1071282	SRR27796241	SAMN39683252	PRJNA1071282	2018	China: Shanghai	2024-09-29
PRJNA1071282	SRR27796244	SAMN39683249	PRJNA1071282	2018	China: Shanghai	2024-09-29
PRJNA1071282	SRR27796248	SAMN39683180	PRJNA1071282	2017	China: Shanghai	2024-09-29
PRJNA1071282	SRR27796249	SAMN39683179	PRJNA1071282	2017	China: Shanghai	2024-09-29
PRJNA1071282	SRR27796250	SAMN39683178	PRJNA1071282	2016	China: Shanghai	2024-09-29
PRJNA1071282	SRR27796251	SAMN39683177	PRJNA1071282	2016	China: Shanghai	2024-09-29
PRJNA1071282	SRR27796259	SAMN39683170	PRJNA1071282	2022	China: Shanghai	2024-09-29
PRJNA1071282	SRR27796260	SAMN39683169	PRJNA1071282	2021	China: Shanghai	2024-09-29
PRJNA1071282	SRR27796266	SAMN39683163	PRJNA1071282	2017	China: Shanghai	2024-09-29
PRJNA1071282	SRR27796267	SAMN39682884	PRJNA1071282	2017	China: Shanghai	2024-09-29
PRJNA1071282	SRR27796280	SAMN39683152	PRJNA1071282	2017	China: Shanghai	2024-09-29
PRJNA1071282	SRR27796281	SAMN39683151	PRJNA1071282	2017	China: Shanghai	2024-09-29
PRJNA1071282	SRR27796283	SAMN39683019	PRJNA1071282	2019	China: Shanghai	2024-09-29
PRJNA1071282	SRR27796287	SAMN39683015	PRJNA1071282	2019	China: Shanghai	2024-09-29
PRJNA1071282	SRR27796288	SAMN39683014	PRJNA1071282	2019	China: Shanghai	2024-09-29
PRJNA1071282	SRR27796292	SAMN39683011	PRJNA1071282	2019	China: Shanghai	2024-09-29
PRJNA1071282	SRR27796293	SAMN39683010	PRJNA1071282	2019	China: Shanghai	2024-09-29
PRJNA1071282	SRR27796295	SAMN39683008	PRJNA1071282	2019	China: Shanghai	2024-09-29
PRJNA1071282	SRR27796298	SAMN39683005	PRJNA1071282	2018	China: Shanghai	2024-09-29
PRJNA1071282	SRR27796304	SAMN39683000	PRJNA1071282	2018	China: Shanghai	2024-09-29
PRJNA1071282	SRR27796312	SAMN39682867	PRJNA1071282	2017	China: Shanghai	2024-09-29
PRJNA1071282	SRR27796313	SAMN39682992	PRJNA1071282	2018	China: Shanghai	2024-09-29
PRJNA1071282	SRR27796316	SAMN39682989	PRJNA1071282	2018	China: Shanghai	2024-09-29
PRJNA1071282	SRR27796319	SAMN39682953	PRJNA1071282	2018	China: Shanghai	2024-09-29
PRJNA1071282	SRR27796320	SAMN39682863	PRJNA1071282	2017	China: Shanghai	2024-09-29
PRJNA1071282	SRR27796322	SAMN39682853	PRJNA1071282	2016	China: Shanghai	2024-09-29
PRJNA1071282	SRR27796324	SAMN39683472	PRJNA1071282	2019	China: Shanghai	2024-09-29
PRJNA1071282	SRR27796325	SAMN39683471	PRJNA1071282	2019	China: Shanghai	2024-09-29
PRJNA1071282	SRR27796326	SAMN39683470	PRJNA1071282	2019	China: Shanghai	2024-09-29
PRJNA1071282	SRR27796328	SAMN39683468	PRJNA1071282	2018	China: Shanghai	2024-09-29
PRJNA1071282	SRR27796331	SAMN39683465	PRJNA1071282	2018	China: Shanghai	2024-09-29
PRJNA1071282	SRR27796333	SAMN39683463	PRJNA1071282	2018	China: Shanghai	2024-09-29
PRJNA1071282	SRR27796340	SAMN39683457	PRJNA1071282	2022	China: Shanghai	2024-09-29
PRJNA1071282	SRR27796342	SAMN39683455	PRJNA1071282	2022	China: Shanghai	2024-09-29
PRJNA1071282	SRR27796344	SAMN39683453	PRJNA1071282	2021	China: Shanghai	2024-09-29
PRJNA1071282	SRR27796347	SAMN39683452	PRJNA1071282	2023	China: Shanghai	2024-09-29
PRJNA1071282	SRR27796351	SAMN39683448	PRJNA1071282	2023	China: Shanghai	2024-09-29
PRJNA1071282	SRR27796353	SAMN39683446	PRJNA1071282	2023	China: Shanghai	2024-09-29
PRJNA1071282	SRR27796354	SAMN39683445	PRJNA1071282	2023	China: Shanghai	2024-09-29
PRJNA1071282	SRR27796355	SAMN39683444	PRJNA1071282	2023	China: Shanghai	2024-09-29
PRJNA1071282	SRR27796359	SAMN39682951	PRJNA1071282	2018	China: Shanghai	2024-09-29
PRJNA1071282	SRR27796361	SAMN39682949	PRJNA1071282	2018	China: Shanghai	2024-09-29
PRJNA1071282	SRR27796363	SAMN39682947	PRJNA1071282	2018	China: Shanghai	2024-09-29
PRJNA1071282	SRR27796366	SAMN39682944	PRJNA1071282	2018	China: Shanghai	2024-09-29
PRJNA1071282	SRR27796370	SAMN39682941	PRJNA1071282	2018	China: Shanghai	2024-09-29
PRJNA1071282	SRR27796372	SAMN39682939	PRJNA1071282	2018	China: Shanghai	2024-09-29
PRJNA1071282	SRR27796374	SAMN39682937	PRJNA1071282	2018	China: Shanghai	2024-09-29
PRJNA1071282	SRR27796378	SAMN39682933	PRJNA1071282	2017	China: Shanghai	2024-09-29
PRJNA1071282	SRR27796380	SAMN39682932	PRJNA1071282	2017	China: Shanghai	2024-09-29
PRJNA1071282	SRR27796381	SAMN39683408	PRJNA1071282	2022	China: Shanghai	2024-09-29
PRJNA1071282	SRR27796384	SAMN39683405	PRJNA1071282	2022	China: Shanghai	2024-09-29
PRJNA1071282	SRR27796385	SAMN39683404	PRJNA1071282	2022	China: Shanghai	2024-09-29
PRJNA1071282	SRR27796388	SAMN39683402	PRJNA1071282	2022	China: Shanghai	2024-09-29
PRJNA1071282	SRR27796389	SAMN39683401	PRJNA1071282	2022	China: Shanghai	2024-09-29
PRJNA1071282	SRR27796393	SAMN39683397	PRJNA1071282	2022	China: Shanghai	2024-09-29
PRJNA1071282	SRR27796395	SAMN39683395	PRJNA1071282	2022	China: Shanghai	2024-09-29
PRJNA1071282	SRR27796396	SAMN39683394	PRJNA1071282	2022	China: Shanghai	2024-09-29
PRJNA1071282	SRR27796398	SAMN39682907	PRJNA1071282	2017	China: Shanghai	2024-09-29
PRJNA1071282	SRR27796400	SAMN39683391	PRJNA1071282	2022	China: Shanghai	2024-09-29
PRJNA1071282	SRR27796402	SAMN39683389	PRJNA1071282	2022	China: Shanghai	2024-09-29
PRJNA1071282	SRR27796403	SAMN39683388	PRJNA1071282	2022	China: Shanghai	2024-09-29
PRJNA1071282	SRR27796404	SAMN39683387	PRJNA1071282	2022	China: Shanghai	2024-09-29
PRJNA1071282	SRR27796414	SAMN39683378	PRJNA1071282	2022	China: Shanghai	2024-09-29
PRJNA1071282	SRR27796415	SAMN39683377	PRJNA1071282	2022	China: Shanghai	2024-09-29
PRJNA1071282	SRR27796418	SAMN39682902	PRJNA1071282	2017	China: Shanghai	2024-09-29
PRJNA1071282	SRR27796425	SAMN39683336	PRJNA1071282	2019	China: Shanghai	2024-09-29
PRJNA1071282	SRR27796431	SAMN39683331	PRJNA1071282	2019	China: Shanghai	2024-09-29
PRJNA1071282	SRR27796432	SAMN39683330	PRJNA1071282	2019	China: Shanghai	2024-09-29
PRJNA1071282	SRR27796434	SAMN39683328	PRJNA1071282	2019	China: Shanghai	2024-09-29
PRJNA1071282	SRR27796436	SAMN39683326	PRJNA1071282	2019	China: Shanghai	2024-09-29
PRJNA1071282	SRR27796439	SAMN39683323	PRJNA1071282	2019	China: Shanghai	2024-09-29
PRJNA1071282	SRR27796440	SAMN39682900	PRJNA1071282	2017	China: Shanghai	2024-09-29
PRJNA1071282	SRR27796441	SAMN39683322	PRJNA1071282	2018	China: Shanghai	2024-09-29
PRJNA1071282	SRR27796446	SAMN39683317	PRJNA1071282	2018	China: Shanghai	2024-09-29
PRJNA1071282	SRR27796449	SAMN39683314	PRJNA1071282	2018	China: Shanghai	2024-09-29
PRJNA1071282	SRR27796450	SAMN39683313	PRJNA1071282	2018	China: Shanghai	2024-09-29
PRJNA1071282	SRR27796458	SAMN39683242	PRJNA1071282	2018	China: Shanghai	2024-09-29
PRJNA1071282	SRR27796463	SAMN39683237	PRJNA1071282	2018	China: Shanghai	2024-09-29
PRJNA1071282	SRR27796473	SAMN39683228	PRJNA1071282	2018	China: Shanghai	2024-09-29
PRJNA1071282	SRR27796476	SAMN39683225	PRJNA1071282	2018	China: Shanghai	2024-09-29
PRJNA1071282	SRR27796478	SAMN39683223	PRJNA1071282	2018	China: Shanghai	2024-09-29
PRJNA1071282	SRR27796479	SAMN39682890	PRJNA1071282	2017	China: Shanghai	2024-09-29
PRJNA1071282	SRR27796482	SAMN39683220	PRJNA1071282	2018	China: Shanghai	2024-09-29
PRJNA1071282	SRR27796486	SAMN39683216	PRJNA1071282	2017	China: Shanghai	2024-09-29
PRJNA1071282	SRR27796488	SAMN39683214	PRJNA1071282	2017	China: Shanghai	2024-09-29
PRJNA1071282	SRR27796490	SAMN39683148	PRJNA1071282	2017	China: Shanghai	2024-09-29
PRJNA1071282	SRR27796491	SAMN39683147	PRJNA1071282	2017	China: Shanghai	2024-09-29
PRJNA1071282	SRR27796492	SAMN39683146	PRJNA1071282	2017	China: Shanghai	2024-09-29
PRJNA1071282	SRR27796493	SAMN39683145	PRJNA1071282	2016	China: Shanghai	2024-09-29
PRJNA1071282	SRR27796496	SAMN39682882	PRJNA1071282	2017	China: Shanghai	2024-09-29
PRJNA1071282	SRR27796498	SAMN39683141	PRJNA1071282	2019	China: Shanghai	2024-09-29
PRJNA1071282	SRR27796499	SAMN39683140	PRJNA1071282	2019	China: Shanghai	2024-09-29
PRJNA1071282	SRR27796503	SAMN39683136	PRJNA1071282	2019	China: Shanghai	2024-09-29
PRJNA1071282	SRR27796507	SAMN39682881	PRJNA1071282	2017	China: Shanghai	2024-09-29
PRJNA1071282	SRR27796516	SAMN39683124	PRJNA1071282	2019	China: Shanghai	2024-09-29
PRJNA1071282	SRR27796519	SAMN39683122	PRJNA1071282	2019	China: Shanghai	2024-09-29
PRJNA1071282	SRR27796520	SAMN39683121	PRJNA1071282	2019	China: Shanghai	2024-09-29
PRJNA1071282	SRR27796521	SAMN39683120	PRJNA1071282	2019	China: Shanghai	2024-09-29
PRJNA1071282	SRR27796522	SAMN39683119	PRJNA1071282	2018	China: Shanghai	2024-09-29
PRJNA1071282	SRR27796523	SAMN39683118	PRJNA1071282	2018	China: Shanghai	2024-09-29
PRJNA1071282	SRR27796525	SAMN39683083	PRJNA1071282	2022	China: Shanghai	2024-09-29
PRJNA1071282	SRR27796526	SAMN39682876	PRJNA1071282	2017	China: Shanghai	2024-09-29
PRJNA1071282	SRR27796527	SAMN39683082	PRJNA1071282	2022	China: Shanghai	2024-09-29
PRJNA1071282	SRR27796536	SAMN39683073	PRJNA1071282	2021	China: Shanghai	2024-09-29
PRJNA1071282	SRR27796541	SAMN39683069	PRJNA1071282	2019	China: Shanghai	2024-09-29
PRJNA1071282	SRR27796543	SAMN39683067	PRJNA1071282	2019	China: Shanghai	2024-09-29
PRJNA1071282	SRR27796545	SAMN39683065	PRJNA1071282	2019	China: Shanghai	2024-09-29
PRJNA1071282	SRR27796547	SAMN39683063	PRJNA1071282	2019	China: Shanghai	2024-09-29
PRJNA1071282	SRR27796548	SAMN39682874	PRJNA1071282	2017	China: Shanghai	2024-09-29
PRJNA1071282	SRR27796549	SAMN39683062	PRJNA1071282	2019	China: Shanghai	2024-09-29
PRJNA1071282	SRR27796551	SAMN39683060	PRJNA1071282	2019	China: Shanghai	2024-09-29
PRJNA1071282	SRR27796553	SAMN39683058	PRJNA1071282	2019	China: Shanghai	2024-09-29
PRJNA1071282	SRR27796554	SAMN39683057	PRJNA1071282	2019	China: Shanghai	2024-09-29
PRJNA1071282	SRR27796555	SAMN39683056	PRJNA1071282	2019	China: Shanghai	2024-09-29
PRJNA1071282	SRR27796559	SAMN39682873	PRJNA1071282	2017	China: Shanghai	2024-09-29
PRJNA1071282	SRR27796564	SAMN39682928	PRJNA1071282	2017	China: Shanghai	2024-09-29
PRJNA1071282	SRR27796568	SAMN39682924	PRJNA1071282	2017	China: Shanghai	2024-09-29
PRJNA1071282	SRR27796570	SAMN39682860	PRJNA1071282	2017	China: Shanghai	2024-09-29
PRJNA1071282	SRR27796572	SAMN39682921	PRJNA1071282	2017	China: Shanghai	2024-09-29
PRJNA1071282	SRR27796584	SAMN39683484	PRJNA1071282	2022	China: Beijing	2024-09-29
PRJNA1071282	SRR27796586	SAMN39682916	PRJNA1071282	2017	China: Shanghai	2024-09-29
PRJNA1071282	SRR27796587	SAMN39683482	PRJNA1071282	2019	China: Beijing	2024-09-29
PRJNA1071282	SRR27796595	SAMN39683474	PRJNA1071282	2022	China: Shanghai	2024-09-29
PRJNA1071282	SRR27796597	SAMN39683311	PRJNA1071282	2018	China: Shanghai	2024-09-29
PRJNA1071282	SRR27796601	SAMN39683307	PRJNA1071282	2017	China: Shanghai	2024-09-29
PRJNA1071282	SRR27796603	SAMN39683305	PRJNA1071282	2022	China: Shanghai	2024-09-29
PRJNA1071282	SRR27796609	SAMN39683300	PRJNA1071282	2021	China: Shanghai	2024-09-29
PRJNA1071282	SRR27796610	SAMN39683299	PRJNA1071282	2021	China: Shanghai	2024-09-29
PRJNA1071282	SRR28622156	SAMN40924094	PRJNA1071282	2024	China: Shanghai	2024-09-29
PRJNA1071282	SRR28622159	SAMN40924166	PRJNA1071282	2024	China: Shanghai	2024-09-29
PRJNA1071282	SRR28622161	SAMN40924093	PRJNA1071282	2024	China: Shanghai	2024-09-29
PRJNA1071282	SRR28622163	SAMN40924163	PRJNA1071282	2024	China: Shanghai	2024-09-29
PRJNA1071282	SRR28622164	SAMN40924129	PRJNA1071282	2024	China: Shanghai	2024-09-29
PRJNA1071282	SRR28622167	SAMN40924126	PRJNA1071282	2024	China: Shanghai	2024-09-29
PRJNA1071282	SRR28622169	SAMN40924089	PRJNA1071282	2024	China: Shanghai	2024-09-29
PRJNA1071282	SRR28622171	SAMN40924123	PRJNA1071282	2024	China: Shanghai	2024-09-29
PRJNA1071282	SRR28622177	SAMN40924117	PRJNA1071282	2024	China: Shanghai	2024-09-29
PRJNA1071282	SRR28622181	SAMN40924114	PRJNA1071282	2024	China: Shanghai	2024-09-29
PRJNA1071282	SRR28622185	SAMN40924110	PRJNA1071282	2024	China: Shanghai	2024-09-29
PRJNA1071282	SRR28622186	SAMN40924109	PRJNA1071282	2024	China: Shanghai	2024-09-29
PRJNA1071282	SRR28622187	SAMN40924108	PRJNA1071282	2024	China: Shanghai	2024-09-29
PRJNA1071282	SRR28622192	SAMN40924104	PRJNA1071282	2024	China: Shanghai	2024-09-29
PRJNA1071282	SRR28622193	SAMN40924103	PRJNA1071282	2024	China: Shanghai	2024-09-29
PRJNA1071282	SRR28622194	SAMN40924102	PRJNA1071282	2024	China: Shanghai	2024-09-29
PRJNA1071282	SRR28622205	SAMN40924157	PRJNA1071282	2024	China: Shanghai	2024-09-29
PRJNA1071282	SRR28622213	SAMN40924150	PRJNA1071282	2023	China: Shanghai	2024-09-29
PRJNA1071282	SRR28622214	SAMN40924149	PRJNA1071282	2023	China: Shanghai	2024-09-29
PRJNA1071282	SRR28622216	SAMN40924147	PRJNA1071282	2023	China: Shanghai	2024-09-29
PRJNA1071282	SRR28622218	SAMN40924145	PRJNA1071282	2023	China: Shanghai	2024-09-29
PRJNA1071282	SRR28622220	SAMN40924144	PRJNA1071282	2023	China: Shanghai	2024-09-29
PRJNA1071282	SRR28622223	SAMN40924141	PRJNA1071282	2023	China: Shanghai	2024-09-29
PRJNA1071282	SRR28622227	SAMN40924137	PRJNA1071282	2023	China: Shanghai	2024-09-29
PRJNA1071282	SRR28622230	SAMN40924090	PRJNA1071282	2024	China: Shanghai	2024-09-29
PRJNA1071282	SRR28622231	SAMN40924134	PRJNA1071282	2023	China: Shanghai	2024-09-29
PRJNA1071282	SRR28622234	SAMN40924131	PRJNA1071282	2024	China: Shanghai	2024-09-29
PRJNA1071282	SRR29825611	SAMN39683477	PRJNA1071282	2019	China: Shanghai	2024-09-29
PRJNA1071282	SRR29825614	SAMN39683363	PRJNA1071282	2022	China: Shanghai	2024-09-29
PRJNA1071282	SRR29908476	SAMN40924156	PRJNA1071282	2024	China: Shanghai	2024-09-04
PRJNA1193776	SRR31615266	SAMN45156021	PRJNA1193776	2022-10-26	China: Guangzhou	2025-03-23
PRJNA1193776	SRR31615269	SAMN45156073	PRJNA1193776	2024-05-03	China: Guangzhou	2025-03-23
PRJNA1193776	SRR31615270	SAMN45156019	PRJNA1193776	2022-07-02	China: Guangzhou	2025-03-23
PRJNA1193776	SRR31615271	SAMN45156072	PRJNA1193776	2024-04-16	China: Guangzhou	2025-03-09
PRJNA1193776	SRR31615278	SAMN45156065	PRJNA1193776	2024-03-20	China: Guangzhou	2025-03-23
PRJNA1193776	SRR31615284	SAMN45156060	PRJNA1193776	2024-03-17	China: Guangzhou	2025-03-07
PRJNA1193776	SRR31615287	SAMN45156057	PRJNA1193776	2024-03-12	China: Guangzhou	2025-03-23
PRJNA1193776	SRR31615292	SAMN45156017	PRJNA1193776	2022-02-07	China: Guangzhou	2025-03-23
PRJNA1193776	SRR31615294	SAMN45156051	PRJNA1193776	2024-02-27	China: Guangzhou	2025-03-23
PRJNA1193776	SRR31615296	SAMN45156049	PRJNA1193776	2024-02-12	China: Guangzhou	2025-03-07
PRJNA1193776	SRR31615302	SAMN45156043	PRJNA1193776	2024-02-11	China: Guangzhou	2025-03-23
PRJNA1193776	SRR31615303	SAMN45156016	PRJNA1193776	2022-02-04	China: Guangzhou	2025-03-23
PRJNA1193776	SRR31615304	SAMN45156042	PRJNA1193776	2024-02-12	China: Guangzhou	2025-03-23
PRJNA1193776	SRR31615307	SAMN45156039	PRJNA1193776	2024-01-30	China: Guangzhou	2025-03-23
PRJNA1193776	SRR31615308	SAMN45156038	PRJNA1193776	2024-01-21	China: Guangzhou	2025-03-23
PRJNA1193776	SRR31615316	SAMN45156031	PRJNA1193776	2024-01-09	China: Guangzhou	2025-03-23
PRJNA1193776	SRR31615318	SAMN45156029	PRJNA1193776	2023-12-22	China: Guangzhou	2025-03-23
PRJNA1193776	SRR31615322	SAMN45156025	PRJNA1193776	2023-08-24	China: Guangzhou	2025-03-23
PRJNA1193776	SRR31615324	SAMN45156023	PRJNA1193776	2023-07-08	China: Guangzhou	2025-03-07
PRJNA1193776	SRR31615265	SAMN45156022	PRJNA1193776	2022	China: Guangzhou	2025-03-23
PRJNA1193776	SRR31615273	SAMN45156070	PRJNA1193776	2024-04-14	China: Guangzhou	2025-03-23
PRJNA1193776	SRR31615274	SAMN45156069	PRJNA1193776	2020-05-08	China: Guangzhou	2025-03-23
PRJNA1193776	SRR31615276	SAMN45156067	PRJNA1193776	2024-03-29	China: Guangzhou	2025-03-23
PRJNA1193776	SRR31615277	SAMN45156066	PRJNA1193776	2024-03-29	China: Guangzhou	2025-03-23
PRJNA1193776	SRR31615279	SAMN45156064	PRJNA1193776	2024-03-28	China: Guangzhou	2025-03-23
PRJNA1193776	SRR31615280	SAMN45156063	PRJNA1193776	2024-03-27	China: Guangzhou	2025-03-23
PRJNA1193776	SRR31615283	SAMN45156061	PRJNA1193776	2024-03-13	China: Guangzhou	2025-03-23
PRJNA1193776	SRR31615285	SAMN45156059	PRJNA1193776	2024-03-14	China: Guangzhou	2025-03-23
PRJNA1193776	SRR31615289	SAMN45156055	PRJNA1193776	2024-03-06	China: Guangzhou	2025-03-23
PRJNA1193776	SRR31615290	SAMN45156054	PRJNA1193776	2024-03-05	China: Guangzhou	2025-03-23
PRJNA1193776	SRR31615291	SAMN45156053	PRJNA1193776	2024-02-26	China: Guangzhou	2025-03-23
PRJNA1193776	SRR31615293	SAMN45156052	PRJNA1193776	2024-02-27	China: Guangzhou	2025-03-23
PRJNA1193776	SRR31615295	SAMN45156050	PRJNA1193776	2024-02-25	China: Guangzhou	2025-03-23
PRJNA1193776	SRR31615298	SAMN45156047	PRJNA1193776	2024-02-19	China: Guangzhou	2025-03-23
PRJNA1193776	SRR31615300	SAMN45156045	PRJNA1193776	2024-02-17	China: Guangzhou	2025-03-23
PRJNA1193776	SRR31615305	SAMN45156041	PRJNA1193776	2024-02-06	China: Guangzhou	2025-03-23
PRJNA1193776	SRR31615306	SAMN45156040	PRJNA1193776	2024-02-05	China: Guangzhou	2025-03-23
PRJNA1193776	SRR31615310	SAMN45156036	PRJNA1193776	2024-01-29	China: Guangzhou	2025-03-23
PRJNA1193776	SRR31615314	SAMN45156015	PRJNA1193776	2022-01-14	China: Guangzhou	2025-03-23
PRJNA1193776	SRR31615317	SAMN45156030	PRJNA1193776	2023-12-28	China: Guangzhou	2025-03-23
PRJNA1193776	SRR31615320	SAMN45156027	PRJNA1193776	2023-12-07	China: Guangzhou	2025-03-23
PRJNA1193776	SRR31615326	SAMN45156013	PRJNA1193776	2020-04-30	China: Guangzhou	2025-03-07
PRJNA1193776	SRR31615267	SAMN45156020	PRJNA1193776	2022-09-11	China: Guangzhou	2025-03-23
PRJNA1193776	SRR31615268	SAMN45156074	PRJNA1193776	2024-05-03	China: Guangzhou	2025-03-23
PRJNA1193776	SRR31615272	SAMN45156071	PRJNA1193776	2024-04-08	China: Guangzhou	2025-03-23
PRJNA1193776	SRR31615275	SAMN45156068	PRJNA1193776	2024-03-20	China: Guangzhou	2025-03-23
PRJNA1193776	SRR31615281	SAMN45156018	PRJNA1193776	2023-02-14	China: Guangzhou	2025-03-23
PRJNA1193776	SRR31615282	SAMN45156062	PRJNA1193776	2024-03-16	China: Guangzhou	2025-03-07
PRJNA1193776	SRR31615286	SAMN45156058	PRJNA1193776	2024-03-12	China: Guangzhou	2025-03-23
PRJNA1193776	SRR31615288	SAMN45156056	PRJNA1193776	2024-03-08	China: Guangzhou	2025-03-23
PRJNA1193776	SRR31615297	SAMN45156048	PRJNA1193776	2024-02-21	China: Guangzhou	2025-03-23
PRJNA1193776	SRR31615299	SAMN45156046	PRJNA1193776	2024-02-19	China: Guangzhou	2025-03-23
PRJNA1193776	SRR31615301	SAMN45156044	PRJNA1193776	2024-02-15	China: Guangzhou	2025-03-23
PRJNA1193776	SRR31615309	SAMN45156037	PRJNA1193776	2024-01-30	China: Guangzhou	2025-03-23
PRJNA1193776	SRR31615311	SAMN45156035	PRJNA1193776	2024-01-29	China: Guangzhou	2025-03-23
PRJNA1193776	SRR31615312	SAMN45156034	PRJNA1193776	2024-01-25	China: Guangzhou	2025-03-23
PRJNA1193776	SRR31615313	SAMN45156033	PRJNA1193776	2024-01-27	China: Guangzhou	2025-03-07
PRJNA1193776	SRR31615315	SAMN45156032	PRJNA1193776	2024-01-09	China: Guangzhou	2025-03-23
PRJNA1193776	SRR31615319	SAMN45156028	PRJNA1193776	2023-12-18	China: Guangzhou	2025-03-23
PRJNA1193776	SRR31615321	SAMN45156026	PRJNA1193776	2023-09-15	China: Guangzhou	2025-03-23
PRJNA1193776	SRR31615323	SAMN45156024	PRJNA1193776	2023-08-18	China: Guangzhou	2025-03-23
PRJNA1193776	SRR31615325	SAMN45156014	PRJNA1193776	2022	China: Guangzhou	2025-03-23
PRJNA231221	SRR10045993	SAMN11077996	PRJNA231221	missing	USA:MD	2019-08-31
PRJNA231221	SRR10059290	SAMN11077949	PRJNA231221	missing	USA:MD	2019-09-06
PRJNA231221	SRR10073046	SAMN11077955	PRJNA231221	missing	USA:MD	2019-09-06
PRJNA231221	SRR10073047	SAMN11078004	PRJNA231221	missing	USA:MD	2019-09-06
PRJNA231221	SRR10073054	SAMN11078007	PRJNA231221	missing	USA:MD	2019-09-06
PRJNA231221	SRR11453060	SAMN14214628	PRJNA231221	missing	missing	2020-04-14
PRJNA231221	SRR11453061	SAMN14214629	PRJNA231221	missing	missing	2020-04-14
PRJNA231221	SRR11453062	SAMN14214630	PRJNA231221	missing	missing	2020-04-14
PRJNA231221	SRR11453064	SAMN14214633	PRJNA231221	missing	missing	2020-04-14
PRJNA231221	SRR11453065	SAMN14214634	PRJNA231221	missing	missing	2020-04-14
PRJNA231221	SRR11453066	SAMN14214635	PRJNA231221	missing	missing	2020-04-14
PRJNA231221	SRR11453067	SAMN14214636	PRJNA231221	missing	missing	2020-04-14
PRJNA231221	SRR11453069	SAMN14214637	PRJNA231221	missing	missing	2020-04-14
PRJNA231221	SRR11453070	SAMN14214638	PRJNA231221	missing	missing	2020-04-14
PRJNA231221	SRR11471249	SAMN14214643	PRJNA231221	missing	missing	2020-04-14
PRJNA231221	SRR11471250	SAMN14214643	PRJNA231221	missing	missing	2020-04-14
PRJNA231221	SRR11471274	SAMN14214651	PRJNA231221	missing	missing	2020-04-14
PRJNA231221	SRR11471906	SAMN14214644	PRJNA231221	missing	missing	2020-04-14
PRJNA231221	SRR11471907	SAMN14214645	PRJNA231221	missing	missing	2020-04-14
PRJNA231221	SRR11471908	SAMN14214645	PRJNA231221	missing	missing	2020-04-14
PRJNA231221	SRR11471909	SAMN14214646	PRJNA231221	missing	missing	2020-04-14
PRJNA231221	SRR11471910	SAMN14214646	PRJNA231221	missing	missing	2020-04-14
PRJNA231221	SRR11471912	SAMN14214647	PRJNA231221	missing	missing	2020-04-14
PRJNA231221	SRR11471914	SAMN14214648	PRJNA231221	missing	missing	2020-04-14
PRJNA231221	SRR11471921	SAMN14214649	PRJNA231221	missing	missing	2020-04-14
PRJNA231221	SRR11471926	SAMN14214652	PRJNA231221	missing	missing	2020-04-14
PRJNA231221	SRR11471929	SAMN14214654	PRJNA231221	missing	missing	2020-04-14
PRJNA231221	SRR1206476	SAMN02700075	PRJNA231221	Missing	USA	2014-04-16
PRJNA231221	SRR12066794	SAMN13450478	PRJNA231221	Unknown	Not applicable	2020-06-23
PRJNA231221	SRR12066795	SAMN13450483	PRJNA231221	Unknown	Not applicable	2020-06-23
PRJNA231221	SRR12066809	SAMN13450481	PRJNA231221	Unknown	Not applicable	2020-06-23
PRJNA231221	SRR12066810	SAMN13450481	PRJNA231221	Unknown	Not applicable	2020-06-23
PRJNA231221	SRR12066815	SAMN13450482	PRJNA231221	Unknown	Not applicable	2020-06-23
PRJNA231221	SRR12825839	SAMN16357210	PRJNA231221	Unknown	USA:VA	2020-10-20
PRJNA231221	SRR12825842	SAMN16357212	PRJNA231221	Unknown	USA:VA	2020-10-20
PRJNA231221	SRR12825843	SAMN16357213	PRJNA231221	Unknown	USA:VA	2020-10-20
PRJNA231221	SRR12825844	SAMN16357213	PRJNA231221	Unknown	USA:VA	2020-10-20
PRJNA231221	SRR12825846	SAMN16357214	PRJNA231221	Unknown	USA:VA	2020-10-20
PRJNA231221	SRR12825847	SAMN16357215	PRJNA231221	Unknown	USA:VA	2020-10-20
PRJNA231221	SRR12825849	SAMN16357215	PRJNA231221	Unknown	USA:VA	2020-10-20
PRJNA231221	SRR12825853	SAMN16357205	PRJNA231221	Unknown	USA:VA	2020-10-20
PRJNA231221	SRR12825855	SAMN16357206	PRJNA231221	Unknown	USA:VA	2020-10-20
PRJNA231221	SRR12825856	SAMN16357193	PRJNA231221	Unknown	USA:VA	2020-10-20
PRJNA231221	SRR12825861	SAMN16357195	PRJNA231221	Unknown	USA:VA	2020-10-20
PRJNA231221	SRR12825862	SAMN16357196	PRJNA231221	Unknown	USA:VA	2020-10-20
PRJNA231221	SRR12825863	SAMN16357196	PRJNA231221	Unknown	USA:VA	2020-10-20
PRJNA231221	SRR12825869	SAMN16357197	PRJNA231221	Unknown	USA:VA	2020-10-20
PRJNA231221	SRR12825875	SAMN16357199	PRJNA231221	Unknown	USA:VA	2020-10-20
PRJNA231221	SRR12825880	SAMN16357207	PRJNA231221	Unknown	USA:VA	2020-10-20
PRJNA231221	SRR12825892	SAMN16357181	PRJNA231221	Unknown	Germany: Braunschweig	2020-10-20
PRJNA231221	SRR12825898	SAMN16357183	PRJNA231221	Unknown	Germany: Braunschweig	2020-10-20
PRJNA231221	SRR12825931	SAMN16357187	PRJNA231221	Unknown	Germany: Braunschweig	2020-10-20
PRJNA231221	SRR12825932	SAMN16357188	PRJNA231221	Unknown	Germany: Braunschweig	2020-10-20
PRJNA231221	SRR12825935	SAMN16357189	PRJNA231221		Germany: Braunschweig	2020-10-20
PRJNA231221	SRR12825937	SAMN16357190	PRJNA231221	Unknown	Germany: Braunschweig	2020-10-20
PRJNA231221	SRR12825942	SAMN16357220	PRJNA231221	Unknown	Germany: Braunschweig	2020-10-20
PRJNA231221	SRR12825943	SAMN16357221	PRJNA231221	Unknown	Germany: Braunschweig	2020-10-20
PRJNA231221	SRR12825944	SAMN16357221	PRJNA231221	Unknown	Germany: Braunschweig	2020-10-20
PRJNA231221	SRR12825945	SAMN16357221	PRJNA231221	Unknown	Germany: Braunschweig	2020-10-20
PRJNA231221	SRR12825946	SAMN16357222	PRJNA231221	Unknown	Germany: Braunschweig	2020-10-20
PRJNA231221	SRR12825948	SAMN16357222	PRJNA231221	Unknown	Germany: Braunschweig	2020-10-20
PRJNA231221	SRR12825952	SAMN16357224	PRJNA231221	Unknown	Germany: Braunschweig	2020-10-20
PRJNA231221	SRR12825958	SAMN16357226	PRJNA231221	Unknown	Germany: Braunschweig	2020-10-20
PRJNA231221	SRR12825961	SAMN16357227	PRJNA231221	Unknown	Germany: Braunschweig	2020-10-20
PRJNA231221	SRR12825965	SAMN16357229	PRJNA231221	Unknown	Germany: Braunschweig	2020-10-20
PRJNA231221	SRR12825967	SAMN16357230	PRJNA231221	Unknown	Germany: Braunschweig	2020-10-20
PRJNA231221	SRR12825968	SAMN16357231	PRJNA231221	Unknown	Germany: Braunschweig	2020-10-20
PRJNA231221	SRR12825969	SAMN16357231	PRJNA231221	Unknown	Germany: Braunschweig	2020-10-20
PRJNA231221	SRR12826190	SAMN16357233	PRJNA231221	Unknown	Germany: Braunschweig	2020-10-20
PRJNA231221	SRR12826192	SAMN16357234	PRJNA231221	Unknown	Germany: Braunschweig	2020-10-20
PRJNA231221	SRR12826193	SAMN16357235	PRJNA231221	Unknown	Germany: Braunschweig	2020-10-20
PRJNA231221	SRR12826195	SAMN16357236	PRJNA231221	Unknown	Germany: Braunschweig	2020-10-20
PRJNA231221	SRR12826198	SAMN16357237	PRJNA231221	Unknown	Germany: Braunschweig	2020-10-20
PRJNA231221	SRR12826204	SAMN16357239	PRJNA231221	Unknown	Germany: Braunschweig	2020-10-20
PRJNA231221	SRR12826207	SAMN16357241	PRJNA231221	Unknown	Germany: Braunschweig	2020-10-20
PRJNA231221	SRR12826213	SAMN16357243	PRJNA231221		Germany: Braunschweig	2020-10-20
PRJNA231221	SRR12826214	SAMN16357244	PRJNA231221	Unknown	Germany: Braunschweig	2020-10-20
PRJNA231221	SRR12826215	SAMN16357244	PRJNA231221	Unknown	Germany: Braunschweig	2020-10-20
PRJNA231221	SRR12826223	SAMN16357156	PRJNA231221	Unknown	Germany: Braunschweig	2020-10-20
PRJNA231221	SRR12826225	SAMN16357157	PRJNA231221	Unknown	Germany: Braunschweig	2020-10-20
PRJNA231221	SRR12826226	SAMN16357157	PRJNA231221	Unknown	Germany: Braunschweig	2020-10-20
PRJNA231221	SRR12826233	SAMN16357161	PRJNA231221	Unknown	Germany: Braunschweig	2020-10-20
PRJNA231221	SRR12827381	SAMN16357162	PRJNA231221	Unknown	Germany: Braunschweig	2020-10-20
PRJNA231221	SRR12827382	SAMN16357162	PRJNA231221	Unknown	Germany: Braunschweig	2020-10-20
PRJNA231221	SRR12827386	SAMN16357164	PRJNA231221	Unknown	Germany: Braunschweig	2020-10-20
PRJNA231221	SRR12827388	SAMN16357164	PRJNA231221	Unknown	Germany: Braunschweig	2020-10-20
PRJNA231221	SRR12827392	SAMN16357165	PRJNA231221	Unknown	Germany: Braunschweig	2020-10-20
PRJNA231221	SRR12827740	SAMN16357169	PRJNA231221	Unknown	Germany: Braunschweig	2020-10-20
PRJNA231221	SRR12827741	SAMN16357169	PRJNA231221	Unknown	Germany: Braunschweig	2020-10-20
PRJNA231221	SRR12827742	SAMN16357170	PRJNA231221	Unknown	Germany: Braunschweig	2020-10-20
PRJNA231221	SRR12827743	SAMN16357170	PRJNA231221	Unknown	Germany: Braunschweig	2020-10-20
PRJNA231221	SRR12827752	SAMN16357175	PRJNA231221	Unknown	Germany: Braunschweig	2020-10-20
PRJNA231221	SRR12827765	SAMN16357177	PRJNA231221	Unknown	Germany: Braunschweig	2020-10-20
PRJNA231221	SRR12827767	SAMN16357178	PRJNA231221	Unknown	Germany: Braunschweig	2020-10-20
PRJNA231221	SRR12827769	SAMN16357191	PRJNA231221	Unknown	USA:MD	2020-10-20
PRJNA231221	SRR12827770	SAMN16357191	PRJNA231221	Unknown	USA:MD	2020-10-20
PRJNA231221	SRR12827773	SAMN16357217	PRJNA231221	Unknown	USA:MD	2020-10-20
PRJNA231221	SRR12827774	SAMN16357217	PRJNA231221	Unknown	USA:MD	2020-10-20
PRJNA231221	SRR12827781	SAMN16357218	PRJNA231221	Unknown	USA:MD	2020-10-20
PRJNA231221	SRR12933209	SAMN16357248	PRJNA231221	Unknown	Germany:Langen	2020-10-30
PRJNA231221	SRR12933227	SAMN16357249	PRJNA231221	Unknown	Germany:Langen	2020-10-30
PRJNA231221	SRR12933316	SAMN16357250	PRJNA231221	Unknown	Germany:Langen	2020-10-30
PRJNA231221	SRR12933777	SAMN16357252	PRJNA231221	Unknown	Germany:Langen	2020-10-30
PRJNA231221	SRR12933786	SAMN16357253	PRJNA231221	Unknown	Germany:Langen	2020-10-30
PRJNA231221	SRR12933788	SAMN16357253	PRJNA231221	Unknown	Germany:Langen	2020-10-30
PRJNA231221	SRR12934874	SAMN16357254	PRJNA231221	Unknown	Germany:Langen	2020-10-30
PRJNA231221	SRR12934923	SAMN16357257	PRJNA231221	Unknown	Germany:Langen	2020-10-30
PRJNA231221	SRR12934926	SAMN16357259	PRJNA231221	Unknown	Germany:Langen	2020-10-30
PRJNA231221	SRR12934957	SAMN16357261	PRJNA231221	Unknown	Germany: Braunschweig	2020-10-30
PRJNA231221	SRR12934966	SAMN16357262	PRJNA231221	Unknown	Germany: Braunschweig	2020-10-30
PRJNA231221	SRR12934967	SAMN16357262	PRJNA231221	Unknown	Germany: Braunschweig	2020-10-30
PRJNA231221	SRR12934977	SAMN16357263	PRJNA231221	Unknown	Germany: Braunschweig	2020-10-30
PRJNA231221	SRR12935059	SAMN16357265	PRJNA231221	Unknown	Germany: Braunschweig	2020-10-30
PRJNA231221	SRR12935270	SAMN16357269	PRJNA231221	Unknown	Germany: Braunschweig	2020-10-30
PRJNA231221	SRR12935271	SAMN16357269	PRJNA231221	Unknown	Germany: Braunschweig	2020-10-30
PRJNA231221	SRR12935272	SAMN16357270	PRJNA231221	Unknown	Germany: Braunschweig	2020-10-30
PRJNA231221	SRR12935275	SAMN16357271	PRJNA231221	Unknown	Germany: Braunschweig	2020-10-30
PRJNA231221	SRR12935277	SAMN16357271	PRJNA231221	Unknown	Germany: Braunschweig	2020-10-30
PRJNA231221	SRR12935281	SAMN16357272	PRJNA231221	Unknown	Germany: Braunschweig	2020-10-30
PRJNA231221	SRR12935482	SAMN16357273	PRJNA231221	Unknown	Germany: Braunschweig	2020-10-30
PRJNA231221	SRR12935483	SAMN16357273	PRJNA231221	Unknown	Germany: Braunschweig	2020-10-30
PRJNA231221	SRR12935484	SAMN16357273	PRJNA231221	Unknown	Germany: Braunschweig	2020-10-30
PRJNA231221	SRR12935503	SAMN16357274	PRJNA231221	Unknown	Germany: Braunschweig	2020-10-30
PRJNA231221	SRR12936505	SAMN16357276	PRJNA231221	Unknown	Germany: Braunschweig	2020-10-30
PRJNA231221	SRR12936510	SAMN16357277	PRJNA231221	Unknown	Germany: Braunschweig	2020-10-30
PRJNA231221	SRR12936541	SAMN16357278	PRJNA231221	Unknown	Germany: Braunschweig	2020-10-30
PRJNA231221	SRR12936543	SAMN16357279	PRJNA231221	Unknown	Germany: Braunschweig	2020-10-30
PRJNA231221	SRR12936544	SAMN16357279	PRJNA231221	Unknown	Germany: Braunschweig	2020-10-30
PRJNA231221	SRR12936575	SAMN16357280	PRJNA231221	Unknown	Germany: Braunschweig	2020-10-30
PRJNA231221	SRR12936584	SAMN16357282	PRJNA231221	Unknown	Germany: Braunschweig	2020-10-30
PRJNA231221	SRR12936586	SAMN16357282	PRJNA231221	Unknown	Germany: Braunschweig	2020-10-30
PRJNA231221	SRR12936591	SAMN16357283	PRJNA231221	Unknown	Germany: Braunschweig	2020-10-30
PRJNA231221	SRR12936658	SAMN16357284	PRJNA231221	Unknown	Germany: Braunschweig	2020-10-30
PRJNA231221	SRR12936659	SAMN16357284	PRJNA231221	Unknown	Germany: Braunschweig	2020-10-30
PRJNA231221	SRR12936660	SAMN16357284	PRJNA231221	Unknown	Germany: Braunschweig	2020-10-30
PRJNA231221	SRR12937414	SAMN16357286	PRJNA231221	Unknown	Germany: Braunschweig	2020-10-31
PRJNA231221	SRR12937415	SAMN16357286	PRJNA231221	Unknown	Germany: Braunschweig	2020-10-30
PRJNA231221	SRR12937478	SAMN16357288	PRJNA231221	Unknown	Germany: Braunschweig	2020-10-30
PRJNA231221	SRR12937506	SAMN16357290	PRJNA231221	Unknown	Germany: Braunschweig	2020-10-30
PRJNA231221	SRR12937576	SAMN16357293	PRJNA231221	Unknown	Germany: Braunschweig	2020-10-31
PRJNA231221	SRR12937824	SAMN16357294	PRJNA231221	Unknown	Germany: Braunschweig	2020-10-31
PRJNA231221	SRR12937847	SAMN16357296	PRJNA231221	Unknown	Germany: Braunschweig	2020-10-31
PRJNA231221	SRR12937899	SAMN16357297	PRJNA231221	Unknown	Germany: Braunschweig	2020-10-31
PRJNA231221	SRR12937901	SAMN16357298	PRJNA231221		Germany: Braunschweig	2020-10-31
PRJNA231221	SRR12937907	SAMN16357300	PRJNA231221		Germany: Braunschweig	2020-10-31
PRJNA231221	SRR12937952	SAMN16357304	PRJNA231221		Germany: Braunschweig	2020-10-31
PRJNA231221	SRR12937957	SAMN16357306	PRJNA231221	Unknown	Germany: Braunschweig	2020-10-31
PRJNA231221	SRR12938577	SAMN16357310	PRJNA231221	Unknown	Germany: Braunschweig	2020-10-31
PRJNA231221	SRR12938604	SAMN16357313	PRJNA231221	Unknown	Germany: Braunschweig	2020-10-31
PRJNA231221	SRR12938615	SAMN16357315	PRJNA231221	Unknown	Germany: Braunschweig	2020-10-31
PRJNA231221	SRR12938890	SAMN16357320	PRJNA231221	Unknown	Germany: Braunschweig	2020-10-31
PRJNA231221	SRR12938926	SAMN16357324	PRJNA231221	Unknown	Germany: Braunschweig	2020-10-31
PRJNA231221	SRR12938958	SAMN16357326	PRJNA231221	Unknown	Germany: Braunschweig	2020-10-31
PRJNA231221	SRR12938960	SAMN16357327	PRJNA231221	Unknown	Germany: Braunschweig	2020-10-31
PRJNA231221	SRR12938962	SAMN16357328	PRJNA231221	Unknown	Germany: Braunschweig	2020-10-31
PRJNA231221	SRR12938964	SAMN16357329	PRJNA231221	Unknown	USA:MD	2020-10-31
PRJNA231221	SRR13181162	SAMN16357331	PRJNA231221	Unknown	Germany: Braunschweig	2020-12-03
PRJNA231221	SRR13181259	SAMN16357335	PRJNA231221	Unknown	Germany: Braunschweig	2020-12-03
PRJNA231221	SRR13181466	SAMN16357336	PRJNA231221	Unknown	Germany: Braunschweig	2020-12-03
PRJNA231221	SRR13181605	SAMN16357342	PRJNA231221	Unknown	Germany: Braunschweig	2020-12-03
PRJNA231221	SRR13181608	SAMN16357343	PRJNA231221	Unknown	Germany: Braunschweig	2020-12-03
PRJNA231221	SRR13181609	SAMN16357344	PRJNA231221		Germany: Braunschweig	2020-12-03
PRJNA231221	SRR13181611	SAMN16357345	PRJNA231221	Unknown	Germany: Braunschweig	2020-12-03
PRJNA231221	SRR13181612	SAMN16357345	PRJNA231221	Unknown	Germany: Braunschweig	2020-12-03
PRJNA231221	SRR13181614	SAMN16357346	PRJNA231221	Unknown	Germany: Braunschweig	2020-12-03
PRJNA231221	SRR13181615	SAMN16357347	PRJNA231221	Unknown	Germany: Braunschweig	2020-12-03
PRJNA231221	SRR13181616	SAMN16357347	PRJNA231221	Unknown	Germany: Braunschweig	2020-12-03
PRJNA231221	SRR13181641	SAMN16357348	PRJNA231221	Unknown	Germany: Braunschweig	2020-12-03
PRJNA231221	SRR13181643	SAMN16357349	PRJNA231221	Unknown	Germany: Braunschweig	2020-12-03
PRJNA231221	SRR13181644	SAMN16357349	PRJNA231221	Unknown	Germany: Braunschweig	2020-12-03
PRJNA231221	SRR13181645	SAMN16357350	PRJNA231221	Unknown	Germany: Braunschweig	2020-12-03
PRJNA231221	SRR13181647	SAMN16357351	PRJNA231221	Unknown	Germany: Braunschweig	2020-12-03
PRJNA231221	SRR13181656	SAMN16357355	PRJNA231221	Unknown	Germany: Braunschweig	2020-12-03
PRJNA231221	SRR13181892	SAMN16357356	PRJNA231221	Unknown	Germany: Braunschweig	2020-12-03
PRJNA231221	SRR13181970	SAMN16357359	PRJNA231221	Unknown	Germany: Braunschweig	2020-12-03
PRJNA231221	SRR13181990	SAMN16357362	PRJNA231221	Unknown	USA:MD	2020-12-03
PRJNA231221	SRR13181991	SAMN16357363	PRJNA231221	Unknown	USA:MD	2020-12-03
PRJNA231221	SRR13182320	SAMN16357366	PRJNA231221	Unknown	USA:MD	2020-12-03
PRJNA231221	SRR13182321	SAMN16357366	PRJNA231221	Unknown	USA:MD	2020-12-03
PRJNA231221	SRR13182350	SAMN16357369	PRJNA231221	Unknown	USA:MD	2020-12-03
PRJNA231221	SRR13182353	SAMN16357371	PRJNA231221	Unknown	USA:MD	2020-12-03
PRJNA231221	SRR13182360	SAMN16357373	PRJNA231221	Unknown	USA:MD	2020-12-03
PRJNA231221	SRR13182361	SAMN16357373	PRJNA231221	Unknown	USA:MD	2020-12-03
PRJNA231221	SRR13182420	SAMN16357375	PRJNA231221	Unknown	USA:MD	2020-12-03
PRJNA231221	SRR13182422	SAMN16357376	PRJNA231221	Unknown	USA:MD	2020-12-03
PRJNA231221	SRR13182424	SAMN16357377	PRJNA231221	Unknown	USA:MD	2020-12-03
PRJNA231221	SRR13182522	SAMN16357382	PRJNA231221	Unknown	USA:MD	2020-12-03
PRJNA231221	SRR13182642	SAMN16357387	PRJNA231221	Unknown	USA:MD	2020-12-03
PRJNA231221	SRR13182674	SAMN16357389	PRJNA231221	Unknown	USA:MD	2020-12-03
PRJNA231221	SRR13182676	SAMN16357390	PRJNA231221	Unknown	USA:WA	2020-12-03
PRJNA231221	SRR13182690	SAMN16357391	PRJNA231221	Unknown	USA:WA	2020-12-03
PRJNA231221	SRR13182692	SAMN16357392	PRJNA231221	Unknown	USA:WA	2020-12-03
PRJNA231221	SRR13182697	SAMN16357393	PRJNA231221	Unknown	USA:WA	2020-12-03
PRJNA231221	SRR13182698	SAMN16357393	PRJNA231221	Unknown	USA:WA	2020-12-03
PRJNA231221	SRR13182788	SAMN16357396	PRJNA231221	Unknown	USA:WA	2020-12-03
PRJNA231221	SRR13182824	SAMN16357399	PRJNA231221	Unknown	USA:WA	2020-12-03
PRJNA231221	SRR13182827	SAMN16357400	PRJNA231221	Unknown	USA:WA	2020-12-03
PRJNA231221	SRR13182983	SAMN16357402	PRJNA231221	Unknown	USA:WA	2020-12-03
PRJNA231221	SRR13182984	SAMN16357402	PRJNA231221	Unknown	USA:WA	2020-12-03
PRJNA231221	SRR13182985	SAMN16357403	PRJNA231221	Unknown	USA:WA	2020-12-03
PRJNA231221	SRR13182986	SAMN16357403	PRJNA231221	Unknown	USA:WA	2020-12-03
PRJNA231221	SRR13182994	SAMN16357407	PRJNA231221	Unknown	USA:WA	2020-12-03
PRJNA231221	SRR13183021	SAMN16357409	PRJNA231221	Unknown	USA:WA	2020-12-03
PRJNA231221	SRR13183041	SAMN16357411	PRJNA231221	Unknown	USA:WA	2020-12-03
PRJNA231221	SRR13183043	SAMN16357412	PRJNA231221	Unknown	USA:WA	2020-12-03
PRJNA231221	SRR13183045	SAMN16357413	PRJNA231221	Unknown	USA:VA	2020-12-03
PRJNA231221	SRR13183046	SAMN16357413	PRJNA231221	Unknown	USA:VA	2020-12-03
PRJNA231221	SRR13183061	SAMN16357414	PRJNA231221	Unknown	USA:MD	2020-12-03
PRJNA231221	SRR13183064	SAMN16357414	PRJNA231221	Unknown	USA:MD	2020-12-03
PRJNA231221	SRR13183070	SAMN16357416	PRJNA231221	Unknown	USA:MD	2020-12-03
PRJNA231221	SRR13183072	SAMN16357416	PRJNA231221	Unknown	USA:MD	2020-12-03
PRJNA231221	SRR15070057	SAMN16357535	PRJNA231221	Unknown	Germany: Braunschweig	2021-07-10
PRJNA231221	SRR15070058	SAMN16357535	PRJNA231221	Unknown	Germany: Braunschweig	2021-07-10
PRJNA231221	SRR15070496	SAMN16357536	PRJNA231221	Unknown	Germany: Braunschweig	2021-07-10
PRJNA231221	SRR15070498	SAMN16357536	PRJNA231221	Unknown	Germany: Braunschweig	2021-07-10
PRJNA231221	SRR15070562	SAMN16357538	PRJNA231221	Unknown	Germany: Braunschweig	2021-07-10
PRJNA231221	SRR15070656	SAMN16357541	PRJNA231221	Unknown	Germany: Braunschweig	2021-07-10
PRJNA231221	SRR15070716	SAMN16357539	PRJNA231221	Unknown	Germany: Braunschweig	2021-07-10
PRJNA231221	SRR15070717	SAMN16357539	PRJNA231221	Unknown	Germany: Braunschweig	2021-07-10
PRJNA231221	SRR15074134	SAMN16357542	PRJNA231221	Unknown	Germany: Braunschweig	2021-07-10
PRJNA231221	SRR15074886	SAMN16357563	PRJNA231221	Unknown	Germany: Braunschweig	2021-07-10
PRJNA231221	SRR15075386	SAMN16357565	PRJNA231221	Unknown	Germany: Braunschweig	2021-07-10
PRJNA231221	SRR15075397	SAMN16357566	PRJNA231221	Unknown	Germany: Braunschweig	2021-07-10
PRJNA231221	SRR15075398	SAMN16357567	PRJNA231221	Unknown	Germany: Braunschweig	2021-07-10
PRJNA231221	SRR15075400	SAMN16357568	PRJNA231221	Unknown	Germany: Braunschweig	2021-07-10
PRJNA231221	SRR15075414	SAMN16357569	PRJNA231221	Unknown	Germany: Braunschweig	2021-07-10
PRJNA231221	SRR15075445	SAMN16357570	PRJNA231221	Unknown	Germany: Braunschweig	2021-07-10
PRJNA231221	SRR15075446	SAMN16357570	PRJNA231221	Unknown	Germany: Braunschweig	2021-07-10
PRJNA231221	SRR15075447	SAMN16357572	PRJNA231221	Unknown	Germany: Braunschweig	2021-07-10
PRJNA231221	SRR15075448	SAMN16357572	PRJNA231221	Unknown	Germany: Braunschweig	2021-07-10
PRJNA231221	SRR15075449	SAMN16357573	PRJNA231221	Unknown	Germany: Braunschweig	2021-07-10
PRJNA231221	SRR15075452	SAMN16357574	PRJNA231221	Unknown	Germany: Braunschweig	2021-07-10
PRJNA231221	SRR15075453	SAMN16357575	PRJNA231221	Unknown	Germany: Braunschweig	2021-07-10
PRJNA231221	SRR15075462	SAMN16357576	PRJNA231221	Unknown	Germany: Braunschweig	2021-07-10
PRJNA231221	SRR15076163	SAMN16357587	PRJNA231221	Unknown	Germany: Braunschweig	2021-07-10
PRJNA231221	SRR15076165	SAMN16357586	PRJNA231221	Unknown	Germany: Braunschweig	2021-07-10
PRJNA231221	SRR15076202	SAMN16357584	PRJNA231221	Unknown	Germany: Braunschweig	2021-07-10
PRJNA231221	SRR15076245	SAMN16357581	PRJNA231221	Unknown	Germany: Braunschweig	2021-07-10
PRJNA231221	SRR15076246	SAMN16357581	PRJNA231221	Unknown	Germany: Braunschweig	2021-07-10
PRJNA231221	SRR15076254	SAMN16357589	PRJNA231221	Unknown	Germany: Braunschweig	2021-07-10
PRJNA231221	SRR15076386	SAMN16357600	PRJNA231221	Unknown	Germany: Braunschweig	2021-07-10
PRJNA231221	SRR15076387	SAMN16357600	PRJNA231221	Unknown	Germany: Braunschweig	2021-07-10
PRJNA231221	SRR15076389	SAMN16357516	PRJNA231221	Unknown	USA:MT	2021-07-10
PRJNA231221	SRR15076395	SAMN16357525	PRJNA231221	Unknown	USA:MT	2021-07-10
PRJNA231221	SRR15076396	SAMN16357525	PRJNA231221	Unknown	USA:MT	2021-07-10
PRJNA231221	SRR15076398	SAMN16357527	PRJNA231221	Unknown	USA:MT	2021-07-10
PRJNA231221	SRR15076402	SAMN16357591	PRJNA231221	Unknown	Germany: Braunschweig	2021-07-10
PRJNA231221	SRR15076414	SAMN16357592	PRJNA231221	Unknown	Germany: Braunschweig	2021-07-10
PRJNA231221	SRR15076440	SAMN16357593	PRJNA231221	Unknown	Germany: Braunschweig	2021-07-10
PRJNA231221	SRR15076452	SAMN16357596	PRJNA231221	Unknown	Germany: Braunschweig	2021-07-10
PRJNA231221	SRR15076552	SAMN16357529	PRJNA231221	Unknown	USA:MT	2021-07-10
PRJNA231221	SRR15076553	SAMN16357529	PRJNA231221	Unknown	USA:MT	2021-07-10
PRJNA231221	SRR15076554	SAMN16357530	PRJNA231221	Unknown	USA:MT	2021-07-10
PRJNA231221	SRR15076557	SAMN16357531	PRJNA231221	Unknown	USA:MT	2021-07-10
PRJNA231221	SRR15076559	SAMN16357532	PRJNA231221	Unknown	USA:MT	2021-07-10
PRJNA231221	SRR15076567	SAMN16357518	PRJNA231221	Unknown	USA:MT	2021-07-10
PRJNA231221	SRR15076570	SAMN16357519	PRJNA231221	Unknown	USA:MT	2021-07-10
PRJNA231221	SRR15076577	SAMN16357523	PRJNA231221	Unknown	USA:MT	2021-07-10
PRJNA231221	SRR15076581	SAMN16357544	PRJNA231221	Unknown	USA:MD	2021-07-10
PRJNA231221	SRR15076597	SAMN16357557	PRJNA231221	Unknown	USA:MD	2021-07-10
PRJNA231221	SRR15076625	SAMN16357547	PRJNA231221	Unknown	USA:MD	2021-07-10
PRJNA231221	SRR15079688	SAMN16357545	PRJNA231221	Unknown	USA:MD	2021-07-10
PRJNA231221	SRR15079689	SAMN16357545	PRJNA231221	Unknown	USA:MD	2021-07-10
PRJNA231221	SRR15079695	SAMN16357546	PRJNA231221	Unknown	USA:MD	2021-07-10
PRJNA231221	SRR15079696	SAMN16357551	PRJNA231221	Unknown	USA:MD	2021-07-10
PRJNA231221	SRR1596450	SAMN02934509	PRJNA231221	2013-10-14	USA	2015-02-03
PRJNA231221	SRR1596451	SAMN02934509	PRJNA231221	2013-10-14	USA	2015-02-03
PRJNA231221	SRR1608926	SAMN02934513	PRJNA231221	2013-10-16	USA	2015-02-03
PRJNA231221	SRR1608927	SAMN02934514	PRJNA231221	2013-10-19	USA	2015-02-03
PRJNA231221	SRR1608929	SAMN02934514	PRJNA231221	2013-10-19	USA	2015-02-03
PRJNA231221	SRR1608936	SAMN02934512	PRJNA231221	2013-10-11	USA	2015-02-03
PRJNA231221	SRR1608964	SAMN02934516	PRJNA231221	2013-10-22	USA	2015-02-03
PRJNA231221	SRR1608967	SAMN02934519	PRJNA231221	2013-10-22	USA	2015-02-03
PRJNA231221	SRR1608971	SAMN02934520	PRJNA231221	2013-10-14	USA	2015-02-03
PRJNA231221	SRR1608978	SAMN02934522	PRJNA231221	2013-09-22	USA	2015-02-03
PRJNA231221	SRR1608979	SAMN02934522	PRJNA231221	2013-09-22	USA	2015-02-03
PRJNA231221	SRR1608980	SAMN02934522	PRJNA231221	2013-09-22	USA	2015-02-03
PRJNA231221	SRR1608981	SAMN02934522	PRJNA231221	2013-09-22	USA	2015-02-03
PRJNA231221	SRR1609060	SAMN02934523	PRJNA231221	2013-09-16	USA	2015-02-03
PRJNA231221	SRR1609061	SAMN02934523	PRJNA231221	2013-09-16	USA	2015-02-03
PRJNA231221	SRR1609074	SAMN02934527	PRJNA231221	2013-06-28	USA	2015-02-03
PRJNA231221	SRR1609078	SAMN02934528	PRJNA231221	2013-06-21	USA	2015-02-03
PRJNA231221	SRR1609081	SAMN02934530	PRJNA231221	2013-09-07	USA	2015-02-03
PRJNA231221	SRR1609082	SAMN02934530	PRJNA231221	2013-09-07	USA	2015-02-03
PRJNA231221	SRR1609084	SAMN02934530	PRJNA231221	2013-09-07	USA	2015-02-03
PRJNA231221	SRR1609094	SAMN02934533	PRJNA231221	2013-11-03	USA	2015-02-03
PRJNA231221	SRR1609095	SAMN02934533	PRJNA231221	2013-11-03	USA	2015-02-03
PRJNA231221	SRR1609099	SAMN02934536	PRJNA231221	2013-11-01	USA	2015-02-03
PRJNA231221	SRR1609101	SAMN02934536	PRJNA231221	2013-11-01	USA	2015-02-03
PRJNA231221	SRR1609108	SAMN02934538	PRJNA231221	2013-11-07	USA	2015-02-03
PRJNA231221	SRR1609114	SAMN02934540	PRJNA231221	2013-11-18	USA	2015-02-03
PRJNA231221	SRR1609120	SAMN02934544	PRJNA231221	2013-11-22	USA	2015-02-03
PRJNA231221	SRR13668426	SAMN16357471	PRJNA231221	Unknown	USA:WA	2021-02-10
PRJNA231221	SRR13668436	SAMN16357473	PRJNA231221	Unknown	USA:WA	2021-02-10
PRJNA231221	SRR13668439	SAMN16357472	PRJNA231221	Unknown	USA:WA	2021-02-10
PRJNA231221	SRR13669076	SAMN16357477	PRJNA231221	Unknown	USA:WA	2021-02-10
PRJNA231221	SRR13669977	SAMN16357479	PRJNA231221	Unknown	USA:WA	2021-02-10
PRJNA231221	SRR13670065	SAMN16357419	PRJNA231221	Unknown	USA:WA	2021-02-10
PRJNA231221	SRR13670128	SAMN16357420	PRJNA231221	Unknown	USA:WA	2021-02-10
PRJNA231221	SRR13670129	SAMN16357420	PRJNA231221	Unknown	USA:WA	2021-02-10
PRJNA231221	SRR13670134	SAMN16357422	PRJNA231221	Unknown	USA:WA	2021-02-10
PRJNA231221	SRR13670135	SAMN16357422	PRJNA231221	Unknown	USA:WA	2021-02-10
PRJNA231221	SRR13670660	SAMN16357512	PRJNA231221	Unknown	USA:WA	2021-02-10
PRJNA231221	SRR13670662	SAMN16357424	PRJNA231221	Unknown	USA:WA	2021-02-10
PRJNA231221	SRR13670663	SAMN16357424	PRJNA231221	Unknown	USA:WA	2021-02-10
PRJNA231221	SRR13672844	SAMN16357514	PRJNA231221	Unknown	USA:WA	2021-02-10
PRJNA231221	SRR13672846	SAMN16357425	PRJNA231221	Unknown	USA:WA	2021-02-10
PRJNA231221	SRR13672857	SAMN16357426	PRJNA231221	Unknown	USA:WA	2021-02-10
PRJNA231221	SRR13672858	SAMN16357427	PRJNA231221	Unknown	USA:WA	2021-02-10
PRJNA231221	SRR13672950	SAMN16357429	PRJNA231221	Unknown	USA:WA	2021-02-10
PRJNA231221	SRR13673743	SAMN16357433	PRJNA231221	Unknown	USA:WA	2021-02-10
PRJNA231221	SRR13673794	SAMN16357434	PRJNA231221	Unknown	USA:WA	2021-02-10
PRJNA231221	SRR13673795	SAMN16357434	PRJNA231221	Unknown	USA:WA	2021-02-10
PRJNA231221	SRR13673801	SAMN16357437	PRJNA231221	Unknown	USA:WA	2021-02-10
PRJNA231221	SRR13673802	SAMN16357438	PRJNA231221	Unknown	USA:WA	2021-02-10
PRJNA231221	SRR13673804	SAMN16357439	PRJNA231221	Unknown	USA:WA	2021-02-10
PRJNA231221	SRR13673806	SAMN16357440	PRJNA231221	Unknown	USA:WA	2021-02-10
PRJNA231221	SRR13673851	SAMN16357441	PRJNA231221	Unknown	USA:WA	2021-02-10
PRJNA231221	SRR13673891	SAMN16357442	PRJNA231221	Unknown	USA:WA	2021-02-10
PRJNA231221	SRR13673894	SAMN16357443	PRJNA231221	Unknown	USA:WA	2021-02-10
PRJNA231221	SRR13673975	SAMN16357449	PRJNA231221	Unknown	USA:WA	2021-02-10
PRJNA231221	SRR13673976	SAMN16357450	PRJNA231221	Unknown	USA:WA	2021-02-10
PRJNA231221	SRR13673977	SAMN16357450	PRJNA231221	Unknown	USA:WA	2021-02-10
PRJNA231221	SRR13674003	SAMN16357453	PRJNA231221	Unknown	USA:WA	2021-02-10
PRJNA231221	SRR13674008	SAMN16357455	PRJNA231221	Unknown	USA:WA	2021-02-10
PRJNA231221	SRR13674213	SAMN16357457	PRJNA231221	Unknown	USA:WA	2021-02-11
PRJNA231221	SRR13674231	SAMN16357460	PRJNA231221	Unknown	USA:WA	2021-02-11
PRJNA231221	SRR13674232	SAMN16357461	PRJNA231221	Unknown	USA:WA	2021-02-11
PRJNA231221	SRR13674404	SAMN16357465	PRJNA231221	Unknown	USA:WA	2021-02-11
PRJNA231221	SRR13674412	SAMN16357484	PRJNA231221	Unknown	USA:MD	2021-02-11
PRJNA231221	SRR13674413	SAMN16357487	PRJNA231221	Unknown	USA:MD	2021-02-11
PRJNA231221	SRR13674417	SAMN16357489	PRJNA231221	Unknown	USA:MD	2021-02-11
PRJNA231221	SRR13674419	SAMN16357490	PRJNA231221	Unknown	USA:MD	2021-02-11
PRJNA231221	SRR13674426	SAMN16357493	PRJNA231221	Unknown	USA:MD	2021-02-11
PRJNA231221	SRR13674427	SAMN16357493	PRJNA231221	Unknown	USA:MD	2021-02-11
PRJNA231221	SRR13674428	SAMN16357493	PRJNA231221	Unknown	USA:MD	2021-02-11
PRJNA231221	SRR13674431	SAMN16357495	PRJNA231221	Unknown	USA:MD	2021-02-11
PRJNA231221	SRR13674433	SAMN16357495	PRJNA231221	Unknown	USA:MD	2021-02-11
PRJNA231221	SRR13674437	SAMN16357497	PRJNA231221	Unknown	USA:MD	2021-02-11
PRJNA231221	SRR13674439	SAMN16357498	PRJNA231221	Unknown	USA:MD	2021-02-11
PRJNA231221	SRR13674441	SAMN16357499	PRJNA231221	Unknown	USA:MD	2021-02-11
PRJNA231221	SRR13674443	SAMN16357500	PRJNA231221	Unknown	USA:MD	2021-02-11
PRJNA231221	SRR13674444	SAMN16357501	PRJNA231221	Unknown	USA:MD	2021-02-11
PRJNA231221	SRR13674448	SAMN16357503	PRJNA231221	Unknown	USA:MD	2021-02-11
PRJNA231221	SRR13674449	SAMN16357503	PRJNA231221	Unknown	USA:MD	2021-02-11
PRJNA231221	SRR13674451	SAMN16357494	PRJNA231221	Unknown	USA:MD	2021-02-11
PRJNA231221	SRR13674455	SAMN16357506	PRJNA231221	Unknown	USA:MD	2021-02-11
PRJNA231221	SRR13674458	SAMN16357508	PRJNA231221	Unknown	USA:MD	2021-02-11
PRJNA231221	SRR13674461	SAMN16357509	PRJNA231221	Unknown	USA:MD	2021-02-11
PRJNA231221	SRR13674462	SAMN16357510	PRJNA231221	Unknown	USA:MD	2021-02-11
PRJNA231221	SRR13674464	SAMN16357511	PRJNA231221	Unknown	USA:MD	2021-02-13
PRJNA231221	SRR17115537	SAMN22091637	PRJNA231221	Unknown	Germany: Braunschweig	2021-12-04
PRJNA231221	SRR17115538	SAMN22091638	PRJNA231221	Unknown	Germany: Braunschweig	2021-12-04
PRJNA231221	SRR17115539	SAMN22091638	PRJNA231221	Unknown	Germany: Braunschweig	2021-12-04
PRJNA231221	SRR17115540	SAMN22091639	PRJNA231221	Unknown	Germany: Braunschweig	2021-12-04
PRJNA231221	SRR17115542	SAMN22091640	PRJNA231221	Unknown	Germany: Braunschweig	2021-12-04
PRJNA231221	SRR17115543	SAMN22091640	PRJNA231221	Unknown	Germany: Braunschweig	2021-12-04
PRJNA231221	SRR17115550	SAMN22365119	PRJNA231221	Unknown	Germany: Braunschweig	2021-12-04
PRJNA231221	SRR17117122	SAMN22091646	PRJNA231221	Unknown	Germany: Braunschweig	2021-12-04
PRJNA231221	SRR17117124	SAMN22091647	PRJNA231221	Unknown	Germany: Braunschweig	2021-12-04
PRJNA231221	SRR17117158	SAMN22091648	PRJNA231221	Unknown	Germany: Braunschweig	2021-12-04
PRJNA231221	SRR17117160	SAMN22091649	PRJNA231221	Unknown	Germany: Braunschweig	2021-12-04
PRJNA231221	SRR17117164	SAMN22091651	PRJNA231221		Germany: Braunschweig	2021-12-04
PRJNA231221	SRR17117173	SAMN22365121	PRJNA231221	Unknown	Germany: Braunschweig	2021-12-04
PRJNA231221	SRR17117178	SAMN22091653	PRJNA231221	Unknown	Germany: Braunschweig	2021-12-04
PRJNA231221	SRR17117179	SAMN22365122	PRJNA231221		Germany: Braunschweig	2021-12-04
PRJNA231221	SRR17117367	SAMN22091655	PRJNA231221	Unknown	Germany: Braunschweig	2021-12-04
PRJNA231221	SRR17117369	SAMN22091656	PRJNA231221	Unknown	Germany: Braunschweig	2021-12-04
PRJNA231221	SRR17117372	SAMN22091657	PRJNA231221	Unknown	Germany: Braunschweig	2021-12-04
PRJNA231221	SRR17117381	SAMN22091660	PRJNA231221	Unknown	Germany: Braunschweig	2021-12-04
PRJNA231221	SRR17117382	SAMN22091660	PRJNA231221	Unknown	Germany: Braunschweig	2021-12-04
PRJNA231221	SRR17117386	SAMN22365124	PRJNA231221	Unknown	Germany: Braunschweig	2021-12-04
PRJNA231221	SRR17118586	SAMN22091662	PRJNA231221	Unknown	Germany: Braunschweig	2021-12-04
PRJNA231221	SRR17118587	SAMN22091662	PRJNA231221	Unknown	Germany: Braunschweig	2021-12-04
PRJNA231221	SRR17118588	SAMN22091663	PRJNA231221	Unknown	Germany: Braunschweig	2021-12-04
PRJNA231221	SRR17118602	SAMN22365128	PRJNA231221	Unknown	Germany: Braunschweig	2021-12-04
PRJNA231221	SRR17118621	SAMN22091665	PRJNA231221	Unknown	Germany: Braunschweig	2021-12-04
PRJNA231221	SRR17118622	SAMN22091665	PRJNA231221	Unknown	Germany: Braunschweig	2021-12-04
PRJNA231221	SRR17118627	SAMN22365129	PRJNA231221	Unknown	Germany: Braunschweig	2021-12-04
PRJNA231221	SRR17118682	SAMN22365130	PRJNA231221	Unknown	Germany: Braunschweig	2021-12-04
PRJNA231221	SRR17119280	SAMN22365132	PRJNA231221		Germany: Braunschweig	2021-12-04
PRJNA231221	SRR17119281	SAMN22365132	PRJNA231221		Germany: Braunschweig	2021-12-04
PRJNA231221	SRR17119283	SAMN22365133	PRJNA231221		Germany: Braunschweig	2021-12-04
PRJNA231221	SRR17120922	SAMN23242879	PRJNA231221		Germany: Braunschweig	2021-12-04
PRJNA231221	SRR17121936	SAMN23242880	PRJNA231221	Unknown	Germany: Braunschweig	2021-12-04
PRJNA231221	SRR17121937	SAMN23242880	PRJNA231221	Unknown	Germany: Braunschweig	2021-12-04
PRJNA231221	SRR17122010	SAMN23242881	PRJNA231221	Unknown	Germany: Braunschweig	2021-12-04
PRJNA231221	SRR17124527	SAMN23242882	PRJNA231221	Unknown	Germany: Braunschweig	2021-12-04
PRJNA231221	SRR17124559	SAMN23242884	PRJNA231221	Unknown	Germany: Braunschweig	2021-12-04
PRJNA231221	SRR17125749	SAMN23242889	PRJNA231221	Unknown	Germany: Braunschweig	2021-12-05
PRJNA231221	SRR17125847	SAMN23242890	PRJNA231221	Unknown	Germany: Braunschweig	2021-12-05
PRJNA231221	SRR17125848	SAMN23242890	PRJNA231221	Unknown	Germany: Braunschweig	2021-12-05
PRJNA231221	SRR17126305	SAMN23242891	PRJNA231221	Unknown	Germany: Braunschweig	2021-12-05
PRJNA231221	SRR17126309	SAMN23242893	PRJNA231221	Unknown	Germany: Braunschweig	2021-12-05
PRJNA231221	SRR17126310	SAMN23242893	PRJNA231221	Unknown	Germany: Braunschweig	2021-12-05
PRJNA231221	SRR17126338	SAMN22091674	PRJNA231221	Unknown	USA: Silver Spring	2021-12-05
PRJNA231221	SRR17126947	SAMN22091669	PRJNA231221	Unknown	USA: Silver Spring	2021-12-05
PRJNA231221	SRR17126952	SAMN22091671	PRJNA231221	Unknown	USA: Silver Spring	2021-12-05
PRJNA231221	SRR17127860	SAMN22091679	PRJNA231221	Unknown	USA: Silver Spring	2021-12-05
PRJNA231221	SRR17127862	SAMN22091680	PRJNA231221	Unknown	USA: Silver Spring	2021-12-05
PRJNA231221	SRR17127864	SAMN22091681	PRJNA231221	Unknown	USA: Silver Spring	2021-12-05
PRJNA231221	SRR17127865	SAMN22091681	PRJNA231221	Unknown	USA: Silver Spring	2021-12-05
PRJNA231221	SRR17128604	SAMN22091683	PRJNA231221	Unknown	USA: Silver Spring	2021-12-05
PRJNA231221	SRR17128606	SAMN22091684	PRJNA231221	Unknown	USA: Silver Spring	2021-12-05
PRJNA231221	SRR17133866	SAMN22091673	PRJNA231221	Unknown	USA: Silver Spring	2021-12-06
PRJNA231221	SRR17133868	SAMN22091678	PRJNA231221	Unknown	USA: Silver Spring	2021-12-06
PRJNA231221	SRR17261986	SAMN16357619	PRJNA231221	missing	missing	2021-12-18
PRJNA231221	SRR17261990	SAMN24061103	PRJNA231221	2018	USA	2021-12-18
PRJNA231221	SRR17261994	SAMN24061075	PRJNA231221	2014	USA	2021-12-18
PRJNA231221	SRR17261996	SAMN24061077	PRJNA231221	2014	USA	2021-12-18
PRJNA231221	SRR17261999	SAMN24061080	PRJNA231221	2014	USA	2021-12-18
PRJNA231221	SRR17262060	SAMN24061081	PRJNA231221	2014	USA	2021-12-18
PRJNA231221	SRR17262073	SAMN24061094	PRJNA231221	2018	USA	2021-12-18
PRJNA231221	SRR17262078	SAMN24061099	PRJNA231221	2018	USA	2021-12-18
PRJNA231221	SRR17262079	SAMN24061100	PRJNA231221	2018	USA	2021-12-18
PRJNA231221	SRR17262086	SAMN16357628	PRJNA231221	missing	missing	2021-12-18
PRJNA231221	SRR17262088	SAMN16357610	PRJNA231221	missing	missing	2021-12-18
PRJNA231221	SRR17262090	SAMN16357613	PRJNA231221	missing	missing	2021-12-18
PRJNA231221	SRR1784836	SAMN03255431	PRJNA231221	1998	USA: WA	2015-05-14
PRJNA231221	SRR1949975	SAMN03255432	PRJNA231221	1998	USA: LA	2015-05-14
PRJNA231221	SRR1949976	SAMN03255432	PRJNA231221	1998	USA: LA	2015-05-14
PRJNA231221	SRR1950241	SAMN03255433	PRJNA231221	2004	USA: AK	2015-05-14
PRJNA231221	SRR1950243	SAMN03255433	PRJNA231221	2004	USA: AK	2015-05-14
PRJNA231221	SRR1950244	SAMN03255434	PRJNA231221		Brazil	2015-05-14
PRJNA231221	SRR1950245	SAMN03255434	PRJNA231221		Brazil	2015-05-14
PRJNA231221	SRR1950246	SAMN03255434	PRJNA231221		Brazil	2015-05-14
PRJNA231221	SRR1950251	SAMN03255435	PRJNA231221			2015-05-14
PRJNA231221	SRR1950327	SAMN03255438	PRJNA231221	2013	USA: MN	2015-04-03
PRJNA231221	SRR1950328	SAMN03255439	PRJNA231221	Missing	Missing	2015-04-03
PRJNA231221	SRR1950329	SAMN03255439	PRJNA231221	Missing	Missing	2015-04-03
PRJNA231221	SRR1950330	SAMN03255439	PRJNA231221	Missing	Missing	2015-04-03
PRJNA231221	SRR1955493	SAMN03255441	PRJNA231221	1996	Portugal:Lisbon	2015-04-09
PRJNA231221	SRR1955496	SAMN03255442	PRJNA231221	1998	United Kingdom	2015-04-09
PRJNA231221	SRR1955499	SAMN03255443	PRJNA231221	1981	USA:NY	2015-04-09
PRJNA231221	SRR1955584	SAMN03255445	PRJNA231221	Missing	Missing	2015-04-09
PRJNA231221	SRR1955586	SAMN03255445	PRJNA231221	Missing	Missing	2015-05-14
PRJNA231221	SRR1955595	SAMN03255448	PRJNA231221	1982	Japan	2015-04-09
PRJNA231221	SRR1955596	SAMN03255449	PRJNA231221	1996	French Guiana	2015-04-09
PRJNA231221	SRR1955598	SAMN03255450	PRJNA231221	Missing	Missing	2015-04-09
PRJNA231221	SRR1955607	SAMN03255451	PRJNA231221	Missing	Missing	2015-04-09
PRJNA231221	SRR1955613	SAMN03255453	PRJNA231221	1971	Missing	2015-05-14
PRJNA231221	SRR1955619	SAMN03255456	PRJNA231221	Missing	Missing	2015-04-09
PRJNA231221	SRR1955624	SAMN03255458	PRJNA231221	Missing	Missing	2015-05-14
PRJNA231221	SRR1955805	SAMN03255461	PRJNA231221	Missing	USA:Tennessee	2015-04-09
PRJNA231221	SRR1955808	SAMN03255462	PRJNA231221	Missing	Missing	2015-04-09
PRJNA231221	SRR1955809	SAMN03255462	PRJNA231221	Missing	Missing	2015-05-14
PRJNA231221	SRR1955821	SAMN03255465	PRJNA231221	Missing	USA:Washington	2015-05-14
PRJNA231221	SRR1955822	SAMN03255465	PRJNA231221	Missing	USA:Washington	2015-04-09
PRJNA231221	SRR1955823	SAMN03255466	PRJNA231221	1960	Missing	2015-05-14
PRJNA231221	SRR1955825	SAMN03255467	PRJNA231221	Missing	Missing	2015-05-14
PRJNA231221	SRR1955826	SAMN03255467	PRJNA231221	Missing	Missing	2015-04-09
PRJNA231221	SRR1955831	SAMN03255469	PRJNA231221	Missing	Missing	2015-04-09
PRJNA231221	SRR1955848	SAMN03255471	PRJNA231221	1935	United Kingdom: London	2015-04-09
PRJNA231221	SRR1955849	SAMN03255471	PRJNA231221	1935	United Kingdom: London	2015-04-09
PRJNA231221	SRR1955855	SAMN03255473	PRJNA231221	Missing	USA	2015-04-09
PRJNA231221	SRR1955859	SAMN03255475	PRJNA231221	Missing	France	2015-05-14
PRJNA231221	SRR1955861	SAMN03255476	PRJNA231221	1996	Japan	2015-05-14
PRJNA231221	SRR1955862	SAMN03255476	PRJNA231221	1996	Japan	2015-04-09
PRJNA231221	SRR1955869	SAMN03255479	PRJNA231221	Missing	Japan	2015-05-14
PRJNA231221	SRR1955871	SAMN03255480	PRJNA231221	2002	USA:Michigan	2015-05-14
PRJNA231221	SRR1955872	SAMN03255481	PRJNA231221	1998	USA:North Dakota	2015-04-09
PRJNA231221	SRR1955874	SAMN03255482	PRJNA231221	1998	USA:North Dakota	2015-05-14
PRJNA231221	SRR1955875	SAMN03255482	PRJNA231221	1998	USA:North Dakota	2015-04-09
PRJNA231221	SRR1955879	SAMN03255484	PRJNA231221	2002	Denmark	2015-04-09
PRJNA231221	SRR1955922	SAMN03255485	PRJNA231221	1964	Denmark	2015-04-09
PRJNA231221	SRR1955924	SAMN03255486	PRJNA231221	1992	Portugal	2015-04-09
PRJNA231221	SRR1955928	SAMN03255489	PRJNA231221	2003	Missing	2015-04-09
PRJNA231221	SRR1955931	SAMN03255487	PRJNA231221	1996	Portugal:Lisbon	2015-04-09
PRJNA231221	SRR2018250	SAMN03611815	PRJNA231221	2014-03-19	Guinea: Gueckedou	2015-05-14
PRJNA231221	SRR2018252	SAMN03611815	PRJNA231221	2014-03-19	Guinea: Gueckedou	2015-05-14
PRJNA231221	SRR2019523	SAMN03611817	PRJNA231221	2014-03-20	Guinea: Gueckedou	2015-05-14
PRJNA231221	SRR2019524	SAMN03611817	PRJNA231221	2014-03-20	Guinea: Gueckedou	2015-05-15
PRJNA231221	SRR2019525	SAMN03611817	PRJNA231221	2014-03-20	Guinea: Gueckedou	2015-05-14
PRJNA231221	SRR2812202	SAMN03996264	PRJNA231221	2013-10-21	USA:DC	2015-10-27
PRJNA231221	SRR2812203	SAMN03996264	PRJNA231221	2013-10-21	USA:DC	2015-10-27
PRJNA231221	SRR2812568	SAMN03996263	PRJNA231221	2013-09-08	USA:DC	2015-10-27
PRJNA231221	SRR2812570	SAMN03996263	PRJNA231221	2013-09-08	USA:DC	2015-10-27
PRJNA231221	SRR2812571	SAMN03996263	PRJNA231221	2013-09-08	USA:DC	2015-10-27
PRJNA231221	SRR2812574	SAMN03996262	PRJNA231221	2013-08-27	USA: DC	2015-10-27
PRJNA231221	SRR2812576	SAMN03996262	PRJNA231221	2013-08-27	USA: DC	2015-10-27
PRJNA231221	SRR2812577	SAMN03996262	PRJNA231221	2013-08-27	USA: DC	2015-10-27
PRJNA231221	SRR2814182	SAMN03996266	PRJNA231221	2013-11-03	USA:DC	2015-10-27
PRJNA231221	SRR2814183	SAMN03996266	PRJNA231221	2013-11-03	USA:DC	2015-10-27
PRJNA231221	SRR2814185	SAMN03996266	PRJNA231221	2013-11-03	USA:DC	2015-10-27
PRJNA231221	SRR2814260	SAMN03996259	PRJNA231221	1994	USA:VA	2015-10-27
PRJNA231221	SRR2814261	SAMN03996259	PRJNA231221	1994	USA:VA	2015-10-27
PRJNA231221	SRR2814419	SAMN03996249	PRJNA231221	1948	USA	2015-10-27
PRJNA231221	SRR2814468	SAMN03996336	PRJNA231221	Missing	USA	2015-10-27
PRJNA231221	SRR2814779	SAMN03996338	PRJNA231221	Missing	Japan	2015-10-27
PRJNA231221	SRR2814836	SAMN03996319	PRJNA231221	Missing	Missing	2015-10-27
PRJNA231221	SRR2815176	SAMN03996320	PRJNA231221	Missing	Germany	2015-10-27
PRJNA231221	SRR2815177	SAMN03996320	PRJNA231221	Missing	Germany	2015-10-27
PRJNA231221	SRR2815877	SAMN03996321	PRJNA231221	Missing	Bangladesh:Dacca	2015-10-27
PRJNA231221	SRR2817107	SAMN03996322	PRJNA231221	Missing	Jordan:Amman	2015-10-27
PRJNA231221	SRR2817464	SAMN03996325	PRJNA231221	Missing	USA: MA	2015-10-27
PRJNA231221	SRR2817811	SAMN03996327	PRJNA231221	Missing	USA:MD	2015-10-27
PRJNA231221	SRR2817813	SAMN03996327	PRJNA231221	Missing	USA:MD	2015-10-27
PRJNA231221	SRR2818087	SAMN03996330	PRJNA231221	Missing	United Kingdom	2015-10-27
PRJNA231221	SRR2818089	SAMN03996330	PRJNA231221	Missing	United Kingdom	2015-10-27
PRJNA231221	SRR2818090	SAMN03996330	PRJNA231221	Missing	United Kingdom	2015-10-27
PRJNA231221	SRR2818092	SAMN03996250	PRJNA231221	1951	Japan	2015-10-27
PRJNA231221	SRR2818095	SAMN03996331	PRJNA231221	Missing	USA: FL	2015-10-27
PRJNA231221	SRR2818099	SAMN03996332	PRJNA231221	Missing	Missing	2015-10-27
PRJNA231221	SRR2818124	SAMN03996333	PRJNA231221	Missing	USA	2015-10-27
PRJNA231221	SRR2818126	SAMN03996333	PRJNA231221	Missing	USA	2015-10-27
PRJNA231221	SRR2818128	SAMN03996334	PRJNA231221	Missing	USA	2015-10-27
PRJNA231221	SRR2818286	SAMN03996335	PRJNA231221	Missing	USA	2015-10-27
PRJNA231221	SRR2818287	SAMN03996335	PRJNA231221	Missing	USA	2015-10-27
PRJNA231221	SRR2818288	SAMN03996335	PRJNA231221	Missing	USA	2015-10-27
PRJNA231221	SRR2818793	SAMN03996265	PRJNA231221	2013-10-24	USA:DC	2015-10-27
PRJNA231221	SRR2818794	SAMN03996265	PRJNA231221	2013-10-24	USA:DC	2015-10-27
PRJNA231221	SRR2818920	SAMN03996270	PRJNA231221	2013-12-06	USA: DC	2015-10-27
PRJNA231221	SRR2818921	SAMN03996270	PRJNA231221	2013-12-06	USA: DC	2015-10-27
PRJNA231221	SRR2819096	SAMN03996269	PRJNA231221	2013-12-05	USA:DC	2015-10-28
PRJNA231221	SRR2819359	SAMN03996274	PRJNA231221	2014-01-06	USA: DC	2015-10-27
PRJNA231221	SRR2819364	SAMN03996318	PRJNA231221	2014-12-26	USA:DC	2015-10-27
PRJNA231221	SRR2819635	SAMN03996273	PRJNA231221	2014-01-04	USA: DC	2015-10-27
PRJNA231221	SRR2819693	SAMN03996275	PRJNA231221	2014-01-09	USA: DC	2015-10-27
PRJNA231221	SRR2819858	SAMN03996277	PRJNA231221	2014-01-13	USA:DC	2015-10-27
PRJNA231221	SRR2819859	SAMN03996277	PRJNA231221	2014-01-13	USA:DC	2015-10-27
PRJNA231221	SRR2819861	SAMN03996277	PRJNA231221	2014-01-13	USA:DC	2015-10-27
PRJNA231221	SRR2819873	SAMN03996276	PRJNA231221	2014-01-11	USA: DC	2015-10-28
PRJNA231221	SRR2819874	SAMN03996276	PRJNA231221	2014-01-11	USA: DC	2015-10-27
PRJNA231221	SRR2819876	SAMN03996278	PRJNA231221	2014-01-23	USA:DC	2015-10-28
PRJNA231221	SRR2820039	SAMN03996279	PRJNA231221	2014-01-30	USA: DC	2015-10-28
PRJNA231221	SRR2820145	SAMN03996281	PRJNA231221	2014-02-05	USA:DC	2015-10-28
PRJNA231221	SRR2820296	SAMN03996280	PRJNA231221	2014-02-01	USA:DC	2015-10-28
PRJNA231221	SRR2820620	SAMN03996283	PRJNA231221	2014-02-25	USA:DC	2015-10-28
PRJNA231221	SRR2820643	SAMN03996285	PRJNA231221	2014-03-04	USA:DC	2015-10-28
PRJNA231221	SRR2820656	SAMN03996287	PRJNA231221	2014-03-12	USA:DC	2015-10-28
PRJNA231221	SRR2820662	SAMN03996292	PRJNA231221	2014-04-01	USA:DC	2015-10-28
PRJNA231221	SRR2820663	SAMN03996292	PRJNA231221	2014-04-01	USA:DC	2015-10-28
PRJNA231221	SRR2820665	SAMN03996291	PRJNA231221	2014-03-30	USA: DC	2015-10-28
PRJNA231221	SRR2820666	SAMN03996290	PRJNA231221	2014-03-29	USA:DC	2015-10-28
PRJNA231221	SRR2820668	SAMN03996290	PRJNA231221	2014-03-29	USA:DC	2015-10-28
PRJNA231221	SRR2820672	SAMN03996295	PRJNA231221	2014-04-09	USA:DC	2015-10-28
PRJNA231221	SRR10017187	SAMN11077962	PRJNA231221	missing	USA:MD	2019-08-27
PRJNA231221	SRR10017188	SAMN11077963	PRJNA231221	missing	USA:MD	2019-08-27
PRJNA231221	SRR10017189	SAMN11077964	PRJNA231221	missing	USA:MD	2019-08-27
PRJNA231221	SRR10017191	SAMN11077967	PRJNA231221	missing	USA:MD	2019-08-27
PRJNA231221	SRR10017194	SAMN11077970	PRJNA231221	missing	USA:MD	2019-08-27
PRJNA231221	SRR10017654	SAMN11077987	PRJNA231221	missing	USA:MD	2019-08-27
PRJNA231221	SRR10017682	SAMN11077988	PRJNA231221	missing	USA:MD	2019-08-27
PRJNA231221	SRR10017683	SAMN11077989	PRJNA231221	missing	USA:MD	2019-08-27
PRJNA231221	SRR10017684	SAMN11077991	PRJNA231221	missing	USA:MD	2019-08-27
PRJNA231221	SRR10027398	SAMN11077948	PRJNA231221	missing	USA:MD	2019-08-30
PRJNA231221	SRR10027399	SAMN11077957	PRJNA231221	missing	USA:MD	2019-08-30
PRJNA231221	SRR10027545	SAMN11077971	PRJNA231221	missing	USA:MD	2019-08-30
PRJNA231221	SRR10027548	SAMN11077958	PRJNA231221	missing	USA:MD	2019-08-30
PRJNA231221	SRR10029607	SAMN11077961	PRJNA231221	missing	USA:MD	2019-08-30
PRJNA231221	SRR12045485	SAMN13450441	PRJNA231221	Unknown	Not applicable	2020-06-19
PRJNA231221	SRR12045491	SAMN13450442	PRJNA231221	Unknown	Not applicable	2020-06-19
PRJNA231221	SRR12045543	SAMN13450431	PRJNA231221	Unknown	Not applicable	2020-06-19
PRJNA231221	SRR12045564	SAMN13450433	PRJNA231221			2020-06-19
PRJNA231221	SRR12045573	SAMN13450434	PRJNA231221	Unknown	Not applicable	2020-06-19
PRJNA231221	SRR12045576	SAMN13450435	PRJNA231221	Unknown	Not applicable	2020-06-19
PRJNA231221	SRR12045656	SAMN13450437	PRJNA231221	Unknown	Not applicable	2020-06-19
PRJNA231221	SRR12045673	SAMN13450439	PRJNA231221	Unknown	Not applicable	2020-06-19
PRJNA231221	SRR12046030	SAMN13450456	PRJNA231221	Unknown	Not applicable	2020-06-19
PRJNA231221	SRR12046047	SAMN13450418	PRJNA231221			2020-06-19
PRJNA231221	SRR12046125	SAMN13450419	PRJNA231221	Unknown	Not applicable	2020-06-19
PRJNA231221	SRR12046126	SAMN13450419	PRJNA231221	Unknown	Not applicable	2020-06-19
PRJNA231221	SRR12046258	SAMN13450422	PRJNA231221	Unknown	Not applicable	2020-06-19
PRJNA231221	SRR12046684	SAMN13450423	PRJNA231221	Unknown	Not applicable	2020-06-19
PRJNA231221	SRR12046724	SAMN13450458	PRJNA231221	Unknown	Not applicable	2020-06-19
PRJNA231221	SRR12046730	SAMN13450461	PRJNA231221	Unknown	Not applicable	2020-06-19
PRJNA231221	SRR12047106	SAMN13450468	PRJNA231221	Unknown	Not applicable	2020-06-19
PRJNA231221	SRR12047131	SAMN13450469	PRJNA231221	Unknown	Not applicable	2020-06-19
PRJNA231221	SRR12047133	SAMN13450469	PRJNA231221	Unknown	Not applicable	2020-06-19
PRJNA231221	SRR12047134	SAMN13450470	PRJNA231221	Unknown	Not applicable	2020-06-19
PRJNA231221	SRR12047138	SAMN13450471	PRJNA231221	Unknown	Not applicable	2020-06-19
PRJNA231221	SRR12047144	SAMN13450474	PRJNA231221	Unknown	Not applicable	2020-06-19
PRJNA231221	SRR12047192	SAMN13450475	PRJNA231221	Unknown	Not applicable	2020-06-19
PRJNA231221	SRR12047193	SAMN13450475	PRJNA231221	Unknown	Not applicable	2020-06-19
PRJNA231221	SRR12047203	SAMN13450476	PRJNA231221	Unknown	Not applicable	2020-06-19
PRJNA231221	SRR12047208	SAMN13450395	PRJNA231221			2020-06-19
PRJNA231221	SRR12047216	SAMN13450396	PRJNA231221	Unknown	Not applicable	2020-06-19
PRJNA231221	SRR12047226	SAMN13450397	PRJNA231221	Unknown	Not applicable	2020-06-19
PRJNA231221	SRR12047230	SAMN13450398	PRJNA231221			2020-06-19
PRJNA231221	SRR12047284	SAMN13450401	PRJNA231221	Unknown	Not applicable	2020-06-19
PRJNA231221	SRR12047290	SAMN13450402	PRJNA231221	Unknown	Not applicable	2020-06-19
PRJNA231221	SRR12047293	SAMN13450403	PRJNA231221	Unknown	Not applicable	2020-06-19
PRJNA231221	SRR12047298	SAMN13450404	PRJNA231221	Unknown	Not applicable	2020-06-19
PRJNA231221	SRR12047299	SAMN13450404	PRJNA231221	Unknown	Not applicable	2020-06-19
PRJNA231221	SRR12047300	SAMN13450405	PRJNA231221	Unknown	Not applicable	2020-06-19
PRJNA231221	SRR12047302	SAMN13450405	PRJNA231221	Unknown	Not applicable	2020-06-19
PRJNA231221	SRR12047327	SAMN13450407	PRJNA231221	Unknown	Not applicable	2020-06-19
PRJNA231221	SRR12047330	SAMN13450408	PRJNA231221	Unknown	Not applicable	2020-06-19
PRJNA231221	SRR12047337	SAMN13450426	PRJNA231221	Unknown	Not applicable	2020-06-19
PRJNA231221	SRR12047338	SAMN13450426	PRJNA231221	Unknown	Not applicable	2020-06-19
PRJNA231221	SRR12047339	SAMN13450410	PRJNA231221	Unknown	Not applicable	2020-06-19
PRJNA231221	SRR12047340	SAMN13450410	PRJNA231221	Unknown	Not applicable	2020-06-20
PRJNA231221	SRR12047345	SAMN13450412	PRJNA231221	Unknown	Not applicable	2020-06-19
PRJNA231221	SRR12047347	SAMN13450413	PRJNA231221	Unknown	Not applicable	2020-06-20
PRJNA231221	SRR12047976	SAMN13450416	PRJNA231221	Unknown	Not applicable	2020-06-20
PRJNA231221	SRR12047979	SAMN13450443	PRJNA231221	Unknown	Not applicable	2020-06-20
PRJNA231221	SRR12047983	SAMN13450415	PRJNA231221	Unknown	Not applicable	2020-06-20
PRJNA231221	SRR12048249	SAMN13450447	PRJNA231221	Unknown	Not applicable	2020-06-20
PRJNA231221	SRR12048250	SAMN13450447	PRJNA231221	Unknown	Not applicable	2020-06-20
PRJNA231221	SRR12048251	SAMN13450448	PRJNA231221	Unknown	Not applicable	2020-06-20
PRJNA231221	SRR12048253	SAMN13450448	PRJNA231221	Unknown	Not applicable	2020-06-20
PRJNA231221	SRR12048254	SAMN13450449	PRJNA231221	Unknown	Not applicable	2020-06-20
PRJNA231221	SRR12048256	SAMN13450449	PRJNA231221	Unknown	Not applicable	2020-06-20
PRJNA231221	SRR12048353	SAMN13450450	PRJNA231221	Unknown	Not applicable	2020-06-20
PRJNA231221	SRR12048354	SAMN13450450	PRJNA231221	Unknown	Not applicable	2020-06-20
PRJNA231221	SRR12048355	SAMN13450450	PRJNA231221	Unknown	Not applicable	2020-06-20
PRJNA231221	SRR12048525	SAMN13450451	PRJNA231221	Unknown	Not applicable	2020-06-20
PRJNA231221	SRR12048526	SAMN13450451	PRJNA231221	Unknown	Not applicable	2020-06-20
PRJNA231221	SRR12048527	SAMN13450451	PRJNA231221	Unknown	Not applicable	2020-06-20
PRJNA231221	SRR12048528	SAMN13450452	PRJNA231221	Unknown	Not applicable	2020-06-20
PRJNA231221	SRR12048534	SAMN13450455	PRJNA231221	Unknown	Not applicable	2020-06-20
PRJNA231221	SRR12048537	SAMN13450427	PRJNA231221	Unknown	Not applicable	2020-06-20
PRJNA231221	SRR12048539	SAMN13450428	PRJNA231221	Unknown	Not applicable	2020-06-20
PRJNA231221	SRR12048541	SAMN13450428	PRJNA231221	Unknown	Not applicable	2020-06-20
PRJNA231221	SRR12048543	SAMN13450428	PRJNA231221	Unknown	Not applicable	2020-06-20
PRJNA231221	SRR12048544	SAMN13450429	PRJNA231221	Unknown	Not applicable	2020-06-20
PRJNA231221	SRR12048545	SAMN13450429	PRJNA231221	Unknown	Not applicable	2020-06-20
PRJNA231221	SRR12048546	SAMN13450429	PRJNA231221	Unknown	Not applicable	2020-06-20
PRJNA231221	SRR16249239	SAMN21218844	PRJNA231221	Unknown	Germany: Braunschweig	2021-10-09
PRJNA231221	SRR16249251	SAMN21402691	PRJNA231221	Unknown	Germany: Braunschweig	2021-10-09
PRJNA231221	SRR16249283	SAMN21218843	PRJNA231221	Unknown	Germany: Braunschweig	2021-10-10
PRJNA231221	SRR16249284	SAMN21218843	PRJNA231221	Unknown	Germany: Braunschweig	2021-10-09
PRJNA231221	SRR16249285	SAMN21402693	PRJNA231221	Unknown	Germany: Braunschweig	2021-10-10
PRJNA231221	SRR16249302	SAMN21402695	PRJNA231221	Unknown	Germany: Braunschweig	2021-10-09
PRJNA231221	SRR16249303	SAMN21402696	PRJNA231221	Unknown	Germany: Braunschweig	2021-10-09
PRJNA231221	SRR16249311	SAMN21402699	PRJNA231221	Unknown	Germany: Braunschweig	2021-10-09
PRJNA231221	SRR16249313	SAMN21218848	PRJNA231221	Unknown	Germany: Braunschweig	2021-10-09
PRJNA231221	SRR16249366	SAMN21218850	PRJNA231221	Unknown	Germany: Braunschweig	2021-10-09
PRJNA231221	SRR16251400	SAMN21402700	PRJNA231221		Germany: Braunschweig	2021-10-10
PRJNA231221	SRR16251407	SAMN21218856	PRJNA231221	Unknown	Germany: Braunschweig	2021-10-10
PRJNA231221	SRR16251408	SAMN21218857	PRJNA231221		Germany: Braunschweig	2021-10-10
PRJNA231221	SRR16251425	SAMN21218861	PRJNA231221	Unknown	Germany: Braunschweig	2021-10-10
PRJNA231221	SRR16251426	SAMN21402701	PRJNA231221	Unknown	Germany: Braunschweig	2021-10-10
PRJNA231221	SRR16251427	SAMN21402701	PRJNA231221	Unknown	Germany: Braunschweig	2021-10-10
PRJNA231221	SRR16251429	SAMN21218862	PRJNA231221	Unknown	Germany: Braunschweig	2021-10-10
PRJNA231221	SRR16251431	SAMN21218863	PRJNA231221	Unknown	Germany: Braunschweig	2021-10-10
PRJNA231221	SRR16251435	SAMN21218864	PRJNA231221	Unknown	Germany: Braunschweig	2021-10-10
PRJNA231221	SRR16251436	SAMN21218865	PRJNA231221	Unknown	Germany: Braunschweig	2021-10-10
PRJNA231221	SRR16251440	SAMN21402703	PRJNA231221	Unknown	Germany: Braunschweig	2021-10-10
PRJNA231221	SRR16251441	SAMN21402703	PRJNA231221	Unknown	Germany: Braunschweig	2021-10-10
PRJNA231221	SRR16251448	SAMN20888877	PRJNA231221	Unknown	Germany: Braunschweig	2021-10-10
PRJNA231221	SRR16259001	SAMN21218869	PRJNA231221	Unknown	Germany: Braunschweig	2021-10-10
PRJNA231221	SRR16259011	SAMN21218871	PRJNA231221	Unknown	Germany: Braunschweig	2021-10-10
PRJNA231221	SRR16259014	SAMN21218872	PRJNA231221		Germany: Braunschweig	2021-10-10
PRJNA231221	SRR16259015	SAMN21218872	PRJNA231221		Germany: Braunschweig	2021-10-10
PRJNA231221	SRR16259016	SAMN20888879	PRJNA231221		Germany: Braunschweig	2021-10-10
PRJNA231221	SRR16259017	SAMN20888879	PRJNA231221		Germany: Braunschweig	2021-10-10
PRJNA231221	SRR16259206	SAMN20888880	PRJNA231221	Unknown	Germany: Braunschweig	2021-10-10
PRJNA231221	SRR16259316	SAMN20888881	PRJNA231221		Germany: Braunschweig	2021-10-10
PRJNA231221	SRR16259360	SAMN20888882	PRJNA231221	Unknown	Germany: Braunschweig	2021-10-10
PRJNA231221	SRR16259583	SAMN20888883	PRJNA231221	Unknown	Germany: Braunschweig	2021-10-10
PRJNA231221	SRR16259677	SAMN21218867	PRJNA231221	Unknown	Germany: Braunschweig	2021-10-10
PRJNA231221	SRR16259732	SAMN20888886	PRJNA231221	Unknown	Germany: Braunschweig	2021-10-10
PRJNA231221	SRR16259733	SAMN20888886	PRJNA231221	Unknown	Germany: Braunschweig	2021-10-10
PRJNA231221	SRR16259734	SAMN21218875	PRJNA231221	Unknown	Germany: Braunschweig	2021-10-10
PRJNA231221	SRR16259736	SAMN20888887	PRJNA231221	Unknown	Germany: Braunschweig	2021-10-10
PRJNA231221	SRR16259783	SAMN20888884	PRJNA231221	Unknown	Germany: Braunschweig	2021-10-10
PRJNA231221	SRR16259784	SAMN20888884	PRJNA231221	Unknown	Germany: Braunschweig	2021-10-10
PRJNA231221	SRR16259835	SAMN20888890	PRJNA231221	Unknown	Germany: Braunschweig	2021-10-10
PRJNA231221	SRR16259837	SAMN20888888	PRJNA231221	Unknown	Germany: Braunschweig	2021-10-10
PRJNA231221	SRR16263405	SAMN20888892	PRJNA231221	Unknown	Germany: Braunschweig	2021-10-10
PRJNA231221	SRR16263407	SAMN21218877	PRJNA231221	Unknown	Germany: Braunschweig	2021-10-10
PRJNA231221	SRR16263408	SAMN21218877	PRJNA231221	Unknown	Germany: Braunschweig	2021-10-10
PRJNA231221	SRR16263409	SAMN20888893	PRJNA231221	Unknown	Germany: Braunschweig	2021-10-10
PRJNA231221	SRR16263411	SAMN20888894	PRJNA231221		Germany: Braunschweig	2021-10-10
PRJNA231221	SRR16263415	SAMN20888896	PRJNA231221	Unknown	Germany: Braunschweig	2021-10-10
PRJNA231221	SRR16263417	SAMN20888897	PRJNA231221	Unknown	Germany: Braunschweig	2021-10-10
PRJNA231221	SRR16263430	SAMN20888898	PRJNA231221	Unknown	Germany: Braunschweig	2021-10-10
PRJNA231221	SRR16263433	SAMN20888899	PRJNA231221	Unknown	Germany: Braunschweig	2021-10-10
PRJNA231221	SRR16263435	SAMN20888900	PRJNA231221	Unknown	Germany: Braunschweig	2021-10-10
PRJNA231221	SRR16263436	SAMN20888901	PRJNA231221	Unknown	Germany: Braunschweig	2021-10-10
PRJNA231221	SRR16263449	SAMN21218878	PRJNA231221	Unknown	Germany: Braunschweig	2021-10-10
PRJNA231221	SRR16263450	SAMN20888903	PRJNA231221	Unknown	Germany: Braunschweig	2021-10-10
PRJNA231221	SRR16263451	SAMN20888903	PRJNA231221	Unknown	Germany: Braunschweig	2021-10-10
PRJNA231221	SRR17428611	SAMN16357616	PRJNA231221			2022-01-06
PRJNA231221	SRR17428612	SAMN16357616	PRJNA231221			2022-01-06
PRJNA231221	SRR17428613	SAMN16357616	PRJNA231221			2022-01-06
PRJNA231221	SRR17429247	SAMN16357621	PRJNA231221	missing	missing	2022-01-06
PRJNA231221	SRR17429262	SAMN16357627	PRJNA231221	missing	missing	2022-01-06
PRJNA231221	SRR17429263	SAMN16357629	PRJNA231221	missing	missing	2022-01-06
PRJNA231221	SRR17429264	SAMN16357629	PRJNA231221	missing	missing	2022-01-06
PRJNA231221	SRR17429270	SAMN16357632	PRJNA231221	missing	missing	2022-01-06
PRJNA231221	SRR17429275	SAMN16357618	PRJNA231221	missing	missing	2022-01-06
PRJNA231221	SRR17429276	SAMN16357612	PRJNA231221	missing	missing	2022-01-06
PRJNA231221	SRR17429280	SAMN16357622	PRJNA231221	missing	missing	2022-01-06
PRJNA231221	SRR8072905	SAMN10228557	PRJNA231221	Unknown		2018-10-20
PRJNA231221	SRR8072906	SAMN10228557	PRJNA231221	Unknown		2018-10-20
PRJNA231221	SRR8072915	SAMN10228560	PRJNA231221	Unknown	France	2018-10-20
PRJNA231221	SRR8072916	SAMN10228560	PRJNA231221	Unknown	France	2018-10-20
PRJNA231221	SRR8072920	SAMN10228563	PRJNA231221	Unknown	France	2018-10-20
PRJNA231221	SRR8072924	SAMN10228564	PRJNA231221	Unknown		2018-10-20
PRJNA231221	SRR8072926	SAMN10228566	PRJNA231221	1920	United Kingdom: London	2018-10-20
PRJNA231221	SRR8072929	SAMN10228567	PRJNA231221	1961	Hungary	2018-10-20
PRJNA231221	SRR8072932	SAMN10228568	PRJNA231221	Unknown	Turkey: Ankara	2018-10-20
PRJNA231221	SRR8072933	SAMN10228568	PRJNA231221	Unknown	Turkey: Ankara	2018-10-20
PRJNA231221	SRR8072934	SAMN10228568	PRJNA231221	Unknown	Turkey: Ankara	2018-10-20
PRJNA231221	SRR8072937	SAMN10228569	PRJNA231221	Unknown		2018-10-20
PRJNA231221	SRR8072944	SAMN10228571	PRJNA231221	Unknown		2018-10-20
PRJNA231221	SRR8072945	SAMN10228571	PRJNA231221	Unknown		2018-10-20
PRJNA231221	SRR8072951	SAMN10228573	PRJNA231221	Unknown		2018-10-20
PRJNA231221	SRR8072956	SAMN10228576	PRJNA231221	2000	USA: Oklahoma	2018-10-20
PRJNA231221	SRR8072958	SAMN10228579	PRJNA231221	2002	USA: Utah	2018-10-20
PRJNA231221	SRR8072960	SAMN10228581	PRJNA231221	1954	Democratic Republic of the Congo	2018-10-20
PRJNA231221	SRR8175748	SAMN10163167	PRJNA231221	Unknown		2018-11-10
PRJNA231221	SRR8175750	SAMN10163168	PRJNA231221	2011		2018-11-10
PRJNA231221	SRR8175755	SAMN10163169	PRJNA231221	Unknown		2018-11-10
PRJNA231221	SRR8175759	SAMN10163170	PRJNA231221	Unknown		2018-11-10
PRJNA231221	SRR8176975	SAMN10163171	PRJNA231221	Unknown		2018-11-10
PRJNA231221	SRR8176981	SAMN10163173	PRJNA231221	Unknown		2018-11-10
PRJNA231221	SRR8178083	SAMN10163176	PRJNA231221	Unknown		2018-11-10
PRJNA231221	SRR8178084	SAMN10163176	PRJNA231221	Unknown		2018-11-10
PRJNA231221	SRR8178085	SAMN10163177	PRJNA231221	Unknown		2018-11-10
PRJNA231221	SRR8178087	SAMN10163178	PRJNA231221	Unknown		2018-11-10
PRJNA231221	SRR8178102	SAMN10163180	PRJNA231221	Unknown		2018-11-10
PRJNA231221	SRR8178104	SAMN10163180	PRJNA231221	Unknown		2018-11-10
PRJNA231221	SRR8178566	SAMN10163183	PRJNA231221	Unknown		2018-11-10
PRJNA231221	SRR8178569	SAMN10163179	PRJNA231221	Unknown		2018-11-10
PRJNA231221	SRR8178570	SAMN10163179	PRJNA231221	Unknown		2018-11-10
PRJNA231221	SRR8178573	SAMN10163185	PRJNA231221	1963		2018-11-10
PRJNA231221	SRR8178577	SAMN10163186	PRJNA231221	Unknown		2018-11-10
PRJNA231221	SRR8178579	SAMN10163187	PRJNA231221	Unknown		2018-11-10
PRJNA231221	SRR8178583	SAMN10163189	PRJNA231221	Unknown		2018-11-10
PRJNA231221	SRR8179070	SAMN10163191	PRJNA231221	Unknown		2018-11-10
PRJNA231221	SRR8179072	SAMN10163184	PRJNA231221	Unknown		2018-11-10
PRJNA231221	SRR8179089	SAMN10163192	PRJNA231221	Unknown		2018-11-10
PRJNA231221	SRR8179091	SAMN10163194	PRJNA231221	Unknown		2018-11-10
PRJNA231221	SRR8179093	SAMN10163194	PRJNA231221	Unknown		2018-11-10
PRJNA231221	SRR8179107	SAMN10163193	PRJNA231221	Unknown		2018-11-10
PRJNA231221	SRR8179108	SAMN10163193	PRJNA231221	Unknown		2018-11-10
PRJNA231221	SRR8179109	SAMN10163195	PRJNA231221	Unknown		2018-11-10
PRJNA231221	SRR8179110	SAMN10163195	PRJNA231221	Unknown		2018-11-10
PRJNA231221	SRR8179112	SAMN10163195	PRJNA231221	Unknown		2018-11-10
PRJNA231221	SRR8179210	SAMN10163196	PRJNA231221	Unknown		2018-11-10
PRJNA231221	SRR8179226	SAMN10163197	PRJNA231221	Unknown		2018-11-10
PRJNA231221	SRR8179284	SAMN10163199	PRJNA231221	2015-12-18		2018-11-11
PRJNA231221	SRR8179285	SAMN10163198	PRJNA231221	2014-09-19	USA: DC	2018-11-10
PRJNA231221	SRR8179756	SAMN10163201	PRJNA231221	2015-12-27		2018-11-10
PRJNA231221	SRR8179759	SAMN10163202	PRJNA231221	2015-12-21	USA: DC	2018-11-10
PRJNA231221	SRR8179766	SAMN10163203	PRJNA231221	2016-01-02	USA: DC	2018-11-10
PRJNA231221	SRR8179767	SAMN10163203	PRJNA231221	2016-01-02	USA: DC	2018-11-11
PRJNA231221	SRR8179777	SAMN10163205	PRJNA231221	2016-01-10		2018-11-11
PRJNA231221	SRR8179778	SAMN10163205	PRJNA231221	2016-01-10		2018-11-10
PRJNA231221	SRR8179782	SAMN10163204	PRJNA231221	2016-01-11		2018-11-11
PRJNA231221	SRR8179889	SAMN10163208	PRJNA231221	2016-01-21		2018-11-10
PRJNA231221	SRR8179903	SAMN10163209	PRJNA231221	2016-01-27	USA: DC	2018-11-10
PRJNA231221	SRR8179904	SAMN10163209	PRJNA231221	2016-01-27	USA: DC	2018-11-11
PRJNA231221	SRR8179908	SAMN10163210	PRJNA231221	2016-02-13	USA: DC	2018-11-10
PRJNA231221	SRR8179930	SAMN10163211	PRJNA231221	2016-02-21		2018-11-10
PRJNA231221	SRR8179984	SAMN10163214	PRJNA231221	2016-03-08		2018-11-10
PRJNA231221	SRR8179985	SAMN10163214	PRJNA231221	2016-03-08		2018-11-10
PRJNA231221	SRR8180261	SAMN10163216	PRJNA231221	2016-02-07		2018-11-11
PRJNA231221	SRR8180384	SAMN10163218	PRJNA231221	2015-12-29		2018-11-10
PRJNA231221	SRR8180385	SAMN10163220	PRJNA231221	2016-01-13	USA: DC	2018-11-10
PRJNA231221	SRR8180386	SAMN10163220	PRJNA231221	2016-01-13	USA: DC	2018-11-11
PRJNA231221	SRR8180388	SAMN10163221	PRJNA231221	2016-02-24		2018-11-11
PRJNA231221	SRR8180389	SAMN10163219	PRJNA231221	2016-01-09	USA: DC	2018-11-10
PRJNA231221	SRR8180391	SAMN10163222	PRJNA231221	2016-02-24		2018-11-10
PRJNA231221	SRR8180459	SAMN10163224	PRJNA231221	2016-03-24		2018-11-11
PRJNA231221	SRR8180462	SAMN10163223	PRJNA231221	2016-03-10		2018-11-14
PRJNA231221	SRR8180463	SAMN10163223	PRJNA231221	2016-03-10		2018-11-10
PRJNA231221	SRR8180480	SAMN10163229	PRJNA231221	2016-04-19		2018-11-10
PRJNA231221	SRR8180785	SAMN10163232	PRJNA231221	2016-05-03		2018-11-11
PRJNA231221	SRR8180786	SAMN10163233	PRJNA231221	Unknown		2018-11-10
PRJNA231221	SRR8180791	SAMN10163235	PRJNA231221	Unknown	USA: NC	2018-11-10
PRJNA231221	SRR8180796	SAMN10163238	PRJNA231221	Unknown	USA: NC	2018-11-11
PRJNA231221	SRR8180797	SAMN10163238	PRJNA231221	Unknown	USA: NC	2018-11-10
PRJNA231221	SRR8180799	SAMN10163239	PRJNA231221	Unknown	USA: NC	2018-11-11
PRJNA231221	SRR8180800	SAMN10163239	PRJNA231221	Unknown	USA: NC	2018-11-10
PRJNA231221	SRR8180801	SAMN10163234	PRJNA231221	Unknown	USA: NC	2018-11-11
PRJNA231221	SRR8180808	SAMN10163242	PRJNA231221	Unknown		2018-11-11
PRJNA231221	SRR8180810	SAMN10163243	PRJNA231221	Unknown		2018-11-11
PRJNA231221	SRR8180811	SAMN10163243	PRJNA231221	Unknown		2018-11-10
PRJNA231221	SRR8180813	SAMN10163246	PRJNA231221	Unknown		2018-11-11
PRJNA231221	SRR8180815	SAMN10163247	PRJNA231221	Unknown		2018-11-10
PRJNA231221	SRR8180821	SAMN10380324	PRJNA231221	Unknown	USA: NC	2018-11-11
PRJNA231221	SRR8180822	SAMN10163250	PRJNA231221	Unknown		2018-11-11
PRJNA231221	SRR8180823	SAMN10163250	PRJNA231221	Unknown		2018-11-10
PRJNA231221	SRR8180824	SAMN10163250	PRJNA231221	Unknown		2018-11-10
PRJNA231221	SRR8180829	SAMN10163252	PRJNA231221	Unknown	USA	2018-11-10
PRJNA231221	SRR8283091	SAMN10228561	PRJNA231221	Unknown	France	2018-12-07
PRJNA231221	SRR8283094	SAMN10228565	PRJNA231221	Unknown		2018-12-07
PRJNA231221	SRR8283291	SAMN10228574	PRJNA231221	Unknown	Thailand: Ubon Ratchathani	2018-12-07
PRJNA231221	SRR8283292	SAMN10228574	PRJNA231221	Unknown	Thailand: Ubon Ratchathani	2018-12-07
PRJNA231221	SRR8283294	SAMN10228577	PRJNA231221	2000	USA: Kansas	2018-12-07
PRJNA231221	SRR8283299	SAMN10228584	PRJNA231221	1957	Indonesia: Java	2018-12-07
PRJNA231221	SRR2821436	SAMN03996298	PRJNA231221	2014-04-24	USA: DC	2015-10-28
PRJNA231221	SRR2821437	SAMN03996298	PRJNA231221	2014-04-24	USA: DC	2015-10-28
PRJNA231221	SRR2821438	SAMN03996296	PRJNA231221	2014-04-23	USA:DC	2015-10-28
PRJNA231221	SRR2821689	SAMN03996297	PRJNA231221	2014-04-23	USA: DC	2015-10-28
PRJNA231221	SRR2821769	SAMN03996299	PRJNA231221	2014-04-26	USA:DC	2015-10-28
PRJNA231221	SRR2821772	SAMN03996300	PRJNA231221	2014-04-28	USA:DC	2015-10-28
PRJNA231221	SRR2821776	SAMN03996301	PRJNA231221	2014-05-11	USA:DC	2015-10-28
PRJNA231221	SRR2822311	SAMN03996303	PRJNA231221	2014-05-12	USA:DC	2015-10-28
PRJNA231221	SRR2822405	SAMN03996304	PRJNA231221	2014-05-15	USA:DC	2015-10-28
PRJNA231221	SRR2822443	SAMN03996306	PRJNA231221	2014-05-22	USA:DC	2015-10-28
PRJNA231221	SRR2822444	SAMN03996306	PRJNA231221	2014-05-22	USA:DC	2015-10-28
PRJNA231221	SRR2822445	SAMN03996305	PRJNA231221	2014-05-20	USA:DC	2015-10-28
PRJNA231221	SRR2822446	SAMN03996305	PRJNA231221	2014-05-20	USA:DC	2015-10-28
PRJNA231221	SRR2822450	SAMN03996311	PRJNA231221	2014-06-01	USA: DC	2015-10-28
PRJNA231221	SRR2822451	SAMN03996311	PRJNA231221	2014-06-01	USA: DC	2015-10-28
PRJNA231221	SRR2822470	SAMN03996313	PRJNA231221	2014-06-19	USA:DC	2015-10-28
PRJNA231221	SRR2822471	SAMN03996293	PRJNA231221	2014-04-01	USA: DC	2015-10-28
PRJNA231221	SRR2822475	SAMN03996315	PRJNA231221	2014-06-24	USA: DC	2015-10-28
PRJNA231221	SRR2823662	SAMN03996317	PRJNA231221	2014-06-26	USA:DC	2015-10-28
PRJNA231221	SRR2823700	SAMN03996316	PRJNA231221	2014-06-25	USA:DC	2015-10-28
PRJNA231221	SRR2823704	SAMN03996314	PRJNA231221	2014-06-20	USA: DC	2015-10-28
PRJNA231221	SRR2823708	SAMN03996253	PRJNA231221	1963	USA:VA	2015-10-28
PRJNA231221	SRR2823713	SAMN03996256	PRJNA231221	1990	USA: VA	2015-10-28
PRJNA231221	SRR2823716	SAMN03996258	PRJNA231221	1994	USA:VA	2015-10-28
PRJNA231221	SRR2823717	SAMN03996258	PRJNA231221	1994	USA:VA	2015-10-28
PRJNA231221	SRR2823948	SAMN03996251	PRJNA231221	1952	USA: VA	2015-10-28
PRJNA231221	SRR2823950	SAMN03996251	PRJNA231221	1952	USA: VA	2015-10-28
PRJNA231221	SRR4120045	SAMN04875529	PRJNA231221	2013-12-10	USA:DC	2016-09-03
PRJNA231221	SRR4120065	SAMN04875531	PRJNA231221	2014-04-27	USA:DC	2016-09-03
PRJNA231221	SRR4120066	SAMN04875531	PRJNA231221	2014-04-27	USA:DC	2016-09-03
PRJNA231221	SRR4123930	SAMN04875542	PRJNA231221	Missing	USA:VA	2016-09-03
PRJNA231221	SRR4123970	SAMN04875571	PRJNA231221	2014-09-14	USA:DC	2016-09-03
PRJNA231221	SRR4124203	SAMN04875572	PRJNA231221	2014-09-15	USA:DC	2016-09-03
PRJNA231221	SRR4124204	SAMN04875572	PRJNA231221	2014-09-15	USA:DC	2016-09-03
PRJNA231221	SRR4124773	SAMN04875573	PRJNA231221	1941	USA:OH	2016-09-03
PRJNA231221	SRR4124774	SAMN04875573	PRJNA231221	1941	USA:OH	2016-09-03
PRJNA231221	SRR4124885	SAMN04875574	PRJNA231221	2014-09-30	USA:DC	2016-09-03
PRJNA231221	SRR4124895	SAMN04875576	PRJNA231221	2014-10-19	USA:DC	2017-01-06
PRJNA231221	SRR4124911	SAMN04875578	PRJNA231221	2014-11-14	USA:DC	2016-09-03
PRJNA231221	SRR4124927	SAMN04875580	PRJNA231221	2014-10-06	USA:DC	2016-09-03
PRJNA231221	SRR4124985	SAMN04875586	PRJNA231221	2014-09-15	USA:DC	2016-09-03
PRJNA231221	SRR4124987	SAMN04875587	PRJNA231221	2014-06-22	USA:DC	2016-09-04
PRJNA231221	SRR4125016	SAMN04875589	PRJNA231221	1977	USA:VA	2016-09-03
PRJNA231221	SRR4125026	SAMN04875590	PRJNA231221	Missing	USA:CO	2016-09-03
PRJNA231221	SRR4125027	SAMN04875591	PRJNA231221	Missing	USA:VA	2016-09-03
PRJNA231221	SRR4125066	SAMN04875592	PRJNA231221	Missing	USA:VA	2016-09-04
PRJNA231221	SRR4125181	SAMN04875593	PRJNA231221	Missing	USA:VA	2016-09-04
PRJNA231221	SRR4125185	SAMN04875594	PRJNA231221	1982	Switzerland	2016-09-04
PRJNA231221	SRR4125187	SAMN04875595	PRJNA231221	Missing	USA:VA	2016-09-04
PRJNA231221	SRR4125213	SAMN05004742	PRJNA231221	2013-04-09	USA:DC	2016-09-04
PRJNA231221	SRR4125219	SAMN05004744	PRJNA231221	2013	Missing	2016-09-04
PRJNA231221	SRR4125220	SAMN05004744	PRJNA231221	2013	Missing	2016-09-04
PRJNA231221	SRR4125221	SAMN05004744	PRJNA231221	2013	Missing	2016-09-04
PRJNA231221	SRR4125256	SAMN05004746	PRJNA231221	2009	Missing	2016-09-04
PRJNA231221	SRR4125257	SAMN05004746	PRJNA231221	2009	Missing	2016-09-04
PRJNA231221	SRR4125279	SAMN05004749	PRJNA231221	2011	Missing	2016-09-04
PRJNA231221	SRR4125424	SAMN05004752	PRJNA231221	2011	Missing	2016-09-04
PRJNA231221	SRR4125426	SAMN05004753	PRJNA231221	2012	Thailand	2016-09-04
PRJNA231221	SRR4242236	SAMN04875527	PRJNA231221	2013-10-29	USA:DC	2016-09-15
PRJNA231221	SRR4242237	SAMN04875527	PRJNA231221	2013-10-29	USA:DC	2016-09-15
PRJNA231221	SRR4244666	SAMN04875528	PRJNA231221	1996	India	2016-09-16
PRJNA231221	SRR4271512	SAMN04875533	PRJNA231221	1981	USA:NY	2016-09-21
PRJNA231221	SRR4272042	SAMN04875537	PRJNA231221	1980	USA:CA	2016-09-21
PRJNA231221	SRR4272051	SAMN04875540	PRJNA231221	1996	Brazil	2016-09-21
PRJNA231221	SRR4272070	SAMN04875543	PRJNA231221	Missing	USA:WI	2016-09-21
PRJNA231221	SRR4272082	SAMN04875546	PRJNA231221	Missing	United Kingdom	2016-09-21
PRJNA231221	SRR4272084	SAMN04875549	PRJNA231221	Missing	USA:VA	2016-09-21
PRJNA231221	SRR4272126	SAMN04875551	PRJNA231221	Missing	USA:MD	2016-09-21
PRJNA231221	SRR4272129	SAMN04875552	PRJNA231221	Missing	USA:MA	2016-09-21
PRJNA231221	SRR4272614	SAMN04875557	PRJNA231221	Missing	USA:MD	2016-09-21
PRJNA231221	SRR4272617	SAMN04875559	PRJNA231221	1988	France	2016-09-21
PRJNA231221	SRR4272621	SAMN04875560	PRJNA231221	Missing	USA:MD	2016-09-21
PRJNA231221	SRR4273026	SAMN04875562	PRJNA231221	1934	USA:NY	2016-09-21
PRJNA231221	SRR4273063	SAMN04875567	PRJNA231221	2014-07-09	USA:DC	2016-09-21
PRJNA231221	SRR4366256	SAMN04875529	PRJNA231221	2013-12-10	USA:DC	2016-10-07
PRJNA231221	SRR4380216	SAMN05004741	PRJNA231221	2014-07-21	USA:DC	2016-10-09
PRJNA231221	SRR4381681	SAMN04875580	PRJNA231221	2014-10-06	USA:DC	2016-10-09
PRJNA231221	SRR4416521	SAMN04875571	PRJNA231221	2014-09-14	USA:DC	2016-10-13
PRJNA231221	SRR5395286	SAMN06173297	PRJNA231221	2014-08-29	USA:DC	2017-04-01
PRJNA231221	SRR5400277	SAMN06173298	PRJNA231221	Missing	USA:DC	2017-04-04
PRJNA231221	SRR5400279	SAMN06173300	PRJNA231221	2014-11-04	USA:DC	2017-04-04
PRJNA231221	SRR5400280	SAMN06173300	PRJNA231221	2014-11-04	USA:DC	2017-04-04
PRJNA231221	SRR5400973	SAMN06173301	PRJNA231221	2014-11-12	USA:DC	2017-04-04
PRJNA231221	SRR5400974	SAMN06173301	PRJNA231221	2014-11-12	USA:DC	2017-04-04
PRJNA231221	SRR5401007	SAMN06173308	PRJNA231221	1997	USA:VA	2017-04-04
PRJNA231221	SRR5409206	SAMN06173355	PRJNA231221	1952	USA:MD	2017-04-04
PRJNA231221	SRR5409209	SAMN06173331	PRJNA231221	2012		2017-04-04
PRJNA231221	SRR5409211	SAMN06173333	PRJNA231221	2012		2017-04-04
PRJNA231221	SRR5409214	SAMN06173357	PRJNA231221	1933	USA	2017-04-04
PRJNA231221	SRR5409216	SAMN06173332	PRJNA231221	2012		2017-04-04
PRJNA231221	SRR5409217	SAMN06173332	PRJNA231221	2012		2017-04-04
PRJNA231221	SRR5409220	SAMN06173358	PRJNA231221	1948	USA	2017-04-04
PRJNA231221	SRR5409474	SAMN06173302	PRJNA231221	2014-04-02	USA:DC	2017-04-04
PRJNA231221	SRR5413250	SAMN06173303	PRJNA231221	2014-05-21	USA:DC	2017-04-05
PRJNA231221	SRR5413264	SAMN06173316	PRJNA231221	1984	USA:VA	2017-04-05
PRJNA231221	SRR5413267	SAMN06173310	PRJNA231221	1994	USA:VA	2017-04-05
PRJNA231221	SRR5413269	SAMN06173317	PRJNA231221	1989/1992	USA:VA	2017-04-05
PRJNA231221	SRR5413272	SAMN06173318	PRJNA231221	1990-07	USA: WI	2017-04-05
PRJNA231221	SRR5413277	SAMN06173320	PRJNA231221	1979	USA:VA	2017-04-05
PRJNA231221	SRR5413294	SAMN06173323	PRJNA231221	1925-03	France	2017-04-05
PRJNA231221	SRR5417084	SAMN06173326	PRJNA231221	2011	USA:MN	2017-04-06
PRJNA231221	SRR5417085	SAMN06173325	PRJNA231221	2011	USA:MD	2017-04-06
PRJNA231221	SRR5417087	SAMN06173327	PRJNA231221	2011	USA:TN	2017-04-06
PRJNA231221	SRR5417089	SAMN06173328	PRJNA231221	2011	USA:NM	2017-04-06
PRJNA231221	SRR5419825	SAMN06173336	PRJNA231221	2014-12-19	USA:DC	2017-04-06
PRJNA231221	SRR5419827	SAMN06173337	PRJNA231221	2015-01-13	USA:DC	2017-04-06
PRJNA231221	SRR5419829	SAMN06173338	PRJNA231221	2015-01-13	USA:DC	2017-04-06
PRJNA231221	SRR5419832	SAMN06173340	PRJNA231221	2015-01-11	USA:DC	2017-04-06
PRJNA231221	SRR5419834	SAMN06173341	PRJNA231221	2015-01-13	USA:DC	2017-04-06
PRJNA231221	SRR5419836	SAMN06173342	PRJNA231221	2015-01-15	USA:DC	2017-04-06
PRJNA231221	SRR5419935	SAMN06173344	PRJNA231221	2015-02-05	USA:DC	2017-04-06
PRJNA231221	SRR5419936	SAMN06173345	PRJNA231221	2015-02-05	USA:DC	2017-04-06
PRJNA231221	SRR5419937	SAMN06173345	PRJNA231221	2015-02-05	USA:DC	2017-04-06
PRJNA231221	SRR5419938	SAMN06173347	PRJNA231221	2015-02-22	USA:DC	2017-04-06
PRJNA231221	SRR5419948	SAMN06173348	PRJNA231221	2015-02-11	USA:DC	2017-04-06
PRJNA231221	SRR5419949	SAMN06173348	PRJNA231221	2015-02-11	USA:DC	2017-04-06
PRJNA231221	SRR5427937	SAMN06173353	PRJNA231221	2015-03-11	USA:DC	2017-04-07
PRJNA231221	SRR5427949	SAMN06173365	PRJNA231221	1909	Brazil	2017-04-08
PRJNA231221	SRR5440732	SAMN06173362	PRJNA231221	2001	Germany	2017-04-14
PRJNA231221	SRR5440734	SAMN06173369	PRJNA231221	Missing	Missing	2017-04-14
PRJNA231221	SRR5440736	SAMN06173359	PRJNA231221	1967	Japan: Ehime	2017-04-14
PRJNA231221	SRR5448657	SAMN06173356	PRJNA231221	Missing	Missing	2017-04-16
PRJNA231221	SRR5448772	SAMN06173360	PRJNA231221	Missing	Missing	2017-04-16
PRJNA231221	SRR5448862	SAMN06173366	PRJNA231221	1978	France: Bordeaux	2017-04-16
PRJNA231221	SRR5449044	SAMN06173309	PRJNA231221	Missing	USA:VA	2017-04-16
PRJNA231221	SRR5449049	SAMN06173311	PRJNA231221	1983	Australia: Perth	2017-04-16
PRJNA231221	SRR5449050	SAMN06173311	PRJNA231221	1983	Australia: Perth	2017-04-16
PRJNA231221	SRR5449075	SAMN06173315	PRJNA231221	1999	Hungary: Soroksar tributary of the Danube river	2017-04-18
PRJNA231221	SRR5449078	SAMN06173322	PRJNA231221	1978	USA:VA	2017-04-18
PRJNA231221	SRR5449080	SAMN06173322	PRJNA231221	1978	USA:VA	2017-04-18
PRJNA231221	SRR5449085	SAMN06173324	PRJNA231221	1917	USA:VA	2017-04-18
PRJNA231221	SRR5932715	SAMN07312504	PRJNA231221	1980	Sudan	2017-11-09
PRJNA231221	SRR5932716	SAMN07312504	PRJNA231221	1980	Sudan	2017-11-09
PRJNA231221	SRR5932749	SAMN07312406	PRJNA231221	2015-01-01	USA:DC	2017-11-09
PRJNA231221	SRR5932750	SAMN07312406	PRJNA231221	2015-01-01	USA:DC	2017-11-09
PRJNA231221	SRR5932752	SAMN07312505	PRJNA231221	1980	Sudan	2017-11-09
PRJNA231221	SRR5932753	SAMN07312505	PRJNA231221	1980	Sudan	2017-11-09
PRJNA231221	SRR5932754	SAMN07312505	PRJNA231221	1980	Sudan	2017-11-09
PRJNA231221	SRR7166468	SAMN07796331	PRJNA231221	Missing	Missing	2019-10-31
PRJNA231221	SRR7166472	SAMN07796347	PRJNA231221	1976	Zaire: Mayinga	2019-10-31
PRJNA231221	SRR7167601	SAMN07796342	PRJNA231221	2015	Panama	2019-10-31
PRJNA231221	SRR7167605	SAMN07796355	PRJNA231221	1962	Thailand	2019-10-31
PRJNA231221	SRR7167611	SAMN07796348	PRJNA231221	1976	Zaire: Mayinga	2019-10-31
PRJNA231221	SRR7167620	SAMN07796354	PRJNA231221	2007	Uganda: Bundibugyo	2019-10-31
PRJNA231221	SRR7167621	SAMN07796354	PRJNA231221	2007	Uganda: Bundibugyo	2019-10-31
PRJNA231221	SRR7167622	SAMN07796366	PRJNA231221	1976	Sudan	2019-10-31
PRJNA231221	SRR7167623	SAMN07796366	PRJNA231221	1976	Sudan	2019-10-31
PRJNA231221	SRR7167625	SAMN07796367	PRJNA231221	1995	Zaire: Kikwit	2019-10-31
PRJNA231221	SRR7167630	SAMN07796369	PRJNA231221	2007	Uganda	2019-10-31
PRJNA231221	SRR7167632	SAMN07796369	PRJNA231221	2007	Uganda	2019-10-31
PRJNA231221	SRR7167636	SAMN07796334	PRJNA231221	Missing	Missing	2019-10-31
PRJNA231221	SRR7167638	SAMN07796336	PRJNA231221	Missing	Missing	2019-10-31
PRJNA231221	SRR7167639	SAMN07796337	PRJNA231221	Missing	Missing	2019-10-31
PRJNA231221	SRR7170710	SAMN07796358	PRJNA231221	1983	Senegal	2019-10-31
PRJNA231221	SRR7170712	SAMN07796362	PRJNA231221	1972	Australia	2019-10-31
PRJNA231221	SRR7170713	SAMN07796349	PRJNA231221	1995	Zaire: Kikwit	2019-10-31
PRJNA231221	SRR7170714	SAMN07796365	PRJNA231221	1976	Zaire: Mayinga	2019-10-31
PRJNA231221	SRR7170719	SAMN07796371	PRJNA231221	2014	Sierra Leone: Kailahun District	2019-10-31
PRJNA231221	SRR8984468	SAMN11056361	PRJNA231221	Unknown	USA: DC	2019-04-29
PRJNA231221	SRR8984803	SAMN11056383	PRJNA231221	Unknown	USA: DC	2019-04-29
PRJNA231221	SRR8984804	SAMN11056362	PRJNA231221	Unknown	USA: DC	2019-04-30
PRJNA231221	SRR8984806	SAMN11056362	PRJNA231221	Unknown	USA: DC	2019-04-30
PRJNA231221	SRR8984809	SAMN11056363	PRJNA231221	Unknown	USA: DC	2019-04-29
PRJNA231221	SRR8984810	SAMN11056364	PRJNA231221	Unknown	USA: DC	2019-04-29
PRJNA231221	SRR8984812	SAMN11056364	PRJNA231221	Unknown	USA: DC	2019-04-29
PRJNA231221	SRR8984815	SAMN11056385	PRJNA231221	Unknown	USA: DC	2019-04-29
PRJNA231221	SRR8984816	SAMN11056385	PRJNA231221	Unknown	USA: DC	2019-04-29
PRJNA231221	SRR8984817	SAMN11056365	PRJNA231221	Unknown	USA: DC	2019-04-30
PRJNA231221	SRR8984819	SAMN11056365	PRJNA231221	Unknown	USA: DC	2019-04-30
PRJNA231221	SRR8984823	SAMN11056366	PRJNA231221	Unknown	USA: DC	2019-04-30
PRJNA231221	SRR8984825	SAMN11056366	PRJNA231221	Unknown	USA: DC	2019-04-30
PRJNA231221	SRR8984829	SAMN11056367	PRJNA231221	Unknown	USA: DC	2019-04-30
PRJNA231221	SRR8984830	SAMN11056367	PRJNA231221	Unknown	USA: DC	2019-04-30
PRJNA231221	SRR8984836	SAMN11056348	PRJNA231221	Unknown	USA: KY	2019-04-30
PRJNA231221	SRR8984841	SAMN11056350	PRJNA231221	Unknown	USA: KY	2019-04-29
PRJNA231221	SRR8984848	SAMN11056352	PRJNA231221	Unknown	USA: KY	2019-04-29
PRJNA231221	SRR8984849	SAMN11056352	PRJNA231221	Unknown	USA: KY	2019-04-29
PRJNA231221	SRR8984850	SAMN11056354	PRJNA231221	Unknown	USA: KY	2019-04-29
PRJNA231221	SRR8984852	SAMN11056354	PRJNA231221	Unknown	USA: KY	2019-04-30
PRJNA231221	SRR8984854	SAMN11056355	PRJNA231221	Unknown	USA: KY	2019-04-29
PRJNA231221	SRR8984855	SAMN11056355	PRJNA231221	Unknown	USA: KY	2019-04-29
PRJNA231221	SRR8984856	SAMN11056355	PRJNA231221	Unknown	USA: KY	2019-04-29
PRJNA231221	SRR8984857	SAMN11056357	PRJNA231221	Unknown	USA: KY	2019-04-30
PRJNA231221	SRR8984861	SAMN11056359	PRJNA231221	Unknown	USA: KY	2019-04-29
PRJNA231221	SRR8984867	SAMN11056375	PRJNA231221	Unknown	USA: KY	2019-04-29
PRJNA231221	SRR8984873	SAMN11056381	PRJNA231221	Unknown	USA: KY	2019-04-29
PRJNA231221	SRR8984874	SAMN11056379	PRJNA231221	Unknown	USA: KY	2019-04-30
PRJNA231221	SRR8984875	SAMN11056379	PRJNA231221	Unknown	USA: KY	2019-04-30
PRJNA231221	SRR8984876	SAMN11056379	PRJNA231221	Unknown	USA: KY	2019-04-30
PRJNA231221	SRR8984877	SAMN11056379	PRJNA231221	Unknown	USA: KY	2019-04-30
PRJNA231221	SRR8984880	SAMN11056331	PRJNA231221	Unknown	USA: MI	2019-04-29
PRJNA231221	SRR8984886	SAMN11056333	PRJNA231221	Unknown	USA: MI	2019-04-29
PRJNA231221	SRR8984887	SAMN11056333	PRJNA231221	Unknown	USA: MI	2019-04-29
PRJNA231221	SRR8984889	SAMN11056334	PRJNA231221	Unknown	USA: MI	2019-04-29
PRJNA231221	SRR8984892	SAMN11056334	PRJNA231221	Unknown	USA: MI	2019-04-29
PRJNA231221	SRR8984894	SAMN11056336	PRJNA231221	Unknown	USA: MI	2019-04-29
PRJNA231221	SRR8984898	SAMN11056337	PRJNA231221	Unknown	USA: MI	2019-04-30
PRJNA231221	SRR8984901	SAMN11056343	PRJNA231221	Unknown	USA: MI	2019-04-29
PRJNA231221	SRR8984904	SAMN11056344	PRJNA231221	Unknown	USA: MI	2019-04-29
PRJNA231221	SRR8991229	SAMN11056339	PRJNA231221	Unknown	USA: MI	2019-05-01
PRJNA231221	SRR8991232	SAMN11056347	PRJNA231221	Unknown	USA: KY	2019-05-01
PRJNA231221	SRR8991236	SAMN11056342	PRJNA231221	Unknown	USA: MI	2019-05-01
PRJNA231221	SRR8991238	SAMN11056353	PRJNA231221	Unknown	USA: KY	2019-05-01
PRJNA231221	SRR8991239	SAMN11056353	PRJNA231221	Unknown	USA: KY	2019-05-01
PRJNA231221	SRR8991240	SAMN11056353	PRJNA231221	Unknown	USA: KY	2019-05-01
PRJNA231221	SRR8991242	SAMN11056356	PRJNA231221	Unknown	USA: KY	2019-05-01
PRJNA231221	SRR8991243	SAMN11056358	PRJNA231221	Unknown	USA: KY	2019-05-01
PRJNA231221	SRR8991244	SAMN11056358	PRJNA231221	Unknown	USA: KY	2019-05-01
PRJNA231221	SRR8991245	SAMN11056358	PRJNA231221	Unknown	USA: KY	2019-05-01
PRJNA231221	SRR8991249	SAMN11056372	PRJNA231221	Unknown	USA: KY	2019-05-01
PRJNA231221	SRR8991251	SAMN11056372	PRJNA231221	Unknown	USA: KY	2019-05-01
PRJNA231221	SRR8991263	SAMN11056382	PRJNA231221	Unknown	USA: KY	2019-05-01
PRJNA231221	SRR9070076	SAMN11056370	PRJNA231221	Unknown	USA: DC	2019-05-17
PRJNA231221	SRR9070077	SAMN11056370	PRJNA231221	Unknown	USA: DC	2019-05-17
PRJNA231221	SRR9073717	SAMN11056371	PRJNA231221	Unknown	USA: DC	2019-05-17
PRJNA231221	SRR9073720	SAMN11056371	PRJNA231221	Unknown	USA: DC	2019-05-17
PRJNA231221	SRR9104638	SAMN11077979	PRJNA231221	missing	USA:MD	2019-05-24
PRJNA231221	SRR9107804	SAMN11077981	PRJNA231221	missing	USA:MD	2019-05-24
PRJNA231221	SRR9107812	SAMN11077980	PRJNA231221	missing	USA:MD	2019-05-24
PRJNA231221	SRR9107813	SAMN11077985	PRJNA231221	missing	USA:MD	2019-05-24
PRJNA231221	SRR9107814	SAMN11077985	PRJNA231221	missing	USA:MD	2019-05-24
PRJNA231221	SRR9141480	SAMN10346770	PRJNA231221	Unknown		2019-05-30
PRJNA231221	SRR9160375	SAMN10346771	PRJNA231221	Unknown	USA	2019-05-31
PRJNA231221	SRR9160377	SAMN10346772	PRJNA231221	Unknown	USA: Detroit, MI	2019-05-31
PRJNA231221	SRR9160379	SAMN10346772	PRJNA231221	Unknown	USA: Detroit, MI	2019-05-31
PRJNA231221	SRR9160490	SAMN10346773	PRJNA231221	Unknown	USA: Davis, CA	2019-05-31
PRJNA231221	SRR9161634	SAMN10346776	PRJNA231221	Unknown	USA: Miami, FL	2019-05-31
PRJNA231221	SRR9161657	SAMN11056390	PRJNA231221	Unknown	USA:VA	2019-05-31
PRJNA231221	SRR9162614	SAMN11056393	PRJNA231221	Unknown	USA:VA	2019-05-31
PRJNA231221	SRR9162615	SAMN11056393	PRJNA231221	Unknown	USA:VA	2019-05-31
PRJNA231221	SRR9162623	SAMN11056394	PRJNA231221	Unknown	USA:VA	2019-05-31
PRJNA231221	SRR9162874	SAMN11056391	PRJNA231221	Unknown	USA:VA	2019-05-31
PRJNA231221	SRR9162875	SAMN11056391	PRJNA231221	Unknown	USA:VA	2019-05-31
PRJNA231221	SRR9162876	SAMN11056391	PRJNA231221	Unknown	USA:VA	2019-05-31
PRJNA231221	SRR9163107	SAMN11056396	PRJNA231221	1994	USA:Cerro Negro, NM	2019-05-31
PRJNA231221	SRR9163112	SAMN11056395	PRJNA231221	Unknown	USA:VA	2019-05-31
PRJNA231221	SRR9163113	SAMN11056395	PRJNA231221	Unknown	USA:VA	2019-05-31
PRJNA231221	SRR9163181	SAMN11056400	PRJNA231221	Unknown	USA:VA	2019-05-31
PRJNA231221	SRR9163183	SAMN11056400	PRJNA231221	Unknown	USA:VA	2019-05-31
PRJNA231221	SRR9163304	SAMN11056399	PRJNA231221	Unknown	USA:VA	2019-05-31
PRJNA231221	SRR9163323	SAMN11056402	PRJNA231221	Unknown	Nigeria: Ibadan	2019-05-31
PRJNA231221	SRR9163417	SAMN11056404	PRJNA231221	Unknown	Nigeria: Ibadan	2019-05-31
PRJNA231221	SRR9163418	SAMN11056404	PRJNA231221	Unknown	Nigeria: Ibadan	2019-05-31
PRJNA231221	SRR9163419	SAMN11056405	PRJNA231221	Unknown	Nigeria: Ibadan	2019-05-31
PRJNA231221	SRR9163421	SAMN11056405	PRJNA231221	Unknown	Nigeria: Ibadan	2019-05-31
PRJNA231221	SRR9163434	SAMN11056403	PRJNA231221	Unknown	Nigeria: Ibadan	2019-05-31
PRJNA231221	SRR9163435	SAMN11056403	PRJNA231221	Unknown	Nigeria: Ibadan	2019-05-31
PRJNA231221	SRR9163568	SAMN11056410	PRJNA231221	Unknown	USA:MD	2019-06-01
PRJNA231221	SRR9167361	SAMN11056413	PRJNA231221	Unknown	USA:MD	2019-06-01
PRJNA231221	SRR9167362	SAMN11056413	PRJNA231221	Unknown	USA:MD	2019-06-01
PRJNA231221	SRR9167434	SAMN11056414	PRJNA231221	Unknown	USA:MD	2019-06-02
PRJNA231221	SRR9171533	SAMN11056415	PRJNA231221	Unknown	USA:MD	2019-06-02
PRJNA231221	SRR9171834	SAMN11056420	PRJNA231221	Unknown	USA:MD	2019-06-02
PRJNA231221	SRR9171836	SAMN11056421	PRJNA231221	Unknown	USA:MD	2019-06-02
PRJNA231221	SRR9171837	SAMN11056421	PRJNA231221	Unknown	USA:MD	2019-06-02
PRJNA231221	SRR9171839	SAMN11056419	PRJNA231221	Unknown	USA:MD	2019-06-02
PRJNA231221	SRR9171840	SAMN11056422	PRJNA231221	Unknown	Nigeria: Ibadan	2019-06-02
PRJNA231221	SRR9171843	SAMN11056422	PRJNA231221	Unknown	Nigeria: Ibadan	2019-06-02
PRJNA231221	SRR9172016	SAMN11056423	PRJNA231221	Unknown	Nigeria: Ibadan	2019-06-02
PRJNA231221	SRR9172018	SAMN11056423	PRJNA231221	Unknown	Nigeria: Ibadan	2019-06-02
PRJNA231221	SRR9172095	SAMN11056425	PRJNA231221	Unknown	Nigeria: Ibadan	2019-06-02
PRJNA231221	SRR9172099	SAMN11056426	PRJNA231221	Unknown	Nigeria: Ibadan	2019-06-02
PRJNA231221	SRR9172121	SAMN11056427	PRJNA231221	Unknown	Nigeria: Ibadan	2019-06-02
PRJNA231221	SRR9172123	SAMN11056428	PRJNA231221	Unknown	Nigeria: Ibadan	2019-06-02
PRJNA231221	SRR9172125	SAMN11056429	PRJNA231221	Unknown	Nigeria: Ibadan	2019-06-02
PRJNA231221	SRR9172128	SAMN11056430	PRJNA231221	Unknown	Nigeria: Ibadan	2019-06-02
PRJNA231221	SRR9172307	SAMN11056438	PRJNA231221	Unknown	USA:VA	2019-06-02
PRJNA231221	SRR9174969	SAMN11056440	PRJNA231221	Unknown	USA: KY	2019-06-02
PRJNA231221	SRR9174975	SAMN11056442	PRJNA231221	Unknown	USA:MN	2019-06-02
PRJNA231221	SRR9174978	SAMN11056442	PRJNA231221	Unknown	USA:MN	2019-06-02
PRJNA231221	SRR9174980	SAMN11056443	PRJNA231221	Unknown	USA:MN	2019-06-02
PRJNA231221	SRR9174983	SAMN11056444	PRJNA231221	Unknown	USA:MN	2019-06-02
PRJNA231221	SRR9174985	SAMN11056445	PRJNA231221	Unknown	USA:MN	2019-06-02
PRJNA231221	SRR9174987	SAMN11056445	PRJNA231221	Unknown	USA:MN	2019-06-02
PRJNA231221	SRR9174992	SAMN11056448	PRJNA231221	Unknown	USA:VA	2019-06-02
PRJNA231221	SRR9174995	SAMN11056439	PRJNA231221	Unknown	USA: KY	2019-06-02
PRJNA231221	SRR9174996	SAMN11056439	PRJNA231221	Unknown	USA: KY	2019-06-02
PRJNA231221	SRR9176579	SAMN11056451	PRJNA231221	Unknown	USA:VA	2019-06-02
PRJNA231221	SRR9176580	SAMN11056452	PRJNA231221	Unknown	USA:VA	2019-06-02
PRJNA231221	SRR9176583	SAMN11056452	PRJNA231221	Unknown	USA:VA	2019-06-02
PRJNA231221	SRR9176593	SAMN11056456	PRJNA231221	Unknown	USA:VA	2019-06-02
PRJNA231221	SRR9176604	SAMN11056460	PRJNA231221	Unknown	USA:MN	2019-06-02
PRJNA231221	SRR9176611	SAMN11056463	PRJNA231221	Unknown	USA:MN	2019-06-02
PRJNA231221	SRR9176612	SAMN11056464	PRJNA231221	Unknown	USA:VA	2019-06-02
PRJNA231221	SRR9176617	SAMN11056462	PRJNA231221	Unknown	USA:MN	2019-06-02
PRJNA231221	SRR9624838	SAMN11056469	PRJNA231221	Unknown	USA:VA	2019-07-03
PRJNA231221	SRR9624841	SAMN11056470	PRJNA231221	Unknown	USA:VA	2019-07-03
PRJNA231221	SRR9626912	SAMN11056472	PRJNA231221	Unknown	USA:VA	2019-07-04
PRJNA231221	SRR9641435	SAMN11056473	PRJNA231221	Unknown	USA:VA	2019-07-04
PRJNA231221	SRR9641467	SAMN11056474	PRJNA231221	Unknown	USA:VA	2019-07-04
PRJNA231221	SRR9641468	SAMN11056474	PRJNA231221	Unknown	USA:VA	2019-07-04
PRJNA231221	SRR9641471	SAMN11056476	PRJNA231221	Unknown	USA:VA	2019-07-04
PRJNA231221	SRR9641486	SAMN11056478	PRJNA231221	Unknown	USA:VA	2019-07-11
PRJNA231221	SRR9641497	SAMN11056479	PRJNA231221	Unknown	USA:VA	2019-07-04
PRJNA231221	SRR9641499	SAMN11056480	PRJNA231221	Unknown	USA:VA	2019-07-04
PRJNA231221	SRR9641500	SAMN11056477	PRJNA231221	Unknown	USA:VA	2019-07-04
PRJNA231221	SRR9641502	SAMN11056482	PRJNA231221	Unknown	USA:VA	2019-07-04
PRJNA231221	SRR9641505	SAMN11056483	PRJNA231221	Unknown	USA:VA	2019-07-04
PRJNA231221	SRR9641506	SAMN11056481	PRJNA231221	Unknown	USA:VA	2019-07-04
PRJNA231221	SRR9641507	SAMN11056481	PRJNA231221	Unknown	USA:VA	2019-07-04
PRJNA231221	SRR9641536	SAMN11056486	PRJNA231221	Unknown	USA:VA	2019-07-04
PRJNA231221	SRR9641537	SAMN11056486	PRJNA231221	Unknown	USA:VA	2019-07-04
PRJNA231221	SRR9641540	SAMN11056486	PRJNA231221	Unknown	USA:VA	2019-07-04
PRJNA231221	SRR9641541	SAMN11056486	PRJNA231221	Unknown	USA:VA	2019-07-04
PRJNA231221	SRR9641570	SAMN11056487	PRJNA231221	Unknown	USA:VA	2019-07-04
PRJNA231221	SRR9641572	SAMN11056488	PRJNA231221	Unknown	USA:VA	2019-07-04
PRJNA231221	SRR9641573	SAMN11056488	PRJNA231221	Unknown	USA:VA	2019-07-04
PRJNA231221	SRR9641575	SAMN11056489	PRJNA231221	Unknown	USA:VA	2019-07-04
PRJNA231221	SRR9641577	SAMN11056490	PRJNA231221	Unknown	USA:VA	2019-07-04
PRJNA231221	SRR9641598	SAMN11056491	PRJNA231221	Unknown	USA:VA	2019-07-04
PRJNA231221	SRR9641610	SAMN11056496	PRJNA231221	Unknown	USA:MD	2019-07-04
PRJNA231221	SRR9641613	SAMN11056496	PRJNA231221	Unknown	USA:MD	2019-07-04
PRJNA231221	SRR9641615	SAMN11056497	PRJNA231221	Unknown	USA:MD	2019-07-04
PRJNA231221	SRR9641617	SAMN11056498	PRJNA231221	Unknown	USA:MD	2019-07-04
PRJNA231221	SRR9641619	SAMN11056500	PRJNA231221	Unknown	Germany: Braunschweig	2019-07-04
PRJNA231221	SRR9641698	SAMN11056501	PRJNA231221	Unknown	Germany: Braunschweig	2019-07-17
PRJNA231221	SRR9641700	SAMN11056501	PRJNA231221	Unknown	Germany: Braunschweig	2019-07-04
PRJNA231221	SRR9667948	SAMN11056517	PRJNA231221	Unknown	USA:MD	2019-07-11
PRJNA231221	SRR9668053	SAMN11056503	PRJNA231221	Unknown	Germany: Braunschweig	2019-07-11
PRJNA231221	SRR9668054	SAMN11056503	PRJNA231221	Unknown	Germany: Braunschweig	2019-07-11
PRJNA231221	SRR9668056	SAMN11056503	PRJNA231221	Unknown	Germany: Braunschweig	2019-07-11
PRJNA231221	SRR9668059	SAMN11056503	PRJNA231221	Unknown	Germany: Braunschweig	2019-07-11
PRJNA231221	SRR9668060	SAMN11056503	PRJNA231221	Unknown	Germany: Braunschweig	2019-07-11
PRJNA231221	SRR9668148	SAMN11056506	PRJNA231221	Unknown	USA:MD	2019-07-11
PRJNA231221	SRR9668150	SAMN11056506	PRJNA231221	Unknown	USA:MD	2019-07-11
PRJNA231221	SRR9668342	SAMN11056505	PRJNA231221	Unknown	Germany: Braunschweig	2019-07-11
PRJNA231221	SRR9668366	SAMN11056508	PRJNA231221	Unknown	USA:MD	2019-07-11
PRJNA231221	SRR9668367	SAMN11056508	PRJNA231221	Unknown	USA:MD	2019-07-11
PRJNA231221	SRR9668386	SAMN11056510	PRJNA231221	Unknown	USA:MD	2019-07-11
PRJNA231221	SRR9668393	SAMN11056513	PRJNA231221	Unknown	USA:MD	2019-07-11
PRJNA231221	SRR9668396	SAMN11056515	PRJNA231221	Unknown	USA:MD	2019-07-11
PRJNA231221	SRR9668410	SAMN11056516	PRJNA231221	Unknown	USA:MD	2019-07-12
PRJNA231221	SRR9668411	SAMN11056516	PRJNA231221	Unknown	USA:MD	2019-07-11
PRJNA231221	SRR5866241	SAMN07312407	PRJNA231221	2014-05-12	USA:DC	2017-07-26
PRJNA231221	SRR5866247	SAMN07312408	PRJNA231221	2014-07-17	USA:DC	2017-07-27
PRJNA231221	SRR5866642	SAMN07312412	PRJNA231221	2014-08-01	USA:DC	2017-07-27
PRJNA231221	SRR5866644	SAMN07312413	PRJNA231221	2014-09-30	USA:DC	2017-07-27
PRJNA231221	SRR5866646	SAMN07312414	PRJNA231221	2014-06-24	USA:DC	2017-07-27
PRJNA231221	SRR5868499	SAMN07312419	PRJNA231221	2015-03-28	USA:DC	2017-07-27
PRJNA231221	SRR5868501	SAMN07312415	PRJNA231221	2014-02-16	USA:DC	2017-07-27
PRJNA231221	SRR5868513	SAMN07312405	PRJNA231221	2015-04-01	USA: MD	2017-07-27
PRJNA231221	SRR5868515	SAMN07312417	PRJNA231221	2014-07-01	USA:DC	2017-07-27
PRJNA231221	SRR5871393	SAMN07312420	PRJNA231221	2015-04-13	USA:DC	2017-07-27
PRJNA231221	SRR5871394	SAMN07312420	PRJNA231221	2015-04-13	USA:DC	2017-07-27
PRJNA231221	SRR5871776	SAMN07312422	PRJNA231221	2015-04-25	USA:DC	2017-07-27
PRJNA231221	SRR5871780	SAMN07312423	PRJNA231221	2015-04-27	USA:DC	2017-07-27
PRJNA231221	SRR5871784	SAMN07312424	PRJNA231221	2015-04-27	USA:DC	2017-07-27
PRJNA231221	SRR5871788	SAMN04327392	PRJNA231221	2015-04-27	USA:DC	2017-07-27
PRJNA231221	SRR5871799	SAMN07312425	PRJNA231221	2015-04-23	USA:DC	2017-07-27
PRJNA231221	SRR5871800	SAMN07312425	PRJNA231221	2015-04-23	USA:DC	2017-07-27
PRJNA231221	SRR5872697	SAMN07312426	PRJNA231221	2015-03-23	USA:DC	2017-07-28
PRJNA231221	SRR5872726	SAMN07312427	PRJNA231221	2015-05-05	USA:DC	2017-07-27
PRJNA231221	SRR5872730	SAMN07312429	PRJNA231221	2015-05-19	USA:DC	2017-07-27
PRJNA231221	SRR5872846	SAMN07312433	PRJNA231221	Missing	Missing	2017-07-28
PRJNA231221	SRR5872852	SAMN07312435	PRJNA231221	Missing	Missing	2017-07-28
PRJNA231221	SRR5872857	SAMN07312437	PRJNA231221	2005	Missing	2017-07-27
PRJNA231221	SRR5872858	SAMN07312438	PRJNA231221	1925	USA: MA	2017-07-27
PRJNA231221	SRR5872859	SAMN07312438	PRJNA231221	1925	USA: MA	2017-07-27
PRJNA231221	SRR5878733	SAMN07312441	PRJNA231221	Missing	Missing	2017-07-29
PRJNA231221	SRR5878735	SAMN07312442	PRJNA231221	Missing	Missing	2017-07-29
PRJNA231221	SRR5878845	SAMN07312449	PRJNA231221	Missing	Missing	2017-07-29
PRJNA231221	SRR5878888	SAMN07312451	PRJNA231221	Missing	Missing	2017-07-29
PRJNA231221	SRR5878889	SAMN07312451	PRJNA231221	Missing	Missing	2017-07-29
PRJNA231221	SRR5878891	SAMN07312450	PRJNA231221	Missing	Missing	2017-07-29
PRJNA231221	SRR5878897	SAMN07312454	PRJNA231221	Missing	Missing	2017-07-29
PRJNA231221	SRR5878898	SAMN07312455	PRJNA231221	Missing	Missing	2017-07-29
PRJNA231221	SRR5878904	SAMN07312456	PRJNA231221	Missing	Missing	2017-07-29
PRJNA231221	SRR5878929	SAMN07312460	PRJNA231221	Missing	Missing	2017-07-29
PRJNA231221	SRR5879184	SAMN07312461	PRJNA231221	Missing	Missing	2017-07-29
PRJNA231221	SRR5879185	SAMN07312462	PRJNA231221	Missing	Denmark	2017-07-29
PRJNA231221	SRR5879186	SAMN07312462	PRJNA231221	Missing	Denmark	2017-07-29
PRJNA231221	SRR5879312	SAMN07312469	PRJNA231221	Missing	Missing	2017-07-29
PRJNA231221	SRR5879321	SAMN07312464	PRJNA231221	Missing	Missing	2017-07-29
PRJNA231221	SRR5879330	SAMN07312466	PRJNA231221	Missing	USA:VA	2017-07-29
PRJNA231221	SRR5879396	SAMN07312468	PRJNA231221	Missing	USA:VA	2017-07-29
PRJNA231221	SRR5879419	SAMN07312472	PRJNA231221	2015-06	Canada:BC	2017-07-29
PRJNA231221	SRR5879431	SAMN07312473	PRJNA231221	2015-06	Canada:BC	2017-07-29
PRJNA231221	SRR5879432	SAMN07312473	PRJNA231221	2015-06	Canada:BC	2017-07-30
PRJNA231221	SRR5879446	SAMN07312471	PRJNA231221	2015-03	Canada:BC	2017-07-29
PRJNA231221	SRR5884783	SAMN07312478	PRJNA231221	2014-08	Canada:BC	2017-08-01
PRJNA231221	SRR5884789	SAMN07312480	PRJNA231221	2014-09	Canada:BC	2017-08-01
PRJNA231221	SRR5884790	SAMN07312480	PRJNA231221	2014-09	Canada:BC	2017-08-01
PRJNA231221	SRR5884791	SAMN07312482	PRJNA231221	2014-10	Canada:BC	2017-08-01
PRJNA231221	SRR5884792	SAMN07312482	PRJNA231221	2014-10	Canada:BC	2017-08-01
PRJNA231221	SRR5884793	SAMN07312483	PRJNA231221	2014-12	Canada:BC	2017-08-01
PRJNA231221	SRR5884795	SAMN07312484	PRJNA231221	2015-01	Canada:BC	2017-08-01
PRJNA231221	SRR5884796	SAMN07312484	PRJNA231221	2015-01	Canada:BC	2017-08-01
PRJNA231221	SRR5884797	SAMN07312485	PRJNA231221	2015-01	Canada:BC	2017-08-01
PRJNA231221	SRR5884798	SAMN07312485	PRJNA231221	2015-01	Canada:BC	2017-08-01
PRJNA231221	SRR5884799	SAMN07312486	PRJNA231221	2010-11	Canada:BC	2017-08-01
PRJNA231221	SRR5884801	SAMN07312486	PRJNA231221	2010-11	Canada:BC	2017-08-01
PRJNA231221	SRR5884862	SAMN07312492	PRJNA231221	2014-08	Canada:BC	2017-08-01
PRJNA231221	SRR5884866	SAMN07312491	PRJNA231221	2014-05	Canada:BC	2017-08-01
PRJNA231221	SRR10073035	SAMN11077950	PRJNA231221	missing	USA:MD	2019-09-06
PRJNA231221	SRR10073039	SAMN11077952	PRJNA231221	missing	USA:MD	2019-09-06
PRJNA231221	SRR10073040	SAMN11077952	PRJNA231221	missing	USA:MD	2019-09-06
PRJNA231221	SRR10073043	SAMN11077954	PRJNA231221	missing	USA:MD	2019-09-06
PRJNA231221	SRR10073044	SAMN11077954	PRJNA231221	missing	USA:MD	2019-09-06
PRJNA231221	SRR10073051	SAMN11078006	PRJNA231221	missing	USA:MD	2019-09-06
PRJNA231221	SRR10073056	SAMN11078008	PRJNA231221	missing	USA:MD	2019-09-06
PRJNA231221	SRR11453058	SAMN14214626	PRJNA231221	missing	missing	2020-04-14
PRJNA231221	SRR11453063	SAMN14214631	PRJNA231221	missing	missing	2020-04-14
PRJNA231221	SRR11453071	SAMN14214639	PRJNA231221	missing	missing	2020-04-14
PRJNA231221	SRR11453072	SAMN14214640	PRJNA231221	missing	missing	2020-04-14
PRJNA231221	SRR11453073	SAMN14214641	PRJNA231221	missing	missing	2020-04-14
PRJNA231221	SRR11453074	SAMN14214642	PRJNA231221	missing	missing	2020-04-14
PRJNA231221	SRR11471275	SAMN14214651	PRJNA231221	missing	missing	2020-04-14
PRJNA231221	SRR11471905	SAMN14214644	PRJNA231221	missing	missing	2020-04-14
PRJNA231221	SRR11471911	SAMN14214647	PRJNA231221	missing	missing	2020-04-14
PRJNA231221	SRR11471925	SAMN14214652	PRJNA231221	missing	missing	2020-04-14
PRJNA231221	SRR11471927	SAMN14214653	PRJNA231221	missing	missing	2020-04-14
PRJNA231221	SRR12045493	SAMN13450442	PRJNA231221	Unknown	Not applicable	2020-06-19
PRJNA231221	SRR12045545	SAMN13450432	PRJNA231221	Unknown	Not applicable	2020-06-19
PRJNA231221	SRR12045563	SAMN13450433	PRJNA231221			2020-06-19
PRJNA231221	SRR12045618	SAMN13450436	PRJNA231221	Unknown	Not applicable	2020-06-19
PRJNA231221	SRR12045657	SAMN13450437	PRJNA231221	Unknown	Not applicable	2020-06-19
PRJNA231221	SRR12045670	SAMN13450438	PRJNA231221	Unknown	Not applicable	2020-06-19
PRJNA231221	SRR12045671	SAMN13450438	PRJNA231221	Unknown	Not applicable	2020-06-19
PRJNA231221	SRR12045672	SAMN13450439	PRJNA231221	Unknown	Not applicable	2020-06-19
PRJNA231221	SRR12045687	SAMN13450417	PRJNA231221	Unknown	Not applicable	2020-06-19
PRJNA231221	SRR12046249	SAMN13450421	PRJNA231221	Unknown	Not applicable	2020-06-19
PRJNA231221	SRR12046250	SAMN13450421	PRJNA231221	Unknown	Not applicable	2020-06-19
PRJNA231221	SRR12046257	SAMN13450422	PRJNA231221	Unknown	Not applicable	2020-06-19
PRJNA231221	SRR12046259	SAMN13450422	PRJNA231221	Unknown	Not applicable	2020-06-19
PRJNA231221	SRR12046687	SAMN13450424	PRJNA231221	Unknown	Not applicable	2020-06-19
PRJNA231221	SRR12046688	SAMN13450459	PRJNA231221	Unknown	Not applicable	2020-06-19
PRJNA231221	SRR12046747	SAMN13450462	PRJNA231221	Unknown	Not applicable	2020-06-19
PRJNA231221	SRR12047072	SAMN13450464	PRJNA231221	Unknown	Not applicable	2020-06-19
PRJNA231221	SRR12047086	SAMN13450465	PRJNA231221	Unknown	Not applicable	2020-06-19
PRJNA231221	SRR12047093	SAMN13450466	PRJNA231221	Unknown	Not applicable	2020-06-19
PRJNA231221	SRR12047094	SAMN13450466	PRJNA231221	Unknown	Not applicable	2020-06-19
PRJNA231221	SRR12047095	SAMN13450467	PRJNA231221	Unknown	Not applicable	2020-06-19
PRJNA231221	SRR12047132	SAMN13450469	PRJNA231221	Unknown	Not applicable	2020-06-19
PRJNA231221	SRR12047136	SAMN13450470	PRJNA231221	Unknown	Not applicable	2020-06-19
PRJNA231221	SRR12047137	SAMN13450471	PRJNA231221	Unknown	Not applicable	2020-06-19
PRJNA231221	SRR12047140	SAMN13450472	PRJNA231221	Unknown	Not applicable	2020-06-19
PRJNA231221	SRR12047142	SAMN13450473	PRJNA231221	Unknown	Not applicable	2020-06-19
PRJNA231221	SRR12047143	SAMN13450474	PRJNA231221	Unknown	Not applicable	2020-06-19
PRJNA231221	SRR12047202	SAMN13450476	PRJNA231221	Unknown	Not applicable	2020-06-19
PRJNA231221	SRR12047204	SAMN13450476	PRJNA231221	Unknown	Not applicable	2020-06-19
PRJNA231221	SRR12047205	SAMN13450394	PRJNA231221	Unknown	Not applicable	2020-06-19
PRJNA231221	SRR12047207	SAMN13450395	PRJNA231221			2020-06-19
PRJNA231221	SRR12047225	SAMN13450397	PRJNA231221	Unknown	Not applicable	2020-06-19
PRJNA231221	SRR12047229	SAMN13450398	PRJNA231221			2020-06-19
PRJNA231221	SRR12047263	SAMN13450400	PRJNA231221			2020-06-19
PRJNA231221	SRR12047283	SAMN13450401	PRJNA231221	Unknown	Not applicable	2020-06-19
PRJNA231221	SRR12047292	SAMN13450403	PRJNA231221	Unknown	Not applicable	2020-06-19
PRJNA231221	SRR12047301	SAMN13450405	PRJNA231221	Unknown	Not applicable	2020-06-19
PRJNA231221	SRR12047326	SAMN13450406	PRJNA231221	Unknown	Not applicable	2020-06-19
PRJNA231221	SRR12047328	SAMN13450407	PRJNA231221	Unknown	Not applicable	2020-06-19
PRJNA231221	SRR12047332	SAMN13450409	PRJNA231221			2020-06-19
PRJNA231221	SRR12047334	SAMN13450425	PRJNA231221	Unknown	Not applicable	2020-06-19
PRJNA231221	SRR12047336	SAMN13450426	PRJNA231221	Unknown	Not applicable	2020-06-19
PRJNA231221	SRR12047342	SAMN13450411	PRJNA231221	Unknown	Not applicable	2020-06-19
PRJNA231221	SRR12047343	SAMN13450411	PRJNA231221	Unknown	Not applicable	2020-06-19
PRJNA231221	SRR12047344	SAMN13450412	PRJNA231221	Unknown	Not applicable	2020-06-20
PRJNA231221	SRR12047348	SAMN13450414	PRJNA231221	Unknown	Not applicable	2020-06-19
PRJNA231221	SRR12047349	SAMN13450414	PRJNA231221	Unknown	Not applicable	2020-06-20
PRJNA231221	SRR12047978	SAMN13450443	PRJNA231221	Unknown	Not applicable	2020-06-20
PRJNA231221	SRR12047981	SAMN13450444	PRJNA231221	Unknown	Not applicable	2020-06-20
PRJNA231221	SRR12048248	SAMN13450446	PRJNA231221	Unknown	Not applicable	2020-06-20
PRJNA231221	SRR12048252	SAMN13450448	PRJNA231221	Unknown	Not applicable	2020-06-20
PRJNA231221	SRR12048255	SAMN13450449	PRJNA231221	Unknown	Not applicable	2020-06-20
PRJNA231221	SRR12048531	SAMN13450453	PRJNA231221	Unknown	Not applicable	2020-06-20
PRJNA231221	SRR12048535	SAMN13450455	PRJNA231221	Unknown	Not applicable	2020-06-20
PRJNA231221	SRR12048540	SAMN13450428	PRJNA231221	Unknown	Not applicable	2020-06-20
PRJNA231221	SRR12048542	SAMN13450428	PRJNA231221	Unknown	Not applicable	2020-06-20
PRJNA231221	SRR12048547	SAMN13450429	PRJNA231221	Unknown	Not applicable	2020-06-20
PRJNA231221	SRR12048548	SAMN13450430	PRJNA231221	Unknown	Not applicable	2020-06-20
PRJNA231221	SRR12048549	SAMN13450430	PRJNA231221	Unknown	Not applicable	2020-06-20
PRJNA231221	SRR1206477	SAMN02700075	PRJNA231221	Missing	USA	2014-04-16
PRJNA231221	SRR1206478	SAMN02700075	PRJNA231221	Missing	USA	2014-04-16
PRJNA231221	SRR1206479	SAMN02700076	PRJNA231221	2013-06-05	USA	2014-04-16
PRJNA231221	SRR1206480	SAMN02700076	PRJNA231221	2013-06-05	USA	2014-04-16
PRJNA231221	SRR12066797	SAMN13450480	PRJNA231221	Unknown	Not applicable	2020-06-23
PRJNA231221	SRR12066798	SAMN13450480	PRJNA231221	Unknown	Not applicable	2020-06-23
PRJNA231221	SRR12066799	SAMN13450479	PRJNA231221	Unknown	Not applicable	2020-06-23
PRJNA231221	SRR12066800	SAMN13450479	PRJNA231221	Unknown	Not applicable	2020-06-23
PRJNA231221	SRR12066801	SAMN13450477	PRJNA231221	Unknown	Not applicable	2020-06-23
PRJNA231221	SRR12066802	SAMN13450477	PRJNA231221	Unknown	Not applicable	2020-06-23
PRJNA231221	SRR12825308	SAMN16357208	PRJNA231221	Unknown	USA:VA	2020-10-20
PRJNA231221	SRR12825309	SAMN16357208	PRJNA231221	Unknown	USA:VA	2020-10-20
PRJNA231221	SRR12825840	SAMN16357210	PRJNA231221	Unknown	USA:VA	2020-10-20
PRJNA231221	SRR12825841	SAMN16357212	PRJNA231221	Unknown	USA:VA	2020-10-20
PRJNA231221	SRR12825848	SAMN16357215	PRJNA231221	Unknown	USA:VA	2020-10-20
PRJNA231221	SRR12825850	SAMN16357216	PRJNA231221	Unknown	USA:VA	2020-10-20
PRJNA231221	SRR12825870	SAMN16357197	PRJNA231221	Unknown	USA:VA	2020-10-20
PRJNA231221	SRR12825876	SAMN16357200	PRJNA231221	Unknown	USA:VA	2020-10-20
PRJNA231221	SRR12825877	SAMN16357200	PRJNA231221	Unknown	USA:VA	2020-10-20
PRJNA231221	SRR12825879	SAMN16357201	PRJNA231221	Unknown	USA:VA	2020-10-20
PRJNA231221	SRR12825883	SAMN16357202	PRJNA231221	Unknown	USA:VA	2020-10-20
PRJNA231221	SRR12825884	SAMN16357203	PRJNA231221	Unknown	USA:VA	2020-10-20
PRJNA231221	SRR12825885	SAMN16357203	PRJNA231221	Unknown	USA:VA	2020-10-20
PRJNA231221	SRR12825890	SAMN16357180	PRJNA231221	Unknown	Germany: Braunschweig	2020-10-20
PRJNA231221	SRR12825894	SAMN16357182	PRJNA231221	Unknown	Germany: Braunschweig	2020-10-20
PRJNA231221	SRR12825895	SAMN16357182	PRJNA231221	Unknown	Germany: Braunschweig	2020-10-20
PRJNA231221	SRR12825897	SAMN16357183	PRJNA231221	Unknown	Germany: Braunschweig	2020-10-20
PRJNA231221	SRR12825901	SAMN16357185	PRJNA231221	Unknown	Germany: Braunschweig	2020-10-20
PRJNA231221	SRR12825903	SAMN16357185	PRJNA231221	Unknown	Germany: Braunschweig	2020-10-20
PRJNA231221	SRR12825928	SAMN16357186	PRJNA231221	Unknown	Germany: Braunschweig	2020-10-20
PRJNA231221	SRR12825930	SAMN16357187	PRJNA231221	Unknown	Germany: Braunschweig	2020-10-20
PRJNA231221	SRR12825933	SAMN16357188	PRJNA231221	Unknown	Germany: Braunschweig	2020-10-20
PRJNA231221	SRR12825936	SAMN16357190	PRJNA231221	Unknown	Germany: Braunschweig	2020-10-20
PRJNA231221	SRR12825939	SAMN16357219	PRJNA231221	Unknown	Germany: Braunschweig	2020-10-20
PRJNA231221	SRR12825941	SAMN16357220	PRJNA231221	Unknown	Germany: Braunschweig	2020-10-20
PRJNA231221	SRR12825949	SAMN16357223	PRJNA231221	Unknown	Germany: Braunschweig	2020-10-20
PRJNA231221	SRR12825953	SAMN16357224	PRJNA231221	Unknown	Germany: Braunschweig	2020-10-20
PRJNA231221	SRR12825954	SAMN16357224	PRJNA231221	Unknown	Germany: Braunschweig	2020-10-20
PRJNA231221	SRR12825955	SAMN16357225	PRJNA231221	Unknown	Germany: Braunschweig	2020-10-20
PRJNA231221	SRR12825956	SAMN16357225	PRJNA231221	Unknown	Germany: Braunschweig	2020-10-20
PRJNA231221	SRR12825960	SAMN16357227	PRJNA231221	Unknown	Germany: Braunschweig	2020-10-20
PRJNA231221	SRR12825970	SAMN16357232	PRJNA231221	Unknown	Germany: Braunschweig	2020-10-20
PRJNA231221	SRR12825971	SAMN16357232	PRJNA231221	Unknown	Germany: Braunschweig	2020-10-20
PRJNA231221	SRR12826189	SAMN16357233	PRJNA231221	Unknown	Germany: Braunschweig	2020-10-20
PRJNA231221	SRR12826191	SAMN16357234	PRJNA231221	Unknown	Germany: Braunschweig	2020-10-20
PRJNA231221	SRR12826194	SAMN16357235	PRJNA231221	Unknown	Germany: Braunschweig	2020-10-20
PRJNA231221	SRR12826201	SAMN16357238	PRJNA231221	Unknown	Germany: Braunschweig	2020-10-20
PRJNA231221	SRR12826203	SAMN16357239	PRJNA231221	Unknown	Germany: Braunschweig	2020-10-20
PRJNA231221	SRR12826206	SAMN16357240	PRJNA231221	Unknown	Germany: Braunschweig	2020-10-20
PRJNA231221	SRR12826208	SAMN16357241	PRJNA231221	Unknown	Germany: Braunschweig	2020-10-20
PRJNA231221	SRR12826210	SAMN16357242	PRJNA231221	Unknown	Germany: Braunschweig	2020-10-20
PRJNA231221	SRR12826212	SAMN16357243	PRJNA231221		Germany: Braunschweig	2020-10-20
PRJNA231221	SRR12826218	SAMN16357154	PRJNA231221	Unknown	Germany: Braunschweig	2020-10-20
PRJNA231221	SRR12826220	SAMN16357155	PRJNA231221	Unknown	Germany: Braunschweig	2020-10-20
PRJNA231221	SRR12826221	SAMN16357155	PRJNA231221	Unknown	Germany: Braunschweig	2020-10-20
PRJNA231221	SRR12826224	SAMN16357157	PRJNA231221	Unknown	Germany: Braunschweig	2020-10-20
PRJNA231221	SRR12826227	SAMN16357158	PRJNA231221	Unknown	Germany: Braunschweig	2020-10-20
PRJNA231221	SRR12826229	SAMN16357159	PRJNA231221	Unknown	Germany: Braunschweig	2020-10-20
PRJNA231221	SRR12826230	SAMN16357159	PRJNA231221	Unknown	Germany: Braunschweig	2020-10-20
PRJNA231221	SRR12826234	SAMN16357161	PRJNA231221	Unknown	Germany: Braunschweig	2020-10-20
PRJNA231221	SRR12827384	SAMN16357163	PRJNA231221	Unknown	Germany: Braunschweig	2020-10-20
PRJNA231221	SRR12827385	SAMN16357163	PRJNA231221	Unknown	Germany: Braunschweig	2020-10-20
PRJNA231221	SRR12827387	SAMN16357164	PRJNA231221	Unknown	Germany: Braunschweig	2020-10-20
PRJNA231221	SRR12827470	SAMN16357168	PRJNA231221	Unknown	Germany: Braunschweig	2020-10-20
PRJNA231221	SRR12827745	SAMN16357171	PRJNA231221	Unknown	Germany: Braunschweig	2020-10-20
PRJNA231221	SRR12827746	SAMN16357172	PRJNA231221	Unknown	Germany: Braunschweig	2020-10-20
PRJNA231221	SRR12827747	SAMN16357172	PRJNA231221	Unknown	Germany: Braunschweig	2020-10-20
PRJNA231221	SRR12827750	SAMN16357174	PRJNA231221		Germany: Braunschweig	2020-10-20
PRJNA231221	SRR12827751	SAMN16357174	PRJNA231221		Germany: Braunschweig	2020-10-20
PRJNA231221	SRR12827753	SAMN16357175	PRJNA231221	Unknown	Germany: Braunschweig	2020-10-20
PRJNA231221	SRR12827754	SAMN16357176	PRJNA231221	Unknown	Germany: Braunschweig	2020-10-20
PRJNA231221	SRR12827755	SAMN16357176	PRJNA231221	Unknown	Germany: Braunschweig	2020-10-20
PRJNA231221	SRR12827772	SAMN16357204	PRJNA231221	Unknown	USA:MD	2020-10-20
PRJNA231221	SRR12827778	SAMN16357218	PRJNA231221	Unknown	USA:MD	2020-10-20
PRJNA231221	SRR12827780	SAMN16357218	PRJNA231221	Unknown	USA:MD	2020-10-20
PRJNA231221	SRR12931584	SAMN16357245	PRJNA231221	Unknown	Germany:Langen	2020-10-30
PRJNA231221	SRR12931585	SAMN16357245	PRJNA231221	Unknown	Germany:Langen	2020-10-30
PRJNA231221	SRR12931595	SAMN16357246	PRJNA231221	Unknown	Germany:Langen	2020-10-30
PRJNA231221	SRR12931596	SAMN16357246	PRJNA231221	Unknown	Germany:Langen	2020-10-30
PRJNA231221	SRR12931605	SAMN16357247	PRJNA231221	Unknown	Germany:Langen	2020-10-30
PRJNA231221	SRR12933226	SAMN16357249	PRJNA231221	Unknown	Germany:Langen	2020-10-30
PRJNA231221	SRR12933523	SAMN16357251	PRJNA231221	Unknown	Germany:Langen	2020-10-30
PRJNA231221	SRR12933524	SAMN16357251	PRJNA231221	Unknown	Germany:Langen	2020-10-30
PRJNA231221	SRR12934875	SAMN16357254	PRJNA231221	Unknown	Germany:Langen	2020-10-30
PRJNA231221	SRR12934882	SAMN16357255	PRJNA231221	Unknown	Germany:Langen	2020-10-30
PRJNA231221	SRR12934883	SAMN16357255	PRJNA231221	Unknown	Germany:Langen	2020-10-30
PRJNA231221	SRR12934920	SAMN16357256	PRJNA231221	Unknown	Germany:Langen	2020-10-30
PRJNA231221	SRR12934921	SAMN16357256	PRJNA231221	Unknown	Germany:Langen	2020-10-30
PRJNA231221	SRR12934929	SAMN16357260	PRJNA231221	Unknown	Germany: Braunschweig	2020-10-30
PRJNA231221	SRR12934956	SAMN16357261	PRJNA231221	Unknown	Germany: Braunschweig	2020-10-30
PRJNA231221	SRR12935058	SAMN16357265	PRJNA231221	Unknown	Germany: Braunschweig	2020-10-30
PRJNA231221	SRR12935228	SAMN16357266	PRJNA231221	Unknown	Germany: Braunschweig	2020-10-30
PRJNA231221	SRR12935229	SAMN16357266	PRJNA231221	Unknown	Germany: Braunschweig	2020-10-30
PRJNA231221	SRR12935259	SAMN16357267	PRJNA231221	Unknown	Germany: Braunschweig	2020-10-30
PRJNA231221	SRR12935269	SAMN16357268	PRJNA231221	Unknown	Germany: Braunschweig	2020-10-30
PRJNA231221	SRR12935273	SAMN16357270	PRJNA231221	Unknown	Germany: Braunschweig	2020-10-30
PRJNA231221	SRR12935274	SAMN16357270	PRJNA231221	Unknown	Germany: Braunschweig	2020-10-30
PRJNA231221	SRR12935279	SAMN16357271	PRJNA231221	Unknown	Germany: Braunschweig	2020-10-30
PRJNA231221	SRR12935282	SAMN16357272	PRJNA231221	Unknown	Germany: Braunschweig	2020-10-30
PRJNA231221	SRR12935283	SAMN16357272	PRJNA231221	Unknown	Germany: Braunschweig	2020-10-30
PRJNA231221	SRR12935504	SAMN16357274	PRJNA231221	Unknown	Germany: Braunschweig	2020-10-30
PRJNA231221	SRR12936503	SAMN16357275	PRJNA231221	Unknown	Germany: Braunschweig	2020-10-30
PRJNA231221	SRR12936508	SAMN16357277	PRJNA231221	Unknown	Germany: Braunschweig	2020-10-30
PRJNA231221	SRR12936509	SAMN16357277	PRJNA231221	Unknown	Germany: Braunschweig	2020-10-30
PRJNA231221	SRR12936511	SAMN16357277	PRJNA231221	Unknown	Germany: Braunschweig	2020-10-30
PRJNA231221	SRR12936542	SAMN16357278	PRJNA231221	Unknown	Germany: Braunschweig	2020-10-30
PRJNA231221	SRR12936578	SAMN16357281	PRJNA231221	Unknown	Germany: Braunschweig	2020-10-30
PRJNA231221	SRR12936585	SAMN16357282	PRJNA231221	Unknown	Germany: Braunschweig	2020-10-30
PRJNA231221	SRR12936589	SAMN16357283	PRJNA231221	Unknown	Germany: Braunschweig	2020-10-30
PRJNA231221	SRR12936590	SAMN16357283	PRJNA231221	Unknown	Germany: Braunschweig	2020-10-30
PRJNA231221	SRR12936662	SAMN16357285	PRJNA231221	Unknown	Germany: Braunschweig	2020-10-30
PRJNA231221	SRR12937426	SAMN16357287	PRJNA231221	Unknown	Germany: Braunschweig	2020-10-30
PRJNA231221	SRR12937427	SAMN16357287	PRJNA231221	Unknown	Germany: Braunschweig	2020-10-30
PRJNA231221	SRR12937569	SAMN16357291	PRJNA231221	Unknown	Germany: Braunschweig	2020-10-30
PRJNA231221	SRR12937575	SAMN16357293	PRJNA231221	Unknown	Germany: Braunschweig	2020-10-31
PRJNA231221	SRR12937577	SAMN16357293	PRJNA231221	Unknown	Germany: Braunschweig	2020-10-31
PRJNA231221	SRR12937826	SAMN16357295	PRJNA231221	Unknown	Germany: Braunschweig	2020-10-31
PRJNA231221	SRR12937827	SAMN16357295	PRJNA231221	Unknown	Germany: Braunschweig	2020-10-31
PRJNA231221	SRR12937846	SAMN16357296	PRJNA231221	Unknown	Germany: Braunschweig	2020-10-31
PRJNA231221	SRR12937902	SAMN16357298	PRJNA231221		Germany: Braunschweig	2020-10-31
PRJNA231221	SRR12937905	SAMN16357299	PRJNA231221		Germany: Braunschweig	2020-10-31
PRJNA231221	SRR12937938	SAMN16357302	PRJNA231221	Unknown	Germany: Braunschweig	2020-10-31
PRJNA231221	SRR12937939	SAMN16357302	PRJNA231221	Unknown	Germany: Braunschweig	2020-10-31
PRJNA231221	SRR12937950	SAMN16357303	PRJNA231221	Unknown	Germany: Braunschweig	2020-10-31
PRJNA231221	SRR12937951	SAMN16357303	PRJNA231221	Unknown	Germany: Braunschweig	2020-10-31
PRJNA231221	SRR12937953	SAMN16357304	PRJNA231221		Germany: Braunschweig	2020-10-31
PRJNA231221	SRR12937955	SAMN16357305	PRJNA231221	Unknown	Germany: Braunschweig	2020-10-31
PRJNA231221	SRR12938571	SAMN16357308	PRJNA231221	Unknown	Germany: Braunschweig	2020-10-31
PRJNA231221	SRR12938572	SAMN16357308	PRJNA231221	Unknown	Germany: Braunschweig	2020-10-31
PRJNA231221	SRR12938574	SAMN16357309	PRJNA231221	Unknown	Germany: Braunschweig	2020-10-31
PRJNA231221	SRR12938578	SAMN16357310	PRJNA231221	Unknown	Germany: Braunschweig	2020-10-30
PRJNA231221	SRR12938605	SAMN16357313	PRJNA231221	Unknown	Germany: Braunschweig	2020-10-31
PRJNA231221	SRR12938613	SAMN16357314	PRJNA231221	Unknown	Germany: Braunschweig	2020-10-31
PRJNA231221	SRR12938614	SAMN16357315	PRJNA231221	Unknown	Germany: Braunschweig	2020-10-31
PRJNA231221	SRR12938618	SAMN16357317	PRJNA231221	Unknown	Germany: Braunschweig	2020-10-31
PRJNA231221	SRR12938619	SAMN16357317	PRJNA231221	Unknown	Germany: Braunschweig	2020-10-31
PRJNA231221	SRR12938889	SAMN16357319	PRJNA231221	Unknown	Germany: Braunschweig	2020-10-31
PRJNA231221	SRR12938891	SAMN16357320	PRJNA231221	Unknown	Germany: Braunschweig	2020-10-31
PRJNA231221	SRR12938913	SAMN16357321	PRJNA231221	Unknown	Germany: Braunschweig	2020-10-31
PRJNA231221	SRR12938914	SAMN16357322	PRJNA231221	Unknown	Germany: Braunschweig	2020-10-31
PRJNA231221	SRR12938915	SAMN16357322	PRJNA231221	Unknown	Germany: Braunschweig	2020-10-31
PRJNA231221	SRR12938923	SAMN16357323	PRJNA231221	Unknown	Germany: Braunschweig	2020-10-31
PRJNA231221	SRR12938961	SAMN16357328	PRJNA231221	Unknown	Germany: Braunschweig	2020-10-31
PRJNA231221	SRR12938963	SAMN16357329	PRJNA231221	Unknown	USA:MD	2020-10-31
PRJNA231221	SRR12939124	SAMN16357330	PRJNA231221	Unknown	USA:MD	2020-10-31
PRJNA231221	SRR12939125	SAMN16357330	PRJNA231221	Unknown	USA:MD	2020-10-31
PRJNA231221	SRR13668390	SAMN16357468	PRJNA231221	Unknown	USA:WA	2021-02-10
PRJNA231221	SRR13668409	SAMN16357469	PRJNA231221	Unknown	USA:WA	2021-02-10
PRJNA231221	SRR13668413	SAMN16357470	PRJNA231221	Unknown	USA:WA	2021-02-10
PRJNA231221	SRR13668427	SAMN16357471	PRJNA231221	Unknown	USA:WA	2021-02-10
PRJNA231221	SRR13669037	SAMN16357474	PRJNA231221	Unknown	USA:WA	2021-02-10
PRJNA231221	SRR13669073	SAMN16357475	PRJNA231221	Unknown	USA:WA	2021-02-10
PRJNA231221	SRR13669075	SAMN16357476	PRJNA231221	Unknown	USA:WA	2021-02-10
PRJNA231221	SRR13669171	SAMN16357478	PRJNA231221	Unknown	USA:WA	2021-02-10
PRJNA231221	SRR13669172	SAMN16357478	PRJNA231221	Unknown	USA:WA	2021-02-10
PRJNA231221	SRR13669978	SAMN16357479	PRJNA231221	Unknown	USA:WA	2021-02-10
PRJNA231221	SRR13670130	SAMN16357421	PRJNA231221	Unknown	USA:WA	2021-02-10
PRJNA231221	SRR13670628	SAMN16357423	PRJNA231221	Unknown	USA:WA	2021-02-10
PRJNA231221	SRR13670629	SAMN16357423	PRJNA231221	Unknown	USA:WA	2021-02-10
PRJNA231221	SRR13670650	SAMN16357513	PRJNA231221	Unknown	USA:WA	2021-02-10
PRJNA231221	SRR13670651	SAMN16357513	PRJNA231221	Unknown	USA:WA	2021-02-10
PRJNA231221	SRR13670814	SAMN16357515	PRJNA231221	Unknown	USA:WA	2021-02-10
PRJNA231221	SRR13672845	SAMN16357514	PRJNA231221	Unknown	USA:WA	2021-02-10
PRJNA231221	SRR13672856	SAMN16357426	PRJNA231221	Unknown	USA:WA	2021-02-10
PRJNA231221	SRR13672888	SAMN16357428	PRJNA231221	Unknown	USA:WA	2021-02-10
PRJNA231221	SRR13672951	SAMN16357429	PRJNA231221	Unknown	USA:WA	2021-02-10
PRJNA231221	SRR13673606	SAMN16357430	PRJNA231221	Unknown	USA:WA	2021-02-10
PRJNA231221	SRR13673679	SAMN16357431	PRJNA231221	Unknown	USA:WA	2021-02-10
PRJNA231221	SRR13673739	SAMN16357432	PRJNA231221	Unknown	USA:WA	2021-02-10
PRJNA231221	SRR13673798	SAMN16357436	PRJNA231221	Unknown	USA:WA	2021-02-10
PRJNA231221	SRR13673852	SAMN16357441	PRJNA231221	Unknown	USA:WA	2021-02-10
PRJNA231221	SRR13673893	SAMN16357443	PRJNA231221	Unknown	USA:WA	2021-02-10
PRJNA231221	SRR13673899	SAMN16357446	PRJNA231221	Unknown	USA:WA	2021-02-10
PRJNA231221	SRR13673901	SAMN16357446	PRJNA231221	Unknown	USA:WA	2021-02-10
PRJNA231221	SRR13673972	SAMN16357448	PRJNA231221	Unknown	USA:WA	2021-02-10
PRJNA231221	SRR13673974	SAMN16357449	PRJNA231221	Unknown	USA:WA	2021-02-10
PRJNA231221	SRR13673979	SAMN16357451	PRJNA231221	Unknown	USA:WA	2021-02-11
PRJNA231221	SRR13674000	SAMN16357452	PRJNA231221	Unknown	USA:WA	2021-02-10
PRJNA231221	SRR13674005	SAMN16357454	PRJNA231221	Unknown	USA:WA	2021-02-10
PRJNA231221	SRR13674019	SAMN16357456	PRJNA231221	Unknown	USA:WA	2021-02-11
PRJNA231221	SRR13674212	SAMN16357457	PRJNA231221	Unknown	USA:WA	2021-02-11
PRJNA231221	SRR13674214	SAMN16357457	PRJNA231221	Unknown	USA:WA	2021-02-11
PRJNA231221	SRR13674215	SAMN16357458	PRJNA231221	Unknown	USA:WA	2021-02-11
PRJNA231221	SRR13674229	SAMN16357459	PRJNA231221	Unknown	USA:WA	2021-02-11
PRJNA231221	SRR13674230	SAMN16357460	PRJNA231221	Unknown	USA:WA	2021-02-11
PRJNA231221	SRR13674233	SAMN16357461	PRJNA231221	Unknown	USA:WA	2021-02-11
PRJNA231221	SRR13674410	SAMN16357482	PRJNA231221	Unknown	USA:MD	2021-02-11
PRJNA231221	SRR13674411	SAMN16357484	PRJNA231221	Unknown	USA:MD	2021-03-01
PRJNA231221	SRR13674415	SAMN16357488	PRJNA231221	Unknown	USA:MD	2021-02-11
PRJNA231221	SRR13674420	SAMN16357490	PRJNA231221	Unknown	USA:MD	2021-02-11
PRJNA231221	SRR13674422	SAMN16357491	PRJNA231221	Unknown	USA:MD	2021-02-11
PRJNA231221	SRR13674425	SAMN16357492	PRJNA231221	Unknown	USA:MD	2021-02-11
PRJNA231221	SRR13674429	SAMN16357464	PRJNA231221	Unknown	USA:WA	2021-02-11
PRJNA231221	SRR13674430	SAMN16357464	PRJNA231221	Unknown	USA:WA	2021-02-11
PRJNA231221	SRR13674432	SAMN16357495	PRJNA231221	Unknown	USA:MD	2021-02-11
PRJNA231221	SRR13674436	SAMN16357497	PRJNA231221	Unknown	USA:MD	2021-02-11
PRJNA231221	SRR13674438	SAMN16357498	PRJNA231221	Unknown	USA:MD	2021-02-11
PRJNA231221	SRR13674440	SAMN16357499	PRJNA231221	Unknown	USA:MD	2021-02-11
PRJNA231221	SRR13674445	SAMN16357501	PRJNA231221	Unknown	USA:MD	2021-02-11
PRJNA231221	SRR13674446	SAMN16357502	PRJNA231221	Unknown	USA:MD	2021-02-11
PRJNA231221	SRR13674454	SAMN16357506	PRJNA231221	Unknown	USA:MD	2021-02-11
PRJNA231221	SRR13674463	SAMN16357510	PRJNA231221	Unknown	USA:MD	2021-02-11
PRJNA231221	SRR10017190	SAMN11077966	PRJNA231221	missing	USA:MD	2019-08-27
PRJNA231221	SRR10017192	SAMN11077968	PRJNA231221	missing	USA:MD	2019-08-27
PRJNA231221	SRR10017193	SAMN11077969	PRJNA231221	missing	USA:MD	2019-08-27
PRJNA231221	SRR10017196	SAMN11077973	PRJNA231221	missing	USA:MD	2019-08-27
PRJNA231221	SRR10017402	SAMN11077978	PRJNA231221	missing	USA:MD	2019-08-27
PRJNA231221	SRR10017404	SAMN11077972	PRJNA231221	missing	USA:MD	2019-08-27
PRJNA231221	SRR10017653	SAMN11077986	PRJNA231221	missing	USA:MD	2019-08-27
PRJNA231221	SRR10017688	SAMN11077997	PRJNA231221	missing	USA:MD	2019-08-27
PRJNA231221	SRR10017689	SAMN11078000	PRJNA231221	missing	USA:MD	2019-08-27
PRJNA231221	SRR10017690	SAMN11078003	PRJNA231221	missing	USA:MD	2019-08-27
PRJNA231221	SRR10024663	SAMN11077992	PRJNA231221	missing	USA:MD	2019-08-28
PRJNA231221	SRR10027403	SAMN11077995	PRJNA231221	missing	USA:MD	2019-08-30
PRJNA231221	SRR10027553	SAMN11078002	PRJNA231221	missing	USA:MD	2019-08-30
PRJNA231221	SRR10029610	SAMN11077975	PRJNA231221	missing	USA:MD	2019-08-30
PRJNA231221	SRR15069923	SAMN16357534	PRJNA231221	Unknown	Germany: Braunschweig	2021-07-10
PRJNA231221	SRR15070445	SAMN16357537	PRJNA231221	Unknown	Germany: Braunschweig	2021-07-10
PRJNA231221	SRR15070446	SAMN16357537	PRJNA231221	Unknown	Germany: Braunschweig	2021-07-10
PRJNA231221	SRR15070560	SAMN16357538	PRJNA231221	Unknown	Germany: Braunschweig	2021-07-10
PRJNA231221	SRR15070655	SAMN16357540	PRJNA231221	Unknown	Germany: Braunschweig	2021-07-10
PRJNA231221	SRR15074133	SAMN16357542	PRJNA231221	Unknown	Germany: Braunschweig	2021-07-10
PRJNA231221	SRR15074770	SAMN16357543	PRJNA231221	Unknown	Germany: Braunschweig	2021-07-10
PRJNA231221	SRR15074880	SAMN16357562	PRJNA231221	Unknown	Germany: Braunschweig	2021-07-10
PRJNA231221	SRR15074881	SAMN16357562	PRJNA231221	Unknown	Germany: Braunschweig	2021-07-10
PRJNA231221	SRR15074887	SAMN16357563	PRJNA231221	Unknown	Germany: Braunschweig	2021-07-10
PRJNA231221	SRR15075161	SAMN16357564	PRJNA231221	Unknown	Germany: Braunschweig	2021-07-10
PRJNA231221	SRR15075450	SAMN16357573	PRJNA231221	Unknown	Germany: Braunschweig	2021-07-10
PRJNA231221	SRR15075454	SAMN16357575	PRJNA231221	Unknown	Germany: Braunschweig	2021-07-10
PRJNA231221	SRR15075461	SAMN16357576	PRJNA231221	Unknown	Germany: Braunschweig	2021-07-10
PRJNA231221	SRR15075463	SAMN16357577	PRJNA231221	Unknown	Germany: Braunschweig	2021-07-10
PRJNA231221	SRR15075464	SAMN16357577	PRJNA231221	Unknown	Germany: Braunschweig	2021-07-10
PRJNA231221	SRR15075479	SAMN16357578	PRJNA231221	Unknown	Germany: Braunschweig	2021-07-10
PRJNA231221	SRR15075480	SAMN16357578	PRJNA231221	Unknown	Germany: Braunschweig	2021-07-10
PRJNA231221	SRR15076166	SAMN16357586	PRJNA231221	Unknown	Germany: Braunschweig	2021-07-10
PRJNA231221	SRR15076203	SAMN16357584	PRJNA231221	Unknown	Germany: Braunschweig	2021-07-10
PRJNA231221	SRR15076250	SAMN16357583	PRJNA231221	Unknown	Germany: Braunschweig	2021-07-10
PRJNA231221	SRR15076252	SAMN16357588	PRJNA231221	Unknown	Germany: Braunschweig	2021-07-10
PRJNA231221	SRR15076253	SAMN16357588	PRJNA231221	Unknown	Germany: Braunschweig	2021-07-10
PRJNA231221	SRR15076256	SAMN16357579	PRJNA231221	Unknown	Germany: Braunschweig	2021-07-10
PRJNA231221	SRR15076257	SAMN16357579	PRJNA231221	Unknown	Germany: Braunschweig	2021-07-10
PRJNA231221	SRR15076260	SAMN16357580	PRJNA231221	Unknown	Germany: Braunschweig	2021-07-10
PRJNA231221	SRR15076388	SAMN16357516	PRJNA231221	Unknown	USA:MT	2021-07-10
PRJNA231221	SRR15076399	SAMN16357595	PRJNA231221	Unknown	Germany: Braunschweig	2021-07-10
PRJNA231221	SRR15076400	SAMN16357595	PRJNA231221	Unknown	Germany: Braunschweig	2021-07-10
PRJNA231221	SRR15076401	SAMN16357591	PRJNA231221	Unknown	Germany: Braunschweig	2021-07-10
PRJNA231221	SRR15076405	SAMN16357526	PRJNA231221	Unknown	USA:MT	2021-07-10
PRJNA231221	SRR15076413	SAMN16357592	PRJNA231221	Unknown	Germany: Braunschweig	2021-07-10
PRJNA231221	SRR15076444	SAMN16357598	PRJNA231221	Unknown	Germany: Braunschweig	2021-07-10
PRJNA231221	SRR15076449	SAMN16357597	PRJNA231221	Unknown	Germany: Braunschweig	2021-07-10
PRJNA231221	SRR15076450	SAMN16357597	PRJNA231221	Unknown	Germany: Braunschweig	2021-07-10
PRJNA231221	SRR15076453	SAMN16357590	PRJNA231221	Unknown	Germany: Braunschweig	2021-07-10
PRJNA231221	SRR15076550	SAMN16357528	PRJNA231221	Unknown	USA:MT	2021-07-10
PRJNA231221	SRR15076551	SAMN16357528	PRJNA231221	Unknown	USA:MT	2021-07-10
PRJNA231221	SRR15076568	SAMN16357518	PRJNA231221	Unknown	USA:MT	2021-07-10
PRJNA231221	SRR15076569	SAMN16357519	PRJNA231221	Unknown	USA:MT	2021-07-10
PRJNA231221	SRR15076572	SAMN16357520	PRJNA231221	Unknown	USA:MT	2021-07-10
PRJNA231221	SRR15076574	SAMN16357521	PRJNA231221	Unknown	USA:MT	2021-07-10
PRJNA231221	SRR15076575	SAMN16357522	PRJNA231221	Unknown	USA:MT	2021-07-10
PRJNA231221	SRR15076578	SAMN16357523	PRJNA231221	Unknown	USA:MT	2021-07-10
PRJNA231221	SRR15076579	SAMN16357524	PRJNA231221	Unknown	USA:MT	2021-07-10
PRJNA231221	SRR15076580	SAMN16357524	PRJNA231221	Unknown	USA:MT	2021-07-10
PRJNA231221	SRR15076583	SAMN16357553	PRJNA231221	Unknown	USA:MD	2021-07-10
PRJNA231221	SRR15076596	SAMN16357556	PRJNA231221	Unknown	USA:MD	2021-07-10
PRJNA231221	SRR15076623	SAMN16357560	PRJNA231221	Unknown	USA:MD	2021-07-10
PRJNA231221	SRR15076626	SAMN16357547	PRJNA231221	Unknown	USA:MD	2021-07-10
PRJNA231221	SRR15076627	SAMN16357548	PRJNA231221	Unknown	USA:MD	2021-07-10
PRJNA231221	SRR15076631	SAMN16357549	PRJNA231221	Unknown	USA:MD	2021-07-10
PRJNA231221	SRR15079691	SAMN16357559	PRJNA231221	Unknown	USA:MD	2021-07-10
PRJNA231221	SRR15079693	SAMN16357550	PRJNA231221	Unknown	USA:MD	2021-07-10
PRJNA231221	SRR15079694	SAMN16357546	PRJNA231221	Unknown	USA:MD	2021-07-10
PRJNA231221	SRR15079697	SAMN16357551	PRJNA231221	Unknown	USA:MD	2021-07-10
PRJNA231221	SRR15079699	SAMN16357552	PRJNA231221	Unknown	USA:MD	2021-07-10
PRJNA231221	SRR15079701	SAMN16357561	PRJNA231221	Unknown	USA:MD	2021-07-10
PRJNA231221	SRR15079702	SAMN16357561	PRJNA231221	Unknown	USA:MD	2021-07-10
PRJNA231221	SRR1608924	SAMN02934513	PRJNA231221	2013-10-16	USA	2015-02-03
PRJNA231221	SRR1608925	SAMN02934513	PRJNA231221	2013-10-16	USA	2015-02-03
PRJNA231221	SRR1608930	SAMN02934510	PRJNA231221	2013-10-15	USA	2015-02-03
PRJNA231221	SRR1608935	SAMN02934511	PRJNA231221	2013-10-15	USA	2015-02-03
PRJNA231221	SRR1608937	SAMN02934512	PRJNA231221	2013-10-11	USA	2015-02-03
PRJNA231221	SRR1608938	SAMN02934512	PRJNA231221	2013-10-11	USA	2015-02-03
PRJNA231221	SRR1608965	SAMN02934516	PRJNA231221	2013-10-22	USA	2015-02-03
PRJNA231221	SRR1608966	SAMN02934516	PRJNA231221	2013-10-22	USA	2015-02-03
PRJNA231221	SRR1608969	SAMN02934519	PRJNA231221	2013-10-22	USA	2015-02-03
PRJNA231221	SRR1608970	SAMN02934520	PRJNA231221	2013-10-14	USA	2015-02-03
PRJNA231221	SRR1608972	SAMN02934520	PRJNA231221	2013-10-14	USA	2015-02-03
PRJNA231221	SRR1608974	SAMN02934521	PRJNA231221	2013-07-26	USA	2015-02-03
PRJNA231221	SRR1609067	SAMN02934525	PRJNA231221	2013-09-27	USA	2015-02-03
PRJNA231221	SRR1609068	SAMN02934525	PRJNA231221	2013-09-27	USA	2015-02-03
PRJNA231221	SRR1609071	SAMN02934526	PRJNA231221	2013-08-02	USA	2015-02-03
PRJNA231221	SRR1609073	SAMN02934526	PRJNA231221	2013-08-02	USA	2015-02-03
PRJNA231221	SRR1609075	SAMN02934527	PRJNA231221	2013-06-28	USA	2015-02-03
PRJNA231221	SRR1609077	SAMN02934528	PRJNA231221	2013-06-21	USA	2015-02-03
PRJNA231221	SRR1609088	SAMN02934532	PRJNA231221	2013-10-30	USA	2015-02-03
PRJNA231221	SRR1609089	SAMN02934532	PRJNA231221	2013-10-30	USA	2015-02-03
PRJNA231221	SRR1609090	SAMN02934532	PRJNA231221	2013-10-30	USA	2015-02-03
PRJNA231221	SRR1609092	SAMN02934533	PRJNA231221	2013-11-03	USA	2015-02-03
PRJNA231221	SRR1609093	SAMN02934533	PRJNA231221	2013-11-03	USA	2015-02-03
PRJNA231221	SRR1609098	SAMN02934535	PRJNA231221	2013-11-01	USA	2015-02-03
PRJNA231221	SRR1609102	SAMN02934536	PRJNA231221	2013-11-01	USA	2015-02-03
PRJNA231221	SRR1609103	SAMN02934537	PRJNA231221	2013-11-07	USA	2015-02-03
PRJNA231221	SRR1609104	SAMN02934537	PRJNA231221	2013-11-07	USA	2015-02-03
PRJNA231221	SRR1609107	SAMN02934538	PRJNA231221	2013-11-07	USA	2015-02-03
PRJNA231221	SRR1609113	SAMN02934540	PRJNA231221	2013-11-18	USA	2015-02-03
PRJNA231221	SRR1609116	SAMN02934542	PRJNA231221	2013-11-18	USA	2015-02-03
PRJNA231221	SRR1609117	SAMN02934542	PRJNA231221	2013-11-18	USA	2015-02-03
PRJNA231221	SRR1609118	SAMN02934544	PRJNA231221	2013-11-22	USA	2015-02-03
PRJNA231221	SRR1609121	SAMN02934544	PRJNA231221	2013-11-22	USA	2015-02-03
PRJNA231221	SRR1610289	SAMN02700076	PRJNA231221	2013-06-05	USA	2015-02-03
PRJNA231221	SRR16249235	SAMN21402690	PRJNA231221	Unknown	Germany: Braunschweig	2021-10-09
PRJNA231221	SRR16249247	SAMN21218845	PRJNA231221		Germany: Braunschweig	2021-10-09
PRJNA231221	SRR16249248	SAMN21218845	PRJNA231221		Germany: Braunschweig	2021-10-09
PRJNA231221	SRR16249249	SAMN21218846	PRJNA231221	Unknown	Germany: Braunschweig	2021-10-09
PRJNA231221	SRR16249250	SAMN21218846	PRJNA231221	Unknown	Germany: Braunschweig	2021-10-09
PRJNA231221	SRR16249252	SAMN21402691	PRJNA231221	Unknown	Germany: Braunschweig	2021-10-09
PRJNA231221	SRR16249299	SAMN21402694	PRJNA231221	Unknown	Germany: Braunschweig	2021-10-09
PRJNA231221	SRR16249300	SAMN21402694	PRJNA231221	Unknown	Germany: Braunschweig	2021-10-09
PRJNA231221	SRR16249301	SAMN21402695	PRJNA231221	Unknown	Germany: Braunschweig	2021-10-09
PRJNA231221	SRR16249307	SAMN21402692	PRJNA231221	Unknown	Germany: Braunschweig	2021-10-09
PRJNA231221	SRR16249312	SAMN21402699	PRJNA231221	Unknown	Germany: Braunschweig	2021-10-10
PRJNA231221	SRR16249314	SAMN21218848	PRJNA231221	Unknown	Germany: Braunschweig	2021-10-09
PRJNA231221	SRR16249316	SAMN21218849	PRJNA231221	Unknown	Germany: Braunschweig	2021-10-09
PRJNA231221	SRR16249365	SAMN21218850	PRJNA231221	Unknown	Germany: Braunschweig	2021-10-09
PRJNA231221	SRR16249367	SAMN21218851	PRJNA231221	Unknown	Germany: Braunschweig	2021-10-10
PRJNA231221	SRR16249368	SAMN21218851	PRJNA231221	Unknown	Germany: Braunschweig	2021-10-10
PRJNA231221	SRR16251401	SAMN21402700	PRJNA231221		Germany: Braunschweig	2021-10-10
PRJNA231221	SRR16251402	SAMN21218854	PRJNA231221	Unknown	Germany: Braunschweig	2021-10-10
PRJNA231221	SRR16251404	SAMN21218855	PRJNA231221	Unknown	Germany: Braunschweig	2021-10-10
PRJNA231221	SRR16251405	SAMN21218855	PRJNA231221	Unknown	Germany: Braunschweig	2021-10-10
PRJNA231221	SRR16251406	SAMN21218856	PRJNA231221	Unknown	Germany: Braunschweig	2021-10-10
PRJNA231221	SRR16251409	SAMN21218857	PRJNA231221		Germany: Braunschweig	2021-10-10
PRJNA231221	SRR16251416	SAMN21218852	PRJNA231221	Unknown	Germany: Braunschweig	2021-10-10
PRJNA231221	SRR16251417	SAMN21218852	PRJNA231221	Unknown	Germany: Braunschweig	2021-10-10
PRJNA231221	SRR16251418	SAMN21218858	PRJNA231221	Unknown	Germany: Braunschweig	2021-10-10
PRJNA231221	SRR16251419	SAMN21218858	PRJNA231221	Unknown	Germany: Braunschweig	2021-10-10
PRJNA231221	SRR16251423	SAMN21218860	PRJNA231221	Unknown	Germany: Braunschweig	2021-10-10
PRJNA231221	SRR16251428	SAMN21218862	PRJNA231221	Unknown	Germany: Braunschweig	2021-10-10
PRJNA231221	SRR16251430	SAMN21218863	PRJNA231221	Unknown	Germany: Braunschweig	2021-10-10
PRJNA231221	SRR16251432	SAMN21402702	PRJNA231221	Unknown	Germany: Braunschweig	2021-10-10
PRJNA231221	SRR16251434	SAMN21218864	PRJNA231221	Unknown	Germany: Braunschweig	2021-10-10
PRJNA231221	SRR16251437	SAMN21218865	PRJNA231221	Unknown	Germany: Braunschweig	2021-10-10
PRJNA231221	SRR16251438	SAMN21218866	PRJNA231221	Unknown	Germany: Braunschweig	2021-10-10
PRJNA231221	SRR16251442	SAMN21402704	PRJNA231221	Unknown	Germany: Braunschweig	2021-10-10
PRJNA231221	SRR16251443	SAMN21402704	PRJNA231221	Unknown	Germany: Braunschweig	2021-10-10
PRJNA231221	SRR16251444	SAMN20888876	PRJNA231221	Unknown	Germany: Braunschweig	2021-10-10
PRJNA231221	SRR16251446	SAMN21460642	PRJNA231221	Unknown	Germany: Braunschweig	2021-10-10
PRJNA231221	SRR16258998	SAMN21218868	PRJNA231221	Unknown	Germany: Braunschweig	2021-10-10
PRJNA231221	SRR16258999	SAMN21218868	PRJNA231221	Unknown	Germany: Braunschweig	2021-10-10
PRJNA231221	SRR16259008	SAMN21218870	PRJNA231221	Unknown	Germany: Braunschweig	2021-10-10
PRJNA231221	SRR16259009	SAMN21218870	PRJNA231221	Unknown	Germany: Braunschweig	2021-10-10
PRJNA231221	SRR16259012	SAMN20888878	PRJNA231221	Unknown	Germany: Braunschweig	2021-10-10
PRJNA231221	SRR16259013	SAMN20888878	PRJNA231221	Unknown	Germany: Braunschweig	2021-10-10
PRJNA231221	SRR16259204	SAMN20888880	PRJNA231221	Unknown	Germany: Braunschweig	2021-10-10
PRJNA231221	SRR16259284	SAMN21218873	PRJNA231221	Unknown	Germany: Braunschweig	2021-10-10
PRJNA231221	SRR16259286	SAMN21218873	PRJNA231221	Unknown	Germany: Braunschweig	2021-10-10
PRJNA231221	SRR16259318	SAMN20888881	PRJNA231221		Germany: Braunschweig	2021-10-10
PRJNA231221	SRR16259585	SAMN20888883	PRJNA231221	Unknown	Germany: Braunschweig	2021-10-10
PRJNA231221	SRR16259676	SAMN21218867	PRJNA231221	Unknown	Germany: Braunschweig	2021-10-10
PRJNA231221	SRR16259730	SAMN20888885	PRJNA231221	Unknown	Germany: Braunschweig	2021-10-10
PRJNA231221	SRR16259731	SAMN20888885	PRJNA231221	Unknown	Germany: Braunschweig	2021-10-10
PRJNA231221	SRR16259737	SAMN20888887	PRJNA231221	Unknown	Germany: Braunschweig	2021-10-10
PRJNA231221	SRR16259832	SAMN20888889	PRJNA231221	Unknown	Germany: Braunschweig	2021-10-10
PRJNA231221	SRR16259833	SAMN20888889	PRJNA231221	Unknown	Germany: Braunschweig	2021-10-10
PRJNA231221	SRR16259836	SAMN20888888	PRJNA231221	Unknown	Germany: Braunschweig	2021-10-10
PRJNA231221	SRR16263401	SAMN20888891	PRJNA231221	Unknown	Germany: Braunschweig	2021-10-10
PRJNA231221	SRR16263402	SAMN20888891	PRJNA231221	Unknown	Germany: Braunschweig	2021-10-10
PRJNA231221	SRR16263403	SAMN21218876	PRJNA231221	Unknown	Germany: Braunschweig	2021-10-10
PRJNA231221	SRR16263404	SAMN21218876	PRJNA231221	Unknown	Germany: Braunschweig	2021-10-10
PRJNA231221	SRR16263406	SAMN20888892	PRJNA231221	Unknown	Germany: Braunschweig	2021-10-10
PRJNA231221	SRR16263412	SAMN20888894	PRJNA231221		Germany: Braunschweig	2021-10-10
PRJNA231221	SRR16263416	SAMN20888897	PRJNA231221	Unknown	Germany: Braunschweig	2021-10-10
PRJNA231221	SRR16263439	SAMN20888902	PRJNA231221	Unknown	Germany: Braunschweig	2021-10-10
PRJNA231221	SRR16263440	SAMN20888895	PRJNA231221	Unknown	Germany: Braunschweig	2021-10-10
PRJNA231221	SRR16263441	SAMN20888895	PRJNA231221	Unknown	Germany: Braunschweig	2021-10-10
PRJNA231221	SRR16263448	SAMN21218878	PRJNA231221	Unknown	Germany: Braunschweig	2021-10-10
PRJNA231221	SRR17115536	SAMN22091637	PRJNA231221	Unknown	Germany: Braunschweig	2021-12-04
PRJNA231221	SRR17115541	SAMN22091639	PRJNA231221	Unknown	Germany: Braunschweig	2021-12-04
PRJNA231221	SRR17115545	SAMN22365118	PRJNA231221	Unknown	Germany: Braunschweig	2021-12-04
PRJNA231221	SRR17115546	SAMN22091641	PRJNA231221	Unknown	Germany: Braunschweig	2021-12-04
PRJNA231221	SRR17115553	SAMN22091643	PRJNA231221	Unknown	Germany: Braunschweig	2021-12-04
PRJNA231221	SRR17115571	SAMN22091644	PRJNA231221	Unknown	Germany: Braunschweig	2021-12-04
PRJNA231221	SRR17117118	SAMN22365120	PRJNA231221		Germany: Braunschweig	2021-12-04
PRJNA231221	SRR17117121	SAMN22091646	PRJNA231221	Unknown	Germany: Braunschweig	2021-12-04
PRJNA231221	SRR17117159	SAMN22091649	PRJNA231221	Unknown	Germany: Braunschweig	2021-12-04
PRJNA231221	SRR17117162	SAMN22091650	PRJNA231221	Unknown	Germany: Braunschweig	2021-12-04
PRJNA231221	SRR17117176	SAMN22091652	PRJNA231221	Unknown	Germany: Braunschweig	2021-12-04
PRJNA231221	SRR17117177	SAMN22091653	PRJNA231221	Unknown	Germany: Braunschweig	2021-12-04
PRJNA231221	SRR17117182	SAMN22091654	PRJNA231221	Unknown	Germany: Braunschweig	2021-12-04
PRJNA231221	SRR17117365	SAMN22365123	PRJNA231221	Unknown	Germany: Braunschweig	2021-12-04
PRJNA231221	SRR17117366	SAMN22365123	PRJNA231221	Unknown	Germany: Braunschweig	2021-12-04
PRJNA231221	SRR17117370	SAMN22091656	PRJNA231221	Unknown	Germany: Braunschweig	2021-12-04
PRJNA231221	SRR17117371	SAMN22091657	PRJNA231221	Unknown	Germany: Braunschweig	2021-12-04
PRJNA231221	SRR17117380	SAMN22091659	PRJNA231221	Unknown	Germany: Braunschweig	2021-12-04
PRJNA231221	SRR17117384	SAMN22091661	PRJNA231221	Unknown	Germany: Braunschweig	2021-12-04
PRJNA231221	SRR17117385	SAMN22365124	PRJNA231221	Unknown	Germany: Braunschweig	2021-12-04
PRJNA231221	SRR17117388	SAMN22365125	PRJNA231221	Unknown	Germany: Braunschweig	2021-12-04
PRJNA231221	SRR17117507	SAMN22365126	PRJNA231221	Unknown	Germany: Braunschweig	2021-12-04
PRJNA231221	SRR17118589	SAMN22091663	PRJNA231221	Unknown	Germany: Braunschweig	2021-12-04
PRJNA231221	SRR17118591	SAMN22091664	PRJNA231221	Unknown	Germany: Braunschweig	2021-12-04
PRJNA231221	SRR17118592	SAMN22091664	PRJNA231221	Unknown	Germany: Braunschweig	2021-12-04
PRJNA231221	SRR17118623	SAMN22091666	PRJNA231221		Germany: Braunschweig	2021-12-04
PRJNA231221	SRR17118624	SAMN22091666	PRJNA231221		Germany: Braunschweig	2021-12-04
PRJNA231221	SRR17118626	SAMN22365129	PRJNA231221	Unknown	Germany: Braunschweig	2021-12-04
PRJNA231221	SRR17118683	SAMN22365130	PRJNA231221	Unknown	Germany: Braunschweig	2021-12-04
PRJNA231221	SRR17119278	SAMN22365131	PRJNA231221	Unknown	Germany: Braunschweig	2021-12-04
PRJNA231221	SRR17119279	SAMN22365131	PRJNA231221	Unknown	Germany: Braunschweig	2021-12-04
PRJNA231221	SRR17119282	SAMN22365133	PRJNA231221		Germany: Braunschweig	2021-12-04
PRJNA231221	SRR17120048	SAMN22365136	PRJNA231221		Germany: Braunschweig	2021-12-04
PRJNA231221	SRR17120049	SAMN22365136	PRJNA231221		Germany: Braunschweig	2021-12-04
PRJNA231221	SRR17120077	SAMN23242877	PRJNA231221		Germany: Braunschweig	2021-12-04
PRJNA231221	SRR17120860	SAMN23242878	PRJNA231221		Germany: Braunschweig	2021-12-04
PRJNA231221	SRR17120861	SAMN23242878	PRJNA231221		Germany: Braunschweig	2021-12-04
PRJNA231221	SRR17124528	SAMN23242882	PRJNA231221	Unknown	Germany: Braunschweig	2021-12-04
PRJNA231221	SRR17124529	SAMN23242883	PRJNA231221	Unknown	Germany: Braunschweig	2021-12-04
PRJNA231221	SRR17125533	SAMN23242885	PRJNA231221	Unknown	Germany: Braunschweig	2021-12-04
PRJNA231221	SRR17125535	SAMN23242886	PRJNA231221	Unknown	Germany: Braunschweig	2021-12-04
PRJNA231221	SRR17125537	SAMN23242887	PRJNA231221	Unknown	Germany: Braunschweig	2021-12-04
PRJNA231221	SRR17125538	SAMN23242887	PRJNA231221	Unknown	Germany: Braunschweig	2021-12-04
PRJNA231221	SRR17125746	SAMN23242888	PRJNA231221	Unknown	Germany: Braunschweig	2021-12-05
PRJNA231221	SRR17125748	SAMN23242889	PRJNA231221	Unknown	Germany: Braunschweig	2021-12-05
PRJNA231221	SRR17126307	SAMN23242892	PRJNA231221	Unknown	Germany: Braunschweig	2021-12-05
PRJNA231221	SRR17126339	SAMN22091674	PRJNA231221	Unknown	USA: Silver Spring	2021-12-05
PRJNA231221	SRR17126340	SAMN22091667	PRJNA231221	Unknown	USA: Silver Spring	2021-12-05
PRJNA231221	SRR17126946	SAMN22091668	PRJNA231221	Unknown	USA: Silver Spring	2021-12-05
PRJNA231221	SRR17126970	SAMN22091672	PRJNA231221		USA: Silver Spring	2021-12-06
PRJNA231221	SRR17133869	SAMN22091678	PRJNA231221	Unknown	USA: Silver Spring	2021-12-06
PRJNA231221	SRR17133871	SAMN22091675	PRJNA231221	Unknown	USA: Silver Spring	2021-12-06
PRJNA231221	SRR17133875	SAMN22091677	PRJNA231221	Unknown	USA: Silver Spring	2021-12-06
PRJNA231221	SRR17261985	SAMN16357618	PRJNA231221	missing	missing	2021-12-18
PRJNA231221	SRR17261987	SAMN24061102	PRJNA231221	2018	USA	2021-12-18
PRJNA231221	SRR17261988	SAMN16357615	PRJNA231221	missing	missing	2021-12-18
PRJNA231221	SRR17261989	SAMN24061104	PRJNA231221	2013	Puerto Rico	2021-12-18
PRJNA231221	SRR17261998	SAMN24061079	PRJNA231221	2014	USA	2021-12-18
PRJNA231221	SRR17262063	SAMN24061084	PRJNA231221	2015	USA	2021-12-18
PRJNA231221	SRR17262064	SAMN24061085	PRJNA231221	2015	USA	2021-12-18
PRJNA231221	SRR17262065	SAMN24061086	PRJNA231221	2016	USA	2021-12-18
PRJNA231221	SRR17262066	SAMN24061087	PRJNA231221	2016	USA	2021-12-18
PRJNA231221	SRR17262067	SAMN24061088	PRJNA231221	2016	USA	2021-12-18
PRJNA231221	SRR17262068	SAMN24061089	PRJNA231221	2017	USA	2021-12-18
PRJNA231221	SRR17262071	SAMN24061092	PRJNA231221	2018	USA	2021-12-18
PRJNA231221	SRR17262075	SAMN24061096	PRJNA231221	2018	USA	2021-12-18
PRJNA231221	SRR17262076	SAMN24061097	PRJNA231221	2018	USA	2021-12-18
PRJNA231221	SRR17262080	SAMN16357607	PRJNA231221	missing	missing	2021-12-18
PRJNA231221	SRR17262084	SAMN16357623	PRJNA231221	missing	missing	2021-12-18
PRJNA231221	SRR17262087	SAMN16357609	PRJNA231221	missing	missing	2021-12-18
PRJNA231221	SRR17429246	SAMN16357621	PRJNA231221	missing	missing	2022-01-06
PRJNA231221	SRR17429248	SAMN16357621	PRJNA231221	missing	missing	2022-01-06
PRJNA231221	SRR17429250	SAMN16357623	PRJNA231221	missing	missing	2022-01-06
PRJNA231221	SRR17429253	SAMN16357624	PRJNA231221	missing	missing	2022-01-06
PRJNA231221	SRR17429257	SAMN16357626	PRJNA231221	missing	missing	2022-01-06
PRJNA231221	SRR17429260	SAMN16357627	PRJNA231221	missing	missing	2022-01-06
PRJNA231221	SRR17429265	SAMN16357629	PRJNA231221	missing	missing	2022-01-06
PRJNA231221	SRR17429267	SAMN16357631	PRJNA231221	missing	missing	2022-01-06
PRJNA231221	SRR17429268	SAMN16357631	PRJNA231221	missing	missing	2022-01-06
PRJNA231221	SRR17429269	SAMN16357632	PRJNA231221	missing	missing	2022-01-06
PRJNA231221	SRR17429271	SAMN16357632	PRJNA231221	missing	missing	2022-01-06
PRJNA231221	SRR17429272	SAMN16357633	PRJNA231221	missing	missing	2022-01-06
PRJNA231221	SRR17429273	SAMN16357633	PRJNA231221	missing	missing	2022-01-06
PRJNA231221	SRR17429279	SAMN16357622	PRJNA231221	missing	missing	2022-01-06
PRJNA231221	SRR17429281	SAMN16357630	PRJNA231221	missing	missing	2022-01-06
PRJNA231221	SRR1950242	SAMN03255433	PRJNA231221	2004	USA: AK	2015-05-14
PRJNA231221	SRR1950250	SAMN03255435	PRJNA231221			2015-05-14
PRJNA231221	SRR1950297	SAMN03255436	PRJNA231221	Missing	USA:CA	2015-04-03
PRJNA231221	SRR1950298	SAMN03255436	PRJNA231221	Missing	USA:CA	2015-05-14
PRJNA231221	SRR1950300	SAMN03255436	PRJNA231221	Missing	USA:CA	2015-04-03
PRJNA231221	SRR1950322	SAMN03255437	PRJNA231221	2002-07-16	USA: NY	2015-04-03
PRJNA231221	SRR1950324	SAMN03255437	PRJNA231221	2002-07-16	USA: NY	2015-04-03
PRJNA231221	SRR1950325	SAMN03255438	PRJNA231221	2013	USA: MN	2015-04-03
PRJNA231221	SRR1955491	SAMN03255441	PRJNA231221	1996	Portugal:Lisbon	2015-04-09
PRJNA231221	SRR1955495	SAMN03255442	PRJNA231221	1998	United Kingdom	2015-04-09
PRJNA231221	SRR1955498	SAMN03255443	PRJNA231221	1981	USA:NY	2015-04-09
PRJNA231221	SRR1955587	SAMN03255445	PRJNA231221	Missing	Missing	2015-05-14
PRJNA231221	SRR1955588	SAMN03255446	PRJNA231221	Missing	Missing	2015-04-09
PRJNA231221	SRR1955592	SAMN03255447	PRJNA231221	1999	France	2015-04-09
PRJNA231221	SRR1955593	SAMN03255447	PRJNA231221	1999	France	2015-04-09
PRJNA231221	SRR1955599	SAMN03255450	PRJNA231221	Missing	Missing	2015-04-09
PRJNA231221	SRR1955609	SAMN03255452	PRJNA231221	Missing	Missing	2015-05-14
PRJNA231221	SRR1955610	SAMN03255452	PRJNA231221	Missing	Missing	2015-04-09
PRJNA231221	SRR1955618	SAMN03255455	PRJNA231221	Missing	Missing	2015-04-09
PRJNA231221	SRR1955620	SAMN03255456	PRJNA231221	Missing	Missing	2015-04-09
PRJNA231221	SRR1955626	SAMN03255459	PRJNA231221	Missing	Missing	2015-04-09
PRJNA231221	SRR1955630	SAMN03255460	PRJNA231221	Missing	Missing	2015-04-09
PRJNA231221	SRR1955807	SAMN03255461	PRJNA231221	Missing	USA:Tennessee	2015-04-09
PRJNA231221	SRR1955815	SAMN03255463	PRJNA231221	Missing	Missing	2015-05-14
PRJNA231221	SRR1955816	SAMN03255463	PRJNA231221	Missing	Missing	2015-05-14
PRJNA231221	SRR1955817	SAMN03255463	PRJNA231221	Missing	Missing	2015-04-09
PRJNA231221	SRR1955818	SAMN03255464	PRJNA231221	1996	Japan	2015-04-09
PRJNA231221	SRR1955824	SAMN03255466	PRJNA231221	1960	Missing	2015-04-09
PRJNA231221	SRR1955827	SAMN03255468	PRJNA231221	1999	USA:NY	2015-04-09
PRJNA231221	SRR1955828	SAMN03255468	PRJNA231221	1999	USA:NY	2015-05-14
PRJNA231221	SRR1955829	SAMN03255468	PRJNA231221	1999	USA:NY	2015-05-14
PRJNA231221	SRR1955832	SAMN03255469	PRJNA231221	Missing	Missing	2015-04-09
PRJNA231221	SRR1955850	SAMN03255472	PRJNA231221	Missing	Missing	2015-05-14
PRJNA231221	SRR1955851	SAMN03255472	PRJNA231221	Missing	Missing	2015-04-09
PRJNA231221	SRR1955854	SAMN03255473	PRJNA231221	Missing	USA	2015-04-09
PRJNA231221	SRR1955857	SAMN03255474	PRJNA231221	2001	USA:Massachusetts	2015-04-09
PRJNA231221	SRR1955863	SAMN03255477	PRJNA231221	2004	USA:New York	2015-04-09
PRJNA231221	SRR1955865	SAMN03255478	PRJNA231221	Missing	France	2015-04-09
PRJNA231221	SRR1955867	SAMN03255478	PRJNA231221	Missing	France	2015-05-14
PRJNA231221	SRR1955868	SAMN03255479	PRJNA231221	Missing	Japan	2015-04-09
PRJNA231221	SRR1955873	SAMN03255481	PRJNA231221	1998	USA:North Dakota	2015-04-09
PRJNA231221	SRR1955921	SAMN03255485	PRJNA231221	1964	Denmark	2015-05-14
PRJNA231221	SRR1955923	SAMN03255485	PRJNA231221	1964	Denmark	2015-04-09
PRJNA231221	SRR1955925	SAMN03255486	PRJNA231221	1992	Portugal	2015-04-09
PRJNA231221	SRR1955927	SAMN03255488	PRJNA231221	1996	USA:New York	2015-04-09
PRJNA231221	SRR1955929	SAMN03255489	PRJNA231221	2003	Missing	2015-04-09
PRJNA231221	SRR1955930	SAMN03255487	PRJNA231221	1996	Portugal:Lisbon	2015-04-09
PRJNA231221	SRR2016856	SAMN03611814	PRJNA231221	2014-03-19	Guinea: Gueckedou	2015-05-14
PRJNA231221	SRR2016857	SAMN03611814	PRJNA231221	2014-03-19	Guinea: Gueckedou	2015-05-14
PRJNA231221	SRR2016858	SAMN03611814	PRJNA231221	2014-03-19	Guinea: Gueckedou	2015-05-15
PRJNA231221	SRR2018251	SAMN03611815	PRJNA231221	2014-03-19	Guinea: Gueckedou	2015-06-05
PRJNA231221	SRR2019275	SAMN03611816	PRJNA231221	2014-03-20	Guinea: Gueckedou	2015-05-15
PRJNA231221	SRR2019526	SAMN03611818	PRJNA231221	2014-03-17	Guinea: Kissidougou	2015-05-14
PRJNA231221	SRR2019528	SAMN03611818	PRJNA231221	2014-03-17	Guinea: Kissidougou	2015-05-14
PRJNA231221	SRR2019529	SAMN03611819	PRJNA231221	2014-03-17	Guinea: Kissidougou	2015-05-14
PRJNA231221	SRR2019530	SAMN03611819	PRJNA231221	2014-03-17	Guinea: Kissidougou	2015-05-15
PRJNA231221	SRR8984802	SAMN11056383	PRJNA231221	Unknown	USA: DC	2019-04-29
PRJNA231221	SRR8984805	SAMN11056362	PRJNA231221	Unknown	USA: DC	2019-04-29
PRJNA231221	SRR8984808	SAMN11056363	PRJNA231221	Unknown	USA: DC	2019-04-29
PRJNA231221	SRR8984818	SAMN11056365	PRJNA231221	Unknown	USA: DC	2019-04-30
PRJNA231221	SRR8984821	SAMN11056366	PRJNA231221	Unknown	USA: DC	2019-04-30
PRJNA231221	SRR8984826	SAMN11056366	PRJNA231221	Unknown	USA: DC	2019-04-30
PRJNA231221	SRR8984828	SAMN11056367	PRJNA231221	Unknown	USA: DC	2019-04-30
PRJNA231221	SRR8984831	SAMN11056368	PRJNA231221	Unknown	USA: DC	2019-04-30
PRJNA231221	SRR8984832	SAMN11056368	PRJNA231221	Unknown	USA: DC	2019-04-30
PRJNA231221	SRR8984838	SAMN11056348	PRJNA231221	Unknown	USA: KY	2019-04-30
PRJNA231221	SRR8984843	SAMN11056351	PRJNA231221	Unknown	USA: KY	2019-04-29
PRJNA231221	SRR8984845	SAMN11056351	PRJNA231221	Unknown	USA: KY	2019-04-29
PRJNA231221	SRR8984846	SAMN11056351	PRJNA231221	Unknown	USA: KY	2019-04-29
PRJNA231221	SRR8984847	SAMN11056351	PRJNA231221	Unknown	USA: KY	2019-04-29
PRJNA231221	SRR8984851	SAMN11056354	PRJNA231221	Unknown	USA: KY	2019-04-30
PRJNA231221	SRR8984858	SAMN11056357	PRJNA231221	Unknown	USA: KY	2019-04-30
PRJNA231221	SRR8984859	SAMN11056357	PRJNA231221	Unknown	USA: KY	2019-04-30
PRJNA231221	SRR8984862	SAMN11056360	PRJNA231221	Unknown	USA: KY	2019-04-29
PRJNA231221	SRR8984863	SAMN11056360	PRJNA231221	Unknown	USA: KY	2019-04-29
PRJNA231221	SRR8984868	SAMN11056375	PRJNA231221	Unknown	USA: KY	2019-04-29
PRJNA231221	SRR8984872	SAMN11056381	PRJNA231221	Unknown	USA: KY	2019-04-29
PRJNA231221	SRR8984878	SAMN11056380	PRJNA231221	Unknown	USA: KY	2019-04-29
PRJNA231221	SRR8984882	SAMN11056332	PRJNA231221	Unknown	USA: MI	2019-04-29
PRJNA231221	SRR8984883	SAMN11056332	PRJNA231221	Unknown	USA: MI	2019-04-29
PRJNA231221	SRR8984890	SAMN11056334	PRJNA231221	Unknown	USA: MI	2019-04-29
PRJNA231221	SRR8984891	SAMN11056334	PRJNA231221	Unknown	USA: MI	2019-04-29
PRJNA231221	SRR8984893	SAMN11056336	PRJNA231221	Unknown	USA: MI	2019-04-29
PRJNA231221	SRR8984896	SAMN11056337	PRJNA231221	Unknown	USA: MI	2019-04-30
PRJNA231221	SRR8984897	SAMN11056337	PRJNA231221	Unknown	USA: MI	2019-04-30
PRJNA231221	SRR8984900	SAMN11056341	PRJNA231221	Unknown	USA: MI	2019-04-29
PRJNA231221	SRR8984902	SAMN11056343	PRJNA231221	Unknown	USA: MI	2019-04-29
PRJNA231221	SRR8984905	SAMN11056345	PRJNA231221	Unknown	USA: MI	2019-04-29
PRJNA231221	SRR8984906	SAMN11056345	PRJNA231221	Unknown	USA: MI	2019-04-29
PRJNA231221	SRR8984907	SAMN11056346	PRJNA231221	Unknown	USA: MI	2019-04-29
PRJNA231221	SRR8984908	SAMN11056346	PRJNA231221	Unknown	USA: MI	2019-04-29
PRJNA231221	SRR8989642	SAMN11056330	PRJNA231221	Unknown	USA: NY	2019-05-01
PRJNA231221	SRR8989644	SAMN11056335	PRJNA231221	Unknown	USA: MI	2019-05-01
PRJNA231221	SRR8989645	SAMN11056335	PRJNA231221	Unknown	USA: MI	2019-05-01
PRJNA231221	SRR8991227	SAMN11056339	PRJNA231221	Unknown	USA: MI	2019-05-01
PRJNA231221	SRR8991230	SAMN11056339	PRJNA231221	Unknown	USA: MI	2019-05-01
PRJNA231221	SRR8991233	SAMN11056340	PRJNA231221	Unknown	USA: MI	2019-05-01
PRJNA231221	SRR8991235	SAMN11056342	PRJNA231221	Unknown	USA: MI	2019-05-01
PRJNA231221	SRR8991237	SAMN11056342	PRJNA231221	Unknown	USA: MI	2019-05-01
PRJNA231221	SRR8991241	SAMN11056356	PRJNA231221	Unknown	USA: KY	2019-05-01
PRJNA231221	SRR8991246	SAMN11056358	PRJNA231221	Unknown	USA: KY	2019-05-01
PRJNA231221	SRR8991247	SAMN11056358	PRJNA231221	Unknown	USA: KY	2019-05-01
PRJNA231221	SRR8991248	SAMN11056372	PRJNA231221	Unknown	USA: KY	2019-05-01
PRJNA231221	SRR8991250	SAMN11056372	PRJNA231221	Unknown	USA: KY	2019-05-01
PRJNA231221	SRR8991252	SAMN11056372	PRJNA231221	Unknown	USA: KY	2019-05-01
PRJNA231221	SRR8991254	SAMN11056374	PRJNA231221	Unknown	USA: KY	2019-05-01
PRJNA231221	SRR8991256	SAMN11056377	PRJNA231221	Unknown	USA: KY	2019-05-01
PRJNA231221	SRR8991258	SAMN11056378	PRJNA231221	Unknown	USA: KY	2019-05-01
PRJNA231221	SRR8991262	SAMN11056382	PRJNA231221	Unknown	USA: KY	2019-05-01
PRJNA231221	SRR9070075	SAMN11056370	PRJNA231221	Unknown	USA: DC	2019-05-17
PRJNA231221	SRR9073716	SAMN11056371	PRJNA231221	Unknown	USA: DC	2019-05-17
PRJNA231221	SRR9073718	SAMN11056371	PRJNA231221	Unknown	USA: DC	2019-05-17
PRJNA231221	SRR9073719	SAMN11056371	PRJNA231221	Unknown	USA: DC	2019-05-17
PRJNA231221	SRR9107805	SAMN11077982	PRJNA231221	missing	USA:MD	2019-05-24
PRJNA231221	SRR9107807	SAMN11077983	PRJNA231221	missing	USA:MD	2019-05-24
PRJNA231221	SRR9107808	SAMN11077983	PRJNA231221	missing	USA:MD	2019-05-24
PRJNA231221	SRR9107810	SAMN11077984	PRJNA231221	missing	USA:MD	2019-05-24
PRJNA231221	SRR9141479	SAMN10346770	PRJNA231221	Unknown		2019-05-31
PRJNA231221	SRR9160376	SAMN10346771	PRJNA231221	Unknown	USA	2019-05-31
PRJNA231221	SRR9160467	SAMN10346774	PRJNA231221	Unknown		2019-05-31
PRJNA231221	SRR9160491	SAMN10346773	PRJNA231221	Unknown	USA: Davis, CA	2019-05-31
PRJNA231221	SRR9161629	SAMN10346777	PRJNA231221	Unknown		2019-05-31
PRJNA231221	SRR9161637	SAMN11056387	PRJNA231221	Unknown	USA:VA	2019-05-31
PRJNA231221	SRR9161638	SAMN11056387	PRJNA231221	Unknown	USA:VA	2019-05-31
PRJNA231221	SRR9161640	SAMN11056388	PRJNA231221	Unknown	USA:VA	2019-05-31
PRJNA231221	SRR9161653	SAMN11056389	PRJNA231221	Unknown	USA:VA	2019-05-31
PRJNA231221	SRR9161655	SAMN11056390	PRJNA231221	Unknown	USA:VA	2019-05-31
PRJNA231221	SRR9161656	SAMN11056390	PRJNA231221	Unknown	USA:VA	2019-05-31
PRJNA231221	SRR9161658	SAMN11056390	PRJNA231221	Unknown	USA:VA	2019-05-31
PRJNA231221	SRR9162605	SAMN11056392	PRJNA231221	Unknown	USA:VA	2019-05-31
PRJNA231221	SRR9162606	SAMN11056392	PRJNA231221	Unknown	USA:VA	2019-05-31
PRJNA231221	SRR9162625	SAMN11056394	PRJNA231221	Unknown	USA:VA	2019-05-31
PRJNA231221	SRR9162626	SAMN11056394	PRJNA231221	Unknown	USA:VA	2019-05-31
PRJNA231221	SRR9162877	SAMN11056391	PRJNA231221	Unknown	USA:VA	2019-05-31
PRJNA231221	SRR9163108	SAMN11056396	PRJNA231221	1994	USA:Cerro Negro, NM	2019-05-31
PRJNA231221	SRR9163110	SAMN11056397	PRJNA231221	Unknown	France	2019-05-31
PRJNA231221	SRR9163111	SAMN11056395	PRJNA231221	Unknown	USA:VA	2019-05-31
PRJNA231221	SRR9163114	SAMN11056395	PRJNA231221	Unknown	USA:VA	2019-05-31
PRJNA231221	SRR9163116	SAMN11056398	PRJNA231221	Unknown	USA:VA	2019-05-31
PRJNA231221	SRR9163182	SAMN11056400	PRJNA231221	Unknown	USA:VA	2019-05-31
PRJNA231221	SRR9163265	SAMN11056401	PRJNA231221	Unknown	Nigeria: Ibadan	2019-05-31
PRJNA231221	SRR9163305	SAMN11056399	PRJNA231221	Unknown	USA:VA	2019-05-31
PRJNA231221	SRR9163455	SAMN11056406	PRJNA231221	Unknown	Nigeria: Ibadan	2019-05-31
PRJNA231221	SRR9163456	SAMN11056406	PRJNA231221	Unknown	Nigeria: Ibadan	2019-05-31
PRJNA231221	SRR9163513	SAMN11056408	PRJNA231221	Unknown	USA:MN	2019-05-31
PRJNA231221	SRR9163514	SAMN11056408	PRJNA231221	Unknown	USA:MN	2019-05-31
PRJNA231221	SRR9163515	SAMN11056409	PRJNA231221	Unknown	USA:MD	2019-05-31
PRJNA231221	SRR9167342	SAMN11056412	PRJNA231221	Unknown	USA:MD	2019-06-01
PRJNA231221	SRR9167435	SAMN11056414	PRJNA231221	Unknown	USA:MD	2019-06-02
PRJNA231221	SRR9171524	SAMN11056416	PRJNA231221	Unknown	USA:MD	2019-06-02
PRJNA231221	SRR9171528	SAMN11056417	PRJNA231221	Unknown	USA:MD	2019-06-02
PRJNA231221	SRR9171532	SAMN11056415	PRJNA231221	Unknown	USA:MD	2019-06-02
PRJNA231221	SRR9171742	SAMN11056418	PRJNA231221	Unknown	USA:MD	2019-06-02
PRJNA231221	SRR9171841	SAMN11056422	PRJNA231221	Unknown	Nigeria: Ibadan	2019-06-02
PRJNA231221	SRR9172017	SAMN11056423	PRJNA231221	Unknown	Nigeria: Ibadan	2019-06-02
PRJNA231221	SRR9172071	SAMN11056424	PRJNA231221	Unknown	Nigeria: Ibadan	2019-06-02
PRJNA231221	SRR9172096	SAMN11056425	PRJNA231221	Unknown	Nigeria: Ibadan	2019-06-02
PRJNA231221	SRR9172100	SAMN11056426	PRJNA231221	Unknown	Nigeria: Ibadan	2019-06-02
PRJNA231221	SRR9172122	SAMN11056427	PRJNA231221	Unknown	Nigeria: Ibadan	2019-06-02
PRJNA231221	SRR9172269	SAMN11056433	PRJNA231221	Unknown	Nigeria: Ibadan	2019-06-02
PRJNA231221	SRR9172270	SAMN11056434	PRJNA231221	Unknown	USA:MN	2019-06-02
PRJNA231221	SRR9172272	SAMN11056434	PRJNA231221	Unknown	USA:MN	2019-06-02
PRJNA231221	SRR9172273	SAMN11056434	PRJNA231221	Unknown	USA:MN	2019-06-02
PRJNA231221	SRR9172297	SAMN11056435	PRJNA231221	Unknown	USA:MN	2019-06-02
PRJNA231221	SRR9172299	SAMN11056436	PRJNA231221	Unknown	USA:MN	2019-06-02
PRJNA231221	SRR9172300	SAMN11056436	PRJNA231221	Unknown	USA:MN	2019-06-02
PRJNA231221	SRR9172303	SAMN11056437	PRJNA231221	Unknown	USA:MN	2019-06-02
PRJNA231221	SRR9172304	SAMN11056437	PRJNA231221	Unknown	USA:MN	2019-06-02
PRJNA231221	SRR9172305	SAMN11056437	PRJNA231221	Unknown	USA:MN	2019-06-02
PRJNA231221	SRR9174971	SAMN11056441	PRJNA231221	Unknown	USA:MN	2019-06-02
PRJNA231221	SRR9174979	SAMN11056443	PRJNA231221	Unknown	USA:MN	2019-06-02
PRJNA231221	SRR9174984	SAMN11056444	PRJNA231221	Unknown	USA:MN	2019-06-02
PRJNA231221	SRR9174988	SAMN11056446	PRJNA231221	Unknown	USA:VA	2019-06-02
PRJNA231221	SRR9174989	SAMN11056446	PRJNA231221	Unknown	USA:VA	2019-06-02
PRJNA231221	SRR9174990	SAMN11056447	PRJNA231221	Unknown	USA:VA	2019-06-02
PRJNA231221	SRR9174991	SAMN11056447	PRJNA231221	Unknown	USA:VA	2019-06-02
PRJNA231221	SRR9174993	SAMN11056448	PRJNA231221	Unknown	USA:VA	2019-06-02
PRJNA231221	SRR9174994	SAMN11056448	PRJNA231221	Unknown	USA:VA	2019-06-02
PRJNA231221	SRR9176575	SAMN11056450	PRJNA231221	Unknown	USA:VA	2019-06-02
PRJNA231221	SRR9176576	SAMN11056450	PRJNA231221	Unknown	USA:VA	2019-06-02
PRJNA231221	SRR9176577	SAMN11056451	PRJNA231221	Unknown	USA:VA	2019-06-02
PRJNA231221	SRR9176582	SAMN11056452	PRJNA231221	Unknown	USA:VA	2019-06-02
PRJNA231221	SRR9176584	SAMN11056453	PRJNA231221	Unknown	USA:VA	2019-06-02
PRJNA231221	SRR9176586	SAMN11056453	PRJNA231221	Unknown	USA:VA	2019-06-02
PRJNA231221	SRR9176587	SAMN11056454	PRJNA231221	Unknown	USA:VA	2019-06-02
PRJNA231221	SRR9176588	SAMN11056454	PRJNA231221	Unknown	USA:VA	2019-06-02
PRJNA231221	SRR9176590	SAMN11056455	PRJNA231221	Unknown	USA:VA	2019-06-02
PRJNA231221	SRR9176591	SAMN11056455	PRJNA231221	Unknown	USA:VA	2019-06-02
PRJNA231221	SRR9176596	SAMN11056449	PRJNA231221	Unknown	USA:VA	2019-06-02
PRJNA231221	SRR9176597	SAMN11056449	PRJNA231221	Unknown	USA:VA	2019-06-02
PRJNA231221	SRR9176598	SAMN11056458	PRJNA231221	Unknown	USA:VA	2019-06-02
PRJNA231221	SRR9176599	SAMN11056458	PRJNA231221	Unknown	USA:VA	2019-06-02
PRJNA231221	SRR9176601	SAMN11056459	PRJNA231221	Unknown	USA:MN	2019-06-02
PRJNA231221	SRR9176606	SAMN11056461	PRJNA231221	Unknown	USA:MN	2019-06-02
PRJNA231221	SRR9176609	SAMN11056457	PRJNA231221	Unknown	USA:VA	2019-06-02
PRJNA231221	SRR9176610	SAMN11056463	PRJNA231221	Unknown	USA:MN	2019-06-02
PRJNA231221	SRR9176613	SAMN11056464	PRJNA231221	Unknown	USA:VA	2019-06-02
PRJNA231221	SRR9176615	SAMN11056465	PRJNA231221	Unknown	USA:VA	2019-06-02
PRJNA231221	SRR9176616	SAMN11056465	PRJNA231221	Unknown	USA:VA	2019-06-02
PRJNA231221	SRR9176618	SAMN11056462	PRJNA231221	Unknown	USA:MN	2019-06-02
PRJNA231221	SRR9176751	SAMN11056466	PRJNA231221	Unknown	USA:VA	2019-06-04
PRJNA231221	SRR9624795	SAMN11056468	PRJNA231221	Unknown	USA:VA	2019-07-03
PRJNA231221	SRR9624796	SAMN11056468	PRJNA231221	Unknown	USA:VA	2019-07-03
PRJNA231221	SRR9624839	SAMN11056469	PRJNA231221	Unknown	USA:VA	2019-07-03
PRJNA231221	SRR9625175	SAMN11056471	PRJNA231221	Unknown	USA:VA	2019-07-03
PRJNA231221	SRR9626913	SAMN11056472	PRJNA231221	Unknown	USA:VA	2019-07-04
PRJNA231221	SRR9641434	SAMN11056473	PRJNA231221	Unknown	USA:VA	2019-07-04
PRJNA231221	SRR9641484	SAMN11056478	PRJNA231221	Unknown	USA:VA	2019-07-04
PRJNA231221	SRR9641487	SAMN11056478	PRJNA231221	Unknown	USA:VA	2019-07-04
PRJNA231221	SRR9641496	SAMN11056479	PRJNA231221	Unknown	USA:VA	2019-07-04
PRJNA231221	SRR9641498	SAMN11056480	PRJNA231221	Unknown	USA:VA	2019-07-04
PRJNA231221	SRR9641515	SAMN11056485	PRJNA231221	Unknown	USA:VA	2019-07-04
PRJNA231221	SRR9641516	SAMN11056485	PRJNA231221	Unknown	USA:VA	2019-07-04
PRJNA231221	SRR9641517	SAMN11056485	PRJNA231221	Unknown	USA:VA	2019-07-04
PRJNA231221	SRR9641535	SAMN11056486	PRJNA231221	Unknown	USA:VA	2019-07-04
PRJNA231221	SRR9641539	SAMN11056486	PRJNA231221	Unknown	USA:VA	2019-07-04
PRJNA231221	SRR9641571	SAMN11056487	PRJNA231221	Unknown	USA:VA	2019-07-04
PRJNA231221	SRR9641574	SAMN11056489	PRJNA231221	Unknown	USA:VA	2019-07-04
PRJNA231221	SRR9641576	SAMN11056490	PRJNA231221	Unknown	USA:VA	2019-07-04
PRJNA231221	SRR9641596	SAMN11056491	PRJNA231221	Unknown	USA:VA	2019-07-04
PRJNA231221	SRR9641599	SAMN11056492	PRJNA231221	Unknown	USA:VA	2019-07-04
PRJNA231221	SRR9641603	SAMN11056484	PRJNA231221	Unknown	USA:VA	2019-07-04
PRJNA231221	SRR9641604	SAMN11056494	PRJNA231221	Unknown	USA:VA	2019-07-04
PRJNA231221	SRR9641605	SAMN11056494	PRJNA231221	Unknown	USA:VA	2019-07-04
PRJNA231221	SRR9641606	SAMN11056493	PRJNA231221	Unknown	USA:VA	2019-07-04
PRJNA231221	SRR9641607	SAMN11056493	PRJNA231221	Unknown	USA:VA	2019-07-04
PRJNA231221	SRR9641611	SAMN11056496	PRJNA231221	Unknown	USA:MD	2019-07-04
PRJNA231221	SRR9641621	SAMN11056500	PRJNA231221	Unknown	Germany: Braunschweig	2019-07-04
PRJNA231221	SRR9641699	SAMN11056501	PRJNA231221	Unknown	Germany: Braunschweig	2019-07-04
PRJNA231221	SRR9667949	SAMN11056517	PRJNA231221	Unknown	USA:MD	2019-07-11
PRJNA231221	SRR9668052	SAMN11056503	PRJNA231221	Unknown	Germany: Braunschweig	2019-07-11
PRJNA231221	SRR9668057	SAMN11056503	PRJNA231221	Unknown	Germany: Braunschweig	2019-07-11
PRJNA231221	SRR9668097	SAMN11056504	PRJNA231221	Unknown	Germany: Braunschweig	2019-07-11
PRJNA231221	SRR9668098	SAMN11056504	PRJNA231221	Unknown	Germany: Braunschweig	2019-07-11
PRJNA231221	SRR9668099	SAMN11056504	PRJNA231221	Unknown	Germany: Braunschweig	2019-07-11
PRJNA231221	SRR9668151	SAMN11056507	PRJNA231221	Unknown	USA:MD	2019-07-11
PRJNA231221	SRR9668152	SAMN11056507	PRJNA231221	Unknown	USA:MD	2019-07-11
PRJNA231221	SRR9668339	SAMN11056505	PRJNA231221	Unknown	Germany: Braunschweig	2019-07-11
PRJNA231221	SRR9668341	SAMN11056505	PRJNA231221	Unknown	Germany: Braunschweig	2019-07-11
PRJNA231221	SRR9668365	SAMN11056508	PRJNA231221	Unknown	USA:MD	2019-07-11
PRJNA231221	SRR9668378	SAMN11056509	PRJNA231221	Unknown	USA:MD	2019-07-11
PRJNA231221	SRR9668385	SAMN11056510	PRJNA231221	Unknown	USA:MD	2019-07-12
PRJNA231221	SRR9668387	SAMN11056511	PRJNA231221	Unknown	USA:MD	2019-07-12
PRJNA231221	SRR9668390	SAMN11056512	PRJNA231221	Unknown	USA:MD	2019-07-12
PRJNA231221	SRR9668392	SAMN11056513	PRJNA231221	Unknown	USA:MD	2019-07-11
PRJNA231221	SRR9668395	SAMN11056515	PRJNA231221	Unknown	USA:MD	2019-07-11
PRJNA231221	SRR9668397	SAMN11056515	PRJNA231221	Unknown	USA:MD	2019-07-12
PRJNA231221	SRR9670531	SAMN11056514	PRJNA231221	Unknown	USA:MD	2019-07-12
PRJNA231221	SRR13181161	SAMN16357331	PRJNA231221	Unknown	Germany: Braunschweig	2020-12-03
PRJNA231221	SRR13181163	SAMN16357332	PRJNA231221	Unknown	Germany: Braunschweig	2020-12-03
PRJNA231221	SRR13181256	SAMN16357334	PRJNA231221	Unknown	Germany: Braunschweig	2020-12-03
PRJNA231221	SRR13181479	SAMN16357337	PRJNA231221	Unknown	Germany: Braunschweig	2020-12-03
PRJNA231221	SRR13181480	SAMN16357337	PRJNA231221	Unknown	Germany: Braunschweig	2020-12-03
PRJNA231221	SRR13181500	SAMN16357339	PRJNA231221	Unknown	Germany: Braunschweig	2020-12-03
PRJNA231221	SRR13181501	SAMN16357339	PRJNA231221	Unknown	Germany: Braunschweig	2020-12-03
PRJNA231221	SRR13181595	SAMN16357340	PRJNA231221	Unknown	Germany: Braunschweig	2020-12-03
PRJNA231221	SRR13181596	SAMN16357340	PRJNA231221	Unknown	Germany: Braunschweig	2020-12-03
PRJNA231221	SRR13181606	SAMN16357342	PRJNA231221	Unknown	Germany: Braunschweig	2020-12-03
PRJNA231221	SRR13181607	SAMN16357343	PRJNA231221	Unknown	Germany: Braunschweig	2020-12-03
PRJNA231221	SRR13181610	SAMN16357344	PRJNA231221		Germany: Braunschweig	2020-12-03
PRJNA231221	SRR13181646	SAMN16357350	PRJNA231221	Unknown	Germany: Braunschweig	2020-12-03
PRJNA231221	SRR13181651	SAMN16357353	PRJNA231221	Unknown	Germany: Braunschweig	2020-12-03
PRJNA231221	SRR13181653	SAMN16357354	PRJNA231221	Unknown	Germany: Braunschweig	2020-12-03
PRJNA231221	SRR13181654	SAMN16357354	PRJNA231221	Unknown	Germany: Braunschweig	2020-12-03
PRJNA231221	SRR13181905	SAMN16357357	PRJNA231221	Unknown	Germany: Braunschweig	2020-12-03
PRJNA231221	SRR13181906	SAMN16357357	PRJNA231221	Unknown	Germany: Braunschweig	2020-12-03
PRJNA231221	SRR13181969	SAMN16357359	PRJNA231221	Unknown	Germany: Braunschweig	2020-12-03
PRJNA231221	SRR13181986	SAMN16357360	PRJNA231221	Unknown	Germany: Braunschweig	2020-12-03
PRJNA231221	SRR13181987	SAMN16357361	PRJNA231221	Unknown	USA:MD	2020-12-03
PRJNA231221	SRR13181994	SAMN16357364	PRJNA231221	Unknown	USA:MD	2020-12-03
PRJNA231221	SRR13181995	SAMN16357364	PRJNA231221	Unknown	USA:MD	2020-12-03
PRJNA231221	SRR13182319	SAMN16357365	PRJNA231221	Unknown	USA:MD	2020-12-03
PRJNA231221	SRR13182323	SAMN16357367	PRJNA231221	Unknown	USA:MD	2020-12-03
PRJNA231221	SRR13182325	SAMN16357368	PRJNA231221	Unknown	USA:MD	2020-12-03
PRJNA231221	SRR13182351	SAMN16357369	PRJNA231221	Unknown	USA:MD	2020-12-03
PRJNA231221	SRR13182352	SAMN16357371	PRJNA231221	Unknown	USA:MD	2020-12-03
PRJNA231221	SRR13182419	SAMN16357375	PRJNA231221	Unknown	USA:MD	2020-12-03
PRJNA231221	SRR13182421	SAMN16357376	PRJNA231221	Unknown	USA:MD	2020-12-03
PRJNA231221	SRR13182492	SAMN16357379	PRJNA231221	Unknown	USA:MD	2020-12-03
PRJNA231221	SRR13182517	SAMN16357380	PRJNA231221	Unknown	USA:MD	2020-12-03
PRJNA231221	SRR13182518	SAMN16357380	PRJNA231221	Unknown	USA:MD	2020-12-03
PRJNA231221	SRR13182520	SAMN16357381	PRJNA231221	Unknown	USA:MD	2020-12-03
PRJNA231221	SRR13182559	SAMN16357383	PRJNA231221	Unknown	USA:MD	2020-12-03
PRJNA231221	SRR13182560	SAMN16357383	PRJNA231221	Unknown	USA:MD	2020-12-03
PRJNA231221	SRR13182589	SAMN16357384	PRJNA231221	Unknown	USA:MD	2020-12-03
PRJNA231221	SRR13182590	SAMN16357385	PRJNA231221	Unknown	USA:MD	2020-12-03
PRJNA231221	SRR13182592	SAMN16357385	PRJNA231221	Unknown	USA:MD	2020-12-03
PRJNA231221	SRR13182598	SAMN16357386	PRJNA231221	Unknown	USA:MD	2020-12-03
PRJNA231221	SRR13182601	SAMN16357386	PRJNA231221	Unknown	USA:MD	2020-12-03
PRJNA231221	SRR13182602	SAMN16357386	PRJNA231221	Unknown	USA:MD	2020-12-03
PRJNA231221	SRR13182643	SAMN16357387	PRJNA231221	Unknown	USA:MD	2020-12-03
PRJNA231221	SRR13182644	SAMN16357388	PRJNA231221	Unknown	USA:MD	2020-12-03
PRJNA231221	SRR13182646	SAMN16357388	PRJNA231221	Unknown	USA:MD	2020-12-03
PRJNA231221	SRR13182647	SAMN16357388	PRJNA231221	Unknown	USA:MD	2020-12-03
PRJNA231221	SRR13182675	SAMN16357390	PRJNA231221	Unknown	USA:WA	2020-12-03
PRJNA231221	SRR13182689	SAMN16357391	PRJNA231221	Unknown	USA:WA	2020-12-03
PRJNA231221	SRR13182720	SAMN16357394	PRJNA231221	Unknown	USA:WA	2020-12-03
PRJNA231221	SRR13182721	SAMN16357395	PRJNA231221	Unknown	USA:WA	2020-12-03
PRJNA231221	SRR13182787	SAMN16357396	PRJNA231221	Unknown	USA:WA	2020-12-03
PRJNA231221	SRR13182789	SAMN16357397	PRJNA231221	Unknown	USA:WA	2020-12-03
PRJNA231221	SRR13182790	SAMN16357397	PRJNA231221	Unknown	USA:WA	2020-12-03
PRJNA231221	SRR13182811	SAMN16357398	PRJNA231221	Unknown	USA:WA	2020-12-03
PRJNA231221	SRR13182825	SAMN16357399	PRJNA231221	Unknown	USA:WA	2020-12-03
PRJNA231221	SRR13182826	SAMN16357400	PRJNA231221	Unknown	USA:WA	2020-12-03
PRJNA231221	SRR13182829	SAMN16357401	PRJNA231221	Unknown	USA:WA	2020-12-03
PRJNA231221	SRR13182987	SAMN16357404	PRJNA231221	Unknown	USA:WA	2020-12-03
PRJNA231221	SRR13182988	SAMN16357404	PRJNA231221	Unknown	USA:WA	2020-12-03
PRJNA231221	SRR13182991	SAMN16357406	PRJNA231221	Unknown	USA:WA	2020-12-03
PRJNA231221	SRR13182993	SAMN16357407	PRJNA231221	Unknown	USA:WA	2020-12-03
PRJNA231221	SRR13183022	SAMN16357409	PRJNA231221	Unknown	USA:WA	2020-12-03
PRJNA231221	SRR13183038	SAMN16357410	PRJNA231221	Unknown	USA:WA	2020-12-03
PRJNA231221	SRR13183039	SAMN16357411	PRJNA231221	Unknown	USA:WA	2020-12-03
PRJNA231221	SRR13183042	SAMN16357412	PRJNA231221	Unknown	USA:WA	2020-12-03
PRJNA231221	SRR13183047	SAMN16357413	PRJNA231221	Unknown	USA:VA	2020-12-03
PRJNA231221	SRR13183062	SAMN16357414	PRJNA231221	Unknown	USA:MD	2020-12-03
PRJNA231221	SRR13183063	SAMN16357414	PRJNA231221	Unknown	USA:MD	2020-12-03
PRJNA231221	SRR13183067	SAMN16357415	PRJNA231221	Unknown	USA:MD	2020-12-03
PRJNA231221	SRR13183068	SAMN16357415	PRJNA231221	Unknown	USA:MD	2020-12-03
PRJNA231221	SRR13183069	SAMN16357415	PRJNA231221	Unknown	USA:MD	2020-12-03
PRJNA231221	SRR13183073	SAMN16357416	PRJNA231221	Unknown	USA:MD	2020-12-03
PRJNA231221	SRR2812569	SAMN03996263	PRJNA231221	2013-09-08	USA:DC	2015-10-27
PRJNA231221	SRR2812575	SAMN03996262	PRJNA231221	2013-08-27	USA: DC	2015-10-27
PRJNA231221	SRR2814825	SAMN03996257	PRJNA231221	1991	USA: HI	2015-10-27
PRJNA231221	SRR2814828	SAMN03996254	PRJNA231221	1973	South Africa	2015-10-27
PRJNA231221	SRR2814829	SAMN03996254	PRJNA231221	1973	South Africa	2015-10-27
PRJNA231221	SRR2814830	SAMN03996254	PRJNA231221	1973	South Africa	2015-10-27
PRJNA231221	SRR2814831	SAMN03996261	PRJNA231221	2004	USA:AK	2015-10-27
PRJNA231221	SRR2814832	SAMN03996261	PRJNA231221	2004	USA:AK	2015-10-27
PRJNA231221	SRR2814833	SAMN03996261	PRJNA231221	2004	USA:AK	2015-10-27
PRJNA231221	SRR2814834	SAMN03996319	PRJNA231221	Missing	Missing	2015-10-27
PRJNA231221	SRR2814835	SAMN03996319	PRJNA231221	Missing	Missing	2015-10-27
PRJNA231221	SRR2815081	SAMN03996252	PRJNA231221	1963	India: Calcutta	2015-10-27
PRJNA231221	SRR2815082	SAMN03996252	PRJNA231221	1963	India: Calcutta	2015-10-27
PRJNA231221	SRR2815084	SAMN03996252	PRJNA231221	1963	India: Calcutta	2015-10-27
PRJNA231221	SRR2815178	SAMN03996320	PRJNA231221	Missing	Germany	2015-10-27
PRJNA231221	SRR2815878	SAMN03996321	PRJNA231221	Missing	Bangladesh:Dacca	2015-10-27
PRJNA231221	SRR2815879	SAMN03996321	PRJNA231221	Missing	Bangladesh:Dacca	2015-10-27
PRJNA231221	SRR2817108	SAMN03996322	PRJNA231221	Missing	Jordan:Amman	2015-10-27
PRJNA231221	SRR2817442	SAMN03996255	PRJNA231221	1982	USA: MD	2015-10-27
PRJNA231221	SRR2817443	SAMN03996255	PRJNA231221	1982	USA: MD	2015-10-27
PRJNA231221	SRR2817444	SAMN03996255	PRJNA231221	1982	USA: MD	2015-10-27
PRJNA231221	SRR2817446	SAMN03996323	PRJNA231221	Missing	Bahamas	2015-10-27
PRJNA231221	SRR2817448	SAMN03996324	PRJNA231221	Missing	Puerto Rico	2015-10-27
PRJNA231221	SRR2817450	SAMN03996324	PRJNA231221	Missing	Puerto Rico	2015-10-27
PRJNA231221	SRR2817465	SAMN03996325	PRJNA231221	Missing	USA: MA	2015-10-27
PRJNA231221	SRR2817466	SAMN03996325	PRJNA231221	Missing	USA: MA	2015-10-27
PRJNA231221	SRR2817472	SAMN03996326	PRJNA231221	Missing	USA:FL	2015-10-27
PRJNA231221	SRR2817474	SAMN03996326	PRJNA231221	Missing	USA:FL	2015-10-27
PRJNA231221	SRR2817810	SAMN03996327	PRJNA231221	Missing	USA:MD	2015-10-27
PRJNA231221	SRR2818035	SAMN03996328	PRJNA231221	Missing	USA:LA	2015-10-27
PRJNA231221	SRR2818083	SAMN03996329	PRJNA231221	Missing	USA: TN	2015-10-27
PRJNA231221	SRR2818084	SAMN03996329	PRJNA231221	Missing	USA: TN	2015-10-27
PRJNA231221	SRR2818088	SAMN03996330	PRJNA231221	Missing	United Kingdom	2015-10-27
PRJNA231221	SRR2818097	SAMN03996331	PRJNA231221	Missing	USA: FL	2015-10-27
PRJNA231221	SRR2818401	SAMN03996267	PRJNA231221	2013-11-24	USA: DC	2015-10-27
PRJNA231221	SRR2818402	SAMN03996267	PRJNA231221	2013-11-24	USA: DC	2015-10-27
PRJNA231221	SRR2818919	SAMN03996270	PRJNA231221	2013-12-06	USA: DC	2015-10-27
PRJNA231221	SRR2818922	SAMN03996270	PRJNA231221	2013-12-06	USA: DC	2015-10-27
PRJNA231221	SRR2819095	SAMN03996269	PRJNA231221	2013-12-05	USA:DC	2015-10-28
PRJNA231221	SRR2819262	SAMN03996272	PRJNA231221	2013-12-06	USA:DC	2015-10-27
PRJNA231221	SRR2819263	SAMN03996272	PRJNA231221	2013-12-06	USA:DC	2015-10-27
PRJNA231221	SRR2819356	SAMN03996268	PRJNA231221	2013-11-30	USA: DC	2015-10-27
PRJNA231221	SRR2819360	SAMN03996274	PRJNA231221	2014-01-06	USA: DC	2015-10-27
PRJNA231221	SRR2819636	SAMN03996273	PRJNA231221	2014-01-04	USA: DC	2015-10-27
PRJNA231221	SRR2819692	SAMN03996275	PRJNA231221	2014-01-09	USA: DC	2015-10-28
PRJNA231221	SRR2819860	SAMN03996277	PRJNA231221	2014-01-13	USA:DC	2015-10-27
PRJNA231221	SRR2819875	SAMN03996276	PRJNA231221	2014-01-11	USA: DC	2015-10-27
PRJNA231221	SRR2820037	SAMN03996279	PRJNA231221	2014-01-30	USA: DC	2015-10-28
PRJNA231221	SRR2820295	SAMN03996280	PRJNA231221	2014-02-01	USA:DC	2015-10-28
PRJNA231221	SRR2820383	SAMN03996282	PRJNA231221	2014-02-20	USA: DC	2015-10-28
PRJNA231221	SRR2820617	SAMN03996283	PRJNA231221	2014-02-25	USA:DC	2015-10-28
PRJNA231221	SRR2820642	SAMN03996285	PRJNA231221	2014-03-04	USA:DC	2015-10-28
PRJNA231221	SRR2820645	SAMN03996286	PRJNA231221	2014-03-05	USA: DC	2015-10-28
PRJNA231221	SRR2820647	SAMN03996286	PRJNA231221	2014-03-05	USA: DC	2015-10-28
PRJNA231221	SRR2820648	SAMN03996286	PRJNA231221	2014-03-05	USA: DC	2015-10-28
PRJNA231221	SRR2820650	SAMN03996284	PRJNA231221	2014-02-27	USA: DC	2015-10-28
PRJNA231221	SRR2820659	SAMN03996288	PRJNA231221	2014-03-21	USA:DC	2015-10-28
PRJNA231221	SRR2820660	SAMN03996288	PRJNA231221	2014-03-21	USA:DC	2015-10-28
PRJNA231221	SRR2820664	SAMN03996291	PRJNA231221	2014-03-30	USA: DC	2015-10-28
PRJNA231221	SRR2820669	SAMN03996289	PRJNA231221	2014-03-26	USA: DC	2015-10-28
PRJNA231221	SRR2820670	SAMN03996289	PRJNA231221	2014-03-26	USA: DC	2015-10-28
PRJNA231221	SRR2820671	SAMN03996289	PRJNA231221	2014-03-26	USA: DC	2015-10-28
PRJNA231221	SRR2820673	SAMN03996295	PRJNA231221	2014-04-09	USA:DC	2015-10-28
PRJNA231221	SRR2821369	SAMN03996294	PRJNA231221	2014-04-08	USA:DC	2015-10-28
PRJNA231221	SRR2821439	SAMN03996296	PRJNA231221	2014-04-23	USA:DC	2015-10-28
PRJNA231221	SRR2821440	SAMN03996296	PRJNA231221	2014-04-23	USA:DC	2015-10-28
PRJNA231221	SRR2821774	SAMN03996301	PRJNA231221	2014-05-11	USA:DC	2015-10-28
PRJNA231221	SRR2822235	SAMN03996302	PRJNA231221	2014-05-12	USA: DC	2015-10-28
PRJNA231221	SRR2822309	SAMN03996303	PRJNA231221	2014-05-12	USA:DC	2015-10-28
PRJNA231221	SRR2822440	SAMN03996307	PRJNA231221	2014-05-23	USA:DC	2015-10-28
PRJNA231221	SRR2822441	SAMN03996307	PRJNA231221	2014-05-23	USA:DC	2015-10-28
PRJNA231221	SRR2822448	SAMN03996308	PRJNA231221	2014-05-23	USA:DC	2015-10-28
PRJNA231221	SRR2822462	SAMN03996309	PRJNA231221	2014-05-29	USA:DC	2015-10-28
PRJNA231221	SRR2822463	SAMN03996310	PRJNA231221	2014-05-30	USA: DC	2015-10-28
PRJNA231221	SRR2822465	SAMN03996310	PRJNA231221	2014-05-30	USA: DC	2015-10-28
PRJNA231221	SRR2822467	SAMN03996312	PRJNA231221	2014-06-06	USA:DC	2015-10-28
PRJNA231221	SRR2822469	SAMN03996313	PRJNA231221	2014-06-19	USA:DC	2015-10-28
PRJNA231221	SRR2822472	SAMN03996293	PRJNA231221	2014-04-01	USA: DC	2015-10-28
PRJNA231221	SRR2822473	SAMN03996315	PRJNA231221	2014-06-24	USA: DC	2015-10-28
PRJNA231221	SRR2822474	SAMN03996315	PRJNA231221	2014-06-24	USA: DC	2015-10-28
PRJNA231221	SRR2823699	SAMN03996316	PRJNA231221	2014-06-25	USA:DC	2015-10-28
PRJNA231221	SRR2823706	SAMN03996314	PRJNA231221	2014-06-20	USA: DC	2015-10-28
PRJNA231221	SRR2823707	SAMN03996253	PRJNA231221	1963	USA:VA	2015-10-28
PRJNA231221	SRR2823715	SAMN03996258	PRJNA231221	1994	USA:VA	2015-10-28
PRJNA231221	SRR2823720	SAMN03996248	PRJNA231221	1935	USA: VA	2015-10-28
PRJNA231221	SRR2823721	SAMN03996248	PRJNA231221	1935	USA: VA	2015-10-28
PRJNA231221	SRR2823722	SAMN03996248	PRJNA231221	1935	USA: VA	2015-10-28
PRJNA231221	SRR2823723	SAMN03996248	PRJNA231221	1935	USA: VA	2015-10-28
PRJNA231221	SRR2824043	SAMN03996260	PRJNA231221	1999	USA:VA	2015-10-28
PRJNA231221	SRR2824045	SAMN03996260	PRJNA231221	1999	USA:VA	2015-10-28
PRJNA231221	SRR3198183	SAMN03611816	PRJNA231221	2014-03-20	Guinea: Gueckedou	2016-03-02
PRJNA231221	SRR4123920	SAMN04875535	PRJNA231221	Missing	Sweden	2016-09-03
PRJNA231221	SRR4123935	SAMN04875566	PRJNA231221	2014-07-11	USA:DC	2016-09-03
PRJNA231221	SRR4124896	SAMN04875576	PRJNA231221	2014-10-19	USA:DC	2017-01-06
PRJNA231221	SRR4124897	SAMN04875576	PRJNA231221	2014-10-19	USA:DC	2017-01-06
PRJNA231221	SRR4124912	SAMN04875578	PRJNA231221	2014-11-14	USA:DC	2016-09-03
PRJNA231221	SRR4124917	SAMN04875579	PRJNA231221	2014-10-24	USA:DC	2016-09-03
PRJNA231221	SRR4124962	SAMN04875581	PRJNA231221	2014-10-27	USA:DC	2016-09-03
PRJNA231221	SRR4124965	SAMN04875583	PRJNA231221	2014-08-22	USA:DC	2016-09-03
PRJNA231221	SRR4124983	SAMN04875586	PRJNA231221	2014-09-15	USA:DC	2016-09-03
PRJNA231221	SRR4124984	SAMN04875586	PRJNA231221	2014-09-15	USA:DC	2016-09-03
PRJNA231221	SRR4124988	SAMN04875587	PRJNA231221	2014-06-22	USA:DC	2016-09-03
PRJNA231221	SRR4125014	SAMN04875588	PRJNA231221	Missing	USA:VA	2016-09-03
PRJNA231221	SRR4125015	SAMN04875588	PRJNA231221	Missing	USA:VA	2016-09-03
PRJNA231221	SRR4125025	SAMN04875590	PRJNA231221	Missing	USA:CO	2016-09-03
PRJNA231221	SRR4125183	SAMN04875593	PRJNA231221	Missing	USA:VA	2016-09-04
PRJNA231221	SRR4125184	SAMN04875594	PRJNA231221	1982	Switzerland	2016-09-04
PRJNA231221	SRR4125204	SAMN05004741	PRJNA231221	2014-07-21	USA:DC	2016-09-04
PRJNA231221	SRR4125218	SAMN05004743	PRJNA231221	2011	Missing	2016-09-04
PRJNA231221	SRR4125253	SAMN05004745	PRJNA231221	2009	Missing	2016-09-04
PRJNA231221	SRR4125255	SAMN05004746	PRJNA231221	2009	Missing	2016-09-04
PRJNA231221	SRR4125278	SAMN05004748	PRJNA231221	2011	Missing	2016-09-04
PRJNA231221	SRR4125421	SAMN05004751	PRJNA231221	2011	Thailand	2016-09-04
PRJNA231221	SRR4125422	SAMN05004752	PRJNA231221	2011	Missing	2016-09-04
PRJNA231221	SRR4125428	SAMN05004754	PRJNA231221	2013	Missing	2016-09-04
PRJNA231221	SRR4125431	SAMN04327390	PRJNA231221	2014-08-22	USA:DC	2016-09-04
PRJNA231221	SRR4125432	SAMN04327388	PRJNA231221	2013-10-18	USA:DC	2016-09-04
PRJNA231221	SRR4125433	SAMN04327388	PRJNA231221	2013-10-18	USA:DC	2016-09-04
PRJNA231221	SRR4271508	SAMN04875532	PRJNA231221	1950	Japan	2016-09-21
PRJNA231221	SRR4271509	SAMN04875532	PRJNA231221	1950	Japan	2016-09-21
PRJNA231221	SRR4271513	SAMN04875533	PRJNA231221	1981	USA:NY	2016-09-21
PRJNA231221	SRR4271514	SAMN04875534	PRJNA231221	1997	United Kingdom	2016-09-21
PRJNA231221	SRR4272045	SAMN04875537	PRJNA231221	1980	USA:CA	2016-09-21
PRJNA231221	SRR4272046	SAMN04875538	PRJNA231221	1981	USA:CA	2016-09-21
PRJNA231221	SRR4272047	SAMN04875538	PRJNA231221	1981	USA:CA	2016-09-21
PRJNA231221	SRR4272050	SAMN04875540	PRJNA231221	1996	Brazil	2016-09-21
PRJNA231221	SRR4272053	SAMN04875541	PRJNA231221	Missing	USA:WI	2016-09-21
PRJNA231221	SRR4272054	SAMN04875539	PRJNA231221	1976	USA:PA	2016-09-21
PRJNA231221	SRR4272056	SAMN04875539	PRJNA231221	1976	USA:PA	2016-09-21
PRJNA231221	SRR4272057	SAMN04875539	PRJNA231221	1976	USA:PA	2016-09-21
PRJNA231221	SRR4272069	SAMN04875543	PRJNA231221	Missing	USA:WI	2016-09-21
PRJNA231221	SRR4272073	SAMN04875545	PRJNA231221	Missing	USA:NC	2016-09-21
PRJNA231221	SRR4272074	SAMN04875545	PRJNA231221	Missing	USA:NC	2016-09-21
PRJNA231221	SRR4272081	SAMN04875546	PRJNA231221	Missing	United Kingdom	2016-09-21
PRJNA231221	SRR4272083	SAMN04875549	PRJNA231221	Missing	USA:VA	2016-09-21
PRJNA231221	SRR4272101	SAMN04875547	PRJNA231221	Missing	USA:VA	2016-09-21
PRJNA231221	SRR4272103	SAMN04875550	PRJNA231221	1972	USA:NY	2016-09-21
PRJNA231221	SRR4272105	SAMN04875550	PRJNA231221	1972	USA:NY	2016-09-21
PRJNA231221	SRR4272131	SAMN04875548	PRJNA231221	Missing	USA:MA	2016-09-21
PRJNA231221	SRR4272565	SAMN04875553	PRJNA231221	1958	USA:MD	2016-09-21
PRJNA231221	SRR4272589	SAMN04875555	PRJNA231221	Missing	USA:MD	2016-09-21
PRJNA231221	SRR4272590	SAMN04875555	PRJNA231221	Missing	USA:MD	2016-09-21
PRJNA231221	SRR4272615	SAMN04875557	PRJNA231221	Missing	USA:MD	2016-09-21
PRJNA231221	SRR4272616	SAMN04875559	PRJNA231221	1988	France	2016-09-21
PRJNA231221	SRR4272619	SAMN04875558	PRJNA231221	2006	USA:MD	2016-09-21
PRJNA231221	SRR4272622	SAMN04875560	PRJNA231221	Missing	USA:MD	2016-09-21
PRJNA231221	SRR4272708	SAMN04875561	PRJNA231221	1970	USA:MD	2016-09-21
PRJNA231221	SRR4273027	SAMN04875562	PRJNA231221	1934	USA:NY	2016-09-21
PRJNA231221	SRR4273028	SAMN04875562	PRJNA231221	1934	USA:NY	2016-09-21
PRJNA231221	SRR4273029	SAMN04875563	PRJNA231221	1968-02-06	USA:MO	2016-09-21
PRJNA231221	SRR4273058	SAMN04875564	PRJNA231221	Missing	USA:MD	2016-09-21
PRJNA231221	SRR4273065	SAMN04875568	PRJNA231221	2014-07-08	USA:DC	2016-09-21
PRJNA231221	SRR4273066	SAMN04875568	PRJNA231221	2014-07-08	USA:DC	2016-09-21
PRJNA231221	SRR4273067	SAMN04875568	PRJNA231221	2014-07-08	USA:DC	2016-09-21
PRJNA231221	SRR4273068	SAMN04875568	PRJNA231221	2014-07-08	USA:DC	2016-09-21
PRJNA231221	SRR4381673	SAMN04875577	PRJNA231221	2014-10-27	USA:DC	2016-10-09
PRJNA231221	SRR4381682	SAMN04875583	PRJNA231221	2014-08-22	USA:DC	2016-10-09
PRJNA231221	SRR4381913	SAMN04875584	PRJNA231221	2014-08-27	USA:DC	2016-10-09
PRJNA231221	SRR4381914	SAMN04875584	PRJNA231221	2014-08-27	USA:DC	2016-10-09
PRJNA231221	SRR4381915	SAMN04875585	PRJNA231221	2014-09-07	USA:DC	2016-10-09
PRJNA231221	SRR5400975	SAMN06173304	PRJNA231221	2014-03-01	USA:DC	2017-04-04
PRJNA231221	SRR5401006	SAMN06173308	PRJNA231221	1997	USA:VA	2017-04-04
PRJNA231221	SRR5409204	SAMN06173354	PRJNA231221	2015-04-15	USA:MD	2017-04-04
PRJNA231221	SRR5409207	SAMN06173355	PRJNA231221	1952	USA:MD	2017-04-04
PRJNA231221	SRR5409212	SAMN06173346	PRJNA231221	2015-02-05	USA:DC	2017-04-04
PRJNA231221	SRR5409215	SAMN06173357	PRJNA231221	1933	USA	2017-04-04
PRJNA231221	SRR5409218	SAMN06173371	PRJNA231221	Missing	Missing	2017-04-04
PRJNA231221	SRR5409219	SAMN06173371	PRJNA231221	Missing	Missing	2017-04-04
PRJNA231221	SRR5409473	SAMN06173302	PRJNA231221	2014-04-02	USA:DC	2017-04-05
PRJNA231221	SRR5413249	SAMN06173303	PRJNA231221	2014-05-21	USA:DC	2017-04-05
PRJNA231221	SRR5413254	SAMN06173307	PRJNA231221	Missing	USA:DC	2017-04-05
PRJNA231221	SRR5413256	SAMN06173313	PRJNA231221	1994	USA:VA	2017-04-06
PRJNA231221	SRR5413265	SAMN06173316	PRJNA231221	1984	USA:VA	2017-04-05
PRJNA231221	SRR5413266	SAMN06173310	PRJNA231221	1994	USA:VA	2017-04-05
PRJNA231221	SRR5413268	SAMN06173317	PRJNA231221	1989/1992	USA:VA	2017-04-05
PRJNA231221	SRR5413273	SAMN06173319	PRJNA231221	1921	USA: SC	2017-04-05
PRJNA231221	SRR5413274	SAMN06173319	PRJNA231221	1921	USA: SC	2017-04-05
PRJNA231221	SRR5413292	SAMN06173321	PRJNA231221	2001-06	Russia: Kolyma, Lowlands, Siberia	2017-04-05
PRJNA231221	SRR5413293	SAMN06173321	PRJNA231221	2001-06	Russia: Kolyma, Lowlands, Siberia	2017-04-05
PRJNA231221	SRR5417083	SAMN06173326	PRJNA231221	2011	USA:MN	2017-04-06
PRJNA231221	SRR5417088	SAMN06173327	PRJNA231221	2011	USA:TN	2017-04-06
PRJNA231221	SRR5417090	SAMN06173328	PRJNA231221	2011	USA:NM	2017-04-06
PRJNA231221	SRR5417094	SAMN06173330	PRJNA231221	2012		2017-04-06
PRJNA231221	SRR5419824	SAMN06173336	PRJNA231221	2014-12-19	USA:DC	2017-04-06
PRJNA231221	SRR5419826	SAMN06173337	PRJNA231221	2015-01-13	USA:DC	2017-04-06
PRJNA231221	SRR5419828	SAMN06173338	PRJNA231221	2015-01-13	USA:DC	2017-04-06
PRJNA231221	SRR5419830	SAMN06173339	PRJNA231221	2015-01-11	USA:DC	2017-04-06
PRJNA231221	SRR5419837	SAMN06173342	PRJNA231221	2015-01-15	USA:DC	2017-04-06
PRJNA231221	SRR5419839	SAMN06173343	PRJNA231221	2015-01-24	USA:DC	2017-04-06
PRJNA231221	SRR5419939	SAMN06173347	PRJNA231221	2015-02-22	USA:DC	2017-04-06
PRJNA231221	SRR5419951	SAMN06173349	PRJNA231221	2015-02-25	USA:DC	2017-04-06
PRJNA231221	SRR5419952	SAMN06173350	PRJNA231221	2015-01-12	USA:DC	2017-04-06
PRJNA231221	SRR5419953	SAMN06173350	PRJNA231221	2015-01-12	USA:DC	2017-04-06
PRJNA231221	SRR5427931	SAMN06173361	PRJNA231221	2009	USA: Georgia	2017-04-07
PRJNA231221	SRR5427938	SAMN06173353	PRJNA231221	2015-03-11	USA:DC	2017-04-07
PRJNA231221	SRR5427943	SAMN06173364	PRJNA231221	Missing	Missing	2017-04-07
PRJNA231221	SRR5427946	SAMN06173363	PRJNA231221	Missing	Missing	2017-04-07
PRJNA231221	SRR5427947	SAMN06173363	PRJNA231221	Missing	Missing	2017-04-07
PRJNA231221	SRR5440733	SAMN06173362	PRJNA231221	2001	Germany	2017-04-14
PRJNA231221	SRR5440735	SAMN06173369	PRJNA231221	Missing	Missing	2017-04-14
PRJNA231221	SRR5440737	SAMN06173359	PRJNA231221	1967	Japan: Ehime	2017-04-14
PRJNA231221	SRR5440738	SAMN06173370	PRJNA231221	Missing	Missing	2017-04-14
PRJNA231221	SRR5440739	SAMN06173370	PRJNA231221	Missing	Missing	2017-04-14
PRJNA231221	SRR5440742	SAMN06173368	PRJNA231221	1935	United Kingdom: Manchester University	2017-04-14
PRJNA231221	SRR5448653	SAMN06173351	PRJNA231221	2015-03-06	USA:DC	2017-04-16
PRJNA231221	SRR5448654	SAMN06173356	PRJNA231221	Missing	Missing	2017-04-16
PRJNA231221	SRR5448655	SAMN06173356	PRJNA231221	Missing	Missing	2017-04-16
PRJNA231221	SRR5448770	SAMN06173360	PRJNA231221	Missing	Missing	2017-04-16
PRJNA231221	SRR5448771	SAMN06173360	PRJNA231221	Missing	Missing	2017-04-16
PRJNA231221	SRR5448860	SAMN06173366	PRJNA231221	1978	France: Bordeaux	2017-04-16
PRJNA231221	SRR5449059	SAMN06173314	PRJNA231221	1948	USA:VA	2017-04-16
PRJNA231221	SRR5449060	SAMN06173314	PRJNA231221	1948	USA:VA	2017-04-16
PRJNA231221	SRR5449079	SAMN06173322	PRJNA231221	1978	USA:VA	2017-04-18
PRJNA231221	SRR5449083	SAMN06173324	PRJNA231221	1917	USA:VA	2017-04-18
PRJNA231221	SRR5454001	SAMN06173312	PRJNA231221	1987	USA:VA	2017-04-19
PRJNA231221	SRR5454003	SAMN06173312	PRJNA231221	1987	USA:VA	2017-04-19
PRJNA231221	SRR5497337	SAMN06173296	PRJNA231221	2013-10-21	USA:DC	2017-05-03
PRJNA231221	SRR5497338	SAMN06173296	PRJNA231221	2013-10-21	USA:DC	2017-05-03
PRJNA231221	SRR5866248	SAMN07312408	PRJNA231221	2014-07-17	USA:DC	2017-07-26
PRJNA231221	SRR5866633	SAMN07312410	PRJNA231221	2014-10-21	USA:DC	2017-07-26
PRJNA231221	SRR5866635	SAMN07312410	PRJNA231221	2014-10-21	USA:DC	2017-07-27
PRJNA231221	SRR5866643	SAMN07312413	PRJNA231221	2014-09-30	USA:DC	2017-07-26
PRJNA231221	SRR5866645	SAMN07312414	PRJNA231221	2014-06-24	USA:DC	2017-07-26
PRJNA231221	SRR5868500	SAMN07312419	PRJNA231221	2015-03-28	USA:DC	2017-07-27
PRJNA231221	SRR5868504	SAMN07312416	PRJNA231221	2014-06-24	USA:DC	2017-07-27
PRJNA231221	SRR5868516	SAMN07312417	PRJNA231221	2014-07-01	USA:DC	2017-07-27
PRJNA231221	SRR5871734	SAMN07312421	PRJNA231221	2015-04-11	USA:DC	2017-07-27
PRJNA231221	SRR5871777	SAMN07312422	PRJNA231221	2015-04-25	USA:DC	2017-07-27
PRJNA231221	SRR5871785	SAMN07312424	PRJNA231221	2015-04-27	USA:DC	2017-07-27
PRJNA231221	SRR5871789	SAMN04327392	PRJNA231221	2015-04-27	USA:DC	2017-07-27
PRJNA231221	SRR5871793	SAMN04327393	PRJNA231221	2015-04-22	USA:DC	2017-07-27
PRJNA231221	SRR5871794	SAMN04327393	PRJNA231221	2015-04-22	USA:DC	2017-07-27
PRJNA231221	SRR5872727	SAMN07312428	PRJNA231221	2015-05-19	USA:DC	2017-07-27
PRJNA231221	SRR5872729	SAMN07312429	PRJNA231221	2015-05-19	USA:DC	2017-07-28
PRJNA231221	SRR5872732	SAMN07312430	PRJNA231221	2015-05-16	USA:DC	2017-07-27
PRJNA231221	SRR5872842	SAMN07312431	PRJNA231221	1985	Czechoslovakia	2017-07-27
PRJNA231221	SRR5872845	SAMN07312432	PRJNA231221	1948	Missing	2017-07-28
PRJNA231221	SRR5872847	SAMN07312433	PRJNA231221	Missing	Missing	2017-07-27
PRJNA231221	SRR5872851	SAMN07312434	PRJNA231221	Missing	Missing	2017-07-27
PRJNA231221	SRR5872854	SAMN07312436	PRJNA231221	1982	USA:CA	2017-07-27
PRJNA231221	SRR5872860	SAMN07312439	PRJNA231221	Missing	Missing	2017-07-27
PRJNA231221	SRR5872861	SAMN07312439	PRJNA231221	Missing	Missing	2017-07-27
PRJNA231221	SRR5872863	SAMN07312440	PRJNA231221	Missing	Missing	2017-07-27
PRJNA231221	SRR5878736	SAMN07312442	PRJNA231221	Missing	Missing	2017-07-29
PRJNA231221	SRR5878834	SAMN07312443	PRJNA231221	Missing	Missing	2017-07-29
PRJNA231221	SRR5878835	SAMN07312445	PRJNA231221	2009	Georgia	2017-07-29
PRJNA231221	SRR5878837	SAMN07312444	PRJNA231221	Missing	Missing	2017-07-29
PRJNA231221	SRR5878838	SAMN07312444	PRJNA231221	Missing	Missing	2017-07-29
PRJNA231221	SRR5878840	SAMN07312446	PRJNA231221	Missing	Missing	2017-07-29
PRJNA231221	SRR5878841	SAMN07312447	PRJNA231221	Missing	Missing	2017-07-29
PRJNA231221	SRR5878842	SAMN07312447	PRJNA231221	Missing	Missing	2017-07-29
PRJNA231221	SRR5878843	SAMN07312448	PRJNA231221	Missing	Missing	2017-07-29
PRJNA231221	SRR5878844	SAMN07312448	PRJNA231221	Missing	Missing	2017-07-29
PRJNA231221	SRR5878890	SAMN07312450	PRJNA231221	Missing	Missing	2017-07-29
PRJNA231221	SRR5878892	SAMN07312452	PRJNA231221	Missing	Missing	2017-07-29
PRJNA231221	SRR5878893	SAMN07312452	PRJNA231221	Missing	Missing	2017-07-29
PRJNA231221	SRR5878895	SAMN07312453	PRJNA231221	Missing	Missing	2017-07-29
PRJNA231221	SRR5878899	SAMN07312455	PRJNA231221	Missing	Missing	2017-07-29
PRJNA231221	SRR5878905	SAMN07312456	PRJNA231221	Missing	Missing	2017-07-29
PRJNA231221	SRR5878923	SAMN07312457	PRJNA231221	Missing	Missing	2017-07-29
PRJNA231221	SRR5878925	SAMN07312458	PRJNA231221	Missing	Missing	2017-07-29
PRJNA231221	SRR5878926	SAMN07312459	PRJNA231221	Missing	Missing	2017-07-29
PRJNA231221	SRR5878927	SAMN07312459	PRJNA231221	Missing	Missing	2017-07-29
PRJNA231221	SRR5878928	SAMN07312460	PRJNA231221	Missing	Missing	2017-07-29
PRJNA231221	SRR5879316	SAMN07312463	PRJNA231221	Missing	Missing	2017-07-29
PRJNA231221	SRR5879327	SAMN07312465	PRJNA231221	1997	USA:VA	2017-07-29
PRJNA231221	SRR5879430	SAMN07312476	PRJNA231221	2015-08	Canada:BC	2017-07-29
PRJNA231221	SRR5879433	SAMN07312475	PRJNA231221	2015-07	Canada:BC	2017-07-29
PRJNA231221	SRR5879445	SAMN07312471	PRJNA231221	2015-03	Canada:BC	2017-07-29
PRJNA231221	SRR5884781	SAMN07312477	PRJNA231221	2015-12	Canada:BC	2017-08-01
PRJNA231221	SRR5884784	SAMN07312478	PRJNA231221	2014-08	Canada:BC	2017-08-01
PRJNA231221	SRR5884785	SAMN07312479	PRJNA231221	2014-07	Canada:BC	2017-08-01
PRJNA231221	SRR5884786	SAMN07312479	PRJNA231221	2014-07	Canada:BC	2017-08-01
PRJNA231221	SRR5884800	SAMN07312486	PRJNA231221	2010-11	Canada:BC	2017-08-01
PRJNA231221	SRR5884855	SAMN07312487	PRJNA231221	2012-11	Canada:BC	2017-08-01
PRJNA231221	SRR5884864	SAMN07312490	PRJNA231221	2014-01	Canada:BC	2017-08-01
PRJNA231221	SRR5884865	SAMN07312491	PRJNA231221	2014-05	Canada:BC	2017-08-01
PRJNA231221	SRR5932720	SAMN07312504	PRJNA231221	1980	Sudan	2017-11-09
PRJNA231221	SRR5932748	SAMN07312406	PRJNA231221	2015-01-01	USA:DC	2017-11-09
PRJNA231221	SRR5932751	SAMN07312505	PRJNA231221	1980	Sudan	2017-11-09
PRJNA231221	SRR7166469	SAMN07796341	PRJNA231221	2015	Puerto Rico	2019-10-31
PRJNA231221	SRR7166471	SAMN07796347	PRJNA231221	1976	Zaire: Mayinga	2019-10-31
PRJNA231221	SRR7166473	SAMN07796347	PRJNA231221	1976	Zaire: Mayinga	2019-10-31
PRJNA231221	SRR7167596	SAMN07796344	PRJNA231221	2015	Panama	2019-10-31
PRJNA231221	SRR7167597	SAMN07796344	PRJNA231221	2015	Panama	2019-10-31
PRJNA231221	SRR7167598	SAMN07796345	PRJNA231221	2010	Cambodia	2019-10-31
PRJNA231221	SRR7167603	SAMN07796343	PRJNA231221	2015	Panama	2019-10-31
PRJNA231221	SRR7167606	SAMN07796356	PRJNA231221	1986	USA	2019-10-31
PRJNA231221	SRR7167608	SAMN07796360	PRJNA231221	1959	Australia	2019-10-31
PRJNA231221	SRR7167609	SAMN07796361	PRJNA231221	1995	Australia	2019-10-31
PRJNA231221	SRR7167614	SAMN07796350	PRJNA231221	1995	Zaire: Kikwit	2019-10-31
PRJNA231221	SRR7167615	SAMN07796351	PRJNA231221	2000	Uganda:Gulu	2019-10-31
PRJNA231221	SRR7167619	SAMN07796353	PRJNA231221	2007	Uganda: Bundibugyo	2019-10-31
PRJNA231221	SRR7167628	SAMN07796368	PRJNA231221	1994	Cote d'Ivoire: Tai Forest	2019-10-31
PRJNA231221	SRR7167629	SAMN07796368	PRJNA231221	1994	Cote d'Ivoire: Tai Forest	2019-10-31
PRJNA231221	SRR7167631	SAMN07796369	PRJNA231221	2007	Uganda	2019-10-31
PRJNA231221	SRR7167634	SAMN07796332	PRJNA231221	Missing	Missing	2019-10-31
PRJNA231221	SRR7167637	SAMN07796335	PRJNA231221	Missing	Argentina	2019-10-31
PRJNA231221	SRR7167640	SAMN07796338	PRJNA231221	Missing	Argentina	2019-10-31
PRJNA231221	SRR7167641	SAMN07796339	PRJNA231221	Missing	Missing	2019-10-31
PRJNA231221	SRR7170711	SAMN07796359	PRJNA231221	2005	Comoros	2019-10-31
PRJNA231221	SRR7170718	SAMN07796371	PRJNA231221	2014	Sierra Leone: Kailahun District	2019-10-31
PRJNA231221	SRR8072909	SAMN10228558	PRJNA231221	Unknown		2018-10-20
PRJNA231221	SRR8072911	SAMN10228559	PRJNA231221	Unknown	France	2018-10-20
PRJNA231221	SRR8072913	SAMN10228559	PRJNA231221	Unknown	France	2018-10-20
PRJNA231221	SRR8072914	SAMN10228560	PRJNA231221	Unknown	France	2018-10-20
PRJNA231221	SRR8072919	SAMN10228562	PRJNA231221	Unknown	France	2018-10-20
PRJNA231221	SRR8072922	SAMN10228563	PRJNA231221	Unknown	France	2018-10-20
PRJNA231221	SRR8072927	SAMN10228566	PRJNA231221	1920	United Kingdom: London	2018-10-20
PRJNA231221	SRR8072931	SAMN10228567	PRJNA231221	1961	Hungary	2018-10-20
PRJNA231221	SRR8072935	SAMN10228569	PRJNA231221	Unknown		2018-10-20
PRJNA231221	SRR8072940	SAMN10228570	PRJNA231221	Unknown	China	2018-10-20
PRJNA231221	SRR8072941	SAMN10228571	PRJNA231221	Unknown		2018-10-20
PRJNA231221	SRR8072943	SAMN10228571	PRJNA231221	Unknown		2018-10-20
PRJNA231221	SRR8072946	SAMN10228572	PRJNA231221	Unknown	Thailand: Ubon Ratchathani	2018-10-20
PRJNA231221	SRR8072953	SAMN10228575	PRJNA231221	2001	USA: Oregon	2018-10-20
PRJNA231221	SRR8072954	SAMN10228575	PRJNA231221	2001	USA: Oregon	2018-10-20
PRJNA231221	SRR8072955	SAMN10228576	PRJNA231221	2000	USA: Oklahoma	2018-10-20
PRJNA231221	SRR8072961	SAMN10228583	PRJNA231221	Unknown	Japan	2018-10-20
PRJNA231221	SRR8072963	SAMN10228580	PRJNA231221	Unknown		2018-10-20
PRJNA231221	SRR8175757	SAMN10163170	PRJNA231221	Unknown		2018-11-10
PRJNA231221	SRR8176976	SAMN10163171	PRJNA231221	Unknown		2018-11-10
PRJNA231221	SRR8176977	SAMN10163172	PRJNA231221	1989	Thailand: Ubon Ratchathani	2018-11-10
PRJNA231221	SRR8178099	SAMN10163174	PRJNA231221	Unknown		2018-11-10
PRJNA231221	SRR8178103	SAMN10163180	PRJNA231221	Unknown		2018-11-10
PRJNA231221	SRR8178556	SAMN10163182	PRJNA231221	Unknown		2018-11-10
PRJNA231221	SRR8178557	SAMN10163182	PRJNA231221	Unknown		2018-11-10
PRJNA231221	SRR8178558	SAMN10163182	PRJNA231221	Unknown		2018-11-10
PRJNA231221	SRR8178574	SAMN10163185	PRJNA231221	1963		2018-11-10
PRJNA231221	SRR8178575	SAMN10163185	PRJNA231221	1963		2018-11-10
PRJNA231221	SRR8178576	SAMN10163186	PRJNA231221	Unknown		2018-11-10
PRJNA231221	SRR8178578	SAMN10163187	PRJNA231221	Unknown		2018-11-10
PRJNA231221	SRR8178580	SAMN10163188	PRJNA231221	Unknown		2018-11-10
PRJNA231221	SRR8179064	SAMN10163190	PRJNA231221	Unknown		2018-11-10
PRJNA231221	SRR8179065	SAMN10163190	PRJNA231221	Unknown		2018-11-10
PRJNA231221	SRR8179066	SAMN10163190	PRJNA231221	Unknown		2018-11-10
PRJNA231221	SRR8179067	SAMN10163191	PRJNA231221	Unknown		2018-11-10
PRJNA231221	SRR8179068	SAMN10163191	PRJNA231221	Unknown		2018-11-10
PRJNA231221	SRR8179073	SAMN10163184	PRJNA231221	Unknown		2018-11-10
PRJNA231221	SRR8179090	SAMN10163192	PRJNA231221	Unknown		2018-11-10
PRJNA231221	SRR8179213	SAMN10163196	PRJNA231221	Unknown		2018-11-10
PRJNA231221	SRR8179225	SAMN10163197	PRJNA231221	Unknown		2018-11-10
PRJNA231221	SRR8179283	SAMN10163199	PRJNA231221	2015-12-18		2018-11-10
PRJNA231221	SRR8179286	SAMN10163198	PRJNA231221	2014-09-19	USA: DC	2018-11-11
PRJNA231221	SRR8179757	SAMN10163201	PRJNA231221	2015-12-27		2018-11-11
PRJNA231221	SRR8179758	SAMN10163202	PRJNA231221	2015-12-21	USA: DC	2018-11-11
PRJNA231221	SRR8179768	SAMN10163203	PRJNA231221	2016-01-02	USA: DC	2018-11-10
PRJNA231221	SRR8179775	SAMN10163200	PRJNA231221	2015-12-24		2018-11-10
PRJNA231221	SRR8179779	SAMN10163206	PRJNA231221	2016-01-23		2018-11-10
PRJNA231221	SRR8179783	SAMN10163204	PRJNA231221	2016-01-11		2018-11-10
PRJNA231221	SRR8179784	SAMN10163207	PRJNA231221	2016-01-23		2018-11-10
PRJNA231221	SRR8179785	SAMN10163207	PRJNA231221	2016-01-23		2018-11-11
PRJNA231221	SRR8179891	SAMN10163208	PRJNA231221	2016-01-21		2018-11-11
PRJNA231221	SRR8179929	SAMN10163211	PRJNA231221	2016-02-21		2018-11-11
PRJNA231221	SRR8179969	SAMN10163212	PRJNA231221	Unknown	USA: DC	2018-11-11
PRJNA231221	SRR8179970	SAMN10163212	PRJNA231221	Unknown	USA: DC	2018-11-10
PRJNA231221	SRR8179983	SAMN10163214	PRJNA231221	2016-03-08		2018-11-10
PRJNA231221	SRR8180306	SAMN10163217	PRJNA231221	2015-12-28		2018-11-10
PRJNA231221	SRR8180307	SAMN10163217	PRJNA231221	2015-12-28		2018-11-11
PRJNA231221	SRR8180383	SAMN10163218	PRJNA231221	2015-12-29		2018-11-11
PRJNA231221	SRR8180461	SAMN10163224	PRJNA231221	2016-03-24		2018-11-10
PRJNA231221	SRR8180464	SAMN10163223	PRJNA231221	2016-03-10		2018-11-10
PRJNA231221	SRR8180474	SAMN10163227	PRJNA231221	2016-04-06		2018-11-10
PRJNA231221	SRR8180475	SAMN10163227	PRJNA231221	2016-04-06		2018-11-11
PRJNA231221	SRR8180476	SAMN10163228	PRJNA231221	2016-04-15		2018-11-11
PRJNA231221	SRR8180477	SAMN10163228	PRJNA231221	2016-04-15		2018-11-10
PRJNA231221	SRR8180479	SAMN10163229	PRJNA231221	2016-04-19		2018-11-10
PRJNA231221	SRR8180481	SAMN10163225	PRJNA231221	2016-04-01		2018-11-11
PRJNA231221	SRR8180486	SAMN10163231	PRJNA231221	2016-04-02		2018-11-10
PRJNA231221	SRR8180784	SAMN10163232	PRJNA231221	2016-05-03		2018-11-10
PRJNA231221	SRR8180788	SAMN10163235	PRJNA231221	Unknown	USA: NC	2018-11-11
PRJNA231221	SRR8180790	SAMN10163235	PRJNA231221	Unknown	USA: NC	2018-11-10
PRJNA231221	SRR8180792	SAMN10163236	PRJNA231221	Unknown	USA: NC	2018-11-11
PRJNA231221	SRR8180793	SAMN10163236	PRJNA231221	Unknown	USA: NC	2018-11-10
PRJNA231221	SRR8180794	SAMN10163237	PRJNA231221	Unknown	USA: NC	2018-11-11
PRJNA231221	SRR8180804	SAMN10163240	PRJNA231221	Unknown		2018-11-11
PRJNA231221	SRR8180806	SAMN10163241	PRJNA231221	Unknown		2018-11-10
PRJNA231221	SRR8180812	SAMN10163246	PRJNA231221	Unknown		2018-11-11
PRJNA231221	SRR8180814	SAMN10163246	PRJNA231221	Unknown		2018-11-10
PRJNA231221	SRR8180816	SAMN10163247	PRJNA231221	Unknown		2018-11-11
PRJNA231221	SRR8180817	SAMN10163249	PRJNA231221	Unknown		2018-11-10
PRJNA231221	SRR8180819	SAMN10163249	PRJNA231221	Unknown		2018-11-11
PRJNA231221	SRR8180825	SAMN10163251	PRJNA231221	Unknown		2018-11-11
PRJNA231221	SRR8180826	SAMN10163251	PRJNA231221	Unknown		2018-11-10
PRJNA231221	SRR8180828	SAMN10163252	PRJNA231221	Unknown	USA	2018-11-11
PRJNA231221	SRR8180830	SAMN10163248	PRJNA231221	Unknown		2018-11-10
PRJNA231221	SRR8283090	SAMN10228561	PRJNA231221	Unknown	France	2018-12-07
PRJNA231221	SRR8283293	SAMN10228577	PRJNA231221	2000	USA: Kansas	2018-12-07
PRJNA231221	SRR8283295	SAMN10228578	PRJNA231221	1999	USA: Indiana	2018-12-07
PRJNA231221	SRR8283297	SAMN10228582	PRJNA231221	1984	USSR	2018-12-07
PRJNA231221	SRR8283298	SAMN10228582	PRJNA231221	1984	USSR	2018-12-07
PRJNA231221	SRR8283301	SAMN10228585	PRJNA231221	1969	Bolivia: La Paz	2018-12-07
PRJNA231221	SRR10017195	SAMN11077960	PRJNA231221	missing	USA:MD	2019-08-27
PRJNA231221	SRR10017197	SAMN11077974	PRJNA231221	missing	USA:MD	2019-08-27
PRJNA231221	SRR10017395	SAMN11077976	PRJNA231221	missing	USA:MD	2019-08-27
PRJNA231221	SRR10017400	SAMN11077977	PRJNA231221	missing	USA:MD	2019-08-27
PRJNA231221	SRR10017685	SAMN11077993	PRJNA231221	missing	USA:MD	2019-08-27
PRJNA231221	SRR10017687	SAMN11077994	PRJNA231221	missing	USA:MD	2019-08-27
PRJNA231221	SRR10024664	SAMN11077990	PRJNA231221	missing	USA:MD	2019-08-28
PRJNA231221	SRR10027400	SAMN11078001	PRJNA231221	missing	USA:MD	2019-08-30
PRJNA231221	SRR10027401	SAMN11077999	PRJNA231221	missing	USA:MD	2019-08-30
PRJNA231221	SRR10027404	SAMN11077956	PRJNA231221	missing	USA:MD	2019-08-30
PRJNA231221	SRR10027406	SAMN11077998	PRJNA231221	missing	USA:MD	2019-08-30
PRJNA231221	SRR10027551	SAMN11077959	PRJNA231221	missing	USA:MD	2019-08-30
PRJNA231221	SRR10029608	SAMN11077965	PRJNA231221	missing	USA:MD	2019-08-30
PRJNA231221	SRR10059289	SAMN11077949	PRJNA231221	missing	USA:MD	2019-09-06
PRJNA231221	SRR10073036	SAMN11077950	PRJNA231221	missing	USA:MD	2019-09-06
PRJNA231221	SRR10073037	SAMN11077951	PRJNA231221	missing	USA:MD	2019-09-06
PRJNA231221	SRR10073038	SAMN11077951	PRJNA231221	missing	USA:MD	2019-09-06
PRJNA231221	SRR10073041	SAMN11077953	PRJNA231221	missing	USA:MD	2019-09-06
PRJNA231221	SRR10073042	SAMN11077953	PRJNA231221	missing	USA:MD	2019-09-06
PRJNA231221	SRR10073045	SAMN11077955	PRJNA231221	missing	USA:MD	2019-09-06
PRJNA231221	SRR10073048	SAMN11078004	PRJNA231221	missing	USA:MD	2019-09-06
PRJNA231221	SRR10073049	SAMN11078005	PRJNA231221	missing	USA:MD	2019-09-06
PRJNA231221	SRR10073050	SAMN11078005	PRJNA231221	missing	USA:MD	2019-09-06
PRJNA231221	SRR10073052	SAMN11078006	PRJNA231221	missing	USA:MD	2019-09-06
PRJNA231221	SRR10073053	SAMN11078007	PRJNA231221	missing	USA:MD	2019-09-06
PRJNA231221	SRR10073055	SAMN11078008	PRJNA231221	missing	USA:MD	2019-09-06
PRJNA231221	SRR12045483	SAMN13450440	PRJNA231221	Unknown	Not applicable	2020-06-19
PRJNA231221	SRR12045484	SAMN13450440	PRJNA231221	Unknown	Not applicable	2020-06-19
PRJNA231221	SRR12045486	SAMN13450441	PRJNA231221	Unknown	Not applicable	2020-06-19
PRJNA231221	SRR12045492	SAMN13450442	PRJNA231221	Unknown	Not applicable	2020-06-19
PRJNA231221	SRR12045544	SAMN13450431	PRJNA231221	Unknown	Not applicable	2020-06-19
PRJNA231221	SRR12045546	SAMN13450432	PRJNA231221	Unknown	Not applicable	2020-06-19
PRJNA231221	SRR12045574	SAMN13450434	PRJNA231221	Unknown	Not applicable	2020-06-19
PRJNA231221	SRR12045575	SAMN13450435	PRJNA231221	Unknown	Not applicable	2020-06-19
PRJNA231221	SRR12045619	SAMN13450436	PRJNA231221	Unknown	Not applicable	2020-06-19
PRJNA231221	SRR12045688	SAMN13450417	PRJNA231221	Unknown	Not applicable	2020-06-19
PRJNA231221	SRR12046029	SAMN13450456	PRJNA231221	Unknown	Not applicable	2020-06-19
PRJNA231221	SRR12046045	SAMN13450457	PRJNA231221			2020-06-19
PRJNA231221	SRR12046046	SAMN13450457	PRJNA231221			2020-06-19
PRJNA231221	SRR12046048	SAMN13450418	PRJNA231221			2020-06-19
PRJNA231221	SRR12046205	SAMN13450420	PRJNA231221	Unknown	Not applicable	2020-06-19
PRJNA231221	SRR12046206	SAMN13450420	PRJNA231221	Unknown	Not applicable	2020-06-19
PRJNA231221	SRR12046685	SAMN13450423	PRJNA231221	Unknown	Not applicable	2020-06-19
PRJNA231221	SRR12046686	SAMN13450424	PRJNA231221	Unknown	Not applicable	2020-06-19
PRJNA231221	SRR12046689	SAMN13450459	PRJNA231221	Unknown	Not applicable	2020-06-19
PRJNA231221	SRR12046718	SAMN13450460	PRJNA231221	Unknown	Not applicable	2020-06-19
PRJNA231221	SRR12046719	SAMN13450460	PRJNA231221	Unknown	Not applicable	2020-06-19
PRJNA231221	SRR12046725	SAMN13450458	PRJNA231221	Unknown	Not applicable	2020-06-19
PRJNA231221	SRR12046731	SAMN13450461	PRJNA231221	Unknown	Not applicable	2020-06-19
PRJNA231221	SRR12046746	SAMN13450462	PRJNA231221	Unknown	Not applicable	2020-06-19
PRJNA231221	SRR12047063	SAMN13450463	PRJNA231221	Unknown	Not applicable	2020-06-19
PRJNA231221	SRR12047064	SAMN13450463	PRJNA231221	Unknown	Not applicable	2020-06-19
PRJNA231221	SRR12047071	SAMN13450464	PRJNA231221	Unknown	Not applicable	2020-06-19
PRJNA231221	SRR12047085	SAMN13450465	PRJNA231221	Unknown	Not applicable	2020-06-19
PRJNA231221	SRR12047096	SAMN13450467	PRJNA231221	Unknown	Not applicable	2020-06-19
PRJNA231221	SRR12047105	SAMN13450468	PRJNA231221	Unknown	Not applicable	2020-06-19
PRJNA231221	SRR12047135	SAMN13450470	PRJNA231221	Unknown	Not applicable	2020-06-19
PRJNA231221	SRR12047139	SAMN13450472	PRJNA231221	Unknown	Not applicable	2020-06-19
PRJNA231221	SRR12047141	SAMN13450473	PRJNA231221	Unknown	Not applicable	2020-06-19
PRJNA231221	SRR12047206	SAMN13450394	PRJNA231221	Unknown	Not applicable	2020-06-19
PRJNA231221	SRR12047215	SAMN13450396	PRJNA231221	Unknown	Not applicable	2020-06-19
PRJNA231221	SRR12047231	SAMN13450399	PRJNA231221	Unknown	Not applicable	2020-06-19
PRJNA231221	SRR12047232	SAMN13450399	PRJNA231221	Unknown	Not applicable	2020-06-19
PRJNA231221	SRR12047264	SAMN13450400	PRJNA231221			2020-06-19
PRJNA231221	SRR12047291	SAMN13450402	PRJNA231221	Unknown	Not applicable	2020-06-19
PRJNA231221	SRR12047325	SAMN13450406	PRJNA231221	Unknown	Not applicable	2020-06-19
PRJNA231221	SRR12047329	SAMN13450408	PRJNA231221	Unknown	Not applicable	2020-06-19
PRJNA231221	SRR12047331	SAMN13450409	PRJNA231221			2020-06-20
PRJNA231221	SRR12047333	SAMN13450425	PRJNA231221	Unknown	Not applicable	2020-06-19
PRJNA231221	SRR12047335	SAMN13450425	PRJNA231221	Unknown	Not applicable	2020-06-19
PRJNA231221	SRR12047346	SAMN13450413	PRJNA231221	Unknown	Not applicable	2020-06-19
PRJNA231221	SRR12047975	SAMN13450416	PRJNA231221	Unknown	Not applicable	2020-06-20
PRJNA231221	SRR12047977	SAMN13450443	PRJNA231221	Unknown	Not applicable	2020-06-20
PRJNA231221	SRR12047980	SAMN13450444	PRJNA231221	Unknown	Not applicable	2020-06-20
PRJNA231221	SRR12047982	SAMN13450444	PRJNA231221	Unknown	Not applicable	2020-06-20
PRJNA231221	SRR12047984	SAMN13450415	PRJNA231221	Unknown	Not applicable	2020-06-20
PRJNA231221	SRR12048245	SAMN13450445	PRJNA231221	Unknown	Not applicable	2020-06-20
PRJNA231221	SRR12048246	SAMN13450445	PRJNA231221	Unknown	Not applicable	2020-06-20
PRJNA231221	SRR12048247	SAMN13450446	PRJNA231221	Unknown	Not applicable	2020-06-20
PRJNA231221	SRR12048529	SAMN13450452	PRJNA231221	Unknown	Not applicable	2020-06-20
PRJNA231221	SRR12048530	SAMN13450453	PRJNA231221	Unknown	Not applicable	2020-06-20
PRJNA231221	SRR12048532	SAMN13450454	PRJNA231221	Unknown	Not applicable	2020-06-20
PRJNA231221	SRR12048533	SAMN13450454	PRJNA231221	Unknown	Not applicable	2020-06-20
PRJNA231221	SRR12048536	SAMN13450455	PRJNA231221	Unknown	Not applicable	2020-06-20
PRJNA231221	SRR12048538	SAMN13450427	PRJNA231221	Unknown	Not applicable	2020-06-20
PRJNA231221	SRR12048550	SAMN13450430	PRJNA231221	Unknown	Not applicable	2020-06-20
PRJNA231221	SRR12066793	SAMN13450478	PRJNA231221	Unknown	Not applicable	2020-06-23
PRJNA231221	SRR12066796	SAMN13450483	PRJNA231221	Unknown	Not applicable	2020-06-23
PRJNA231221	SRR12066814	SAMN13450482	PRJNA231221	Unknown	Not applicable	2020-06-23
PRJNA231221	SRR12825837	SAMN16357209	PRJNA231221	Unknown	USA:VA	2020-10-20
PRJNA231221	SRR12825838	SAMN16357209	PRJNA231221	Unknown	USA:VA	2020-10-20
PRJNA231221	SRR12825845	SAMN16357214	PRJNA231221	Unknown	USA:VA	2020-10-20
PRJNA231221	SRR12825851	SAMN16357216	PRJNA231221	Unknown	USA:VA	2020-10-20
PRJNA231221	SRR12825852	SAMN16357205	PRJNA231221	Unknown	USA:VA	2020-10-20
PRJNA231221	SRR12825854	SAMN16357206	PRJNA231221	Unknown	USA:VA	2020-10-20
PRJNA231221	SRR12825857	SAMN16357193	PRJNA231221	Unknown	USA:VA	2020-10-20
PRJNA231221	SRR12825858	SAMN16357194	PRJNA231221	Unknown	USA:VA	2020-10-20
PRJNA231221	SRR12825859	SAMN16357194	PRJNA231221	Unknown	USA:VA	2020-10-20
PRJNA231221	SRR12825860	SAMN16357195	PRJNA231221	Unknown	USA:VA	2020-10-20
PRJNA231221	SRR12825872	SAMN16357198	PRJNA231221	Unknown	USA:VA	2020-10-20
PRJNA231221	SRR12825873	SAMN16357198	PRJNA231221	Unknown	USA:VA	2020-10-20
PRJNA231221	SRR12825874	SAMN16357199	PRJNA231221	Unknown	USA:VA	2020-10-20
PRJNA231221	SRR12825878	SAMN16357201	PRJNA231221	Unknown	USA:VA	2020-10-20
PRJNA231221	SRR12825881	SAMN16357207	PRJNA231221	Unknown	USA:VA	2020-10-20
PRJNA231221	SRR12825882	SAMN16357202	PRJNA231221	Unknown	USA:VA	2020-10-20
PRJNA231221	SRR12825886	SAMN16357179	PRJNA231221	Unknown	Germany: Braunschweig	2020-10-20
PRJNA231221	SRR12825887	SAMN16357179	PRJNA231221	Unknown	Germany: Braunschweig	2020-10-20
PRJNA231221	SRR12825888	SAMN16357179	PRJNA231221	Unknown	Germany: Braunschweig	2020-10-20
PRJNA231221	SRR12825889	SAMN16357180	PRJNA231221	Unknown	Germany: Braunschweig	2020-10-20
PRJNA231221	SRR12825891	SAMN16357181	PRJNA231221	Unknown	Germany: Braunschweig	2020-10-20
PRJNA231221	SRR12825893	SAMN16357181	PRJNA231221	Unknown	Germany: Braunschweig	2020-10-20
PRJNA231221	SRR12825896	SAMN16357183	PRJNA231221	Unknown	Germany: Braunschweig	2020-10-20
PRJNA231221	SRR12825899	SAMN16357184	PRJNA231221	Unknown	Germany: Braunschweig	2020-10-20
PRJNA231221	SRR12825900	SAMN16357184	PRJNA231221	Unknown	Germany: Braunschweig	2020-10-20
PRJNA231221	SRR12825902	SAMN16357185	PRJNA231221	Unknown	Germany: Braunschweig	2020-10-20
PRJNA231221	SRR12825929	SAMN16357186	PRJNA231221	Unknown	Germany: Braunschweig	2020-10-20
PRJNA231221	SRR12825934	SAMN16357189	PRJNA231221		Germany: Braunschweig	2020-10-20
PRJNA231221	SRR12825938	SAMN16357219	PRJNA231221	Unknown	Germany: Braunschweig	2020-10-20
PRJNA231221	SRR12825940	SAMN16357219	PRJNA231221	Unknown	Germany: Braunschweig	2020-10-20
PRJNA231221	SRR12825947	SAMN16357222	PRJNA231221	Unknown	Germany: Braunschweig	2020-10-20
PRJNA231221	SRR12825950	SAMN16357223	PRJNA231221	Unknown	Germany: Braunschweig	2020-10-20
PRJNA231221	SRR12825951	SAMN16357223	PRJNA231221	Unknown	Germany: Braunschweig	2020-10-20
PRJNA231221	SRR12825957	SAMN16357225	PRJNA231221	Unknown	Germany: Braunschweig	2020-10-20
PRJNA231221	SRR12825959	SAMN16357226	PRJNA231221	Unknown	Germany: Braunschweig	2020-10-20
PRJNA231221	SRR12825962	SAMN16357228	PRJNA231221	Unknown	Germany: Braunschweig	2020-10-20
PRJNA231221	SRR12825963	SAMN16357228	PRJNA231221	Unknown	Germany: Braunschweig	2020-10-20
PRJNA231221	SRR12825964	SAMN16357229	PRJNA231221	Unknown	Germany: Braunschweig	2020-10-20
PRJNA231221	SRR12825966	SAMN16357230	PRJNA231221	Unknown	Germany: Braunschweig	2020-10-20
PRJNA231221	SRR12826196	SAMN16357236	PRJNA231221	Unknown	Germany: Braunschweig	2020-10-20
PRJNA231221	SRR12826197	SAMN16357237	PRJNA231221	Unknown	Germany: Braunschweig	2020-10-20
PRJNA231221	SRR12826202	SAMN16357238	PRJNA231221	Unknown	Germany: Braunschweig	2020-10-20
PRJNA231221	SRR12826205	SAMN16357240	PRJNA231221	Unknown	Germany: Braunschweig	2020-10-20
PRJNA231221	SRR12826209	SAMN16357242	PRJNA231221	Unknown	Germany: Braunschweig	2020-10-20
PRJNA231221	SRR12826211	SAMN16357242	PRJNA231221	Unknown	Germany: Braunschweig	2020-10-20
PRJNA231221	SRR12826216	SAMN16357153	PRJNA231221	Unknown	Germany: Braunschweig	2020-10-20
PRJNA231221	SRR12826217	SAMN16357153	PRJNA231221	Unknown	Germany: Braunschweig	2020-10-20
PRJNA231221	SRR12826219	SAMN16357154	PRJNA231221	Unknown	Germany: Braunschweig	2020-10-20
PRJNA231221	SRR12826222	SAMN16357156	PRJNA231221	Unknown	Germany: Braunschweig	2020-10-20
PRJNA231221	SRR12826228	SAMN16357158	PRJNA231221	Unknown	Germany: Braunschweig	2020-10-20
PRJNA231221	SRR12826231	SAMN16357160	PRJNA231221	Unknown	Germany: Braunschweig	2020-10-20
PRJNA231221	SRR12826232	SAMN16357160	PRJNA231221	Unknown	Germany: Braunschweig	2020-10-20
PRJNA231221	SRR12827389	SAMN16357164	PRJNA231221	Unknown	Germany: Braunschweig	2020-10-20
PRJNA231221	SRR12827391	SAMN16357165	PRJNA231221	Unknown	Germany: Braunschweig	2020-10-20
PRJNA231221	SRR12827394	SAMN16357166	PRJNA231221	Unknown	Germany: Braunschweig	2020-10-20
PRJNA231221	SRR12827395	SAMN16357166	PRJNA231221	Unknown	Germany: Braunschweig	2020-10-20
PRJNA231221	SRR12827467	SAMN16357167	PRJNA231221	Unknown	Germany: Braunschweig	2020-10-20
PRJNA231221	SRR12827468	SAMN16357167	PRJNA231221	Unknown	Germany: Braunschweig	2020-10-20
PRJNA231221	SRR12827469	SAMN16357168	PRJNA231221	Unknown	Germany: Braunschweig	2020-10-20
PRJNA231221	SRR12827744	SAMN16357171	PRJNA231221	Unknown	Germany: Braunschweig	2020-10-20
PRJNA231221	SRR12827748	SAMN16357173	PRJNA231221	Unknown	Germany: Braunschweig	2020-10-20
PRJNA231221	SRR12827749	SAMN16357173	PRJNA231221	Unknown	Germany: Braunschweig	2020-10-20
PRJNA231221	SRR12827766	SAMN16357177	PRJNA231221	Unknown	Germany: Braunschweig	2020-10-20
PRJNA231221	SRR12827768	SAMN16357178	PRJNA231221	Unknown	Germany: Braunschweig	2020-10-20
PRJNA231221	SRR12827771	SAMN16357204	PRJNA231221	Unknown	USA:MD	2020-10-20
PRJNA231221	SRR12827779	SAMN16357218	PRJNA231221	Unknown	USA:MD	2020-10-20
PRJNA231221	SRR12931606	SAMN16357247	PRJNA231221	Unknown	Germany:Langen	2020-10-30
PRJNA231221	SRR12933208	SAMN16357248	PRJNA231221	Unknown	Germany:Langen	2020-10-30
PRJNA231221	SRR12933317	SAMN16357250	PRJNA231221	Unknown	Germany:Langen	2020-10-30
PRJNA231221	SRR12933778	SAMN16357252	PRJNA231221	Unknown	Germany:Langen	2020-10-30
PRJNA231221	SRR12933779	SAMN16357252	PRJNA231221	Unknown	Germany:Langen	2020-10-30
PRJNA231221	SRR12933787	SAMN16357253	PRJNA231221	Unknown	Germany:Langen	2020-10-30
PRJNA231221	SRR12934922	SAMN16357257	PRJNA231221	Unknown	Germany:Langen	2020-10-30
PRJNA231221	SRR12934924	SAMN16357258	PRJNA231221	Unknown	Germany:Langen	2020-10-30
PRJNA231221	SRR12934925	SAMN16357258	PRJNA231221	Unknown	Germany:Langen	2020-10-30
PRJNA231221	SRR12934927	SAMN16357259	PRJNA231221	Unknown	Germany:Langen	2020-10-30
PRJNA231221	SRR12934928	SAMN16357260	PRJNA231221	Unknown	Germany: Braunschweig	2020-10-30
PRJNA231221	SRR12934976	SAMN16357263	PRJNA231221	Unknown	Germany: Braunschweig	2020-10-30
PRJNA231221	SRR12935032	SAMN16357264	PRJNA231221	Unknown	Germany: Braunschweig	2020-10-30
PRJNA231221	SRR12935033	SAMN16357264	PRJNA231221	Unknown	Germany: Braunschweig	2020-10-30
PRJNA231221	SRR12935056	SAMN16357265	PRJNA231221	Unknown	Germany: Braunschweig	2020-10-30
PRJNA231221	SRR12935057	SAMN16357265	PRJNA231221	Unknown	Germany: Braunschweig	2020-10-30
PRJNA231221	SRR12935230	SAMN16357266	PRJNA231221	Unknown	Germany: Braunschweig	2020-10-30
PRJNA231221	SRR12935258	SAMN16357267	PRJNA231221	Unknown	Germany: Braunschweig	2020-10-30
PRJNA231221	SRR12935260	SAMN16357267	PRJNA231221	Unknown	Germany: Braunschweig	2020-10-30
PRJNA231221	SRR12935267	SAMN16357268	PRJNA231221	Unknown	Germany: Braunschweig	2020-10-30
PRJNA231221	SRR12935268	SAMN16357268	PRJNA231221	Unknown	Germany: Braunschweig	2020-10-30
PRJNA231221	SRR12935276	SAMN16357271	PRJNA231221	Unknown	Germany: Braunschweig	2020-10-30
PRJNA231221	SRR12935278	SAMN16357271	PRJNA231221	Unknown	Germany: Braunschweig	2020-10-30
PRJNA231221	SRR12935280	SAMN16357272	PRJNA231221	Unknown	Germany: Braunschweig	2020-10-30
PRJNA231221	SRR12935485	SAMN16357273	PRJNA231221	Unknown	Germany: Braunschweig	2020-10-30
PRJNA231221	SRR12936504	SAMN16357275	PRJNA231221	Unknown	Germany: Braunschweig	2020-10-30
PRJNA231221	SRR12936506	SAMN16357276	PRJNA231221	Unknown	Germany: Braunschweig	2020-10-30
PRJNA231221	SRR12936507	SAMN16357277	PRJNA231221	Unknown	Germany: Braunschweig	2020-10-30
PRJNA231221	SRR12936576	SAMN16357280	PRJNA231221	Unknown	Germany: Braunschweig	2020-10-30
PRJNA231221	SRR12936577	SAMN16357281	PRJNA231221	Unknown	Germany: Braunschweig	2020-10-30
PRJNA231221	SRR12936583	SAMN16357282	PRJNA231221	Unknown	Germany: Braunschweig	2020-10-30
PRJNA231221	SRR12936587	SAMN16357282	PRJNA231221	Unknown	Germany: Braunschweig	2020-10-30
PRJNA231221	SRR12936588	SAMN16357283	PRJNA231221	Unknown	Germany: Braunschweig	2020-10-30
PRJNA231221	SRR12936661	SAMN16357284	PRJNA231221	Unknown	Germany: Braunschweig	2020-10-30
PRJNA231221	SRR12936663	SAMN16357285	PRJNA231221	Unknown	Germany: Braunschweig	2020-10-30
PRJNA231221	SRR12937413	SAMN16357286	PRJNA231221	Unknown	Germany: Braunschweig	2020-10-30
PRJNA231221	SRR12937477	SAMN16357288	PRJNA231221	Unknown	Germany: Braunschweig	2020-10-30
PRJNA231221	SRR12937491	SAMN16357289	PRJNA231221	Unknown	Germany: Braunschweig	2020-10-30
PRJNA231221	SRR12937492	SAMN16357289	PRJNA231221	Unknown	Germany: Braunschweig	2020-10-30
PRJNA231221	SRR12937505	SAMN16357290	PRJNA231221	Unknown	Germany: Braunschweig	2020-10-30
PRJNA231221	SRR12937570	SAMN16357291	PRJNA231221	Unknown	Germany: Braunschweig	2020-10-30
PRJNA231221	SRR12937571	SAMN16357292	PRJNA231221	Unknown	Germany: Braunschweig	2020-10-30
PRJNA231221	SRR12937572	SAMN16357292	PRJNA231221	Unknown	Germany: Braunschweig	2020-10-30
PRJNA231221	SRR12937825	SAMN16357294	PRJNA231221	Unknown	Germany: Braunschweig	2020-10-31
PRJNA231221	SRR12937900	SAMN16357297	PRJNA231221	Unknown	Germany: Braunschweig	2020-10-31
PRJNA231221	SRR12937906	SAMN16357299	PRJNA231221		Germany: Braunschweig	2020-10-31
PRJNA231221	SRR12937908	SAMN16357300	PRJNA231221		Germany: Braunschweig	2020-10-31
PRJNA231221	SRR12937936	SAMN16357301	PRJNA231221	Unknown	Germany: Braunschweig	2020-10-31
PRJNA231221	SRR12937937	SAMN16357301	PRJNA231221	Unknown	Germany: Braunschweig	2020-10-31
PRJNA231221	SRR12937954	SAMN16357305	PRJNA231221	Unknown	Germany: Braunschweig	2020-10-31
PRJNA231221	SRR12937956	SAMN16357306	PRJNA231221	Unknown	Germany: Braunschweig	2020-10-31
PRJNA231221	SRR12937958	SAMN16357307	PRJNA231221	Unknown	Germany: Braunschweig	2020-10-31
PRJNA231221	SRR12937959	SAMN16357307	PRJNA231221	Unknown	Germany: Braunschweig	2020-10-31
PRJNA231221	SRR12938573	SAMN16357309	PRJNA231221	Unknown	Germany: Braunschweig	2020-10-31
PRJNA231221	SRR12938579	SAMN16357311	PRJNA231221	Unknown	Germany: Braunschweig	2020-10-31
PRJNA231221	SRR12938580	SAMN16357311	PRJNA231221	Unknown	Germany: Braunschweig	2020-10-31
PRJNA231221	SRR12938599	SAMN16357312	PRJNA231221	Unknown	Germany: Braunschweig	2020-10-31
PRJNA231221	SRR12938600	SAMN16357312	PRJNA231221	Unknown	Germany: Braunschweig	2020-10-31
PRJNA231221	SRR12938612	SAMN16357314	PRJNA231221	Unknown	Germany: Braunschweig	2020-10-30
PRJNA231221	SRR12938616	SAMN16357316	PRJNA231221	Unknown	Germany: Braunschweig	2020-10-31
PRJNA231221	SRR12938617	SAMN16357316	PRJNA231221	Unknown	Germany: Braunschweig	2020-10-31
PRJNA231221	SRR12938620	SAMN16357318	PRJNA231221	Unknown	Germany: Braunschweig	2020-10-31
PRJNA231221	SRR12938621	SAMN16357318	PRJNA231221	Unknown	Germany: Braunschweig	2020-10-31
PRJNA231221	SRR12938888	SAMN16357319	PRJNA231221	Unknown	Germany: Braunschweig	2020-10-31
PRJNA231221	SRR12938912	SAMN16357321	PRJNA231221	Unknown	Germany: Braunschweig	2020-10-31
PRJNA231221	SRR12938922	SAMN16357323	PRJNA231221	Unknown	Germany: Braunschweig	2020-10-31
PRJNA231221	SRR12938925	SAMN16357324	PRJNA231221	Unknown	Germany: Braunschweig	2020-10-31
PRJNA231221	SRR12938955	SAMN16357325	PRJNA231221	Unknown	Germany: Braunschweig	2020-10-31
PRJNA231221	SRR12938956	SAMN16357325	PRJNA231221	Unknown	Germany: Braunschweig	2020-10-31
PRJNA231221	SRR12938957	SAMN16357326	PRJNA231221	Unknown	Germany: Braunschweig	2020-10-31
PRJNA231221	SRR12938959	SAMN16357327	PRJNA231221	Unknown	Germany: Braunschweig	2020-10-31
PRJNA231221	SRR13181164	SAMN16357332	PRJNA231221	Unknown	Germany: Braunschweig	2020-12-03
PRJNA231221	SRR13181232	SAMN16357333	PRJNA231221	Unknown	Germany: Braunschweig	2020-12-03
PRJNA231221	SRR13181233	SAMN16357333	PRJNA231221	Unknown	Germany: Braunschweig	2020-12-03
PRJNA231221	SRR13181257	SAMN16357334	PRJNA231221	Unknown	Germany: Braunschweig	2020-12-03
PRJNA231221	SRR13181260	SAMN16357335	PRJNA231221	Unknown	Germany: Braunschweig	2020-12-03
PRJNA231221	SRR13181465	SAMN16357336	PRJNA231221	Unknown	Germany: Braunschweig	2020-12-03
PRJNA231221	SRR13181481	SAMN16357338	PRJNA231221	Unknown	Germany: Braunschweig	2020-12-03
PRJNA231221	SRR13181482	SAMN16357338	PRJNA231221	Unknown	Germany: Braunschweig	2020-12-03
PRJNA231221	SRR13181597	SAMN16357341	PRJNA231221	Unknown	Germany: Braunschweig	2020-12-03
PRJNA231221	SRR13181598	SAMN16357341	PRJNA231221	Unknown	Germany: Braunschweig	2020-12-03
PRJNA231221	SRR13181613	SAMN16357346	PRJNA231221	Unknown	Germany: Braunschweig	2020-12-03
PRJNA231221	SRR13181642	SAMN16357348	PRJNA231221	Unknown	Germany: Braunschweig	2020-12-03
PRJNA231221	SRR13181648	SAMN16357351	PRJNA231221	Unknown	Germany: Braunschweig	2020-12-03
PRJNA231221	SRR13181649	SAMN16357352	PRJNA231221	Unknown	Germany: Braunschweig	2020-12-03
PRJNA231221	SRR13181650	SAMN16357352	PRJNA231221	Unknown	Germany: Braunschweig	2020-12-03
PRJNA231221	SRR13181652	SAMN16357353	PRJNA231221	Unknown	Germany: Braunschweig	2020-12-03
PRJNA231221	SRR13181655	SAMN16357355	PRJNA231221	Unknown	Germany: Braunschweig	2020-12-03
PRJNA231221	SRR13181891	SAMN16357356	PRJNA231221	Unknown	Germany: Braunschweig	2020-12-03
PRJNA231221	SRR13181967	SAMN16357358	PRJNA231221	Unknown	Germany: Braunschweig	2020-12-03
PRJNA231221	SRR13181968	SAMN16357358	PRJNA231221	Unknown	Germany: Braunschweig	2020-12-03
PRJNA231221	SRR13181985	SAMN16357360	PRJNA231221	Unknown	Germany: Braunschweig	2020-12-03
PRJNA231221	SRR13181988	SAMN16357361	PRJNA231221	Unknown	USA:MD	2020-12-03
PRJNA231221	SRR13181989	SAMN16357362	PRJNA231221	Unknown	USA:MD	2020-12-03
PRJNA231221	SRR13181992	SAMN16357363	PRJNA231221	Unknown	USA:MD	2020-12-03
PRJNA231221	SRR13181993	SAMN16357364	PRJNA231221	Unknown	USA:MD	2020-12-03
PRJNA231221	SRR13182318	SAMN16357365	PRJNA231221	Unknown	USA:MD	2020-12-03
PRJNA231221	SRR13182322	SAMN16357367	PRJNA231221	Unknown	USA:MD	2020-12-03
PRJNA231221	SRR13182324	SAMN16357368	PRJNA231221	Unknown	USA:MD	2020-12-03
PRJNA231221	SRR13182423	SAMN16357377	PRJNA231221	Unknown	USA:MD	2020-12-03
PRJNA231221	SRR13182491	SAMN16357379	PRJNA231221	Unknown	USA:MD	2020-12-03
PRJNA231221	SRR13182493	SAMN16357379	PRJNA231221	Unknown	USA:MD	2020-12-03
PRJNA231221	SRR13182519	SAMN16357381	PRJNA231221	Unknown	USA:MD	2020-12-03
PRJNA231221	SRR13182521	SAMN16357382	PRJNA231221	Unknown	USA:MD	2020-12-03
PRJNA231221	SRR13182588	SAMN16357384	PRJNA231221	Unknown	USA:MD	2020-12-03
PRJNA231221	SRR13182591	SAMN16357385	PRJNA231221	Unknown	USA:MD	2020-12-03
PRJNA231221	SRR13182599	SAMN16357386	PRJNA231221	Unknown	USA:MD	2020-12-03
PRJNA231221	SRR13182600	SAMN16357386	PRJNA231221	Unknown	USA:MD	2020-12-03
PRJNA231221	SRR13182645	SAMN16357388	PRJNA231221	Unknown	USA:MD	2020-12-03
PRJNA231221	SRR13182673	SAMN16357389	PRJNA231221	Unknown	USA:MD	2020-12-03
PRJNA231221	SRR13182691	SAMN16357392	PRJNA231221	Unknown	USA:WA	2020-12-03
PRJNA231221	SRR13182719	SAMN16357394	PRJNA231221	Unknown	USA:WA	2020-12-03
PRJNA231221	SRR13182722	SAMN16357395	PRJNA231221	Unknown	USA:WA	2020-12-03
PRJNA231221	SRR13182812	SAMN16357398	PRJNA231221	Unknown	USA:WA	2020-12-03
PRJNA231221	SRR13182830	SAMN16357401	PRJNA231221	Unknown	USA:WA	2020-12-03
PRJNA231221	SRR13182989	SAMN16357405	PRJNA231221	Unknown	USA:WA	2020-12-03
PRJNA231221	SRR13182990	SAMN16357405	PRJNA231221	Unknown	USA:WA	2020-12-03
PRJNA231221	SRR13182992	SAMN16357406	PRJNA231221	Unknown	USA:WA	2020-12-03
PRJNA231221	SRR13183023	SAMN16357408	PRJNA231221	Unknown	USA:WA	2020-12-03
PRJNA231221	SRR13183024	SAMN16357408	PRJNA231221	Unknown	USA:WA	2020-12-03
PRJNA231221	SRR13183037	SAMN16357410	PRJNA231221	Unknown	USA:WA	2020-12-03
PRJNA231221	SRR13183040	SAMN16357411	PRJNA231221	Unknown	USA:WA	2020-12-03
PRJNA231221	SRR13183044	SAMN16357413	PRJNA231221	Unknown	USA:VA	2020-12-03
PRJNA231221	SRR13183065	SAMN16357414	PRJNA231221	Unknown	USA:MD	2020-12-03
PRJNA231221	SRR13183066	SAMN16357415	PRJNA231221	Unknown	USA:MD	2020-12-03
PRJNA231221	SRR13183071	SAMN16357416	PRJNA231221	Unknown	USA:MD	2020-12-03
PRJNA231221	SRR15069924	SAMN16357534	PRJNA231221	Unknown	Germany: Braunschweig	2021-07-10
PRJNA231221	SRR15070654	SAMN16357540	PRJNA231221	Unknown	Germany: Braunschweig	2021-07-10
PRJNA231221	SRR15070657	SAMN16357541	PRJNA231221	Unknown	Germany: Braunschweig	2021-07-10
PRJNA231221	SRR15074771	SAMN16357543	PRJNA231221	Unknown	Germany: Braunschweig	2021-07-10
PRJNA231221	SRR15075160	SAMN16357564	PRJNA231221	Unknown	Germany: Braunschweig	2021-07-10
PRJNA231221	SRR15075387	SAMN16357565	PRJNA231221	Unknown	Germany: Braunschweig	2021-07-10
PRJNA231221	SRR15075396	SAMN16357566	PRJNA231221	Unknown	Germany: Braunschweig	2021-07-10
PRJNA231221	SRR15075399	SAMN16357567	PRJNA231221	Unknown	Germany: Braunschweig	2021-07-10
PRJNA231221	SRR15075401	SAMN16357568	PRJNA231221	Unknown	Germany: Braunschweig	2021-07-10
PRJNA231221	SRR15075415	SAMN16357569	PRJNA231221	Unknown	Germany: Braunschweig	2021-07-10
PRJNA231221	SRR15075451	SAMN16357574	PRJNA231221	Unknown	Germany: Braunschweig	2021-07-10
PRJNA231221	SRR15076164	SAMN16357587	PRJNA231221	Unknown	Germany: Braunschweig	2021-07-10
PRJNA231221	SRR15076204	SAMN16357582	PRJNA231221	Unknown	Germany: Braunschweig	2021-07-10
PRJNA231221	SRR15076205	SAMN16357582	PRJNA231221	Unknown	Germany: Braunschweig	2021-07-10
PRJNA231221	SRR15076251	SAMN16357583	PRJNA231221	Unknown	Germany: Braunschweig	2021-07-10
PRJNA231221	SRR15076255	SAMN16357589	PRJNA231221	Unknown	Germany: Braunschweig	2021-07-10
PRJNA231221	SRR15076258	SAMN16357585	PRJNA231221	Unknown	Germany: Braunschweig	2021-07-10
PRJNA231221	SRR15076259	SAMN16357585	PRJNA231221	Unknown	Germany: Braunschweig	2021-07-10
PRJNA231221	SRR15076261	SAMN16357580	PRJNA231221	Unknown	Germany: Braunschweig	2021-07-10
PRJNA231221	SRR15076397	SAMN16357527	PRJNA231221	Unknown	USA:MT	2021-07-10
PRJNA231221	SRR15076403	SAMN16357599	PRJNA231221	Unknown	Germany: Braunschweig	2021-07-10
PRJNA231221	SRR15076404	SAMN16357599	PRJNA231221	Unknown	Germany: Braunschweig	2021-07-10
PRJNA231221	SRR15076406	SAMN16357526	PRJNA231221	Unknown	USA:MT	2021-07-10
PRJNA231221	SRR15076441	SAMN16357593	PRJNA231221	Unknown	Germany: Braunschweig	2021-07-10
PRJNA231221	SRR15076443	SAMN16357598	PRJNA231221	Unknown	Germany: Braunschweig	2021-07-10
PRJNA231221	SRR15076451	SAMN16357596	PRJNA231221	Unknown	Germany: Braunschweig	2021-07-10
PRJNA231221	SRR15076454	SAMN16357590	PRJNA231221	Unknown	Germany: Braunschweig	2021-07-10
PRJNA231221	SRR15076555	SAMN16357530	PRJNA231221	Unknown	USA:MT	2021-07-10
PRJNA231221	SRR15076556	SAMN16357531	PRJNA231221	Unknown	USA:MT	2021-07-10
PRJNA231221	SRR15076558	SAMN16357532	PRJNA231221	Unknown	USA:MT	2021-07-10
PRJNA231221	SRR15076563	SAMN16357517	PRJNA231221	Unknown	USA:MT	2021-07-10
PRJNA231221	SRR15076564	SAMN16357517	PRJNA231221	Unknown	USA:MT	2021-07-10
PRJNA231221	SRR15076565	SAMN16357533	PRJNA231221	Unknown	USA:MT	2021-07-10
PRJNA231221	SRR15076566	SAMN16357533	PRJNA231221	Unknown	USA:MT	2021-07-10
PRJNA231221	SRR15076571	SAMN16357520	PRJNA231221	Unknown	USA:MT	2021-07-10
PRJNA231221	SRR15076573	SAMN16357521	PRJNA231221	Unknown	USA:MT	2021-07-10
PRJNA231221	SRR15076576	SAMN16357522	PRJNA231221	Unknown	USA:MT	2021-07-10
PRJNA231221	SRR15076582	SAMN16357544	PRJNA231221	Unknown	USA:MD	2021-07-10
PRJNA231221	SRR15076584	SAMN16357553	PRJNA231221	Unknown	USA:MD	2021-07-10
PRJNA231221	SRR15076595	SAMN16357556	PRJNA231221	Unknown	USA:MD	2021-07-10
PRJNA231221	SRR15076598	SAMN16357557	PRJNA231221	Unknown	USA:MD	2021-07-10
PRJNA231221	SRR15076624	SAMN16357560	PRJNA231221	Unknown	USA:MD	2021-07-10
PRJNA231221	SRR15076628	SAMN16357548	PRJNA231221	Unknown	USA:MD	2021-07-10
PRJNA231221	SRR15076629	SAMN16357558	PRJNA231221	Unknown	USA:MD	2021-07-10
PRJNA231221	SRR15076630	SAMN16357558	PRJNA231221	Unknown	USA:MD	2021-07-10
PRJNA231221	SRR15076632	SAMN16357549	PRJNA231221	Unknown	USA:MD	2021-07-10
PRJNA231221	SRR15079690	SAMN16357559	PRJNA231221	Unknown	USA:MD	2021-07-10
PRJNA231221	SRR15079692	SAMN16357550	PRJNA231221	Unknown	USA:MD	2021-07-10
PRJNA231221	SRR15079700	SAMN16357552	PRJNA231221	Unknown	USA:MD	2021-07-10
PRJNA231221	SRR1596452	SAMN02934509	PRJNA231221	2013-10-14	USA	2015-02-03
PRJNA231221	SRR1608928	SAMN02934514	PRJNA231221	2013-10-19	USA	2015-02-03
PRJNA231221	SRR1608931	SAMN02934510	PRJNA231221	2013-10-15	USA	2015-02-03
PRJNA231221	SRR1608932	SAMN02934510	PRJNA231221	2013-10-15	USA	2015-02-03
PRJNA231221	SRR1608933	SAMN02934511	PRJNA231221	2013-10-15	USA	2015-02-03
PRJNA231221	SRR1608934	SAMN02934511	PRJNA231221	2013-10-15	USA	2015-02-03
PRJNA231221	SRR1608939	SAMN02934512	PRJNA231221	2013-10-11	USA	2015-02-03
PRJNA231221	SRR1608961	SAMN02934515	PRJNA231221	2013-10-18	USA	2015-02-03
PRJNA231221	SRR1608962	SAMN02934515	PRJNA231221	2013-10-18	USA	2015-02-03
PRJNA231221	SRR1608963	SAMN02934515	PRJNA231221	2013-10-18	USA	2015-02-03
PRJNA231221	SRR1608968	SAMN02934519	PRJNA231221	2013-10-22	USA	2015-02-03
PRJNA231221	SRR1608975	SAMN02934521	PRJNA231221	2013-07-26	USA	2015-02-03
PRJNA231221	SRR1608976	SAMN02934521	PRJNA231221	2013-07-26	USA	2015-02-03
PRJNA231221	SRR1609062	SAMN02934523	PRJNA231221	2013-09-16	USA	2015-02-03
PRJNA231221	SRR1609069	SAMN02934525	PRJNA231221	2013-09-27	USA	2015-02-03
PRJNA231221	SRR1609072	SAMN02934526	PRJNA231221	2013-08-02	USA	2015-02-03
PRJNA231221	SRR1609076	SAMN02934527	PRJNA231221	2013-06-28	USA	2015-02-03
PRJNA231221	SRR1609079	SAMN02934528	PRJNA231221	2013-06-21	USA	2015-02-03
PRJNA231221	SRR1609080	SAMN02934528	PRJNA231221	2013-06-21	USA	2015-02-03
PRJNA231221	SRR1609083	SAMN02934530	PRJNA231221	2013-09-07	USA	2015-02-03
PRJNA231221	SRR1609091	SAMN02934532	PRJNA231221	2013-10-30	USA	2015-02-03
PRJNA231221	SRR1609096	SAMN02934535	PRJNA231221	2013-11-01	USA	2015-02-03
PRJNA231221	SRR1609097	SAMN02934535	PRJNA231221	2013-11-01	USA	2015-02-03
PRJNA231221	SRR1609100	SAMN02934536	PRJNA231221	2013-11-01	USA	2015-02-03
PRJNA231221	SRR1609105	SAMN02934537	PRJNA231221	2013-11-07	USA	2015-02-03
PRJNA231221	SRR1609106	SAMN02934538	PRJNA231221	2013-11-07	USA	2015-02-03
PRJNA231221	SRR1609109	SAMN02934539	PRJNA231221	2013-11-07	USA	2015-02-03
PRJNA231221	SRR1609110	SAMN02934539	PRJNA231221	2013-11-07	USA	2015-02-03
PRJNA231221	SRR1609111	SAMN02934539	PRJNA231221	2013-11-07	USA	2015-02-03
PRJNA231221	SRR1609112	SAMN02934540	PRJNA231221	2013-11-18	USA	2015-02-03
PRJNA231221	SRR1609115	SAMN02934542	PRJNA231221	2013-11-18	USA	2015-02-03
PRJNA231221	SRR1609119	SAMN02934544	PRJNA231221	2013-11-22	USA	2015-02-03
PRJNA231221	SRR16249236	SAMN21402690	PRJNA231221	Unknown	Germany: Braunschweig	2021-10-09
PRJNA231221	SRR16249240	SAMN21218844	PRJNA231221	Unknown	Germany: Braunschweig	2021-10-09
PRJNA231221	SRR16249286	SAMN21402693	PRJNA231221	Unknown	Germany: Braunschweig	2021-10-09
PRJNA231221	SRR16249304	SAMN21402696	PRJNA231221	Unknown	Germany: Braunschweig	2021-10-09
PRJNA231221	SRR16249305	SAMN21402698	PRJNA231221	Unknown	Germany: Braunschweig	2021-10-09
PRJNA231221	SRR16249306	SAMN21402698	PRJNA231221	Unknown	Germany: Braunschweig	2021-10-10
PRJNA231221	SRR16249308	SAMN21402692	PRJNA231221	Unknown	Germany: Braunschweig	2021-10-09
PRJNA231221	SRR16249309	SAMN21218847	PRJNA231221	Unknown	Germany: Braunschweig	2021-10-09
PRJNA231221	SRR16249310	SAMN21218847	PRJNA231221	Unknown	Germany: Braunschweig	2021-10-09
PRJNA231221	SRR16249315	SAMN21218849	PRJNA231221	Unknown	Germany: Braunschweig	2021-10-10
PRJNA231221	SRR16251398	SAMN21218853	PRJNA231221	Unknown	Germany: Braunschweig	2021-10-10
PRJNA231221	SRR16251399	SAMN21218853	PRJNA231221	Unknown	Germany: Braunschweig	2021-10-10
PRJNA231221	SRR16251403	SAMN21218854	PRJNA231221	Unknown	Germany: Braunschweig	2021-10-10
PRJNA231221	SRR16251420	SAMN21218859	PRJNA231221	Unknown	Germany: Braunschweig	2021-10-10
PRJNA231221	SRR16251421	SAMN21218859	PRJNA231221	Unknown	Germany: Braunschweig	2021-10-10
PRJNA231221	SRR16251422	SAMN21218860	PRJNA231221	Unknown	Germany: Braunschweig	2021-10-10
PRJNA231221	SRR16251424	SAMN21218861	PRJNA231221	Unknown	Germany: Braunschweig	2021-10-10
PRJNA231221	SRR16251433	SAMN21402702	PRJNA231221	Unknown	Germany: Braunschweig	2021-10-10
PRJNA231221	SRR16251439	SAMN21218866	PRJNA231221	Unknown	Germany: Braunschweig	2021-10-10
PRJNA231221	SRR16251445	SAMN20888876	PRJNA231221	Unknown	Germany: Braunschweig	2021-10-10
PRJNA231221	SRR16251447	SAMN21460642	PRJNA231221	Unknown	Germany: Braunschweig	2021-10-10
PRJNA231221	SRR16251449	SAMN20888877	PRJNA231221	Unknown	Germany: Braunschweig	2021-10-10
PRJNA231221	SRR16259000	SAMN21218869	PRJNA231221	Unknown	Germany: Braunschweig	2021-10-10
PRJNA231221	SRR16259010	SAMN21218871	PRJNA231221	Unknown	Germany: Braunschweig	2021-10-10
PRJNA231221	SRR16259362	SAMN20888882	PRJNA231221	Unknown	Germany: Braunschweig	2021-10-10
PRJNA231221	SRR16259726	SAMN21218874	PRJNA231221	Unknown	Germany: Braunschweig	2021-10-10
PRJNA231221	SRR16259728	SAMN21218874	PRJNA231221	Unknown	Germany: Braunschweig	2021-10-10
PRJNA231221	SRR16259735	SAMN21218875	PRJNA231221	Unknown	Germany: Braunschweig	2021-10-10
PRJNA231221	SRR16259834	SAMN20888890	PRJNA231221	Unknown	Germany: Braunschweig	2021-10-10
PRJNA231221	SRR16263410	SAMN20888893	PRJNA231221	Unknown	Germany: Braunschweig	2021-10-10
PRJNA231221	SRR16263414	SAMN20888896	PRJNA231221	Unknown	Germany: Braunschweig	2021-10-10
PRJNA231221	SRR16263431	SAMN20888898	PRJNA231221	Unknown	Germany: Braunschweig	2021-10-10
PRJNA231221	SRR16263432	SAMN20888899	PRJNA231221	Unknown	Germany: Braunschweig	2021-10-10
PRJNA231221	SRR16263434	SAMN20888900	PRJNA231221	Unknown	Germany: Braunschweig	2021-10-10
PRJNA231221	SRR16263437	SAMN20888901	PRJNA231221	Unknown	Germany: Braunschweig	2021-10-10
PRJNA231221	SRR16263438	SAMN20888902	PRJNA231221	Unknown	Germany: Braunschweig	2021-10-10
PRJNA231221	SRR2812204	SAMN03996264	PRJNA231221	2013-10-21	USA:DC	2015-10-27
PRJNA231221	SRR2812567	SAMN03996263	PRJNA231221	2013-09-08	USA:DC	2015-10-27
PRJNA231221	SRR2814184	SAMN03996266	PRJNA231221	2013-11-03	USA:DC	2015-10-27
PRJNA231221	SRR2814262	SAMN03996259	PRJNA231221	1994	USA:VA	2015-10-27
PRJNA231221	SRR2814420	SAMN03996249	PRJNA231221	1948	USA	2015-10-27
PRJNA231221	SRR2814421	SAMN03996249	PRJNA231221	1948	USA	2015-10-27
PRJNA231221	SRR2814422	SAMN03996249	PRJNA231221	1948	USA	2015-10-27
PRJNA231221	SRR2814469	SAMN03996336	PRJNA231221	Missing	USA	2015-10-27
PRJNA231221	SRR2814470	SAMN03996336	PRJNA231221	Missing	USA	2015-10-27
PRJNA231221	SRR2814770	SAMN03996337	PRJNA231221	Missing	USA:Fl	2015-10-27
PRJNA231221	SRR2814771	SAMN03996337	PRJNA231221	Missing	USA:Fl	2015-10-27
PRJNA231221	SRR2814777	SAMN03996338	PRJNA231221	Missing	Japan	2015-10-27
PRJNA231221	SRR2814778	SAMN03996338	PRJNA231221	Missing	Japan	2015-10-27
PRJNA231221	SRR2814824	SAMN03996257	PRJNA231221	1991	USA: HI	2015-10-27
PRJNA231221	SRR2814826	SAMN03996257	PRJNA231221	1991	USA: HI	2015-10-27
PRJNA231221	SRR2815085	SAMN03996252	PRJNA231221	1963	India: Calcutta	2015-10-27
PRJNA231221	SRR5413247	SAMN06173305	PRJNA231221	2014-02-11	USA:DC	2017-04-05
PRJNA231221	SRR5413248	SAMN06173305	PRJNA231221	2014-02-11	USA:DC	2017-04-05
PRJNA231221	SRR5413252	SAMN06173306	PRJNA231221	2014-02-26	USA:DC	2017-04-05
PRJNA231221	SRR5413253	SAMN06173306	PRJNA231221	2014-02-26	USA:DC	2017-04-05
PRJNA231221	SRR5413255	SAMN06173307	PRJNA231221	Missing	USA:DC	2017-04-05
PRJNA231221	SRR5413257	SAMN06173313	PRJNA231221	1994	USA:VA	2017-04-05
PRJNA231221	SRR5413270	SAMN06173318	PRJNA231221	1990-07	USA: WI	2017-04-05
PRJNA231221	SRR5413271	SAMN06173318	PRJNA231221	1990-07	USA: WI	2017-04-05
PRJNA231221	SRR5413275	SAMN06173319	PRJNA231221	1921	USA: SC	2017-04-05
PRJNA231221	SRR5413276	SAMN06173320	PRJNA231221	1979	USA:VA	2017-04-05
PRJNA231221	SRR5413278	SAMN06173320	PRJNA231221	1979	USA:VA	2017-04-05
PRJNA231221	SRR5413295	SAMN06173323	PRJNA231221	1925-03	France	2017-04-05
PRJNA231221	SRR5417086	SAMN06173325	PRJNA231221	2011	USA:MD	2017-04-06
PRJNA231221	SRR5417091	SAMN06173329	PRJNA231221	2011	USA:NM	2017-04-06
PRJNA231221	SRR5417092	SAMN06173329	PRJNA231221	2011	USA:NM	2017-04-06
PRJNA231221	SRR5417093	SAMN06173330	PRJNA231221	2012		2017-04-06
PRJNA231221	SRR5417096	SAMN06173334	PRJNA231221	2012		2017-04-06
PRJNA231221	SRR5417097	SAMN06173334	PRJNA231221	2012		2017-04-06
PRJNA231221	SRR5419637	SAMN06173335	PRJNA231221	2014-12-21	USA:DC	2017-04-06
PRJNA231221	SRR5419638	SAMN06173335	PRJNA231221	2014-12-21	USA:DC	2017-04-06
PRJNA231221	SRR5419831	SAMN06173339	PRJNA231221	2015-01-11	USA:DC	2017-04-06
PRJNA231221	SRR5419833	SAMN06173340	PRJNA231221	2015-01-11	USA:DC	2017-04-06
PRJNA231221	SRR5419835	SAMN06173341	PRJNA231221	2015-01-13	USA:DC	2017-04-06
PRJNA231221	SRR5419838	SAMN06173343	PRJNA231221	2015-01-24	USA:DC	2017-04-06
PRJNA231221	SRR5419934	SAMN06173344	PRJNA231221	2015-02-05	USA:DC	2017-04-06
PRJNA231221	SRR5419950	SAMN06173349	PRJNA231221	2015-02-25	USA:DC	2017-04-06
PRJNA231221	SRR5427930	SAMN06173361	PRJNA231221	2009	USA: Georgia	2017-04-07
PRJNA231221	SRR5427932	SAMN06173352	PRJNA231221	2015-03-06	USA:DC	2017-04-07
PRJNA231221	SRR5427933	SAMN06173352	PRJNA231221	2015-03-06	USA:DC	2017-04-07
PRJNA231221	SRR5427942	SAMN06173364	PRJNA231221	Missing	Missing	2017-04-07
PRJNA231221	SRR5427948	SAMN06173365	PRJNA231221	1909	Brazil	2017-04-07
PRJNA231221	SRR11453059	SAMN14214627	PRJNA231221	missing	missing	2020-04-14
PRJNA231221	SRR11453068	SAMN14214632	PRJNA231221	missing	missing	2020-04-14
PRJNA231221	SRR11471913	SAMN14214648	PRJNA231221	missing	missing	2020-04-14
PRJNA231221	SRR11471922	SAMN14214649	PRJNA231221	missing	missing	2020-04-14
PRJNA231221	SRR11471923	SAMN14214650	PRJNA231221	missing	missing	2020-04-14
PRJNA231221	SRR11471924	SAMN14214650	PRJNA231221	missing	missing	2020-04-14
PRJNA231221	SRR11471928	SAMN14214653	PRJNA231221	missing	missing	2020-04-14
PRJNA231221	SRR11471930	SAMN14214654	PRJNA231221	missing	missing	2020-04-14
PRJNA231221	SRR13668103	SAMN16357466	PRJNA231221	Unknown	USA:WA	2021-02-10
PRJNA231221	SRR13668104	SAMN16357466	PRJNA231221	Unknown	USA:WA	2021-02-10
PRJNA231221	SRR13668387	SAMN16357467	PRJNA231221	Unknown	USA:WA	2021-02-10
PRJNA231221	SRR13668388	SAMN16357467	PRJNA231221	Unknown	USA:WA	2021-02-10
PRJNA231221	SRR13668389	SAMN16357468	PRJNA231221	Unknown	USA:WA	2021-02-10
PRJNA231221	SRR13668408	SAMN16357469	PRJNA231221	Unknown	USA:WA	2021-02-10
PRJNA231221	SRR13668412	SAMN16357470	PRJNA231221	Unknown	USA:WA	2021-02-10
PRJNA231221	SRR13668437	SAMN16357473	PRJNA231221	Unknown	USA:WA	2021-02-10
PRJNA231221	SRR13668438	SAMN16357472	PRJNA231221	Unknown	USA:WA	2021-02-10
PRJNA231221	SRR13669038	SAMN16357474	PRJNA231221	Unknown	USA:WA	2021-02-10
PRJNA231221	SRR13669072	SAMN16357475	PRJNA231221	Unknown	USA:WA	2021-02-10
PRJNA231221	SRR13669074	SAMN16357476	PRJNA231221	Unknown	USA:WA	2021-02-10
PRJNA231221	SRR13669077	SAMN16357477	PRJNA231221	Unknown	USA:WA	2021-02-10
PRJNA231221	SRR13670000	SAMN16357418	PRJNA231221	Unknown	USA:WA	2021-02-10
PRJNA231221	SRR13670001	SAMN16357418	PRJNA231221	Unknown	USA:WA	2021-02-10
PRJNA231221	SRR13670064	SAMN16357419	PRJNA231221	Unknown	USA:WA	2021-02-10
PRJNA231221	SRR13670131	SAMN16357421	PRJNA231221	Unknown	USA:WA	2021-02-10
PRJNA231221	SRR13670661	SAMN16357512	PRJNA231221	Unknown	USA:WA	2021-02-10
PRJNA231221	SRR13670813	SAMN16357515	PRJNA231221	Unknown	USA:WA	2021-02-10
PRJNA231221	SRR13672847	SAMN16357425	PRJNA231221	Unknown	USA:WA	2021-02-10
PRJNA231221	SRR13672859	SAMN16357427	PRJNA231221	Unknown	USA:WA	2021-02-10
PRJNA231221	SRR13672887	SAMN16357428	PRJNA231221	Unknown	USA:WA	2021-02-10
PRJNA231221	SRR13673605	SAMN16357430	PRJNA231221	Unknown	USA:WA	2021-02-10
PRJNA231221	SRR13673680	SAMN16357431	PRJNA231221	Unknown	USA:WA	2021-02-10
PRJNA231221	SRR13673738	SAMN16357432	PRJNA231221	Unknown	USA:WA	2021-02-10
PRJNA231221	SRR13673744	SAMN16357433	PRJNA231221	Unknown	USA:WA	2021-02-10
PRJNA231221	SRR13673796	SAMN16357435	PRJNA231221	Unknown	USA:WA	2021-02-10
PRJNA231221	SRR13673797	SAMN16357435	PRJNA231221	Unknown	USA:WA	2021-02-10
PRJNA231221	SRR13673799	SAMN16357436	PRJNA231221	Unknown	USA:WA	2021-02-10
PRJNA231221	SRR13673800	SAMN16357437	PRJNA231221	Unknown	USA:WA	2021-02-10
PRJNA231221	SRR13673803	SAMN16357438	PRJNA231221	Unknown	USA:WA	2021-02-10
PRJNA231221	SRR13673805	SAMN16357439	PRJNA231221	Unknown	USA:WA	2021-02-10
PRJNA231221	SRR13673807	SAMN16357440	PRJNA231221	Unknown	USA:WA	2021-02-10
PRJNA231221	SRR13673892	SAMN16357442	PRJNA231221	Unknown	USA:WA	2021-02-10
PRJNA231221	SRR13673895	SAMN16357444	PRJNA231221	Unknown	USA:WA	2021-02-10
PRJNA231221	SRR13673896	SAMN16357444	PRJNA231221	Unknown	USA:WA	2021-02-10
PRJNA231221	SRR13673897	SAMN16357445	PRJNA231221	Unknown	USA:WA	2021-02-10
PRJNA231221	SRR13673898	SAMN16357445	PRJNA231221	Unknown	USA:WA	2021-02-10
PRJNA231221	SRR13673900	SAMN16357446	PRJNA231221	Unknown	USA:WA	2021-02-10
PRJNA231221	SRR13673970	SAMN16357447	PRJNA231221	Unknown	USA:WA	2021-02-10
PRJNA231221	SRR13673971	SAMN16357447	PRJNA231221	Unknown	USA:WA	2021-02-10
PRJNA231221	SRR13673973	SAMN16357448	PRJNA231221	Unknown	USA:WA	2021-02-10
PRJNA231221	SRR13673978	SAMN16357451	PRJNA231221	Unknown	USA:WA	2021-02-10
PRJNA231221	SRR13674001	SAMN16357452	PRJNA231221	Unknown	USA:WA	2021-02-10
PRJNA231221	SRR13674002	SAMN16357453	PRJNA231221	Unknown	USA:WA	2021-02-10
PRJNA231221	SRR13674004	SAMN16357454	PRJNA231221	Unknown	USA:WA	2021-02-10
PRJNA231221	SRR13674006	SAMN16357454	PRJNA231221	Unknown	USA:WA	2021-02-10
PRJNA231221	SRR13674007	SAMN16357455	PRJNA231221	Unknown	USA:WA	2021-02-10
PRJNA231221	SRR13674020	SAMN16357456	PRJNA231221	Unknown	USA:WA	2021-02-11
PRJNA231221	SRR13674021	SAMN16357456	PRJNA231221	Unknown	USA:WA	2021-02-11
PRJNA231221	SRR13674216	SAMN16357458	PRJNA231221	Unknown	USA:WA	2021-02-11
PRJNA231221	SRR13674228	SAMN16357459	PRJNA231221	Unknown	USA:WA	2021-02-11
PRJNA231221	SRR13674234	SAMN16357462	PRJNA231221	Unknown	USA:WA	2021-02-11
PRJNA231221	SRR13674235	SAMN16357462	PRJNA231221	Unknown	USA:WA	2021-02-11
PRJNA231221	SRR13674236	SAMN16357463	PRJNA231221	Unknown	USA:WA	2021-02-11
PRJNA231221	SRR13674237	SAMN16357463	PRJNA231221	Unknown	USA:WA	2021-02-11
PRJNA231221	SRR13674405	SAMN16357465	PRJNA231221	Unknown	USA:WA	2021-02-11
PRJNA231221	SRR13674407	SAMN16357481	PRJNA231221	Unknown	USA:MD	2021-03-01
PRJNA231221	SRR13674408	SAMN16357481	PRJNA231221	Unknown	USA:MD	2021-02-11
PRJNA231221	SRR13674409	SAMN16357482	PRJNA231221	Unknown	USA:MD	2021-02-11
PRJNA231221	SRR13674414	SAMN16357487	PRJNA231221	Unknown	USA:MD	2021-02-11
PRJNA231221	SRR13674416	SAMN16357488	PRJNA231221	Unknown	USA:MD	2021-02-11
PRJNA231221	SRR13674418	SAMN16357489	PRJNA231221	Unknown	USA:MD	2021-02-11
PRJNA231221	SRR13674421	SAMN16357491	PRJNA231221	Unknown	USA:MD	2021-02-11
PRJNA231221	SRR13674423	SAMN16357492	PRJNA231221	Unknown	USA:MD	2021-02-11
PRJNA231221	SRR13674424	SAMN16357492	PRJNA231221	Unknown	USA:MD	2021-02-11
PRJNA231221	SRR13674434	SAMN16357496	PRJNA231221	Unknown	USA:MD	2021-02-11
PRJNA231221	SRR13674435	SAMN16357496	PRJNA231221	Unknown	USA:MD	2021-02-11
PRJNA231221	SRR13674442	SAMN16357500	PRJNA231221	Unknown	USA:MD	2021-02-11
PRJNA231221	SRR13674447	SAMN16357502	PRJNA231221	Unknown	USA:MD	2021-02-11
PRJNA231221	SRR13674450	SAMN16357494	PRJNA231221	Unknown	USA:MD	2021-02-11
PRJNA231221	SRR13674452	SAMN16357505	PRJNA231221	Unknown	USA:MD	2021-02-11
PRJNA231221	SRR13674453	SAMN16357505	PRJNA231221	Unknown	USA:MD	2021-02-11
PRJNA231221	SRR13674456	SAMN16357507	PRJNA231221	Unknown	USA:MD	2021-02-11
PRJNA231221	SRR13674457	SAMN16357507	PRJNA231221	Unknown	USA:MD	2021-02-11
PRJNA231221	SRR13674459	SAMN16357508	PRJNA231221	Unknown	USA:MD	2021-02-11
PRJNA231221	SRR13674460	SAMN16357509	PRJNA231221	Unknown	USA:MD	2021-02-11
PRJNA231221	SRR13674465	SAMN16357511	PRJNA231221	Unknown	USA:MD	2021-02-13
PRJNA231221	SRR17115512	SAMN22091636	PRJNA231221	Unknown	Germany: Braunschweig	2021-12-04
PRJNA231221	SRR17115513	SAMN22091636	PRJNA231221	Unknown	Germany: Braunschweig	2021-12-04
PRJNA231221	SRR17115544	SAMN22365118	PRJNA231221	Unknown	Germany: Braunschweig	2021-12-04
PRJNA231221	SRR17115547	SAMN22091641	PRJNA231221	Unknown	Germany: Braunschweig	2021-12-04
PRJNA231221	SRR17115548	SAMN22091642	PRJNA231221	Unknown	Germany: Braunschweig	2021-12-04
PRJNA231221	SRR17115549	SAMN22091642	PRJNA231221	Unknown	Germany: Braunschweig	2021-12-04
PRJNA231221	SRR17115551	SAMN22365119	PRJNA231221	Unknown	Germany: Braunschweig	2021-12-04
PRJNA231221	SRR17115552	SAMN22091643	PRJNA231221	Unknown	Germany: Braunschweig	2021-12-04
PRJNA231221	SRR17115570	SAMN22091644	PRJNA231221	Unknown	Germany: Braunschweig	2021-12-04
PRJNA231221	SRR17117117	SAMN22365120	PRJNA231221		Germany: Braunschweig	2021-12-04
PRJNA231221	SRR17117119	SAMN22091645	PRJNA231221	Unknown	Germany: Braunschweig	2021-12-04
PRJNA231221	SRR17117120	SAMN22091645	PRJNA231221	Unknown	Germany: Braunschweig	2021-12-04
PRJNA231221	SRR17117123	SAMN22091647	PRJNA231221	Unknown	Germany: Braunschweig	2021-12-04
PRJNA231221	SRR17117157	SAMN22091648	PRJNA231221	Unknown	Germany: Braunschweig	2021-12-04
PRJNA231221	SRR17117161	SAMN22091650	PRJNA231221	Unknown	Germany: Braunschweig	2021-12-04
PRJNA231221	SRR17117163	SAMN22091651	PRJNA231221		Germany: Braunschweig	2021-12-04
PRJNA231221	SRR17117174	SAMN22365121	PRJNA231221	Unknown	Germany: Braunschweig	2021-12-04
PRJNA231221	SRR17117175	SAMN22091652	PRJNA231221	Unknown	Germany: Braunschweig	2021-12-04
PRJNA231221	SRR17117180	SAMN22365122	PRJNA231221		Germany: Braunschweig	2021-12-04
PRJNA231221	SRR17117181	SAMN22091654	PRJNA231221	Unknown	Germany: Braunschweig	2021-12-04
PRJNA231221	SRR17117368	SAMN22091655	PRJNA231221	Unknown	Germany: Braunschweig	2021-12-04
PRJNA231221	SRR17117377	SAMN22091658	PRJNA231221	Unknown	Germany: Braunschweig	2021-12-04
PRJNA231221	SRR17117378	SAMN22091658	PRJNA231221	Unknown	Germany: Braunschweig	2021-12-04
PRJNA231221	SRR17117379	SAMN22091659	PRJNA231221	Unknown	Germany: Braunschweig	2021-12-04
PRJNA231221	SRR17117383	SAMN22091661	PRJNA231221	Unknown	Germany: Braunschweig	2021-12-04
PRJNA231221	SRR17117387	SAMN22365125	PRJNA231221	Unknown	Germany: Braunschweig	2021-12-04
PRJNA231221	SRR17117506	SAMN22365126	PRJNA231221	Unknown	Germany: Braunschweig	2021-12-04
PRJNA231221	SRR17118594	SAMN22365127	PRJNA231221	Unknown	Germany: Braunschweig	2021-12-04
PRJNA231221	SRR17118595	SAMN22365127	PRJNA231221	Unknown	Germany: Braunschweig	2021-12-04
PRJNA231221	SRR17118603	SAMN22365128	PRJNA231221	Unknown	Germany: Braunschweig	2021-12-04
PRJNA231221	SRR17119696	SAMN22365134	PRJNA231221		Germany: Braunschweig	2021-12-04
PRJNA231221	SRR17119697	SAMN22365134	PRJNA231221		Germany: Braunschweig	2021-12-04
PRJNA231221	SRR17119756	SAMN22365135	PRJNA231221		Germany: Braunschweig	2021-12-04
PRJNA231221	SRR17119757	SAMN22365135	PRJNA231221		Germany: Braunschweig	2021-12-04
PRJNA231221	SRR17120076	SAMN23242877	PRJNA231221		Germany: Braunschweig	2021-12-04
PRJNA231221	SRR17120923	SAMN23242879	PRJNA231221		Germany: Braunschweig	2021-12-04
PRJNA231221	SRR17122011	SAMN23242881	PRJNA231221	Unknown	Germany: Braunschweig	2021-12-04
PRJNA231221	SRR17124530	SAMN23242883	PRJNA231221	Unknown	Germany: Braunschweig	2021-12-04
PRJNA231221	SRR17124558	SAMN23242884	PRJNA231221	Unknown	Germany: Braunschweig	2021-12-04
PRJNA231221	SRR17125534	SAMN23242885	PRJNA231221	Unknown	Germany: Braunschweig	2021-12-04
PRJNA231221	SRR17125536	SAMN23242886	PRJNA231221	Unknown	Germany: Braunschweig	2021-12-04
PRJNA231221	SRR17125747	SAMN23242888	PRJNA231221	Unknown	Germany: Braunschweig	2021-12-05
PRJNA231221	SRR17126306	SAMN23242891	PRJNA231221	Unknown	Germany: Braunschweig	2021-12-05
PRJNA231221	SRR17126308	SAMN23242892	PRJNA231221	Unknown	Germany: Braunschweig	2021-12-05
PRJNA231221	SRR17126341	SAMN22091667	PRJNA231221	Unknown	USA: Silver Spring	2021-12-05
PRJNA231221	SRR17126945	SAMN22091668	PRJNA231221	Unknown	USA: Silver Spring	2021-12-05
PRJNA231221	SRR17126948	SAMN22091669	PRJNA231221	Unknown	USA: Silver Spring	2021-12-05
PRJNA231221	SRR17126949	SAMN22091670	PRJNA231221	Unknown	USA: Silver Spring	2021-12-05
PRJNA231221	SRR17126950	SAMN22091670	PRJNA231221	Unknown	USA: Silver Spring	2021-12-05
PRJNA231221	SRR17126951	SAMN22091671	PRJNA231221	Unknown	USA: Silver Spring	2021-12-05
PRJNA231221	SRR17126969	SAMN22091672	PRJNA231221		USA: Silver Spring	2021-12-06
PRJNA231221	SRR17127861	SAMN22091679	PRJNA231221	Unknown	USA: Silver Spring	2021-12-05
PRJNA231221	SRR17127863	SAMN22091680	PRJNA231221	Unknown	USA: Silver Spring	2021-12-05
PRJNA231221	SRR17127866	SAMN22091682	PRJNA231221	Unknown	USA: Silver Spring	2021-12-05
PRJNA231221	SRR17127867	SAMN22091682	PRJNA231221	Unknown	USA: Silver Spring	2021-12-05
PRJNA231221	SRR17128605	SAMN22091683	PRJNA231221	Unknown	USA: Silver Spring	2021-12-05
PRJNA231221	SRR17128607	SAMN22091684	PRJNA231221	Unknown	USA: Silver Spring	2021-12-05
PRJNA231221	SRR17128608	SAMN22091685	PRJNA231221	Unknown	USA: Silver Spring	2021-12-05
PRJNA231221	SRR17128609	SAMN22091685	PRJNA231221	Unknown	USA: Silver Spring	2021-12-05
PRJNA231221	SRR17133867	SAMN22091673	PRJNA231221	Unknown	USA: Silver Spring	2021-12-06
PRJNA231221	SRR17133870	SAMN22091675	PRJNA231221	Unknown	USA: Silver Spring	2021-12-06
PRJNA231221	SRR17133872	SAMN22091676	PRJNA231221	Unknown	USA: Silver Spring	2021-12-06
PRJNA231221	SRR17133873	SAMN22091676	PRJNA231221	Unknown	USA: Silver Spring	2021-12-06
PRJNA231221	SRR17133874	SAMN22091677	PRJNA231221	Unknown	USA: Silver Spring	2021-12-06
PRJNA231221	SRR17261984	SAMN16357617	PRJNA231221	missing	missing	2021-12-18
PRJNA231221	SRR17261991	SAMN16357620	PRJNA231221	missing	missing	2021-12-18
PRJNA231221	SRR17261992	SAMN24061101	PRJNA231221	2018	USA	2021-12-18
PRJNA231221	SRR17261993	SAMN24061074	PRJNA231221	2014	USA	2021-12-18
PRJNA231221	SRR17261995	SAMN24061076	PRJNA231221	2014	USA	2021-12-18
PRJNA231221	SRR17261997	SAMN24061078	PRJNA231221	2014	USA	2021-12-18
PRJNA231221	SRR17262061	SAMN24061082	PRJNA231221	2014	USA	2021-12-18
PRJNA231221	SRR17262062	SAMN24061083	PRJNA231221	2015	USA	2021-12-18
PRJNA231221	SRR17262069	SAMN24061090	PRJNA231221	2017	USA	2021-12-18
PRJNA231221	SRR17262070	SAMN24061091	PRJNA231221	2017	USA	2021-12-18
PRJNA231221	SRR17262072	SAMN24061093	PRJNA231221	2018	USA	2021-12-18
PRJNA231221	SRR17262074	SAMN24061095	PRJNA231221	2018	USA	2021-12-18
PRJNA231221	SRR17262077	SAMN24061098	PRJNA231221	2018	USA	2021-12-18
PRJNA231221	SRR17262085	SAMN16357608	PRJNA231221	missing	missing	2021-12-18
PRJNA231221	SRR17262089	SAMN16357611	PRJNA231221	missing	missing	2021-12-18
PRJNA231221	SRR17262091	SAMN16357614	PRJNA231221	missing	missing	2021-12-18
PRJNA231221	SRR17429249	SAMN16357623	PRJNA231221	missing	missing	2022-01-06
PRJNA231221	SRR17429251	SAMN16357624	PRJNA231221	missing	missing	2022-01-06
PRJNA231221	SRR17429252	SAMN16357624	PRJNA231221	missing	missing	2022-01-06
PRJNA231221	SRR17429254	SAMN16357625	PRJNA231221	missing	missing	2022-01-06
PRJNA231221	SRR17429255	SAMN16357625	PRJNA231221	missing	missing	2022-01-06
PRJNA231221	SRR17429256	SAMN16357625	PRJNA231221	missing	missing	2022-01-06
PRJNA231221	SRR17429258	SAMN16357626	PRJNA231221	missing	missing	2022-01-06
PRJNA231221	SRR17429259	SAMN16357626	PRJNA231221	missing	missing	2022-01-06
PRJNA231221	SRR17429261	SAMN16357627	PRJNA231221	missing	missing	2022-01-06
PRJNA231221	SRR17429266	SAMN16357631	PRJNA231221	missing	missing	2022-01-06
PRJNA231221	SRR17429274	SAMN16357633	PRJNA231221	missing	missing	2022-01-06
PRJNA231221	SRR17429277	SAMN16357612	PRJNA231221	missing	missing	2022-01-06
PRJNA231221	SRR17429278	SAMN16357612	PRJNA231221	missing	missing	2022-01-06
PRJNA231221	SRR17429282	SAMN16357630	PRJNA231221	missing	missing	2022-01-06
PRJNA231221	SRR1784833	SAMN03255431	PRJNA231221	1998	USA: WA	2015-05-14
PRJNA231221	SRR1784834	SAMN03255431	PRJNA231221	1998	USA: WA	2015-05-14
PRJNA231221	SRR1784835	SAMN03255431	PRJNA231221	1998	USA: WA	2015-05-14
PRJNA231221	SRR1949977	SAMN03255432	PRJNA231221	1998	USA: LA	2015-05-14
PRJNA231221	SRR1949978	SAMN03255432	PRJNA231221	1998	USA: LA	2015-05-14
PRJNA231221	SRR1950240	SAMN03255433	PRJNA231221	2004	USA: AK	2015-05-14
PRJNA231221	SRR1950247	SAMN03255434	PRJNA231221		Brazil	2015-05-14
PRJNA231221	SRR1950252	SAMN03255435	PRJNA231221			2015-05-14
PRJNA231221	SRR1950253	SAMN03255435	PRJNA231221			2015-05-14
PRJNA231221	SRR1950299	SAMN03255436	PRJNA231221	Missing	USA:CA	2015-04-03
PRJNA231221	SRR1950323	SAMN03255437	PRJNA231221	2002-07-16	USA: NY	2015-04-03
PRJNA231221	SRR1950326	SAMN03255438	PRJNA231221	2013	USA: MN	2015-04-03
PRJNA231221	SRR1950331	SAMN03255439	PRJNA231221	Missing	Missing	2015-04-03
PRJNA231221	SRR1955492	SAMN03255441	PRJNA231221	1996	Portugal:Lisbon	2015-04-09
PRJNA231221	SRR1955494	SAMN03255441	PRJNA231221	1996	Portugal:Lisbon	2015-04-09
PRJNA231221	SRR1955497	SAMN03255442	PRJNA231221	1998	United Kingdom	2015-04-09
PRJNA231221	SRR1955500	SAMN03255443	PRJNA231221	1981	USA:NY	2015-05-14
PRJNA231221	SRR1955581	SAMN03255444	PRJNA231221	2002	USA:Texas	2015-05-14
PRJNA231221	SRR1955582	SAMN03255444	PRJNA231221	2002	USA:Texas	2015-04-09
PRJNA231221	SRR1955583	SAMN03255444	PRJNA231221	2002	USA:Texas	2015-04-09
PRJNA231221	SRR1955585	SAMN03255445	PRJNA231221	Missing	Missing	2015-04-09
PRJNA231221	SRR1955589	SAMN03255446	PRJNA231221	Missing	Missing	2015-04-09
PRJNA231221	SRR1955590	SAMN03255446	PRJNA231221	Missing	Missing	2015-05-14
PRJNA231221	SRR1955591	SAMN03255447	PRJNA231221	1999	France	2015-04-09
PRJNA231221	SRR1955594	SAMN03255448	PRJNA231221	1982	Japan	2015-04-09
PRJNA231221	SRR1955597	SAMN03255449	PRJNA231221	1996	French Guiana	2015-04-09
PRJNA231221	SRR1955608	SAMN03255451	PRJNA231221	Missing	Missing	2015-04-09
PRJNA231221	SRR1955614	SAMN03255453	PRJNA231221	1971	Missing	2015-04-09
PRJNA231221	SRR1955615	SAMN03255454	PRJNA231221	Missing	Missing	2015-04-09
PRJNA231221	SRR1955616	SAMN03255454	PRJNA231221	Missing	Missing	2015-05-14
PRJNA231221	SRR1955617	SAMN03255455	PRJNA231221	Missing	Missing	2015-04-09
PRJNA231221	SRR1955621	SAMN03255457	PRJNA231221	Missing	Missing	2015-04-09
PRJNA231221	SRR1955622	SAMN03255457	PRJNA231221	Missing	Missing	2015-04-09
PRJNA231221	SRR1955625	SAMN03255458	PRJNA231221	Missing	Missing	2015-04-09
PRJNA231221	SRR1955627	SAMN03255459	PRJNA231221	Missing	Missing	2015-05-14
PRJNA231221	SRR1955628	SAMN03255460	PRJNA231221	Missing	Missing	2015-05-14
PRJNA231221	SRR1955629	SAMN03255460	PRJNA231221	Missing	Missing	2015-04-09
PRJNA231221	SRR1955806	SAMN03255461	PRJNA231221	Missing	USA:Tennessee	2015-04-09
PRJNA231221	SRR1955819	SAMN03255464	PRJNA231221	1996	Japan	2015-05-14
PRJNA231221	SRR1955820	SAMN03255464	PRJNA231221	1996	Japan	2015-05-14
PRJNA231221	SRR1955833	SAMN03255469	PRJNA231221	Missing	Missing	2015-04-09
PRJNA231221	SRR1955845	SAMN03255470	PRJNA231221	Missing	Missing	2015-04-09
PRJNA231221	SRR1955846	SAMN03255470	PRJNA231221	Missing	Missing	2015-04-09
PRJNA231221	SRR1955856	SAMN03255474	PRJNA231221	2001	USA:Massachusetts	2015-05-14
PRJNA231221	SRR1955860	SAMN03255475	PRJNA231221	Missing	France	2015-04-09
PRJNA231221	SRR1955864	SAMN03255477	PRJNA231221	2004	USA:New York	2015-05-14
PRJNA231221	SRR1955866	SAMN03255478	PRJNA231221	Missing	France	2015-05-14
PRJNA231221	SRR1955870	SAMN03255480	PRJNA231221	2002	USA:Michigan	2015-04-09
PRJNA231221	SRR1955876	SAMN03255483	PRJNA231221	Missing	Missing	2015-04-09
PRJNA231221	SRR1955877	SAMN03255483	PRJNA231221	Missing	Missing	2015-04-09
PRJNA231221	SRR1955878	SAMN03255484	PRJNA231221	2002	Denmark	2015-04-09
PRJNA231221	SRR1955926	SAMN03255488	PRJNA231221	1996	USA:New York	2015-04-09
PRJNA231221	SRR2019274	SAMN03611816	PRJNA231221	2014-03-20	Guinea: Gueckedou	2015-05-14
PRJNA231221	SRR2019527	SAMN03611818	PRJNA231221	2014-03-17	Guinea: Kissidougou	2015-05-15
PRJNA231221	SRR2019531	SAMN03611819	PRJNA231221	2014-03-17	Guinea: Kissidougou	2015-05-14
PRJNA231221	SRR2817106	SAMN03996322	PRJNA231221	Missing	Jordan:Amman	2015-10-27
PRJNA231221	SRR2817445	SAMN03996323	PRJNA231221	Missing	Bahamas	2015-10-27
PRJNA231221	SRR2817447	SAMN03996323	PRJNA231221	Missing	Bahamas	2015-10-27
PRJNA231221	SRR2817449	SAMN03996324	PRJNA231221	Missing	Puerto Rico	2015-10-27
PRJNA231221	SRR2817473	SAMN03996326	PRJNA231221	Missing	USA:FL	2015-10-27
PRJNA231221	SRR2817812	SAMN03996327	PRJNA231221	Missing	USA:MD	2015-10-27
PRJNA231221	SRR2818033	SAMN03996328	PRJNA231221	Missing	USA:LA	2015-10-27
PRJNA231221	SRR2818034	SAMN03996328	PRJNA231221	Missing	USA:LA	2015-10-27
PRJNA231221	SRR2818085	SAMN03996329	PRJNA231221	Missing	USA: TN	2015-10-27
PRJNA231221	SRR2818086	SAMN03996329	PRJNA231221	Missing	USA: TN	2015-10-27
PRJNA231221	SRR2818091	SAMN03996330	PRJNA231221	Missing	United Kingdom	2015-10-27
PRJNA231221	SRR2818093	SAMN03996250	PRJNA231221	1951	Japan	2015-10-27
PRJNA231221	SRR2818094	SAMN03996250	PRJNA231221	1951	Japan	2015-10-27
PRJNA231221	SRR2818096	SAMN03996331	PRJNA231221	Missing	USA: FL	2015-10-27
PRJNA231221	SRR2818098	SAMN03996332	PRJNA231221	Missing	Missing	2015-10-27
PRJNA231221	SRR2818100	SAMN03996332	PRJNA231221	Missing	Missing	2015-10-27
PRJNA231221	SRR2818125	SAMN03996333	PRJNA231221	Missing	USA	2015-10-27
PRJNA231221	SRR2818127	SAMN03996334	PRJNA231221	Missing	USA	2015-10-27
PRJNA231221	SRR2818129	SAMN03996334	PRJNA231221	Missing	USA	2015-10-27
PRJNA231221	SRR2818403	SAMN03996267	PRJNA231221	2013-11-24	USA: DC	2015-10-27
PRJNA231221	SRR2818792	SAMN03996265	PRJNA231221	2013-10-24	USA:DC	2015-10-27
PRJNA231221	SRR2819094	SAMN03996269	PRJNA231221	2013-12-05	USA:DC	2015-10-27
PRJNA231221	SRR2819198	SAMN03996271	PRJNA231221	2013-12-06	USA:DC	2015-10-27
PRJNA231221	SRR2819199	SAMN03996271	PRJNA231221	2013-12-06	USA:DC	2015-10-27
PRJNA231221	SRR2819200	SAMN03996271	PRJNA231221	2013-12-06	USA:DC	2015-10-27
PRJNA231221	SRR2819264	SAMN03996272	PRJNA231221	2013-12-06	USA:DC	2015-10-27
PRJNA231221	SRR2819357	SAMN03996268	PRJNA231221	2013-11-30	USA: DC	2015-10-27
PRJNA231221	SRR2819358	SAMN03996268	PRJNA231221	2013-11-30	USA: DC	2015-10-27
PRJNA231221	SRR2819361	SAMN03996274	PRJNA231221	2014-01-06	USA: DC	2015-10-27
PRJNA231221	SRR2819362	SAMN03996318	PRJNA231221	2014-12-26	USA:DC	2015-10-27
PRJNA231221	SRR2819363	SAMN03996318	PRJNA231221	2014-12-26	USA:DC	2015-10-27
PRJNA231221	SRR2819637	SAMN03996273	PRJNA231221	2014-01-04	USA: DC	2015-10-27
PRJNA231221	SRR2819690	SAMN03996275	PRJNA231221	2014-01-09	USA: DC	2015-10-28
PRJNA231221	SRR2819877	SAMN03996278	PRJNA231221	2014-01-23	USA:DC	2015-10-27
PRJNA231221	SRR2819878	SAMN03996278	PRJNA231221	2014-01-23	USA:DC	2015-10-27
PRJNA231221	SRR2820038	SAMN03996279	PRJNA231221	2014-01-30	USA: DC	2015-10-28
PRJNA231221	SRR2820143	SAMN03996281	PRJNA231221	2014-02-05	USA:DC	2015-10-28
PRJNA231221	SRR2820144	SAMN03996281	PRJNA231221	2014-02-05	USA:DC	2015-10-28
PRJNA231221	SRR2820294	SAMN03996280	PRJNA231221	2014-02-01	USA:DC	2015-10-28
PRJNA231221	SRR2820381	SAMN03996282	PRJNA231221	2014-02-20	USA: DC	2015-10-28
PRJNA231221	SRR2820382	SAMN03996282	PRJNA231221	2014-02-20	USA: DC	2015-10-28
PRJNA231221	SRR2820618	SAMN03996283	PRJNA231221	2014-02-25	USA:DC	2015-10-28
PRJNA231221	SRR2820619	SAMN03996283	PRJNA231221	2014-02-25	USA:DC	2015-10-28
PRJNA231221	SRR2820641	SAMN03996285	PRJNA231221	2014-03-04	USA:DC	2015-10-28
PRJNA231221	SRR2820644	SAMN03996286	PRJNA231221	2014-03-05	USA: DC	2015-10-28
PRJNA231221	SRR2820646	SAMN03996286	PRJNA231221	2014-03-05	USA: DC	2015-10-28
PRJNA231221	SRR2820649	SAMN03996284	PRJNA231221	2014-02-27	USA: DC	2015-10-28
PRJNA231221	SRR2820657	SAMN03996287	PRJNA231221	2014-03-12	USA:DC	2015-10-28
PRJNA231221	SRR2820658	SAMN03996288	PRJNA231221	2014-03-21	USA:DC	2015-10-28
PRJNA231221	SRR2820661	SAMN03996292	PRJNA231221	2014-04-01	USA:DC	2015-10-28
PRJNA231221	SRR2820667	SAMN03996290	PRJNA231221	2014-03-29	USA:DC	2015-10-28
PRJNA231221	SRR2820674	SAMN03996295	PRJNA231221	2014-04-09	USA:DC	2015-10-28
PRJNA231221	SRR2821366	SAMN03996294	PRJNA231221	2014-04-08	USA:DC	2015-10-28
PRJNA231221	SRR2821367	SAMN03996294	PRJNA231221	2014-04-08	USA:DC	2015-10-28
PRJNA231221	SRR2821368	SAMN03996294	PRJNA231221	2014-04-08	USA:DC	2015-10-28
PRJNA231221	SRR2821690	SAMN03996297	PRJNA231221	2014-04-23	USA: DC	2015-10-28
PRJNA231221	SRR2821691	SAMN03996297	PRJNA231221	2014-04-23	USA: DC	2015-10-28
PRJNA231221	SRR2821770	SAMN03996299	PRJNA231221	2014-04-26	USA:DC	2015-10-28
PRJNA231221	SRR2821771	SAMN03996300	PRJNA231221	2014-04-28	USA:DC	2015-10-28
PRJNA231221	SRR2821773	SAMN03996300	PRJNA231221	2014-04-28	USA:DC	2015-10-28
PRJNA231221	SRR2821775	SAMN03996301	PRJNA231221	2014-05-11	USA:DC	2015-10-28
PRJNA231221	SRR2822234	SAMN03996302	PRJNA231221	2014-05-12	USA: DC	2015-10-28
PRJNA231221	SRR2822310	SAMN03996303	PRJNA231221	2014-05-12	USA:DC	2015-10-28
PRJNA231221	SRR2822404	SAMN03996304	PRJNA231221	2014-05-15	USA:DC	2015-10-28
PRJNA231221	SRR2822442	SAMN03996307	PRJNA231221	2014-05-23	USA:DC	2015-10-28
PRJNA231221	SRR2822447	SAMN03996305	PRJNA231221	2014-05-20	USA:DC	2015-10-28
PRJNA231221	SRR2822449	SAMN03996308	PRJNA231221	2014-05-23	USA:DC	2015-10-28
PRJNA231221	SRR2822452	SAMN03996311	PRJNA231221	2014-06-01	USA: DC	2015-10-28
PRJNA231221	SRR2822460	SAMN03996309	PRJNA231221	2014-05-29	USA:DC	2015-10-28
PRJNA231221	SRR2822461	SAMN03996309	PRJNA231221	2014-05-29	USA:DC	2015-10-28
PRJNA231221	SRR2822464	SAMN03996310	PRJNA231221	2014-05-30	USA: DC	2015-10-28
PRJNA231221	SRR2822466	SAMN03996312	PRJNA231221	2014-06-06	USA:DC	2015-10-28
PRJNA231221	SRR2822468	SAMN03996312	PRJNA231221	2014-06-06	USA:DC	2015-10-28
PRJNA231221	SRR2823660	SAMN03996317	PRJNA231221	2014-06-26	USA:DC	2015-10-28
PRJNA231221	SRR2823661	SAMN03996317	PRJNA231221	2014-06-26	USA:DC	2015-10-28
PRJNA231221	SRR2823701	SAMN03996316	PRJNA231221	2014-06-25	USA:DC	2015-10-28
PRJNA231221	SRR2823705	SAMN03996314	PRJNA231221	2014-06-20	USA: DC	2015-10-29
PRJNA231221	SRR2823712	SAMN03996256	PRJNA231221	1990	USA: VA	2015-10-28
PRJNA231221	SRR2823718	SAMN03996258	PRJNA231221	1994	USA:VA	2015-10-28
PRJNA231221	SRR2823949	SAMN03996251	PRJNA231221	1952	USA: VA	2015-10-28
PRJNA231221	SRR2824044	SAMN03996260	PRJNA231221	1999	USA:VA	2015-10-28
PRJNA231221	SRR4123919	SAMN04875535	PRJNA231221	Missing	Sweden	2016-09-03
PRJNA231221	SRR4123928	SAMN04875536	PRJNA231221	Missing	USA:VA	2016-09-03
PRJNA231221	SRR4123929	SAMN04875536	PRJNA231221	Missing	USA:VA	2016-09-03
PRJNA231221	SRR4123931	SAMN04875542	PRJNA231221	Missing	USA:VA	2016-09-03
PRJNA231221	SRR4123936	SAMN04875569	PRJNA231221	2014-08-29	USA:DC	2016-09-03
PRJNA231221	SRR4123938	SAMN04875569	PRJNA231221	2014-08-29	USA:DC	2016-09-03
PRJNA231221	SRR4124884	SAMN04875574	PRJNA231221	2014-09-30	USA:DC	2016-09-03
PRJNA231221	SRR4124909	SAMN04875577	PRJNA231221	2014-10-27	USA:DC	2016-09-03
PRJNA231221	SRR4124910	SAMN04875578	PRJNA231221	2014-11-14	USA:DC	2016-09-03
PRJNA231221	SRR4124918	SAMN04875579	PRJNA231221	2014-10-24	USA:DC	2016-09-03
PRJNA231221	SRR4124963	SAMN04875581	PRJNA231221	2014-10-27	USA:DC	2016-09-03
PRJNA231221	SRR4124964	SAMN04875582	PRJNA231221	2014-08-17	USA:DC	2016-09-03
PRJNA231221	SRR4124989	SAMN04875587	PRJNA231221	2014-06-22	USA:DC	2016-09-03
PRJNA231221	SRR4125017	SAMN04875589	PRJNA231221	1977	USA:VA	2016-09-03
PRJNA231221	SRR4125028	SAMN04875591	PRJNA231221	Missing	USA:VA	2016-09-03
PRJNA231221	SRR4125065	SAMN04875592	PRJNA231221	Missing	USA:VA	2016-09-04
PRJNA231221	SRR4125182	SAMN04875593	PRJNA231221	Missing	USA:VA	2016-09-04
PRJNA231221	SRR4125186	SAMN04875595	PRJNA231221	Missing	USA:VA	2016-09-04
PRJNA231221	SRR4125214	SAMN05004742	PRJNA231221	2013-04-09	USA:DC	2016-09-04
PRJNA231221	SRR4125215	SAMN05004742	PRJNA231221	2013-04-09	USA:DC	2016-09-04
PRJNA231221	SRR4125217	SAMN05004743	PRJNA231221	2011	Missing	2016-09-04
PRJNA231221	SRR4125254	SAMN05004745	PRJNA231221	2009	Missing	2016-09-04
PRJNA231221	SRR4125275	SAMN05004747	PRJNA231221	2009	Missing	2016-09-04
PRJNA231221	SRR4125276	SAMN05004747	PRJNA231221	2009	Missing	2016-09-04
PRJNA231221	SRR4125277	SAMN05004748	PRJNA231221	2011	Missing	2016-09-04
PRJNA231221	SRR4125280	SAMN05004749	PRJNA231221	2011	Missing	2016-09-04
PRJNA231221	SRR4125418	SAMN05004750	PRJNA231221	2011	Missing	2016-09-04
PRJNA231221	SRR4125419	SAMN05004750	PRJNA231221	2011	Missing	2016-09-04
PRJNA231221	SRR4125420	SAMN05004751	PRJNA231221	2011	Thailand	2016-09-04
PRJNA231221	SRR4125423	SAMN05004752	PRJNA231221	2011	Missing	2016-09-04
PRJNA231221	SRR4125425	SAMN05004753	PRJNA231221	2012	Thailand	2016-09-04
PRJNA231221	SRR4125427	SAMN05004754	PRJNA231221	2013	Missing	2016-09-04
PRJNA231221	SRR4125429	SAMN05004755	PRJNA231221	2013	Missing	2016-09-04
PRJNA231221	SRR4125430	SAMN05004755	PRJNA231221	2013	Missing	2016-09-04
PRJNA231221	SRR4244665	SAMN04875528	PRJNA231221	1996	India	2016-09-16
PRJNA231221	SRR4271510	SAMN04875532	PRJNA231221	1950	Japan	2016-09-21
PRJNA231221	SRR4271511	SAMN04875532	PRJNA231221	1950	Japan	2016-09-21
PRJNA231221	SRR4271515	SAMN04875534	PRJNA231221	1997	United Kingdom	2016-09-21
PRJNA231221	SRR4272043	SAMN04875537	PRJNA231221	1980	USA:CA	2016-09-21
PRJNA231221	SRR4272044	SAMN04875537	PRJNA231221	1980	USA:CA	2016-09-21
PRJNA231221	SRR4272048	SAMN04875538	PRJNA231221	1981	USA:CA	2016-09-21
PRJNA231221	SRR4272049	SAMN04875540	PRJNA231221	1996	Brazil	2016-09-21
PRJNA231221	SRR4272052	SAMN04875541	PRJNA231221	Missing	USA:WI	2016-09-21
PRJNA231221	SRR4272055	SAMN04875539	PRJNA231221	1976	USA:PA	2016-09-21
PRJNA231221	SRR4272071	SAMN04875544	PRJNA231221	1983	USA:NC	2016-09-21
PRJNA231221	SRR4272072	SAMN04875544	PRJNA231221	1983	USA:NC	2016-09-21
PRJNA231221	SRR4272099	SAMN04875547	PRJNA231221	Missing	USA:VA	2016-09-21
PRJNA231221	SRR4272104	SAMN04875550	PRJNA231221	1972	USA:NY	2016-09-21
PRJNA231221	SRR4272125	SAMN04875551	PRJNA231221	Missing	USA:MD	2016-09-21
PRJNA231221	SRR4272127	SAMN04875551	PRJNA231221	Missing	USA:MD	2016-09-21
PRJNA231221	SRR4272128	SAMN04875552	PRJNA231221	Missing	USA:MA	2016-09-21
PRJNA231221	SRR4272130	SAMN04875548	PRJNA231221	Missing	USA:MA	2016-09-21
PRJNA231221	SRR4272566	SAMN04875553	PRJNA231221	1958	USA:MD	2016-09-21
PRJNA231221	SRR4272587	SAMN04875554	PRJNA231221	Missing	USA:IA	2016-09-21
PRJNA231221	SRR4272588	SAMN04875554	PRJNA231221	Missing	USA:IA	2016-09-21
PRJNA231221	SRR4272603	SAMN04875556	PRJNA231221	Missing	USA:MD	2016-09-21
PRJNA231221	SRR4272605	SAMN04875556	PRJNA231221	Missing	USA:MD	2016-09-21
PRJNA231221	SRR4272618	SAMN04875559	PRJNA231221	1988	France	2016-09-21
PRJNA231221	SRR4272620	SAMN04875558	PRJNA231221	2006	USA:MD	2016-09-21
PRJNA231221	SRR4272709	SAMN04875561	PRJNA231221	1970	USA:MD	2016-09-21
PRJNA231221	SRR4273030	SAMN04875563	PRJNA231221	1968-02-06	USA:MO	2016-09-21
PRJNA231221	SRR4273056	SAMN04875564	PRJNA231221	Missing	USA:MD	2016-09-21
PRJNA231221	SRR4273061	SAMN04875565	PRJNA231221	Missing	USA:MD	2016-09-21
PRJNA231221	SRR4273062	SAMN04875565	PRJNA231221	Missing	USA:MD	2016-09-21
PRJNA231221	SRR4273064	SAMN04875567	PRJNA231221	2014-07-09	USA:DC	2016-09-21
PRJNA231221	SRR4380215	SAMN04327390	PRJNA231221	2014-08-22	USA:DC	2016-10-09
PRJNA231221	SRR4380217	SAMN04875566	PRJNA231221	2014-07-11	USA:DC	2016-10-09
PRJNA231221	SRR4381669	SAMN04875575	PRJNA231221	2014-10-10	USA:DC	2016-10-09
PRJNA231221	SRR4381670	SAMN04875575	PRJNA231221	2014-10-10	USA:DC	2016-10-09
PRJNA231221	SRR4381671	SAMN04875570	PRJNA231221	2014-09-14	USA:DC	2016-10-09
PRJNA231221	SRR4381672	SAMN04875570	PRJNA231221	2014-09-14	USA:DC	2016-10-09
PRJNA231221	SRR4381674	SAMN04875582	PRJNA231221	2014-08-17	USA:DC	2016-10-09
PRJNA231221	SRR4381916	SAMN04875585	PRJNA231221	2014-09-07	USA:DC	2016-10-09
PRJNA231221	SRR5149160	SAMN05364094	PRJNA231221	1995-05-04	Zaire: Kikwit	2017-01-06
PRJNA231221	SRR5149161	SAMN05364094	PRJNA231221	1995-05-04	Zaire: Kikwit	2017-01-06
PRJNA231221	SRR5149162	SAMN05364094	PRJNA231221	1995-05-04	Zaire: Kikwit	2017-01-06
PRJNA231221	SRR5395285	SAMN06173297	PRJNA231221	2014-08-29	USA:DC	2017-04-04
PRJNA231221	SRR5400278	SAMN06173298	PRJNA231221	Missing	USA:DC	2017-04-04
PRJNA231221	SRR5400976	SAMN06173304	PRJNA231221	2014-03-01	USA:DC	2017-04-04
PRJNA231221	SRR5409205	SAMN06173354	PRJNA231221	2015-04-15	USA:MD	2017-04-04
PRJNA231221	SRR5409208	SAMN06173331	PRJNA231221	2012		2017-04-04
PRJNA231221	SRR5409210	SAMN06173333	PRJNA231221	2012		2017-04-04
PRJNA231221	SRR5409213	SAMN06173346	PRJNA231221	2015-02-05	USA:DC	2017-04-04
PRJNA231221	SRR5409221	SAMN06173358	PRJNA231221	1948	USA	2017-04-04
PRJNA231221	SRR5409465	SAMN06173299	PRJNA231221	2014-10-03	USA:DC	2017-04-05
PRJNA231221	SRR5409466	SAMN06173299	PRJNA231221	2014-10-03	USA:DC	2017-04-04
PRJNA231221	SRR5440740	SAMN06173367	PRJNA231221	Missing	Missing	2017-04-14
PRJNA231221	SRR5440741	SAMN06173367	PRJNA231221	Missing	Missing	2017-04-14
PRJNA231221	SRR5440743	SAMN06173368	PRJNA231221	1935	United Kingdom: Manchester University	2017-04-14
PRJNA231221	SRR5448651	SAMN06173351	PRJNA231221	2015-03-06	USA:DC	2017-04-16
PRJNA231221	SRR5448652	SAMN06173351	PRJNA231221	2015-03-06	USA:DC	2017-04-16
PRJNA231221	SRR5448656	SAMN06173356	PRJNA231221	Missing	Missing	2017-04-16
PRJNA231221	SRR5448861	SAMN06173366	PRJNA231221	1978	France: Bordeaux	2017-04-16
PRJNA231221	SRR5449043	SAMN06173309	PRJNA231221	Missing	USA:VA	2017-04-16
PRJNA231221	SRR5449045	SAMN06173309	PRJNA231221	Missing	USA:VA	2017-04-16
PRJNA231221	SRR5449046	SAMN06173309	PRJNA231221	Missing	USA:VA	2017-04-16
PRJNA231221	SRR5449048	SAMN06173311	PRJNA231221	1983	Australia: Perth	2017-04-16
PRJNA231221	SRR5449061	SAMN06173314	PRJNA231221	1948	USA:VA	2017-04-16
PRJNA231221	SRR5449062	SAMN06173314	PRJNA231221	1948	USA:VA	2017-04-18
PRJNA231221	SRR5449076	SAMN06173315	PRJNA231221	1999	Hungary: Soroksar tributary of the Danube river	2017-04-18
PRJNA231221	SRR5449077	SAMN06173315	PRJNA231221	1999	Hungary: Soroksar tributary of the Danube river	2017-04-18
PRJNA231221	SRR5449081	SAMN06173324	PRJNA231221	1917	USA:VA	2017-04-18
PRJNA231221	SRR5449082	SAMN06173324	PRJNA231221	1917	USA:VA	2017-04-18
PRJNA231221	SRR5449084	SAMN06173324	PRJNA231221	1917	USA:VA	2017-04-18
PRJNA231221	SRR5454002	SAMN06173312	PRJNA231221	1987	USA:VA	2017-04-19
PRJNA231221	SRR5497339	SAMN06173296	PRJNA231221	2013-10-21	USA:DC	2017-05-03
PRJNA231221	SRR5866242	SAMN07312407	PRJNA231221	2014-05-12	USA:DC	2017-07-26
PRJNA231221	SRR5866636	SAMN07312409	PRJNA231221	2014-07-21	USA:DC	2017-07-26
PRJNA231221	SRR5866637	SAMN07312409	PRJNA231221	2014-07-21	USA:DC	2017-07-26
PRJNA231221	SRR5866638	SAMN07312411	PRJNA231221	2014-10-25	USA:DC	2017-07-26
PRJNA231221	SRR5866639	SAMN07312411	PRJNA231221	2014-10-25	USA:DC	2017-07-26
PRJNA231221	SRR5866640	SAMN07312412	PRJNA231221	2014-08-01	USA:DC	2017-07-26
PRJNA231221	SRR5866641	SAMN07312412	PRJNA231221	2014-08-01	USA:DC	2017-07-26
PRJNA231221	SRR5866647	SAMN07312414	PRJNA231221	2014-06-24	USA:DC	2017-07-26
PRJNA231221	SRR5868497	SAMN07312418	PRJNA231221	2015-04-02	USA:DC	2017-07-27
PRJNA231221	SRR5868498	SAMN07312418	PRJNA231221	2015-04-02	USA:DC	2017-07-27
PRJNA231221	SRR5868502	SAMN07312415	PRJNA231221	2014-02-16	USA:DC	2017-07-27
PRJNA231221	SRR5868503	SAMN07312416	PRJNA231221	2014-06-24	USA:DC	2017-07-27
PRJNA231221	SRR5868514	SAMN07312405	PRJNA231221	2015-04-01	USA: MD	2017-07-27
PRJNA231221	SRR5871731	SAMN04327391	PRJNA231221	2015-04-24	USA:DC	2017-07-27
PRJNA231221	SRR5871733	SAMN04327391	PRJNA231221	2015-04-24	USA:DC	2017-07-27
PRJNA231221	SRR5871736	SAMN07312421	PRJNA231221	2015-04-11	USA:DC	2017-07-27
PRJNA231221	SRR5871781	SAMN07312423	PRJNA231221	2015-04-27	USA:DC	2017-07-27
PRJNA231221	SRR5872696	SAMN07312426	PRJNA231221	2015-03-23	USA:DC	2017-07-27
PRJNA231221	SRR5872725	SAMN07312427	PRJNA231221	2015-05-05	USA:DC	2017-07-27
PRJNA231221	SRR5872728	SAMN07312428	PRJNA231221	2015-05-19	USA:DC	2017-07-27
PRJNA231221	SRR5872731	SAMN07312430	PRJNA231221	2015-05-16	USA:DC	2017-07-28
PRJNA231221	SRR5872843	SAMN07312431	PRJNA231221	1985	Czechoslovakia	2017-07-27
PRJNA231221	SRR5872844	SAMN07312432	PRJNA231221	1948	Missing	2017-07-27
PRJNA231221	SRR5872850	SAMN07312434	PRJNA231221	Missing	Missing	2017-07-28
PRJNA231221	SRR5872853	SAMN07312435	PRJNA231221	Missing	Missing	2017-07-27
PRJNA231221	SRR5872855	SAMN07312436	PRJNA231221	1982	USA:CA	2017-07-27
PRJNA231221	SRR5872856	SAMN07312437	PRJNA231221	2005	Missing	2017-07-27
PRJNA231221	SRR5872862	SAMN07312440	PRJNA231221	Missing	Missing	2017-07-27
PRJNA231221	SRR5878734	SAMN07312441	PRJNA231221	Missing	Missing	2017-07-29
PRJNA231221	SRR5878833	SAMN07312443	PRJNA231221	Missing	Missing	2017-07-29
PRJNA231221	SRR5878836	SAMN07312445	PRJNA231221	2009	Georgia	2017-07-29
PRJNA231221	SRR5878839	SAMN07312446	PRJNA231221	Missing	Missing	2017-07-29
PRJNA231221	SRR5878846	SAMN07312449	PRJNA231221	Missing	Missing	2017-07-29
PRJNA231221	SRR5878894	SAMN07312453	PRJNA231221	Missing	Missing	2017-07-29
PRJNA231221	SRR5878896	SAMN07312454	PRJNA231221	Missing	Missing	2017-07-30
PRJNA231221	SRR5878922	SAMN07312457	PRJNA231221	Missing	Missing	2017-07-29
PRJNA231221	SRR5878924	SAMN07312458	PRJNA231221	Missing	Missing	2017-07-29
PRJNA231221	SRR5879183	SAMN07312461	PRJNA231221	Missing	Missing	2017-07-29
PRJNA231221	SRR5879313	SAMN07312469	PRJNA231221	Missing	Missing	2017-07-29
PRJNA231221	SRR5879317	SAMN07312463	PRJNA231221	Missing	Missing	2017-07-29
PRJNA231221	SRR5879320	SAMN07312464	PRJNA231221	Missing	Missing	2017-07-29
PRJNA231221	SRR5879324	SAMN07312470	PRJNA231221	Missing	Missing	2017-07-29
PRJNA231221	SRR5879325	SAMN07312470	PRJNA231221	Missing	Missing	2017-07-29
PRJNA231221	SRR5879326	SAMN07312465	PRJNA231221	1997	USA:VA	2017-07-29
PRJNA231221	SRR5879331	SAMN07312466	PRJNA231221	Missing	USA:VA	2017-07-30
PRJNA231221	SRR5879392	SAMN07312467	PRJNA231221	Missing	USA:VA	2017-07-29
PRJNA231221	SRR5879394	SAMN07312467	PRJNA231221	Missing	USA:VA	2017-07-29
PRJNA231221	SRR5879398	SAMN07312468	PRJNA231221	Missing	USA:VA	2017-07-29
PRJNA231221	SRR5879420	SAMN07312472	PRJNA231221	2015-06	Canada:BC	2017-07-30
PRJNA231221	SRR5879427	SAMN07312474	PRJNA231221	2015-06	Canada:BC	2017-07-29
PRJNA231221	SRR5879428	SAMN07312474	PRJNA231221	2015-06	Canada:BC	2017-07-29
PRJNA231221	SRR5879429	SAMN07312476	PRJNA231221	2015-08	Canada:BC	2017-07-29
PRJNA231221	SRR5879434	SAMN07312475	PRJNA231221	2015-07	Canada:BC	2017-07-29
PRJNA231221	SRR5884782	SAMN07312477	PRJNA231221	2015-12	Canada:BC	2017-08-01
PRJNA231221	SRR5884787	SAMN07312481	PRJNA231221	2014-09	Canada:BC	2017-08-01
PRJNA231221	SRR5884788	SAMN07312481	PRJNA231221	2014-09	Canada:BC	2017-08-01
PRJNA231221	SRR5884794	SAMN07312483	PRJNA231221	2014-12	Canada:BC	2017-08-01
PRJNA231221	SRR5884856	SAMN07312487	PRJNA231221	2012-11	Canada:BC	2017-08-01
PRJNA231221	SRR5884857	SAMN07312488	PRJNA231221	2013-07	Canada:BC	2017-08-01
PRJNA231221	SRR5884858	SAMN07312488	PRJNA231221	2013-07	Canada:BC	2017-08-01
PRJNA231221	SRR5884859	SAMN07312489	PRJNA231221	2013-11	Canada:BC	2017-08-01
PRJNA231221	SRR5884860	SAMN07312489	PRJNA231221	2013-11	Canada:BC	2017-08-01
PRJNA231221	SRR5884861	SAMN07312492	PRJNA231221	2014-08	Canada:BC	2017-08-01
PRJNA231221	SRR5884863	SAMN07312490	PRJNA231221	2014-01	Canada:BC	2017-08-01
PRJNA231221	SRR5932717	SAMN07312504	PRJNA231221	1980	Sudan	2017-11-09
PRJNA231221	SRR5932718	SAMN07312504	PRJNA231221	1980	Sudan	2017-11-09
PRJNA231221	SRR5932719	SAMN07312504	PRJNA231221	1980	Sudan	2017-11-09
PRJNA231221	SRR5932721	SAMN07312504	PRJNA231221	1980	Sudan	2017-11-09
PRJNA231221	SRR7166470	SAMN07796341	PRJNA231221	2015	Puerto Rico	2019-10-31
PRJNA231221	SRR7167599	SAMN07796345	PRJNA231221	2010	Cambodia	2019-10-31
PRJNA231221	SRR7167600	SAMN07796342	PRJNA231221	2015	Panama	2019-10-31
PRJNA231221	SRR7167602	SAMN07796343	PRJNA231221	2015	Panama	2019-10-31
PRJNA231221	SRR7167604	SAMN07796364	PRJNA231221	2009	Australia	2019-10-31
PRJNA231221	SRR7167607	SAMN07796357	PRJNA231221	2006	Sri Lanka	2019-10-31
PRJNA231221	SRR7167610	SAMN07796363	PRJNA231221	1994	Australia	2019-10-31
PRJNA231221	SRR7167612	SAMN07796350	PRJNA231221	1995	Zaire: Kikwit	2019-10-31
PRJNA231221	SRR7167613	SAMN07796350	PRJNA231221	1995	Zaire: Kikwit	2019-10-31
PRJNA231221	SRR7167616	SAMN07796351	PRJNA231221	2000	Uganda:Gulu	2019-10-31
PRJNA231221	SRR7167617	SAMN07796352	PRJNA231221	2004	Sudan:Yambio	2019-10-31
PRJNA231221	SRR7167618	SAMN07796352	PRJNA231221	2004	Sudan:Yambio	2019-10-31
PRJNA231221	SRR7167624	SAMN07796366	PRJNA231221	1976	Sudan	2019-10-31
PRJNA231221	SRR7167626	SAMN07796367	PRJNA231221	1995	Zaire: Kikwit	2019-10-31
PRJNA231221	SRR7167627	SAMN07796367	PRJNA231221	1995	Zaire: Kikwit	2019-10-31
PRJNA231221	SRR7167633	SAMN07796370	PRJNA231221	1989	USA: Virginia, Reston	2019-10-31
PRJNA231221	SRR7167635	SAMN07796333	PRJNA231221	Missing	Brazil	2019-10-31
PRJNA231221	SRR7167642	SAMN07796340	PRJNA231221	Missing	Missing	2019-10-31
PRJNA231221	SRR7170064	SAMN07796346	PRJNA231221	1984	Senegal:Kedougou	2019-10-31
PRJNA231221	SRR7170065	SAMN07796346	PRJNA231221	1984	Senegal:Kedougou	2019-10-31
PRJNA231221	SRR7170715	SAMN07796365	PRJNA231221	1976	Zaire: Mayinga	2019-10-31
PRJNA231221	SRR7170716	SAMN07796365	PRJNA231221	1976	Zaire: Mayinga	2019-10-31
PRJNA231221	SRR7170717	SAMN07796371	PRJNA231221	2014	Sierra Leone: Kailahun District	2019-10-31
PRJNA231221	SRR8984467	SAMN11056361	PRJNA231221	Unknown	USA: DC	2019-04-29
PRJNA231221	SRR8984469	SAMN11056361	PRJNA231221	Unknown	USA: DC	2019-04-29
PRJNA231221	SRR8984801	SAMN11056383	PRJNA231221	Unknown	USA: DC	2019-04-29
PRJNA231221	SRR8984807	SAMN11056363	PRJNA231221	Unknown	USA: DC	2019-04-29
PRJNA231221	SRR8984811	SAMN11056364	PRJNA231221	Unknown	USA: DC	2019-04-29
PRJNA231221	SRR8984813	SAMN11056384	PRJNA231221	Unknown	USA: DC	2019-04-29
PRJNA231221	SRR8984814	SAMN11056384	PRJNA231221	Unknown	USA: DC	2019-04-29
PRJNA231221	SRR8984820	SAMN11056365	PRJNA231221	Unknown	USA: DC	2019-04-30
PRJNA231221	SRR8984822	SAMN11056366	PRJNA231221	Unknown	USA: DC	2019-04-30
PRJNA231221	SRR8984824	SAMN11056366	PRJNA231221	Unknown	USA: DC	2019-04-30
PRJNA231221	SRR8984827	SAMN11056367	PRJNA231221	Unknown	USA: DC	2019-04-30
PRJNA231221	SRR8984833	SAMN11056368	PRJNA231221	Unknown	USA: DC	2019-04-30
PRJNA231221	SRR8984834	SAMN11056368	PRJNA231221	Unknown	USA: DC	2019-04-30
PRJNA231221	SRR8984835	SAMN11056348	PRJNA231221	Unknown	USA: KY	2019-04-30
PRJNA231221	SRR8984837	SAMN11056348	PRJNA231221	Unknown	USA: KY	2019-04-29
PRJNA231221	SRR8984839	SAMN11056349	PRJNA231221	Unknown	USA: KY	2019-04-29
PRJNA231221	SRR8984840	SAMN11056349	PRJNA231221	Unknown	USA: KY	2019-04-29
PRJNA231221	SRR8984842	SAMN11056350	PRJNA231221	Unknown	USA: KY	2019-04-29
PRJNA231221	SRR8984844	SAMN11056351	PRJNA231221	Unknown	USA: KY	2019-04-29
PRJNA231221	SRR8984853	SAMN11056355	PRJNA231221	Unknown	USA: KY	2019-04-29
PRJNA231221	SRR8984860	SAMN11056359	PRJNA231221	Unknown	USA: KY	2019-04-29
PRJNA231221	SRR8984864	SAMN11056373	PRJNA231221	Unknown	USA: KY	2019-04-29
PRJNA231221	SRR8984865	SAMN11056373	PRJNA231221	Unknown	USA: KY	2019-04-29
PRJNA231221	SRR8984866	SAMN11056373	PRJNA231221	Unknown	USA: KY	2019-04-29
PRJNA231221	SRR8984869	SAMN11056381	PRJNA231221	Unknown	USA: KY	2019-04-29
PRJNA231221	SRR8984870	SAMN11056381	PRJNA231221	Unknown	USA: KY	2019-04-29
PRJNA231221	SRR8984871	SAMN11056381	PRJNA231221	Unknown	USA: KY	2019-04-29
PRJNA231221	SRR8984879	SAMN11056380	PRJNA231221	Unknown	USA: KY	2019-04-29
PRJNA231221	SRR8984881	SAMN11056331	PRJNA231221	Unknown	USA: MI	2019-04-29
PRJNA231221	SRR8984884	SAMN11056332	PRJNA231221	Unknown	USA: MI	2019-04-29
PRJNA231221	SRR8984885	SAMN11056332	PRJNA231221	Unknown	USA: MI	2019-04-29
PRJNA231221	SRR8984888	SAMN11056333	PRJNA231221	Unknown	USA: MI	2019-04-29
PRJNA231221	SRR8984895	SAMN11056337	PRJNA231221	Unknown	USA: MI	2019-04-30
PRJNA231221	SRR8984899	SAMN11056341	PRJNA231221	Unknown	USA: MI	2019-04-29
PRJNA231221	SRR8984903	SAMN11056344	PRJNA231221	Unknown	USA: MI	2019-04-29
PRJNA231221	SRR8989643	SAMN11056330	PRJNA231221	Unknown	USA: NY	2019-05-01
PRJNA231221	SRR8989646	SAMN11056338	PRJNA231221	Unknown	USA: MI	2019-05-01
PRJNA231221	SRR8989647	SAMN11056338	PRJNA231221	Unknown	USA: MI	2019-05-01
PRJNA231221	SRR8989648	SAMN11056338	PRJNA231221	Unknown	USA: MI	2019-05-01
PRJNA231221	SRR8989649	SAMN11056338	PRJNA231221	Unknown	USA: MI	2019-05-01
PRJNA231221	SRR8991228	SAMN11056339	PRJNA231221	Unknown	USA: MI	2019-05-01
PRJNA231221	SRR8991231	SAMN11056347	PRJNA231221	Unknown	USA: KY	2019-05-01
PRJNA231221	SRR8991234	SAMN11056340	PRJNA231221	Unknown	USA: MI	2019-05-01
PRJNA231221	SRR8991253	SAMN11056374	PRJNA231221	Unknown	USA: KY	2019-05-01
PRJNA231221	SRR8991255	SAMN11056377	PRJNA231221	Unknown	USA: KY	2019-05-01
PRJNA231221	SRR8991257	SAMN11056377	PRJNA231221	Unknown	USA: KY	2019-05-01
PRJNA231221	SRR8991259	SAMN11056378	PRJNA231221	Unknown	USA: KY	2019-05-01
PRJNA231221	SRR9068489	SAMN11056376	PRJNA231221	Unknown	USA: KY	2019-05-17
PRJNA231221	SRR9068490	SAMN11056376	PRJNA231221	Unknown	USA: KY	2019-05-17
PRJNA231221	SRR9068491	SAMN11056376	PRJNA231221	Unknown	USA: KY	2019-05-17
PRJNA231221	SRR9070074	SAMN11056370	PRJNA231221	Unknown	USA: DC	2019-05-17
PRJNA231221	SRR9073715	SAMN11056371	PRJNA231221	Unknown	USA: DC	2019-05-17
PRJNA231221	SRR9104637	SAMN11077979	PRJNA231221	missing	USA:MD	2019-05-24
PRJNA231221	SRR9107803	SAMN11077981	PRJNA231221	missing	USA:MD	2019-05-24
PRJNA231221	SRR9107806	SAMN11077982	PRJNA231221	missing	USA:MD	2019-05-24
PRJNA231221	SRR9107809	SAMN11077984	PRJNA231221	missing	USA:MD	2019-05-24
PRJNA231221	SRR9107811	SAMN11077980	PRJNA231221	missing	USA:MD	2019-05-24
PRJNA231221	SRR9160378	SAMN10346772	PRJNA231221	Unknown	USA: Detroit, MI	2019-05-31
PRJNA231221	SRR9160466	SAMN10346774	PRJNA231221	Unknown		2019-05-31
PRJNA231221	SRR9160488	SAMN10346775	PRJNA231221	Unknown	USA: New York	2019-05-31
PRJNA231221	SRR9160489	SAMN10346775	PRJNA231221	Unknown	USA: New York	2019-05-31
PRJNA231221	SRR9161630	SAMN10346777	PRJNA231221	Unknown		2019-05-31
PRJNA231221	SRR9161631	SAMN10346777	PRJNA231221	Unknown		2019-05-31
PRJNA231221	SRR9161632	SAMN10346777	PRJNA231221	Unknown		2019-05-31
PRJNA231221	SRR9161633	SAMN10346776	PRJNA231221	Unknown	USA: Miami, FL	2019-05-31
PRJNA231221	SRR9161639	SAMN11056388	PRJNA231221	Unknown	USA:VA	2019-05-31
PRJNA231221	SRR9161654	SAMN11056389	PRJNA231221	Unknown	USA:VA	2019-05-31
PRJNA231221	SRR9162613	SAMN11056393	PRJNA231221	Unknown	USA:VA	2019-05-31
PRJNA231221	SRR9162624	SAMN11056394	PRJNA231221	Unknown	USA:VA	2019-05-31
PRJNA231221	SRR9163109	SAMN11056397	PRJNA231221	Unknown	France	2019-05-31
PRJNA231221	SRR9163115	SAMN11056398	PRJNA231221	Unknown	USA:VA	2019-05-31
PRJNA231221	SRR9163266	SAMN11056401	PRJNA231221	Unknown	Nigeria: Ibadan	2019-05-31
PRJNA231221	SRR9163324	SAMN11056402	PRJNA231221	Unknown	Nigeria: Ibadan	2019-05-31
PRJNA231221	SRR9163420	SAMN11056405	PRJNA231221	Unknown	Nigeria: Ibadan	2019-05-31
PRJNA231221	SRR9163511	SAMN11056407	PRJNA231221	Unknown	Nigeria: Ibadan	2019-05-31
PRJNA231221	SRR9163512	SAMN11056407	PRJNA231221	Unknown	Nigeria: Ibadan	2019-05-31
PRJNA231221	SRR9163516	SAMN11056409	PRJNA231221	Unknown	USA:MD	2019-05-31
PRJNA231221	SRR9163569	SAMN11056410	PRJNA231221	Unknown	USA:MD	2019-06-01
PRJNA231221	SRR9167341	SAMN11056412	PRJNA231221	Unknown	USA:MD	2019-06-01
PRJNA231221	SRR9171423	SAMN11056411	PRJNA231221	Unknown	USA:MD	2019-06-01
PRJNA231221	SRR9171525	SAMN11056416	PRJNA231221	Unknown	USA:MD	2019-06-02
PRJNA231221	SRR9171529	SAMN11056417	PRJNA231221	Unknown	USA:MD	2019-06-02
PRJNA231221	SRR9171743	SAMN11056418	PRJNA231221	Unknown	USA:MD	2019-06-02
PRJNA231221	SRR9171835	SAMN11056420	PRJNA231221	Unknown	USA:MD	2019-06-02
PRJNA231221	SRR9171838	SAMN11056419	PRJNA231221	Unknown	USA:MD	2019-06-02
PRJNA231221	SRR9171842	SAMN11056422	PRJNA231221	Unknown	Nigeria: Ibadan	2019-06-02
PRJNA231221	SRR9172070	SAMN11056424	PRJNA231221	Unknown	Nigeria: Ibadan	2019-06-02
PRJNA231221	SRR9172072	SAMN11056424	PRJNA231221	Unknown	Nigeria: Ibadan	2019-06-02
PRJNA231221	SRR9172097	SAMN11056425	PRJNA231221	Unknown	Nigeria: Ibadan	2019-06-02
PRJNA231221	SRR9172124	SAMN11056428	PRJNA231221	Unknown	Nigeria: Ibadan	2019-06-02
PRJNA231221	SRR9172126	SAMN11056429	PRJNA231221	Unknown	Nigeria: Ibadan	2019-06-02
PRJNA231221	SRR9172127	SAMN11056430	PRJNA231221	Unknown	Nigeria: Ibadan	2019-06-02
PRJNA231221	SRR9172266	SAMN11056432	PRJNA231221	Unknown	Nigeria: Ibadan	2019-06-02
PRJNA231221	SRR9172267	SAMN11056432	PRJNA231221	Unknown	Nigeria: Ibadan	2019-06-02
PRJNA231221	SRR9172268	SAMN11056433	PRJNA231221	Unknown	Nigeria: Ibadan	2019-06-02
PRJNA231221	SRR9172271	SAMN11056434	PRJNA231221	Unknown	USA:MN	2019-06-02
PRJNA231221	SRR9172274	SAMN11056431	PRJNA231221	Unknown	Nigeria: Ibadan	2019-06-02
PRJNA231221	SRR9172275	SAMN11056431	PRJNA231221	Unknown	Nigeria: Ibadan	2019-06-02
PRJNA231221	SRR9172294	SAMN11056435	PRJNA231221	Unknown	USA:MN	2019-06-02
PRJNA231221	SRR9172295	SAMN11056435	PRJNA231221	Unknown	USA:MN	2019-06-02
PRJNA231221	SRR9172296	SAMN11056435	PRJNA231221	Unknown	USA:MN	2019-06-02
PRJNA231221	SRR9172298	SAMN11056436	PRJNA231221	Unknown	USA:MN	2019-06-02
PRJNA231221	SRR9172301	SAMN11056436	PRJNA231221	Unknown	USA:MN	2019-06-02
PRJNA231221	SRR9172302	SAMN11056437	PRJNA231221	Unknown	USA:MN	2019-06-02
PRJNA231221	SRR9172306	SAMN11056438	PRJNA231221	Unknown	USA:VA	2019-06-02
PRJNA231221	SRR9174970	SAMN11056440	PRJNA231221	Unknown	USA: KY	2019-06-02
PRJNA231221	SRR9174972	SAMN11056441	PRJNA231221	Unknown	USA:MN	2019-06-02
PRJNA231221	SRR9174973	SAMN11056441	PRJNA231221	Unknown	USA:MN	2019-06-02
PRJNA231221	SRR9174974	SAMN11056441	PRJNA231221	Unknown	USA:MN	2019-06-02
PRJNA231221	SRR9174976	SAMN11056442	PRJNA231221	Unknown	USA:MN	2019-06-02
PRJNA231221	SRR9174977	SAMN11056442	PRJNA231221	Unknown	USA:MN	2019-06-02
PRJNA231221	SRR9174981	SAMN11056443	PRJNA231221	Unknown	USA:MN	2019-06-02
PRJNA231221	SRR9174982	SAMN11056444	PRJNA231221	Unknown	USA:MN	2019-06-02
PRJNA231221	SRR9174986	SAMN11056445	PRJNA231221	Unknown	USA:MN	2019-06-02
PRJNA231221	SRR9174997	SAMN11056439	PRJNA231221	Unknown	USA: KY	2019-06-02
PRJNA231221	SRR9176578	SAMN11056451	PRJNA231221	Unknown	USA:VA	2019-06-02
PRJNA231221	SRR9176581	SAMN11056452	PRJNA231221	Unknown	USA:VA	2019-06-02
PRJNA231221	SRR9176585	SAMN11056453	PRJNA231221	Unknown	USA:VA	2019-06-02
PRJNA231221	SRR9176589	SAMN11056454	PRJNA231221	Unknown	USA:VA	2019-06-02
PRJNA231221	SRR9176592	SAMN11056456	PRJNA231221	Unknown	USA:VA	2019-06-02
PRJNA231221	SRR9176594	SAMN11056449	PRJNA231221	Unknown	USA:VA	2019-06-02
PRJNA231221	SRR9176595	SAMN11056449	PRJNA231221	Unknown	USA:VA	2019-06-02
PRJNA231221	SRR9176600	SAMN11056459	PRJNA231221	Unknown	USA:MN	2019-06-02
PRJNA231221	SRR9176602	SAMN11056459	PRJNA231221	Unknown	USA:MN	2019-06-02
PRJNA231221	SRR9176603	SAMN11056460	PRJNA231221	Unknown	USA:MN	2019-06-02
PRJNA231221	SRR9176605	SAMN11056460	PRJNA231221	Unknown	USA:MN	2019-06-02
PRJNA231221	SRR9176607	SAMN11056461	PRJNA231221	Unknown	USA:MN	2019-06-02
PRJNA231221	SRR9176608	SAMN11056457	PRJNA231221	Unknown	USA:VA	2019-06-02
PRJNA231221	SRR9176614	SAMN11056465	PRJNA231221	Unknown	USA:VA	2019-06-02
PRJNA231221	SRR9176753	SAMN11056466	PRJNA231221	Unknown	USA:VA	2019-06-04
PRJNA231221	SRR8072072	SAMN10228556	PRJNA231221	1983		2018-10-20
PRJNA231221	SRR8072073	SAMN10228556	PRJNA231221	1983		2018-10-20
PRJNA231221	SRR8072908	SAMN10228558	PRJNA231221	Unknown		2018-10-20
PRJNA231221	SRR8072912	SAMN10228559	PRJNA231221	Unknown	France	2018-10-20
PRJNA231221	SRR8072917	SAMN10228562	PRJNA231221	Unknown	France	2018-10-20
PRJNA231221	SRR8072918	SAMN10228562	PRJNA231221	Unknown	France	2018-10-20
PRJNA231221	SRR8072921	SAMN10228563	PRJNA231221	Unknown	France	2018-10-20
PRJNA231221	SRR8072923	SAMN10228564	PRJNA231221	Unknown		2018-10-20
PRJNA231221	SRR8072925	SAMN10228564	PRJNA231221	Unknown		2018-10-20
PRJNA231221	SRR8072928	SAMN10228566	PRJNA231221	1920	United Kingdom: London	2018-10-20
PRJNA231221	SRR8072930	SAMN10228567	PRJNA231221	1961	Hungary	2018-10-20
PRJNA231221	SRR8072936	SAMN10228569	PRJNA231221	Unknown		2018-10-20
PRJNA231221	SRR8072938	SAMN10228570	PRJNA231221	Unknown	China	2018-10-20
PRJNA231221	SRR8072939	SAMN10228570	PRJNA231221	Unknown	China	2018-10-20
PRJNA231221	SRR8072942	SAMN10228571	PRJNA231221	Unknown		2018-10-20
PRJNA231221	SRR8072947	SAMN10228572	PRJNA231221	Unknown	Thailand: Ubon Ratchathani	2018-10-20
PRJNA231221	SRR8072948	SAMN10228572	PRJNA231221	Unknown	Thailand: Ubon Ratchathani	2018-10-20
PRJNA231221	SRR8072949	SAMN10228573	PRJNA231221	Unknown		2018-10-20
PRJNA231221	SRR8072950	SAMN10228573	PRJNA231221	Unknown		2018-10-20
PRJNA231221	SRR8072952	SAMN10228575	PRJNA231221	2001	USA: Oregon	2018-10-20
PRJNA231221	SRR8072957	SAMN10228579	PRJNA231221	2002	USA: Utah	2018-10-20
PRJNA231221	SRR8072959	SAMN10228581	PRJNA231221	1954	Democratic Republic of the Congo	2018-10-20
PRJNA231221	SRR8072962	SAMN10228583	PRJNA231221	Unknown	Japan	2018-10-20
PRJNA231221	SRR8072964	SAMN10228580	PRJNA231221	Unknown		2018-10-20
PRJNA231221	SRR8175747	SAMN10163167	PRJNA231221	Unknown		2018-11-10
PRJNA231221	SRR8175749	SAMN10163168	PRJNA231221	2011		2018-11-10
PRJNA231221	SRR8175756	SAMN10163169	PRJNA231221	Unknown		2018-11-10
PRJNA231221	SRR8175758	SAMN10163170	PRJNA231221	Unknown		2018-11-10
PRJNA231221	SRR8176978	SAMN10163172	PRJNA231221	1989	Thailand: Ubon Ratchathani	2018-11-10
PRJNA231221	SRR8176979	SAMN10163173	PRJNA231221	Unknown		2018-11-10
PRJNA231221	SRR8176980	SAMN10163173	PRJNA231221	Unknown		2018-11-10
PRJNA231221	SRR8178079	SAMN10163175	PRJNA231221	Unknown		2018-11-10
PRJNA231221	SRR8178080	SAMN10163175	PRJNA231221	Unknown		2018-11-10
PRJNA231221	SRR8178086	SAMN10163177	PRJNA231221	Unknown		2018-11-10
PRJNA231221	SRR8178088	SAMN10163178	PRJNA231221	Unknown		2018-11-10
PRJNA231221	SRR8178100	SAMN10163174	PRJNA231221	Unknown		2018-11-10
PRJNA231221	SRR8178101	SAMN10163180	PRJNA231221	Unknown		2018-11-10
PRJNA231221	SRR8178564	SAMN10163183	PRJNA231221	Unknown		2018-11-10
PRJNA231221	SRR8178565	SAMN10163183	PRJNA231221	Unknown		2018-11-10
PRJNA231221	SRR8178581	SAMN10163188	PRJNA231221	Unknown		2018-11-10
PRJNA231221	SRR8178582	SAMN10163189	PRJNA231221	Unknown		2018-11-10
PRJNA231221	SRR8179069	SAMN10163191	PRJNA231221	Unknown		2018-11-10
PRJNA231221	SRR8179071	SAMN10163191	PRJNA231221	Unknown		2018-11-10
PRJNA231221	SRR8179074	SAMN10163184	PRJNA231221	Unknown		2018-11-10
PRJNA231221	SRR8179092	SAMN10163194	PRJNA231221	Unknown		2018-11-10
PRJNA231221	SRR8179094	SAMN10163194	PRJNA231221	Unknown		2018-11-10
PRJNA231221	SRR8179111	SAMN10163195	PRJNA231221	Unknown		2018-11-10
PRJNA231221	SRR8179113	SAMN10163195	PRJNA231221	Unknown		2018-11-10
PRJNA231221	SRR8179211	SAMN10163196	PRJNA231221	Unknown		2018-11-10
PRJNA231221	SRR8179212	SAMN10163196	PRJNA231221	Unknown		2018-11-10
PRJNA231221	SRR8179224	SAMN10163197	PRJNA231221	Unknown		2018-11-10
PRJNA231221	SRR8179776	SAMN10163200	PRJNA231221	2015-12-24		2018-11-10
PRJNA231221	SRR8179780	SAMN10163206	PRJNA231221	2016-01-23		2018-11-11
PRJNA231221	SRR8179781	SAMN10163204	PRJNA231221	2016-01-11		2018-11-10
PRJNA231221	SRR8179890	SAMN10163208	PRJNA231221	2016-01-21		2018-11-10
PRJNA231221	SRR8179909	SAMN10163210	PRJNA231221	2016-02-13	USA: DC	2018-11-11
PRJNA231221	SRR8179931	SAMN10163211	PRJNA231221	2016-02-21		2018-11-10
PRJNA231221	SRR8179978	SAMN10163213	PRJNA231221	2016-02-24		2018-11-11
PRJNA231221	SRR8179979	SAMN10163213	PRJNA231221	2016-02-24		2018-11-10
PRJNA231221	SRR8179986	SAMN10163214	PRJNA231221	2016-03-08		2018-11-11
PRJNA231221	SRR8180083	SAMN10163215	PRJNA231221	2016-01-07		2018-11-10
PRJNA231221	SRR8180084	SAMN10163215	PRJNA231221	2016-01-07		2018-11-10
PRJNA231221	SRR8180085	SAMN10163215	PRJNA231221	2016-01-07		2018-11-11
PRJNA231221	SRR8180262	SAMN10163216	PRJNA231221	2016-02-07		2018-11-10
PRJNA231221	SRR8180263	SAMN10163216	PRJNA231221	2016-02-07		2018-11-10
PRJNA231221	SRR8180387	SAMN10163221	PRJNA231221	2016-02-24		2018-11-10
PRJNA231221	SRR8180390	SAMN10163219	PRJNA231221	2016-01-09	USA: DC	2018-11-11
PRJNA231221	SRR8180392	SAMN10163222	PRJNA231221	2016-02-24		2018-11-11
PRJNA231221	SRR8180460	SAMN10163224	PRJNA231221	2016-03-24		2018-11-10
PRJNA231221	SRR8180468	SAMN10163226	PRJNA231221	2016-04-07		2018-11-11
PRJNA231221	SRR8180469	SAMN10163226	PRJNA231221	2016-04-07		2018-11-10
PRJNA231221	SRR8180478	SAMN10163229	PRJNA231221	2016-04-19		2018-11-11
PRJNA231221	SRR8180482	SAMN10163225	PRJNA231221	2016-04-01		2018-11-10
PRJNA231221	SRR8180483	SAMN10163230	PRJNA231221	2016-04-01		2018-11-10
PRJNA231221	SRR8180484	SAMN10163230	PRJNA231221	2016-04-01		2018-11-11
PRJNA231221	SRR8180485	SAMN10163231	PRJNA231221	2016-04-02		2018-11-11
PRJNA231221	SRR8180787	SAMN10163233	PRJNA231221	Unknown		2018-11-11
PRJNA231221	SRR8180789	SAMN10163235	PRJNA231221	Unknown	USA: NC	2018-11-10
PRJNA231221	SRR8180795	SAMN10163237	PRJNA231221	Unknown	USA: NC	2018-11-10
PRJNA231221	SRR8180798	SAMN10163239	PRJNA231221	Unknown	USA: NC	2018-11-11
PRJNA231221	SRR8180802	SAMN10163234	PRJNA231221	Unknown	USA: NC	2018-11-10
PRJNA231221	SRR8180805	SAMN10163240	PRJNA231221	Unknown		2018-11-10
PRJNA231221	SRR8180807	SAMN10163241	PRJNA231221	Unknown		2018-11-11
PRJNA231221	SRR8180809	SAMN10163242	PRJNA231221	Unknown		2018-11-10
PRJNA231221	SRR8180818	SAMN10163249	PRJNA231221	Unknown		2018-11-11
PRJNA231221	SRR8180820	SAMN10380324	PRJNA231221	Unknown	USA: NC	2018-11-10
PRJNA231221	SRR8180827	SAMN10163251	PRJNA231221	Unknown		2018-11-10
PRJNA231221	SRR8180831	SAMN10163248	PRJNA231221	Unknown		2018-11-11
PRJNA231221	SRR8283089	SAMN10228561	PRJNA231221	Unknown	France	2018-12-07
PRJNA231221	SRR8283092	SAMN10228565	PRJNA231221	Unknown		2018-12-07
PRJNA231221	SRR8283093	SAMN10228565	PRJNA231221	Unknown		2018-12-07
PRJNA231221	SRR8283290	SAMN10228574	PRJNA231221	Unknown	Thailand: Ubon Ratchathani	2018-12-07
PRJNA231221	SRR8283296	SAMN10228578	PRJNA231221	1999	USA: Indiana	2018-12-07
PRJNA231221	SRR8283300	SAMN10228584	PRJNA231221	1957	Indonesia: Java	2018-12-07
PRJNA231221	SRR8283302	SAMN10228585	PRJNA231221	1969	Bolivia: La Paz	2018-12-07
PRJNA231221	SRR9624766	SAMN11056467	PRJNA231221	Unknown	USA:VA	2019-07-03
PRJNA231221	SRR9624767	SAMN11056467	PRJNA231221	Unknown	USA:VA	2019-07-03
PRJNA231221	SRR9624794	SAMN11056468	PRJNA231221	Unknown	USA:VA	2019-07-03
PRJNA231221	SRR9624840	SAMN11056470	PRJNA231221	Unknown	USA:VA	2019-07-03
PRJNA231221	SRR9625174	SAMN11056471	PRJNA231221	Unknown	USA:VA	2019-07-03
PRJNA231221	SRR9641436	SAMN11056473	PRJNA231221	Unknown	USA:VA	2019-07-04
PRJNA231221	SRR9641469	SAMN11056475	PRJNA231221	Unknown	USA:VA	2019-07-04
PRJNA231221	SRR9641470	SAMN11056475	PRJNA231221	Unknown	USA:VA	2019-07-04
PRJNA231221	SRR9641472	SAMN11056476	PRJNA231221	Unknown	USA:VA	2019-07-04
PRJNA231221	SRR9641473	SAMN11056476	PRJNA231221	Unknown	USA:VA	2019-07-04
PRJNA231221	SRR9641485	SAMN11056478	PRJNA231221	Unknown	USA:VA	2019-07-04
PRJNA231221	SRR9641501	SAMN11056477	PRJNA231221	Unknown	USA:VA	2019-07-04
PRJNA231221	SRR9641503	SAMN11056482	PRJNA231221	Unknown	USA:VA	2019-07-04
PRJNA231221	SRR9641504	SAMN11056483	PRJNA231221	Unknown	USA:VA	2019-07-04
PRJNA231221	SRR9641538	SAMN11056486	PRJNA231221	Unknown	USA:VA	2019-07-04
PRJNA231221	SRR9641597	SAMN11056491	PRJNA231221	Unknown	USA:VA	2019-07-04
PRJNA231221	SRR9641600	SAMN11056492	PRJNA231221	Unknown	USA:VA	2019-07-04
PRJNA231221	SRR9641601	SAMN11056484	PRJNA231221	Unknown	USA:VA	2019-07-04
PRJNA231221	SRR9641602	SAMN11056484	PRJNA231221	Unknown	USA:VA	2019-07-04
PRJNA231221	SRR9641608	SAMN11056496	PRJNA231221	Unknown	USA:MD	2019-07-04
PRJNA231221	SRR9641609	SAMN11056496	PRJNA231221	Unknown	USA:MD	2019-07-04
PRJNA231221	SRR9641612	SAMN11056496	PRJNA231221	Unknown	USA:MD	2019-07-04
PRJNA231221	SRR9641614	SAMN11056496	PRJNA231221	Unknown	USA:MD	2019-07-04
PRJNA231221	SRR9641616	SAMN11056497	PRJNA231221	Unknown	USA:MD	2019-07-04
PRJNA231221	SRR9641618	SAMN11056498	PRJNA231221	Unknown	USA:MD	2019-07-04
PRJNA231221	SRR9641620	SAMN11056500	PRJNA231221	Unknown	Germany: Braunschweig	2019-07-04
PRJNA231221	SRR9641652	SAMN11056495	PRJNA231221	Unknown	USA:MD	2019-07-04
PRJNA231221	SRR9641653	SAMN11056495	PRJNA231221	Unknown	USA:MD	2019-07-04
PRJNA231221	SRR9667947	SAMN11056517	PRJNA231221	Unknown	USA:MD	2019-07-11
PRJNA231221	SRR9667950	SAMN11056517	PRJNA231221	Unknown	USA:MD	2019-07-11
PRJNA231221	SRR9668043	SAMN11056502	PRJNA231221	Unknown	Germany: Braunschweig	2019-07-11
PRJNA231221	SRR9668044	SAMN11056502	PRJNA231221	Unknown	Germany: Braunschweig	2019-07-11
PRJNA231221	SRR9668045	SAMN11056502	PRJNA231221	Unknown	Germany: Braunschweig	2019-07-11
PRJNA231221	SRR9668055	SAMN11056503	PRJNA231221	Unknown	Germany: Braunschweig	2019-07-11
PRJNA231221	SRR9668058	SAMN11056503	PRJNA231221	Unknown	Germany: Braunschweig	2019-07-11
PRJNA231221	SRR9668149	SAMN11056506	PRJNA231221	Unknown	USA:MD	2019-07-11
PRJNA231221	SRR9668340	SAMN11056505	PRJNA231221	Unknown	Germany: Braunschweig	2019-07-11
PRJNA231221	SRR9668377	SAMN11056509	PRJNA231221	Unknown	USA:MD	2019-07-11
PRJNA231221	SRR9668384	SAMN11056510	PRJNA231221	Unknown	USA:MD	2019-07-12
PRJNA231221	SRR9668388	SAMN11056511	PRJNA231221	Unknown	USA:MD	2019-07-12
PRJNA231221	SRR9668389	SAMN11056511	PRJNA231221	Unknown	USA:MD	2019-07-11
PRJNA231221	SRR9668391	SAMN11056512	PRJNA231221	Unknown	USA:MD	2019-07-12
PRJNA231221	SRR9668394	SAMN11056515	PRJNA231221	Unknown	USA:MD	2019-07-11
PRJNA231221	SRR9668412	SAMN11056516	PRJNA231221	Unknown	USA:MD	2019-07-12
PRJNA231221	SRR9670532	SAMN11056514	PRJNA231221	Unknown	USA:MD	2019-07-12
PRJNA231221	SRR11393704	SAMN14384141	PRJNA231221	2020-01-19	USA	2020-03-25
PRJNA231221	SRR11409417	SAMN14384141	PRJNA231221	2020-01-19	USA	2020-03-26
PRJNA266616	SRR1659010	SAMN03167927	PRJNA266616	2011	USA: VT	2015-11-08
PRJNA266616	SRR2037314	SAMN03249377	PRJNA266616	2010	USA:CA	2015-06-05
PRJNA266616	SRR3205766	SAMN03216666	PRJNA266616	2012	USA:VT	2016-05-02
PRJNA266616	SRR3205771	SAMN03216671	PRJNA266616	2012-08-27	USA: VT	2016-05-02
PRJNA266616	SRR3205777	SAMN03216677	PRJNA266616	2012	USA:VT	2016-05-02
PRJNA266616	SRR3205778	SAMN03216678	PRJNA266616	2011	USA:VT	2016-05-02
PRJNA266616	SRR3205780	SAMN03249361	PRJNA266616	2010	USA:CA	2016-05-02
PRJNA266616	SRR3205781	SAMN03249362	PRJNA266616	2010	USA:CA	2016-05-02
PRJNA266616	SRR3205786	SAMN03249367	PRJNA266616	2010	USA:CA	2016-05-02
PRJNA266616	SRR3205791	SAMN03249372	PRJNA266616	2010	USA:CA	2016-05-02
PRJNA266616	SRR3205792	SAMN03249373	PRJNA266616	1951	China	2016-05-02
PRJNA266616	SRR3205797	SAMN03366100	PRJNA266616	2007	France	2016-05-02
PRJNA266616	SRR3441666	SAMN03216666	PRJNA266616	2012	USA:VT	2016-05-02
PRJNA266616	SRR3441667	SAMN03216667	PRJNA266616	2012	USA:VT	2016-05-02
PRJNA266616	SRR3441668	SAMN03216667	PRJNA266616	2012	USA:VT	2016-05-02
PRJNA266616	SRR3441670	SAMN03216668	PRJNA266616	2012	USA:VT	2016-05-02
PRJNA266616	SRR3441672	SAMN03216669	PRJNA266616	2012	USA:VT	2016-05-02
PRJNA266616	SRR3441674	SAMN03216670	PRJNA266616	2012	USA:VT	2016-05-02
PRJNA266616	SRR3441676	SAMN03216671	PRJNA266616	2012-08-27	USA: VT	2016-05-02
PRJNA266616	SRR3441680	SAMN03216674	PRJNA266616	2012	USA:VT	2016-05-02
PRJNA266616	SRR3441681	SAMN03216674	PRJNA266616	2012	USA:VT	2016-05-02
PRJNA266616	SRR3441690	SAMN03216679	PRJNA266616	2012	USA:VT	2016-05-02
PRJNA266616	SRR3441696	SAMN03249363	PRJNA266616	2010	USA:CA	2016-05-02
PRJNA266616	SRR3441703	SAMN03249365	PRJNA266616	2010	USA:CA	2016-05-02
PRJNA266616	SRR3441704	SAMN03249366	PRJNA266616	2010	USA:CA	2016-05-02
PRJNA266616	SRR3441705	SAMN03249366	PRJNA266616	2010	USA:CA	2016-05-02
PRJNA266616	SRR3441708	SAMN03249367	PRJNA266616	2010	USA:CA	2016-05-02
PRJNA266616	SRR3441711	SAMN03249368	PRJNA266616	2010	USA:CA	2016-05-02
PRJNA266616	SRR3441713	SAMN03249369	PRJNA266616	2010	USA:CA	2016-05-02
PRJNA266616	SRR3441714	SAMN03249370	PRJNA266616	2010	USA:CA	2016-05-02
PRJNA266616	SRR3441717	SAMN03249371	PRJNA266616	2010	USA:CA	2016-05-02
PRJNA266616	SRR3441719	SAMN03249372	PRJNA266616	2010	USA:CA	2016-05-02
PRJNA266616	SRR3441724	SAMN03249374	PRJNA266616	1954	Japan	2016-05-02
PRJNA266616	SRR3441725	SAMN03249377	PRJNA266616	2010	USA:CA	2016-05-02
PRJNA266616	SRR3441730	SAMN03249379	PRJNA266616	2012	USA:VT	2016-05-02
PRJNA266616	SRR3441731	SAMN03249380	PRJNA266616	2012	USA:VT	2016-05-02
PRJNA266616	SRR3441732	SAMN03249380	PRJNA266616	2012	USA:VT	2016-05-02
PRJNA266616	SRR3441734	SAMN03251820	PRJNA266616	2012-08-03	USA:VT	2016-05-02
PRJNA266616	SRR5070901	SAMN03249375	PRJNA266616	2012	USA:MN	2016-12-08
PRJNA266616	SRR5839526	SAMN03249375	PRJNA266616	2012	USA:MN	2017-08-02
PRJNA266616	SRR1659009	SAMN03167927	PRJNA266616	2011	USA: VT	2015-11-08
PRJNA266616	SRR3205767	SAMN03216667	PRJNA266616	2012	USA:VT	2016-05-02
PRJNA266616	SRR3205769	SAMN03216669	PRJNA266616	2012	USA:VT	2016-05-02
PRJNA266616	SRR3205772	SAMN03216672	PRJNA266616	2012	USA:VT	2016-05-02
PRJNA266616	SRR3205773	SAMN03216673	PRJNA266616	2012	USA:VT	2016-05-02
PRJNA266616	SRR3205774	SAMN03216674	PRJNA266616	2012	USA:VT	2016-05-02
PRJNA266616	SRR3205776	SAMN03216676	PRJNA266616	2012	USA:VT	2016-05-02
PRJNA266616	SRR3205779	SAMN03216679	PRJNA266616	2012	USA:VT	2016-05-02
PRJNA266616	SRR3205782	SAMN03249363	PRJNA266616	2010	USA:CA	2016-05-02
PRJNA266616	SRR3205783	SAMN03249364	PRJNA266616	2010	USA:CA	2016-05-02
PRJNA266616	SRR3205784	SAMN03249365	PRJNA266616	2010	USA:CA	2016-05-02
PRJNA266616	SRR3205785	SAMN03249366	PRJNA266616	2010	USA:CA	2016-05-02
PRJNA266616	SRR3205788	SAMN03249369	PRJNA266616	2010	USA:CA	2016-05-02
PRJNA266616	SRR3205789	SAMN03249370	PRJNA266616	2010	USA:CA	2016-05-02
PRJNA266616	SRR3205790	SAMN03249371	PRJNA266616	2010	USA:CA	2016-05-02
PRJNA266616	SRR3205793	SAMN03249374	PRJNA266616	1954	Japan	2016-05-02
PRJNA266616	SRR3205794	SAMN03249375	PRJNA266616	2012	USA:MN	2016-05-02
PRJNA266616	SRR3205795	SAMN03249376	PRJNA266616	2013	USA:NY	2016-05-02
PRJNA266616	SRR2037315	SAMN03249378	PRJNA266616	2012	USA:VT	2015-06-05
PRJNA266616	SRR2037316	SAMN03249379	PRJNA266616	2012	USA:VT	2015-06-05
PRJNA266616	SRR3441661	SAMN03167927	PRJNA266616	2011	USA: VT	2016-05-02
PRJNA266616	SRR3441663	SAMN03216665	PRJNA266616	2012	USA:VT	2016-05-02
PRJNA266616	SRR3441664	SAMN03216665	PRJNA266616	2012	USA:VT	2016-05-02
PRJNA266616	SRR3441665	SAMN03216666	PRJNA266616	2012	USA:VT	2016-05-02
PRJNA266616	SRR3441673	SAMN03216670	PRJNA266616	2012	USA:VT	2016-05-02
PRJNA266616	SRR3441675	SAMN03216671	PRJNA266616	2012-08-27	USA: VT	2016-05-02
PRJNA266616	SRR3441677	SAMN03216672	PRJNA266616	2012	USA:VT	2016-05-02
PRJNA266616	SRR3441679	SAMN03216673	PRJNA266616	2012	USA:VT	2016-05-02
PRJNA266616	SRR3441684	SAMN03216676	PRJNA266616	2012	USA:VT	2016-05-02
PRJNA266616	SRR3441685	SAMN03216676	PRJNA266616	2012	USA:VT	2016-05-02
PRJNA266616	SRR3441686	SAMN03216677	PRJNA266616	2012	USA:VT	2016-05-02
PRJNA266616	SRR3441687	SAMN03216677	PRJNA266616	2012	USA:VT	2016-05-02
PRJNA266616	SRR3441691	SAMN03216679	PRJNA266616	2012	USA:VT	2016-05-02
PRJNA266616	SRR3441692	SAMN03249361	PRJNA266616	2010	USA:CA	2016-05-02
PRJNA266616	SRR3441698	SAMN03249363	PRJNA266616	2010	USA:CA	2016-05-02
PRJNA266616	SRR3441699	SAMN03249364	PRJNA266616	2010	USA:CA	2016-05-02
PRJNA266616	SRR3441701	SAMN03249365	PRJNA266616	2010	USA:CA	2016-05-02
PRJNA266616	SRR3441702	SAMN03249365	PRJNA266616	2010	USA:CA	2016-05-02
PRJNA266616	SRR3441707	SAMN03249367	PRJNA266616	2010	USA:CA	2016-05-02
PRJNA266616	SRR3441709	SAMN03249367	PRJNA266616	2010	USA:CA	2016-05-02
PRJNA266616	SRR3441712	SAMN03249369	PRJNA266616	2010	USA:CA	2016-05-02
PRJNA266616	SRR3441715	SAMN03249370	PRJNA266616	2010	USA:CA	2016-05-02
PRJNA266616	SRR3441718	SAMN03249372	PRJNA266616	2010	USA:CA	2016-05-02
PRJNA266616	SRR3441721	SAMN03249373	PRJNA266616	1951	China	2016-05-02
PRJNA266616	SRR3441723	SAMN03249374	PRJNA266616	1954	Japan	2016-05-02
PRJNA266616	SRR3441727	SAMN03249378	PRJNA266616	2012	USA:VT	2016-05-02
PRJNA266616	SRR3441728	SAMN03249378	PRJNA266616	2012	USA:VT	2016-05-02
PRJNA266616	SRR5839116	SAMN03249375	PRJNA266616	2012	USA:MN	2017-08-02
PRJNA266616	SRR1644068	SAMN03167927	PRJNA266616	2011	USA: VT	2015-11-08
PRJNA266616	SRR3441662	SAMN03167927	PRJNA266616	2011	USA: VT	2016-05-02
PRJNA266616	SRR3441669	SAMN03216668	PRJNA266616	2012	USA:VT	2016-05-02
PRJNA266616	SRR3441671	SAMN03216669	PRJNA266616	2012	USA:VT	2016-05-02
PRJNA266616	SRR3441678	SAMN03216673	PRJNA266616	2012	USA:VT	2016-05-02
PRJNA266616	SRR3441682	SAMN03216675	PRJNA266616	2012	USA:VT	2016-05-02
PRJNA266616	SRR3441683	SAMN03216675	PRJNA266616	2012	USA:VT	2016-05-02
PRJNA266616	SRR3441688	SAMN03216678	PRJNA266616	2011	USA:VT	2016-05-02
PRJNA266616	SRR3441689	SAMN03216678	PRJNA266616	2011	USA:VT	2016-05-02
PRJNA266616	SRR3441693	SAMN03249361	PRJNA266616	2010	USA:CA	2016-05-02
PRJNA266616	SRR3441694	SAMN03249362	PRJNA266616	2010	USA:CA	2016-05-02
PRJNA266616	SRR3441695	SAMN03249362	PRJNA266616	2010	USA:CA	2016-05-02
PRJNA266616	SRR3441700	SAMN03249364	PRJNA266616	2010	USA:CA	2016-05-02
PRJNA266616	SRR3441706	SAMN03249366	PRJNA266616	2010	USA:CA	2016-05-02
PRJNA266616	SRR3441710	SAMN03249368	PRJNA266616	2010	USA:CA	2016-05-02
PRJNA266616	SRR3441716	SAMN03249371	PRJNA266616	2010	USA:CA	2016-05-02
PRJNA266616	SRR3441720	SAMN03249373	PRJNA266616	1951	China	2016-05-02
PRJNA266616	SRR3441722	SAMN03249374	PRJNA266616	1954	Japan	2016-05-02
PRJNA266616	SRR3441726	SAMN03249377	PRJNA266616	2010	USA:CA	2016-05-02
PRJNA266616	SRR3441729	SAMN03249379	PRJNA266616	2012	USA:VT	2016-05-02
PRJNA266616	SRR3441733	SAMN03251820	PRJNA266616	2012-08-03	USA:VT	2016-05-02
PRJNA266616	SRR2037317	SAMN03249380	PRJNA266616	2012	USA:VT	2015-06-05
PRJNA266616	SRR3205764	SAMN03167927	PRJNA266616	2011	USA: VT	2016-05-02
PRJNA266616	SRR3205765	SAMN03216665	PRJNA266616	2012	USA:VT	2016-05-02
PRJNA266616	SRR3205768	SAMN03216668	PRJNA266616	2012	USA:VT	2016-05-02
PRJNA266616	SRR3205770	SAMN03216670	PRJNA266616	2012	USA:VT	2016-05-02
PRJNA266616	SRR3205775	SAMN03216675	PRJNA266616	2012	USA:VT	2016-05-02
PRJNA266616	SRR3205787	SAMN03249368	PRJNA266616	2010	USA:CA	2016-05-02
PRJNA266616	SRR3205796	SAMN03251820	PRJNA266616	2012-08-03	USA:VT	2016-05-02
PRJNA266616	SRR5071004	SAMN03249375	PRJNA266616	2012	USA:MN	2016-12-03
PRJNA266616	SRR5839130	SAMN03249375	PRJNA266616	2012	USA:MN	2017-08-02
PRJNA393244	SRR5814322	SAMN07329779	PRJNA393244	2015	China:Shenzhen	2018-08-04
PRJNA393244	SRR5814325	SAMN07329778	PRJNA393244	2015	China:Shenzhen	2018-08-04
PRJNA393244	SRR5814327	SAMN07329776	PRJNA393244	2015	China:Shenzhen	2018-08-04
PRJNA393244	SRR5814330	SAMN07329784	PRJNA393244	2015	China:Shenzhen	2018-08-04
PRJNA393244	SRR5814333	SAMN07329771	PRJNA393244	2015	China:Shenzhen	2018-08-04
PRJNA393244	SRR5814334	SAMN07329772	PRJNA393244	2015	China:Shenzhen	2018-08-04
PRJNA393244	SRR5814335	SAMN07329769	PRJNA393244	2015	China:Shenzhen	2018-08-04
PRJNA393244	SRR5814345	SAMN07329790	PRJNA393244	2016	China:Shenzhen	2018-08-04
PRJNA393244	SRR5814346	SAMN07329789	PRJNA393244	2016	China:Shenzhen	2018-08-04
PRJNA393244	SRR5814347	SAMN07329788	PRJNA393244	2016	China:Shenzhen	2018-08-04
PRJNA393244	SRR5814324	SAMN07329777	PRJNA393244	2015	China:Shenzhen	2018-08-04
PRJNA393244	SRR5814329	SAMN07329783	PRJNA393244	2016	China:Shenzhen	2018-08-04
PRJNA393244	SRR5814332	SAMN07329774	PRJNA393244	2015	China:Shenzhen	2018-08-04
PRJNA393244	SRR5814339	SAMN07326325	PRJNA393244	2015	China:Shenzhen	2018-08-04
PRJNA393244	SRR5814348	SAMN07329787	PRJNA393244	2015	China:Shenzhen	2018-08-04
PRJNA393244	SRR5814320	SAMN07329781	PRJNA393244	2016	China:Shenzhen	2018-08-04
PRJNA393244	SRR5814321	SAMN07329782	PRJNA393244	2016	China:Shenzhen	2018-08-04
PRJNA393244	SRR5814323	SAMN07329780	PRJNA393244	2016	China:Shenzhen	2018-08-04
PRJNA393244	SRR5814326	SAMN07329775	PRJNA393244	2015	China:Shenzhen	2018-08-04
PRJNA393244	SRR5814328	SAMN07329795	PRJNA393244	2016	China:Shenzhen	2018-08-04
PRJNA393244	SRR5814331	SAMN07329773	PRJNA393244	2015	China:Shenzhen	2018-08-04
PRJNA393244	SRR5814336	SAMN07329770	PRJNA393244	2015	China:Shenzhen	2018-08-04
PRJNA393244	SRR5814337	SAMN07329767	PRJNA393244	2015	China:Shenzhen	2018-08-04
PRJNA393244	SRR5814338	SAMN07329768	PRJNA393244	2015	China:Shenzhen	2018-08-04
PRJNA393244	SRR5814340	SAMN07329766	PRJNA393244	2015	China:Shenzhen	2018-08-04
PRJNA393244	SRR5814341	SAMN07329794	PRJNA393244	2016	China:Shenzhen	2018-08-04
PRJNA393244	SRR5814342	SAMN07329793	PRJNA393244	2016	China:Shenzhen	2018-08-04
PRJNA393244	SRR5814343	SAMN07329792	PRJNA393244	2016	China:Shenzhen	2018-08-04
PRJNA393244	SRR5814344	SAMN07329791	PRJNA393244	2016	China:Shenzhen	2018-08-04
PRJNA393244	SRR5814349	SAMN07329786	PRJNA393244	2015	China:Shenzhen	2018-08-04
PRJNA393244	SRR5814350	SAMN07329785	PRJNA393244	2015	China:Shenzhen	2018-08-04
PRJNA432286	SRR8652720	SAMN08443764	PRJNA432286	2015-08-31	Australia	2019-03-03
PRJNA432286	SRR8652724	SAMN08443711	PRJNA432286	2013-05-20	Australia	2019-03-03
PRJNA432286	SRR8652727	SAMN08443768	PRJNA432286	2015-11-28	Australia	2019-03-03
PRJNA432286	SRR8652729	SAMN08443767	PRJNA432286	2015-11-09	Australia	2019-03-03
PRJNA432286	SRR8652731	SAMN08443769	PRJNA432286	2015-12-26	Australia	2019-03-03
PRJNA432286	SRR8652732	SAMN08443770	PRJNA432286	2016-01-01	Australia	2019-03-03
PRJNA432286	SRR8652735	SAMN08443761	PRJNA432286	2015-07-29	Australia	2019-03-03
PRJNA432286	SRR8652737	SAMN08443755	PRJNA432286	2014-11-27	Australia	2019-03-03
PRJNA432286	SRR8652739	SAMN08443743	PRJNA432286	2016-03-07	Australia	2019-03-03
PRJNA432286	SRR8652740	SAMN08443744	PRJNA432286	2016-03-07	Australia	2019-03-03
PRJNA432286	SRR8652743	SAMN08443739	PRJNA432286	2016-03-07	Australia	2019-03-03
PRJNA432286	SRR8652744	SAMN08443740	PRJNA432286	2016-02-09	Australia	2019-03-03
PRJNA432286	SRR8652748	SAMN08443736	PRJNA432286	2014-02-04	Australia	2019-03-03
PRJNA432286	SRR8652752	SAMN08443718	PRJNA432286	2013-08-16	Australia	2019-03-03
PRJNA432286	SRR8652753	SAMN08443719	PRJNA432286	2013-12-31	Australia	2019-03-03
PRJNA432286	SRR8652754	SAMN08443720	PRJNA432286	2013-12-06	Australia	2019-03-03
PRJNA432286	SRR8652758	SAMN08443779	PRJNA432286	2017-02-21	Australia	2019-03-03
PRJNA432286	SRR8652761	SAMN08443748	PRJNA432286	2014-04-23	Australia	2019-03-03
PRJNA432286	SRR8652766	SAMN08443707	PRJNA432286	2013-01-14	Australia	2019-03-03
PRJNA432286	SRR8652767	SAMN08443708	PRJNA432286	2013-02-12	Australia	2019-03-03
PRJNA432286	SRR8652768	SAMN08443750	PRJNA432286	2014-09-30	Australia	2019-03-03
PRJNA432286	SRR8652769	SAMN08443763	PRJNA432286	2015-08-19	Australia	2019-03-03
PRJNA432286	SRR8652770	SAMN08443780	PRJNA432286	2017-05-22	Australia	2019-03-03
PRJNA432286	SRR8652771	SAMN08443714	PRJNA432286	2013-06-14	Australia	2019-03-03
PRJNA432286	SRR8652779	SAMN08443772	PRJNA432286	2016-01-01	Australia	2019-03-03
PRJNA432286	SRR8652783	SAMN08443732	PRJNA432286	2014-01-14	Australia	2019-03-03
PRJNA432286	SRR8652788	SAMN08443727	PRJNA432286	2013-10-22	Australia	2019-03-03
PRJNA432286	SRR8652794	SAMN08443724	PRJNA432286	2013-03-13	Australia	2019-03-03
PRJNA432286	SRR8652718	SAMN08443746	PRJNA432286	2014-09-03	Australia	2019-03-03
PRJNA432286	SRR8652728	SAMN08443773	PRJNA432286	2016-02-18	Australia	2019-03-03
PRJNA432286	SRR8652742	SAMN08443742	PRJNA432286	2015-02-23	Australia	2019-03-03
PRJNA432286	SRR8652746	SAMN08443738	PRJNA432286	2016-04-14	Australia	2019-03-03
PRJNA432286	SRR8652747	SAMN08443735	PRJNA432286	2014-02-04	Australia	2019-03-03
PRJNA432286	SRR8652750	SAMN08443716	PRJNA432286	2013-04-16	Australia	2019-03-03
PRJNA432286	SRR8652755	SAMN08443721	PRJNA432286	2013-09-23	Australia	2019-03-03
PRJNA432286	SRR8652756	SAMN08443758	PRJNA432286	2015-01-20	Australia	2019-03-03
PRJNA432286	SRR8652759	SAMN08443752	PRJNA432286	2015-01-22	Australia	2019-03-03
PRJNA432286	SRR8652764	SAMN08443705	PRJNA432286	2013-03-25	Australia	2019-03-03
PRJNA432286	SRR8652765	SAMN08443706	PRJNA432286	2013-01-14	Australia	2019-03-03
PRJNA432286	SRR8652773	SAMN08443766	PRJNA432286	2015-11-15	Australia	2019-03-03
PRJNA432286	SRR8652777	SAMN08443734	PRJNA432286	2014-02-13	Australia	2019-03-03
PRJNA432286	SRR8652781	SAMN08443730	PRJNA432286	2013-11-13	Australia	2019-03-03
PRJNA432286	SRR8652782	SAMN08443729	PRJNA432286	2013-12-06	Australia	2019-03-03
PRJNA432286	SRR8652784	SAMN08443731	PRJNA432286	2013-10-03	Australia	2019-03-03
PRJNA432286	SRR8652786	SAMN08443725	PRJNA432286	2013-11-21	Australia	2019-03-03
PRJNA432286	SRR8652789	SAMN08443757	PRJNA432286	2015-01-29	Australia	2019-03-03
PRJNA432286	SRR8652790	SAMN08443774	PRJNA432286	2016-03-11	Australia	2019-03-03
PRJNA432286	SRR8652791	SAMN08443713	PRJNA432286	2013-03-05	Australia	2019-03-03
PRJNA432286	SRR8652792	SAMN08443722	PRJNA432286	2013-07-16	Australia	2019-03-03
PRJNA432286	SRR8652793	SAMN08443723	PRJNA432286	2013-12-31	Australia	2019-03-03
PRJNA432286	SRR8652795	SAMN08443747	PRJNA432286	2014-08-05	Australia	2019-03-03
PRJNA432286	SRR8652719	SAMN08443782	PRJNA432286	2017-07-04	Australia	2019-03-03
PRJNA432286	SRR8652721	SAMN08443775	PRJNA432286	2016-06-11	Australia	2019-03-03
PRJNA432286	SRR8652722	SAMN08443776	PRJNA432286	2016-10-25	Australia	2019-03-03
PRJNA432286	SRR8652723	SAMN08443710	PRJNA432286	2013-07-03	Australia	2019-03-03
PRJNA432286	SRR8652725	SAMN08443778	PRJNA432286	2017-01-10	Australia	2019-03-03
PRJNA432286	SRR8652726	SAMN08443781	PRJNA432286	2017-07-04	Australia	2019-03-03
PRJNA432286	SRR8652730	SAMN08443777	PRJNA432286	2017-01-03	Australia	2019-03-03
PRJNA432286	SRR8652733	SAMN08443759	PRJNA432286	2015-01-12	Australia	2019-03-03
PRJNA432286	SRR8652734	SAMN08443760	PRJNA432286	2015-02-05	Australia	2019-03-03
PRJNA432286	SRR8652736	SAMN08443762	PRJNA432286	2015-08-06	Australia	2019-03-03
PRJNA432286	SRR8652738	SAMN08443756	PRJNA432286	2015-01-06	Australia	2019-03-03
PRJNA432286	SRR8652741	SAMN08443741	PRJNA432286	2015-02-23	Australia	2019-03-03
PRJNA432286	SRR8652745	SAMN08443737	PRJNA432286	2014-02-13	Australia	2019-03-03
PRJNA432286	SRR8652749	SAMN08443715	PRJNA432286	2013-05-09	Australia	2019-03-03
PRJNA432286	SRR8652751	SAMN08443717	PRJNA432286	2014-01-14	Australia	2019-03-03
PRJNA432286	SRR8652757	SAMN08443745	PRJNA432286	2015-03-11	Australia	2019-03-03
PRJNA432286	SRR8652760	SAMN08443709	PRJNA432286	2013-03-11	Australia	2019-03-03
PRJNA432286	SRR8652762	SAMN08443751	PRJNA432286	2014-12-26	Australia	2019-03-03
PRJNA432286	SRR8652763	SAMN08443712	PRJNA432286	2013-04-24	Australia	2019-03-03
PRJNA432286	SRR8652772	SAMN08443749	PRJNA432286	2014-09-03	Australia	2019-03-03
PRJNA432286	SRR8652774	SAMN08443765	PRJNA432286	2015-09-28	Australia	2019-03-03
PRJNA432286	SRR8652775	SAMN08443754	PRJNA432286	2015-03-18	Australia	2019-03-03
PRJNA432286	SRR8652776	SAMN08443753	PRJNA432286	2014-07-24	Australia	2019-03-03
PRJNA432286	SRR8652778	SAMN08443733	PRJNA432286	2014-03-06	Australia	2019-03-03
PRJNA432286	SRR8652780	SAMN08443771	PRJNA432286	2016-01-02	Australia	2019-03-03
PRJNA432286	SRR8652785	SAMN08443726	PRJNA432286	2013-10-29	Australia	2019-03-03
PRJNA432286	SRR8652787	SAMN08443728	PRJNA432286	2014-01-14	Australia	2019-03-03
PRJNA486745	SRR7908033	SAMN09862822	PRJNA486745	1954	Japan	2018-09-29
PRJNA486745	SRR7908034	SAMN09862835	PRJNA486745	2014	France	2018-09-28
PRJNA489102	SRR8661689	SAMN09947477	PRJNA489102	2014	China	2019-09-27
PRJNA489102	SRR8661694	SAMN09947480	PRJNA489102	2014	China	2019-09-27
PRJNA489102	SRR8661708	SAMN09947504	PRJNA489102	2015	China	2019-09-27
PRJNA489102	SRR8661709	SAMN09947456	PRJNA489102	2012	China	2019-09-27
PRJNA489102	SRR8661714	SAMN09947461	PRJNA489102	2013	China	2019-09-27
PRJNA489102	SRR8661718	SAMN09947465	PRJNA489102	2014	China	2019-09-27
PRJNA489102	SRR8661721	SAMN09947472	PRJNA489102	2014	China	2019-09-27
PRJNA489102	SRR8661725	SAMN09947468	PRJNA489102	2014	China	2019-09-27
PRJNA489102	SRR8661727	SAMN09947494	PRJNA489102	2015	China	2019-09-27
PRJNA489102	SRR8661728	SAMN09947495	PRJNA489102	2015	China	2019-09-27
PRJNA489102	SRR8661731	SAMN09947488	PRJNA489102	2015	China	2019-09-27
PRJNA489102	SRR8661734	SAMN09947487	PRJNA489102	2015	China	2019-09-27
PRJNA489102	SRR8661687	SAMN09947490	PRJNA489102	2015	China	2019-09-27
PRJNA489102	SRR8661688	SAMN09947491	PRJNA489102	2015	China	2019-09-27
PRJNA489102	SRR8661690	SAMN09947476	PRJNA489102	2014	China	2019-09-27
PRJNA489102	SRR8661691	SAMN09947479	PRJNA489102	2014	China	2019-09-27
PRJNA489102	SRR8661698	SAMN09947484	PRJNA489102	2015	China	2019-09-27
PRJNA489102	SRR8661700	SAMN09947502	PRJNA489102	2015	China	2019-09-27
PRJNA489102	SRR8661701	SAMN09947501	PRJNA489102	2015	China	2019-09-27
PRJNA489102	SRR8661702	SAMN09947500	PRJNA489102	2015	China	2019-09-27
PRJNA489102	SRR8661703	SAMN09947499	PRJNA489102	2015	China	2019-09-27
PRJNA489102	SRR8661706	SAMN09947496	PRJNA489102	2015	China	2019-09-27
PRJNA489102	SRR8661707	SAMN09947505	PRJNA489102	2015	China	2019-09-27
PRJNA489102	SRR8661711	SAMN09947458	PRJNA489102	2012	China	2019-09-27
PRJNA489102	SRR8661715	SAMN09947462	PRJNA489102	2013	China	2019-09-27
PRJNA489102	SRR8661716	SAMN09947463	PRJNA489102	2013	China	2019-09-27
PRJNA489102	SRR8661717	SAMN09947464	PRJNA489102	2013	China	2019-09-27
PRJNA489102	SRR8661726	SAMN09947469	PRJNA489102	2014	China	2019-09-27
PRJNA489102	SRR8661730	SAMN09947475	PRJNA489102	2014	China	2019-09-27
PRJNA489102	SRR8661735	SAMN09947492	PRJNA489102	2015	China	2019-09-27
PRJNA489102	SRR8661686	SAMN09947493	PRJNA489102	2015	China	2019-09-27
PRJNA489102	SRR8661692	SAMN09947478	PRJNA489102	2014	China	2019-09-27
PRJNA489102	SRR8661693	SAMN09947481	PRJNA489102	2015	China	2019-09-27
PRJNA489102	SRR8661695	SAMN09947483	PRJNA489102	2015	China	2019-09-27
PRJNA489102	SRR8661696	SAMN09947482	PRJNA489102	2015	China	2019-09-27
PRJNA489102	SRR8661697	SAMN09947485	PRJNA489102	2015	China	2019-09-27
PRJNA489102	SRR8661699	SAMN09947503	PRJNA489102	2015	China	2019-09-27
PRJNA489102	SRR8661704	SAMN09947498	PRJNA489102	2015	China	2019-09-27
PRJNA489102	SRR8661705	SAMN09947497	PRJNA489102	2015	China	2019-09-27
PRJNA489102	SRR8661710	SAMN09947457	PRJNA489102	2012	China	2019-09-27
PRJNA489102	SRR8661712	SAMN09947459	PRJNA489102	2013	China	2019-09-27
PRJNA489102	SRR8661713	SAMN09947460	PRJNA489102	2013	China	2019-09-27
PRJNA489102	SRR8661719	SAMN09947470	PRJNA489102	2014	China	2019-09-27
PRJNA489102	SRR8661720	SAMN09947471	PRJNA489102	2014	China	2019-09-27
PRJNA489102	SRR8661722	SAMN09947473	PRJNA489102	2014	China	2019-09-27
PRJNA489102	SRR8661723	SAMN09947466	PRJNA489102	2014	China	2019-09-27
PRJNA489102	SRR8661724	SAMN09947467	PRJNA489102	2014	China	2019-09-27
PRJNA489102	SRR8661729	SAMN09947474	PRJNA489102	2014	China	2019-09-27
PRJNA489102	SRR8661732	SAMN09947489	PRJNA489102	2015	China	2019-09-27
PRJNA489102	SRR8661733	SAMN09947486	PRJNA489102	2015	China	2019-09-27
PRJNA562796	SRR16760156	SAMN22858008	PRJNA562796	2008	Australia	2022-08-12
PRJNA562796	SRR16760158	SAMN22858007	PRJNA562796	2009	Australia	2022-08-12
PRJNA562796	SRR16760168	SAMN22857926	PRJNA562796	2008	Australia	2022-08-12
PRJNA562796	SRR16760171	SAMN22857995	PRJNA562796	2008	Australia	2022-08-12
PRJNA562796	SRR16760173	SAMN22857993	PRJNA562796	2009	Australia	2022-08-12
PRJNA562796	SRR16760175	SAMN22857991	PRJNA562796	2009	Australia	2022-08-12
PRJNA562796	SRR16760182	SAMN22857985	PRJNA562796	2009	Australia	2022-08-12
PRJNA562796	SRR16760184	SAMN22857983	PRJNA562796	2009	Australia	2022-08-12
PRJNA562796	SRR16760185	SAMN22857982	PRJNA562796	2009	Australia	2022-08-12
PRJNA562796	SRR16760186	SAMN22857981	PRJNA562796	2009	Australia	2022-08-12
PRJNA562796	SRR16760188	SAMN22857979	PRJNA562796	2010	Australia	2022-08-12
PRJNA562796	SRR16760189	SAMN22857978	PRJNA562796	2008	Australia	2022-08-12
PRJNA562796	SRR16760193	SAMN22857975	PRJNA562796	2010	Australia	2022-08-12
PRJNA562796	SRR16760194	SAMN22857974	PRJNA562796	2009	Australia	2022-08-12
PRJNA562796	SRR16760195	SAMN22857973	PRJNA562796	2008	Australia	2022-08-12
PRJNA562796	SRR16760196	SAMN22857972	PRJNA562796	2008	Australia	2022-08-12
PRJNA562796	SRR16760198	SAMN22857970	PRJNA562796	2008	Australia	2022-08-12
PRJNA562796	SRR16760202	SAMN22857967	PRJNA562796	2009	Australia	2022-08-12
PRJNA562796	SRR16760205	SAMN22857964	PRJNA562796	2009	Australia	2022-08-12
PRJNA562796	SRR16760206	SAMN22857963	PRJNA562796	2009	Australia	2022-08-12
PRJNA562796	SRR16760212	SAMN22857922	PRJNA562796	2008	Australia	2022-08-12
PRJNA562796	SRR16760215	SAMN22857955	PRJNA562796	2009	Australia	2022-08-12
PRJNA562796	SRR16760221	SAMN22857949	PRJNA562796	2009	Australia	2022-08-12
PRJNA562796	SRR16760231	SAMN22858196	PRJNA562796	2012	Australia	2022-08-12
PRJNA562796	SRR16760240	SAMN22857945	PRJNA562796	2009	Australia	2022-08-12
PRJNA562796	SRR16760250	SAMN22858178	PRJNA562796	2012	Australia	2022-08-12
PRJNA562796	SRR16760253	SAMN22858176	PRJNA562796	2012	Australia	2022-08-12
PRJNA562796	SRR16760255	SAMN22858174	PRJNA562796	2011	Australia	2022-08-12
PRJNA562796	SRR16760256	SAMN22858173	PRJNA562796	2011	Australia	2022-08-12
PRJNA562796	SRR16760258	SAMN22858171	PRJNA562796	2011	Australia	2022-08-12
PRJNA562796	SRR16760260	SAMN22858169	PRJNA562796	2011	Australia	2022-08-12
PRJNA562796	SRR16760264	SAMN22858166	PRJNA562796	2011	Australia	2022-08-12
PRJNA562796	SRR16760267	SAMN22858163	PRJNA562796	2011	Australia	2022-08-12
PRJNA562796	SRR16760270	SAMN22858160	PRJNA562796	2011	Australia	2022-08-12
PRJNA562796	SRR16760271	SAMN22858159	PRJNA562796	2011	Australia	2022-08-12
PRJNA562796	SRR16760276	SAMN22858155	PRJNA562796	2011	Australia	2022-08-12
PRJNA562796	SRR16760281	SAMN22858150	PRJNA562796	2012	Australia	2022-08-12
PRJNA562796	SRR16760291	SAMN22858141	PRJNA562796	2011	Australia	2022-08-12
PRJNA562796	SRR16760293	SAMN22858139	PRJNA562796	2011	Australia	2022-08-12
PRJNA562796	SRR16760294	SAMN22858138	PRJNA562796	2011	Australia	2022-08-12
PRJNA562796	SRR16760295	SAMN22857940	PRJNA562796	2009	Australia	2022-08-12
PRJNA562796	SRR16760296	SAMN22858137	PRJNA562796	2011	Australia	2022-08-12
PRJNA562796	SRR16760300	SAMN22858133	PRJNA562796	2011	Australia	2022-08-12
PRJNA562796	SRR16760303	SAMN22858130	PRJNA562796	2011	Australia	2022-08-12
PRJNA562796	SRR16760307	SAMN22858127	PRJNA562796	2011	Australia	2022-08-12
PRJNA562796	SRR16760308	SAMN22858126	PRJNA562796	2011	Australia	2022-08-12
PRJNA562796	SRR16760317	SAMN22857938	PRJNA562796	2009	Australia	2022-08-12
PRJNA562796	SRR16760319	SAMN22858117	PRJNA562796	2011	Australia	2022-08-12
PRJNA562796	SRR16760324	SAMN22858112	PRJNA562796	2010	Australia	2022-08-12
PRJNA562796	SRR16760325	SAMN22858111	PRJNA562796	2010	Australia	2022-08-12
PRJNA562796	SRR16760326	SAMN22858110	PRJNA562796	2010	Australia	2022-08-12
PRJNA562796	SRR16760329	SAMN22857937	PRJNA562796	2009	Australia	2022-08-12
PRJNA562796	SRR16760332	SAMN22858105	PRJNA562796	2011	Australia	2022-08-12
PRJNA562796	SRR16760333	SAMN22858104	PRJNA562796	2011	Australia	2022-08-12
PRJNA562796	SRR16760338	SAMN22858099	PRJNA562796	2011	Australia	2022-08-12
PRJNA562796	SRR16760339	SAMN22858098	PRJNA562796	2011	Australia	2022-08-12
PRJNA562796	SRR16760345	SAMN22858093	PRJNA562796	2010	Australia	2022-08-12
PRJNA562796	SRR16760346	SAMN22858092	PRJNA562796	2010	Australia	2022-08-12
PRJNA562796	SRR16760352	SAMN22858087	PRJNA562796	2009	Australia	2022-08-12
PRJNA562796	SRR16760353	SAMN22858086	PRJNA562796	2010	Australia	2022-08-12
PRJNA562796	SRR16760358	SAMN22858081	PRJNA562796	2009	Australia	2022-08-12
PRJNA562796	SRR16760362	SAMN22857934	PRJNA562796	2009	Australia	2022-08-12
PRJNA562796	SRR16760363	SAMN22858077	PRJNA562796	2010	Australia	2022-08-12
PRJNA562796	SRR16760365	SAMN22858075	PRJNA562796	2010	Australia	2022-08-12
PRJNA562796	SRR16760370	SAMN22858070	PRJNA562796	2009	Australia	2022-08-12
PRJNA562796	SRR16760371	SAMN22858069	PRJNA562796	2009	Australia	2022-08-12
PRJNA562796	SRR16760373	SAMN22857933	PRJNA562796	2009	Australia	2022-08-12
PRJNA562796	SRR16760374	SAMN22858067	PRJNA562796	2010	Australia	2022-08-12
PRJNA562796	SRR16760375	SAMN22858066	PRJNA562796	2010	Australia	2022-08-12
PRJNA562796	SRR16760376	SAMN22858065	PRJNA562796	2010	Australia	2022-08-12
PRJNA562796	SRR16760379	SAMN22858062	PRJNA562796	2009	Australia	2022-08-12
PRJNA562796	SRR16760380	SAMN22858061	PRJNA562796	2009	Australia	2022-08-12
PRJNA562796	SRR16760383	SAMN22858058	PRJNA562796	2010	Australia	2022-08-12
PRJNA562796	SRR16760385	SAMN22858057	PRJNA562796	2009	Australia	2022-08-12
PRJNA562796	SRR16760386	SAMN22858056	PRJNA562796	2009	Australia	2022-08-12
PRJNA562796	SRR16760387	SAMN22858055	PRJNA562796	2009	Australia	2022-08-12
PRJNA562796	SRR16760390	SAMN22858052	PRJNA562796	2010	Australia	2022-08-12
PRJNA562796	SRR16760393	SAMN22858049	PRJNA562796	2009	Australia	2022-08-12
PRJNA562796	SRR16760395	SAMN22857931	PRJNA562796	2008	Australia	2022-08-12
PRJNA562796	SRR16760404	SAMN22858039	PRJNA562796	2010	Australia	2022-08-12
PRJNA562796	SRR16760406	SAMN22857930	PRJNA562796	2008	Australia	2022-08-12
PRJNA562796	SRR16760408	SAMN22858036	PRJNA562796	2010	Australia	2022-08-12
PRJNA562796	SRR16760409	SAMN22858035	PRJNA562796	2010	Australia	2022-08-12
PRJNA562796	SRR16760413	SAMN22858031	PRJNA562796	2010	Australia	2022-08-12
PRJNA562796	SRR16760414	SAMN22858030	PRJNA562796	2010	Australia	2022-08-12
PRJNA562796	SRR16760416	SAMN22858028	PRJNA562796	2010	Australia	2022-08-12
PRJNA562796	SRR16760418	SAMN22858027	PRJNA562796	2010	Australia	2022-08-12
PRJNA562796	SRR16760421	SAMN22858024	PRJNA562796	2009	Australia	2022-08-12
PRJNA562796	SRR16760424	SAMN22858021	PRJNA562796	2009	Australia	2022-08-12
PRJNA562796	SRR16760426	SAMN22858019	PRJNA562796	2009	Australia	2022-08-12
PRJNA562796	SRR16760427	SAMN22858018	PRJNA562796	2009	Australia	2022-08-12
PRJNA562796	SRR16760147	SAMN22858017	PRJNA562796	2009	Australia	2022-08-12
PRJNA562796	SRR16760148	SAMN22858016	PRJNA562796	2009	Australia	2022-08-12
PRJNA562796	SRR16760149	SAMN22858015	PRJNA562796	2009	Australia	2022-08-12
PRJNA562796	SRR16760150	SAMN22858014	PRJNA562796	2008	Australia	2022-08-12
PRJNA562796	SRR16760153	SAMN22858011	PRJNA562796	2009	Australia	2022-08-12
PRJNA562796	SRR16760155	SAMN22858009	PRJNA562796	2009	Australia	2022-08-12
PRJNA562796	SRR16760161	SAMN22858004	PRJNA562796	2010	Australia	2022-08-12
PRJNA562796	SRR16760165	SAMN22858000	PRJNA562796	2008	Australia	2022-08-12
PRJNA562796	SRR16760176	SAMN22857990	PRJNA562796	2008	Australia	2022-08-12
PRJNA562796	SRR16760180	SAMN22857987	PRJNA562796	2009	Australia	2022-08-12
PRJNA562796	SRR16760183	SAMN22857984	PRJNA562796	2009	Australia	2022-08-12
PRJNA562796	SRR16760187	SAMN22857980	PRJNA562796	2009	Australia	2022-08-12
PRJNA562796	SRR16760190	SAMN22857924	PRJNA562796	2008	Australia	2022-08-12
PRJNA562796	SRR16760192	SAMN22857976	PRJNA562796	2009	Australia	2022-08-12
PRJNA562796	SRR16760197	SAMN22857971	PRJNA562796	2008	Australia	2022-08-12
PRJNA562796	SRR16760203	SAMN22857966	PRJNA562796	2009	Australia	2022-08-12
PRJNA562796	SRR16760208	SAMN22857961	PRJNA562796	2009	Australia	2022-08-12
PRJNA562796	SRR16760209	SAMN22857960	PRJNA562796	2009	Australia	2022-08-12
PRJNA562796	SRR16760213	SAMN22857957	PRJNA562796	2009	Australia	2022-08-12
PRJNA562796	SRR16760214	SAMN22857956	PRJNA562796	2009	Australia	2022-08-12
PRJNA562796	SRR16760218	SAMN22857952	PRJNA562796	2009	Australia	2022-08-12
PRJNA562796	SRR16760220	SAMN22857950	PRJNA562796	2009	Australia	2022-08-12
PRJNA562796	SRR16760225	SAMN03466640	PRJNA562796	2009-02-27	missing	2022-08-12
PRJNA562796	SRR16760226	SAMN22858200	PRJNA562796	2008	Australia	2022-08-12
PRJNA562796	SRR16760227	SAMN22858199	PRJNA562796	2012	Australia	2022-08-12
PRJNA562796	SRR16760232	SAMN22858195	PRJNA562796	2012	Australia	2022-08-12
PRJNA562796	SRR16760233	SAMN22858194	PRJNA562796	2012	Australia	2022-08-12
PRJNA562796	SRR16760234	SAMN22858193	PRJNA562796	2012	Australia	2022-08-12
PRJNA562796	SRR16760235	SAMN22858192	PRJNA562796	2012	Australia	2022-08-12
PRJNA562796	SRR16760237	SAMN22858190	PRJNA562796	2012	Australia	2022-08-12
PRJNA562796	SRR16760243	SAMN22858185	PRJNA562796	2012	Australia	2022-08-12
PRJNA562796	SRR16760249	SAMN22858179	PRJNA562796	2012	Australia	2022-08-12
PRJNA562796	SRR16760252	SAMN22858177	PRJNA562796	2012	Australia	2022-08-12
PRJNA562796	SRR16760261	SAMN22858168	PRJNA562796	2011	Australia	2022-08-12
PRJNA562796	SRR16760263	SAMN22858167	PRJNA562796	2011	Australia	2022-08-12
PRJNA562796	SRR16760265	SAMN22858165	PRJNA562796	2011	Australia	2022-08-12
PRJNA562796	SRR16760266	SAMN22858164	PRJNA562796	2011	Australia	2022-08-12
PRJNA562796	SRR16760268	SAMN22858162	PRJNA562796	2011	Australia	2022-08-12
PRJNA562796	SRR16760272	SAMN22858158	PRJNA562796	2011	Australia	2022-08-12
PRJNA562796	SRR16760275	SAMN22858156	PRJNA562796	2011	Australia	2022-08-12
PRJNA562796	SRR16760279	SAMN22858152	PRJNA562796	2012	Australia	2022-08-12
PRJNA562796	SRR16760282	SAMN22858149	PRJNA562796	2011	Australia	2022-08-12
PRJNA562796	SRR16760284	SAMN22857941	PRJNA562796	2009	Australia	2022-08-12
PRJNA562796	SRR16760286	SAMN22858146	PRJNA562796	2011	Australia	2022-08-12
PRJNA562796	SRR16760287	SAMN22858145	PRJNA562796	2011	Australia	2022-08-12
PRJNA562796	SRR16760288	SAMN22858144	PRJNA562796	2011	Australia	2022-08-12
PRJNA562796	SRR16760289	SAMN22858143	PRJNA562796	2011	Australia	2022-08-12
PRJNA562796	SRR16760292	SAMN22858140	PRJNA562796	2011	Australia	2022-08-12
PRJNA562796	SRR16760297	SAMN22858136	PRJNA562796	2011	Australia	2022-08-12
PRJNA562796	SRR16760298	SAMN22858135	PRJNA562796	2011	Australia	2022-08-12
PRJNA562796	SRR16760301	SAMN22858132	PRJNA562796	2011	Australia	2022-08-12
PRJNA562796	SRR16760304	SAMN22858129	PRJNA562796	2011	Australia	2022-08-12
PRJNA562796	SRR16760305	SAMN22858128	PRJNA562796	2011	Australia	2022-08-12
PRJNA562796	SRR16760311	SAMN22858123	PRJNA562796	2011	Australia	2022-08-12
PRJNA562796	SRR16760312	SAMN22858122	PRJNA562796	2011	Australia	2022-08-12
PRJNA562796	SRR16760313	SAMN22858121	PRJNA562796	2011	Australia	2022-08-12
PRJNA562796	SRR16760315	SAMN22858119	PRJNA562796	2011	Australia	2022-08-12
PRJNA562796	SRR16760318	SAMN22857920	PRJNA562796	2008	Australia	2022-08-12
PRJNA562796	SRR16760321	SAMN22858115	PRJNA562796	2010	Australia	2022-08-12
PRJNA562796	SRR16760330	SAMN22858107	PRJNA562796	2011	Australia	2022-08-12
PRJNA562796	SRR16760335	SAMN22858102	PRJNA562796	2011	Australia	2022-08-12
PRJNA562796	SRR16760336	SAMN22858101	PRJNA562796	2011	Australia	2022-08-12
PRJNA562796	SRR16760347	SAMN22858091	PRJNA562796	2010	Australia	2022-08-12
PRJNA562796	SRR16760348	SAMN22858090	PRJNA562796	2010	Australia	2022-08-12
PRJNA562796	SRR16760349	SAMN22858089	PRJNA562796	2010	Australia	2022-08-12
PRJNA562796	SRR16760351	SAMN22857935	PRJNA562796	2009	Australia	2022-08-12
PRJNA562796	SRR16760356	SAMN22858083	PRJNA562796	2010	Australia	2022-08-12
PRJNA562796	SRR16760357	SAMN22858082	PRJNA562796	2010	Australia	2022-08-12
PRJNA562796	SRR16760361	SAMN22858078	PRJNA562796	2009	Australia	2022-08-12
PRJNA562796	SRR16760364	SAMN22858076	PRJNA562796	2010	Australia	2022-08-12
PRJNA562796	SRR16760366	SAMN22858074	PRJNA562796	2010	Australia	2022-08-12
PRJNA562796	SRR16760382	SAMN22858059	PRJNA562796	2010	Australia	2022-08-12
PRJNA562796	SRR16760399	SAMN22858044	PRJNA562796	2008	Australia	2022-08-12
PRJNA562796	SRR16760405	SAMN22858038	PRJNA562796	2010	Australia	2022-08-12
PRJNA562796	SRR16760407	SAMN22858037	PRJNA562796	2010	Australia	2022-08-12
PRJNA562796	SRR16760411	SAMN22858033	PRJNA562796	2010	Australia	2022-08-12
PRJNA562796	SRR16760412	SAMN22858032	PRJNA562796	2010	Australia	2022-08-12
PRJNA562796	SRR16760419	SAMN22858026	PRJNA562796	2010	Australia	2022-08-12
PRJNA562796	SRR16760423	SAMN22858022	PRJNA562796	2009	Australia	2022-08-12
PRJNA562796	SRR16760428	SAMN22857928	PRJNA562796	2008	Australia	2022-08-12
PRJNA562796	SRR16760429	SAMN22857919	PRJNA562796	2008	Australia	2022-08-12
PRJNA562796	SRR16760151	SAMN22858013	PRJNA562796	2008	Australia	2022-08-12
PRJNA562796	SRR16760152	SAMN22858012	PRJNA562796	2008	Australia	2022-08-12
PRJNA562796	SRR16760154	SAMN22858010	PRJNA562796	2008	Australia	2022-08-12
PRJNA562796	SRR16760157	SAMN22857927	PRJNA562796	2008	Australia	2022-08-12
PRJNA562796	SRR16760159	SAMN22858006	PRJNA562796	2008	Australia	2022-08-12
PRJNA562796	SRR16760160	SAMN22858005	PRJNA562796	2008	Australia	2022-08-12
PRJNA562796	SRR16760162	SAMN22858003	PRJNA562796	2009	Australia	2022-08-12
PRJNA562796	SRR16760163	SAMN22858002	PRJNA562796	2008	Australia	2022-08-12
PRJNA562796	SRR16760164	SAMN22858001	PRJNA562796	2009	Australia	2022-08-12
PRJNA562796	SRR16760166	SAMN22857999	PRJNA562796	2008	Australia	2022-08-12
PRJNA562796	SRR16760167	SAMN22857998	PRJNA562796	2008	Australia	2022-08-12
PRJNA562796	SRR16760169	SAMN22857997	PRJNA562796	2009	Australia	2022-08-12
PRJNA562796	SRR16760170	SAMN22857996	PRJNA562796	2008	Australia	2022-08-12
PRJNA562796	SRR16760172	SAMN22857994	PRJNA562796	2009	Australia	2022-08-12
PRJNA562796	SRR16760174	SAMN22857992	PRJNA562796	2009	Australia	2022-08-12
PRJNA562796	SRR16760177	SAMN22857989	PRJNA562796	2008	Australia	2022-08-12
PRJNA562796	SRR16760178	SAMN22857988	PRJNA562796	2009	Australia	2022-08-12
PRJNA562796	SRR16760179	SAMN22857925	PRJNA562796	2008	Australia	2022-08-12
PRJNA562796	SRR16760181	SAMN22857986	PRJNA562796	2009	Australia	2022-08-12
PRJNA562796	SRR16760191	SAMN22857977	PRJNA562796	2009	Australia	2022-08-12
PRJNA562796	SRR16760199	SAMN22857969	PRJNA562796	2009	Australia	2022-08-12
PRJNA562796	SRR16760200	SAMN22857968	PRJNA562796	2009	Australia	2022-08-12
PRJNA562796	SRR16760201	SAMN22857923	PRJNA562796	2008	Australia	2022-08-12
PRJNA562796	SRR16760204	SAMN22857965	PRJNA562796	2009	Australia	2022-08-12
PRJNA562796	SRR16760207	SAMN22857962	PRJNA562796	2009	Australia	2022-08-12
PRJNA562796	SRR16760210	SAMN22857959	PRJNA562796	2009	Australia	2022-08-12
PRJNA562796	SRR16760211	SAMN22857958	PRJNA562796	2009	Australia	2022-08-12
PRJNA562796	SRR16760216	SAMN22857954	PRJNA562796	2009	Australia	2022-08-12
PRJNA562796	SRR16760217	SAMN22857953	PRJNA562796	2009	Australia	2022-08-12
PRJNA562796	SRR16760219	SAMN22857951	PRJNA562796	2009	Australia	2022-08-12
PRJNA562796	SRR16760222	SAMN22857948	PRJNA562796	2009	Australia	2022-08-12
PRJNA562796	SRR16760223	SAMN22857921	PRJNA562796	2008	Australia	2022-08-12
PRJNA562796	SRR16760224	SAMN22857947	PRJNA562796	2009	Australia	2022-08-12
PRJNA562796	SRR16760228	SAMN22858198	PRJNA562796	2012	Australia	2022-08-12
PRJNA562796	SRR16760229	SAMN22857946	PRJNA562796	2009	Australia	2022-08-12
PRJNA562796	SRR16760230	SAMN22858197	PRJNA562796	2012	Australia	2022-08-12
PRJNA562796	SRR16760236	SAMN22858191	PRJNA562796	2012	Australia	2022-08-12
PRJNA562796	SRR16760238	SAMN22858189	PRJNA562796	2012	Australia	2022-08-12
PRJNA562796	SRR16760239	SAMN22858188	PRJNA562796	2012	Australia	2022-08-12
PRJNA562796	SRR16760241	SAMN22858187	PRJNA562796	2012	Australia	2022-08-12
PRJNA562796	SRR16760242	SAMN22858186	PRJNA562796	2012	Australia	2022-08-12
PRJNA562796	SRR16760244	SAMN22858184	PRJNA562796	2012	Australia	2022-08-12
PRJNA562796	SRR16760245	SAMN22858183	PRJNA562796	2012	Australia	2022-08-12
PRJNA562796	SRR16760246	SAMN22858182	PRJNA562796	2012	Australia	2022-08-12
PRJNA562796	SRR16760247	SAMN22858181	PRJNA562796	2012	Australia	2022-08-12
PRJNA562796	SRR16760248	SAMN22858180	PRJNA562796	2012	Australia	2022-08-12
PRJNA562796	SRR16760251	SAMN22857944	PRJNA562796	2009	Australia	2022-08-12
PRJNA562796	SRR16760254	SAMN22858175	PRJNA562796	2012	Australia	2022-08-12
PRJNA562796	SRR16760257	SAMN22858172	PRJNA562796	2011	Australia	2022-08-12
PRJNA562796	SRR16760259	SAMN22858170	PRJNA562796	2011	Australia	2022-08-12
PRJNA562796	SRR16760262	SAMN22857943	PRJNA562796	2009	Australia	2022-08-12
PRJNA562796	SRR16760269	SAMN22858161	PRJNA562796	2011	Australia	2022-08-12
PRJNA562796	SRR16760273	SAMN22857942	PRJNA562796	2009	Australia	2022-08-12
PRJNA562796	SRR16760274	SAMN22858157	PRJNA562796	2011	Australia	2022-08-12
PRJNA562796	SRR16760277	SAMN22858154	PRJNA562796	2011	Australia	2022-08-12
PRJNA562796	SRR16760278	SAMN22858153	PRJNA562796	2012	Australia	2022-08-12
PRJNA562796	SRR16760280	SAMN22858151	PRJNA562796	2012	Australia	2022-08-12
PRJNA562796	SRR16760283	SAMN22858148	PRJNA562796	2011	Australia	2022-08-12
PRJNA562796	SRR16760285	SAMN22858147	PRJNA562796	2011	Australia	2022-08-12
PRJNA562796	SRR16760290	SAMN22858142	PRJNA562796	2011	Australia	2022-08-12
PRJNA562796	SRR16760299	SAMN22858134	PRJNA562796	2011	Australia	2022-08-12
PRJNA562796	SRR16760302	SAMN22858131	PRJNA562796	2011	Australia	2022-08-12
PRJNA562796	SRR16760306	SAMN22857939	PRJNA562796	2009	Australia	2022-08-12
PRJNA562796	SRR16760309	SAMN22858125	PRJNA562796	2011	Australia	2022-08-12
PRJNA562796	SRR16760310	SAMN22858124	PRJNA562796	2011	Australia	2022-08-12
PRJNA562796	SRR16760314	SAMN22858120	PRJNA562796	2011	Australia	2022-08-12
PRJNA562796	SRR16760316	SAMN22858118	PRJNA562796	2011	Australia	2022-08-12
PRJNA562796	SRR16760320	SAMN22858116	PRJNA562796	2010	Australia	2022-08-12
PRJNA562796	SRR16760322	SAMN22858114	PRJNA562796	2010	Australia	2022-08-12
PRJNA562796	SRR16760323	SAMN22858113	PRJNA562796	2010	Australia	2022-08-12
PRJNA562796	SRR16760327	SAMN22858109	PRJNA562796	2010	Australia	2022-08-12
PRJNA562796	SRR16760328	SAMN22858108	PRJNA562796	2011	Australia	2022-08-12
PRJNA562796	SRR16760331	SAMN22858106	PRJNA562796	2011	Australia	2022-08-12
PRJNA562796	SRR16760334	SAMN22858103	PRJNA562796	2011	Australia	2022-08-12
PRJNA562796	SRR16760337	SAMN22858100	PRJNA562796	2011	Australia	2022-08-12
PRJNA562796	SRR16760340	SAMN22857936	PRJNA562796	2009	Australia	2022-08-12
PRJNA562796	SRR16760341	SAMN22858097	PRJNA562796	2011	Australia	2022-08-12
PRJNA562796	SRR16760342	SAMN22858096	PRJNA562796	2011	Australia	2022-08-12
PRJNA562796	SRR16760343	SAMN22858095	PRJNA562796	2011	Australia	2022-08-12
PRJNA562796	SRR16760344	SAMN22858094	PRJNA562796	2011	Australia	2022-08-12
PRJNA562796	SRR16760350	SAMN22858088	PRJNA562796	2009	Australia	2022-08-12
PRJNA562796	SRR16760354	SAMN22858085	PRJNA562796	2010	Australia	2022-08-12
PRJNA562796	SRR16760355	SAMN22858084	PRJNA562796	2010	Australia	2022-08-12
PRJNA562796	SRR16760359	SAMN22858080	PRJNA562796	2009	Australia	2022-08-12
PRJNA562796	SRR16760360	SAMN22858079	PRJNA562796	2009	Australia	2022-08-12
PRJNA562796	SRR16760367	SAMN22858073	PRJNA562796	2009	Australia	2022-08-12
PRJNA562796	SRR16760368	SAMN22858072	PRJNA562796	2009	Australia	2022-08-12
PRJNA562796	SRR16760369	SAMN22858071	PRJNA562796	2009	Australia	2022-08-12
PRJNA562796	SRR16760372	SAMN22858068	PRJNA562796	2010	Australia	2022-08-12
PRJNA562796	SRR16760377	SAMN22858064	PRJNA562796	2009	Australia	2022-08-12
PRJNA562796	SRR16760378	SAMN22858063	PRJNA562796	2009	Australia	2022-08-12
PRJNA562796	SRR16760381	SAMN22858060	PRJNA562796	2010	Australia	2022-08-12
PRJNA562796	SRR16760384	SAMN22857932	PRJNA562796	2008	Australia	2022-08-12
PRJNA562796	SRR16760388	SAMN22858054	PRJNA562796	2009	Australia	2022-08-12
PRJNA562796	SRR16760389	SAMN22858053	PRJNA562796	2008	Australia	2022-08-12
PRJNA562796	SRR16760391	SAMN22858051	PRJNA562796	2010	Australia	2022-08-12
PRJNA562796	SRR16760392	SAMN22858050	PRJNA562796	2010	Australia	2022-08-12
PRJNA562796	SRR16760394	SAMN22858048	PRJNA562796	2009	Australia	2022-08-12
PRJNA562796	SRR16760396	SAMN22858047	PRJNA562796	2009	Australia	2022-08-12
PRJNA562796	SRR16760397	SAMN22858046	PRJNA562796	2009	Australia	2022-08-12
PRJNA562796	SRR16760398	SAMN22858045	PRJNA562796	2008	Australia	2022-08-12
PRJNA562796	SRR16760400	SAMN22858043	PRJNA562796	2010	Australia	2022-08-12
PRJNA562796	SRR16760401	SAMN22858042	PRJNA562796	2010	Australia	2022-08-12
PRJNA562796	SRR16760402	SAMN22858041	PRJNA562796	2010	Australia	2022-08-12
PRJNA562796	SRR16760403	SAMN22858040	PRJNA562796	2010	Australia	2022-08-12
PRJNA562796	SRR16760410	SAMN22858034	PRJNA562796	2010	Australia	2022-08-12
PRJNA562796	SRR16760415	SAMN22858029	PRJNA562796	2010	Australia	2022-08-12
PRJNA562796	SRR16760417	SAMN22857929	PRJNA562796	2008	Australia	2022-08-12
PRJNA562796	SRR16760420	SAMN22858025	PRJNA562796	2009	Australia	2022-08-12
PRJNA562796	SRR16760422	SAMN22858023	PRJNA562796	2009	Australia	2022-08-12
PRJNA562796	SRR16760425	SAMN22858020	PRJNA562796	2009	Australia	2022-08-12
PRJNA562796	SRR16760430	SAMN22857918	PRJNA562796	2008	Australia	2022-08-12
PRJNA770762	SRR16303915	SAMN22233914	PRJNA770762	2018	China: Chongqing	2022-02-20
PRJNA770762	SRR16303919	SAMN22233953	PRJNA770762	2019	China: Wuhan	2022-02-20
PRJNA770762	SRR16303922	SAMN22233950	PRJNA770762	2019	China: Jiaxing	2022-02-20
PRJNA770762	SRR16303923	SAMN22233949	PRJNA770762	2019	China: Jiaxing	2022-02-20
PRJNA770762	SRR16303924	SAMN22233913	PRJNA770762	2019	China: Chongqing	2022-02-20
PRJNA770762	SRR16303926	SAMN22233947	PRJNA770762	2019	China: Jiaxing	2022-02-20
PRJNA770762	SRR16303928	SAMN22233945	PRJNA770762	2019	China: Jiaxing	2022-02-20
PRJNA770762	SRR16303931	SAMN22233942	PRJNA770762	2018	China: Jiaxing	2022-02-20
PRJNA770762	SRR16303935	SAMN22233912	PRJNA770762	2018	China: Chongqing	2022-02-20
PRJNA770762	SRR16303937	SAMN22233937	PRJNA770762	2019	China: Beijing	2022-02-20
PRJNA770762	SRR16303938	SAMN22233936	PRJNA770762	2019	China: Beijing	2022-02-20
PRJNA770762	SRR16303941	SAMN22233933	PRJNA770762	2019	China: Beijing	2022-02-20
PRJNA770762	SRR16303944	SAMN22233930	PRJNA770762	2018	China: Beijing	2022-02-20
PRJNA770762	SRR16303947	SAMN22233928	PRJNA770762	2018	China: Beijing	2022-02-20
PRJNA770762	SRR16303950	SAMN22233925	PRJNA770762	2018	China: Beijing	2022-02-20
PRJNA770762	SRR16303951	SAMN22233924	PRJNA770762	2018	China: Beijing	2022-02-20
PRJNA770762	SRR16303957	SAMN22233910	PRJNA770762	2018	China: Chongqing	2022-02-20
PRJNA770762	SRR16303912	SAMN22233917	PRJNA770762	2019	China: Chongqing	2022-02-20
PRJNA770762	SRR16303913	SAMN22233916	PRJNA770762	2019	China: Chongqing	2022-02-20
PRJNA770762	SRR16303914	SAMN22233915	PRJNA770762	2018	China: Chongqing	2022-02-20
PRJNA770762	SRR16303917	SAMN22233955	PRJNA770762	2019	China: Wuhan	2022-02-20
PRJNA770762	SRR16303921	SAMN22233951	PRJNA770762	2019	China: Jiaxing	2022-02-20
PRJNA770762	SRR16303925	SAMN22233948	PRJNA770762	2019	China: Jiaxing	2022-02-20
PRJNA770762	SRR16303927	SAMN22233946	PRJNA770762	2019	China: Jiaxing	2022-02-20
PRJNA770762	SRR16303929	SAMN22233944	PRJNA770762	2019	China: Jiaxing	2022-02-20
PRJNA770762	SRR16303930	SAMN22233943	PRJNA770762	2018	China: Jiaxing	2022-02-20
PRJNA770762	SRR16303932	SAMN22233941	PRJNA770762	2018	China: Jiaxing	2022-02-20
PRJNA770762	SRR16303945	SAMN22233929	PRJNA770762	2018	China: Beijing	2022-02-20
PRJNA770762	SRR16303946	SAMN22233911	PRJNA770762	2018	China: Chongqing	2022-02-20
PRJNA770762	SRR16303948	SAMN22233927	PRJNA770762	2019	China: Beijing	2022-02-20
PRJNA770762	SRR16303952	SAMN22233923	PRJNA770762	2019	China: Chongqing	2022-02-20
PRJNA770762	SRR16303953	SAMN22233922	PRJNA770762	2019	China: Chongqing	2022-02-20
PRJNA770762	SRR16303956	SAMN22233919	PRJNA770762	2019	China: Chongqing	2022-02-20
PRJNA770762	SRR16303958	SAMN22233909	PRJNA770762	2018	China: Chongqing	2022-02-20
PRJNA770762	SRR16306222	SAMN22141860	PRJNA770762	2017-01-05	China: Beijing	2022-02-20
PRJNA770762	SRR16303911	SAMN22233918	PRJNA770762	2019	China: Chongqing	2022-02-20
PRJNA770762	SRR16303916	SAMN22233956	PRJNA770762	2017	China: Nanjing	2022-02-20
PRJNA770762	SRR16303918	SAMN22233954	PRJNA770762	2019	China: Wuhan	2022-02-20
PRJNA770762	SRR16303920	SAMN22233952	PRJNA770762	2019	China: Jiaxing	2022-02-20
PRJNA770762	SRR16303933	SAMN22233940	PRJNA770762	2018	China: Jiaxing	2022-02-20
PRJNA770762	SRR16303934	SAMN22233939	PRJNA770762	2018	China: Jiaxing	2022-02-20
PRJNA770762	SRR16303936	SAMN22233938	PRJNA770762	2019	China: Beijing	2022-02-20
PRJNA770762	SRR16303939	SAMN22233935	PRJNA770762	2019	China: Beijing	2022-02-20
PRJNA770762	SRR16303940	SAMN22233934	PRJNA770762	2019	China: Beijing	2022-02-20
PRJNA770762	SRR16303942	SAMN22233932	PRJNA770762	2018	China: Beijing	2022-02-20
PRJNA770762	SRR16303943	SAMN22233931	PRJNA770762	2018	China: Beijing	2022-02-20
PRJNA770762	SRR16303949	SAMN22233926	PRJNA770762	2019	China: Beijing	2022-02-20
PRJNA770762	SRR16303954	SAMN22233921	PRJNA770762	2019	China: Chongqing	2022-02-20
PRJNA770762	SRR16303955	SAMN22233920	PRJNA770762	2019	China: Chongqing	2022-02-20
PRJNA770762	SRR16306221	SAMN22141861	PRJNA770762	2019-02-08	China: Wuhan	2022-02-20
PRJNA908268	SRR22540944	SAMN32034069	PRJNA908268	2022-02-07	China:Shangahi	2024-01-01
PRJNA908268	SRR22540946	SAMN32034067	PRJNA908268	2022-01-28	China:Shangahi	2024-01-01
PRJNA908268	SRR22540950	SAMN32034063	PRJNA908268	2022-01-27	China:Shangahi	2024-01-01
PRJNA908268	SRR22540951	SAMN32034062	PRJNA908268	2022-01-24	China:Shangahi	2024-01-01
PRJNA908268	SRR22540958	SAMN32034056	PRJNA908268	2022-01-17	China:Shangahi	2024-01-01
PRJNA908268	SRR22540961	SAMN32034053	PRJNA908268	2022-01-10	China:Shangahi	2024-01-01
PRJNA908268	SRR22540962	SAMN32034052	PRJNA908268	2022-01-10	China:Shangahi	2024-01-01
PRJNA908268	SRR22540963	SAMN32034051	PRJNA908268	2022-01-10	China:Shangahi	2024-01-01
PRJNA908268	SRR22540966	SAMN32034049	PRJNA908268	2022-01-04	China:Shangahi	2024-01-01
PRJNA908268	SRR22540967	SAMN32034048	PRJNA908268	2022-01-04	China:Shangahi	2024-01-01
PRJNA908268	SRR22540971	SAMN32034044	PRJNA908268	2021-12-24	China:Shangahi	2024-01-01
PRJNA908268	SRR22540981	SAMN32034035	PRJNA908268	2021-09-07	China:Shangahi	2024-01-01
PRJNA908268	SRR22540982	SAMN32034034	PRJNA908268	2021-09-06	China:Shangahi	2024-01-01
PRJNA908268	SRR22540984	SAMN32034032	PRJNA908268	2021-08-17	China:Shangahi	2024-01-01
PRJNA908268	SRR22540988	SAMN32034029	PRJNA908268	2021-08-10	China:Shangahi	2024-01-01
PRJNA908268	SRR22540993	SAMN32034024	PRJNA908268	2021-07-28	China:Shangahi	2024-01-01
PRJNA908268	SRR22540994	SAMN32034023	PRJNA908268	2021-07-07	China:Shangahi	2024-01-01
PRJNA908268	SRR22540997	SAMN32033976	PRJNA908268	2018-07-09	China:Shangahi	2024-01-01
PRJNA908268	SRR22540998	SAMN32034020	PRJNA908268	2021-06-10	China:Shangahi	2024-01-01
PRJNA908268	SRR22541000	SAMN32034018	PRJNA908268	2021-05-28	China:Shangahi	2024-01-01
PRJNA908268	SRR22541003	SAMN32034015	PRJNA908268	2019-07-05	China:Shangahi	2024-01-01
PRJNA908268	SRR22541007	SAMN32034011	PRJNA908268	2019-06-17	China:Shangahi	2024-01-01
PRJNA908268	SRR22541009	SAMN32034010	PRJNA908268	2019-06-06	China:Shangahi	2024-01-01
PRJNA908268	SRR22541014	SAMN32034005	PRJNA908268	2019-05-14	China:Shangahi	2024-01-01
PRJNA908268	SRR22541015	SAMN32034004	PRJNA908268	2019-04-30	China:Shangahi	2024-01-01
PRJNA908268	SRR22541017	SAMN32034002	PRJNA908268	2019-04-30	China:Shangahi	2024-01-01
PRJNA908268	SRR22541021	SAMN32033999	PRJNA908268	2019-04-12	China:Shangahi	2024-01-01
PRJNA908268	SRR22541026	SAMN32033994	PRJNA908268	2019-03-15	China:Shangahi	2024-01-01
PRJNA908268	SRR22541029	SAMN32033991	PRJNA908268	2019-01-28	China:Shangahi	2024-01-01
PRJNA908268	SRR22541034	SAMN32033987	PRJNA908268	2018-12-18	China:Shangahi	2024-01-01
PRJNA908268	SRR22541039	SAMN32033982	PRJNA908268	2018-08-22	China:Shangahi	2024-01-01
PRJNA908268	SRR22541040	SAMN32034073	PRJNA908268	2022-01-26	China:Shangahi	2024-01-01
PRJNA908268	SRR22540945	SAMN32034068	PRJNA908268	2022-02-07	China:Shangahi	2024-01-01
PRJNA908268	SRR22540948	SAMN32034065	PRJNA908268	2022-01-24	China:Shangahi	2024-01-01
PRJNA908268	SRR22540954	SAMN32034060	PRJNA908268	2022-01-20	China:Shangahi	2024-01-01
PRJNA908268	SRR22540956	SAMN32034058	PRJNA908268	2022-01-18	China:Shangahi	2024-01-01
PRJNA908268	SRR22540964	SAMN32033979	PRJNA908268	2018-08-06	China:Shangahi	2024-01-01
PRJNA908268	SRR22540968	SAMN32034047	PRJNA908268	2021-12-29	China:Shangahi	2024-01-01
PRJNA908268	SRR22540970	SAMN32034045	PRJNA908268	2021-12-28	China:Shangahi	2024-01-01
PRJNA908268	SRR22540973	SAMN32034042	PRJNA908268	2021-10-08	China:Shangahi	2024-01-01
PRJNA908268	SRR22540975	SAMN32033978	PRJNA908268	2018-08-06	China:Shangahi	2024-01-01
PRJNA908268	SRR22540976	SAMN32034040	PRJNA908268	2021-09-17	China:Shangahi	2024-01-01
PRJNA908268	SRR22540977	SAMN32034039	PRJNA908268	2021-09-17	China:Shangahi	2024-01-01
PRJNA908268	SRR22540979	SAMN32034037	PRJNA908268	2021-09-02	China:Shangahi	2024-01-01
PRJNA908268	SRR22540983	SAMN32034033	PRJNA908268	2021-08-31	China:Shangahi	2024-01-01
PRJNA908268	SRR22540985	SAMN32034031	PRJNA908268	2021-08-13	China:Shangahi	2024-01-01
PRJNA908268	SRR22540986	SAMN32033977	PRJNA908268	2018-07-20	China:Shangahi	2024-01-01
PRJNA908268	SRR22540987	SAMN32034030	PRJNA908268	2021-08-10	China:Shangahi	2024-01-01
PRJNA908268	SRR22540990	SAMN32034027	PRJNA908268	2021-07-30	China:Shangahi	2024-01-01
PRJNA908268	SRR22540992	SAMN32034025	PRJNA908268	2021-07-30	China:Shangahi	2024-01-01
PRJNA908268	SRR22540996	SAMN32034021	PRJNA908268	2021-06-20	China:Shangahi	2024-01-01
PRJNA908268	SRR22540999	SAMN32034019	PRJNA908268	2021-06-04	China:Shangahi	2024-01-01
PRJNA908268	SRR22541002	SAMN32034016	PRJNA908268	2019-07-11	China:Shangahi	2024-01-01
PRJNA908268	SRR22541006	SAMN32034012	PRJNA908268	2019-07-04	China:Shangahi	2024-01-01
PRJNA908268	SRR22541011	SAMN32034008	PRJNA908268	2019-05-29	China:Shangahi	2024-01-01
PRJNA908268	SRR22541012	SAMN32034007	PRJNA908268	2019-05-29	China:Shangahi	2024-01-01
PRJNA908268	SRR22541013	SAMN32034006	PRJNA908268	2019-05-24	China:Shangahi	2024-01-01
PRJNA908268	SRR22541016	SAMN32034003	PRJNA908268	2019-04-30	China:Shangahi	2024-01-01
PRJNA908268	SRR22541018	SAMN32034001	PRJNA908268	2019-04-22	China:Shangahi	2024-01-01
PRJNA908268	SRR22541022	SAMN32033998	PRJNA908268	2019-04-10	China:Shangahi	2024-01-01
PRJNA908268	SRR22541023	SAMN32033997	PRJNA908268	2019-04-10	China:Shangahi	2024-01-01
PRJNA908268	SRR22541028	SAMN32033992	PRJNA908268	2019-03-01	China:Shangahi	2024-01-01
PRJNA908268	SRR22541035	SAMN32033986	PRJNA908268	2018-12-06	China:Shangahi	2024-01-01
PRJNA908268	SRR22541036	SAMN32033985	PRJNA908268	2018-11-09	China:Shangahi	2024-01-01
PRJNA908268	SRR22541043	SAMN32033981	PRJNA908268	2018-08-17	China:Shangahi	2024-01-01
PRJNA908268	SRR22541044	SAMN32033972	PRJNA908268	2018-03-23	China:Shangahi	2024-01-01
PRJNA908268	SRR22540943	SAMN32034070	PRJNA908268	2022-02-11	China:Shangahi	2024-01-01
PRJNA908268	SRR22540947	SAMN32034066	PRJNA908268	2022-01-25	China:Shangahi	2024-01-01
PRJNA908268	SRR22540949	SAMN32034064	PRJNA908268	2022-01-24	China:Shangahi	2024-01-01
PRJNA908268	SRR22540952	SAMN32034061	PRJNA908268	2022-01-24	China:Shangahi	2024-01-01
PRJNA908268	SRR22540953	SAMN32033980	PRJNA908268	2018-08-16	China:Shangahi	2024-01-01
PRJNA908268	SRR22540955	SAMN32034059	PRJNA908268	2022-01-20	China:Shangahi	2024-01-01
PRJNA908268	SRR22540957	SAMN32034057	PRJNA908268	2022-01-17	China:Shangahi	2024-01-01
PRJNA908268	SRR22540959	SAMN32034055	PRJNA908268	2022-01-17	China:Shangahi	2024-01-01
PRJNA908268	SRR22540960	SAMN32034054	PRJNA908268	2022-01-11	China:Shangahi	2024-01-01
PRJNA908268	SRR22540965	SAMN32034050	PRJNA908268	2022-01-06	China:Shangahi	2024-01-01
PRJNA908268	SRR22540969	SAMN32034046	PRJNA908268	2021-12-28	China:Shangahi	2024-01-01
PRJNA908268	SRR22540972	SAMN32034043	PRJNA908268	2021-12-24	China:Shangahi	2024-01-01
PRJNA908268	SRR22540974	SAMN32034041	PRJNA908268	2021-09-30	China:Shangahi	2024-01-01
PRJNA908268	SRR22540978	SAMN32034038	PRJNA908268	2021-09-13	China:Shangahi	2024-01-01
PRJNA908268	SRR22540980	SAMN32034036	PRJNA908268	2021-08-31	China:Shangahi	2024-01-01
PRJNA908268	SRR22540989	SAMN32034028	PRJNA908268	2021-08-10	China:Shangahi	2024-01-01
PRJNA908268	SRR22540991	SAMN32034026	PRJNA908268	2021-07-30	China:Shangahi	2024-01-01
PRJNA908268	SRR22540995	SAMN32034022	PRJNA908268	2021-06-25	China:Shangahi	2024-01-01
PRJNA908268	SRR22541001	SAMN32034017	PRJNA908268	2021-05-24	China:Shangahi	2024-01-01
PRJNA908268	SRR22541004	SAMN32034014	PRJNA908268	2019-07-04	China:Shangahi	2024-01-01
PRJNA908268	SRR22541005	SAMN32034013	PRJNA908268	2019-07-04	China:Shangahi	2024-01-01
PRJNA908268	SRR22541008	SAMN32033975	PRJNA908268	2018-05-04	China:Shangahi	2024-01-01
PRJNA908268	SRR22541010	SAMN32034009	PRJNA908268	2019-05-29	China:Shangahi	2024-01-01
PRJNA908268	SRR22541019	SAMN32033974	PRJNA908268	2018-04-25	China:Shangahi	2024-01-01
PRJNA908268	SRR22541020	SAMN32034000	PRJNA908268	2019-04-18	China:Shangahi	2024-01-01
PRJNA908268	SRR22541024	SAMN32033996	PRJNA908268	2019-03-18	China:Shangahi	2024-01-01
PRJNA908268	SRR22541025	SAMN32033995	PRJNA908268	2019-03-18	China:Shangahi	2024-01-01
PRJNA908268	SRR22541027	SAMN32033993	PRJNA908268	2019-03-11	China:Shangahi	2024-01-01
PRJNA908268	SRR22541030	SAMN32033973	PRJNA908268	2018-03-30	China:Shangahi	2024-01-01
PRJNA908268	SRR22541031	SAMN32033990	PRJNA908268	2018-12-26	China:Shangahi	2024-01-01
PRJNA908268	SRR22541032	SAMN32033989	PRJNA908268	2018-12-26	China:Shangahi	2024-01-01
PRJNA908268	SRR22541033	SAMN32033988	PRJNA908268	2018-12-26	China:Shangahi	2024-01-01
PRJNA908268	SRR22541037	SAMN32033984	PRJNA908268	2018-09-29	China:Shangahi	2024-01-01
PRJNA908268	SRR22541038	SAMN32033983	PRJNA908268	2018-08-22	China:Shangahi	2024-01-01
PRJNA908268	SRR22541041	SAMN32034072	PRJNA908268	2022-02-11	China:Shangahi	2024-01-01
PRJNA908268	SRR22541042	SAMN32034071	PRJNA908268	2022-02-11	China:Shangahi	2024-01-01
PRJNA908268	SRR22541045	SAMN32033971	PRJNA908268	2018-03-22	China:Shangahi	2024-01-01
