genome_record_id	sample_id	biosample_accession	assembly_accession	run_accession	country_iso3	country_name	collection_date_raw	date_lower	date_upper	year	month	quarter	date_resolution	date_month_or_quarter	project_id	project_id_source	source_dataset	source_role	model_denominator_role	genome_candidate	genome_qc_status	genome_observation_eligible	sampling_process_observed	sequencing_success	ct_value	specimen_type	preliminary_lineage_id	lineage_definition_status	published_branch	published_lineage	published_sublineage	ptxP_label	fim3_label	marker_23s_status	duplicate_of_focal	duplicate_group_size	data_freeze_date	provenance_note
JPN::SAMD00328188	DRS190007	SAMD00328188	RRASM_DRR300240		JPN	Japan		2010-01-01	2010-12-31	2010			year	False	PRJDB7578	study_accession	current_2406_archive	historical_tree_anchor	focal_genome_observation	True	archive_analysis_genome	True	False	True			ptxP3/fim3-1	provisional_marker_or_published_annotation	Branch_IIb	ptxP3/fim3-1		ptxP3	fim3-1	MS	False	1	2026-07-24	Legacy PRN endpoints ignored; record retained only for genome/date/project/marker metadata.
JPN::SAMD00328195	DRS190014	SAMD00328195	RRASM_DRR300247		JPN	Japan		2011-01-01	2011-12-31	2011			year	False	PRJDB7578	study_accession	current_2406_archive	historical_tree_anchor	focal_genome_observation	True	archive_analysis_genome	True	False	True			ptxP3/fim3-1	provisional_marker_or_published_annotation	Branch_IIb	ptxP3/fim3-1		ptxP3	fim3-1	MS	False	1	2026-07-24	Legacy PRN endpoints ignored; record retained only for genome/date/project/marker metadata.
JPN::SAMD00328201	DRS190020	SAMD00328201	RRASM_DRR300253		JPN	Japan		2012-01-01	2012-12-31	2012			year	False	PRJDB7578	study_accession	current_2406_archive	historical_tree_anchor	focal_genome_observation	True	archive_analysis_genome	True	False	True			ptxP3/fim3-1	provisional_marker_or_published_annotation	Branch_IIb	ptxP3/fim3-1		ptxP3	fim3-1	MS	False	1	2026-07-24	Legacy PRN endpoints ignored; record retained only for genome/date/project/marker metadata.
JPN::SAMD00549621	DRS259958	SAMD00549621	RRASM_DRR413409		JPN	Japan		2015-01-01	2015-12-31	2015			year	False	PRJDB7578	study_accession	current_2406_archive	historical_tree_anchor	focal_genome_observation	True	archive_analysis_genome	True	False	True			ptxP3/fim3-1	provisional_marker_or_published_annotation	Branch_IIb	ptxP3/fim3-1		ptxP3	fim3-1	MS	False	1	2026-07-24	Legacy PRN endpoints ignored; record retained only for genome/date/project/marker metadata.
JPN::SAMD00549631	DRS259968	SAMD00549631	RRASM_DRR413419		JPN	Japan		2016-01-01	2016-12-31	2016			year	False	PRJDB7578	study_accession	current_2406_archive	historical_tree_anchor	focal_genome_observation	True	archive_analysis_genome	True	False	True			ptxP1/fim3-1	provisional_marker_or_published_annotation	Branch_IIb	ptxP1/fim3-1		ptxP1	fim3-1	MS	False	1	2026-07-24	Legacy PRN endpoints ignored; record retained only for genome/date/project/marker metadata.
JPN::SAMD00549636	DRS259973	SAMD00549636	RRASM_DRR413424		JPN	Japan		2018-01-01	2018-12-31	2018			year	False	PRJDB7578	study_accession	current_2406_archive	historical_tree_anchor	focal_genome_observation	True	archive_analysis_genome	True	False	True			ptxP3/fim3-1	provisional_marker_or_published_annotation	Branch_IIb	ptxP3/fim3-1		ptxP3	fim3-1	MS	False	1	2026-07-24	Legacy PRN endpoints ignored; record retained only for genome/date/project/marker metadata.
JPN::SAMD00570793	DRS273939	SAMD00570793	RRASM_DRR428469		JPN	Japan		2004-01-01	2004-12-31	2004			year	False	PRJDB7578	study_accession	current_2406_archive	historical_tree_anchor	focal_genome_observation	True	archive_analysis_genome	True	False	True			ptxP3/fim3-1	provisional_marker_or_published_annotation	Branch_IIb	ptxP3/fim3-1		ptxP3	fim3-1	MS	False	1	2026-07-24	Legacy PRN endpoints ignored; record retained only for genome/date/project/marker metadata.
JPN::SAMD00872997	DRS442920	SAMD00872997	RRASM_DRR631450		JPN	Japan		2019-01-01	2019-12-31	2019			year	False	PRJDB7578	study_accession	current_2406_archive	historical_tree_anchor	focal_genome_observation	True	archive_analysis_genome	True	False	True				provisional_marker_or_published_annotation							False	1	2026-07-24	Legacy PRN endpoints ignored; record retained only for genome/date/project/marker metadata.
JPN::SAMD00920277	SAMD00920277	SAMD00920277	RRASM_DRR900583	DRR900583	JPN	Japan	2024	2024-01-01	2024-12-31	2024			year	False	PRJDB34249	ena_study_accession	japan_targeted_ena_projects;current_2406_archive	focal_model_observation	focal_genome_observation	True	public_raw_reads_pending_uniform_qc	True	False	True				pending_new_phylogeny							False	2	2026-07-24	Targeted Japanese historical or recent public project. | Legacy PRN endpoints ignored; record retained only for genome/date/project/marker metadata.
JPN::SAMD00920279	SAMD00920279	SAMD00920279	RRASM_DRR900585	DRR900585	JPN	Japan	2024	2024-01-01	2024-12-31	2024			year	False	PRJDB34249	ena_study_accession	japan_targeted_ena_projects;current_2406_archive	focal_model_observation	focal_genome_observation	True	public_raw_reads_pending_uniform_qc	True	False	True				pending_new_phylogeny							False	2	2026-07-24	Targeted Japanese historical or recent public project. | Legacy PRN endpoints ignored; record retained only for genome/date/project/marker metadata.
JPN::SAMD01697899	SAMD01697899	SAMD01697899	RRASM_DRR902039	DRR902039	JPN	Japan	2025-05-01	2025-05-01	2025-05-01	2025	5	2	day	True	PRJDB37898	ena_study_accession	japan_targeted_ena_projects;current_2406_archive	focal_model_observation	focal_genome_observation	True	public_raw_reads_pending_uniform_qc	True	False	True				pending_new_phylogeny							False	2	2026-07-24	Targeted Japanese historical or recent public project. | Legacy PRN endpoints ignored; record retained only for genome/date/project/marker metadata.
JPN::SAMD01697904	SAMD01697904	SAMD01697904	RRASM_DRR902044	DRR902044	JPN	Japan	2025-05-26	2025-05-26	2025-05-26	2025	5	2	day	True	PRJDB37898	ena_study_accession	japan_targeted_ena_projects;current_2406_archive	focal_model_observation	focal_genome_observation	True	public_raw_reads_pending_uniform_qc	True	False	True				pending_new_phylogeny							False	2	2026-07-24	Targeted Japanese historical or recent public project. | Legacy PRN endpoints ignored; record retained only for genome/date/project/marker metadata.
JPN::SAMD01697907	SAMD01697907	SAMD01697907	RRASM_DRR902047	DRR902047	JPN	Japan	2025-05-26	2025-05-26	2025-05-26	2025	5	2	day	True	PRJDB37898	ena_study_accession	japan_targeted_ena_projects;current_2406_archive	focal_model_observation	focal_genome_observation	True	public_raw_reads_pending_uniform_qc	True	False	True				pending_new_phylogeny							False	2	2026-07-24	Targeted Japanese historical or recent public project. | Legacy PRN endpoints ignored; record retained only for genome/date/project/marker metadata.
JPN::SAMD01697913	SAMD01697913	SAMD01697913	RRASM_DRR902053	DRR902053	JPN	Japan	2025-02-25	2025-02-25	2025-02-25	2025	2	1	day	True	PRJDB37898	ena_study_accession	japan_targeted_ena_projects;current_2406_archive	focal_model_observation	focal_genome_observation	True	public_raw_reads_pending_uniform_qc	True	False	True				pending_new_phylogeny							False	2	2026-07-24	Targeted Japanese historical or recent public project. | Legacy PRN endpoints ignored; record retained only for genome/date/project/marker metadata.
JPN::SAMD01697915	SAMD01697915	SAMD01697915	RRASM_DRR902055	DRR902055	JPN	Japan	2025-02-25	2025-02-25	2025-02-25	2025	2	1	day	True	PRJDB37898	ena_study_accession	japan_targeted_ena_projects;current_2406_archive	focal_model_observation	focal_genome_observation	True	public_raw_reads_pending_uniform_qc	True	False	True				pending_new_phylogeny							False	2	2026-07-24	Targeted Japanese historical or recent public project. | Legacy PRN endpoints ignored; record retained only for genome/date/project/marker metadata.
JPN::SAMD01697916	SAMD01697916	SAMD01697916	RRASM_DRR902056	DRR902056	JPN	Japan	2025-02-25	2025-02-25	2025-02-25	2025	2	1	day	True	PRJDB37898	ena_study_accession	japan_targeted_ena_projects;current_2406_archive	focal_model_observation	focal_genome_observation	True	public_raw_reads_pending_uniform_qc	True	False	True				pending_new_phylogeny							False	2	2026-07-24	Targeted Japanese historical or recent public project. | Legacy PRN endpoints ignored; record retained only for genome/date/project/marker metadata.
JPN::SAMD01697917	SAMD01697917	SAMD01697917	RRASM_DRR902057	DRR902057	JPN	Japan	2025-02-25	2025-02-25	2025-02-25	2025	2	1	day	True	PRJDB37898	ena_study_accession	japan_targeted_ena_projects;current_2406_archive	focal_model_observation	focal_genome_observation	True	public_raw_reads_pending_uniform_qc	True	False	True				pending_new_phylogeny							False	2	2026-07-24	Targeted Japanese historical or recent public project. | Legacy PRN endpoints ignored; record retained only for genome/date/project/marker metadata.
JPN::SAMD01697918	SAMD01697918	SAMD01697918	RRASM_DRR902058	DRR902058	JPN	Japan	2025-02-25	2025-02-25	2025-02-25	2025	2	1	day	True	PRJDB37898	ena_study_accession	japan_targeted_ena_projects;current_2406_archive	focal_model_observation	focal_genome_observation	True	public_raw_reads_pending_uniform_qc	True	False	True				pending_new_phylogeny							False	2	2026-07-24	Targeted Japanese historical or recent public project. | Legacy PRN endpoints ignored; record retained only for genome/date/project/marker metadata.
JPN::SAMD01697919	SAMD01697919	SAMD01697919	RRASM_DRR902059	DRR902059	JPN	Japan	2025-03-03	2025-03-03	2025-03-03	2025	3	1	day	True	PRJDB37898	ena_study_accession	japan_targeted_ena_projects;current_2406_archive	focal_model_observation	focal_genome_observation	True	public_raw_reads_pending_uniform_qc	True	False	True				pending_new_phylogeny							False	2	2026-07-24	Targeted Japanese historical or recent public project. | Legacy PRN endpoints ignored; record retained only for genome/date/project/marker metadata.
JPN::SAMD01697920	SAMD01697920	SAMD01697920	RRASM_DRR902060	DRR902060	JPN	Japan	2025-03-07	2025-03-07	2025-03-07	2025	3	1	day	True	PRJDB37898	ena_study_accession	japan_targeted_ena_projects;current_2406_archive	focal_model_observation	focal_genome_observation	True	public_raw_reads_pending_uniform_qc	True	False	True				pending_new_phylogeny							False	2	2026-07-24	Targeted Japanese historical or recent public project. | Legacy PRN endpoints ignored; record retained only for genome/date/project/marker metadata.
JPN::SAMD01697925	SAMD01697925	SAMD01697925	RRASM_DRR902065	DRR902065	JPN	Japan	2025-04-22	2025-04-22	2025-04-22	2025	4	2	day	True	PRJDB37898	ena_study_accession	japan_targeted_ena_projects;current_2406_archive	focal_model_observation	focal_genome_observation	True	public_raw_reads_pending_uniform_qc	True	False	True				pending_new_phylogeny							False	2	2026-07-24	Targeted Japanese historical or recent public project. | Legacy PRN endpoints ignored; record retained only for genome/date/project/marker metadata.
JPN::SAMD01697933	SAMD01697933	SAMD01697933	RRASM_DRR902073	DRR902073	JPN	Japan	2025-06-09	2025-06-09	2025-06-09	2025	6	2	day	True	PRJDB37898	ena_study_accession	japan_targeted_ena_projects;current_2406_archive	focal_model_observation	focal_genome_observation	True	public_raw_reads_pending_uniform_qc	True	False	True				pending_new_phylogeny							False	2	2026-07-24	Targeted Japanese historical or recent public project. | Legacy PRN endpoints ignored; record retained only for genome/date/project/marker metadata.
JPN::SAMEA41188918	SAMEA41188918	SAMEA41188918	RRASM_ERR1775138	ERR1775138	JPN	Japan	1999	1999-01-01	1999-12-31	1999			year	False	PRJEB18624	ena_study_accession	japan_targeted_ena_projects;current_2406_archive	historical_tree_anchor	focal_genome_observation	True	public_raw_reads_pending_uniform_qc	True	False	True			ptxP3/fim3-1	pending_new_phylogeny	Branch_IIb	ptxP3/fim3-1		ptxP3	fim3-1	23S_rRNA_1	False	2	2026-07-24	Targeted Japanese historical or recent public project. | Legacy PRN endpoints ignored; record retained only for genome/date/project/marker metadata.
JPN::SAMEA41203918	SAMEA41203918	SAMEA41203918	RRASM_ERR1775158	ERR1775158	JPN	Japan	1996	1996-01-01	1996-12-31	1996			year	False	PRJEB18624	ena_study_accession	japan_targeted_ena_projects;current_2406_archive	historical_tree_anchor	focal_genome_observation	True	public_raw_reads_pending_uniform_qc	True	False	True			ptxP1/fim3-1	pending_new_phylogeny	Branch_IIb	ptxP1/fim3-1		ptxP1	fim3-1	23S_rRNA_1	False	2	2026-07-24	Targeted Japanese historical or recent public project. | Legacy PRN endpoints ignored; record retained only for genome/date/project/marker metadata.
JPN::SAMEA41209918	SAMEA41209918	SAMEA41209918	RRASM_ERR1775166	ERR1775166	JPN	Japan	2001	2001-01-01	2001-12-31	2001			year	False	PRJEB18624	ena_study_accession	japan_targeted_ena_projects;current_2406_archive	historical_tree_anchor	focal_genome_observation	True	public_raw_reads_pending_uniform_qc	True	False	True			ptxP3/fim3-1	pending_new_phylogeny	Branch_IIb	ptxP3/fim3-1		ptxP3	fim3-1	23S_rRNA_1	False	2	2026-07-24	Targeted Japanese historical or recent public project. | Legacy PRN endpoints ignored; record retained only for genome/date/project/marker metadata.
JPN::SAMEA41218918	SAMEA41218918	SAMEA41218918	RRASM_ERR1775178	ERR1775178	JPN	Japan	2003	2003-01-01	2003-12-31	2003			year	False	PRJEB18624	ena_study_accession	japan_targeted_ena_projects;current_2406_archive	historical_tree_anchor	focal_genome_observation	True	public_raw_reads_pending_uniform_qc	True	False	True			ptxP1/fim3-1	pending_new_phylogeny	Branch_IIb	ptxP1/fim3-1		ptxP1	fim3-1	23S_rRNA_1	False	2	2026-07-24	Targeted Japanese historical or recent public project. | Legacy PRN endpoints ignored; record retained only for genome/date/project/marker metadata.
JPN::SAMEA41221918	SAMEA41221918	SAMEA41221918	RRASM_ERR1775182	ERR1775182	JPN	Japan	2004	2004-01-01	2004-12-31	2004			year	False	PRJEB18624	ena_study_accession	japan_targeted_ena_projects;current_2406_archive	historical_tree_anchor	focal_genome_observation	True	public_raw_reads_pending_uniform_qc	True	False	True			ptxP1/fim3-1	pending_new_phylogeny	Branch_IIb	ptxP1/fim3-1		ptxP1	fim3-1	23S_rRNA_1	False	2	2026-07-24	Targeted Japanese historical or recent public project. | Legacy PRN endpoints ignored; record retained only for genome/date/project/marker metadata.
JPN::SAMEA41226418	SAMEA41226418	SAMEA41226418	RRASM_ERR1775188	ERR1775188	JPN	Japan	1992	1992-01-01	1992-12-31	1992			year	False	PRJEB18624	ena_study_accession	japan_targeted_ena_projects;current_2406_archive	historical_tree_anchor	focal_genome_observation	True	public_raw_reads_pending_uniform_qc	True	False	True			ptxP1/fim3-1	pending_new_phylogeny	Branch_IIb	ptxP1/fim3-1		ptxP1	fim3-1	23S_rRNA_1	False	2	2026-07-24	Targeted Japanese historical or recent public project. | Legacy PRN endpoints ignored; record retained only for genome/date/project/marker metadata.
JPN::SAMEA41234668	SAMEA41234668	SAMEA41234668	RRASM_ERR1775199	ERR1775199	JPN	Japan	2006	2006-01-01	2006-12-31	2006			year	False	PRJEB18624	ena_study_accession	japan_targeted_ena_projects;current_2406_archive	historical_tree_anchor	focal_genome_observation	True	public_raw_reads_pending_uniform_qc	True	False	True			ptxP1/fim3-1	pending_new_phylogeny	Branch_IIb	ptxP1/fim3-1		ptxP1	fim3-1	23S_rRNA_1	False	2	2026-07-24	Targeted Japanese historical or recent public project. | Legacy PRN endpoints ignored; record retained only for genome/date/project/marker metadata.
JPN::SAMEA41249668	SAMEA41249668	SAMEA41249668	RRASM_ERR1775219	ERR1775219	JPN	Japan	1994	1994-01-01	1994-12-31	1994			year	False	PRJEB18624	ena_study_accession	japan_targeted_ena_projects;current_2406_archive	historical_tree_anchor	focal_genome_observation	True	public_raw_reads_pending_uniform_qc	True	False	True			ptxP3/fim3-1	pending_new_phylogeny	Branch_IIb	ptxP3/fim3-1		ptxP3	fim3-1	23S_rRNA_1	False	2	2026-07-24	Targeted Japanese historical or recent public project. | Legacy PRN endpoints ignored; record retained only for genome/date/project/marker metadata.
JPN::SAMEA41254918	SAMEA41254918	SAMEA41254918	RRASM_ERR1775226	ERR1775226	JPN	Japan	2011	2011-01-01	2011-12-31	2011			year	False	PRJEB18624	ena_study_accession	japan_targeted_ena_projects;current_2406_archive	historical_tree_anchor	focal_genome_observation	True	public_raw_reads_pending_uniform_qc	True	False	True			ptxP1/fim3-1	pending_new_phylogeny	Branch_IIb	ptxP1/fim3-1		ptxP1	fim3-1	23S_rRNA_1	False	2	2026-07-24	Targeted Japanese historical or recent public project. | Legacy PRN endpoints ignored; record retained only for genome/date/project/marker metadata.
JPN::SAMEA41297668	SAMEA41297668	SAMEA41297668	RRASM_ERR1775283	ERR1775283	JPN	Japan	2008	2008-01-01	2008-12-31	2008			year	False	PRJEB18624	ena_study_accession	japan_targeted_ena_projects;current_2406_archive	historical_tree_anchor	focal_genome_observation	True	public_raw_reads_pending_uniform_qc	True	False	True			ptxP1/fim3-1	pending_new_phylogeny	Branch_IIb	ptxP1/fim3-1		ptxP1	fim3-1	23S_rRNA_1	False	2	2026-07-24	Targeted Japanese historical or recent public project. | Legacy PRN endpoints ignored; record retained only for genome/date/project/marker metadata.
JPN::SAMEA41306668	SAMEA41306668	SAMEA41306668	RRASM_ERR1775295	ERR1775295	JPN	Japan	2009	2009-01-01	2009-12-31	2009			year	False	PRJEB18624	ena_study_accession	japan_targeted_ena_projects;current_2406_archive	historical_tree_anchor	focal_genome_observation	True	public_raw_reads_pending_uniform_qc	True	False	True			ptxP1/fim3-1	pending_new_phylogeny	Branch_IIb	ptxP1/fim3-1		ptxP1	fim3-1	23S_rRNA_1	False	2	2026-07-24	Targeted Japanese historical or recent public project. | Legacy PRN endpoints ignored; record retained only for genome/date/project/marker metadata.
JPN::SAMEA41311168	SAMEA41311168	SAMEA41311168	RRASM_ERR1775301	ERR1775301	JPN	Japan	2010	2010-01-01	2010-12-31	2010			year	False	PRJEB18624	ena_study_accession	japan_targeted_ena_projects;current_2406_archive	historical_tree_anchor	focal_genome_observation	True	public_raw_reads_pending_uniform_qc	True	False	True			ptxP3/fim3-1	pending_new_phylogeny	Branch_IIb	ptxP3/fim3-1		ptxP3	fim3-1	23S_rRNA_1	False	2	2026-07-24	Targeted Japanese historical or recent public project. | Legacy PRN endpoints ignored; record retained only for genome/date/project/marker metadata.
JPN::SAMD00328237	SAMD00328237	SAMD00328237	GCA_019974435		JPN	Japan	2018	2018-01-01	2018-12-31	2018			year	False	PRJDB7578	assembly_metadata	current_2406_archive	historical_tree_anchor	focal_genome_observation	True	archive_analysis_genome	True	False	True			ptxP1/fim3-1	provisional_marker_or_published_annotation	Branch_IIb	ptxP1/fim3-1		ptxP1	fim3-1	MS	False	1	2026-07-24	Legacy PRN endpoints ignored; record retained only for genome/date/project/marker metadata.
JPN::SAMD00549575	SAMD00549575	SAMD00549575	GCA_026001265		JPN	Japan	2018	2018-01-01	2018-12-31	2018			year	False	PRJDB7578	assembly_metadata	current_2406_archive	historical_tree_anchor	focal_genome_observation	True	archive_analysis_genome	True	False	True			ptxP1/fim3-1	provisional_marker_or_published_annotation	Branch_IIb	ptxP1/fim3-1		ptxP1	fim3-1	MS	False	1	2026-07-24	Legacy PRN endpoints ignored; record retained only for genome/date/project/marker metadata.
JPN::SAMD00570813	SAMD00570813	SAMD00570813	GCA_055380295		JPN	Japan	2020	2020-01-01	2020-12-31	2020			year	False	PRJDB7578	assembly_metadata	current_2406_archive	focal_model_observation	focal_genome_observation	True	archive_analysis_genome	True	False	True			ptxP3/fim3-1	provisional_marker_or_published_annotation	Branch_IIb	ptxP3/fim3-1		ptxP3	fim3-1	MS	False	1	2026-07-24	Legacy PRN endpoints ignored; record retained only for genome/date/project/marker metadata.
JPN::SAMD00885979	SAMD00885979	SAMD00885979	GCA_054658115	DRR900761	JPN	Japan	2024-12-09	2024-12-09	2024-12-09	2024	12	4	day	True	PRJDB20292	ena_study_accession	japan_targeted_ena_projects;current_2406_archive	focal_model_observation	focal_genome_observation	True	public_raw_reads_pending_uniform_qc	True	False	True				pending_new_phylogeny							False	2	2026-07-24	Targeted Japanese historical or recent public project. | Legacy PRN endpoints ignored; record retained only for genome/date/project/marker metadata.
JPN::SAMD00885980	SAMD00885980	SAMD00885980	GCA_054658095	DRR900762	JPN	Japan	2024-12-09	2024-12-09	2024-12-09	2024	12	4	day	True	PRJDB20292	ena_study_accession	japan_targeted_ena_projects;current_2406_archive	focal_model_observation	focal_genome_observation	True	public_raw_reads_pending_uniform_qc	True	False	True				pending_new_phylogeny							False	2	2026-07-24	Targeted Japanese historical or recent public project. | Legacy PRN endpoints ignored; record retained only for genome/date/project/marker metadata.
JPN::SAMD00892034	SAMD00892034	SAMD00892034	GCA_054656595	DRR902019	JPN	Japan	2024-12-14	2024-12-14	2024-12-14	2024	12	4	day	True	PRJDB20413	ena_study_accession	japan_targeted_ena_projects;current_2406_archive	focal_model_observation	focal_genome_observation	True	public_raw_reads_pending_uniform_qc	True	False	True				pending_new_phylogeny							False	2	2026-07-24	Targeted Japanese historical or recent public project. | Legacy PRN endpoints ignored; record retained only for genome/date/project/marker metadata.
JPN::SAMD00892035	SAMD00892035	SAMD00892035	GCA_054656535	DRR902020	JPN	Japan	2025-01-06	2025-01-06	2025-01-06	2025	1	1	day	True	PRJDB20413	ena_study_accession	japan_targeted_ena_projects;current_2406_archive	focal_model_observation	focal_genome_observation	True	public_raw_reads_pending_uniform_qc	True	False	True				pending_new_phylogeny							False	2	2026-07-24	Targeted Japanese historical or recent public project. | Legacy PRN endpoints ignored; record retained only for genome/date/project/marker metadata.
JPN::SAMD00892036	SAMD00892036	SAMD00892036	GCA_054656515	DRR902021	JPN	Japan	2025-01-15	2025-01-15	2025-01-15	2025	1	1	day	True	PRJDB20413	ena_study_accession	japan_targeted_ena_projects;current_2406_archive	focal_model_observation	focal_genome_observation	True	public_raw_reads_pending_uniform_qc	True	False	True				pending_new_phylogeny							False	2	2026-07-24	Targeted Japanese historical or recent public project. | Legacy PRN endpoints ignored; record retained only for genome/date/project/marker metadata.
JPN::SAMD00892037	SAMD00892037	SAMD00892037	GCA_054656475	DRR902022	JPN	Japan	2025-01-14	2025-01-14	2025-01-14	2025	1	1	day	True	PRJDB20413	ena_study_accession	japan_targeted_ena_projects;current_2406_archive	focal_model_observation	focal_genome_observation	True	public_raw_reads_pending_uniform_qc	True	False	True				pending_new_phylogeny							False	2	2026-07-24	Targeted Japanese historical or recent public project. | Legacy PRN endpoints ignored; record retained only for genome/date/project/marker metadata.
JPN::SAMD00892038	SAMD00892038	SAMD00892038	GCA_054656415	DRR902023	JPN	Japan	2025-01-21	2025-01-21	2025-01-21	2025	1	1	day	True	PRJDB20413	ena_study_accession	japan_targeted_ena_projects;current_2406_archive	focal_model_observation	focal_genome_observation	True	public_raw_reads_pending_uniform_qc	True	False	True				pending_new_phylogeny							False	2	2026-07-24	Targeted Japanese historical or recent public project. | Legacy PRN endpoints ignored; record retained only for genome/date/project/marker metadata.
JPN::SAMD00892039	SAMD00892039	SAMD00892039	GCA_054656375	DRR902024	JPN	Japan	2025-01-24	2025-01-24	2025-01-24	2025	1	1	day	True	PRJDB20413	ena_study_accession	japan_targeted_ena_projects;current_2406_archive	focal_model_observation	focal_genome_observation	True	public_raw_reads_pending_uniform_qc	True	False	True				pending_new_phylogeny							False	2	2026-07-24	Targeted Japanese historical or recent public project. | Legacy PRN endpoints ignored; record retained only for genome/date/project/marker metadata.
JPN::SAMD00892040	SAMD00892040	SAMD00892040	GCA_054656335	DRR902025	JPN	Japan	2025-01-22	2025-01-22	2025-01-22	2025	1	1	day	True	PRJDB20413	ena_study_accession	japan_targeted_ena_projects;current_2406_archive	focal_model_observation	focal_genome_observation	True	public_raw_reads_pending_uniform_qc	True	False	True				pending_new_phylogeny							False	2	2026-07-24	Targeted Japanese historical or recent public project. | Legacy PRN endpoints ignored; record retained only for genome/date/project/marker metadata.
JPN::SAMD00892041	SAMD00892041	SAMD00892041	GCA_054656295	DRR902026	JPN	Japan	2025-01-21	2025-01-21	2025-01-21	2025	1	1	day	True	PRJDB20413	ena_study_accession	japan_targeted_ena_projects;current_2406_archive	focal_model_observation	focal_genome_observation	True	public_raw_reads_pending_uniform_qc	True	False	True				pending_new_phylogeny							False	2	2026-07-24	Targeted Japanese historical or recent public project. | Legacy PRN endpoints ignored; record retained only for genome/date/project/marker metadata.
JPN::SAMD00892042	SAMD00892042	SAMD00892042	GCA_054656255	DRR902027	JPN	Japan	2025-01-25	2025-01-25	2025-01-25	2025	1	1	day	True	PRJDB20413	ena_study_accession	japan_targeted_ena_projects;current_2406_archive	focal_model_observation	focal_genome_observation	True	public_raw_reads_pending_uniform_qc	True	False	True				pending_new_phylogeny							False	2	2026-07-24	Targeted Japanese historical or recent public project. | Legacy PRN endpoints ignored; record retained only for genome/date/project/marker metadata.
JPN::SAMD00892043	SAMD00892043	SAMD00892043	GCA_054656235	DRR902028	JPN	Japan	2025-01-25	2025-01-25	2025-01-25	2025	1	1	day	True	PRJDB20413	ena_study_accession	japan_targeted_ena_projects;current_2406_archive	focal_model_observation	focal_genome_observation	True	public_raw_reads_pending_uniform_qc	True	False	True				pending_new_phylogeny							False	2	2026-07-24	Targeted Japanese historical or recent public project. | Legacy PRN endpoints ignored; record retained only for genome/date/project/marker metadata.
JPN::SAMD00892044	SAMD00892044	SAMD00892044	GCA_054656175	DRR902029	JPN	Japan	2025-01-28	2025-01-28	2025-01-28	2025	1	1	day	True	PRJDB20413	ena_study_accession	japan_targeted_ena_projects;current_2406_archive	focal_model_observation	focal_genome_observation	True	public_raw_reads_pending_uniform_qc	True	False	True				pending_new_phylogeny							False	2	2026-07-24	Targeted Japanese historical or recent public project. | Legacy PRN endpoints ignored; record retained only for genome/date/project/marker metadata.
JPN::SAMD00892045	SAMD00892045	SAMD00892045	GCA_054656135	DRR902030	JPN	Japan	2025-02-03	2025-02-03	2025-02-03	2025	2	1	day	True	PRJDB20413	ena_study_accession	japan_targeted_ena_projects;current_2406_archive	focal_model_observation	focal_genome_observation	True	public_raw_reads_pending_uniform_qc	True	False	True				pending_new_phylogeny							False	2	2026-07-24	Targeted Japanese historical or recent public project. | Legacy PRN endpoints ignored; record retained only for genome/date/project/marker metadata.
JPN::SAMD00892046	SAMD00892046	SAMD00892046	GCA_054656075	DRR902031	JPN	Japan	2025-02-03	2025-02-03	2025-02-03	2025	2	1	day	True	PRJDB20413	ena_study_accession	japan_targeted_ena_projects;current_2406_archive	focal_model_observation	focal_genome_observation	True	public_raw_reads_pending_uniform_qc	True	False	True				pending_new_phylogeny							False	2	2026-07-24	Targeted Japanese historical or recent public project. | Legacy PRN endpoints ignored; record retained only for genome/date/project/marker metadata.
JPN::SAMD00892047	SAMD00892047	SAMD00892047	GCA_054656035	DRR902032	JPN	Japan	2025-02-07	2025-02-07	2025-02-07	2025	2	1	day	True	PRJDB20413	ena_study_accession	japan_targeted_ena_projects;current_2406_archive	focal_model_observation	focal_genome_observation	True	public_raw_reads_pending_uniform_qc	True	False	True				pending_new_phylogeny							False	2	2026-07-24	Targeted Japanese historical or recent public project. | Legacy PRN endpoints ignored; record retained only for genome/date/project/marker metadata.
JPN::SAMD00892048	SAMD00892048	SAMD00892048	GCA_054656015	DRR902033	JPN	Japan	2025-01-30	2025-01-30	2025-01-30	2025	1	1	day	True	PRJDB20413	ena_study_accession	japan_targeted_ena_projects;current_2406_archive	focal_model_observation	focal_genome_observation	True	public_raw_reads_pending_uniform_qc	True	False	True				pending_new_phylogeny							False	2	2026-07-24	Targeted Japanese historical or recent public project. | Legacy PRN endpoints ignored; record retained only for genome/date/project/marker metadata.
JPN::SAMD00892049	SAMD00892049	SAMD00892049	GCA_054655955	DRR902034	JPN	Japan	2025-02-06	2025-02-06	2025-02-06	2025	2	1	day	True	PRJDB20413	ena_study_accession	japan_targeted_ena_projects;current_2406_archive	focal_model_observation	focal_genome_observation	True	public_raw_reads_pending_uniform_qc	True	False	True				pending_new_phylogeny							False	2	2026-07-24	Targeted Japanese historical or recent public project. | Legacy PRN endpoints ignored; record retained only for genome/date/project/marker metadata.
JPN::SAMD00892050	SAMD00892050	SAMD00892050	GCA_054655915	DRR902035	JPN	Japan	2025-01-28	2025-01-28	2025-01-28	2025	1	1	day	True	PRJDB20413	ena_study_accession	japan_targeted_ena_projects;current_2406_archive	focal_model_observation	focal_genome_observation	True	public_raw_reads_pending_uniform_qc	True	False	True				pending_new_phylogeny							False	2	2026-07-24	Targeted Japanese historical or recent public project. | Legacy PRN endpoints ignored; record retained only for genome/date/project/marker metadata.
JPN::SAMD00892051	SAMD00892051	SAMD00892051	GCA_054655895	DRR902036	JPN	Japan	2025-01-29	2025-01-29	2025-01-29	2025	1	1	day	True	PRJDB20413	ena_study_accession	japan_targeted_ena_projects;current_2406_archive	focal_model_observation	focal_genome_observation	True	public_raw_reads_pending_uniform_qc	True	False	True				pending_new_phylogeny							False	2	2026-07-24	Targeted Japanese historical or recent public project. | Legacy PRN endpoints ignored; record retained only for genome/date/project/marker metadata.
JPN::SAMD00892052	SAMD00892052	SAMD00892052	GCA_054655855	DRR902037	JPN	Japan	2025-02-03	2025-02-03	2025-02-03	2025	2	1	day	True	PRJDB20413	ena_study_accession	japan_targeted_ena_projects;current_2406_archive	focal_model_observation	focal_genome_observation	True	public_raw_reads_pending_uniform_qc	True	False	True				pending_new_phylogeny							False	2	2026-07-24	Targeted Japanese historical or recent public project. | Legacy PRN endpoints ignored; record retained only for genome/date/project/marker metadata.
JPN::SAMD00892053	SAMD00892053	SAMD00892053	GCA_054655795	DRR902038	JPN	Japan	2025-02-03	2025-02-03	2025-02-03	2025	2	1	day	True	PRJDB20413	ena_study_accession	japan_targeted_ena_projects;current_2406_archive	focal_model_observation	focal_genome_observation	True	public_raw_reads_pending_uniform_qc	True	False	True				pending_new_phylogeny							False	2	2026-07-24	Targeted Japanese historical or recent public project. | Legacy PRN endpoints ignored; record retained only for genome/date/project/marker metadata.
JPN::SAMD01593369	SAMD01593369	SAMD01593369	GCA_055387325	DRR707961	JPN	Japan	2024-09-12	2024-09-12	2024-09-12	2024	9	3	day	True	PRJDB35593	ena_study_accession	japan_targeted_ena_projects;current_2406_archive	focal_model_observation	focal_genome_observation	True	public_raw_reads_pending_uniform_qc	True	False	True			ptxP3	pending_new_phylogeny				ptxP3		MS	False	3	2026-07-24	Targeted Japanese historical or recent public project. | Legacy PRN endpoints ignored; record retained only for genome/date/project/marker metadata.
JPN::SAMD01593370	SAMD01593370	SAMD01593370	GCA_055386935	DRR705528	JPN	Japan	2024-09-18	2024-09-18	2024-09-18	2024	9	3	day	True	PRJDB35593	ena_study_accession	japan_targeted_ena_projects;current_2406_archive	focal_model_observation	focal_genome_observation	True	public_raw_reads_pending_uniform_qc	True	False	True			ptxP3	pending_new_phylogeny				ptxP3		MS	False	3	2026-07-24	Targeted Japanese historical or recent public project. | Legacy PRN endpoints ignored; record retained only for genome/date/project/marker metadata.
JPN::SAMD01593371	SAMD01593371	SAMD01593371	GCA_055386605	DRR705529	JPN	Japan	2024-11-13	2024-11-13	2024-11-13	2024	11	4	day	True	PRJDB35593	ena_study_accession	japan_targeted_ena_projects;current_2406_archive	focal_model_observation	focal_genome_observation	True	public_raw_reads_pending_uniform_qc	True	False	True			ptxP3	pending_new_phylogeny				ptxP3		MS	False	3	2026-07-24	Targeted Japanese historical or recent public project. | Legacy PRN endpoints ignored; record retained only for genome/date/project/marker metadata.
JPN::SAMD01593372	SAMD01593372	SAMD01593372	GCA_055386115	DRR707964	JPN	Japan	2024-12-12	2024-12-12	2024-12-12	2024	12	4	day	True	PRJDB35593	ena_study_accession	japan_targeted_ena_projects;current_2406_archive	focal_model_observation	focal_genome_observation	True	public_raw_reads_pending_uniform_qc	True	False	True			ptxP1	pending_new_phylogeny				ptxP1		MS	False	3	2026-07-24	Targeted Japanese historical or recent public project. | Legacy PRN endpoints ignored; record retained only for genome/date/project/marker metadata.
JPN::SAMD01593373	SAMD01593373	SAMD01593373	GCA_055385715	DRR705531	JPN	Japan	2024-12-12	2024-12-12	2024-12-12	2024	12	4	day	True	PRJDB35593	ena_study_accession	japan_targeted_ena_projects;current_2406_archive	focal_model_observation	focal_genome_observation	True	public_raw_reads_pending_uniform_qc	True	False	True			ptxP3	pending_new_phylogeny				ptxP3		MS	False	3	2026-07-24	Targeted Japanese historical or recent public project. | Legacy PRN endpoints ignored; record retained only for genome/date/project/marker metadata.
JPN::SAMD01593374	SAMD01593374	SAMD01593374	GCA_055385365	DRR705532	JPN	Japan	2024-12-11	2024-12-11	2024-12-11	2024	12	4	day	True	PRJDB35593	ena_study_accession	japan_targeted_ena_projects;current_2406_archive	focal_model_observation	focal_genome_observation	True	public_raw_reads_pending_uniform_qc	True	False	True			ptxP3	pending_new_phylogeny				ptxP3		MS	False	3	2026-07-24	Targeted Japanese historical or recent public project. | Legacy PRN endpoints ignored; record retained only for genome/date/project/marker metadata.
JPN::SAMD01593375	SAMD01593375	SAMD01593375	GCA_055542695	DRR707967	JPN	Japan	2025-01-21	2025-01-21	2025-01-21	2025	1	1	day	True	PRJDB35593	ena_study_accession	japan_targeted_ena_projects;current_2406_archive	focal_model_observation	focal_genome_observation	True	public_raw_reads_pending_uniform_qc	True	False	True			ptxP3	pending_new_phylogeny				ptxP3		MS	False	3	2026-07-24	Targeted Japanese historical or recent public project. | Legacy PRN endpoints ignored; record retained only for genome/date/project/marker metadata.
JPN::SAMD01593376	SAMD01593376	SAMD01593376	GCA_055384595	DRR705534	JPN	Japan	2025-01-16	2025-01-16	2025-01-16	2025	1	1	day	True	PRJDB35593	ena_study_accession	japan_targeted_ena_projects;current_2406_archive	focal_model_observation	focal_genome_observation	True	public_raw_reads_pending_uniform_qc	True	False	True			ptxP3	pending_new_phylogeny				ptxP3		MS	False	3	2026-07-24	Targeted Japanese historical or recent public project. | Legacy PRN endpoints ignored; record retained only for genome/date/project/marker metadata.
FRA::SAMEA117615782	SAMEA117615782	SAMEA117615782	GCA_965117315		FRA	France	2024	2024-01-01	2024-12-31	2024			year	False	PRJEB85093	assembly_metadata	current_2406_archive	focal_model_observation	focal_genome_observation	True	archive_analysis_genome	True	False	True			ptxP3	provisional_marker_or_published_annotation				ptxP3		MS	False	1	2026-07-24	Legacy PRN endpoints ignored; record retained only for genome/date/project/marker metadata.
FRA::SAMEA117615783	SAMEA117615783	SAMEA117615783	GCA_965117305		FRA	France	2024	2024-01-01	2024-12-31	2024			year	False	PRJEB85093	assembly_metadata	current_2406_archive	focal_model_observation	focal_genome_observation	True	archive_analysis_genome	True	False	True			ptxP3	provisional_marker_or_published_annotation				ptxP3		MS	False	1	2026-07-24	Legacy PRN endpoints ignored; record retained only for genome/date/project/marker metadata.
FRA::SAMEA117615784	SAMEA117615784	SAMEA117615784	GCA_965117285		FRA	France	2024	2024-01-01	2024-12-31	2024			year	False	PRJEB85093	assembly_metadata	current_2406_archive	focal_model_observation	focal_genome_observation	True	archive_analysis_genome	True	False	True			ptxP3	provisional_marker_or_published_annotation				ptxP3		MS	False	1	2026-07-24	Legacy PRN endpoints ignored; record retained only for genome/date/project/marker metadata.
FRA::SAMEA117615785	SAMEA117615785	SAMEA117615785	GCA_965117295		FRA	France	2024	2024-01-01	2024-12-31	2024			year	False	PRJEB85093	assembly_metadata	current_2406_archive	focal_model_observation	focal_genome_observation	True	archive_analysis_genome	True	False	True			ptxP3	provisional_marker_or_published_annotation				ptxP3		MS	False	1	2026-07-24	Legacy PRN endpoints ignored; record retained only for genome/date/project/marker metadata.
FRA::SAMEA117615786	SAMEA117615786	SAMEA117615786	GCA_965117325		FRA	France	2024	2024-01-01	2024-12-31	2024			year	False	PRJEB85093	assembly_metadata	current_2406_archive	focal_model_observation	focal_genome_observation	True	archive_analysis_genome	True	False	True			ptxP1	provisional_marker_or_published_annotation				ptxP1		MS	False	1	2026-07-24	Legacy PRN endpoints ignored; record retained only for genome/date/project/marker metadata.
AUS::SAMEA1931346	SAMEA1931346	SAMEA1931346	GCA_001331015		AUS	Australia	2002	2002-01-01	2002-12-31	2002			year	False	PRJEB2274	assembly_metadata	current_2406_archive	historical_tree_anchor	focal_genome_observation	True	archive_analysis_genome	True	False	True			ptxP1/fim3-1	provisional_marker_or_published_annotation	Branch_IIb	ptxP1/fim3-1		ptxP1	fim3-1	MS	False	1	2026-07-24	Legacy PRN endpoints ignored; record retained only for genome/date/project/marker metadata.
AUS::SAMEA1931507	SAMEA1931507	SAMEA1931507	GCA_001201635		AUS	Australia	1978	1978-01-01	1978-12-31	1978			year	False	PRJEB2274	assembly_metadata	current_2406_archive	historical_tree_anchor	focal_genome_observation	True	archive_analysis_genome	True	False	True			ptxP1/fim3-1	provisional_marker_or_published_annotation	Branch_IIb	ptxP1/fim3-1		ptxP1	fim3-1	MS	False	1	2026-07-24	Legacy PRN endpoints ignored; record retained only for genome/date/project/marker metadata.
CHN::SAMEA1931536	SAMEA1931536	SAMEA1931536	GCA_001206335		CHN	China	1957	1957-01-01	1957-12-31	1957			year	False	PRJEB2274	assembly_metadata	current_2406_archive	historical_tree_anchor	focal_genome_observation	True	archive_analysis_genome	True	False	True			ptxP1/fim3-1	provisional_marker_or_published_annotation	Branch_IIb	ptxP1/fim3-1		ptxP1	fim3-1	MS	False	1	2026-07-24	Legacy PRN endpoints ignored; record retained only for genome/date/project/marker metadata.
AUS::SAMEA1931801	SAMEA1931801	SAMEA1931801	GCA_001205335		AUS	Australia	1998	1998-01-01	1998-12-31	1998			year	False	PRJEB2274	assembly_metadata	current_2406_archive	historical_tree_anchor	focal_genome_observation	True	archive_analysis_genome	True	False	True				provisional_marker_or_published_annotation							False	1	2026-07-24	Legacy PRN endpoints ignored; record retained only for genome/date/project/marker metadata.
FRA::SAMEA4700352	SAMEA4700352	SAMEA4700352	GCA_900492145		FRA	France	2014	2014-01-01	2014-12-31	2014			year	False	PRJEB27048	assembly_metadata	current_2406_archive	historical_tree_anchor	focal_genome_observation	True	archive_analysis_genome	True	False	True			ptxP3/fim3-1	provisional_marker_or_published_annotation	Branch_IIb	ptxP3/fim3-1		ptxP3	fim3-1	MS	False	1	2026-07-24	Legacy PRN endpoints ignored; record retained only for genome/date/project/marker metadata.
JPN::SAMEA751126	SAMEA751126	SAMEA751126	GCA_001202375		JPN	Japan	2007	2007-01-01	2007-12-31	2007			year	False	PRJEB2274	assembly_metadata	current_2406_archive	historical_tree_anchor	focal_genome_observation	True	archive_analysis_genome	True	False	True				provisional_marker_or_published_annotation							False	1	2026-07-24	Legacy PRN endpoints ignored; record retained only for genome/date/project/marker metadata.
JPN::SAMEA751127	SAMEA751127	SAMEA751127	GCA_001202495		JPN	Japan	2006	2006-01-01	2006-12-31	2006			year	False	PRJEB2274	assembly_metadata	current_2406_archive	historical_tree_anchor	focal_genome_observation	True	archive_analysis_genome	True	False	True			ptxP1/fim3-1	provisional_marker_or_published_annotation	Branch_IIb	ptxP1/fim3-1		ptxP1	fim3-1	MS	False	1	2026-07-24	Legacy PRN endpoints ignored; record retained only for genome/date/project/marker metadata.
AUS::SAMEA751155	SAMEA751155	SAMEA751155	GCA_001331635		AUS	Australia	2000	2000-01-01	2000-12-31	2000			year	False	PRJEB2274	assembly_metadata	current_2406_archive	historical_tree_anchor	focal_genome_observation	True	archive_analysis_genome	True	False	True			ptxP1/fim3-1	provisional_marker_or_published_annotation	Branch_IIb	ptxP1/fim3-1		ptxP1	fim3-1	MS	False	1	2026-07-24	Legacy PRN endpoints ignored; record retained only for genome/date/project/marker metadata.
AUS::SAMEA751167	SAMEA751167	SAMEA751167	GCA_001331755		AUS	Australia	1900/2014	2014-01-01	2014-12-31	2014			year	False	PRJEB2274	assembly_metadata	current_2406_archive	focal_model_observation	focal_genome_observation	True	archive_analysis_genome	True	False	True				provisional_marker_or_published_annotation							False	1	2026-07-24	Legacy PRN endpoints ignored; record retained only for genome/date/project/marker metadata.
CHN::SAMEA751175	SAMEA751175	SAMEA751175	GCA_001331855		CHN	China	1957	1957-01-01	1957-12-31	1957			year	False	PRJEB2274	assembly_metadata	current_2406_archive	historical_tree_anchor	focal_genome_observation	True	archive_analysis_genome	True	False	True				provisional_marker_or_published_annotation							False	1	2026-07-24	Legacy PRN endpoints ignored; record retained only for genome/date/project/marker metadata.
AUS::SAMEA751183	SAMEA751183	SAMEA751183	GCA_001206895		AUS	Australia	1995	1995-01-01	1995-12-31	1995			year	False	PRJEB2274	assembly_metadata	current_2406_archive	historical_tree_anchor	focal_genome_observation	True	archive_analysis_genome	True	False	True			ptxP1/fim3-1	provisional_marker_or_published_annotation	Branch_IIb	ptxP1/fim3-1		ptxP1	fim3-1	MS	False	1	2026-07-24	Legacy PRN endpoints ignored; record retained only for genome/date/project/marker metadata.
AUS::SAMEA751337	SAMEA751337	SAMEA751337	GCA_001198195		AUS	Australia	1998	1998-01-01	1998-12-31	1998			year	False	PRJEB2274	assembly_metadata	current_2406_archive	historical_tree_anchor	focal_genome_observation	True	archive_analysis_genome	True	False	True			ptxP1/fim3-1	provisional_marker_or_published_annotation	Branch_IIb	ptxP1/fim3-1		ptxP1	fim3-1	MS	False	1	2026-07-24	Legacy PRN endpoints ignored; record retained only for genome/date/project/marker metadata.
FRA::SAMEA751345	SAMEA751345	SAMEA751345	GCA_001205255		FRA	France	1996	1996-01-01	1996-12-31	1996			year	False	PRJEB2274	assembly_metadata	current_2406_archive	historical_tree_anchor	focal_genome_observation	True	archive_analysis_genome	True	False	True				provisional_marker_or_published_annotation							False	1	2026-07-24	Legacy PRN endpoints ignored; record retained only for genome/date/project/marker metadata.
FRA::SAMEA751348	SAMEA751348	SAMEA751348	GCA_001212525		FRA	France	1995	1995-01-01	1995-12-31	1995			year	False	PRJEB2274	assembly_metadata	current_2406_archive	historical_tree_anchor	focal_genome_observation	True	archive_analysis_genome	True	False	True			ptxP1/fim3-1	provisional_marker_or_published_annotation	Branch_IIb	ptxP1/fim3-1		ptxP1	fim3-1	MS	False	1	2026-07-24	Legacy PRN endpoints ignored; record retained only for genome/date/project/marker metadata.
FRA::SAMEA751350	SAMEA751350	SAMEA751350	GCA_001208065		FRA	France	1993	1993-01-01	1993-12-31	1993			year	False	PRJEB2274	assembly_metadata	current_2406_archive	historical_tree_anchor	focal_genome_observation	True	archive_analysis_genome	True	False	True			ptxP1/fim3-1	provisional_marker_or_published_annotation	Branch_IIb	ptxP1/fim3-1		ptxP1	fim3-1	other_23S_allele	False	1	2026-07-24	Legacy PRN endpoints ignored; record retained only for genome/date/project/marker metadata.
FRA::SAMEA751353	SAMEA751353	SAMEA751353	GCA_001193835		FRA	France	1993	1993-01-01	1993-12-31	1993			year	False	PRJEB2274	assembly_metadata	current_2406_archive	historical_tree_anchor	focal_genome_observation	True	archive_analysis_genome	True	False	True				provisional_marker_or_published_annotation							False	1	2026-07-24	Legacy PRN endpoints ignored; record retained only for genome/date/project/marker metadata.
FRA::SAMEA751372	SAMEA751372	SAMEA751372	GCA_001332595		FRA	France	2000	2000-01-01	2000-12-31	2000			year	False	PRJEB2274	assembly_metadata	current_2406_archive	historical_tree_anchor	focal_genome_observation	True	archive_analysis_genome	True	False	True			ptxP3/fim3-2	provisional_marker_or_published_annotation	Branch_IIb	ptxP3/fim3-2		ptxP3	fim3-2	MS	False	1	2026-07-24	Legacy PRN endpoints ignored; record retained only for genome/date/project/marker metadata.
FRA::SAMEA751374	SAMEA751374	SAMEA751374	GCA_001332615		FRA	France	1999	1999-01-01	1999-12-31	1999			year	False	PRJEB2274	assembly_metadata	current_2406_archive	historical_tree_anchor	focal_genome_observation	True	archive_analysis_genome	True	False	True			ptxP3/fim3-2	provisional_marker_or_published_annotation	Branch_IIb	ptxP3/fim3-2		ptxP3	fim3-2	MS	False	1	2026-07-24	Legacy PRN endpoints ignored; record retained only for genome/date/project/marker metadata.
AUS::SAMEA751403	SAMEA751403	SAMEA751403	GCA_001204675		AUS	Australia	2000	2000-01-01	2000-12-31	2000			year	False	PRJEB2274	assembly_metadata	current_2406_archive	historical_tree_anchor	focal_genome_observation	True	archive_analysis_genome	True	False	True				provisional_marker_or_published_annotation							False	1	2026-07-24	Legacy PRN endpoints ignored; record retained only for genome/date/project/marker metadata.
AUS::SAMEA751405	SAMEA751405	SAMEA751405	GCA_001203235		AUS	Australia	2000	2000-01-01	2000-12-31	2000			year	False	PRJEB2274	assembly_metadata	current_2406_archive	historical_tree_anchor	focal_genome_observation	True	archive_analysis_genome	True	False	True			ptxP1/fim3-1	provisional_marker_or_published_annotation	Branch_IIb	ptxP1/fim3-1		ptxP1	fim3-1	MS	False	1	2026-07-24	Legacy PRN endpoints ignored; record retained only for genome/date/project/marker metadata.
FRA::SAMEA751409	SAMEA751409	SAMEA751409	GCA_001332715		FRA	France	2002	2002-01-01	2002-12-31	2002			year	False	PRJEB2274	assembly_metadata	current_2406_archive	historical_tree_anchor	focal_genome_observation	True	archive_analysis_genome	True	False	True			ptxP1/fim3-4	provisional_marker_or_published_annotation	Branch_IIb	others		ptxP1	fim3-4	MS	False	1	2026-07-24	Legacy PRN endpoints ignored; record retained only for genome/date/project/marker metadata.
FRA::SAMEA751411	SAMEA751411	SAMEA751411	GCA_001206935		FRA	France	2004	2004-01-01	2004-12-31	2004			year	False	PRJEB2274	assembly_metadata	current_2406_archive	historical_tree_anchor	focal_genome_observation	True	archive_analysis_genome	True	False	True				provisional_marker_or_published_annotation							False	1	2026-07-24	Legacy PRN endpoints ignored; record retained only for genome/date/project/marker metadata.
FRA::SAMEA751413	SAMEA751413	SAMEA751413	GCA_001202575		FRA	France	2004	2004-01-01	2004-12-31	2004			year	False	PRJEB2274	assembly_metadata	current_2406_archive	historical_tree_anchor	focal_genome_observation	True	archive_analysis_genome	True	False	True			ptxP3/fim3-2	provisional_marker_or_published_annotation	Branch_IIb	ptxP3/fim3-2		ptxP3	fim3-2	MS	False	1	2026-07-24	Legacy PRN endpoints ignored; record retained only for genome/date/project/marker metadata.
FRA::SAMEA751415	SAMEA751415	SAMEA751415	GCA_001332735		FRA	France	2005	2005-01-01	2005-12-31	2005			year	False	PRJEB2274	assembly_metadata	current_2406_archive	historical_tree_anchor	focal_genome_observation	True	archive_analysis_genome	True	False	True			ptxP3/fim3-1	provisional_marker_or_published_annotation	Branch_IIb	ptxP3/fim3-1		ptxP3	fim3-1	MS	False	1	2026-07-24	Legacy PRN endpoints ignored; record retained only for genome/date/project/marker metadata.
FRA::SAMEA751417	SAMEA751417	SAMEA751417	GCA_001196575		FRA	France	2007	2007-01-01	2007-12-31	2007			year	False	PRJEB2274	assembly_metadata	current_2406_archive	historical_tree_anchor	focal_genome_observation	True	archive_analysis_genome	True	False	True			ptxP3/fim3-1	provisional_marker_or_published_annotation	Branch_IIb	ptxP3/fim3-1		ptxP3	fim3-1	MS	False	1	2026-07-24	Legacy PRN endpoints ignored; record retained only for genome/date/project/marker metadata.
AUS::SAMEA751421	SAMEA751421	SAMEA751421	GCA_001198955		AUS	Australia	1998	1998-01-01	1998-12-31	1998			year	False	PRJEB2274	assembly_metadata	current_2406_archive	historical_tree_anchor	focal_genome_observation	True	archive_analysis_genome	True	False	True			ptxP1/fim3-1	provisional_marker_or_published_annotation	Branch_IIb	ptxP1/fim3-1		ptxP1	fim3-1	MS	False	1	2026-07-24	Legacy PRN endpoints ignored; record retained only for genome/date/project/marker metadata.
JPN::SAMEA751447	SAMEA751447	SAMEA751447	GCA_001333055		JPN	Japan	1991	1991-01-01	1991-12-31	1991			year	False	PRJEB2274	assembly_metadata	current_2406_archive	historical_tree_anchor	focal_genome_observation	True	archive_analysis_genome	True	False	True				provisional_marker_or_published_annotation							False	1	2026-07-24	Legacy PRN endpoints ignored; record retained only for genome/date/project/marker metadata.
JPN::SAMEA751448	SAMEA751448	SAMEA751448	GCA_001194565		JPN	Japan	1991	1991-01-01	1991-12-31	1991			year	False	PRJEB2274	assembly_metadata	current_2406_archive	historical_tree_anchor	focal_genome_observation	True	archive_analysis_genome	True	False	True				provisional_marker_or_published_annotation							False	1	2026-07-24	Legacy PRN endpoints ignored; record retained only for genome/date/project/marker metadata.
JPN::SAMEA751451	SAMEA751451	SAMEA751451	GCA_001207095		JPN	Japan	1988	1988-01-01	1988-12-31	1988			year	False	PRJEB2274	assembly_metadata	current_2406_archive	historical_tree_anchor	focal_genome_observation	True	archive_analysis_genome	True	False	True				provisional_marker_or_published_annotation							False	1	2026-07-24	Legacy PRN endpoints ignored; record retained only for genome/date/project/marker metadata.
AUS::SAMEA751459	SAMEA751459	SAMEA751459	GCA_001333175		AUS	Australia	2007	2007-01-01	2007-12-31	2007			year	False	PRJEB2274	assembly_metadata	current_2406_archive	historical_tree_anchor	focal_genome_observation	True	archive_analysis_genome	True	False	True			ptxP3/fim3-2	provisional_marker_or_published_annotation	Branch_IIb	ptxP3/fim3-2		ptxP3	fim3-2	MS	False	1	2026-07-24	Legacy PRN endpoints ignored; record retained only for genome/date/project/marker metadata.
AUS::SAMEA751470	SAMEA751470	SAMEA751470	GCA_001203115		AUS	Australia	1997	1997-01-01	1997-12-31	1997			year	False	PRJEB2274	assembly_metadata	current_2406_archive	historical_tree_anchor	focal_genome_observation	True	archive_analysis_genome	True	False	True			ptxP1/fim3-1	provisional_marker_or_published_annotation	Branch_IIb	ptxP1/fim3-1		ptxP1	fim3-1	MS	False	1	2026-07-24	Legacy PRN endpoints ignored; record retained only for genome/date/project/marker metadata.
AUS::SAMEA751471	SAMEA751471	SAMEA751471	GCA_001333355		AUS	Australia	2006	2006-01-01	2006-12-31	2006			year	False	PRJEB2274	assembly_metadata	current_2406_archive	historical_tree_anchor	focal_genome_observation	True	archive_analysis_genome	True	False	True			ptxP1/fim3-1	provisional_marker_or_published_annotation	Branch_IIb	ptxP1/fim3-1		ptxP1	fim3-1	MS	False	1	2026-07-24	Legacy PRN endpoints ignored; record retained only for genome/date/project/marker metadata.
AUS::SAMEA751472	SAMEA751472	SAMEA751472	GCA_001195265		AUS	Australia	1995	1995-01-01	1995-12-31	1995			year	False	PRJEB2274	assembly_metadata	current_2406_archive	historical_tree_anchor	focal_genome_observation	True	archive_analysis_genome	True	False	True			ptxP1/fim3-1	provisional_marker_or_published_annotation	Branch_IIb	ptxP1/fim3-1		ptxP1	fim3-1	MS	False	1	2026-07-24	Legacy PRN endpoints ignored; record retained only for genome/date/project/marker metadata.
AUS::SAMEA751473	SAMEA751473	SAMEA751473	GCA_001333375		AUS	Australia	1995	1995-01-01	1995-12-31	1995			year	False	PRJEB2274	assembly_metadata	current_2406_archive	historical_tree_anchor	focal_genome_observation	True	archive_analysis_genome	True	False	True				provisional_marker_or_published_annotation							False	1	2026-07-24	Legacy PRN endpoints ignored; record retained only for genome/date/project/marker metadata.
AUS::SAMEA751474	SAMEA751474	SAMEA751474	GCA_001333395		AUS	Australia	2002	2002-01-01	2002-12-31	2002			year	False	PRJEB2274	assembly_metadata	current_2406_archive	historical_tree_anchor	focal_genome_observation	True	archive_analysis_genome	True	False	True			ptxP1/fim3-1	provisional_marker_or_published_annotation	Branch_IIb	ptxP1/fim3-1		ptxP1	fim3-1	MS	False	1	2026-07-24	Legacy PRN endpoints ignored; record retained only for genome/date/project/marker metadata.
AUS::SAMEA751475	SAMEA751475	SAMEA751475	GCA_001198375		AUS	Australia	2000	2000-01-01	2000-12-31	2000			year	False	PRJEB2274	assembly_metadata	current_2406_archive	historical_tree_anchor	focal_genome_observation	True	archive_analysis_genome	True	False	True				provisional_marker_or_published_annotation							False	1	2026-07-24	Legacy PRN endpoints ignored; record retained only for genome/date/project/marker metadata.
AUS::SAMEA751476	SAMEA751476	SAMEA751476	GCA_900067715		AUS	Australia	2004	2004-01-01	2004-12-31	2004			year	False	PRJEB2274	assembly_metadata	current_2406_archive	historical_tree_anchor	focal_genome_observation	True	archive_analysis_genome	True	False	True				provisional_marker_or_published_annotation							False	1	2026-07-24	Legacy PRN endpoints ignored; record retained only for genome/date/project/marker metadata.
AUS::SAMEA751477	SAMEA751477	SAMEA751477	GCA_001196975		AUS	Australia	2004	2004-01-01	2004-12-31	2004			year	False	PRJEB2274	assembly_metadata	current_2406_archive	historical_tree_anchor	focal_genome_observation	True	archive_analysis_genome	True	False	True			ptxP1/fim3-1	provisional_marker_or_published_annotation	Branch_IIb	ptxP1/fim3-1		ptxP1	fim3-1	MS	False	1	2026-07-24	Legacy PRN endpoints ignored; record retained only for genome/date/project/marker metadata.
AUS::SAMEA751479	SAMEA751479	SAMEA751479	GCA_001333435		AUS	Australia	1989	1989-01-01	1989-12-31	1989			year	False	PRJEB2274	assembly_metadata	current_2406_archive	historical_tree_anchor	focal_genome_observation	True	archive_analysis_genome	True	False	True			ptxP1/fim3-1	provisional_marker_or_published_annotation	Branch_IIb	ptxP1/fim3-1		ptxP1	fim3-1	MS	False	1	2026-07-24	Legacy PRN endpoints ignored; record retained only for genome/date/project/marker metadata.
AUS::SAMEA751480	SAMEA751480	SAMEA751480	GCA_001333455		AUS	Australia	2007	2007-01-01	2007-12-31	2007			year	False	PRJEB2274	assembly_metadata	current_2406_archive	historical_tree_anchor	focal_genome_observation	True	archive_analysis_genome	True	False	True				provisional_marker_or_published_annotation							False	1	2026-07-24	Legacy PRN endpoints ignored; record retained only for genome/date/project/marker metadata.
JPN::SAMEA751485	SAMEA751485	SAMEA751485	GCA_001210485		JPN	Japan	2004	2004-01-01	2004-12-31	2004			year	False	PRJEB2274	assembly_metadata	current_2406_archive	historical_tree_anchor	focal_genome_observation	True	archive_analysis_genome	True	False	True				provisional_marker_or_published_annotation							False	1	2026-07-24	Legacy PRN endpoints ignored; record retained only for genome/date/project/marker metadata.
JPN::SAMEA751486	SAMEA751486	SAMEA751486	GCA_001333535		JPN	Japan	2004	2004-01-01	2004-12-31	2004			year	False	PRJEB2274	assembly_metadata	current_2406_archive	historical_tree_anchor	focal_genome_observation	True	archive_analysis_genome	True	False	True				provisional_marker_or_published_annotation							False	1	2026-07-24	Legacy PRN endpoints ignored; record retained only for genome/date/project/marker metadata.
JPN::SAMEA751487	SAMEA751487	SAMEA751487	GCA_001201595		JPN	Japan	2002	2002-01-01	2002-12-31	2002			year	False	PRJEB2274	assembly_metadata	current_2406_archive	historical_tree_anchor	focal_genome_observation	True	archive_analysis_genome	True	False	True				provisional_marker_or_published_annotation							False	1	2026-07-24	Legacy PRN endpoints ignored; record retained only for genome/date/project/marker metadata.
JPN::SAMEA751488	SAMEA751488	SAMEA751488	GCA_001333555		JPN	Japan	2003	2003-01-01	2003-12-31	2003			year	False	PRJEB2274	assembly_metadata	current_2406_archive	historical_tree_anchor	focal_genome_observation	True	archive_analysis_genome	True	False	True				provisional_marker_or_published_annotation							False	1	2026-07-24	Legacy PRN endpoints ignored; record retained only for genome/date/project/marker metadata.
JPN::SAMEA751489	SAMEA751489	SAMEA751489	GCA_001194225		JPN	Japan	1999	1999-01-01	1999-12-31	1999			year	False	PRJEB2274	assembly_metadata	current_2406_archive	historical_tree_anchor	focal_genome_observation	True	archive_analysis_genome	True	False	True			ptxP1/fim3-1	provisional_marker_or_published_annotation	Branch_IIb	ptxP1/fim3-1		ptxP1	fim3-1	MS	False	1	2026-07-24	Legacy PRN endpoints ignored; record retained only for genome/date/project/marker metadata.
JPN::SAMEA751490	SAMEA751490	SAMEA751490	GCA_001333575		JPN	Japan	2001	2001-01-01	2001-12-31	2001			year	False	PRJEB2274	assembly_metadata	current_2406_archive	historical_tree_anchor	focal_genome_observation	True	archive_analysis_genome	True	False	True				provisional_marker_or_published_annotation							False	1	2026-07-24	Legacy PRN endpoints ignored; record retained only for genome/date/project/marker metadata.
JPN::SAMEA751491	SAMEA751491	SAMEA751491	GCA_001211945		JPN	Japan	1998	1998-01-01	1998-12-31	1998			year	False	PRJEB2274	assembly_metadata	current_2406_archive	historical_tree_anchor	focal_genome_observation	True	archive_analysis_genome	True	False	True			ptxP1/fim3-1	provisional_marker_or_published_annotation	Branch_IIb	ptxP1/fim3-1		ptxP1	fim3-1	MS	False	1	2026-07-24	Legacy PRN endpoints ignored; record retained only for genome/date/project/marker metadata.
JPN::SAMEA751492	SAMEA751492	SAMEA751492	GCA_001333595		JPN	Japan	1999	1999-01-01	1999-12-31	1999			year	False	PRJEB2274	assembly_metadata	current_2406_archive	historical_tree_anchor	focal_genome_observation	True	archive_analysis_genome	True	False	True				provisional_marker_or_published_annotation							False	1	2026-07-24	Legacy PRN endpoints ignored; record retained only for genome/date/project/marker metadata.
JPN::SAMEA751493	SAMEA751493	SAMEA751493	GCA_001333615		JPN	Japan	1995	1995-01-01	1995-12-31	1995			year	False	PRJEB2274	assembly_metadata	current_2406_archive	historical_tree_anchor	focal_genome_observation	True	archive_analysis_genome	True	False	True			ptxP3/fim3-1	provisional_marker_or_published_annotation	Branch_IIb	ptxP3/fim3-1		ptxP3	fim3-1	MS	False	1	2026-07-24	Legacy PRN endpoints ignored; record retained only for genome/date/project/marker metadata.
AUS::SAMEA751499	SAMEA751499	SAMEA751499	GCA_001333675		AUS	Australia	1982	1982-01-01	1982-12-31	1982			year	False	PRJEB2274	assembly_metadata	current_2406_archive	historical_tree_anchor	focal_genome_observation	True	archive_analysis_genome	True	False	True				provisional_marker_or_published_annotation							False	1	2026-07-24	Legacy PRN endpoints ignored; record retained only for genome/date/project/marker metadata.
AUS::SAMEA751500	SAMEA751500	SAMEA751500	GCA_001333695		AUS	Australia	1996	1996-01-01	1996-12-31	1996			year	False	PRJEB2274	assembly_metadata	current_2406_archive	historical_tree_anchor	focal_genome_observation	True	archive_analysis_genome	True	False	True				provisional_marker_or_published_annotation							False	1	2026-07-24	Legacy PRN endpoints ignored; record retained only for genome/date/project/marker metadata.
AUS::SAMEA751501	SAMEA751501	SAMEA751501	GCA_001333715		AUS	Australia	1989	1989-01-01	1989-12-31	1989			year	False	PRJEB2274	assembly_metadata	current_2406_archive	historical_tree_anchor	focal_genome_observation	True	archive_analysis_genome	True	False	True				provisional_marker_or_published_annotation							False	1	2026-07-24	Legacy PRN endpoints ignored; record retained only for genome/date/project/marker metadata.
AUS::SAMEA751502	SAMEA751502	SAMEA751502	GCA_001193855		AUS	Australia	1998	1998-01-01	1998-12-31	1998			year	False	PRJEB2274	assembly_metadata	current_2406_archive	historical_tree_anchor	focal_genome_observation	True	archive_analysis_genome	True	False	True				provisional_marker_or_published_annotation							False	1	2026-07-24	Legacy PRN endpoints ignored; record retained only for genome/date/project/marker metadata.
AUS::SAMEA751506	SAMEA751506	SAMEA751506	GCA_001198715		AUS	Australia	2002	2002-01-01	2002-12-31	2002			year	False	PRJEB2274	assembly_metadata	current_2406_archive	historical_tree_anchor	focal_genome_observation	True	archive_analysis_genome	True	False	True			ptxP1/fim3-1	provisional_marker_or_published_annotation	Branch_IIb	ptxP1/fim3-1		ptxP1	fim3-1	MS	False	1	2026-07-24	Legacy PRN endpoints ignored; record retained only for genome/date/project/marker metadata.
AUS::SAMEA751507	SAMEA751507	SAMEA751507	GCA_001208145		AUS	Australia	1900/2014	2014-01-01	2014-12-31	2014			year	False	PRJEB2274	assembly_metadata	current_2406_archive	focal_model_observation	focal_genome_observation	True	archive_analysis_genome	True	False	True			ptxP1/fim3-1	provisional_marker_or_published_annotation	Branch_IIb	ptxP1/fim3-1		ptxP1	fim3-1	MS	False	1	2026-07-24	Legacy PRN endpoints ignored; record retained only for genome/date/project/marker metadata.
AUS::SAMEA751508	SAMEA751508	SAMEA751508	GCA_001210185		AUS	Australia	1971	1971-01-01	1971-12-31	1971			year	False	PRJEB2274	assembly_metadata	current_2406_archive	historical_tree_anchor	focal_genome_observation	True	archive_analysis_genome	True	False	True			ptxP1/fim3-1	provisional_marker_or_published_annotation	Branch_IIb	ptxP1/fim3-1		ptxP1	fim3-1	MS	False	1	2026-07-24	Legacy PRN endpoints ignored; record retained only for genome/date/project/marker metadata.
AUS::SAMEA751509	SAMEA751509	SAMEA751509	GCA_001193155		AUS	Australia	1971	1971-01-01	1971-12-31	1971			year	False	PRJEB2274	assembly_metadata	current_2406_archive	historical_tree_anchor	focal_genome_observation	True	archive_analysis_genome	True	False	True			ptxP1/fim3-1	provisional_marker_or_published_annotation	Branch_IIb	ptxP1/fim3-1		ptxP1	fim3-1	MS	False	1	2026-07-24	Legacy PRN endpoints ignored; record retained only for genome/date/project/marker metadata.
AUS::SAMEA751510	SAMEA751510	SAMEA751510	GCA_001333775		AUS	Australia	1997	1997-01-01	1997-12-31	1997			year	False	PRJEB2274	assembly_metadata	current_2406_archive	historical_tree_anchor	focal_genome_observation	True	archive_analysis_genome	True	False	True				provisional_marker_or_published_annotation							False	1	2026-07-24	Legacy PRN endpoints ignored; record retained only for genome/date/project/marker metadata.
AUS::SAMEA751511	SAMEA751511	SAMEA751511	GCA_001203935		AUS	Australia	1977	1977-01-01	1977-12-31	1977			year	False	PRJEB2274	assembly_metadata	current_2406_archive	historical_tree_anchor	focal_genome_observation	True	archive_analysis_genome	True	False	True			ptxP1/fim3-1	provisional_marker_or_published_annotation	Branch_IIb	ptxP1/fim3-1		ptxP1	fim3-1	MS	False	1	2026-07-24	Legacy PRN endpoints ignored; record retained only for genome/date/project/marker metadata.
AUS::SAMEA751512	SAMEA751512	SAMEA751512	GCA_001333795		AUS	Australia	1977	1977-01-01	1977-12-31	1977			year	False	PRJEB2274	assembly_metadata	current_2406_archive	historical_tree_anchor	focal_genome_observation	True	archive_analysis_genome	True	False	True			ptxP1/fim3-1	provisional_marker_or_published_annotation	Branch_IIb	ptxP1/fim3-1		ptxP1	fim3-1	MS	False	1	2026-07-24	Legacy PRN endpoints ignored; record retained only for genome/date/project/marker metadata.
AUS::SAMEA751513	SAMEA751513	SAMEA751513	GCA_001333815		AUS	Australia	1974	1974-01-01	1974-12-31	1974			year	False	PRJEB2274	assembly_metadata	current_2406_archive	historical_tree_anchor	focal_genome_observation	True	archive_analysis_genome	True	False	True			ptxP1/fim3-1	provisional_marker_or_published_annotation	Branch_IIb	ptxP1/fim3-1		ptxP1	fim3-1	MS	False	1	2026-07-24	Legacy PRN endpoints ignored; record retained only for genome/date/project/marker metadata.
AUS::SAMEA751514	SAMEA751514	SAMEA751514	GCA_001212045		AUS	Australia	1989	1989-01-01	1989-12-31	1989			year	False	PRJEB2274	assembly_metadata	current_2406_archive	historical_tree_anchor	focal_genome_observation	True	archive_analysis_genome	True	False	True				provisional_marker_or_published_annotation							False	1	2026-07-24	Legacy PRN endpoints ignored; record retained only for genome/date/project/marker metadata.
AUS::SAMEA751515	SAMEA751515	SAMEA751515	GCA_001333835		AUS	Australia	1997	1997-01-01	1997-12-31	1997			year	False	PRJEB2274	assembly_metadata	current_2406_archive	historical_tree_anchor	focal_genome_observation	True	archive_analysis_genome	True	False	True			ptxP3/fim3-1	provisional_marker_or_published_annotation	Branch_IIb	ptxP3/fim3-1		ptxP3	fim3-1	MS	False	1	2026-07-24	Legacy PRN endpoints ignored; record retained only for genome/date/project/marker metadata.
AUS::SAMEA751520	SAMEA751520	SAMEA751520	GCA_001333915		AUS	Australia	1989	1989-01-01	1989-12-31	1989			year	False	PRJEB2274	assembly_metadata	current_2406_archive	historical_tree_anchor	focal_genome_observation	True	archive_analysis_genome	True	False	True				provisional_marker_or_published_annotation							False	1	2026-07-24	Legacy PRN endpoints ignored; record retained only for genome/date/project/marker metadata.
AUS::SAMEA751521	SAMEA751521	SAMEA751521	GCA_001333935		AUS	Australia	1990	1990-01-01	1990-12-31	1990			year	False	PRJEB2274	assembly_metadata	current_2406_archive	historical_tree_anchor	focal_genome_observation	True	archive_analysis_genome	True	False	True			ptxP1/fim3-1	provisional_marker_or_published_annotation	Branch_IIb	ptxP1/fim3-1		ptxP1	fim3-1	MS	False	1	2026-07-24	Legacy PRN endpoints ignored; record retained only for genome/date/project/marker metadata.
JPN::SAMEA751522	SAMEA751522	SAMEA751522	GCA_001205915		JPN	Japan	1996	1996-01-01	1996-12-31	1996			year	False	PRJEB2274	assembly_metadata	current_2406_archive	historical_tree_anchor	focal_genome_observation	True	archive_analysis_genome	True	False	True				provisional_marker_or_published_annotation							False	1	2026-07-24	Legacy PRN endpoints ignored; record retained only for genome/date/project/marker metadata.
CHN::SAMN03249373	SAMN03249373	SAMN03249373	GCA_001605275		CHN	China	1951	1951-01-01	1951-12-31	1951			year	False	PRJNA266616	assembly_metadata	current_2406_archive	historical_tree_anchor	focal_genome_observation	True	archive_analysis_genome	True	False	True			ptxP1/fim3-1	provisional_marker_or_published_annotation	Branch_IIb	ptxP1/fim3-1		ptxP1	fim3-1	MS	False	1	2026-07-24	Legacy PRN endpoints ignored; record retained only for genome/date/project/marker metadata.
JPN::SAMN03249374	SAMN03249374	SAMN03249374	GCA_001605295		JPN	Japan	1954	1954-01-01	1954-12-31	1954			year	False	PRJNA266616	assembly_metadata	current_2406_archive	historical_tree_anchor	focal_genome_observation	True	archive_analysis_genome	True	False	True			ptxP1	provisional_marker_or_published_annotation				ptxP1		MS	False	1	2026-07-24	Legacy PRN endpoints ignored; record retained only for genome/date/project/marker metadata.
FRA::SAMN03366100	SAMN03366100	SAMN03366100	GCA_001509895		FRA	France	2007	2007-01-01	2007-12-31	2007			year	False	PRJNA266616	assembly_metadata	current_2406_archive	historical_tree_anchor	focal_genome_observation	True	archive_analysis_genome	True	False	True			fim3-2	provisional_marker_or_published_annotation	Branch_IIb	ptxP3/fim3-2			fim3-2	MS	False	1	2026-07-24	Legacy PRN endpoints ignored; record retained only for genome/date/project/marker metadata.
FRA::SAMN03491902	SAMN03491902	SAMN03491902	GCA_001307565		FRA	France	2008	2008-01-01	2008-12-31	2008			year	False	PRJNA281570	assembly_metadata	current_2406_archive	historical_tree_anchor	focal_genome_observation	True	archive_analysis_genome	True	False	True			ptxP3/fim3-2	provisional_marker_or_published_annotation	Branch_IIb	ptxP3/fim3-2		ptxP3	fim3-2	MS	False	1	2026-07-24	Legacy PRN endpoints ignored; record retained only for genome/date/project/marker metadata.
FRA::SAMN03491903	SAMN03491903	SAMN03491903	GCA_001307525		FRA	France	2009	2009-01-01	2009-12-31	2009			year	False	PRJNA281570	assembly_metadata	current_2406_archive	historical_tree_anchor	focal_genome_observation	True	archive_analysis_genome	True	False	True			ptxP3/fim3-2	provisional_marker_or_published_annotation	Branch_IIb	ptxP3/fim3-2		ptxP3	fim3-2	MS	False	1	2026-07-24	Legacy PRN endpoints ignored; record retained only for genome/date/project/marker metadata.
JPN::SAMN04875532	SAMN04875532	SAMN04875532	GCA_002083095		JPN	Japan	1950	1950-01-01	1950-12-31	1950			year	False	PRJNA231221	assembly_metadata	current_2406_archive	historical_tree_anchor	focal_genome_observation	True	archive_analysis_genome	True	False	True			ptxP1/fim3-1	provisional_marker_or_published_annotation	Branch_IIb	ptxP1/fim3-1		ptxP1	fim3-1	MS	False	1	2026-07-24	Legacy PRN endpoints ignored; record retained only for genome/date/project/marker metadata.
JPN::SAMN06434363	SAMN06434363	SAMN06434363	GCA_002021795		JPN	Japan							unknown	False	PRJNA376518	assembly_metadata	current_2406_archive	focal_model_observation	focal_genome_observation	True	archive_analysis_genome	True	False	True			ptxP1/fim3-1	provisional_marker_or_published_annotation	Branch_IIb	ptxP1/fim3-1		ptxP1	fim3-1	MS	False	1	2026-07-24	Legacy PRN endpoints ignored; record retained only for genome/date/project/marker metadata.
AUS::SAMN07235949	SAMN07235949	SAMN07235949	GCA_002270325		AUS	Australia	2014-03-07	2014-03-07	2014-03-07	2014	3	1	day	True	PRJNA390469	assembly_metadata	current_2406_archive	historical_tree_anchor	focal_genome_observation	True	archive_analysis_genome	True	False	True			ptxP3/fim3-1	provisional_marker_or_published_annotation	Branch_IIb	ptxP3/fim3-1		ptxP3	fim3-1	MS	False	1	2026-07-24	Legacy PRN endpoints ignored; record retained only for genome/date/project/marker metadata.
CHN::SAMN08281077	SAMN08281077	SAMN08281077	GCA_004212655		CHN	China	2017-08-08	2017-08-08	2017-08-08	2017	8	3	day	True	PRJNA428126	assembly_metadata	current_2406_archive	historical_tree_anchor	focal_genome_observation	True	archive_analysis_genome	True	False	True			ptxP3/fim3-1	provisional_marker_or_published_annotation	Branch_IIb	ptxP3/fim3-1		ptxP3	fim3-1	MS	False	1	2026-07-24	Legacy PRN endpoints ignored; record retained only for genome/date/project/marker metadata.
JPN::SAMN09862822	SAMN09862822	SAMN09862822	GCA_003431345		JPN	Japan	1954	1954-01-01	1954-12-31	1954			year	False	PRJNA486745	assembly_metadata	current_2406_archive	historical_tree_anchor	focal_genome_observation	True	archive_analysis_genome	True	False	True			ptxP1	provisional_marker_or_published_annotation				ptxP1		MS	False	1	2026-07-24	Legacy PRN endpoints ignored; record retained only for genome/date/project/marker metadata.
FRA::SAMN09862835	SAMN09862835	SAMN09862835	GCA_003431425		FRA	France	2014	2014-01-01	2014-12-31	2014			year	False	PRJNA486745	assembly_metadata	current_2406_archive	historical_tree_anchor	focal_genome_observation	True	archive_analysis_genome	True	False	True			ptxP3	provisional_marker_or_published_annotation				ptxP3		MS	False	1	2026-07-24	Legacy PRN endpoints ignored; record retained only for genome/date/project/marker metadata.
CHN::SAMN09941175	SAMN09941175	SAMN09941175	GCA_014856975		CHN	China	2018-08-21	2018-08-21	2018-08-21	2018	8	3	day	True	PRJNA488737	assembly_metadata	current_2406_archive	historical_tree_anchor	focal_genome_observation	True	archive_analysis_genome	True	False	True			ptxP1/fim3-1	provisional_marker_or_published_annotation	Branch_IIb	ptxP1/fim3-1		ptxP1	fim3-1	MR_A2047G	False	1	2026-07-24	Legacy PRN endpoints ignored; record retained only for genome/date/project/marker metadata.
JPN::SAMN10739865	SAMN10739865	SAMN10739865	GCA_004794295		JPN	Japan							unknown	False	PRJNA514965	assembly_metadata	current_2406_archive	focal_model_observation	focal_genome_observation	True	archive_analysis_genome	True	False	True			ptxP1/fim3-1	provisional_marker_or_published_annotation	Branch_IIb	ptxP1/fim3-1		ptxP1	fim3-1	MS	False	1	2026-07-24	Legacy PRN endpoints ignored; record retained only for genome/date/project/marker metadata.
CHN::SAMN11295233	SAMN11295233	SAMN11295233	GCA_008330005		CHN	China	2014-09-25	2014-09-25	2014-09-25	2014	9	3	day	True	PRJNA530108	assembly_metadata	current_2406_archive	historical_tree_anchor	focal_genome_observation	True	archive_analysis_genome	True	False	True			ptxP1/fim3-1	provisional_marker_or_published_annotation	Branch_IIb	ptxP1/fim3-1		ptxP1	fim3-1	MS	False	1	2026-07-24	Legacy PRN endpoints ignored; record retained only for genome/date/project/marker metadata.
CHN::SAMN17613197	SAMN17613197	SAMN17613197	GCA_023101445		CHN	China	2018	2018-01-01	2018-12-31	2018			year	False	PRJNA695405	assembly_metadata	current_2406_archive	historical_tree_anchor	focal_genome_observation	True	archive_analysis_genome	True	False	True			ptxP1/fim3-1	provisional_marker_or_published_annotation	Branch_IIb	ptxP1/fim3-1		ptxP1	fim3-1	MR_A2047G	False	1	2026-07-24	Legacy PRN endpoints ignored; record retained only for genome/date/project/marker metadata.
CHN::SAMN17613198	SAMN17613198	SAMN17613198	GCA_023101465		CHN	China	2018	2018-01-01	2018-12-31	2018			year	False	PRJNA695405	assembly_metadata	current_2406_archive	historical_tree_anchor	focal_genome_observation	True	archive_analysis_genome	True	False	True			ptxP1/fim3-1	provisional_marker_or_published_annotation	Branch_IIb	ptxP1/fim3-1		ptxP1	fim3-1	MR_A2047G	False	1	2026-07-24	Legacy PRN endpoints ignored; record retained only for genome/date/project/marker metadata.
AUS::SAMN18200430	SAMN18200430	SAMN18200430	GCA_017357205		AUS	Australia	2011	2011-01-01	2011-12-31	2011			year	False	PRJNA695314	assembly_metadata	current_2406_archive	historical_tree_anchor	focal_genome_observation	True	archive_analysis_genome	True	False	True			ptxP3/fim3-2	provisional_marker_or_published_annotation	Branch_IIb	ptxP3/fim3-2		ptxP3	fim3-2	MS	False	1	2026-07-24	Legacy PRN endpoints ignored; record retained only for genome/date/project/marker metadata.
AUS::SAMN18200431	SAMN18200431	SAMN18200431	GCA_017357125		AUS	Australia	2015	2015-01-01	2015-12-31	2015			year	False	PRJNA695314	assembly_metadata	current_2406_archive	historical_tree_anchor	focal_genome_observation	True	archive_analysis_genome	True	False	True			ptxP1/fim3-4	provisional_marker_or_published_annotation	Branch_IIb	others		ptxP1	fim3-4	MS	False	1	2026-07-24	Legacy PRN endpoints ignored; record retained only for genome/date/project/marker metadata.
AUS::SAMN18200432	SAMN18200432	SAMN18200432	GCA_017357165		AUS	Australia	2008	2008-01-01	2008-12-31	2008			year	False	PRJNA695314	assembly_metadata	current_2406_archive	historical_tree_anchor	focal_genome_observation	True	archive_analysis_genome	True	False	True			ptxP3/fim3-2	provisional_marker_or_published_annotation	Branch_IIb	ptxP3/fim3-2		ptxP3	fim3-2	MS	False	1	2026-07-24	Legacy PRN endpoints ignored; record retained only for genome/date/project/marker metadata.
CHN::SAMN22851881	SAMN22851881	SAMN22851881	GCA_023612135		CHN	China	1951	1951-01-01	1951-12-31	1951			year	False	PRJNA777368	assembly_metadata	current_2406_archive	historical_tree_anchor	focal_genome_observation	True	archive_analysis_genome	True	False	True			ptxP1/fim3-1	provisional_marker_or_published_annotation	Branch_IIb	ptxP1/fim3-1		ptxP1	fim3-1	MS	False	1	2026-07-24	Legacy PRN endpoints ignored; record retained only for genome/date/project/marker metadata.
CHN::SAMN33268551	SAMN33268551	SAMN33268551	GCA_028747705		CHN	China	2022-08	2022-08-01	2022-08-31	2022	8	3	month	True	PRJNA934177	assembly_metadata	current_2406_archive	focal_model_observation	focal_genome_observation	True	archive_analysis_genome	True	False	True			ptxP3	provisional_marker_or_published_annotation				ptxP3		MS	False	1	2026-07-24	Legacy PRN endpoints ignored; record retained only for genome/date/project/marker metadata.
CHN::SAMN33268552	SAMN33268552	SAMN33268552	GCA_028747725		CHN	China	2018-04	2018-04-01	2018-04-30	2018	4	2	month	True	PRJNA934178	assembly_metadata	current_2406_archive	historical_tree_anchor	focal_genome_observation	True	archive_analysis_genome	True	False	True			ptxP3	provisional_marker_or_published_annotation				ptxP3		MS	False	1	2026-07-24	Legacy PRN endpoints ignored; record retained only for genome/date/project/marker metadata.
CHN::SAMN33268689	SAMN33268689	SAMN33268689	GCA_028747745		CHN	China	2016-02	2016-02-01	2016-02-29	2016	2	1	month	True	PRJNA934182	assembly_metadata	current_2406_archive	historical_tree_anchor	focal_genome_observation	True	archive_analysis_genome	True	False	True			ptxP3	provisional_marker_or_published_annotation				ptxP3		MS	False	1	2026-07-24	Legacy PRN endpoints ignored; record retained only for genome/date/project/marker metadata.
CHN::SAMN33268690	SAMN33268690	SAMN33268690	GCA_028747765		CHN	China	2016-06	2016-06-01	2016-06-30	2016	6	2	month	True	PRJNA934183	assembly_metadata	current_2406_archive	historical_tree_anchor	focal_genome_observation	True	archive_analysis_genome	True	False	True				provisional_marker_or_published_annotation							False	1	2026-07-24	Legacy PRN endpoints ignored; record retained only for genome/date/project/marker metadata.
CHN::SAMN41373914	SAMN41373914	SAMN41373914	GCA_039679045		CHN	China	2019	2019-01-01	2019-12-31	2019			year	False	PRJNA1110622	assembly_metadata	current_2406_archive	historical_tree_anchor	focal_genome_observation	True	archive_analysis_genome	True	False	True			ptxP1/fim3-1	provisional_marker_or_published_annotation	Branch_IIb	ptxP1/fim3-1		ptxP1	fim3-1	MR_A2047G	False	1	2026-07-24	Legacy PRN endpoints ignored; record retained only for genome/date/project/marker metadata.
CHN::SAMN41373915	SAMN41373915	SAMN41373915	GCA_039679025		CHN	China	2019	2019-01-01	2019-12-31	2019			year	False	PRJNA1110622	assembly_metadata	current_2406_archive	historical_tree_anchor	focal_genome_observation	True	archive_analysis_genome	True	False	True			ptxP1/fim3-1	provisional_marker_or_published_annotation	Branch_IIb	ptxP1/fim3-1		ptxP1	fim3-1	MR_A2047G	False	1	2026-07-24	Legacy PRN endpoints ignored; record retained only for genome/date/project/marker metadata.
CHN::SAMN41373916	SAMN41373916	SAMN41373916	GCA_039679005		CHN	China	2019	2019-01-01	2019-12-31	2019			year	False	PRJNA1110622	assembly_metadata	current_2406_archive	historical_tree_anchor	focal_genome_observation	True	archive_analysis_genome	True	False	True			ptxP1/fim3-1	provisional_marker_or_published_annotation	Branch_IIb	ptxP1/fim3-1		ptxP1	fim3-1	MR_A2047G	False	1	2026-07-24	Legacy PRN endpoints ignored; record retained only for genome/date/project/marker metadata.
CHN::SAMN41373917	SAMN41373917	SAMN41373917	GCA_039678985		CHN	China	2019	2019-01-01	2019-12-31	2019			year	False	PRJNA1110622	assembly_metadata	current_2406_archive	historical_tree_anchor	focal_genome_observation	True	archive_analysis_genome	True	False	True			ptxP1/fim3-1	provisional_marker_or_published_annotation	Branch_IIb	ptxP1/fim3-1		ptxP1	fim3-1	MR_A2047G	False	1	2026-07-24	Legacy PRN endpoints ignored; record retained only for genome/date/project/marker metadata.
CHN::SAMN41373918	SAMN41373918	SAMN41373918	GCA_039678945		CHN	China	2019	2019-01-01	2019-12-31	2019			year	False	PRJNA1110622	assembly_metadata	current_2406_archive	historical_tree_anchor	focal_genome_observation	True	archive_analysis_genome	True	False	True			ptxP1/fim3-1	provisional_marker_or_published_annotation	Branch_IIb	ptxP1/fim3-1		ptxP1	fim3-1	MR_A2047G	False	1	2026-07-24	Legacy PRN endpoints ignored; record retained only for genome/date/project/marker metadata.
CHN::SAMN41373919	SAMN41373919	SAMN41373919	GCA_039678955		CHN	China	2019	2019-01-01	2019-12-31	2019			year	False	PRJNA1110622	assembly_metadata	current_2406_archive	historical_tree_anchor	focal_genome_observation	True	archive_analysis_genome	True	False	True			ptxP1/fim3-1	provisional_marker_or_published_annotation	Branch_IIb	ptxP1/fim3-1		ptxP1	fim3-1	MR_A2047G	False	1	2026-07-24	Legacy PRN endpoints ignored; record retained only for genome/date/project/marker metadata.
CHN::SAMN41373920	SAMN41373920	SAMN41373920	GCA_039678925		CHN	China	2019	2019-01-01	2019-12-31	2019			year	False	PRJNA1110622	assembly_metadata	current_2406_archive	historical_tree_anchor	focal_genome_observation	True	archive_analysis_genome	True	False	True			ptxP3/fim3-1	provisional_marker_or_published_annotation	Branch_IIb	ptxP3/fim3-1		ptxP3	fim3-1	MS	False	1	2026-07-24	Legacy PRN endpoints ignored; record retained only for genome/date/project/marker metadata.
CHN::SAMN41373921	SAMN41373921	SAMN41373921	GCA_039678885		CHN	China	2019	2019-01-01	2019-12-31	2019			year	False	PRJNA1110622	assembly_metadata	current_2406_archive	historical_tree_anchor	focal_genome_observation	True	archive_analysis_genome	True	False	True			ptxP1/fim3-1	provisional_marker_or_published_annotation	Branch_IIb	ptxP1/fim3-1		ptxP1	fim3-1	MR_A2047G	False	1	2026-07-24	Legacy PRN endpoints ignored; record retained only for genome/date/project/marker metadata.
CHN::SAMN41373922	SAMN41373922	SAMN41373922	GCA_039678845		CHN	China	2019	2019-01-01	2019-12-31	2019			year	False	PRJNA1110622	assembly_metadata	current_2406_archive	historical_tree_anchor	focal_genome_observation	True	archive_analysis_genome	True	False	True			ptxP1/fim3-1	provisional_marker_or_published_annotation	Branch_IIb	ptxP1/fim3-1		ptxP1	fim3-1	MR_A2047G	False	1	2026-07-24	Legacy PRN endpoints ignored; record retained only for genome/date/project/marker metadata.
CHN::SAMN41373923	SAMN41373923	SAMN41373923	GCA_039678865		CHN	China	2019	2019-01-01	2019-12-31	2019			year	False	PRJNA1110622	assembly_metadata	current_2406_archive	historical_tree_anchor	focal_genome_observation	True	archive_analysis_genome	True	False	True			ptxP3/fim3-1	provisional_marker_or_published_annotation	Branch_IIb	ptxP3/fim3-1		ptxP3	fim3-1	MS	False	1	2026-07-24	Legacy PRN endpoints ignored; record retained only for genome/date/project/marker metadata.
CHN::SAMN41373924	SAMN41373924	SAMN41373924	GCA_039678805		CHN	China	2019	2019-01-01	2019-12-31	2019			year	False	PRJNA1110622	assembly_metadata	current_2406_archive	historical_tree_anchor	focal_genome_observation	True	archive_analysis_genome	True	False	True			ptxP1/fim3-1	provisional_marker_or_published_annotation	Branch_IIb	ptxP1/fim3-1		ptxP1	fim3-1	MR_A2047G	False	1	2026-07-24	Legacy PRN endpoints ignored; record retained only for genome/date/project/marker metadata.
CHN::SAMN41373925	SAMN41373925	SAMN41373925	GCA_039678895		CHN	China	2019	2019-01-01	2019-12-31	2019			year	False	PRJNA1110622	assembly_metadata	current_2406_archive	historical_tree_anchor	focal_genome_observation	True	archive_analysis_genome	True	False	True			ptxP1/fim3-1	provisional_marker_or_published_annotation	Branch_IIb	ptxP1/fim3-1		ptxP1	fim3-1	MR_A2047G	False	1	2026-07-24	Legacy PRN endpoints ignored; record retained only for genome/date/project/marker metadata.
CHN::SAMN41373926	SAMN41373926	SAMN41373926	GCA_039678825		CHN	China	2020	2020-01-01	2020-12-31	2020			year	False	PRJNA1110622	assembly_metadata	current_2406_archive	focal_model_observation	focal_genome_observation	True	archive_analysis_genome	True	False	True			ptxP3/fim3-1	provisional_marker_or_published_annotation	Branch_IIb	ptxP3/fim3-1		ptxP3	fim3-1	MS	False	1	2026-07-24	Legacy PRN endpoints ignored; record retained only for genome/date/project/marker metadata.
CHN::SAMN41373927	SAMN41373927	SAMN41373927	GCA_039678765		CHN	China	2019	2019-01-01	2019-12-31	2019			year	False	PRJNA1110622	assembly_metadata	current_2406_archive	historical_tree_anchor	focal_genome_observation	True	archive_analysis_genome	True	False	True			ptxP1/fim3-1	provisional_marker_or_published_annotation	Branch_IIb	ptxP1/fim3-1		ptxP1	fim3-1	MR_A2047G	False	1	2026-07-24	Legacy PRN endpoints ignored; record retained only for genome/date/project/marker metadata.
CHN::SAMN41373928	SAMN41373928	SAMN41373928	GCA_039678785		CHN	China	2019	2019-01-01	2019-12-31	2019			year	False	PRJNA1110622	assembly_metadata	current_2406_archive	historical_tree_anchor	focal_genome_observation	True	archive_analysis_genome	True	False	True			ptxP1/fim3-1	provisional_marker_or_published_annotation	Branch_IIb	ptxP1/fim3-1		ptxP1	fim3-1	MR_A2047G	False	1	2026-07-24	Legacy PRN endpoints ignored; record retained only for genome/date/project/marker metadata.
CHN::SAMN41373929	SAMN41373929	SAMN41373929	GCA_039678705		CHN	China	2019	2019-01-01	2019-12-31	2019			year	False	PRJNA1110622	assembly_metadata	current_2406_archive	historical_tree_anchor	focal_genome_observation	True	archive_analysis_genome	True	False	True			ptxP1/fim3-1	provisional_marker_or_published_annotation	Branch_IIb	ptxP1/fim3-1		ptxP1	fim3-1	MR_A2047G	False	1	2026-07-24	Legacy PRN endpoints ignored; record retained only for genome/date/project/marker metadata.
CHN::SAMN41373930	SAMN41373930	SAMN41373930	GCA_039678745		CHN	China	2019	2019-01-01	2019-12-31	2019			year	False	PRJNA1110622	assembly_metadata	current_2406_archive	historical_tree_anchor	focal_genome_observation	True	archive_analysis_genome	True	False	True			ptxP1/fim3-1	provisional_marker_or_published_annotation	Branch_IIb	ptxP1/fim3-1		ptxP1	fim3-1	MR_A2047G	False	1	2026-07-24	Legacy PRN endpoints ignored; record retained only for genome/date/project/marker metadata.
CHN::SAMN41373931	SAMN41373931	SAMN41373931	GCA_039678725		CHN	China	2019	2019-01-01	2019-12-31	2019			year	False	PRJNA1110622	assembly_metadata	current_2406_archive	historical_tree_anchor	focal_genome_observation	True	archive_analysis_genome	True	False	True			ptxP1/fim3-1	provisional_marker_or_published_annotation	Branch_IIb	ptxP1/fim3-1		ptxP1	fim3-1	MR_A2047G	False	1	2026-07-24	Legacy PRN endpoints ignored; record retained only for genome/date/project/marker metadata.
CHN::SAMN41373932	SAMN41373932	SAMN41373932	GCA_039678685		CHN	China	2019	2019-01-01	2019-12-31	2019			year	False	PRJNA1110622	assembly_metadata	current_2406_archive	historical_tree_anchor	focal_genome_observation	True	archive_analysis_genome	True	False	True			ptxP1/fim3-1	provisional_marker_or_published_annotation	Branch_IIb	ptxP1/fim3-1		ptxP1	fim3-1	MR_A2047G	False	1	2026-07-24	Legacy PRN endpoints ignored; record retained only for genome/date/project/marker metadata.
CHN::SAMN41373933	SAMN41373933	SAMN41373933	GCA_039678665		CHN	China	2019	2019-01-01	2019-12-31	2019			year	False	PRJNA1110622	assembly_metadata	current_2406_archive	historical_tree_anchor	focal_genome_observation	True	archive_analysis_genome	True	False	True			ptxP1/fim3-1	provisional_marker_or_published_annotation	Branch_IIb	ptxP1/fim3-1		ptxP1	fim3-1	MR_A2047G	False	1	2026-07-24	Legacy PRN endpoints ignored; record retained only for genome/date/project/marker metadata.
CHN::SAMN41373934	SAMN41373934	SAMN41373934	GCA_039678645		CHN	China	2019	2019-01-01	2019-12-31	2019			year	False	PRJNA1110622	assembly_metadata	current_2406_archive	historical_tree_anchor	focal_genome_observation	True	archive_analysis_genome	True	False	True			ptxP1/fim3-1	provisional_marker_or_published_annotation	Branch_IIb	ptxP1/fim3-1		ptxP1	fim3-1	MR_A2047G	False	1	2026-07-24	Legacy PRN endpoints ignored; record retained only for genome/date/project/marker metadata.
CHN::SAMN41373935	SAMN41373935	SAMN41373935	GCA_039678625		CHN	China	2019	2019-01-01	2019-12-31	2019			year	False	PRJNA1110622	assembly_metadata	current_2406_archive	historical_tree_anchor	focal_genome_observation	True	archive_analysis_genome	True	False	True			ptxP1/fim3-1	provisional_marker_or_published_annotation	Branch_IIb	ptxP1/fim3-1		ptxP1	fim3-1	MR_A2047G	False	1	2026-07-24	Legacy PRN endpoints ignored; record retained only for genome/date/project/marker metadata.
CHN::SAMN41373936	SAMN41373936	SAMN41373936	GCA_039678605		CHN	China	2019	2019-01-01	2019-12-31	2019			year	False	PRJNA1110622	assembly_metadata	current_2406_archive	historical_tree_anchor	focal_genome_observation	True	archive_analysis_genome	True	False	True			ptxP1/fim3-1	provisional_marker_or_published_annotation	Branch_IIb	ptxP1/fim3-1		ptxP1	fim3-1	MR_A2047G	False	1	2026-07-24	Legacy PRN endpoints ignored; record retained only for genome/date/project/marker metadata.
CHN::SAMN41373937	SAMN41373937	SAMN41373937	GCA_039678585		CHN	China	2019	2019-01-01	2019-12-31	2019			year	False	PRJNA1110622	assembly_metadata	current_2406_archive	historical_tree_anchor	focal_genome_observation	True	archive_analysis_genome	True	False	True			ptxP1/fim3-1	provisional_marker_or_published_annotation	Branch_IIb	ptxP1/fim3-1		ptxP1	fim3-1	MR_A2047G	False	1	2026-07-24	Legacy PRN endpoints ignored; record retained only for genome/date/project/marker metadata.
CHN::SAMN41373938	SAMN41373938	SAMN41373938	GCA_039678545		CHN	China	2019	2019-01-01	2019-12-31	2019			year	False	PRJNA1110622	assembly_metadata	current_2406_archive	historical_tree_anchor	focal_genome_observation	True	archive_analysis_genome	True	False	True			ptxP1/fim3-1	provisional_marker_or_published_annotation	Branch_IIb	ptxP1/fim3-1		ptxP1	fim3-1	MR_A2047G	False	1	2026-07-24	Legacy PRN endpoints ignored; record retained only for genome/date/project/marker metadata.
CHN::SAMN41373939	SAMN41373939	SAMN41373939	GCA_039678525		CHN	China	2019	2019-01-01	2019-12-31	2019			year	False	PRJNA1110622	assembly_metadata	current_2406_archive	historical_tree_anchor	focal_genome_observation	True	archive_analysis_genome	True	False	True			ptxP1/fim3-1	provisional_marker_or_published_annotation	Branch_IIb	ptxP1/fim3-1		ptxP1	fim3-1	MR_A2047G	False	1	2026-07-24	Legacy PRN endpoints ignored; record retained only for genome/date/project/marker metadata.
CHN::SAMN41373940	SAMN41373940	SAMN41373940	GCA_039678485		CHN	China	2019	2019-01-01	2019-12-31	2019			year	False	PRJNA1110622	assembly_metadata	current_2406_archive	historical_tree_anchor	focal_genome_observation	True	archive_analysis_genome	True	False	True			ptxP1/fim3-1	provisional_marker_or_published_annotation	Branch_IIb	ptxP1/fim3-1		ptxP1	fim3-1	MR_A2047G	False	1	2026-07-24	Legacy PRN endpoints ignored; record retained only for genome/date/project/marker metadata.
CHN::SAMN41373941	SAMN41373941	SAMN41373941	GCA_039678505		CHN	China	2019	2019-01-01	2019-12-31	2019			year	False	PRJNA1110622	assembly_metadata	current_2406_archive	historical_tree_anchor	focal_genome_observation	True	archive_analysis_genome	True	False	True			ptxP1/fim3-1	provisional_marker_or_published_annotation	Branch_IIb	ptxP1/fim3-1		ptxP1	fim3-1	MR_A2047G	False	1	2026-07-24	Legacy PRN endpoints ignored; record retained only for genome/date/project/marker metadata.
CHN::SAMN41373942	SAMN41373942	SAMN41373942	GCA_039678445		CHN	China	2019	2019-01-01	2019-12-31	2019			year	False	PRJNA1110622	assembly_metadata	current_2406_archive	historical_tree_anchor	focal_genome_observation	True	archive_analysis_genome	True	False	True			ptxP1/fim3-1	provisional_marker_or_published_annotation	Branch_IIb	ptxP1/fim3-1		ptxP1	fim3-1	MR_A2047G	False	1	2026-07-24	Legacy PRN endpoints ignored; record retained only for genome/date/project/marker metadata.
CHN::SAMN41373943	SAMN41373943	SAMN41373943	GCA_039678465		CHN	China	2019	2019-01-01	2019-12-31	2019			year	False	PRJNA1110622	assembly_metadata	current_2406_archive	historical_tree_anchor	focal_genome_observation	True	archive_analysis_genome	True	False	True			ptxP1/fim3-1	provisional_marker_or_published_annotation	Branch_IIb	ptxP1/fim3-1		ptxP1	fim3-1	MR_A2047G	False	1	2026-07-24	Legacy PRN endpoints ignored; record retained only for genome/date/project/marker metadata.
CHN::SAMN41373944	SAMN41373944	SAMN41373944	GCA_039678405		CHN	China	2019	2019-01-01	2019-12-31	2019			year	False	PRJNA1110622	assembly_metadata	current_2406_archive	historical_tree_anchor	focal_genome_observation	True	archive_analysis_genome	True	False	True			ptxP1/fim3-1	provisional_marker_or_published_annotation	Branch_IIb	ptxP1/fim3-1		ptxP1	fim3-1	MR_A2047G	False	1	2026-07-24	Legacy PRN endpoints ignored; record retained only for genome/date/project/marker metadata.
CHN::SAMN41373945	SAMN41373945	SAMN41373945	GCA_039678425		CHN	China	2019	2019-01-01	2019-12-31	2019			year	False	PRJNA1110622	assembly_metadata	current_2406_archive	historical_tree_anchor	focal_genome_observation	True	archive_analysis_genome	True	False	True			ptxP1/fim3-1	provisional_marker_or_published_annotation	Branch_IIb	ptxP1/fim3-1		ptxP1	fim3-1	MR_A2047G	False	1	2026-07-24	Legacy PRN endpoints ignored; record retained only for genome/date/project/marker metadata.
CHN::SAMN41373946	SAMN41373946	SAMN41373946	GCA_039678365		CHN	China	2019	2019-01-01	2019-12-31	2019			year	False	PRJNA1110622	assembly_metadata	current_2406_archive	historical_tree_anchor	focal_genome_observation	True	archive_analysis_genome	True	False	True			ptxP1/fim3-1	provisional_marker_or_published_annotation	Branch_IIb	ptxP1/fim3-1		ptxP1	fim3-1	MR_A2047G	False	1	2026-07-24	Legacy PRN endpoints ignored; record retained only for genome/date/project/marker metadata.
CHN::SAMN41373947	SAMN41373947	SAMN41373947	GCA_039678385		CHN	China	2019	2019-01-01	2019-12-31	2019			year	False	PRJNA1110622	assembly_metadata	current_2406_archive	historical_tree_anchor	focal_genome_observation	True	archive_analysis_genome	True	False	True			ptxP1/fim3-1	provisional_marker_or_published_annotation	Branch_IIb	ptxP1/fim3-1		ptxP1	fim3-1	MR_A2047G	False	1	2026-07-24	Legacy PRN endpoints ignored; record retained only for genome/date/project/marker metadata.
CHN::SAMN41373948	SAMN41373948	SAMN41373948	GCA_039678305		CHN	China	2019	2019-01-01	2019-12-31	2019			year	False	PRJNA1110622	assembly_metadata	current_2406_archive	historical_tree_anchor	focal_genome_observation	True	archive_analysis_genome	True	False	True			ptxP1/fim3-1	provisional_marker_or_published_annotation	Branch_IIb	ptxP1/fim3-1		ptxP1	fim3-1	MR_A2047G	False	1	2026-07-24	Legacy PRN endpoints ignored; record retained only for genome/date/project/marker metadata.
CHN::SAMN41373949	SAMN41373949	SAMN41373949	GCA_039678325		CHN	China	2019	2019-01-01	2019-12-31	2019			year	False	PRJNA1110622	assembly_metadata	current_2406_archive	historical_tree_anchor	focal_genome_observation	True	archive_analysis_genome	True	False	True			ptxP3/fim3-1	provisional_marker_or_published_annotation	Branch_IIb	ptxP3/fim3-1		ptxP3	fim3-1	MS	False	1	2026-07-24	Legacy PRN endpoints ignored; record retained only for genome/date/project/marker metadata.
CHN::SAMN41373950	SAMN41373950	SAMN41373950	GCA_039678345		CHN	China	2019	2019-01-01	2019-12-31	2019			year	False	PRJNA1110622	assembly_metadata	current_2406_archive	historical_tree_anchor	focal_genome_observation	True	archive_analysis_genome	True	False	True			ptxP1/fim3-1	provisional_marker_or_published_annotation	Branch_IIb	ptxP1/fim3-1		ptxP1	fim3-1	MR_A2047G	False	1	2026-07-24	Legacy PRN endpoints ignored; record retained only for genome/date/project/marker metadata.
CHN::SAMN41373951	SAMN41373951	SAMN41373951	GCA_039678285		CHN	China	2019	2019-01-01	2019-12-31	2019			year	False	PRJNA1110622	assembly_metadata	current_2406_archive	historical_tree_anchor	focal_genome_observation	True	archive_analysis_genome	True	False	True			ptxP1/fim3-1	provisional_marker_or_published_annotation	Branch_IIb	ptxP1/fim3-1		ptxP1	fim3-1	MR_A2047G	False	1	2026-07-24	Legacy PRN endpoints ignored; record retained only for genome/date/project/marker metadata.
CHN::SAMN41373952	SAMN41373952	SAMN41373952	GCA_039678265		CHN	China	2019	2019-01-01	2019-12-31	2019			year	False	PRJNA1110622	assembly_metadata	current_2406_archive	historical_tree_anchor	focal_genome_observation	True	archive_analysis_genome	True	False	True			ptxP1/fim3-1	provisional_marker_or_published_annotation	Branch_IIb	ptxP1/fim3-1		ptxP1	fim3-1	MR_A2047G	False	1	2026-07-24	Legacy PRN endpoints ignored; record retained only for genome/date/project/marker metadata.
CHN::SAMN41373953	SAMN41373953	SAMN41373953	GCA_039678245		CHN	China	2019	2019-01-01	2019-12-31	2019			year	False	PRJNA1110622	assembly_metadata	current_2406_archive	historical_tree_anchor	focal_genome_observation	True	archive_analysis_genome	True	False	True			ptxP3/fim3-1	provisional_marker_or_published_annotation	Branch_IIb	ptxP3/fim3-1		ptxP3	fim3-1	MS	False	1	2026-07-24	Legacy PRN endpoints ignored; record retained only for genome/date/project/marker metadata.
CHN::SAMN41373954	SAMN41373954	SAMN41373954	GCA_039678565		CHN	China	2019	2019-01-01	2019-12-31	2019			year	False	PRJNA1110622	assembly_metadata	current_2406_archive	historical_tree_anchor	focal_genome_observation	True	archive_analysis_genome	True	False	True			ptxP1/fim3-1	provisional_marker_or_published_annotation	Branch_IIb	ptxP1/fim3-1		ptxP1	fim3-1	MR_A2047G	False	1	2026-07-24	Legacy PRN endpoints ignored; record retained only for genome/date/project/marker metadata.
CHN::SAMN41373955	SAMN41373955	SAMN41373955	GCA_039678185		CHN	China	2019	2019-01-01	2019-12-31	2019			year	False	PRJNA1110622	assembly_metadata	current_2406_archive	historical_tree_anchor	focal_genome_observation	True	archive_analysis_genome	True	False	True			ptxP1/fim3-1	provisional_marker_or_published_annotation	Branch_IIb	ptxP1/fim3-1		ptxP1	fim3-1	MR_A2047G	False	1	2026-07-24	Legacy PRN endpoints ignored; record retained only for genome/date/project/marker metadata.
CHN::SAMN41373956	SAMN41373956	SAMN41373956	GCA_039678195		CHN	China	2019	2019-01-01	2019-12-31	2019			year	False	PRJNA1110622	assembly_metadata	current_2406_archive	historical_tree_anchor	focal_genome_observation	True	archive_analysis_genome	True	False	True			ptxP1/fim3-1	provisional_marker_or_published_annotation	Branch_IIb	ptxP1/fim3-1		ptxP1	fim3-1	MR_A2047G	False	1	2026-07-24	Legacy PRN endpoints ignored; record retained only for genome/date/project/marker metadata.
CHN::SAMN41373957	SAMN41373957	SAMN41373957	GCA_039678145		CHN	China	2019	2019-01-01	2019-12-31	2019			year	False	PRJNA1110622	assembly_metadata	current_2406_archive	historical_tree_anchor	focal_genome_observation	True	archive_analysis_genome	True	False	True			ptxP1/fim3-1	provisional_marker_or_published_annotation	Branch_IIb	ptxP1/fim3-1		ptxP1	fim3-1	MR_A2047G	False	1	2026-07-24	Legacy PRN endpoints ignored; record retained only for genome/date/project/marker metadata.
CHN::SAMN41373958	SAMN41373958	SAMN41373958	GCA_039678225		CHN	China	2019	2019-01-01	2019-12-31	2019			year	False	PRJNA1110622	assembly_metadata	current_2406_archive	historical_tree_anchor	focal_genome_observation	True	archive_analysis_genome	True	False	True			ptxP3/fim3-1	provisional_marker_or_published_annotation	Branch_IIb	ptxP3/fim3-1		ptxP3	fim3-1	MS	False	1	2026-07-24	Legacy PRN endpoints ignored; record retained only for genome/date/project/marker metadata.
CHN::SAMN41373959	SAMN41373959	SAMN41373959	GCA_039678105		CHN	China	2019	2019-01-01	2019-12-31	2019			year	False	PRJNA1110622	assembly_metadata	current_2406_archive	historical_tree_anchor	focal_genome_observation	True	archive_analysis_genome	True	False	True			ptxP1/fim3-1	provisional_marker_or_published_annotation	Branch_IIb	ptxP1/fim3-1		ptxP1	fim3-1	MR_A2047G	False	1	2026-07-24	Legacy PRN endpoints ignored; record retained only for genome/date/project/marker metadata.
CHN::SAMN41373960	SAMN41373960	SAMN41373960	GCA_039678085		CHN	China	2019	2019-01-01	2019-12-31	2019			year	False	PRJNA1110622	assembly_metadata	current_2406_archive	historical_tree_anchor	focal_genome_observation	True	archive_analysis_genome	True	False	True			ptxP1/fim3-1	provisional_marker_or_published_annotation	Branch_IIb	ptxP1/fim3-1		ptxP1	fim3-1	MR_A2047G	False	1	2026-07-24	Legacy PRN endpoints ignored; record retained only for genome/date/project/marker metadata.
CHN::SAMN41373961	SAMN41373961	SAMN41373961	GCA_039698275		CHN	China	2019	2019-01-01	2019-12-31	2019			year	False	PRJNA1110622	assembly_metadata	current_2406_archive	historical_tree_anchor	focal_genome_observation	True	archive_analysis_genome	True	False	True			ptxP1/fim3-1	provisional_marker_or_published_annotation	Branch_IIb	ptxP1/fim3-1		ptxP1	fim3-1	MR_A2047G	False	1	2026-07-24	Legacy PRN endpoints ignored; record retained only for genome/date/project/marker metadata.
CHN::SAMN41373962	SAMN41373962	SAMN41373962	GCA_039678065		CHN	China	2019	2019-01-01	2019-12-31	2019			year	False	PRJNA1110622	assembly_metadata	current_2406_archive	historical_tree_anchor	focal_genome_observation	True	archive_analysis_genome	True	False	True			ptxP1/fim3-1	provisional_marker_or_published_annotation	Branch_IIb	ptxP1/fim3-1		ptxP1	fim3-1	MR_A2047G	False	1	2026-07-24	Legacy PRN endpoints ignored; record retained only for genome/date/project/marker metadata.
CHN::SAMN41373963	SAMN41373963	SAMN41373963	GCA_039678005		CHN	China	2019	2019-01-01	2019-12-31	2019			year	False	PRJNA1110622	assembly_metadata	current_2406_archive	historical_tree_anchor	focal_genome_observation	True	archive_analysis_genome	True	False	True			ptxP1/fim3-1	provisional_marker_or_published_annotation	Branch_IIb	ptxP1/fim3-1		ptxP1	fim3-1	MR_A2047G	False	1	2026-07-24	Legacy PRN endpoints ignored; record retained only for genome/date/project/marker metadata.
CHN::SAMN41373964	SAMN41373964	SAMN41373964	GCA_039678015		CHN	China	2019	2019-01-01	2019-12-31	2019			year	False	PRJNA1110622	assembly_metadata	current_2406_archive	historical_tree_anchor	focal_genome_observation	True	archive_analysis_genome	True	False	True			ptxP1/fim3-1	provisional_marker_or_published_annotation	Branch_IIb	ptxP1/fim3-1		ptxP1	fim3-1	MR_A2047G	False	1	2026-07-24	Legacy PRN endpoints ignored; record retained only for genome/date/project/marker metadata.
CHN::SAMN41373965	SAMN41373965	SAMN41373965	GCA_039677995		CHN	China	2019	2019-01-01	2019-12-31	2019			year	False	PRJNA1110622	assembly_metadata	current_2406_archive	historical_tree_anchor	focal_genome_observation	True	archive_analysis_genome	True	False	True			ptxP1/fim3-1	provisional_marker_or_published_annotation	Branch_IIb	ptxP1/fim3-1		ptxP1	fim3-1	MR_A2047G	False	1	2026-07-24	Legacy PRN endpoints ignored; record retained only for genome/date/project/marker metadata.
CHN::SAMN41373966	SAMN41373966	SAMN41373966	GCA_039677985		CHN	China	2019	2019-01-01	2019-12-31	2019			year	False	PRJNA1110622	assembly_metadata	current_2406_archive	historical_tree_anchor	focal_genome_observation	True	archive_analysis_genome	True	False	True			ptxP1/fim3-1	provisional_marker_or_published_annotation	Branch_IIb	ptxP1/fim3-1		ptxP1	fim3-1	MR_A2047G	False	1	2026-07-24	Legacy PRN endpoints ignored; record retained only for genome/date/project/marker metadata.
CHN::SAMN41373967	SAMN41373967	SAMN41373967	GCA_039677965		CHN	China	2019	2019-01-01	2019-12-31	2019			year	False	PRJNA1110622	assembly_metadata	current_2406_archive	historical_tree_anchor	focal_genome_observation	True	archive_analysis_genome	True	False	True			ptxP1/fim3-1	provisional_marker_or_published_annotation	Branch_IIb	ptxP1/fim3-1		ptxP1	fim3-1	MR_A2047G	False	1	2026-07-24	Legacy PRN endpoints ignored; record retained only for genome/date/project/marker metadata.
CHN::SAMN41373968	SAMN41373968	SAMN41373968	GCA_039677925		CHN	China	2019	2019-01-01	2019-12-31	2019			year	False	PRJNA1110622	assembly_metadata	current_2406_archive	historical_tree_anchor	focal_genome_observation	True	archive_analysis_genome	True	False	True			ptxP1/fim3-1	provisional_marker_or_published_annotation	Branch_IIb	ptxP1/fim3-1		ptxP1	fim3-1	MR_A2047G	False	1	2026-07-24	Legacy PRN endpoints ignored; record retained only for genome/date/project/marker metadata.
CHN::SAMN41373969	SAMN41373969	SAMN41373969	GCA_039677865		CHN	China	2019	2019-01-01	2019-12-31	2019			year	False	PRJNA1110622	assembly_metadata	current_2406_archive	historical_tree_anchor	focal_genome_observation	True	archive_analysis_genome	True	False	True			ptxP1/fim3-1	provisional_marker_or_published_annotation	Branch_IIb	ptxP1/fim3-1		ptxP1	fim3-1	MR_A2047G	False	1	2026-07-24	Legacy PRN endpoints ignored; record retained only for genome/date/project/marker metadata.
CHN::SAMN41373970	SAMN41373970	SAMN41373970	GCA_039677895		CHN	China	2019	2019-01-01	2019-12-31	2019			year	False	PRJNA1110622	assembly_metadata	current_2406_archive	historical_tree_anchor	focal_genome_observation	True	archive_analysis_genome	True	False	True			ptxP1/fim3-1	provisional_marker_or_published_annotation	Branch_IIb	ptxP1/fim3-1		ptxP1	fim3-1	MR_A2047G	False	1	2026-07-24	Legacy PRN endpoints ignored; record retained only for genome/date/project/marker metadata.
CHN::SAMN41373971	SAMN41373971	SAMN41373971	GCA_039677885		CHN	China	2019	2019-01-01	2019-12-31	2019			year	False	PRJNA1110622	assembly_metadata	current_2406_archive	historical_tree_anchor	focal_genome_observation	True	archive_analysis_genome	True	False	True			ptxP1/fim3-1	provisional_marker_or_published_annotation	Branch_IIb	ptxP1/fim3-1		ptxP1	fim3-1	MR_A2047G	False	1	2026-07-24	Legacy PRN endpoints ignored; record retained only for genome/date/project/marker metadata.
CHN::SAMN41373972	SAMN41373972	SAMN41373972	GCA_039677875		CHN	China	2019	2019-01-01	2019-12-31	2019			year	False	PRJNA1110622	assembly_metadata	current_2406_archive	historical_tree_anchor	focal_genome_observation	True	archive_analysis_genome	True	False	True			ptxP1/fim3-1	provisional_marker_or_published_annotation	Branch_IIb	ptxP1/fim3-1		ptxP1	fim3-1	MR_A2047G	False	1	2026-07-24	Legacy PRN endpoints ignored; record retained only for genome/date/project/marker metadata.
CHN::SAMN41373973	SAMN41373973	SAMN41373973	GCA_039677845		CHN	China	2019	2019-01-01	2019-12-31	2019			year	False	PRJNA1110622	assembly_metadata	current_2406_archive	historical_tree_anchor	focal_genome_observation	True	archive_analysis_genome	True	False	True			ptxP1/fim3-1	provisional_marker_or_published_annotation	Branch_IIb	ptxP1/fim3-1		ptxP1	fim3-1	MR_A2047G	False	1	2026-07-24	Legacy PRN endpoints ignored; record retained only for genome/date/project/marker metadata.
CHN::SAMN41373974	SAMN41373974	SAMN41373974	GCA_039677825		CHN	China	2019	2019-01-01	2019-12-31	2019			year	False	PRJNA1110622	assembly_metadata	current_2406_archive	historical_tree_anchor	focal_genome_observation	True	archive_analysis_genome	True	False	True			ptxP1/fim3-1	provisional_marker_or_published_annotation	Branch_IIb	ptxP1/fim3-1		ptxP1	fim3-1	MR_A2047G	False	1	2026-07-24	Legacy PRN endpoints ignored; record retained only for genome/date/project/marker metadata.
CHN::SAMN41373975	SAMN41373975	SAMN41373975	GCA_039677805		CHN	China	2019	2019-01-01	2019-12-31	2019			year	False	PRJNA1110622	assembly_metadata	current_2406_archive	historical_tree_anchor	focal_genome_observation	True	archive_analysis_genome	True	False	True			ptxP1/fim3-1	provisional_marker_or_published_annotation	Branch_IIb	ptxP1/fim3-1		ptxP1	fim3-1	MR_A2047G	False	1	2026-07-24	Legacy PRN endpoints ignored; record retained only for genome/date/project/marker metadata.
CHN::SAMN42391088	SAMN42391088	SAMN42391088	GCA_047324065		CHN	China	2021-07-28	2021-07-28	2021-07-28	2021	7	3	day	True	PRJNA1133929	assembly_metadata	current_2406_archive	focal_model_observation	focal_genome_observation	True	archive_analysis_genome	True	False	True			ptxP1/fim3-1	provisional_marker_or_published_annotation	Branch_IIb	ptxP1/fim3-1		ptxP1	fim3-1	MS	False	1	2026-07-24	Legacy PRN endpoints ignored; record retained only for genome/date/project/marker metadata.
CHN::SAMN42391089	SAMN42391089	SAMN42391089	GCA_047324055		CHN	China	2021-11-13	2021-11-13	2021-11-13	2021	11	4	day	True	PRJNA1133929	assembly_metadata	current_2406_archive	focal_model_observation	focal_genome_observation	True	archive_analysis_genome	True	False	True			ptxP1/fim3-1	provisional_marker_or_published_annotation	Branch_IIb	ptxP1/fim3-1		ptxP1	fim3-1	MS	False	1	2026-07-24	Legacy PRN endpoints ignored; record retained only for genome/date/project/marker metadata.
CHN::SAMN42391090	SAMN42391090	SAMN42391090	GCA_047324045		CHN	China	2021-11-21	2021-11-21	2021-11-21	2021	11	4	day	True	PRJNA1133929	assembly_metadata	current_2406_archive	focal_model_observation	focal_genome_observation	True	archive_analysis_genome	True	False	True			ptxP1/fim3-1	provisional_marker_or_published_annotation	Branch_IIb	ptxP1/fim3-1		ptxP1	fim3-1	MS	False	1	2026-07-24	Legacy PRN endpoints ignored; record retained only for genome/date/project/marker metadata.
CHN::SAMN42391091	SAMN42391091	SAMN42391091	GCA_047324035		CHN	China	2021-11-22	2021-11-22	2021-11-22	2021	11	4	day	True	PRJNA1133929	assembly_metadata	current_2406_archive	focal_model_observation	focal_genome_observation	True	archive_analysis_genome	True	False	True			ptxP1/fim3-1	provisional_marker_or_published_annotation	Branch_IIb	ptxP1/fim3-1		ptxP1	fim3-1	MS	False	1	2026-07-24	Legacy PRN endpoints ignored; record retained only for genome/date/project/marker metadata.
CHN::SAMN42391092	SAMN42391092	SAMN42391092	GCA_047324015		CHN	China	2021-11-27	2021-11-27	2021-11-27	2021	11	4	day	True	PRJNA1133929	assembly_metadata	current_2406_archive	focal_model_observation	focal_genome_observation	True	archive_analysis_genome	True	False	True			ptxP1/fim3-1	provisional_marker_or_published_annotation	Branch_IIb	ptxP1/fim3-1		ptxP1	fim3-1	MS	False	1	2026-07-24	Legacy PRN endpoints ignored; record retained only for genome/date/project/marker metadata.
CHN::SAMN42391093	SAMN42391093	SAMN42391093	GCA_047324025		CHN	China	2021-12-08	2021-12-08	2021-12-08	2021	12	4	day	True	PRJNA1133929	assembly_metadata	current_2406_archive	focal_model_observation	focal_genome_observation	True	archive_analysis_genome	True	False	True			ptxP1/fim3-1	provisional_marker_or_published_annotation	Branch_IIb	ptxP1/fim3-1		ptxP1	fim3-1	MS	False	1	2026-07-24	Legacy PRN endpoints ignored; record retained only for genome/date/project/marker metadata.
CHN::SAMN42391094	SAMN42391094	SAMN42391094	GCA_047324005		CHN	China	2022-08-09	2022-08-09	2022-08-09	2022	8	3	day	True	PRJNA1133929	assembly_metadata	current_2406_archive	focal_model_observation	focal_genome_observation	True	archive_analysis_genome	True	False	True			ptxP1/fim3-1	provisional_marker_or_published_annotation	Branch_IIb	ptxP1/fim3-1		ptxP1	fim3-1	MS	False	1	2026-07-24	Legacy PRN endpoints ignored; record retained only for genome/date/project/marker metadata.
CHN::SAMN42391095	SAMN42391095	SAMN42391095	GCA_047323995		CHN	China	2021-12-20	2021-12-20	2021-12-20	2021	12	4	day	True	PRJNA1133929	assembly_metadata	current_2406_archive	focal_model_observation	focal_genome_observation	True	archive_analysis_genome	True	False	True			ptxP1/fim3-1	provisional_marker_or_published_annotation	Branch_IIb	ptxP1/fim3-1		ptxP1	fim3-1	MS	False	1	2026-07-24	Legacy PRN endpoints ignored; record retained only for genome/date/project/marker metadata.
CHN::SAMN42391096	SAMN42391096	SAMN42391096	GCA_047323985		CHN	China	2021-12-20	2021-12-20	2021-12-20	2021	12	4	day	True	PRJNA1133929	assembly_metadata	current_2406_archive	focal_model_observation	focal_genome_observation	True	archive_analysis_genome	True	False	True			ptxP1/fim3-1	provisional_marker_or_published_annotation	Branch_IIb	ptxP1/fim3-1		ptxP1	fim3-1	MS	False	1	2026-07-24	Legacy PRN endpoints ignored; record retained only for genome/date/project/marker metadata.
CHN::SAMN42391097	SAMN42391097	SAMN42391097	GCA_047323975		CHN	China	2021-12-24	2021-12-24	2021-12-24	2021	12	4	day	True	PRJNA1133929	assembly_metadata	current_2406_archive	focal_model_observation	focal_genome_observation	True	archive_analysis_genome	True	False	True			ptxP1/fim3-1	provisional_marker_or_published_annotation	Branch_IIb	ptxP1/fim3-1		ptxP1	fim3-1	MS	False	1	2026-07-24	Legacy PRN endpoints ignored; record retained only for genome/date/project/marker metadata.
CHN::SAMN42391098	SAMN42391098	SAMN42391098	GCA_047323965		CHN	China	2021-12-30	2021-12-30	2021-12-30	2021	12	4	day	True	PRJNA1133929	assembly_metadata	current_2406_archive	focal_model_observation	focal_genome_observation	True	archive_analysis_genome	True	False	True			ptxP1/fim3-1	provisional_marker_or_published_annotation	Branch_IIb	ptxP1/fim3-1		ptxP1	fim3-1	MS	False	1	2026-07-24	Legacy PRN endpoints ignored; record retained only for genome/date/project/marker metadata.
CHN::SAMN42391099	SAMN42391099	SAMN42391099	GCA_047323955		CHN	China	2021-12-30	2021-12-30	2021-12-30	2021	12	4	day	True	PRJNA1133929	assembly_metadata	current_2406_archive	focal_model_observation	focal_genome_observation	True	archive_analysis_genome	True	False	True			ptxP1/fim3-1	provisional_marker_or_published_annotation	Branch_IIb	ptxP1/fim3-1		ptxP1	fim3-1	MS	False	1	2026-07-24	Legacy PRN endpoints ignored; record retained only for genome/date/project/marker metadata.
CHN::SAMN42391100	SAMN42391100	SAMN42391100	GCA_047323945		CHN	China	2022-02-10	2022-02-10	2022-02-10	2022	2	1	day	True	PRJNA1133929	assembly_metadata	current_2406_archive	focal_model_observation	focal_genome_observation	True	archive_analysis_genome	True	False	True			ptxP1/fim3-1	provisional_marker_or_published_annotation	Branch_IIb	ptxP1/fim3-1		ptxP1	fim3-1	MS	False	1	2026-07-24	Legacy PRN endpoints ignored; record retained only for genome/date/project/marker metadata.
CHN::SAMN42391101	SAMN42391101	SAMN42391101	GCA_047323935		CHN	China	2022-02-24	2022-02-24	2022-02-24	2022	2	1	day	True	PRJNA1133929	assembly_metadata	current_2406_archive	focal_model_observation	focal_genome_observation	True	archive_analysis_genome	True	False	True			ptxP1/fim3-1	provisional_marker_or_published_annotation	Branch_IIb	ptxP1/fim3-1		ptxP1	fim3-1	MS	False	1	2026-07-24	Legacy PRN endpoints ignored; record retained only for genome/date/project/marker metadata.
CHN::SAMN42391102	SAMN42391102	SAMN42391102	GCA_047323915		CHN	China	2022-03-15	2022-03-15	2022-03-15	2022	3	1	day	True	PRJNA1133929	assembly_metadata	current_2406_archive	focal_model_observation	focal_genome_observation	True	archive_analysis_genome	True	False	True			ptxP1/fim3-1	provisional_marker_or_published_annotation	Branch_IIb	ptxP1/fim3-1		ptxP1	fim3-1	MS	False	1	2026-07-24	Legacy PRN endpoints ignored; record retained only for genome/date/project/marker metadata.
CHN::SAMN42391103	SAMN42391103	SAMN42391103	GCA_047323845		CHN	China	2022-03-15	2022-03-15	2022-03-15	2022	3	1	day	True	PRJNA1133929	assembly_metadata	current_2406_archive	focal_model_observation	focal_genome_observation	True	archive_analysis_genome	True	False	True			ptxP3/fim3-1	provisional_marker_or_published_annotation	Branch_IIb	ptxP3/fim3-1	MR-MT28-PG1	ptxP3	fim3-1	MS	False	1	2026-07-24	Legacy PRN endpoints ignored; record retained only for genome/date/project/marker metadata.
CHN::SAMN42391104	SAMN42391104	SAMN42391104	GCA_047323835		CHN	China	2022-03-16	2022-03-16	2022-03-16	2022	3	1	day	True	PRJNA1133929	assembly_metadata	current_2406_archive	focal_model_observation	focal_genome_observation	True	archive_analysis_genome	True	False	True			ptxP3/fim3-1	provisional_marker_or_published_annotation	Branch_IIb	ptxP3/fim3-1	MR-MT28-PG1	ptxP3	fim3-1	MS	False	1	2026-07-24	Legacy PRN endpoints ignored; record retained only for genome/date/project/marker metadata.
CHN::SAMN42391105	SAMN42391105	SAMN42391105	GCA_047323825		CHN	China	2021-08-22	2021-08-22	2021-08-22	2021	8	3	day	True	PRJNA1133929	assembly_metadata	current_2406_archive	focal_model_observation	focal_genome_observation	True	archive_analysis_genome	True	False	True			ptxP1/fim3-1	provisional_marker_or_published_annotation	Branch_IIb	ptxP1/fim3-1		ptxP1	fim3-1	MS	False	1	2026-07-24	Legacy PRN endpoints ignored; record retained only for genome/date/project/marker metadata.
CHN::SAMN42391106	SAMN42391106	SAMN42391106	GCA_047323775		CHN	China	2022-03-21	2022-03-21	2022-03-21	2022	3	1	day	True	PRJNA1133929	assembly_metadata	current_2406_archive	focal_model_observation	focal_genome_observation	True	archive_analysis_genome	True	False	True			ptxP1/fim3-1	provisional_marker_or_published_annotation	Branch_IIb	ptxP1/fim3-1		ptxP1	fim3-1	MS	False	1	2026-07-24	Legacy PRN endpoints ignored; record retained only for genome/date/project/marker metadata.
CHN::SAMN42391107	SAMN42391107	SAMN42391107	GCA_047323785		CHN	China	2021-08-26	2021-08-26	2021-08-26	2021	8	3	day	True	PRJNA1133929	assembly_metadata	current_2406_archive	focal_model_observation	focal_genome_observation	True	archive_analysis_genome	True	False	True			ptxP1/fim3-1	provisional_marker_or_published_annotation	Branch_IIb	ptxP1/fim3-1		ptxP1	fim3-1	MS	False	1	2026-07-24	Legacy PRN endpoints ignored; record retained only for genome/date/project/marker metadata.
CHN::SAMN42391108	SAMN42391108	SAMN42391108	GCA_047323765		CHN	China	2021-09-13	2021-09-13	2021-09-13	2021	9	3	day	True	PRJNA1133929	assembly_metadata	current_2406_archive	focal_model_observation	focal_genome_observation	True	archive_analysis_genome	True	False	True			ptxP1/fim3-1	provisional_marker_or_published_annotation	Branch_IIb	ptxP1/fim3-1		ptxP1	fim3-1	MS	False	1	2026-07-24	Legacy PRN endpoints ignored; record retained only for genome/date/project/marker metadata.
CHN::SAMN42391109	SAMN42391109	SAMN42391109	GCA_047323745		CHN	China	2021-10-03	2021-10-03	2021-10-03	2021	10	4	day	True	PRJNA1133929	assembly_metadata	current_2406_archive	focal_model_observation	focal_genome_observation	True	archive_analysis_genome	True	False	True			ptxP3/fim3-1	provisional_marker_or_published_annotation	Branch_IIb	ptxP3/fim3-1		ptxP3	fim3-1	MS	False	1	2026-07-24	Legacy PRN endpoints ignored; record retained only for genome/date/project/marker metadata.
CHN::SAMN42391110	SAMN42391110	SAMN42391110	GCA_047323755		CHN	China	2021-10-26	2021-10-26	2021-10-26	2021	10	4	day	True	PRJNA1133929	assembly_metadata	current_2406_archive	focal_model_observation	focal_genome_observation	True	archive_analysis_genome	True	False	True			ptxP1/fim3-1	provisional_marker_or_published_annotation	Branch_IIb	ptxP1/fim3-1		ptxP1	fim3-1	MS	False	1	2026-07-24	Legacy PRN endpoints ignored; record retained only for genome/date/project/marker metadata.
CHN::SAMN42391111	SAMN42391111	SAMN42391111	GCA_047323735		CHN	China	2021-10-23	2021-10-23	2021-10-23	2021	10	4	day	True	PRJNA1133929	assembly_metadata	current_2406_archive	focal_model_observation	focal_genome_observation	True	archive_analysis_genome	True	False	True			ptxP1/fim3-1	provisional_marker_or_published_annotation	Branch_IIb	ptxP1/fim3-1		ptxP1	fim3-1	MS	False	1	2026-07-24	Legacy PRN endpoints ignored; record retained only for genome/date/project/marker metadata.
CHN::SAMN42391112	SAMN42391112	SAMN42391112	GCA_047323665		CHN	China	2021-12-09	2021-12-09	2021-12-09	2021	12	4	day	True	PRJNA1133929	assembly_metadata	current_2406_archive	focal_model_observation	focal_genome_observation	True	archive_analysis_genome	True	False	True			ptxP1/fim3-1	provisional_marker_or_published_annotation	Branch_IIb	ptxP1/fim3-1		ptxP1	fim3-1	MS	False	1	2026-07-24	Legacy PRN endpoints ignored; record retained only for genome/date/project/marker metadata.
CHN::SAMN42391113	SAMN42391113	SAMN42391113	GCA_047323655		CHN	China	2021-12-14	2021-12-14	2021-12-14	2021	12	4	day	True	PRJNA1133929	assembly_metadata	current_2406_archive	focal_model_observation	focal_genome_observation	True	archive_analysis_genome	True	False	True			ptxP1/fim3-1	provisional_marker_or_published_annotation	Branch_IIb	ptxP1/fim3-1		ptxP1	fim3-1	MS	False	1	2026-07-24	Legacy PRN endpoints ignored; record retained only for genome/date/project/marker metadata.
CHN::SAMN42391114	SAMN42391114	SAMN42391114	GCA_047323645		CHN	China	2021-12-10	2021-12-10	2021-12-10	2021	12	4	day	True	PRJNA1133929	assembly_metadata	current_2406_archive	focal_model_observation	focal_genome_observation	True	archive_analysis_genome	True	False	True			ptxP1/fim3-1	provisional_marker_or_published_annotation	Branch_IIb	ptxP1/fim3-1		ptxP1	fim3-1	MS	False	1	2026-07-24	Legacy PRN endpoints ignored; record retained only for genome/date/project/marker metadata.
CHN::SAMN42391115	SAMN42391115	SAMN42391115	GCA_047323605		CHN	China	2021-12-10	2021-12-10	2021-12-10	2021	12	4	day	True	PRJNA1133929	assembly_metadata	current_2406_archive	focal_model_observation	focal_genome_observation	True	archive_analysis_genome	True	False	True			ptxP3/fim3-1	provisional_marker_or_published_annotation	Branch_IIb	ptxP3/fim3-1	MR-MT28-others	ptxP3	fim3-1	MS	False	1	2026-07-24	Legacy PRN endpoints ignored; record retained only for genome/date/project/marker metadata.
CHN::SAMN42391116	SAMN42391116	SAMN42391116	GCA_047323595		CHN	China	2022-02-24	2022-02-24	2022-02-24	2022	2	1	day	True	PRJNA1133929	assembly_metadata	current_2406_archive	focal_model_observation	focal_genome_observation	True	archive_analysis_genome	True	False	True			ptxP3/fim3-1	provisional_marker_or_published_annotation	Branch_IIb	ptxP3/fim3-1	MR-MT28-PG2	ptxP3	fim3-1	MS	False	1	2026-07-24	Legacy PRN endpoints ignored; record retained only for genome/date/project/marker metadata.
CHN::SAMN42391117	SAMN42391117	SAMN42391117	GCA_047323585		CHN	China	2022-03-06	2022-03-06	2022-03-06	2022	3	1	day	True	PRJNA1133929	assembly_metadata	current_2406_archive	focal_model_observation	focal_genome_observation	True	archive_analysis_genome	True	False	True			ptxP1/fim3-1	provisional_marker_or_published_annotation	Branch_IIb	ptxP1/fim3-1		ptxP1	fim3-1	MS	False	1	2026-07-24	Legacy PRN endpoints ignored; record retained only for genome/date/project/marker metadata.
CHN::SAMN42391118	SAMN42391118	SAMN42391118	GCA_047324075		CHN	China	2022-03-24	2022-03-24	2022-03-24	2022	3	1	day	True	PRJNA1133929	assembly_metadata	current_2406_archive	focal_model_observation	focal_genome_observation	True	archive_analysis_genome	True	False	True			ptxP3/fim3-1	provisional_marker_or_published_annotation	Branch_IIb	ptxP3/fim3-1	MR-MT28-PG1	ptxP3	fim3-1	MS	False	1	2026-07-24	Legacy PRN endpoints ignored; record retained only for genome/date/project/marker metadata.
CHN::SAMN42391119	SAMN42391119	SAMN42391119	GCA_047323575		CHN	China	2022-03-25	2022-03-25	2022-03-25	2022	3	1	day	True	PRJNA1133929	assembly_metadata	current_2406_archive	focal_model_observation	focal_genome_observation	True	archive_analysis_genome	True	False	True			ptxP3/fim3-1	provisional_marker_or_published_annotation	Branch_IIb	ptxP3/fim3-1	MR-MT28-PG1	ptxP3	fim3-1	MS	False	1	2026-07-24	Legacy PRN endpoints ignored; record retained only for genome/date/project/marker metadata.
CHN::SAMN42391120	SAMN42391120	SAMN42391120	GCA_047323565		CHN	China	2022-03-27	2022-03-27	2022-03-27	2022	3	1	day	True	PRJNA1133929	assembly_metadata	current_2406_archive	focal_model_observation	focal_genome_observation	True	archive_analysis_genome	True	False	True			ptxP1/fim3-1	provisional_marker_or_published_annotation	Branch_IIb	ptxP1/fim3-1		ptxP1	fim3-1	MS	False	1	2026-07-24	Legacy PRN endpoints ignored; record retained only for genome/date/project/marker metadata.
CHN::SAMN42391121	SAMN42391121	SAMN42391121	GCA_047323555		CHN	China	2022-03-29	2022-03-29	2022-03-29	2022	3	1	day	True	PRJNA1133929	assembly_metadata	current_2406_archive	focal_model_observation	focal_genome_observation	True	archive_analysis_genome	True	False	True			ptxP3/fim3-1	provisional_marker_or_published_annotation	Branch_IIb	ptxP3/fim3-1	MR-MT28-PG1	ptxP3	fim3-1	MS	False	1	2026-07-24	Legacy PRN endpoints ignored; record retained only for genome/date/project/marker metadata.
CHN::SAMN42391122	SAMN42391122	SAMN42391122	GCA_047323545		CHN	China	2022-04-21	2022-04-21	2022-04-21	2022	4	2	day	True	PRJNA1133929	assembly_metadata	current_2406_archive	focal_model_observation	focal_genome_observation	True	archive_analysis_genome	True	False	True			ptxP3/fim3-1	provisional_marker_or_published_annotation	Branch_IIb	ptxP3/fim3-1	MR-MT28-PG1	ptxP3	fim3-1	MS	False	1	2026-07-24	Legacy PRN endpoints ignored; record retained only for genome/date/project/marker metadata.
CHN::SAMN42391123	SAMN42391123	SAMN42391123	GCA_047323535		CHN	China	2022-04-21	2022-04-21	2022-04-21	2022	4	2	day	True	PRJNA1133929	assembly_metadata	current_2406_archive	focal_model_observation	focal_genome_observation	True	archive_analysis_genome	True	False	True			ptxP1/fim3-1	provisional_marker_or_published_annotation	Branch_IIb	ptxP1/fim3-1		ptxP1	fim3-1	MS	False	1	2026-07-24	Legacy PRN endpoints ignored; record retained only for genome/date/project/marker metadata.
CHN::SAMN42391124	SAMN42391124	SAMN42391124	GCA_047323525		CHN	China	2022-05-01	2022-05-01	2022-05-01	2022	5	2	day	True	PRJNA1133929	assembly_metadata	current_2406_archive	focal_model_observation	focal_genome_observation	True	archive_analysis_genome	True	False	True			ptxP3/fim3-1	provisional_marker_or_published_annotation	Branch_IIb	ptxP3/fim3-1	MR-MT28-others	ptxP3	fim3-1	MS	False	1	2026-07-24	Legacy PRN endpoints ignored; record retained only for genome/date/project/marker metadata.
CHN::SAMN42391125	SAMN42391125	SAMN42391125	GCA_047323515		CHN	China	2022-05-06	2022-05-06	2022-05-06	2022	5	2	day	True	PRJNA1133929	assembly_metadata	current_2406_archive	focal_model_observation	focal_genome_observation	True	archive_analysis_genome	True	False	True			ptxP1/fim3-1	provisional_marker_or_published_annotation	Branch_IIb	ptxP1/fim3-1		ptxP1	fim3-1	MS	False	1	2026-07-24	Legacy PRN endpoints ignored; record retained only for genome/date/project/marker metadata.
CHN::SAMN42391126	SAMN42391126	SAMN42391126	GCA_047323505		CHN	China	2022-05-08	2022-05-08	2022-05-08	2022	5	2	day	True	PRJNA1133929	assembly_metadata	current_2406_archive	focal_model_observation	focal_genome_observation	True	archive_analysis_genome	True	False	True			ptxP3/fim3-1	provisional_marker_or_published_annotation	Branch_IIb	ptxP3/fim3-1	MR-MT28-others	ptxP3	fim3-1	MS	False	1	2026-07-24	Legacy PRN endpoints ignored; record retained only for genome/date/project/marker metadata.
CHN::SAMN42391127	SAMN42391127	SAMN42391127	GCA_047323495		CHN	China	2022-05-21	2022-05-21	2022-05-21	2022	5	2	day	True	PRJNA1133929	assembly_metadata	current_2406_archive	focal_model_observation	focal_genome_observation	True	archive_analysis_genome	True	False	True			ptxP1/fim3-1	provisional_marker_or_published_annotation	Branch_IIb	ptxP1/fim3-1		ptxP1	fim3-1	MS	False	1	2026-07-24	Legacy PRN endpoints ignored; record retained only for genome/date/project/marker metadata.
CHN::SAMN42391128	SAMN42391128	SAMN42391128	GCA_047323485		CHN	China	2022-05-25	2022-05-25	2022-05-25	2022	5	2	day	True	PRJNA1133929	assembly_metadata	current_2406_archive	focal_model_observation	focal_genome_observation	True	archive_analysis_genome	True	False	True			ptxP3/fim3-1	provisional_marker_or_published_annotation	Branch_IIb	ptxP3/fim3-1	MR-MT28-PG1	ptxP3	fim3-1	MS	False	1	2026-07-24	Legacy PRN endpoints ignored; record retained only for genome/date/project/marker metadata.
CHN::SAMN42391129	SAMN42391129	SAMN42391129	GCA_047323475		CHN	China	2022-05-28	2022-05-28	2022-05-28	2022	5	2	day	True	PRJNA1133929	assembly_metadata	current_2406_archive	focal_model_observation	focal_genome_observation	True	archive_analysis_genome	True	False	True			ptxP3/fim3-1	provisional_marker_or_published_annotation	Branch_IIb	ptxP3/fim3-1	MR-MT28-PG1	ptxP3	fim3-1	MS	False	1	2026-07-24	Legacy PRN endpoints ignored; record retained only for genome/date/project/marker metadata.
CHN::SAMN42391130	SAMN42391130	SAMN42391130	GCA_047323465		CHN	China	2022-06-11	2022-06-11	2022-06-11	2022	6	2	day	True	PRJNA1133929	assembly_metadata	current_2406_archive	focal_model_observation	focal_genome_observation	True	archive_analysis_genome	True	False	True			ptxP3/fim3-1	provisional_marker_or_published_annotation	Branch_IIb	ptxP3/fim3-1	MR-MT28-others	ptxP3	fim3-1	MS	False	1	2026-07-24	Legacy PRN endpoints ignored; record retained only for genome/date/project/marker metadata.
CHN::SAMN42391131	SAMN42391131	SAMN42391131	GCA_047323455		CHN	China	2022-06-14	2022-06-14	2022-06-14	2022	6	2	day	True	PRJNA1133929	assembly_metadata	current_2406_archive	focal_model_observation	focal_genome_observation	True	archive_analysis_genome	True	False	True			ptxP3/fim3-1	provisional_marker_or_published_annotation	Branch_IIb	ptxP3/fim3-1	MR-MT28-PG1	ptxP3	fim3-1	MS	False	1	2026-07-24	Legacy PRN endpoints ignored; record retained only for genome/date/project/marker metadata.
CHN::SAMN42391132	SAMN42391132	SAMN42391132	GCA_047323445		CHN	China	2022-08-07	2022-08-07	2022-08-07	2022	8	3	day	True	PRJNA1133929	assembly_metadata	current_2406_archive	focal_model_observation	focal_genome_observation	True	archive_analysis_genome	True	False	True			ptxP3/fim3-1	provisional_marker_or_published_annotation	Branch_IIb	ptxP3/fim3-1	MR-MT28-PG1	ptxP3	fim3-1	MS	False	1	2026-07-24	Legacy PRN endpoints ignored; record retained only for genome/date/project/marker metadata.
CHN::SAMN42391133	SAMN42391133	SAMN42391133	GCA_047323435		CHN	China	2023-05-17	2023-05-17	2023-05-17	2023	5	2	day	True	PRJNA1133929	assembly_metadata	current_2406_archive	focal_model_observation	focal_genome_observation	True	archive_analysis_genome	True	False	True			ptxP3/fim3-1	provisional_marker_or_published_annotation	Branch_IIb	ptxP3/fim3-1	MR-MT28-others	ptxP3	fim3-1	MS	False	1	2026-07-24	Legacy PRN endpoints ignored; record retained only for genome/date/project/marker metadata.
CHN::SAMN42391134	SAMN42391134	SAMN42391134	GCA_047323425		CHN	China	2023-06-26	2023-06-26	2023-06-26	2023	6	2	day	True	PRJNA1133929	assembly_metadata	current_2406_archive	focal_model_observation	focal_genome_observation	True	archive_analysis_genome	True	False	True			ptxP3/fim3-1	provisional_marker_or_published_annotation	Branch_IIb	ptxP3/fim3-1	MR-MT28-PG2	ptxP3	fim3-1	MS	False	1	2026-07-24	Legacy PRN endpoints ignored; record retained only for genome/date/project/marker metadata.
CHN::SAMN42391135	SAMN42391135	SAMN42391135	GCA_047323415		CHN	China	2023-08-10	2023-08-10	2023-08-10	2023	8	3	day	True	PRJNA1133929	assembly_metadata	current_2406_archive	focal_model_observation	focal_genome_observation	True	archive_analysis_genome	True	False	True			ptxP3/fim3-1	provisional_marker_or_published_annotation	Branch_IIb	ptxP3/fim3-1	MR-MT28-others	ptxP3	fim3-1	MS	False	1	2026-07-24	Legacy PRN endpoints ignored; record retained only for genome/date/project/marker metadata.
CHN::SAMN42391136	SAMN42391136	SAMN42391136	GCA_047323405		CHN	China	2023-08-17	2023-08-17	2023-08-17	2023	8	3	day	True	PRJNA1133929	assembly_metadata	current_2406_archive	focal_model_observation	focal_genome_observation	True	archive_analysis_genome	True	False	True			ptxP3/fim3-1	provisional_marker_or_published_annotation	Branch_IIb	ptxP3/fim3-1	MR-MT28-others	ptxP3	fim3-1	MS	False	1	2026-07-24	Legacy PRN endpoints ignored; record retained only for genome/date/project/marker metadata.
CHN::SAMN42391137	SAMN42391137	SAMN42391137	GCA_047323395		CHN	China	2023-08-27	2023-08-27	2023-08-27	2023	8	3	day	True	PRJNA1133929	assembly_metadata	current_2406_archive	focal_model_observation	focal_genome_observation	True	archive_analysis_genome	True	False	True			ptxP3/fim3-1	provisional_marker_or_published_annotation	Branch_IIb	ptxP3/fim3-1	MR-MT28-PG2	ptxP3	fim3-1	MS	False	1	2026-07-24	Legacy PRN endpoints ignored; record retained only for genome/date/project/marker metadata.
CHN::SAMN42391138	SAMN42391138	SAMN42391138	GCA_047323385		CHN	China	2023-08-30	2023-08-30	2023-08-30	2023	8	3	day	True	PRJNA1133929	assembly_metadata	current_2406_archive	focal_model_observation	focal_genome_observation	True	archive_analysis_genome	True	False	True			ptxP3/fim3-1	provisional_marker_or_published_annotation	Branch_IIb	ptxP3/fim3-1	MR-MT28-PG2	ptxP3	fim3-1	MS	False	1	2026-07-24	Legacy PRN endpoints ignored; record retained only for genome/date/project/marker metadata.
CHN::SAMN42391139	SAMN42391139	SAMN42391139	GCA_047323375		CHN	China	2023-09-12	2023-09-12	2023-09-12	2023	9	3	day	True	PRJNA1133929	assembly_metadata	current_2406_archive	focal_model_observation	focal_genome_observation	True	archive_analysis_genome	True	False	True			ptxP3/fim3-1	provisional_marker_or_published_annotation	Branch_IIb	ptxP3/fim3-1	MR-MT28-others	ptxP3	fim3-1	MS	False	1	2026-07-24	Legacy PRN endpoints ignored; record retained only for genome/date/project/marker metadata.
CHN::SAMN42391140	SAMN42391140	SAMN42391140	GCA_047323365		CHN	China	2023-10-15	2023-10-15	2023-10-15	2023	10	4	day	True	PRJNA1133929	assembly_metadata	current_2406_archive	focal_model_observation	focal_genome_observation	True	archive_analysis_genome	True	False	True			ptxP3/fim3-1	provisional_marker_or_published_annotation	Branch_IIb	ptxP3/fim3-1	MR-MT28-others	ptxP3	fim3-1	MS	False	1	2026-07-24	Legacy PRN endpoints ignored; record retained only for genome/date/project/marker metadata.
CHN::SAMN42391141	SAMN42391141	SAMN42391141	GCA_047323355		CHN	China	2023-10-20	2023-10-20	2023-10-20	2023	10	4	day	True	PRJNA1133929	assembly_metadata	current_2406_archive	focal_model_observation	focal_genome_observation	True	archive_analysis_genome	True	False	True			ptxP3/fim3-1	provisional_marker_or_published_annotation	Branch_IIb	ptxP3/fim3-1	MR-MT28-PG1	ptxP3	fim3-1	MS	False	1	2026-07-24	Legacy PRN endpoints ignored; record retained only for genome/date/project/marker metadata.
CHN::SAMN42391142	SAMN42391142	SAMN42391142	GCA_047323345		CHN	China	2023-10-28	2023-10-28	2023-10-28	2023	10	4	day	True	PRJNA1133929	assembly_metadata	current_2406_archive	focal_model_observation	focal_genome_observation	True	archive_analysis_genome	True	False	True			ptxP3/fim3-1	provisional_marker_or_published_annotation	Branch_IIb	ptxP3/fim3-1	MR-MT28-PG1	ptxP3	fim3-1	MS	False	1	2026-07-24	Legacy PRN endpoints ignored; record retained only for genome/date/project/marker metadata.
CHN::SAMN42391143	SAMN42391143	SAMN42391143	GCA_047323335		CHN	China	2023-10-30	2023-10-30	2023-10-30	2023	10	4	day	True	PRJNA1133929	assembly_metadata	current_2406_archive	focal_model_observation	focal_genome_observation	True	archive_analysis_genome	True	False	True			ptxP3/fim3-1	provisional_marker_or_published_annotation	Branch_IIb	ptxP3/fim3-1	MR-MT28-PG1	ptxP3	fim3-1	MS	False	1	2026-07-24	Legacy PRN endpoints ignored; record retained only for genome/date/project/marker metadata.
CHN::SAMN42391144	SAMN42391144	SAMN42391144	GCA_047323325		CHN	China	2023-11-10	2023-11-10	2023-11-10	2023	11	4	day	True	PRJNA1133929	assembly_metadata	current_2406_archive	focal_model_observation	focal_genome_observation	True	archive_analysis_genome	True	False	True			ptxP3/fim3-1	provisional_marker_or_published_annotation	Branch_IIb	ptxP3/fim3-1	MR-MT28-others	ptxP3	fim3-1	MS	False	1	2026-07-24	Legacy PRN endpoints ignored; record retained only for genome/date/project/marker metadata.
CHN::SAMN42391145	SAMN42391145	SAMN42391145	GCA_047323315		CHN	China	2023-11-08	2023-11-08	2023-11-08	2023	11	4	day	True	PRJNA1133929	assembly_metadata	current_2406_archive	focal_model_observation	focal_genome_observation	True	archive_analysis_genome	True	False	True			ptxP3/fim3-1	provisional_marker_or_published_annotation	Branch_IIb	ptxP3/fim3-1	MR-MT28-others	ptxP3	fim3-1	MS	False	1	2026-07-24	Legacy PRN endpoints ignored; record retained only for genome/date/project/marker metadata.
CHN::SAMN42391146	SAMN42391146	SAMN42391146	GCA_047323305		CHN	China	2023-11-13	2023-11-13	2023-11-13	2023	11	4	day	True	PRJNA1133929	assembly_metadata	current_2406_archive	focal_model_observation	focal_genome_observation	True	archive_analysis_genome	True	False	True			ptxP3/fim3-1	provisional_marker_or_published_annotation	Branch_IIb	ptxP3/fim3-1	MR-MT28-others	ptxP3	fim3-1	MS	False	1	2026-07-24	Legacy PRN endpoints ignored; record retained only for genome/date/project/marker metadata.
CHN::SAMN42391147	SAMN42391147	SAMN42391147	GCA_047323295		CHN	China	2023-11-14	2023-11-14	2023-11-14	2023	11	4	day	True	PRJNA1133929	assembly_metadata	current_2406_archive	focal_model_observation	focal_genome_observation	True	archive_analysis_genome	True	False	True			ptxP3/fim3-1	provisional_marker_or_published_annotation	Branch_IIb	ptxP3/fim3-1	MR-MT28-others	ptxP3	fim3-1	MS	False	1	2026-07-24	Legacy PRN endpoints ignored; record retained only for genome/date/project/marker metadata.
CHN::SAMN42391148	SAMN42391148	SAMN42391148	GCA_047323285		CHN	China	2023-11-22	2023-11-22	2023-11-22	2023	11	4	day	True	PRJNA1133929	assembly_metadata	current_2406_archive	focal_model_observation	focal_genome_observation	True	archive_analysis_genome	True	False	True			ptxP3/fim3-1	provisional_marker_or_published_annotation	Branch_IIb	ptxP3/fim3-1	MR-MT28-others	ptxP3	fim3-1	MS	False	1	2026-07-24	Legacy PRN endpoints ignored; record retained only for genome/date/project/marker metadata.
CHN::SAMN42391149	SAMN42391149	SAMN42391149	GCA_047323275		CHN	China	2023-12-19	2023-12-19	2023-12-19	2023	12	4	day	True	PRJNA1133929	assembly_metadata	current_2406_archive	focal_model_observation	focal_genome_observation	True	archive_analysis_genome	True	False	True			ptxP3/fim3-1	provisional_marker_or_published_annotation	Branch_IIb	ptxP3/fim3-1	MR-MT28-others	ptxP3	fim3-1	MS	False	1	2026-07-24	Legacy PRN endpoints ignored; record retained only for genome/date/project/marker metadata.
CHN::SAMN42391150	SAMN42391150	SAMN42391150	GCA_047323265		CHN	China	2023-12-29	2023-12-29	2023-12-29	2023	12	4	day	True	PRJNA1133929	assembly_metadata	current_2406_archive	focal_model_observation	focal_genome_observation	True	archive_analysis_genome	True	False	True			ptxP3/fim3-1	provisional_marker_or_published_annotation	Branch_IIb	ptxP3/fim3-1	MR-MT28-others	ptxP3	fim3-1	MS	False	1	2026-07-24	Legacy PRN endpoints ignored; record retained only for genome/date/project/marker metadata.
FRA::SAMN42490576	SAMN42490576	SAMN42490576	GCA_040969985		FRA	France	2024-05	2024-05-01	2024-05-31	2024	5	2	month	True	PRJNA1135758	assembly_metadata	current_2406_archive	focal_model_observation	focal_genome_observation	True	archive_analysis_genome	True	False	True			ptxP3/fim3-1	provisional_marker_or_published_annotation	Branch_IIb	ptxP3/fim3-1		ptxP3	fim3-1	MS	False	1	2026-07-24	Legacy PRN endpoints ignored; record retained only for genome/date/project/marker metadata.
CHN::SAMN43024010	SAMN43024010	SAMN43024010	GCA_042611075		CHN	China	2024-04-22	2024-04-22	2024-04-22	2024	4	2	day	True	PRJNA1143937	assembly_metadata	current_2406_archive	focal_model_observation	focal_genome_observation	True	archive_analysis_genome	True	False	True			ptxP3/fim3-1	provisional_marker_or_published_annotation	Branch_IIb	ptxP3/fim3-1	MR-MT28-PG2	ptxP3	fim3-1	MR_A2047G	False	1	2026-07-24	Legacy PRN endpoints ignored; record retained only for genome/date/project/marker metadata.
CHN::SAMN43024011	SAMN43024011	SAMN43024011	GCA_042611065		CHN	China	2024-04-22	2024-04-22	2024-04-22	2024	4	2	day	True	PRJNA1143937	assembly_metadata	current_2406_archive	focal_model_observation	focal_genome_observation	True	archive_analysis_genome	True	False	True			ptxP3/fim3-1	provisional_marker_or_published_annotation	Branch_IIb	ptxP3/fim3-1	MR-MT28-others	ptxP3	fim3-1	MR_A2047G	False	1	2026-07-24	Legacy PRN endpoints ignored; record retained only for genome/date/project/marker metadata.
CHN::SAMN43024012	SAMN43024012	SAMN43024012	GCA_042611025		CHN	China	2024-04-22	2024-04-22	2024-04-22	2024	4	2	day	True	PRJNA1143937	assembly_metadata	current_2406_archive	focal_model_observation	focal_genome_observation	True	archive_analysis_genome	True	False	True			ptxP3/fim3-1	provisional_marker_or_published_annotation	Branch_IIb	ptxP3/fim3-1	MR-MT28-PG2	ptxP3	fim3-1	MR_A2047G	False	1	2026-07-24	Legacy PRN endpoints ignored; record retained only for genome/date/project/marker metadata.
CHN::SAMN43024013	SAMN43024013	SAMN43024013	GCA_042611045		CHN	China	2024-04-23	2024-04-23	2024-04-23	2024	4	2	day	True	PRJNA1143937	assembly_metadata	current_2406_archive	focal_model_observation	focal_genome_observation	True	archive_analysis_genome	True	False	True			ptxP3/fim3-1	provisional_marker_or_published_annotation	Branch_IIb	ptxP3/fim3-1	MR-MT28-PG2	ptxP3	fim3-1	MR_A2047G	False	1	2026-07-24	Legacy PRN endpoints ignored; record retained only for genome/date/project/marker metadata.
CHN::SAMN43024014	SAMN43024014	SAMN43024014	GCA_042610965		CHN	China	2024-04-20	2024-04-20	2024-04-20	2024	4	2	day	True	PRJNA1143937	assembly_metadata	current_2406_archive	focal_model_observation	focal_genome_observation	True	archive_analysis_genome	True	False	True			ptxP3/fim3-1	provisional_marker_or_published_annotation	Branch_IIb	ptxP3/fim3-1	MR-MT28-others	ptxP3	fim3-1	MR_A2047G	False	1	2026-07-24	Legacy PRN endpoints ignored; record retained only for genome/date/project/marker metadata.
CHN::SAMN43024015	SAMN43024015	SAMN43024015	GCA_042610985		CHN	China	2024-04-20	2024-04-20	2024-04-20	2024	4	2	day	True	PRJNA1143937	assembly_metadata	current_2406_archive	focal_model_observation	focal_genome_observation	True	archive_analysis_genome	True	False	True			ptxP3/fim3-1	provisional_marker_or_published_annotation	Branch_IIb	ptxP3/fim3-1	MR-MT28-PG2	ptxP3	fim3-1	MR_A2047G	False	1	2026-07-24	Legacy PRN endpoints ignored; record retained only for genome/date/project/marker metadata.
CHN::SAMN43024016	SAMN43024016	SAMN43024016	GCA_042610975		CHN	China	2024-04-29	2024-04-29	2024-04-29	2024	4	2	day	True	PRJNA1143937	assembly_metadata	current_2406_archive	focal_model_observation	focal_genome_observation	True	archive_analysis_genome	True	False	True			ptxP3/fim3-1	provisional_marker_or_published_annotation	Branch_IIb	ptxP3/fim3-1	MR-MT28-PG2	ptxP3	fim3-1	MR_A2047G	False	1	2026-07-24	Legacy PRN endpoints ignored; record retained only for genome/date/project/marker metadata.
CHN::SAMN43024017	SAMN43024017	SAMN43024017	GCA_042610945		CHN	China	2024-05-02	2024-05-02	2024-05-02	2024	5	2	day	True	PRJNA1143937	assembly_metadata	current_2406_archive	focal_model_observation	focal_genome_observation	True	archive_analysis_genome	True	False	True			ptxP3/fim3-1	provisional_marker_or_published_annotation	Branch_IIb	ptxP3/fim3-1	MR-MT28-others	ptxP3	fim3-1	MR_A2047G	False	1	2026-07-24	Legacy PRN endpoints ignored; record retained only for genome/date/project/marker metadata.
CHN::SAMN43024018	SAMN43024018	SAMN43024018	GCA_042610925		CHN	China	2024-05-02	2024-05-02	2024-05-02	2024	5	2	day	True	PRJNA1143937	assembly_metadata	current_2406_archive	focal_model_observation	focal_genome_observation	True	archive_analysis_genome	True	False	True			ptxP3/fim3-1	provisional_marker_or_published_annotation	Branch_IIb	ptxP3/fim3-1	MR-MT28-others	ptxP3	fim3-1	MR_A2047G	False	1	2026-07-24	Legacy PRN endpoints ignored; record retained only for genome/date/project/marker metadata.
CHN::SAMN43024019	SAMN43024019	SAMN43024019	GCA_042610855		CHN	China	2024-05-02	2024-05-02	2024-05-02	2024	5	2	day	True	PRJNA1143937	assembly_metadata	current_2406_archive	focal_model_observation	focal_genome_observation	True	archive_analysis_genome	True	False	True			ptxP3/fim3-1	provisional_marker_or_published_annotation	Branch_IIb	ptxP3/fim3-1	MR-MT28-PG2	ptxP3	fim3-1	MR_A2047G	False	1	2026-07-24	Legacy PRN endpoints ignored; record retained only for genome/date/project/marker metadata.
CHN::SAMN43024020	SAMN43024020	SAMN43024020	GCA_042610865		CHN	China	2024-05-02	2024-05-02	2024-05-02	2024	5	2	day	True	PRJNA1143937	assembly_metadata	current_2406_archive	focal_model_observation	focal_genome_observation	True	archive_analysis_genome	True	False	True			ptxP3/fim3-1	provisional_marker_or_published_annotation	Branch_IIb	ptxP3/fim3-1	MR-MT28-others	ptxP3	fim3-1	MR_A2047G	False	1	2026-07-24	Legacy PRN endpoints ignored; record retained only for genome/date/project/marker metadata.
CHN::SAMN43024021	SAMN43024021	SAMN43024021	GCA_042610875		CHN	China	2024-05-02	2024-05-02	2024-05-02	2024	5	2	day	True	PRJNA1143937	assembly_metadata	current_2406_archive	focal_model_observation	focal_genome_observation	True	archive_analysis_genome	True	False	True			ptxP3/fim3-1	provisional_marker_or_published_annotation	Branch_IIb	ptxP3/fim3-1	MR-MT28-PG2	ptxP3	fim3-1	MR_A2047G	False	1	2026-07-24	Legacy PRN endpoints ignored; record retained only for genome/date/project/marker metadata.
CHN::SAMN43024022	SAMN43024022	SAMN43024022	GCA_042610845		CHN	China	2024-05-13	2024-05-13	2024-05-13	2024	5	2	day	True	PRJNA1143937	assembly_metadata	current_2406_archive	focal_model_observation	focal_genome_observation	True	archive_analysis_genome	True	False	True				provisional_marker_or_published_annotation							False	1	2026-07-24	Legacy PRN endpoints ignored; record retained only for genome/date/project/marker metadata.
CHN::SAMN43024023	SAMN43024023	SAMN43024023	GCA_042610825		CHN	China	2024-05-13	2024-05-13	2024-05-13	2024	5	2	day	True	PRJNA1143937	assembly_metadata	current_2406_archive	focal_model_observation	focal_genome_observation	True	archive_analysis_genome	True	False	True				provisional_marker_or_published_annotation							False	1	2026-07-24	Legacy PRN endpoints ignored; record retained only for genome/date/project/marker metadata.
CHN::SAMN43024024	SAMN43024024	SAMN43024024	GCA_042610775		CHN	China	2024-05-16	2024-05-16	2024-05-16	2024	5	2	day	True	PRJNA1143937	assembly_metadata	current_2406_archive	focal_model_observation	focal_genome_observation	True	archive_analysis_genome	True	False	True				provisional_marker_or_published_annotation							False	1	2026-07-24	Legacy PRN endpoints ignored; record retained only for genome/date/project/marker metadata.
CHN::SAMN43024025	SAMN43024025	SAMN43024025	GCA_042610795		CHN	China	2024-05-16	2024-05-16	2024-05-16	2024	5	2	day	True	PRJNA1143937	assembly_metadata	current_2406_archive	focal_model_observation	focal_genome_observation	True	archive_analysis_genome	True	False	True				provisional_marker_or_published_annotation							False	1	2026-07-24	Legacy PRN endpoints ignored; record retained only for genome/date/project/marker metadata.
CHN::SAMN43024026	SAMN43024026	SAMN43024026	GCA_042610745		CHN	China	2024-05-20	2024-05-20	2024-05-20	2024	5	2	day	True	PRJNA1143937	assembly_metadata	current_2406_archive	focal_model_observation	focal_genome_observation	True	archive_analysis_genome	True	False	True				provisional_marker_or_published_annotation							False	1	2026-07-24	Legacy PRN endpoints ignored; record retained only for genome/date/project/marker metadata.
CHN::SAMN43024027	SAMN43024027	SAMN43024027	GCA_042610755		CHN	China	2024-06-03	2024-06-03	2024-06-03	2024	6	2	day	True	PRJNA1143937	assembly_metadata	current_2406_archive	focal_model_observation	focal_genome_observation	True	archive_analysis_genome	True	False	True				provisional_marker_or_published_annotation							False	1	2026-07-24	Legacy PRN endpoints ignored; record retained only for genome/date/project/marker metadata.
CHN::SAMN43024028	SAMN43024028	SAMN43024028	GCA_042610725		CHN	China	2024-05-22	2024-05-22	2024-05-22	2024	5	2	day	True	PRJNA1143937	assembly_metadata	current_2406_archive	focal_model_observation	focal_genome_observation	True	archive_analysis_genome	True	False	True				provisional_marker_or_published_annotation							False	1	2026-07-24	Legacy PRN endpoints ignored; record retained only for genome/date/project/marker metadata.
CHN::SAMN43024029	SAMN43024029	SAMN43024029	GCA_042610705		CHN	China	2024-05-30	2024-05-30	2024-05-30	2024	5	2	day	True	PRJNA1143937	assembly_metadata	current_2406_archive	focal_model_observation	focal_genome_observation	True	archive_analysis_genome	True	False	True				provisional_marker_or_published_annotation							False	1	2026-07-24	Legacy PRN endpoints ignored; record retained only for genome/date/project/marker metadata.
CHN::SAMN43024030	SAMN43024030	SAMN43024030	GCA_042610685		CHN	China	2024-05-30	2024-05-30	2024-05-30	2024	5	2	day	True	PRJNA1143937	assembly_metadata	current_2406_archive	focal_model_observation	focal_genome_observation	True	archive_analysis_genome	True	False	True				provisional_marker_or_published_annotation							False	1	2026-07-24	Legacy PRN endpoints ignored; record retained only for genome/date/project/marker metadata.
CHN::SAMN43024031	SAMN43024031	SAMN43024031	GCA_042610645		CHN	China	2024-05-30	2024-05-30	2024-05-30	2024	5	2	day	True	PRJNA1143937	assembly_metadata	current_2406_archive	focal_model_observation	focal_genome_observation	True	archive_analysis_genome	True	False	True			ptxP3/fim3-1	provisional_marker_or_published_annotation	Branch_IIb	ptxP3/fim3-1		ptxP3	fim3-1	MR_A2047G	False	1	2026-07-24	Legacy PRN endpoints ignored; record retained only for genome/date/project/marker metadata.
CHN::SAMN43024032	SAMN43024032	SAMN43024032	GCA_042610585		CHN	China	2024-05	2024-05-01	2024-05-31	2024	5	2	month	True	PRJNA1143937	assembly_metadata	current_2406_archive	focal_model_observation	focal_genome_observation	True	archive_analysis_genome	True	False	True				provisional_marker_or_published_annotation							False	1	2026-07-24	Legacy PRN endpoints ignored; record retained only for genome/date/project/marker metadata.
CHN::SAMN43024033	SAMN43024033	SAMN43024033	GCA_042610655		CHN	China	2024-05	2024-05-01	2024-05-31	2024	5	2	month	True	PRJNA1143937	assembly_metadata	current_2406_archive	focal_model_observation	focal_genome_observation	True	archive_analysis_genome	True	False	True				provisional_marker_or_published_annotation							False	1	2026-07-24	Legacy PRN endpoints ignored; record retained only for genome/date/project/marker metadata.
CHN::SAMN43024034	SAMN43024034	SAMN43024034	GCA_042610605		CHN	China	2024-05	2024-05-01	2024-05-31	2024	5	2	month	True	PRJNA1143937	assembly_metadata	current_2406_archive	focal_model_observation	focal_genome_observation	True	archive_analysis_genome	True	False	True				provisional_marker_or_published_annotation							False	1	2026-07-24	Legacy PRN endpoints ignored; record retained only for genome/date/project/marker metadata.
CHN::SAMN43024035	SAMN43024035	SAMN43024035	GCA_042610615		CHN	China	2024-05	2024-05-01	2024-05-31	2024	5	2	month	True	PRJNA1143937	assembly_metadata	current_2406_archive	focal_model_observation	focal_genome_observation	True	archive_analysis_genome	True	False	True				provisional_marker_or_published_annotation							False	1	2026-07-24	Legacy PRN endpoints ignored; record retained only for genome/date/project/marker metadata.
AUS::SAMN44480251	SAMN44480251	SAMN44480251	GCA_046736165		AUS	Australia	2024-08	2024-08-01	2024-08-31	2024	8	3	month	True	PRJNA1178746	assembly_metadata	current_2406_archive	focal_model_observation	focal_genome_observation	True	archive_analysis_genome	True	False	True			ptxP3/fim3-1	provisional_marker_or_published_annotation	Branch_IIb	ptxP3/fim3-1	MR-MT28-PG1	ptxP3	fim3-1	MS	False	1	2026-07-24	Legacy PRN endpoints ignored; record retained only for genome/date/project/marker metadata.
AUS::SAMN44480252	SAMN44480252	SAMN44480252	GCA_046895385		AUS	Australia	2024-08	2024-08-01	2024-08-31	2024	8	3	month	True	PRJNA1178746	assembly_metadata	current_2406_archive	focal_model_observation	focal_genome_observation	True	archive_analysis_genome	True	False	True			ptxP3/fim3-1	provisional_marker_or_published_annotation	Branch_IIb	ptxP3/fim3-1	MR-MT28-PG1	ptxP3	fim3-1	MS	False	1	2026-07-24	Legacy PRN endpoints ignored; record retained only for genome/date/project/marker metadata.
CHN::SAMN44583814	SAMN44583814	SAMN44583814	GCA_050978505		CHN	China	2023-02-04	2023-02-04	2023-02-04	2023	2	1	day	True	PRJNA1182239	assembly_metadata	current_2406_archive	focal_model_observation	focal_genome_observation	True	archive_analysis_genome	True	False	True				provisional_marker_or_published_annotation							False	1	2026-07-24	Legacy PRN endpoints ignored; record retained only for genome/date/project/marker metadata.
CHN::SAMN44583815	SAMN44583815	SAMN44583815	GCA_050978485		CHN	China	2023-02-07	2023-02-07	2023-02-07	2023	2	1	day	True	PRJNA1182239	assembly_metadata	current_2406_archive	focal_model_observation	focal_genome_observation	True	archive_analysis_genome	True	False	True				provisional_marker_or_published_annotation							False	1	2026-07-24	Legacy PRN endpoints ignored; record retained only for genome/date/project/marker metadata.
CHN::SAMN44583816	SAMN44583816	SAMN44583816	GCA_050978445		CHN	China	2023-03-27	2023-03-27	2023-03-27	2023	3	1	day	True	PRJNA1182239	assembly_metadata	current_2406_archive	focal_model_observation	focal_genome_observation	True	archive_analysis_genome	True	False	True				provisional_marker_or_published_annotation							False	1	2026-07-24	Legacy PRN endpoints ignored; record retained only for genome/date/project/marker metadata.
CHN::SAMN44583817	SAMN44583817	SAMN44583817	GCA_050978465		CHN	China	2023-03-27	2023-03-27	2023-03-27	2023	3	1	day	True	PRJNA1182239	assembly_metadata	current_2406_archive	focal_model_observation	focal_genome_observation	True	archive_analysis_genome	True	False	True				provisional_marker_or_published_annotation							False	1	2026-07-24	Legacy PRN endpoints ignored; record retained only for genome/date/project/marker metadata.
CHN::SAMN44583818	SAMN44583818	SAMN44583818	GCA_050978425		CHN	China	2023-03-27	2023-03-27	2023-03-27	2023	3	1	day	True	PRJNA1182239	assembly_metadata	current_2406_archive	focal_model_observation	focal_genome_observation	True	archive_analysis_genome	True	False	True				provisional_marker_or_published_annotation							False	1	2026-07-24	Legacy PRN endpoints ignored; record retained only for genome/date/project/marker metadata.
CHN::SAMN44583819	SAMN44583819	SAMN44583819	GCA_050978385		CHN	China	2023-04-06	2023-04-06	2023-04-06	2023	4	2	day	True	PRJNA1182239	assembly_metadata	current_2406_archive	focal_model_observation	focal_genome_observation	True	archive_analysis_genome	True	False	True				provisional_marker_or_published_annotation							False	1	2026-07-24	Legacy PRN endpoints ignored; record retained only for genome/date/project/marker metadata.
CHN::SAMN44583820	SAMN44583820	SAMN44583820	GCA_050978405		CHN	China	2023-04-23	2023-04-23	2023-04-23	2023	4	2	day	True	PRJNA1182239	assembly_metadata	current_2406_archive	focal_model_observation	focal_genome_observation	True	archive_analysis_genome	True	False	True				provisional_marker_or_published_annotation							False	1	2026-07-24	Legacy PRN endpoints ignored; record retained only for genome/date/project/marker metadata.
CHN::SAMN44583821	SAMN44583821	SAMN44583821	GCA_050978365		CHN	China	2023-04-21	2023-04-21	2023-04-21	2023	4	2	day	True	PRJNA1182239	assembly_metadata	current_2406_archive	focal_model_observation	focal_genome_observation	True	archive_analysis_genome	True	False	True				provisional_marker_or_published_annotation							False	1	2026-07-24	Legacy PRN endpoints ignored; record retained only for genome/date/project/marker metadata.
CHN::SAMN44583822	SAMN44583822	SAMN44583822	GCA_050978345		CHN	China	2023-06-08	2023-06-08	2023-06-08	2023	6	2	day	True	PRJNA1182239	assembly_metadata	current_2406_archive	focal_model_observation	focal_genome_observation	True	archive_analysis_genome	True	False	True				provisional_marker_or_published_annotation							False	1	2026-07-24	Legacy PRN endpoints ignored; record retained only for genome/date/project/marker metadata.
CHN::SAMN44583823	SAMN44583823	SAMN44583823	GCA_050978325		CHN	China	2023-06-12	2023-06-12	2023-06-12	2023	6	2	day	True	PRJNA1182239	assembly_metadata	current_2406_archive	focal_model_observation	focal_genome_observation	True	archive_analysis_genome	True	False	True				provisional_marker_or_published_annotation							False	1	2026-07-24	Legacy PRN endpoints ignored; record retained only for genome/date/project/marker metadata.
CHN::SAMN44583824	SAMN44583824	SAMN44583824	GCA_050978305		CHN	China	2023-06-12	2023-06-12	2023-06-12	2023	6	2	day	True	PRJNA1182239	assembly_metadata	current_2406_archive	focal_model_observation	focal_genome_observation	True	archive_analysis_genome	True	False	True				provisional_marker_or_published_annotation							False	1	2026-07-24	Legacy PRN endpoints ignored; record retained only for genome/date/project/marker metadata.
CHN::SAMN44583825	SAMN44583825	SAMN44583825	GCA_050978285		CHN	China	2023-06-23	2023-06-23	2023-06-23	2023	6	2	day	True	PRJNA1182239	assembly_metadata	current_2406_archive	focal_model_observation	focal_genome_observation	True	archive_analysis_genome	True	False	True				provisional_marker_or_published_annotation							False	1	2026-07-24	Legacy PRN endpoints ignored; record retained only for genome/date/project/marker metadata.
CHN::SAMN44583826	SAMN44583826	SAMN44583826	GCA_050978265		CHN	China	2023-07-21	2023-07-21	2023-07-21	2023	7	3	day	True	PRJNA1182239	assembly_metadata	current_2406_archive	focal_model_observation	focal_genome_observation	True	archive_analysis_genome	True	False	True				provisional_marker_or_published_annotation							False	1	2026-07-24	Legacy PRN endpoints ignored; record retained only for genome/date/project/marker metadata.
CHN::SAMN44583827	SAMN44583827	SAMN44583827	GCA_050978245		CHN	China	2023-07-30	2023-07-30	2023-07-30	2023	7	3	day	True	PRJNA1182239	assembly_metadata	current_2406_archive	focal_model_observation	focal_genome_observation	True	archive_analysis_genome	True	False	True				provisional_marker_or_published_annotation							False	1	2026-07-24	Legacy PRN endpoints ignored; record retained only for genome/date/project/marker metadata.
CHN::SAMN44583828	SAMN44583828	SAMN44583828	GCA_050978225		CHN	China	2023-09-23	2023-09-23	2023-09-23	2023	9	3	day	True	PRJNA1182239	assembly_metadata	current_2406_archive	focal_model_observation	focal_genome_observation	True	archive_analysis_genome	True	False	True				provisional_marker_or_published_annotation							False	1	2026-07-24	Legacy PRN endpoints ignored; record retained only for genome/date/project/marker metadata.
CHN::SAMN44583829	SAMN44583829	SAMN44583829	GCA_050978205		CHN	China	2023-11-10	2023-11-10	2023-11-10	2023	11	4	day	True	PRJNA1182239	assembly_metadata	current_2406_archive	focal_model_observation	focal_genome_observation	True	archive_analysis_genome	True	False	True				provisional_marker_or_published_annotation							False	1	2026-07-24	Legacy PRN endpoints ignored; record retained only for genome/date/project/marker metadata.
CHN::SAMN44583830	SAMN44583830	SAMN44583830	GCA_050978175		CHN	China	2023-11-14	2023-11-14	2023-11-14	2023	11	4	day	True	PRJNA1182239	assembly_metadata	current_2406_archive	focal_model_observation	focal_genome_observation	True	archive_analysis_genome	True	False	True				provisional_marker_or_published_annotation							False	1	2026-07-24	Legacy PRN endpoints ignored; record retained only for genome/date/project/marker metadata.
CHN::SAMN44583831	SAMN44583831	SAMN44583831	GCA_050978155		CHN	China	2023-11-14	2023-11-14	2023-11-14	2023	11	4	day	True	PRJNA1182239	assembly_metadata	current_2406_archive	focal_model_observation	focal_genome_observation	True	archive_analysis_genome	True	False	True				provisional_marker_or_published_annotation							False	1	2026-07-24	Legacy PRN endpoints ignored; record retained only for genome/date/project/marker metadata.
CHN::SAMN44583832	SAMN44583832	SAMN44583832	GCA_050978125		CHN	China	2023-11-16	2023-11-16	2023-11-16	2023	11	4	day	True	PRJNA1182239	assembly_metadata	current_2406_archive	focal_model_observation	focal_genome_observation	True	archive_analysis_genome	True	False	True				provisional_marker_or_published_annotation							False	1	2026-07-24	Legacy PRN endpoints ignored; record retained only for genome/date/project/marker metadata.
CHN::SAMN44583833	SAMN44583833	SAMN44583833	GCA_050978105		CHN	China	2024-01-18	2024-01-18	2024-01-18	2024	1	1	day	True	PRJNA1182239	assembly_metadata	current_2406_archive	focal_model_observation	focal_genome_observation	True	archive_analysis_genome	True	False	True				provisional_marker_or_published_annotation							False	1	2026-07-24	Legacy PRN endpoints ignored; record retained only for genome/date/project/marker metadata.
CHN::SAMN44583834	SAMN44583834	SAMN44583834	GCA_050978065		CHN	China	2024-01-18	2024-01-18	2024-01-18	2024	1	1	day	True	PRJNA1182239	assembly_metadata	current_2406_archive	focal_model_observation	focal_genome_observation	True	archive_analysis_genome	True	False	True				provisional_marker_or_published_annotation							False	1	2026-07-24	Legacy PRN endpoints ignored; record retained only for genome/date/project/marker metadata.
CHN::SAMN44583835	SAMN44583835	SAMN44583835	GCA_050978085		CHN	China	2024-01-24	2024-01-24	2024-01-24	2024	1	1	day	True	PRJNA1182239	assembly_metadata	current_2406_archive	focal_model_observation	focal_genome_observation	True	archive_analysis_genome	True	False	True				provisional_marker_or_published_annotation							False	1	2026-07-24	Legacy PRN endpoints ignored; record retained only for genome/date/project/marker metadata.
CHN::SAMN44583836	SAMN44583836	SAMN44583836	GCA_050978045		CHN	China	2024-01-24	2024-01-24	2024-01-24	2024	1	1	day	True	PRJNA1182239	assembly_metadata	current_2406_archive	focal_model_observation	focal_genome_observation	True	archive_analysis_genome	True	False	True				provisional_marker_or_published_annotation							False	1	2026-07-24	Legacy PRN endpoints ignored; record retained only for genome/date/project/marker metadata.
CHN::SAMN44583837	SAMN44583837	SAMN44583837	GCA_050978025		CHN	China	2024-01-25	2024-01-25	2024-01-25	2024	1	1	day	True	PRJNA1182239	assembly_metadata	current_2406_archive	focal_model_observation	focal_genome_observation	True	archive_analysis_genome	True	False	True				provisional_marker_or_published_annotation							False	1	2026-07-24	Legacy PRN endpoints ignored; record retained only for genome/date/project/marker metadata.
CHN::SAMN44583838	SAMN44583838	SAMN44583838	GCA_050978005		CHN	China	2024-01-30	2024-01-30	2024-01-30	2024	1	1	day	True	PRJNA1182239	assembly_metadata	current_2406_archive	focal_model_observation	focal_genome_observation	True	archive_analysis_genome	True	False	True				provisional_marker_or_published_annotation							False	1	2026-07-24	Legacy PRN endpoints ignored; record retained only for genome/date/project/marker metadata.
CHN::SAMN44583839	SAMN44583839	SAMN44583839	GCA_050977985		CHN	China	2024-01-30	2024-01-30	2024-01-30	2024	1	1	day	True	PRJNA1182239	assembly_metadata	current_2406_archive	focal_model_observation	focal_genome_observation	True	archive_analysis_genome	True	False	True				provisional_marker_or_published_annotation							False	1	2026-07-24	Legacy PRN endpoints ignored; record retained only for genome/date/project/marker metadata.
CHN::SAMN44583840	SAMN44583840	SAMN44583840	GCA_050977965		CHN	China	2024-01-31	2024-01-31	2024-01-31	2024	1	1	day	True	PRJNA1182239	assembly_metadata	current_2406_archive	focal_model_observation	focal_genome_observation	True	archive_analysis_genome	True	False	True				provisional_marker_or_published_annotation							False	1	2026-07-24	Legacy PRN endpoints ignored; record retained only for genome/date/project/marker metadata.
CHN::SAMN44583841	SAMN44583841	SAMN44583841	GCA_050977945		CHN	China	2024-01-31	2024-01-31	2024-01-31	2024	1	1	day	True	PRJNA1182239	assembly_metadata	current_2406_archive	focal_model_observation	focal_genome_observation	True	archive_analysis_genome	True	False	True				provisional_marker_or_published_annotation							False	1	2026-07-24	Legacy PRN endpoints ignored; record retained only for genome/date/project/marker metadata.
CHN::SAMN44583842	SAMN44583842	SAMN44583842	GCA_050977925		CHN	China	2024-02-02	2024-02-02	2024-02-02	2024	2	1	day	True	PRJNA1182239	assembly_metadata	current_2406_archive	focal_model_observation	focal_genome_observation	True	archive_analysis_genome	True	False	True				provisional_marker_or_published_annotation							False	1	2026-07-24	Legacy PRN endpoints ignored; record retained only for genome/date/project/marker metadata.
CHN::SAMN44583843	SAMN44583843	SAMN44583843	GCA_050977905		CHN	China	2024-02-02	2024-02-02	2024-02-02	2024	2	1	day	True	PRJNA1182239	assembly_metadata	current_2406_archive	focal_model_observation	focal_genome_observation	True	archive_analysis_genome	True	False	True				provisional_marker_or_published_annotation							False	1	2026-07-24	Legacy PRN endpoints ignored; record retained only for genome/date/project/marker metadata.
CHN::SAMN44583844	SAMN44583844	SAMN44583844	GCA_050977885		CHN	China	2024-02-02	2024-02-02	2024-02-02	2024	2	1	day	True	PRJNA1182239	assembly_metadata	current_2406_archive	focal_model_observation	focal_genome_observation	True	archive_analysis_genome	True	False	True				provisional_marker_or_published_annotation							False	1	2026-07-24	Legacy PRN endpoints ignored; record retained only for genome/date/project/marker metadata.
CHN::SAMN44583845	SAMN44583845	SAMN44583845	GCA_050977865		CHN	China	2024-02-02	2024-02-02	2024-02-02	2024	2	1	day	True	PRJNA1182239	assembly_metadata	current_2406_archive	focal_model_observation	focal_genome_observation	True	archive_analysis_genome	True	False	True				provisional_marker_or_published_annotation							False	1	2026-07-24	Legacy PRN endpoints ignored; record retained only for genome/date/project/marker metadata.
CHN::SAMN44583846	SAMN44583846	SAMN44583846	GCA_050977845		CHN	China	2024-02-02	2024-02-02	2024-02-02	2024	2	1	day	True	PRJNA1182239	assembly_metadata	current_2406_archive	focal_model_observation	focal_genome_observation	True	archive_analysis_genome	True	False	True				provisional_marker_or_published_annotation							False	1	2026-07-24	Legacy PRN endpoints ignored; record retained only for genome/date/project/marker metadata.
CHN::SAMN44583847	SAMN44583847	SAMN44583847	GCA_050977825		CHN	China	2024-02-02	2024-02-02	2024-02-02	2024	2	1	day	True	PRJNA1182239	assembly_metadata	current_2406_archive	focal_model_observation	focal_genome_observation	True	archive_analysis_genome	True	False	True				provisional_marker_or_published_annotation							False	1	2026-07-24	Legacy PRN endpoints ignored; record retained only for genome/date/project/marker metadata.
CHN::SAMN44583848	SAMN44583848	SAMN44583848	GCA_050977805		CHN	China	2024-02-02	2024-02-02	2024-02-02	2024	2	1	day	True	PRJNA1182239	assembly_metadata	current_2406_archive	focal_model_observation	focal_genome_observation	True	archive_analysis_genome	True	False	True				provisional_marker_or_published_annotation							False	1	2026-07-24	Legacy PRN endpoints ignored; record retained only for genome/date/project/marker metadata.
CHN::SAMN44583849	SAMN44583849	SAMN44583849	GCA_050977785		CHN	China	2024-02-04	2024-02-04	2024-02-04	2024	2	1	day	True	PRJNA1182239	assembly_metadata	current_2406_archive	focal_model_observation	focal_genome_observation	True	archive_analysis_genome	True	False	True				provisional_marker_or_published_annotation							False	1	2026-07-24	Legacy PRN endpoints ignored; record retained only for genome/date/project/marker metadata.
CHN::SAMN44583850	SAMN44583850	SAMN44583850	GCA_050977765		CHN	China	2024-02-04	2024-02-04	2024-02-04	2024	2	1	day	True	PRJNA1182239	assembly_metadata	current_2406_archive	focal_model_observation	focal_genome_observation	True	archive_analysis_genome	True	False	True				provisional_marker_or_published_annotation							False	1	2026-07-24	Legacy PRN endpoints ignored; record retained only for genome/date/project/marker metadata.
CHN::SAMN44583851	SAMN44583851	SAMN44583851	GCA_050977745		CHN	China	2024-02-04	2024-02-04	2024-02-04	2024	2	1	day	True	PRJNA1182239	assembly_metadata	current_2406_archive	focal_model_observation	focal_genome_observation	True	archive_analysis_genome	True	False	True				provisional_marker_or_published_annotation							False	1	2026-07-24	Legacy PRN endpoints ignored; record retained only for genome/date/project/marker metadata.
CHN::SAMN44583852	SAMN44583852	SAMN44583852	GCA_050977725		CHN	China	2024-02-04	2024-02-04	2024-02-04	2024	2	1	day	True	PRJNA1182239	assembly_metadata	current_2406_archive	focal_model_observation	focal_genome_observation	True	archive_analysis_genome	True	False	True				provisional_marker_or_published_annotation							False	1	2026-07-24	Legacy PRN endpoints ignored; record retained only for genome/date/project/marker metadata.
CHN::SAMN44583853	SAMN44583853	SAMN44583853	GCA_050977705		CHN	China	2024-02-04	2024-02-04	2024-02-04	2024	2	1	day	True	PRJNA1182239	assembly_metadata	current_2406_archive	focal_model_observation	focal_genome_observation	True	archive_analysis_genome	True	False	True				provisional_marker_or_published_annotation							False	1	2026-07-24	Legacy PRN endpoints ignored; record retained only for genome/date/project/marker metadata.
CHN::SAMN44583854	SAMN44583854	SAMN44583854	GCA_050977665		CHN	China	2024-02-04	2024-02-04	2024-02-04	2024	2	1	day	True	PRJNA1182239	assembly_metadata	current_2406_archive	focal_model_observation	focal_genome_observation	True	archive_analysis_genome	True	False	True				provisional_marker_or_published_annotation							False	1	2026-07-24	Legacy PRN endpoints ignored; record retained only for genome/date/project/marker metadata.
CHN::SAMN44583855	SAMN44583855	SAMN44583855	GCA_050977685		CHN	China	2024-02-04	2024-02-04	2024-02-04	2024	2	1	day	True	PRJNA1182239	assembly_metadata	current_2406_archive	focal_model_observation	focal_genome_observation	True	archive_analysis_genome	True	False	True				provisional_marker_or_published_annotation							False	1	2026-07-24	Legacy PRN endpoints ignored; record retained only for genome/date/project/marker metadata.
CHN::SAMN44583856	SAMN44583856	SAMN44583856	GCA_050977625		CHN	China	2024-02-04	2024-02-04	2024-02-04	2024	2	1	day	True	PRJNA1182239	assembly_metadata	current_2406_archive	focal_model_observation	focal_genome_observation	True	archive_analysis_genome	True	False	True				provisional_marker_or_published_annotation							False	1	2026-07-24	Legacy PRN endpoints ignored; record retained only for genome/date/project/marker metadata.
CHN::SAMN44583857	SAMN44583857	SAMN44583857	GCA_050977585		CHN	China	2024-02-06	2024-02-06	2024-02-06	2024	2	1	day	True	PRJNA1182239	assembly_metadata	current_2406_archive	focal_model_observation	focal_genome_observation	True	archive_analysis_genome	True	False	True				provisional_marker_or_published_annotation							False	1	2026-07-24	Legacy PRN endpoints ignored; record retained only for genome/date/project/marker metadata.
CHN::SAMN44583858	SAMN44583858	SAMN44583858	GCA_050977645		CHN	China	2024-02-06	2024-02-06	2024-02-06	2024	2	1	day	True	PRJNA1182239	assembly_metadata	current_2406_archive	focal_model_observation	focal_genome_observation	True	archive_analysis_genome	True	False	True				provisional_marker_or_published_annotation							False	1	2026-07-24	Legacy PRN endpoints ignored; record retained only for genome/date/project/marker metadata.
CHN::SAMN44583859	SAMN44583859	SAMN44583859	GCA_050977605		CHN	China	2024-02-06	2024-02-06	2024-02-06	2024	2	1	day	True	PRJNA1182239	assembly_metadata	current_2406_archive	focal_model_observation	focal_genome_observation	True	archive_analysis_genome	True	False	True				provisional_marker_or_published_annotation							False	1	2026-07-24	Legacy PRN endpoints ignored; record retained only for genome/date/project/marker metadata.
CHN::SAMN44583860	SAMN44583860	SAMN44583860	GCA_050977565		CHN	China	2024-02-08	2024-02-08	2024-02-08	2024	2	1	day	True	PRJNA1182239	assembly_metadata	current_2406_archive	focal_model_observation	focal_genome_observation	True	archive_analysis_genome	True	False	True				provisional_marker_or_published_annotation							False	1	2026-07-24	Legacy PRN endpoints ignored; record retained only for genome/date/project/marker metadata.
CHN::SAMN44583861	SAMN44583861	SAMN44583861	GCA_050977545		CHN	China	2024-02-08	2024-02-08	2024-02-08	2024	2	1	day	True	PRJNA1182239	assembly_metadata	current_2406_archive	focal_model_observation	focal_genome_observation	True	archive_analysis_genome	True	False	True				provisional_marker_or_published_annotation							False	1	2026-07-24	Legacy PRN endpoints ignored; record retained only for genome/date/project/marker metadata.
CHN::SAMN44583862	SAMN44583862	SAMN44583862	GCA_050977525		CHN	China	2024-02-08	2024-02-08	2024-02-08	2024	2	1	day	True	PRJNA1182239	assembly_metadata	current_2406_archive	focal_model_observation	focal_genome_observation	True	archive_analysis_genome	True	False	True				provisional_marker_or_published_annotation							False	1	2026-07-24	Legacy PRN endpoints ignored; record retained only for genome/date/project/marker metadata.
CHN::SAMN44583863	SAMN44583863	SAMN44583863	GCA_050977505		CHN	China	2024-01-31	2024-01-31	2024-01-31	2024	1	1	day	True	PRJNA1182239	assembly_metadata	current_2406_archive	focal_model_observation	focal_genome_observation	True	archive_analysis_genome	True	False	True				provisional_marker_or_published_annotation							False	1	2026-07-24	Legacy PRN endpoints ignored; record retained only for genome/date/project/marker metadata.
CHN::SAMN44583864	SAMN44583864	SAMN44583864	GCA_050977485		CHN	China	2024-02-08	2024-02-08	2024-02-08	2024	2	1	day	True	PRJNA1182239	assembly_metadata	current_2406_archive	focal_model_observation	focal_genome_observation	True	archive_analysis_genome	True	False	True				provisional_marker_or_published_annotation							False	1	2026-07-24	Legacy PRN endpoints ignored; record retained only for genome/date/project/marker metadata.
CHN::SAMN44583865	SAMN44583865	SAMN44583865	GCA_050977465		CHN	China	2024-02-08	2024-02-08	2024-02-08	2024	2	1	day	True	PRJNA1182239	assembly_metadata	current_2406_archive	focal_model_observation	focal_genome_observation	True	archive_analysis_genome	True	False	True				provisional_marker_or_published_annotation							False	1	2026-07-24	Legacy PRN endpoints ignored; record retained only for genome/date/project/marker metadata.
CHN::SAMN44583866	SAMN44583866	SAMN44583866	GCA_050977445		CHN	China	2024-02-08	2024-02-08	2024-02-08	2024	2	1	day	True	PRJNA1182239	assembly_metadata	current_2406_archive	focal_model_observation	focal_genome_observation	True	archive_analysis_genome	True	False	True				provisional_marker_or_published_annotation							False	1	2026-07-24	Legacy PRN endpoints ignored; record retained only for genome/date/project/marker metadata.
CHN::SAMN44583867	SAMN44583867	SAMN44583867	GCA_050977425		CHN	China	2024-02-18	2024-02-18	2024-02-18	2024	2	1	day	True	PRJNA1182239	assembly_metadata	current_2406_archive	focal_model_observation	focal_genome_observation	True	archive_analysis_genome	True	False	True				provisional_marker_or_published_annotation							False	1	2026-07-24	Legacy PRN endpoints ignored; record retained only for genome/date/project/marker metadata.
CHN::SAMN44583868	SAMN44583868	SAMN44583868	GCA_050977405		CHN	China	2024-02-18	2024-02-18	2024-02-18	2024	2	1	day	True	PRJNA1182239	assembly_metadata	current_2406_archive	focal_model_observation	focal_genome_observation	True	archive_analysis_genome	True	False	True				provisional_marker_or_published_annotation							False	1	2026-07-24	Legacy PRN endpoints ignored; record retained only for genome/date/project/marker metadata.
CHN::SAMN44583869	SAMN44583869	SAMN44583869	GCA_050977385		CHN	China	2024-02-18	2024-02-18	2024-02-18	2024	2	1	day	True	PRJNA1182239	assembly_metadata	current_2406_archive	focal_model_observation	focal_genome_observation	True	archive_analysis_genome	True	False	True				provisional_marker_or_published_annotation							False	1	2026-07-24	Legacy PRN endpoints ignored; record retained only for genome/date/project/marker metadata.
CHN::SAMN44583870	SAMN44583870	SAMN44583870	GCA_050977355		CHN	China	2024-02-23	2024-02-23	2024-02-23	2024	2	1	day	True	PRJNA1182239	assembly_metadata	current_2406_archive	focal_model_observation	focal_genome_observation	True	archive_analysis_genome	True	False	True				provisional_marker_or_published_annotation							False	1	2026-07-24	Legacy PRN endpoints ignored; record retained only for genome/date/project/marker metadata.
CHN::SAMN44583871	SAMN44583871	SAMN44583871	GCA_050977345		CHN	China	2024-02-26	2024-02-26	2024-02-26	2024	2	1	day	True	PRJNA1182239	assembly_metadata	current_2406_archive	focal_model_observation	focal_genome_observation	True	archive_analysis_genome	True	False	True				provisional_marker_or_published_annotation							False	1	2026-07-24	Legacy PRN endpoints ignored; record retained only for genome/date/project/marker metadata.
CHN::SAMN44583872	SAMN44583872	SAMN44583872	GCA_050977325		CHN	China	2024-02-26	2024-02-26	2024-02-26	2024	2	1	day	True	PRJNA1182239	assembly_metadata	current_2406_archive	focal_model_observation	focal_genome_observation	True	archive_analysis_genome	True	False	True				provisional_marker_or_published_annotation							False	1	2026-07-24	Legacy PRN endpoints ignored; record retained only for genome/date/project/marker metadata.
CHN::SAMN44583873	SAMN44583873	SAMN44583873	GCA_050977295		CHN	China	2024-03-05	2024-03-05	2024-03-05	2024	3	1	day	True	PRJNA1182239	assembly_metadata	current_2406_archive	focal_model_observation	focal_genome_observation	True	archive_analysis_genome	True	False	True				provisional_marker_or_published_annotation							False	1	2026-07-24	Legacy PRN endpoints ignored; record retained only for genome/date/project/marker metadata.
CHN::SAMN44583874	SAMN44583874	SAMN44583874	GCA_050977265		CHN	China	2024-03-05	2024-03-05	2024-03-05	2024	3	1	day	True	PRJNA1182239	assembly_metadata	current_2406_archive	focal_model_observation	focal_genome_observation	True	archive_analysis_genome	True	False	True				provisional_marker_or_published_annotation							False	1	2026-07-24	Legacy PRN endpoints ignored; record retained only for genome/date/project/marker metadata.
CHN::SAMN44583875	SAMN44583875	SAMN44583875	GCA_050977245		CHN	China	2024-03-05	2024-03-05	2024-03-05	2024	3	1	day	True	PRJNA1182239	assembly_metadata	current_2406_archive	focal_model_observation	focal_genome_observation	True	archive_analysis_genome	True	False	True				provisional_marker_or_published_annotation							False	1	2026-07-24	Legacy PRN endpoints ignored; record retained only for genome/date/project/marker metadata.
CHN::SAMN44583876	SAMN44583876	SAMN44583876	GCA_050977225		CHN	China	2024-03-05	2024-03-05	2024-03-05	2024	3	1	day	True	PRJNA1182239	assembly_metadata	current_2406_archive	focal_model_observation	focal_genome_observation	True	archive_analysis_genome	True	False	True				provisional_marker_or_published_annotation							False	1	2026-07-24	Legacy PRN endpoints ignored; record retained only for genome/date/project/marker metadata.
CHN::SAMN44583877	SAMN44583877	SAMN44583877	GCA_050977205		CHN	China	2024-03-05	2024-03-05	2024-03-05	2024	3	1	day	True	PRJNA1182239	assembly_metadata	current_2406_archive	focal_model_observation	focal_genome_observation	True	archive_analysis_genome	True	False	True				provisional_marker_or_published_annotation							False	1	2026-07-24	Legacy PRN endpoints ignored; record retained only for genome/date/project/marker metadata.
CHN::SAMN44583878	SAMN44583878	SAMN44583878	GCA_050977185		CHN	China	2024-03-05	2024-03-05	2024-03-05	2024	3	1	day	True	PRJNA1182239	assembly_metadata	current_2406_archive	focal_model_observation	focal_genome_observation	True	archive_analysis_genome	True	False	True				provisional_marker_or_published_annotation							False	1	2026-07-24	Legacy PRN endpoints ignored; record retained only for genome/date/project/marker metadata.
CHN::SAMN44583879	SAMN44583879	SAMN44583879	GCA_050977165		CHN	China	2024-03-05	2024-03-05	2024-03-05	2024	3	1	day	True	PRJNA1182239	assembly_metadata	current_2406_archive	focal_model_observation	focal_genome_observation	True	archive_analysis_genome	True	False	True				provisional_marker_or_published_annotation							False	1	2026-07-24	Legacy PRN endpoints ignored; record retained only for genome/date/project/marker metadata.
CHN::SAMN44583880	SAMN44583880	SAMN44583880	GCA_050977145		CHN	China	2024-03-05	2024-03-05	2024-03-05	2024	3	1	day	True	PRJNA1182239	assembly_metadata	current_2406_archive	focal_model_observation	focal_genome_observation	True	archive_analysis_genome	True	False	True				provisional_marker_or_published_annotation							False	1	2026-07-24	Legacy PRN endpoints ignored; record retained only for genome/date/project/marker metadata.
CHN::SAMN44583881	SAMN44583881	SAMN44583881	GCA_050977125		CHN	China	2024-03-05	2024-03-05	2024-03-05	2024	3	1	day	True	PRJNA1182239	assembly_metadata	current_2406_archive	focal_model_observation	focal_genome_observation	True	archive_analysis_genome	True	False	True				provisional_marker_or_published_annotation							False	1	2026-07-24	Legacy PRN endpoints ignored; record retained only for genome/date/project/marker metadata.
CHN::SAMN44583882	SAMN44583882	SAMN44583882	GCA_050977105		CHN	China	2024-03-05	2024-03-05	2024-03-05	2024	3	1	day	True	PRJNA1182239	assembly_metadata	current_2406_archive	focal_model_observation	focal_genome_observation	True	archive_analysis_genome	True	False	True				provisional_marker_or_published_annotation							False	1	2026-07-24	Legacy PRN endpoints ignored; record retained only for genome/date/project/marker metadata.
CHN::SAMN44583883	SAMN44583883	SAMN44583883	GCA_050977085		CHN	China	2024-03-08	2024-03-08	2024-03-08	2024	3	1	day	True	PRJNA1182239	assembly_metadata	current_2406_archive	focal_model_observation	focal_genome_observation	True	archive_analysis_genome	True	False	True				provisional_marker_or_published_annotation							False	1	2026-07-24	Legacy PRN endpoints ignored; record retained only for genome/date/project/marker metadata.
CHN::SAMN44583884	SAMN44583884	SAMN44583884	GCA_050977045		CHN	China	2024-03-08	2024-03-08	2024-03-08	2024	3	1	day	True	PRJNA1182239	assembly_metadata	current_2406_archive	focal_model_observation	focal_genome_observation	True	archive_analysis_genome	True	False	True				provisional_marker_or_published_annotation							False	1	2026-07-24	Legacy PRN endpoints ignored; record retained only for genome/date/project/marker metadata.
CHN::SAMN44583885	SAMN44583885	SAMN44583885	GCA_050977065		CHN	China	2024-03-08	2024-03-08	2024-03-08	2024	3	1	day	True	PRJNA1182239	assembly_metadata	current_2406_archive	focal_model_observation	focal_genome_observation	True	archive_analysis_genome	True	False	True				provisional_marker_or_published_annotation							False	1	2026-07-24	Legacy PRN endpoints ignored; record retained only for genome/date/project/marker metadata.
CHN::SAMN44583886	SAMN44583886	SAMN44583886	GCA_050977025		CHN	China	2024-03-05	2024-03-05	2024-03-05	2024	3	1	day	True	PRJNA1182239	assembly_metadata	current_2406_archive	focal_model_observation	focal_genome_observation	True	archive_analysis_genome	True	False	True				provisional_marker_or_published_annotation							False	1	2026-07-24	Legacy PRN endpoints ignored; record retained only for genome/date/project/marker metadata.
CHN::SAMN44583887	SAMN44583887	SAMN44583887	GCA_050977005		CHN	China	2024-03-05	2024-03-05	2024-03-05	2024	3	1	day	True	PRJNA1182239	assembly_metadata	current_2406_archive	focal_model_observation	focal_genome_observation	True	archive_analysis_genome	True	False	True				provisional_marker_or_published_annotation							False	1	2026-07-24	Legacy PRN endpoints ignored; record retained only for genome/date/project/marker metadata.
CHN::SAMN44583888	SAMN44583888	SAMN44583888	GCA_050976985		CHN	China	2024-03-08	2024-03-08	2024-03-08	2024	3	1	day	True	PRJNA1182239	assembly_metadata	current_2406_archive	focal_model_observation	focal_genome_observation	True	archive_analysis_genome	True	False	True				provisional_marker_or_published_annotation							False	1	2026-07-24	Legacy PRN endpoints ignored; record retained only for genome/date/project/marker metadata.
CHN::SAMN44583889	SAMN44583889	SAMN44583889	GCA_050976965		CHN	China	2024-03-08	2024-03-08	2024-03-08	2024	3	1	day	True	PRJNA1182239	assembly_metadata	current_2406_archive	focal_model_observation	focal_genome_observation	True	archive_analysis_genome	True	False	True				provisional_marker_or_published_annotation							False	1	2026-07-24	Legacy PRN endpoints ignored; record retained only for genome/date/project/marker metadata.
CHN::SAMN44583890	SAMN44583890	SAMN44583890	GCA_050976945		CHN	China	2024-03-08	2024-03-08	2024-03-08	2024	3	1	day	True	PRJNA1182239	assembly_metadata	current_2406_archive	focal_model_observation	focal_genome_observation	True	archive_analysis_genome	True	False	True				provisional_marker_or_published_annotation							False	1	2026-07-24	Legacy PRN endpoints ignored; record retained only for genome/date/project/marker metadata.
CHN::SAMN44583891	SAMN44583891	SAMN44583891	GCA_050976925		CHN	China	2024-03-04	2024-03-04	2024-03-04	2024	3	1	day	True	PRJNA1182239	assembly_metadata	current_2406_archive	focal_model_observation	focal_genome_observation	True	archive_analysis_genome	True	False	True				provisional_marker_or_published_annotation							False	1	2026-07-24	Legacy PRN endpoints ignored; record retained only for genome/date/project/marker metadata.
CHN::SAMN44583892	SAMN44583892	SAMN44583892	GCA_050976905		CHN	China	2024-03-04	2024-03-04	2024-03-04	2024	3	1	day	True	PRJNA1182239	assembly_metadata	current_2406_archive	focal_model_observation	focal_genome_observation	True	archive_analysis_genome	True	False	True				provisional_marker_or_published_annotation							False	1	2026-07-24	Legacy PRN endpoints ignored; record retained only for genome/date/project/marker metadata.
CHN::SAMN44583893	SAMN44583893	SAMN44583893	GCA_050976885		CHN	China	2024-03-04	2024-03-04	2024-03-04	2024	3	1	day	True	PRJNA1182239	assembly_metadata	current_2406_archive	focal_model_observation	focal_genome_observation	True	archive_analysis_genome	True	False	True				provisional_marker_or_published_annotation							False	1	2026-07-24	Legacy PRN endpoints ignored; record retained only for genome/date/project/marker metadata.
CHN::SAMN44583894	SAMN44583894	SAMN44583894	GCA_050976865		CHN	China	2024-03-04	2024-03-04	2024-03-04	2024	3	1	day	True	PRJNA1182239	assembly_metadata	current_2406_archive	focal_model_observation	focal_genome_observation	True	archive_analysis_genome	True	False	True				provisional_marker_or_published_annotation							False	1	2026-07-24	Legacy PRN endpoints ignored; record retained only for genome/date/project/marker metadata.
CHN::SAMN44583895	SAMN44583895	SAMN44583895	GCA_050976845		CHN	China	2024-03-11	2024-03-11	2024-03-11	2024	3	1	day	True	PRJNA1182239	assembly_metadata	current_2406_archive	focal_model_observation	focal_genome_observation	True	archive_analysis_genome	True	False	True				provisional_marker_or_published_annotation							False	1	2026-07-24	Legacy PRN endpoints ignored; record retained only for genome/date/project/marker metadata.
CHN::SAMN44583896	SAMN44583896	SAMN44583896	GCA_050976825		CHN	China	2024-03-13	2024-03-13	2024-03-13	2024	3	1	day	True	PRJNA1182239	assembly_metadata	current_2406_archive	focal_model_observation	focal_genome_observation	True	archive_analysis_genome	True	False	True				provisional_marker_or_published_annotation							False	1	2026-07-24	Legacy PRN endpoints ignored; record retained only for genome/date/project/marker metadata.
CHN::SAMN44583897	SAMN44583897	SAMN44583897	GCA_050976805		CHN	China	2024-03-13	2024-03-13	2024-03-13	2024	3	1	day	True	PRJNA1182239	assembly_metadata	current_2406_archive	focal_model_observation	focal_genome_observation	True	archive_analysis_genome	True	False	True				provisional_marker_or_published_annotation							False	1	2026-07-24	Legacy PRN endpoints ignored; record retained only for genome/date/project/marker metadata.
CHN::SAMN44583898	SAMN44583898	SAMN44583898	GCA_050976785		CHN	China	2024-03-13	2024-03-13	2024-03-13	2024	3	1	day	True	PRJNA1182239	assembly_metadata	current_2406_archive	focal_model_observation	focal_genome_observation	True	archive_analysis_genome	True	False	True				provisional_marker_or_published_annotation							False	1	2026-07-24	Legacy PRN endpoints ignored; record retained only for genome/date/project/marker metadata.
CHN::SAMN44583899	SAMN44583899	SAMN44583899	GCA_050976765		CHN	China	2024-03-14	2024-03-14	2024-03-14	2024	3	1	day	True	PRJNA1182239	assembly_metadata	current_2406_archive	focal_model_observation	focal_genome_observation	True	archive_analysis_genome	True	False	True				provisional_marker_or_published_annotation							False	1	2026-07-24	Legacy PRN endpoints ignored; record retained only for genome/date/project/marker metadata.
CHN::SAMN44583900	SAMN44583900	SAMN44583900	GCA_050976745		CHN	China	2024-03-14	2024-03-14	2024-03-14	2024	3	1	day	True	PRJNA1182239	assembly_metadata	current_2406_archive	focal_model_observation	focal_genome_observation	True	archive_analysis_genome	True	False	True				provisional_marker_or_published_annotation							False	1	2026-07-24	Legacy PRN endpoints ignored; record retained only for genome/date/project/marker metadata.
CHN::SAMN44583901	SAMN44583901	SAMN44583901	GCA_050976725		CHN	China	2024-03-14	2024-03-14	2024-03-14	2024	3	1	day	True	PRJNA1182239	assembly_metadata	current_2406_archive	focal_model_observation	focal_genome_observation	True	archive_analysis_genome	True	False	True				provisional_marker_or_published_annotation							False	1	2026-07-24	Legacy PRN endpoints ignored; record retained only for genome/date/project/marker metadata.
CHN::SAMN44583902	SAMN44583902	SAMN44583902	GCA_050976705		CHN	China	2024-03-15	2024-03-15	2024-03-15	2024	3	1	day	True	PRJNA1182239	assembly_metadata	current_2406_archive	focal_model_observation	focal_genome_observation	True	archive_analysis_genome	True	False	True				provisional_marker_or_published_annotation							False	1	2026-07-24	Legacy PRN endpoints ignored; record retained only for genome/date/project/marker metadata.
CHN::SAMN44583903	SAMN44583903	SAMN44583903	GCA_050976685		CHN	China	2024-03-15	2024-03-15	2024-03-15	2024	3	1	day	True	PRJNA1182239	assembly_metadata	current_2406_archive	focal_model_observation	focal_genome_observation	True	archive_analysis_genome	True	False	True				provisional_marker_or_published_annotation							False	1	2026-07-24	Legacy PRN endpoints ignored; record retained only for genome/date/project/marker metadata.
CHN::SAMN44583904	SAMN44583904	SAMN44583904	GCA_050976665		CHN	China	2024-03-15	2024-03-15	2024-03-15	2024	3	1	day	True	PRJNA1182239	assembly_metadata	current_2406_archive	focal_model_observation	focal_genome_observation	True	archive_analysis_genome	True	False	True				provisional_marker_or_published_annotation							False	1	2026-07-24	Legacy PRN endpoints ignored; record retained only for genome/date/project/marker metadata.
CHN::SAMN44583905	SAMN44583905	SAMN44583905	GCA_050976645		CHN	China	2024-03-15	2024-03-15	2024-03-15	2024	3	1	day	True	PRJNA1182239	assembly_metadata	current_2406_archive	focal_model_observation	focal_genome_observation	True	archive_analysis_genome	True	False	True				provisional_marker_or_published_annotation							False	1	2026-07-24	Legacy PRN endpoints ignored; record retained only for genome/date/project/marker metadata.
CHN::SAMN44583906	SAMN44583906	SAMN44583906	GCA_050976625		CHN	China	2024-03-15	2024-03-15	2024-03-15	2024	3	1	day	True	PRJNA1182239	assembly_metadata	current_2406_archive	focal_model_observation	focal_genome_observation	True	archive_analysis_genome	True	False	True				provisional_marker_or_published_annotation							False	1	2026-07-24	Legacy PRN endpoints ignored; record retained only for genome/date/project/marker metadata.
CHN::SAMN44583907	SAMN44583907	SAMN44583907	GCA_050976605		CHN	China	2024-03-15	2024-03-15	2024-03-15	2024	3	1	day	True	PRJNA1182239	assembly_metadata	current_2406_archive	focal_model_observation	focal_genome_observation	True	archive_analysis_genome	True	False	True				provisional_marker_or_published_annotation							False	1	2026-07-24	Legacy PRN endpoints ignored; record retained only for genome/date/project/marker metadata.
CHN::SAMN44583908	SAMN44583908	SAMN44583908	GCA_050976575		CHN	China	2024-03-15	2024-03-15	2024-03-15	2024	3	1	day	True	PRJNA1182239	assembly_metadata	current_2406_archive	focal_model_observation	focal_genome_observation	True	archive_analysis_genome	True	False	True				provisional_marker_or_published_annotation							False	1	2026-07-24	Legacy PRN endpoints ignored; record retained only for genome/date/project/marker metadata.
CHN::SAMN44583909	SAMN44583909	SAMN44583909	GCA_050976555		CHN	China	2024-03-15	2024-03-15	2024-03-15	2024	3	1	day	True	PRJNA1182239	assembly_metadata	current_2406_archive	focal_model_observation	focal_genome_observation	True	archive_analysis_genome	True	False	True				provisional_marker_or_published_annotation							False	1	2026-07-24	Legacy PRN endpoints ignored; record retained only for genome/date/project/marker metadata.
CHN::SAMN44583910	SAMN44583910	SAMN44583910	GCA_050976535		CHN	China	2024-03-15	2024-03-15	2024-03-15	2024	3	1	day	True	PRJNA1182239	assembly_metadata	current_2406_archive	focal_model_observation	focal_genome_observation	True	archive_analysis_genome	True	False	True				provisional_marker_or_published_annotation							False	1	2026-07-24	Legacy PRN endpoints ignored; record retained only for genome/date/project/marker metadata.
CHN::SAMN44583911	SAMN44583911	SAMN44583911	GCA_050976485		CHN	China	2024-03-15	2024-03-15	2024-03-15	2024	3	1	day	True	PRJNA1182239	assembly_metadata	current_2406_archive	focal_model_observation	focal_genome_observation	True	archive_analysis_genome	True	False	True				provisional_marker_or_published_annotation							False	1	2026-07-24	Legacy PRN endpoints ignored; record retained only for genome/date/project/marker metadata.
CHN::SAMN44583912	SAMN44583912	SAMN44583912	GCA_050976505		CHN	China	2024-03-15	2024-03-15	2024-03-15	2024	3	1	day	True	PRJNA1182239	assembly_metadata	current_2406_archive	focal_model_observation	focal_genome_observation	True	archive_analysis_genome	True	False	True				provisional_marker_or_published_annotation							False	1	2026-07-24	Legacy PRN endpoints ignored; record retained only for genome/date/project/marker metadata.
CHN::SAMN44583913	SAMN44583913	SAMN44583913	GCA_050976465		CHN	China	2024-03-14	2024-03-14	2024-03-14	2024	3	1	day	True	PRJNA1182239	assembly_metadata	current_2406_archive	focal_model_observation	focal_genome_observation	True	archive_analysis_genome	True	False	True				provisional_marker_or_published_annotation							False	1	2026-07-24	Legacy PRN endpoints ignored; record retained only for genome/date/project/marker metadata.
CHN::SAMN44583914	SAMN44583914	SAMN44583914	GCA_050976445		CHN	China	2024-03-14	2024-03-14	2024-03-14	2024	3	1	day	True	PRJNA1182239	assembly_metadata	current_2406_archive	focal_model_observation	focal_genome_observation	True	archive_analysis_genome	True	False	True				provisional_marker_or_published_annotation							False	1	2026-07-24	Legacy PRN endpoints ignored; record retained only for genome/date/project/marker metadata.
CHN::SAMN44583915	SAMN44583915	SAMN44583915	GCA_050976405		CHN	China	2024-03-15	2024-03-15	2024-03-15	2024	3	1	day	True	PRJNA1182239	assembly_metadata	current_2406_archive	focal_model_observation	focal_genome_observation	True	archive_analysis_genome	True	False	True				provisional_marker_or_published_annotation							False	1	2026-07-24	Legacy PRN endpoints ignored; record retained only for genome/date/project/marker metadata.
CHN::SAMN44583916	SAMN44583916	SAMN44583916	GCA_050976425		CHN	China	2024-03-15	2024-03-15	2024-03-15	2024	3	1	day	True	PRJNA1182239	assembly_metadata	current_2406_archive	focal_model_observation	focal_genome_observation	True	archive_analysis_genome	True	False	True				provisional_marker_or_published_annotation							False	1	2026-07-24	Legacy PRN endpoints ignored; record retained only for genome/date/project/marker metadata.
CHN::SAMN44583917	SAMN44583917	SAMN44583917	GCA_050976365		CHN	China	2024-03-15	2024-03-15	2024-03-15	2024	3	1	day	True	PRJNA1182239	assembly_metadata	current_2406_archive	focal_model_observation	focal_genome_observation	True	archive_analysis_genome	True	False	True				provisional_marker_or_published_annotation							False	1	2026-07-24	Legacy PRN endpoints ignored; record retained only for genome/date/project/marker metadata.
CHN::SAMN44583918	SAMN44583918	SAMN44583918	GCA_050976385		CHN	China	2024-03-15	2024-03-15	2024-03-15	2024	3	1	day	True	PRJNA1182239	assembly_metadata	current_2406_archive	focal_model_observation	focal_genome_observation	True	archive_analysis_genome	True	False	True				provisional_marker_or_published_annotation							False	1	2026-07-24	Legacy PRN endpoints ignored; record retained only for genome/date/project/marker metadata.
CHN::SAMN44583919	SAMN44583919	SAMN44583919	GCA_050976345		CHN	China	2024-03-16	2024-03-16	2024-03-16	2024	3	1	day	True	PRJNA1182239	assembly_metadata	current_2406_archive	focal_model_observation	focal_genome_observation	True	archive_analysis_genome	True	False	True				provisional_marker_or_published_annotation							False	1	2026-07-24	Legacy PRN endpoints ignored; record retained only for genome/date/project/marker metadata.
CHN::SAMN44583920	SAMN44583920	SAMN44583920	GCA_050976295		CHN	China	2024-03-15	2024-03-15	2024-03-15	2024	3	1	day	True	PRJNA1182239	assembly_metadata	current_2406_archive	focal_model_observation	focal_genome_observation	True	archive_analysis_genome	True	False	True				provisional_marker_or_published_annotation							False	1	2026-07-24	Legacy PRN endpoints ignored; record retained only for genome/date/project/marker metadata.
CHN::SAMN44583921	SAMN44583921	SAMN44583921	GCA_050976325		CHN	China	2024-03-15	2024-03-15	2024-03-15	2024	3	1	day	True	PRJNA1182239	assembly_metadata	current_2406_archive	focal_model_observation	focal_genome_observation	True	archive_analysis_genome	True	False	True				provisional_marker_or_published_annotation							False	1	2026-07-24	Legacy PRN endpoints ignored; record retained only for genome/date/project/marker metadata.
CHN::SAMN44583922	SAMN44583922	SAMN44583922	GCA_050976285		CHN	China	2024-03-15	2024-03-15	2024-03-15	2024	3	1	day	True	PRJNA1182239	assembly_metadata	current_2406_archive	focal_model_observation	focal_genome_observation	True	archive_analysis_genome	True	False	True				provisional_marker_or_published_annotation							False	1	2026-07-24	Legacy PRN endpoints ignored; record retained only for genome/date/project/marker metadata.
CHN::SAMN44583923	SAMN44583923	SAMN44583923	GCA_050976265		CHN	China	2024-03-15	2024-03-15	2024-03-15	2024	3	1	day	True	PRJNA1182239	assembly_metadata	current_2406_archive	focal_model_observation	focal_genome_observation	True	archive_analysis_genome	True	False	True				provisional_marker_or_published_annotation							False	1	2026-07-24	Legacy PRN endpoints ignored; record retained only for genome/date/project/marker metadata.
CHN::SAMN44583924	SAMN44583924	SAMN44583924	GCA_050976225		CHN	China	2024-03-15	2024-03-15	2024-03-15	2024	3	1	day	True	PRJNA1182239	assembly_metadata	current_2406_archive	focal_model_observation	focal_genome_observation	True	archive_analysis_genome	True	False	True				provisional_marker_or_published_annotation							False	1	2026-07-24	Legacy PRN endpoints ignored; record retained only for genome/date/project/marker metadata.
CHN::SAMN44583925	SAMN44583925	SAMN44583925	GCA_050976245		CHN	China	2024-03-16	2024-03-16	2024-03-16	2024	3	1	day	True	PRJNA1182239	assembly_metadata	current_2406_archive	focal_model_observation	focal_genome_observation	True	archive_analysis_genome	True	False	True				provisional_marker_or_published_annotation							False	1	2026-07-24	Legacy PRN endpoints ignored; record retained only for genome/date/project/marker metadata.
CHN::SAMN44583926	SAMN44583926	SAMN44583926	GCA_050976205		CHN	China	2024-03-18	2024-03-18	2024-03-18	2024	3	1	day	True	PRJNA1182239	assembly_metadata	current_2406_archive	focal_model_observation	focal_genome_observation	True	archive_analysis_genome	True	False	True				provisional_marker_or_published_annotation							False	1	2026-07-24	Legacy PRN endpoints ignored; record retained only for genome/date/project/marker metadata.
CHN::SAMN44583927	SAMN44583927	SAMN44583927	GCA_050976185		CHN	China	2024-03-18	2024-03-18	2024-03-18	2024	3	1	day	True	PRJNA1182239	assembly_metadata	current_2406_archive	focal_model_observation	focal_genome_observation	True	archive_analysis_genome	True	False	True				provisional_marker_or_published_annotation							False	1	2026-07-24	Legacy PRN endpoints ignored; record retained only for genome/date/project/marker metadata.
CHN::SAMN44583928	SAMN44583928	SAMN44583928	GCA_050976165		CHN	China	2024-03-22	2024-03-22	2024-03-22	2024	3	1	day	True	PRJNA1182239	assembly_metadata	current_2406_archive	focal_model_observation	focal_genome_observation	True	archive_analysis_genome	True	False	True				provisional_marker_or_published_annotation							False	1	2026-07-24	Legacy PRN endpoints ignored; record retained only for genome/date/project/marker metadata.
CHN::SAMN44583929	SAMN44583929	SAMN44583929	GCA_050976145		CHN	China	2024-03-22	2024-03-22	2024-03-22	2024	3	1	day	True	PRJNA1182239	assembly_metadata	current_2406_archive	focal_model_observation	focal_genome_observation	True	archive_analysis_genome	True	False	True				provisional_marker_or_published_annotation							False	1	2026-07-24	Legacy PRN endpoints ignored; record retained only for genome/date/project/marker metadata.
CHN::SAMN44583930	SAMN44583930	SAMN44583930	GCA_050976125		CHN	China	2024-03-22	2024-03-22	2024-03-22	2024	3	1	day	True	PRJNA1182239	assembly_metadata	current_2406_archive	focal_model_observation	focal_genome_observation	True	archive_analysis_genome	True	False	True				provisional_marker_or_published_annotation							False	1	2026-07-24	Legacy PRN endpoints ignored; record retained only for genome/date/project/marker metadata.
CHN::SAMN44583931	SAMN44583931	SAMN44583931	GCA_050976105		CHN	China	2024-03-15	2024-03-15	2024-03-15	2024	3	1	day	True	PRJNA1182239	assembly_metadata	current_2406_archive	focal_model_observation	focal_genome_observation	True	archive_analysis_genome	True	False	True				provisional_marker_or_published_annotation							False	1	2026-07-24	Legacy PRN endpoints ignored; record retained only for genome/date/project/marker metadata.
CHN::SAMN44583932	SAMN44583932	SAMN44583932	GCA_050976085		CHN	China	2024-03-15	2024-03-15	2024-03-15	2024	3	1	day	True	PRJNA1182239	assembly_metadata	current_2406_archive	focal_model_observation	focal_genome_observation	True	archive_analysis_genome	True	False	True				provisional_marker_or_published_annotation							False	1	2026-07-24	Legacy PRN endpoints ignored; record retained only for genome/date/project/marker metadata.
CHN::SAMN44583933	SAMN44583933	SAMN44583933	GCA_050976065		CHN	China	2024-03-15	2024-03-15	2024-03-15	2024	3	1	day	True	PRJNA1182239	assembly_metadata	current_2406_archive	focal_model_observation	focal_genome_observation	True	archive_analysis_genome	True	False	True				provisional_marker_or_published_annotation							False	1	2026-07-24	Legacy PRN endpoints ignored; record retained only for genome/date/project/marker metadata.
CHN::SAMN44583934	SAMN44583934	SAMN44583934	GCA_050976045		CHN	China	2024-03-16	2024-03-16	2024-03-16	2024	3	1	day	True	PRJNA1182239	assembly_metadata	current_2406_archive	focal_model_observation	focal_genome_observation	True	archive_analysis_genome	True	False	True				provisional_marker_or_published_annotation							False	1	2026-07-24	Legacy PRN endpoints ignored; record retained only for genome/date/project/marker metadata.
CHN::SAMN44583935	SAMN44583935	SAMN44583935	GCA_050976025		CHN	China	2024-03-18	2024-03-18	2024-03-18	2024	3	1	day	True	PRJNA1182239	assembly_metadata	current_2406_archive	focal_model_observation	focal_genome_observation	True	archive_analysis_genome	True	False	True				provisional_marker_or_published_annotation							False	1	2026-07-24	Legacy PRN endpoints ignored; record retained only for genome/date/project/marker metadata.
CHN::SAMN44583936	SAMN44583936	SAMN44583936	GCA_050976005		CHN	China	2024-03-19	2024-03-19	2024-03-19	2024	3	1	day	True	PRJNA1182239	assembly_metadata	current_2406_archive	focal_model_observation	focal_genome_observation	True	archive_analysis_genome	True	False	True				provisional_marker_or_published_annotation							False	1	2026-07-24	Legacy PRN endpoints ignored; record retained only for genome/date/project/marker metadata.
CHN::SAMN44583937	SAMN44583937	SAMN44583937	GCA_050975945		CHN	China	2024-03-22	2024-03-22	2024-03-22	2024	3	1	day	True	PRJNA1182239	assembly_metadata	current_2406_archive	focal_model_observation	focal_genome_observation	True	archive_analysis_genome	True	False	True				provisional_marker_or_published_annotation							False	1	2026-07-24	Legacy PRN endpoints ignored; record retained only for genome/date/project/marker metadata.
CHN::SAMN44583938	SAMN44583938	SAMN44583938	GCA_050975965		CHN	China	2024-03-18	2024-03-18	2024-03-18	2024	3	1	day	True	PRJNA1182239	assembly_metadata	current_2406_archive	focal_model_observation	focal_genome_observation	True	archive_analysis_genome	True	False	True				provisional_marker_or_published_annotation							False	1	2026-07-24	Legacy PRN endpoints ignored; record retained only for genome/date/project/marker metadata.
CHN::SAMN44583939	SAMN44583939	SAMN44583939	GCA_050975985		CHN	China	2024-03-18	2024-03-18	2024-03-18	2024	3	1	day	True	PRJNA1182239	assembly_metadata	current_2406_archive	focal_model_observation	focal_genome_observation	True	archive_analysis_genome	True	False	True				provisional_marker_or_published_annotation							False	1	2026-07-24	Legacy PRN endpoints ignored; record retained only for genome/date/project/marker metadata.
CHN::SAMN44583940	SAMN44583940	SAMN44583940	GCA_050975925		CHN	China	2024-03-18	2024-03-18	2024-03-18	2024	3	1	day	True	PRJNA1182239	assembly_metadata	current_2406_archive	focal_model_observation	focal_genome_observation	True	archive_analysis_genome	True	False	True				provisional_marker_or_published_annotation							False	1	2026-07-24	Legacy PRN endpoints ignored; record retained only for genome/date/project/marker metadata.
CHN::SAMN44583941	SAMN44583941	SAMN44583941	GCA_050975905		CHN	China	2024-03-18	2024-03-18	2024-03-18	2024	3	1	day	True	PRJNA1182239	assembly_metadata	current_2406_archive	focal_model_observation	focal_genome_observation	True	archive_analysis_genome	True	False	True				provisional_marker_or_published_annotation							False	1	2026-07-24	Legacy PRN endpoints ignored; record retained only for genome/date/project/marker metadata.
CHN::SAMN44583942	SAMN44583942	SAMN44583942	GCA_050975885		CHN	China	2024-03-18	2024-03-18	2024-03-18	2024	3	1	day	True	PRJNA1182239	assembly_metadata	current_2406_archive	focal_model_observation	focal_genome_observation	True	archive_analysis_genome	True	False	True				provisional_marker_or_published_annotation							False	1	2026-07-24	Legacy PRN endpoints ignored; record retained only for genome/date/project/marker metadata.
CHN::SAMN44583943	SAMN44583943	SAMN44583943	GCA_050975865		CHN	China	2024-03-19	2024-03-19	2024-03-19	2024	3	1	day	True	PRJNA1182239	assembly_metadata	current_2406_archive	focal_model_observation	focal_genome_observation	True	archive_analysis_genome	True	False	True				provisional_marker_or_published_annotation							False	1	2026-07-24	Legacy PRN endpoints ignored; record retained only for genome/date/project/marker metadata.
CHN::SAMN44583944	SAMN44583944	SAMN44583944	GCA_050975845		CHN	China	2024-03-19	2024-03-19	2024-03-19	2024	3	1	day	True	PRJNA1182239	assembly_metadata	current_2406_archive	focal_model_observation	focal_genome_observation	True	archive_analysis_genome	True	False	True				provisional_marker_or_published_annotation							False	1	2026-07-24	Legacy PRN endpoints ignored; record retained only for genome/date/project/marker metadata.
CHN::SAMN44583945	SAMN44583945	SAMN44583945	GCA_050975825		CHN	China	2024-03-20	2024-03-20	2024-03-20	2024	3	1	day	True	PRJNA1182239	assembly_metadata	current_2406_archive	focal_model_observation	focal_genome_observation	True	archive_analysis_genome	True	False	True				provisional_marker_or_published_annotation							False	1	2026-07-24	Legacy PRN endpoints ignored; record retained only for genome/date/project/marker metadata.
CHN::SAMN44583946	SAMN44583946	SAMN44583946	GCA_050975785		CHN	China	2024-03-20	2024-03-20	2024-03-20	2024	3	1	day	True	PRJNA1182239	assembly_metadata	current_2406_archive	focal_model_observation	focal_genome_observation	True	archive_analysis_genome	True	False	True				provisional_marker_or_published_annotation							False	1	2026-07-24	Legacy PRN endpoints ignored; record retained only for genome/date/project/marker metadata.
CHN::SAMN44583947	SAMN44583947	SAMN44583947	GCA_050975805		CHN	China	2024-03-20	2024-03-20	2024-03-20	2024	3	1	day	True	PRJNA1182239	assembly_metadata	current_2406_archive	focal_model_observation	focal_genome_observation	True	archive_analysis_genome	True	False	True				provisional_marker_or_published_annotation							False	1	2026-07-24	Legacy PRN endpoints ignored; record retained only for genome/date/project/marker metadata.
CHN::SAMN44583948	SAMN44583948	SAMN44583948	GCA_050975765		CHN	China	2024-03-20	2024-03-20	2024-03-20	2024	3	1	day	True	PRJNA1182239	assembly_metadata	current_2406_archive	focal_model_observation	focal_genome_observation	True	archive_analysis_genome	True	False	True				provisional_marker_or_published_annotation							False	1	2026-07-24	Legacy PRN endpoints ignored; record retained only for genome/date/project/marker metadata.
CHN::SAMN44583949	SAMN44583949	SAMN44583949	GCA_050975745		CHN	China	2024-03-20	2024-03-20	2024-03-20	2024	3	1	day	True	PRJNA1182239	assembly_metadata	current_2406_archive	focal_model_observation	focal_genome_observation	True	archive_analysis_genome	True	False	True				provisional_marker_or_published_annotation							False	1	2026-07-24	Legacy PRN endpoints ignored; record retained only for genome/date/project/marker metadata.
CHN::SAMN44583950	SAMN44583950	SAMN44583950	GCA_050975725		CHN	China	2024-03-22	2024-03-22	2024-03-22	2024	3	1	day	True	PRJNA1182239	assembly_metadata	current_2406_archive	focal_model_observation	focal_genome_observation	True	archive_analysis_genome	True	False	True				provisional_marker_or_published_annotation							False	1	2026-07-24	Legacy PRN endpoints ignored; record retained only for genome/date/project/marker metadata.
CHN::SAMN44583951	SAMN44583951	SAMN44583951	GCA_050975695		CHN	China	2024-03-22	2024-03-22	2024-03-22	2024	3	1	day	True	PRJNA1182239	assembly_metadata	current_2406_archive	focal_model_observation	focal_genome_observation	True	archive_analysis_genome	True	False	True				provisional_marker_or_published_annotation							False	1	2026-07-24	Legacy PRN endpoints ignored; record retained only for genome/date/project/marker metadata.
CHN::SAMN44583952	SAMN44583952	SAMN44583952	GCA_050975675		CHN	China	2024-03-18	2024-03-18	2024-03-18	2024	3	1	day	True	PRJNA1182239	assembly_metadata	current_2406_archive	focal_model_observation	focal_genome_observation	True	archive_analysis_genome	True	False	True				provisional_marker_or_published_annotation							False	1	2026-07-24	Legacy PRN endpoints ignored; record retained only for genome/date/project/marker metadata.
CHN::SAMN44583953	SAMN44583953	SAMN44583953	GCA_050975645		CHN	China	2024-03-18	2024-03-18	2024-03-18	2024	3	1	day	True	PRJNA1182239	assembly_metadata	current_2406_archive	focal_model_observation	focal_genome_observation	True	archive_analysis_genome	True	False	True				provisional_marker_or_published_annotation							False	1	2026-07-24	Legacy PRN endpoints ignored; record retained only for genome/date/project/marker metadata.
CHN::SAMN44583954	SAMN44583954	SAMN44583954	GCA_050975625		CHN	China	2024-03-22	2024-03-22	2024-03-22	2024	3	1	day	True	PRJNA1182239	assembly_metadata	current_2406_archive	focal_model_observation	focal_genome_observation	True	archive_analysis_genome	True	False	True				provisional_marker_or_published_annotation							False	1	2026-07-24	Legacy PRN endpoints ignored; record retained only for genome/date/project/marker metadata.
CHN::SAMN44583955	SAMN44583955	SAMN44583955	GCA_050975605		CHN	China	2024-03-22	2024-03-22	2024-03-22	2024	3	1	day	True	PRJNA1182239	assembly_metadata	current_2406_archive	focal_model_observation	focal_genome_observation	True	archive_analysis_genome	True	False	True				provisional_marker_or_published_annotation							False	1	2026-07-24	Legacy PRN endpoints ignored; record retained only for genome/date/project/marker metadata.
CHN::SAMN44583956	SAMN44583956	SAMN44583956	GCA_050975585		CHN	China	2024-03-22	2024-03-22	2024-03-22	2024	3	1	day	True	PRJNA1182239	assembly_metadata	current_2406_archive	focal_model_observation	focal_genome_observation	True	archive_analysis_genome	True	False	True				provisional_marker_or_published_annotation							False	1	2026-07-24	Legacy PRN endpoints ignored; record retained only for genome/date/project/marker metadata.
CHN::SAMN44583957	SAMN44583957	SAMN44583957	GCA_050975565		CHN	China	2024-03-22	2024-03-22	2024-03-22	2024	3	1	day	True	PRJNA1182239	assembly_metadata	current_2406_archive	focal_model_observation	focal_genome_observation	True	archive_analysis_genome	True	False	True				provisional_marker_or_published_annotation							False	1	2026-07-24	Legacy PRN endpoints ignored; record retained only for genome/date/project/marker metadata.
CHN::SAMN44583958	SAMN44583958	SAMN44583958	GCA_050975525		CHN	China	2024-03-22	2024-03-22	2024-03-22	2024	3	1	day	True	PRJNA1182239	assembly_metadata	current_2406_archive	focal_model_observation	focal_genome_observation	True	archive_analysis_genome	True	False	True				provisional_marker_or_published_annotation							False	1	2026-07-24	Legacy PRN endpoints ignored; record retained only for genome/date/project/marker metadata.
CHN::SAMN44583959	SAMN44583959	SAMN44583959	GCA_050975545		CHN	China	2024-03-22	2024-03-22	2024-03-22	2024	3	1	day	True	PRJNA1182239	assembly_metadata	current_2406_archive	focal_model_observation	focal_genome_observation	True	archive_analysis_genome	True	False	True				provisional_marker_or_published_annotation							False	1	2026-07-24	Legacy PRN endpoints ignored; record retained only for genome/date/project/marker metadata.
CHN::SAMN44583960	SAMN44583960	SAMN44583960	GCA_050975505		CHN	China	2024-03-22	2024-03-22	2024-03-22	2024	3	1	day	True	PRJNA1182239	assembly_metadata	current_2406_archive	focal_model_observation	focal_genome_observation	True	archive_analysis_genome	True	False	True				provisional_marker_or_published_annotation							False	1	2026-07-24	Legacy PRN endpoints ignored; record retained only for genome/date/project/marker metadata.
CHN::SAMN44583961	SAMN44583961	SAMN44583961	GCA_050975485		CHN	China	2024-03-18	2024-03-18	2024-03-18	2024	3	1	day	True	PRJNA1182239	assembly_metadata	current_2406_archive	focal_model_observation	focal_genome_observation	True	archive_analysis_genome	True	False	True				provisional_marker_or_published_annotation							False	1	2026-07-24	Legacy PRN endpoints ignored; record retained only for genome/date/project/marker metadata.
CHN::SAMN44583962	SAMN44583962	SAMN44583962	GCA_050975465		CHN	China	2024-03-22	2024-03-22	2024-03-22	2024	3	1	day	True	PRJNA1182239	assembly_metadata	current_2406_archive	focal_model_observation	focal_genome_observation	True	archive_analysis_genome	True	False	True				provisional_marker_or_published_annotation							False	1	2026-07-24	Legacy PRN endpoints ignored; record retained only for genome/date/project/marker metadata.
CHN::SAMN44583963	SAMN44583963	SAMN44583963	GCA_050975445		CHN	China	2024-03-22	2024-03-22	2024-03-22	2024	3	1	day	True	PRJNA1182239	assembly_metadata	current_2406_archive	focal_model_observation	focal_genome_observation	True	archive_analysis_genome	True	False	True				provisional_marker_or_published_annotation							False	1	2026-07-24	Legacy PRN endpoints ignored; record retained only for genome/date/project/marker metadata.
CHN::SAMN44583964	SAMN44583964	SAMN44583964	GCA_050975425		CHN	China	2024-03-22	2024-03-22	2024-03-22	2024	3	1	day	True	PRJNA1182239	assembly_metadata	current_2406_archive	focal_model_observation	focal_genome_observation	True	archive_analysis_genome	True	False	True				provisional_marker_or_published_annotation							False	1	2026-07-24	Legacy PRN endpoints ignored; record retained only for genome/date/project/marker metadata.
CHN::SAMN44583965	SAMN44583965	SAMN44583965	GCA_050975405		CHN	China	2024-03-22	2024-03-22	2024-03-22	2024	3	1	day	True	PRJNA1182239	assembly_metadata	current_2406_archive	focal_model_observation	focal_genome_observation	True	archive_analysis_genome	True	False	True				provisional_marker_or_published_annotation							False	1	2026-07-24	Legacy PRN endpoints ignored; record retained only for genome/date/project/marker metadata.
CHN::SAMN44583966	SAMN44583966	SAMN44583966	GCA_050975385		CHN	China	2024-03-22	2024-03-22	2024-03-22	2024	3	1	day	True	PRJNA1182239	assembly_metadata	current_2406_archive	focal_model_observation	focal_genome_observation	True	archive_analysis_genome	True	False	True				provisional_marker_or_published_annotation							False	1	2026-07-24	Legacy PRN endpoints ignored; record retained only for genome/date/project/marker metadata.
CHN::SAMN44583967	SAMN44583967	SAMN44583967	GCA_050975365		CHN	China	2024-03-22	2024-03-22	2024-03-22	2024	3	1	day	True	PRJNA1182239	assembly_metadata	current_2406_archive	focal_model_observation	focal_genome_observation	True	archive_analysis_genome	True	False	True				provisional_marker_or_published_annotation							False	1	2026-07-24	Legacy PRN endpoints ignored; record retained only for genome/date/project/marker metadata.
CHN::SAMN44583968	SAMN44583968	SAMN44583968	GCA_050975345		CHN	China	2024-03-22	2024-03-22	2024-03-22	2024	3	1	day	True	PRJNA1182239	assembly_metadata	current_2406_archive	focal_model_observation	focal_genome_observation	True	archive_analysis_genome	True	False	True				provisional_marker_or_published_annotation							False	1	2026-07-24	Legacy PRN endpoints ignored; record retained only for genome/date/project/marker metadata.
CHN::SAMN44583969	SAMN44583969	SAMN44583969	GCA_050975325		CHN	China	2024-03-22	2024-03-22	2024-03-22	2024	3	1	day	True	PRJNA1182239	assembly_metadata	current_2406_archive	focal_model_observation	focal_genome_observation	True	archive_analysis_genome	True	False	True				provisional_marker_or_published_annotation							False	1	2026-07-24	Legacy PRN endpoints ignored; record retained only for genome/date/project/marker metadata.
CHN::SAMN44583970	SAMN44583970	SAMN44583970	GCA_050975305		CHN	China	2024-03-22	2024-03-22	2024-03-22	2024	3	1	day	True	PRJNA1182239	assembly_metadata	current_2406_archive	focal_model_observation	focal_genome_observation	True	archive_analysis_genome	True	False	True				provisional_marker_or_published_annotation							False	1	2026-07-24	Legacy PRN endpoints ignored; record retained only for genome/date/project/marker metadata.
CHN::SAMN44583971	SAMN44583971	SAMN44583971	GCA_050975285		CHN	China	2024-03-25	2024-03-25	2024-03-25	2024	3	1	day	True	PRJNA1182239	assembly_metadata	current_2406_archive	focal_model_observation	focal_genome_observation	True	archive_analysis_genome	True	False	True				provisional_marker_or_published_annotation							False	1	2026-07-24	Legacy PRN endpoints ignored; record retained only for genome/date/project/marker metadata.
CHN::SAMN44583972	SAMN44583972	SAMN44583972	GCA_050975265		CHN	China	2024-03-25	2024-03-25	2024-03-25	2024	3	1	day	True	PRJNA1182239	assembly_metadata	current_2406_archive	focal_model_observation	focal_genome_observation	True	archive_analysis_genome	True	False	True				provisional_marker_or_published_annotation							False	1	2026-07-24	Legacy PRN endpoints ignored; record retained only for genome/date/project/marker metadata.
CHN::SAMN44583973	SAMN44583973	SAMN44583973	GCA_050975245		CHN	China	2024-03-25	2024-03-25	2024-03-25	2024	3	1	day	True	PRJNA1182239	assembly_metadata	current_2406_archive	focal_model_observation	focal_genome_observation	True	archive_analysis_genome	True	False	True				provisional_marker_or_published_annotation							False	1	2026-07-24	Legacy PRN endpoints ignored; record retained only for genome/date/project/marker metadata.
CHN::SAMN44583974	SAMN44583974	SAMN44583974	GCA_050975225		CHN	China	2024-03-25	2024-03-25	2024-03-25	2024	3	1	day	True	PRJNA1182239	assembly_metadata	current_2406_archive	focal_model_observation	focal_genome_observation	True	archive_analysis_genome	True	False	True				provisional_marker_or_published_annotation							False	1	2026-07-24	Legacy PRN endpoints ignored; record retained only for genome/date/project/marker metadata.
CHN::SAMN44583975	SAMN44583975	SAMN44583975	GCA_050975205		CHN	China	2024-03-25	2024-03-25	2024-03-25	2024	3	1	day	True	PRJNA1182239	assembly_metadata	current_2406_archive	focal_model_observation	focal_genome_observation	True	archive_analysis_genome	True	False	True				provisional_marker_or_published_annotation							False	1	2026-07-24	Legacy PRN endpoints ignored; record retained only for genome/date/project/marker metadata.
CHN::SAMN44583976	SAMN44583976	SAMN44583976	GCA_050975185		CHN	China	2024-03-25	2024-03-25	2024-03-25	2024	3	1	day	True	PRJNA1182239	assembly_metadata	current_2406_archive	focal_model_observation	focal_genome_observation	True	archive_analysis_genome	True	False	True				provisional_marker_or_published_annotation							False	1	2026-07-24	Legacy PRN endpoints ignored; record retained only for genome/date/project/marker metadata.
CHN::SAMN44583977	SAMN44583977	SAMN44583977	GCA_050975165		CHN	China	2024-03-29	2024-03-29	2024-03-29	2024	3	1	day	True	PRJNA1182239	assembly_metadata	current_2406_archive	focal_model_observation	focal_genome_observation	True	archive_analysis_genome	True	False	True				provisional_marker_or_published_annotation							False	1	2026-07-24	Legacy PRN endpoints ignored; record retained only for genome/date/project/marker metadata.
CHN::SAMN44583978	SAMN44583978	SAMN44583978	GCA_050975145		CHN	China	2024-03-29	2024-03-29	2024-03-29	2024	3	1	day	True	PRJNA1182239	assembly_metadata	current_2406_archive	focal_model_observation	focal_genome_observation	True	archive_analysis_genome	True	False	True				provisional_marker_or_published_annotation							False	1	2026-07-24	Legacy PRN endpoints ignored; record retained only for genome/date/project/marker metadata.
CHN::SAMN44583979	SAMN44583979	SAMN44583979	GCA_050975105		CHN	China	2024-03-29	2024-03-29	2024-03-29	2024	3	1	day	True	PRJNA1182239	assembly_metadata	current_2406_archive	focal_model_observation	focal_genome_observation	True	archive_analysis_genome	True	False	True				provisional_marker_or_published_annotation							False	1	2026-07-24	Legacy PRN endpoints ignored; record retained only for genome/date/project/marker metadata.
CHN::SAMN44583980	SAMN44583980	SAMN44583980	GCA_050975125		CHN	China	2024-03-29	2024-03-29	2024-03-29	2024	3	1	day	True	PRJNA1182239	assembly_metadata	current_2406_archive	focal_model_observation	focal_genome_observation	True	archive_analysis_genome	True	False	True				provisional_marker_or_published_annotation							False	1	2026-07-24	Legacy PRN endpoints ignored; record retained only for genome/date/project/marker metadata.
CHN::SAMN44583981	SAMN44583981	SAMN44583981	GCA_050975085		CHN	China	2024-03-29	2024-03-29	2024-03-29	2024	3	1	day	True	PRJNA1182239	assembly_metadata	current_2406_archive	focal_model_observation	focal_genome_observation	True	archive_analysis_genome	True	False	True				provisional_marker_or_published_annotation							False	1	2026-07-24	Legacy PRN endpoints ignored; record retained only for genome/date/project/marker metadata.
CHN::SAMN44583982	SAMN44583982	SAMN44583982	GCA_050975065		CHN	China	2024-03-29	2024-03-29	2024-03-29	2024	3	1	day	True	PRJNA1182239	assembly_metadata	current_2406_archive	focal_model_observation	focal_genome_observation	True	archive_analysis_genome	True	False	True				provisional_marker_or_published_annotation							False	1	2026-07-24	Legacy PRN endpoints ignored; record retained only for genome/date/project/marker metadata.
CHN::SAMN44583983	SAMN44583983	SAMN44583983	GCA_050975045		CHN	China	2024-03-29	2024-03-29	2024-03-29	2024	3	1	day	True	PRJNA1182239	assembly_metadata	current_2406_archive	focal_model_observation	focal_genome_observation	True	archive_analysis_genome	True	False	True				provisional_marker_or_published_annotation							False	1	2026-07-24	Legacy PRN endpoints ignored; record retained only for genome/date/project/marker metadata.
CHN::SAMN44583984	SAMN44583984	SAMN44583984	GCA_050975025		CHN	China	2024-03-22	2024-03-22	2024-03-22	2024	3	1	day	True	PRJNA1182239	assembly_metadata	current_2406_archive	focal_model_observation	focal_genome_observation	True	archive_analysis_genome	True	False	True				provisional_marker_or_published_annotation							False	1	2026-07-24	Legacy PRN endpoints ignored; record retained only for genome/date/project/marker metadata.
CHN::SAMN44583985	SAMN44583985	SAMN44583985	GCA_050975005		CHN	China	2024-03-25	2024-03-25	2024-03-25	2024	3	1	day	True	PRJNA1182239	assembly_metadata	current_2406_archive	focal_model_observation	focal_genome_observation	True	archive_analysis_genome	True	False	True				provisional_marker_or_published_annotation							False	1	2026-07-24	Legacy PRN endpoints ignored; record retained only for genome/date/project/marker metadata.
CHN::SAMN44583986	SAMN44583986	SAMN44583986	GCA_050974985		CHN	China	2024-03-25	2024-03-25	2024-03-25	2024	3	1	day	True	PRJNA1182239	assembly_metadata	current_2406_archive	focal_model_observation	focal_genome_observation	True	archive_analysis_genome	True	False	True				provisional_marker_or_published_annotation							False	1	2026-07-24	Legacy PRN endpoints ignored; record retained only for genome/date/project/marker metadata.
CHN::SAMN44583987	SAMN44583987	SAMN44583987	GCA_050974965		CHN	China	2024-04-01	2024-04-01	2024-04-01	2024	4	2	day	True	PRJNA1182239	assembly_metadata	current_2406_archive	focal_model_observation	focal_genome_observation	True	archive_analysis_genome	True	False	True				provisional_marker_or_published_annotation							False	1	2026-07-24	Legacy PRN endpoints ignored; record retained only for genome/date/project/marker metadata.
CHN::SAMN44583988	SAMN44583988	SAMN44583988	GCA_050974945		CHN	China	2024-04-01	2024-04-01	2024-04-01	2024	4	2	day	True	PRJNA1182239	assembly_metadata	current_2406_archive	focal_model_observation	focal_genome_observation	True	archive_analysis_genome	True	False	True				provisional_marker_or_published_annotation							False	1	2026-07-24	Legacy PRN endpoints ignored; record retained only for genome/date/project/marker metadata.
CHN::SAMN44583989	SAMN44583989	SAMN44583989	GCA_050974925		CHN	China	2024-04-01	2024-04-01	2024-04-01	2024	4	2	day	True	PRJNA1182239	assembly_metadata	current_2406_archive	focal_model_observation	focal_genome_observation	True	archive_analysis_genome	True	False	True				provisional_marker_or_published_annotation							False	1	2026-07-24	Legacy PRN endpoints ignored; record retained only for genome/date/project/marker metadata.
CHN::SAMN44583990	SAMN44583990	SAMN44583990	GCA_050974905		CHN	China	2024-04-01	2024-04-01	2024-04-01	2024	4	2	day	True	PRJNA1182239	assembly_metadata	current_2406_archive	focal_model_observation	focal_genome_observation	True	archive_analysis_genome	True	False	True				provisional_marker_or_published_annotation							False	1	2026-07-24	Legacy PRN endpoints ignored; record retained only for genome/date/project/marker metadata.
CHN::SAMN44583991	SAMN44583991	SAMN44583991	GCA_050974845		CHN	China	2024-04-01	2024-04-01	2024-04-01	2024	4	2	day	True	PRJNA1182239	assembly_metadata	current_2406_archive	focal_model_observation	focal_genome_observation	True	archive_analysis_genome	True	False	True				provisional_marker_or_published_annotation							False	1	2026-07-24	Legacy PRN endpoints ignored; record retained only for genome/date/project/marker metadata.
CHN::SAMN44583992	SAMN44583992	SAMN44583992	GCA_050974865		CHN	China	2024-04-01	2024-04-01	2024-04-01	2024	4	2	day	True	PRJNA1182239	assembly_metadata	current_2406_archive	focal_model_observation	focal_genome_observation	True	archive_analysis_genome	True	False	True				provisional_marker_or_published_annotation							False	1	2026-07-24	Legacy PRN endpoints ignored; record retained only for genome/date/project/marker metadata.
CHN::SAMN44583993	SAMN44583993	SAMN44583993	GCA_050974885		CHN	China	2024-04-01	2024-04-01	2024-04-01	2024	4	2	day	True	PRJNA1182239	assembly_metadata	current_2406_archive	focal_model_observation	focal_genome_observation	True	archive_analysis_genome	True	False	True				provisional_marker_or_published_annotation							False	1	2026-07-24	Legacy PRN endpoints ignored; record retained only for genome/date/project/marker metadata.
CHN::SAMN44583994	SAMN44583994	SAMN44583994	GCA_050974825		CHN	China	2024-03-29	2024-03-29	2024-03-29	2024	3	1	day	True	PRJNA1182239	assembly_metadata	current_2406_archive	focal_model_observation	focal_genome_observation	True	archive_analysis_genome	True	False	True				provisional_marker_or_published_annotation							False	1	2026-07-24	Legacy PRN endpoints ignored; record retained only for genome/date/project/marker metadata.
CHN::SAMN44583995	SAMN44583995	SAMN44583995	GCA_050974805		CHN	China	2024-04-03	2024-04-03	2024-04-03	2024	4	2	day	True	PRJNA1182239	assembly_metadata	current_2406_archive	focal_model_observation	focal_genome_observation	True	archive_analysis_genome	True	False	True				provisional_marker_or_published_annotation							False	1	2026-07-24	Legacy PRN endpoints ignored; record retained only for genome/date/project/marker metadata.
CHN::SAMN44583996	SAMN44583996	SAMN44583996	GCA_050974785		CHN	China	2024-04-03	2024-04-03	2024-04-03	2024	4	2	day	True	PRJNA1182239	assembly_metadata	current_2406_archive	focal_model_observation	focal_genome_observation	True	archive_analysis_genome	True	False	True				provisional_marker_or_published_annotation							False	1	2026-07-24	Legacy PRN endpoints ignored; record retained only for genome/date/project/marker metadata.
CHN::SAMN44583997	SAMN44583997	SAMN44583997	GCA_050974755		CHN	China	2024-04-03	2024-04-03	2024-04-03	2024	4	2	day	True	PRJNA1182239	assembly_metadata	current_2406_archive	focal_model_observation	focal_genome_observation	True	archive_analysis_genome	True	False	True				provisional_marker_or_published_annotation							False	1	2026-07-24	Legacy PRN endpoints ignored; record retained only for genome/date/project/marker metadata.
CHN::SAMN44583998	SAMN44583998	SAMN44583998	GCA_050974735		CHN	China	2024-03-29	2024-03-29	2024-03-29	2024	3	1	day	True	PRJNA1182239	assembly_metadata	current_2406_archive	focal_model_observation	focal_genome_observation	True	archive_analysis_genome	True	False	True				provisional_marker_or_published_annotation							False	1	2026-07-24	Legacy PRN endpoints ignored; record retained only for genome/date/project/marker metadata.
CHN::SAMN44583999	SAMN44583999	SAMN44583999	GCA_050974705		CHN	China	2024-03-29	2024-03-29	2024-03-29	2024	3	1	day	True	PRJNA1182239	assembly_metadata	current_2406_archive	focal_model_observation	focal_genome_observation	True	archive_analysis_genome	True	False	True				provisional_marker_or_published_annotation							False	1	2026-07-24	Legacy PRN endpoints ignored; record retained only for genome/date/project/marker metadata.
CHN::SAMN44584000	SAMN44584000	SAMN44584000	GCA_050974685		CHN	China	2024-04-01	2024-04-01	2024-04-01	2024	4	2	day	True	PRJNA1182239	assembly_metadata	current_2406_archive	focal_model_observation	focal_genome_observation	True	archive_analysis_genome	True	False	True				provisional_marker_or_published_annotation							False	1	2026-07-24	Legacy PRN endpoints ignored; record retained only for genome/date/project/marker metadata.
CHN::SAMN44584001	SAMN44584001	SAMN44584001	GCA_050974665		CHN	China	2024-04-03	2024-04-03	2024-04-03	2024	4	2	day	True	PRJNA1182239	assembly_metadata	current_2406_archive	focal_model_observation	focal_genome_observation	True	archive_analysis_genome	True	False	True				provisional_marker_or_published_annotation							False	1	2026-07-24	Legacy PRN endpoints ignored; record retained only for genome/date/project/marker metadata.
CHN::SAMN44584002	SAMN44584002	SAMN44584002	GCA_050974645		CHN	China	2024-04-03	2024-04-03	2024-04-03	2024	4	2	day	True	PRJNA1182239	assembly_metadata	current_2406_archive	focal_model_observation	focal_genome_observation	True	archive_analysis_genome	True	False	True				provisional_marker_or_published_annotation							False	1	2026-07-24	Legacy PRN endpoints ignored; record retained only for genome/date/project/marker metadata.
CHN::SAMN44584003	SAMN44584003	SAMN44584003	GCA_050974605		CHN	China	2024-04-03	2024-04-03	2024-04-03	2024	4	2	day	True	PRJNA1182239	assembly_metadata	current_2406_archive	focal_model_observation	focal_genome_observation	True	archive_analysis_genome	True	False	True				provisional_marker_or_published_annotation							False	1	2026-07-24	Legacy PRN endpoints ignored; record retained only for genome/date/project/marker metadata.
CHN::SAMN44584004	SAMN44584004	SAMN44584004	GCA_050974625		CHN	China	2024-04-03	2024-04-03	2024-04-03	2024	4	2	day	True	PRJNA1182239	assembly_metadata	current_2406_archive	focal_model_observation	focal_genome_observation	True	archive_analysis_genome	True	False	True				provisional_marker_or_published_annotation							False	1	2026-07-24	Legacy PRN endpoints ignored; record retained only for genome/date/project/marker metadata.
CHN::SAMN44584005	SAMN44584005	SAMN44584005	GCA_050974585		CHN	China	2024-04-03	2024-04-03	2024-04-03	2024	4	2	day	True	PRJNA1182239	assembly_metadata	current_2406_archive	focal_model_observation	focal_genome_observation	True	archive_analysis_genome	True	False	True				provisional_marker_or_published_annotation							False	1	2026-07-24	Legacy PRN endpoints ignored; record retained only for genome/date/project/marker metadata.
CHN::SAMN44584006	SAMN44584006	SAMN44584006	GCA_050974525		CHN	China	2024-04-08	2024-04-08	2024-04-08	2024	4	2	day	True	PRJNA1182239	assembly_metadata	current_2406_archive	focal_model_observation	focal_genome_observation	True	archive_analysis_genome	True	False	True				provisional_marker_or_published_annotation							False	1	2026-07-24	Legacy PRN endpoints ignored; record retained only for genome/date/project/marker metadata.
CHN::SAMN44584007	SAMN44584007	SAMN44584007	GCA_050974565		CHN	China	2024-04-08	2024-04-08	2024-04-08	2024	4	2	day	True	PRJNA1182239	assembly_metadata	current_2406_archive	focal_model_observation	focal_genome_observation	True	archive_analysis_genome	True	False	True				provisional_marker_or_published_annotation							False	1	2026-07-24	Legacy PRN endpoints ignored; record retained only for genome/date/project/marker metadata.
CHN::SAMN44584008	SAMN44584008	SAMN44584008	GCA_050974545		CHN	China	2024-04-08	2024-04-08	2024-04-08	2024	4	2	day	True	PRJNA1182239	assembly_metadata	current_2406_archive	focal_model_observation	focal_genome_observation	True	archive_analysis_genome	True	False	True				provisional_marker_or_published_annotation							False	1	2026-07-24	Legacy PRN endpoints ignored; record retained only for genome/date/project/marker metadata.
CHN::SAMN44584009	SAMN44584009	SAMN44584009	GCA_050974505		CHN	China	2024-04-08	2024-04-08	2024-04-08	2024	4	2	day	True	PRJNA1182239	assembly_metadata	current_2406_archive	focal_model_observation	focal_genome_observation	True	archive_analysis_genome	True	False	True				provisional_marker_or_published_annotation							False	1	2026-07-24	Legacy PRN endpoints ignored; record retained only for genome/date/project/marker metadata.
CHN::SAMN44584010	SAMN44584010	SAMN44584010	GCA_050974485		CHN	China	2024-04-10	2024-04-10	2024-04-10	2024	4	2	day	True	PRJNA1182239	assembly_metadata	current_2406_archive	focal_model_observation	focal_genome_observation	True	archive_analysis_genome	True	False	True				provisional_marker_or_published_annotation							False	1	2026-07-24	Legacy PRN endpoints ignored; record retained only for genome/date/project/marker metadata.
CHN::SAMN44584011	SAMN44584011	SAMN44584011	GCA_050974465		CHN	China	2024-04-10	2024-04-10	2024-04-10	2024	4	2	day	True	PRJNA1182239	assembly_metadata	current_2406_archive	focal_model_observation	focal_genome_observation	True	archive_analysis_genome	True	False	True				provisional_marker_or_published_annotation							False	1	2026-07-24	Legacy PRN endpoints ignored; record retained only for genome/date/project/marker metadata.
CHN::SAMN44584012	SAMN44584012	SAMN44584012	GCA_050974445		CHN	China	2024-04-10	2024-04-10	2024-04-10	2024	4	2	day	True	PRJNA1182239	assembly_metadata	current_2406_archive	focal_model_observation	focal_genome_observation	True	archive_analysis_genome	True	False	True				provisional_marker_or_published_annotation							False	1	2026-07-24	Legacy PRN endpoints ignored; record retained only for genome/date/project/marker metadata.
CHN::SAMN44584013	SAMN44584013	SAMN44584013	GCA_050974425		CHN	China	2024-04-08	2024-04-08	2024-04-08	2024	4	2	day	True	PRJNA1182239	assembly_metadata	current_2406_archive	focal_model_observation	focal_genome_observation	True	archive_analysis_genome	True	False	True				provisional_marker_or_published_annotation							False	1	2026-07-24	Legacy PRN endpoints ignored; record retained only for genome/date/project/marker metadata.
CHN::SAMN44584014	SAMN44584014	SAMN44584014	GCA_050974405		CHN	China	2024-04-09	2024-04-09	2024-04-09	2024	4	2	day	True	PRJNA1182239	assembly_metadata	current_2406_archive	focal_model_observation	focal_genome_observation	True	archive_analysis_genome	True	False	True				provisional_marker_or_published_annotation							False	1	2026-07-24	Legacy PRN endpoints ignored; record retained only for genome/date/project/marker metadata.
CHN::SAMN44584015	SAMN44584015	SAMN44584015	GCA_050974385		CHN	China	2024-04-09	2024-04-09	2024-04-09	2024	4	2	day	True	PRJNA1182239	assembly_metadata	current_2406_archive	focal_model_observation	focal_genome_observation	True	archive_analysis_genome	True	False	True				provisional_marker_or_published_annotation							False	1	2026-07-24	Legacy PRN endpoints ignored; record retained only for genome/date/project/marker metadata.
CHN::SAMN44584016	SAMN44584016	SAMN44584016	GCA_050974365		CHN	China	2024-04-10	2024-04-10	2024-04-10	2024	4	2	day	True	PRJNA1182239	assembly_metadata	current_2406_archive	focal_model_observation	focal_genome_observation	True	archive_analysis_genome	True	False	True				provisional_marker_or_published_annotation							False	1	2026-07-24	Legacy PRN endpoints ignored; record retained only for genome/date/project/marker metadata.
CHN::SAMN44584017	SAMN44584017	SAMN44584017	GCA_050974345		CHN	China	2024-04-10	2024-04-10	2024-04-10	2024	4	2	day	True	PRJNA1182239	assembly_metadata	current_2406_archive	focal_model_observation	focal_genome_observation	True	archive_analysis_genome	True	False	True				provisional_marker_or_published_annotation							False	1	2026-07-24	Legacy PRN endpoints ignored; record retained only for genome/date/project/marker metadata.
CHN::SAMN44584018	SAMN44584018	SAMN44584018	GCA_050974325		CHN	China	2024-04-12	2024-04-12	2024-04-12	2024	4	2	day	True	PRJNA1182239	assembly_metadata	current_2406_archive	focal_model_observation	focal_genome_observation	True	archive_analysis_genome	True	False	True				provisional_marker_or_published_annotation							False	1	2026-07-24	Legacy PRN endpoints ignored; record retained only for genome/date/project/marker metadata.
CHN::SAMN44584019	SAMN44584019	SAMN44584019	GCA_050974305		CHN	China	2024-04-08	2024-04-08	2024-04-08	2024	4	2	day	True	PRJNA1182239	assembly_metadata	current_2406_archive	focal_model_observation	focal_genome_observation	True	archive_analysis_genome	True	False	True				provisional_marker_or_published_annotation							False	1	2026-07-24	Legacy PRN endpoints ignored; record retained only for genome/date/project/marker metadata.
CHN::SAMN44584020	SAMN44584020	SAMN44584020	GCA_050974285		CHN	China	2024-03-29	2024-03-29	2024-03-29	2024	3	1	day	True	PRJNA1182239	assembly_metadata	current_2406_archive	focal_model_observation	focal_genome_observation	True	archive_analysis_genome	True	False	True				provisional_marker_or_published_annotation							False	1	2026-07-24	Legacy PRN endpoints ignored; record retained only for genome/date/project/marker metadata.
CHN::SAMN44584021	SAMN44584021	SAMN44584021	GCA_050974265		CHN	China	2024-03-29	2024-03-29	2024-03-29	2024	3	1	day	True	PRJNA1182239	assembly_metadata	current_2406_archive	focal_model_observation	focal_genome_observation	True	archive_analysis_genome	True	False	True				provisional_marker_or_published_annotation							False	1	2026-07-24	Legacy PRN endpoints ignored; record retained only for genome/date/project/marker metadata.
CHN::SAMN44584022	SAMN44584022	SAMN44584022	GCA_050974245		CHN	China	2024-04-12	2024-04-12	2024-04-12	2024	4	2	day	True	PRJNA1182239	assembly_metadata	current_2406_archive	focal_model_observation	focal_genome_observation	True	archive_analysis_genome	True	False	True				provisional_marker_or_published_annotation							False	1	2026-07-24	Legacy PRN endpoints ignored; record retained only for genome/date/project/marker metadata.
CHN::SAMN44584023	SAMN44584023	SAMN44584023	GCA_050974225		CHN	China	2024-04-12	2024-04-12	2024-04-12	2024	4	2	day	True	PRJNA1182239	assembly_metadata	current_2406_archive	focal_model_observation	focal_genome_observation	True	archive_analysis_genome	True	False	True				provisional_marker_or_published_annotation							False	1	2026-07-24	Legacy PRN endpoints ignored; record retained only for genome/date/project/marker metadata.
CHN::SAMN44584024	SAMN44584024	SAMN44584024	GCA_050974205		CHN	China	2024-04-15	2024-04-15	2024-04-15	2024	4	2	day	True	PRJNA1182239	assembly_metadata	current_2406_archive	focal_model_observation	focal_genome_observation	True	archive_analysis_genome	True	False	True				provisional_marker_or_published_annotation							False	1	2026-07-24	Legacy PRN endpoints ignored; record retained only for genome/date/project/marker metadata.
CHN::SAMN44584025	SAMN44584025	SAMN44584025	GCA_050974185		CHN	China	2024-04-16	2024-04-16	2024-04-16	2024	4	2	day	True	PRJNA1182239	assembly_metadata	current_2406_archive	focal_model_observation	focal_genome_observation	True	archive_analysis_genome	True	False	True				provisional_marker_or_published_annotation							False	1	2026-07-24	Legacy PRN endpoints ignored; record retained only for genome/date/project/marker metadata.
CHN::SAMN44584026	SAMN44584026	SAMN44584026	GCA_050974165		CHN	China	2024-04-16	2024-04-16	2024-04-16	2024	4	2	day	True	PRJNA1182239	assembly_metadata	current_2406_archive	focal_model_observation	focal_genome_observation	True	archive_analysis_genome	True	False	True				provisional_marker_or_published_annotation							False	1	2026-07-24	Legacy PRN endpoints ignored; record retained only for genome/date/project/marker metadata.
CHN::SAMN44584027	SAMN44584027	SAMN44584027	GCA_050974145		CHN	China	2024-04-16	2024-04-16	2024-04-16	2024	4	2	day	True	PRJNA1182239	assembly_metadata	current_2406_archive	focal_model_observation	focal_genome_observation	True	archive_analysis_genome	True	False	True				provisional_marker_or_published_annotation							False	1	2026-07-24	Legacy PRN endpoints ignored; record retained only for genome/date/project/marker metadata.
CHN::SAMN44584028	SAMN44584028	SAMN44584028	GCA_050974125		CHN	China	2024-04-18	2024-04-18	2024-04-18	2024	4	2	day	True	PRJNA1182239	assembly_metadata	current_2406_archive	focal_model_observation	focal_genome_observation	True	archive_analysis_genome	True	False	True				provisional_marker_or_published_annotation							False	1	2026-07-24	Legacy PRN endpoints ignored; record retained only for genome/date/project/marker metadata.
CHN::SAMN44584029	SAMN44584029	SAMN44584029	GCA_050974105		CHN	China	2024-04-18	2024-04-18	2024-04-18	2024	4	2	day	True	PRJNA1182239	assembly_metadata	current_2406_archive	focal_model_observation	focal_genome_observation	True	archive_analysis_genome	True	False	True				provisional_marker_or_published_annotation							False	1	2026-07-24	Legacy PRN endpoints ignored; record retained only for genome/date/project/marker metadata.
CHN::SAMN44584030	SAMN44584030	SAMN44584030	GCA_050974085		CHN	China	2024-04-18	2024-04-18	2024-04-18	2024	4	2	day	True	PRJNA1182239	assembly_metadata	current_2406_archive	focal_model_observation	focal_genome_observation	True	archive_analysis_genome	True	False	True				provisional_marker_or_published_annotation							False	1	2026-07-24	Legacy PRN endpoints ignored; record retained only for genome/date/project/marker metadata.
CHN::SAMN44584031	SAMN44584031	SAMN44584031	GCA_050974065		CHN	China	2024-04-18	2024-04-18	2024-04-18	2024	4	2	day	True	PRJNA1182239	assembly_metadata	current_2406_archive	focal_model_observation	focal_genome_observation	True	archive_analysis_genome	True	False	True				provisional_marker_or_published_annotation							False	1	2026-07-24	Legacy PRN endpoints ignored; record retained only for genome/date/project/marker metadata.
CHN::SAMN44584032	SAMN44584032	SAMN44584032	GCA_050974045		CHN	China	2024-04-18	2024-04-18	2024-04-18	2024	4	2	day	True	PRJNA1182239	assembly_metadata	current_2406_archive	focal_model_observation	focal_genome_observation	True	archive_analysis_genome	True	False	True				provisional_marker_or_published_annotation							False	1	2026-07-24	Legacy PRN endpoints ignored; record retained only for genome/date/project/marker metadata.
CHN::SAMN44584033	SAMN44584033	SAMN44584033	GCA_050974025		CHN	China	2024-04-18	2024-04-18	2024-04-18	2024	4	2	day	True	PRJNA1182239	assembly_metadata	current_2406_archive	focal_model_observation	focal_genome_observation	True	archive_analysis_genome	True	False	True				provisional_marker_or_published_annotation							False	1	2026-07-24	Legacy PRN endpoints ignored; record retained only for genome/date/project/marker metadata.
CHN::SAMN44584034	SAMN44584034	SAMN44584034	GCA_050974005		CHN	China	2024-04-18	2024-04-18	2024-04-18	2024	4	2	day	True	PRJNA1182239	assembly_metadata	current_2406_archive	focal_model_observation	focal_genome_observation	True	archive_analysis_genome	True	False	True				provisional_marker_or_published_annotation							False	1	2026-07-24	Legacy PRN endpoints ignored; record retained only for genome/date/project/marker metadata.
CHN::SAMN44584035	SAMN44584035	SAMN44584035	GCA_050973945		CHN	China	2024-04-18	2024-04-18	2024-04-18	2024	4	2	day	True	PRJNA1182239	assembly_metadata	current_2406_archive	focal_model_observation	focal_genome_observation	True	archive_analysis_genome	True	False	True				provisional_marker_or_published_annotation							False	1	2026-07-24	Legacy PRN endpoints ignored; record retained only for genome/date/project/marker metadata.
CHN::SAMN44584036	SAMN44584036	SAMN44584036	GCA_050973985		CHN	China	2024-04-19	2024-04-19	2024-04-19	2024	4	2	day	True	PRJNA1182239	assembly_metadata	current_2406_archive	focal_model_observation	focal_genome_observation	True	archive_analysis_genome	True	False	True				provisional_marker_or_published_annotation							False	1	2026-07-24	Legacy PRN endpoints ignored; record retained only for genome/date/project/marker metadata.
CHN::SAMN44584037	SAMN44584037	SAMN44584037	GCA_050973965		CHN	China	2024-04-15	2024-04-15	2024-04-15	2024	4	2	day	True	PRJNA1182239	assembly_metadata	current_2406_archive	focal_model_observation	focal_genome_observation	True	archive_analysis_genome	True	False	True				provisional_marker_or_published_annotation							False	1	2026-07-24	Legacy PRN endpoints ignored; record retained only for genome/date/project/marker metadata.
CHN::SAMN44584038	SAMN44584038	SAMN44584038	GCA_050973885		CHN	China	2024-04-18	2024-04-18	2024-04-18	2024	4	2	day	True	PRJNA1182239	assembly_metadata	current_2406_archive	focal_model_observation	focal_genome_observation	True	archive_analysis_genome	True	False	True				provisional_marker_or_published_annotation							False	1	2026-07-24	Legacy PRN endpoints ignored; record retained only for genome/date/project/marker metadata.
CHN::SAMN44584039	SAMN44584039	SAMN44584039	GCA_050973925		CHN	China	2024-04-18	2024-04-18	2024-04-18	2024	4	2	day	True	PRJNA1182239	assembly_metadata	current_2406_archive	focal_model_observation	focal_genome_observation	True	archive_analysis_genome	True	False	True				provisional_marker_or_published_annotation							False	1	2026-07-24	Legacy PRN endpoints ignored; record retained only for genome/date/project/marker metadata.
CHN::SAMN44584040	SAMN44584040	SAMN44584040	GCA_050973905		CHN	China	2024-04-18	2024-04-18	2024-04-18	2024	4	2	day	True	PRJNA1182239	assembly_metadata	current_2406_archive	focal_model_observation	focal_genome_observation	True	archive_analysis_genome	True	False	True				provisional_marker_or_published_annotation							False	1	2026-07-24	Legacy PRN endpoints ignored; record retained only for genome/date/project/marker metadata.
CHN::SAMN44584041	SAMN44584041	SAMN44584041	GCA_050973865		CHN	China	2024-04-19	2024-04-19	2024-04-19	2024	4	2	day	True	PRJNA1182239	assembly_metadata	current_2406_archive	focal_model_observation	focal_genome_observation	True	archive_analysis_genome	True	False	True				provisional_marker_or_published_annotation							False	1	2026-07-24	Legacy PRN endpoints ignored; record retained only for genome/date/project/marker metadata.
CHN::SAMN44584042	SAMN44584042	SAMN44584042	GCA_050973845		CHN	China	2024-04-23	2024-04-23	2024-04-23	2024	4	2	day	True	PRJNA1182239	assembly_metadata	current_2406_archive	focal_model_observation	focal_genome_observation	True	archive_analysis_genome	True	False	True				provisional_marker_or_published_annotation							False	1	2026-07-24	Legacy PRN endpoints ignored; record retained only for genome/date/project/marker metadata.
CHN::SAMN44584043	SAMN44584043	SAMN44584043	GCA_050973815		CHN	China	2024-04-23	2024-04-23	2024-04-23	2024	4	2	day	True	PRJNA1182239	assembly_metadata	current_2406_archive	focal_model_observation	focal_genome_observation	True	archive_analysis_genome	True	False	True				provisional_marker_or_published_annotation							False	1	2026-07-24	Legacy PRN endpoints ignored; record retained only for genome/date/project/marker metadata.
CHN::SAMN44584044	SAMN44584044	SAMN44584044	GCA_050973795		CHN	China	2024-04-23	2024-04-23	2024-04-23	2024	4	2	day	True	PRJNA1182239	assembly_metadata	current_2406_archive	focal_model_observation	focal_genome_observation	True	archive_analysis_genome	True	False	True				provisional_marker_or_published_annotation							False	1	2026-07-24	Legacy PRN endpoints ignored; record retained only for genome/date/project/marker metadata.
CHN::SAMN44584045	SAMN44584045	SAMN44584045	GCA_050973765		CHN	China	2024-04-26	2024-04-26	2024-04-26	2024	4	2	day	True	PRJNA1182239	assembly_metadata	current_2406_archive	focal_model_observation	focal_genome_observation	True	archive_analysis_genome	True	False	True				provisional_marker_or_published_annotation							False	1	2026-07-24	Legacy PRN endpoints ignored; record retained only for genome/date/project/marker metadata.
CHN::SAMN44584046	SAMN44584046	SAMN44584046	GCA_050973745		CHN	China	2024-04-26	2024-04-26	2024-04-26	2024	4	2	day	True	PRJNA1182239	assembly_metadata	current_2406_archive	focal_model_observation	focal_genome_observation	True	archive_analysis_genome	True	False	True				provisional_marker_or_published_annotation							False	1	2026-07-24	Legacy PRN endpoints ignored; record retained only for genome/date/project/marker metadata.
CHN::SAMN44584047	SAMN44584047	SAMN44584047	GCA_050973725		CHN	China	2024-04-23	2024-04-23	2024-04-23	2024	4	2	day	True	PRJNA1182239	assembly_metadata	current_2406_archive	focal_model_observation	focal_genome_observation	True	archive_analysis_genome	True	False	True				provisional_marker_or_published_annotation							False	1	2026-07-24	Legacy PRN endpoints ignored; record retained only for genome/date/project/marker metadata.
CHN::SAMN44584048	SAMN44584048	SAMN44584048	GCA_050973705		CHN	China	2024-04-23	2024-04-23	2024-04-23	2024	4	2	day	True	PRJNA1182239	assembly_metadata	current_2406_archive	focal_model_observation	focal_genome_observation	True	archive_analysis_genome	True	False	True				provisional_marker_or_published_annotation							False	1	2026-07-24	Legacy PRN endpoints ignored; record retained only for genome/date/project/marker metadata.
CHN::SAMN44584049	SAMN44584049	SAMN44584049	GCA_050973685		CHN	China	2024-04-26	2024-04-26	2024-04-26	2024	4	2	day	True	PRJNA1182239	assembly_metadata	current_2406_archive	focal_model_observation	focal_genome_observation	True	archive_analysis_genome	True	False	True				provisional_marker_or_published_annotation							False	1	2026-07-24	Legacy PRN endpoints ignored; record retained only for genome/date/project/marker metadata.
CHN::SAMN44584050	SAMN44584050	SAMN44584050	GCA_050973665		CHN	China	2024-04-26	2024-04-26	2024-04-26	2024	4	2	day	True	PRJNA1182239	assembly_metadata	current_2406_archive	focal_model_observation	focal_genome_observation	True	archive_analysis_genome	True	False	True				provisional_marker_or_published_annotation							False	1	2026-07-24	Legacy PRN endpoints ignored; record retained only for genome/date/project/marker metadata.
CHN::SAMN44584051	SAMN44584051	SAMN44584051	GCA_050973645		CHN	China	2024-04-26	2024-04-26	2024-04-26	2024	4	2	day	True	PRJNA1182239	assembly_metadata	current_2406_archive	focal_model_observation	focal_genome_observation	True	archive_analysis_genome	True	False	True				provisional_marker_or_published_annotation							False	1	2026-07-24	Legacy PRN endpoints ignored; record retained only for genome/date/project/marker metadata.
CHN::SAMN44584052	SAMN44584052	SAMN44584052	GCA_050973625		CHN	China	2024-04-26	2024-04-26	2024-04-26	2024	4	2	day	True	PRJNA1182239	assembly_metadata	current_2406_archive	focal_model_observation	focal_genome_observation	True	archive_analysis_genome	True	False	True				provisional_marker_or_published_annotation							False	1	2026-07-24	Legacy PRN endpoints ignored; record retained only for genome/date/project/marker metadata.
CHN::SAMN44584053	SAMN44584053	SAMN44584053	GCA_050973585		CHN	China	2024-04-26	2024-04-26	2024-04-26	2024	4	2	day	True	PRJNA1182239	assembly_metadata	current_2406_archive	focal_model_observation	focal_genome_observation	True	archive_analysis_genome	True	False	True				provisional_marker_or_published_annotation							False	1	2026-07-24	Legacy PRN endpoints ignored; record retained only for genome/date/project/marker metadata.
CHN::SAMN44584054	SAMN44584054	SAMN44584054	GCA_050973605		CHN	China	2024-04-26	2024-04-26	2024-04-26	2024	4	2	day	True	PRJNA1182239	assembly_metadata	current_2406_archive	focal_model_observation	focal_genome_observation	True	archive_analysis_genome	True	False	True				provisional_marker_or_published_annotation							False	1	2026-07-24	Legacy PRN endpoints ignored; record retained only for genome/date/project/marker metadata.
CHN::SAMN44584055	SAMN44584055	SAMN44584055	GCA_050973565		CHN	China	2024-04-26	2024-04-26	2024-04-26	2024	4	2	day	True	PRJNA1182239	assembly_metadata	current_2406_archive	focal_model_observation	focal_genome_observation	True	archive_analysis_genome	True	False	True				provisional_marker_or_published_annotation							False	1	2026-07-24	Legacy PRN endpoints ignored; record retained only for genome/date/project/marker metadata.
CHN::SAMN44584056	SAMN44584056	SAMN44584056	GCA_050973545		CHN	China	2024-04-26	2024-04-26	2024-04-26	2024	4	2	day	True	PRJNA1182239	assembly_metadata	current_2406_archive	focal_model_observation	focal_genome_observation	True	archive_analysis_genome	True	False	True				provisional_marker_or_published_annotation							False	1	2026-07-24	Legacy PRN endpoints ignored; record retained only for genome/date/project/marker metadata.
CHN::SAMN44584057	SAMN44584057	SAMN44584057	GCA_050973525		CHN	China	2024-04-26	2024-04-26	2024-04-26	2024	4	2	day	True	PRJNA1182239	assembly_metadata	current_2406_archive	focal_model_observation	focal_genome_observation	True	archive_analysis_genome	True	False	True				provisional_marker_or_published_annotation							False	1	2026-07-24	Legacy PRN endpoints ignored; record retained only for genome/date/project/marker metadata.
CHN::SAMN44584058	SAMN44584058	SAMN44584058	GCA_050973505		CHN	China	2024-04-30	2024-04-30	2024-04-30	2024	4	2	day	True	PRJNA1182239	assembly_metadata	current_2406_archive	focal_model_observation	focal_genome_observation	True	archive_analysis_genome	True	False	True				provisional_marker_or_published_annotation							False	1	2026-07-24	Legacy PRN endpoints ignored; record retained only for genome/date/project/marker metadata.
CHN::SAMN44584059	SAMN44584059	SAMN44584059	GCA_050973465		CHN	China	2024-04-30	2024-04-30	2024-04-30	2024	4	2	day	True	PRJNA1182239	assembly_metadata	current_2406_archive	focal_model_observation	focal_genome_observation	True	archive_analysis_genome	True	False	True				provisional_marker_or_published_annotation							False	1	2026-07-24	Legacy PRN endpoints ignored; record retained only for genome/date/project/marker metadata.
CHN::SAMN44584060	SAMN44584060	SAMN44584060	GCA_050973485		CHN	China	2024-04-30	2024-04-30	2024-04-30	2024	4	2	day	True	PRJNA1182239	assembly_metadata	current_2406_archive	focal_model_observation	focal_genome_observation	True	archive_analysis_genome	True	False	True				provisional_marker_or_published_annotation							False	1	2026-07-24	Legacy PRN endpoints ignored; record retained only for genome/date/project/marker metadata.
CHN::SAMN44584061	SAMN44584061	SAMN44584061	GCA_050973445		CHN	China	2024-05-07	2024-05-07	2024-05-07	2024	5	2	day	True	PRJNA1182239	assembly_metadata	current_2406_archive	focal_model_observation	focal_genome_observation	True	archive_analysis_genome	True	False	True				provisional_marker_or_published_annotation							False	1	2026-07-24	Legacy PRN endpoints ignored; record retained only for genome/date/project/marker metadata.
CHN::SAMN44584062	SAMN44584062	SAMN44584062	GCA_050973425		CHN	China	2024-05-09	2024-05-09	2024-05-09	2024	5	2	day	True	PRJNA1182239	assembly_metadata	current_2406_archive	focal_model_observation	focal_genome_observation	True	archive_analysis_genome	True	False	True				provisional_marker_or_published_annotation							False	1	2026-07-24	Legacy PRN endpoints ignored; record retained only for genome/date/project/marker metadata.
CHN::SAMN44584063	SAMN44584063	SAMN44584063	GCA_050973395		CHN	China	2024-05-09	2024-05-09	2024-05-09	2024	5	2	day	True	PRJNA1182239	assembly_metadata	current_2406_archive	focal_model_observation	focal_genome_observation	True	archive_analysis_genome	True	False	True				provisional_marker_or_published_annotation							False	1	2026-07-24	Legacy PRN endpoints ignored; record retained only for genome/date/project/marker metadata.
CHN::SAMN44584064	SAMN44584064	SAMN44584064	GCA_050973385		CHN	China	2024-05-09	2024-05-09	2024-05-09	2024	5	2	day	True	PRJNA1182239	assembly_metadata	current_2406_archive	focal_model_observation	focal_genome_observation	True	archive_analysis_genome	True	False	True				provisional_marker_or_published_annotation							False	1	2026-07-24	Legacy PRN endpoints ignored; record retained only for genome/date/project/marker metadata.
CHN::SAMN44584065	SAMN44584065	SAMN44584065	GCA_050973365		CHN	China	2024-05-09	2024-05-09	2024-05-09	2024	5	2	day	True	PRJNA1182239	assembly_metadata	current_2406_archive	focal_model_observation	focal_genome_observation	True	archive_analysis_genome	True	False	True				provisional_marker_or_published_annotation							False	1	2026-07-24	Legacy PRN endpoints ignored; record retained only for genome/date/project/marker metadata.
CHN::SAMN44584066	SAMN44584066	SAMN44584066	GCA_050973345		CHN	China	2024-05-09	2024-05-09	2024-05-09	2024	5	2	day	True	PRJNA1182239	assembly_metadata	current_2406_archive	focal_model_observation	focal_genome_observation	True	archive_analysis_genome	True	False	True				provisional_marker_or_published_annotation							False	1	2026-07-24	Legacy PRN endpoints ignored; record retained only for genome/date/project/marker metadata.
CHN::SAMN44584067	SAMN44584067	SAMN44584067	GCA_050973325		CHN	China	2024-05-09	2024-05-09	2024-05-09	2024	5	2	day	True	PRJNA1182239	assembly_metadata	current_2406_archive	focal_model_observation	focal_genome_observation	True	archive_analysis_genome	True	False	True				provisional_marker_or_published_annotation							False	1	2026-07-24	Legacy PRN endpoints ignored; record retained only for genome/date/project/marker metadata.
CHN::SAMN44584068	SAMN44584068	SAMN44584068	GCA_050973305		CHN	China	2024-05-09	2024-05-09	2024-05-09	2024	5	2	day	True	PRJNA1182239	assembly_metadata	current_2406_archive	focal_model_observation	focal_genome_observation	True	archive_analysis_genome	True	False	True				provisional_marker_or_published_annotation							False	1	2026-07-24	Legacy PRN endpoints ignored; record retained only for genome/date/project/marker metadata.
CHN::SAMN44584069	SAMN44584069	SAMN44584069	GCA_050973285		CHN	China	2024-05-09	2024-05-09	2024-05-09	2024	5	2	day	True	PRJNA1182239	assembly_metadata	current_2406_archive	focal_model_observation	focal_genome_observation	True	archive_analysis_genome	True	False	True				provisional_marker_or_published_annotation							False	1	2026-07-24	Legacy PRN endpoints ignored; record retained only for genome/date/project/marker metadata.
CHN::SAMN44584070	SAMN44584070	SAMN44584070	GCA_050973265		CHN	China	2024-05-09	2024-05-09	2024-05-09	2024	5	2	day	True	PRJNA1182239	assembly_metadata	current_2406_archive	focal_model_observation	focal_genome_observation	True	archive_analysis_genome	True	False	True				provisional_marker_or_published_annotation							False	1	2026-07-24	Legacy PRN endpoints ignored; record retained only for genome/date/project/marker metadata.
CHN::SAMN44584071	SAMN44584071	SAMN44584071	GCA_050973245		CHN	China	2024-05-09	2024-05-09	2024-05-09	2024	5	2	day	True	PRJNA1182239	assembly_metadata	current_2406_archive	focal_model_observation	focal_genome_observation	True	archive_analysis_genome	True	False	True				provisional_marker_or_published_annotation							False	1	2026-07-24	Legacy PRN endpoints ignored; record retained only for genome/date/project/marker metadata.
CHN::SAMN44584072	SAMN44584072	SAMN44584072	GCA_050973225		CHN	China	2024-05-09	2024-05-09	2024-05-09	2024	5	2	day	True	PRJNA1182239	assembly_metadata	current_2406_archive	focal_model_observation	focal_genome_observation	True	archive_analysis_genome	True	False	True				provisional_marker_or_published_annotation							False	1	2026-07-24	Legacy PRN endpoints ignored; record retained only for genome/date/project/marker metadata.
CHN::SAMN44584073	SAMN44584073	SAMN44584073	GCA_050973205		CHN	China	2024-05-14	2024-05-14	2024-05-14	2024	5	2	day	True	PRJNA1182239	assembly_metadata	current_2406_archive	focal_model_observation	focal_genome_observation	True	archive_analysis_genome	True	False	True				provisional_marker_or_published_annotation							False	1	2026-07-24	Legacy PRN endpoints ignored; record retained only for genome/date/project/marker metadata.
CHN::SAMN44584074	SAMN44584074	SAMN44584074	GCA_050973185		CHN	China	2024-05-16	2024-05-16	2024-05-16	2024	5	2	day	True	PRJNA1182239	assembly_metadata	current_2406_archive	focal_model_observation	focal_genome_observation	True	archive_analysis_genome	True	False	True				provisional_marker_or_published_annotation							False	1	2026-07-24	Legacy PRN endpoints ignored; record retained only for genome/date/project/marker metadata.
CHN::SAMN44584075	SAMN44584075	SAMN44584075	GCA_050973165		CHN	China	2024-05-16	2024-05-16	2024-05-16	2024	5	2	day	True	PRJNA1182239	assembly_metadata	current_2406_archive	focal_model_observation	focal_genome_observation	True	archive_analysis_genome	True	False	True				provisional_marker_or_published_annotation							False	1	2026-07-24	Legacy PRN endpoints ignored; record retained only for genome/date/project/marker metadata.
CHN::SAMN44584076	SAMN44584076	SAMN44584076	GCA_050973145		CHN	China	2024-05-16	2024-05-16	2024-05-16	2024	5	2	day	True	PRJNA1182239	assembly_metadata	current_2406_archive	focal_model_observation	focal_genome_observation	True	archive_analysis_genome	True	False	True				provisional_marker_or_published_annotation							False	1	2026-07-24	Legacy PRN endpoints ignored; record retained only for genome/date/project/marker metadata.
CHN::SAMN44584077	SAMN44584077	SAMN44584077	GCA_050973125		CHN	China	2024-05-16	2024-05-16	2024-05-16	2024	5	2	day	True	PRJNA1182239	assembly_metadata	current_2406_archive	focal_model_observation	focal_genome_observation	True	archive_analysis_genome	True	False	True				provisional_marker_or_published_annotation							False	1	2026-07-24	Legacy PRN endpoints ignored; record retained only for genome/date/project/marker metadata.
CHN::SAMN44584078	SAMN44584078	SAMN44584078	GCA_050973105		CHN	China	2024-05-14	2024-05-14	2024-05-14	2024	5	2	day	True	PRJNA1182239	assembly_metadata	current_2406_archive	focal_model_observation	focal_genome_observation	True	archive_analysis_genome	True	False	True				provisional_marker_or_published_annotation							False	1	2026-07-24	Legacy PRN endpoints ignored; record retained only for genome/date/project/marker metadata.
CHN::SAMN44584079	SAMN44584079	SAMN44584079	GCA_050973085		CHN	China	2024-05-14	2024-05-14	2024-05-14	2024	5	2	day	True	PRJNA1182239	assembly_metadata	current_2406_archive	focal_model_observation	focal_genome_observation	True	archive_analysis_genome	True	False	True				provisional_marker_or_published_annotation							False	1	2026-07-24	Legacy PRN endpoints ignored; record retained only for genome/date/project/marker metadata.
CHN::SAMN44584080	SAMN44584080	SAMN44584080	GCA_050973025		CHN	China	2024-05-14	2024-05-14	2024-05-14	2024	5	2	day	True	PRJNA1182239	assembly_metadata	current_2406_archive	focal_model_observation	focal_genome_observation	True	archive_analysis_genome	True	False	True				provisional_marker_or_published_annotation							False	1	2026-07-24	Legacy PRN endpoints ignored; record retained only for genome/date/project/marker metadata.
CHN::SAMN44584081	SAMN44584081	SAMN44584081	GCA_050973065		CHN	China	2024-05-16	2024-05-16	2024-05-16	2024	5	2	day	True	PRJNA1182239	assembly_metadata	current_2406_archive	focal_model_observation	focal_genome_observation	True	archive_analysis_genome	True	False	True				provisional_marker_or_published_annotation							False	1	2026-07-24	Legacy PRN endpoints ignored; record retained only for genome/date/project/marker metadata.
CHN::SAMN44584082	SAMN44584082	SAMN44584082	GCA_050973045		CHN	China	2024-05-16	2024-05-16	2024-05-16	2024	5	2	day	True	PRJNA1182239	assembly_metadata	current_2406_archive	focal_model_observation	focal_genome_observation	True	archive_analysis_genome	True	False	True				provisional_marker_or_published_annotation							False	1	2026-07-24	Legacy PRN endpoints ignored; record retained only for genome/date/project/marker metadata.
CHN::SAMN44584083	SAMN44584083	SAMN44584083	GCA_050972965		CHN	China	2024-05-16	2024-05-16	2024-05-16	2024	5	2	day	True	PRJNA1182239	assembly_metadata	current_2406_archive	focal_model_observation	focal_genome_observation	True	archive_analysis_genome	True	False	True				provisional_marker_or_published_annotation							False	1	2026-07-24	Legacy PRN endpoints ignored; record retained only for genome/date/project/marker metadata.
CHN::SAMN44584084	SAMN44584084	SAMN44584084	GCA_050972985		CHN	China	2024-05-16	2024-05-16	2024-05-16	2024	5	2	day	True	PRJNA1182239	assembly_metadata	current_2406_archive	focal_model_observation	focal_genome_observation	True	archive_analysis_genome	True	False	True				provisional_marker_or_published_annotation							False	1	2026-07-24	Legacy PRN endpoints ignored; record retained only for genome/date/project/marker metadata.
CHN::SAMN44584085	SAMN44584085	SAMN44584085	GCA_050973005		CHN	China	2024-05-16	2024-05-16	2024-05-16	2024	5	2	day	True	PRJNA1182239	assembly_metadata	current_2406_archive	focal_model_observation	focal_genome_observation	True	archive_analysis_genome	True	False	True				provisional_marker_or_published_annotation							False	1	2026-07-24	Legacy PRN endpoints ignored; record retained only for genome/date/project/marker metadata.
CHN::SAMN44584086	SAMN44584086	SAMN44584086	GCA_050972915		CHN	China	2024-05-16	2024-05-16	2024-05-16	2024	5	2	day	True	PRJNA1182239	assembly_metadata	current_2406_archive	focal_model_observation	focal_genome_observation	True	archive_analysis_genome	True	False	True				provisional_marker_or_published_annotation							False	1	2026-07-24	Legacy PRN endpoints ignored; record retained only for genome/date/project/marker metadata.
CHN::SAMN44584087	SAMN44584087	SAMN44584087	GCA_050972895		CHN	China	2024-05-16	2024-05-16	2024-05-16	2024	5	2	day	True	PRJNA1182239	assembly_metadata	current_2406_archive	focal_model_observation	focal_genome_observation	True	archive_analysis_genome	True	False	True				provisional_marker_or_published_annotation							False	1	2026-07-24	Legacy PRN endpoints ignored; record retained only for genome/date/project/marker metadata.
CHN::SAMN44584088	SAMN44584088	SAMN44584088	GCA_050972935		CHN	China	2024-05-16	2024-05-16	2024-05-16	2024	5	2	day	True	PRJNA1182239	assembly_metadata	current_2406_archive	focal_model_observation	focal_genome_observation	True	archive_analysis_genome	True	False	True				provisional_marker_or_published_annotation							False	1	2026-07-24	Legacy PRN endpoints ignored; record retained only for genome/date/project/marker metadata.
CHN::SAMN44584089	SAMN44584089	SAMN44584089	GCA_050972865		CHN	China	2024-05-14	2024-05-14	2024-05-14	2024	5	2	day	True	PRJNA1182239	assembly_metadata	current_2406_archive	focal_model_observation	focal_genome_observation	True	archive_analysis_genome	True	False	True				provisional_marker_or_published_annotation							False	1	2026-07-24	Legacy PRN endpoints ignored; record retained only for genome/date/project/marker metadata.
CHN::SAMN44584090	SAMN44584090	SAMN44584090	GCA_050972825		CHN	China	2024-05-24	2024-05-24	2024-05-24	2024	5	2	day	True	PRJNA1182239	assembly_metadata	current_2406_archive	focal_model_observation	focal_genome_observation	True	archive_analysis_genome	True	False	True				provisional_marker_or_published_annotation							False	1	2026-07-24	Legacy PRN endpoints ignored; record retained only for genome/date/project/marker metadata.
CHN::SAMN44584091	SAMN44584091	SAMN44584091	GCA_050972845		CHN	China	2024-05-24	2024-05-24	2024-05-24	2024	5	2	day	True	PRJNA1182239	assembly_metadata	current_2406_archive	focal_model_observation	focal_genome_observation	True	archive_analysis_genome	True	False	True				provisional_marker_or_published_annotation							False	1	2026-07-24	Legacy PRN endpoints ignored; record retained only for genome/date/project/marker metadata.
CHN::SAMN44584092	SAMN44584092	SAMN44584092	GCA_050972805		CHN	China	2024-05-24	2024-05-24	2024-05-24	2024	5	2	day	True	PRJNA1182239	assembly_metadata	current_2406_archive	focal_model_observation	focal_genome_observation	True	archive_analysis_genome	True	False	True				provisional_marker_or_published_annotation							False	1	2026-07-24	Legacy PRN endpoints ignored; record retained only for genome/date/project/marker metadata.
CHN::SAMN44584093	SAMN44584093	SAMN44584093	GCA_050972765		CHN	China	2024-05-24	2024-05-24	2024-05-24	2024	5	2	day	True	PRJNA1182239	assembly_metadata	current_2406_archive	focal_model_observation	focal_genome_observation	True	archive_analysis_genome	True	False	True				provisional_marker_or_published_annotation							False	1	2026-07-24	Legacy PRN endpoints ignored; record retained only for genome/date/project/marker metadata.
CHN::SAMN44584094	SAMN44584094	SAMN44584094	GCA_050972785		CHN	China	2024-05-24	2024-05-24	2024-05-24	2024	5	2	day	True	PRJNA1182239	assembly_metadata	current_2406_archive	focal_model_observation	focal_genome_observation	True	archive_analysis_genome	True	False	True				provisional_marker_or_published_annotation							False	1	2026-07-24	Legacy PRN endpoints ignored; record retained only for genome/date/project/marker metadata.
CHN::SAMN44584095	SAMN44584095	SAMN44584095	GCA_050972745		CHN	China	2024-05-24	2024-05-24	2024-05-24	2024	5	2	day	True	PRJNA1182239	assembly_metadata	current_2406_archive	focal_model_observation	focal_genome_observation	True	archive_analysis_genome	True	False	True				provisional_marker_or_published_annotation							False	1	2026-07-24	Legacy PRN endpoints ignored; record retained only for genome/date/project/marker metadata.
CHN::SAMN44584096	SAMN44584096	SAMN44584096	GCA_050972705		CHN	China	2024-05-24	2024-05-24	2024-05-24	2024	5	2	day	True	PRJNA1182239	assembly_metadata	current_2406_archive	focal_model_observation	focal_genome_observation	True	archive_analysis_genome	True	False	True				provisional_marker_or_published_annotation							False	1	2026-07-24	Legacy PRN endpoints ignored; record retained only for genome/date/project/marker metadata.
CHN::SAMN44584097	SAMN44584097	SAMN44584097	GCA_050972725		CHN	China	2024-05-28	2024-05-28	2024-05-28	2024	5	2	day	True	PRJNA1182239	assembly_metadata	current_2406_archive	focal_model_observation	focal_genome_observation	True	archive_analysis_genome	True	False	True				provisional_marker_or_published_annotation							False	1	2026-07-24	Legacy PRN endpoints ignored; record retained only for genome/date/project/marker metadata.
CHN::SAMN44584098	SAMN44584098	SAMN44584098	GCA_050972685		CHN	China	2024-05-28	2024-05-28	2024-05-28	2024	5	2	day	True	PRJNA1182239	assembly_metadata	current_2406_archive	focal_model_observation	focal_genome_observation	True	archive_analysis_genome	True	False	True				provisional_marker_or_published_annotation							False	1	2026-07-24	Legacy PRN endpoints ignored; record retained only for genome/date/project/marker metadata.
CHN::SAMN44584099	SAMN44584099	SAMN44584099	GCA_050972665		CHN	China	2024-05-28	2024-05-28	2024-05-28	2024	5	2	day	True	PRJNA1182239	assembly_metadata	current_2406_archive	focal_model_observation	focal_genome_observation	True	archive_analysis_genome	True	False	True				provisional_marker_or_published_annotation							False	1	2026-07-24	Legacy PRN endpoints ignored; record retained only for genome/date/project/marker metadata.
CHN::SAMN44584100	SAMN44584100	SAMN44584100	GCA_050972645		CHN	China	2024-05-30	2024-05-30	2024-05-30	2024	5	2	day	True	PRJNA1182239	assembly_metadata	current_2406_archive	focal_model_observation	focal_genome_observation	True	archive_analysis_genome	True	False	True				provisional_marker_or_published_annotation							False	1	2026-07-24	Legacy PRN endpoints ignored; record retained only for genome/date/project/marker metadata.
CHN::SAMN44584101	SAMN44584101	SAMN44584101	GCA_050972615		CHN	China	2024-05-30	2024-05-30	2024-05-30	2024	5	2	day	True	PRJNA1182239	assembly_metadata	current_2406_archive	focal_model_observation	focal_genome_observation	True	archive_analysis_genome	True	False	True				provisional_marker_or_published_annotation							False	1	2026-07-24	Legacy PRN endpoints ignored; record retained only for genome/date/project/marker metadata.
CHN::SAMN44584102	SAMN44584102	SAMN44584102	GCA_050972605		CHN	China	2024-05-30	2024-05-30	2024-05-30	2024	5	2	day	True	PRJNA1182239	assembly_metadata	current_2406_archive	focal_model_observation	focal_genome_observation	True	archive_analysis_genome	True	False	True				provisional_marker_or_published_annotation							False	1	2026-07-24	Legacy PRN endpoints ignored; record retained only for genome/date/project/marker metadata.
CHN::SAMN44584103	SAMN44584103	SAMN44584103	GCA_050972585		CHN	China	2024-05-30	2024-05-30	2024-05-30	2024	5	2	day	True	PRJNA1182239	assembly_metadata	current_2406_archive	focal_model_observation	focal_genome_observation	True	archive_analysis_genome	True	False	True				provisional_marker_or_published_annotation							False	1	2026-07-24	Legacy PRN endpoints ignored; record retained only for genome/date/project/marker metadata.
CHN::SAMN44584104	SAMN44584104	SAMN44584104	GCA_050972565		CHN	China	2024-05-30	2024-05-30	2024-05-30	2024	5	2	day	True	PRJNA1182239	assembly_metadata	current_2406_archive	focal_model_observation	focal_genome_observation	True	archive_analysis_genome	True	False	True				provisional_marker_or_published_annotation							False	1	2026-07-24	Legacy PRN endpoints ignored; record retained only for genome/date/project/marker metadata.
CHN::SAMN44584105	SAMN44584105	SAMN44584105	GCA_050972545		CHN	China	2024-05-30	2024-05-30	2024-05-30	2024	5	2	day	True	PRJNA1182239	assembly_metadata	current_2406_archive	focal_model_observation	focal_genome_observation	True	archive_analysis_genome	True	False	True				provisional_marker_or_published_annotation							False	1	2026-07-24	Legacy PRN endpoints ignored; record retained only for genome/date/project/marker metadata.
CHN::SAMN44584106	SAMN44584106	SAMN44584106	GCA_050972525		CHN	China	2024-05-30	2024-05-30	2024-05-30	2024	5	2	day	True	PRJNA1182239	assembly_metadata	current_2406_archive	focal_model_observation	focal_genome_observation	True	archive_analysis_genome	True	False	True				provisional_marker_or_published_annotation							False	1	2026-07-24	Legacy PRN endpoints ignored; record retained only for genome/date/project/marker metadata.
CHN::SAMN44584107	SAMN44584107	SAMN44584107	GCA_050972505		CHN	China	2024-05-30	2024-05-30	2024-05-30	2024	5	2	day	True	PRJNA1182239	assembly_metadata	current_2406_archive	focal_model_observation	focal_genome_observation	True	archive_analysis_genome	True	False	True				provisional_marker_or_published_annotation							False	1	2026-07-24	Legacy PRN endpoints ignored; record retained only for genome/date/project/marker metadata.
CHN::SAMN44584108	SAMN44584108	SAMN44584108	GCA_050972485		CHN	China	2024-05-30	2024-05-30	2024-05-30	2024	5	2	day	True	PRJNA1182239	assembly_metadata	current_2406_archive	focal_model_observation	focal_genome_observation	True	archive_analysis_genome	True	False	True				provisional_marker_or_published_annotation							False	1	2026-07-24	Legacy PRN endpoints ignored; record retained only for genome/date/project/marker metadata.
CHN::SAMN44584109	SAMN44584109	SAMN44584109	GCA_050972465		CHN	China	2024-05-30	2024-05-30	2024-05-30	2024	5	2	day	True	PRJNA1182239	assembly_metadata	current_2406_archive	focal_model_observation	focal_genome_observation	True	archive_analysis_genome	True	False	True				provisional_marker_or_published_annotation							False	1	2026-07-24	Legacy PRN endpoints ignored; record retained only for genome/date/project/marker metadata.
CHN::SAMN44584110	SAMN44584110	SAMN44584110	GCA_050972445		CHN	China	2024-05-30	2024-05-30	2024-05-30	2024	5	2	day	True	PRJNA1182239	assembly_metadata	current_2406_archive	focal_model_observation	focal_genome_observation	True	archive_analysis_genome	True	False	True				provisional_marker_or_published_annotation							False	1	2026-07-24	Legacy PRN endpoints ignored; record retained only for genome/date/project/marker metadata.
CHN::SAMN44584111	SAMN44584111	SAMN44584111	GCA_050972425		CHN	China	2024-05-30	2024-05-30	2024-05-30	2024	5	2	day	True	PRJNA1182239	assembly_metadata	current_2406_archive	focal_model_observation	focal_genome_observation	True	archive_analysis_genome	True	False	True				provisional_marker_or_published_annotation							False	1	2026-07-24	Legacy PRN endpoints ignored; record retained only for genome/date/project/marker metadata.
CHN::SAMN44584112	SAMN44584112	SAMN44584112	GCA_050972405		CHN	China	2024-05-30	2024-05-30	2024-05-30	2024	5	2	day	True	PRJNA1182239	assembly_metadata	current_2406_archive	focal_model_observation	focal_genome_observation	True	archive_analysis_genome	True	False	True				provisional_marker_or_published_annotation							False	1	2026-07-24	Legacy PRN endpoints ignored; record retained only for genome/date/project/marker metadata.
CHN::SAMN44584113	SAMN44584113	SAMN44584113	GCA_050972385		CHN	China	2024-05-31	2024-05-31	2024-05-31	2024	5	2	day	True	PRJNA1182239	assembly_metadata	current_2406_archive	focal_model_observation	focal_genome_observation	True	archive_analysis_genome	True	False	True				provisional_marker_or_published_annotation							False	1	2026-07-24	Legacy PRN endpoints ignored; record retained only for genome/date/project/marker metadata.
CHN::SAMN44590203	SAMN44590203	SAMN44590203	GCA_050984865		CHN	China	2024-05-30	2024-05-30	2024-05-30	2024	5	2	day	True	PRJNA1182239	assembly_metadata	current_2406_archive	focal_model_observation	focal_genome_observation	True	archive_analysis_genome	True	False	True				provisional_marker_or_published_annotation							False	1	2026-07-24	Legacy PRN endpoints ignored; record retained only for genome/date/project/marker metadata.
CHN::SAMN44590204	SAMN44590204	SAMN44590204	GCA_050984845		CHN	China	2024-05-30	2024-05-30	2024-05-30	2024	5	2	day	True	PRJNA1182239	assembly_metadata	current_2406_archive	focal_model_observation	focal_genome_observation	True	archive_analysis_genome	True	False	True				provisional_marker_or_published_annotation							False	1	2026-07-24	Legacy PRN endpoints ignored; record retained only for genome/date/project/marker metadata.
CHN::SAMN44590205	SAMN44590205	SAMN44590205	GCA_050984825		CHN	China	2024-05-30	2024-05-30	2024-05-30	2024	5	2	day	True	PRJNA1182239	assembly_metadata	current_2406_archive	focal_model_observation	focal_genome_observation	True	archive_analysis_genome	True	False	True				provisional_marker_or_published_annotation							False	1	2026-07-24	Legacy PRN endpoints ignored; record retained only for genome/date/project/marker metadata.
CHN::SAMN44590206	SAMN44590206	SAMN44590206	GCA_050984805		CHN	China	2024-05-30	2024-05-30	2024-05-30	2024	5	2	day	True	PRJNA1182239	assembly_metadata	current_2406_archive	focal_model_observation	focal_genome_observation	True	archive_analysis_genome	True	False	True				provisional_marker_or_published_annotation							False	1	2026-07-24	Legacy PRN endpoints ignored; record retained only for genome/date/project/marker metadata.
CHN::SAMN44590207	SAMN44590207	SAMN44590207	GCA_050984785		CHN	China	2024-05-30	2024-05-30	2024-05-30	2024	5	2	day	True	PRJNA1182239	assembly_metadata	current_2406_archive	focal_model_observation	focal_genome_observation	True	archive_analysis_genome	True	False	True				provisional_marker_or_published_annotation							False	1	2026-07-24	Legacy PRN endpoints ignored; record retained only for genome/date/project/marker metadata.
CHN::SAMN44590208	SAMN44590208	SAMN44590208	GCA_050984765		CHN	China	2024-05-30	2024-05-30	2024-05-30	2024	5	2	day	True	PRJNA1182239	assembly_metadata	current_2406_archive	focal_model_observation	focal_genome_observation	True	archive_analysis_genome	True	False	True				provisional_marker_or_published_annotation							False	1	2026-07-24	Legacy PRN endpoints ignored; record retained only for genome/date/project/marker metadata.
CHN::SAMN44590209	SAMN44590209	SAMN44590209	GCA_050984745		CHN	China	2024-05-30	2024-05-30	2024-05-30	2024	5	2	day	True	PRJNA1182239	assembly_metadata	current_2406_archive	focal_model_observation	focal_genome_observation	True	archive_analysis_genome	True	False	True				provisional_marker_or_published_annotation							False	1	2026-07-24	Legacy PRN endpoints ignored; record retained only for genome/date/project/marker metadata.
CHN::SAMN44590210	SAMN44590210	SAMN44590210	GCA_050984725		CHN	China	2024-06-04	2024-06-04	2024-06-04	2024	6	2	day	True	PRJNA1182239	assembly_metadata	current_2406_archive	focal_model_observation	focal_genome_observation	True	archive_analysis_genome	True	False	True				provisional_marker_or_published_annotation							False	1	2026-07-24	Legacy PRN endpoints ignored; record retained only for genome/date/project/marker metadata.
CHN::SAMN44590211	SAMN44590211	SAMN44590211	GCA_050984705		CHN	China	2024-05-31	2024-05-31	2024-05-31	2024	5	2	day	True	PRJNA1182239	assembly_metadata	current_2406_archive	focal_model_observation	focal_genome_observation	True	archive_analysis_genome	True	False	True				provisional_marker_or_published_annotation							False	1	2026-07-24	Legacy PRN endpoints ignored; record retained only for genome/date/project/marker metadata.
CHN::SAMN44590212	SAMN44590212	SAMN44590212	GCA_050984665		CHN	China	2024-05-31	2024-05-31	2024-05-31	2024	5	2	day	True	PRJNA1182239	assembly_metadata	current_2406_archive	focal_model_observation	focal_genome_observation	True	archive_analysis_genome	True	False	True				provisional_marker_or_published_annotation							False	1	2026-07-24	Legacy PRN endpoints ignored; record retained only for genome/date/project/marker metadata.
CHN::SAMN44590213	SAMN44590213	SAMN44590213	GCA_050984685		CHN	China	2024-05-30	2024-05-30	2024-05-30	2024	5	2	day	True	PRJNA1182239	assembly_metadata	current_2406_archive	focal_model_observation	focal_genome_observation	True	archive_analysis_genome	True	False	True				provisional_marker_or_published_annotation							False	1	2026-07-24	Legacy PRN endpoints ignored; record retained only for genome/date/project/marker metadata.
CHN::SAMN44590214	SAMN44590214	SAMN44590214	GCA_050981645		CHN	China	2024-06-03	2024-06-03	2024-06-03	2024	6	2	day	True	PRJNA1182239	assembly_metadata	current_2406_archive	focal_model_observation	focal_genome_observation	True	archive_analysis_genome	True	False	True				provisional_marker_or_published_annotation							False	1	2026-07-24	Legacy PRN endpoints ignored; record retained only for genome/date/project/marker metadata.
CHN::SAMN44590215	SAMN44590215	SAMN44590215	GCA_050981635		CHN	China	2024-06-03	2024-06-03	2024-06-03	2024	6	2	day	True	PRJNA1182239	assembly_metadata	current_2406_archive	focal_model_observation	focal_genome_observation	True	archive_analysis_genome	True	False	True				provisional_marker_or_published_annotation							False	1	2026-07-24	Legacy PRN endpoints ignored; record retained only for genome/date/project/marker metadata.
CHN::SAMN44590216	SAMN44590216	SAMN44590216	GCA_050981545		CHN	China	2024-06-04	2024-06-04	2024-06-04	2024	6	2	day	True	PRJNA1182239	assembly_metadata	current_2406_archive	focal_model_observation	focal_genome_observation	True	archive_analysis_genome	True	False	True				provisional_marker_or_published_annotation							False	1	2026-07-24	Legacy PRN endpoints ignored; record retained only for genome/date/project/marker metadata.
CHN::SAMN44590217	SAMN44590217	SAMN44590217	GCA_050981565		CHN	China	2024-06-06	2024-06-06	2024-06-06	2024	6	2	day	True	PRJNA1182239	assembly_metadata	current_2406_archive	focal_model_observation	focal_genome_observation	True	archive_analysis_genome	True	False	True				provisional_marker_or_published_annotation							False	1	2026-07-24	Legacy PRN endpoints ignored; record retained only for genome/date/project/marker metadata.
CHN::SAMN44590218	SAMN44590218	SAMN44590218	GCA_050981505		CHN	China	2024-06-06	2024-06-06	2024-06-06	2024	6	2	day	True	PRJNA1182239	assembly_metadata	current_2406_archive	focal_model_observation	focal_genome_observation	True	archive_analysis_genome	True	False	True				provisional_marker_or_published_annotation							False	1	2026-07-24	Legacy PRN endpoints ignored; record retained only for genome/date/project/marker metadata.
CHN::SAMN44590219	SAMN44590219	SAMN44590219	GCA_050981465		CHN	China	2024-06-06	2024-06-06	2024-06-06	2024	6	2	day	True	PRJNA1182239	assembly_metadata	current_2406_archive	focal_model_observation	focal_genome_observation	True	archive_analysis_genome	True	False	True				provisional_marker_or_published_annotation							False	1	2026-07-24	Legacy PRN endpoints ignored; record retained only for genome/date/project/marker metadata.
CHN::SAMN44590220	SAMN44590220	SAMN44590220	GCA_050981425		CHN	China	2024-06-07	2024-06-07	2024-06-07	2024	6	2	day	True	PRJNA1182239	assembly_metadata	current_2406_archive	focal_model_observation	focal_genome_observation	True	archive_analysis_genome	True	False	True				provisional_marker_or_published_annotation							False	1	2026-07-24	Legacy PRN endpoints ignored; record retained only for genome/date/project/marker metadata.
CHN::SAMN44590221	SAMN44590221	SAMN44590221	GCA_050981405		CHN	China	2024-06-07	2024-06-07	2024-06-07	2024	6	2	day	True	PRJNA1182239	assembly_metadata	current_2406_archive	focal_model_observation	focal_genome_observation	True	archive_analysis_genome	True	False	True				provisional_marker_or_published_annotation							False	1	2026-07-24	Legacy PRN endpoints ignored; record retained only for genome/date/project/marker metadata.
CHN::SAMN44590222	SAMN44590222	SAMN44590222	GCA_050981295		CHN	China	2024-06-07	2024-06-07	2024-06-07	2024	6	2	day	True	PRJNA1182239	assembly_metadata	current_2406_archive	focal_model_observation	focal_genome_observation	True	archive_analysis_genome	True	False	True				provisional_marker_or_published_annotation							False	1	2026-07-24	Legacy PRN endpoints ignored; record retained only for genome/date/project/marker metadata.
CHN::SAMN44590223	SAMN44590223	SAMN44590223	GCA_050981345		CHN	China	2024-06-07	2024-06-07	2024-06-07	2024	6	2	day	True	PRJNA1182239	assembly_metadata	current_2406_archive	focal_model_observation	focal_genome_observation	True	archive_analysis_genome	True	False	True				provisional_marker_or_published_annotation							False	1	2026-07-24	Legacy PRN endpoints ignored; record retained only for genome/date/project/marker metadata.
CHN::SAMN44590224	SAMN44590224	SAMN44590224	GCA_050981285		CHN	China	2024-06-03	2024-06-03	2024-06-03	2024	6	2	day	True	PRJNA1182239	assembly_metadata	current_2406_archive	focal_model_observation	focal_genome_observation	True	archive_analysis_genome	True	False	True				provisional_marker_or_published_annotation							False	1	2026-07-24	Legacy PRN endpoints ignored; record retained only for genome/date/project/marker metadata.
CHN::SAMN44590225	SAMN44590225	SAMN44590225	GCA_050981225		CHN	China	2024-06-03	2024-06-03	2024-06-03	2024	6	2	day	True	PRJNA1182239	assembly_metadata	current_2406_archive	focal_model_observation	focal_genome_observation	True	archive_analysis_genome	True	False	True				provisional_marker_or_published_annotation							False	1	2026-07-24	Legacy PRN endpoints ignored; record retained only for genome/date/project/marker metadata.
CHN::SAMN44590226	SAMN44590226	SAMN44590226	GCA_050981245		CHN	China	2024-06-04	2024-06-04	2024-06-04	2024	6	2	day	True	PRJNA1182239	assembly_metadata	current_2406_archive	focal_model_observation	focal_genome_observation	True	archive_analysis_genome	True	False	True				provisional_marker_or_published_annotation							False	1	2026-07-24	Legacy PRN endpoints ignored; record retained only for genome/date/project/marker metadata.
CHN::SAMN44590227	SAMN44590227	SAMN44590227	GCA_050981165		CHN	China	2024-06-13	2024-06-13	2024-06-13	2024	6	2	day	True	PRJNA1182239	assembly_metadata	current_2406_archive	focal_model_observation	focal_genome_observation	True	archive_analysis_genome	True	False	True				provisional_marker_or_published_annotation							False	1	2026-07-24	Legacy PRN endpoints ignored; record retained only for genome/date/project/marker metadata.
CHN::SAMN44590228	SAMN44590228	SAMN44590228	GCA_050981105		CHN	China	2024-06-13	2024-06-13	2024-06-13	2024	6	2	day	True	PRJNA1182239	assembly_metadata	current_2406_archive	focal_model_observation	focal_genome_observation	True	archive_analysis_genome	True	False	True				provisional_marker_or_published_annotation							False	1	2026-07-24	Legacy PRN endpoints ignored; record retained only for genome/date/project/marker metadata.
CHN::SAMN44590229	SAMN44590229	SAMN44590229	GCA_050981085		CHN	China	2024-06-13	2024-06-13	2024-06-13	2024	6	2	day	True	PRJNA1182239	assembly_metadata	current_2406_archive	focal_model_observation	focal_genome_observation	True	archive_analysis_genome	True	False	True				provisional_marker_or_published_annotation							False	1	2026-07-24	Legacy PRN endpoints ignored; record retained only for genome/date/project/marker metadata.
CHN::SAMN44590230	SAMN44590230	SAMN44590230	GCA_050981125		CHN	China	2024-06-13	2024-06-13	2024-06-13	2024	6	2	day	True	PRJNA1182239	assembly_metadata	current_2406_archive	focal_model_observation	focal_genome_observation	True	archive_analysis_genome	True	False	True				provisional_marker_or_published_annotation							False	1	2026-07-24	Legacy PRN endpoints ignored; record retained only for genome/date/project/marker metadata.
CHN::SAMN44590231	SAMN44590231	SAMN44590231	GCA_050980965		CHN	China	2024-06-13	2024-06-13	2024-06-13	2024	6	2	day	True	PRJNA1182239	assembly_metadata	current_2406_archive	focal_model_observation	focal_genome_observation	True	archive_analysis_genome	True	False	True				provisional_marker_or_published_annotation							False	1	2026-07-24	Legacy PRN endpoints ignored; record retained only for genome/date/project/marker metadata.
CHN::SAMN44590232	SAMN44590232	SAMN44590232	GCA_050981025		CHN	China	2024-06-13	2024-06-13	2024-06-13	2024	6	2	day	True	PRJNA1182239	assembly_metadata	current_2406_archive	focal_model_observation	focal_genome_observation	True	archive_analysis_genome	True	False	True				provisional_marker_or_published_annotation							False	1	2026-07-24	Legacy PRN endpoints ignored; record retained only for genome/date/project/marker metadata.
CHN::SAMN44590233	SAMN44590233	SAMN44590233	GCA_050980975		CHN	China	2024-06-13	2024-06-13	2024-06-13	2024	6	2	day	True	PRJNA1182239	assembly_metadata	current_2406_archive	focal_model_observation	focal_genome_observation	True	archive_analysis_genome	True	False	True				provisional_marker_or_published_annotation							False	1	2026-07-24	Legacy PRN endpoints ignored; record retained only for genome/date/project/marker metadata.
CHN::SAMN44590234	SAMN44590234	SAMN44590234	GCA_050980905		CHN	China	2024-06-13	2024-06-13	2024-06-13	2024	6	2	day	True	PRJNA1182239	assembly_metadata	current_2406_archive	focal_model_observation	focal_genome_observation	True	archive_analysis_genome	True	False	True				provisional_marker_or_published_annotation							False	1	2026-07-24	Legacy PRN endpoints ignored; record retained only for genome/date/project/marker metadata.
CHN::SAMN44590235	SAMN44590235	SAMN44590235	GCA_050980885		CHN	China	2024-06-13	2024-06-13	2024-06-13	2024	6	2	day	True	PRJNA1182239	assembly_metadata	current_2406_archive	focal_model_observation	focal_genome_observation	True	archive_analysis_genome	True	False	True				provisional_marker_or_published_annotation							False	1	2026-07-24	Legacy PRN endpoints ignored; record retained only for genome/date/project/marker metadata.
CHN::SAMN44590236	SAMN44590236	SAMN44590236	GCA_050980845		CHN	China	2024-06-13	2024-06-13	2024-06-13	2024	6	2	day	True	PRJNA1182239	assembly_metadata	current_2406_archive	focal_model_observation	focal_genome_observation	True	archive_analysis_genome	True	False	True				provisional_marker_or_published_annotation							False	1	2026-07-24	Legacy PRN endpoints ignored; record retained only for genome/date/project/marker metadata.
CHN::SAMN44590237	SAMN44590237	SAMN44590237	GCA_050980785		CHN	China	2024-06-13	2024-06-13	2024-06-13	2024	6	2	day	True	PRJNA1182239	assembly_metadata	current_2406_archive	focal_model_observation	focal_genome_observation	True	archive_analysis_genome	True	False	True				provisional_marker_or_published_annotation							False	1	2026-07-24	Legacy PRN endpoints ignored; record retained only for genome/date/project/marker metadata.
CHN::SAMN44590238	SAMN44590238	SAMN44590238	GCA_050980765		CHN	China	2024-06-13	2024-06-13	2024-06-13	2024	6	2	day	True	PRJNA1182239	assembly_metadata	current_2406_archive	focal_model_observation	focal_genome_observation	True	archive_analysis_genome	True	False	True				provisional_marker_or_published_annotation							False	1	2026-07-24	Legacy PRN endpoints ignored; record retained only for genome/date/project/marker metadata.
CHN::SAMN44590239	SAMN44590239	SAMN44590239	GCA_050980685		CHN	China	2024-06-13	2024-06-13	2024-06-13	2024	6	2	day	True	PRJNA1182239	assembly_metadata	current_2406_archive	focal_model_observation	focal_genome_observation	True	archive_analysis_genome	True	False	True				provisional_marker_or_published_annotation							False	1	2026-07-24	Legacy PRN endpoints ignored; record retained only for genome/date/project/marker metadata.
CHN::SAMN44590240	SAMN44590240	SAMN44590240	GCA_050980725		CHN	China	2024-06-19	2024-06-19	2024-06-19	2024	6	2	day	True	PRJNA1182239	assembly_metadata	current_2406_archive	focal_model_observation	focal_genome_observation	True	archive_analysis_genome	True	False	True				provisional_marker_or_published_annotation							False	1	2026-07-24	Legacy PRN endpoints ignored; record retained only for genome/date/project/marker metadata.
CHN::SAMN44590241	SAMN44590241	SAMN44590241	GCA_050980705		CHN	China	2024-06-19	2024-06-19	2024-06-19	2024	6	2	day	True	PRJNA1182239	assembly_metadata	current_2406_archive	focal_model_observation	focal_genome_observation	True	archive_analysis_genome	True	False	True				provisional_marker_or_published_annotation							False	1	2026-07-24	Legacy PRN endpoints ignored; record retained only for genome/date/project/marker metadata.
CHN::SAMN44590242	SAMN44590242	SAMN44590242	GCA_050980565		CHN	China	2024-06-19	2024-06-19	2024-06-19	2024	6	2	day	True	PRJNA1182239	assembly_metadata	current_2406_archive	focal_model_observation	focal_genome_observation	True	archive_analysis_genome	True	False	True				provisional_marker_or_published_annotation							False	1	2026-07-24	Legacy PRN endpoints ignored; record retained only for genome/date/project/marker metadata.
CHN::SAMN44590243	SAMN44590243	SAMN44590243	GCA_050980555		CHN	China	2024-06-19	2024-06-19	2024-06-19	2024	6	2	day	True	PRJNA1182239	assembly_metadata	current_2406_archive	focal_model_observation	focal_genome_observation	True	archive_analysis_genome	True	False	True				provisional_marker_or_published_annotation							False	1	2026-07-24	Legacy PRN endpoints ignored; record retained only for genome/date/project/marker metadata.
CHN::SAMN44590244	SAMN44590244	SAMN44590244	GCA_050980575		CHN	China	2024-06-19	2024-06-19	2024-06-19	2024	6	2	day	True	PRJNA1182239	assembly_metadata	current_2406_archive	focal_model_observation	focal_genome_observation	True	archive_analysis_genome	True	False	True				provisional_marker_or_published_annotation							False	1	2026-07-24	Legacy PRN endpoints ignored; record retained only for genome/date/project/marker metadata.
CHN::SAMN44590245	SAMN44590245	SAMN44590245	GCA_050980485		CHN	China	2024-06-20	2024-06-20	2024-06-20	2024	6	2	day	True	PRJNA1182239	assembly_metadata	current_2406_archive	focal_model_observation	focal_genome_observation	True	archive_analysis_genome	True	False	True				provisional_marker_or_published_annotation							False	1	2026-07-24	Legacy PRN endpoints ignored; record retained only for genome/date/project/marker metadata.
CHN::SAMN44590246	SAMN44590246	SAMN44590246	GCA_050980465		CHN	China	2024-06-20	2024-06-20	2024-06-20	2024	6	2	day	True	PRJNA1182239	assembly_metadata	current_2406_archive	focal_model_observation	focal_genome_observation	True	archive_analysis_genome	True	False	True				provisional_marker_or_published_annotation							False	1	2026-07-24	Legacy PRN endpoints ignored; record retained only for genome/date/project/marker metadata.
CHN::SAMN44590247	SAMN44590247	SAMN44590247	GCA_050980425		CHN	China	2024-06-21	2024-06-21	2024-06-21	2024	6	2	day	True	PRJNA1182239	assembly_metadata	current_2406_archive	focal_model_observation	focal_genome_observation	True	archive_analysis_genome	True	False	True				provisional_marker_or_published_annotation							False	1	2026-07-24	Legacy PRN endpoints ignored; record retained only for genome/date/project/marker metadata.
CHN::SAMN44590248	SAMN44590248	SAMN44590248	GCA_050980345		CHN	China	2024-06-21	2024-06-21	2024-06-21	2024	6	2	day	True	PRJNA1182239	assembly_metadata	current_2406_archive	focal_model_observation	focal_genome_observation	True	archive_analysis_genome	True	False	True				provisional_marker_or_published_annotation							False	1	2026-07-24	Legacy PRN endpoints ignored; record retained only for genome/date/project/marker metadata.
CHN::SAMN44590249	SAMN44590249	SAMN44590249	GCA_050980325		CHN	China	2024-06-21	2024-06-21	2024-06-21	2024	6	2	day	True	PRJNA1182239	assembly_metadata	current_2406_archive	focal_model_observation	focal_genome_observation	True	archive_analysis_genome	True	False	True				provisional_marker_or_published_annotation							False	1	2026-07-24	Legacy PRN endpoints ignored; record retained only for genome/date/project/marker metadata.
CHN::SAMN44590250	SAMN44590250	SAMN44590250	GCA_050980355		CHN	China	2024-06-20	2024-06-20	2024-06-20	2024	6	2	day	True	PRJNA1182239	assembly_metadata	current_2406_archive	focal_model_observation	focal_genome_observation	True	archive_analysis_genome	True	False	True				provisional_marker_or_published_annotation							False	1	2026-07-24	Legacy PRN endpoints ignored; record retained only for genome/date/project/marker metadata.
CHN::SAMN44590251	SAMN44590251	SAMN44590251	GCA_050980285		CHN	China	2024-06-21	2024-06-21	2024-06-21	2024	6	2	day	True	PRJNA1182239	assembly_metadata	current_2406_archive	focal_model_observation	focal_genome_observation	True	archive_analysis_genome	True	False	True				provisional_marker_or_published_annotation							False	1	2026-07-24	Legacy PRN endpoints ignored; record retained only for genome/date/project/marker metadata.
CHN::SAMN44590252	SAMN44590252	SAMN44590252	GCA_050980245		CHN	China	2024-06-21	2024-06-21	2024-06-21	2024	6	2	day	True	PRJNA1182239	assembly_metadata	current_2406_archive	focal_model_observation	focal_genome_observation	True	archive_analysis_genome	True	False	True				provisional_marker_or_published_annotation							False	1	2026-07-24	Legacy PRN endpoints ignored; record retained only for genome/date/project/marker metadata.
CHN::SAMN44590253	SAMN44590253	SAMN44590253	GCA_050980205		CHN	China	2024-06-27	2024-06-27	2024-06-27	2024	6	2	day	True	PRJNA1182239	assembly_metadata	current_2406_archive	focal_model_observation	focal_genome_observation	True	archive_analysis_genome	True	False	True				provisional_marker_or_published_annotation							False	1	2026-07-24	Legacy PRN endpoints ignored; record retained only for genome/date/project/marker metadata.
CHN::SAMN44590254	SAMN44590254	SAMN44590254	GCA_050980165		CHN	China	2024-06-27	2024-06-27	2024-06-27	2024	6	2	day	True	PRJNA1182239	assembly_metadata	current_2406_archive	focal_model_observation	focal_genome_observation	True	archive_analysis_genome	True	False	True				provisional_marker_or_published_annotation							False	1	2026-07-24	Legacy PRN endpoints ignored; record retained only for genome/date/project/marker metadata.
CHN::SAMN44590255	SAMN44590255	SAMN44590255	GCA_050980135		CHN	China	2024-06-27	2024-06-27	2024-06-27	2024	6	2	day	True	PRJNA1182239	assembly_metadata	current_2406_archive	focal_model_observation	focal_genome_observation	True	archive_analysis_genome	True	False	True				provisional_marker_or_published_annotation							False	1	2026-07-24	Legacy PRN endpoints ignored; record retained only for genome/date/project/marker metadata.
CHN::SAMN44590256	SAMN44590256	SAMN44590256	GCA_050980125		CHN	China	2024-06-27	2024-06-27	2024-06-27	2024	6	2	day	True	PRJNA1182239	assembly_metadata	current_2406_archive	focal_model_observation	focal_genome_observation	True	archive_analysis_genome	True	False	True				provisional_marker_or_published_annotation							False	1	2026-07-24	Legacy PRN endpoints ignored; record retained only for genome/date/project/marker metadata.
CHN::SAMN44590257	SAMN44590257	SAMN44590257	GCA_050980045		CHN	China	2024-06-27	2024-06-27	2024-06-27	2024	6	2	day	True	PRJNA1182239	assembly_metadata	current_2406_archive	focal_model_observation	focal_genome_observation	True	archive_analysis_genome	True	False	True				provisional_marker_or_published_annotation							False	1	2026-07-24	Legacy PRN endpoints ignored; record retained only for genome/date/project/marker metadata.
CHN::SAMN44590258	SAMN44590258	SAMN44590258	GCA_050980065		CHN	China	2024-07-01	2024-07-01	2024-07-01	2024	7	3	day	True	PRJNA1182239	assembly_metadata	current_2406_archive	focal_model_observation	focal_genome_observation	True	archive_analysis_genome	True	False	True				provisional_marker_or_published_annotation							False	1	2026-07-24	Legacy PRN endpoints ignored; record retained only for genome/date/project/marker metadata.
CHN::SAMN44590259	SAMN44590259	SAMN44590259	GCA_050980005		CHN	China	2024-07-01	2024-07-01	2024-07-01	2024	7	3	day	True	PRJNA1182239	assembly_metadata	current_2406_archive	focal_model_observation	focal_genome_observation	True	archive_analysis_genome	True	False	True				provisional_marker_or_published_annotation							False	1	2026-07-24	Legacy PRN endpoints ignored; record retained only for genome/date/project/marker metadata.
CHN::SAMN44590260	SAMN44590260	SAMN44590260	GCA_050979925		CHN	China	2024-07-01	2024-07-01	2024-07-01	2024	7	3	day	True	PRJNA1182239	assembly_metadata	current_2406_archive	focal_model_observation	focal_genome_observation	True	archive_analysis_genome	True	False	True				provisional_marker_or_published_annotation							False	1	2026-07-24	Legacy PRN endpoints ignored; record retained only for genome/date/project/marker metadata.
CHN::SAMN44590261	SAMN44590261	SAMN44590261	GCA_050979945		CHN	China	2024-07-01	2024-07-01	2024-07-01	2024	7	3	day	True	PRJNA1182239	assembly_metadata	current_2406_archive	focal_model_observation	focal_genome_observation	True	archive_analysis_genome	True	False	True				provisional_marker_or_published_annotation							False	1	2026-07-24	Legacy PRN endpoints ignored; record retained only for genome/date/project/marker metadata.
CHN::SAMN44590262	SAMN44590262	SAMN44590262	GCA_050979885		CHN	China	2024-07-01	2024-07-01	2024-07-01	2024	7	3	day	True	PRJNA1182239	assembly_metadata	current_2406_archive	focal_model_observation	focal_genome_observation	True	archive_analysis_genome	True	False	True				provisional_marker_or_published_annotation							False	1	2026-07-24	Legacy PRN endpoints ignored; record retained only for genome/date/project/marker metadata.
CHN::SAMN44590263	SAMN44590263	SAMN44590263	GCA_050979825		CHN	China	2024-07-04	2024-07-04	2024-07-04	2024	7	3	day	True	PRJNA1182239	assembly_metadata	current_2406_archive	focal_model_observation	focal_genome_observation	True	archive_analysis_genome	True	False	True				provisional_marker_or_published_annotation							False	1	2026-07-24	Legacy PRN endpoints ignored; record retained only for genome/date/project/marker metadata.
CHN::SAMN44590264	SAMN44590264	SAMN44590264	GCA_050979785		CHN	China	2024-07-04	2024-07-04	2024-07-04	2024	7	3	day	True	PRJNA1182239	assembly_metadata	current_2406_archive	focal_model_observation	focal_genome_observation	True	archive_analysis_genome	True	False	True				provisional_marker_or_published_annotation							False	1	2026-07-24	Legacy PRN endpoints ignored; record retained only for genome/date/project/marker metadata.
CHN::SAMN44590265	SAMN44590265	SAMN44590265	GCA_050979805		CHN	China	2024-07-04	2024-07-04	2024-07-04	2024	7	3	day	True	PRJNA1182239	assembly_metadata	current_2406_archive	focal_model_observation	focal_genome_observation	True	archive_analysis_genome	True	False	True				provisional_marker_or_published_annotation							False	1	2026-07-24	Legacy PRN endpoints ignored; record retained only for genome/date/project/marker metadata.
CHN::SAMN44590266	SAMN44590266	SAMN44590266	GCA_050979705		CHN	China	2024-07-04	2024-07-04	2024-07-04	2024	7	3	day	True	PRJNA1182239	assembly_metadata	current_2406_archive	focal_model_observation	focal_genome_observation	True	archive_analysis_genome	True	False	True				provisional_marker_or_published_annotation							False	1	2026-07-24	Legacy PRN endpoints ignored; record retained only for genome/date/project/marker metadata.
CHN::SAMN44590267	SAMN44590267	SAMN44590267	GCA_050979725		CHN	China	2024-07-04	2024-07-04	2024-07-04	2024	7	3	day	True	PRJNA1182239	assembly_metadata	current_2406_archive	focal_model_observation	focal_genome_observation	True	archive_analysis_genome	True	False	True				provisional_marker_or_published_annotation							False	1	2026-07-24	Legacy PRN endpoints ignored; record retained only for genome/date/project/marker metadata.
CHN::SAMN44590268	SAMN44590268	SAMN44590268	GCA_050979685		CHN	China	2024-07-04	2024-07-04	2024-07-04	2024	7	3	day	True	PRJNA1182239	assembly_metadata	current_2406_archive	focal_model_observation	focal_genome_observation	True	archive_analysis_genome	True	False	True				provisional_marker_or_published_annotation							False	1	2026-07-24	Legacy PRN endpoints ignored; record retained only for genome/date/project/marker metadata.
CHN::SAMN44590269	SAMN44590269	SAMN44590269	GCA_050979645		CHN	China	2024-07-04	2024-07-04	2024-07-04	2024	7	3	day	True	PRJNA1182239	assembly_metadata	current_2406_archive	focal_model_observation	focal_genome_observation	True	archive_analysis_genome	True	False	True				provisional_marker_or_published_annotation							False	1	2026-07-24	Legacy PRN endpoints ignored; record retained only for genome/date/project/marker metadata.
CHN::SAMN44590270	SAMN44590270	SAMN44590270	GCA_050979585		CHN	China	2024-07-04	2024-07-04	2024-07-04	2024	7	3	day	True	PRJNA1182239	assembly_metadata	current_2406_archive	focal_model_observation	focal_genome_observation	True	archive_analysis_genome	True	False	True				provisional_marker_or_published_annotation							False	1	2026-07-24	Legacy PRN endpoints ignored; record retained only for genome/date/project/marker metadata.
CHN::SAMN44590271	SAMN44590271	SAMN44590271	GCA_050979565		CHN	China	2024-07-04	2024-07-04	2024-07-04	2024	7	3	day	True	PRJNA1182239	assembly_metadata	current_2406_archive	focal_model_observation	focal_genome_observation	True	archive_analysis_genome	True	False	True				provisional_marker_or_published_annotation							False	1	2026-07-24	Legacy PRN endpoints ignored; record retained only for genome/date/project/marker metadata.
CHN::SAMN44590272	SAMN44590272	SAMN44590272	GCA_050979525		CHN	China	2024-07-04	2024-07-04	2024-07-04	2024	7	3	day	True	PRJNA1182239	assembly_metadata	current_2406_archive	focal_model_observation	focal_genome_observation	True	archive_analysis_genome	True	False	True				provisional_marker_or_published_annotation							False	1	2026-07-24	Legacy PRN endpoints ignored; record retained only for genome/date/project/marker metadata.
CHN::SAMN44590273	SAMN44590273	SAMN44590273	GCA_050979485		CHN	China	2024-07-04	2024-07-04	2024-07-04	2024	7	3	day	True	PRJNA1182239	assembly_metadata	current_2406_archive	focal_model_observation	focal_genome_observation	True	archive_analysis_genome	True	False	True				provisional_marker_or_published_annotation							False	1	2026-07-24	Legacy PRN endpoints ignored; record retained only for genome/date/project/marker metadata.
CHN::SAMN44590274	SAMN44590274	SAMN44590274	GCA_050979415		CHN	China	2024-07-04	2024-07-04	2024-07-04	2024	7	3	day	True	PRJNA1182239	assembly_metadata	current_2406_archive	focal_model_observation	focal_genome_observation	True	archive_analysis_genome	True	False	True				provisional_marker_or_published_annotation							False	1	2026-07-24	Legacy PRN endpoints ignored; record retained only for genome/date/project/marker metadata.
CHN::SAMN44590275	SAMN44590275	SAMN44590275	GCA_050979385		CHN	China	2024-07-04	2024-07-04	2024-07-04	2024	7	3	day	True	PRJNA1182239	assembly_metadata	current_2406_archive	focal_model_observation	focal_genome_observation	True	archive_analysis_genome	True	False	True				provisional_marker_or_published_annotation							False	1	2026-07-24	Legacy PRN endpoints ignored; record retained only for genome/date/project/marker metadata.
CHN::SAMN44590276	SAMN44590276	SAMN44590276	GCA_050979345		CHN	China	2024-07-04	2024-07-04	2024-07-04	2024	7	3	day	True	PRJNA1182239	assembly_metadata	current_2406_archive	focal_model_observation	focal_genome_observation	True	archive_analysis_genome	True	False	True				provisional_marker_or_published_annotation							False	1	2026-07-24	Legacy PRN endpoints ignored; record retained only for genome/date/project/marker metadata.
CHN::SAMN44590277	SAMN44590277	SAMN44590277	GCA_050979285		CHN	China	2024-07-04	2024-07-04	2024-07-04	2024	7	3	day	True	PRJNA1182239	assembly_metadata	current_2406_archive	focal_model_observation	focal_genome_observation	True	archive_analysis_genome	True	False	True				provisional_marker_or_published_annotation							False	1	2026-07-24	Legacy PRN endpoints ignored; record retained only for genome/date/project/marker metadata.
CHN::SAMN44590278	SAMN44590278	SAMN44590278	GCA_050979265		CHN	China	2024-07-09	2024-07-09	2024-07-09	2024	7	3	day	True	PRJNA1182239	assembly_metadata	current_2406_archive	focal_model_observation	focal_genome_observation	True	archive_analysis_genome	True	False	True				provisional_marker_or_published_annotation							False	1	2026-07-24	Legacy PRN endpoints ignored; record retained only for genome/date/project/marker metadata.
CHN::SAMN44590279	SAMN44590279	SAMN44590279	GCA_050979225		CHN	China	2024-07-09	2024-07-09	2024-07-09	2024	7	3	day	True	PRJNA1182239	assembly_metadata	current_2406_archive	focal_model_observation	focal_genome_observation	True	archive_analysis_genome	True	False	True				provisional_marker_or_published_annotation							False	1	2026-07-24	Legacy PRN endpoints ignored; record retained only for genome/date/project/marker metadata.
CHN::SAMN44590280	SAMN44590280	SAMN44590280	GCA_050979245		CHN	China	2024-07-09	2024-07-09	2024-07-09	2024	7	3	day	True	PRJNA1182239	assembly_metadata	current_2406_archive	focal_model_observation	focal_genome_observation	True	archive_analysis_genome	True	False	True				provisional_marker_or_published_annotation							False	1	2026-07-24	Legacy PRN endpoints ignored; record retained only for genome/date/project/marker metadata.
CHN::SAMN44590281	SAMN44590281	SAMN44590281	GCA_050979205		CHN	China	2024-07-18	2024-07-18	2024-07-18	2024	7	3	day	True	PRJNA1182239	assembly_metadata	current_2406_archive	focal_model_observation	focal_genome_observation	True	archive_analysis_genome	True	False	True				provisional_marker_or_published_annotation							False	1	2026-07-24	Legacy PRN endpoints ignored; record retained only for genome/date/project/marker metadata.
CHN::SAMN44590282	SAMN44590282	SAMN44590282	GCA_050979165		CHN	China	2024-07-19	2024-07-19	2024-07-19	2024	7	3	day	True	PRJNA1182239	assembly_metadata	current_2406_archive	focal_model_observation	focal_genome_observation	True	archive_analysis_genome	True	False	True				provisional_marker_or_published_annotation							False	1	2026-07-24	Legacy PRN endpoints ignored; record retained only for genome/date/project/marker metadata.
CHN::SAMN44590283	SAMN44590283	SAMN44590283	GCA_050979185		CHN	China	2024-07-19	2024-07-19	2024-07-19	2024	7	3	day	True	PRJNA1182239	assembly_metadata	current_2406_archive	focal_model_observation	focal_genome_observation	True	archive_analysis_genome	True	False	True				provisional_marker_or_published_annotation							False	1	2026-07-24	Legacy PRN endpoints ignored; record retained only for genome/date/project/marker metadata.
CHN::SAMN44590284	SAMN44590284	SAMN44590284	GCA_050979145		CHN	China	2024-07-19	2024-07-19	2024-07-19	2024	7	3	day	True	PRJNA1182239	assembly_metadata	current_2406_archive	focal_model_observation	focal_genome_observation	True	archive_analysis_genome	True	False	True				provisional_marker_or_published_annotation							False	1	2026-07-24	Legacy PRN endpoints ignored; record retained only for genome/date/project/marker metadata.
CHN::SAMN44590285	SAMN44590285	SAMN44590285	GCA_050979125		CHN	China	2024-07-19	2024-07-19	2024-07-19	2024	7	3	day	True	PRJNA1182239	assembly_metadata	current_2406_archive	focal_model_observation	focal_genome_observation	True	archive_analysis_genome	True	False	True				provisional_marker_or_published_annotation							False	1	2026-07-24	Legacy PRN endpoints ignored; record retained only for genome/date/project/marker metadata.
CHN::SAMN44590286	SAMN44590286	SAMN44590286	GCA_050979105		CHN	China	2024-07-19	2024-07-19	2024-07-19	2024	7	3	day	True	PRJNA1182239	assembly_metadata	current_2406_archive	focal_model_observation	focal_genome_observation	True	archive_analysis_genome	True	False	True				provisional_marker_or_published_annotation							False	1	2026-07-24	Legacy PRN endpoints ignored; record retained only for genome/date/project/marker metadata.
CHN::SAMN44590287	SAMN44590287	SAMN44590287	GCA_050979085		CHN	China	2024-07-18	2024-07-18	2024-07-18	2024	7	3	day	True	PRJNA1182239	assembly_metadata	current_2406_archive	focal_model_observation	focal_genome_observation	True	archive_analysis_genome	True	False	True				provisional_marker_or_published_annotation							False	1	2026-07-24	Legacy PRN endpoints ignored; record retained only for genome/date/project/marker metadata.
CHN::SAMN44590288	SAMN44590288	SAMN44590288	GCA_050979065		CHN	China	2024-07-18	2024-07-18	2024-07-18	2024	7	3	day	True	PRJNA1182239	assembly_metadata	current_2406_archive	focal_model_observation	focal_genome_observation	True	archive_analysis_genome	True	False	True				provisional_marker_or_published_annotation							False	1	2026-07-24	Legacy PRN endpoints ignored; record retained only for genome/date/project/marker metadata.
CHN::SAMN44590289	SAMN44590289	SAMN44590289	GCA_050979045		CHN	China	2024-07-19	2024-07-19	2024-07-19	2024	7	3	day	True	PRJNA1182239	assembly_metadata	current_2406_archive	focal_model_observation	focal_genome_observation	True	archive_analysis_genome	True	False	True				provisional_marker_or_published_annotation							False	1	2026-07-24	Legacy PRN endpoints ignored; record retained only for genome/date/project/marker metadata.
CHN::SAMN44590290	SAMN44590290	SAMN44590290	GCA_050978995		CHN	China	2024-07-19	2024-07-19	2024-07-19	2024	7	3	day	True	PRJNA1182239	assembly_metadata	current_2406_archive	focal_model_observation	focal_genome_observation	True	archive_analysis_genome	True	False	True				provisional_marker_or_published_annotation							False	1	2026-07-24	Legacy PRN endpoints ignored; record retained only for genome/date/project/marker metadata.
CHN::SAMN44590291	SAMN44590291	SAMN44590291	GCA_050979015		CHN	China	2024-07-19	2024-07-19	2024-07-19	2024	7	3	day	True	PRJNA1182239	assembly_metadata	current_2406_archive	focal_model_observation	focal_genome_observation	True	archive_analysis_genome	True	False	True				provisional_marker_or_published_annotation							False	1	2026-07-24	Legacy PRN endpoints ignored; record retained only for genome/date/project/marker metadata.
CHN::SAMN44590292	SAMN44590292	SAMN44590292	GCA_050978975		CHN	China	2024-08-01	2024-08-01	2024-08-01	2024	8	3	day	True	PRJNA1182239	assembly_metadata	current_2406_archive	focal_model_observation	focal_genome_observation	True	archive_analysis_genome	True	False	True				provisional_marker_or_published_annotation							False	1	2026-07-24	Legacy PRN endpoints ignored; record retained only for genome/date/project/marker metadata.
CHN::SAMN44590293	SAMN44590293	SAMN44590293	GCA_050978945		CHN	China	2024-08-01	2024-08-01	2024-08-01	2024	8	3	day	True	PRJNA1182239	assembly_metadata	current_2406_archive	focal_model_observation	focal_genome_observation	True	archive_analysis_genome	True	False	True				provisional_marker_or_published_annotation							False	1	2026-07-24	Legacy PRN endpoints ignored; record retained only for genome/date/project/marker metadata.
CHN::SAMN44590294	SAMN44590294	SAMN44590294	GCA_050978925		CHN	China	2024-08-01	2024-08-01	2024-08-01	2024	8	3	day	True	PRJNA1182239	assembly_metadata	current_2406_archive	focal_model_observation	focal_genome_observation	True	archive_analysis_genome	True	False	True				provisional_marker_or_published_annotation							False	1	2026-07-24	Legacy PRN endpoints ignored; record retained only for genome/date/project/marker metadata.
CHN::SAMN44590295	SAMN44590295	SAMN44590295	GCA_050978905		CHN	China	2024-08-01	2024-08-01	2024-08-01	2024	8	3	day	True	PRJNA1182239	assembly_metadata	current_2406_archive	focal_model_observation	focal_genome_observation	True	archive_analysis_genome	True	False	True				provisional_marker_or_published_annotation							False	1	2026-07-24	Legacy PRN endpoints ignored; record retained only for genome/date/project/marker metadata.
CHN::SAMN44590296	SAMN44590296	SAMN44590296	GCA_050978885		CHN	China	2024-08-01	2024-08-01	2024-08-01	2024	8	3	day	True	PRJNA1182239	assembly_metadata	current_2406_archive	focal_model_observation	focal_genome_observation	True	archive_analysis_genome	True	False	True				provisional_marker_or_published_annotation							False	1	2026-07-24	Legacy PRN endpoints ignored; record retained only for genome/date/project/marker metadata.
CHN::SAMN44590297	SAMN44590297	SAMN44590297	GCA_050978865		CHN	China	2024-08-01	2024-08-01	2024-08-01	2024	8	3	day	True	PRJNA1182239	assembly_metadata	current_2406_archive	focal_model_observation	focal_genome_observation	True	archive_analysis_genome	True	False	True				provisional_marker_or_published_annotation							False	1	2026-07-24	Legacy PRN endpoints ignored; record retained only for genome/date/project/marker metadata.
CHN::SAMN44590298	SAMN44590298	SAMN44590298	GCA_050978845		CHN	China	2024-08-01	2024-08-01	2024-08-01	2024	8	3	day	True	PRJNA1182239	assembly_metadata	current_2406_archive	focal_model_observation	focal_genome_observation	True	archive_analysis_genome	True	False	True				provisional_marker_or_published_annotation							False	1	2026-07-24	Legacy PRN endpoints ignored; record retained only for genome/date/project/marker metadata.
CHN::SAMN44590299	SAMN44590299	SAMN44590299	GCA_050978805		CHN	China	2024-08-01	2024-08-01	2024-08-01	2024	8	3	day	True	PRJNA1182239	assembly_metadata	current_2406_archive	focal_model_observation	focal_genome_observation	True	archive_analysis_genome	True	False	True				provisional_marker_or_published_annotation							False	1	2026-07-24	Legacy PRN endpoints ignored; record retained only for genome/date/project/marker metadata.
CHN::SAMN44590300	SAMN44590300	SAMN44590300	GCA_050978825		CHN	China	2024-08-12	2024-08-12	2024-08-12	2024	8	3	day	True	PRJNA1182239	assembly_metadata	current_2406_archive	focal_model_observation	focal_genome_observation	True	archive_analysis_genome	True	False	True				provisional_marker_or_published_annotation							False	1	2026-07-24	Legacy PRN endpoints ignored; record retained only for genome/date/project/marker metadata.
CHN::SAMN44590301	SAMN44590301	SAMN44590301	GCA_050978785		CHN	China	2024-08-12	2024-08-12	2024-08-12	2024	8	3	day	True	PRJNA1182239	assembly_metadata	current_2406_archive	focal_model_observation	focal_genome_observation	True	archive_analysis_genome	True	False	True				provisional_marker_or_published_annotation							False	1	2026-07-24	Legacy PRN endpoints ignored; record retained only for genome/date/project/marker metadata.
CHN::SAMN44590302	SAMN44590302	SAMN44590302	GCA_050978765		CHN	China	2024-08-12	2024-08-12	2024-08-12	2024	8	3	day	True	PRJNA1182239	assembly_metadata	current_2406_archive	focal_model_observation	focal_genome_observation	True	archive_analysis_genome	True	False	True				provisional_marker_or_published_annotation							False	1	2026-07-24	Legacy PRN endpoints ignored; record retained only for genome/date/project/marker metadata.
CHN::SAMN44590303	SAMN44590303	SAMN44590303	GCA_050978745		CHN	China	2024-08-23	2024-08-23	2024-08-23	2024	8	3	day	True	PRJNA1182239	assembly_metadata	current_2406_archive	focal_model_observation	focal_genome_observation	True	archive_analysis_genome	True	False	True				provisional_marker_or_published_annotation							False	1	2026-07-24	Legacy PRN endpoints ignored; record retained only for genome/date/project/marker metadata.
CHN::SAMN44590304	SAMN44590304	SAMN44590304	GCA_050978725		CHN	China	2024-08-23	2024-08-23	2024-08-23	2024	8	3	day	True	PRJNA1182239	assembly_metadata	current_2406_archive	focal_model_observation	focal_genome_observation	True	archive_analysis_genome	True	False	True				provisional_marker_or_published_annotation							False	1	2026-07-24	Legacy PRN endpoints ignored; record retained only for genome/date/project/marker metadata.
CHN::SAMN44590305	SAMN44590305	SAMN44590305	GCA_050978685		CHN	China	2024-08-23	2024-08-23	2024-08-23	2024	8	3	day	True	PRJNA1182239	assembly_metadata	current_2406_archive	focal_model_observation	focal_genome_observation	True	archive_analysis_genome	True	False	True				provisional_marker_or_published_annotation							False	1	2026-07-24	Legacy PRN endpoints ignored; record retained only for genome/date/project/marker metadata.
CHN::SAMN44590306	SAMN44590306	SAMN44590306	GCA_050978705		CHN	China	2024-08-23	2024-08-23	2024-08-23	2024	8	3	day	True	PRJNA1182239	assembly_metadata	current_2406_archive	focal_model_observation	focal_genome_observation	True	archive_analysis_genome	True	False	True				provisional_marker_or_published_annotation							False	1	2026-07-24	Legacy PRN endpoints ignored; record retained only for genome/date/project/marker metadata.
CHN::SAMN44590307	SAMN44590307	SAMN44590307	GCA_050978665		CHN	China	2024-08-27	2024-08-27	2024-08-27	2024	8	3	day	True	PRJNA1182239	assembly_metadata	current_2406_archive	focal_model_observation	focal_genome_observation	True	archive_analysis_genome	True	False	True				provisional_marker_or_published_annotation							False	1	2026-07-24	Legacy PRN endpoints ignored; record retained only for genome/date/project/marker metadata.
CHN::SAMN44590308	SAMN44590308	SAMN44590308	GCA_050978625		CHN	China	2024-08-27	2024-08-27	2024-08-27	2024	8	3	day	True	PRJNA1182239	assembly_metadata	current_2406_archive	focal_model_observation	focal_genome_observation	True	archive_analysis_genome	True	False	True				provisional_marker_or_published_annotation							False	1	2026-07-24	Legacy PRN endpoints ignored; record retained only for genome/date/project/marker metadata.
CHN::SAMN44590309	SAMN44590309	SAMN44590309	GCA_050978635		CHN	China	2024-08-27	2024-08-27	2024-08-27	2024	8	3	day	True	PRJNA1182239	assembly_metadata	current_2406_archive	focal_model_observation	focal_genome_observation	True	archive_analysis_genome	True	False	True				provisional_marker_or_published_annotation							False	1	2026-07-24	Legacy PRN endpoints ignored; record retained only for genome/date/project/marker metadata.
CHN::SAMN44590310	SAMN44590310	SAMN44590310	GCA_050978605		CHN	China	2024-08-27	2024-08-27	2024-08-27	2024	8	3	day	True	PRJNA1182239	assembly_metadata	current_2406_archive	focal_model_observation	focal_genome_observation	True	archive_analysis_genome	True	False	True				provisional_marker_or_published_annotation							False	1	2026-07-24	Legacy PRN endpoints ignored; record retained only for genome/date/project/marker metadata.
CHN::SAMN44590311	SAMN44590311	SAMN44590311	GCA_050978585		CHN	China	2024-08-27	2024-08-27	2024-08-27	2024	8	3	day	True	PRJNA1182239	assembly_metadata	current_2406_archive	focal_model_observation	focal_genome_observation	True	archive_analysis_genome	True	False	True				provisional_marker_or_published_annotation							False	1	2026-07-24	Legacy PRN endpoints ignored; record retained only for genome/date/project/marker metadata.
CHN::SAMN44590312	SAMN44590312	SAMN44590312	GCA_050978565		CHN	China	2024-08-27	2024-08-27	2024-08-27	2024	8	3	day	True	PRJNA1182239	assembly_metadata	current_2406_archive	focal_model_observation	focal_genome_observation	True	archive_analysis_genome	True	False	True				provisional_marker_or_published_annotation							False	1	2026-07-24	Legacy PRN endpoints ignored; record retained only for genome/date/project/marker metadata.
CHN::SAMN44590313	SAMN44590313	SAMN44590313	GCA_050978545		CHN	China	2024-08-30	2024-08-30	2024-08-30	2024	8	3	day	True	PRJNA1182239	assembly_metadata	current_2406_archive	focal_model_observation	focal_genome_observation	True	archive_analysis_genome	True	False	True				provisional_marker_or_published_annotation							False	1	2026-07-24	Legacy PRN endpoints ignored; record retained only for genome/date/project/marker metadata.
CHN::SAMN44590314	SAMN44590314	SAMN44590314	GCA_050978525		CHN	China	2024-08-30	2024-08-30	2024-08-30	2024	8	3	day	True	PRJNA1182239	assembly_metadata	current_2406_archive	focal_model_observation	focal_genome_observation	True	archive_analysis_genome	True	False	True				provisional_marker_or_published_annotation							False	1	2026-07-24	Legacy PRN endpoints ignored; record retained only for genome/date/project/marker metadata.
CHN::SAMN44590315	SAMN44590315	SAMN44590315	GCA_051042995		CHN	China	2024-08-30	2024-08-30	2024-08-30	2024	8	3	day	True	PRJNA1182239	assembly_metadata	current_2406_archive	focal_model_observation	focal_genome_observation	True	archive_analysis_genome	True	False	True				provisional_marker_or_published_annotation							False	1	2026-07-24	Legacy PRN endpoints ignored; record retained only for genome/date/project/marker metadata.
CHN::SAMN50151934	SAMN50151934	SAMN50151934	GCA_053475005		CHN	China	2018	2018-01-01	2018-12-31	2018			year	False	PRJNA1295129	assembly_metadata	current_2406_archive	historical_tree_anchor	focal_genome_observation	True	archive_analysis_genome	True	False	True				provisional_marker_or_published_annotation							False	1	2026-07-24	Legacy PRN endpoints ignored; record retained only for genome/date/project/marker metadata.
CHN::SAMN50151935	SAMN50151935	SAMN50151935	GCA_053474985		CHN	China	2018	2018-01-01	2018-12-31	2018			year	False	PRJNA1295129	assembly_metadata	current_2406_archive	historical_tree_anchor	focal_genome_observation	True	archive_analysis_genome	True	False	True				provisional_marker_or_published_annotation							False	1	2026-07-24	Legacy PRN endpoints ignored; record retained only for genome/date/project/marker metadata.
CHN::SAMN50151936	SAMN50151936	SAMN50151936	GCA_053474965		CHN	China	2018	2018-01-01	2018-12-31	2018			year	False	PRJNA1295129	assembly_metadata	current_2406_archive	historical_tree_anchor	focal_genome_observation	True	archive_analysis_genome	True	False	True				provisional_marker_or_published_annotation							False	1	2026-07-24	Legacy PRN endpoints ignored; record retained only for genome/date/project/marker metadata.
CHN::SAMN50151937	SAMN50151937	SAMN50151937	GCA_053474945		CHN	China	2018	2018-01-01	2018-12-31	2018			year	False	PRJNA1295129	assembly_metadata	current_2406_archive	historical_tree_anchor	focal_genome_observation	True	archive_analysis_genome	True	False	True				provisional_marker_or_published_annotation							False	1	2026-07-24	Legacy PRN endpoints ignored; record retained only for genome/date/project/marker metadata.
CHN::SAMN50151938	SAMN50151938	SAMN50151938	GCA_053474925		CHN	China	2018	2018-01-01	2018-12-31	2018			year	False	PRJNA1295129	assembly_metadata	current_2406_archive	historical_tree_anchor	focal_genome_observation	True	archive_analysis_genome	True	False	True				provisional_marker_or_published_annotation							False	1	2026-07-24	Legacy PRN endpoints ignored; record retained only for genome/date/project/marker metadata.
CHN::SAMN50151939	SAMN50151939	SAMN50151939	GCA_053474905		CHN	China	2018	2018-01-01	2018-12-31	2018			year	False	PRJNA1295129	assembly_metadata	current_2406_archive	historical_tree_anchor	focal_genome_observation	True	archive_analysis_genome	True	False	True				provisional_marker_or_published_annotation							False	1	2026-07-24	Legacy PRN endpoints ignored; record retained only for genome/date/project/marker metadata.
CHN::SAMN50151940	SAMN50151940	SAMN50151940	GCA_053474745		CHN	China	2018	2018-01-01	2018-12-31	2018			year	False	PRJNA1295129	assembly_metadata	current_2406_archive	historical_tree_anchor	focal_genome_observation	True	archive_analysis_genome	True	False	True				provisional_marker_or_published_annotation							False	1	2026-07-24	Legacy PRN endpoints ignored; record retained only for genome/date/project/marker metadata.
CHN::SAMN50151941	SAMN50151941	SAMN50151941	GCA_053474765		CHN	China	2018	2018-01-01	2018-12-31	2018			year	False	PRJNA1295129	assembly_metadata	current_2406_archive	historical_tree_anchor	focal_genome_observation	True	archive_analysis_genome	True	False	True				provisional_marker_or_published_annotation							False	1	2026-07-24	Legacy PRN endpoints ignored; record retained only for genome/date/project/marker metadata.
CHN::SAMN50151942	SAMN50151942	SAMN50151942	GCA_053474725		CHN	China	2018	2018-01-01	2018-12-31	2018			year	False	PRJNA1295129	assembly_metadata	current_2406_archive	historical_tree_anchor	focal_genome_observation	True	archive_analysis_genome	True	False	True				provisional_marker_or_published_annotation							False	1	2026-07-24	Legacy PRN endpoints ignored; record retained only for genome/date/project/marker metadata.
CHN::SAMN50151943	SAMN50151943	SAMN50151943	GCA_053474685		CHN	China	2018	2018-01-01	2018-12-31	2018			year	False	PRJNA1295129	assembly_metadata	current_2406_archive	historical_tree_anchor	focal_genome_observation	True	archive_analysis_genome	True	False	True				provisional_marker_or_published_annotation							False	1	2026-07-24	Legacy PRN endpoints ignored; record retained only for genome/date/project/marker metadata.
CHN::SAMN50151944	SAMN50151944	SAMN50151944	GCA_053474705		CHN	China	2018	2018-01-01	2018-12-31	2018			year	False	PRJNA1295129	assembly_metadata	current_2406_archive	historical_tree_anchor	focal_genome_observation	True	archive_analysis_genome	True	False	True				provisional_marker_or_published_annotation							False	1	2026-07-24	Legacy PRN endpoints ignored; record retained only for genome/date/project/marker metadata.
CHN::SAMN50151945	SAMN50151945	SAMN50151945	GCA_053474665		CHN	China	2018	2018-01-01	2018-12-31	2018			year	False	PRJNA1295129	assembly_metadata	current_2406_archive	historical_tree_anchor	focal_genome_observation	True	archive_analysis_genome	True	False	True				provisional_marker_or_published_annotation							False	1	2026-07-24	Legacy PRN endpoints ignored; record retained only for genome/date/project/marker metadata.
CHN::SAMN50151946	SAMN50151946	SAMN50151946	GCA_053474645		CHN	China	2018	2018-01-01	2018-12-31	2018			year	False	PRJNA1295129	assembly_metadata	current_2406_archive	historical_tree_anchor	focal_genome_observation	True	archive_analysis_genome	True	False	True				provisional_marker_or_published_annotation							False	1	2026-07-24	Legacy PRN endpoints ignored; record retained only for genome/date/project/marker metadata.
CHN::SAMN50151947	SAMN50151947	SAMN50151947	GCA_053474625		CHN	China	2018	2018-01-01	2018-12-31	2018			year	False	PRJNA1295129	assembly_metadata	current_2406_archive	historical_tree_anchor	focal_genome_observation	True	archive_analysis_genome	True	False	True				provisional_marker_or_published_annotation							False	1	2026-07-24	Legacy PRN endpoints ignored; record retained only for genome/date/project/marker metadata.
CHN::SAMN50151948	SAMN50151948	SAMN50151948	GCA_053474605		CHN	China	2018	2018-01-01	2018-12-31	2018			year	False	PRJNA1295129	assembly_metadata	current_2406_archive	historical_tree_anchor	focal_genome_observation	True	archive_analysis_genome	True	False	True				provisional_marker_or_published_annotation							False	1	2026-07-24	Legacy PRN endpoints ignored; record retained only for genome/date/project/marker metadata.
CHN::SAMN50151949	SAMN50151949	SAMN50151949	GCA_053474585		CHN	China	2018	2018-01-01	2018-12-31	2018			year	False	PRJNA1295129	assembly_metadata	current_2406_archive	historical_tree_anchor	focal_genome_observation	True	archive_analysis_genome	True	False	True				provisional_marker_or_published_annotation							False	1	2026-07-24	Legacy PRN endpoints ignored; record retained only for genome/date/project/marker metadata.
CHN::SAMN50151950	SAMN50151950	SAMN50151950	GCA_053474545		CHN	China	2018	2018-01-01	2018-12-31	2018			year	False	PRJNA1295129	assembly_metadata	current_2406_archive	historical_tree_anchor	focal_genome_observation	True	archive_analysis_genome	True	False	True				provisional_marker_or_published_annotation							False	1	2026-07-24	Legacy PRN endpoints ignored; record retained only for genome/date/project/marker metadata.
CHN::SAMN50151951	SAMN50151951	SAMN50151951	GCA_053474565		CHN	China	2018	2018-01-01	2018-12-31	2018			year	False	PRJNA1295129	assembly_metadata	current_2406_archive	historical_tree_anchor	focal_genome_observation	True	archive_analysis_genome	True	False	True				provisional_marker_or_published_annotation							False	1	2026-07-24	Legacy PRN endpoints ignored; record retained only for genome/date/project/marker metadata.
CHN::SAMN50151952	SAMN50151952	SAMN50151952	GCA_053474505		CHN	China	2018	2018-01-01	2018-12-31	2018			year	False	PRJNA1295129	assembly_metadata	current_2406_archive	historical_tree_anchor	focal_genome_observation	True	archive_analysis_genome	True	False	True				provisional_marker_or_published_annotation							False	1	2026-07-24	Legacy PRN endpoints ignored; record retained only for genome/date/project/marker metadata.
CHN::SAMN50151953	SAMN50151953	SAMN50151953	GCA_053474485		CHN	China	2018	2018-01-01	2018-12-31	2018			year	False	PRJNA1295129	assembly_metadata	current_2406_archive	historical_tree_anchor	focal_genome_observation	True	archive_analysis_genome	True	False	True				provisional_marker_or_published_annotation							False	1	2026-07-24	Legacy PRN endpoints ignored; record retained only for genome/date/project/marker metadata.
CHN::SAMN50151954	SAMN50151954	SAMN50151954	GCA_053474525		CHN	China	2018	2018-01-01	2018-12-31	2018			year	False	PRJNA1295129	assembly_metadata	current_2406_archive	historical_tree_anchor	focal_genome_observation	True	archive_analysis_genome	True	False	True				provisional_marker_or_published_annotation							False	1	2026-07-24	Legacy PRN endpoints ignored; record retained only for genome/date/project/marker metadata.
CHN::SAMN50151955	SAMN50151955	SAMN50151955	GCA_053474465		CHN	China	2018	2018-01-01	2018-12-31	2018			year	False	PRJNA1295129	assembly_metadata	current_2406_archive	historical_tree_anchor	focal_genome_observation	True	archive_analysis_genome	True	False	True				provisional_marker_or_published_annotation							False	1	2026-07-24	Legacy PRN endpoints ignored; record retained only for genome/date/project/marker metadata.
CHN::SAMN50151956	SAMN50151956	SAMN50151956	GCA_053474425		CHN	China	2018	2018-01-01	2018-12-31	2018			year	False	PRJNA1295129	assembly_metadata	current_2406_archive	historical_tree_anchor	focal_genome_observation	True	archive_analysis_genome	True	False	True				provisional_marker_or_published_annotation							False	1	2026-07-24	Legacy PRN endpoints ignored; record retained only for genome/date/project/marker metadata.
CHN::SAMN50151957	SAMN50151957	SAMN50151957	GCA_053474445		CHN	China	2018	2018-01-01	2018-12-31	2018			year	False	PRJNA1295129	assembly_metadata	current_2406_archive	historical_tree_anchor	focal_genome_observation	True	archive_analysis_genome	True	False	True				provisional_marker_or_published_annotation							False	1	2026-07-24	Legacy PRN endpoints ignored; record retained only for genome/date/project/marker metadata.
CHN::SAMN50151958	SAMN50151958	SAMN50151958	GCA_053474405		CHN	China	2019	2019-01-01	2019-12-31	2019			year	False	PRJNA1295129	assembly_metadata	current_2406_archive	historical_tree_anchor	focal_genome_observation	True	archive_analysis_genome	True	False	True				provisional_marker_or_published_annotation							False	1	2026-07-24	Legacy PRN endpoints ignored; record retained only for genome/date/project/marker metadata.
CHN::SAMN50151959	SAMN50151959	SAMN50151959	GCA_053474385		CHN	China	2019	2019-01-01	2019-12-31	2019			year	False	PRJNA1295129	assembly_metadata	current_2406_archive	historical_tree_anchor	focal_genome_observation	True	archive_analysis_genome	True	False	True				provisional_marker_or_published_annotation							False	1	2026-07-24	Legacy PRN endpoints ignored; record retained only for genome/date/project/marker metadata.
CHN::SAMN50151960	SAMN50151960	SAMN50151960	GCA_053474365		CHN	China	2019	2019-01-01	2019-12-31	2019			year	False	PRJNA1295129	assembly_metadata	current_2406_archive	historical_tree_anchor	focal_genome_observation	True	archive_analysis_genome	True	False	True				provisional_marker_or_published_annotation							False	1	2026-07-24	Legacy PRN endpoints ignored; record retained only for genome/date/project/marker metadata.
CHN::SAMN50151961	SAMN50151961	SAMN50151961	GCA_053474325		CHN	China	2019	2019-01-01	2019-12-31	2019			year	False	PRJNA1295129	assembly_metadata	current_2406_archive	historical_tree_anchor	focal_genome_observation	True	archive_analysis_genome	True	False	True				provisional_marker_or_published_annotation							False	1	2026-07-24	Legacy PRN endpoints ignored; record retained only for genome/date/project/marker metadata.
CHN::SAMN50151962	SAMN50151962	SAMN50151962	GCA_053474345		CHN	China	2019	2019-01-01	2019-12-31	2019			year	False	PRJNA1295129	assembly_metadata	current_2406_archive	historical_tree_anchor	focal_genome_observation	True	archive_analysis_genome	True	False	True				provisional_marker_or_published_annotation							False	1	2026-07-24	Legacy PRN endpoints ignored; record retained only for genome/date/project/marker metadata.
CHN::SAMN50151963	SAMN50151963	SAMN50151963	GCA_053474305		CHN	China	2019	2019-01-01	2019-12-31	2019			year	False	PRJNA1295129	assembly_metadata	current_2406_archive	historical_tree_anchor	focal_genome_observation	True	archive_analysis_genome	True	False	True				provisional_marker_or_published_annotation							False	1	2026-07-24	Legacy PRN endpoints ignored; record retained only for genome/date/project/marker metadata.
CHN::SAMN50151964	SAMN50151964	SAMN50151964	GCA_053474285		CHN	China	2019	2019-01-01	2019-12-31	2019			year	False	PRJNA1295129	assembly_metadata	current_2406_archive	historical_tree_anchor	focal_genome_observation	True	archive_analysis_genome	True	False	True				provisional_marker_or_published_annotation							False	1	2026-07-24	Legacy PRN endpoints ignored; record retained only for genome/date/project/marker metadata.
CHN::SAMN50151965	SAMN50151965	SAMN50151965	GCA_053474265		CHN	China	2019	2019-01-01	2019-12-31	2019			year	False	PRJNA1295129	assembly_metadata	current_2406_archive	historical_tree_anchor	focal_genome_observation	True	archive_analysis_genome	True	False	True				provisional_marker_or_published_annotation							False	1	2026-07-24	Legacy PRN endpoints ignored; record retained only for genome/date/project/marker metadata.
CHN::SAMN50151966	SAMN50151966	SAMN50151966	GCA_053474245		CHN	China	2019	2019-01-01	2019-12-31	2019			year	False	PRJNA1295129	assembly_metadata	current_2406_archive	historical_tree_anchor	focal_genome_observation	True	archive_analysis_genome	True	False	True				provisional_marker_or_published_annotation							False	1	2026-07-24	Legacy PRN endpoints ignored; record retained only for genome/date/project/marker metadata.
CHN::SAMN50151967	SAMN50151967	SAMN50151967	GCA_053474205		CHN	China	2019	2019-01-01	2019-12-31	2019			year	False	PRJNA1295129	assembly_metadata	current_2406_archive	historical_tree_anchor	focal_genome_observation	True	archive_analysis_genome	True	False	True				provisional_marker_or_published_annotation							False	1	2026-07-24	Legacy PRN endpoints ignored; record retained only for genome/date/project/marker metadata.
CHN::SAMN50151968	SAMN50151968	SAMN50151968	GCA_053474225		CHN	China	2019	2019-01-01	2019-12-31	2019			year	False	PRJNA1295129	assembly_metadata	current_2406_archive	historical_tree_anchor	focal_genome_observation	True	archive_analysis_genome	True	False	True				provisional_marker_or_published_annotation							False	1	2026-07-24	Legacy PRN endpoints ignored; record retained only for genome/date/project/marker metadata.
CHN::SAMN50151969	SAMN50151969	SAMN50151969	GCA_053474185		CHN	China	2019	2019-01-01	2019-12-31	2019			year	False	PRJNA1295129	assembly_metadata	current_2406_archive	historical_tree_anchor	focal_genome_observation	True	archive_analysis_genome	True	False	True				provisional_marker_or_published_annotation							False	1	2026-07-24	Legacy PRN endpoints ignored; record retained only for genome/date/project/marker metadata.
CHN::SAMN50151970	SAMN50151970	SAMN50151970	GCA_053474145		CHN	China	2019	2019-01-01	2019-12-31	2019			year	False	PRJNA1295129	assembly_metadata	current_2406_archive	historical_tree_anchor	focal_genome_observation	True	archive_analysis_genome	True	False	True				provisional_marker_or_published_annotation							False	1	2026-07-24	Legacy PRN endpoints ignored; record retained only for genome/date/project/marker metadata.
CHN::SAMN50151971	SAMN50151971	SAMN50151971	GCA_053474165		CHN	China	2019	2019-01-01	2019-12-31	2019			year	False	PRJNA1295129	assembly_metadata	current_2406_archive	historical_tree_anchor	focal_genome_observation	True	archive_analysis_genome	True	False	True				provisional_marker_or_published_annotation							False	1	2026-07-24	Legacy PRN endpoints ignored; record retained only for genome/date/project/marker metadata.
CHN::SAMN50151972	SAMN50151972	SAMN50151972	GCA_053474125		CHN	China	2019	2019-01-01	2019-12-31	2019			year	False	PRJNA1295129	assembly_metadata	current_2406_archive	historical_tree_anchor	focal_genome_observation	True	archive_analysis_genome	True	False	True				provisional_marker_or_published_annotation							False	1	2026-07-24	Legacy PRN endpoints ignored; record retained only for genome/date/project/marker metadata.
CHN::SAMN50151973	SAMN50151973	SAMN50151973	GCA_053474105		CHN	China	2019	2019-01-01	2019-12-31	2019			year	False	PRJNA1295129	assembly_metadata	current_2406_archive	historical_tree_anchor	focal_genome_observation	True	archive_analysis_genome	True	False	True				provisional_marker_or_published_annotation							False	1	2026-07-24	Legacy PRN endpoints ignored; record retained only for genome/date/project/marker metadata.
CHN::SAMN50151974	SAMN50151974	SAMN50151974	GCA_053474085		CHN	China	2019	2019-01-01	2019-12-31	2019			year	False	PRJNA1295129	assembly_metadata	current_2406_archive	historical_tree_anchor	focal_genome_observation	True	archive_analysis_genome	True	False	True				provisional_marker_or_published_annotation							False	1	2026-07-24	Legacy PRN endpoints ignored; record retained only for genome/date/project/marker metadata.
CHN::SAMN50151975	SAMN50151975	SAMN50151975	GCA_053474065		CHN	China	2019	2019-01-01	2019-12-31	2019			year	False	PRJNA1295129	assembly_metadata	current_2406_archive	historical_tree_anchor	focal_genome_observation	True	archive_analysis_genome	True	False	True				provisional_marker_or_published_annotation							False	1	2026-07-24	Legacy PRN endpoints ignored; record retained only for genome/date/project/marker metadata.
CHN::SAMN50151976	SAMN50151976	SAMN50151976	GCA_053474045		CHN	China	2019	2019-01-01	2019-12-31	2019			year	False	PRJNA1295129	assembly_metadata	current_2406_archive	historical_tree_anchor	focal_genome_observation	True	archive_analysis_genome	True	False	True				provisional_marker_or_published_annotation							False	1	2026-07-24	Legacy PRN endpoints ignored; record retained only for genome/date/project/marker metadata.
CHN::SAMN50151977	SAMN50151977	SAMN50151977	GCA_053474025		CHN	China	2019	2019-01-01	2019-12-31	2019			year	False	PRJNA1295129	assembly_metadata	current_2406_archive	historical_tree_anchor	focal_genome_observation	True	archive_analysis_genome	True	False	True				provisional_marker_or_published_annotation							False	1	2026-07-24	Legacy PRN endpoints ignored; record retained only for genome/date/project/marker metadata.
CHN::SAMN50151978	SAMN50151978	SAMN50151978	GCA_053474005		CHN	China	2019	2019-01-01	2019-12-31	2019			year	False	PRJNA1295129	assembly_metadata	current_2406_archive	historical_tree_anchor	focal_genome_observation	True	archive_analysis_genome	True	False	True				provisional_marker_or_published_annotation							False	1	2026-07-24	Legacy PRN endpoints ignored; record retained only for genome/date/project/marker metadata.
CHN::SAMN50151979	SAMN50151979	SAMN50151979	GCA_053473985		CHN	China	2019	2019-01-01	2019-12-31	2019			year	False	PRJNA1295129	assembly_metadata	current_2406_archive	historical_tree_anchor	focal_genome_observation	True	archive_analysis_genome	True	False	True				provisional_marker_or_published_annotation							False	1	2026-07-24	Legacy PRN endpoints ignored; record retained only for genome/date/project/marker metadata.
CHN::SAMN50151980	SAMN50151980	SAMN50151980	GCA_053473965		CHN	China	2019	2019-01-01	2019-12-31	2019			year	False	PRJNA1295129	assembly_metadata	current_2406_archive	historical_tree_anchor	focal_genome_observation	True	archive_analysis_genome	True	False	True				provisional_marker_or_published_annotation							False	1	2026-07-24	Legacy PRN endpoints ignored; record retained only for genome/date/project/marker metadata.
CHN::SAMN50151981	SAMN50151981	SAMN50151981	GCA_053473945		CHN	China	2019	2019-01-01	2019-12-31	2019			year	False	PRJNA1295129	assembly_metadata	current_2406_archive	historical_tree_anchor	focal_genome_observation	True	archive_analysis_genome	True	False	True				provisional_marker_or_published_annotation							False	1	2026-07-24	Legacy PRN endpoints ignored; record retained only for genome/date/project/marker metadata.
CHN::SAMN50151982	SAMN50151982	SAMN50151982	GCA_053473925		CHN	China	2019	2019-01-01	2019-12-31	2019			year	False	PRJNA1295129	assembly_metadata	current_2406_archive	historical_tree_anchor	focal_genome_observation	True	archive_analysis_genome	True	False	True				provisional_marker_or_published_annotation							False	1	2026-07-24	Legacy PRN endpoints ignored; record retained only for genome/date/project/marker metadata.
CHN::SAMN50151983	SAMN50151983	SAMN50151983	GCA_053473905		CHN	China	2019	2019-01-01	2019-12-31	2019			year	False	PRJNA1295129	assembly_metadata	current_2406_archive	historical_tree_anchor	focal_genome_observation	True	archive_analysis_genome	True	False	True				provisional_marker_or_published_annotation							False	1	2026-07-24	Legacy PRN endpoints ignored; record retained only for genome/date/project/marker metadata.
CHN::SAMN50151984	SAMN50151984	SAMN50151984	GCA_053473885		CHN	China	2021	2021-01-01	2021-12-31	2021			year	False	PRJNA1295129	assembly_metadata	current_2406_archive	focal_model_observation	focal_genome_observation	True	archive_analysis_genome	True	False	True				provisional_marker_or_published_annotation							False	1	2026-07-24	Legacy PRN endpoints ignored; record retained only for genome/date/project/marker metadata.
CHN::SAMN50151985	SAMN50151985	SAMN50151985	GCA_053473865		CHN	China	2021	2021-01-01	2021-12-31	2021			year	False	PRJNA1295129	assembly_metadata	current_2406_archive	focal_model_observation	focal_genome_observation	True	archive_analysis_genome	True	False	True				provisional_marker_or_published_annotation							False	1	2026-07-24	Legacy PRN endpoints ignored; record retained only for genome/date/project/marker metadata.
CHN::SAMN50151986	SAMN50151986	SAMN50151986	GCA_053473845		CHN	China	2021	2021-01-01	2021-12-31	2021			year	False	PRJNA1295129	assembly_metadata	current_2406_archive	focal_model_observation	focal_genome_observation	True	archive_analysis_genome	True	False	True				provisional_marker_or_published_annotation							False	1	2026-07-24	Legacy PRN endpoints ignored; record retained only for genome/date/project/marker metadata.
CHN::SAMN50151987	SAMN50151987	SAMN50151987	GCA_053473825		CHN	China	2021	2021-01-01	2021-12-31	2021			year	False	PRJNA1295129	assembly_metadata	current_2406_archive	focal_model_observation	focal_genome_observation	True	archive_analysis_genome	True	False	True				provisional_marker_or_published_annotation							False	1	2026-07-24	Legacy PRN endpoints ignored; record retained only for genome/date/project/marker metadata.
CHN::SAMN50151988	SAMN50151988	SAMN50151988	GCA_053473805		CHN	China	2021	2021-01-01	2021-12-31	2021			year	False	PRJNA1295129	assembly_metadata	current_2406_archive	focal_model_observation	focal_genome_observation	True	archive_analysis_genome	True	False	True				provisional_marker_or_published_annotation							False	1	2026-07-24	Legacy PRN endpoints ignored; record retained only for genome/date/project/marker metadata.
CHN::SAMN50151989	SAMN50151989	SAMN50151989	GCA_053473785		CHN	China	2021	2021-01-01	2021-12-31	2021			year	False	PRJNA1295129	assembly_metadata	current_2406_archive	focal_model_observation	focal_genome_observation	True	archive_analysis_genome	True	False	True				provisional_marker_or_published_annotation							False	1	2026-07-24	Legacy PRN endpoints ignored; record retained only for genome/date/project/marker metadata.
CHN::SAMN50151990	SAMN50151990	SAMN50151990	GCA_053473765		CHN	China	2021	2021-01-01	2021-12-31	2021			year	False	PRJNA1295129	assembly_metadata	current_2406_archive	focal_model_observation	focal_genome_observation	True	archive_analysis_genome	True	False	True				provisional_marker_or_published_annotation							False	1	2026-07-24	Legacy PRN endpoints ignored; record retained only for genome/date/project/marker metadata.
CHN::SAMN50151991	SAMN50151991	SAMN50151991	GCA_053473745		CHN	China	2021	2021-01-01	2021-12-31	2021			year	False	PRJNA1295129	assembly_metadata	current_2406_archive	focal_model_observation	focal_genome_observation	True	archive_analysis_genome	True	False	True				provisional_marker_or_published_annotation							False	1	2026-07-24	Legacy PRN endpoints ignored; record retained only for genome/date/project/marker metadata.
CHN::SAMN50151992	SAMN50151992	SAMN50151992	GCA_053473725		CHN	China	2021	2021-01-01	2021-12-31	2021			year	False	PRJNA1295129	assembly_metadata	current_2406_archive	focal_model_observation	focal_genome_observation	True	archive_analysis_genome	True	False	True				provisional_marker_or_published_annotation							False	1	2026-07-24	Legacy PRN endpoints ignored; record retained only for genome/date/project/marker metadata.
CHN::SAMN50151993	SAMN50151993	SAMN50151993	GCA_053473705		CHN	China	2021	2021-01-01	2021-12-31	2021			year	False	PRJNA1295129	assembly_metadata	current_2406_archive	focal_model_observation	focal_genome_observation	True	archive_analysis_genome	True	False	True				provisional_marker_or_published_annotation							False	1	2026-07-24	Legacy PRN endpoints ignored; record retained only for genome/date/project/marker metadata.
CHN::SAMN50151994	SAMN50151994	SAMN50151994	GCA_053473685		CHN	China	2021	2021-01-01	2021-12-31	2021			year	False	PRJNA1295129	assembly_metadata	current_2406_archive	focal_model_observation	focal_genome_observation	True	archive_analysis_genome	True	False	True				provisional_marker_or_published_annotation							False	1	2026-07-24	Legacy PRN endpoints ignored; record retained only for genome/date/project/marker metadata.
CHN::SAMN50151995	SAMN50151995	SAMN50151995	GCA_053473665		CHN	China	2021	2021-01-01	2021-12-31	2021			year	False	PRJNA1295129	assembly_metadata	current_2406_archive	focal_model_observation	focal_genome_observation	True	archive_analysis_genome	True	False	True				provisional_marker_or_published_annotation							False	1	2026-07-24	Legacy PRN endpoints ignored; record retained only for genome/date/project/marker metadata.
CHN::SAMN50151996	SAMN50151996	SAMN50151996	GCA_053473645		CHN	China	2021	2021-01-01	2021-12-31	2021			year	False	PRJNA1295129	assembly_metadata	current_2406_archive	focal_model_observation	focal_genome_observation	True	archive_analysis_genome	True	False	True				provisional_marker_or_published_annotation							False	1	2026-07-24	Legacy PRN endpoints ignored; record retained only for genome/date/project/marker metadata.
CHN::SAMN50151997	SAMN50151997	SAMN50151997	GCA_053473625		CHN	China	2021	2021-01-01	2021-12-31	2021			year	False	PRJNA1295129	assembly_metadata	current_2406_archive	focal_model_observation	focal_genome_observation	True	archive_analysis_genome	True	False	True				provisional_marker_or_published_annotation							False	1	2026-07-24	Legacy PRN endpoints ignored; record retained only for genome/date/project/marker metadata.
CHN::SAMN50151998	SAMN50151998	SAMN50151998	GCA_053473605		CHN	China	2021	2021-01-01	2021-12-31	2021			year	False	PRJNA1295129	assembly_metadata	current_2406_archive	focal_model_observation	focal_genome_observation	True	archive_analysis_genome	True	False	True				provisional_marker_or_published_annotation							False	1	2026-07-24	Legacy PRN endpoints ignored; record retained only for genome/date/project/marker metadata.
CHN::SAMN50151999	SAMN50151999	SAMN50151999	GCA_053473585		CHN	China	2021	2021-01-01	2021-12-31	2021			year	False	PRJNA1295129	assembly_metadata	current_2406_archive	focal_model_observation	focal_genome_observation	True	archive_analysis_genome	True	False	True				provisional_marker_or_published_annotation							False	1	2026-07-24	Legacy PRN endpoints ignored; record retained only for genome/date/project/marker metadata.
CHN::SAMN50152000	SAMN50152000	SAMN50152000	GCA_053473565		CHN	China	2021	2021-01-01	2021-12-31	2021			year	False	PRJNA1295129	assembly_metadata	current_2406_archive	focal_model_observation	focal_genome_observation	True	archive_analysis_genome	True	False	True				provisional_marker_or_published_annotation							False	1	2026-07-24	Legacy PRN endpoints ignored; record retained only for genome/date/project/marker metadata.
CHN::SAMN50152001	SAMN50152001	SAMN50152001	GCA_053473545		CHN	China	2021	2021-01-01	2021-12-31	2021			year	False	PRJNA1295129	assembly_metadata	current_2406_archive	focal_model_observation	focal_genome_observation	True	archive_analysis_genome	True	False	True				provisional_marker_or_published_annotation							False	1	2026-07-24	Legacy PRN endpoints ignored; record retained only for genome/date/project/marker metadata.
CHN::SAMN50152002	SAMN50152002	SAMN50152002	GCA_053473505		CHN	China	2021	2021-01-01	2021-12-31	2021			year	False	PRJNA1295129	assembly_metadata	current_2406_archive	focal_model_observation	focal_genome_observation	True	archive_analysis_genome	True	False	True				provisional_marker_or_published_annotation							False	1	2026-07-24	Legacy PRN endpoints ignored; record retained only for genome/date/project/marker metadata.
CHN::SAMN50152003	SAMN50152003	SAMN50152003	GCA_053473525		CHN	China	2021	2021-01-01	2021-12-31	2021			year	False	PRJNA1295129	assembly_metadata	current_2406_archive	focal_model_observation	focal_genome_observation	True	archive_analysis_genome	True	False	True				provisional_marker_or_published_annotation							False	1	2026-07-24	Legacy PRN endpoints ignored; record retained only for genome/date/project/marker metadata.
CHN::SAMN50152004	SAMN50152004	SAMN50152004	GCA_053473485		CHN	China	2021	2021-01-01	2021-12-31	2021			year	False	PRJNA1295129	assembly_metadata	current_2406_archive	focal_model_observation	focal_genome_observation	True	archive_analysis_genome	True	False	True				provisional_marker_or_published_annotation							False	1	2026-07-24	Legacy PRN endpoints ignored; record retained only for genome/date/project/marker metadata.
CHN::SAMN50152005	SAMN50152005	SAMN50152005	GCA_053473465		CHN	China	2021	2021-01-01	2021-12-31	2021			year	False	PRJNA1295129	assembly_metadata	current_2406_archive	focal_model_observation	focal_genome_observation	True	archive_analysis_genome	True	False	True				provisional_marker_or_published_annotation							False	1	2026-07-24	Legacy PRN endpoints ignored; record retained only for genome/date/project/marker metadata.
CHN::SAMN50152006	SAMN50152006	SAMN50152006	GCA_053473445		CHN	China	2021	2021-01-01	2021-12-31	2021			year	False	PRJNA1295129	assembly_metadata	current_2406_archive	focal_model_observation	focal_genome_observation	True	archive_analysis_genome	True	False	True				provisional_marker_or_published_annotation							False	1	2026-07-24	Legacy PRN endpoints ignored; record retained only for genome/date/project/marker metadata.
CHN::SAMN50152007	SAMN50152007	SAMN50152007	GCA_053473425		CHN	China	2021	2021-01-01	2021-12-31	2021			year	False	PRJNA1295129	assembly_metadata	current_2406_archive	focal_model_observation	focal_genome_observation	True	archive_analysis_genome	True	False	True				provisional_marker_or_published_annotation							False	1	2026-07-24	Legacy PRN endpoints ignored; record retained only for genome/date/project/marker metadata.
CHN::SAMN50152008	SAMN50152008	SAMN50152008	GCA_053473405		CHN	China	2021	2021-01-01	2021-12-31	2021			year	False	PRJNA1295129	assembly_metadata	current_2406_archive	focal_model_observation	focal_genome_observation	True	archive_analysis_genome	True	False	True				provisional_marker_or_published_annotation							False	1	2026-07-24	Legacy PRN endpoints ignored; record retained only for genome/date/project/marker metadata.
CHN::SAMN50152009	SAMN50152009	SAMN50152009	GCA_053473385		CHN	China	2021	2021-01-01	2021-12-31	2021			year	False	PRJNA1295129	assembly_metadata	current_2406_archive	focal_model_observation	focal_genome_observation	True	archive_analysis_genome	True	False	True				provisional_marker_or_published_annotation							False	1	2026-07-24	Legacy PRN endpoints ignored; record retained only for genome/date/project/marker metadata.
CHN::SAMN50152010	SAMN50152010	SAMN50152010	GCA_053473345		CHN	China	2021	2021-01-01	2021-12-31	2021			year	False	PRJNA1295129	assembly_metadata	current_2406_archive	focal_model_observation	focal_genome_observation	True	archive_analysis_genome	True	False	True				provisional_marker_or_published_annotation							False	1	2026-07-24	Legacy PRN endpoints ignored; record retained only for genome/date/project/marker metadata.
CHN::SAMN50152011	SAMN50152011	SAMN50152011	GCA_053473365		CHN	China	2021	2021-01-01	2021-12-31	2021			year	False	PRJNA1295129	assembly_metadata	current_2406_archive	focal_model_observation	focal_genome_observation	True	archive_analysis_genome	True	False	True				provisional_marker_or_published_annotation							False	1	2026-07-24	Legacy PRN endpoints ignored; record retained only for genome/date/project/marker metadata.
CHN::SAMN50152012	SAMN50152012	SAMN50152012	GCA_053473325		CHN	China	2021	2021-01-01	2021-12-31	2021			year	False	PRJNA1295129	assembly_metadata	current_2406_archive	focal_model_observation	focal_genome_observation	True	archive_analysis_genome	True	False	True				provisional_marker_or_published_annotation							False	1	2026-07-24	Legacy PRN endpoints ignored; record retained only for genome/date/project/marker metadata.
CHN::SAMN50152013	SAMN50152013	SAMN50152013	GCA_053473305		CHN	China	2021	2021-01-01	2021-12-31	2021			year	False	PRJNA1295129	assembly_metadata	current_2406_archive	focal_model_observation	focal_genome_observation	True	archive_analysis_genome	True	False	True				provisional_marker_or_published_annotation							False	1	2026-07-24	Legacy PRN endpoints ignored; record retained only for genome/date/project/marker metadata.
CHN::SAMN50152014	SAMN50152014	SAMN50152014	GCA_053473265		CHN	China	2021	2021-01-01	2021-12-31	2021			year	False	PRJNA1295129	assembly_metadata	current_2406_archive	focal_model_observation	focal_genome_observation	True	archive_analysis_genome	True	False	True				provisional_marker_or_published_annotation							False	1	2026-07-24	Legacy PRN endpoints ignored; record retained only for genome/date/project/marker metadata.
CHN::SAMN50152015	SAMN50152015	SAMN50152015	GCA_053473285		CHN	China	2021	2021-01-01	2021-12-31	2021			year	False	PRJNA1295129	assembly_metadata	current_2406_archive	focal_model_observation	focal_genome_observation	True	archive_analysis_genome	True	False	True				provisional_marker_or_published_annotation							False	1	2026-07-24	Legacy PRN endpoints ignored; record retained only for genome/date/project/marker metadata.
CHN::SAMN50152016	SAMN50152016	SAMN50152016	GCA_053473245		CHN	China	2021	2021-01-01	2021-12-31	2021			year	False	PRJNA1295129	assembly_metadata	current_2406_archive	focal_model_observation	focal_genome_observation	True	archive_analysis_genome	True	False	True				provisional_marker_or_published_annotation							False	1	2026-07-24	Legacy PRN endpoints ignored; record retained only for genome/date/project/marker metadata.
CHN::SAMN50152017	SAMN50152017	SAMN50152017	GCA_053473205		CHN	China	2021	2021-01-01	2021-12-31	2021			year	False	PRJNA1295129	assembly_metadata	current_2406_archive	focal_model_observation	focal_genome_observation	True	archive_analysis_genome	True	False	True				provisional_marker_or_published_annotation							False	1	2026-07-24	Legacy PRN endpoints ignored; record retained only for genome/date/project/marker metadata.
CHN::SAMN50152018	SAMN50152018	SAMN50152018	GCA_053473225		CHN	China	2021	2021-01-01	2021-12-31	2021			year	False	PRJNA1295129	assembly_metadata	current_2406_archive	focal_model_observation	focal_genome_observation	True	archive_analysis_genome	True	False	True				provisional_marker_or_published_annotation							False	1	2026-07-24	Legacy PRN endpoints ignored; record retained only for genome/date/project/marker metadata.
CHN::SAMN50152019	SAMN50152019	SAMN50152019	GCA_053473165		CHN	China	2022	2022-01-01	2022-12-31	2022			year	False	PRJNA1295129	assembly_metadata	current_2406_archive	focal_model_observation	focal_genome_observation	True	archive_analysis_genome	True	False	True				provisional_marker_or_published_annotation							False	1	2026-07-24	Legacy PRN endpoints ignored; record retained only for genome/date/project/marker metadata.
CHN::SAMN50152020	SAMN50152020	SAMN50152020	GCA_053473185		CHN	China	2022	2022-01-01	2022-12-31	2022			year	False	PRJNA1295129	assembly_metadata	current_2406_archive	focal_model_observation	focal_genome_observation	True	archive_analysis_genome	True	False	True				provisional_marker_or_published_annotation							False	1	2026-07-24	Legacy PRN endpoints ignored; record retained only for genome/date/project/marker metadata.
CHN::SAMN50152021	SAMN50152021	SAMN50152021	GCA_053473145		CHN	China	2022	2022-01-01	2022-12-31	2022			year	False	PRJNA1295129	assembly_metadata	current_2406_archive	focal_model_observation	focal_genome_observation	True	archive_analysis_genome	True	False	True				provisional_marker_or_published_annotation							False	1	2026-07-24	Legacy PRN endpoints ignored; record retained only for genome/date/project/marker metadata.
CHN::SAMN50152022	SAMN50152022	SAMN50152022	GCA_053473125		CHN	China	2022	2022-01-01	2022-12-31	2022			year	False	PRJNA1295129	assembly_metadata	current_2406_archive	focal_model_observation	focal_genome_observation	True	archive_analysis_genome	True	False	True				provisional_marker_or_published_annotation							False	1	2026-07-24	Legacy PRN endpoints ignored; record retained only for genome/date/project/marker metadata.
CHN::SAMN50152023	SAMN50152023	SAMN50152023	GCA_053473105		CHN	China	2022	2022-01-01	2022-12-31	2022			year	False	PRJNA1295129	assembly_metadata	current_2406_archive	focal_model_observation	focal_genome_observation	True	archive_analysis_genome	True	False	True				provisional_marker_or_published_annotation							False	1	2026-07-24	Legacy PRN endpoints ignored; record retained only for genome/date/project/marker metadata.
CHN::SAMN50152024	SAMN50152024	SAMN50152024	GCA_053473085		CHN	China	2022	2022-01-01	2022-12-31	2022			year	False	PRJNA1295129	assembly_metadata	current_2406_archive	focal_model_observation	focal_genome_observation	True	archive_analysis_genome	True	False	True				provisional_marker_or_published_annotation							False	1	2026-07-24	Legacy PRN endpoints ignored; record retained only for genome/date/project/marker metadata.
CHN::SAMN50152025	SAMN50152025	SAMN50152025	GCA_053473065		CHN	China	2022	2022-01-01	2022-12-31	2022			year	False	PRJNA1295129	assembly_metadata	current_2406_archive	focal_model_observation	focal_genome_observation	True	archive_analysis_genome	True	False	True				provisional_marker_or_published_annotation							False	1	2026-07-24	Legacy PRN endpoints ignored; record retained only for genome/date/project/marker metadata.
CHN::SAMN50152026	SAMN50152026	SAMN50152026	GCA_053473045		CHN	China	2022	2022-01-01	2022-12-31	2022			year	False	PRJNA1295129	assembly_metadata	current_2406_archive	focal_model_observation	focal_genome_observation	True	archive_analysis_genome	True	False	True				provisional_marker_or_published_annotation							False	1	2026-07-24	Legacy PRN endpoints ignored; record retained only for genome/date/project/marker metadata.
CHN::SAMN50152027	SAMN50152027	SAMN50152027	GCA_053473025		CHN	China	2022	2022-01-01	2022-12-31	2022			year	False	PRJNA1295129	assembly_metadata	current_2406_archive	focal_model_observation	focal_genome_observation	True	archive_analysis_genome	True	False	True				provisional_marker_or_published_annotation							False	1	2026-07-24	Legacy PRN endpoints ignored; record retained only for genome/date/project/marker metadata.
CHN::SAMN50152028	SAMN50152028	SAMN50152028	GCA_053473005		CHN	China	2022	2022-01-01	2022-12-31	2022			year	False	PRJNA1295129	assembly_metadata	current_2406_archive	focal_model_observation	focal_genome_observation	True	archive_analysis_genome	True	False	True				provisional_marker_or_published_annotation							False	1	2026-07-24	Legacy PRN endpoints ignored; record retained only for genome/date/project/marker metadata.
CHN::SAMN50152029	SAMN50152029	SAMN50152029	GCA_053472985		CHN	China	2022	2022-01-01	2022-12-31	2022			year	False	PRJNA1295129	assembly_metadata	current_2406_archive	focal_model_observation	focal_genome_observation	True	archive_analysis_genome	True	False	True				provisional_marker_or_published_annotation							False	1	2026-07-24	Legacy PRN endpoints ignored; record retained only for genome/date/project/marker metadata.
CHN::SAMN50152030	SAMN50152030	SAMN50152030	GCA_053472965		CHN	China	2022	2022-01-01	2022-12-31	2022			year	False	PRJNA1295129	assembly_metadata	current_2406_archive	focal_model_observation	focal_genome_observation	True	archive_analysis_genome	True	False	True				provisional_marker_or_published_annotation							False	1	2026-07-24	Legacy PRN endpoints ignored; record retained only for genome/date/project/marker metadata.
CHN::SAMN50152031	SAMN50152031	SAMN50152031	GCA_053472945		CHN	China	2022	2022-01-01	2022-12-31	2022			year	False	PRJNA1295129	assembly_metadata	current_2406_archive	focal_model_observation	focal_genome_observation	True	archive_analysis_genome	True	False	True				provisional_marker_or_published_annotation							False	1	2026-07-24	Legacy PRN endpoints ignored; record retained only for genome/date/project/marker metadata.
CHN::SAMN50152032	SAMN50152032	SAMN50152032	GCA_053472925		CHN	China	2022	2022-01-01	2022-12-31	2022			year	False	PRJNA1295129	assembly_metadata	current_2406_archive	focal_model_observation	focal_genome_observation	True	archive_analysis_genome	True	False	True				provisional_marker_or_published_annotation							False	1	2026-07-24	Legacy PRN endpoints ignored; record retained only for genome/date/project/marker metadata.
CHN::SAMN50152033	SAMN50152033	SAMN50152033	GCA_053472905		CHN	China	2022	2022-01-01	2022-12-31	2022			year	False	PRJNA1295129	assembly_metadata	current_2406_archive	focal_model_observation	focal_genome_observation	True	archive_analysis_genome	True	False	True				provisional_marker_or_published_annotation							False	1	2026-07-24	Legacy PRN endpoints ignored; record retained only for genome/date/project/marker metadata.
CHN::SAMN50152034	SAMN50152034	SAMN50152034	GCA_053472885		CHN	China	2022	2022-01-01	2022-12-31	2022			year	False	PRJNA1295129	assembly_metadata	current_2406_archive	focal_model_observation	focal_genome_observation	True	archive_analysis_genome	True	False	True				provisional_marker_or_published_annotation							False	1	2026-07-24	Legacy PRN endpoints ignored; record retained only for genome/date/project/marker metadata.
CHN::SAMN50152035	SAMN50152035	SAMN50152035	GCA_053472865		CHN	China	2022	2022-01-01	2022-12-31	2022			year	False	PRJNA1295129	assembly_metadata	current_2406_archive	focal_model_observation	focal_genome_observation	True	archive_analysis_genome	True	False	True				provisional_marker_or_published_annotation							False	1	2026-07-24	Legacy PRN endpoints ignored; record retained only for genome/date/project/marker metadata.
CHN::SAMN50152036	SAMN50152036	SAMN50152036	GCA_053472845		CHN	China	2022	2022-01-01	2022-12-31	2022			year	False	PRJNA1295129	assembly_metadata	current_2406_archive	focal_model_observation	focal_genome_observation	True	archive_analysis_genome	True	False	True				provisional_marker_or_published_annotation							False	1	2026-07-24	Legacy PRN endpoints ignored; record retained only for genome/date/project/marker metadata.
CHN::SAMN50152037	SAMN50152037	SAMN50152037	GCA_053472825		CHN	China	2022	2022-01-01	2022-12-31	2022			year	False	PRJNA1295129	assembly_metadata	current_2406_archive	focal_model_observation	focal_genome_observation	True	archive_analysis_genome	True	False	True				provisional_marker_or_published_annotation							False	1	2026-07-24	Legacy PRN endpoints ignored; record retained only for genome/date/project/marker metadata.
CHN::SAMN50152038	SAMN50152038	SAMN50152038	GCA_053472805		CHN	China	2022	2022-01-01	2022-12-31	2022			year	False	PRJNA1295129	assembly_metadata	current_2406_archive	focal_model_observation	focal_genome_observation	True	archive_analysis_genome	True	False	True				provisional_marker_or_published_annotation							False	1	2026-07-24	Legacy PRN endpoints ignored; record retained only for genome/date/project/marker metadata.
CHN::SAMN50152039	SAMN50152039	SAMN50152039	GCA_053472785		CHN	China	2022	2022-01-01	2022-12-31	2022			year	False	PRJNA1295129	assembly_metadata	current_2406_archive	focal_model_observation	focal_genome_observation	True	archive_analysis_genome	True	False	True				provisional_marker_or_published_annotation							False	1	2026-07-24	Legacy PRN endpoints ignored; record retained only for genome/date/project/marker metadata.
CHN::SAMN50152040	SAMN50152040	SAMN50152040	GCA_053472765		CHN	China	2022	2022-01-01	2022-12-31	2022			year	False	PRJNA1295129	assembly_metadata	current_2406_archive	focal_model_observation	focal_genome_observation	True	archive_analysis_genome	True	False	True				provisional_marker_or_published_annotation							False	1	2026-07-24	Legacy PRN endpoints ignored; record retained only for genome/date/project/marker metadata.
CHN::SAMN50152041	SAMN50152041	SAMN50152041	GCA_053472725		CHN	China	2022	2022-01-01	2022-12-31	2022			year	False	PRJNA1295129	assembly_metadata	current_2406_archive	focal_model_observation	focal_genome_observation	True	archive_analysis_genome	True	False	True				provisional_marker_or_published_annotation							False	1	2026-07-24	Legacy PRN endpoints ignored; record retained only for genome/date/project/marker metadata.
CHN::SAMN50152042	SAMN50152042	SAMN50152042	GCA_053472745		CHN	China	2022	2022-01-01	2022-12-31	2022			year	False	PRJNA1295129	assembly_metadata	current_2406_archive	focal_model_observation	focal_genome_observation	True	archive_analysis_genome	True	False	True				provisional_marker_or_published_annotation							False	1	2026-07-24	Legacy PRN endpoints ignored; record retained only for genome/date/project/marker metadata.
CHN::SAMN50152043	SAMN50152043	SAMN50152043	GCA_053472705		CHN	China	2022	2022-01-01	2022-12-31	2022			year	False	PRJNA1295129	assembly_metadata	current_2406_archive	focal_model_observation	focal_genome_observation	True	archive_analysis_genome	True	False	True				provisional_marker_or_published_annotation							False	1	2026-07-24	Legacy PRN endpoints ignored; record retained only for genome/date/project/marker metadata.
CHN::SAMN50152044	SAMN50152044	SAMN50152044	GCA_053485955		CHN	China	2022	2022-01-01	2022-12-31	2022			year	False	PRJNA1295129	assembly_metadata	current_2406_archive	focal_model_observation	focal_genome_observation	True	archive_analysis_genome	True	False	True				provisional_marker_or_published_annotation							False	1	2026-07-24	Legacy PRN endpoints ignored; record retained only for genome/date/project/marker metadata.
CHN::SAMN50152045	SAMN50152045	SAMN50152045	GCA_053472685		CHN	China	2022	2022-01-01	2022-12-31	2022			year	False	PRJNA1295129	assembly_metadata	current_2406_archive	focal_model_observation	focal_genome_observation	True	archive_analysis_genome	True	False	True				provisional_marker_or_published_annotation							False	1	2026-07-24	Legacy PRN endpoints ignored; record retained only for genome/date/project/marker metadata.
CHN::SAMN50152046	SAMN50152046	SAMN50152046	GCA_053472645		CHN	China	2023	2023-01-01	2023-12-31	2023			year	False	PRJNA1295129	assembly_metadata	current_2406_archive	focal_model_observation	focal_genome_observation	True	archive_analysis_genome	True	False	True				provisional_marker_or_published_annotation							False	1	2026-07-24	Legacy PRN endpoints ignored; record retained only for genome/date/project/marker metadata.
CHN::SAMN50152047	SAMN50152047	SAMN50152047	GCA_053472665		CHN	China	2023	2023-01-01	2023-12-31	2023			year	False	PRJNA1295129	assembly_metadata	current_2406_archive	focal_model_observation	focal_genome_observation	True	archive_analysis_genome	True	False	True				provisional_marker_or_published_annotation							False	1	2026-07-24	Legacy PRN endpoints ignored; record retained only for genome/date/project/marker metadata.
CHN::SAMN50152048	SAMN50152048	SAMN50152048	GCA_053472625		CHN	China	2023	2023-01-01	2023-12-31	2023			year	False	PRJNA1295129	assembly_metadata	current_2406_archive	focal_model_observation	focal_genome_observation	True	archive_analysis_genome	True	False	True				provisional_marker_or_published_annotation							False	1	2026-07-24	Legacy PRN endpoints ignored; record retained only for genome/date/project/marker metadata.
CHN::SAMN50152049	SAMN50152049	SAMN50152049	GCA_053472595		CHN	China	2023	2023-01-01	2023-12-31	2023			year	False	PRJNA1295129	assembly_metadata	current_2406_archive	focal_model_observation	focal_genome_observation	True	archive_analysis_genome	True	False	True				provisional_marker_or_published_annotation							False	1	2026-07-24	Legacy PRN endpoints ignored; record retained only for genome/date/project/marker metadata.
CHN::SAMN50152050	SAMN50152050	SAMN50152050	GCA_053472585		CHN	China	2023	2023-01-01	2023-12-31	2023			year	False	PRJNA1295129	assembly_metadata	current_2406_archive	focal_model_observation	focal_genome_observation	True	archive_analysis_genome	True	False	True				provisional_marker_or_published_annotation							False	1	2026-07-24	Legacy PRN endpoints ignored; record retained only for genome/date/project/marker metadata.
CHN::SAMN50152051	SAMN50152051	SAMN50152051	GCA_053472545		CHN	China	2023	2023-01-01	2023-12-31	2023			year	False	PRJNA1295129	assembly_metadata	current_2406_archive	focal_model_observation	focal_genome_observation	True	archive_analysis_genome	True	False	True				provisional_marker_or_published_annotation							False	1	2026-07-24	Legacy PRN endpoints ignored; record retained only for genome/date/project/marker metadata.
CHN::SAMN50152052	SAMN50152052	SAMN50152052	GCA_053472565		CHN	China	2023	2023-01-01	2023-12-31	2023			year	False	PRJNA1295129	assembly_metadata	current_2406_archive	focal_model_observation	focal_genome_observation	True	archive_analysis_genome	True	False	True				provisional_marker_or_published_annotation							False	1	2026-07-24	Legacy PRN endpoints ignored; record retained only for genome/date/project/marker metadata.
CHN::SAMN50152053	SAMN50152053	SAMN50152053	GCA_053472525		CHN	China	2023	2023-01-01	2023-12-31	2023			year	False	PRJNA1295129	assembly_metadata	current_2406_archive	focal_model_observation	focal_genome_observation	True	archive_analysis_genome	True	False	True				provisional_marker_or_published_annotation							False	1	2026-07-24	Legacy PRN endpoints ignored; record retained only for genome/date/project/marker metadata.
CHN::SAMN50152054	SAMN50152054	SAMN50152054	GCA_053472465		CHN	China	2023	2023-01-01	2023-12-31	2023			year	False	PRJNA1295129	assembly_metadata	current_2406_archive	focal_model_observation	focal_genome_observation	True	archive_analysis_genome	True	False	True				provisional_marker_or_published_annotation							False	1	2026-07-24	Legacy PRN endpoints ignored; record retained only for genome/date/project/marker metadata.
CHN::SAMN50152055	SAMN50152055	SAMN50152055	GCA_053472485		CHN	China	2023	2023-01-01	2023-12-31	2023			year	False	PRJNA1295129	assembly_metadata	current_2406_archive	focal_model_observation	focal_genome_observation	True	archive_analysis_genome	True	False	True				provisional_marker_or_published_annotation							False	1	2026-07-24	Legacy PRN endpoints ignored; record retained only for genome/date/project/marker metadata.
CHN::SAMN50152056	SAMN50152056	SAMN50152056	GCA_053472505		CHN	China	2023	2023-01-01	2023-12-31	2023			year	False	PRJNA1295129	assembly_metadata	current_2406_archive	focal_model_observation	focal_genome_observation	True	archive_analysis_genome	True	False	True				provisional_marker_or_published_annotation							False	1	2026-07-24	Legacy PRN endpoints ignored; record retained only for genome/date/project/marker metadata.
CHN::SAMN50152057	SAMN50152057	SAMN50152057	GCA_053472445		CHN	China	2024	2024-01-01	2024-12-31	2024			year	False	PRJNA1295129	assembly_metadata	current_2406_archive	focal_model_observation	focal_genome_observation	True	archive_analysis_genome	True	False	True				provisional_marker_or_published_annotation							False	1	2026-07-24	Legacy PRN endpoints ignored; record retained only for genome/date/project/marker metadata.
CHN::SAMN50152058	SAMN50152058	SAMN50152058	GCA_053472425		CHN	China	2024	2024-01-01	2024-12-31	2024			year	False	PRJNA1295129	assembly_metadata	current_2406_archive	focal_model_observation	focal_genome_observation	True	archive_analysis_genome	True	False	True				provisional_marker_or_published_annotation							False	1	2026-07-24	Legacy PRN endpoints ignored; record retained only for genome/date/project/marker metadata.
CHN::SAMN50152059	SAMN50152059	SAMN50152059	GCA_053472405		CHN	China	2024	2024-01-01	2024-12-31	2024			year	False	PRJNA1295129	assembly_metadata	current_2406_archive	focal_model_observation	focal_genome_observation	True	archive_analysis_genome	True	False	True				provisional_marker_or_published_annotation							False	1	2026-07-24	Legacy PRN endpoints ignored; record retained only for genome/date/project/marker metadata.
CHN::SAMN50152060	SAMN50152060	SAMN50152060	GCA_053472385		CHN	China	2024	2024-01-01	2024-12-31	2024			year	False	PRJNA1295129	assembly_metadata	current_2406_archive	focal_model_observation	focal_genome_observation	True	archive_analysis_genome	True	False	True				provisional_marker_or_published_annotation							False	1	2026-07-24	Legacy PRN endpoints ignored; record retained only for genome/date/project/marker metadata.
CHN::SAMN50152061	SAMN50152061	SAMN50152061	GCA_053472365		CHN	China	2024	2024-01-01	2024-12-31	2024			year	False	PRJNA1295129	assembly_metadata	current_2406_archive	focal_model_observation	focal_genome_observation	True	archive_analysis_genome	True	False	True				provisional_marker_or_published_annotation							False	1	2026-07-24	Legacy PRN endpoints ignored; record retained only for genome/date/project/marker metadata.
CHN::SAMN50152062	SAMN50152062	SAMN50152062	GCA_053472345		CHN	China	2024	2024-01-01	2024-12-31	2024			year	False	PRJNA1295129	assembly_metadata	current_2406_archive	focal_model_observation	focal_genome_observation	True	archive_analysis_genome	True	False	True				provisional_marker_or_published_annotation							False	1	2026-07-24	Legacy PRN endpoints ignored; record retained only for genome/date/project/marker metadata.
CHN::SAMN50152063	SAMN50152063	SAMN50152063	GCA_053472325		CHN	China	2024	2024-01-01	2024-12-31	2024			year	False	PRJNA1295129	assembly_metadata	current_2406_archive	focal_model_observation	focal_genome_observation	True	archive_analysis_genome	True	False	True				provisional_marker_or_published_annotation							False	1	2026-07-24	Legacy PRN endpoints ignored; record retained only for genome/date/project/marker metadata.
CHN::SAMN50152064	SAMN50152064	SAMN50152064	GCA_053472305		CHN	China	2024	2024-01-01	2024-12-31	2024			year	False	PRJNA1295129	assembly_metadata	current_2406_archive	focal_model_observation	focal_genome_observation	True	archive_analysis_genome	True	False	True				provisional_marker_or_published_annotation							False	1	2026-07-24	Legacy PRN endpoints ignored; record retained only for genome/date/project/marker metadata.
CHN::SAMN50152065	SAMN50152065	SAMN50152065	GCA_053472285		CHN	China	2024	2024-01-01	2024-12-31	2024			year	False	PRJNA1295129	assembly_metadata	current_2406_archive	focal_model_observation	focal_genome_observation	True	archive_analysis_genome	True	False	True				provisional_marker_or_published_annotation							False	1	2026-07-24	Legacy PRN endpoints ignored; record retained only for genome/date/project/marker metadata.
CHN::SAMN50152066	SAMN50152066	SAMN50152066	GCA_053472265		CHN	China	2024	2024-01-01	2024-12-31	2024			year	False	PRJNA1295129	assembly_metadata	current_2406_archive	focal_model_observation	focal_genome_observation	True	archive_analysis_genome	True	False	True				provisional_marker_or_published_annotation							False	1	2026-07-24	Legacy PRN endpoints ignored; record retained only for genome/date/project/marker metadata.
CHN::SAMN50152067	SAMN50152067	SAMN50152067	GCA_053472245		CHN	China	2024	2024-01-01	2024-12-31	2024			year	False	PRJNA1295129	assembly_metadata	current_2406_archive	focal_model_observation	focal_genome_observation	True	archive_analysis_genome	True	False	True				provisional_marker_or_published_annotation							False	1	2026-07-24	Legacy PRN endpoints ignored; record retained only for genome/date/project/marker metadata.
CHN::SAMN50152068	SAMN50152068	SAMN50152068	GCA_053472225		CHN	China	2024	2024-01-01	2024-12-31	2024			year	False	PRJNA1295129	assembly_metadata	current_2406_archive	focal_model_observation	focal_genome_observation	True	archive_analysis_genome	True	False	True				provisional_marker_or_published_annotation							False	1	2026-07-24	Legacy PRN endpoints ignored; record retained only for genome/date/project/marker metadata.
CHN::SAMN50152069	SAMN50152069	SAMN50152069	GCA_053472205		CHN	China	2024	2024-01-01	2024-12-31	2024			year	False	PRJNA1295129	assembly_metadata	current_2406_archive	focal_model_observation	focal_genome_observation	True	archive_analysis_genome	True	False	True				provisional_marker_or_published_annotation							False	1	2026-07-24	Legacy PRN endpoints ignored; record retained only for genome/date/project/marker metadata.
CHN::SAMN50152070	SAMN50152070	SAMN50152070	GCA_053485895		CHN	China	2024	2024-01-01	2024-12-31	2024			year	False	PRJNA1295129	assembly_metadata	current_2406_archive	focal_model_observation	focal_genome_observation	True	archive_analysis_genome	True	False	True				provisional_marker_or_published_annotation							False	1	2026-07-24	Legacy PRN endpoints ignored; record retained only for genome/date/project/marker metadata.
CHN::SAMN50152071	SAMN50152071	SAMN50152071	GCA_053472185		CHN	China	2024	2024-01-01	2024-12-31	2024			year	False	PRJNA1295129	assembly_metadata	current_2406_archive	focal_model_observation	focal_genome_observation	True	archive_analysis_genome	True	False	True				provisional_marker_or_published_annotation							False	1	2026-07-24	Legacy PRN endpoints ignored; record retained only for genome/date/project/marker metadata.
CHN::SAMN50152072	SAMN50152072	SAMN50152072	GCA_053472165		CHN	China	2024	2024-01-01	2024-12-31	2024			year	False	PRJNA1295129	assembly_metadata	current_2406_archive	focal_model_observation	focal_genome_observation	True	archive_analysis_genome	True	False	True				provisional_marker_or_published_annotation							False	1	2026-07-24	Legacy PRN endpoints ignored; record retained only for genome/date/project/marker metadata.
CHN::SAMN50152073	SAMN50152073	SAMN50152073	GCA_053472125		CHN	China	2024	2024-01-01	2024-12-31	2024			year	False	PRJNA1295129	assembly_metadata	current_2406_archive	focal_model_observation	focal_genome_observation	True	archive_analysis_genome	True	False	True				provisional_marker_or_published_annotation							False	1	2026-07-24	Legacy PRN endpoints ignored; record retained only for genome/date/project/marker metadata.
CHN::SAMN50152074	SAMN50152074	SAMN50152074	GCA_053472145		CHN	China	2024	2024-01-01	2024-12-31	2024			year	False	PRJNA1295129	assembly_metadata	current_2406_archive	focal_model_observation	focal_genome_observation	True	archive_analysis_genome	True	False	True				provisional_marker_or_published_annotation							False	1	2026-07-24	Legacy PRN endpoints ignored; record retained only for genome/date/project/marker metadata.
CHN::SAMN50152075	SAMN50152075	SAMN50152075	GCA_053472105		CHN	China	2024	2024-01-01	2024-12-31	2024			year	False	PRJNA1295129	assembly_metadata	current_2406_archive	focal_model_observation	focal_genome_observation	True	archive_analysis_genome	True	False	True				provisional_marker_or_published_annotation							False	1	2026-07-24	Legacy PRN endpoints ignored; record retained only for genome/date/project/marker metadata.
CHN::SAMN50152076	SAMN50152076	SAMN50152076	GCA_053472085		CHN	China	2024	2024-01-01	2024-12-31	2024			year	False	PRJNA1295129	assembly_metadata	current_2406_archive	focal_model_observation	focal_genome_observation	True	archive_analysis_genome	True	False	True				provisional_marker_or_published_annotation							False	1	2026-07-24	Legacy PRN endpoints ignored; record retained only for genome/date/project/marker metadata.
CHN::SAMN50152077	SAMN50152077	SAMN50152077	GCA_053472065		CHN	China	2024	2024-01-01	2024-12-31	2024			year	False	PRJNA1295129	assembly_metadata	current_2406_archive	focal_model_observation	focal_genome_observation	True	archive_analysis_genome	True	False	True				provisional_marker_or_published_annotation							False	1	2026-07-24	Legacy PRN endpoints ignored; record retained only for genome/date/project/marker metadata.
CHN::SAMN50152078	SAMN50152078	SAMN50152078	GCA_053472045		CHN	China	2024	2024-01-01	2024-12-31	2024			year	False	PRJNA1295129	assembly_metadata	current_2406_archive	focal_model_observation	focal_genome_observation	True	archive_analysis_genome	True	False	True				provisional_marker_or_published_annotation							False	1	2026-07-24	Legacy PRN endpoints ignored; record retained only for genome/date/project/marker metadata.
CHN::SAMN50152079	SAMN50152079	SAMN50152079	GCA_053472005		CHN	China	2024	2024-01-01	2024-12-31	2024			year	False	PRJNA1295129	assembly_metadata	current_2406_archive	focal_model_observation	focal_genome_observation	True	archive_analysis_genome	True	False	True				provisional_marker_or_published_annotation							False	1	2026-07-24	Legacy PRN endpoints ignored; record retained only for genome/date/project/marker metadata.
CHN::SAMN50152080	SAMN50152080	SAMN50152080	GCA_053472025		CHN	China	2024	2024-01-01	2024-12-31	2024			year	False	PRJNA1295129	assembly_metadata	current_2406_archive	focal_model_observation	focal_genome_observation	True	archive_analysis_genome	True	False	True				provisional_marker_or_published_annotation							False	1	2026-07-24	Legacy PRN endpoints ignored; record retained only for genome/date/project/marker metadata.
CHN::SAMN50152081	SAMN50152081	SAMN50152081	GCA_053471985		CHN	China	2024	2024-01-01	2024-12-31	2024			year	False	PRJNA1295129	assembly_metadata	current_2406_archive	focal_model_observation	focal_genome_observation	True	archive_analysis_genome	True	False	True				provisional_marker_or_published_annotation							False	1	2026-07-24	Legacy PRN endpoints ignored; record retained only for genome/date/project/marker metadata.
CHN::SAMN50152082	SAMN50152082	SAMN50152082	GCA_053471965		CHN	China	2024	2024-01-01	2024-12-31	2024			year	False	PRJNA1295129	assembly_metadata	current_2406_archive	focal_model_observation	focal_genome_observation	True	archive_analysis_genome	True	False	True				provisional_marker_or_published_annotation							False	1	2026-07-24	Legacy PRN endpoints ignored; record retained only for genome/date/project/marker metadata.
CHN::SAMN50152083	SAMN50152083	SAMN50152083	GCA_053471945		CHN	China	2024	2024-01-01	2024-12-31	2024			year	False	PRJNA1295129	assembly_metadata	current_2406_archive	focal_model_observation	focal_genome_observation	True	archive_analysis_genome	True	False	True				provisional_marker_or_published_annotation							False	1	2026-07-24	Legacy PRN endpoints ignored; record retained only for genome/date/project/marker metadata.
CHN::SAMN50152084	SAMN50152084	SAMN50152084	GCA_053471925		CHN	China	2024	2024-01-01	2024-12-31	2024			year	False	PRJNA1295129	assembly_metadata	current_2406_archive	focal_model_observation	focal_genome_observation	True	archive_analysis_genome	True	False	True				provisional_marker_or_published_annotation							False	1	2026-07-24	Legacy PRN endpoints ignored; record retained only for genome/date/project/marker metadata.
CHN::SAMN50152085	SAMN50152085	SAMN50152085	GCA_053471905		CHN	China	2024	2024-01-01	2024-12-31	2024			year	False	PRJNA1295129	assembly_metadata	current_2406_archive	focal_model_observation	focal_genome_observation	True	archive_analysis_genome	True	False	True				provisional_marker_or_published_annotation							False	1	2026-07-24	Legacy PRN endpoints ignored; record retained only for genome/date/project/marker metadata.
CHN::SAMN50152086	SAMN50152086	SAMN50152086	GCA_053471885		CHN	China	2024	2024-01-01	2024-12-31	2024			year	False	PRJNA1295129	assembly_metadata	current_2406_archive	focal_model_observation	focal_genome_observation	True	archive_analysis_genome	True	False	True				provisional_marker_or_published_annotation							False	1	2026-07-24	Legacy PRN endpoints ignored; record retained only for genome/date/project/marker metadata.
CHN::SAMN50152087	SAMN50152087	SAMN50152087	GCA_053471865		CHN	China	2024	2024-01-01	2024-12-31	2024			year	False	PRJNA1295129	assembly_metadata	current_2406_archive	focal_model_observation	focal_genome_observation	True	archive_analysis_genome	True	False	True				provisional_marker_or_published_annotation							False	1	2026-07-24	Legacy PRN endpoints ignored; record retained only for genome/date/project/marker metadata.
CHN::SAMN50152088	SAMN50152088	SAMN50152088	GCA_053485875		CHN	China	2024	2024-01-01	2024-12-31	2024			year	False	PRJNA1295129	assembly_metadata	current_2406_archive	focal_model_observation	focal_genome_observation	True	archive_analysis_genome	True	False	True				provisional_marker_or_published_annotation							False	1	2026-07-24	Legacy PRN endpoints ignored; record retained only for genome/date/project/marker metadata.
CHN::SAMN50152089	SAMN50152089	SAMN50152089	GCA_053471845		CHN	China	2024	2024-01-01	2024-12-31	2024			year	False	PRJNA1295129	assembly_metadata	current_2406_archive	focal_model_observation	focal_genome_observation	True	archive_analysis_genome	True	False	True				provisional_marker_or_published_annotation							False	1	2026-07-24	Legacy PRN endpoints ignored; record retained only for genome/date/project/marker metadata.
CHN::SAMN50152090	SAMN50152090	SAMN50152090	GCA_053471825		CHN	China	2024	2024-01-01	2024-12-31	2024			year	False	PRJNA1295129	assembly_metadata	current_2406_archive	focal_model_observation	focal_genome_observation	True	archive_analysis_genome	True	False	True				provisional_marker_or_published_annotation							False	1	2026-07-24	Legacy PRN endpoints ignored; record retained only for genome/date/project/marker metadata.
CHN::SAMN50152091	SAMN50152091	SAMN50152091	GCA_053471805		CHN	China	2024	2024-01-01	2024-12-31	2024			year	False	PRJNA1295129	assembly_metadata	current_2406_archive	focal_model_observation	focal_genome_observation	True	archive_analysis_genome	True	False	True				provisional_marker_or_published_annotation							False	1	2026-07-24	Legacy PRN endpoints ignored; record retained only for genome/date/project/marker metadata.
CHN::SAMN50152092	SAMN50152092	SAMN50152092	GCA_053471785		CHN	China	2024	2024-01-01	2024-12-31	2024			year	False	PRJNA1295129	assembly_metadata	current_2406_archive	focal_model_observation	focal_genome_observation	True	archive_analysis_genome	True	False	True				provisional_marker_or_published_annotation							False	1	2026-07-24	Legacy PRN endpoints ignored; record retained only for genome/date/project/marker metadata.
CHN::SAMN50152093	SAMN50152093	SAMN50152093	GCA_053471745		CHN	China	2024	2024-01-01	2024-12-31	2024			year	False	PRJNA1295129	assembly_metadata	current_2406_archive	focal_model_observation	focal_genome_observation	True	archive_analysis_genome	True	False	True				provisional_marker_or_published_annotation							False	1	2026-07-24	Legacy PRN endpoints ignored; record retained only for genome/date/project/marker metadata.
CHN::SAMN50152094	SAMN50152094	SAMN50152094	GCA_053471765		CHN	China	2024	2024-01-01	2024-12-31	2024			year	False	PRJNA1295129	assembly_metadata	current_2406_archive	focal_model_observation	focal_genome_observation	True	archive_analysis_genome	True	False	True				provisional_marker_or_published_annotation							False	1	2026-07-24	Legacy PRN endpoints ignored; record retained only for genome/date/project/marker metadata.
CHN::SAMN50152095	SAMN50152095	SAMN50152095	GCA_053471725		CHN	China	2024	2024-01-01	2024-12-31	2024			year	False	PRJNA1295129	assembly_metadata	current_2406_archive	focal_model_observation	focal_genome_observation	True	archive_analysis_genome	True	False	True				provisional_marker_or_published_annotation							False	1	2026-07-24	Legacy PRN endpoints ignored; record retained only for genome/date/project/marker metadata.
CHN::SAMN50152096	SAMN50152096	SAMN50152096	GCA_053470765		CHN	China	2024	2024-01-01	2024-12-31	2024			year	False	PRJNA1295129	assembly_metadata	current_2406_archive	focal_model_observation	focal_genome_observation	True	archive_analysis_genome	True	False	True				provisional_marker_or_published_annotation							False	1	2026-07-24	Legacy PRN endpoints ignored; record retained only for genome/date/project/marker metadata.
CHN::SAMN50152097	SAMN50152097	SAMN50152097	GCA_053470745		CHN	China	2024	2024-01-01	2024-12-31	2024			year	False	PRJNA1295129	assembly_metadata	current_2406_archive	focal_model_observation	focal_genome_observation	True	archive_analysis_genome	True	False	True				provisional_marker_or_published_annotation							False	1	2026-07-24	Legacy PRN endpoints ignored; record retained only for genome/date/project/marker metadata.
CHN::SAMN50152098	SAMN50152098	SAMN50152098	GCA_053470725		CHN	China	2024	2024-01-01	2024-12-31	2024			year	False	PRJNA1295129	assembly_metadata	current_2406_archive	focal_model_observation	focal_genome_observation	True	archive_analysis_genome	True	False	True				provisional_marker_or_published_annotation							False	1	2026-07-24	Legacy PRN endpoints ignored; record retained only for genome/date/project/marker metadata.
CHN::SAMN50152099	SAMN50152099	SAMN50152099	GCA_053470705		CHN	China	2024	2024-01-01	2024-12-31	2024			year	False	PRJNA1295129	assembly_metadata	current_2406_archive	focal_model_observation	focal_genome_observation	True	archive_analysis_genome	True	False	True				provisional_marker_or_published_annotation							False	1	2026-07-24	Legacy PRN endpoints ignored; record retained only for genome/date/project/marker metadata.
CHN::SAMN50152100	SAMN50152100	SAMN50152100	GCA_053470685		CHN	China	2024	2024-01-01	2024-12-31	2024			year	False	PRJNA1295129	assembly_metadata	current_2406_archive	focal_model_observation	focal_genome_observation	True	archive_analysis_genome	True	False	True				provisional_marker_or_published_annotation							False	1	2026-07-24	Legacy PRN endpoints ignored; record retained only for genome/date/project/marker metadata.
CHN::SAMN50152101	SAMN50152101	SAMN50152101	GCA_053470665		CHN	China	2024	2024-01-01	2024-12-31	2024			year	False	PRJNA1295129	assembly_metadata	current_2406_archive	focal_model_observation	focal_genome_observation	True	archive_analysis_genome	True	False	True				provisional_marker_or_published_annotation							False	1	2026-07-24	Legacy PRN endpoints ignored; record retained only for genome/date/project/marker metadata.
CHN::SAMN50152102	SAMN50152102	SAMN50152102	GCA_053470645		CHN	China	2024	2024-01-01	2024-12-31	2024			year	False	PRJNA1295129	assembly_metadata	current_2406_archive	focal_model_observation	focal_genome_observation	True	archive_analysis_genome	True	False	True				provisional_marker_or_published_annotation							False	1	2026-07-24	Legacy PRN endpoints ignored; record retained only for genome/date/project/marker metadata.
CHN::SAMN50152103	SAMN50152103	SAMN50152103	GCA_053470625		CHN	China	2024	2024-01-01	2024-12-31	2024			year	False	PRJNA1295129	assembly_metadata	current_2406_archive	focal_model_observation	focal_genome_observation	True	archive_analysis_genome	True	False	True				provisional_marker_or_published_annotation							False	1	2026-07-24	Legacy PRN endpoints ignored; record retained only for genome/date/project/marker metadata.
CHN::SAMN50152104	SAMN50152104	SAMN50152104	GCA_053470605		CHN	China	2024	2024-01-01	2024-12-31	2024			year	False	PRJNA1295129	assembly_metadata	current_2406_archive	focal_model_observation	focal_genome_observation	True	archive_analysis_genome	True	False	True				provisional_marker_or_published_annotation							False	1	2026-07-24	Legacy PRN endpoints ignored; record retained only for genome/date/project/marker metadata.
CHN::SAMN50152105	SAMN50152105	SAMN50152105	GCA_053470585		CHN	China	2024	2024-01-01	2024-12-31	2024			year	False	PRJNA1295129	assembly_metadata	current_2406_archive	focal_model_observation	focal_genome_observation	True	archive_analysis_genome	True	False	True				provisional_marker_or_published_annotation							False	1	2026-07-24	Legacy PRN endpoints ignored; record retained only for genome/date/project/marker metadata.
CHN::SAMN50152106	SAMN50152106	SAMN50152106	GCA_053470565		CHN	China	2024	2024-01-01	2024-12-31	2024			year	False	PRJNA1295129	assembly_metadata	current_2406_archive	focal_model_observation	focal_genome_observation	True	archive_analysis_genome	True	False	True				provisional_marker_or_published_annotation							False	1	2026-07-24	Legacy PRN endpoints ignored; record retained only for genome/date/project/marker metadata.
CHN::SAMN50152107	SAMN50152107	SAMN50152107	GCA_053470545		CHN	China	2024	2024-01-01	2024-12-31	2024			year	False	PRJNA1295129	assembly_metadata	current_2406_archive	focal_model_observation	focal_genome_observation	True	archive_analysis_genome	True	False	True				provisional_marker_or_published_annotation							False	1	2026-07-24	Legacy PRN endpoints ignored; record retained only for genome/date/project/marker metadata.
CHN::SAMN50152108	SAMN50152108	SAMN50152108	GCA_053470525		CHN	China	2024	2024-01-01	2024-12-31	2024			year	False	PRJNA1295129	assembly_metadata	current_2406_archive	focal_model_observation	focal_genome_observation	True	archive_analysis_genome	True	False	True				provisional_marker_or_published_annotation							False	1	2026-07-24	Legacy PRN endpoints ignored; record retained only for genome/date/project/marker metadata.
CHN::SAMN50152109	SAMN50152109	SAMN50152109	GCA_053470505		CHN	China	2024	2024-01-01	2024-12-31	2024			year	False	PRJNA1295129	assembly_metadata	current_2406_archive	focal_model_observation	focal_genome_observation	True	archive_analysis_genome	True	False	True				provisional_marker_or_published_annotation							False	1	2026-07-24	Legacy PRN endpoints ignored; record retained only for genome/date/project/marker metadata.
CHN::SAMN50152110	SAMN50152110	SAMN50152110	GCA_053470485		CHN	China	2024	2024-01-01	2024-12-31	2024			year	False	PRJNA1295129	assembly_metadata	current_2406_archive	focal_model_observation	focal_genome_observation	True	archive_analysis_genome	True	False	True				provisional_marker_or_published_annotation							False	1	2026-07-24	Legacy PRN endpoints ignored; record retained only for genome/date/project/marker metadata.
CHN::SAMN50152111	SAMN50152111	SAMN50152111	GCA_053470445		CHN	China	2024	2024-01-01	2024-12-31	2024			year	False	PRJNA1295129	assembly_metadata	current_2406_archive	focal_model_observation	focal_genome_observation	True	archive_analysis_genome	True	False	True				provisional_marker_or_published_annotation							False	1	2026-07-24	Legacy PRN endpoints ignored; record retained only for genome/date/project/marker metadata.
CHN::SAMN22233923	SRS10538223	SAMN22233923	RRASM_SRR16303952		CHN	China		2019-01-01	2019-12-31	2019			year	False	PRJNA770762	study_accession	current_2406_archive	historical_tree_anchor	focal_genome_observation	True	archive_analysis_genome	True	False	True			ptxP1/fim3-1	provisional_marker_or_published_annotation	Branch_IIb	ptxP1/fim3-1		ptxP1	fim3-1	MR_A2047G	False	1	2026-07-24	Legacy PRN endpoints ignored; record retained only for genome/date/project/marker metadata.
CHN::SAMN22233924	SRS10538224	SAMN22233924	RRASM_SRR16303951		CHN	China		2018-01-01	2018-12-31	2018			year	False	PRJNA770762	study_accession	current_2406_archive	historical_tree_anchor	focal_genome_observation	True	archive_analysis_genome	True	False	True			ptxP3/fim3-2	provisional_marker_or_published_annotation	Branch_IIb	ptxP3/fim3-2		ptxP3	fim3-2	MS	False	1	2026-07-24	Legacy PRN endpoints ignored; record retained only for genome/date/project/marker metadata.
CHN::SAMN22233915	SRS10538261	SAMN22233915	RRASM_SRR16303914		CHN	China		2018-01-01	2018-12-31	2018			year	False	PRJNA770762	study_accession	current_2406_archive	historical_tree_anchor	focal_genome_observation	True	archive_analysis_genome	True	False	True			ptxP1/fim3-1	provisional_marker_or_published_annotation	Branch_IIb	ptxP1/fim3-1		ptxP1	fim3-1	MR_A2047G	False	1	2026-07-24	Legacy PRN endpoints ignored; record retained only for genome/date/project/marker metadata.
CHN::SAMN22233918	SRS10538264	SAMN22233918	RRASM_SRR16303911		CHN	China		2019-01-01	2019-12-31	2019			year	False	PRJNA770762	study_accession	current_2406_archive	historical_tree_anchor	focal_genome_observation	True	archive_analysis_genome	True	False	True			ptxP1/fim3-1	provisional_marker_or_published_annotation	Branch_IIb	ptxP1/fim3-1		ptxP1	fim3-1	MR_A2047G	False	1	2026-07-24	Legacy PRN endpoints ignored; record retained only for genome/date/project/marker metadata.
AUS::SAMN22858020	SRS10902074	SAMN22858020	RRASM_SRR16760425		AUS	Australia		2009-01-01	2009-12-31	2009			year	False	PRJNA562796	study_accession	current_2406_archive	historical_tree_anchor	focal_genome_observation	True	archive_analysis_genome	True	False	True			ptxP3/fim3-2	provisional_marker_or_published_annotation	Branch_IIb	ptxP3/fim3-2		ptxP3	fim3-2	MS	False	1	2026-07-24	Legacy PRN endpoints ignored; record retained only for genome/date/project/marker metadata.
AUS::SAMN22858044	SRS10902086	SAMN22858044	RRASM_SRR16760399		AUS	Australia		2008-01-01	2008-12-31	2008			year	False	PRJNA562796	study_accession	current_2406_archive	historical_tree_anchor	focal_genome_observation	True	archive_analysis_genome	True	False	True			ptxP3/fim3-1	provisional_marker_or_published_annotation	Branch_IIb	ptxP3/fim3-1		ptxP3	fim3-1	MS	False	1	2026-07-24	Legacy PRN endpoints ignored; record retained only for genome/date/project/marker metadata.
AUS::SAMN22858066	SRS10902096	SAMN22858066	RRASM_SRR16760375		AUS	Australia		2010-01-01	2010-12-31	2010			year	False	PRJNA562796	study_accession	current_2406_archive	historical_tree_anchor	focal_genome_observation	True	archive_analysis_genome	True	False	True			ptxP3/fim3-1	provisional_marker_or_published_annotation	Branch_IIb	ptxP3/fim3-1		ptxP3	fim3-1	MS	False	1	2026-07-24	Legacy PRN endpoints ignored; record retained only for genome/date/project/marker metadata.
AUS::SAMN22858115	SRS10902136	SAMN22858115	RRASM_SRR16760321		AUS	Australia		2010-01-01	2010-12-31	2010			year	False	PRJNA562796	study_accession	current_2406_archive	historical_tree_anchor	focal_genome_observation	True	archive_analysis_genome	True	False	True			ptxP3/fim3-1	provisional_marker_or_published_annotation	Branch_IIb	ptxP3/fim3-1		ptxP3	fim3-1	MS	False	1	2026-07-24	Legacy PRN endpoints ignored; record retained only for genome/date/project/marker metadata.
AUS::SAMN22858150	SRS10902159	SAMN22858150	RRASM_SRR16760281		AUS	Australia		2012-01-01	2012-12-31	2012			year	False	PRJNA562796	study_accession	current_2406_archive	historical_tree_anchor	focal_genome_observation	True	archive_analysis_genome	True	False	True			ptxP3/fim3-2	provisional_marker_or_published_annotation	Branch_IIb	ptxP3/fim3-2		ptxP3	fim3-2	MS	False	1	2026-07-24	Legacy PRN endpoints ignored; record retained only for genome/date/project/marker metadata.
AUS::SAMN22858161	SRS10902167	SAMN22858161	RRASM_SRR16760269		AUS	Australia		2011-01-01	2011-12-31	2011			year	False	PRJNA562796	study_accession	current_2406_archive	historical_tree_anchor	focal_genome_observation	True	archive_analysis_genome	True	False	True			ptxP3/fim3-2	provisional_marker_or_published_annotation	Branch_IIb	ptxP3/fim3-2		ptxP3	fim3-2	MS	False	1	2026-07-24	Legacy PRN endpoints ignored; record retained only for genome/date/project/marker metadata.
AUS::SAMN22858166	SRS10902172	SAMN22858166	RRASM_SRR16760264		AUS	Australia		2011-01-01	2011-12-31	2011			year	False	PRJNA562796	study_accession	current_2406_archive	historical_tree_anchor	focal_genome_observation	True	archive_analysis_genome	True	False	True			ptxP3/fim3-2	provisional_marker_or_published_annotation	Branch_IIb	ptxP3/fim3-2		ptxP3	fim3-2	MS	False	1	2026-07-24	Legacy PRN endpoints ignored; record retained only for genome/date/project/marker metadata.
AUS::SAMN22858181	SRS10902182	SAMN22858181	RRASM_SRR16760247		AUS	Australia		2012-01-01	2012-12-31	2012			year	False	PRJNA562796	study_accession	current_2406_archive	historical_tree_anchor	focal_genome_observation	True	archive_analysis_genome	True	False	True			ptxP3/fim3-1	provisional_marker_or_published_annotation	Branch_IIb	ptxP3/fim3-1		ptxP3	fim3-1		False	1	2026-07-24	Legacy PRN endpoints ignored; record retained only for genome/date/project/marker metadata.
AUS::SAMN22857945	SRS10902188	SAMN22857945	RRASM_SRR16760240		AUS	Australia		2009-01-01	2009-12-31	2009			year	False	PRJNA562796	study_accession	current_2406_archive	historical_tree_anchor	focal_genome_observation	True	archive_analysis_genome	True	False	True			ptxP3/fim3-1	provisional_marker_or_published_annotation	Branch_IIb	ptxP3/fim3-1		ptxP3	fim3-1	MS	False	1	2026-07-24	Legacy PRN endpoints ignored; record retained only for genome/date/project/marker metadata.
AUS::SAMN22857989	SRS10902297	SAMN22857989	RRASM_SRR16760177		AUS	Australia		2008-01-01	2008-12-31	2008			year	False	PRJNA562796	study_accession	current_2406_archive	historical_tree_anchor	focal_genome_observation	True	archive_analysis_genome	True	False	True			ptxP3/fim3-1	provisional_marker_or_published_annotation	Branch_IIb	ptxP3/fim3-1		ptxP3	fim3-1	MS	False	1	2026-07-24	Legacy PRN endpoints ignored; record retained only for genome/date/project/marker metadata.
CHN::SAMN32033981	SRS15975360	SAMN32033981	RRASM_SRR22541043		CHN	China		2018-01-01	2018-12-31	2018			year	False	PRJNA908268	study_accession	current_2406_archive	historical_tree_anchor	focal_genome_observation	True	archive_analysis_genome	True	False	True				provisional_marker_or_published_annotation							False	1	2026-07-24	Legacy PRN endpoints ignored; record retained only for genome/date/project/marker metadata.
CHN::SAMN32033992	SRS15975375	SAMN32033992	RRASM_SRR22541028		CHN	China		2019-01-01	2019-12-31	2019			year	False	PRJNA908268	study_accession	current_2406_archive	historical_tree_anchor	focal_genome_observation	True	archive_analysis_genome	True	False	True				provisional_marker_or_published_annotation							False	1	2026-07-24	Legacy PRN endpoints ignored; record retained only for genome/date/project/marker metadata.
CHN::SAMN32033997	SRS15975380	SAMN32033997	RRASM_SRR22541023		CHN	China		2019-01-01	2019-12-31	2019			year	False	PRJNA908268	study_accession	current_2406_archive	historical_tree_anchor	focal_genome_observation	True	archive_analysis_genome	True	False	True				provisional_marker_or_published_annotation							False	1	2026-07-24	Legacy PRN endpoints ignored; record retained only for genome/date/project/marker metadata.
CHN::SAMN32033974	SRS15975384	SAMN32033974	RRASM_SRR22541019		CHN	China		2018-01-01	2018-12-31	2018			year	False	PRJNA908268	study_accession	current_2406_archive	historical_tree_anchor	focal_genome_observation	True	archive_analysis_genome	True	False	True				provisional_marker_or_published_annotation							False	1	2026-07-24	Legacy PRN endpoints ignored; record retained only for genome/date/project/marker metadata.
CHN::SAMN32034026	SRS15975412	SAMN32034026	RRASM_SRR22540991		CHN	China		2021-01-01	2021-12-31	2021			year	False	PRJNA908268	study_accession	current_2406_archive	focal_model_observation	focal_genome_observation	True	archive_analysis_genome	True	False	True				provisional_marker_or_published_annotation							False	1	2026-07-24	Legacy PRN endpoints ignored; record retained only for genome/date/project/marker metadata.
CHN::SAMN32034035	SRS15975422	SAMN32034035	RRASM_SRR22540981		CHN	China		2021-01-01	2021-12-31	2021			year	False	PRJNA908268	study_accession	current_2406_archive	focal_model_observation	focal_genome_observation	True	archive_analysis_genome	True	False	True				provisional_marker_or_published_annotation							False	1	2026-07-24	Legacy PRN endpoints ignored; record retained only for genome/date/project/marker metadata.
CHN::SAMN32034055	SRS15975444	SAMN32034055	RRASM_SRR22540959		CHN	China		2022-01-01	2022-12-31	2022			year	False	PRJNA908268	study_accession	current_2406_archive	focal_model_observation	focal_genome_observation	True	archive_analysis_genome	True	False	True				provisional_marker_or_published_annotation							False	1	2026-07-24	Legacy PRN endpoints ignored; record retained only for genome/date/project/marker metadata.
CHN::SAMN32034068	SRS15975458	SAMN32034068	RRASM_SRR22540945		CHN	China		2022-01-01	2022-12-31	2022			year	False	PRJNA908268	study_accession	current_2406_archive	focal_model_observation	focal_genome_observation	True	archive_analysis_genome	True	False	True				provisional_marker_or_published_annotation							False	1	2026-07-24	Legacy PRN endpoints ignored; record retained only for genome/date/project/marker metadata.
CHN::SAMN39683447	SRS20312547	SAMN39683447	RRASM_SRR27796352		CHN	China		2023-01-01	2023-12-31	2023			year	False	PRJNA1071282	study_accession	current_2406_archive	focal_model_observation	focal_genome_observation	True	archive_analysis_genome	True	False	True			ptxP3/fim3-1	provisional_marker_or_published_annotation	Branch_IIb	ptxP3/fim3-1	MR-MT28-others	ptxP3	fim3-1	MR_A2047G	False	1	2026-07-24	Legacy PRN endpoints ignored; record retained only for genome/date/project/marker metadata.
CHN::SAMN39683154	SRS20312620	SAMN39683154	RRASM_SRR27796276		CHN	China		2023-01-01	2023-12-31	2023			year	False	PRJNA1071282	study_accession	current_2406_archive	focal_model_observation	focal_genome_observation	True	archive_analysis_genome	True	False	True			ptxP1/fim3-1	provisional_marker_or_published_annotation	Branch_IIb	ptxP1/fim3-1		ptxP1	fim3-1	MR_A2047G	False	1	2026-07-24	Legacy PRN endpoints ignored; record retained only for genome/date/project/marker metadata.
CHN::SAMN39683174	SRS20312643	SAMN39683174	RRASM_SRR27796254		CHN	China		2016-01-01	2016-12-31	2016			year	False	PRJNA1071282	study_accession	current_2406_archive	historical_tree_anchor	focal_genome_observation	True	archive_analysis_genome	True	False	True			ptxP3/fim3-1	provisional_marker_or_published_annotation	Branch_IIb	ptxP3/fim3-1		ptxP3	fim3-1	MS	False	1	2026-07-24	Legacy PRN endpoints ignored; record retained only for genome/date/project/marker metadata.
CHN::SAMN39683176	SRS20312645	SAMN39683176	RRASM_SRR27796252		CHN	China		2016-01-01	2016-12-31	2016			year	False	PRJNA1071282	study_accession	current_2406_archive	historical_tree_anchor	focal_genome_observation	True	archive_analysis_genome	True	False	True			ptxP3/fim3-1	provisional_marker_or_published_annotation	Branch_IIb	ptxP3/fim3-1		ptxP3	fim3-1	MS	False	1	2026-07-24	Legacy PRN endpoints ignored; record retained only for genome/date/project/marker metadata.
CHN::SAMN39683369	SRS20312716	SAMN39683369	RRASM_SRR27796182		CHN	China		2022-01-01	2022-12-31	2022			year	False	PRJNA1071282	study_accession	current_2406_archive	focal_model_observation	focal_genome_observation	True	archive_analysis_genome	True	False	True			ptxP3/fim3-1	provisional_marker_or_published_annotation	Branch_IIb	ptxP3/fim3-1	MR-MT28-PG2	ptxP3	fim3-1	MR_A2047G	False	1	2026-07-24	Legacy PRN endpoints ignored; record retained only for genome/date/project/marker metadata.
CHN::SAMN39683412	SRS20312726	SAMN39683412	RRASM_SRR27796171		CHN	China		2022-01-01	2022-12-31	2022			year	False	PRJNA1071282	study_accession	current_2406_archive	focal_model_observation	focal_genome_observation	True	archive_analysis_genome	True	False	True			ptxP3/fim3-1	provisional_marker_or_published_annotation	Branch_IIb	ptxP3/fim3-1	MR-MT28-PG2	ptxP3	fim3-1	MR_A2047G	False	1	2026-07-24	Legacy PRN endpoints ignored; record retained only for genome/date/project/marker metadata.
CHN::SAMN39682971	SRS20312777	SAMN39682971	RRASM_SRR27796120		CHN	China		2018-01-01	2018-12-31	2018			year	False	PRJNA1071282	study_accession	current_2406_archive	historical_tree_anchor	focal_genome_observation	True	archive_analysis_genome	True	False	True			ptxP1/fim3-1	provisional_marker_or_published_annotation	Branch_IIb	ptxP1/fim3-1		ptxP1	fim3-1	MR_A2047G	False	1	2026-07-24	Legacy PRN endpoints ignored; record retained only for genome/date/project/marker metadata.
CHN::SAMN39682877	SRS20312802	SAMN39682877	RRASM_SRR27796093		CHN	China		2017-01-01	2017-12-31	2017			year	False	PRJNA1071282	study_accession	current_2406_archive	historical_tree_anchor	focal_genome_observation	True	archive_analysis_genome	True	False	True			ptxP1/fim3-1	provisional_marker_or_published_annotation	Branch_IIb	ptxP1/fim3-1		ptxP1	fim3-1	MR_A2047G	False	1	2026-07-24	Legacy PRN endpoints ignored; record retained only for genome/date/project/marker metadata.
CHN::SAMN39682878	SRS20312814	SAMN39682878	RRASM_SRR27796082		CHN	China		2017-01-01	2017-12-31	2017			year	False	PRJNA1071282	study_accession	current_2406_archive	historical_tree_anchor	focal_genome_observation	True	archive_analysis_genome	True	False	True			ptxP1/fim3-1	provisional_marker_or_published_annotation	Branch_IIb	ptxP1/fim3-1		ptxP1	fim3-1	MR_A2047G	False	1	2026-07-24	Legacy PRN endpoints ignored; record retained only for genome/date/project/marker metadata.
CHN::SAMN39683296	SRS20312923	SAMN39683296	RRASM_SRR27796613		CHN	China		2021-01-01	2021-12-31	2021			year	False	PRJNA1071282	study_accession	current_2406_archive	focal_model_observation	focal_genome_observation	True	archive_analysis_genome	True	False	True			ptxP3/fim3-1	provisional_marker_or_published_annotation	Branch_IIb	ptxP3/fim3-1		ptxP3	fim3-1	MS	False	1	2026-07-24	Legacy PRN endpoints ignored; record retained only for genome/date/project/marker metadata.
CHN::SAMN39683299	SRS20312925	SAMN39683299	RRASM_SRR27796610		CHN	China		2021-01-01	2021-12-31	2021			year	False	PRJNA1071282	study_accession	current_2406_archive	focal_model_observation	focal_genome_observation	True	archive_analysis_genome	True	False	True			ptxP3/fim3-1	provisional_marker_or_published_annotation	Branch_IIb	ptxP3/fim3-1		ptxP3	fim3-1	MS	False	1	2026-07-24	Legacy PRN endpoints ignored; record retained only for genome/date/project/marker metadata.
CHN::SAMN39683481	SRS20312947	SAMN39683481	RRASM_SRR27796588		CHN	China		2019-01-01	2019-12-31	2019			year	False	PRJNA1071282	study_accession	current_2406_archive	historical_tree_anchor	focal_genome_observation	True	archive_analysis_genome	True	False	True			ptxP3/fim3-1	provisional_marker_or_published_annotation	Branch_IIb	ptxP3/fim3-1	MR-MT28-others	ptxP3	fim3-1	MR_A2047G	False	1	2026-07-24	Legacy PRN endpoints ignored; record retained only for genome/date/project/marker metadata.
CHN::SAMN39683486	SRS20312953	SAMN39683486	RRASM_SRR27796582		CHN	China		2019-01-01	2019-12-31	2019			year	False	PRJNA1071282	study_accession	current_2406_archive	historical_tree_anchor	focal_genome_observation	True	archive_analysis_genome	True	False	True			ptxP1/fim3-1	provisional_marker_or_published_annotation	Branch_IIb	ptxP1/fim3-1		ptxP1	fim3-1	MR_A2047G	False	1	2026-07-24	Legacy PRN endpoints ignored; record retained only for genome/date/project/marker metadata.
CHN::SAMN39683227	SRS20313061	SAMN39683227	RRASM_SRR27796474		CHN	China		2018-01-01	2018-12-31	2018			year	False	PRJNA1071282	study_accession	current_2406_archive	historical_tree_anchor	focal_genome_observation	True	archive_analysis_genome	True	False	True			ptxP3/fim3-1	provisional_marker_or_published_annotation	Branch_IIb	ptxP3/fim3-1		ptxP3	fim3-1	MS	False	1	2026-07-24	Legacy PRN endpoints ignored; record retained only for genome/date/project/marker metadata.
CHN::SAMN40924133	SRS20990015	SAMN40924133	RRASM_SRR28622232		CHN	China		2024-01-01	2024-12-31	2024			year	False	PRJNA1071282	study_accession	current_2406_archive	focal_model_observation	focal_genome_observation	True	archive_analysis_genome	True	False	True			ptxP3/fim3-1	provisional_marker_or_published_annotation	Branch_IIb	ptxP3/fim3-1	MR-MT28-PG1	ptxP3	fim3-1	MR_A2047G	False	1	2026-07-24	Legacy PRN endpoints ignored; record retained only for genome/date/project/marker metadata.
CHN::SAMN40924154	SRS20990038	SAMN40924154	RRASM_SRR28622209		CHN	China		2024-01-01	2024-12-31	2024			year	False	PRJNA1071282	study_accession	current_2406_archive	focal_model_observation	focal_genome_observation	True	archive_analysis_genome	True	False	True			ptxP3/fim3-1	provisional_marker_or_published_annotation	Branch_IIb	ptxP3/fim3-1	MR-MT28-PG2	ptxP3	fim3-1	MR_A2047G	False	1	2026-07-24	Legacy PRN endpoints ignored; record retained only for genome/date/project/marker metadata.
CHN::SAMN45156013	SRS23447260	SAMN45156013	RRASM_SRR31615326		CHN	China		2020-01-01	2020-12-31	2020			year	False	PRJNA1193776	study_accession	current_2406_archive	focal_model_observation	focal_genome_observation	True	archive_analysis_genome	True	False	True			ptxP3/fim3-1	provisional_marker_or_published_annotation	Branch_IIb	ptxP3/fim3-1	MS-MT28	ptxP3	fim3-1	MS	False	1	2026-07-24	Legacy PRN endpoints ignored; record retained only for genome/date/project/marker metadata.
CHN::SAMN45156014	SRS23447261	SAMN45156014	RRASM_SRR31615325		CHN	China		2022-01-01	2022-12-31	2022			year	False	PRJNA1193776	study_accession	current_2406_archive	focal_model_observation	focal_genome_observation	True	archive_analysis_genome	True	False	True				provisional_marker_or_published_annotation							False	1	2026-07-24	Legacy PRN endpoints ignored; record retained only for genome/date/project/marker metadata.
CHN::SAMN45156023	SRS23447262	SAMN45156023	RRASM_SRR31615324		CHN	China		2023-01-01	2023-12-31	2023			year	False	PRJNA1193776	study_accession	current_2406_archive	focal_model_observation	focal_genome_observation	True	archive_analysis_genome	True	False	True			ptxP3/fim3-1	provisional_marker_or_published_annotation	Branch_IIb	ptxP3/fim3-1	MR-MT28-PG2	ptxP3	fim3-1	MR_A2047G	False	1	2026-07-24	Legacy PRN endpoints ignored; record retained only for genome/date/project/marker metadata.
CHN::SAMN45156024	SRS23447263	SAMN45156024	RRASM_SRR31615323		CHN	China		2023-01-01	2023-12-31	2023			year	False	PRJNA1193776	study_accession	current_2406_archive	focal_model_observation	focal_genome_observation	True	archive_analysis_genome	True	False	True			ptxP3/fim3-1	provisional_marker_or_published_annotation	Branch_IIb	ptxP3/fim3-1	MR-MT28-PG1	ptxP3	fim3-1	MR_A2047G	False	1	2026-07-24	Legacy PRN endpoints ignored; record retained only for genome/date/project/marker metadata.
CHN::SAMN45156025	SRS23447264	SAMN45156025	RRASM_SRR31615322		CHN	China		2023-01-01	2023-12-31	2023			year	False	PRJNA1193776	study_accession	current_2406_archive	focal_model_observation	focal_genome_observation	True	archive_analysis_genome	True	False	True				provisional_marker_or_published_annotation							False	1	2026-07-24	Legacy PRN endpoints ignored; record retained only for genome/date/project/marker metadata.
CHN::SAMN45156026	SRS23447265	SAMN45156026	RRASM_SRR31615321		CHN	China		2023-01-01	2023-12-31	2023			year	False	PRJNA1193776	study_accession	current_2406_archive	focal_model_observation	focal_genome_observation	True	archive_analysis_genome	True	False	True				provisional_marker_or_published_annotation							False	1	2026-07-24	Legacy PRN endpoints ignored; record retained only for genome/date/project/marker metadata.
CHN::SAMN45156027	SRS23447266	SAMN45156027	RRASM_SRR31615320		CHN	China		2023-01-01	2023-12-31	2023			year	False	PRJNA1193776	study_accession	current_2406_archive	focal_model_observation	focal_genome_observation	True	archive_analysis_genome	True	False	True			ptxP3/fim3-1	provisional_marker_or_published_annotation	Branch_IIb	ptxP3/fim3-1	MR-MT28-others	ptxP3	fim3-1	MR_A2047G	False	1	2026-07-24	Legacy PRN endpoints ignored; record retained only for genome/date/project/marker metadata.
CHN::SAMN45156028	SRS23447267	SAMN45156028	RRASM_SRR31615319		CHN	China		2023-01-01	2023-12-31	2023			year	False	PRJNA1193776	study_accession	current_2406_archive	focal_model_observation	focal_genome_observation	True	archive_analysis_genome	True	False	True			ptxP3/fim3-1	provisional_marker_or_published_annotation	Branch_IIb	ptxP3/fim3-1	MR-MT28-PG2	ptxP3	fim3-1	MR_A2047G	False	1	2026-07-24	Legacy PRN endpoints ignored; record retained only for genome/date/project/marker metadata.
CHN::SAMN45156029	SRS23447268	SAMN45156029	RRASM_SRR31615318		CHN	China		2023-01-01	2023-12-31	2023			year	False	PRJNA1193776	study_accession	current_2406_archive	focal_model_observation	focal_genome_observation	True	archive_analysis_genome	True	False	True			ptxP3/fim3-1	provisional_marker_or_published_annotation	Branch_IIb	ptxP3/fim3-1	MR-MT28-others	ptxP3	fim3-1	MR_A2047G	False	1	2026-07-24	Legacy PRN endpoints ignored; record retained only for genome/date/project/marker metadata.
CHN::SAMN45156030	SRS23447269	SAMN45156030	RRASM_SRR31615317		CHN	China		2023-01-01	2023-12-31	2023			year	False	PRJNA1193776	study_accession	current_2406_archive	focal_model_observation	focal_genome_observation	True	archive_analysis_genome	True	False	True			ptxP3/fim3-1	provisional_marker_or_published_annotation	Branch_IIb	ptxP3/fim3-1	MR-MT28-others	ptxP3	fim3-1	MR_A2047G	False	1	2026-07-24	Legacy PRN endpoints ignored; record retained only for genome/date/project/marker metadata.
CHN::SAMN07329785	SRS2344727	SAMN07329785	RRASM_SRR5814350		CHN	China		2015-01-01	2015-12-31	2015			year	False	PRJNA393244	study_accession	current_2406_archive	historical_tree_anchor	focal_genome_observation	True	archive_analysis_genome	True	False	True			ptxP3/fim3-1	provisional_marker_or_published_annotation	Branch_IIb	ptxP3/fim3-1	MS-MT28	ptxP3	fim3-1	MS	False	1	2026-07-24	Legacy PRN endpoints ignored; record retained only for genome/date/project/marker metadata.
CHN::SAMN45156031	SRS23447270	SAMN45156031	RRASM_SRR31615316		CHN	China		2024-01-01	2024-12-31	2024			year	False	PRJNA1193776	study_accession	current_2406_archive	focal_model_observation	focal_genome_observation	True	archive_analysis_genome	True	False	True			ptxP3/fim3-1	provisional_marker_or_published_annotation	Branch_IIb	ptxP3/fim3-1	MR-MT28-others	ptxP3	fim3-1	MR_A2047G	False	1	2026-07-24	Legacy PRN endpoints ignored; record retained only for genome/date/project/marker metadata.
CHN::SAMN45156032	SRS23447271	SAMN45156032	RRASM_SRR31615315		CHN	China		2024-01-01	2024-12-31	2024			year	False	PRJNA1193776	study_accession	current_2406_archive	focal_model_observation	focal_genome_observation	True	archive_analysis_genome	True	False	True			ptxP3/fim3-1	provisional_marker_or_published_annotation	Branch_IIb	ptxP3/fim3-1	MR-MT28-others	ptxP3	fim3-1	MR_A2047G	False	1	2026-07-24	Legacy PRN endpoints ignored; record retained only for genome/date/project/marker metadata.
CHN::SAMN45156015	SRS23447272	SAMN45156015	RRASM_SRR31615314		CHN	China		2022-01-01	2022-12-31	2022			year	False	PRJNA1193776	study_accession	current_2406_archive	focal_model_observation	focal_genome_observation	True	archive_analysis_genome	True	False	True			ptxP3/fim3-1	provisional_marker_or_published_annotation	Branch_IIb	ptxP3/fim3-1		ptxP3	fim3-1	MS	False	1	2026-07-24	Legacy PRN endpoints ignored; record retained only for genome/date/project/marker metadata.
CHN::SAMN45156033	SRS23447273	SAMN45156033	RRASM_SRR31615313		CHN	China		2024-01-01	2024-12-31	2024			year	False	PRJNA1193776	study_accession	current_2406_archive	focal_model_observation	focal_genome_observation	True	archive_analysis_genome	True	False	True			ptxP3/fim3-1	provisional_marker_or_published_annotation	Branch_IIb	ptxP3/fim3-1	MR-MT28-others	ptxP3	fim3-1	MR_A2047G	False	1	2026-07-24	Legacy PRN endpoints ignored; record retained only for genome/date/project/marker metadata.
CHN::SAMN45156034	SRS23447274	SAMN45156034	RRASM_SRR31615312		CHN	China		2024-01-01	2024-12-31	2024			year	False	PRJNA1193776	study_accession	current_2406_archive	focal_model_observation	focal_genome_observation	True	archive_analysis_genome	True	False	True			ptxP3/fim3-1	provisional_marker_or_published_annotation	Branch_IIb	ptxP3/fim3-1	MR-MT28-others	ptxP3	fim3-1	MR_A2047G	False	1	2026-07-24	Legacy PRN endpoints ignored; record retained only for genome/date/project/marker metadata.
CHN::SAMN45156035	SRS23447275	SAMN45156035	RRASM_SRR31615311		CHN	China		2024-01-01	2024-12-31	2024			year	False	PRJNA1193776	study_accession	current_2406_archive	focal_model_observation	focal_genome_observation	True	archive_analysis_genome	True	False	True			ptxP3/fim3-1	provisional_marker_or_published_annotation	Branch_IIb	ptxP3/fim3-1	MR-MT28-PG1	ptxP3	fim3-1	MR_A2047G	False	1	2026-07-24	Legacy PRN endpoints ignored; record retained only for genome/date/project/marker metadata.
CHN::SAMN45156036	SRS23447276	SAMN45156036	RRASM_SRR31615310		CHN	China		2024-01-01	2024-12-31	2024			year	False	PRJNA1193776	study_accession	current_2406_archive	focal_model_observation	focal_genome_observation	True	archive_analysis_genome	True	False	True			ptxP3/fim3-1	provisional_marker_or_published_annotation	Branch_IIb	ptxP3/fim3-1	MR-MT28-PG2	ptxP3	fim3-1	MR_A2047G	False	1	2026-07-24	Legacy PRN endpoints ignored; record retained only for genome/date/project/marker metadata.
CHN::SAMN45156037	SRS23447277	SAMN45156037	RRASM_SRR31615309		CHN	China		2024-01-01	2024-12-31	2024			year	False	PRJNA1193776	study_accession	current_2406_archive	focal_model_observation	focal_genome_observation	True	archive_analysis_genome	True	False	True			ptxP3/fim3-1	provisional_marker_or_published_annotation	Branch_IIb	ptxP3/fim3-1	MR-MT28-others	ptxP3	fim3-1	MR_A2047G	False	1	2026-07-24	Legacy PRN endpoints ignored; record retained only for genome/date/project/marker metadata.
CHN::SAMN45156038	SRS23447278	SAMN45156038	RRASM_SRR31615308		CHN	China		2024-01-01	2024-12-31	2024			year	False	PRJNA1193776	study_accession	current_2406_archive	focal_model_observation	focal_genome_observation	True	archive_analysis_genome	True	False	True			ptxP3/fim3-1	provisional_marker_or_published_annotation	Branch_IIb	ptxP3/fim3-1	MR-MT28-others	ptxP3	fim3-1	MR_A2047G	False	1	2026-07-24	Legacy PRN endpoints ignored; record retained only for genome/date/project/marker metadata.
CHN::SAMN45156039	SRS23447279	SAMN45156039	RRASM_SRR31615307		CHN	China		2024-01-01	2024-12-31	2024			year	False	PRJNA1193776	study_accession	current_2406_archive	focal_model_observation	focal_genome_observation	True	archive_analysis_genome	True	False	True			ptxP3/fim3-1	provisional_marker_or_published_annotation	Branch_IIb	ptxP3/fim3-1	MR-MT28-others	ptxP3	fim3-1	MR_A2047G	False	1	2026-07-24	Legacy PRN endpoints ignored; record retained only for genome/date/project/marker metadata.
CHN::SAMN07329787	SRS2344728	SAMN07329787	RRASM_SRR5814348		CHN	China		2015-01-01	2015-12-31	2015			year	False	PRJNA393244	study_accession	current_2406_archive	historical_tree_anchor	focal_genome_observation	True	archive_analysis_genome	True	False	True			ptxP1/fim3-1	provisional_marker_or_published_annotation	Branch_IIb	ptxP1/fim3-1		ptxP1	fim3-1	MR_A2047G	False	1	2026-07-24	Legacy PRN endpoints ignored; record retained only for genome/date/project/marker metadata.
CHN::SAMN45156040	SRS23447280	SAMN45156040	RRASM_SRR31615306		CHN	China		2024-01-01	2024-12-31	2024			year	False	PRJNA1193776	study_accession	current_2406_archive	focal_model_observation	focal_genome_observation	True	archive_analysis_genome	True	False	True			ptxP3/fim3-1	provisional_marker_or_published_annotation	Branch_IIb	ptxP3/fim3-1	MR-MT28-PG1	ptxP3	fim3-1	MR_A2047G	False	1	2026-07-24	Legacy PRN endpoints ignored; record retained only for genome/date/project/marker metadata.
CHN::SAMN45156041	SRS23447281	SAMN45156041	RRASM_SRR31615305		CHN	China		2024-01-01	2024-12-31	2024			year	False	PRJNA1193776	study_accession	current_2406_archive	focal_model_observation	focal_genome_observation	True	archive_analysis_genome	True	False	True			ptxP3/fim3-1	provisional_marker_or_published_annotation	Branch_IIb	ptxP3/fim3-1	MR-MT28-others	ptxP3	fim3-1	MR_A2047G	False	1	2026-07-24	Legacy PRN endpoints ignored; record retained only for genome/date/project/marker metadata.
CHN::SAMN45156042	SRS23447282	SAMN45156042	RRASM_SRR31615304		CHN	China		2024-01-01	2024-12-31	2024			year	False	PRJNA1193776	study_accession	current_2406_archive	focal_model_observation	focal_genome_observation	True	archive_analysis_genome	True	False	True			ptxP3/fim3-1	provisional_marker_or_published_annotation	Branch_IIb	ptxP3/fim3-1	MR-MT28-others	ptxP3	fim3-1	MR_A2047G	False	1	2026-07-24	Legacy PRN endpoints ignored; record retained only for genome/date/project/marker metadata.
CHN::SAMN45156016	SRS23447283	SAMN45156016	RRASM_SRR31615303		CHN	China		2022-01-01	2022-12-31	2022			year	False	PRJNA1193776	study_accession	current_2406_archive	focal_model_observation	focal_genome_observation	True	archive_analysis_genome	True	False	True				provisional_marker_or_published_annotation							False	1	2026-07-24	Legacy PRN endpoints ignored; record retained only for genome/date/project/marker metadata.
CHN::SAMN45156043	SRS23447284	SAMN45156043	RRASM_SRR31615302		CHN	China		2024-01-01	2024-12-31	2024			year	False	PRJNA1193776	study_accession	current_2406_archive	focal_model_observation	focal_genome_observation	True	archive_analysis_genome	True	False	True			ptxP3/fim3-1	provisional_marker_or_published_annotation	Branch_IIb	ptxP3/fim3-1	MR-MT28-PG2	ptxP3	fim3-1	MR_A2047G	False	1	2026-07-24	Legacy PRN endpoints ignored; record retained only for genome/date/project/marker metadata.
CHN::SAMN45156052	SRS23447293	SAMN45156052	RRASM_SRR31615293		CHN	China		2024-01-01	2024-12-31	2024			year	False	PRJNA1193776	study_accession	current_2406_archive	focal_model_observation	focal_genome_observation	True	archive_analysis_genome	True	False	True			ptxP3/fim3-1	provisional_marker_or_published_annotation	Branch_IIb	ptxP3/fim3-1	MR-MT28-others	ptxP3	fim3-1	MR_A2047G	False	1	2026-07-24	Legacy PRN endpoints ignored; record retained only for genome/date/project/marker metadata.
CHN::SAMN45156017	SRS23447294	SAMN45156017	RRASM_SRR31615292		CHN	China		2022-01-01	2022-12-31	2022			year	False	PRJNA1193776	study_accession	current_2406_archive	focal_model_observation	focal_genome_observation	True	archive_analysis_genome	True	False	True			ptxP1/fim3-1	provisional_marker_or_published_annotation	Branch_IIb	ptxP1/fim3-1		ptxP1	fim3-1	MR_A2047G	False	1	2026-07-24	Legacy PRN endpoints ignored; record retained only for genome/date/project/marker metadata.
CHN::SAMN45156053	SRS23447295	SAMN45156053	RRASM_SRR31615291		CHN	China		2024-01-01	2024-12-31	2024			year	False	PRJNA1193776	study_accession	current_2406_archive	focal_model_observation	focal_genome_observation	True	archive_analysis_genome	True	False	True			ptxP3/fim3-1	provisional_marker_or_published_annotation	Branch_IIb	ptxP3/fim3-1	MR-MT28-others	ptxP3	fim3-1	MR_A2047G	False	1	2026-07-24	Legacy PRN endpoints ignored; record retained only for genome/date/project/marker metadata.
CHN::SAMN45156054	SRS23447296	SAMN45156054	RRASM_SRR31615290		CHN	China		2024-01-01	2024-12-31	2024			year	False	PRJNA1193776	study_accession	current_2406_archive	focal_model_observation	focal_genome_observation	True	archive_analysis_genome	True	False	True			ptxP3/fim3-1	provisional_marker_or_published_annotation	Branch_IIb	ptxP3/fim3-1	MR-MT28-others	ptxP3	fim3-1	MR_A2047G	False	1	2026-07-24	Legacy PRN endpoints ignored; record retained only for genome/date/project/marker metadata.
CHN::SAMN45156057	SRS23447299	SAMN45156057	RRASM_SRR31615287		CHN	China		2024-01-01	2024-12-31	2024			year	False	PRJNA1193776	study_accession	current_2406_archive	focal_model_observation	focal_genome_observation	True	archive_analysis_genome	True	False	True			ptxP3/fim3-1	provisional_marker_or_published_annotation	Branch_IIb	ptxP3/fim3-1	MR-MT28-others	ptxP3	fim3-1	MR_A2047G	False	1	2026-07-24	Legacy PRN endpoints ignored; record retained only for genome/date/project/marker metadata.
CHN::SAMN07329789	SRS2344730	SAMN07329789	RRASM_SRR5814346		CHN	China		2016-01-01	2016-12-31	2016			year	False	PRJNA393244	study_accession	current_2406_archive	historical_tree_anchor	focal_genome_observation	True	archive_analysis_genome	True	False	True			ptxP1/fim3-1	provisional_marker_or_published_annotation	Branch_IIb	ptxP1/fim3-1		ptxP1	fim3-1	MR_A2047G	False	1	2026-07-24	Legacy PRN endpoints ignored; record retained only for genome/date/project/marker metadata.
CHN::SAMN45156059	SRS23447301	SAMN45156059	RRASM_SRR31615285		CHN	China		2024-01-01	2024-12-31	2024			year	False	PRJNA1193776	study_accession	current_2406_archive	focal_model_observation	focal_genome_observation	True	archive_analysis_genome	True	False	True			ptxP3/fim3-1	provisional_marker_or_published_annotation	Branch_IIb	ptxP3/fim3-1	MR-MT28-others	ptxP3	fim3-1	MR_A2047G	False	1	2026-07-24	Legacy PRN endpoints ignored; record retained only for genome/date/project/marker metadata.
CHN::SAMN45156060	SRS23447302	SAMN45156060	RRASM_SRR31615284		CHN	China		2024-01-01	2024-12-31	2024			year	False	PRJNA1193776	study_accession	current_2406_archive	focal_model_observation	focal_genome_observation	True	archive_analysis_genome	True	False	True			ptxP3/fim3-1	provisional_marker_or_published_annotation	Branch_IIb	ptxP3/fim3-1	MR-MT28-others	ptxP3	fim3-1	MR_A2047G	False	1	2026-07-24	Legacy PRN endpoints ignored; record retained only for genome/date/project/marker metadata.
CHN::SAMN45156061	SRS23447303	SAMN45156061	RRASM_SRR31615283		CHN	China		2024-01-01	2024-12-31	2024			year	False	PRJNA1193776	study_accession	current_2406_archive	focal_model_observation	focal_genome_observation	True	archive_analysis_genome	True	False	True			ptxP3/fim3-1	provisional_marker_or_published_annotation	Branch_IIb	ptxP3/fim3-1	MR-MT28-others	ptxP3	fim3-1	MR_A2047G	False	1	2026-07-24	Legacy PRN endpoints ignored; record retained only for genome/date/project/marker metadata.
CHN::SAMN45156062	SRS23447304	SAMN45156062	RRASM_SRR31615282		CHN	China		2024-01-01	2024-12-31	2024			year	False	PRJNA1193776	study_accession	current_2406_archive	focal_model_observation	focal_genome_observation	True	archive_analysis_genome	True	False	True			ptxP3/fim3-1	provisional_marker_or_published_annotation	Branch_IIb	ptxP3/fim3-1	MR-MT28-others	ptxP3	fim3-1	MR_A2047G	False	1	2026-07-24	Legacy PRN endpoints ignored; record retained only for genome/date/project/marker metadata.
CHN::SAMN45156018	SRS23447305	SAMN45156018	RRASM_SRR31615281		CHN	China		2023-01-01	2023-12-31	2023			year	False	PRJNA1193776	study_accession	current_2406_archive	focal_model_observation	focal_genome_observation	True	archive_analysis_genome	True	False	True			ptxP3/fim3-1	provisional_marker_or_published_annotation	Branch_IIb	ptxP3/fim3-1	MR-MT28-others	ptxP3	fim3-1	MR_A2047G	False	1	2026-07-24	Legacy PRN endpoints ignored; record retained only for genome/date/project/marker metadata.
CHN::SAMN45156063	SRS23447306	SAMN45156063	RRASM_SRR31615280		CHN	China		2024-01-01	2024-12-31	2024			year	False	PRJNA1193776	study_accession	current_2406_archive	focal_model_observation	focal_genome_observation	True	archive_analysis_genome	True	False	True			ptxP3/fim3-1	provisional_marker_or_published_annotation	Branch_IIb	ptxP3/fim3-1	MR-MT28-others	ptxP3	fim3-1	MR_A2047G	False	1	2026-07-24	Legacy PRN endpoints ignored; record retained only for genome/date/project/marker metadata.
CHN::SAMN45156064	SRS23447307	SAMN45156064	RRASM_SRR31615279		CHN	China		2024-01-01	2024-12-31	2024			year	False	PRJNA1193776	study_accession	current_2406_archive	focal_model_observation	focal_genome_observation	True	archive_analysis_genome	True	False	True			ptxP3/fim3-1	provisional_marker_or_published_annotation	Branch_IIb	ptxP3/fim3-1	MR-MT28-others	ptxP3	fim3-1	MR_A2047G	False	1	2026-07-24	Legacy PRN endpoints ignored; record retained only for genome/date/project/marker metadata.
CHN::SAMN45156065	SRS23447308	SAMN45156065	RRASM_SRR31615278		CHN	China		2024-01-01	2024-12-31	2024			year	False	PRJNA1193776	study_accession	current_2406_archive	focal_model_observation	focal_genome_observation	True	archive_analysis_genome	True	False	True			ptxP3/fim3-1	provisional_marker_or_published_annotation	Branch_IIb	ptxP3/fim3-1	MR-MT28-PG2	ptxP3	fim3-1	MR_A2047G	False	1	2026-07-24	Legacy PRN endpoints ignored; record retained only for genome/date/project/marker metadata.
CHN::SAMN45156066	SRS23447309	SAMN45156066	RRASM_SRR31615277		CHN	China		2024-01-01	2024-12-31	2024			year	False	PRJNA1193776	study_accession	current_2406_archive	focal_model_observation	focal_genome_observation	True	archive_analysis_genome	True	False	True			ptxP3/fim3-1	provisional_marker_or_published_annotation	Branch_IIb	ptxP3/fim3-1	MR-MT28-others	ptxP3	fim3-1	MR_A2047G	False	1	2026-07-24	Legacy PRN endpoints ignored; record retained only for genome/date/project/marker metadata.
CHN::SAMN45156067	SRS23447310	SAMN45156067	RRASM_SRR31615276		CHN	China		2024-01-01	2024-12-31	2024			year	False	PRJNA1193776	study_accession	current_2406_archive	focal_model_observation	focal_genome_observation	True	archive_analysis_genome	True	False	True			ptxP3/fim3-1	provisional_marker_or_published_annotation	Branch_IIb	ptxP3/fim3-1	MR-MT28-others	ptxP3	fim3-1	MR_A2047G	False	1	2026-07-24	Legacy PRN endpoints ignored; record retained only for genome/date/project/marker metadata.
CHN::SAMN45156070	SRS23447313	SAMN45156070	RRASM_SRR31615273		CHN	China		2024-01-01	2024-12-31	2024			year	False	PRJNA1193776	study_accession	current_2406_archive	focal_model_observation	focal_genome_observation	True	archive_analysis_genome	True	False	True			ptxP3/fim3-1	provisional_marker_or_published_annotation	Branch_IIb	ptxP3/fim3-1	MR-MT28-others	ptxP3	fim3-1	MR_A2047G	False	1	2026-07-24	Legacy PRN endpoints ignored; record retained only for genome/date/project/marker metadata.
CHN::SAMN45156071	SRS23447314	SAMN45156071	RRASM_SRR31615272		CHN	China		2024-01-01	2024-12-31	2024			year	False	PRJNA1193776	study_accession	current_2406_archive	focal_model_observation	focal_genome_observation	True	archive_analysis_genome	True	False	True			ptxP3/fim3-1	provisional_marker_or_published_annotation	Branch_IIb	ptxP3/fim3-1	MR-MT28-others	ptxP3	fim3-1	MR_A2047G	False	1	2026-07-24	Legacy PRN endpoints ignored; record retained only for genome/date/project/marker metadata.
CHN::SAMN45156072	SRS23447315	SAMN45156072	RRASM_SRR31615271		CHN	China		2024-01-01	2024-12-31	2024			year	False	PRJNA1193776	study_accession	current_2406_archive	focal_model_observation	focal_genome_observation	True	archive_analysis_genome	True	False	True			ptxP3/fim3-1	provisional_marker_or_published_annotation	Branch_IIb	ptxP3/fim3-1	MR-MT28-others	ptxP3	fim3-1	MR_A2047G	False	1	2026-07-24	Legacy PRN endpoints ignored; record retained only for genome/date/project/marker metadata.
CHN::SAMN45156019	SRS23447316	SAMN45156019	RRASM_SRR31615270		CHN	China		2022-01-01	2022-12-31	2022			year	False	PRJNA1193776	study_accession	current_2406_archive	focal_model_observation	focal_genome_observation	True	archive_analysis_genome	True	False	True			ptxP3/fim3-1	provisional_marker_or_published_annotation	Branch_IIb	ptxP3/fim3-1	MR-MT28-others	ptxP3	fim3-1	MR_A2047G	False	1	2026-07-24	Legacy PRN endpoints ignored; record retained only for genome/date/project/marker metadata.
CHN::SAMN45156020	SRS23447319	SAMN45156020	RRASM_SRR31615267		CHN	China		2022-01-01	2022-12-31	2022			year	False	PRJNA1193776	study_accession	current_2406_archive	focal_model_observation	focal_genome_observation	True	archive_analysis_genome	True	False	True			ptxP3/fim3-1	provisional_marker_or_published_annotation	Branch_IIb	ptxP3/fim3-1	MR-MT28-others	ptxP3	fim3-1	MR_A2047G	False	1	2026-07-24	Legacy PRN endpoints ignored; record retained only for genome/date/project/marker metadata.
CHN::SAMN07329790	SRS2344732	SAMN07329790	RRASM_SRR5814345		CHN	China		2016-01-01	2016-12-31	2016			year	False	PRJNA393244	study_accession	current_2406_archive	historical_tree_anchor	focal_genome_observation	True	archive_analysis_genome	True	False	True				provisional_marker_or_published_annotation							False	1	2026-07-24	Legacy PRN endpoints ignored; record retained only for genome/date/project/marker metadata.
CHN::SAMN45156021	SRS23447320	SAMN45156021	RRASM_SRR31615266		CHN	China		2022-01-01	2022-12-31	2022			year	False	PRJNA1193776	study_accession	current_2406_archive	focal_model_observation	focal_genome_observation	True	archive_analysis_genome	True	False	True			ptxP3/fim3-1	provisional_marker_or_published_annotation	Branch_IIb	ptxP3/fim3-1	MR-MT28-others	ptxP3	fim3-1	MR_A2047G	False	1	2026-07-24	Legacy PRN endpoints ignored; record retained only for genome/date/project/marker metadata.
CHN::SAMN45156022	SRS23447321	SAMN45156022	RRASM_SRR31615265		CHN	China		2022-01-01	2022-12-31	2022			year	False	PRJNA1193776	study_accession	current_2406_archive	focal_model_observation	focal_genome_observation	True	archive_analysis_genome	True	False	True			ptxP1/fim3-1	provisional_marker_or_published_annotation	Branch_IIb	ptxP1/fim3-1		ptxP1	fim3-1	MR_A2047G	False	1	2026-07-24	Legacy PRN endpoints ignored; record retained only for genome/date/project/marker metadata.
CHN::SAMN07329793	SRS2344735	SAMN07329793	RRASM_SRR5814342		CHN	China		2016-01-01	2016-12-31	2016			year	False	PRJNA393244	study_accession	current_2406_archive	historical_tree_anchor	focal_genome_observation	True	archive_analysis_genome	True	False	True			ptxP3/fim3-1	provisional_marker_or_published_annotation	Branch_IIb	ptxP3/fim3-1		ptxP3	fim3-1	MS	False	1	2026-07-24	Legacy PRN endpoints ignored; record retained only for genome/date/project/marker metadata.
CHN::SAMN07326325	SRS2344739	SAMN07326325	RRASM_SRR5814339		CHN	China		2015-01-01	2015-12-31	2015			year	False	PRJNA393244	study_accession	current_2406_archive	historical_tree_anchor	focal_genome_observation	True	archive_analysis_genome	True	False	True				provisional_marker_or_published_annotation							False	1	2026-07-24	Legacy PRN endpoints ignored; record retained only for genome/date/project/marker metadata.
CHN::SAMN07329769	SRS2344742	SAMN07329769	RRASM_SRR5814335		CHN	China		2015-01-01	2015-12-31	2015			year	False	PRJNA393244	study_accession	current_2406_archive	historical_tree_anchor	focal_genome_observation	True	archive_analysis_genome	True	False	True			ptxP1/fim3-1	provisional_marker_or_published_annotation	Branch_IIb	ptxP1/fim3-1		ptxP1	fim3-1	MR_A2047G	False	1	2026-07-24	Legacy PRN endpoints ignored; record retained only for genome/date/project/marker metadata.
CHN::SAMN07329783	SRS2344749	SAMN07329783	RRASM_SRR5814329		CHN	China		2016-01-01	2016-12-31	2016			year	False	PRJNA393244	study_accession	current_2406_archive	historical_tree_anchor	focal_genome_observation	True	archive_analysis_genome	True	False	True			ptxP1/fim3-1	provisional_marker_or_published_annotation	Branch_IIb	ptxP1/fim3-1		ptxP1	fim3-1	MR_A2047G	False	1	2026-07-24	Legacy PRN endpoints ignored; record retained only for genome/date/project/marker metadata.
CHN::SAMN07329777	SRS2344754	SAMN07329777	RRASM_SRR5814324		CHN	China		2015-01-01	2015-12-31	2015			year	False	PRJNA393244	study_accession	current_2406_archive	historical_tree_anchor	focal_genome_observation	True	archive_analysis_genome	True	False	True			ptxP3/fim3-1	provisional_marker_or_published_annotation	Branch_IIb	ptxP3/fim3-1		ptxP3	fim3-1	MS	False	1	2026-07-24	Legacy PRN endpoints ignored; record retained only for genome/date/project/marker metadata.
CHN::SAMN07329782	SRS2344755	SAMN07329782	RRASM_SRR5814321		CHN	China		2016-01-01	2016-12-31	2016			year	False	PRJNA393244	study_accession	current_2406_archive	historical_tree_anchor	focal_genome_observation	True	archive_analysis_genome	True	False	True			ptxP1/fim3-1	provisional_marker_or_published_annotation	Branch_IIb	ptxP1/fim3-1		ptxP1	fim3-1	MR_A2047G	False	1	2026-07-24	Legacy PRN endpoints ignored; record retained only for genome/date/project/marker metadata.
CHN::SAMN07329779	SRS2344756	SAMN07329779	RRASM_SRR5814322		CHN	China		2015-01-01	2015-12-31	2015			year	False	PRJNA393244	study_accession	current_2406_archive	historical_tree_anchor	focal_genome_observation	True	archive_analysis_genome	True	False	True			ptxP1/fim3-1	provisional_marker_or_published_annotation	Branch_IIb	ptxP1/fim3-1		ptxP1	fim3-1	MR_A2047G	False	1	2026-07-24	Legacy PRN endpoints ignored; record retained only for genome/date/project/marker metadata.
CHN::SAMN07329781	SRS2344757	SAMN07329781	RRASM_SRR5814320		CHN	China		2016-01-01	2016-12-31	2016			year	False	PRJNA393244	study_accession	current_2406_archive	historical_tree_anchor	focal_genome_observation	True	archive_analysis_genome	True	False	True			ptxP1/fim3-1	provisional_marker_or_published_annotation	Branch_IIb	ptxP1/fim3-1		ptxP1	fim3-1	MR_A2047G	False	1	2026-07-24	Legacy PRN endpoints ignored; record retained only for genome/date/project/marker metadata.
AUS::SAMN08443771	SRS4426916	SAMN08443771	RRASM_SRR8652780		AUS	Australia		2016-01-01	2016-12-31	2016			year	False	PRJNA432286	study_accession	current_2406_archive	historical_tree_anchor	focal_genome_observation	True	archive_analysis_genome	True	False	True			ptxP3/fim3-1	provisional_marker_or_published_annotation	Branch_IIb	ptxP3/fim3-1		ptxP3	fim3-1	MS	False	1	2026-07-24	Legacy PRN endpoints ignored; record retained only for genome/date/project/marker metadata.
AUS::SAMN08443772	SRS4426918	SAMN08443772	RRASM_SRR8652779		AUS	Australia		2016-01-01	2016-12-31	2016			year	False	PRJNA432286	study_accession	current_2406_archive	historical_tree_anchor	focal_genome_observation	True	archive_analysis_genome	True	False	True			ptxP3/fim3-1	provisional_marker_or_published_annotation	Branch_IIb	ptxP3/fim3-1		ptxP3	fim3-1	MS	False	1	2026-07-24	Legacy PRN endpoints ignored; record retained only for genome/date/project/marker metadata.
AUS::SAMN08443734	SRS4426920	SAMN08443734	RRASM_SRR8652777		AUS	Australia		2014-01-01	2014-12-31	2014			year	False	PRJNA432286	study_accession	current_2406_archive	historical_tree_anchor	focal_genome_observation	True	archive_analysis_genome	True	False	True			ptxP3/fim3-1	provisional_marker_or_published_annotation	Branch_IIb	ptxP3/fim3-1		ptxP3	fim3-1	MS	False	1	2026-07-24	Legacy PRN endpoints ignored; record retained only for genome/date/project/marker metadata.
AUS::SAMN08443780	SRS4426928	SAMN08443780	RRASM_SRR8652770		AUS	Australia		2017-01-01	2017-12-31	2017			year	False	PRJNA432286	study_accession	current_2406_archive	historical_tree_anchor	focal_genome_observation	True	archive_analysis_genome	True	False	True			ptxP3/fim3-1	provisional_marker_or_published_annotation	Branch_IIb	ptxP3/fim3-1		ptxP3	fim3-1	MS	False	1	2026-07-24	Legacy PRN endpoints ignored; record retained only for genome/date/project/marker metadata.
AUS::SAMN08443709	SRS4426937	SAMN08443709	RRASM_SRR8652760		AUS	Australia		2013-01-01	2013-12-31	2013			year	False	PRJNA432286	study_accession	current_2406_archive	historical_tree_anchor	focal_genome_observation	True	archive_analysis_genome	True	False	True			ptxP3/fim3-1	provisional_marker_or_published_annotation	Branch_IIb	ptxP3/fim3-1		ptxP3	fim3-1	MS	False	1	2026-07-24	Legacy PRN endpoints ignored; record retained only for genome/date/project/marker metadata.
AUS::SAMN08443715	SRS4426948	SAMN08443715	RRASM_SRR8652749		AUS	Australia		2013-01-01	2013-12-31	2013			year	False	PRJNA432286	study_accession	current_2406_archive	historical_tree_anchor	focal_genome_observation	True	archive_analysis_genome	True	False	True			ptxP1/fim3-4	provisional_marker_or_published_annotation	Branch_IIb	others		ptxP1	fim3-4	MS	False	1	2026-07-24	Legacy PRN endpoints ignored; record retained only for genome/date/project/marker metadata.
AUS::SAMN08443742	SRS4426956	SAMN08443742	RRASM_SRR8652742		AUS	Australia		2015-01-01	2015-12-31	2015			year	False	PRJNA432286	study_accession	current_2406_archive	historical_tree_anchor	focal_genome_observation	True	archive_analysis_genome	True	False	True			ptxP3/fim3-1	provisional_marker_or_published_annotation	Branch_IIb	ptxP3/fim3-1		ptxP3	fim3-1	MS	False	1	2026-07-24	Legacy PRN endpoints ignored; record retained only for genome/date/project/marker metadata.
AUS::SAMN08443767	SRS4426968	SAMN08443767	RRASM_SRR8652729		AUS	Australia		2015-01-01	2015-12-31	2015			year	False	PRJNA432286	study_accession	current_2406_archive	historical_tree_anchor	focal_genome_observation	True	archive_analysis_genome	True	False	True			ptxP3/fim3-1	provisional_marker_or_published_annotation	Branch_IIb	ptxP3/fim3-1		ptxP3	fim3-1	MS	False	1	2026-07-24	Legacy PRN endpoints ignored; record retained only for genome/date/project/marker metadata.
AUS::SAMN08443778	SRS4426972	SAMN08443778	RRASM_SRR8652725		AUS	Australia		2017-01-01	2017-12-31	2017			year	False	PRJNA432286	study_accession	current_2406_archive	historical_tree_anchor	focal_genome_observation	True	archive_analysis_genome	True	False	True			ptxP3/fim3-1	provisional_marker_or_published_annotation	Branch_IIb	ptxP3/fim3-1		ptxP3	fim3-1	MS	False	1	2026-07-24	Legacy PRN endpoints ignored; record retained only for genome/date/project/marker metadata.
AUS::SAMN08443746	SRS4426979	SAMN08443746	RRASM_SRR8652718		AUS	Australia		2014-01-01	2014-12-31	2014			year	False	PRJNA432286	study_accession	current_2406_archive	historical_tree_anchor	focal_genome_observation	True	archive_analysis_genome	True	False	True			ptxP3/fim3-1	provisional_marker_or_published_annotation	Branch_IIb	ptxP3/fim3-1		ptxP3	fim3-1	MS	False	1	2026-07-24	Legacy PRN endpoints ignored; record retained only for genome/date/project/marker metadata.
CHN::SAMN09947492	SRS4432879	SAMN09947492	RRASM_SRR8661735		CHN	China		2015-01-01	2015-12-31	2015			year	False	PRJNA489102	study_accession	current_2406_archive	historical_tree_anchor	focal_genome_observation	True	archive_analysis_genome	True	False	True			ptxP1/fim3-1	provisional_marker_or_published_annotation	Branch_IIb	ptxP1/fim3-1		ptxP1	fim3-1	MR_A2047G	False	1	2026-07-24	Legacy PRN endpoints ignored; record retained only for genome/date/project/marker metadata.
CHN::SAMN09947486	SRS4432881	SAMN09947486	RRASM_SRR8661733		CHN	China		2015-01-01	2015-12-31	2015			year	False	PRJNA489102	study_accession	current_2406_archive	historical_tree_anchor	focal_genome_observation	True	archive_analysis_genome	True	False	True			ptxP1/fim3-1	provisional_marker_or_published_annotation	Branch_IIb	ptxP1/fim3-1		ptxP1	fim3-1	MR_A2047G	False	1	2026-07-24	Legacy PRN endpoints ignored; record retained only for genome/date/project/marker metadata.
CHN::SAMN09947475	SRS4432884	SAMN09947475	RRASM_SRR8661730		CHN	China		2014-01-01	2014-12-31	2014			year	False	PRJNA489102	study_accession	current_2406_archive	historical_tree_anchor	focal_genome_observation	True	archive_analysis_genome	True	False	True			ptxP1/fim3-1	provisional_marker_or_published_annotation	Branch_IIb	ptxP1/fim3-1		ptxP1	fim3-1	MR_A2047G	False	1	2026-07-24	Legacy PRN endpoints ignored; record retained only for genome/date/project/marker metadata.
CHN::SAMN09947467	SRS4432890	SAMN09947467	RRASM_SRR8661724		CHN	China		2014-01-01	2014-12-31	2014			year	False	PRJNA489102	study_accession	current_2406_archive	historical_tree_anchor	focal_genome_observation	True	archive_analysis_genome	True	False	True			ptxP1/fim3-1	provisional_marker_or_published_annotation	Branch_IIb	ptxP1/fim3-1		ptxP1	fim3-1	MR_A2047G	False	1	2026-07-24	Legacy PRN endpoints ignored; record retained only for genome/date/project/marker metadata.
CHN::SAMN09947473	SRS4432892	SAMN09947473	RRASM_SRR8661722		CHN	China		2014-01-01	2014-12-31	2014			year	False	PRJNA489102	study_accession	current_2406_archive	historical_tree_anchor	focal_genome_observation	True	archive_analysis_genome	True	False	True			ptxP1/fim3-1	provisional_marker_or_published_annotation	Branch_IIb	ptxP1/fim3-1		ptxP1	fim3-1	MR_A2047G	False	1	2026-07-24	Legacy PRN endpoints ignored; record retained only for genome/date/project/marker metadata.
CHN::SAMN09947464	SRS4432897	SAMN09947464	RRASM_SRR8661717		CHN	China		2013-01-01	2013-12-31	2013			year	False	PRJNA489102	study_accession	current_2406_archive	historical_tree_anchor	focal_genome_observation	True	archive_analysis_genome	True	False	True			ptxP1/fim3-1	provisional_marker_or_published_annotation	Branch_IIb	ptxP1/fim3-1		ptxP1	fim3-1	MR_A2047G	False	1	2026-07-24	Legacy PRN endpoints ignored; record retained only for genome/date/project/marker metadata.
CHN::SAMN09947460	SRS4432901	SAMN09947460	RRASM_SRR8661713		CHN	China		2013-01-01	2013-12-31	2013			year	False	PRJNA489102	study_accession	current_2406_archive	historical_tree_anchor	focal_genome_observation	True	archive_analysis_genome	True	False	True			ptxP1/fim3-4	provisional_marker_or_published_annotation	Branch_IIb	others		ptxP1	fim3-4	MS	False	1	2026-07-24	Legacy PRN endpoints ignored; record retained only for genome/date/project/marker metadata.
CHN::SAMN09947459	SRS4432902	SAMN09947459	RRASM_SRR8661712		CHN	China		2013-01-01	2013-12-31	2013			year	False	PRJNA489102	study_accession	current_2406_archive	historical_tree_anchor	focal_genome_observation	True	archive_analysis_genome	True	False	True				provisional_marker_or_published_annotation							False	1	2026-07-24	Legacy PRN endpoints ignored; record retained only for genome/date/project/marker metadata.
CHN::SAMN09947493	SRS4432928	SAMN09947493	RRASM_SRR8661686		CHN	China		2015-01-01	2015-12-31	2015			year	False	PRJNA489102	study_accession	current_2406_archive	historical_tree_anchor	focal_genome_observation	True	archive_analysis_genome	True	False	True				provisional_marker_or_published_annotation							False	1	2026-07-24	Legacy PRN endpoints ignored; record retained only for genome/date/project/marker metadata.
CHN::SAMN03100377	SRS720181	SAMN03100377	RRASM_SRR1610545		CHN	China		1970-01-01	1970-12-31	1970			year	False	PRJNA263311	study_accession	current_2406_archive	historical_tree_anchor	focal_genome_observation	True	archive_analysis_genome	True	False	True				provisional_marker_or_published_annotation							False	1	2026-07-24	Legacy PRN endpoints ignored; record retained only for genome/date/project/marker metadata.
CHN::SAMN03100381	SRS720185	SAMN03100381	RRASM_SRR1610549		CHN	China		1980-01-01	1980-12-31	1980			year	False	PRJNA263311	study_accession	current_2406_archive	historical_tree_anchor	focal_genome_observation	True	archive_analysis_genome	True	False	True			ptxP1/fim3-1	provisional_marker_or_published_annotation	Branch_IIb	ptxP1/fim3-1		ptxP1	fim3-1	MS	False	1	2026-07-24	Legacy PRN endpoints ignored; record retained only for genome/date/project/marker metadata.
CHN::SAMN03100382	SRS720186	SAMN03100382	RRASM_SRR1610550		CHN	China		1983-01-01	1983-12-31	1983			year	False	PRJNA263311	study_accession	current_2406_archive	historical_tree_anchor	focal_genome_observation	True	archive_analysis_genome	True	False	True				provisional_marker_or_published_annotation							False	1	2026-07-24	Legacy PRN endpoints ignored; record retained only for genome/date/project/marker metadata.
CHN::SAMN03100386	SRS720190	SAMN03100386	RRASM_SRR1610554		CHN	China		1997-01-01	1997-12-31	1997			year	False	PRJNA263311	study_accession	current_2406_archive	historical_tree_anchor	focal_genome_observation	True	archive_analysis_genome	True	False	True				provisional_marker_or_published_annotation							False	1	2026-07-24	Legacy PRN endpoints ignored; record retained only for genome/date/project/marker metadata.
CHN::SAMN03100392	SRS720196	SAMN03100392	RRASM_SRR1610560		CHN	China		2001-01-01	2001-12-31	2001			year	False	PRJNA263311	study_accession	current_2406_archive	historical_tree_anchor	focal_genome_observation	True	archive_analysis_genome	True	False	True				provisional_marker_or_published_annotation							False	1	2026-07-24	Legacy PRN endpoints ignored; record retained only for genome/date/project/marker metadata.
BEL::SAMEA117989203	SAMEA117989203	SAMEA117989203		ERR14837599	BEL	Belgium	2014-01-30	2014-01-30	2014-01-30	2014	1	1	day	True	PRJEB88325	ena_study_accession	targeted_belgium_france_public_inventory	historical_tree_anchor	focal_genome_observation	True	public_raw_reads_pending_uniform_qc	True	True	True			ptxP3/fim3-1	pending_new_phylogeny	Branch_IIb	ptxP3/fim3-1		ptxP3	fim3-1	23S_rRNA_1	False	1	2026-07-24	project_member_414_of_416_linked_identity_not_in_ENA_fields
BEL::SAMEA117989204	SAMEA117989204	SAMEA117989204		ERR14837600	BEL	Belgium	2014-03-21	2014-03-21	2014-03-21	2014	3	1	day	True	PRJEB88325	ena_study_accession	targeted_belgium_france_public_inventory	historical_tree_anchor	focal_genome_observation	True	public_raw_reads_pending_uniform_qc	True	True	True			ptxP3/fim3-1	pending_new_phylogeny	Branch_IIb	ptxP3/fim3-1		ptxP3	fim3-1	23S_rRNA_1	False	1	2026-07-24	project_member_414_of_416_linked_identity_not_in_ENA_fields
BEL::SAMEA117989205	SAMEA117989205	SAMEA117989205		ERR14837601	BEL	Belgium	2014-06-27	2014-06-27	2014-06-27	2014	6	2	day	True	PRJEB88325	ena_study_accession	targeted_belgium_france_public_inventory	historical_tree_anchor	focal_genome_observation	True	public_raw_reads_pending_uniform_qc	True	True	True				pending_new_phylogeny							False	1	2026-07-24	project_member_414_of_416_linked_identity_not_in_ENA_fields
BEL::SAMEA117989206	SAMEA117989206	SAMEA117989206		ERR14837602	BEL	Belgium	2014-06-27	2014-06-27	2014-06-27	2014	6	2	day	True	PRJEB88325	ena_study_accession	targeted_belgium_france_public_inventory	historical_tree_anchor	focal_genome_observation	True	public_raw_reads_pending_uniform_qc	True	True	True			ptxP3/fim3-1	pending_new_phylogeny	Branch_IIb	ptxP3/fim3-1		ptxP3	fim3-1		False	1	2026-07-24	project_member_414_of_416_linked_identity_not_in_ENA_fields
BEL::SAMEA117989207	SAMEA117989207	SAMEA117989207		ERR14837603	BEL	Belgium	2014-07-13	2014-07-13	2014-07-13	2014	7	3	day	True	PRJEB88325	ena_study_accession	targeted_belgium_france_public_inventory	historical_tree_anchor	focal_genome_observation	True	public_raw_reads_pending_uniform_qc	True	True	True			ptxP3/fim3-1	pending_new_phylogeny	Branch_IIb	ptxP3/fim3-1		ptxP3	fim3-1	23S_rRNA_1	False	1	2026-07-24	project_member_414_of_416_linked_identity_not_in_ENA_fields
BEL::SAMEA117989208	SAMEA117989208	SAMEA117989208		ERR14837604	BEL	Belgium	2014-07-30	2014-07-30	2014-07-30	2014	7	3	day	True	PRJEB88325	ena_study_accession	targeted_belgium_france_public_inventory	historical_tree_anchor	focal_genome_observation	True	public_raw_reads_pending_uniform_qc	True	True	True			ptxP3/fim3-1	pending_new_phylogeny	Branch_IIb	ptxP3/fim3-1		ptxP3	fim3-1	23S_rRNA_1	False	1	2026-07-24	project_member_414_of_416_linked_identity_not_in_ENA_fields
BEL::SAMEA117989209	SAMEA117989209	SAMEA117989209		ERR14837605	BEL	Belgium	2014-08-01	2014-08-01	2014-08-01	2014	8	3	day	True	PRJEB88325	ena_study_accession	targeted_belgium_france_public_inventory	historical_tree_anchor	focal_genome_observation	True	public_raw_reads_pending_uniform_qc	True	True	True			United States Sublineage 1	pending_new_phylogeny	Branch_IIb	ptxP3/fim3-1	United States Sublineage 1	ptxP3	fim3-1	23S_rRNA_1	False	1	2026-07-24	project_member_414_of_416_linked_identity_not_in_ENA_fields
BEL::SAMEA117989210	SAMEA117989210	SAMEA117989210		ERR14837606	BEL	Belgium	2014-08-15	2014-08-15	2014-08-15	2014	8	3	day	True	PRJEB88325	ena_study_accession	targeted_belgium_france_public_inventory	historical_tree_anchor	focal_genome_observation	True	public_raw_reads_pending_uniform_qc	True	True	True			ptxP3/fim3-1	pending_new_phylogeny	Branch_IIb	ptxP3/fim3-1		ptxP3	fim3-27	23S_rRNA_1	False	1	2026-07-24	project_member_414_of_416_linked_identity_not_in_ENA_fields
BEL::SAMEA117989211	SAMEA117989211	SAMEA117989211		ERR14837607	BEL	Belgium	2014-09-04	2014-09-04	2014-09-04	2014	9	3	day	True	PRJEB88325	ena_study_accession	targeted_belgium_france_public_inventory	historical_tree_anchor	focal_genome_observation	True	public_raw_reads_pending_uniform_qc	True	True	True			ptxP3/fim3-1	pending_new_phylogeny	Branch_IIb	ptxP3/fim3-1		ptxP3	fim3-1	23S_rRNA_1	False	1	2026-07-24	project_member_414_of_416_linked_identity_not_in_ENA_fields
BEL::SAMEA117989212	SAMEA117989212	SAMEA117989212		ERR14837608	BEL	Belgium	2014-10-15	2014-10-15	2014-10-15	2014	10	4	day	True	PRJEB88325	ena_study_accession	targeted_belgium_france_public_inventory	historical_tree_anchor	focal_genome_observation	True	public_raw_reads_pending_uniform_qc	True	True	True			ptxP3/fim3-1	pending_new_phylogeny	Branch_IIb	ptxP3/fim3-1		ptxP3	fim3-27	23S_rRNA_1	False	1	2026-07-24	project_member_414_of_416_linked_identity_not_in_ENA_fields
BEL::SAMEA117989213	SAMEA117989213	SAMEA117989213		ERR14837609	BEL	Belgium	2014-11-19	2014-11-19	2014-11-19	2014	11	4	day	True	PRJEB88325	ena_study_accession	targeted_belgium_france_public_inventory	historical_tree_anchor	focal_genome_observation	True	public_raw_reads_pending_uniform_qc	True	True	True			ptxP3/fim3-1	pending_new_phylogeny	Branch_IIb	ptxP3/fim3-1		ptxP3	fim3-1	23S_rRNA_1	False	1	2026-07-24	project_member_414_of_416_linked_identity_not_in_ENA_fields
BEL::SAMEA117989214	SAMEA117989214	SAMEA117989214		ERR14837610	BEL	Belgium	2014-12-20	2014-12-20	2014-12-20	2014	12	4	day	True	PRJEB88325	ena_study_accession	targeted_belgium_france_public_inventory	historical_tree_anchor	focal_genome_observation	True	public_raw_reads_pending_uniform_qc	True	True	True			ptxP3/fim3-2	pending_new_phylogeny	Branch_IIb	ptxP3/fim3-2		ptxP3	fim3-2	23S_rRNA_1	False	1	2026-07-24	project_member_414_of_416_linked_identity_not_in_ENA_fields
BEL::SAMEA117989215	SAMEA117989215	SAMEA117989215		ERR14837611	BEL	Belgium	2015-01-26	2015-01-26	2015-01-26	2015	1	1	day	True	PRJEB88325	ena_study_accession	targeted_belgium_france_public_inventory	historical_tree_anchor	focal_genome_observation	True	public_raw_reads_pending_uniform_qc	True	True	True			ptxP3/fim3-1	pending_new_phylogeny	Branch_IIb	ptxP3/fim3-1		ptxP3	fim3-1	23S_rRNA_1	False	1	2026-07-24	project_member_414_of_416_linked_identity_not_in_ENA_fields
BEL::SAMEA117989216	SAMEA117989216	SAMEA117989216		ERR14837612	BEL	Belgium	2015-02-20	2015-02-20	2015-02-20	2015	2	1	day	True	PRJEB88325	ena_study_accession	targeted_belgium_france_public_inventory	historical_tree_anchor	focal_genome_observation	True	public_raw_reads_pending_uniform_qc	True	True	True			ptxP3/fim3-1	pending_new_phylogeny	Branch_IIb	ptxP3/fim3-1		ptxP3	fim3-27	23S_rRNA_1	False	1	2026-07-24	project_member_414_of_416_linked_identity_not_in_ENA_fields
BEL::SAMEA117989217	SAMEA117989217	SAMEA117989217		ERR14837613	BEL	Belgium	2015-04-01	2015-04-01	2015-04-01	2015	4	2	day	True	PRJEB88325	ena_study_accession	targeted_belgium_france_public_inventory	historical_tree_anchor	focal_genome_observation	True	public_raw_reads_pending_uniform_qc	True	True	True				pending_new_phylogeny							False	1	2026-07-24	project_member_414_of_416_linked_identity_not_in_ENA_fields
BEL::SAMEA117989218	SAMEA117989218	SAMEA117989218		ERR14837614	BEL	Belgium	2015-03-30	2015-03-30	2015-03-30	2015	3	1	day	True	PRJEB88325	ena_study_accession	targeted_belgium_france_public_inventory	historical_tree_anchor	focal_genome_observation	True	public_raw_reads_pending_uniform_qc	True	True	True			ptxP3/fim3-1	pending_new_phylogeny	Branch_IIb	ptxP3/fim3-1		ptxP3	fim3-1	23S_rRNA_1	False	1	2026-07-24	project_member_414_of_416_linked_identity_not_in_ENA_fields
BEL::SAMEA117989219	SAMEA117989219	SAMEA117989219		ERR14837615	BEL	Belgium	2015-04-07	2015-04-07	2015-04-07	2015	4	2	day	True	PRJEB88325	ena_study_accession	targeted_belgium_france_public_inventory	historical_tree_anchor	focal_genome_observation	True	public_raw_reads_pending_uniform_qc	True	True	True			ptxP3/fim3-1	pending_new_phylogeny	Branch_IIb	ptxP3/fim3-1		ptxP3	fim3-1	23S_rRNA_1	False	1	2026-07-24	project_member_414_of_416_linked_identity_not_in_ENA_fields
BEL::SAMEA117989220	SAMEA117989220	SAMEA117989220		ERR14837616	BEL	Belgium	2015-04-20	2015-04-20	2015-04-20	2015	4	2	day	True	PRJEB88325	ena_study_accession	targeted_belgium_france_public_inventory	historical_tree_anchor	focal_genome_observation	True	public_raw_reads_pending_uniform_qc	True	True	True			ptxP3/fim3-1	pending_new_phylogeny	Branch_IIb	ptxP3/fim3-1		ptxP3	fim3-1	23S_rRNA_1	False	1	2026-07-24	project_member_414_of_416_linked_identity_not_in_ENA_fields
BEL::SAMEA117989221	SAMEA117989221	SAMEA117989221		ERR14837617	BEL	Belgium	2015-05-04	2015-05-04	2015-05-04	2015	5	2	day	True	PRJEB88325	ena_study_accession	targeted_belgium_france_public_inventory	historical_tree_anchor	focal_genome_observation	True	public_raw_reads_pending_uniform_qc	True	True	True			others	pending_new_phylogeny	Branch_IIb	others		ptxP1	fim3-4	23S_rRNA_1	False	1	2026-07-24	project_member_414_of_416_linked_identity_not_in_ENA_fields
BEL::SAMEA117989222	SAMEA117989222	SAMEA117989222		ERR14837618	BEL	Belgium	2015-05-18	2015-05-18	2015-05-18	2015	5	2	day	True	PRJEB88325	ena_study_accession	targeted_belgium_france_public_inventory	historical_tree_anchor	focal_genome_observation	True	public_raw_reads_pending_uniform_qc	True	True	True				pending_new_phylogeny							False	1	2026-07-24	project_member_414_of_416_linked_identity_not_in_ENA_fields
BEL::SAMEA117989223	SAMEA117989223	SAMEA117989223		ERR14837619	BEL	Belgium	2015-05-19	2015-05-19	2015-05-19	2015	5	2	day	True	PRJEB88325	ena_study_accession	targeted_belgium_france_public_inventory	historical_tree_anchor	focal_genome_observation	True	public_raw_reads_pending_uniform_qc	True	True	True			ptxP3/fim3-1	pending_new_phylogeny	Branch_IIb	ptxP3/fim3-1		ptxP3	fim3-1	23S_rRNA_1	False	1	2026-07-24	project_member_414_of_416_linked_identity_not_in_ENA_fields
BEL::SAMEA117989224	SAMEA117989224	SAMEA117989224		ERR14837620	BEL	Belgium	2015-06-09	2015-06-09	2015-06-09	2015	6	2	day	True	PRJEB88325	ena_study_accession	targeted_belgium_france_public_inventory	historical_tree_anchor	focal_genome_observation	True	public_raw_reads_pending_uniform_qc	True	True	True			ptxP3/fim3-1	pending_new_phylogeny	Branch_IIb	ptxP3/fim3-1		ptxP3	fim3-1	23S_rRNA_1	False	1	2026-07-24	project_member_414_of_416_linked_identity_not_in_ENA_fields
BEL::SAMEA117989225	SAMEA117989225	SAMEA117989225		ERR14837621	BEL	Belgium	2015-09-18	2015-09-18	2015-09-18	2015	9	3	day	True	PRJEB88325	ena_study_accession	targeted_belgium_france_public_inventory	historical_tree_anchor	focal_genome_observation	True	public_raw_reads_pending_uniform_qc	True	True	True			ptxP3/fim3-1	pending_new_phylogeny	Branch_IIb	ptxP3/fim3-1		ptxP3	fim3-1		False	1	2026-07-24	project_member_414_of_416_linked_identity_not_in_ENA_fields
BEL::SAMEA117989226	SAMEA117989226	SAMEA117989226		ERR14837622	BEL	Belgium	2015-12-21	2015-12-21	2015-12-21	2015	12	4	day	True	PRJEB88325	ena_study_accession	targeted_belgium_france_public_inventory	historical_tree_anchor	focal_genome_observation	True	public_raw_reads_pending_uniform_qc	True	True	True			MS-MT28	pending_new_phylogeny	Branch_IIb	ptxP3/fim3-1	MS-MT28	ptxP3	fim3-1	23S_rRNA_1	False	1	2026-07-24	project_member_414_of_416_linked_identity_not_in_ENA_fields
BEL::SAMEA117989227	SAMEA117989227	SAMEA117989227		ERR14837623	BEL	Belgium	2016-01-19	2016-01-19	2016-01-19	2016	1	1	day	True	PRJEB88325	ena_study_accession	targeted_belgium_france_public_inventory	historical_tree_anchor	focal_genome_observation	True	public_raw_reads_pending_uniform_qc	True	True	True			ptxP3/fim3-1	pending_new_phylogeny	Branch_IIb	ptxP3/fim3-1		ptxP3	fim3-1	23S_rRNA_1	False	1	2026-07-24	project_member_414_of_416_linked_identity_not_in_ENA_fields
BEL::SAMEA117989228	SAMEA117989228	SAMEA117989228		ERR14837624	BEL	Belgium	2016-04-20	2016-04-20	2016-04-20	2016	4	2	day	True	PRJEB88325	ena_study_accession	targeted_belgium_france_public_inventory	historical_tree_anchor	focal_genome_observation	True	public_raw_reads_pending_uniform_qc	True	True	True			ptxP3/fim3-2	pending_new_phylogeny	Branch_IIb	ptxP3/fim3-2		ptxP3	fim3-2	23S_rRNA_1	False	1	2026-07-24	project_member_414_of_416_linked_identity_not_in_ENA_fields
BEL::SAMEA117989229	SAMEA117989229	SAMEA117989229		ERR14837625	BEL	Belgium	2016-05-18	2016-05-18	2016-05-18	2016	5	2	day	True	PRJEB88325	ena_study_accession	targeted_belgium_france_public_inventory	historical_tree_anchor	focal_genome_observation	True	public_raw_reads_pending_uniform_qc	True	True	True			ptxP3/fim3-1	pending_new_phylogeny	Branch_IIb	ptxP3/fim3-1		ptxP3	fim3-27	23S_rRNA_1	False	1	2026-07-24	project_member_414_of_416_linked_identity_not_in_ENA_fields
BEL::SAMEA117989230	SAMEA117989230	SAMEA117989230		ERR14837626	BEL	Belgium	2016-06-07	2016-06-07	2016-06-07	2016	6	2	day	True	PRJEB88325	ena_study_accession	targeted_belgium_france_public_inventory	historical_tree_anchor	focal_genome_observation	True	public_raw_reads_pending_uniform_qc	True	True	True			MS-MT28	pending_new_phylogeny	Branch_IIb	ptxP3/fim3-1	MS-MT28	ptxP3	fim3-1	23S_rRNA_1	False	1	2026-07-24	project_member_414_of_416_linked_identity_not_in_ENA_fields
BEL::SAMEA117989231	SAMEA117989231	SAMEA117989231		ERR14837627	BEL	Belgium	2016-07-04	2016-07-04	2016-07-04	2016	7	3	day	True	PRJEB88325	ena_study_accession	targeted_belgium_france_public_inventory	historical_tree_anchor	focal_genome_observation	True	public_raw_reads_pending_uniform_qc	True	True	True			ptxP3/fim3-1	pending_new_phylogeny	Branch_IIb	ptxP3/fim3-1		ptxP3	fim3-1	23S_rRNA_1	False	1	2026-07-24	project_member_414_of_416_linked_identity_not_in_ENA_fields
BEL::SAMEA117989232	SAMEA117989232	SAMEA117989232		ERR14837628	BEL	Belgium	2016-07-22	2016-07-22	2016-07-22	2016	7	3	day	True	PRJEB88325	ena_study_accession	targeted_belgium_france_public_inventory	historical_tree_anchor	focal_genome_observation	True	public_raw_reads_pending_uniform_qc	True	True	True			ptxP3/fim3-1	pending_new_phylogeny	Branch_IIb	ptxP3/fim3-1		ptxP3	fim3-1	23S_rRNA_1	False	1	2026-07-24	project_member_414_of_416_linked_identity_not_in_ENA_fields
BEL::SAMEA117989233	SAMEA117989233	SAMEA117989233		ERR14837629	BEL	Belgium	2016-08-24	2016-08-24	2016-08-24	2016	8	3	day	True	PRJEB88325	ena_study_accession	targeted_belgium_france_public_inventory	historical_tree_anchor	focal_genome_observation	True	public_raw_reads_pending_uniform_qc	True	True	True			ptxP3/fim3-2	pending_new_phylogeny	Branch_IIb	ptxP3/fim3-2		ptxP3	fim3-2	23S_rRNA_1	False	1	2026-07-24	project_member_414_of_416_linked_identity_not_in_ENA_fields
BEL::SAMEA117989234	SAMEA117989234	SAMEA117989234		ERR14837630	BEL	Belgium	2016-08-31	2016-08-31	2016-08-31	2016	8	3	day	True	PRJEB88325	ena_study_accession	targeted_belgium_france_public_inventory	historical_tree_anchor	focal_genome_observation	True	public_raw_reads_pending_uniform_qc	True	True	True			ptxP3/fim3-1	pending_new_phylogeny	Branch_IIb	ptxP3/fim3-1		ptxP3	fim3-1	23S_rRNA_1	False	1	2026-07-24	project_member_414_of_416_linked_identity_not_in_ENA_fields
BEL::SAMEA117989235	SAMEA117989235	SAMEA117989235		ERR14837631	BEL	Belgium	2016-10-31	2016-10-31	2016-10-31	2016	10	4	day	True	PRJEB88325	ena_study_accession	targeted_belgium_france_public_inventory	historical_tree_anchor	focal_genome_observation	True	public_raw_reads_pending_uniform_qc	True	True	True			ptxP3/fim3-1	pending_new_phylogeny	Branch_IIb	ptxP3/fim3-1		ptxP3	fim3-1	23S_rRNA_1	False	1	2026-07-24	project_member_414_of_416_linked_identity_not_in_ENA_fields
BEL::SAMEA117989236	SAMEA117989236	SAMEA117989236		ERR14837632	BEL	Belgium	2016-12-24	2016-12-24	2016-12-24	2016	12	4	day	True	PRJEB88325	ena_study_accession	targeted_belgium_france_public_inventory	historical_tree_anchor	focal_genome_observation	True	public_raw_reads_pending_uniform_qc	True	True	True			ptxP3/fim3-1	pending_new_phylogeny	Branch_IIb	ptxP3/fim3-1		ptxP3	fim3-1	23S_rRNA_1	False	1	2026-07-24	project_member_414_of_416_linked_identity_not_in_ENA_fields
BEL::SAMEA117989237	SAMEA117989237	SAMEA117989237		ERR14837633	BEL	Belgium	2017-01-03	2017-01-03	2017-01-03	2017	1	1	day	True	PRJEB88325	ena_study_accession	targeted_belgium_france_public_inventory	historical_tree_anchor	focal_genome_observation	True	public_raw_reads_pending_uniform_qc	True	True	True			ptxP3/fim3-1	pending_new_phylogeny	Branch_IIb	ptxP3/fim3-1		ptxP3	fim3-1	23S_rRNA_1	False	1	2026-07-24	project_member_414_of_416_linked_identity_not_in_ENA_fields
BEL::SAMEA117989238	SAMEA117989238	SAMEA117989238		ERR14837634	BEL	Belgium	2017-01-03	2017-01-03	2017-01-03	2017	1	1	day	True	PRJEB88325	ena_study_accession	targeted_belgium_france_public_inventory	historical_tree_anchor	focal_genome_observation	True	public_raw_reads_pending_uniform_qc	True	True	True			ptxP3/fim3-1	pending_new_phylogeny	Branch_IIb	ptxP3/fim3-1		ptxP3	fim3-1	23S_rRNA_1	False	1	2026-07-24	project_member_414_of_416_linked_identity_not_in_ENA_fields
BEL::SAMEA117989239	SAMEA117989239	SAMEA117989239		ERR14837635	BEL	Belgium	2017-01-09	2017-01-09	2017-01-09	2017	1	1	day	True	PRJEB88325	ena_study_accession	targeted_belgium_france_public_inventory	historical_tree_anchor	focal_genome_observation	True	public_raw_reads_pending_uniform_qc	True	True	True			ptxP3/fim3-1	pending_new_phylogeny	Branch_IIb	ptxP3/fim3-1		ptxP3	fim3-1	23S_rRNA_1	False	1	2026-07-24	project_member_414_of_416_linked_identity_not_in_ENA_fields
BEL::SAMEA117989240	SAMEA117989240	SAMEA117989240		ERR14837636	BEL	Belgium	2017-01-12	2017-01-12	2017-01-12	2017	1	1	day	True	PRJEB88325	ena_study_accession	targeted_belgium_france_public_inventory	historical_tree_anchor	focal_genome_observation	True	public_raw_reads_pending_uniform_qc	True	True	True			ptxP3/fim3-2	pending_new_phylogeny	Branch_IIb	ptxP3/fim3-2		ptxP3	fim3-2	23S_rRNA_1	False	1	2026-07-24	project_member_414_of_416_linked_identity_not_in_ENA_fields
BEL::SAMEA117989241	SAMEA117989241	SAMEA117989241		ERR14837637	BEL	Belgium	2017-01-30	2017-01-30	2017-01-30	2017	1	1	day	True	PRJEB88325	ena_study_accession	targeted_belgium_france_public_inventory	historical_tree_anchor	focal_genome_observation	True	public_raw_reads_pending_uniform_qc	True	True	True			ptxP3/fim3-1	pending_new_phylogeny	Branch_IIb	ptxP3/fim3-1		ptxP3	fim3-1	23S_rRNA_1	False	1	2026-07-24	project_member_414_of_416_linked_identity_not_in_ENA_fields
BEL::SAMEA117989242	SAMEA117989242	SAMEA117989242		ERR14837638	BEL	Belgium	2017-01-31	2017-01-31	2017-01-31	2017	1	1	day	True	PRJEB88325	ena_study_accession	targeted_belgium_france_public_inventory	historical_tree_anchor	focal_genome_observation	True	public_raw_reads_pending_uniform_qc	True	True	True			ptxP3/fim3-1	pending_new_phylogeny	Branch_IIb	ptxP3/fim3-1		ptxP3	fim3-1	23S_rRNA_1	False	1	2026-07-24	project_member_414_of_416_linked_identity_not_in_ENA_fields
BEL::SAMEA117989243	SAMEA117989243	SAMEA117989243		ERR14837639	BEL	Belgium	2017-02-14	2017-02-14	2017-02-14	2017	2	1	day	True	PRJEB88325	ena_study_accession	targeted_belgium_france_public_inventory	historical_tree_anchor	focal_genome_observation	True	public_raw_reads_pending_uniform_qc	True	True	True			ptxP3/fim3-1	pending_new_phylogeny	Branch_IIb	ptxP3/fim3-1		ptxP3	fim3-1	23S_rRNA_1	False	1	2026-07-24	project_member_414_of_416_linked_identity_not_in_ENA_fields
BEL::SAMEA117989244	SAMEA117989244	SAMEA117989244		ERR14837640	BEL	Belgium	2017-03-09	2017-03-09	2017-03-09	2017	3	1	day	True	PRJEB88325	ena_study_accession	targeted_belgium_france_public_inventory	historical_tree_anchor	focal_genome_observation	True	public_raw_reads_pending_uniform_qc	True	True	True			ptxP3/fim3-1	pending_new_phylogeny	Branch_IIb	ptxP3/fim3-1		ptxP3	fim3-1	23S_rRNA_1	False	1	2026-07-24	project_member_414_of_416_linked_identity_not_in_ENA_fields
BEL::SAMEA117989245	SAMEA117989245	SAMEA117989245		ERR14837641	BEL	Belgium	2017-03-07	2017-03-07	2017-03-07	2017	3	1	day	True	PRJEB88325	ena_study_accession	targeted_belgium_france_public_inventory	historical_tree_anchor	focal_genome_observation	True	public_raw_reads_pending_uniform_qc	True	True	True			ptxP3/fim3-1	pending_new_phylogeny	Branch_IIb	ptxP3/fim3-1		ptxP3	fim3-1	23S_rRNA_1	False	1	2026-07-24	project_member_414_of_416_linked_identity_not_in_ENA_fields
BEL::SAMEA117989246	SAMEA117989246	SAMEA117989246		ERR14837642	BEL	Belgium	2017-03-14	2017-03-14	2017-03-14	2017	3	1	day	True	PRJEB88325	ena_study_accession	targeted_belgium_france_public_inventory	historical_tree_anchor	focal_genome_observation	True	public_raw_reads_pending_uniform_qc	True	True	True			ptxP3/fim3-1	pending_new_phylogeny	Branch_IIb	ptxP3/fim3-1		ptxP3	fim3-1	23S_rRNA_1	False	1	2026-07-24	project_member_414_of_416_linked_identity_not_in_ENA_fields
BEL::SAMEA117989247	SAMEA117989247	SAMEA117989247		ERR14837643	BEL	Belgium	2017-03-24	2017-03-24	2017-03-24	2017	3	1	day	True	PRJEB88325	ena_study_accession	targeted_belgium_france_public_inventory	historical_tree_anchor	focal_genome_observation	True	public_raw_reads_pending_uniform_qc	True	True	True			MS-MT28	pending_new_phylogeny	Branch_IIb	ptxP3/fim3-1	MS-MT28	ptxP3	fim3-1	23S_rRNA_1	False	1	2026-07-24	project_member_414_of_416_linked_identity_not_in_ENA_fields
BEL::SAMEA117989248	SAMEA117989248	SAMEA117989248		ERR14837644	BEL	Belgium	2017-04-10	2017-04-10	2017-04-10	2017	4	2	day	True	PRJEB88325	ena_study_accession	targeted_belgium_france_public_inventory	historical_tree_anchor	focal_genome_observation	True	public_raw_reads_pending_uniform_qc	True	True	True			ptxP3/fim3-1	pending_new_phylogeny	Branch_IIb	ptxP3/fim3-1		ptxP3	fim3-1	23S_rRNA_1	False	1	2026-07-24	project_member_414_of_416_linked_identity_not_in_ENA_fields
BEL::SAMEA117989249	SAMEA117989249	SAMEA117989249		ERR14837645	BEL	Belgium	2017-04-12	2017-04-12	2017-04-12	2017	4	2	day	True	PRJEB88325	ena_study_accession	targeted_belgium_france_public_inventory	historical_tree_anchor	focal_genome_observation	True	public_raw_reads_pending_uniform_qc	True	True	True			ptxP3/fim3-1	pending_new_phylogeny	Branch_IIb	ptxP3/fim3-1		ptxP3	fim3-27	23S_rRNA_1	False	1	2026-07-24	project_member_414_of_416_linked_identity_not_in_ENA_fields
BEL::SAMEA117989250	SAMEA117989250	SAMEA117989250		ERR14837646	BEL	Belgium	2017-04-18	2017-04-18	2017-04-18	2017	4	2	day	True	PRJEB88325	ena_study_accession	targeted_belgium_france_public_inventory	historical_tree_anchor	focal_genome_observation	True	public_raw_reads_pending_uniform_qc	True	True	True			ptxP3/fim3-1	pending_new_phylogeny	Branch_IIb	ptxP3/fim3-1		ptxP3	fim3-1	23S_rRNA_1	False	1	2026-07-24	project_member_414_of_416_linked_identity_not_in_ENA_fields
BEL::SAMEA117989251	SAMEA117989251	SAMEA117989251		ERR14837647	BEL	Belgium	2017-04-12	2017-04-12	2017-04-12	2017	4	2	day	True	PRJEB88325	ena_study_accession	targeted_belgium_france_public_inventory	historical_tree_anchor	focal_genome_observation	True	public_raw_reads_pending_uniform_qc	True	True	True			ptxP3/fim3-2	pending_new_phylogeny	Branch_IIb	ptxP3/fim3-2		ptxP3	fim3-2	23S_rRNA_1	False	1	2026-07-24	project_member_414_of_416_linked_identity_not_in_ENA_fields
BEL::SAMEA117989252	SAMEA117989252	SAMEA117989252		ERR14837648	BEL	Belgium	2017-04-18	2017-04-18	2017-04-18	2017	4	2	day	True	PRJEB88325	ena_study_accession	targeted_belgium_france_public_inventory	historical_tree_anchor	focal_genome_observation	True	public_raw_reads_pending_uniform_qc	True	True	True				pending_new_phylogeny							False	1	2026-07-24	project_member_414_of_416_linked_identity_not_in_ENA_fields
BEL::SAMEA117989253	SAMEA117989253	SAMEA117989253		ERR14837649	BEL	Belgium	2017-04-20	2017-04-20	2017-04-20	2017	4	2	day	True	PRJEB88325	ena_study_accession	targeted_belgium_france_public_inventory	historical_tree_anchor	focal_genome_observation	True	public_raw_reads_pending_uniform_qc	True	True	True			ptxP3/fim3-1	pending_new_phylogeny	Branch_IIb	ptxP3/fim3-1		ptxP3	fim3-1	23S_rRNA_1	False	1	2026-07-24	project_member_414_of_416_linked_identity_not_in_ENA_fields
BEL::SAMEA117989254	SAMEA117989254	SAMEA117989254		ERR14837650	BEL	Belgium	2017-04-26	2017-04-26	2017-04-26	2017	4	2	day	True	PRJEB88325	ena_study_accession	targeted_belgium_france_public_inventory	historical_tree_anchor	focal_genome_observation	True	public_raw_reads_pending_uniform_qc	True	True	True			ptxP3/fim3-1	pending_new_phylogeny	Branch_IIb	ptxP3/fim3-1		ptxP3	fim3-1	23S_rRNA_1	False	1	2026-07-24	project_member_414_of_416_linked_identity_not_in_ENA_fields
BEL::SAMEA117989255	SAMEA117989255	SAMEA117989255		ERR14837651	BEL	Belgium	2017-04-27	2017-04-27	2017-04-27	2017	4	2	day	True	PRJEB88325	ena_study_accession	targeted_belgium_france_public_inventory	historical_tree_anchor	focal_genome_observation	True	public_raw_reads_pending_uniform_qc	True	True	True			ptxP3/fim3-1	pending_new_phylogeny	Branch_IIb	ptxP3/fim3-1		ptxP3	fim3-1	23S_rRNA_1	False	1	2026-07-24	project_member_414_of_416_linked_identity_not_in_ENA_fields
BEL::SAMEA117989256	SAMEA117989256	SAMEA117989256		ERR14837652	BEL	Belgium	2017-05-05	2017-05-05	2017-05-05	2017	5	2	day	True	PRJEB88325	ena_study_accession	targeted_belgium_france_public_inventory	historical_tree_anchor	focal_genome_observation	True	public_raw_reads_pending_uniform_qc	True	True	True			ptxP3/fim3-1	pending_new_phylogeny	Branch_IIb	ptxP3/fim3-1		ptxP3	fim3-1	23S_rRNA_1	False	1	2026-07-24	project_member_414_of_416_linked_identity_not_in_ENA_fields
BEL::SAMEA117989257	SAMEA117989257	SAMEA117989257		ERR14837653	BEL	Belgium	2017-05-06	2017-05-06	2017-05-06	2017	5	2	day	True	PRJEB88325	ena_study_accession	targeted_belgium_france_public_inventory	historical_tree_anchor	focal_genome_observation	True	public_raw_reads_pending_uniform_qc	True	True	True			ptxP3/fim3-1	pending_new_phylogeny	Branch_IIb	ptxP3/fim3-1		ptxP3	fim3-27	23S_rRNA_1	False	1	2026-07-24	project_member_414_of_416_linked_identity_not_in_ENA_fields
BEL::SAMEA117989258	SAMEA117989258	SAMEA117989258		ERR14837654	BEL	Belgium	2017-05-08	2017-05-08	2017-05-08	2017	5	2	day	True	PRJEB88325	ena_study_accession	targeted_belgium_france_public_inventory	historical_tree_anchor	focal_genome_observation	True	public_raw_reads_pending_uniform_qc	True	True	True			ptxP3/fim3-1	pending_new_phylogeny	Branch_IIb	ptxP3/fim3-1		ptxP3	fim3-1	23S_rRNA_1	False	1	2026-07-24	project_member_414_of_416_linked_identity_not_in_ENA_fields
BEL::SAMEA117989259	SAMEA117989259	SAMEA117989259		ERR14837655	BEL	Belgium	2017-05-05	2017-05-05	2017-05-05	2017	5	2	day	True	PRJEB88325	ena_study_accession	targeted_belgium_france_public_inventory	historical_tree_anchor	focal_genome_observation	True	public_raw_reads_pending_uniform_qc	True	True	True			MS-MT28	pending_new_phylogeny	Branch_IIb	ptxP3/fim3-1	MS-MT28	ptxP3	fim3-1	23S_rRNA_1	False	1	2026-07-24	project_member_414_of_416_linked_identity_not_in_ENA_fields
BEL::SAMEA117989260	SAMEA117989260	SAMEA117989260		ERR14837656	BEL	Belgium	2017-05-12	2017-05-12	2017-05-12	2017	5	2	day	True	PRJEB88325	ena_study_accession	targeted_belgium_france_public_inventory	historical_tree_anchor	focal_genome_observation	True	public_raw_reads_pending_uniform_qc	True	True	True			ptxP3/fim3-1	pending_new_phylogeny	Branch_IIb	ptxP3/fim3-1		ptxP3	fim3-1	23S_rRNA_1	False	1	2026-07-24	project_member_414_of_416_linked_identity_not_in_ENA_fields
BEL::SAMEA117989261	SAMEA117989261	SAMEA117989261		ERR14837657	BEL	Belgium	2017-05-18	2017-05-18	2017-05-18	2017	5	2	day	True	PRJEB88325	ena_study_accession	targeted_belgium_france_public_inventory	historical_tree_anchor	focal_genome_observation	True	public_raw_reads_pending_uniform_qc	True	True	True			ptxP3/fim3-1	pending_new_phylogeny	Branch_IIb	ptxP3/fim3-1		ptxP3	fim3-1	23S_rRNA_1	False	1	2026-07-24	project_member_414_of_416_linked_identity_not_in_ENA_fields
BEL::SAMEA117989262	SAMEA117989262	SAMEA117989262		ERR14837658	BEL	Belgium	2017-05-20	2017-05-20	2017-05-20	2017	5	2	day	True	PRJEB88325	ena_study_accession	targeted_belgium_france_public_inventory	historical_tree_anchor	focal_genome_observation	True	public_raw_reads_pending_uniform_qc	True	True	True			ptxP3/fim3-1	pending_new_phylogeny	Branch_IIb	ptxP3/fim3-1		ptxP3		23S_rRNA_1	False	1	2026-07-24	project_member_414_of_416_linked_identity_not_in_ENA_fields
BEL::SAMEA117989263	SAMEA117989263	SAMEA117989263		ERR14837659	BEL	Belgium	2017-05-23	2017-05-23	2017-05-23	2017	5	2	day	True	PRJEB88325	ena_study_accession	targeted_belgium_france_public_inventory	historical_tree_anchor	focal_genome_observation	True	public_raw_reads_pending_uniform_qc	True	True	True			ptxP3/fim3-1	pending_new_phylogeny	Branch_IIb	ptxP3/fim3-1		ptxP3	fim3-1	23S_rRNA_1	False	1	2026-07-24	project_member_414_of_416_linked_identity_not_in_ENA_fields
BEL::SAMEA117989264	SAMEA117989264	SAMEA117989264		ERR14837660	BEL	Belgium	2017-05-23	2017-05-23	2017-05-23	2017	5	2	day	True	PRJEB88325	ena_study_accession	targeted_belgium_france_public_inventory	historical_tree_anchor	focal_genome_observation	True	public_raw_reads_pending_uniform_qc	True	True	True			ptxP3/fim3-1	pending_new_phylogeny	Branch_IIb	ptxP3/fim3-1		ptxP3	fim3-1	23S_rRNA_1	False	1	2026-07-24	project_member_414_of_416_linked_identity_not_in_ENA_fields
BEL::SAMEA117989265	SAMEA117989265	SAMEA117989265		ERR14837661	BEL	Belgium	2017-05-29	2017-05-29	2017-05-29	2017	5	2	day	True	PRJEB88325	ena_study_accession	targeted_belgium_france_public_inventory	historical_tree_anchor	focal_genome_observation	True	public_raw_reads_pending_uniform_qc	True	True	True			ptxP3/fim3-1	pending_new_phylogeny	Branch_IIb	ptxP3/fim3-1		ptxP3	fim3-1	23S_rRNA_1	False	1	2026-07-24	project_member_414_of_416_linked_identity_not_in_ENA_fields
BEL::SAMEA117989266	SAMEA117989266	SAMEA117989266		ERR14837662	BEL	Belgium	2017-05-29	2017-05-29	2017-05-29	2017	5	2	day	True	PRJEB88325	ena_study_accession	targeted_belgium_france_public_inventory	historical_tree_anchor	focal_genome_observation	True	public_raw_reads_pending_uniform_qc	True	True	True			ptxP3/fim3-1	pending_new_phylogeny	Branch_IIb	ptxP3/fim3-1		ptxP3	fim3-1	23S_rRNA_1	False	1	2026-07-24	project_member_414_of_416_linked_identity_not_in_ENA_fields
BEL::SAMEA117989267	SAMEA117989267	SAMEA117989267		ERR14837663	BEL	Belgium	2017-06-01	2017-06-01	2017-06-01	2017	6	2	day	True	PRJEB88325	ena_study_accession	targeted_belgium_france_public_inventory	historical_tree_anchor	focal_genome_observation	True	public_raw_reads_pending_uniform_qc	True	True	True			ptxP3/fim3-1	pending_new_phylogeny	Branch_IIb	ptxP3/fim3-1		ptxP3	fim3-1	23S_rRNA_1	False	1	2026-07-24	project_member_414_of_416_linked_identity_not_in_ENA_fields
BEL::SAMEA117989268	SAMEA117989268	SAMEA117989268		ERR14837664	BEL	Belgium	2017-06-05	2017-06-05	2017-06-05	2017	6	2	day	True	PRJEB88325	ena_study_accession	targeted_belgium_france_public_inventory	historical_tree_anchor	focal_genome_observation	True	public_raw_reads_pending_uniform_qc	True	True	True			ptxP3/fim3-1	pending_new_phylogeny	Branch_IIb	ptxP3/fim3-1		ptxP3	fim3-4	23S_rRNA_1	False	1	2026-07-24	project_member_414_of_416_linked_identity_not_in_ENA_fields
BEL::SAMEA117989269	SAMEA117989269	SAMEA117989269		ERR14837665	BEL	Belgium	2017-06-09	2017-06-09	2017-06-09	2017	6	2	day	True	PRJEB88325	ena_study_accession	targeted_belgium_france_public_inventory	historical_tree_anchor	focal_genome_observation	True	public_raw_reads_pending_uniform_qc	True	True	True			ptxP3/fim3-1	pending_new_phylogeny	Branch_IIb	ptxP3/fim3-1		ptxP3	fim3-1	23S_rRNA_1	False	1	2026-07-24	project_member_414_of_416_linked_identity_not_in_ENA_fields
BEL::SAMEA117989270	SAMEA117989270	SAMEA117989270		ERR14837666	BEL	Belgium	2017-06-14	2017-06-14	2017-06-14	2017	6	2	day	True	PRJEB88325	ena_study_accession	targeted_belgium_france_public_inventory	historical_tree_anchor	focal_genome_observation	True	public_raw_reads_pending_uniform_qc	True	True	True			ptxP3/fim3-1	pending_new_phylogeny	Branch_IIb	ptxP3/fim3-1		ptxP3	fim3-1	23S_rRNA_1	False	1	2026-07-24	project_member_414_of_416_linked_identity_not_in_ENA_fields
BEL::SAMEA117989271	SAMEA117989271	SAMEA117989271		ERR14837667	BEL	Belgium	2017-06-15	2017-06-15	2017-06-15	2017	6	2	day	True	PRJEB88325	ena_study_accession	targeted_belgium_france_public_inventory	historical_tree_anchor	focal_genome_observation	True	public_raw_reads_pending_uniform_qc	True	True	True			ptxP3/fim3-1	pending_new_phylogeny	Branch_IIb	ptxP3/fim3-1		ptxP3	fim3-1	23S_rRNA_1	False	1	2026-07-24	project_member_414_of_416_linked_identity_not_in_ENA_fields
BEL::SAMEA117989272	SAMEA117989272	SAMEA117989272		ERR14837668	BEL	Belgium	2017-06-16	2017-06-16	2017-06-16	2017	6	2	day	True	PRJEB88325	ena_study_accession	targeted_belgium_france_public_inventory	historical_tree_anchor	focal_genome_observation	True	public_raw_reads_pending_uniform_qc	True	True	True			ptxP3/fim3-1	pending_new_phylogeny	Branch_IIb	ptxP3/fim3-1		ptxP3	fim3-1	23S_rRNA_1	False	1	2026-07-24	project_member_414_of_416_linked_identity_not_in_ENA_fields
BEL::SAMEA117989273	SAMEA117989273	SAMEA117989273		ERR14837669	BEL	Belgium	2017-06-20	2017-06-20	2017-06-20	2017	6	2	day	True	PRJEB88325	ena_study_accession	targeted_belgium_france_public_inventory	historical_tree_anchor	focal_genome_observation	True	public_raw_reads_pending_uniform_qc	True	True	True			ptxP3/fim3-1	pending_new_phylogeny	Branch_IIb	ptxP3/fim3-1		ptxP3	fim3-1	23S_rRNA_1	False	1	2026-07-24	project_member_414_of_416_linked_identity_not_in_ENA_fields
BEL::SAMEA117989274	SAMEA117989274	SAMEA117989274		ERR14837670	BEL	Belgium	2017-06-28	2017-06-28	2017-06-28	2017	6	2	day	True	PRJEB88325	ena_study_accession	targeted_belgium_france_public_inventory	historical_tree_anchor	focal_genome_observation	True	public_raw_reads_pending_uniform_qc	True	True	True			ptxP3/fim3-1	pending_new_phylogeny	Branch_IIb	ptxP3/fim3-1		ptxP3	fim3-1	23S_rRNA_1	False	1	2026-07-24	project_member_414_of_416_linked_identity_not_in_ENA_fields
BEL::SAMEA117989275	SAMEA117989275	SAMEA117989275		ERR14837671	BEL	Belgium	2017-06-25	2017-06-25	2017-06-25	2017	6	2	day	True	PRJEB88325	ena_study_accession	targeted_belgium_france_public_inventory	historical_tree_anchor	focal_genome_observation	True	public_raw_reads_pending_uniform_qc	True	True	True			ptxP3/fim3-2	pending_new_phylogeny	Branch_IIb	ptxP3/fim3-2		ptxP3	fim3-2		False	1	2026-07-24	project_member_414_of_416_linked_identity_not_in_ENA_fields
BEL::SAMEA117989276	SAMEA117989276	SAMEA117989276		ERR14837672	BEL	Belgium	2017-06-23	2017-06-23	2017-06-23	2017	6	2	day	True	PRJEB88325	ena_study_accession	targeted_belgium_france_public_inventory	historical_tree_anchor	focal_genome_observation	True	public_raw_reads_pending_uniform_qc	True	True	True			ptxP3/fim3-1	pending_new_phylogeny	Branch_IIb	ptxP3/fim3-1		ptxP3	fim3-1	23S_rRNA_1	False	1	2026-07-24	project_member_414_of_416_linked_identity_not_in_ENA_fields
BEL::SAMEA117989277	SAMEA117989277	SAMEA117989277		ERR14837673	BEL	Belgium	2017-06-28	2017-06-28	2017-06-28	2017	6	2	day	True	PRJEB88325	ena_study_accession	targeted_belgium_france_public_inventory	historical_tree_anchor	focal_genome_observation	True	public_raw_reads_pending_uniform_qc	True	True	True			ptxP3/fim3-1	pending_new_phylogeny	Branch_IIb	ptxP3/fim3-1		ptxP3	fim3-1	23S_rRNA_1	False	1	2026-07-24	project_member_414_of_416_linked_identity_not_in_ENA_fields
BEL::SAMEA117989278	SAMEA117989278	SAMEA117989278		ERR14837674	BEL	Belgium	2017-06-28	2017-06-28	2017-06-28	2017	6	2	day	True	PRJEB88325	ena_study_accession	targeted_belgium_france_public_inventory	historical_tree_anchor	focal_genome_observation	True	public_raw_reads_pending_uniform_qc	True	True	True			ptxP3/fim3-1	pending_new_phylogeny	Branch_IIb	ptxP3/fim3-1		ptxP3	fim3-1	23S_rRNA_1	False	1	2026-07-24	project_member_414_of_416_linked_identity_not_in_ENA_fields
BEL::SAMEA117989279	SAMEA117989279	SAMEA117989279		ERR14837675	BEL	Belgium	2017-06-30	2017-06-30	2017-06-30	2017	6	2	day	True	PRJEB88325	ena_study_accession	targeted_belgium_france_public_inventory	historical_tree_anchor	focal_genome_observation	True	public_raw_reads_pending_uniform_qc	True	True	True			ptxP3/fim3-1	pending_new_phylogeny	Branch_IIb	ptxP3/fim3-1		ptxP3	fim3-1	23S_rRNA_1	False	1	2026-07-24	project_member_414_of_416_linked_identity_not_in_ENA_fields
BEL::SAMEA117989280	SAMEA117989280	SAMEA117989280		ERR14837676	BEL	Belgium	2017-07-06	2017-07-06	2017-07-06	2017	7	3	day	True	PRJEB88325	ena_study_accession	targeted_belgium_france_public_inventory	historical_tree_anchor	focal_genome_observation	True	public_raw_reads_pending_uniform_qc	True	True	True			ptxP3/fim3-2	pending_new_phylogeny	Branch_IIb	ptxP3/fim3-2		ptxP3	fim3-2	23S_rRNA_1	False	1	2026-07-24	project_member_414_of_416_linked_identity_not_in_ENA_fields
BEL::SAMEA117989281	SAMEA117989281	SAMEA117989281		ERR14837677	BEL	Belgium	2017-07-17	2017-07-17	2017-07-17	2017	7	3	day	True	PRJEB88325	ena_study_accession	targeted_belgium_france_public_inventory	historical_tree_anchor	focal_genome_observation	True	public_raw_reads_pending_uniform_qc	True	True	True			ptxP3/fim3-2	pending_new_phylogeny	Branch_IIb	ptxP3/fim3-2		ptxP3	fim3-2	23S_rRNA_1	False	1	2026-07-24	project_member_414_of_416_linked_identity_not_in_ENA_fields
BEL::SAMEA117989282	SAMEA117989282	SAMEA117989282		ERR14837678	BEL	Belgium	2017-07-17	2017-07-17	2017-07-17	2017	7	3	day	True	PRJEB88325	ena_study_accession	targeted_belgium_france_public_inventory	historical_tree_anchor	focal_genome_observation	True	public_raw_reads_pending_uniform_qc	True	True	True			ptxP3/fim3-1	pending_new_phylogeny	Branch_IIb	ptxP3/fim3-1		ptxP3	fim3-27	23S_rRNA_1	False	1	2026-07-24	project_member_414_of_416_linked_identity_not_in_ENA_fields
BEL::SAMEA117989283	SAMEA117989283	SAMEA117989283		ERR14837679	BEL	Belgium	2017-07-17	2017-07-17	2017-07-17	2017	7	3	day	True	PRJEB88325	ena_study_accession	targeted_belgium_france_public_inventory	historical_tree_anchor	focal_genome_observation	True	public_raw_reads_pending_uniform_qc	True	True	True			ptxP3/fim3-2	pending_new_phylogeny	Branch_IIb	ptxP3/fim3-2		ptxP3	fim3-2	23S_rRNA_1	False	1	2026-07-24	project_member_414_of_416_linked_identity_not_in_ENA_fields
BEL::SAMEA117989284	SAMEA117989284	SAMEA117989284		ERR14837680	BEL	Belgium	2017-07-24	2017-07-24	2017-07-24	2017	7	3	day	True	PRJEB88325	ena_study_accession	targeted_belgium_france_public_inventory	historical_tree_anchor	focal_genome_observation	True	public_raw_reads_pending_uniform_qc	True	True	True			ptxP3/fim3-1	pending_new_phylogeny	Branch_IIb	ptxP3/fim3-1		ptxP3	fim3-1	23S_rRNA_1	False	1	2026-07-24	project_member_414_of_416_linked_identity_not_in_ENA_fields
BEL::SAMEA117989285	SAMEA117989285	SAMEA117989285		ERR14837681	BEL	Belgium	2017-07-27	2017-07-27	2017-07-27	2017	7	3	day	True	PRJEB88325	ena_study_accession	targeted_belgium_france_public_inventory	historical_tree_anchor	focal_genome_observation	True	public_raw_reads_pending_uniform_qc	True	True	True			ptxP3/fim3-2	pending_new_phylogeny	Branch_IIb	ptxP3/fim3-2		ptxP3	fim3-2	23S_rRNA_1	False	1	2026-07-24	project_member_414_of_416_linked_identity_not_in_ENA_fields
BEL::SAMEA117989286	SAMEA117989286	SAMEA117989286		ERR14837682	BEL	Belgium	2017-07-25	2017-07-25	2017-07-25	2017	7	3	day	True	PRJEB88325	ena_study_accession	targeted_belgium_france_public_inventory	historical_tree_anchor	focal_genome_observation	True	public_raw_reads_pending_uniform_qc	True	True	True			ptxP3/fim3-1	pending_new_phylogeny	Branch_IIb	ptxP3/fim3-1		ptxP3	fim3-1	23S_rRNA_1	False	1	2026-07-24	project_member_414_of_416_linked_identity_not_in_ENA_fields
BEL::SAMEA117989287	SAMEA117989287	SAMEA117989287		ERR14837683	BEL	Belgium	2017-07-26	2017-07-26	2017-07-26	2017	7	3	day	True	PRJEB88325	ena_study_accession	targeted_belgium_france_public_inventory	historical_tree_anchor	focal_genome_observation	True	public_raw_reads_pending_uniform_qc	True	True	True			ptxP3/fim3-1	pending_new_phylogeny	Branch_IIb	ptxP3/fim3-1		ptxP3	fim3-1	23S_rRNA_1	False	1	2026-07-24	project_member_414_of_416_linked_identity_not_in_ENA_fields
BEL::SAMEA117989288	SAMEA117989288	SAMEA117989288		ERR14837684	BEL	Belgium	2017-07-31	2017-07-31	2017-07-31	2017	7	3	day	True	PRJEB88325	ena_study_accession	targeted_belgium_france_public_inventory	historical_tree_anchor	focal_genome_observation	True	public_raw_reads_pending_uniform_qc	True	True	True			ptxP3/fim3-1	pending_new_phylogeny	Branch_IIb	ptxP3/fim3-1		ptxP3	fim3-1	23S_rRNA_1	False	1	2026-07-24	project_member_414_of_416_linked_identity_not_in_ENA_fields
BEL::SAMEA117989289	SAMEA117989289	SAMEA117989289		ERR14837685	BEL	Belgium	2017-08-02	2017-08-02	2017-08-02	2017	8	3	day	True	PRJEB88325	ena_study_accession	targeted_belgium_france_public_inventory	historical_tree_anchor	focal_genome_observation	True	public_raw_reads_pending_uniform_qc	True	True	True			ptxP3/fim3-1	pending_new_phylogeny	Branch_IIb	ptxP3/fim3-1		ptxP3	fim3-1	23S_rRNA_1	False	1	2026-07-24	project_member_414_of_416_linked_identity_not_in_ENA_fields
BEL::SAMEA117989290	SAMEA117989290	SAMEA117989290		ERR14837686	BEL	Belgium	2017-08-04	2017-08-04	2017-08-04	2017	8	3	day	True	PRJEB88325	ena_study_accession	targeted_belgium_france_public_inventory	historical_tree_anchor	focal_genome_observation	True	public_raw_reads_pending_uniform_qc	True	True	True			ptxP3/fim3-1	pending_new_phylogeny	Branch_IIb	ptxP3/fim3-1		ptxP3	fim3-1	23S_rRNA_1	False	1	2026-07-24	project_member_414_of_416_linked_identity_not_in_ENA_fields
BEL::SAMEA117989291	SAMEA117989291	SAMEA117989291		ERR14837687	BEL	Belgium	2017-08-03	2017-08-03	2017-08-03	2017	8	3	day	True	PRJEB88325	ena_study_accession	targeted_belgium_france_public_inventory	historical_tree_anchor	focal_genome_observation	True	public_raw_reads_pending_uniform_qc	True	True	True			ptxP3/fim3-1	pending_new_phylogeny	Branch_IIb	ptxP3/fim3-1		ptxP3	fim3-1	23S_rRNA_1	False	1	2026-07-24	project_member_414_of_416_linked_identity_not_in_ENA_fields
BEL::SAMEA117989292	SAMEA117989292	SAMEA117989292		ERR14837688	BEL	Belgium	2017-08-04	2017-08-04	2017-08-04	2017	8	3	day	True	PRJEB88325	ena_study_accession	targeted_belgium_france_public_inventory	historical_tree_anchor	focal_genome_observation	True	public_raw_reads_pending_uniform_qc	True	True	True			ptxP3/fim3-1	pending_new_phylogeny	Branch_IIb	ptxP3/fim3-1		ptxP3	fim3-1	23S_rRNA_1	False	1	2026-07-24	project_member_414_of_416_linked_identity_not_in_ENA_fields
BEL::SAMEA117989293	SAMEA117989293	SAMEA117989293		ERR14837689	BEL	Belgium	2017-08-01	2017-08-01	2017-08-01	2017	8	3	day	True	PRJEB88325	ena_study_accession	targeted_belgium_france_public_inventory	historical_tree_anchor	focal_genome_observation	True	public_raw_reads_pending_uniform_qc	True	True	True			ptxP3/fim3-1	pending_new_phylogeny	Branch_IIb	ptxP3/fim3-1		ptxP3	fim3-1	23S_rRNA_1	False	1	2026-07-24	project_member_414_of_416_linked_identity_not_in_ENA_fields
BEL::SAMEA117989294	SAMEA117989294	SAMEA117989294		ERR14837690	BEL	Belgium	2017-08-10	2017-08-10	2017-08-10	2017	8	3	day	True	PRJEB88325	ena_study_accession	targeted_belgium_france_public_inventory	historical_tree_anchor	focal_genome_observation	True	public_raw_reads_pending_uniform_qc	True	True	True			ptxP3/fim3-1	pending_new_phylogeny	Branch_IIb	ptxP3/fim3-1		ptxP3	fim3-1	23S_rRNA_1	False	1	2026-07-24	project_member_414_of_416_linked_identity_not_in_ENA_fields
BEL::SAMEA117989295	SAMEA117989295	SAMEA117989295		ERR14837691	BEL	Belgium	2017-08-21	2017-08-21	2017-08-21	2017	8	3	day	True	PRJEB88325	ena_study_accession	targeted_belgium_france_public_inventory	historical_tree_anchor	focal_genome_observation	True	public_raw_reads_pending_uniform_qc	True	True	True			ptxP3/fim3-1	pending_new_phylogeny	Branch_IIb	ptxP3/fim3-1		ptxP3	fim3-1	23S_rRNA_1	False	1	2026-07-24	project_member_414_of_416_linked_identity_not_in_ENA_fields
BEL::SAMEA117989296	SAMEA117989296	SAMEA117989296		ERR14837692	BEL	Belgium	2017-08-23	2017-08-23	2017-08-23	2017	8	3	day	True	PRJEB88325	ena_study_accession	targeted_belgium_france_public_inventory	historical_tree_anchor	focal_genome_observation	True	public_raw_reads_pending_uniform_qc	True	True	True			ptxP3/fim3-2	pending_new_phylogeny	Branch_IIb	ptxP3/fim3-2		ptxP3	fim3-2	23S_rRNA_1	False	1	2026-07-24	project_member_414_of_416_linked_identity_not_in_ENA_fields
BEL::SAMEA117989297	SAMEA117989297	SAMEA117989297		ERR14837693	BEL	Belgium	2017-08-24	2017-08-24	2017-08-24	2017	8	3	day	True	PRJEB88325	ena_study_accession	targeted_belgium_france_public_inventory	historical_tree_anchor	focal_genome_observation	True	public_raw_reads_pending_uniform_qc	True	True	True			ptxP3/fim3-1	pending_new_phylogeny	Branch_IIb	ptxP3/fim3-1		ptxP3	fim3-1	23S_rRNA_1	False	1	2026-07-24	project_member_414_of_416_linked_identity_not_in_ENA_fields
BEL::SAMEA117989298	SAMEA117989298	SAMEA117989298		ERR14837694	BEL	Belgium	2017-08-26	2017-08-26	2017-08-26	2017	8	3	day	True	PRJEB88325	ena_study_accession	targeted_belgium_france_public_inventory	historical_tree_anchor	focal_genome_observation	True	public_raw_reads_pending_uniform_qc	True	True	True			ptxP3/fim3-1	pending_new_phylogeny	Branch_IIb	ptxP3/fim3-1		ptxP3	fim3-1	23S_rRNA_1	False	1	2026-07-24	project_member_414_of_416_linked_identity_not_in_ENA_fields
BEL::SAMEA117989299	SAMEA117989299	SAMEA117989299		ERR14837695	BEL	Belgium	2017-08-27	2017-08-27	2017-08-27	2017	8	3	day	True	PRJEB88325	ena_study_accession	targeted_belgium_france_public_inventory	historical_tree_anchor	focal_genome_observation	True	public_raw_reads_pending_uniform_qc	True	True	True			ptxP3/fim3-1	pending_new_phylogeny	Branch_IIb	ptxP3/fim3-1		ptxP3	fim3-1	23S_rRNA_1	False	1	2026-07-24	project_member_414_of_416_linked_identity_not_in_ENA_fields
BEL::SAMEA117989300	SAMEA117989300	SAMEA117989300		ERR14837696	BEL	Belgium	2017-08-28	2017-08-28	2017-08-28	2017	8	3	day	True	PRJEB88325	ena_study_accession	targeted_belgium_france_public_inventory	historical_tree_anchor	focal_genome_observation	True	public_raw_reads_pending_uniform_qc	True	True	True			ptxP3/fim3-1	pending_new_phylogeny	Branch_IIb	ptxP3/fim3-1		ptxP3	fim3-1	23S_rRNA_1	False	1	2026-07-24	project_member_414_of_416_linked_identity_not_in_ENA_fields
BEL::SAMEA117989301	SAMEA117989301	SAMEA117989301		ERR14837697	BEL	Belgium	2017-08-28	2017-08-28	2017-08-28	2017	8	3	day	True	PRJEB88325	ena_study_accession	targeted_belgium_france_public_inventory	historical_tree_anchor	focal_genome_observation	True	public_raw_reads_pending_uniform_qc	True	True	True			ptxP3/fim3-1	pending_new_phylogeny	Branch_IIb	ptxP3/fim3-1		ptxP3	fim3-1	23S_rRNA_1	False	1	2026-07-24	project_member_414_of_416_linked_identity_not_in_ENA_fields
BEL::SAMEA117989302	SAMEA117989302	SAMEA117989302		ERR14837698	BEL	Belgium	2017-08-28	2017-08-28	2017-08-28	2017	8	3	day	True	PRJEB88325	ena_study_accession	targeted_belgium_france_public_inventory	historical_tree_anchor	focal_genome_observation	True	public_raw_reads_pending_uniform_qc	True	True	True			ptxP3/fim3-1	pending_new_phylogeny	Branch_IIb	ptxP3/fim3-1		ptxP3	fim3-1	23S_rRNA_1	False	1	2026-07-24	project_member_414_of_416_linked_identity_not_in_ENA_fields
BEL::SAMEA117989303	SAMEA117989303	SAMEA117989303		ERR14837699	BEL	Belgium	2017-08-29	2017-08-29	2017-08-29	2017	8	3	day	True	PRJEB88325	ena_study_accession	targeted_belgium_france_public_inventory	historical_tree_anchor	focal_genome_observation	True	public_raw_reads_pending_uniform_qc	True	True	True			ptxP3/fim3-2	pending_new_phylogeny	Branch_IIb	ptxP3/fim3-2		ptxP3	fim3-2	23S_rRNA_1	False	1	2026-07-24	project_member_414_of_416_linked_identity_not_in_ENA_fields
BEL::SAMEA117989304	SAMEA117989304	SAMEA117989304		ERR14837700	BEL	Belgium	2017-08-29	2017-08-29	2017-08-29	2017	8	3	day	True	PRJEB88325	ena_study_accession	targeted_belgium_france_public_inventory	historical_tree_anchor	focal_genome_observation	True	public_raw_reads_pending_uniform_qc	True	True	True			ptxP3/fim3-1	pending_new_phylogeny	Branch_IIb	ptxP3/fim3-1		ptxP3	fim3-1	23S_rRNA_1	False	1	2026-07-24	project_member_414_of_416_linked_identity_not_in_ENA_fields
BEL::SAMEA117989305	SAMEA117989305	SAMEA117989305		ERR14837701	BEL	Belgium	2017-09-05	2017-09-05	2017-09-05	2017	9	3	day	True	PRJEB88325	ena_study_accession	targeted_belgium_france_public_inventory	historical_tree_anchor	focal_genome_observation	True	public_raw_reads_pending_uniform_qc	True	True	True			ptxP3/fim3-1	pending_new_phylogeny	Branch_IIb	ptxP3/fim3-1		ptxP3	fim3-1	23S_rRNA_1	False	1	2026-07-24	project_member_414_of_416_linked_identity_not_in_ENA_fields
BEL::SAMEA117989306	SAMEA117989306	SAMEA117989306		ERR14837702	BEL	Belgium	2017-09-05	2017-09-05	2017-09-05	2017	9	3	day	True	PRJEB88325	ena_study_accession	targeted_belgium_france_public_inventory	historical_tree_anchor	focal_genome_observation	True	public_raw_reads_pending_uniform_qc	True	True	True			ptxP3/fim3-1	pending_new_phylogeny	Branch_IIb	ptxP3/fim3-1		ptxP3	fim3-1	23S_rRNA_1	False	1	2026-07-24	project_member_414_of_416_linked_identity_not_in_ENA_fields
BEL::SAMEA117989307	SAMEA117989307	SAMEA117989307		ERR14837703	BEL	Belgium	2017-09-06	2017-09-06	2017-09-06	2017	9	3	day	True	PRJEB88325	ena_study_accession	targeted_belgium_france_public_inventory	historical_tree_anchor	focal_genome_observation	True	public_raw_reads_pending_uniform_qc	True	True	True			ptxP3/fim3-1	pending_new_phylogeny	Branch_IIb	ptxP3/fim3-1		ptxP3	fim3-4	23S_rRNA_1	False	1	2026-07-24	project_member_414_of_416_linked_identity_not_in_ENA_fields
BEL::SAMEA117989308	SAMEA117989308	SAMEA117989308		ERR14837704	BEL	Belgium	2017-09-06	2017-09-06	2017-09-06	2017	9	3	day	True	PRJEB88325	ena_study_accession	targeted_belgium_france_public_inventory	historical_tree_anchor	focal_genome_observation	True	public_raw_reads_pending_uniform_qc	True	True	True			MS-MT28	pending_new_phylogeny	Branch_IIb	ptxP3/fim3-1	MS-MT28	ptxP3	fim3-1	23S_rRNA_1	False	1	2026-07-24	project_member_414_of_416_linked_identity_not_in_ENA_fields
BEL::SAMEA117989309	SAMEA117989309	SAMEA117989309		ERR14837705	BEL	Belgium	2017-09-06	2017-09-06	2017-09-06	2017	9	3	day	True	PRJEB88325	ena_study_accession	targeted_belgium_france_public_inventory	historical_tree_anchor	focal_genome_observation	True	public_raw_reads_pending_uniform_qc	True	True	True				pending_new_phylogeny							False	1	2026-07-24	project_member_414_of_416_linked_identity_not_in_ENA_fields
BEL::SAMEA117989310	SAMEA117989310	SAMEA117989310		ERR14837706	BEL	Belgium	2017-09-05	2017-09-05	2017-09-05	2017	9	3	day	True	PRJEB88325	ena_study_accession	targeted_belgium_france_public_inventory	historical_tree_anchor	focal_genome_observation	True	public_raw_reads_pending_uniform_qc	True	True	True			ptxP3/fim3-1	pending_new_phylogeny	Branch_IIb	ptxP3/fim3-1		ptxP3	fim3-1	23S_rRNA_1	False	1	2026-07-24	project_member_414_of_416_linked_identity_not_in_ENA_fields
BEL::SAMEA117989311	SAMEA117989311	SAMEA117989311		ERR14837707	BEL	Belgium	2017-09-04	2017-09-04	2017-09-04	2017	9	3	day	True	PRJEB88325	ena_study_accession	targeted_belgium_france_public_inventory	historical_tree_anchor	focal_genome_observation	True	public_raw_reads_pending_uniform_qc	True	True	True			ptxP3/fim3-1	pending_new_phylogeny	Branch_IIb	ptxP3/fim3-1		ptxP3	fim3-1	23S_rRNA_1	False	1	2026-07-24	project_member_414_of_416_linked_identity_not_in_ENA_fields
BEL::SAMEA117989312	SAMEA117989312	SAMEA117989312		ERR14837708	BEL	Belgium	2017-09-07	2017-09-07	2017-09-07	2017	9	3	day	True	PRJEB88325	ena_study_accession	targeted_belgium_france_public_inventory	historical_tree_anchor	focal_genome_observation	True	public_raw_reads_pending_uniform_qc	True	True	True			ptxP3/fim3-1	pending_new_phylogeny	Branch_IIb	ptxP3/fim3-1		ptxP3	fim3-1	23S_rRNA_1	False	1	2026-07-24	project_member_414_of_416_linked_identity_not_in_ENA_fields
BEL::SAMEA117989313	SAMEA117989313	SAMEA117989313		ERR14837709	BEL	Belgium	2017-09-09	2017-09-09	2017-09-09	2017	9	3	day	True	PRJEB88325	ena_study_accession	targeted_belgium_france_public_inventory	historical_tree_anchor	focal_genome_observation	True	public_raw_reads_pending_uniform_qc	True	True	True			ptxP3/fim3-1	pending_new_phylogeny	Branch_IIb	ptxP3/fim3-1		ptxP3	fim3-1	23S_rRNA_1	False	1	2026-07-24	project_member_414_of_416_linked_identity_not_in_ENA_fields
BEL::SAMEA117989314	SAMEA117989314	SAMEA117989314		ERR14837710	BEL	Belgium	2017-09-13	2017-09-13	2017-09-13	2017	9	3	day	True	PRJEB88325	ena_study_accession	targeted_belgium_france_public_inventory	historical_tree_anchor	focal_genome_observation	True	public_raw_reads_pending_uniform_qc	True	True	True			ptxP3/fim3-2	pending_new_phylogeny	Branch_IIb	ptxP3/fim3-2		ptxP3	fim3-2	23S_rRNA_1	False	1	2026-07-24	project_member_414_of_416_linked_identity_not_in_ENA_fields
BEL::SAMEA117989315	SAMEA117989315	SAMEA117989315		ERR14837711	BEL	Belgium	2017-09-18	2017-09-18	2017-09-18	2017	9	3	day	True	PRJEB88325	ena_study_accession	targeted_belgium_france_public_inventory	historical_tree_anchor	focal_genome_observation	True	public_raw_reads_pending_uniform_qc	True	True	True			ptxP3/fim3-1	pending_new_phylogeny	Branch_IIb	ptxP3/fim3-1		ptxP3	fim3-27	23S_rRNA_1	False	1	2026-07-24	project_member_414_of_416_linked_identity_not_in_ENA_fields
BEL::SAMEA117989316	SAMEA117989316	SAMEA117989316		ERR14837712	BEL	Belgium	2017-09-13	2017-09-13	2017-09-13	2017	9	3	day	True	PRJEB88325	ena_study_accession	targeted_belgium_france_public_inventory	historical_tree_anchor	focal_genome_observation	True	public_raw_reads_pending_uniform_qc	True	True	True			ptxP3/fim3-1	pending_new_phylogeny	Branch_IIb	ptxP3/fim3-1		ptxP3	fim3-1	23S_rRNA_1	False	1	2026-07-24	project_member_414_of_416_linked_identity_not_in_ENA_fields
BEL::SAMEA117989317	SAMEA117989317	SAMEA117989317		ERR14837713	BEL	Belgium	2017-09-20	2017-09-20	2017-09-20	2017	9	3	day	True	PRJEB88325	ena_study_accession	targeted_belgium_france_public_inventory	historical_tree_anchor	focal_genome_observation	True	public_raw_reads_pending_uniform_qc	True	True	True			ptxP3/fim3-1	pending_new_phylogeny	Branch_IIb	ptxP3/fim3-1		ptxP3	fim3-27	23S_rRNA_1	False	1	2026-07-24	project_member_414_of_416_linked_identity_not_in_ENA_fields
BEL::SAMEA117989318	SAMEA117989318	SAMEA117989318		ERR14837714	BEL	Belgium	2017-09-25	2017-09-25	2017-09-25	2017	9	3	day	True	PRJEB88325	ena_study_accession	targeted_belgium_france_public_inventory	historical_tree_anchor	focal_genome_observation	True	public_raw_reads_pending_uniform_qc	True	True	True			ptxP3/fim3-1	pending_new_phylogeny	Branch_IIb	ptxP3/fim3-1		ptxP3	fim3-27	23S_rRNA_1	False	1	2026-07-24	project_member_414_of_416_linked_identity_not_in_ENA_fields
BEL::SAMEA117989319	SAMEA117989319	SAMEA117989319		ERR14837715	BEL	Belgium	2017-09-29	2017-09-29	2017-09-29	2017	9	3	day	True	PRJEB88325	ena_study_accession	targeted_belgium_france_public_inventory	historical_tree_anchor	focal_genome_observation	True	public_raw_reads_pending_uniform_qc	True	True	True			ptxP3/fim3-1	pending_new_phylogeny	Branch_IIb	ptxP3/fim3-1		ptxP3	fim3-1	23S_rRNA_1	False	1	2026-07-24	project_member_414_of_416_linked_identity_not_in_ENA_fields
BEL::SAMEA117989320	SAMEA117989320	SAMEA117989320		ERR14837716	BEL	Belgium	2017-10-06	2017-10-06	2017-10-06	2017	10	4	day	True	PRJEB88325	ena_study_accession	targeted_belgium_france_public_inventory	historical_tree_anchor	focal_genome_observation	True	public_raw_reads_pending_uniform_qc	True	True	True			ptxP3/fim3-1	pending_new_phylogeny	Branch_IIb	ptxP3/fim3-1		ptxP3	fim3-1	23S_rRNA_1	False	1	2026-07-24	project_member_414_of_416_linked_identity_not_in_ENA_fields
BEL::SAMEA117989321	SAMEA117989321	SAMEA117989321		ERR14837717	BEL	Belgium	2017-10-05	2017-10-05	2017-10-05	2017	10	4	day	True	PRJEB88325	ena_study_accession	targeted_belgium_france_public_inventory	historical_tree_anchor	focal_genome_observation	True	public_raw_reads_pending_uniform_qc	True	True	True			ptxP3/fim3-1	pending_new_phylogeny	Branch_IIb	ptxP3/fim3-1		ptxP3	fim3-1	23S_rRNA_1	False	1	2026-07-24	project_member_414_of_416_linked_identity_not_in_ENA_fields
BEL::SAMEA117989322	SAMEA117989322	SAMEA117989322		ERR14837718	BEL	Belgium	2017-10-11	2017-10-11	2017-10-11	2017	10	4	day	True	PRJEB88325	ena_study_accession	targeted_belgium_france_public_inventory	historical_tree_anchor	focal_genome_observation	True	public_raw_reads_pending_uniform_qc	True	True	True			ptxP3/fim3-1	pending_new_phylogeny	Branch_IIb	ptxP3/fim3-1		ptxP3	fim3-1	23S_rRNA_1	False	1	2026-07-24	project_member_414_of_416_linked_identity_not_in_ENA_fields
BEL::SAMEA117989323	SAMEA117989323	SAMEA117989323		ERR14837719	BEL	Belgium	2017-10-25	2017-10-25	2017-10-25	2017	10	4	day	True	PRJEB88325	ena_study_accession	targeted_belgium_france_public_inventory	historical_tree_anchor	focal_genome_observation	True	public_raw_reads_pending_uniform_qc	True	True	True			ptxP3/fim3-2	pending_new_phylogeny	Branch_IIb	ptxP3/fim3-2		ptxP3	fim3-2	23S_rRNA_1	False	1	2026-07-24	project_member_414_of_416_linked_identity_not_in_ENA_fields
BEL::SAMEA117989324	SAMEA117989324	SAMEA117989324		ERR14837720	BEL	Belgium	2017-10-30	2017-10-30	2017-10-30	2017	10	4	day	True	PRJEB88325	ena_study_accession	targeted_belgium_france_public_inventory	historical_tree_anchor	focal_genome_observation	True	public_raw_reads_pending_uniform_qc	True	True	True			ptxP3/fim3-1	pending_new_phylogeny	Branch_IIb	ptxP3/fim3-1		ptxP3	fim3-1	23S_rRNA_1	False	1	2026-07-24	project_member_414_of_416_linked_identity_not_in_ENA_fields
BEL::SAMEA117989325	SAMEA117989325	SAMEA117989325		ERR14837721	BEL	Belgium	2017-11-05	2017-11-05	2017-11-05	2017	11	4	day	True	PRJEB88325	ena_study_accession	targeted_belgium_france_public_inventory	historical_tree_anchor	focal_genome_observation	True	public_raw_reads_pending_uniform_qc	True	True	True			ptxP3/fim3-1	pending_new_phylogeny	Branch_IIb	ptxP3/fim3-1		ptxP3	fim3-1	23S_rRNA_1	False	1	2026-07-24	project_member_414_of_416_linked_identity_not_in_ENA_fields
BEL::SAMEA117989326	SAMEA117989326	SAMEA117989326		ERR14837722	BEL	Belgium	2017-11-08	2017-11-08	2017-11-08	2017	11	4	day	True	PRJEB88325	ena_study_accession	targeted_belgium_france_public_inventory	historical_tree_anchor	focal_genome_observation	True	public_raw_reads_pending_uniform_qc	True	True	True			ptxP3/fim3-2	pending_new_phylogeny	Branch_IIb	ptxP3/fim3-2		ptxP3	fim3-2	23S_rRNA_1	False	1	2026-07-24	project_member_414_of_416_linked_identity_not_in_ENA_fields
BEL::SAMEA117989327	SAMEA117989327	SAMEA117989327		ERR14837723	BEL	Belgium	2017-11-13	2017-11-13	2017-11-13	2017	11	4	day	True	PRJEB88325	ena_study_accession	targeted_belgium_france_public_inventory	historical_tree_anchor	focal_genome_observation	True	public_raw_reads_pending_uniform_qc	True	True	True			ptxP3/fim3-1	pending_new_phylogeny	Branch_IIb	ptxP3/fim3-1		ptxP3	fim3-1	23S_rRNA_1	False	1	2026-07-24	project_member_414_of_416_linked_identity_not_in_ENA_fields
BEL::SAMEA117989328	SAMEA117989328	SAMEA117989328		ERR14837724	BEL	Belgium	2017-11-16	2017-11-16	2017-11-16	2017	11	4	day	True	PRJEB88325	ena_study_accession	targeted_belgium_france_public_inventory	historical_tree_anchor	focal_genome_observation	True	public_raw_reads_pending_uniform_qc	True	True	True			ptxP3/fim3-1	pending_new_phylogeny	Branch_IIb	ptxP3/fim3-1		ptxP3	fim3-1	23S_rRNA_1	False	1	2026-07-24	project_member_414_of_416_linked_identity_not_in_ENA_fields
BEL::SAMEA117989329	SAMEA117989329	SAMEA117989329		ERR14837725	BEL	Belgium	2017-11-17	2017-11-17	2017-11-17	2017	11	4	day	True	PRJEB88325	ena_study_accession	targeted_belgium_france_public_inventory	historical_tree_anchor	focal_genome_observation	True	public_raw_reads_pending_uniform_qc	True	True	True			ptxP3/fim3-1	pending_new_phylogeny	Branch_IIb	ptxP3/fim3-1		ptxP3	fim3-27	23S_rRNA_1	False	1	2026-07-24	project_member_414_of_416_linked_identity_not_in_ENA_fields
BEL::SAMEA117989330	SAMEA117989330	SAMEA117989330		ERR14837726	BEL	Belgium	2017-12-04	2017-12-04	2017-12-04	2017	12	4	day	True	PRJEB88325	ena_study_accession	targeted_belgium_france_public_inventory	historical_tree_anchor	focal_genome_observation	True	public_raw_reads_pending_uniform_qc	True	True	True			ptxP3/fim3-1	pending_new_phylogeny	Branch_IIb	ptxP3/fim3-1		ptxP3	fim3-1	23S_rRNA_1	False	1	2026-07-24	project_member_414_of_416_linked_identity_not_in_ENA_fields
BEL::SAMEA117989331	SAMEA117989331	SAMEA117989331		ERR14837727	BEL	Belgium	2017-12-06	2017-12-06	2017-12-06	2017	12	4	day	True	PRJEB88325	ena_study_accession	targeted_belgium_france_public_inventory	historical_tree_anchor	focal_genome_observation	True	public_raw_reads_pending_uniform_qc	True	True	True			ptxP3/fim3-1	pending_new_phylogeny	Branch_IIb	ptxP3/fim3-1		ptxP3	fim3-4	23S_rRNA_1	False	1	2026-07-24	project_member_414_of_416_linked_identity_not_in_ENA_fields
BEL::SAMEA117989332	SAMEA117989332	SAMEA117989332		ERR14837728	BEL	Belgium	2017-12-12	2017-12-12	2017-12-12	2017	12	4	day	True	PRJEB88325	ena_study_accession	targeted_belgium_france_public_inventory	historical_tree_anchor	focal_genome_observation	True	public_raw_reads_pending_uniform_qc	True	True	True			ptxP3/fim3-1	pending_new_phylogeny	Branch_IIb	ptxP3/fim3-1		ptxP3	fim3-1	23S_rRNA_1	False	1	2026-07-24	project_member_414_of_416_linked_identity_not_in_ENA_fields
BEL::SAMEA117989333	SAMEA117989333	SAMEA117989333		ERR14837729	BEL	Belgium	2017-12-12	2017-12-12	2017-12-12	2017	12	4	day	True	PRJEB88325	ena_study_accession	targeted_belgium_france_public_inventory	historical_tree_anchor	focal_genome_observation	True	public_raw_reads_pending_uniform_qc	True	True	True			ptxP3/fim3-1	pending_new_phylogeny	Branch_IIb	ptxP3/fim3-1		ptxP3	fim3-1	23S_rRNA_1	False	1	2026-07-24	project_member_414_of_416_linked_identity_not_in_ENA_fields
BEL::SAMEA117989334	SAMEA117989334	SAMEA117989334		ERR14837730	BEL	Belgium	2018-01-02	2018-01-02	2018-01-02	2018	1	1	day	True	PRJEB88325	ena_study_accession	targeted_belgium_france_public_inventory	historical_tree_anchor	focal_genome_observation	True	public_raw_reads_pending_uniform_qc	True	True	True			ptxP3/fim3-1	pending_new_phylogeny	Branch_IIb	ptxP3/fim3-1		ptxP3	fim3-1	23S_rRNA_1	False	1	2026-07-24	project_member_414_of_416_linked_identity_not_in_ENA_fields
BEL::SAMEA117989335	SAMEA117989335	SAMEA117989335		ERR14837731	BEL	Belgium	2018-01-06	2018-01-06	2018-01-06	2018	1	1	day	True	PRJEB88325	ena_study_accession	targeted_belgium_france_public_inventory	historical_tree_anchor	focal_genome_observation	True	public_raw_reads_pending_uniform_qc	True	True	True			ptxP3/fim3-2	pending_new_phylogeny	Branch_IIb	ptxP3/fim3-2		ptxP3	fim3-2	23S_rRNA_1	False	1	2026-07-24	project_member_414_of_416_linked_identity_not_in_ENA_fields
BEL::SAMEA117989336	SAMEA117989336	SAMEA117989336		ERR14837732	BEL	Belgium	2018-01-12	2018-01-12	2018-01-12	2018	1	1	day	True	PRJEB88325	ena_study_accession	targeted_belgium_france_public_inventory	historical_tree_anchor	focal_genome_observation	True	public_raw_reads_pending_uniform_qc	True	True	True			ptxP3/fim3-2	pending_new_phylogeny	Branch_IIb	ptxP3/fim3-2		ptxP3		23S_rRNA_1	False	1	2026-07-24	project_member_414_of_416_linked_identity_not_in_ENA_fields
BEL::SAMEA117989337	SAMEA117989337	SAMEA117989337		ERR14837733	BEL	Belgium	2018-01-15	2018-01-15	2018-01-15	2018	1	1	day	True	PRJEB88325	ena_study_accession	targeted_belgium_france_public_inventory	historical_tree_anchor	focal_genome_observation	True	public_raw_reads_pending_uniform_qc	True	True	True			ptxP3/fim3-1	pending_new_phylogeny	Branch_IIb	ptxP3/fim3-1		ptxP3	fim3-1	23S_rRNA_9	False	1	2026-07-24	project_member_414_of_416_linked_identity_not_in_ENA_fields
BEL::SAMEA117989338	SAMEA117989338	SAMEA117989338		ERR14837734	BEL	Belgium	2018-01-15	2018-01-15	2018-01-15	2018	1	1	day	True	PRJEB88325	ena_study_accession	targeted_belgium_france_public_inventory	historical_tree_anchor	focal_genome_observation	True	public_raw_reads_pending_uniform_qc	True	True	True			ptxP3/fim3-1	pending_new_phylogeny	Branch_IIb	ptxP3/fim3-1		ptxP3	fim3-1	23S_rRNA_1	False	1	2026-07-24	project_member_414_of_416_linked_identity_not_in_ENA_fields
BEL::SAMEA117989339	SAMEA117989339	SAMEA117989339		ERR14837735	BEL	Belgium	2018-01-16	2018-01-16	2018-01-16	2018	1	1	day	True	PRJEB88325	ena_study_accession	targeted_belgium_france_public_inventory	historical_tree_anchor	focal_genome_observation	True	public_raw_reads_pending_uniform_qc	True	True	True			ptxP3/fim3-2	pending_new_phylogeny	Branch_IIb	ptxP3/fim3-2		ptxP3		23S_rRNA_1	False	1	2026-07-24	project_member_414_of_416_linked_identity_not_in_ENA_fields
BEL::SAMEA117989340	SAMEA117989340	SAMEA117989340		ERR14837736	BEL	Belgium	2018-01-18	2018-01-18	2018-01-18	2018	1	1	day	True	PRJEB88325	ena_study_accession	targeted_belgium_france_public_inventory	historical_tree_anchor	focal_genome_observation	True	public_raw_reads_pending_uniform_qc	True	True	True			ptxP3/fim3-1	pending_new_phylogeny	Branch_IIb	ptxP3/fim3-1		ptxP3	fim3-1	23S_rRNA_1	False	1	2026-07-24	project_member_414_of_416_linked_identity_not_in_ENA_fields
BEL::SAMEA117989341	SAMEA117989341	SAMEA117989341		ERR14837737	BEL	Belgium	2018-01-18	2018-01-18	2018-01-18	2018	1	1	day	True	PRJEB88325	ena_study_accession	targeted_belgium_france_public_inventory	historical_tree_anchor	focal_genome_observation	True	public_raw_reads_pending_uniform_qc	True	True	True			ptxP3/fim3-1	pending_new_phylogeny	Branch_IIb	ptxP3/fim3-1		ptxP3	fim3-1	23S_rRNA_1	False	1	2026-07-24	project_member_414_of_416_linked_identity_not_in_ENA_fields
BEL::SAMEA117989342	SAMEA117989342	SAMEA117989342		ERR14837738	BEL	Belgium	2018-01-24	2018-01-24	2018-01-24	2018	1	1	day	True	PRJEB88325	ena_study_accession	targeted_belgium_france_public_inventory	historical_tree_anchor	focal_genome_observation	True	public_raw_reads_pending_uniform_qc	True	True	True			ptxP3/fim3-1	pending_new_phylogeny	Branch_IIb	ptxP3/fim3-1		ptxP3	fim3-27	23S_rRNA_1	False	1	2026-07-24	project_member_414_of_416_linked_identity_not_in_ENA_fields
BEL::SAMEA117989343	SAMEA117989343	SAMEA117989343		ERR14837739	BEL	Belgium	2018-01-30	2018-01-30	2018-01-30	2018	1	1	day	True	PRJEB88325	ena_study_accession	targeted_belgium_france_public_inventory	historical_tree_anchor	focal_genome_observation	True	public_raw_reads_pending_uniform_qc	True	True	True			ptxP3/fim3-2	pending_new_phylogeny	Branch_IIb	ptxP3/fim3-2		ptxP3	fim3-2	23S_rRNA_1	False	1	2026-07-24	project_member_414_of_416_linked_identity_not_in_ENA_fields
BEL::SAMEA117989344	SAMEA117989344	SAMEA117989344		ERR14837740	BEL	Belgium	2018-02-07	2018-02-07	2018-02-07	2018	2	1	day	True	PRJEB88325	ena_study_accession	targeted_belgium_france_public_inventory	historical_tree_anchor	focal_genome_observation	True	public_raw_reads_pending_uniform_qc	True	True	True			MS-MT28	pending_new_phylogeny	Branch_IIb	ptxP3/fim3-1	MS-MT28	ptxP3	fim3-1	23S_rRNA_1	False	1	2026-07-24	project_member_414_of_416_linked_identity_not_in_ENA_fields
BEL::SAMEA117989345	SAMEA117989345	SAMEA117989345		ERR14837741	BEL	Belgium	2018-02-21	2018-02-21	2018-02-21	2018	2	1	day	True	PRJEB88325	ena_study_accession	targeted_belgium_france_public_inventory	historical_tree_anchor	focal_genome_observation	True	public_raw_reads_pending_uniform_qc	True	True	True			ptxP3/fim3-2	pending_new_phylogeny	Branch_IIb	ptxP3/fim3-2		ptxP3	fim3-2	23S_rRNA_1	False	1	2026-07-24	project_member_414_of_416_linked_identity_not_in_ENA_fields
BEL::SAMEA117989346	SAMEA117989346	SAMEA117989346		ERR14837742	BEL	Belgium	2018-02-27	2018-02-27	2018-02-27	2018	2	1	day	True	PRJEB88325	ena_study_accession	targeted_belgium_france_public_inventory	historical_tree_anchor	focal_genome_observation	True	public_raw_reads_pending_uniform_qc	True	True	True			ptxP3/fim3-1	pending_new_phylogeny	Branch_IIb	ptxP3/fim3-1		ptxP3		23S_rRNA_1	False	1	2026-07-24	project_member_414_of_416_linked_identity_not_in_ENA_fields
BEL::SAMEA117989347	SAMEA117989347	SAMEA117989347		ERR14837743	BEL	Belgium	2018-03-04	2018-03-04	2018-03-04	2018	3	1	day	True	PRJEB88325	ena_study_accession	targeted_belgium_france_public_inventory	historical_tree_anchor	focal_genome_observation	True	public_raw_reads_pending_uniform_qc	True	True	True			ptxP3/fim3-1	pending_new_phylogeny	Branch_IIb	ptxP3/fim3-1		ptxP3	fim3-1	23S_rRNA_1	False	1	2026-07-24	project_member_414_of_416_linked_identity_not_in_ENA_fields
BEL::SAMEA117989348	SAMEA117989348	SAMEA117989348		ERR14837744	BEL	Belgium	2018-02-27	2018-02-27	2018-02-27	2018	2	1	day	True	PRJEB88325	ena_study_accession	targeted_belgium_france_public_inventory	historical_tree_anchor	focal_genome_observation	True	public_raw_reads_pending_uniform_qc	True	True	True			ptxP3/fim3-1	pending_new_phylogeny	Branch_IIb	ptxP3/fim3-1		ptxP3	fim3-1	23S_rRNA_1	False	1	2026-07-24	project_member_414_of_416_linked_identity_not_in_ENA_fields
BEL::SAMEA117989349	SAMEA117989349	SAMEA117989349		ERR14837745	BEL	Belgium	2018-02-28	2018-02-28	2018-02-28	2018	2	1	day	True	PRJEB88325	ena_study_accession	targeted_belgium_france_public_inventory	historical_tree_anchor	focal_genome_observation	True	public_raw_reads_pending_uniform_qc	True	True	True			ptxP3/fim3-1	pending_new_phylogeny	Branch_IIb	ptxP3/fim3-1		ptxP3	fim3-1	23S_rRNA_1	False	1	2026-07-24	project_member_414_of_416_linked_identity_not_in_ENA_fields
BEL::SAMEA117989350	SAMEA117989350	SAMEA117989350		ERR14837746	BEL	Belgium	2018-03-15	2018-03-15	2018-03-15	2018	3	1	day	True	PRJEB88325	ena_study_accession	targeted_belgium_france_public_inventory	historical_tree_anchor	focal_genome_observation	True	public_raw_reads_pending_uniform_qc	True	True	True			ptxP3/fim3-1	pending_new_phylogeny	Branch_IIb	ptxP3/fim3-1		ptxP3	fim3-1	23S_rRNA_1	False	1	2026-07-24	project_member_414_of_416_linked_identity_not_in_ENA_fields
BEL::SAMEA117989351	SAMEA117989351	SAMEA117989351		ERR14837747	BEL	Belgium	2018-03-13	2018-03-13	2018-03-13	2018	3	1	day	True	PRJEB88325	ena_study_accession	targeted_belgium_france_public_inventory	historical_tree_anchor	focal_genome_observation	True	public_raw_reads_pending_uniform_qc	True	True	True			ptxP3/fim3-1	pending_new_phylogeny	Branch_IIb	ptxP3/fim3-1		ptxP3	fim3-4	23S_rRNA_1	False	1	2026-07-24	project_member_414_of_416_linked_identity_not_in_ENA_fields
BEL::SAMEA117989352	SAMEA117989352	SAMEA117989352		ERR14837748	BEL	Belgium	2018-03-17	2018-03-17	2018-03-17	2018	3	1	day	True	PRJEB88325	ena_study_accession	targeted_belgium_france_public_inventory	historical_tree_anchor	focal_genome_observation	True	public_raw_reads_pending_uniform_qc	True	True	True			ptxP3/fim3-1	pending_new_phylogeny	Branch_IIb	ptxP3/fim3-1		ptxP3		23S_rRNA_1	False	1	2026-07-24	project_member_414_of_416_linked_identity_not_in_ENA_fields
BEL::SAMEA117989353	SAMEA117989353	SAMEA117989353		ERR14837749	BEL	Belgium	2018-03-26	2018-03-26	2018-03-26	2018	3	1	day	True	PRJEB88325	ena_study_accession	targeted_belgium_france_public_inventory	historical_tree_anchor	focal_genome_observation	True	public_raw_reads_pending_uniform_qc	True	True	True			ptxP3/fim3-2	pending_new_phylogeny	Branch_IIb	ptxP3/fim3-2		ptxP3	fim3-2	23S_rRNA_1	False	1	2026-07-24	project_member_414_of_416_linked_identity_not_in_ENA_fields
BEL::SAMEA117989354	SAMEA117989354	SAMEA117989354		ERR14837750	BEL	Belgium	2018-03-26	2018-03-26	2018-03-26	2018	3	1	day	True	PRJEB88325	ena_study_accession	targeted_belgium_france_public_inventory	historical_tree_anchor	focal_genome_observation	True	public_raw_reads_pending_uniform_qc	True	True	True			ptxP3/fim3-1	pending_new_phylogeny	Branch_IIb	ptxP3/fim3-1		ptxP3	fim3-1	23S_rRNA_1	False	1	2026-07-24	project_member_414_of_416_linked_identity_not_in_ENA_fields
BEL::SAMEA117989355	SAMEA117989355	SAMEA117989355		ERR14837751	BEL	Belgium	2018-03-24	2018-03-24	2018-03-24	2018	3	1	day	True	PRJEB88325	ena_study_accession	targeted_belgium_france_public_inventory	historical_tree_anchor	focal_genome_observation	True	public_raw_reads_pending_uniform_qc	True	True	True			ptxP3/fim3-2	pending_new_phylogeny	Branch_IIb	ptxP3/fim3-2		ptxP3	fim3-2	23S_rRNA_1	False	1	2026-07-24	project_member_414_of_416_linked_identity_not_in_ENA_fields
BEL::SAMEA117989356	SAMEA117989356	SAMEA117989356		ERR14837752	BEL	Belgium	2018-03-27	2018-03-27	2018-03-27	2018	3	1	day	True	PRJEB88325	ena_study_accession	targeted_belgium_france_public_inventory	historical_tree_anchor	focal_genome_observation	True	public_raw_reads_pending_uniform_qc	True	True	True			ptxP3/fim3-1	pending_new_phylogeny	Branch_IIb	ptxP3/fim3-1		ptxP3	fim3-1	23S_rRNA_1	False	1	2026-07-24	project_member_414_of_416_linked_identity_not_in_ENA_fields
BEL::SAMEA117989357	SAMEA117989357	SAMEA117989357		ERR14837753	BEL	Belgium	2018-03-27	2018-03-27	2018-03-27	2018	3	1	day	True	PRJEB88325	ena_study_accession	targeted_belgium_france_public_inventory	historical_tree_anchor	focal_genome_observation	True	public_raw_reads_pending_uniform_qc	True	True	True			ptxP3/fim3-1	pending_new_phylogeny	Branch_IIb	ptxP3/fim3-1		ptxP3	fim3-1	23S_rRNA_1	False	1	2026-07-24	project_member_414_of_416_linked_identity_not_in_ENA_fields
BEL::SAMEA117989358	SAMEA117989358	SAMEA117989358		ERR14837754	BEL	Belgium	2018-03-29	2018-03-29	2018-03-29	2018	3	1	day	True	PRJEB88325	ena_study_accession	targeted_belgium_france_public_inventory	historical_tree_anchor	focal_genome_observation	True	public_raw_reads_pending_uniform_qc	True	True	True			ptxP3/fim3-1	pending_new_phylogeny	Branch_IIb	ptxP3/fim3-1		ptxP3	fim3-1	23S_rRNA_1	False	1	2026-07-24	project_member_414_of_416_linked_identity_not_in_ENA_fields
BEL::SAMEA117989359	SAMEA117989359	SAMEA117989359		ERR14837755	BEL	Belgium	2018-04-05	2018-04-05	2018-04-05	2018	4	2	day	True	PRJEB88325	ena_study_accession	targeted_belgium_france_public_inventory	historical_tree_anchor	focal_genome_observation	True	public_raw_reads_pending_uniform_qc	True	True	True			ptxP3/fim3-2	pending_new_phylogeny	Branch_IIb	ptxP3/fim3-2		ptxP3	fim3-2	23S_rRNA_1	False	1	2026-07-24	project_member_414_of_416_linked_identity_not_in_ENA_fields
BEL::SAMEA117989360	SAMEA117989360	SAMEA117989360		ERR14837756	BEL	Belgium	2018-04-09	2018-04-09	2018-04-09	2018	4	2	day	True	PRJEB88325	ena_study_accession	targeted_belgium_france_public_inventory	historical_tree_anchor	focal_genome_observation	True	public_raw_reads_pending_uniform_qc	True	True	True			ptxP3/fim3-1	pending_new_phylogeny	Branch_IIb	ptxP3/fim3-1		ptxP3	fim3-1	23S_rRNA_1	False	1	2026-07-24	project_member_414_of_416_linked_identity_not_in_ENA_fields
BEL::SAMEA117989361	SAMEA117989361	SAMEA117989361		ERR14837757	BEL	Belgium	2018-04-16	2018-04-16	2018-04-16	2018	4	2	day	True	PRJEB88325	ena_study_accession	targeted_belgium_france_public_inventory	historical_tree_anchor	focal_genome_observation	True	public_raw_reads_pending_uniform_qc	True	True	True			ptxP3/fim3-1	pending_new_phylogeny	Branch_IIb	ptxP3/fim3-1		ptxP3	fim3-1	23S_rRNA_1	False	1	2026-07-24	project_member_414_of_416_linked_identity_not_in_ENA_fields
BEL::SAMEA117989362	SAMEA117989362	SAMEA117989362		ERR14837758	BEL	Belgium	2018-04-13	2018-04-13	2018-04-13	2018	4	2	day	True	PRJEB88325	ena_study_accession	targeted_belgium_france_public_inventory	historical_tree_anchor	focal_genome_observation	True	public_raw_reads_pending_uniform_qc	True	True	True			ptxP3/fim3-2	pending_new_phylogeny	Branch_IIb	ptxP3/fim3-2		ptxP3	fim3-2	23S_rRNA_1	False	1	2026-07-24	project_member_414_of_416_linked_identity_not_in_ENA_fields
BEL::SAMEA117989363	SAMEA117989363	SAMEA117989363		ERR14837759	BEL	Belgium	2018-04-16	2018-04-16	2018-04-16	2018	4	2	day	True	PRJEB88325	ena_study_accession	targeted_belgium_france_public_inventory	historical_tree_anchor	focal_genome_observation	True	public_raw_reads_pending_uniform_qc	True	True	True			ptxP3/fim3-1	pending_new_phylogeny	Branch_IIb	ptxP3/fim3-1		ptxP3	fim3-1	23S_rRNA_1	False	1	2026-07-24	project_member_414_of_416_linked_identity_not_in_ENA_fields
BEL::SAMEA117989364	SAMEA117989364	SAMEA117989364		ERR14837760	BEL	Belgium	2018-04-17	2018-04-17	2018-04-17	2018	4	2	day	True	PRJEB88325	ena_study_accession	targeted_belgium_france_public_inventory	historical_tree_anchor	focal_genome_observation	True	public_raw_reads_pending_uniform_qc	True	True	True			ptxP3/fim3-2	pending_new_phylogeny	Branch_IIb	ptxP3/fim3-2		ptxP3	fim3-2	23S_rRNA_1	False	1	2026-07-24	project_member_414_of_416_linked_identity_not_in_ENA_fields
BEL::SAMEA117989365	SAMEA117989365	SAMEA117989365		ERR14837761	BEL	Belgium	2018-04-22	2018-04-22	2018-04-22	2018	4	2	day	True	PRJEB88325	ena_study_accession	targeted_belgium_france_public_inventory	historical_tree_anchor	focal_genome_observation	True	public_raw_reads_pending_uniform_qc	True	True	True			ptxP3/fim3-1	pending_new_phylogeny	Branch_IIb	ptxP3/fim3-1		ptxP3	fim3-1	23S_rRNA_1	False	1	2026-07-24	project_member_414_of_416_linked_identity_not_in_ENA_fields
BEL::SAMEA117989366	SAMEA117989366	SAMEA117989366		ERR14837762	BEL	Belgium	2018-04-25	2018-04-25	2018-04-25	2018	4	2	day	True	PRJEB88325	ena_study_accession	targeted_belgium_france_public_inventory	historical_tree_anchor	focal_genome_observation	True	public_raw_reads_pending_uniform_qc	True	True	True			ptxP3/fim3-1	pending_new_phylogeny	Branch_IIb	ptxP3/fim3-1		ptxP3	fim3-1	23S_rRNA_1	False	1	2026-07-24	project_member_414_of_416_linked_identity_not_in_ENA_fields
BEL::SAMEA117989367	SAMEA117989367	SAMEA117989367		ERR14837763	BEL	Belgium	2018-04-26	2018-04-26	2018-04-26	2018	4	2	day	True	PRJEB88325	ena_study_accession	targeted_belgium_france_public_inventory	historical_tree_anchor	focal_genome_observation	True	public_raw_reads_pending_uniform_qc	True	True	True			ptxP3/fim3-1	pending_new_phylogeny	Branch_IIb	ptxP3/fim3-1		ptxP3	fim3-1	23S_rRNA_1	False	1	2026-07-24	project_member_414_of_416_linked_identity_not_in_ENA_fields
BEL::SAMEA117989368	SAMEA117989368	SAMEA117989368		ERR14837764	BEL	Belgium	2018-04-30	2018-04-30	2018-04-30	2018	4	2	day	True	PRJEB88325	ena_study_accession	targeted_belgium_france_public_inventory	historical_tree_anchor	focal_genome_observation	True	public_raw_reads_pending_uniform_qc	True	True	True			ptxP3/fim3-1	pending_new_phylogeny	Branch_IIb	ptxP3/fim3-1		ptxP3	fim3-4	23S_rRNA_1	False	1	2026-07-24	project_member_414_of_416_linked_identity_not_in_ENA_fields
BEL::SAMEA117989369	SAMEA117989369	SAMEA117989369		ERR14837765	BEL	Belgium	2018-04-30	2018-04-30	2018-04-30	2018	4	2	day	True	PRJEB88325	ena_study_accession	targeted_belgium_france_public_inventory	historical_tree_anchor	focal_genome_observation	True	public_raw_reads_pending_uniform_qc	True	True	True			ptxP3/fim3-2	pending_new_phylogeny	Branch_IIb	ptxP3/fim3-2		ptxP3		23S_rRNA_1	False	1	2026-07-24	project_member_414_of_416_linked_identity_not_in_ENA_fields
BEL::SAMEA117989370	SAMEA117989370	SAMEA117989370		ERR14837766	BEL	Belgium	2018-05-03	2018-05-03	2018-05-03	2018	5	2	day	True	PRJEB88325	ena_study_accession	targeted_belgium_france_public_inventory	historical_tree_anchor	focal_genome_observation	True	public_raw_reads_pending_uniform_qc	True	True	True			ptxP3/fim3-1	pending_new_phylogeny	Branch_IIb	ptxP3/fim3-1		ptxP3	fim3-1	23S_rRNA_1	False	1	2026-07-24	project_member_414_of_416_linked_identity_not_in_ENA_fields
BEL::SAMEA117989371	SAMEA117989371	SAMEA117989371		ERR14837767	BEL	Belgium	2018-05-04	2018-05-04	2018-05-04	2018	5	2	day	True	PRJEB88325	ena_study_accession	targeted_belgium_france_public_inventory	historical_tree_anchor	focal_genome_observation	True	public_raw_reads_pending_uniform_qc	True	True	True			ptxP3/fim3-1	pending_new_phylogeny	Branch_IIb	ptxP3/fim3-1		ptxP3	fim3-1	23S_rRNA_1	False	1	2026-07-24	project_member_414_of_416_linked_identity_not_in_ENA_fields
BEL::SAMEA117989372	SAMEA117989372	SAMEA117989372		ERR14837768	BEL	Belgium	2018-05-12	2018-05-12	2018-05-12	2018	5	2	day	True	PRJEB88325	ena_study_accession	targeted_belgium_france_public_inventory	historical_tree_anchor	focal_genome_observation	True	public_raw_reads_pending_uniform_qc	True	True	True			ptxP3/fim3-1	pending_new_phylogeny	Branch_IIb	ptxP3/fim3-1		ptxP3	fim3-1	23S_rRNA_1	False	1	2026-07-24	project_member_414_of_416_linked_identity_not_in_ENA_fields
BEL::SAMEA117989373	SAMEA117989373	SAMEA117989373		ERR14837769	BEL	Belgium	2018-05-11	2018-05-11	2018-05-11	2018	5	2	day	True	PRJEB88325	ena_study_accession	targeted_belgium_france_public_inventory	historical_tree_anchor	focal_genome_observation	True	public_raw_reads_pending_uniform_qc	True	True	True			ptxP3/fim3-1	pending_new_phylogeny	Branch_IIb	ptxP3/fim3-1		ptxP3	fim3-1	23S_rRNA_1	False	1	2026-07-24	project_member_414_of_416_linked_identity_not_in_ENA_fields
BEL::SAMEA117989374	SAMEA117989374	SAMEA117989374		ERR14837770	BEL	Belgium	2018-05-22	2018-05-22	2018-05-22	2018	5	2	day	True	PRJEB88325	ena_study_accession	targeted_belgium_france_public_inventory	historical_tree_anchor	focal_genome_observation	True	public_raw_reads_pending_uniform_qc	True	True	True			ptxP3/fim3-1	pending_new_phylogeny	Branch_IIb	ptxP3/fim3-1		ptxP3	fim3-1	23S_rRNA_1	False	1	2026-07-24	project_member_414_of_416_linked_identity_not_in_ENA_fields
BEL::SAMEA117989375	SAMEA117989375	SAMEA117989375		ERR14837771	BEL	Belgium	2018-05-23	2018-05-23	2018-05-23	2018	5	2	day	True	PRJEB88325	ena_study_accession	targeted_belgium_france_public_inventory	historical_tree_anchor	focal_genome_observation	True	public_raw_reads_pending_uniform_qc	True	True	True			ptxP3/fim3-1	pending_new_phylogeny	Branch_IIb	ptxP3/fim3-1		ptxP3	fim3-1	23S_rRNA_1	False	1	2026-07-24	project_member_414_of_416_linked_identity_not_in_ENA_fields
BEL::SAMEA117989376	SAMEA117989376	SAMEA117989376		ERR14837772	BEL	Belgium	2018-05-29	2018-05-29	2018-05-29	2018	5	2	day	True	PRJEB88325	ena_study_accession	targeted_belgium_france_public_inventory	historical_tree_anchor	focal_genome_observation	True	public_raw_reads_pending_uniform_qc	True	True	True			ptxP3/fim3-2	pending_new_phylogeny	Branch_IIb	ptxP3/fim3-2		ptxP3	fim3-2	23S_rRNA_1	False	1	2026-07-24	project_member_414_of_416_linked_identity_not_in_ENA_fields
BEL::SAMEA117989377	SAMEA117989377	SAMEA117989377		ERR14837773	BEL	Belgium	2018-05-24	2018-05-24	2018-05-24	2018	5	2	day	True	PRJEB88325	ena_study_accession	targeted_belgium_france_public_inventory	historical_tree_anchor	focal_genome_observation	True	public_raw_reads_pending_uniform_qc	True	True	True			ptxP3/fim3-2	pending_new_phylogeny	Branch_IIb	ptxP3/fim3-2		ptxP3	fim3-2	23S_rRNA_1	False	1	2026-07-24	project_member_414_of_416_linked_identity_not_in_ENA_fields
BEL::SAMEA117989378	SAMEA117989378	SAMEA117989378		ERR14837774	BEL	Belgium	2018-05-31	2018-05-31	2018-05-31	2018	5	2	day	True	PRJEB88325	ena_study_accession	targeted_belgium_france_public_inventory	historical_tree_anchor	focal_genome_observation	True	public_raw_reads_pending_uniform_qc	True	True	True			ptxP3/fim3-1	pending_new_phylogeny	Branch_IIb	ptxP3/fim3-1		ptxP3	fim3-1	23S_rRNA_1	False	1	2026-07-24	project_member_414_of_416_linked_identity_not_in_ENA_fields
BEL::SAMEA117989379	SAMEA117989379	SAMEA117989379		ERR14837775	BEL	Belgium	2018-06-01	2018-06-01	2018-06-01	2018	6	2	day	True	PRJEB88325	ena_study_accession	targeted_belgium_france_public_inventory	historical_tree_anchor	focal_genome_observation	True	public_raw_reads_pending_uniform_qc	True	True	True			ptxP3/fim3-1	pending_new_phylogeny	Branch_IIb	ptxP3/fim3-1		ptxP3	fim3-1	23S_rRNA_1	False	1	2026-07-24	project_member_414_of_416_linked_identity_not_in_ENA_fields
BEL::SAMEA117989380	SAMEA117989380	SAMEA117989380		ERR14837776	BEL	Belgium	2018-06-05	2018-06-05	2018-06-05	2018	6	2	day	True	PRJEB88325	ena_study_accession	targeted_belgium_france_public_inventory	historical_tree_anchor	focal_genome_observation	True	public_raw_reads_pending_uniform_qc	True	True	True			ptxP3/fim3-1	pending_new_phylogeny	Branch_IIb	ptxP3/fim3-1		ptxP3	fim3-1	23S_rRNA_1	False	1	2026-07-24	project_member_414_of_416_linked_identity_not_in_ENA_fields
BEL::SAMEA117989381	SAMEA117989381	SAMEA117989381		ERR14837777	BEL	Belgium	2018-06-09	2018-06-09	2018-06-09	2018	6	2	day	True	PRJEB88325	ena_study_accession	targeted_belgium_france_public_inventory	historical_tree_anchor	focal_genome_observation	True	public_raw_reads_pending_uniform_qc	True	True	True			ptxP3/fim3-1	pending_new_phylogeny	Branch_IIb	ptxP3/fim3-1		ptxP3	fim3-1	23S_rRNA_1	False	1	2026-07-24	project_member_414_of_416_linked_identity_not_in_ENA_fields
BEL::SAMEA117989382	SAMEA117989382	SAMEA117989382		ERR14837778	BEL	Belgium	2018-06-11	2018-06-11	2018-06-11	2018	6	2	day	True	PRJEB88325	ena_study_accession	targeted_belgium_france_public_inventory	historical_tree_anchor	focal_genome_observation	True	public_raw_reads_pending_uniform_qc	True	True	True			ptxP3/fim3-1	pending_new_phylogeny	Branch_IIb	ptxP3/fim3-1		ptxP3		23S_rRNA_1	False	1	2026-07-24	project_member_414_of_416_linked_identity_not_in_ENA_fields
BEL::SAMEA117989383	SAMEA117989383	SAMEA117989383		ERR14837779	BEL	Belgium	2018-06-13	2018-06-13	2018-06-13	2018	6	2	day	True	PRJEB88325	ena_study_accession	targeted_belgium_france_public_inventory	historical_tree_anchor	focal_genome_observation	True	public_raw_reads_pending_uniform_qc	True	True	True			ptxP3/fim3-1	pending_new_phylogeny	Branch_IIb	ptxP3/fim3-1		ptxP3	fim3-4	23S_rRNA_1	False	1	2026-07-24	project_member_414_of_416_linked_identity_not_in_ENA_fields
BEL::SAMEA117989384	SAMEA117989384	SAMEA117989384		ERR14837780	BEL	Belgium	2018-06-18	2018-06-18	2018-06-18	2018	6	2	day	True	PRJEB88325	ena_study_accession	targeted_belgium_france_public_inventory	historical_tree_anchor	focal_genome_observation	True	public_raw_reads_pending_uniform_qc	True	True	True			ptxP3/fim3-1	pending_new_phylogeny	Branch_IIb	ptxP3/fim3-1		ptxP3	fim3-1	23S_rRNA_1	False	1	2026-07-24	project_member_414_of_416_linked_identity_not_in_ENA_fields
BEL::SAMEA117989385	SAMEA117989385	SAMEA117989385		ERR14837781	BEL	Belgium	2018-06-20	2018-06-20	2018-06-20	2018	6	2	day	True	PRJEB88325	ena_study_accession	targeted_belgium_france_public_inventory	historical_tree_anchor	focal_genome_observation	True	public_raw_reads_pending_uniform_qc	True	True	True			ptxP3/fim3-2	pending_new_phylogeny	Branch_IIb	ptxP3/fim3-2		ptxP3	fim3-2	23S_rRNA_1	False	1	2026-07-24	project_member_414_of_416_linked_identity_not_in_ENA_fields
BEL::SAMEA117989386	SAMEA117989386	SAMEA117989386		ERR14837782	BEL	Belgium	2018-06-21	2018-06-21	2018-06-21	2018	6	2	day	True	PRJEB88325	ena_study_accession	targeted_belgium_france_public_inventory	historical_tree_anchor	focal_genome_observation	True	public_raw_reads_pending_uniform_qc	True	True	True			ptxP3/fim3-1	pending_new_phylogeny	Branch_IIb	ptxP3/fim3-1		ptxP3	fim3-1	23S_rRNA_1	False	1	2026-07-24	project_member_414_of_416_linked_identity_not_in_ENA_fields
BEL::SAMEA117989387	SAMEA117989387	SAMEA117989387		ERR14837783	BEL	Belgium	2018-06-27	2018-06-27	2018-06-27	2018	6	2	day	True	PRJEB88325	ena_study_accession	targeted_belgium_france_public_inventory	historical_tree_anchor	focal_genome_observation	True	public_raw_reads_pending_uniform_qc	True	True	True			ptxP3/fim3-2	pending_new_phylogeny	Branch_IIb	ptxP3/fim3-2		ptxP3	fim3-2	23S_rRNA_1	False	1	2026-07-24	project_member_414_of_416_linked_identity_not_in_ENA_fields
BEL::SAMEA117989388	SAMEA117989388	SAMEA117989388		ERR14837784	BEL	Belgium	2018-06-25	2018-06-25	2018-06-25	2018	6	2	day	True	PRJEB88325	ena_study_accession	targeted_belgium_france_public_inventory	historical_tree_anchor	focal_genome_observation	True	public_raw_reads_pending_uniform_qc	True	True	True			ptxP3/fim3-1	pending_new_phylogeny	Branch_IIb	ptxP3/fim3-1		ptxP3	fim3-27	23S_rRNA_1	False	1	2026-07-24	project_member_414_of_416_linked_identity_not_in_ENA_fields
BEL::SAMEA117989389	SAMEA117989389	SAMEA117989389		ERR14837785	BEL	Belgium	2018-07-01	2018-07-01	2018-07-01	2018	7	3	day	True	PRJEB88325	ena_study_accession	targeted_belgium_france_public_inventory	historical_tree_anchor	focal_genome_observation	True	public_raw_reads_pending_uniform_qc	True	True	True			ptxP3/fim3-1	pending_new_phylogeny	Branch_IIb	ptxP3/fim3-1		ptxP3	fim3-1	23S_rRNA_1	False	1	2026-07-24	project_member_414_of_416_linked_identity_not_in_ENA_fields
BEL::SAMEA117989390	SAMEA117989390	SAMEA117989390		ERR14837786	BEL	Belgium	2018-07-03	2018-07-03	2018-07-03	2018	7	3	day	True	PRJEB88325	ena_study_accession	targeted_belgium_france_public_inventory	historical_tree_anchor	focal_genome_observation	True	public_raw_reads_pending_uniform_qc	True	True	True			ptxP3/fim3-1	pending_new_phylogeny	Branch_IIb	ptxP3/fim3-1		ptxP3	fim3-1	23S_rRNA_1	False	1	2026-07-24	project_member_414_of_416_linked_identity_not_in_ENA_fields
BEL::SAMEA117989391	SAMEA117989391	SAMEA117989391		ERR14837787	BEL	Belgium	2018-07-04	2018-07-04	2018-07-04	2018	7	3	day	True	PRJEB88325	ena_study_accession	targeted_belgium_france_public_inventory	historical_tree_anchor	focal_genome_observation	True	public_raw_reads_pending_uniform_qc	True	True	True			ptxP3/fim3-1	pending_new_phylogeny	Branch_IIb	ptxP3/fim3-1		ptxP3	fim3-1	23S_rRNA_1	False	1	2026-07-24	project_member_414_of_416_linked_identity_not_in_ENA_fields
BEL::SAMEA117989392	SAMEA117989392	SAMEA117989392		ERR14837788	BEL	Belgium	2018-07-04	2018-07-04	2018-07-04	2018	7	3	day	True	PRJEB88325	ena_study_accession	targeted_belgium_france_public_inventory	historical_tree_anchor	focal_genome_observation	True	public_raw_reads_pending_uniform_qc	True	True	True			ptxP3/fim3-1	pending_new_phylogeny	Branch_IIb	ptxP3/fim3-1		ptxP3	fim3-1	23S_rRNA_1	False	1	2026-07-24	project_member_414_of_416_linked_identity_not_in_ENA_fields
BEL::SAMEA117989393	SAMEA117989393	SAMEA117989393		ERR14837789	BEL	Belgium	2018-07-11	2018-07-11	2018-07-11	2018	7	3	day	True	PRJEB88325	ena_study_accession	targeted_belgium_france_public_inventory	historical_tree_anchor	focal_genome_observation	True	public_raw_reads_pending_uniform_qc	True	True	True			ptxP3/fim3-1	pending_new_phylogeny	Branch_IIb	ptxP3/fim3-1		ptxP3	fim3-1	23S_rRNA_1	False	1	2026-07-24	project_member_414_of_416_linked_identity_not_in_ENA_fields
BEL::SAMEA117989394	SAMEA117989394	SAMEA117989394		ERR14837790	BEL	Belgium	2018-07-13	2018-07-13	2018-07-13	2018	7	3	day	True	PRJEB88325	ena_study_accession	targeted_belgium_france_public_inventory	historical_tree_anchor	focal_genome_observation	True	public_raw_reads_pending_uniform_qc	True	True	True			ptxP3/fim3-1	pending_new_phylogeny	Branch_IIb	ptxP3/fim3-1		ptxP3	fim3-1	23S_rRNA_1	False	1	2026-07-24	project_member_414_of_416_linked_identity_not_in_ENA_fields
BEL::SAMEA117989395	SAMEA117989395	SAMEA117989395		ERR14837791	BEL	Belgium	2018-07-13	2018-07-13	2018-07-13	2018	7	3	day	True	PRJEB88325	ena_study_accession	targeted_belgium_france_public_inventory	historical_tree_anchor	focal_genome_observation	True	public_raw_reads_pending_uniform_qc	True	True	True			ptxP3/fim3-1	pending_new_phylogeny	Branch_IIb	ptxP3/fim3-1		ptxP3	fim3-1	23S_rRNA_18	False	1	2026-07-24	project_member_414_of_416_linked_identity_not_in_ENA_fields
BEL::SAMEA117989396	SAMEA117989396	SAMEA117989396		ERR14837792	BEL	Belgium	2018-07-18	2018-07-18	2018-07-18	2018	7	3	day	True	PRJEB88325	ena_study_accession	targeted_belgium_france_public_inventory	historical_tree_anchor	focal_genome_observation	True	public_raw_reads_pending_uniform_qc	True	True	True			ptxP3/fim3-1	pending_new_phylogeny	Branch_IIb	ptxP3/fim3-1		ptxP3		23S_rRNA_1	False	1	2026-07-24	project_member_414_of_416_linked_identity_not_in_ENA_fields
BEL::SAMEA117989397	SAMEA117989397	SAMEA117989397		ERR14837793	BEL	Belgium	2018-07-11	2018-07-11	2018-07-11	2018	7	3	day	True	PRJEB88325	ena_study_accession	targeted_belgium_france_public_inventory	historical_tree_anchor	focal_genome_observation	True	public_raw_reads_pending_uniform_qc	True	True	True			ptxP3/fim3-2	pending_new_phylogeny	Branch_IIb	ptxP3/fim3-2		ptxP3	fim3-2	23S_rRNA_1	False	1	2026-07-24	project_member_414_of_416_linked_identity_not_in_ENA_fields
BEL::SAMEA117989398	SAMEA117989398	SAMEA117989398		ERR14837794	BEL	Belgium	2018-07-25	2018-07-25	2018-07-25	2018	7	3	day	True	PRJEB88325	ena_study_accession	targeted_belgium_france_public_inventory	historical_tree_anchor	focal_genome_observation	True	public_raw_reads_pending_uniform_qc	True	True	True			ptxP3/fim3-1	pending_new_phylogeny	Branch_IIb	ptxP3/fim3-1		ptxP3	fim3-1	23S_rRNA_1	False	1	2026-07-24	project_member_414_of_416_linked_identity_not_in_ENA_fields
BEL::SAMEA117989399	SAMEA117989399	SAMEA117989399		ERR14837795	BEL	Belgium	2018-08-01	2018-08-01	2018-08-01	2018	8	3	day	True	PRJEB88325	ena_study_accession	targeted_belgium_france_public_inventory	historical_tree_anchor	focal_genome_observation	True	public_raw_reads_pending_uniform_qc	True	True	True			ptxP3/fim3-1	pending_new_phylogeny	Branch_IIb	ptxP3/fim3-1		ptxP3	fim3-1	23S_rRNA_1	False	1	2026-07-24	project_member_414_of_416_linked_identity_not_in_ENA_fields
BEL::SAMEA117989400	SAMEA117989400	SAMEA117989400		ERR14837796	BEL	Belgium	2018-07-30	2018-07-30	2018-07-30	2018	7	3	day	True	PRJEB88325	ena_study_accession	targeted_belgium_france_public_inventory	historical_tree_anchor	focal_genome_observation	True	public_raw_reads_pending_uniform_qc	True	True	True			ptxP3/fim3-1	pending_new_phylogeny	Branch_IIb	ptxP3/fim3-1		ptxP3	fim3-1	23S_rRNA_1	False	1	2026-07-24	project_member_414_of_416_linked_identity_not_in_ENA_fields
BEL::SAMEA117989401	SAMEA117989401	SAMEA117989401		ERR14837797	BEL	Belgium	2018-08-06	2018-08-06	2018-08-06	2018	8	3	day	True	PRJEB88325	ena_study_accession	targeted_belgium_france_public_inventory	historical_tree_anchor	focal_genome_observation	True	public_raw_reads_pending_uniform_qc	True	True	True			ptxP3/fim3-1	pending_new_phylogeny	Branch_IIb	ptxP3/fim3-1		ptxP3	fim3-1	23S_rRNA_1	False	1	2026-07-24	project_member_414_of_416_linked_identity_not_in_ENA_fields
BEL::SAMEA117989402	SAMEA117989402	SAMEA117989402		ERR14837798	BEL	Belgium	2018-08-01	2018-08-01	2018-08-01	2018	8	3	day	True	PRJEB88325	ena_study_accession	targeted_belgium_france_public_inventory	historical_tree_anchor	focal_genome_observation	True	public_raw_reads_pending_uniform_qc	True	True	True			ptxP3/fim3-1	pending_new_phylogeny	Branch_IIb	ptxP3/fim3-1		ptxP3	fim3-1	23S_rRNA_1	False	1	2026-07-24	project_member_414_of_416_linked_identity_not_in_ENA_fields
BEL::SAMEA117989403	SAMEA117989403	SAMEA117989403		ERR14837799	BEL	Belgium	2018-08-08	2018-08-08	2018-08-08	2018	8	3	day	True	PRJEB88325	ena_study_accession	targeted_belgium_france_public_inventory	historical_tree_anchor	focal_genome_observation	True	public_raw_reads_pending_uniform_qc	True	True	True			ptxP3/fim3-1	pending_new_phylogeny	Branch_IIb	ptxP3/fim3-1		ptxP3	fim3-1	23S_rRNA_1	False	1	2026-07-24	project_member_414_of_416_linked_identity_not_in_ENA_fields
BEL::SAMEA117989404	SAMEA117989404	SAMEA117989404		ERR14837800	BEL	Belgium	2018-08-09	2018-08-09	2018-08-09	2018	8	3	day	True	PRJEB88325	ena_study_accession	targeted_belgium_france_public_inventory	historical_tree_anchor	focal_genome_observation	True	public_raw_reads_pending_uniform_qc	True	True	True			ptxP3/fim3-1	pending_new_phylogeny	Branch_IIb	ptxP3/fim3-1		ptxP3	fim3-27	23S_rRNA_1	False	1	2026-07-24	project_member_414_of_416_linked_identity_not_in_ENA_fields
BEL::SAMEA117989405	SAMEA117989405	SAMEA117989405		ERR14837801	BEL	Belgium	2018-08-08	2018-08-08	2018-08-08	2018	8	3	day	True	PRJEB88325	ena_study_accession	targeted_belgium_france_public_inventory	historical_tree_anchor	focal_genome_observation	True	public_raw_reads_pending_uniform_qc	True	True	True			ptxP3/fim3-1	pending_new_phylogeny	Branch_IIb	ptxP3/fim3-1		ptxP3	fim3-1	23S_rRNA_1	False	1	2026-07-24	project_member_414_of_416_linked_identity_not_in_ENA_fields
BEL::SAMEA117989406	SAMEA117989406	SAMEA117989406		ERR14837802	BEL	Belgium	2018-08-08	2018-08-08	2018-08-08	2018	8	3	day	True	PRJEB88325	ena_study_accession	targeted_belgium_france_public_inventory	historical_tree_anchor	focal_genome_observation	True	public_raw_reads_pending_uniform_qc	True	True	True			ptxP3/fim3-2	pending_new_phylogeny	Branch_IIb	ptxP3/fim3-2		ptxP3	fim3-2	23S_rRNA_1	False	1	2026-07-24	project_member_414_of_416_linked_identity_not_in_ENA_fields
BEL::SAMEA117989407	SAMEA117989407	SAMEA117989407		ERR14837803	BEL	Belgium	2018-08-13	2018-08-13	2018-08-13	2018	8	3	day	True	PRJEB88325	ena_study_accession	targeted_belgium_france_public_inventory	historical_tree_anchor	focal_genome_observation	True	public_raw_reads_pending_uniform_qc	True	True	True			ptxP3/fim3-1	pending_new_phylogeny	Branch_IIb	ptxP3/fim3-1		ptxP3	fim3-1	23S_rRNA_1	False	1	2026-07-24	project_member_414_of_416_linked_identity_not_in_ENA_fields
BEL::SAMEA117989408	SAMEA117989408	SAMEA117989408		ERR14837804	BEL	Belgium	2018-08-22	2018-08-22	2018-08-22	2018	8	3	day	True	PRJEB88325	ena_study_accession	targeted_belgium_france_public_inventory	historical_tree_anchor	focal_genome_observation	True	public_raw_reads_pending_uniform_qc	True	True	True			ptxP3/fim3-2	pending_new_phylogeny	Branch_IIb	ptxP3/fim3-2		ptxP3	fim3-2	23S_rRNA_1	False	1	2026-07-24	project_member_414_of_416_linked_identity_not_in_ENA_fields
BEL::SAMEA117989409	SAMEA117989409	SAMEA117989409		ERR14837805	BEL	Belgium	2018-08-17	2018-08-17	2018-08-17	2018	8	3	day	True	PRJEB88325	ena_study_accession	targeted_belgium_france_public_inventory	historical_tree_anchor	focal_genome_observation	True	public_raw_reads_pending_uniform_qc	True	True	True			ptxP3/fim3-1	pending_new_phylogeny	Branch_IIb	ptxP3/fim3-1		ptxP3	fim3-1	23S_rRNA_1	False	1	2026-07-24	project_member_414_of_416_linked_identity_not_in_ENA_fields
BEL::SAMEA117989410	SAMEA117989410	SAMEA117989410		ERR14837806	BEL	Belgium	2018-08-27	2018-08-27	2018-08-27	2018	8	3	day	True	PRJEB88325	ena_study_accession	targeted_belgium_france_public_inventory	historical_tree_anchor	focal_genome_observation	True	public_raw_reads_pending_uniform_qc	True	True	True			ptxP3/fim3-2	pending_new_phylogeny	Branch_IIb	ptxP3/fim3-2		ptxP3	fim3-2	23S_rRNA_1	False	1	2026-07-24	project_member_414_of_416_linked_identity_not_in_ENA_fields
BEL::SAMEA117989411	SAMEA117989411	SAMEA117989411		ERR14837807	BEL	Belgium	2018-08-25	2018-08-25	2018-08-25	2018	8	3	day	True	PRJEB88325	ena_study_accession	targeted_belgium_france_public_inventory	historical_tree_anchor	focal_genome_observation	True	public_raw_reads_pending_uniform_qc	True	True	True			ptxP3/fim3-1	pending_new_phylogeny	Branch_IIb	ptxP3/fim3-1		ptxP3	fim3-1	23S_rRNA_1	False	1	2026-07-24	project_member_414_of_416_linked_identity_not_in_ENA_fields
BEL::SAMEA117989412	SAMEA117989412	SAMEA117989412		ERR14837808	BEL	Belgium	2018-08-27	2018-08-27	2018-08-27	2018	8	3	day	True	PRJEB88325	ena_study_accession	targeted_belgium_france_public_inventory	historical_tree_anchor	focal_genome_observation	True	public_raw_reads_pending_uniform_qc	True	True	True			ptxP3/fim3-1	pending_new_phylogeny	Branch_IIb	ptxP3/fim3-1		ptxP3	fim3-1	23S_rRNA_1	False	1	2026-07-24	project_member_414_of_416_linked_identity_not_in_ENA_fields
BEL::SAMEA117989413	SAMEA117989413	SAMEA117989413		ERR14837809	BEL	Belgium	2018-09-10	2018-09-10	2018-09-10	2018	9	3	day	True	PRJEB88325	ena_study_accession	targeted_belgium_france_public_inventory	historical_tree_anchor	focal_genome_observation	True	public_raw_reads_pending_uniform_qc	True	True	True			ptxP3/fim3-1	pending_new_phylogeny	Branch_IIb	ptxP3/fim3-1		ptxP3	fim3-1	23S_rRNA_1	False	1	2026-07-24	project_member_414_of_416_linked_identity_not_in_ENA_fields
BEL::SAMEA117989414	SAMEA117989414	SAMEA117989414		ERR14837810	BEL	Belgium	2018-09-07	2018-09-07	2018-09-07	2018	9	3	day	True	PRJEB88325	ena_study_accession	targeted_belgium_france_public_inventory	historical_tree_anchor	focal_genome_observation	True	public_raw_reads_pending_uniform_qc	True	True	True			ptxP3/fim3-2	pending_new_phylogeny	Branch_IIb	ptxP3/fim3-2		ptxP3	fim3-2	23S_rRNA_1	False	1	2026-07-24	project_member_414_of_416_linked_identity_not_in_ENA_fields
BEL::SAMEA117989415	SAMEA117989415	SAMEA117989415		ERR14837811	BEL	Belgium	2018-09-04	2018-09-04	2018-09-04	2018	9	3	day	True	PRJEB88325	ena_study_accession	targeted_belgium_france_public_inventory	historical_tree_anchor	focal_genome_observation	True	public_raw_reads_pending_uniform_qc	True	True	True			ptxP3/fim3-2	pending_new_phylogeny	Branch_IIb	ptxP3/fim3-2		ptxP3	fim3-2	23S_rRNA_1	False	1	2026-07-24	project_member_414_of_416_linked_identity_not_in_ENA_fields
BEL::SAMEA117989416	SAMEA117989416	SAMEA117989416		ERR14837812	BEL	Belgium	2018-09-08	2018-09-08	2018-09-08	2018	9	3	day	True	PRJEB88325	ena_study_accession	targeted_belgium_france_public_inventory	historical_tree_anchor	focal_genome_observation	True	public_raw_reads_pending_uniform_qc	True	True	True			ptxP3/fim3-2	pending_new_phylogeny	Branch_IIb	ptxP3/fim3-2		ptxP3	fim3-2	23S_rRNA_1	False	1	2026-07-24	project_member_414_of_416_linked_identity_not_in_ENA_fields
BEL::SAMEA117989417	SAMEA117989417	SAMEA117989417		ERR14837813	BEL	Belgium	2018-09-07	2018-09-07	2018-09-07	2018	9	3	day	True	PRJEB88325	ena_study_accession	targeted_belgium_france_public_inventory	historical_tree_anchor	focal_genome_observation	True	public_raw_reads_pending_uniform_qc	True	True	True			ptxP3/fim3-2	pending_new_phylogeny	Branch_IIb	ptxP3/fim3-2		ptxP3	fim3-2	23S_rRNA_1	False	1	2026-07-24	project_member_414_of_416_linked_identity_not_in_ENA_fields
BEL::SAMEA117989418	SAMEA117989418	SAMEA117989418		ERR14837814	BEL	Belgium	2018-09-13	2018-09-13	2018-09-13	2018	9	3	day	True	PRJEB88325	ena_study_accession	targeted_belgium_france_public_inventory	historical_tree_anchor	focal_genome_observation	True	public_raw_reads_pending_uniform_qc	True	True	True			ptxP3/fim3-2	pending_new_phylogeny	Branch_IIb	ptxP3/fim3-2		ptxP3	fim3-2	23S_rRNA_1	False	1	2026-07-24	project_member_414_of_416_linked_identity_not_in_ENA_fields
BEL::SAMEA117989419	SAMEA117989419	SAMEA117989419		ERR14837815	BEL	Belgium	2018-09-10	2018-09-10	2018-09-10	2018	9	3	day	True	PRJEB88325	ena_study_accession	targeted_belgium_france_public_inventory	historical_tree_anchor	focal_genome_observation	True	public_raw_reads_pending_uniform_qc	True	True	True			ptxP3/fim3-1	pending_new_phylogeny	Branch_IIb	ptxP3/fim3-1		ptxP3	fim3-27	23S_rRNA_1	False	1	2026-07-24	project_member_414_of_416_linked_identity_not_in_ENA_fields
BEL::SAMEA117989420	SAMEA117989420	SAMEA117989420		ERR14837816	BEL	Belgium	2018-09-13	2018-09-13	2018-09-13	2018	9	3	day	True	PRJEB88325	ena_study_accession	targeted_belgium_france_public_inventory	historical_tree_anchor	focal_genome_observation	True	public_raw_reads_pending_uniform_qc	True	True	True			ptxP3/fim3-1	pending_new_phylogeny	Branch_IIb	ptxP3/fim3-1		ptxP3	fim3-1	23S_rRNA_1	False	1	2026-07-24	project_member_414_of_416_linked_identity_not_in_ENA_fields
BEL::SAMEA117989421	SAMEA117989421	SAMEA117989421		ERR14837817	BEL	Belgium	2018-09-22	2018-09-22	2018-09-22	2018	9	3	day	True	PRJEB88325	ena_study_accession	targeted_belgium_france_public_inventory	historical_tree_anchor	focal_genome_observation	True	public_raw_reads_pending_uniform_qc	True	True	True			ptxP3/fim3-2	pending_new_phylogeny	Branch_IIb	ptxP3/fim3-2		ptxP3	fim3-2	23S_rRNA_1	False	1	2026-07-24	project_member_414_of_416_linked_identity_not_in_ENA_fields
BEL::SAMEA117989422	SAMEA117989422	SAMEA117989422		ERR14837818	BEL	Belgium	2018-09-24	2018-09-24	2018-09-24	2018	9	3	day	True	PRJEB88325	ena_study_accession	targeted_belgium_france_public_inventory	historical_tree_anchor	focal_genome_observation	True	public_raw_reads_pending_uniform_qc	True	True	True			ptxP3/fim3-1	pending_new_phylogeny	Branch_IIb	ptxP3/fim3-1		ptxP3		23S_rRNA_1	False	1	2026-07-24	project_member_414_of_416_linked_identity_not_in_ENA_fields
BEL::SAMEA117989423	SAMEA117989423	SAMEA117989423		ERR14837819	BEL	Belgium	2018-10-02	2018-10-02	2018-10-02	2018	10	4	day	True	PRJEB88325	ena_study_accession	targeted_belgium_france_public_inventory	historical_tree_anchor	focal_genome_observation	True	public_raw_reads_pending_uniform_qc	True	True	True			ptxP3/fim3-2	pending_new_phylogeny	Branch_IIb	ptxP3/fim3-2		ptxP3	fim3-2	23S_rRNA_1	False	1	2026-07-24	project_member_414_of_416_linked_identity_not_in_ENA_fields
BEL::SAMEA117989424	SAMEA117989424	SAMEA117989424		ERR14837820	BEL	Belgium	2018-10-04	2018-10-04	2018-10-04	2018	10	4	day	True	PRJEB88325	ena_study_accession	targeted_belgium_france_public_inventory	historical_tree_anchor	focal_genome_observation	True	public_raw_reads_pending_uniform_qc	True	True	True			ptxP3/fim3-1	pending_new_phylogeny	Branch_IIb	ptxP3/fim3-1		ptxP3		23S_rRNA_1	False	1	2026-07-24	project_member_414_of_416_linked_identity_not_in_ENA_fields
BEL::SAMEA117989425	SAMEA117989425	SAMEA117989425		ERR14837821	BEL	Belgium	2018-10-09	2018-10-09	2018-10-09	2018	10	4	day	True	PRJEB88325	ena_study_accession	targeted_belgium_france_public_inventory	historical_tree_anchor	focal_genome_observation	True	public_raw_reads_pending_uniform_qc	True	True	True			ptxP3/fim3-2	pending_new_phylogeny	Branch_IIb	ptxP3/fim3-2		ptxP3	fim3-2	23S_rRNA_1	False	1	2026-07-24	project_member_414_of_416_linked_identity_not_in_ENA_fields
BEL::SAMEA117989426	SAMEA117989426	SAMEA117989426		ERR14837822	BEL	Belgium	2018-10-20	2018-10-20	2018-10-20	2018	10	4	day	True	PRJEB88325	ena_study_accession	targeted_belgium_france_public_inventory	historical_tree_anchor	focal_genome_observation	True	public_raw_reads_pending_uniform_qc	True	True	True			ptxP3/fim3-1	pending_new_phylogeny	Branch_IIb	ptxP3/fim3-1		ptxP3	fim3-1	23S_rRNA_1	False	1	2026-07-24	project_member_414_of_416_linked_identity_not_in_ENA_fields
BEL::SAMEA117989427	SAMEA117989427	SAMEA117989427		ERR14837823	BEL	Belgium	2018-10-23	2018-10-23	2018-10-23	2018	10	4	day	True	PRJEB88325	ena_study_accession	targeted_belgium_france_public_inventory	historical_tree_anchor	focal_genome_observation	True	public_raw_reads_pending_uniform_qc	True	True	True			ptxP3/fim3-2	pending_new_phylogeny	Branch_IIb	ptxP3/fim3-2		ptxP3	fim3-2	23S_rRNA_1	False	1	2026-07-24	project_member_414_of_416_linked_identity_not_in_ENA_fields
BEL::SAMEA117989428	SAMEA117989428	SAMEA117989428		ERR14837824	BEL	Belgium	2018-11-05	2018-11-05	2018-11-05	2018	11	4	day	True	PRJEB88325	ena_study_accession	targeted_belgium_france_public_inventory	historical_tree_anchor	focal_genome_observation	True	public_raw_reads_pending_uniform_qc	True	True	True			ptxP3/fim3-1	pending_new_phylogeny	Branch_IIb	ptxP3/fim3-1		ptxP3	fim3-1	23S_rRNA_1	False	1	2026-07-24	project_member_414_of_416_linked_identity_not_in_ENA_fields
BEL::SAMEA117989429	SAMEA117989429	SAMEA117989429		ERR14837825	BEL	Belgium	2018-11-21	2018-11-21	2018-11-21	2018	11	4	day	True	PRJEB88325	ena_study_accession	targeted_belgium_france_public_inventory	historical_tree_anchor	focal_genome_observation	True	public_raw_reads_pending_uniform_qc	True	True	True			ptxP3/fim3-2	pending_new_phylogeny	Branch_IIb	ptxP3/fim3-2		ptxP3	fim3-2	23S_rRNA_1	False	1	2026-07-24	project_member_414_of_416_linked_identity_not_in_ENA_fields
BEL::SAMEA117989430	SAMEA117989430	SAMEA117989430		ERR14837826	BEL	Belgium	2018-11-19	2018-11-19	2018-11-19	2018	11	4	day	True	PRJEB88325	ena_study_accession	targeted_belgium_france_public_inventory	historical_tree_anchor	focal_genome_observation	True	public_raw_reads_pending_uniform_qc	True	True	True			MS-MT28	pending_new_phylogeny	Branch_IIb	ptxP3/fim3-1	MS-MT28	ptxP3	fim3-1	23S_rRNA_1	False	1	2026-07-24	project_member_414_of_416_linked_identity_not_in_ENA_fields
BEL::SAMEA117989431	SAMEA117989431	SAMEA117989431		ERR14837827	BEL	Belgium	2018-11-19	2018-11-19	2018-11-19	2018	11	4	day	True	PRJEB88325	ena_study_accession	targeted_belgium_france_public_inventory	historical_tree_anchor	focal_genome_observation	True	public_raw_reads_pending_uniform_qc	True	True	True			ptxP3/fim3-2	pending_new_phylogeny	Branch_IIb	ptxP3/fim3-2		ptxP3	fim3-2	23S_rRNA_1	False	1	2026-07-24	project_member_414_of_416_linked_identity_not_in_ENA_fields
BEL::SAMEA117989432	SAMEA117989432	SAMEA117989432		ERR14837828	BEL	Belgium	2018-12-03	2018-12-03	2018-12-03	2018	12	4	day	True	PRJEB88325	ena_study_accession	targeted_belgium_france_public_inventory	historical_tree_anchor	focal_genome_observation	True	public_raw_reads_pending_uniform_qc	True	True	True			ptxP3/fim3-1	pending_new_phylogeny	Branch_IIb	ptxP3/fim3-1		ptxP3	fim3-1	23S_rRNA_1	False	1	2026-07-24	project_member_414_of_416_linked_identity_not_in_ENA_fields
BEL::SAMEA117989433	SAMEA117989433	SAMEA117989433		ERR14837829	BEL	Belgium	2018-12-07	2018-12-07	2018-12-07	2018	12	4	day	True	PRJEB88325	ena_study_accession	targeted_belgium_france_public_inventory	historical_tree_anchor	focal_genome_observation	True	public_raw_reads_pending_uniform_qc	True	True	True			ptxP3/fim3-2	pending_new_phylogeny	Branch_IIb	ptxP3/fim3-2		ptxP3	fim3-2	23S_rRNA_1	False	1	2026-07-24	project_member_414_of_416_linked_identity_not_in_ENA_fields
BEL::SAMEA117989434	SAMEA117989434	SAMEA117989434		ERR14837830	BEL	Belgium	2018-12-12	2018-12-12	2018-12-12	2018	12	4	day	True	PRJEB88325	ena_study_accession	targeted_belgium_france_public_inventory	historical_tree_anchor	focal_genome_observation	True	public_raw_reads_pending_uniform_qc	True	True	True			United States Sublineage 1	pending_new_phylogeny	Branch_IIb	ptxP3/fim3-1	United States Sublineage 1	ptxP3	fim3-1	23S_rRNA_1	False	1	2026-07-24	project_member_414_of_416_linked_identity_not_in_ENA_fields
BEL::SAMEA117989435	SAMEA117989435	SAMEA117989435		ERR14837831	BEL	Belgium	2019-01-07	2019-01-07	2019-01-07	2019	1	1	day	True	PRJEB88325	ena_study_accession	targeted_belgium_france_public_inventory	historical_tree_anchor	focal_genome_observation	True	public_raw_reads_pending_uniform_qc	True	True	True			ptxP3/fim3-1	pending_new_phylogeny	Branch_IIb	ptxP3/fim3-1		ptxP3	fim3-1	23S_rRNA_1	False	1	2026-07-24	project_member_414_of_416_linked_identity_not_in_ENA_fields
BEL::SAMEA117989436	SAMEA117989436	SAMEA117989436		ERR14837832	BEL	Belgium	2019-01-15	2019-01-15	2019-01-15	2019	1	1	day	True	PRJEB88325	ena_study_accession	targeted_belgium_france_public_inventory	historical_tree_anchor	focal_genome_observation	True	public_raw_reads_pending_uniform_qc	True	True	True				pending_new_phylogeny							False	1	2026-07-24	project_member_414_of_416_linked_identity_not_in_ENA_fields
BEL::SAMEA117989437	SAMEA117989437	SAMEA117989437		ERR14837833	BEL	Belgium	2019-01-10	2019-01-10	2019-01-10	2019	1	1	day	True	PRJEB88325	ena_study_accession	targeted_belgium_france_public_inventory	historical_tree_anchor	focal_genome_observation	True	public_raw_reads_pending_uniform_qc	True	True	True			ptxP3/fim3-2	pending_new_phylogeny	Branch_IIb	ptxP3/fim3-2		ptxP3	fim3-2	23S_rRNA_1	False	1	2026-07-24	project_member_414_of_416_linked_identity_not_in_ENA_fields
BEL::SAMEA117989438	SAMEA117989438	SAMEA117989438		ERR14837834	BEL	Belgium	2019-01-07	2019-01-07	2019-01-07	2019	1	1	day	True	PRJEB88325	ena_study_accession	targeted_belgium_france_public_inventory	historical_tree_anchor	focal_genome_observation	True	public_raw_reads_pending_uniform_qc	True	True	True			ptxP3/fim3-1	pending_new_phylogeny	Branch_IIb	ptxP3/fim3-1		ptxP3	fim3-1	23S_rRNA_1	False	1	2026-07-24	project_member_414_of_416_linked_identity_not_in_ENA_fields
BEL::SAMEA117989439	SAMEA117989439	SAMEA117989439		ERR14837835	BEL	Belgium	2019-01-11	2019-01-11	2019-01-11	2019	1	1	day	True	PRJEB88325	ena_study_accession	targeted_belgium_france_public_inventory	historical_tree_anchor	focal_genome_observation	True	public_raw_reads_pending_uniform_qc	True	True	True			ptxP3/fim3-2	pending_new_phylogeny	Branch_IIb	ptxP3/fim3-2		ptxP3	fim3-2	23S_rRNA_1	False	1	2026-07-24	project_member_414_of_416_linked_identity_not_in_ENA_fields
BEL::SAMEA117989440	SAMEA117989440	SAMEA117989440		ERR14837836	BEL	Belgium	2019-01-22	2019-01-22	2019-01-22	2019	1	1	day	True	PRJEB88325	ena_study_accession	targeted_belgium_france_public_inventory	historical_tree_anchor	focal_genome_observation	True	public_raw_reads_pending_uniform_qc	True	True	True			ptxP3/fim3-1	pending_new_phylogeny	Branch_IIb	ptxP3/fim3-1		ptxP3	fim3-1	23S_rRNA_1	False	1	2026-07-24	project_member_414_of_416_linked_identity_not_in_ENA_fields
BEL::SAMEA117989441	SAMEA117989441	SAMEA117989441		ERR14837837	BEL	Belgium	2019-01-21	2019-01-21	2019-01-21	2019	1	1	day	True	PRJEB88325	ena_study_accession	targeted_belgium_france_public_inventory	historical_tree_anchor	focal_genome_observation	True	public_raw_reads_pending_uniform_qc	True	True	True			ptxP3/fim3-2	pending_new_phylogeny	Branch_IIb	ptxP3/fim3-2		ptxP3	fim3-2	23S_rRNA_1	False	1	2026-07-24	project_member_414_of_416_linked_identity_not_in_ENA_fields
BEL::SAMEA117989442	SAMEA117989442	SAMEA117989442		ERR14837838	BEL	Belgium	2019-01-25	2019-01-25	2019-01-25	2019	1	1	day	True	PRJEB88325	ena_study_accession	targeted_belgium_france_public_inventory	historical_tree_anchor	focal_genome_observation	True	public_raw_reads_pending_uniform_qc	True	True	True			ptxP3/fim3-1	pending_new_phylogeny	Branch_IIb	ptxP3/fim3-1		ptxP3	fim3-1	23S_rRNA_1	False	1	2026-07-24	project_member_414_of_416_linked_identity_not_in_ENA_fields
BEL::SAMEA117989443	SAMEA117989443	SAMEA117989443		ERR14837839	BEL	Belgium	2019-01-24	2019-01-24	2019-01-24	2019	1	1	day	True	PRJEB88325	ena_study_accession	targeted_belgium_france_public_inventory	historical_tree_anchor	focal_genome_observation	True	public_raw_reads_pending_uniform_qc	True	True	True			ptxP3/fim3-1	pending_new_phylogeny	Branch_IIb	ptxP3/fim3-1		ptxP3	fim3-1	23S_rRNA_1	False	1	2026-07-24	project_member_414_of_416_linked_identity_not_in_ENA_fields
BEL::SAMEA117989444	SAMEA117989444	SAMEA117989444		ERR14837840	BEL	Belgium	2019-01-26	2019-01-26	2019-01-26	2019	1	1	day	True	PRJEB88325	ena_study_accession	targeted_belgium_france_public_inventory	historical_tree_anchor	focal_genome_observation	True	public_raw_reads_pending_uniform_qc	True	True	True			ptxP3/fim3-1	pending_new_phylogeny	Branch_IIb	ptxP3/fim3-1		ptxP3	fim3-1	23S_rRNA_1	False	1	2026-07-24	project_member_414_of_416_linked_identity_not_in_ENA_fields
BEL::SAMEA117989445	SAMEA117989445	SAMEA117989445		ERR14837841	BEL	Belgium	2019-02-02	2019-02-02	2019-02-02	2019	2	1	day	True	PRJEB88325	ena_study_accession	targeted_belgium_france_public_inventory	historical_tree_anchor	focal_genome_observation	True	public_raw_reads_pending_uniform_qc	True	True	True			ptxP3/fim3-1	pending_new_phylogeny	Branch_IIb	ptxP3/fim3-1		ptxP3	fim3-1	23S_rRNA_1	False	1	2026-07-24	project_member_414_of_416_linked_identity_not_in_ENA_fields
BEL::SAMEA117989446	SAMEA117989446	SAMEA117989446		ERR14837842	BEL	Belgium	2019-02-03	2019-02-03	2019-02-03	2019	2	1	day	True	PRJEB88325	ena_study_accession	targeted_belgium_france_public_inventory	historical_tree_anchor	focal_genome_observation	True	public_raw_reads_pending_uniform_qc	True	True	True			ptxP3/fim3-1	pending_new_phylogeny	Branch_IIb	ptxP3/fim3-1		ptxP3	fim3-1	23S_rRNA_1	False	1	2026-07-24	project_member_414_of_416_linked_identity_not_in_ENA_fields
BEL::SAMEA117989447	SAMEA117989447	SAMEA117989447		ERR14837843	BEL	Belgium	2019-02-01	2019-02-01	2019-02-01	2019	2	1	day	True	PRJEB88325	ena_study_accession	targeted_belgium_france_public_inventory	historical_tree_anchor	focal_genome_observation	True	public_raw_reads_pending_uniform_qc	True	True	True			ptxP3/fim3-1	pending_new_phylogeny	Branch_IIb	ptxP3/fim3-1		ptxP3	fim3-1	23S_rRNA_1	False	1	2026-07-24	project_member_414_of_416_linked_identity_not_in_ENA_fields
BEL::SAMEA117989448	SAMEA117989448	SAMEA117989448		ERR14837844	BEL	Belgium	2019-02-08	2019-02-08	2019-02-08	2019	2	1	day	True	PRJEB88325	ena_study_accession	targeted_belgium_france_public_inventory	historical_tree_anchor	focal_genome_observation	True	public_raw_reads_pending_uniform_qc	True	True	True			ptxP3/fim3-1	pending_new_phylogeny	Branch_IIb	ptxP3/fim3-1		ptxP3	fim3-1	23S_rRNA_1	False	1	2026-07-24	project_member_414_of_416_linked_identity_not_in_ENA_fields
BEL::SAMEA117989449	SAMEA117989449	SAMEA117989449		ERR14837845	BEL	Belgium	2019-02-12	2019-02-12	2019-02-12	2019	2	1	day	True	PRJEB88325	ena_study_accession	targeted_belgium_france_public_inventory	historical_tree_anchor	focal_genome_observation	True	public_raw_reads_pending_uniform_qc	True	True	True			ptxP3/fim3-2	pending_new_phylogeny	Branch_IIb	ptxP3/fim3-2		ptxP3	fim3-2	23S_rRNA_1	False	1	2026-07-24	project_member_414_of_416_linked_identity_not_in_ENA_fields
BEL::SAMEA117989450	SAMEA117989450	SAMEA117989450		ERR14837846	BEL	Belgium	2019-02-27	2019-02-27	2019-02-27	2019	2	1	day	True	PRJEB88325	ena_study_accession	targeted_belgium_france_public_inventory	historical_tree_anchor	focal_genome_observation	True	public_raw_reads_pending_uniform_qc	True	True	True			ptxP3/fim3-1	pending_new_phylogeny	Branch_IIb	ptxP3/fim3-1		ptxP3	fim3-1	23S_rRNA_1	False	1	2026-07-24	project_member_414_of_416_linked_identity_not_in_ENA_fields
BEL::SAMEA117989451	SAMEA117989451	SAMEA117989451		ERR14837847	BEL	Belgium	2019-02-27	2019-02-27	2019-02-27	2019	2	1	day	True	PRJEB88325	ena_study_accession	targeted_belgium_france_public_inventory	historical_tree_anchor	focal_genome_observation	True	public_raw_reads_pending_uniform_qc	True	True	True				pending_new_phylogeny							False	1	2026-07-24	project_member_414_of_416_linked_identity_not_in_ENA_fields
BEL::SAMEA117989452	SAMEA117989452	SAMEA117989452		ERR14837848	BEL	Belgium	2019-02-27	2019-02-27	2019-02-27	2019	2	1	day	True	PRJEB88325	ena_study_accession	targeted_belgium_france_public_inventory	historical_tree_anchor	focal_genome_observation	True	public_raw_reads_pending_uniform_qc	True	True	True			ptxP3/fim3-2	pending_new_phylogeny	Branch_IIb	ptxP3/fim3-2		ptxP3	fim3-2	23S_rRNA_1	False	1	2026-07-24	project_member_414_of_416_linked_identity_not_in_ENA_fields
BEL::SAMEA117989453	SAMEA117989453	SAMEA117989453		ERR14837849	BEL	Belgium	2019-03-08	2019-03-08	2019-03-08	2019	3	1	day	True	PRJEB88325	ena_study_accession	targeted_belgium_france_public_inventory	historical_tree_anchor	focal_genome_observation	True	public_raw_reads_pending_uniform_qc	True	True	True			ptxP3/fim3-1	pending_new_phylogeny	Branch_IIb	ptxP3/fim3-1		ptxP3	fim3-1	23S_rRNA_1	False	1	2026-07-24	project_member_414_of_416_linked_identity_not_in_ENA_fields
BEL::SAMEA117989454	SAMEA117989454	SAMEA117989454		ERR14837850	BEL	Belgium	2019-03-27	2019-03-27	2019-03-27	2019	3	1	day	True	PRJEB88325	ena_study_accession	targeted_belgium_france_public_inventory	historical_tree_anchor	focal_genome_observation	True	public_raw_reads_pending_uniform_qc	True	True	True			ptxP3/fim3-1	pending_new_phylogeny	Branch_IIb	ptxP3/fim3-1		ptxP3	fim3-1	23S_rRNA_1	False	1	2026-07-24	project_member_414_of_416_linked_identity_not_in_ENA_fields
BEL::SAMEA117989455	SAMEA117989455	SAMEA117989455		ERR14837851	BEL	Belgium	2019-04-01	2019-04-01	2019-04-01	2019	4	2	day	True	PRJEB88325	ena_study_accession	targeted_belgium_france_public_inventory	historical_tree_anchor	focal_genome_observation	True	public_raw_reads_pending_uniform_qc	True	True	True			ptxP3/fim3-2	pending_new_phylogeny	Branch_IIb	ptxP3/fim3-2		ptxP3	fim3-2	23S_rRNA_1	False	1	2026-07-24	project_member_414_of_416_linked_identity_not_in_ENA_fields
BEL::SAMEA117989456	SAMEA117989456	SAMEA117989456		ERR14837852	BEL	Belgium	2019-03-27	2019-03-27	2019-03-27	2019	3	1	day	True	PRJEB88325	ena_study_accession	targeted_belgium_france_public_inventory	historical_tree_anchor	focal_genome_observation	True	public_raw_reads_pending_uniform_qc	True	True	True			ptxP3/fim3-1	pending_new_phylogeny	Branch_IIb	ptxP3/fim3-1		ptxP3	fim3-1	23S_rRNA_1	False	1	2026-07-24	project_member_414_of_416_linked_identity_not_in_ENA_fields
BEL::SAMEA117989457	SAMEA117989457	SAMEA117989457		ERR14837853	BEL	Belgium	2019-04-12	2019-04-12	2019-04-12	2019	4	2	day	True	PRJEB88325	ena_study_accession	targeted_belgium_france_public_inventory	historical_tree_anchor	focal_genome_observation	True	public_raw_reads_pending_uniform_qc	True	True	True			ptxP3/fim3-2	pending_new_phylogeny	Branch_IIb	ptxP3/fim3-2		ptxP3	fim3-2	23S_rRNA_1	False	1	2026-07-24	project_member_414_of_416_linked_identity_not_in_ENA_fields
BEL::SAMEA117989458	SAMEA117989458	SAMEA117989458		ERR14837854	BEL	Belgium	2019-04-10	2019-04-10	2019-04-10	2019	4	2	day	True	PRJEB88325	ena_study_accession	targeted_belgium_france_public_inventory	historical_tree_anchor	focal_genome_observation	True	public_raw_reads_pending_uniform_qc	True	True	True			ptxP3/fim3-2	pending_new_phylogeny	Branch_IIb	ptxP3/fim3-2		ptxP3	fim3-2	23S_rRNA_1	False	1	2026-07-24	project_member_414_of_416_linked_identity_not_in_ENA_fields
BEL::SAMEA117989459	SAMEA117989459	SAMEA117989459		ERR14837855	BEL	Belgium	2019-04-14	2019-04-14	2019-04-14	2019	4	2	day	True	PRJEB88325	ena_study_accession	targeted_belgium_france_public_inventory	historical_tree_anchor	focal_genome_observation	True	public_raw_reads_pending_uniform_qc	True	True	True			ptxP3/fim3-2	pending_new_phylogeny	Branch_IIb	ptxP3/fim3-2		ptxP3	fim3-2	23S_rRNA_1	False	1	2026-07-24	project_member_414_of_416_linked_identity_not_in_ENA_fields
BEL::SAMEA117989460	SAMEA117989460	SAMEA117989460		ERR14837856	BEL	Belgium	2019-04-16	2019-04-16	2019-04-16	2019	4	2	day	True	PRJEB88325	ena_study_accession	targeted_belgium_france_public_inventory	historical_tree_anchor	focal_genome_observation	True	public_raw_reads_pending_uniform_qc	True	True	True			ptxP3/fim3-2	pending_new_phylogeny	Branch_IIb	ptxP3/fim3-2		ptxP3	fim3-2	23S_rRNA_1	False	1	2026-07-24	project_member_414_of_416_linked_identity_not_in_ENA_fields
BEL::SAMEA117989461	SAMEA117989461	SAMEA117989461		ERR14837857	BEL	Belgium	2019-04-19	2019-04-19	2019-04-19	2019	4	2	day	True	PRJEB88325	ena_study_accession	targeted_belgium_france_public_inventory	historical_tree_anchor	focal_genome_observation	True	public_raw_reads_pending_uniform_qc	True	True	True			ptxP3/fim3-1	pending_new_phylogeny	Branch_IIb	ptxP3/fim3-1		ptxP3	fim3-1	23S_rRNA_1	False	1	2026-07-24	project_member_414_of_416_linked_identity_not_in_ENA_fields
BEL::SAMEA117989462	SAMEA117989462	SAMEA117989462		ERR14837858	BEL	Belgium	2019-04-21	2019-04-21	2019-04-21	2019	4	2	day	True	PRJEB88325	ena_study_accession	targeted_belgium_france_public_inventory	historical_tree_anchor	focal_genome_observation	True	public_raw_reads_pending_uniform_qc	True	True	True			ptxP3/fim3-1	pending_new_phylogeny	Branch_IIb	ptxP3/fim3-1		ptxP3	fim3-1	23S_rRNA_1	False	1	2026-07-24	project_member_414_of_416_linked_identity_not_in_ENA_fields
BEL::SAMEA117989463	SAMEA117989463	SAMEA117989463		ERR14837859	BEL	Belgium	2019-04-24	2019-04-24	2019-04-24	2019	4	2	day	True	PRJEB88325	ena_study_accession	targeted_belgium_france_public_inventory	historical_tree_anchor	focal_genome_observation	True	public_raw_reads_pending_uniform_qc	True	True	True			ptxP3/fim3-1	pending_new_phylogeny	Branch_IIb	ptxP3/fim3-1		ptxP3	fim3-1	23S_rRNA_1	False	1	2026-07-24	project_member_414_of_416_linked_identity_not_in_ENA_fields
BEL::SAMEA117989464	SAMEA117989464	SAMEA117989464		ERR14837860	BEL	Belgium	2019-04-24	2019-04-24	2019-04-24	2019	4	2	day	True	PRJEB88325	ena_study_accession	targeted_belgium_france_public_inventory	historical_tree_anchor	focal_genome_observation	True	public_raw_reads_pending_uniform_qc	True	True	True			ptxP3/fim3-1	pending_new_phylogeny	Branch_IIb	ptxP3/fim3-1		ptxP3	fim3-1	23S_rRNA_1	False	1	2026-07-24	project_member_414_of_416_linked_identity_not_in_ENA_fields
BEL::SAMEA117989465	SAMEA117989465	SAMEA117989465		ERR14837861	BEL	Belgium	2019-04-24	2019-04-24	2019-04-24	2019	4	2	day	True	PRJEB88325	ena_study_accession	targeted_belgium_france_public_inventory	historical_tree_anchor	focal_genome_observation	True	public_raw_reads_pending_uniform_qc	True	True	True			ptxP3/fim3-1	pending_new_phylogeny	Branch_IIb	ptxP3/fim3-1		ptxP3	fim3-1	23S_rRNA_1	False	1	2026-07-24	project_member_414_of_416_linked_identity_not_in_ENA_fields
BEL::SAMEA117989466	SAMEA117989466	SAMEA117989466		ERR14837862	BEL	Belgium	2019-04-25	2019-04-25	2019-04-25	2019	4	2	day	True	PRJEB88325	ena_study_accession	targeted_belgium_france_public_inventory	historical_tree_anchor	focal_genome_observation	True	public_raw_reads_pending_uniform_qc	True	True	True			ptxP3/fim3-1	pending_new_phylogeny	Branch_IIb	ptxP3/fim3-1		ptxP3	fim3-1	23S_rRNA_1	False	1	2026-07-24	project_member_414_of_416_linked_identity_not_in_ENA_fields
BEL::SAMEA117989467	SAMEA117989467	SAMEA117989467		ERR14837863	BEL	Belgium	2019-04-24	2019-04-24	2019-04-24	2019	4	2	day	True	PRJEB88325	ena_study_accession	targeted_belgium_france_public_inventory	historical_tree_anchor	focal_genome_observation	True	public_raw_reads_pending_uniform_qc	True	True	True			ptxP3/fim3-1	pending_new_phylogeny	Branch_IIb	ptxP3/fim3-1		ptxP3	fim3-1	23S_rRNA_1	False	1	2026-07-24	project_member_414_of_416_linked_identity_not_in_ENA_fields
BEL::SAMEA117989468	SAMEA117989468	SAMEA117989468		ERR14837864	BEL	Belgium	2019-05-03	2019-05-03	2019-05-03	2019	5	2	day	True	PRJEB88325	ena_study_accession	targeted_belgium_france_public_inventory	historical_tree_anchor	focal_genome_observation	True	public_raw_reads_pending_uniform_qc	True	True	True			ptxP3/fim3-1	pending_new_phylogeny	Branch_IIb	ptxP3/fim3-1		ptxP3	fim3-1	23S_rRNA_1	False	1	2026-07-24	project_member_414_of_416_linked_identity_not_in_ENA_fields
BEL::SAMEA117989469	SAMEA117989469	SAMEA117989469		ERR14837865	BEL	Belgium	2019-05-14	2019-05-14	2019-05-14	2019	5	2	day	True	PRJEB88325	ena_study_accession	targeted_belgium_france_public_inventory	historical_tree_anchor	focal_genome_observation	True	public_raw_reads_pending_uniform_qc	True	True	True			ptxP3/fim3-2	pending_new_phylogeny	Branch_IIb	ptxP3/fim3-2		ptxP3	fim3-2	23S_rRNA_1	False	1	2026-07-24	project_member_414_of_416_linked_identity_not_in_ENA_fields
BEL::SAMEA117989470	SAMEA117989470	SAMEA117989470		ERR14837866	BEL	Belgium	2019-05-18	2019-05-18	2019-05-18	2019	5	2	day	True	PRJEB88325	ena_study_accession	targeted_belgium_france_public_inventory	historical_tree_anchor	focal_genome_observation	True	public_raw_reads_pending_uniform_qc	True	True	True			ptxP3/fim3-2	pending_new_phylogeny	Branch_IIb	ptxP3/fim3-2		ptxP3	fim3-2	23S_rRNA_1	False	1	2026-07-24	project_member_414_of_416_linked_identity_not_in_ENA_fields
BEL::SAMEA117989471	SAMEA117989471	SAMEA117989471		ERR14837867	BEL	Belgium	2019-05-22	2019-05-22	2019-05-22	2019	5	2	day	True	PRJEB88325	ena_study_accession	targeted_belgium_france_public_inventory	historical_tree_anchor	focal_genome_observation	True	public_raw_reads_pending_uniform_qc	True	True	True			ptxP3/fim3-1	pending_new_phylogeny	Branch_IIb	ptxP3/fim3-1		ptxP3	fim3-1	23S_rRNA_1	False	1	2026-07-24	project_member_414_of_416_linked_identity_not_in_ENA_fields
BEL::SAMEA117989472	SAMEA117989472	SAMEA117989472		ERR14837868	BEL	Belgium	2019-05-29	2019-05-29	2019-05-29	2019	5	2	day	True	PRJEB88325	ena_study_accession	targeted_belgium_france_public_inventory	historical_tree_anchor	focal_genome_observation	True	public_raw_reads_pending_uniform_qc	True	True	True			ptxP3/fim3-1	pending_new_phylogeny	Branch_IIb	ptxP3/fim3-1		ptxP3	fim3-1	23S_rRNA_1	False	1	2026-07-24	project_member_414_of_416_linked_identity_not_in_ENA_fields
BEL::SAMEA117989473	SAMEA117989473	SAMEA117989473		ERR14837869	BEL	Belgium	2019-06-07	2019-06-07	2019-06-07	2019	6	2	day	True	PRJEB88325	ena_study_accession	targeted_belgium_france_public_inventory	historical_tree_anchor	focal_genome_observation	True	public_raw_reads_pending_uniform_qc	True	True	True			ptxP3/fim3-1	pending_new_phylogeny	Branch_IIb	ptxP3/fim3-1		ptxP3	fim3-1	23S_rRNA_1	False	1	2026-07-24	project_member_414_of_416_linked_identity_not_in_ENA_fields
BEL::SAMEA117989474	SAMEA117989474	SAMEA117989474		ERR14837870	BEL	Belgium	2019-06-20	2019-06-20	2019-06-20	2019	6	2	day	True	PRJEB88325	ena_study_accession	targeted_belgium_france_public_inventory	historical_tree_anchor	focal_genome_observation	True	public_raw_reads_pending_uniform_qc	True	True	True			ptxP3/fim3-1	pending_new_phylogeny	Branch_IIb	ptxP3/fim3-1		ptxP3	fim3-1	23S_rRNA_1	False	1	2026-07-24	project_member_414_of_416_linked_identity_not_in_ENA_fields
BEL::SAMEA117989475	SAMEA117989475	SAMEA117989475		ERR14837871	BEL	Belgium	2019-06-13	2019-06-13	2019-06-13	2019	6	2	day	True	PRJEB88325	ena_study_accession	targeted_belgium_france_public_inventory	historical_tree_anchor	focal_genome_observation	True	public_raw_reads_pending_uniform_qc	True	True	True			ptxP3/fim3-2	pending_new_phylogeny	Branch_IIb	ptxP3/fim3-2		ptxP3	fim3-2	23S_rRNA_1	False	1	2026-07-24	project_member_414_of_416_linked_identity_not_in_ENA_fields
BEL::SAMEA117989476	SAMEA117989476	SAMEA117989476		ERR14837872	BEL	Belgium	2019-07-03	2019-07-03	2019-07-03	2019	7	3	day	True	PRJEB88325	ena_study_accession	targeted_belgium_france_public_inventory	historical_tree_anchor	focal_genome_observation	True	public_raw_reads_pending_uniform_qc	True	True	True			ptxP3/fim3-1	pending_new_phylogeny	Branch_IIb	ptxP3/fim3-1		ptxP3	fim3-1	23S_rRNA_1	False	1	2026-07-24	project_member_414_of_416_linked_identity_not_in_ENA_fields
BEL::SAMEA117989477	SAMEA117989477	SAMEA117989477		ERR14837873	BEL	Belgium	2019-07-10	2019-07-10	2019-07-10	2019	7	3	day	True	PRJEB88325	ena_study_accession	targeted_belgium_france_public_inventory	historical_tree_anchor	focal_genome_observation	True	public_raw_reads_pending_uniform_qc	True	True	True			ptxP3/fim3-1	pending_new_phylogeny	Branch_IIb	ptxP3/fim3-1		ptxP3	fim3-1	23S_rRNA_1	False	1	2026-07-24	project_member_414_of_416_linked_identity_not_in_ENA_fields
BEL::SAMEA117989478	SAMEA117989478	SAMEA117989478		ERR14837874	BEL	Belgium	2019-07-18	2019-07-18	2019-07-18	2019	7	3	day	True	PRJEB88325	ena_study_accession	targeted_belgium_france_public_inventory	historical_tree_anchor	focal_genome_observation	True	public_raw_reads_pending_uniform_qc	True	True	True			ptxP3/fim3-1	pending_new_phylogeny	Branch_IIb	ptxP3/fim3-1		ptxP3	fim3-1	23S_rRNA_1	False	1	2026-07-24	project_member_414_of_416_linked_identity_not_in_ENA_fields
BEL::SAMEA117989479	SAMEA117989479	SAMEA117989479		ERR14837875	BEL	Belgium	2019-07-24	2019-07-24	2019-07-24	2019	7	3	day	True	PRJEB88325	ena_study_accession	targeted_belgium_france_public_inventory	historical_tree_anchor	focal_genome_observation	True	public_raw_reads_pending_uniform_qc	True	True	True			ptxP3/fim3-2	pending_new_phylogeny	Branch_IIb	ptxP3/fim3-2		ptxP3	fim3-2	23S_rRNA_1	False	1	2026-07-24	project_member_414_of_416_linked_identity_not_in_ENA_fields
BEL::SAMEA117989480	SAMEA117989480	SAMEA117989480		ERR14837876	BEL	Belgium	2019-07-30	2019-07-30	2019-07-30	2019	7	3	day	True	PRJEB88325	ena_study_accession	targeted_belgium_france_public_inventory	historical_tree_anchor	focal_genome_observation	True	public_raw_reads_pending_uniform_qc	True	True	True			ptxP3/fim3-1	pending_new_phylogeny	Branch_IIb	ptxP3/fim3-1		ptxP3	fim3-1	23S_rRNA_1	False	1	2026-07-24	project_member_414_of_416_linked_identity_not_in_ENA_fields
BEL::SAMEA117989481	SAMEA117989481	SAMEA117989481		ERR14837877	BEL	Belgium	2019-07-31	2019-07-31	2019-07-31	2019	7	3	day	True	PRJEB88325	ena_study_accession	targeted_belgium_france_public_inventory	historical_tree_anchor	focal_genome_observation	True	public_raw_reads_pending_uniform_qc	True	True	True			ptxP3/fim3-1	pending_new_phylogeny	Branch_IIb	ptxP3/fim3-1		ptxP3	fim3-1	23S_rRNA_1	False	1	2026-07-24	project_member_414_of_416_linked_identity_not_in_ENA_fields
BEL::SAMEA117989482	SAMEA117989482	SAMEA117989482		ERR14837878	BEL	Belgium	2019-08-05	2019-08-05	2019-08-05	2019	8	3	day	True	PRJEB88325	ena_study_accession	targeted_belgium_france_public_inventory	historical_tree_anchor	focal_genome_observation	True	public_raw_reads_pending_uniform_qc	True	True	True			ptxP3/fim3-2	pending_new_phylogeny	Branch_IIb	ptxP3/fim3-2		ptxP3	fim3-2	23S_rRNA_1	False	1	2026-07-24	project_member_414_of_416_linked_identity_not_in_ENA_fields
BEL::SAMEA117989483	SAMEA117989483	SAMEA117989483		ERR14837879	BEL	Belgium	2019-08-07	2019-08-07	2019-08-07	2019	8	3	day	True	PRJEB88325	ena_study_accession	targeted_belgium_france_public_inventory	historical_tree_anchor	focal_genome_observation	True	public_raw_reads_pending_uniform_qc	True	True	True			ptxP3/fim3-2	pending_new_phylogeny	Branch_IIb	ptxP3/fim3-2		ptxP3	fim3-2	23S_rRNA_1	False	1	2026-07-24	project_member_414_of_416_linked_identity_not_in_ENA_fields
BEL::SAMEA117989484	SAMEA117989484	SAMEA117989484		ERR14837880	BEL	Belgium	2019-08-07	2019-08-07	2019-08-07	2019	8	3	day	True	PRJEB88325	ena_study_accession	targeted_belgium_france_public_inventory	historical_tree_anchor	focal_genome_observation	True	public_raw_reads_pending_uniform_qc	True	True	True			ptxP3/fim3-2	pending_new_phylogeny	Branch_IIb	ptxP3/fim3-2		ptxP3	fim3-2	23S_rRNA_1	False	1	2026-07-24	project_member_414_of_416_linked_identity_not_in_ENA_fields
BEL::SAMEA117989485	SAMEA117989485	SAMEA117989485		ERR14837881	BEL	Belgium	2019-08-09	2019-08-09	2019-08-09	2019	8	3	day	True	PRJEB88325	ena_study_accession	targeted_belgium_france_public_inventory	historical_tree_anchor	focal_genome_observation	True	public_raw_reads_pending_uniform_qc	True	True	True			ptxP3/fim3-2	pending_new_phylogeny	Branch_IIb	ptxP3/fim3-2		ptxP3	fim3-2	23S_rRNA_1	False	1	2026-07-24	project_member_414_of_416_linked_identity_not_in_ENA_fields
BEL::SAMEA117989486	SAMEA117989486	SAMEA117989486		ERR14837882	BEL	Belgium	2019-08-12	2019-08-12	2019-08-12	2019	8	3	day	True	PRJEB88325	ena_study_accession	targeted_belgium_france_public_inventory	historical_tree_anchor	focal_genome_observation	True	public_raw_reads_pending_uniform_qc	True	True	True			ptxP3/fim3-1	pending_new_phylogeny	Branch_IIb	ptxP3/fim3-1		ptxP3	fim3-1	23S_rRNA_1	False	1	2026-07-24	project_member_414_of_416_linked_identity_not_in_ENA_fields
BEL::SAMEA117989487	SAMEA117989487	SAMEA117989487		ERR14837883	BEL	Belgium	2019-08-11	2019-08-11	2019-08-11	2019	8	3	day	True	PRJEB88325	ena_study_accession	targeted_belgium_france_public_inventory	historical_tree_anchor	focal_genome_observation	True	public_raw_reads_pending_uniform_qc	True	True	True			ptxP3/fim3-1	pending_new_phylogeny	Branch_IIb	ptxP3/fim3-1		ptxP3	fim3-1	23S_rRNA_1	False	1	2026-07-24	project_member_414_of_416_linked_identity_not_in_ENA_fields
BEL::SAMEA117989488	SAMEA117989488	SAMEA117989488		ERR14837884	BEL	Belgium	2019-08-15	2019-08-15	2019-08-15	2019	8	3	day	True	PRJEB88325	ena_study_accession	targeted_belgium_france_public_inventory	historical_tree_anchor	focal_genome_observation	True	public_raw_reads_pending_uniform_qc	True	True	True			ptxP3/fim3-1	pending_new_phylogeny	Branch_IIb	ptxP3/fim3-1		ptxP3	fim3-1	23S_rRNA_1	False	1	2026-07-24	project_member_414_of_416_linked_identity_not_in_ENA_fields
BEL::SAMEA117989489	SAMEA117989489	SAMEA117989489		ERR14837885	BEL	Belgium	2019-08-17	2019-08-17	2019-08-17	2019	8	3	day	True	PRJEB88325	ena_study_accession	targeted_belgium_france_public_inventory	historical_tree_anchor	focal_genome_observation	True	public_raw_reads_pending_uniform_qc	True	True	True			ptxP3/fim3-2	pending_new_phylogeny	Branch_IIb	ptxP3/fim3-2		ptxP3	fim3-2	23S_rRNA_1	False	1	2026-07-24	project_member_414_of_416_linked_identity_not_in_ENA_fields
BEL::SAMEA117989490	SAMEA117989490	SAMEA117989490		ERR14837886	BEL	Belgium	2019-08-23	2019-08-23	2019-08-23	2019	8	3	day	True	PRJEB88325	ena_study_accession	targeted_belgium_france_public_inventory	historical_tree_anchor	focal_genome_observation	True	public_raw_reads_pending_uniform_qc	True	True	True			ptxP3/fim3-1	pending_new_phylogeny	Branch_IIb	ptxP3/fim3-1		ptxP3	fim3-1	23S_rRNA_1	False	1	2026-07-24	project_member_414_of_416_linked_identity_not_in_ENA_fields
BEL::SAMEA117989491	SAMEA117989491	SAMEA117989491		ERR14837887	BEL	Belgium	2019-08-23	2019-08-23	2019-08-23	2019	8	3	day	True	PRJEB88325	ena_study_accession	targeted_belgium_france_public_inventory	historical_tree_anchor	focal_genome_observation	True	public_raw_reads_pending_uniform_qc	True	True	True			ptxP3/fim3-1	pending_new_phylogeny	Branch_IIb	ptxP3/fim3-1		ptxP3	fim3-1	23S_rRNA_1	False	1	2026-07-24	project_member_414_of_416_linked_identity_not_in_ENA_fields
BEL::SAMEA117989492	SAMEA117989492	SAMEA117989492		ERR14837888	BEL	Belgium	2019-08-23	2019-08-23	2019-08-23	2019	8	3	day	True	PRJEB88325	ena_study_accession	targeted_belgium_france_public_inventory	historical_tree_anchor	focal_genome_observation	True	public_raw_reads_pending_uniform_qc	True	True	True			ptxP3/fim3-1	pending_new_phylogeny	Branch_IIb	ptxP3/fim3-1		ptxP3	fim3-1	23S_rRNA_1	False	1	2026-07-24	project_member_414_of_416_linked_identity_not_in_ENA_fields
BEL::SAMEA117989493	SAMEA117989493	SAMEA117989493		ERR14837889	BEL	Belgium	2019-08-25	2019-08-25	2019-08-25	2019	8	3	day	True	PRJEB88325	ena_study_accession	targeted_belgium_france_public_inventory	historical_tree_anchor	focal_genome_observation	True	public_raw_reads_pending_uniform_qc	True	True	True			ptxP3/fim3-1	pending_new_phylogeny	Branch_IIb	ptxP3/fim3-1		ptxP3	fim3-1	23S_rRNA_1	False	1	2026-07-24	project_member_414_of_416_linked_identity_not_in_ENA_fields
BEL::SAMEA117989494	SAMEA117989494	SAMEA117989494		ERR14837890	BEL	Belgium	2019-08-25	2019-08-25	2019-08-25	2019	8	3	day	True	PRJEB88325	ena_study_accession	targeted_belgium_france_public_inventory	historical_tree_anchor	focal_genome_observation	True	public_raw_reads_pending_uniform_qc	True	True	True			ptxP3/fim3-1	pending_new_phylogeny	Branch_IIb	ptxP3/fim3-1		ptxP3	fim3-1	23S_rRNA_1	False	1	2026-07-24	project_member_414_of_416_linked_identity_not_in_ENA_fields
BEL::SAMEA117989495	SAMEA117989495	SAMEA117989495		ERR14837891	BEL	Belgium	2019-08-23	2019-08-23	2019-08-23	2019	8	3	day	True	PRJEB88325	ena_study_accession	targeted_belgium_france_public_inventory	historical_tree_anchor	focal_genome_observation	True	public_raw_reads_pending_uniform_qc	True	True	True			MS-MT28	pending_new_phylogeny	Branch_IIb	ptxP3/fim3-1	MS-MT28	ptxP3	fim3-1	23S_rRNA_1	False	1	2026-07-24	project_member_414_of_416_linked_identity_not_in_ENA_fields
BEL::SAMEA117989496	SAMEA117989496	SAMEA117989496		ERR14837892	BEL	Belgium	2019-08-29	2019-08-29	2019-08-29	2019	8	3	day	True	PRJEB88325	ena_study_accession	targeted_belgium_france_public_inventory	historical_tree_anchor	focal_genome_observation	True	public_raw_reads_pending_uniform_qc	True	True	True			ptxP3/fim3-1	pending_new_phylogeny	Branch_IIb	ptxP3/fim3-1		ptxP3	fim3-1	23S_rRNA_1	False	1	2026-07-24	project_member_414_of_416_linked_identity_not_in_ENA_fields
BEL::SAMEA117989497	SAMEA117989497	SAMEA117989497		ERR14837893	BEL	Belgium	2019-08-23	2019-08-23	2019-08-23	2019	8	3	day	True	PRJEB88325	ena_study_accession	targeted_belgium_france_public_inventory	historical_tree_anchor	focal_genome_observation	True	public_raw_reads_pending_uniform_qc	True	True	True			ptxP3/fim3-1	pending_new_phylogeny	Branch_IIb	ptxP3/fim3-1		ptxP3	fim3-1	23S_rRNA_1	False	1	2026-07-24	project_member_414_of_416_linked_identity_not_in_ENA_fields
BEL::SAMEA117989498	SAMEA117989498	SAMEA117989498		ERR14837894	BEL	Belgium	2019-09-04	2019-09-04	2019-09-04	2019	9	3	day	True	PRJEB88325	ena_study_accession	targeted_belgium_france_public_inventory	historical_tree_anchor	focal_genome_observation	True	public_raw_reads_pending_uniform_qc	True	True	True			ptxP3/fim3-1	pending_new_phylogeny	Branch_IIb	ptxP3/fim3-1		ptxP3	fim3-1	23S_rRNA_1	False	1	2026-07-24	project_member_414_of_416_linked_identity_not_in_ENA_fields
BEL::SAMEA117989499	SAMEA117989499	SAMEA117989499		ERR14837895	BEL	Belgium	2019-09-04	2019-09-04	2019-09-04	2019	9	3	day	True	PRJEB88325	ena_study_accession	targeted_belgium_france_public_inventory	historical_tree_anchor	focal_genome_observation	True	public_raw_reads_pending_uniform_qc	True	True	True			ptxP3/fim3-1	pending_new_phylogeny	Branch_IIb	ptxP3/fim3-1		ptxP3	fim3-1	23S_rRNA_1	False	1	2026-07-24	project_member_414_of_416_linked_identity_not_in_ENA_fields
BEL::SAMEA117989500	SAMEA117989500	SAMEA117989500		ERR14837896	BEL	Belgium	2019-09-05	2019-09-05	2019-09-05	2019	9	3	day	True	PRJEB88325	ena_study_accession	targeted_belgium_france_public_inventory	historical_tree_anchor	focal_genome_observation	True	public_raw_reads_pending_uniform_qc	True	True	True			ptxP3/fim3-1	pending_new_phylogeny	Branch_IIb	ptxP3/fim3-1		ptxP3	fim3-1	23S_rRNA_1	False	1	2026-07-24	project_member_414_of_416_linked_identity_not_in_ENA_fields
BEL::SAMEA117989501	SAMEA117989501	SAMEA117989501		ERR14837897	BEL	Belgium	2019-09-09	2019-09-09	2019-09-09	2019	9	3	day	True	PRJEB88325	ena_study_accession	targeted_belgium_france_public_inventory	historical_tree_anchor	focal_genome_observation	True	public_raw_reads_pending_uniform_qc	True	True	True			ptxP3/fim3-1	pending_new_phylogeny	Branch_IIb	ptxP3/fim3-1		ptxP3	fim3-1	23S_rRNA_1	False	1	2026-07-24	project_member_414_of_416_linked_identity_not_in_ENA_fields
BEL::SAMEA117989502	SAMEA117989502	SAMEA117989502		ERR14837898	BEL	Belgium	2019-09-16	2019-09-16	2019-09-16	2019	9	3	day	True	PRJEB88325	ena_study_accession	targeted_belgium_france_public_inventory	historical_tree_anchor	focal_genome_observation	True	public_raw_reads_pending_uniform_qc	True	True	True			ptxP3/fim3-1	pending_new_phylogeny	Branch_IIb	ptxP3/fim3-1		ptxP3	fim3-1	23S_rRNA_1	False	1	2026-07-24	project_member_414_of_416_linked_identity_not_in_ENA_fields
BEL::SAMEA117989503	SAMEA117989503	SAMEA117989503		ERR14837899	BEL	Belgium	2019-09-22	2019-09-22	2019-09-22	2019	9	3	day	True	PRJEB88325	ena_study_accession	targeted_belgium_france_public_inventory	historical_tree_anchor	focal_genome_observation	True	public_raw_reads_pending_uniform_qc	True	True	True			ptxP3/fim3-1	pending_new_phylogeny	Branch_IIb	ptxP3/fim3-1		ptxP3	fim3-1	23S_rRNA_1	False	1	2026-07-24	project_member_414_of_416_linked_identity_not_in_ENA_fields
BEL::SAMEA117989504	SAMEA117989504	SAMEA117989504		ERR14837900	BEL	Belgium	2019-09-22	2019-09-22	2019-09-22	2019	9	3	day	True	PRJEB88325	ena_study_accession	targeted_belgium_france_public_inventory	historical_tree_anchor	focal_genome_observation	True	public_raw_reads_pending_uniform_qc	True	True	True			ptxP3/fim3-1	pending_new_phylogeny	Branch_IIb	ptxP3/fim3-1		ptxP3	fim3-1	23S_rRNA_1	False	1	2026-07-24	project_member_414_of_416_linked_identity_not_in_ENA_fields
BEL::SAMEA117989505	SAMEA117989505	SAMEA117989505		ERR14837901	BEL	Belgium	2019-09-24	2019-09-24	2019-09-24	2019	9	3	day	True	PRJEB88325	ena_study_accession	targeted_belgium_france_public_inventory	historical_tree_anchor	focal_genome_observation	True	public_raw_reads_pending_uniform_qc	True	True	True				pending_new_phylogeny							False	1	2026-07-24	project_member_414_of_416_linked_identity_not_in_ENA_fields
BEL::SAMEA117989506	SAMEA117989506	SAMEA117989506		ERR14837902	BEL	Belgium	2019-09-30	2019-09-30	2019-09-30	2019	9	3	day	True	PRJEB88325	ena_study_accession	targeted_belgium_france_public_inventory	historical_tree_anchor	focal_genome_observation	True	public_raw_reads_pending_uniform_qc	True	True	True			ptxP3/fim3-1	pending_new_phylogeny	Branch_IIb	ptxP3/fim3-1		ptxP3	fim3-1	23S_rRNA_1	False	1	2026-07-24	project_member_414_of_416_linked_identity_not_in_ENA_fields
BEL::SAMEA117989507	SAMEA117989507	SAMEA117989507		ERR14837903	BEL	Belgium	2019-10-05	2019-10-05	2019-10-05	2019	10	4	day	True	PRJEB88325	ena_study_accession	targeted_belgium_france_public_inventory	historical_tree_anchor	focal_genome_observation	True	public_raw_reads_pending_uniform_qc	True	True	True			MS-MT28	pending_new_phylogeny	Branch_IIb	ptxP3/fim3-1	MS-MT28	ptxP3	fim3-1	23S_rRNA_1	False	1	2026-07-24	project_member_414_of_416_linked_identity_not_in_ENA_fields
BEL::SAMEA117989508	SAMEA117989508	SAMEA117989508		ERR14837904	BEL	Belgium	2019-10-07	2019-10-07	2019-10-07	2019	10	4	day	True	PRJEB88325	ena_study_accession	targeted_belgium_france_public_inventory	historical_tree_anchor	focal_genome_observation	True	public_raw_reads_pending_uniform_qc	True	True	True			ptxP3/fim3-1	pending_new_phylogeny	Branch_IIb	ptxP3/fim3-1		ptxP3	fim3-1	23S_rRNA_1	False	1	2026-07-24	project_member_414_of_416_linked_identity_not_in_ENA_fields
BEL::SAMEA117989509	SAMEA117989509	SAMEA117989509		ERR14837905	BEL	Belgium	2019-10-07	2019-10-07	2019-10-07	2019	10	4	day	True	PRJEB88325	ena_study_accession	targeted_belgium_france_public_inventory	historical_tree_anchor	focal_genome_observation	True	public_raw_reads_pending_uniform_qc	True	True	True			ptxP3/fim3-1	pending_new_phylogeny	Branch_IIb	ptxP3/fim3-1		ptxP3	fim3-1	23S_rRNA_1	False	1	2026-07-24	project_member_414_of_416_linked_identity_not_in_ENA_fields
BEL::SAMEA117989510	SAMEA117989510	SAMEA117989510		ERR14837906	BEL	Belgium	2019-10-18	2019-10-18	2019-10-18	2019	10	4	day	True	PRJEB88325	ena_study_accession	targeted_belgium_france_public_inventory	historical_tree_anchor	focal_genome_observation	True	public_raw_reads_pending_uniform_qc	True	True	True			ptxP3/fim3-1	pending_new_phylogeny	Branch_IIb	ptxP3/fim3-1		ptxP3	fim3-1	23S_rRNA_1	False	1	2026-07-24	project_member_414_of_416_linked_identity_not_in_ENA_fields
BEL::SAMEA117989511	SAMEA117989511	SAMEA117989511		ERR14837907	BEL	Belgium	2020-01-13	2020-01-13	2020-01-13	2020	1	1	day	True	PRJEB88325	ena_study_accession	targeted_belgium_france_public_inventory	focal_model_observation	focal_genome_observation	True	public_raw_reads_pending_uniform_qc	True	True	True			ptxP3/fim3-1	pending_new_phylogeny	Branch_IIb	ptxP3/fim3-1		ptxP3	fim3-1	23S_rRNA_1	False	1	2026-07-24	project_member_414_of_416_linked_identity_not_in_ENA_fields
BEL::SAMEA117989512	SAMEA117989512	SAMEA117989512		ERR14837908	BEL	Belgium	2020-01-15	2020-01-15	2020-01-15	2020	1	1	day	True	PRJEB88325	ena_study_accession	targeted_belgium_france_public_inventory	focal_model_observation	focal_genome_observation	True	public_raw_reads_pending_uniform_qc	True	True	True			ptxP3/fim3-2	pending_new_phylogeny	Branch_IIb	ptxP3/fim3-2		ptxP3	fim3-2	23S_rRNA_1	False	1	2026-07-24	project_member_414_of_416_linked_identity_not_in_ENA_fields
BEL::SAMEA117989513	SAMEA117989513	SAMEA117989513		ERR14837909	BEL	Belgium	2020-01-24	2020-01-24	2020-01-24	2020	1	1	day	True	PRJEB88325	ena_study_accession	targeted_belgium_france_public_inventory	focal_model_observation	focal_genome_observation	True	public_raw_reads_pending_uniform_qc	True	True	True			MS-MT28	pending_new_phylogeny	Branch_IIb	ptxP3/fim3-1	MS-MT28	ptxP3	fim3-1	23S_rRNA_1	False	1	2026-07-24	project_member_414_of_416_linked_identity_not_in_ENA_fields
BEL::SAMEA117989514	SAMEA117989514	SAMEA117989514		ERR14837910	BEL	Belgium	2020-02-21	2020-02-21	2020-02-21	2020	2	1	day	True	PRJEB88325	ena_study_accession	targeted_belgium_france_public_inventory	focal_model_observation	focal_genome_observation	True	public_raw_reads_pending_uniform_qc	True	True	True			ptxP3/fim3-2	pending_new_phylogeny	Branch_IIb	ptxP3/fim3-2		ptxP3	fim3-2	23S_rRNA_1	False	1	2026-07-24	project_member_414_of_416_linked_identity_not_in_ENA_fields
BEL::SAMEA117989515	SAMEA117989515	SAMEA117989515		ERR14837911	BEL	Belgium	2020-03-05	2020-03-05	2020-03-05	2020	3	1	day	True	PRJEB88325	ena_study_accession	targeted_belgium_france_public_inventory	focal_model_observation	focal_genome_observation	True	public_raw_reads_pending_uniform_qc	True	True	True			ptxP3/fim3-2	pending_new_phylogeny	Branch_IIb	ptxP3/fim3-2		ptxP3	fim3-2	23S_rRNA_1	False	1	2026-07-24	project_member_414_of_416_linked_identity_not_in_ENA_fields
BEL::SAMEA117989516	SAMEA117989516	SAMEA117989516		ERR14837912	BEL	Belgium	2020-03-13	2020-03-13	2020-03-13	2020	3	1	day	True	PRJEB88325	ena_study_accession	targeted_belgium_france_public_inventory	focal_model_observation	focal_genome_observation	True	public_raw_reads_pending_uniform_qc	True	True	True			ptxP3/fim3-2	pending_new_phylogeny	Branch_IIb	ptxP3/fim3-2		ptxP3	fim3-2	23S_rRNA_1	False	1	2026-07-24	project_member_414_of_416_linked_identity_not_in_ENA_fields
BEL::SAMEA117989517	SAMEA117989517	SAMEA117989517		ERR14837913	BEL	Belgium	2020-03-16	2020-03-16	2020-03-16	2020	3	1	day	True	PRJEB88325	ena_study_accession	targeted_belgium_france_public_inventory	focal_model_observation	focal_genome_observation	True	public_raw_reads_pending_uniform_qc	True	True	True			ptxP3/fim3-1	pending_new_phylogeny	Branch_IIb	ptxP3/fim3-1		ptxP3	fim3-1	23S_rRNA_1	False	1	2026-07-24	project_member_414_of_416_linked_identity_not_in_ENA_fields
BEL::SAMEA117989518	SAMEA117989518	SAMEA117989518		ERR14837914	BEL	Belgium	2020-03-16	2020-03-16	2020-03-16	2020	3	1	day	True	PRJEB88325	ena_study_accession	targeted_belgium_france_public_inventory	focal_model_observation	focal_genome_observation	True	public_raw_reads_pending_uniform_qc	True	True	True			ptxP3/fim3-2	pending_new_phylogeny	Branch_IIb	ptxP3/fim3-2		ptxP3	fim3-2	23S_rRNA_1	False	1	2026-07-24	project_member_414_of_416_linked_identity_not_in_ENA_fields
BEL::SAMEA117989519	SAMEA117989519	SAMEA117989519		ERR14837915	BEL	Belgium	2020-03-23	2020-03-23	2020-03-23	2020	3	1	day	True	PRJEB88325	ena_study_accession	targeted_belgium_france_public_inventory	focal_model_observation	focal_genome_observation	True	public_raw_reads_pending_uniform_qc	True	True	True			ptxP3/fim3-2	pending_new_phylogeny	Branch_IIb	ptxP3/fim3-2		ptxP3	fim3-2	23S_rRNA_1	False	1	2026-07-24	project_member_414_of_416_linked_identity_not_in_ENA_fields
BEL::SAMEA117989520	SAMEA117989520	SAMEA117989520		ERR14837916	BEL	Belgium	2020-03-23	2020-03-23	2020-03-23	2020	3	1	day	True	PRJEB88325	ena_study_accession	targeted_belgium_france_public_inventory	focal_model_observation	focal_genome_observation	True	public_raw_reads_pending_uniform_qc	True	True	True			ptxP3/fim3-1	pending_new_phylogeny	Branch_IIb	ptxP3/fim3-1		ptxP3	fim3-1	23S_rRNA_1	False	1	2026-07-24	project_member_414_of_416_linked_identity_not_in_ENA_fields
BEL::SAMEA117989521	SAMEA117989521	SAMEA117989521		ERR14837917	BEL	Belgium	2020-04-07	2020-04-07	2020-04-07	2020	4	2	day	True	PRJEB88325	ena_study_accession	targeted_belgium_france_public_inventory	focal_model_observation	focal_genome_observation	True	public_raw_reads_pending_uniform_qc	True	True	True			ptxP3/fim3-1	pending_new_phylogeny	Branch_IIb	ptxP3/fim3-1		ptxP3	fim3-1	23S_rRNA_1	False	1	2026-07-24	project_member_414_of_416_linked_identity_not_in_ENA_fields
BEL::SAMEA117989522	SAMEA117989522	SAMEA117989522		ERR14837918	BEL	Belgium	2020-04-09	2020-04-09	2020-04-09	2020	4	2	day	True	PRJEB88325	ena_study_accession	targeted_belgium_france_public_inventory	focal_model_observation	focal_genome_observation	True	public_raw_reads_pending_uniform_qc	True	True	True			ptxP3/fim3-1	pending_new_phylogeny	Branch_IIb	ptxP3/fim3-1		ptxP3	fim3-1	23S_rRNA_1	False	1	2026-07-24	project_member_414_of_416_linked_identity_not_in_ENA_fields
BEL::SAMEA117989523	SAMEA117989523	SAMEA117989523		ERR14837919	BEL	Belgium	2020-04-24	2020-04-24	2020-04-24	2020	4	2	day	True	PRJEB88325	ena_study_accession	targeted_belgium_france_public_inventory	focal_model_observation	focal_genome_observation	True	public_raw_reads_pending_uniform_qc	True	True	True			ptxP3/fim3-1	pending_new_phylogeny	Branch_IIb	ptxP3/fim3-1		ptxP3	fim3-1	23S_rRNA_1	False	1	2026-07-24	project_member_414_of_416_linked_identity_not_in_ENA_fields
BEL::SAMEA117989524	SAMEA117989524	SAMEA117989524		ERR14837920	BEL	Belgium	2020-05-20	2020-05-20	2020-05-20	2020	5	2	day	True	PRJEB88325	ena_study_accession	targeted_belgium_france_public_inventory	focal_model_observation	focal_genome_observation	True	public_raw_reads_pending_uniform_qc	True	True	True			ptxP3/fim3-2	pending_new_phylogeny	Branch_IIb	ptxP3/fim3-2		ptxP3	fim3-2	23S_rRNA_1	False	1	2026-07-24	project_member_414_of_416_linked_identity_not_in_ENA_fields
BEL::SAMEA117989525	SAMEA117989525	SAMEA117989525		ERR14837921	BEL	Belgium	2022-08-01	2022-08-01	2022-08-01	2022	8	3	day	True	PRJEB88325	ena_study_accession	targeted_belgium_france_public_inventory	focal_model_observation	focal_genome_observation	True	public_raw_reads_pending_uniform_qc	True	True	True			Europe sublineage 2	pending_new_phylogeny	Branch_IIb	ptxP3/fim3-1	Europe sublineage 2	ptxP3	fim3-1	23S_rRNA_1	False	1	2026-07-24	project_member_414_of_416_linked_identity_not_in_ENA_fields
BEL::SAMEA117989526	SAMEA117989526	SAMEA117989526		ERR14837922	BEL	Belgium	2022-11-14	2022-11-14	2022-11-14	2022	11	4	day	True	PRJEB88325	ena_study_accession	targeted_belgium_france_public_inventory	focal_model_observation	focal_genome_observation	True	public_raw_reads_pending_uniform_qc	True	True	True			Europe sublineage 2	pending_new_phylogeny	Branch_IIb	ptxP3/fim3-1	Europe sublineage 2	ptxP3	fim3-1	23S_rRNA_1	False	1	2026-07-24	project_member_414_of_416_linked_identity_not_in_ENA_fields
BEL::SAMEA117989527	SAMEA117989527	SAMEA117989527		ERR14837923	BEL	Belgium	2022-11-25	2022-11-25	2022-11-25	2022	11	4	day	True	PRJEB88325	ena_study_accession	targeted_belgium_france_public_inventory	focal_model_observation	focal_genome_observation	True	public_raw_reads_pending_uniform_qc	True	True	True			Europe sublineage 2	pending_new_phylogeny	Branch_IIb	ptxP3/fim3-1	Europe sublineage 2	ptxP3	fim3-1	23S_rRNA_1	False	1	2026-07-24	project_member_414_of_416_linked_identity_not_in_ENA_fields
BEL::SAMEA117989528	SAMEA117989528	SAMEA117989528		ERR14837924	BEL	Belgium	2023-01-23	2023-01-23	2023-01-23	2023	1	1	day	True	PRJEB88325	ena_study_accession	targeted_belgium_france_public_inventory	focal_model_observation	focal_genome_observation	True	public_raw_reads_pending_uniform_qc	True	True	True			Europe sublineage 2	pending_new_phylogeny	Branch_IIb	ptxP3/fim3-1	Europe sublineage 2	ptxP3	fim3-1	23S_rRNA_1	False	1	2026-07-24	project_member_414_of_416_linked_identity_not_in_ENA_fields
BEL::SAMEA117989529	SAMEA117989529	SAMEA117989529		ERR14837925	BEL	Belgium	2023-03-31	2023-03-31	2023-03-31	2023	3	1	day	True	PRJEB88325	ena_study_accession	targeted_belgium_france_public_inventory	focal_model_observation	focal_genome_observation	True	public_raw_reads_pending_uniform_qc	True	True	True			Europe sublineage 2	pending_new_phylogeny	Branch_IIb	ptxP3/fim3-1	Europe sublineage 2	ptxP3	fim3-1	23S_rRNA_1	False	1	2026-07-24	project_member_414_of_416_linked_identity_not_in_ENA_fields
BEL::SAMEA117989530	SAMEA117989530	SAMEA117989530		ERR14837926	BEL	Belgium	2023-04-21	2023-04-21	2023-04-21	2023	4	2	day	True	PRJEB88325	ena_study_accession	targeted_belgium_france_public_inventory	focal_model_observation	focal_genome_observation	True	public_raw_reads_pending_uniform_qc	True	True	True			Europe sublineage 2	pending_new_phylogeny	Branch_IIb	ptxP3/fim3-1	Europe sublineage 2	ptxP3	fim3-1	23S_rRNA_1	False	1	2026-07-24	project_member_414_of_416_linked_identity_not_in_ENA_fields
BEL::SAMEA117989531	SAMEA117989531	SAMEA117989531		ERR14837927	BEL	Belgium	2023-04-21	2023-04-21	2023-04-21	2023	4	2	day	True	PRJEB88325	ena_study_accession	targeted_belgium_france_public_inventory	focal_model_observation	focal_genome_observation	True	public_raw_reads_pending_uniform_qc	True	True	True			Europe sublineage 2	pending_new_phylogeny	Branch_IIb	ptxP3/fim3-1	Europe sublineage 2	ptxP3	fim3-1	23S_rRNA_1	False	1	2026-07-24	project_member_414_of_416_linked_identity_not_in_ENA_fields
BEL::SAMEA117989532	SAMEA117989532	SAMEA117989532		ERR14837928	BEL	Belgium	2023-04-25	2023-04-25	2023-04-25	2023	4	2	day	True	PRJEB88325	ena_study_accession	targeted_belgium_france_public_inventory	focal_model_observation	focal_genome_observation	True	public_raw_reads_pending_uniform_qc	True	True	True			Europe sublineage 2	pending_new_phylogeny	Branch_IIb	ptxP3/fim3-1	Europe sublineage 2	ptxP3	fim3-1	23S_rRNA_1	False	1	2026-07-24	project_member_414_of_416_linked_identity_not_in_ENA_fields
BEL::SAMEA117989533	SAMEA117989533	SAMEA117989533		ERR14837929	BEL	Belgium	2023-05-08	2023-05-08	2023-05-08	2023	5	2	day	True	PRJEB88325	ena_study_accession	targeted_belgium_france_public_inventory	focal_model_observation	focal_genome_observation	True	public_raw_reads_pending_uniform_qc	True	True	True			Europe sublineage 2	pending_new_phylogeny	Branch_IIb	ptxP3/fim3-1	Europe sublineage 2	ptxP3	fim3-1	23S_rRNA_1	False	1	2026-07-24	project_member_414_of_416_linked_identity_not_in_ENA_fields
BEL::SAMEA117989534	SAMEA117989534	SAMEA117989534		ERR14837930	BEL	Belgium	2023-05-09	2023-05-09	2023-05-09	2023	5	2	day	True	PRJEB88325	ena_study_accession	targeted_belgium_france_public_inventory	focal_model_observation	focal_genome_observation	True	public_raw_reads_pending_uniform_qc	True	True	True			Europe sublineage 2	pending_new_phylogeny	Branch_IIb	ptxP3/fim3-1	Europe sublineage 2	ptxP3	fim3-1	23S_rRNA_1	False	1	2026-07-24	project_member_414_of_416_linked_identity_not_in_ENA_fields
BEL::SAMEA117989535	SAMEA117989535	SAMEA117989535		ERR14837931	BEL	Belgium	2023-05-14	2023-05-14	2023-05-14	2023	5	2	day	True	PRJEB88325	ena_study_accession	targeted_belgium_france_public_inventory	focal_model_observation	focal_genome_observation	True	public_raw_reads_pending_uniform_qc	True	True	True			Europe sublineage 1	pending_new_phylogeny	Branch_IIb	ptxP3/fim3-1	Europe sublineage 1	ptxP3	fim3-1	23S_rRNA_1	False	1	2026-07-24	project_member_414_of_416_linked_identity_not_in_ENA_fields
BEL::SAMEA117989536	SAMEA117989536	SAMEA117989536		ERR14837932	BEL	Belgium	2023-05-24	2023-05-24	2023-05-24	2023	5	2	day	True	PRJEB88325	ena_study_accession	targeted_belgium_france_public_inventory	focal_model_observation	focal_genome_observation	True	public_raw_reads_pending_uniform_qc	True	True	True			Europe sublineage 2	pending_new_phylogeny	Branch_IIb	ptxP3/fim3-1	Europe sublineage 2	ptxP3	fim3-1	23S_rRNA_1	False	1	2026-07-24	project_member_414_of_416_linked_identity_not_in_ENA_fields
BEL::SAMEA117989537	SAMEA117989537	SAMEA117989537		ERR14837933	BEL	Belgium	2023-06-01	2023-06-01	2023-06-01	2023	6	2	day	True	PRJEB88325	ena_study_accession	targeted_belgium_france_public_inventory	focal_model_observation	focal_genome_observation	True	public_raw_reads_pending_uniform_qc	True	True	True			Europe sublineage 2	pending_new_phylogeny	Branch_IIb	ptxP3/fim3-1	Europe sublineage 2	ptxP3	fim3-1	23S_rRNA_1	False	1	2026-07-24	project_member_414_of_416_linked_identity_not_in_ENA_fields
BEL::SAMEA117989538	SAMEA117989538	SAMEA117989538		ERR14837934	BEL	Belgium	2023-06-07	2023-06-07	2023-06-07	2023	6	2	day	True	PRJEB88325	ena_study_accession	targeted_belgium_france_public_inventory	focal_model_observation	focal_genome_observation	True	public_raw_reads_pending_uniform_qc	True	True	True			Europe sublineage 2	pending_new_phylogeny	Branch_IIb	ptxP3/fim3-1	Europe sublineage 2	ptxP3	fim3-1	23S_rRNA_1	False	1	2026-07-24	project_member_414_of_416_linked_identity_not_in_ENA_fields
BEL::SAMEA117989539	SAMEA117989539	SAMEA117989539		ERR14837935	BEL	Belgium	2023-06-07	2023-06-07	2023-06-07	2023	6	2	day	True	PRJEB88325	ena_study_accession	targeted_belgium_france_public_inventory	focal_model_observation	focal_genome_observation	True	public_raw_reads_pending_uniform_qc	True	True	True			Europe sublineage 2	pending_new_phylogeny	Branch_IIb	ptxP3/fim3-1	Europe sublineage 2	ptxP3	fim3-1	23S_rRNA_1	False	1	2026-07-24	project_member_414_of_416_linked_identity_not_in_ENA_fields
BEL::SAMEA117989540	SAMEA117989540	SAMEA117989540		ERR14837936	BEL	Belgium	2023-06-12	2023-06-12	2023-06-12	2023	6	2	day	True	PRJEB88325	ena_study_accession	targeted_belgium_france_public_inventory	focal_model_observation	focal_genome_observation	True	public_raw_reads_pending_uniform_qc	True	True	True			Europe sublineage 1	pending_new_phylogeny	Branch_IIb	ptxP3/fim3-1	Europe sublineage 1	ptxP3	fim3-1	23S_rRNA_1	False	1	2026-07-24	project_member_414_of_416_linked_identity_not_in_ENA_fields
BEL::SAMEA117989541	SAMEA117989541	SAMEA117989541		ERR14837937	BEL	Belgium	2023-06-12	2023-06-12	2023-06-12	2023	6	2	day	True	PRJEB88325	ena_study_accession	targeted_belgium_france_public_inventory	focal_model_observation	focal_genome_observation	True	public_raw_reads_pending_uniform_qc	True	True	True			others	pending_new_phylogeny	Branch_IIb	others		ptxP1	fim3-4	23S_rRNA_1	False	1	2026-07-24	project_member_414_of_416_linked_identity_not_in_ENA_fields
BEL::SAMEA117989542	SAMEA117989542	SAMEA117989542		ERR14837938	BEL	Belgium	2023-06-12	2023-06-12	2023-06-12	2023	6	2	day	True	PRJEB88325	ena_study_accession	targeted_belgium_france_public_inventory	focal_model_observation	focal_genome_observation	True	public_raw_reads_pending_uniform_qc	True	True	True			Europe sublineage 2	pending_new_phylogeny	Branch_IIb	ptxP3/fim3-1	Europe sublineage 2	ptxP3	fim3-1	23S_rRNA_1	False	1	2026-07-24	project_member_414_of_416_linked_identity_not_in_ENA_fields
BEL::SAMEA117989543	SAMEA117989543	SAMEA117989543		ERR14837939	BEL	Belgium	2023-06-09	2023-06-09	2023-06-09	2023	6	2	day	True	PRJEB88325	ena_study_accession	targeted_belgium_france_public_inventory	focal_model_observation	focal_genome_observation	True	public_raw_reads_pending_uniform_qc	True	True	True			Europe sublineage 2	pending_new_phylogeny	Branch_IIb	ptxP3/fim3-1	Europe sublineage 2	ptxP3	fim3-1	23S_rRNA_1	False	1	2026-07-24	project_member_414_of_416_linked_identity_not_in_ENA_fields
BEL::SAMEA117989544	SAMEA117989544	SAMEA117989544		ERR14837940	BEL	Belgium	2023-06-20	2023-06-20	2023-06-20	2023	6	2	day	True	PRJEB88325	ena_study_accession	targeted_belgium_france_public_inventory	focal_model_observation	focal_genome_observation	True	public_raw_reads_pending_uniform_qc	True	True	True			Europe sublineage 2	pending_new_phylogeny	Branch_IIb	ptxP3/fim3-1	Europe sublineage 2	ptxP3	fim3-1	23S_rRNA_1	False	1	2026-07-24	project_member_414_of_416_linked_identity_not_in_ENA_fields
BEL::SAMEA117989545	SAMEA117989545	SAMEA117989545		ERR14837941	BEL	Belgium	2023-07-07	2023-07-07	2023-07-07	2023	7	3	day	True	PRJEB88325	ena_study_accession	targeted_belgium_france_public_inventory	focal_model_observation	focal_genome_observation	True	public_raw_reads_pending_uniform_qc	True	True	True			MS-MT28	pending_new_phylogeny	Branch_IIb	ptxP3/fim3-1	MS-MT28	ptxP3	fim3-1	23S_rRNA_1	False	1	2026-07-24	project_member_414_of_416_linked_identity_not_in_ENA_fields
BEL::SAMEA117989546	SAMEA117989546	SAMEA117989546		ERR14837942	BEL	Belgium	2023-07-10	2023-07-10	2023-07-10	2023	7	3	day	True	PRJEB88325	ena_study_accession	targeted_belgium_france_public_inventory	focal_model_observation	focal_genome_observation	True	public_raw_reads_pending_uniform_qc	True	True	True			others	pending_new_phylogeny	Branch_IIb	others		ptxP1	fim3-4	23S_rRNA_1	False	1	2026-07-24	project_member_414_of_416_linked_identity_not_in_ENA_fields
BEL::SAMEA117989547	SAMEA117989547	SAMEA117989547		ERR14837943	BEL	Belgium	2023-07-03	2023-07-03	2023-07-03	2023	7	3	day	True	PRJEB88325	ena_study_accession	targeted_belgium_france_public_inventory	focal_model_observation	focal_genome_observation	True	public_raw_reads_pending_uniform_qc	True	True	True			ptxP3/fim3-2	pending_new_phylogeny	Branch_IIb	ptxP3/fim3-2		ptxP3	fim3-2	23S_rRNA_1	False	1	2026-07-24	project_member_414_of_416_linked_identity_not_in_ENA_fields
BEL::SAMEA117989548	SAMEA117989548	SAMEA117989548		ERR14837944	BEL	Belgium	2023-07-19	2023-07-19	2023-07-19	2023	7	3	day	True	PRJEB88325	ena_study_accession	targeted_belgium_france_public_inventory	focal_model_observation	focal_genome_observation	True	public_raw_reads_pending_uniform_qc	True	True	True			Europe sublineage 2	pending_new_phylogeny	Branch_IIb	ptxP3/fim3-1	Europe sublineage 2	ptxP3	fim3-1	23S_rRNA_1	False	1	2026-07-24	project_member_414_of_416_linked_identity_not_in_ENA_fields
BEL::SAMEA117989549	SAMEA117989549	SAMEA117989549		ERR14837945	BEL	Belgium	2023-07-24	2023-07-24	2023-07-24	2023	7	3	day	True	PRJEB88325	ena_study_accession	targeted_belgium_france_public_inventory	focal_model_observation	focal_genome_observation	True	public_raw_reads_pending_uniform_qc	True	True	True			Europe sublineage 1	pending_new_phylogeny	Branch_IIb	ptxP3/fim3-1	Europe sublineage 1	ptxP3	fim3-1	23S_rRNA_1	False	1	2026-07-24	project_member_414_of_416_linked_identity_not_in_ENA_fields
BEL::SAMEA117989550	SAMEA117989550	SAMEA117989550		ERR14837946	BEL	Belgium	2023-07-25	2023-07-25	2023-07-25	2023	7	3	day	True	PRJEB88325	ena_study_accession	targeted_belgium_france_public_inventory	focal_model_observation	focal_genome_observation	True	public_raw_reads_pending_uniform_qc	True	True	True			others	pending_new_phylogeny	Branch_IIb	others		ptxP1	fim3-4	23S_rRNA_1	False	1	2026-07-24	project_member_414_of_416_linked_identity_not_in_ENA_fields
BEL::SAMEA117989551	SAMEA117989551	SAMEA117989551		ERR14837947	BEL	Belgium	2023-07-20	2023-07-20	2023-07-20	2023	7	3	day	True	PRJEB88325	ena_study_accession	targeted_belgium_france_public_inventory	focal_model_observation	focal_genome_observation	True	public_raw_reads_pending_uniform_qc	True	True	True			Europe sublineage 2	pending_new_phylogeny	Branch_IIb	ptxP3/fim3-1	Europe sublineage 2	ptxP3	fim3-1	23S_rRNA_1	False	1	2026-07-24	project_member_414_of_416_linked_identity_not_in_ENA_fields
BEL::SAMEA117989552	SAMEA117989552	SAMEA117989552		ERR14837948	BEL	Belgium	2023-07-30	2023-07-30	2023-07-30	2023	7	3	day	True	PRJEB88325	ena_study_accession	targeted_belgium_france_public_inventory	focal_model_observation	focal_genome_observation	True	public_raw_reads_pending_uniform_qc	True	True	True			Europe sublineage 2	pending_new_phylogeny	Branch_IIb	ptxP3/fim3-1	Europe sublineage 2	ptxP3	fim3-1	23S_rRNA_1	False	1	2026-07-24	project_member_414_of_416_linked_identity_not_in_ENA_fields
BEL::SAMEA117989553	SAMEA117989553	SAMEA117989553		ERR14837949	BEL	Belgium	2023-07-27	2023-07-27	2023-07-27	2023	7	3	day	True	PRJEB88325	ena_study_accession	targeted_belgium_france_public_inventory	focal_model_observation	focal_genome_observation	True	public_raw_reads_pending_uniform_qc	True	True	True			Europe sublineage 2	pending_new_phylogeny	Branch_IIb	ptxP3/fim3-1	Europe sublineage 2	ptxP3	fim3-1	23S_rRNA_1	False	1	2026-07-24	project_member_414_of_416_linked_identity_not_in_ENA_fields
BEL::SAMEA117989554	SAMEA117989554	SAMEA117989554		ERR14837950	BEL	Belgium	2023-07-28	2023-07-28	2023-07-28	2023	7	3	day	True	PRJEB88325	ena_study_accession	targeted_belgium_france_public_inventory	focal_model_observation	focal_genome_observation	True	public_raw_reads_pending_uniform_qc	True	True	True			Europe sublineage 2	pending_new_phylogeny	Branch_IIb	ptxP3/fim3-1	Europe sublineage 2	ptxP3	fim3-1	23S_rRNA_1	False	1	2026-07-24	project_member_414_of_416_linked_identity_not_in_ENA_fields
BEL::SAMEA117989555	SAMEA117989555	SAMEA117989555		ERR14837951	BEL	Belgium	2023-08-01	2023-08-01	2023-08-01	2023	8	3	day	True	PRJEB88325	ena_study_accession	targeted_belgium_france_public_inventory	focal_model_observation	focal_genome_observation	True	public_raw_reads_pending_uniform_qc	True	True	True			Europe sublineage 2	pending_new_phylogeny	Branch_IIb	ptxP3/fim3-1	Europe sublineage 2	ptxP3	fim3-1	23S_rRNA_1	False	1	2026-07-24	project_member_414_of_416_linked_identity_not_in_ENA_fields
BEL::SAMEA117989556	SAMEA117989556	SAMEA117989556		ERR14837952	BEL	Belgium	2023-08-04	2023-08-04	2023-08-04	2023	8	3	day	True	PRJEB88325	ena_study_accession	targeted_belgium_france_public_inventory	focal_model_observation	focal_genome_observation	True	public_raw_reads_pending_uniform_qc	True	True	True			Europe sublineage 1	pending_new_phylogeny	Branch_IIb	ptxP3/fim3-1	Europe sublineage 1	ptxP3	fim3-1	23S_rRNA_1	False	1	2026-07-24	project_member_414_of_416_linked_identity_not_in_ENA_fields
BEL::SAMEA117989557	SAMEA117989557	SAMEA117989557		ERR14837953	BEL	Belgium	2023-08-07	2023-08-07	2023-08-07	2023	8	3	day	True	PRJEB88325	ena_study_accession	targeted_belgium_france_public_inventory	focal_model_observation	focal_genome_observation	True	public_raw_reads_pending_uniform_qc	True	True	True			Europe sublineage 2	pending_new_phylogeny	Branch_IIb	ptxP3/fim3-1	Europe sublineage 2	ptxP3	fim3-1	23S_rRNA_1	False	1	2026-07-24	project_member_414_of_416_linked_identity_not_in_ENA_fields
BEL::SAMEA117989558	SAMEA117989558	SAMEA117989558		ERR14837954	BEL	Belgium	2023-08-21	2023-08-21	2023-08-21	2023	8	3	day	True	PRJEB88325	ena_study_accession	targeted_belgium_france_public_inventory	focal_model_observation	focal_genome_observation	True	public_raw_reads_pending_uniform_qc	True	True	True			Europe sublineage 1	pending_new_phylogeny	Branch_IIb	ptxP3/fim3-1	Europe sublineage 1	ptxP3	fim3-1	23S_rRNA_1	False	1	2026-07-24	project_member_414_of_416_linked_identity_not_in_ENA_fields
BEL::SAMEA117989559	SAMEA117989559	SAMEA117989559		ERR14837955	BEL	Belgium	2023-08-22	2023-08-22	2023-08-22	2023	8	3	day	True	PRJEB88325	ena_study_accession	targeted_belgium_france_public_inventory	focal_model_observation	focal_genome_observation	True	public_raw_reads_pending_uniform_qc	True	True	True			Europe sublineage 2	pending_new_phylogeny	Branch_IIb	ptxP3/fim3-1	Europe sublineage 2	ptxP3	fim3-1	23S_rRNA_1	False	1	2026-07-24	project_member_414_of_416_linked_identity_not_in_ENA_fields
BEL::SAMEA117989560	SAMEA117989560	SAMEA117989560		ERR14837956	BEL	Belgium	2023-08-28	2023-08-28	2023-08-28	2023	8	3	day	True	PRJEB88325	ena_study_accession	targeted_belgium_france_public_inventory	focal_model_observation	focal_genome_observation	True	public_raw_reads_pending_uniform_qc	True	True	True			Europe sublineage 2	pending_new_phylogeny	Branch_IIb	ptxP3/fim3-1	Europe sublineage 2	ptxP3	fim3-1	23S_rRNA_1	False	1	2026-07-24	project_member_414_of_416_linked_identity_not_in_ENA_fields
BEL::SAMEA117989561	SAMEA117989561	SAMEA117989561		ERR14837957	BEL	Belgium	2023-08-28	2023-08-28	2023-08-28	2023	8	3	day	True	PRJEB88325	ena_study_accession	targeted_belgium_france_public_inventory	focal_model_observation	focal_genome_observation	True	public_raw_reads_pending_uniform_qc	True	True	True			Europe sublineage 2	pending_new_phylogeny	Branch_IIb	ptxP3/fim3-1	Europe sublineage 2	ptxP3	fim3-1	23S_rRNA_1	False	1	2026-07-24	project_member_414_of_416_linked_identity_not_in_ENA_fields
BEL::SAMEA117989562	SAMEA117989562	SAMEA117989562		ERR14837958	BEL	Belgium	2023-08-26	2023-08-26	2023-08-26	2023	8	3	day	True	PRJEB88325	ena_study_accession	targeted_belgium_france_public_inventory	focal_model_observation	focal_genome_observation	True	public_raw_reads_pending_uniform_qc	True	True	True			Europe sublineage 2	pending_new_phylogeny	Branch_IIb	ptxP3/fim3-1	Europe sublineage 2	ptxP3	fim3-1	23S_rRNA_1	False	1	2026-07-24	project_member_414_of_416_linked_identity_not_in_ENA_fields
BEL::SAMEA117989563	SAMEA117989563	SAMEA117989563		ERR14837959	BEL	Belgium	2023-08-26	2023-08-26	2023-08-26	2023	8	3	day	True	PRJEB88325	ena_study_accession	targeted_belgium_france_public_inventory	focal_model_observation	focal_genome_observation	True	public_raw_reads_pending_uniform_qc	True	True	True			Europe sublineage 2	pending_new_phylogeny	Branch_IIb	ptxP3/fim3-1	Europe sublineage 2	ptxP3	fim3-1	23S_rRNA_1	False	1	2026-07-24	project_member_414_of_416_linked_identity_not_in_ENA_fields
BEL::SAMEA117989564	SAMEA117989564	SAMEA117989564		ERR14837960	BEL	Belgium	2023-08-31	2023-08-31	2023-08-31	2023	8	3	day	True	PRJEB88325	ena_study_accession	targeted_belgium_france_public_inventory	focal_model_observation	focal_genome_observation	True	public_raw_reads_pending_uniform_qc	True	True	True			Europe sublineage 2	pending_new_phylogeny	Branch_IIb	ptxP3/fim3-1	Europe sublineage 2	ptxP3	fim3-1	23S_rRNA_1	False	1	2026-07-24	project_member_414_of_416_linked_identity_not_in_ENA_fields
BEL::SAMEA117989565	SAMEA117989565	SAMEA117989565		ERR14837961	BEL	Belgium	2023-08-30	2023-08-30	2023-08-30	2023	8	3	day	True	PRJEB88325	ena_study_accession	targeted_belgium_france_public_inventory	focal_model_observation	focal_genome_observation	True	public_raw_reads_pending_uniform_qc	True	True	True			Europe sublineage 2	pending_new_phylogeny	Branch_IIb	ptxP3/fim3-1	Europe sublineage 2	ptxP3	fim3-1	23S_rRNA_1	False	1	2026-07-24	project_member_414_of_416_linked_identity_not_in_ENA_fields
BEL::SAMEA117989566	SAMEA117989566	SAMEA117989566		ERR14837962	BEL	Belgium	2023-09-02	2023-09-02	2023-09-02	2023	9	3	day	True	PRJEB88325	ena_study_accession	targeted_belgium_france_public_inventory	focal_model_observation	focal_genome_observation	True	public_raw_reads_pending_uniform_qc	True	True	True			Europe sublineage 1	pending_new_phylogeny	Branch_IIb	ptxP3/fim3-1	Europe sublineage 1	ptxP3	fim3-1	23S_rRNA_1	False	1	2026-07-24	project_member_414_of_416_linked_identity_not_in_ENA_fields
BEL::SAMEA117989567	SAMEA117989567	SAMEA117989567		ERR14837963	BEL	Belgium	2023-09-07	2023-09-07	2023-09-07	2023	9	3	day	True	PRJEB88325	ena_study_accession	targeted_belgium_france_public_inventory	focal_model_observation	focal_genome_observation	True	public_raw_reads_pending_uniform_qc	True	True	True			Europe sublineage 2	pending_new_phylogeny	Branch_IIb	ptxP3/fim3-1	Europe sublineage 2	ptxP3	fim3-1	23S_rRNA_1	False	1	2026-07-24	project_member_414_of_416_linked_identity_not_in_ENA_fields
BEL::SAMEA117989568	SAMEA117989568	SAMEA117989568		ERR14837964	BEL	Belgium	2023-09-08	2023-09-08	2023-09-08	2023	9	3	day	True	PRJEB88325	ena_study_accession	targeted_belgium_france_public_inventory	focal_model_observation	focal_genome_observation	True	public_raw_reads_pending_uniform_qc	True	True	True			Europe sublineage 2	pending_new_phylogeny	Branch_IIb	ptxP3/fim3-1	Europe sublineage 2	ptxP3	fim3-1	23S_rRNA_1	False	1	2026-07-24	project_member_414_of_416_linked_identity_not_in_ENA_fields
BEL::SAMEA117989569	SAMEA117989569	SAMEA117989569		ERR14837965	BEL	Belgium	2023-09-08	2023-09-08	2023-09-08	2023	9	3	day	True	PRJEB88325	ena_study_accession	targeted_belgium_france_public_inventory	focal_model_observation	focal_genome_observation	True	public_raw_reads_pending_uniform_qc	True	True	True			Europe sublineage 2	pending_new_phylogeny	Branch_IIb	ptxP3/fim3-1	Europe sublineage 2	ptxP3	fim3-1	23S_rRNA_1	False	1	2026-07-24	project_member_414_of_416_linked_identity_not_in_ENA_fields
BEL::SAMEA117989570	SAMEA117989570	SAMEA117989570		ERR14837966	BEL	Belgium	2023-09-08	2023-09-08	2023-09-08	2023	9	3	day	True	PRJEB88325	ena_study_accession	targeted_belgium_france_public_inventory	focal_model_observation	focal_genome_observation	True	public_raw_reads_pending_uniform_qc	True	True	True			Europe sublineage 2	pending_new_phylogeny	Branch_IIb	ptxP3/fim3-1	Europe sublineage 2	ptxP3	fim3-1	23S_rRNA_1	False	1	2026-07-24	project_member_414_of_416_linked_identity_not_in_ENA_fields
BEL::SAMEA117989571	SAMEA117989571	SAMEA117989571		ERR14837967	BEL	Belgium	2023-09-14	2023-09-14	2023-09-14	2023	9	3	day	True	PRJEB88325	ena_study_accession	targeted_belgium_france_public_inventory	focal_model_observation	focal_genome_observation	True	public_raw_reads_pending_uniform_qc	True	True	True			Europe sublineage 2	pending_new_phylogeny	Branch_IIb	ptxP3/fim3-1	Europe sublineage 2	ptxP3	fim3-1	23S_rRNA_1	False	1	2026-07-24	project_member_414_of_416_linked_identity_not_in_ENA_fields
BEL::SAMEA117989572	SAMEA117989572	SAMEA117989572		ERR14837968	BEL	Belgium	2023-09-19	2023-09-19	2023-09-19	2023	9	3	day	True	PRJEB88325	ena_study_accession	targeted_belgium_france_public_inventory	focal_model_observation	focal_genome_observation	True	public_raw_reads_pending_uniform_qc	True	True	True			Europe sublineage 2	pending_new_phylogeny	Branch_IIb	ptxP3/fim3-1	Europe sublineage 2	ptxP3	fim3-1	23S_rRNA_1	False	1	2026-07-24	project_member_414_of_416_linked_identity_not_in_ENA_fields
BEL::SAMEA117989573	SAMEA117989573	SAMEA117989573		ERR14837969	BEL	Belgium	2023-09-25	2023-09-25	2023-09-25	2023	9	3	day	True	PRJEB88325	ena_study_accession	targeted_belgium_france_public_inventory	focal_model_observation	focal_genome_observation	True	public_raw_reads_pending_uniform_qc	True	True	True			MS-MT28	pending_new_phylogeny	Branch_IIb	ptxP3/fim3-1	MS-MT28	ptxP3	fim3-1	23S_rRNA_1	False	1	2026-07-24	project_member_414_of_416_linked_identity_not_in_ENA_fields
BEL::SAMEA117989574	SAMEA117989574	SAMEA117989574		ERR14837970	BEL	Belgium	2023-09-25	2023-09-25	2023-09-25	2023	9	3	day	True	PRJEB88325	ena_study_accession	targeted_belgium_france_public_inventory	focal_model_observation	focal_genome_observation	True	public_raw_reads_pending_uniform_qc	True	True	True			Europe sublineage 2	pending_new_phylogeny	Branch_IIb	ptxP3/fim3-1	Europe sublineage 2	ptxP3	fim3-1	23S_rRNA_1	False	1	2026-07-24	project_member_414_of_416_linked_identity_not_in_ENA_fields
BEL::SAMEA117989575	SAMEA117989575	SAMEA117989575		ERR14837971	BEL	Belgium	2023-09-26	2023-09-26	2023-09-26	2023	9	3	day	True	PRJEB88325	ena_study_accession	targeted_belgium_france_public_inventory	focal_model_observation	focal_genome_observation	True	public_raw_reads_pending_uniform_qc	True	True	True			Europe sublineage 1	pending_new_phylogeny	Branch_IIb	ptxP3/fim3-1	Europe sublineage 1	ptxP3	fim3-1	23S_rRNA_1	False	1	2026-07-24	project_member_414_of_416_linked_identity_not_in_ENA_fields
BEL::SAMEA117989576	SAMEA117989576	SAMEA117989576		ERR14837972	BEL	Belgium	2023-10-02	2023-10-02	2023-10-02	2023	10	4	day	True	PRJEB88325	ena_study_accession	targeted_belgium_france_public_inventory	focal_model_observation	focal_genome_observation	True	public_raw_reads_pending_uniform_qc	True	True	True			Europe sublineage 1	pending_new_phylogeny	Branch_IIb	ptxP3/fim3-1	Europe sublineage 1	ptxP3	fim3-1	23S_rRNA_1	False	1	2026-07-24	project_member_414_of_416_linked_identity_not_in_ENA_fields
BEL::SAMEA117989577	SAMEA117989577	SAMEA117989577		ERR14837973	BEL	Belgium	2023-10-05	2023-10-05	2023-10-05	2023	10	4	day	True	PRJEB88325	ena_study_accession	targeted_belgium_france_public_inventory	focal_model_observation	focal_genome_observation	True	public_raw_reads_pending_uniform_qc	True	True	True			Europe sublineage 2	pending_new_phylogeny	Branch_IIb	ptxP3/fim3-1	Europe sublineage 2	ptxP3	fim3-1	23S_rRNA_1	False	1	2026-07-24	project_member_414_of_416_linked_identity_not_in_ENA_fields
BEL::SAMEA117989578	SAMEA117989578	SAMEA117989578		ERR14837974	BEL	Belgium	2023-10-08	2023-10-08	2023-10-08	2023	10	4	day	True	PRJEB88325	ena_study_accession	targeted_belgium_france_public_inventory	focal_model_observation	focal_genome_observation	True	public_raw_reads_pending_uniform_qc	True	True	True			Europe sublineage 1	pending_new_phylogeny	Branch_IIb	ptxP3/fim3-1	Europe sublineage 1	ptxP3	fim3-1	23S_rRNA_1	False	1	2026-07-24	project_member_414_of_416_linked_identity_not_in_ENA_fields
BEL::SAMEA117989579	SAMEA117989579	SAMEA117989579		ERR14837975	BEL	Belgium	2023-10-12	2023-10-12	2023-10-12	2023	10	4	day	True	PRJEB88325	ena_study_accession	targeted_belgium_france_public_inventory	focal_model_observation	focal_genome_observation	True	public_raw_reads_pending_uniform_qc	True	True	True			ptxP3/fim3-2	pending_new_phylogeny	Branch_IIb	ptxP3/fim3-2		ptxP3	fim3-2	23S_rRNA_1	False	1	2026-07-24	project_member_414_of_416_linked_identity_not_in_ENA_fields
BEL::SAMEA117989580	SAMEA117989580	SAMEA117989580		ERR14837976	BEL	Belgium	2023-10-13	2023-10-13	2023-10-13	2023	10	4	day	True	PRJEB88325	ena_study_accession	targeted_belgium_france_public_inventory	focal_model_observation	focal_genome_observation	True	public_raw_reads_pending_uniform_qc	True	True	True			Europe sublineage 2	pending_new_phylogeny	Branch_IIb	ptxP3/fim3-1	Europe sublineage 2	ptxP3	fim3-1	23S_rRNA_1	False	1	2026-07-24	project_member_414_of_416_linked_identity_not_in_ENA_fields
BEL::SAMEA117989581	SAMEA117989581	SAMEA117989581		ERR14837977	BEL	Belgium	2023-10-18	2023-10-18	2023-10-18	2023	10	4	day	True	PRJEB88325	ena_study_accession	targeted_belgium_france_public_inventory	focal_model_observation	focal_genome_observation	True	public_raw_reads_pending_uniform_qc	True	True	True			Europe sublineage 2	pending_new_phylogeny	Branch_IIb	ptxP3/fim3-1	Europe sublineage 2	ptxP3	fim3-1	23S_rRNA_1	False	1	2026-07-24	project_member_414_of_416_linked_identity_not_in_ENA_fields
BEL::SAMEA117989582	SAMEA117989582	SAMEA117989582		ERR14837978	BEL	Belgium	2023-10-19	2023-10-19	2023-10-19	2023	10	4	day	True	PRJEB88325	ena_study_accession	targeted_belgium_france_public_inventory	focal_model_observation	focal_genome_observation	True	public_raw_reads_pending_uniform_qc	True	True	True			Europe sublineage 2	pending_new_phylogeny	Branch_IIb	ptxP3/fim3-1	Europe sublineage 2	ptxP3	fim3-1	23S_rRNA_1	False	1	2026-07-24	project_member_414_of_416_linked_identity_not_in_ENA_fields
BEL::SAMEA117989583	SAMEA117989583	SAMEA117989583		ERR14837979	BEL	Belgium	2023-10-17	2023-10-17	2023-10-17	2023	10	4	day	True	PRJEB88325	ena_study_accession	targeted_belgium_france_public_inventory	focal_model_observation	focal_genome_observation	True	public_raw_reads_pending_uniform_qc	True	True	True			Europe sublineage 2	pending_new_phylogeny	Branch_IIb	ptxP3/fim3-1	Europe sublineage 2	ptxP3	fim3-1	23S_rRNA_1	False	1	2026-07-24	project_member_414_of_416_linked_identity_not_in_ENA_fields
BEL::SAMEA117989584	SAMEA117989584	SAMEA117989584		ERR14837980	BEL	Belgium	2023-10-31	2023-10-31	2023-10-31	2023	10	4	day	True	PRJEB88325	ena_study_accession	targeted_belgium_france_public_inventory	focal_model_observation	focal_genome_observation	True	public_raw_reads_pending_uniform_qc	True	True	True			others	pending_new_phylogeny	Branch_IIb	others		ptxP1	fim3-4	23S_rRNA_1	False	1	2026-07-24	project_member_414_of_416_linked_identity_not_in_ENA_fields
BEL::SAMEA117989585	SAMEA117989585	SAMEA117989585		ERR14837981	BEL	Belgium	2023-10-30	2023-10-30	2023-10-30	2023	10	4	day	True	PRJEB88325	ena_study_accession	targeted_belgium_france_public_inventory	focal_model_observation	focal_genome_observation	True	public_raw_reads_pending_uniform_qc	True	True	True			Europe sublineage 2	pending_new_phylogeny	Branch_IIb	ptxP3/fim3-1	Europe sublineage 2	ptxP3	fim3-1	23S_rRNA_1	False	1	2026-07-24	project_member_414_of_416_linked_identity_not_in_ENA_fields
BEL::SAMEA117989586	SAMEA117989586	SAMEA117989586		ERR14837982	BEL	Belgium	2023-11-06	2023-11-06	2023-11-06	2023	11	4	day	True	PRJEB88325	ena_study_accession	targeted_belgium_france_public_inventory	focal_model_observation	focal_genome_observation	True	public_raw_reads_pending_uniform_qc	True	True	True			Europe sublineage 2	pending_new_phylogeny	Branch_IIb	ptxP3/fim3-1	Europe sublineage 2	ptxP3	fim3-1	23S_rRNA_1	False	1	2026-07-24	project_member_414_of_416_linked_identity_not_in_ENA_fields
BEL::SAMEA117989587	SAMEA117989587	SAMEA117989587		ERR14837983	BEL	Belgium	2023-11-08	2023-11-08	2023-11-08	2023	11	4	day	True	PRJEB88325	ena_study_accession	targeted_belgium_france_public_inventory	focal_model_observation	focal_genome_observation	True	public_raw_reads_pending_uniform_qc	True	True	True			Europe sublineage 2	pending_new_phylogeny	Branch_IIb	ptxP3/fim3-1	Europe sublineage 2	ptxP3	fim3-1	23S_rRNA_1	False	1	2026-07-24	project_member_414_of_416_linked_identity_not_in_ENA_fields
BEL::SAMEA117989588	SAMEA117989588	SAMEA117989588		ERR14837984	BEL	Belgium	2023-11-13	2023-11-13	2023-11-13	2023	11	4	day	True	PRJEB88325	ena_study_accession	targeted_belgium_france_public_inventory	focal_model_observation	focal_genome_observation	True	public_raw_reads_pending_uniform_qc	True	True	True			ptxP3/fim3-2	pending_new_phylogeny	Branch_IIb	ptxP3/fim3-2		ptxP3	fim3-2	23S_rRNA_1	False	1	2026-07-24	project_member_414_of_416_linked_identity_not_in_ENA_fields
BEL::SAMEA117989589	SAMEA117989589	SAMEA117989589		ERR14837985	BEL	Belgium	2023-11-14	2023-11-14	2023-11-14	2023	11	4	day	True	PRJEB88325	ena_study_accession	targeted_belgium_france_public_inventory	focal_model_observation	focal_genome_observation	True	public_raw_reads_pending_uniform_qc	True	True	True			Europe sublineage 2	pending_new_phylogeny	Branch_IIb	ptxP3/fim3-1	Europe sublineage 2	ptxP3	fim3-1	23S_rRNA_1	False	1	2026-07-24	project_member_414_of_416_linked_identity_not_in_ENA_fields
BEL::SAMEA117989590	SAMEA117989590	SAMEA117989590		ERR14837986	BEL	Belgium	2023-11-14	2023-11-14	2023-11-14	2023	11	4	day	True	PRJEB88325	ena_study_accession	targeted_belgium_france_public_inventory	focal_model_observation	focal_genome_observation	True	public_raw_reads_pending_uniform_qc	True	True	True			ptxP3/fim3-1	pending_new_phylogeny	Branch_IIb	ptxP3/fim3-1		ptxP3	fim3-1	23S_rRNA_1	False	1	2026-07-24	project_member_414_of_416_linked_identity_not_in_ENA_fields
BEL::SAMEA117989591	SAMEA117989591	SAMEA117989591		ERR14837987	BEL	Belgium	2023-11-13	2023-11-13	2023-11-13	2023	11	4	day	True	PRJEB88325	ena_study_accession	targeted_belgium_france_public_inventory	focal_model_observation	focal_genome_observation	True	public_raw_reads_pending_uniform_qc	True	True	True			Europe sublineage 2	pending_new_phylogeny	Branch_IIb	ptxP3/fim3-1	Europe sublineage 2	ptxP3	fim3-1	23S_rRNA_1	False	1	2026-07-24	project_member_414_of_416_linked_identity_not_in_ENA_fields
BEL::SAMEA117989592	SAMEA117989592	SAMEA117989592		ERR14837988	BEL	Belgium	2023-11-16	2023-11-16	2023-11-16	2023	11	4	day	True	PRJEB88325	ena_study_accession	targeted_belgium_france_public_inventory	focal_model_observation	focal_genome_observation	True	public_raw_reads_pending_uniform_qc	True	True	True			ptxP3/fim3-2	pending_new_phylogeny	Branch_IIb	ptxP3/fim3-2		ptxP3	fim3-2	23S_rRNA_1	False	1	2026-07-24	project_member_414_of_416_linked_identity_not_in_ENA_fields
BEL::SAMEA117989593	SAMEA117989593	SAMEA117989593		ERR14837989	BEL	Belgium	2023-11-20	2023-11-20	2023-11-20	2023	11	4	day	True	PRJEB88325	ena_study_accession	targeted_belgium_france_public_inventory	focal_model_observation	focal_genome_observation	True	public_raw_reads_pending_uniform_qc	True	True	True			Europe sublineage 2	pending_new_phylogeny	Branch_IIb	ptxP3/fim3-1	Europe sublineage 2	ptxP3	fim3-1	23S_rRNA_1	False	1	2026-07-24	project_member_414_of_416_linked_identity_not_in_ENA_fields
BEL::SAMEA117989594	SAMEA117989594	SAMEA117989594		ERR14837990	BEL	Belgium	2023-11-27	2023-11-27	2023-11-27	2023	11	4	day	True	PRJEB88325	ena_study_accession	targeted_belgium_france_public_inventory	focal_model_observation	focal_genome_observation	True	public_raw_reads_pending_uniform_qc	True	True	True			Europe sublineage 1	pending_new_phylogeny	Branch_IIb	ptxP3/fim3-1	Europe sublineage 1	ptxP3	fim3-1	23S_rRNA_1	False	1	2026-07-24	project_member_414_of_416_linked_identity_not_in_ENA_fields
BEL::SAMEA117989595	SAMEA117989595	SAMEA117989595		ERR14837991	BEL	Belgium	2023-11-27	2023-11-27	2023-11-27	2023	11	4	day	True	PRJEB88325	ena_study_accession	targeted_belgium_france_public_inventory	focal_model_observation	focal_genome_observation	True	public_raw_reads_pending_uniform_qc	True	True	True			Europe sublineage 2	pending_new_phylogeny	Branch_IIb	ptxP3/fim3-1	Europe sublineage 2	ptxP3	fim3-1	23S_rRNA_1	False	1	2026-07-24	project_member_414_of_416_linked_identity_not_in_ENA_fields
BEL::SAMEA117989596	SAMEA117989596	SAMEA117989596		ERR14837992	BEL	Belgium	2023-11-27	2023-11-27	2023-11-27	2023	11	4	day	True	PRJEB88325	ena_study_accession	targeted_belgium_france_public_inventory	focal_model_observation	focal_genome_observation	True	public_raw_reads_pending_uniform_qc	True	True	True			Europe sublineage 2	pending_new_phylogeny	Branch_IIb	ptxP3/fim3-1	Europe sublineage 2	ptxP3	fim3-1	23S_rRNA_1	False	1	2026-07-24	project_member_414_of_416_linked_identity_not_in_ENA_fields
BEL::SAMEA117989597	SAMEA117989597	SAMEA117989597		ERR14837993	BEL	Belgium	2023-11-26	2023-11-26	2023-11-26	2023	11	4	day	True	PRJEB88325	ena_study_accession	targeted_belgium_france_public_inventory	focal_model_observation	focal_genome_observation	True	public_raw_reads_pending_uniform_qc	True	True	True			Europe sublineage 2	pending_new_phylogeny	Branch_IIb	ptxP3/fim3-1	Europe sublineage 2	ptxP3	fim3-1	23S_rRNA_1	False	1	2026-07-24	project_member_414_of_416_linked_identity_not_in_ENA_fields
BEL::SAMEA117989598	SAMEA117989598	SAMEA117989598		ERR14837994	BEL	Belgium	2023-11-29	2023-11-29	2023-11-29	2023	11	4	day	True	PRJEB88325	ena_study_accession	targeted_belgium_france_public_inventory	focal_model_observation	focal_genome_observation	True	public_raw_reads_pending_uniform_qc	True	True	True			Europe sublineage 2	pending_new_phylogeny	Branch_IIb	ptxP3/fim3-1	Europe sublineage 2	ptxP3	fim3-1	23S_rRNA_1	False	1	2026-07-24	project_member_414_of_416_linked_identity_not_in_ENA_fields
BEL::SAMEA117989599	SAMEA117989599	SAMEA117989599		ERR14837995	BEL	Belgium	2023-12-05	2023-12-05	2023-12-05	2023	12	4	day	True	PRJEB88325	ena_study_accession	targeted_belgium_france_public_inventory	focal_model_observation	focal_genome_observation	True	public_raw_reads_pending_uniform_qc	True	True	True			others	pending_new_phylogeny	Branch_IIb	others		ptxP1	fim3-26	23S_rRNA_1	False	1	2026-07-24	project_member_414_of_416_linked_identity_not_in_ENA_fields
BEL::SAMEA117989600	SAMEA117989600	SAMEA117989600		ERR14837996	BEL	Belgium	2023-12-07	2023-12-07	2023-12-07	2023	12	4	day	True	PRJEB88325	ena_study_accession	targeted_belgium_france_public_inventory	focal_model_observation	focal_genome_observation	True	public_raw_reads_pending_uniform_qc	True	True	True			Europe sublineage 2	pending_new_phylogeny	Branch_IIb	ptxP3/fim3-1	Europe sublineage 2	ptxP3	fim3-1	23S_rRNA_1	False	1	2026-07-24	project_member_414_of_416_linked_identity_not_in_ENA_fields
BEL::SAMEA117989601	SAMEA117989601	SAMEA117989601		ERR14837997	BEL	Belgium	2023-12-11	2023-12-11	2023-12-11	2023	12	4	day	True	PRJEB88325	ena_study_accession	targeted_belgium_france_public_inventory	focal_model_observation	focal_genome_observation	True	public_raw_reads_pending_uniform_qc	True	True	True			Europe sublineage 2	pending_new_phylogeny	Branch_IIb	ptxP3/fim3-1	Europe sublineage 2	ptxP3	fim3-1	23S_rRNA_1	False	1	2026-07-24	project_member_414_of_416_linked_identity_not_in_ENA_fields
BEL::SAMEA117989602	SAMEA117989602	SAMEA117989602		ERR14837998	BEL	Belgium	2023-12-06	2023-12-06	2023-12-06	2023	12	4	day	True	PRJEB88325	ena_study_accession	targeted_belgium_france_public_inventory	focal_model_observation	focal_genome_observation	True	public_raw_reads_pending_uniform_qc	True	True	True			Europe sublineage 2	pending_new_phylogeny	Branch_IIb	ptxP3/fim3-1	Europe sublineage 2	ptxP3	fim3-1	23S_rRNA_1	False	1	2026-07-24	project_member_414_of_416_linked_identity_not_in_ENA_fields
BEL::SAMEA117989603	SAMEA117989603	SAMEA117989603		ERR14837999	BEL	Belgium	2023-12-08	2023-12-08	2023-12-08	2023	12	4	day	True	PRJEB88325	ena_study_accession	targeted_belgium_france_public_inventory	focal_model_observation	focal_genome_observation	True	public_raw_reads_pending_uniform_qc	True	True	True			Europe sublineage 2	pending_new_phylogeny	Branch_IIb	ptxP3/fim3-1	Europe sublineage 2	ptxP3	fim3-1	23S_rRNA_1	False	1	2026-07-24	project_member_414_of_416_linked_identity_not_in_ENA_fields
BEL::SAMEA117989604	SAMEA117989604	SAMEA117989604		ERR14838000	BEL	Belgium	2023-12-11	2023-12-11	2023-12-11	2023	12	4	day	True	PRJEB88325	ena_study_accession	targeted_belgium_france_public_inventory	focal_model_observation	focal_genome_observation	True	public_raw_reads_pending_uniform_qc	True	True	True			Europe sublineage 2	pending_new_phylogeny	Branch_IIb	ptxP3/fim3-1	Europe sublineage 2	ptxP3	fim3-1	23S_rRNA_1	False	1	2026-07-24	project_member_414_of_416_linked_identity_not_in_ENA_fields
BEL::SAMEA117989605	SAMEA117989605	SAMEA117989605		ERR14838001	BEL	Belgium	2023-12-14	2023-12-14	2023-12-14	2023	12	4	day	True	PRJEB88325	ena_study_accession	targeted_belgium_france_public_inventory	focal_model_observation	focal_genome_observation	True	public_raw_reads_pending_uniform_qc	True	True	True			Europe sublineage 1	pending_new_phylogeny	Branch_IIb	ptxP3/fim3-1	Europe sublineage 1	ptxP3	fim3-1	23S_rRNA_1	False	1	2026-07-24	project_member_414_of_416_linked_identity_not_in_ENA_fields
BEL::SAMEA117989606	SAMEA117989606	SAMEA117989606		ERR14838002	BEL	Belgium	2023-12-15	2023-12-15	2023-12-15	2023	12	4	day	True	PRJEB88325	ena_study_accession	targeted_belgium_france_public_inventory	focal_model_observation	focal_genome_observation	True	public_raw_reads_pending_uniform_qc	True	True	True			Europe sublineage 2	pending_new_phylogeny	Branch_IIb	ptxP3/fim3-1	Europe sublineage 2	ptxP3	fim3-1	23S_rRNA_1	False	1	2026-07-24	project_member_414_of_416_linked_identity_not_in_ENA_fields
BEL::SAMEA117989607	SAMEA117989607	SAMEA117989607		ERR14838003	BEL	Belgium	2023-12-19	2023-12-19	2023-12-19	2023	12	4	day	True	PRJEB88325	ena_study_accession	targeted_belgium_france_public_inventory	focal_model_observation	focal_genome_observation	True	public_raw_reads_pending_uniform_qc	True	True	True			Europe sublineage 2	pending_new_phylogeny	Branch_IIb	ptxP3/fim3-1	Europe sublineage 2	ptxP3	fim3-1	23S_rRNA_1	False	1	2026-07-24	project_member_414_of_416_linked_identity_not_in_ENA_fields
BEL::SAMEA117989608	SAMEA117989608	SAMEA117989608		ERR14838004	BEL	Belgium	2023-12-19	2023-12-19	2023-12-19	2023	12	4	day	True	PRJEB88325	ena_study_accession	targeted_belgium_france_public_inventory	focal_model_observation	focal_genome_observation	True	public_raw_reads_pending_uniform_qc	True	True	True			ptxP3/fim3-2	pending_new_phylogeny	Branch_IIb	ptxP3/fim3-2		ptxP3	fim3-2	23S_rRNA_1	False	1	2026-07-24	project_member_414_of_416_linked_identity_not_in_ENA_fields
BEL::SAMEA117989609	SAMEA117989609	SAMEA117989609		ERR14838005	BEL	Belgium	2023-12-18	2023-12-18	2023-12-18	2023	12	4	day	True	PRJEB88325	ena_study_accession	targeted_belgium_france_public_inventory	focal_model_observation	focal_genome_observation	True	public_raw_reads_pending_uniform_qc	True	True	True			Europe sublineage 2	pending_new_phylogeny	Branch_IIb	ptxP3/fim3-1	Europe sublineage 2	ptxP3	fim3-1	23S_rRNA_1	False	1	2026-07-24	project_member_414_of_416_linked_identity_not_in_ENA_fields
BEL::SAMEA117989610	SAMEA117989610	SAMEA117989610		ERR14838006	BEL	Belgium	2023-12-20	2023-12-20	2023-12-20	2023	12	4	day	True	PRJEB88325	ena_study_accession	targeted_belgium_france_public_inventory	focal_model_observation	focal_genome_observation	True	public_raw_reads_pending_uniform_qc	True	True	True			ptxP3/fim3-2	pending_new_phylogeny	Branch_IIb	ptxP3/fim3-2		ptxP3	fim3-2	23S_rRNA_1	False	1	2026-07-24	project_member_414_of_416_linked_identity_not_in_ENA_fields
BEL::SAMEA117989611	SAMEA117989611	SAMEA117989611		ERR14838007	BEL	Belgium	2023-12-22	2023-12-22	2023-12-22	2023	12	4	day	True	PRJEB88325	ena_study_accession	targeted_belgium_france_public_inventory	focal_model_observation	focal_genome_observation	True	public_raw_reads_pending_uniform_qc	True	True	True			Europe sublineage 2	pending_new_phylogeny	Branch_IIb	ptxP3/fim3-1	Europe sublineage 2	ptxP3	fim3-1	23S_rRNA_1	False	1	2026-07-24	project_member_414_of_416_linked_identity_not_in_ENA_fields
BEL::SAMEA117989612	SAMEA117989612	SAMEA117989612		ERR14838008	BEL	Belgium	2023-12-20	2023-12-20	2023-12-20	2023	12	4	day	True	PRJEB88325	ena_study_accession	targeted_belgium_france_public_inventory	focal_model_observation	focal_genome_observation	True	public_raw_reads_pending_uniform_qc	True	True	True			Europe sublineage 2	pending_new_phylogeny	Branch_IIb	ptxP3/fim3-1	Europe sublineage 2	ptxP3	fim3-1	23S_rRNA_1	False	1	2026-07-24	project_member_414_of_416_linked_identity_not_in_ENA_fields
BEL::SAMEA117989613	SAMEA117989613	SAMEA117989613		ERR14838009	BEL	Belgium	2023-12-26	2023-12-26	2023-12-26	2023	12	4	day	True	PRJEB88325	ena_study_accession	targeted_belgium_france_public_inventory	focal_model_observation	focal_genome_observation	True	public_raw_reads_pending_uniform_qc	True	True	True			MS-MT28	pending_new_phylogeny	Branch_IIb	ptxP3/fim3-1	MS-MT28	ptxP3	fim3-1	23S_rRNA_1	False	1	2026-07-24	project_member_414_of_416_linked_identity_not_in_ENA_fields
BEL::SAMEA117989614	SAMEA117989614	SAMEA117989614		ERR14838010	BEL	Belgium	2023-12-31	2023-12-31	2023-12-31	2023	12	4	day	True	PRJEB88325	ena_study_accession	targeted_belgium_france_public_inventory	focal_model_observation	focal_genome_observation	True	public_raw_reads_pending_uniform_qc	True	True	True			Europe sublineage 2	pending_new_phylogeny	Branch_IIb	ptxP3/fim3-1	Europe sublineage 2	ptxP3	fim3-1	23S_rRNA_1	False	1	2026-07-24	project_member_414_of_416_linked_identity_not_in_ENA_fields
BEL::SAMEA117989615	SAMEA117989615	SAMEA117989615		ERR14838011	BEL	Belgium	2023-12-31	2023-12-31	2023-12-31	2023	12	4	day	True	PRJEB88325	ena_study_accession	targeted_belgium_france_public_inventory	focal_model_observation	focal_genome_observation	True	public_raw_reads_pending_uniform_qc	True	True	True			Europe sublineage 2	pending_new_phylogeny	Branch_IIb	ptxP3/fim3-1	Europe sublineage 2	ptxP3	fim3-1	23S_rRNA_1	False	1	2026-07-24	project_member_414_of_416_linked_identity_not_in_ENA_fields
BEL::SAMEA117989616	SAMEA117989616	SAMEA117989616		ERR14838012	BEL	Belgium	2023-12-31	2023-12-31	2023-12-31	2023	12	4	day	True	PRJEB88325	ena_study_accession	targeted_belgium_france_public_inventory	focal_model_observation	focal_genome_observation	True	public_raw_reads_pending_uniform_qc	True	True	True			Europe sublineage 2	pending_new_phylogeny	Branch_IIb	ptxP3/fim3-1	Europe sublineage 2	ptxP3	fim3-1	23S_rRNA_1	False	1	2026-07-24	project_member_414_of_416_linked_identity_not_in_ENA_fields
BEL::SAMEA117989617	SAMEA117989617	SAMEA117989617		ERR14838013	BEL	Belgium	2023-12-31	2023-12-31	2023-12-31	2023	12	4	day	True	PRJEB88325	ena_study_accession	targeted_belgium_france_public_inventory	focal_model_observation	focal_genome_observation	True	public_raw_reads_pending_uniform_qc	True	True	True			Europe sublineage 1	pending_new_phylogeny	Branch_IIb	ptxP3/fim3-1	Europe sublineage 1	ptxP3	fim3-1	23S_rRNA_1	False	1	2026-07-24	project_member_414_of_416_linked_identity_not_in_ENA_fields
BEL::SAMEA117989618	SAMEA117989618	SAMEA117989618		ERR14838014	BEL	Belgium	2023-12-27	2023-12-27	2023-12-27	2023	12	4	day	True	PRJEB88325	ena_study_accession	targeted_belgium_france_public_inventory	focal_model_observation	focal_genome_observation	True	public_raw_reads_pending_uniform_qc	True	True	True			Europe sublineage 2	pending_new_phylogeny	Branch_IIb	ptxP3/fim3-1	Europe sublineage 2	ptxP3	fim3-1	23S_rRNA_1	False	1	2026-07-24	project_member_414_of_416_linked_identity_not_in_ENA_fields
FRA::SAMEA115874183	SAMEA115874183	SAMEA115874183		ERR13476592	FRA	France	2023	2023-01-01	2023-12-31	2023			year	False	PRJEB42353	ena_study_accession	targeted_belgium_france_public_inventory	focal_model_observation	focal_genome_observation	True	public_raw_reads_pending_uniform_qc	True	False	True			ptxP3/fim3-2	pending_new_phylogeny	Branch_IIb	ptxP3/fim3-2		ptxP3	fim3-2	23S_rRNA_1	False	1	2026-07-24	complete_67_of_67
FRA::SAMEA115874184	SAMEA115874184	SAMEA115874184		ERR13476593	FRA	France	2023	2023-01-01	2023-12-31	2023			year	False	PRJEB42353	ena_study_accession	targeted_belgium_france_public_inventory	focal_model_observation	focal_genome_observation	True	public_raw_reads_pending_uniform_qc	True	False	True			Europe sublineage 1	pending_new_phylogeny	Branch_IIb	ptxP3/fim3-1	Europe sublineage 1	ptxP3	fim3-1	23S_rRNA_1	False	1	2026-07-24	complete_67_of_67
FRA::SAMEA115874185	SAMEA115874185	SAMEA115874185		ERR13476594	FRA	France	2023	2023-01-01	2023-12-31	2023			year	False	PRJEB42353	ena_study_accession	targeted_belgium_france_public_inventory	focal_model_observation	focal_genome_observation	True	public_raw_reads_pending_uniform_qc	True	False	True			Europe sublineage 1	pending_new_phylogeny	Branch_IIb	ptxP3/fim3-1	Europe sublineage 1	ptxP3	fim3-1	23S_rRNA_1	False	1	2026-07-24	complete_67_of_67
FRA::SAMEA115874186	SAMEA115874186	SAMEA115874186		ERR13476595	FRA	France	2023	2023-01-01	2023-12-31	2023			year	False	PRJEB42353	ena_study_accession	targeted_belgium_france_public_inventory	focal_model_observation	focal_genome_observation	True	public_raw_reads_pending_uniform_qc	True	False	True			ptxP3/fim3-1	pending_new_phylogeny	Branch_IIb	ptxP3/fim3-1		ptxP3	fim3-1	23S_rRNA_1	False	1	2026-07-24	complete_67_of_67
FRA::SAMEA115874187	SAMEA115874187	SAMEA115874187		ERR13476596	FRA	France	2023	2023-01-01	2023-12-31	2023			year	False	PRJEB42353	ena_study_accession	targeted_belgium_france_public_inventory	focal_model_observation	focal_genome_observation	True	public_raw_reads_pending_uniform_qc	True	False	True			Europe sublineage 1	pending_new_phylogeny	Branch_IIb	ptxP3/fim3-1	Europe sublineage 1	ptxP3	fim3-1	23S_rRNA_1	False	1	2026-07-24	complete_67_of_67
FRA::SAMEA115874188	SAMEA115874188	SAMEA115874188		ERR13476597	FRA	France	2023	2023-01-01	2023-12-31	2023			year	False	PRJEB42353	ena_study_accession	targeted_belgium_france_public_inventory	focal_model_observation	focal_genome_observation	True	public_raw_reads_pending_uniform_qc	True	False	True			Europe sublineage 1	pending_new_phylogeny	Branch_IIb	ptxP3/fim3-1	Europe sublineage 1	ptxP3	fim3-1	23S_rRNA_1	False	1	2026-07-24	complete_67_of_67
FRA::SAMEA115874189	SAMEA115874189	SAMEA115874189		ERR13476598	FRA	France	2023	2023-01-01	2023-12-31	2023			year	False	PRJEB42353	ena_study_accession	targeted_belgium_france_public_inventory	focal_model_observation	focal_genome_observation	True	public_raw_reads_pending_uniform_qc	True	False	True			ptxP3/fim3-2	pending_new_phylogeny	Branch_IIb	ptxP3/fim3-2		ptxP3	fim3-2	23S_rRNA_1	False	1	2026-07-24	complete_67_of_67
FRA::SAMEA115874190	SAMEA115874190	SAMEA115874190		ERR13476599	FRA	France	2023	2023-01-01	2023-12-31	2023			year	False	PRJEB42353	ena_study_accession	targeted_belgium_france_public_inventory	focal_model_observation	focal_genome_observation	True	public_raw_reads_pending_uniform_qc	True	False	True			Europe sublineage 2	pending_new_phylogeny	Branch_IIb	ptxP3/fim3-1	Europe sublineage 2	ptxP3	fim3-1	23S_rRNA_1	False	1	2026-07-24	complete_67_of_67
FRA::SAMEA115874191	SAMEA115874191	SAMEA115874191		ERR13476600	FRA	France	2023	2023-01-01	2023-12-31	2023			year	False	PRJEB42353	ena_study_accession	targeted_belgium_france_public_inventory	focal_model_observation	focal_genome_observation	True	public_raw_reads_pending_uniform_qc	True	False	True			Europe sublineage 1	pending_new_phylogeny	Branch_IIb	ptxP3/fim3-1	Europe sublineage 1	ptxP3	fim3-27	23S_rRNA_1	False	1	2026-07-24	complete_67_of_67
FRA::SAMEA115874192	SAMEA115874192	SAMEA115874192		ERR13476601	FRA	France	2024	2024-01-01	2024-12-31	2024			year	False	PRJEB42353	ena_study_accession	targeted_belgium_france_public_inventory	focal_model_observation	focal_genome_observation	True	public_raw_reads_pending_uniform_qc	True	False	True			Europe sublineage 1	pending_new_phylogeny	Branch_IIb	ptxP3/fim3-1	Europe sublineage 1	ptxP3	fim3-1	23S_rRNA_1	False	1	2026-07-24	complete_67_of_67
FRA::SAMEA115874193	SAMEA115874193	SAMEA115874193		ERR13476602	FRA	France	2024	2024-01-01	2024-12-31	2024			year	False	PRJEB42353	ena_study_accession	targeted_belgium_france_public_inventory	focal_model_observation	focal_genome_observation	True	public_raw_reads_pending_uniform_qc	True	False	True			Europe sublineage 2	pending_new_phylogeny	Branch_IIb	ptxP3/fim3-1	Europe sublineage 2	ptxP3	fim3-1	23S_rRNA_1	False	1	2026-07-24	complete_67_of_67
FRA::SAMEA115874194	SAMEA115874194	SAMEA115874194		ERR13476603	FRA	France	2024	2024-01-01	2024-12-31	2024			year	False	PRJEB42353	ena_study_accession	targeted_belgium_france_public_inventory	focal_model_observation	focal_genome_observation	True	public_raw_reads_pending_uniform_qc	True	False	True			ptxP3/fim3-2	pending_new_phylogeny	Branch_IIb	ptxP3/fim3-2		ptxP3	fim3-2	23S_rRNA_1	False	1	2026-07-24	complete_67_of_67
FRA::SAMEA115874195	SAMEA115874195	SAMEA115874195		ERR13476604	FRA	France	2024	2024-01-01	2024-12-31	2024			year	False	PRJEB42353	ena_study_accession	targeted_belgium_france_public_inventory	focal_model_observation	focal_genome_observation	True	public_raw_reads_pending_uniform_qc	True	False	True			Europe sublineage 1	pending_new_phylogeny	Branch_IIb	ptxP3/fim3-1	Europe sublineage 1	ptxP3	fim3-1	23S_rRNA_1	False	1	2026-07-24	complete_67_of_67
FRA::SAMEA115874196	SAMEA115874196	SAMEA115874196		ERR13476605	FRA	France	2024	2024-01-01	2024-12-31	2024			year	False	PRJEB42353	ena_study_accession	targeted_belgium_france_public_inventory	focal_model_observation	focal_genome_observation	True	public_raw_reads_pending_uniform_qc	True	False	True			Europe sublineage 1	pending_new_phylogeny	Branch_IIb	ptxP3/fim3-1	Europe sublineage 1	ptxP3	fim3-1	23S_rRNA_1	False	1	2026-07-24	complete_67_of_67
FRA::SAMEA115874197	SAMEA115874197	SAMEA115874197		ERR13476606	FRA	France	2024	2024-01-01	2024-12-31	2024			year	False	PRJEB42353	ena_study_accession	targeted_belgium_france_public_inventory	focal_model_observation	focal_genome_observation	True	public_raw_reads_pending_uniform_qc	True	False	True			MS-MT28	pending_new_phylogeny	Branch_IIb	ptxP3/fim3-1	MS-MT28	ptxP3	fim3-1	23S_rRNA_1	False	1	2026-07-24	complete_67_of_67
FRA::SAMEA115874198	SAMEA115874198	SAMEA115874198		ERR13476607	FRA	France	2024	2024-01-01	2024-12-31	2024			year	False	PRJEB42353	ena_study_accession	targeted_belgium_france_public_inventory	focal_model_observation	focal_genome_observation	True	public_raw_reads_pending_uniform_qc	True	False	True			Europe sublineage 2	pending_new_phylogeny	Branch_IIb	ptxP3/fim3-1	Europe sublineage 2	ptxP3	fim3-1	23S_rRNA_1	False	1	2026-07-24	complete_67_of_67
FRA::SAMEA115874199	SAMEA115874199	SAMEA115874199		ERR13476608	FRA	France	2024	2024-01-01	2024-12-31	2024			year	False	PRJEB42353	ena_study_accession	targeted_belgium_france_public_inventory	focal_model_observation	focal_genome_observation	True	public_raw_reads_pending_uniform_qc	True	False	True			MS-MT28	pending_new_phylogeny	Branch_IIb	ptxP3/fim3-1	MS-MT28	ptxP3	fim3-1	23S_rRNA_1	False	1	2026-07-24	complete_67_of_67
FRA::SAMEA115874200	SAMEA115874200	SAMEA115874200		ERR13476609	FRA	France	2024	2024-01-01	2024-12-31	2024			year	False	PRJEB42353	ena_study_accession	targeted_belgium_france_public_inventory	focal_model_observation	focal_genome_observation	True	public_raw_reads_pending_uniform_qc	True	False	True			Europe sublineage 1	pending_new_phylogeny	Branch_IIb	ptxP3/fim3-1	Europe sublineage 1	ptxP3	fim3-1	23S_rRNA_1	False	1	2026-07-24	complete_67_of_67
FRA::SAMEA115874201	SAMEA115874201	SAMEA115874201		ERR13476610	FRA	France	2024	2024-01-01	2024-12-31	2024			year	False	PRJEB42353	ena_study_accession	targeted_belgium_france_public_inventory	focal_model_observation	focal_genome_observation	True	public_raw_reads_pending_uniform_qc	True	False	True			Europe sublineage 2	pending_new_phylogeny	Branch_IIb	ptxP3/fim3-1	Europe sublineage 2	ptxP3	fim3-1	23S_rRNA_1	False	1	2026-07-24	complete_67_of_67
FRA::SAMEA115874202	SAMEA115874202	SAMEA115874202		ERR13476611	FRA	France	2024	2024-01-01	2024-12-31	2024			year	False	PRJEB42353	ena_study_accession	targeted_belgium_france_public_inventory	focal_model_observation	focal_genome_observation	True	public_raw_reads_pending_uniform_qc	True	False	True			Europe sublineage 1	pending_new_phylogeny	Branch_IIb	ptxP3/fim3-1	Europe sublineage 1	ptxP3	fim3-1	23S_rRNA_1	False	1	2026-07-24	complete_67_of_67
FRA::SAMEA115874203	SAMEA115874203	SAMEA115874203		ERR13476612	FRA	France	2024	2024-01-01	2024-12-31	2024			year	False	PRJEB42353	ena_study_accession	targeted_belgium_france_public_inventory	focal_model_observation	focal_genome_observation	True	public_raw_reads_pending_uniform_qc	True	False	True			Europe sublineage 2	pending_new_phylogeny	Branch_IIb	ptxP3/fim3-1	Europe sublineage 2	ptxP3	fim3-1	23S_rRNA_1	False	1	2026-07-24	complete_67_of_67
FRA::SAMEA115874204	SAMEA115874204	SAMEA115874204		ERR13476613	FRA	France	2024	2024-01-01	2024-12-31	2024			year	False	PRJEB42353	ena_study_accession	targeted_belgium_france_public_inventory	focal_model_observation	focal_genome_observation	True	public_raw_reads_pending_uniform_qc	True	False	True			ptxP3/fim3-1	pending_new_phylogeny	Branch_IIb	ptxP3/fim3-1		ptxP3	fim3-1	23S_rRNA_1	False	1	2026-07-24	complete_67_of_67
FRA::SAMEA115874205	SAMEA115874205	SAMEA115874205		ERR13476614	FRA	France	2024	2024-01-01	2024-12-31	2024			year	False	PRJEB42353	ena_study_accession	targeted_belgium_france_public_inventory	focal_model_observation	focal_genome_observation	True	public_raw_reads_pending_uniform_qc	True	False	True			Europe sublineage 1	pending_new_phylogeny	Branch_IIb	ptxP3/fim3-1	Europe sublineage 1	ptxP3	fim3-1	23S_rRNA_1	False	1	2026-07-24	complete_67_of_67
FRA::SAMEA115874206	SAMEA115874206	SAMEA115874206		ERR13476615	FRA	France	2024	2024-01-01	2024-12-31	2024			year	False	PRJEB42353	ena_study_accession	targeted_belgium_france_public_inventory	focal_model_observation	focal_genome_observation	True	public_raw_reads_pending_uniform_qc	True	False	True			Europe sublineage 2	pending_new_phylogeny	Branch_IIb	ptxP3/fim3-1	Europe sublineage 2	ptxP3	fim3-1	23S_rRNA_1	False	1	2026-07-24	complete_67_of_67
FRA::SAMEA115874207	SAMEA115874207	SAMEA115874207		ERR13476616	FRA	France	2024	2024-01-01	2024-12-31	2024			year	False	PRJEB42353	ena_study_accession	targeted_belgium_france_public_inventory	focal_model_observation	focal_genome_observation	True	public_raw_reads_pending_uniform_qc	True	False	True			ptxP3/fim3-1	pending_new_phylogeny	Branch_IIb	ptxP3/fim3-1		ptxP3	fim3-1	23S_rRNA_1	False	1	2026-07-24	complete_67_of_67
FRA::SAMEA115874208	SAMEA115874208	SAMEA115874208		ERR13476617	FRA	France	2024	2024-01-01	2024-12-31	2024			year	False	PRJEB42353	ena_study_accession	targeted_belgium_france_public_inventory	focal_model_observation	focal_genome_observation	True	public_raw_reads_pending_uniform_qc	True	False	True			Europe sublineage 2	pending_new_phylogeny	Branch_IIb	ptxP3/fim3-1	Europe sublineage 2	ptxP3	fim3-1	23S_rRNA_1	False	1	2026-07-24	complete_67_of_67
FRA::SAMEA115874209	SAMEA115874209	SAMEA115874209		ERR13476618	FRA	France	2024	2024-01-01	2024-12-31	2024			year	False	PRJEB42353	ena_study_accession	targeted_belgium_france_public_inventory	focal_model_observation	focal_genome_observation	True	public_raw_reads_pending_uniform_qc	True	False	True			Europe sublineage 1	pending_new_phylogeny	Branch_IIb	ptxP3/fim3-1	Europe sublineage 1	ptxP3	fim3-1	23S_rRNA_1	False	1	2026-07-24	complete_67_of_67
FRA::SAMEA115874210	SAMEA115874210	SAMEA115874210		ERR13476619	FRA	France	2024	2024-01-01	2024-12-31	2024			year	False	PRJEB42353	ena_study_accession	targeted_belgium_france_public_inventory	focal_model_observation	focal_genome_observation	True	public_raw_reads_pending_uniform_qc	True	False	True			MR-MT28-PG1	pending_new_phylogeny	Branch_IIb	ptxP3/fim3-1	MR-MT28-PG1	ptxP3	fim3-1	23S_rRNA_13	False	1	2026-07-24	complete_67_of_67
FRA::SAMEA115874211	SAMEA115874211	SAMEA115874211		ERR13476620	FRA	France	2024	2024-01-01	2024-12-31	2024			year	False	PRJEB42353	ena_study_accession	targeted_belgium_france_public_inventory	focal_model_observation	focal_genome_observation	True	public_raw_reads_pending_uniform_qc	True	False	True			ptxP3/fim3-2	pending_new_phylogeny	Branch_IIb	ptxP3/fim3-2		ptxP3	fim3-2	23S_rRNA_1	False	1	2026-07-24	complete_67_of_67
FRA::SAMEA115874212	SAMEA115874212	SAMEA115874212		ERR13476621	FRA	France	2024	2024-01-01	2024-12-31	2024			year	False	PRJEB42353	ena_study_accession	targeted_belgium_france_public_inventory	focal_model_observation	focal_genome_observation	True	public_raw_reads_pending_uniform_qc	True	False	True			Europe sublineage 1	pending_new_phylogeny	Branch_IIb	ptxP3/fim3-1	Europe sublineage 1	ptxP3	fim3-1	23S_rRNA_1	False	1	2026-07-24	complete_67_of_67
FRA::SAMEA115874213	SAMEA115874213	SAMEA115874213		ERR13476622	FRA	France	2024	2024-01-01	2024-12-31	2024			year	False	PRJEB42353	ena_study_accession	targeted_belgium_france_public_inventory	focal_model_observation	focal_genome_observation	True	public_raw_reads_pending_uniform_qc	True	False	True			others	pending_new_phylogeny	Branch_IIb	others		ptxP1	fim3-4	23S_rRNA_1	False	1	2026-07-24	complete_67_of_67
FRA::SAMEA115874214	SAMEA115874214	SAMEA115874214		ERR13476623	FRA	France	2024	2024-01-01	2024-12-31	2024			year	False	PRJEB42353	ena_study_accession	targeted_belgium_france_public_inventory	focal_model_observation	focal_genome_observation	True	public_raw_reads_pending_uniform_qc	True	False	True			ptxP3/fim3-2	pending_new_phylogeny	Branch_IIb	ptxP3/fim3-2		ptxP3	fim3-2	23S_rRNA_1	False	1	2026-07-24	complete_67_of_67
FRA::SAMEA115874215	SAMEA115874215	SAMEA115874215		ERR13476624	FRA	France	2024	2024-01-01	2024-12-31	2024			year	False	PRJEB42353	ena_study_accession	targeted_belgium_france_public_inventory	focal_model_observation	focal_genome_observation	True	public_raw_reads_pending_uniform_qc	True	False	True			Europe sublineage 2	pending_new_phylogeny	Branch_IIb	ptxP3/fim3-1	Europe sublineage 2	ptxP3	fim3-1	23S_rRNA_1	False	1	2026-07-24	complete_67_of_67
FRA::SAMEA115874216	SAMEA115874216	SAMEA115874216		ERR13476625	FRA	France	2024	2024-01-01	2024-12-31	2024			year	False	PRJEB42353	ena_study_accession	targeted_belgium_france_public_inventory	focal_model_observation	focal_genome_observation	True	public_raw_reads_pending_uniform_qc	True	False	True			others	pending_new_phylogeny	Branch_IIb	others		ptxP1	fim3-26	23S_rRNA_1	False	1	2026-07-24	complete_67_of_67
FRA::SAMEA115874217	SAMEA115874217	SAMEA115874217		ERR13476626	FRA	France	2024	2024-01-01	2024-12-31	2024			year	False	PRJEB42353	ena_study_accession	targeted_belgium_france_public_inventory	focal_model_observation	focal_genome_observation	True	public_raw_reads_pending_uniform_qc	True	False	True			MS-MT28	pending_new_phylogeny	Branch_IIb	ptxP3/fim3-1	MS-MT28	ptxP3	fim3-1	23S_rRNA_1	False	1	2026-07-24	complete_67_of_67
FRA::SAMEA115874218	SAMEA115874218	SAMEA115874218		ERR13476627	FRA	France	2024	2024-01-01	2024-12-31	2024			year	False	PRJEB42353	ena_study_accession	targeted_belgium_france_public_inventory	focal_model_observation	focal_genome_observation	True	public_raw_reads_pending_uniform_qc	True	False	True			ptxP3/fim3-1	pending_new_phylogeny	Branch_IIb	ptxP3/fim3-1		ptxP3	fim3-1	23S_rRNA_1	False	1	2026-07-24	complete_67_of_67
FRA::SAMEA115874219	SAMEA115874219	SAMEA115874219		ERR13476628	FRA	France	2024	2024-01-01	2024-12-31	2024			year	False	PRJEB42353	ena_study_accession	targeted_belgium_france_public_inventory	focal_model_observation	focal_genome_observation	True	public_raw_reads_pending_uniform_qc	True	False	True			ptxP3/fim3-1	pending_new_phylogeny	Branch_IIb	ptxP3/fim3-1		ptxP3	fim3-1	23S_rRNA_1	False	1	2026-07-24	complete_67_of_67
FRA::SAMEA115874220	SAMEA115874220	SAMEA115874220		ERR13476629	FRA	France	2024	2024-01-01	2024-12-31	2024			year	False	PRJEB42353	ena_study_accession	targeted_belgium_france_public_inventory	focal_model_observation	focal_genome_observation	True	public_raw_reads_pending_uniform_qc	True	False	True			Europe sublineage 1	pending_new_phylogeny	Branch_IIb	ptxP3/fim3-1	Europe sublineage 1	ptxP3	fim3-1	23S_rRNA_1	False	1	2026-07-24	complete_67_of_67
FRA::SAMEA115874221	SAMEA115874221	SAMEA115874221		ERR13476630	FRA	France	2024	2024-01-01	2024-12-31	2024			year	False	PRJEB42353	ena_study_accession	targeted_belgium_france_public_inventory	focal_model_observation	focal_genome_observation	True	public_raw_reads_pending_uniform_qc	True	False	True			ptxP3/fim3-1	pending_new_phylogeny	Branch_IIb	ptxP3/fim3-1		ptxP3	fim3-1	23S_rRNA_1	False	1	2026-07-24	complete_67_of_67
FRA::SAMEA115874222	SAMEA115874222	SAMEA115874222		ERR13476631	FRA	France	2024	2024-01-01	2024-12-31	2024			year	False	PRJEB42353	ena_study_accession	targeted_belgium_france_public_inventory	focal_model_observation	focal_genome_observation	True	public_raw_reads_pending_uniform_qc	True	False	True			others	pending_new_phylogeny	Branch_IIb	others		ptxP1	fim3-26	23S_rRNA_1	False	1	2026-07-24	complete_67_of_67
FRA::SAMEA115874223	SAMEA115874223	SAMEA115874223		ERR13476632	FRA	France	2024	2024-01-01	2024-12-31	2024			year	False	PRJEB42353	ena_study_accession	targeted_belgium_france_public_inventory	focal_model_observation	focal_genome_observation	True	public_raw_reads_pending_uniform_qc	True	False	True			MS-MT28	pending_new_phylogeny	Branch_IIb	ptxP3/fim3-1	MS-MT28	ptxP3	fim3-1	23S_rRNA_1	False	1	2026-07-24	complete_67_of_67
FRA::SAMEA115874224	SAMEA115874224	SAMEA115874224		ERR13476633	FRA	France	2024	2024-01-01	2024-12-31	2024			year	False	PRJEB42353	ena_study_accession	targeted_belgium_france_public_inventory	focal_model_observation	focal_genome_observation	True	public_raw_reads_pending_uniform_qc	True	False	True			ptxP3/fim3-1	pending_new_phylogeny	Branch_IIb	ptxP3/fim3-1		ptxP3	fim3-1	23S_rRNA_1	False	1	2026-07-24	complete_67_of_67
FRA::SAMEA115874225	SAMEA115874225	SAMEA115874225		ERR13476634	FRA	France	2024	2024-01-01	2024-12-31	2024			year	False	PRJEB42353	ena_study_accession	targeted_belgium_france_public_inventory	focal_model_observation	focal_genome_observation	True	public_raw_reads_pending_uniform_qc	True	False	True			ptxP3/fim3-2	pending_new_phylogeny	Branch_IIb	ptxP3/fim3-2		ptxP3	fim3-2	23S_rRNA_1	False	1	2026-07-24	complete_67_of_67
FRA::SAMEA115874226	SAMEA115874226	SAMEA115874226		ERR13476635	FRA	France	2024	2024-01-01	2024-12-31	2024			year	False	PRJEB42353	ena_study_accession	targeted_belgium_france_public_inventory	focal_model_observation	focal_genome_observation	True	public_raw_reads_pending_uniform_qc	True	False	True			others	pending_new_phylogeny	Branch_IIb	others		ptxP1	fim3-26	23S_rRNA_1	False	1	2026-07-24	complete_67_of_67
FRA::SAMEA115874227	SAMEA115874227	SAMEA115874227		ERR13476636	FRA	France	2024	2024-01-01	2024-12-31	2024			year	False	PRJEB42353	ena_study_accession	targeted_belgium_france_public_inventory	focal_model_observation	focal_genome_observation	True	public_raw_reads_pending_uniform_qc	True	False	True			ptxP3/fim3-1	pending_new_phylogeny	Branch_IIb	ptxP3/fim3-1		ptxP3	fim3-1	23S_rRNA_1	False	1	2026-07-24	complete_67_of_67
FRA::SAMEA115874228	SAMEA115874228	SAMEA115874228		ERR13476637	FRA	France	2024	2024-01-01	2024-12-31	2024			year	False	PRJEB42353	ena_study_accession	targeted_belgium_france_public_inventory	focal_model_observation	focal_genome_observation	True	public_raw_reads_pending_uniform_qc	True	False	True			Europe sublineage 1	pending_new_phylogeny	Branch_IIb	ptxP3/fim3-1	Europe sublineage 1	ptxP3	fim3-1	23S_rRNA_1	False	1	2026-07-24	complete_67_of_67
FRA::SAMEA115874229	SAMEA115874229	SAMEA115874229		ERR13476638	FRA	France	2024	2024-01-01	2024-12-31	2024			year	False	PRJEB42353	ena_study_accession	targeted_belgium_france_public_inventory	focal_model_observation	focal_genome_observation	True	public_raw_reads_pending_uniform_qc	True	False	True			ptxP3/fim3-1	pending_new_phylogeny	Branch_IIb	ptxP3/fim3-1		ptxP3	fim3-1	23S_rRNA_1	False	1	2026-07-24	complete_67_of_67
FRA::SAMEA115874230	SAMEA115874230	SAMEA115874230		ERR13476639	FRA	France	2024	2024-01-01	2024-12-31	2024			year	False	PRJEB42353	ena_study_accession	targeted_belgium_france_public_inventory	focal_model_observation	focal_genome_observation	True	public_raw_reads_pending_uniform_qc	True	False	True			Europe sublineage 1	pending_new_phylogeny	Branch_IIb	ptxP3/fim3-1	Europe sublineage 1	ptxP3	fim3-1	23S_rRNA_1	False	1	2026-07-24	complete_67_of_67
FRA::SAMEA115874231	SAMEA115874231	SAMEA115874231		ERR13476640	FRA	France	2024	2024-01-01	2024-12-31	2024			year	False	PRJEB42353	ena_study_accession	targeted_belgium_france_public_inventory	focal_model_observation	focal_genome_observation	True	public_raw_reads_pending_uniform_qc	True	False	True			others	pending_new_phylogeny	Branch_IIb	others		ptxP1	fim3-26	23S_rRNA_1	False	1	2026-07-24	complete_67_of_67
FRA::SAMEA115874232	SAMEA115874232	SAMEA115874232		ERR13476641	FRA	France	2024	2024-01-01	2024-12-31	2024			year	False	PRJEB42353	ena_study_accession	targeted_belgium_france_public_inventory	focal_model_observation	focal_genome_observation	True	public_raw_reads_pending_uniform_qc	True	False	True			MS-MT28	pending_new_phylogeny	Branch_IIb	ptxP3/fim3-1	MS-MT28	ptxP3	fim3-1	23S_rRNA_1	False	1	2026-07-24	complete_67_of_67
FRA::SAMEA115874233	SAMEA115874233	SAMEA115874233		ERR13476642	FRA	France	2024	2024-01-01	2024-12-31	2024			year	False	PRJEB42353	ena_study_accession	targeted_belgium_france_public_inventory	focal_model_observation	focal_genome_observation	True	public_raw_reads_pending_uniform_qc	True	False	True			ptxP3/fim3-1	pending_new_phylogeny	Branch_IIb	ptxP3/fim3-1		ptxP3	fim3-1	23S_rRNA_1	False	1	2026-07-24	complete_67_of_67
FRA::SAMEA115874234	SAMEA115874234	SAMEA115874234		ERR13476643	FRA	France	2024	2024-01-01	2024-12-31	2024			year	False	PRJEB42353	ena_study_accession	targeted_belgium_france_public_inventory	focal_model_observation	focal_genome_observation	True	public_raw_reads_pending_uniform_qc	True	False	True			Europe sublineage 1	pending_new_phylogeny	Branch_IIb	ptxP3/fim3-1	Europe sublineage 1	ptxP3	fim3-1	23S_rRNA_1	False	1	2026-07-24	complete_67_of_67
FRA::SAMEA115874235	SAMEA115874235	SAMEA115874235		ERR13476644	FRA	France	2024	2024-01-01	2024-12-31	2024			year	False	PRJEB42353	ena_study_accession	targeted_belgium_france_public_inventory	focal_model_observation	focal_genome_observation	True	public_raw_reads_pending_uniform_qc	True	False	True			ptxP3/fim3-2	pending_new_phylogeny	Branch_IIb	ptxP3/fim3-2		ptxP3	fim3-2	23S_rRNA_1	False	1	2026-07-24	complete_67_of_67
FRA::SAMEA115874236	SAMEA115874236	SAMEA115874236		ERR13476645	FRA	France	2024	2024-01-01	2024-12-31	2024			year	False	PRJEB42353	ena_study_accession	targeted_belgium_france_public_inventory	focal_model_observation	focal_genome_observation	True	public_raw_reads_pending_uniform_qc	True	False	True			ptxP3/fim3-2	pending_new_phylogeny	Branch_IIb	ptxP3/fim3-2		ptxP3	fim3-2	23S_rRNA_1	False	1	2026-07-24	complete_67_of_67
FRA::SAMEA115874237	SAMEA115874237	SAMEA115874237		ERR13476646	FRA	France	2024	2024-01-01	2024-12-31	2024			year	False	PRJEB42353	ena_study_accession	targeted_belgium_france_public_inventory	focal_model_observation	focal_genome_observation	True	public_raw_reads_pending_uniform_qc	True	False	True			ptxP3/fim3-2	pending_new_phylogeny	Branch_IIb	ptxP3/fim3-2		ptxP3	fim3-2	23S_rRNA_1	False	1	2026-07-24	complete_67_of_67
FRA::SAMEA115874238	SAMEA115874238	SAMEA115874238		ERR13476647	FRA	France	2024	2024-01-01	2024-12-31	2024			year	False	PRJEB42353	ena_study_accession	targeted_belgium_france_public_inventory	focal_model_observation	focal_genome_observation	True	public_raw_reads_pending_uniform_qc	True	False	True			MS-MT28	pending_new_phylogeny	Branch_IIb	ptxP3/fim3-1	MS-MT28	ptxP3	fim3-1	23S_rRNA_1	False	1	2026-07-24	complete_67_of_67
FRA::SAMEA115874239	SAMEA115874239	SAMEA115874239		ERR13476648	FRA	France	2024	2024-01-01	2024-12-31	2024			year	False	PRJEB42353	ena_study_accession	targeted_belgium_france_public_inventory	focal_model_observation	focal_genome_observation	True	public_raw_reads_pending_uniform_qc	True	False	True			ptxP3/fim3-2	pending_new_phylogeny	Branch_IIb	ptxP3/fim3-2		ptxP3	fim3-2	23S_rRNA_1	False	1	2026-07-24	complete_67_of_67
FRA::SAMEA115874240	SAMEA115874240	SAMEA115874240		ERR13476649	FRA	France	2024	2024-01-01	2024-12-31	2024			year	False	PRJEB42353	ena_study_accession	targeted_belgium_france_public_inventory	focal_model_observation	focal_genome_observation	True	public_raw_reads_pending_uniform_qc	True	False	True			ptxP3/fim3-1	pending_new_phylogeny	Branch_IIb	ptxP3/fim3-1		ptxP3	fim3-1	23S_rRNA_1	False	1	2026-07-24	complete_67_of_67
FRA::SAMEA115874241	SAMEA115874241	SAMEA115874241		ERR13476650	FRA	France	2024	2024-01-01	2024-12-31	2024			year	False	PRJEB42353	ena_study_accession	targeted_belgium_france_public_inventory	focal_model_observation	focal_genome_observation	True	public_raw_reads_pending_uniform_qc	True	False	True			Europe sublineage 1	pending_new_phylogeny	Branch_IIb	ptxP3/fim3-1	Europe sublineage 1	ptxP3	fim3-1	23S_rRNA_1	False	1	2026-07-24	complete_67_of_67
FRA::SAMEA115874242	SAMEA115874242	SAMEA115874242		ERR13476651	FRA	France	2024	2024-01-01	2024-12-31	2024			year	False	PRJEB42353	ena_study_accession	targeted_belgium_france_public_inventory	focal_model_observation	focal_genome_observation	True	public_raw_reads_pending_uniform_qc	True	False	True			ptxP3/fim3-1	pending_new_phylogeny	Branch_IIb	ptxP3/fim3-1		ptxP3	fim3-1	23S_rRNA_1	False	1	2026-07-24	complete_67_of_67
FRA::SAMEA115874243	SAMEA115874243	SAMEA115874243		ERR13476652	FRA	France	2024	2024-01-01	2024-12-31	2024			year	False	PRJEB42353	ena_study_accession	targeted_belgium_france_public_inventory	focal_model_observation	focal_genome_observation	True	public_raw_reads_pending_uniform_qc	True	False	True			others	pending_new_phylogeny	Branch_IIb	others		ptxP1	fim3-26	23S_rRNA_1	False	1	2026-07-24	complete_67_of_67
FRA::SAMEA115874244	SAMEA115874244	SAMEA115874244		ERR13476653	FRA	France	2024	2024-01-01	2024-12-31	2024			year	False	PRJEB42353	ena_study_accession	targeted_belgium_france_public_inventory	focal_model_observation	focal_genome_observation	True	public_raw_reads_pending_uniform_qc	True	False	True			ptxP3/fim3-2	pending_new_phylogeny	Branch_IIb	ptxP3/fim3-2		ptxP3	fim3-2	23S_rRNA_1	False	1	2026-07-24	complete_67_of_67
FRA::SAMEA115874245	SAMEA115874245	SAMEA115874245		ERR13476654	FRA	France	2024	2024-01-01	2024-12-31	2024			year	False	PRJEB42353	ena_study_accession	targeted_belgium_france_public_inventory	focal_model_observation	focal_genome_observation	True	public_raw_reads_pending_uniform_qc	True	False	True			Europe sublineage 1	pending_new_phylogeny	Branch_IIb	ptxP3/fim3-1	Europe sublineage 1	ptxP3	fim3-1	23S_rRNA_1	False	1	2026-07-24	complete_67_of_67
FRA::SAMEA115874246	SAMEA115874246	SAMEA115874246		ERR13476655	FRA	France	2024	2024-01-01	2024-12-31	2024			year	False	PRJEB42353	ena_study_accession	targeted_belgium_france_public_inventory	focal_model_observation	focal_genome_observation	True	public_raw_reads_pending_uniform_qc	True	False	True			ptxP3/fim3-1	pending_new_phylogeny	Branch_IIb	ptxP3/fim3-1		ptxP3	fim3-1	23S_rRNA_1	False	1	2026-07-24	complete_67_of_67
FRA::SAMEA115874247	SAMEA115874247	SAMEA115874247		ERR13476656	FRA	France	2024	2024-01-01	2024-12-31	2024			year	False	PRJEB42353	ena_study_accession	targeted_belgium_france_public_inventory	focal_model_observation	focal_genome_observation	True	public_raw_reads_pending_uniform_qc	True	False	True			ptxP3/fim3-1	pending_new_phylogeny	Branch_IIb	ptxP3/fim3-1		ptxP3	fim3-1	23S_rRNA_1	False	1	2026-07-24	complete_67_of_67
FRA::SAMEA115874248	SAMEA115874248	SAMEA115874248		ERR13476657	FRA	France	2024	2024-01-01	2024-12-31	2024			year	False	PRJEB42353	ena_study_accession	targeted_belgium_france_public_inventory	focal_model_observation	focal_genome_observation	True	public_raw_reads_pending_uniform_qc	True	False	True			ptxP3/fim3-2	pending_new_phylogeny	Branch_IIb	ptxP3/fim3-2		ptxP3	fim3-2	23S_rRNA_1	False	1	2026-07-24	complete_67_of_67
FRA::SAMEA115874249	SAMEA115874249	SAMEA115874249		ERR13476658	FRA	France	2024	2024-01-01	2024-12-31	2024			year	False	PRJEB42353	ena_study_accession	targeted_belgium_france_public_inventory	focal_model_observation	focal_genome_observation	True	public_raw_reads_pending_uniform_qc	True	False	True			ptxP3/fim3-1	pending_new_phylogeny	Branch_IIb	ptxP3/fim3-1		ptxP3	fim3-1	23S_rRNA_1	False	1	2026-07-24	complete_67_of_67
JPN::SAMEA41188168	SAMEA41188168	SAMEA41188168		ERR1775137	JPN	Japan	1994	1994-01-01	1994-12-31	1994			year	False	PRJEB18624	ena_study_accession	japan_targeted_ena_projects	historical_tree_anchor	focal_genome_observation	True	public_raw_reads_pending_uniform_qc	True	False	True			ptxP1/fim3-1	pending_new_phylogeny	Branch_IIb	ptxP1/fim3-1		ptxP1	fim3-1	23S_rRNA_1	False	1	2026-07-24	Targeted Japanese historical or recent public project.
JPN::SAMEA41190418	SAMEA41190418	SAMEA41190418		ERR1775140	JPN	Japan	2000	2000-01-01	2000-12-31	2000			year	False	PRJEB18624	ena_study_accession	japan_targeted_ena_projects	historical_tree_anchor	focal_genome_observation	True	public_raw_reads_pending_uniform_qc	True	False	True			ptxP3/fim3-1	pending_new_phylogeny	Branch_IIb	ptxP3/fim3-1		ptxP3	fim3-1	23S_rRNA_1	False	1	2026-07-24	Targeted Japanese historical or recent public project.
JPN::SAMEA41196418	SAMEA41196418	SAMEA41196418		ERR1775148	JPN	Japan	2000	2000-01-01	2000-12-31	2000			year	False	PRJEB18624	ena_study_accession	japan_targeted_ena_projects	historical_tree_anchor	focal_genome_observation	True	public_raw_reads_pending_uniform_qc	True	False	True			ptxP3/fim3-1	pending_new_phylogeny	Branch_IIb	ptxP3/fim3-1		ptxP3	fim3-1	23S_rRNA_1	False	1	2026-07-24	Targeted Japanese historical or recent public project.
JPN::SAMEA41203168	SAMEA41203168	SAMEA41203168		ERR1775157	JPN	Japan	1996	1996-01-01	1996-12-31	1996			year	False	PRJEB18624	ena_study_accession	japan_targeted_ena_projects	historical_tree_anchor	focal_genome_observation	True	public_raw_reads_pending_uniform_qc	True	False	True			ptxP1/fim3-1	pending_new_phylogeny	Branch_IIb	ptxP1/fim3-1		ptxP1	fim3-1	23S_rRNA_1	False	1	2026-07-24	Targeted Japanese historical or recent public project.
JPN::SAMEA41206168	SAMEA41206168	SAMEA41206168		ERR1775161	JPN	Japan	1996	1996-01-01	1996-12-31	1996			year	False	PRJEB18624	ena_study_accession	japan_targeted_ena_projects	historical_tree_anchor	focal_genome_observation	True	public_raw_reads_pending_uniform_qc	True	False	True			ptxP1/fim3-1	pending_new_phylogeny	Branch_IIb	ptxP1/fim3-1		ptxP1	fim3-1	23S_rRNA_1	False	1	2026-07-24	Targeted Japanese historical or recent public project.
JPN::SAMEA41207668	SAMEA41207668	SAMEA41207668		ERR1775163	JPN	Japan	1996	1996-01-01	1996-12-31	1996			year	False	PRJEB18624	ena_study_accession	japan_targeted_ena_projects	historical_tree_anchor	focal_genome_observation	True	public_raw_reads_pending_uniform_qc	True	False	True			ptxP1/fim3-1	pending_new_phylogeny	Branch_IIb	ptxP1/fim3-1		ptxP1	fim3-1	23S_rRNA_1	False	1	2026-07-24	Targeted Japanese historical or recent public project.
JPN::SAMEA41212168	SAMEA41212168	SAMEA41212168		ERR1775169	JPN	Japan	2002	2002-01-01	2002-12-31	2002			year	False	PRJEB18624	ena_study_accession	japan_targeted_ena_projects	historical_tree_anchor	focal_genome_observation	True	public_raw_reads_pending_uniform_qc	True	False	True			ptxP1/fim3-1	pending_new_phylogeny	Branch_IIb	ptxP1/fim3-1		ptxP1	fim3-1	23S_rRNA_1	False	1	2026-07-24	Targeted Japanese historical or recent public project.
JPN::SAMEA41215168	SAMEA41215168	SAMEA41215168		ERR1775173	JPN	Japan	1995	1995-01-01	1995-12-31	1995			year	False	PRJEB18624	ena_study_accession	japan_targeted_ena_projects	historical_tree_anchor	focal_genome_observation	True	public_raw_reads_pending_uniform_qc	True	False	True			ptxP1/fim3-1	pending_new_phylogeny	Branch_IIb	ptxP1/fim3-1		ptxP1	fim3-1	23S_rRNA_1	False	1	2026-07-24	Targeted Japanese historical or recent public project.
JPN::SAMEA41218168	SAMEA41218168	SAMEA41218168		ERR1775177	JPN	Japan	2003	2003-01-01	2003-12-31	2003			year	False	PRJEB18624	ena_study_accession	japan_targeted_ena_projects	historical_tree_anchor	focal_genome_observation	True	public_raw_reads_pending_uniform_qc	True	False	True			others	pending_new_phylogeny	Branch_IIb	others		ptxP8	fim3-1	23S_rRNA_1	False	1	2026-07-24	Targeted Japanese historical or recent public project.
JPN::SAMEA41223418	SAMEA41223418	SAMEA41223418		ERR1775184	JPN	Japan	2004	2004-01-01	2004-12-31	2004			year	False	PRJEB18624	ena_study_accession	japan_targeted_ena_projects	historical_tree_anchor	focal_genome_observation	True	public_raw_reads_pending_uniform_qc	True	False	True			ptxP1/fim3-1	pending_new_phylogeny	Branch_IIb	ptxP1/fim3-1		ptxP1	fim3-1	23S_rRNA_1	False	1	2026-07-24	Targeted Japanese historical or recent public project.
JPN::SAMEA41225668	SAMEA41225668	SAMEA41225668		ERR1775187	JPN	Japan	1992	1992-01-01	1992-12-31	1992			year	False	PRJEB18624	ena_study_accession	japan_targeted_ena_projects	historical_tree_anchor	focal_genome_observation	True	public_raw_reads_pending_uniform_qc	True	False	True			ptxP1/fim3-1	pending_new_phylogeny	Branch_IIb	ptxP1/fim3-1		ptxP1	fim3-1	23S_rRNA_1	False	1	2026-07-24	Targeted Japanese historical or recent public project.
JPN::SAMEA41227918	SAMEA41227918	SAMEA41227918		ERR1775190	JPN	Japan	2005	2005-01-01	2005-12-31	2005			year	False	PRJEB18624	ena_study_accession	japan_targeted_ena_projects	historical_tree_anchor	focal_genome_observation	True	public_raw_reads_pending_uniform_qc	True	False	True			ptxP3/fim3-1	pending_new_phylogeny	Branch_IIb	ptxP3/fim3-1		ptxP3	fim3-1	23S_rRNA_1	False	1	2026-07-24	Targeted Japanese historical or recent public project.
JPN::SAMEA41228668	SAMEA41228668	SAMEA41228668		ERR1775191	JPN	Japan	2005	2005-01-01	2005-12-31	2005			year	False	PRJEB18624	ena_study_accession	japan_targeted_ena_projects	historical_tree_anchor	focal_genome_observation	True	public_raw_reads_pending_uniform_qc	True	False	True			ptxP1/fim3-1	pending_new_phylogeny	Branch_IIb	ptxP1/fim3-1		ptxP1	fim3-1	23S_rRNA_1	False	1	2026-07-24	Targeted Japanese historical or recent public project.
JPN::SAMEA41229418	SAMEA41229418	SAMEA41229418		ERR1775192	JPN	Japan	2005	2005-01-01	2005-12-31	2005			year	False	PRJEB18624	ena_study_accession	japan_targeted_ena_projects	historical_tree_anchor	focal_genome_observation	True	public_raw_reads_pending_uniform_qc	True	False	True			ptxP3/fim3-1	pending_new_phylogeny	Branch_IIb	ptxP3/fim3-1		ptxP3	fim3-1	23S_rRNA_1	False	1	2026-07-24	Targeted Japanese historical or recent public project.
JPN::SAMEA41235418	SAMEA41235418	SAMEA41235418		ERR1775200	JPN	Japan	2006	2006-01-01	2006-12-31	2006			year	False	PRJEB18624	ena_study_accession	japan_targeted_ena_projects	historical_tree_anchor	focal_genome_observation	True	public_raw_reads_pending_uniform_qc	True	False	True			ptxP1/fim3-1	pending_new_phylogeny	Branch_IIb	ptxP1/fim3-1		ptxP1	fim3-1	23S_rRNA_1	False	1	2026-07-24	Targeted Japanese historical or recent public project.
JPN::SAMEA41236168	SAMEA41236168	SAMEA41236168		ERR1775201	JPN	Japan	2007	2007-01-01	2007-12-31	2007			year	False	PRJEB18624	ena_study_accession	japan_targeted_ena_projects	historical_tree_anchor	focal_genome_observation	True	public_raw_reads_pending_uniform_qc	True	False	True			ptxP1/fim3-1	pending_new_phylogeny	Branch_IIb	ptxP1/fim3-1		ptxP1	fim3-1	23S_rRNA_1	False	1	2026-07-24	Targeted Japanese historical or recent public project.
JPN::SAMEA41242168	SAMEA41242168	SAMEA41242168		ERR1775209	JPN	Japan	2008	2008-01-01	2008-12-31	2008			year	False	PRJEB18624	ena_study_accession	japan_targeted_ena_projects	historical_tree_anchor	focal_genome_observation	True	public_raw_reads_pending_uniform_qc	True	False	True			ptxP1/fim3-1	pending_new_phylogeny	Branch_IIb	ptxP1/fim3-1		ptxP1	fim3-1	23S_rRNA_1	False	1	2026-07-24	Targeted Japanese historical or recent public project.
JPN::SAMEA41242918	SAMEA41242918	SAMEA41242918		ERR1775210	JPN	Japan	2007	2007-01-01	2007-12-31	2007			year	False	PRJEB18624	ena_study_accession	japan_targeted_ena_projects	historical_tree_anchor	focal_genome_observation	True	public_raw_reads_pending_uniform_qc	True	False	True			ptxP3/fim3-1	pending_new_phylogeny	Branch_IIb	ptxP3/fim3-1		ptxP3	fim3-1	23S_rRNA_1	False	1	2026-07-24	Targeted Japanese historical or recent public project.
JPN::SAMEA41245918	SAMEA41245918	SAMEA41245918		ERR1775214	JPN	Japan	2009	2009-01-01	2009-12-31	2009			year	False	PRJEB18624	ena_study_accession	japan_targeted_ena_projects	historical_tree_anchor	focal_genome_observation	True	public_raw_reads_pending_uniform_qc	True	False	True			ptxP3/fim3-1	pending_new_phylogeny	Branch_IIb	ptxP3/fim3-1		ptxP3	fim3-1	23S_rRNA_1	False	1	2026-07-24	Targeted Japanese historical or recent public project.
JPN::SAMEA41246668	SAMEA41246668	SAMEA41246668		ERR1775215	JPN	Japan	2009	2009-01-01	2009-12-31	2009			year	False	PRJEB18624	ena_study_accession	japan_targeted_ena_projects	historical_tree_anchor	focal_genome_observation	True	public_raw_reads_pending_uniform_qc	True	False	True			ptxP1/fim3-1	pending_new_phylogeny	Branch_IIb	ptxP1/fim3-1		ptxP1	fim3-1	23S_rRNA_1	False	1	2026-07-24	Targeted Japanese historical or recent public project.
JPN::SAMEA41250418	SAMEA41250418	SAMEA41250418		ERR1775220	JPN	Japan	2010	2010-01-01	2010-12-31	2010			year	False	PRJEB18624	ena_study_accession	japan_targeted_ena_projects	historical_tree_anchor	focal_genome_observation	True	public_raw_reads_pending_uniform_qc	True	False	True			ptxP1/fim3-1	pending_new_phylogeny	Branch_IIb	ptxP1/fim3-1		ptxP1	fim3-1	23S_rRNA_1	False	1	2026-07-24	Targeted Japanese historical or recent public project.
JPN::SAMEA41253418	SAMEA41253418	SAMEA41253418		ERR1775224	JPN	Japan	2010	2010-01-01	2010-12-31	2010			year	False	PRJEB18624	ena_study_accession	japan_targeted_ena_projects	historical_tree_anchor	focal_genome_observation	True	public_raw_reads_pending_uniform_qc	True	False	True			ptxP1/fim3-1	pending_new_phylogeny	Branch_IIb	ptxP1/fim3-1		ptxP1	fim3-1	23S_rRNA_1	False	1	2026-07-24	Targeted Japanese historical or recent public project.
JPN::SAMEA41256418	SAMEA41256418	SAMEA41256418		ERR1775228	JPN	Japan	1994	1994-01-01	1994-12-31	1994			year	False	PRJEB18624	ena_study_accession	japan_targeted_ena_projects	historical_tree_anchor	focal_genome_observation	True	public_raw_reads_pending_uniform_qc	True	False	True			ptxP1/fim3-1	pending_new_phylogeny	Branch_IIb	ptxP1/fim3-1		ptxP1	fim3-1	23S_rRNA_1	False	1	2026-07-24	Targeted Japanese historical or recent public project.
JPN::SAMEA41257168	SAMEA41257168	SAMEA41257168		ERR1775229	JPN	Japan	2011	2011-01-01	2011-12-31	2011			year	False	PRJEB18624	ena_study_accession	japan_targeted_ena_projects	historical_tree_anchor	focal_genome_observation	True	public_raw_reads_pending_uniform_qc	True	False	True			ptxP3/fim3-1	pending_new_phylogeny	Branch_IIb	ptxP3/fim3-1		ptxP3	fim3-1	23S_rRNA_1	False	1	2026-07-24	Targeted Japanese historical or recent public project.
JPN::SAMEA41257918	SAMEA41257918	SAMEA41257918		ERR1775230	JPN	Japan	2012	2012-01-01	2012-12-31	2012			year	False	PRJEB18624	ena_study_accession	japan_targeted_ena_projects	historical_tree_anchor	focal_genome_observation	True	public_raw_reads_pending_uniform_qc	True	False	True			ptxP3/fim3-1	pending_new_phylogeny	Branch_IIb	ptxP3/fim3-1		ptxP3	fim3-1	23S_rRNA_1	False	1	2026-07-24	Targeted Japanese historical or recent public project.
JPN::SAMEA41258668	SAMEA41258668	SAMEA41258668		ERR1775231	JPN	Japan	1994	1994-01-01	1994-12-31	1994			year	False	PRJEB18624	ena_study_accession	japan_targeted_ena_projects	historical_tree_anchor	focal_genome_observation	True	public_raw_reads_pending_uniform_qc	True	False	True			ptxP1/fim3-1	pending_new_phylogeny	Branch_IIb	ptxP1/fim3-1		ptxP1	fim3-1	23S_rRNA_1	False	1	2026-07-24	Targeted Japanese historical or recent public project.
JPN::SAMEA41259418	SAMEA41259418	SAMEA41259418		ERR1775232	JPN	Japan	2012	2012-01-01	2012-12-31	2012			year	False	PRJEB18624	ena_study_accession	japan_targeted_ena_projects	historical_tree_anchor	focal_genome_observation	True	public_raw_reads_pending_uniform_qc	True	False	True			ptxP1/fim3-1	pending_new_phylogeny	Branch_IIb	ptxP1/fim3-1		ptxP1	fim3-1	23S_rRNA_1	False	1	2026-07-24	Targeted Japanese historical or recent public project.
JPN::SAMEA41260168	SAMEA41260168	SAMEA41260168		ERR1775233	JPN	Japan	2012	2012-01-01	2012-12-31	2012			year	False	PRJEB18624	ena_study_accession	japan_targeted_ena_projects	historical_tree_anchor	focal_genome_observation	True	public_raw_reads_pending_uniform_qc	True	False	True			ptxP3/fim3-1	pending_new_phylogeny	Branch_IIb	ptxP3/fim3-1		ptxP3	fim3-1	23S_rRNA_1	False	1	2026-07-24	Targeted Japanese historical or recent public project.
JPN::SAMEA41262418	SAMEA41262418	SAMEA41262418		ERR1775236	JPN	Japan	2000	2000-01-01	2000-12-31	2000			year	False	PRJEB18624	ena_study_accession	japan_targeted_ena_projects	historical_tree_anchor	focal_genome_observation	True	public_raw_reads_pending_uniform_qc	True	False	True			ptxP1/fim3-1	pending_new_phylogeny	Branch_IIb	ptxP1/fim3-1		ptxP1	fim3-1	23S_rRNA_1	False	1	2026-07-24	Targeted Japanese historical or recent public project.
JPN::SAMEA41265418	SAMEA41265418	SAMEA41265418		ERR1775240	JPN	Japan	2010	2010-01-01	2010-12-31	2010			year	False	PRJEB18624	ena_study_accession	japan_targeted_ena_projects	historical_tree_anchor	focal_genome_observation	True	public_raw_reads_pending_uniform_qc	True	False	True			ptxP3/fim3-1	pending_new_phylogeny	Branch_IIb	ptxP3/fim3-1		ptxP3	fim3-1	23S_rRNA_1	False	1	2026-07-24	Targeted Japanese historical or recent public project.
JPN::SAMEA41266168	SAMEA41266168	SAMEA41266168		ERR1775241	JPN	Japan	2013	2013-01-01	2013-12-31	2013			year	False	PRJEB18624	ena_study_accession	japan_targeted_ena_projects	historical_tree_anchor	focal_genome_observation	True	public_raw_reads_pending_uniform_qc	True	False	True			ptxP3/fim3-1	pending_new_phylogeny	Branch_IIb	ptxP3/fim3-1		ptxP3	fim3-1	23S_rRNA_1	False	1	2026-07-24	Targeted Japanese historical or recent public project.
JPN::SAMEA41266918	SAMEA41266918	SAMEA41266918		ERR1775242	JPN	Japan	2013	2013-01-01	2013-12-31	2013			year	False	PRJEB18624	ena_study_accession	japan_targeted_ena_projects	historical_tree_anchor	focal_genome_observation	True	public_raw_reads_pending_uniform_qc	True	False	True			ptxP1/fim3-1	pending_new_phylogeny	Branch_IIb	ptxP1/fim3-1		ptxP1	fim3-1	23S_rRNA_1	False	1	2026-07-24	Targeted Japanese historical or recent public project.
JPN::SAMEA41268418	SAMEA41268418	SAMEA41268418		ERR1775244	JPN	Japan	2013	2013-01-01	2013-12-31	2013			year	False	PRJEB18624	ena_study_accession	japan_targeted_ena_projects	historical_tree_anchor	focal_genome_observation	True	public_raw_reads_pending_uniform_qc	True	False	True			ptxP1/fim3-1	pending_new_phylogeny	Branch_IIb	ptxP1/fim3-1		ptxP1	fim3-1	23S_rRNA_1	False	1	2026-07-24	Targeted Japanese historical or recent public project.
JPN::SAMEA41269918	SAMEA41269918	SAMEA41269918		ERR1775246	JPN	Japan	2014	2014-01-01	2014-12-31	2014			year	False	PRJEB18624	ena_study_accession	japan_targeted_ena_projects	historical_tree_anchor	focal_genome_observation	True	public_raw_reads_pending_uniform_qc	True	False	True			ptxP3/fim3-1	pending_new_phylogeny	Branch_IIb	ptxP3/fim3-1		ptxP3	fim3-1	23S_rRNA_1	False	1	2026-07-24	Targeted Japanese historical or recent public project.
JPN::SAMEA41278918	SAMEA41278918	SAMEA41278918		ERR1775258	JPN	Japan	2000	2000-01-01	2000-12-31	2000			year	False	PRJEB18624	ena_study_accession	japan_targeted_ena_projects	historical_tree_anchor	focal_genome_observation	True	public_raw_reads_pending_uniform_qc	True	False	True			ptxP1/fim3-1	pending_new_phylogeny	Branch_IIb	ptxP1/fim3-1		ptxP1	fim3-1	23S_rRNA_1	False	1	2026-07-24	Targeted Japanese historical or recent public project.
JPN::SAMEA41279668	SAMEA41279668	SAMEA41279668		ERR1775259	JPN	Japan	2000	2000-01-01	2000-12-31	2000			year	False	PRJEB18624	ena_study_accession	japan_targeted_ena_projects	historical_tree_anchor	focal_genome_observation	True	public_raw_reads_pending_uniform_qc	True	False	True			ptxP1/fim3-1	pending_new_phylogeny	Branch_IIb	ptxP1/fim3-1		ptxP1	fim3-1	23S_rRNA_1	False	1	2026-07-24	Targeted Japanese historical or recent public project.
JPN::SAMEA41281168	SAMEA41281168	SAMEA41281168		ERR1775261	JPN	Japan	1999	1999-01-01	1999-12-31	1999			year	False	PRJEB18624	ena_study_accession	japan_targeted_ena_projects	historical_tree_anchor	focal_genome_observation	True	public_raw_reads_pending_uniform_qc	True	False	True			ptxP3/fim3-1	pending_new_phylogeny	Branch_IIb	ptxP3/fim3-1		ptxP3	fim3-1	23S_rRNA_1	False	1	2026-07-24	Targeted Japanese historical or recent public project.
JPN::SAMEA41285668	SAMEA41285668	SAMEA41285668		ERR1775267	JPN	Japan	1990	1990-01-01	1990-12-31	1990			year	False	PRJEB18624	ena_study_accession	japan_targeted_ena_projects	historical_tree_anchor	focal_genome_observation	True	public_raw_reads_pending_uniform_qc	True	False	True			ptxP1/fim3-1	pending_new_phylogeny	Branch_IIb	ptxP1/fim3-1		ptxP1	fim3-1	23S_rRNA_1	False	1	2026-07-24	Targeted Japanese historical or recent public project.
JPN::SAMEA41290168	SAMEA41290168	SAMEA41290168		ERR1775273	JPN	Japan	1983	1983-01-01	1983-12-31	1983			year	False	PRJEB18624	ena_study_accession	japan_targeted_ena_projects	historical_tree_anchor	focal_genome_observation	True	public_raw_reads_pending_uniform_qc	True	False	True			ptxP1/fim3-1	pending_new_phylogeny	Branch_IIb	ptxP1/fim3-1		ptxP1	fim3-1	23S_rRNA_1	False	1	2026-07-24	Targeted Japanese historical or recent public project.
JPN::SAMEA41291668	SAMEA41291668	SAMEA41291668		ERR1775275	JPN	Japan	1986	1986-01-01	1986-12-31	1986			year	False	PRJEB18624	ena_study_accession	japan_targeted_ena_projects	historical_tree_anchor	focal_genome_observation	True	public_raw_reads_pending_uniform_qc	True	False	True			ptxP1/fim3-1	pending_new_phylogeny	Branch_IIb	ptxP1/fim3-1		ptxP1	fim3-1	23S_rRNA_1	False	1	2026-07-24	Targeted Japanese historical or recent public project.
JPN::SAMEA41293918	SAMEA41293918	SAMEA41293918		ERR1775278	JPN	Japan	1983	1983-01-01	1983-12-31	1983			year	False	PRJEB18624	ena_study_accession	japan_targeted_ena_projects	historical_tree_anchor	focal_genome_observation	True	public_raw_reads_pending_uniform_qc	True	False	True			ptxP1/fim3-1	pending_new_phylogeny	Branch_IIb	ptxP1/fim3-1		ptxP1	fim3-1	23S_rRNA_1	False	1	2026-07-24	Targeted Japanese historical or recent public project.
JPN::SAMEA41299168	SAMEA41299168	SAMEA41299168		ERR1775285	JPN	Japan	2008	2008-01-01	2008-12-31	2008			year	False	PRJEB18624	ena_study_accession	japan_targeted_ena_projects	historical_tree_anchor	focal_genome_observation	True	public_raw_reads_pending_uniform_qc	True	False	True			ptxP1/fim3-1	pending_new_phylogeny	Branch_IIb	ptxP1/fim3-1		ptxP1	fim3-1	23S_rRNA_1	False	1	2026-07-24	Targeted Japanese historical or recent public project.
JPN::SAMEA41302918	SAMEA41302918	SAMEA41302918		ERR1775290	JPN	Japan	2008	2008-01-01	2008-12-31	2008			year	False	PRJEB18624	ena_study_accession	japan_targeted_ena_projects	historical_tree_anchor	focal_genome_observation	True	public_raw_reads_pending_uniform_qc	True	False	True			ptxP1/fim3-1	pending_new_phylogeny	Branch_IIb	ptxP1/fim3-1		ptxP1	fim3-1	23S_rRNA_1	False	1	2026-07-24	Targeted Japanese historical or recent public project.
JPN::SAMEA41303668	SAMEA41303668	SAMEA41303668		ERR1775291	JPN	Japan	2008	2008-01-01	2008-12-31	2008			year	False	PRJEB18624	ena_study_accession	japan_targeted_ena_projects	historical_tree_anchor	focal_genome_observation	True	public_raw_reads_pending_uniform_qc	True	False	True			ptxP1/fim3-1	pending_new_phylogeny	Branch_IIb	ptxP1/fim3-1		ptxP1	fim3-1	23S_rRNA_1	False	1	2026-07-24	Targeted Japanese historical or recent public project.
JPN::SAMEA41307418	SAMEA41307418	SAMEA41307418		ERR1775296	JPN	Japan	2009	2009-01-01	2009-12-31	2009			year	False	PRJEB18624	ena_study_accession	japan_targeted_ena_projects	historical_tree_anchor	focal_genome_observation	True	public_raw_reads_pending_uniform_qc	True	False	True			ptxP1/fim3-1	pending_new_phylogeny	Branch_IIb	ptxP1/fim3-1		ptxP1	fim3-1	23S_rRNA_1	False	1	2026-07-24	Targeted Japanese historical or recent public project.
JPN::SAMEA41308168	SAMEA41308168	SAMEA41308168		ERR1775297	JPN	Japan	2009	2009-01-01	2009-12-31	2009			year	False	PRJEB18624	ena_study_accession	japan_targeted_ena_projects	historical_tree_anchor	focal_genome_observation	True	public_raw_reads_pending_uniform_qc	True	False	True			ptxP1/fim3-1	pending_new_phylogeny	Branch_IIb	ptxP1/fim3-1		ptxP1	fim3-1	23S_rRNA_1	False	1	2026-07-24	Targeted Japanese historical or recent public project.
JPN::SAMEA41311918	SAMEA41311918	SAMEA41311918		ERR1775302	JPN	Japan	2011	2011-01-01	2011-12-31	2011			year	False	PRJEB18624	ena_study_accession	japan_targeted_ena_projects	historical_tree_anchor	focal_genome_observation	True	public_raw_reads_pending_uniform_qc	True	False	True			ptxP3/fim3-1	pending_new_phylogeny	Branch_IIb	ptxP3/fim3-1		ptxP3	fim3-1	23S_rRNA_1	False	1	2026-07-24	Targeted Japanese historical or recent public project.
JPN::SAMEA41312668	SAMEA41312668	SAMEA41312668		ERR1775303	JPN	Japan	2011	2011-01-01	2011-12-31	2011			year	False	PRJEB18624	ena_study_accession	japan_targeted_ena_projects	historical_tree_anchor	focal_genome_observation	True	public_raw_reads_pending_uniform_qc	True	False	True			ptxP3/fim3-1	pending_new_phylogeny	Branch_IIb	ptxP3/fim3-1		ptxP3	fim3-1	23S_rRNA_1	False	1	2026-07-24	Targeted Japanese historical or recent public project.
JPN::SAMEA41314168	SAMEA41314168	SAMEA41314168		ERR1775305	JPN	Japan	2011	2011-01-01	2011-12-31	2011			year	False	PRJEB18624	ena_study_accession	japan_targeted_ena_projects	historical_tree_anchor	focal_genome_observation	True	public_raw_reads_pending_uniform_qc	True	False	True			ptxP3/fim3-1	pending_new_phylogeny	Branch_IIb	ptxP3/fim3-1		ptxP3	fim3-1	23S_rRNA_1	False	1	2026-07-24	Targeted Japanese historical or recent public project.
JPN::SAMEA41315668	SAMEA41315668	SAMEA41315668		ERR1775307	JPN	Japan	2011	2011-01-01	2011-12-31	2011			year	False	PRJEB18624	ena_study_accession	japan_targeted_ena_projects	historical_tree_anchor	focal_genome_observation	True	public_raw_reads_pending_uniform_qc	True	False	True			ptxP3/fim3-1	pending_new_phylogeny	Branch_IIb	ptxP3/fim3-1		ptxP3	fim3-1	23S_rRNA_1	False	1	2026-07-24	Targeted Japanese historical or recent public project.
JPN::SAMEA41317168	SAMEA41317168	SAMEA41317168		ERR1775309	JPN	Japan	2011	2011-01-01	2011-12-31	2011			year	False	PRJEB18624	ena_study_accession	japan_targeted_ena_projects	historical_tree_anchor	focal_genome_observation	True	public_raw_reads_pending_uniform_qc	True	False	True			ptxP1/fim3-1	pending_new_phylogeny	Branch_IIb	ptxP1/fim3-1		ptxP1	fim3-1	23S_rRNA_1	False	1	2026-07-24	Targeted Japanese historical or recent public project.
JPN::SAMEA41320168	SAMEA41320168	SAMEA41320168		ERR1775313	JPN	Japan	2011	2011-01-01	2011-12-31	2011			year	False	PRJEB18624	ena_study_accession	japan_targeted_ena_projects	historical_tree_anchor	focal_genome_observation	True	public_raw_reads_pending_uniform_qc	True	False	True			ptxP1/fim3-1	pending_new_phylogeny	Branch_IIb	ptxP1/fim3-1		ptxP1	fim3-1	23S_rRNA_1	False	1	2026-07-24	Targeted Japanese historical or recent public project.
JPN::SAMEA41322418	SAMEA41322418	SAMEA41322418		ERR1775316	JPN	Japan	2012	2012-01-01	2012-12-31	2012			year	False	PRJEB18624	ena_study_accession	japan_targeted_ena_projects	historical_tree_anchor	focal_genome_observation	True	public_raw_reads_pending_uniform_qc	True	False	True			ptxP3/fim3-1	pending_new_phylogeny	Branch_IIb	ptxP3/fim3-1		ptxP3	fim3-1	23S_rRNA_1	False	1	2026-07-24	Targeted Japanese historical or recent public project.
JPN::SAMEA41323918	SAMEA41323918	SAMEA41323918		ERR1775318	JPN	Japan	2012	2012-01-01	2012-12-31	2012			year	False	PRJEB18624	ena_study_accession	japan_targeted_ena_projects	historical_tree_anchor	focal_genome_observation	True	public_raw_reads_pending_uniform_qc	True	False	True			ptxP3/fim3-1	pending_new_phylogeny	Branch_IIb	ptxP3/fim3-1		ptxP3	fim3-1	23S_rRNA_1	False	1	2026-07-24	Targeted Japanese historical or recent public project.
JPN::SAMEA41324668	SAMEA41324668	SAMEA41324668		ERR1775319	JPN	Japan	2013	2013-01-01	2013-12-31	2013			year	False	PRJEB18624	ena_study_accession	japan_targeted_ena_projects	historical_tree_anchor	focal_genome_observation	True	public_raw_reads_pending_uniform_qc	True	False	True			ptxP3/fim3-1	pending_new_phylogeny	Branch_IIb	ptxP3/fim3-1		ptxP3	fim3-1	23S_rRNA_1	False	1	2026-07-24	Targeted Japanese historical or recent public project.
JPN::SAMEA41186668	SAMEA41186668	SAMEA41186668		ERR1775135	JPN	Japan	1996	1996-01-01	1996-12-31	1996			year	False	PRJEB18624	ena_study_accession	japan_targeted_ena_projects	historical_tree_anchor	focal_genome_observation	True	public_raw_reads_pending_uniform_qc	True	False	True			ptxP1/fim3-1	pending_new_phylogeny	Branch_IIb	ptxP1/fim3-1		ptxP1	fim3-1	23S_rRNA_1	False	1	2026-07-24	Targeted Japanese historical or recent public project.
JPN::SAMEA41187418	SAMEA41187418	SAMEA41187418		ERR1775136	JPN	Japan	1983	1983-01-01	1983-12-31	1983			year	False	PRJEB18624	ena_study_accession	japan_targeted_ena_projects	historical_tree_anchor	focal_genome_observation	True	public_raw_reads_pending_uniform_qc	True	False	True			ptxP1/fim3-1	pending_new_phylogeny	Branch_IIb	ptxP1/fim3-1		ptxP1	fim3-1	23S_rRNA_1	False	1	2026-07-24	Targeted Japanese historical or recent public project.
JPN::SAMEA41189668	SAMEA41189668	SAMEA41189668		ERR1775139	JPN	Japan	1999	1999-01-01	1999-12-31	1999			year	False	PRJEB18624	ena_study_accession	japan_targeted_ena_projects	historical_tree_anchor	focal_genome_observation	True	public_raw_reads_pending_uniform_qc	True	False	True			ptxP1/fim3-1	pending_new_phylogeny	Branch_IIb	ptxP1/fim3-1		ptxP1	fim3-1	23S_rRNA_1	False	1	2026-07-24	Targeted Japanese historical or recent public project.
JPN::SAMEA41191168	SAMEA41191168	SAMEA41191168		ERR1775141	JPN	Japan	2000	2000-01-01	2000-12-31	2000			year	False	PRJEB18624	ena_study_accession	japan_targeted_ena_projects	historical_tree_anchor	focal_genome_observation	True	public_raw_reads_pending_uniform_qc	True	False	True			ptxP1/fim3-1	pending_new_phylogeny	Branch_IIb	ptxP1/fim3-1		ptxP1	fim3-1	23S_rRNA_1	False	1	2026-07-24	Targeted Japanese historical or recent public project.
JPN::SAMEA41191918	SAMEA41191918	SAMEA41191918		ERR1775142	JPN	Japan	2000	2000-01-01	2000-12-31	2000			year	False	PRJEB18624	ena_study_accession	japan_targeted_ena_projects	historical_tree_anchor	focal_genome_observation	True	public_raw_reads_pending_uniform_qc	True	False	True			ptxP3/fim3-1	pending_new_phylogeny	Branch_IIb	ptxP3/fim3-1		ptxP3	fim3-1	23S_rRNA_1	False	1	2026-07-24	Targeted Japanese historical or recent public project.
JPN::SAMEA41192668	SAMEA41192668	SAMEA41192668		ERR1775143	JPN	Japan	2000	2000-01-01	2000-12-31	2000			year	False	PRJEB18624	ena_study_accession	japan_targeted_ena_projects	historical_tree_anchor	focal_genome_observation	True	public_raw_reads_pending_uniform_qc	True	False	True			ptxP1/fim3-1	pending_new_phylogeny	Branch_IIb	ptxP1/fim3-1		ptxP1	fim3-1	23S_rRNA_1	False	1	2026-07-24	Targeted Japanese historical or recent public project.
JPN::SAMEA41193418	SAMEA41193418	SAMEA41193418		ERR1775144	JPN	Japan	2000	2000-01-01	2000-12-31	2000			year	False	PRJEB18624	ena_study_accession	japan_targeted_ena_projects	historical_tree_anchor	focal_genome_observation	True	public_raw_reads_pending_uniform_qc	True	False	True			ptxP1/fim3-1	pending_new_phylogeny	Branch_IIb	ptxP1/fim3-1		ptxP1	fim3-1	23S_rRNA_1	False	1	2026-07-24	Targeted Japanese historical or recent public project.
JPN::SAMEA41195668	SAMEA41195668	SAMEA41195668		ERR1775147	JPN	Japan	2000	2000-01-01	2000-12-31	2000			year	False	PRJEB18624	ena_study_accession	japan_targeted_ena_projects	historical_tree_anchor	focal_genome_observation	True	public_raw_reads_pending_uniform_qc	True	False	True			ptxP1/fim3-1	pending_new_phylogeny	Branch_IIb	ptxP1/fim3-1		ptxP1	fim3-1	23S_rRNA_1	False	1	2026-07-24	Targeted Japanese historical or recent public project.
JPN::SAMEA41197168	SAMEA41197168	SAMEA41197168		ERR1775149	JPN	Japan	1999	1999-01-01	1999-12-31	1999			year	False	PRJEB18624	ena_study_accession	japan_targeted_ena_projects	historical_tree_anchor	focal_genome_observation	True	public_raw_reads_pending_uniform_qc	True	False	True			ptxP1/fim3-1	pending_new_phylogeny	Branch_IIb	ptxP1/fim3-1		ptxP1	fim3-1	23S_rRNA_1	False	1	2026-07-24	Targeted Japanese historical or recent public project.
JPN::SAMEA41198668	SAMEA41198668	SAMEA41198668		ERR1775151	JPN	Japan	2001	2001-01-01	2001-12-31	2001			year	False	PRJEB18624	ena_study_accession	japan_targeted_ena_projects	historical_tree_anchor	focal_genome_observation	True	public_raw_reads_pending_uniform_qc	True	False	True			ptxP1/fim3-1	pending_new_phylogeny	Branch_IIb	ptxP1/fim3-1		ptxP1	fim3-1	23S_rRNA_1	False	1	2026-07-24	Targeted Japanese historical or recent public project.
JPN::SAMEA41199418	SAMEA41199418	SAMEA41199418		ERR1775152	JPN	Japan	1990	1990-01-01	1990-12-31	1990			year	False	PRJEB18624	ena_study_accession	japan_targeted_ena_projects	historical_tree_anchor	focal_genome_observation	True	public_raw_reads_pending_uniform_qc	True	False	True			ptxP1/fim3-1	pending_new_phylogeny	Branch_IIb	ptxP1/fim3-1		ptxP1	fim3-1	23S_rRNA_1	False	1	2026-07-24	Targeted Japanese historical or recent public project.
JPN::SAMEA41200168	SAMEA41200168	SAMEA41200168		ERR1775153	JPN	Japan	1995	1995-01-01	1995-12-31	1995			year	False	PRJEB18624	ena_study_accession	japan_targeted_ena_projects	historical_tree_anchor	focal_genome_observation	True	public_raw_reads_pending_uniform_qc	True	False	True			ptxP3/fim3-1	pending_new_phylogeny	Branch_IIb	ptxP3/fim3-1		ptxP3	fim3-1	23S_rRNA_1	False	1	2026-07-24	Targeted Japanese historical or recent public project.
JPN::SAMEA41205418	SAMEA41205418	SAMEA41205418		ERR1775160	JPN	Japan	1996	1996-01-01	1996-12-31	1996			year	False	PRJEB18624	ena_study_accession	japan_targeted_ena_projects	historical_tree_anchor	focal_genome_observation	True	public_raw_reads_pending_uniform_qc	True	False	True			ptxP1/fim3-1	pending_new_phylogeny	Branch_IIb	ptxP1/fim3-1		ptxP1	fim3-1	23S_rRNA_1	False	1	2026-07-24	Targeted Japanese historical or recent public project.
JPN::SAMEA41212918	SAMEA41212918	SAMEA41212918		ERR1775170	JPN	Japan	2002	2002-01-01	2002-12-31	2002			year	False	PRJEB18624	ena_study_accession	japan_targeted_ena_projects	historical_tree_anchor	focal_genome_observation	True	public_raw_reads_pending_uniform_qc	True	False	True			ptxP1/fim3-1	pending_new_phylogeny	Branch_IIb	ptxP1/fim3-1		ptxP1	fim3-1	23S_rRNA_1	False	1	2026-07-24	Targeted Japanese historical or recent public project.
JPN::SAMEA41214418	SAMEA41214418	SAMEA41214418		ERR1775172	JPN	Japan	2002	2002-01-01	2002-12-31	2002			year	False	PRJEB18624	ena_study_accession	japan_targeted_ena_projects	historical_tree_anchor	focal_genome_observation	True	public_raw_reads_pending_uniform_qc	True	False	True			ptxP3/fim3-1	pending_new_phylogeny	Branch_IIb	ptxP3/fim3-1		ptxP3	fim3-1	23S_rRNA_1	False	1	2026-07-24	Targeted Japanese historical or recent public project.
JPN::SAMEA41216668	SAMEA41216668	SAMEA41216668		ERR1775175	JPN	Japan	1986	1986-01-01	1986-12-31	1986			year	False	PRJEB18624	ena_study_accession	japan_targeted_ena_projects	historical_tree_anchor	focal_genome_observation	True	public_raw_reads_pending_uniform_qc	True	False	True			ptxP1/fim3-1	pending_new_phylogeny	Branch_IIb	ptxP1/fim3-1		ptxP1	fim3-1	23S_rRNA_1	False	1	2026-07-24	Targeted Japanese historical or recent public project.
JPN::SAMEA41219668	SAMEA41219668	SAMEA41219668		ERR1775179	JPN	Japan	2003	2003-01-01	2003-12-31	2003			year	False	PRJEB18624	ena_study_accession	japan_targeted_ena_projects	historical_tree_anchor	focal_genome_observation	True	public_raw_reads_pending_uniform_qc	True	False	True			ptxP1/fim3-1	pending_new_phylogeny	Branch_IIb	ptxP1/fim3-1		ptxP1	fim3-1	23S_rRNA_1	False	1	2026-07-24	Targeted Japanese historical or recent public project.
JPN::SAMEA41221168	SAMEA41221168	SAMEA41221168		ERR1775181	JPN	Japan	2003	2003-01-01	2003-12-31	2003			year	False	PRJEB18624	ena_study_accession	japan_targeted_ena_projects	historical_tree_anchor	focal_genome_observation	True	public_raw_reads_pending_uniform_qc	True	False	True			ptxP1/fim3-1	pending_new_phylogeny	Branch_IIb	ptxP1/fim3-1		ptxP1	fim3-1	23S_rRNA_1	False	1	2026-07-24	Targeted Japanese historical or recent public project.
JPN::SAMEA41224918	SAMEA41224918	SAMEA41224918		ERR1775186	JPN	Japan	2004	2004-01-01	2004-12-31	2004			year	False	PRJEB18624	ena_study_accession	japan_targeted_ena_projects	historical_tree_anchor	focal_genome_observation	True	public_raw_reads_pending_uniform_qc	True	False	True			ptxP1/fim3-1	pending_new_phylogeny	Branch_IIb	ptxP1/fim3-1		ptxP1	fim3-1	23S_rRNA_1	False	1	2026-07-24	Targeted Japanese historical or recent public project.
JPN::SAMEA41230168	SAMEA41230168	SAMEA41230168		ERR1775193	JPN	Japan	2005	2005-01-01	2005-12-31	2005			year	False	PRJEB18624	ena_study_accession	japan_targeted_ena_projects	historical_tree_anchor	focal_genome_observation	True	public_raw_reads_pending_uniform_qc	True	False	True			ptxP3/fim3-2	pending_new_phylogeny	Branch_IIb	ptxP3/fim3-2		ptxP3	fim3-2	23S_rRNA_1	False	1	2026-07-24	Targeted Japanese historical or recent public project.
JPN::SAMEA41232418	SAMEA41232418	SAMEA41232418		ERR1775196	JPN	Japan	2006	2006-01-01	2006-12-31	2006			year	False	PRJEB18624	ena_study_accession	japan_targeted_ena_projects	historical_tree_anchor	focal_genome_observation	True	public_raw_reads_pending_uniform_qc	True	False	True			ptxP1/fim3-1	pending_new_phylogeny	Branch_IIb	ptxP1/fim3-1		ptxP1	fim3-1	23S_rRNA_1	False	1	2026-07-24	Targeted Japanese historical or recent public project.
JPN::SAMEA41233918	SAMEA41233918	SAMEA41233918		ERR1775198	JPN	Japan	2006	2006-01-01	2006-12-31	2006			year	False	PRJEB18624	ena_study_accession	japan_targeted_ena_projects	historical_tree_anchor	focal_genome_observation	True	public_raw_reads_pending_uniform_qc	True	False	True			ptxP1/fim3-1	pending_new_phylogeny	Branch_IIb	ptxP1/fim3-1		ptxP1	fim3-1	23S_rRNA_1	False	1	2026-07-24	Targeted Japanese historical or recent public project.
JPN::SAMEA41237668	SAMEA41237668	SAMEA41237668		ERR1775203	JPN	Japan	1995	1995-01-01	1995-12-31	1995			year	False	PRJEB18624	ena_study_accession	japan_targeted_ena_projects	historical_tree_anchor	focal_genome_observation	True	public_raw_reads_pending_uniform_qc	True	False	True			ptxP1/fim3-1	pending_new_phylogeny	Branch_IIb	ptxP1/fim3-1		ptxP1	fim3-1	23S_rRNA_1	False	1	2026-07-24	Targeted Japanese historical or recent public project.
JPN::SAMEA41238418	SAMEA41238418	SAMEA41238418		ERR1775204	JPN	Japan	2007	2007-01-01	2007-12-31	2007			year	False	PRJEB18624	ena_study_accession	japan_targeted_ena_projects	historical_tree_anchor	focal_genome_observation	True	public_raw_reads_pending_uniform_qc	True	False	True			ptxP1/fim3-1	pending_new_phylogeny	Branch_IIb	ptxP1/fim3-1		ptxP1	fim3-1	23S_rRNA_1	False	1	2026-07-24	Targeted Japanese historical or recent public project.
JPN::SAMEA41239168	SAMEA41239168	SAMEA41239168		ERR1775205	JPN	Japan	1994	1994-01-01	1994-12-31	1994			year	False	PRJEB18624	ena_study_accession	japan_targeted_ena_projects	historical_tree_anchor	focal_genome_observation	True	public_raw_reads_pending_uniform_qc	True	False	True			ptxP1/fim3-1	pending_new_phylogeny	Branch_IIb	ptxP1/fim3-1		ptxP1	fim3-1	23S_rRNA_1	False	1	2026-07-24	Targeted Japanese historical or recent public project.
JPN::SAMEA41240668	SAMEA41240668	SAMEA41240668		ERR1775207	JPN	Japan	2008	2008-01-01	2008-12-31	2008			year	False	PRJEB18624	ena_study_accession	japan_targeted_ena_projects	historical_tree_anchor	focal_genome_observation	True	public_raw_reads_pending_uniform_qc	True	False	True			ptxP3/fim3-2	pending_new_phylogeny	Branch_IIb	ptxP3/fim3-2		ptxP3	fim3-2	23S_rRNA_1	False	1	2026-07-24	Targeted Japanese historical or recent public project.
JPN::SAMEA41241418	SAMEA41241418	SAMEA41241418		ERR1775208	JPN	Japan	1994	1994-01-01	1994-12-31	1994			year	False	PRJEB18624	ena_study_accession	japan_targeted_ena_projects	historical_tree_anchor	focal_genome_observation	True	public_raw_reads_pending_uniform_qc	True	False	True			ptxP3/fim3-1	pending_new_phylogeny	Branch_IIb	ptxP3/fim3-1		ptxP3	fim3-1	23S_rRNA_1	False	1	2026-07-24	Targeted Japanese historical or recent public project.
JPN::SAMEA41243668	SAMEA41243668	SAMEA41243668		ERR1775211	JPN	Japan	2008	2008-01-01	2008-12-31	2008			year	False	PRJEB18624	ena_study_accession	japan_targeted_ena_projects	historical_tree_anchor	focal_genome_observation	True	public_raw_reads_pending_uniform_qc	True	False	True			ptxP3/fim3-2	pending_new_phylogeny	Branch_IIb	ptxP3/fim3-2		ptxP3	fim3-2	23S_rRNA_1	False	1	2026-07-24	Targeted Japanese historical or recent public project.
JPN::SAMEA41245168	SAMEA41245168	SAMEA41245168		ERR1775213	JPN	Japan	2009	2009-01-01	2009-12-31	2009			year	False	PRJEB18624	ena_study_accession	japan_targeted_ena_projects	historical_tree_anchor	focal_genome_observation	True	public_raw_reads_pending_uniform_qc	True	False	True			ptxP3/fim3-1	pending_new_phylogeny	Branch_IIb	ptxP3/fim3-1		ptxP3	fim3-1	23S_rRNA_1	False	1	2026-07-24	Targeted Japanese historical or recent public project.
JPN::SAMEA41247418	SAMEA41247418	SAMEA41247418		ERR1775216	JPN	Japan	1994	1994-01-01	1994-12-31	1994			year	False	PRJEB18624	ena_study_accession	japan_targeted_ena_projects	historical_tree_anchor	focal_genome_observation	True	public_raw_reads_pending_uniform_qc	True	False	True			ptxP1/fim3-1	pending_new_phylogeny	Branch_IIb	ptxP1/fim3-1		ptxP1	fim3-1	23S_rRNA_1	False	1	2026-07-24	Targeted Japanese historical or recent public project.
JPN::SAMEA41248168	SAMEA41248168	SAMEA41248168		ERR1775217	JPN	Japan	2009	2009-01-01	2009-12-31	2009			year	False	PRJEB18624	ena_study_accession	japan_targeted_ena_projects	historical_tree_anchor	focal_genome_observation	True	public_raw_reads_pending_uniform_qc	True	False	True			ptxP1/fim3-1	pending_new_phylogeny	Branch_IIb	ptxP1/fim3-1		ptxP1	fim3-1	23S_rRNA_1	False	1	2026-07-24	Targeted Japanese historical or recent public project.
JPN::SAMEA41248918	SAMEA41248918	SAMEA41248918		ERR1775218	JPN	Japan	2009	2009-01-01	2009-12-31	2009			year	False	PRJEB18624	ena_study_accession	japan_targeted_ena_projects	historical_tree_anchor	focal_genome_observation	True	public_raw_reads_pending_uniform_qc	True	False	True			ptxP1/fim3-1	pending_new_phylogeny	Branch_IIb	ptxP1/fim3-1		ptxP1	fim3-1	23S_rRNA_1	False	1	2026-07-24	Targeted Japanese historical or recent public project.
JPN::SAMEA41251168	SAMEA41251168	SAMEA41251168		ERR1775221	JPN	Japan	2010	2010-01-01	2010-12-31	2010			year	False	PRJEB18624	ena_study_accession	japan_targeted_ena_projects	historical_tree_anchor	focal_genome_observation	True	public_raw_reads_pending_uniform_qc	True	False	True			ptxP3/fim3-1	pending_new_phylogeny	Branch_IIb	ptxP3/fim3-1		ptxP3	fim3-1	23S_rRNA_1	False	1	2026-07-24	Targeted Japanese historical or recent public project.
JPN::SAMEA41254168	SAMEA41254168	SAMEA41254168		ERR1775225	JPN	Japan	2011	2011-01-01	2011-12-31	2011			year	False	PRJEB18624	ena_study_accession	japan_targeted_ena_projects	historical_tree_anchor	focal_genome_observation	True	public_raw_reads_pending_uniform_qc	True	False	True			ptxP3/fim3-1	pending_new_phylogeny	Branch_IIb	ptxP3/fim3-1		ptxP3	fim3-1	23S_rRNA_1	False	1	2026-07-24	Targeted Japanese historical or recent public project.
JPN::SAMEA41255668	SAMEA41255668	SAMEA41255668		ERR1775227	JPN	Japan	2011	2011-01-01	2011-12-31	2011			year	False	PRJEB18624	ena_study_accession	japan_targeted_ena_projects	historical_tree_anchor	focal_genome_observation	True	public_raw_reads_pending_uniform_qc	True	False	True			ptxP3/fim3-1	pending_new_phylogeny	Branch_IIb	ptxP3/fim3-1		ptxP3	fim3-1	23S_rRNA_1	False	1	2026-07-24	Targeted Japanese historical or recent public project.
JPN::SAMEA41260918	SAMEA41260918	SAMEA41260918		ERR1775234	JPN	Japan	2012	2012-01-01	2012-12-31	2012			year	False	PRJEB18624	ena_study_accession	japan_targeted_ena_projects	historical_tree_anchor	focal_genome_observation	True	public_raw_reads_pending_uniform_qc	True	False	True			ptxP3/fim3-1	pending_new_phylogeny	Branch_IIb	ptxP3/fim3-1		ptxP3	fim3-1	23S_rRNA_1	False	1	2026-07-24	Targeted Japanese historical or recent public project.
JPN::SAMEA41264668	SAMEA41264668	SAMEA41264668		ERR1775239	JPN	Japan	2012	2012-01-01	2012-12-31	2012			year	False	PRJEB18624	ena_study_accession	japan_targeted_ena_projects	historical_tree_anchor	focal_genome_observation	True	public_raw_reads_pending_uniform_qc	True	False	True			ptxP3/fim3-2	pending_new_phylogeny	Branch_IIb	ptxP3/fim3-2		ptxP3	fim3-2	23S_rRNA_1	False	1	2026-07-24	Targeted Japanese historical or recent public project.
JPN::SAMEA41270668	SAMEA41270668	SAMEA41270668		ERR1775247	JPN	Japan	2014	2014-01-01	2014-12-31	2014			year	False	PRJEB18624	ena_study_accession	japan_targeted_ena_projects	historical_tree_anchor	focal_genome_observation	True	public_raw_reads_pending_uniform_qc	True	False	True			ptxP3/fim3-1	pending_new_phylogeny	Branch_IIb	ptxP3/fim3-1		ptxP3	fim3-1	23S_rRNA_1	False	1	2026-07-24	Targeted Japanese historical or recent public project.
JPN::SAMEA41271418	SAMEA41271418	SAMEA41271418		ERR1775248	JPN	Japan	2014	2014-01-01	2014-12-31	2014			year	False	PRJEB18624	ena_study_accession	japan_targeted_ena_projects	historical_tree_anchor	focal_genome_observation	True	public_raw_reads_pending_uniform_qc	True	False	True			ptxP3/fim3-2	pending_new_phylogeny	Branch_IIb	ptxP3/fim3-2		ptxP3	fim3-2	23S_rRNA_1	False	1	2026-07-24	Targeted Japanese historical or recent public project.
JPN::SAMEA41272918	SAMEA41272918	SAMEA41272918		ERR1775250	JPN	Japan	2014	2014-01-01	2014-12-31	2014			year	False	PRJEB18624	ena_study_accession	japan_targeted_ena_projects	historical_tree_anchor	focal_genome_observation	True	public_raw_reads_pending_uniform_qc	True	False	True			ptxP3/fim3-1	pending_new_phylogeny	Branch_IIb	ptxP3/fim3-1		ptxP3	fim3-1	23S_rRNA_1	False	1	2026-07-24	Targeted Japanese historical or recent public project.
JPN::SAMEA41273668	SAMEA41273668	SAMEA41273668		ERR1775251	JPN	Japan	2014	2014-01-01	2014-12-31	2014			year	False	PRJEB18624	ena_study_accession	japan_targeted_ena_projects	historical_tree_anchor	focal_genome_observation	True	public_raw_reads_pending_uniform_qc	True	False	True			ptxP3/fim3-1	pending_new_phylogeny	Branch_IIb	ptxP3/fim3-1		ptxP3	fim3-1	23S_rRNA_1	False	1	2026-07-24	Targeted Japanese historical or recent public project.
JPN::SAMEA41275168	SAMEA41275168	SAMEA41275168		ERR1775253	JPN	Japan	1999	1999-01-01	1999-12-31	1999			year	False	PRJEB18624	ena_study_accession	japan_targeted_ena_projects	historical_tree_anchor	focal_genome_observation	True	public_raw_reads_pending_uniform_qc	True	False	True			ptxP1/fim3-1	pending_new_phylogeny	Branch_IIb	ptxP1/fim3-1		ptxP1	fim3-1	23S_rRNA_1	False	1	2026-07-24	Targeted Japanese historical or recent public project.
JPN::SAMEA41275918	SAMEA41275918	SAMEA41275918		ERR1775254	JPN	Japan	1999	1999-01-01	1999-12-31	1999			year	False	PRJEB18624	ena_study_accession	japan_targeted_ena_projects	historical_tree_anchor	focal_genome_observation	True	public_raw_reads_pending_uniform_qc	True	False	True			ptxP3/fim3-1	pending_new_phylogeny	Branch_IIb	ptxP3/fim3-1		ptxP3	fim3-1	23S_rRNA_1	False	1	2026-07-24	Targeted Japanese historical or recent public project.
JPN::SAMEA41276668	SAMEA41276668	SAMEA41276668		ERR1775255	JPN	Japan	2000	2000-01-01	2000-12-31	2000			year	False	PRJEB18624	ena_study_accession	japan_targeted_ena_projects	historical_tree_anchor	focal_genome_observation	True	public_raw_reads_pending_uniform_qc	True	False	True			ptxP1/fim3-1	pending_new_phylogeny	Branch_IIb	ptxP1/fim3-1		ptxP1	fim3-1	23S_rRNA_1	False	1	2026-07-24	Targeted Japanese historical or recent public project.
JPN::SAMEA41280418	SAMEA41280418	SAMEA41280418		ERR1775260	JPN	Japan	2000	2000-01-01	2000-12-31	2000			year	False	PRJEB18624	ena_study_accession	japan_targeted_ena_projects	historical_tree_anchor	focal_genome_observation	True	public_raw_reads_pending_uniform_qc	True	False	True			ptxP1/fim3-1	pending_new_phylogeny	Branch_IIb	ptxP1/fim3-1		ptxP1	fim3-1	23S_rRNA_1	False	1	2026-07-24	Targeted Japanese historical or recent public project.
JPN::SAMEA41284918	SAMEA41284918	SAMEA41284918		ERR1775266	JPN	Japan	1996	1996-01-01	1996-12-31	1996			year	False	PRJEB18624	ena_study_accession	japan_targeted_ena_projects	historical_tree_anchor	focal_genome_observation	True	public_raw_reads_pending_uniform_qc	True	False	True			ptxP1/fim3-1	pending_new_phylogeny	Branch_IIb	ptxP1/fim3-1		ptxP1	fim3-1	23S_rRNA_1	False	1	2026-07-24	Targeted Japanese historical or recent public project.
JPN::SAMEA41286418	SAMEA41286418	SAMEA41286418		ERR1775268	JPN	Japan	1990	1990-01-01	1990-12-31	1990			year	False	PRJEB18624	ena_study_accession	japan_targeted_ena_projects	historical_tree_anchor	focal_genome_observation	True	public_raw_reads_pending_uniform_qc	True	False	True			others	pending_new_phylogeny	Branch_IIb	others		ptxP8	fim3-1	23S_rRNA_1	False	1	2026-07-24	Targeted Japanese historical or recent public project.
JPN::SAMEA41289418	SAMEA41289418	SAMEA41289418		ERR1775272	JPN	Japan	1996	1996-01-01	1996-12-31	1996			year	False	PRJEB18624	ena_study_accession	japan_targeted_ena_projects	historical_tree_anchor	focal_genome_observation	True	public_raw_reads_pending_uniform_qc	True	False	True			ptxP1/fim3-1	pending_new_phylogeny	Branch_IIb	ptxP1/fim3-1		ptxP1	fim3-1	23S_rRNA_1	False	1	2026-07-24	Targeted Japanese historical or recent public project.
JPN::SAMEA41290918	SAMEA41290918	SAMEA41290918		ERR1775274	JPN	Japan	1986	1986-01-01	1986-12-31	1986			year	False	PRJEB18624	ena_study_accession	japan_targeted_ena_projects	historical_tree_anchor	focal_genome_observation	True	public_raw_reads_pending_uniform_qc	True	False	True			ptxP1/fim3-1	pending_new_phylogeny	Branch_IIb	ptxP1/fim3-1		ptxP1	fim3-1	23S_rRNA_1	False	1	2026-07-24	Targeted Japanese historical or recent public project.
JPN::SAMEA41292418	SAMEA41292418	SAMEA41292418		ERR1775276	JPN	Japan	1987	1987-01-01	1987-12-31	1987			year	False	PRJEB18624	ena_study_accession	japan_targeted_ena_projects	historical_tree_anchor	focal_genome_observation	True	public_raw_reads_pending_uniform_qc	True	False	True			ptxP1/fim3-1	pending_new_phylogeny	Branch_IIb	ptxP1/fim3-1		ptxP1	fim3-1	23S_rRNA_1	False	1	2026-07-24	Targeted Japanese historical or recent public project.
JPN::SAMEA41294668	SAMEA41294668	SAMEA41294668		ERR1775279	JPN	Japan	1983	1983-01-01	1983-12-31	1983			year	False	PRJEB18624	ena_study_accession	japan_targeted_ena_projects	historical_tree_anchor	focal_genome_observation	True	public_raw_reads_pending_uniform_qc	True	False	True			ptxP1/fim3-1	pending_new_phylogeny	Branch_IIb	ptxP1/fim3-1		ptxP1	fim3-1	23S_rRNA_1	False	1	2026-07-24	Targeted Japanese historical or recent public project.
JPN::SAMEA41295418	SAMEA41295418	SAMEA41295418		ERR1775280	JPN	Japan	1983	1983-01-01	1983-12-31	1983			year	False	PRJEB18624	ena_study_accession	japan_targeted_ena_projects	historical_tree_anchor	focal_genome_observation	True	public_raw_reads_pending_uniform_qc	True	False	True			ptxP1/fim3-1	pending_new_phylogeny	Branch_IIb	ptxP1/fim3-1		ptxP1	fim3-1	23S_rRNA_1	False	1	2026-07-24	Targeted Japanese historical or recent public project.
JPN::SAMEA41296168	SAMEA41296168	SAMEA41296168		ERR1775281	JPN	Japan	1983	1983-01-01	1983-12-31	1983			year	False	PRJEB18624	ena_study_accession	japan_targeted_ena_projects	historical_tree_anchor	focal_genome_observation	True	public_raw_reads_pending_uniform_qc	True	False	True			ptxP1/fim3-1	pending_new_phylogeny	Branch_IIb	ptxP1/fim3-1		ptxP1	fim3-1	23S_rRNA_1	False	1	2026-07-24	Targeted Japanese historical or recent public project.
JPN::SAMEA41296918	SAMEA41296918	SAMEA41296918		ERR1775282	JPN	Japan	1983	1983-01-01	1983-12-31	1983			year	False	PRJEB18624	ena_study_accession	japan_targeted_ena_projects	historical_tree_anchor	focal_genome_observation	True	public_raw_reads_pending_uniform_qc	True	False	True			ptxP1/fim3-1	pending_new_phylogeny	Branch_IIb	ptxP1/fim3-1		ptxP1	fim3-1	23S_rRNA_1	False	1	2026-07-24	Targeted Japanese historical or recent public project.
JPN::SAMEA41298418	SAMEA41298418	SAMEA41298418		ERR1775284	JPN	Japan	2008	2008-01-01	2008-12-31	2008			year	False	PRJEB18624	ena_study_accession	japan_targeted_ena_projects	historical_tree_anchor	focal_genome_observation	True	public_raw_reads_pending_uniform_qc	True	False	True			ptxP1/fim3-1	pending_new_phylogeny	Branch_IIb	ptxP1/fim3-1		ptxP1	fim3-1	23S_rRNA_1	False	1	2026-07-24	Targeted Japanese historical or recent public project.
JPN::SAMEA41300668	SAMEA41300668	SAMEA41300668		ERR1775287	JPN	Japan	2008	2008-01-01	2008-12-31	2008			year	False	PRJEB18624	ena_study_accession	japan_targeted_ena_projects	historical_tree_anchor	focal_genome_observation	True	public_raw_reads_pending_uniform_qc	True	False	True			ptxP1/fim3-1	pending_new_phylogeny	Branch_IIb	ptxP1/fim3-1		ptxP1	fim3-1	23S_rRNA_1	False	1	2026-07-24	Targeted Japanese historical or recent public project.
JPN::SAMEA41301418	SAMEA41301418	SAMEA41301418		ERR1775288	JPN	Japan	2008	2008-01-01	2008-12-31	2008			year	False	PRJEB18624	ena_study_accession	japan_targeted_ena_projects	historical_tree_anchor	focal_genome_observation	True	public_raw_reads_pending_uniform_qc	True	False	True			ptxP1/fim3-1	pending_new_phylogeny	Branch_IIb	ptxP1/fim3-1		ptxP1	fim3-1	23S_rRNA_1	False	1	2026-07-24	Targeted Japanese historical or recent public project.
JPN::SAMEA41302168	SAMEA41302168	SAMEA41302168		ERR1775289	JPN	Japan	2008	2008-01-01	2008-12-31	2008			year	False	PRJEB18624	ena_study_accession	japan_targeted_ena_projects	historical_tree_anchor	focal_genome_observation	True	public_raw_reads_pending_uniform_qc	True	False	True			ptxP1/fim3-1	pending_new_phylogeny	Branch_IIb	ptxP1/fim3-1		ptxP1	fim3-1	23S_rRNA_1	False	1	2026-07-24	Targeted Japanese historical or recent public project.
JPN::SAMEA41305168	SAMEA41305168	SAMEA41305168		ERR1775293	JPN	Japan	2008	2008-01-01	2008-12-31	2008			year	False	PRJEB18624	ena_study_accession	japan_targeted_ena_projects	historical_tree_anchor	focal_genome_observation	True	public_raw_reads_pending_uniform_qc	True	False	True			ptxP3/fim3-1	pending_new_phylogeny	Branch_IIb	ptxP3/fim3-1		ptxP3	fim3-1	23S_rRNA_1	False	1	2026-07-24	Targeted Japanese historical or recent public project.
JPN::SAMEA41308918	SAMEA41308918	SAMEA41308918		ERR1775298	JPN	Japan	2009	2009-01-01	2009-12-31	2009			year	False	PRJEB18624	ena_study_accession	japan_targeted_ena_projects	historical_tree_anchor	focal_genome_observation	True	public_raw_reads_pending_uniform_qc	True	False	True			ptxP1/fim3-1	pending_new_phylogeny	Branch_IIb	ptxP1/fim3-1		ptxP1	fim3-1	23S_rRNA_1	False	1	2026-07-24	Targeted Japanese historical or recent public project.
JPN::SAMEA41314918	SAMEA41314918	SAMEA41314918		ERR1775306	JPN	Japan	2011	2011-01-01	2011-12-31	2011			year	False	PRJEB18624	ena_study_accession	japan_targeted_ena_projects	historical_tree_anchor	focal_genome_observation	True	public_raw_reads_pending_uniform_qc	True	False	True			ptxP3/fim3-1	pending_new_phylogeny	Branch_IIb	ptxP3/fim3-1		ptxP3	fim3-1	23S_rRNA_1	False	1	2026-07-24	Targeted Japanese historical or recent public project.
JPN::SAMEA41320918	SAMEA41320918	SAMEA41320918		ERR1775314	JPN	Japan	2012	2012-01-01	2012-12-31	2012			year	False	PRJEB18624	ena_study_accession	japan_targeted_ena_projects	historical_tree_anchor	focal_genome_observation	True	public_raw_reads_pending_uniform_qc	True	False	True			ptxP3/fim3-1	pending_new_phylogeny	Branch_IIb	ptxP3/fim3-1		ptxP3	fim3-1	23S_rRNA_1	False	1	2026-07-24	Targeted Japanese historical or recent public project.
JPN::SAMEA41321668	SAMEA41321668	SAMEA41321668		ERR1775315	JPN	Japan	2012	2012-01-01	2012-12-31	2012			year	False	PRJEB18624	ena_study_accession	japan_targeted_ena_projects	historical_tree_anchor	focal_genome_observation	True	public_raw_reads_pending_uniform_qc	True	False	True			ptxP3/fim3-1	pending_new_phylogeny	Branch_IIb	ptxP3/fim3-1		ptxP3	fim3-1	23S_rRNA_1	False	1	2026-07-24	Targeted Japanese historical or recent public project.
JPN::SAMEA41323168	SAMEA41323168	SAMEA41323168		ERR1775317	JPN	Japan	2012	2012-01-01	2012-12-31	2012			year	False	PRJEB18624	ena_study_accession	japan_targeted_ena_projects	historical_tree_anchor	focal_genome_observation	True	public_raw_reads_pending_uniform_qc	True	False	True			ptxP3/fim3-1	pending_new_phylogeny	Branch_IIb	ptxP3/fim3-1		ptxP3	fim3-1	23S_rRNA_1	False	1	2026-07-24	Targeted Japanese historical or recent public project.
JPN::SAMEA41325418	SAMEA41325418	SAMEA41325418		ERR1775320	JPN	Japan	2013	2013-01-01	2013-12-31	2013			year	False	PRJEB18624	ena_study_accession	japan_targeted_ena_projects	historical_tree_anchor	focal_genome_observation	True	public_raw_reads_pending_uniform_qc	True	False	True			ptxP3/fim3-1	pending_new_phylogeny	Branch_IIb	ptxP3/fim3-1		ptxP3	fim3-1	23S_rRNA_1	False	1	2026-07-24	Targeted Japanese historical or recent public project.
JPN::SAMEA41326168	SAMEA41326168	SAMEA41326168		ERR1775321	JPN	Japan	2013	2013-01-01	2013-12-31	2013			year	False	PRJEB18624	ena_study_accession	japan_targeted_ena_projects	historical_tree_anchor	focal_genome_observation	True	public_raw_reads_pending_uniform_qc	True	False	True			ptxP3/fim3-1	pending_new_phylogeny	Branch_IIb	ptxP3/fim3-1		ptxP3	fim3-1	23S_rRNA_1	False	1	2026-07-24	Targeted Japanese historical or recent public project.
JPN::SAMEA41185918	SAMEA41185918	SAMEA41185918		ERR1775134	JPN	Japan	2000	2000-01-01	2000-12-31	2000			year	False	PRJEB18624	ena_study_accession	japan_targeted_ena_projects	historical_tree_anchor	focal_genome_observation	True	public_raw_reads_pending_uniform_qc	True	False	True			ptxP1/fim3-1	pending_new_phylogeny	Branch_IIb	ptxP1/fim3-1		ptxP1	fim3-1	23S_rRNA_1	False	1	2026-07-24	Targeted Japanese historical or recent public project.
JPN::SAMEA41194168	SAMEA41194168	SAMEA41194168		ERR1775145	JPN	Japan	2000	2000-01-01	2000-12-31	2000			year	False	PRJEB18624	ena_study_accession	japan_targeted_ena_projects	historical_tree_anchor	focal_genome_observation	True	public_raw_reads_pending_uniform_qc	True	False	True			ptxP3/fim3-1	pending_new_phylogeny	Branch_IIb	ptxP3/fim3-1		ptxP3	fim3-1	23S_rRNA_1	False	1	2026-07-24	Targeted Japanese historical or recent public project.
JPN::SAMEA41194918	SAMEA41194918	SAMEA41194918		ERR1775146	JPN	Japan	1999	1999-01-01	1999-12-31	1999			year	False	PRJEB18624	ena_study_accession	japan_targeted_ena_projects	historical_tree_anchor	focal_genome_observation	True	public_raw_reads_pending_uniform_qc	True	False	True			ptxP1/fim3-1	pending_new_phylogeny	Branch_IIb	ptxP1/fim3-1		ptxP1	fim3-1	23S_rRNA_1	False	1	2026-07-24	Targeted Japanese historical or recent public project.
JPN::SAMEA41197918	SAMEA41197918	SAMEA41197918		ERR1775150	JPN	Japan	1997	1997-01-01	1997-12-31	1997			year	False	PRJEB18624	ena_study_accession	japan_targeted_ena_projects	historical_tree_anchor	focal_genome_observation	True	public_raw_reads_pending_uniform_qc	True	False	True			ptxP1/fim3-1	pending_new_phylogeny	Branch_IIb	ptxP1/fim3-1		ptxP1	fim3-1	23S_rRNA_18	False	1	2026-07-24	Targeted Japanese historical or recent public project.
JPN::SAMEA41200918	SAMEA41200918	SAMEA41200918		ERR1775154	JPN	Japan	1998	1998-01-01	1998-12-31	1998			year	False	PRJEB18624	ena_study_accession	japan_targeted_ena_projects	historical_tree_anchor	focal_genome_observation	True	public_raw_reads_pending_uniform_qc	True	False	True			ptxP1/fim3-1	pending_new_phylogeny	Branch_IIb	ptxP1/fim3-1		ptxP1	fim3-1	23S_rRNA_1	False	1	2026-07-24	Targeted Japanese historical or recent public project.
JPN::SAMEA41201668	SAMEA41201668	SAMEA41201668		ERR1775155	JPN	Japan	2001	2001-01-01	2001-12-31	2001			year	False	PRJEB18624	ena_study_accession	japan_targeted_ena_projects	historical_tree_anchor	focal_genome_observation	True	public_raw_reads_pending_uniform_qc	True	False	True			ptxP1/fim3-1	pending_new_phylogeny	Branch_IIb	ptxP1/fim3-1		ptxP1	fim3-1	23S_rRNA_1	False	1	2026-07-24	Targeted Japanese historical or recent public project.
JPN::SAMEA41202418	SAMEA41202418	SAMEA41202418		ERR1775156	JPN	Japan	2000	2000-01-01	2000-12-31	2000			year	False	PRJEB18624	ena_study_accession	japan_targeted_ena_projects	historical_tree_anchor	focal_genome_observation	True	public_raw_reads_pending_uniform_qc	True	False	True			ptxP1/fim3-1	pending_new_phylogeny	Branch_IIb	ptxP1/fim3-1		ptxP1	fim3-1	23S_rRNA_1	False	1	2026-07-24	Targeted Japanese historical or recent public project.
JPN::SAMEA41204668	SAMEA41204668	SAMEA41204668		ERR1775159	JPN	Japan	1996	1996-01-01	1996-12-31	1996			year	False	PRJEB18624	ena_study_accession	japan_targeted_ena_projects	historical_tree_anchor	focal_genome_observation	True	public_raw_reads_pending_uniform_qc	True	False	True			ptxP1/fim3-1	pending_new_phylogeny	Branch_IIb	ptxP1/fim3-1		ptxP1	fim3-1	23S_rRNA_1	False	1	2026-07-24	Targeted Japanese historical or recent public project.
JPN::SAMEA41206918	SAMEA41206918	SAMEA41206918		ERR1775162	JPN	Japan	1996	1996-01-01	1996-12-31	1996			year	False	PRJEB18624	ena_study_accession	japan_targeted_ena_projects	historical_tree_anchor	focal_genome_observation	True	public_raw_reads_pending_uniform_qc	True	False	True			ptxP1/fim3-1	pending_new_phylogeny	Branch_IIb	ptxP1/fim3-1		ptxP1	fim3-1	23S_rRNA_1	False	1	2026-07-24	Targeted Japanese historical or recent public project.
JPN::SAMEA41208418	SAMEA41208418	SAMEA41208418		ERR1775164	JPN	Japan	2000	2000-01-01	2000-12-31	2000			year	False	PRJEB18624	ena_study_accession	japan_targeted_ena_projects	historical_tree_anchor	focal_genome_observation	True	public_raw_reads_pending_uniform_qc	True	False	True			ptxP3/fim3-1	pending_new_phylogeny	Branch_IIb	ptxP3/fim3-1		ptxP3	fim3-1	23S_rRNA_1	False	1	2026-07-24	Targeted Japanese historical or recent public project.
JPN::SAMEA41209168	SAMEA41209168	SAMEA41209168		ERR1775165	JPN	Japan	2000	2000-01-01	2000-12-31	2000			year	False	PRJEB18624	ena_study_accession	japan_targeted_ena_projects	historical_tree_anchor	focal_genome_observation	True	public_raw_reads_pending_uniform_qc	True	False	True			ptxP3/fim3-1	pending_new_phylogeny	Branch_IIb	ptxP3/fim3-1		ptxP3	fim3-1	23S_rRNA_1	False	1	2026-07-24	Targeted Japanese historical or recent public project.
JPN::SAMEA41210668	SAMEA41210668	SAMEA41210668		ERR1775167	JPN	Japan	2002	2002-01-01	2002-12-31	2002			year	False	PRJEB18624	ena_study_accession	japan_targeted_ena_projects	historical_tree_anchor	focal_genome_observation	True	public_raw_reads_pending_uniform_qc	True	False	True			ptxP1/fim3-1	pending_new_phylogeny	Branch_IIb	ptxP1/fim3-1		ptxP1	fim3-1	23S_rRNA_1	False	1	2026-07-24	Targeted Japanese historical or recent public project.
JPN::SAMEA41211418	SAMEA41211418	SAMEA41211418		ERR1775168	JPN	Japan	1990	1990-01-01	1990-12-31	1990			year	False	PRJEB18624	ena_study_accession	japan_targeted_ena_projects	historical_tree_anchor	focal_genome_observation	True	public_raw_reads_pending_uniform_qc	True	False	True			ptxP1/fim3-1	pending_new_phylogeny	Branch_IIb	ptxP1/fim3-1		ptxP1	fim3-1	23S_rRNA_1	False	1	2026-07-24	Targeted Japanese historical or recent public project.
JPN::SAMEA41213668	SAMEA41213668	SAMEA41213668		ERR1775171	JPN	Japan	2002	2002-01-01	2002-12-31	2002			year	False	PRJEB18624	ena_study_accession	japan_targeted_ena_projects	historical_tree_anchor	focal_genome_observation	True	public_raw_reads_pending_uniform_qc	True	False	True			ptxP3/fim3-1	pending_new_phylogeny	Branch_IIb	ptxP3/fim3-1		ptxP3	fim3-1	23S_rRNA_1	False	1	2026-07-24	Targeted Japanese historical or recent public project.
JPN::SAMEA41215918	SAMEA41215918	SAMEA41215918		ERR1775174	JPN	Japan	1986	1986-01-01	1986-12-31	1986			year	False	PRJEB18624	ena_study_accession	japan_targeted_ena_projects	historical_tree_anchor	focal_genome_observation	True	public_raw_reads_pending_uniform_qc	True	False	True			ptxP1/fim3-1	pending_new_phylogeny	Branch_IIb	ptxP1/fim3-1		ptxP1	fim3-1	23S_rRNA_1	False	1	2026-07-24	Targeted Japanese historical or recent public project.
JPN::SAMEA41217418	SAMEA41217418	SAMEA41217418		ERR1775176	JPN	Japan	2003	2003-01-01	2003-12-31	2003			year	False	PRJEB18624	ena_study_accession	japan_targeted_ena_projects	historical_tree_anchor	focal_genome_observation	True	public_raw_reads_pending_uniform_qc	True	False	True			ptxP1/fim3-1	pending_new_phylogeny	Branch_IIb	ptxP1/fim3-1		ptxP1	fim3-1	23S_rRNA_1	False	1	2026-07-24	Targeted Japanese historical or recent public project.
JPN::SAMEA41220418	SAMEA41220418	SAMEA41220418		ERR1775180	JPN	Japan	1991	1991-01-01	1991-12-31	1991			year	False	PRJEB18624	ena_study_accession	japan_targeted_ena_projects	historical_tree_anchor	focal_genome_observation	True	public_raw_reads_pending_uniform_qc	True	False	True			ptxP1/fim3-1	pending_new_phylogeny	Branch_IIb	ptxP1/fim3-1		ptxP1	fim3-1	23S_rRNA_1	False	1	2026-07-24	Targeted Japanese historical or recent public project.
JPN::SAMEA41222668	SAMEA41222668	SAMEA41222668		ERR1775183	JPN	Japan	2004	2004-01-01	2004-12-31	2004			year	False	PRJEB18624	ena_study_accession	japan_targeted_ena_projects	historical_tree_anchor	focal_genome_observation	True	public_raw_reads_pending_uniform_qc	True	False	True			ptxP3/fim3-2	pending_new_phylogeny	Branch_IIb	ptxP3/fim3-2		ptxP3	fim3-2		False	1	2026-07-24	Targeted Japanese historical or recent public project.
JPN::SAMEA41224168	SAMEA41224168	SAMEA41224168		ERR1775185	JPN	Japan	2004	2004-01-01	2004-12-31	2004			year	False	PRJEB18624	ena_study_accession	japan_targeted_ena_projects	historical_tree_anchor	focal_genome_observation	True	public_raw_reads_pending_uniform_qc	True	False	True			ptxP3/fim3-1	pending_new_phylogeny	Branch_IIb	ptxP3/fim3-1		ptxP3	fim3-1	23S_rRNA_1	False	1	2026-07-24	Targeted Japanese historical or recent public project.
JPN::SAMEA41227168	SAMEA41227168	SAMEA41227168		ERR1775189	JPN	Japan	1992	1992-01-01	1992-12-31	1992			year	False	PRJEB18624	ena_study_accession	japan_targeted_ena_projects	historical_tree_anchor	focal_genome_observation	True	public_raw_reads_pending_uniform_qc	True	False	True			ptxP1/fim3-1	pending_new_phylogeny	Branch_IIb	ptxP1/fim3-1		ptxP1	fim3-1	23S_rRNA_1	False	1	2026-07-24	Targeted Japanese historical or recent public project.
JPN::SAMEA41230918	SAMEA41230918	SAMEA41230918		ERR1775194	JPN	Japan	2005	2005-01-01	2005-12-31	2005			year	False	PRJEB18624	ena_study_accession	japan_targeted_ena_projects	historical_tree_anchor	focal_genome_observation	True	public_raw_reads_pending_uniform_qc	True	False	True			ptxP1/fim3-1	pending_new_phylogeny	Branch_IIb	ptxP1/fim3-1		ptxP1	fim3-1	23S_rRNA_1	False	1	2026-07-24	Targeted Japanese historical or recent public project.
JPN::SAMEA41231668	SAMEA41231668	SAMEA41231668		ERR1775195	JPN	Japan	2006	2006-01-01	2006-12-31	2006			year	False	PRJEB18624	ena_study_accession	japan_targeted_ena_projects	historical_tree_anchor	focal_genome_observation	True	public_raw_reads_pending_uniform_qc	True	False	True			ptxP3/fim3-2	pending_new_phylogeny	Branch_IIb	ptxP3/fim3-2		ptxP3	fim3-2	23S_rRNA_1	False	1	2026-07-24	Targeted Japanese historical or recent public project.
JPN::SAMEA41233168	SAMEA41233168	SAMEA41233168		ERR1775197	JPN	Japan	1999	1999-01-01	1999-12-31	1999			year	False	PRJEB18624	ena_study_accession	japan_targeted_ena_projects	historical_tree_anchor	focal_genome_observation	True	public_raw_reads_pending_uniform_qc	True	False	True			ptxP3/fim3-1	pending_new_phylogeny	Branch_IIb	ptxP3/fim3-1		ptxP3	fim3-1	23S_rRNA_1	False	1	2026-07-24	Targeted Japanese historical or recent public project.
JPN::SAMEA41236918	SAMEA41236918	SAMEA41236918		ERR1775202	JPN	Japan	2007	2007-01-01	2007-12-31	2007			year	False	PRJEB18624	ena_study_accession	japan_targeted_ena_projects	historical_tree_anchor	focal_genome_observation	True	public_raw_reads_pending_uniform_qc	True	False	True			ptxP1/fim3-1	pending_new_phylogeny	Branch_IIb	ptxP1/fim3-1		ptxP1	fim3-1	23S_rRNA_1	False	1	2026-07-24	Targeted Japanese historical or recent public project.
JPN::SAMEA41239918	SAMEA41239918	SAMEA41239918		ERR1775206	JPN	Japan	2007	2007-01-01	2007-12-31	2007			year	False	PRJEB18624	ena_study_accession	japan_targeted_ena_projects	historical_tree_anchor	focal_genome_observation	True	public_raw_reads_pending_uniform_qc	True	False	True			ptxP3/fim3-2	pending_new_phylogeny	Branch_IIb	ptxP3/fim3-2		ptxP3	fim3-2	23S_rRNA_1	False	1	2026-07-24	Targeted Japanese historical or recent public project.
JPN::SAMEA41244418	SAMEA41244418	SAMEA41244418		ERR1775212	JPN	Japan	2009	2009-01-01	2009-12-31	2009			year	False	PRJEB18624	ena_study_accession	japan_targeted_ena_projects	historical_tree_anchor	focal_genome_observation	True	public_raw_reads_pending_uniform_qc	True	False	True			ptxP1/fim3-1	pending_new_phylogeny	Branch_IIb	ptxP1/fim3-1		ptxP1	fim3-1	23S_rRNA_1	False	1	2026-07-24	Targeted Japanese historical or recent public project.
JPN::SAMEA41251918	SAMEA41251918	SAMEA41251918		ERR1775222	JPN	Japan	2010	2010-01-01	2010-12-31	2010			year	False	PRJEB18624	ena_study_accession	japan_targeted_ena_projects	historical_tree_anchor	focal_genome_observation	True	public_raw_reads_pending_uniform_qc	True	False	True			ptxP3/fim3-1	pending_new_phylogeny	Branch_IIb	ptxP3/fim3-1		ptxP3	fim3-1	23S_rRNA_1	False	1	2026-07-24	Targeted Japanese historical or recent public project.
JPN::SAMEA41252668	SAMEA41252668	SAMEA41252668		ERR1775223	JPN	Japan	1994	1994-01-01	1994-12-31	1994			year	False	PRJEB18624	ena_study_accession	japan_targeted_ena_projects	historical_tree_anchor	focal_genome_observation	True	public_raw_reads_pending_uniform_qc	True	False	True			ptxP1/fim3-1	pending_new_phylogeny	Branch_IIb	ptxP1/fim3-1		ptxP1	fim3-1	23S_rRNA_1	False	1	2026-07-24	Targeted Japanese historical or recent public project.
JPN::SAMEA41261668	SAMEA41261668	SAMEA41261668		ERR1775235	JPN	Japan	1997	1997-01-01	1997-12-31	1997			year	False	PRJEB18624	ena_study_accession	japan_targeted_ena_projects	historical_tree_anchor	focal_genome_observation	True	public_raw_reads_pending_uniform_qc	True	False	True			ptxP1/fim3-1	pending_new_phylogeny	Branch_IIb	ptxP1/fim3-1		ptxP1	fim3-1	23S_rRNA_1	False	1	2026-07-24	Targeted Japanese historical or recent public project.
JPN::SAMEA41263168	SAMEA41263168	SAMEA41263168		ERR1775237	JPN	Japan	1982	1982-01-01	1982-12-31	1982			year	False	PRJEB18624	ena_study_accession	japan_targeted_ena_projects	historical_tree_anchor	focal_genome_observation	True	public_raw_reads_pending_uniform_qc	True	False	True			ptxP1/fim3-1	pending_new_phylogeny	Branch_IIb	ptxP1/fim3-1		ptxP1	fim3-1	23S_rRNA_1	False	1	2026-07-24	Targeted Japanese historical or recent public project.
JPN::SAMEA41263918	SAMEA41263918	SAMEA41263918		ERR1775238	JPN	Japan	2011	2011-01-01	2011-12-31	2011			year	False	PRJEB18624	ena_study_accession	japan_targeted_ena_projects	historical_tree_anchor	focal_genome_observation	True	public_raw_reads_pending_uniform_qc	True	False	True			ptxP1/fim3-1	pending_new_phylogeny	Branch_IIb	ptxP1/fim3-1		ptxP1	fim3-1	23S_rRNA_1	False	1	2026-07-24	Targeted Japanese historical or recent public project.
JPN::SAMEA41267668	SAMEA41267668	SAMEA41267668		ERR1775243	JPN	Japan	2013	2013-01-01	2013-12-31	2013			year	False	PRJEB18624	ena_study_accession	japan_targeted_ena_projects	historical_tree_anchor	focal_genome_observation	True	public_raw_reads_pending_uniform_qc	True	False	True			ptxP3/fim3-1	pending_new_phylogeny	Branch_IIb	ptxP3/fim3-1		ptxP3	fim3-1	23S_rRNA_1	False	1	2026-07-24	Targeted Japanese historical or recent public project.
JPN::SAMEA41269168	SAMEA41269168	SAMEA41269168		ERR1775245	JPN	Japan	2013	2013-01-01	2013-12-31	2013			year	False	PRJEB18624	ena_study_accession	japan_targeted_ena_projects	historical_tree_anchor	focal_genome_observation	True	public_raw_reads_pending_uniform_qc	True	False	True			ptxP3/fim3-1	pending_new_phylogeny	Branch_IIb	ptxP3/fim3-1		ptxP3	fim3-1	23S_rRNA_1	False	1	2026-07-24	Targeted Japanese historical or recent public project.
JPN::SAMEA41272168	SAMEA41272168	SAMEA41272168		ERR1775249	JPN	Japan	1995	1995-01-01	1995-12-31	1995			year	False	PRJEB18624	ena_study_accession	japan_targeted_ena_projects	historical_tree_anchor	focal_genome_observation	True	public_raw_reads_pending_uniform_qc	True	False	True			ptxP1/fim3-1	pending_new_phylogeny	Branch_IIb	ptxP1/fim3-1		ptxP1	fim3-1	23S_rRNA_1	False	1	2026-07-24	Targeted Japanese historical or recent public project.
JPN::SAMEA41274418	SAMEA41274418	SAMEA41274418		ERR1775252	JPN	Japan	2000	2000-01-01	2000-12-31	2000			year	False	PRJEB18624	ena_study_accession	japan_targeted_ena_projects	historical_tree_anchor	focal_genome_observation	True	public_raw_reads_pending_uniform_qc	True	False	True			ptxP1/fim3-1	pending_new_phylogeny	Branch_IIb	ptxP1/fim3-1		ptxP1	fim3-1	23S_rRNA_1	False	1	2026-07-24	Targeted Japanese historical or recent public project.
JPN::SAMEA41277418	SAMEA41277418	SAMEA41277418		ERR1775256	JPN	Japan	1995	1995-01-01	1995-12-31	1995			year	False	PRJEB18624	ena_study_accession	japan_targeted_ena_projects	historical_tree_anchor	focal_genome_observation	True	public_raw_reads_pending_uniform_qc	True	False	True			ptxP1/fim3-1	pending_new_phylogeny	Branch_IIb	ptxP1/fim3-1		ptxP1	fim3-1	23S_rRNA_1	False	1	2026-07-24	Targeted Japanese historical or recent public project.
JPN::SAMEA41278168	SAMEA41278168	SAMEA41278168		ERR1775257	JPN	Japan	2000	2000-01-01	2000-12-31	2000			year	False	PRJEB18624	ena_study_accession	japan_targeted_ena_projects	historical_tree_anchor	focal_genome_observation	True	public_raw_reads_pending_uniform_qc	True	False	True			ptxP3/fim3-1	pending_new_phylogeny	Branch_IIb	ptxP3/fim3-1		ptxP3	fim3-1	23S_rRNA_1	False	1	2026-07-24	Targeted Japanese historical or recent public project.
JPN::SAMEA41281918	SAMEA41281918	SAMEA41281918		ERR1775262	JPN	Japan	2000	2000-01-01	2000-12-31	2000			year	False	PRJEB18624	ena_study_accession	japan_targeted_ena_projects	historical_tree_anchor	focal_genome_observation	True	public_raw_reads_pending_uniform_qc	True	False	True			ptxP3/fim3-1	pending_new_phylogeny	Branch_IIb	ptxP3/fim3-1		ptxP3	fim3-1	23S_rRNA_1	False	1	2026-07-24	Targeted Japanese historical or recent public project.
JPN::SAMEA41282668	SAMEA41282668	SAMEA41282668		ERR1775263	JPN	Japan	1989	1989-01-01	1989-12-31	1989			year	False	PRJEB18624	ena_study_accession	japan_targeted_ena_projects	historical_tree_anchor	focal_genome_observation	True	public_raw_reads_pending_uniform_qc	True	False	True			ptxP1/fim3-1	pending_new_phylogeny	Branch_IIb	ptxP1/fim3-1		ptxP1	fim3-1	23S_rRNA_1	False	1	2026-07-24	Targeted Japanese historical or recent public project.
JPN::SAMEA41283418	SAMEA41283418	SAMEA41283418		ERR1775264	JPN	Japan	1988	1988-01-01	1988-12-31	1988			year	False	PRJEB18624	ena_study_accession	japan_targeted_ena_projects	historical_tree_anchor	focal_genome_observation	True	public_raw_reads_pending_uniform_qc	True	False	True			ptxP1/fim3-1	pending_new_phylogeny	Branch_IIb	ptxP1/fim3-1		ptxP1	fim3-1	23S_rRNA_1	False	1	2026-07-24	Targeted Japanese historical or recent public project.
JPN::SAMEA41284168	SAMEA41284168	SAMEA41284168		ERR1775265	JPN	Japan	1988	1988-01-01	1988-12-31	1988			year	False	PRJEB18624	ena_study_accession	japan_targeted_ena_projects	historical_tree_anchor	focal_genome_observation	True	public_raw_reads_pending_uniform_qc	True	False	True			ptxP1/fim3-1	pending_new_phylogeny	Branch_IIb	ptxP1/fim3-1		ptxP1	fim3-1	23S_rRNA_1	False	1	2026-07-24	Targeted Japanese historical or recent public project.
JPN::SAMEA41287168	SAMEA41287168	SAMEA41287168		ERR1775269	JPN	Japan	1991	1991-01-01	1991-12-31	1991			year	False	PRJEB18624	ena_study_accession	japan_targeted_ena_projects	historical_tree_anchor	focal_genome_observation	True	public_raw_reads_pending_uniform_qc	True	False	True			ptxP1/fim3-1	pending_new_phylogeny	Branch_IIb	ptxP1/fim3-1		ptxP1	fim3-1	23S_rRNA_1	False	1	2026-07-24	Targeted Japanese historical or recent public project.
JPN::SAMEA41287918	SAMEA41287918	SAMEA41287918		ERR1775270	JPN	Japan	1996	1996-01-01	1996-12-31	1996			year	False	PRJEB18624	ena_study_accession	japan_targeted_ena_projects	historical_tree_anchor	focal_genome_observation	True	public_raw_reads_pending_uniform_qc	True	False	True			ptxP1/fim3-1	pending_new_phylogeny	Branch_IIb	ptxP1/fim3-1		ptxP1	fim3-1	23S_rRNA_1	False	1	2026-07-24	Targeted Japanese historical or recent public project.
JPN::SAMEA41288668	SAMEA41288668	SAMEA41288668		ERR1775271	JPN	Japan	1982	1982-01-01	1982-12-31	1982			year	False	PRJEB18624	ena_study_accession	japan_targeted_ena_projects	historical_tree_anchor	focal_genome_observation	True	public_raw_reads_pending_uniform_qc	True	False	True			ptxP1/fim3-1	pending_new_phylogeny	Branch_IIb	ptxP1/fim3-1		ptxP1	fim3-1	23S_rRNA_1	False	1	2026-07-24	Targeted Japanese historical or recent public project.
JPN::SAMEA41293168	SAMEA41293168	SAMEA41293168		ERR1775277	JPN	Japan	1987	1987-01-01	1987-12-31	1987			year	False	PRJEB18624	ena_study_accession	japan_targeted_ena_projects	historical_tree_anchor	focal_genome_observation	True	public_raw_reads_pending_uniform_qc	True	False	True			ptxP1/fim3-1	pending_new_phylogeny	Branch_IIb	ptxP1/fim3-1		ptxP1	fim3-1	23S_rRNA_1	False	1	2026-07-24	Targeted Japanese historical or recent public project.
JPN::SAMEA41299918	SAMEA41299918	SAMEA41299918		ERR1775286	JPN	Japan	2008	2008-01-01	2008-12-31	2008			year	False	PRJEB18624	ena_study_accession	japan_targeted_ena_projects	historical_tree_anchor	focal_genome_observation	True	public_raw_reads_pending_uniform_qc	True	False	True			ptxP1/fim3-1	pending_new_phylogeny	Branch_IIb	ptxP1/fim3-1		ptxP1	fim3-1	23S_rRNA_1	False	1	2026-07-24	Targeted Japanese historical or recent public project.
JPN::SAMEA41304418	SAMEA41304418	SAMEA41304418		ERR1775292	JPN	Japan	2008	2008-01-01	2008-12-31	2008			year	False	PRJEB18624	ena_study_accession	japan_targeted_ena_projects	historical_tree_anchor	focal_genome_observation	True	public_raw_reads_pending_uniform_qc	True	False	True			ptxP1/fim3-1	pending_new_phylogeny	Branch_IIb	ptxP1/fim3-1		ptxP1	fim3-1	23S_rRNA_1	False	1	2026-07-24	Targeted Japanese historical or recent public project.
JPN::SAMEA41305918	SAMEA41305918	SAMEA41305918		ERR1775294	JPN	Japan	2009	2009-01-01	2009-12-31	2009			year	False	PRJEB18624	ena_study_accession	japan_targeted_ena_projects	historical_tree_anchor	focal_genome_observation	True	public_raw_reads_pending_uniform_qc	True	False	True			ptxP1/fim3-1	pending_new_phylogeny	Branch_IIb	ptxP1/fim3-1		ptxP1	fim3-1	23S_rRNA_1	False	1	2026-07-24	Targeted Japanese historical or recent public project.
JPN::SAMEA41309668	SAMEA41309668	SAMEA41309668		ERR1775299	JPN	Japan	2009	2009-01-01	2009-12-31	2009			year	False	PRJEB18624	ena_study_accession	japan_targeted_ena_projects	historical_tree_anchor	focal_genome_observation	True	public_raw_reads_pending_uniform_qc	True	False	True			ptxP1/fim3-1	pending_new_phylogeny	Branch_IIb	ptxP1/fim3-1		ptxP1	fim3-1	23S_rRNA_1	False	1	2026-07-24	Targeted Japanese historical or recent public project.
JPN::SAMEA41310418	SAMEA41310418	SAMEA41310418		ERR1775300	JPN	Japan	2010	2010-01-01	2010-12-31	2010			year	False	PRJEB18624	ena_study_accession	japan_targeted_ena_projects	historical_tree_anchor	focal_genome_observation	True	public_raw_reads_pending_uniform_qc	True	False	True			ptxP3/fim3-1	pending_new_phylogeny	Branch_IIb	ptxP3/fim3-1		ptxP3	fim3-1	23S_rRNA_1	False	1	2026-07-24	Targeted Japanese historical or recent public project.
JPN::SAMEA41313418	SAMEA41313418	SAMEA41313418		ERR1775304	JPN	Japan	2011	2011-01-01	2011-12-31	2011			year	False	PRJEB18624	ena_study_accession	japan_targeted_ena_projects	historical_tree_anchor	focal_genome_observation	True	public_raw_reads_pending_uniform_qc	True	False	True			ptxP3/fim3-1	pending_new_phylogeny	Branch_IIb	ptxP3/fim3-1		ptxP3	fim3-1	23S_rRNA_1	False	1	2026-07-24	Targeted Japanese historical or recent public project.
JPN::SAMEA41316418	SAMEA41316418	SAMEA41316418		ERR1775308	JPN	Japan	2011	2011-01-01	2011-12-31	2011			year	False	PRJEB18624	ena_study_accession	japan_targeted_ena_projects	historical_tree_anchor	focal_genome_observation	True	public_raw_reads_pending_uniform_qc	True	False	True			ptxP1/fim3-1	pending_new_phylogeny	Branch_IIb	ptxP1/fim3-1		ptxP1	fim3-1	23S_rRNA_1	False	1	2026-07-24	Targeted Japanese historical or recent public project.
JPN::SAMEA41317918	SAMEA41317918	SAMEA41317918		ERR1775310	JPN	Japan	2011	2011-01-01	2011-12-31	2011			year	False	PRJEB18624	ena_study_accession	japan_targeted_ena_projects	historical_tree_anchor	focal_genome_observation	True	public_raw_reads_pending_uniform_qc	True	False	True			ptxP3/fim3-1	pending_new_phylogeny	Branch_IIb	ptxP3/fim3-1		ptxP3	fim3-1	23S_rRNA_1	False	1	2026-07-24	Targeted Japanese historical or recent public project.
JPN::SAMEA41318668	SAMEA41318668	SAMEA41318668		ERR1775311	JPN	Japan	2011	2011-01-01	2011-12-31	2011			year	False	PRJEB18624	ena_study_accession	japan_targeted_ena_projects	historical_tree_anchor	focal_genome_observation	True	public_raw_reads_pending_uniform_qc	True	False	True			ptxP3/fim3-1	pending_new_phylogeny	Branch_IIb	ptxP3/fim3-1		ptxP3	fim3-1	23S_rRNA_1	False	1	2026-07-24	Targeted Japanese historical or recent public project.
JPN::SAMEA41319418	SAMEA41319418	SAMEA41319418		ERR1775312	JPN	Japan	2011	2011-01-01	2011-12-31	2011			year	False	PRJEB18624	ena_study_accession	japan_targeted_ena_projects	historical_tree_anchor	focal_genome_observation	True	public_raw_reads_pending_uniform_qc	True	False	True			ptxP1/fim3-1	pending_new_phylogeny	Branch_IIb	ptxP1/fim3-1		ptxP1	fim3-1	23S_rRNA_1	False	1	2026-07-24	Targeted Japanese historical or recent public project.
JPN::SAMD00920273	SAMD00920273	SAMD00920273		DRR900579	JPN	Japan	2024	2024-01-01	2024-12-31	2024			year	False	PRJDB34249	ena_study_accession	japan_targeted_ena_projects	focal_model_observation	focal_genome_observation	True	public_raw_reads_pending_uniform_qc	True	False	True				pending_new_phylogeny							False	1	2026-07-24	Targeted Japanese historical or recent public project.
JPN::SAMD00920274	SAMD00920274	SAMD00920274		DRR900580	JPN	Japan	2024	2024-01-01	2024-12-31	2024			year	False	PRJDB34249	ena_study_accession	japan_targeted_ena_projects	focal_model_observation	focal_genome_observation	True	public_raw_reads_pending_uniform_qc	True	False	True				pending_new_phylogeny							False	1	2026-07-24	Targeted Japanese historical or recent public project.
JPN::SAMD00920278	SAMD00920278	SAMD00920278		DRR900584	JPN	Japan	2024	2024-01-01	2024-12-31	2024			year	False	PRJDB34249	ena_study_accession	japan_targeted_ena_projects	focal_model_observation	focal_genome_observation	True	public_raw_reads_pending_uniform_qc	True	False	True				pending_new_phylogeny							False	1	2026-07-24	Targeted Japanese historical or recent public project.
JPN::SAMD00920282	SAMD00920282	SAMD00920282		DRR900588	JPN	Japan	2025	2025-01-01	2025-12-31	2025			year	False	PRJDB34249	ena_study_accession	japan_targeted_ena_projects	focal_model_observation	focal_genome_observation	True	public_raw_reads_pending_uniform_qc	True	False	True				pending_new_phylogeny							False	1	2026-07-24	Targeted Japanese historical or recent public project.
JPN::SAMD01797761	SAMD01797761	SAMD01797761		DRR900589	JPN	Japan	2025-03	2025-03-01	2025-03-31	2025	3	1	month	True	PRJDB34249	ena_study_accession	japan_targeted_ena_projects	focal_model_observation	focal_genome_observation	True	public_raw_reads_pending_uniform_qc	True	False	True				pending_new_phylogeny							False	1	2026-07-24	Targeted Japanese historical or recent public project.
JPN::SAMD01797763	SAMD01797763	SAMD01797763		DRR900591	JPN	Japan	2025-07	2025-07-01	2025-07-31	2025	7	3	month	True	PRJDB34249	ena_study_accession	japan_targeted_ena_projects	focal_model_observation	focal_genome_observation	True	public_raw_reads_pending_uniform_qc	True	False	True				pending_new_phylogeny							False	1	2026-07-24	Targeted Japanese historical or recent public project.
JPN::SAMD00920272	SAMD00920272	SAMD00920272		DRR900578	JPN	Japan	2024	2024-01-01	2024-12-31	2024			year	False	PRJDB34249	ena_study_accession	japan_targeted_ena_projects	focal_model_observation	focal_genome_observation	True	public_raw_reads_pending_uniform_qc	True	False	True				pending_new_phylogeny							False	1	2026-07-24	Targeted Japanese historical or recent public project.
JPN::SAMD00920275	SAMD00920275	SAMD00920275		DRR900581	JPN	Japan	2024	2024-01-01	2024-12-31	2024			year	False	PRJDB34249	ena_study_accession	japan_targeted_ena_projects	focal_model_observation	focal_genome_observation	True	public_raw_reads_pending_uniform_qc	True	False	True				pending_new_phylogeny							False	1	2026-07-24	Targeted Japanese historical or recent public project.
JPN::SAMD00920280	SAMD00920280	SAMD00920280		DRR900586	JPN	Japan	2024	2024-01-01	2024-12-31	2024			year	False	PRJDB34249	ena_study_accession	japan_targeted_ena_projects	focal_model_observation	focal_genome_observation	True	public_raw_reads_pending_uniform_qc	True	False	True				pending_new_phylogeny							False	1	2026-07-24	Targeted Japanese historical or recent public project.
JPN::SAMD00920271	SAMD00920271	SAMD00920271		DRR900577	JPN	Japan	2024	2024-01-01	2024-12-31	2024			year	False	PRJDB34249	ena_study_accession	japan_targeted_ena_projects	focal_model_observation	focal_genome_observation	True	public_raw_reads_pending_uniform_qc	True	False	True				pending_new_phylogeny							False	1	2026-07-24	Targeted Japanese historical or recent public project.
JPN::SAMD00920276	SAMD00920276	SAMD00920276		DRR900582	JPN	Japan	2024	2024-01-01	2024-12-31	2024			year	False	PRJDB34249	ena_study_accession	japan_targeted_ena_projects	focal_model_observation	focal_genome_observation	True	public_raw_reads_pending_uniform_qc	True	False	True				pending_new_phylogeny							False	1	2026-07-24	Targeted Japanese historical or recent public project.
JPN::SAMD00920281	SAMD00920281	SAMD00920281		DRR900587	JPN	Japan	2025	2025-01-01	2025-12-31	2025			year	False	PRJDB34249	ena_study_accession	japan_targeted_ena_projects	focal_model_observation	focal_genome_observation	True	public_raw_reads_pending_uniform_qc	True	False	True				pending_new_phylogeny							False	1	2026-07-24	Targeted Japanese historical or recent public project.
JPN::SAMD01797762	SAMD01797762	SAMD01797762		DRR900590	JPN	Japan	2025-05	2025-05-01	2025-05-31	2025	5	2	month	True	PRJDB34249	ena_study_accession	japan_targeted_ena_projects	focal_model_observation	focal_genome_observation	True	public_raw_reads_pending_uniform_qc	True	False	True				pending_new_phylogeny							False	1	2026-07-24	Targeted Japanese historical or recent public project.
JPN::SAMD01797764	SAMD01797764	SAMD01797764		DRR900592	JPN	Japan	2025-10	2025-10-01	2025-10-31	2025	10	4	month	True	PRJDB34249	ena_study_accession	japan_targeted_ena_projects	focal_model_observation	focal_genome_observation	True	public_raw_reads_pending_uniform_qc	True	False	True				pending_new_phylogeny							False	1	2026-07-24	Targeted Japanese historical or recent public project.
JPN::SAMD01697900	SAMD01697900	SAMD01697900		DRR902040	JPN	Japan	2025-05-01	2025-05-01	2025-05-01	2025	5	2	day	True	PRJDB37898	ena_study_accession	japan_targeted_ena_projects	focal_model_observation	focal_genome_observation	True	public_raw_reads_pending_uniform_qc	True	False	True				pending_new_phylogeny							False	1	2026-07-24	Targeted Japanese historical or recent public project.
JPN::SAMD01697901	SAMD01697901	SAMD01697901		DRR902041	JPN	Japan	2025-05-19	2025-05-19	2025-05-19	2025	5	2	day	True	PRJDB37898	ena_study_accession	japan_targeted_ena_projects	focal_model_observation	focal_genome_observation	True	public_raw_reads_pending_uniform_qc	True	False	True				pending_new_phylogeny							False	1	2026-07-24	Targeted Japanese historical or recent public project.
JPN::SAMD01697902	SAMD01697902	SAMD01697902		DRR902042	JPN	Japan	2025-05-19	2025-05-19	2025-05-19	2025	5	2	day	True	PRJDB37898	ena_study_accession	japan_targeted_ena_projects	focal_model_observation	focal_genome_observation	True	public_raw_reads_pending_uniform_qc	True	False	True				pending_new_phylogeny							False	1	2026-07-24	Targeted Japanese historical or recent public project.
JPN::SAMD01697903	SAMD01697903	SAMD01697903		DRR902043	JPN	Japan	2025-05-26	2025-05-26	2025-05-26	2025	5	2	day	True	PRJDB37898	ena_study_accession	japan_targeted_ena_projects	focal_model_observation	focal_genome_observation	True	public_raw_reads_pending_uniform_qc	True	False	True				pending_new_phylogeny							False	1	2026-07-24	Targeted Japanese historical or recent public project.
JPN::SAMD01697910	SAMD01697910	SAMD01697910		DRR902050	JPN	Japan	2025-05-26	2025-05-26	2025-05-26	2025	5	2	day	True	PRJDB37898	ena_study_accession	japan_targeted_ena_projects	focal_model_observation	focal_genome_observation	True	public_raw_reads_pending_uniform_qc	True	False	True				pending_new_phylogeny							False	1	2026-07-24	Targeted Japanese historical or recent public project.
JPN::SAMD01697911	SAMD01697911	SAMD01697911		DRR902051	JPN	Japan	2025-02-25	2025-02-25	2025-02-25	2025	2	1	day	True	PRJDB37898	ena_study_accession	japan_targeted_ena_projects	focal_model_observation	focal_genome_observation	True	public_raw_reads_pending_uniform_qc	True	False	True				pending_new_phylogeny							False	1	2026-07-24	Targeted Japanese historical or recent public project.
JPN::SAMD01697912	SAMD01697912	SAMD01697912		DRR902052	JPN	Japan	2025-02-25	2025-02-25	2025-02-25	2025	2	1	day	True	PRJDB37898	ena_study_accession	japan_targeted_ena_projects	focal_model_observation	focal_genome_observation	True	public_raw_reads_pending_uniform_qc	True	False	True				pending_new_phylogeny							False	1	2026-07-24	Targeted Japanese historical or recent public project.
JPN::SAMD01697921	SAMD01697921	SAMD01697921		DRR902061	JPN	Japan	2025-03-31	2025-03-31	2025-03-31	2025	3	1	day	True	PRJDB37898	ena_study_accession	japan_targeted_ena_projects	focal_model_observation	focal_genome_observation	True	public_raw_reads_pending_uniform_qc	True	False	True				pending_new_phylogeny							False	1	2026-07-24	Targeted Japanese historical or recent public project.
JPN::SAMD01697922	SAMD01697922	SAMD01697922		DRR902062	JPN	Japan	2025-03-31	2025-03-31	2025-03-31	2025	3	1	day	True	PRJDB37898	ena_study_accession	japan_targeted_ena_projects	focal_model_observation	focal_genome_observation	True	public_raw_reads_pending_uniform_qc	True	False	True				pending_new_phylogeny							False	1	2026-07-24	Targeted Japanese historical or recent public project.
JPN::SAMD01697934	SAMD01697934	SAMD01697934		DRR902074	JPN	Japan	2025-06-16	2025-06-16	2025-06-16	2025	6	2	day	True	PRJDB37898	ena_study_accession	japan_targeted_ena_projects	focal_model_observation	focal_genome_observation	True	public_raw_reads_pending_uniform_qc	True	False	True				pending_new_phylogeny							False	1	2026-07-24	Targeted Japanese historical or recent public project.
JPN::SAMD01697936	SAMD01697936	SAMD01697936		DRR902076	JPN	Japan	2025-06-16	2025-06-16	2025-06-16	2025	6	2	day	True	PRJDB37898	ena_study_accession	japan_targeted_ena_projects	focal_model_observation	focal_genome_observation	True	public_raw_reads_pending_uniform_qc	True	False	True				pending_new_phylogeny							False	1	2026-07-24	Targeted Japanese historical or recent public project.
JPN::SAMD01697938	SAMD01697938	SAMD01697938		DRR902078	JPN	Japan	2025-06-09	2025-06-09	2025-06-09	2025	6	2	day	True	PRJDB37898	ena_study_accession	japan_targeted_ena_projects	focal_model_observation	focal_genome_observation	True	public_raw_reads_pending_uniform_qc	True	False	True				pending_new_phylogeny							False	1	2026-07-24	Targeted Japanese historical or recent public project.
JPN::SAMD01697940	SAMD01697940	SAMD01697940		DRR902080	JPN	Japan	2025-06-25	2025-06-25	2025-06-25	2025	6	2	day	True	PRJDB37898	ena_study_accession	japan_targeted_ena_projects	focal_model_observation	focal_genome_observation	True	public_raw_reads_pending_uniform_qc	True	False	True				pending_new_phylogeny							False	1	2026-07-24	Targeted Japanese historical or recent public project.
JPN::SAMD01697941	SAMD01697941	SAMD01697941		DRR902081	JPN	Japan	2025-06-25	2025-06-25	2025-06-25	2025	6	2	day	True	PRJDB37898	ena_study_accession	japan_targeted_ena_projects	focal_model_observation	focal_genome_observation	True	public_raw_reads_pending_uniform_qc	True	False	True				pending_new_phylogeny							False	1	2026-07-24	Targeted Japanese historical or recent public project.
JPN::SAMD01697906	SAMD01697906	SAMD01697906		DRR902046	JPN	Japan	2025-05-26	2025-05-26	2025-05-26	2025	5	2	day	True	PRJDB37898	ena_study_accession	japan_targeted_ena_projects	focal_model_observation	focal_genome_observation	True	public_raw_reads_pending_uniform_qc	True	False	True				pending_new_phylogeny							False	1	2026-07-24	Targeted Japanese historical or recent public project.
JPN::SAMD01697908	SAMD01697908	SAMD01697908		DRR902048	JPN	Japan	2025-05-26	2025-05-26	2025-05-26	2025	5	2	day	True	PRJDB37898	ena_study_accession	japan_targeted_ena_projects	focal_model_observation	focal_genome_observation	True	public_raw_reads_pending_uniform_qc	True	False	True				pending_new_phylogeny							False	1	2026-07-24	Targeted Japanese historical or recent public project.
JPN::SAMD01697914	SAMD01697914	SAMD01697914		DRR902054	JPN	Japan	2025-02-25	2025-02-25	2025-02-25	2025	2	1	day	True	PRJDB37898	ena_study_accession	japan_targeted_ena_projects	focal_model_observation	focal_genome_observation	True	public_raw_reads_pending_uniform_qc	True	False	True				pending_new_phylogeny							False	1	2026-07-24	Targeted Japanese historical or recent public project.
JPN::SAMD01697923	SAMD01697923	SAMD01697923		DRR902063	JPN	Japan	2025-04-02	2025-04-02	2025-04-02	2025	4	2	day	True	PRJDB37898	ena_study_accession	japan_targeted_ena_projects	focal_model_observation	focal_genome_observation	True	public_raw_reads_pending_uniform_qc	True	False	True				pending_new_phylogeny							False	1	2026-07-24	Targeted Japanese historical or recent public project.
JPN::SAMD01697927	SAMD01697927	SAMD01697927		DRR902067	JPN	Japan	2025-06-02	2025-06-02	2025-06-02	2025	6	2	day	True	PRJDB37898	ena_study_accession	japan_targeted_ena_projects	focal_model_observation	focal_genome_observation	True	public_raw_reads_pending_uniform_qc	True	False	True				pending_new_phylogeny							False	1	2026-07-24	Targeted Japanese historical or recent public project.
JPN::SAMD01697930	SAMD01697930	SAMD01697930		DRR902070	JPN	Japan	2025-06-02	2025-06-02	2025-06-02	2025	6	2	day	True	PRJDB37898	ena_study_accession	japan_targeted_ena_projects	focal_model_observation	focal_genome_observation	True	public_raw_reads_pending_uniform_qc	True	False	True				pending_new_phylogeny							False	1	2026-07-24	Targeted Japanese historical or recent public project.
JPN::SAMD01697932	SAMD01697932	SAMD01697932		DRR902072	JPN	Japan	2025-06-09	2025-06-09	2025-06-09	2025	6	2	day	True	PRJDB37898	ena_study_accession	japan_targeted_ena_projects	focal_model_observation	focal_genome_observation	True	public_raw_reads_pending_uniform_qc	True	False	True				pending_new_phylogeny							False	1	2026-07-24	Targeted Japanese historical or recent public project.
JPN::SAMD01697935	SAMD01697935	SAMD01697935		DRR902075	JPN	Japan	2025-06-16	2025-06-16	2025-06-16	2025	6	2	day	True	PRJDB37898	ena_study_accession	japan_targeted_ena_projects	focal_model_observation	focal_genome_observation	True	public_raw_reads_pending_uniform_qc	True	False	True				pending_new_phylogeny							False	1	2026-07-24	Targeted Japanese historical or recent public project.
JPN::SAMD01697937	SAMD01697937	SAMD01697937		DRR902077	JPN	Japan	2025-06-16	2025-06-16	2025-06-16	2025	6	2	day	True	PRJDB37898	ena_study_accession	japan_targeted_ena_projects	focal_model_observation	focal_genome_observation	True	public_raw_reads_pending_uniform_qc	True	False	True				pending_new_phylogeny							False	1	2026-07-24	Targeted Japanese historical or recent public project.
JPN::SAMD01697905	SAMD01697905	SAMD01697905		DRR902045	JPN	Japan	2025-05-26	2025-05-26	2025-05-26	2025	5	2	day	True	PRJDB37898	ena_study_accession	japan_targeted_ena_projects	focal_model_observation	focal_genome_observation	True	public_raw_reads_pending_uniform_qc	True	False	True				pending_new_phylogeny							False	1	2026-07-24	Targeted Japanese historical or recent public project.
JPN::SAMD01697909	SAMD01697909	SAMD01697909		DRR902049	JPN	Japan	2025-05-26	2025-05-26	2025-05-26	2025	5	2	day	True	PRJDB37898	ena_study_accession	japan_targeted_ena_projects	focal_model_observation	focal_genome_observation	True	public_raw_reads_pending_uniform_qc	True	False	True				pending_new_phylogeny							False	1	2026-07-24	Targeted Japanese historical or recent public project.
JPN::SAMD01697924	SAMD01697924	SAMD01697924		DRR902064	JPN	Japan	2025-04-14	2025-04-14	2025-04-14	2025	4	2	day	True	PRJDB37898	ena_study_accession	japan_targeted_ena_projects	focal_model_observation	focal_genome_observation	True	public_raw_reads_pending_uniform_qc	True	False	True				pending_new_phylogeny							False	1	2026-07-24	Targeted Japanese historical or recent public project.
JPN::SAMD01697926	SAMD01697926	SAMD01697926		DRR902066	JPN	Japan	2025-04-22	2025-04-22	2025-04-22	2025	4	2	day	True	PRJDB37898	ena_study_accession	japan_targeted_ena_projects	focal_model_observation	focal_genome_observation	True	public_raw_reads_pending_uniform_qc	True	False	True				pending_new_phylogeny							False	1	2026-07-24	Targeted Japanese historical or recent public project.
JPN::SAMD01697928	SAMD01697928	SAMD01697928		DRR902068	JPN	Japan	2025-06-02	2025-06-02	2025-06-02	2025	6	2	day	True	PRJDB37898	ena_study_accession	japan_targeted_ena_projects	focal_model_observation	focal_genome_observation	True	public_raw_reads_pending_uniform_qc	True	False	True				pending_new_phylogeny							False	1	2026-07-24	Targeted Japanese historical or recent public project.
JPN::SAMD01697929	SAMD01697929	SAMD01697929		DRR902069	JPN	Japan	2025-06-02	2025-06-02	2025-06-02	2025	6	2	day	True	PRJDB37898	ena_study_accession	japan_targeted_ena_projects	focal_model_observation	focal_genome_observation	True	public_raw_reads_pending_uniform_qc	True	False	True				pending_new_phylogeny							False	1	2026-07-24	Targeted Japanese historical or recent public project.
JPN::SAMD01697931	SAMD01697931	SAMD01697931		DRR902071	JPN	Japan	2025-06-09	2025-06-09	2025-06-09	2025	6	2	day	True	PRJDB37898	ena_study_accession	japan_targeted_ena_projects	focal_model_observation	focal_genome_observation	True	public_raw_reads_pending_uniform_qc	True	False	True				pending_new_phylogeny							False	1	2026-07-24	Targeted Japanese historical or recent public project.
JPN::SAMD01697939	SAMD01697939	SAMD01697939		DRR902079	JPN	Japan	2025-06-16	2025-06-16	2025-06-16	2025	6	2	day	True	PRJDB37898	ena_study_accession	japan_targeted_ena_projects	focal_model_observation	focal_genome_observation	True	public_raw_reads_pending_uniform_qc	True	False	True				pending_new_phylogeny							False	1	2026-07-24	Targeted Japanese historical or recent public project.
AUS::SAMN45810500		SAMN45810500		SRR31744008	AUS	Australia	2024-01	2024-01-01	2024-01-31	2024	1	1	month	True	PRJNA1199062	ena_study_accession	australia_fong_2026_direct_specimens	focal_model_observation	focal_genome_observation	True		True													False	1	2026-07-24	
AUS::SAMN45810501		SAMN45810501		SRR31744007	AUS	Australia	2019-10	2019-10-01	2019-10-31	2019	10	4	month	True	PRJNA1199062	ena_study_accession	australia_fong_2026_direct_specimens	historical_tree_anchor	focal_genome_observation	True		True													False	1	2026-07-24	
AUS::SAMN45810502		SAMN45810502		SRR31743937	AUS	Australia	2024-04	2024-04-01	2024-04-30	2024	4	2	month	True	PRJNA1199062	ena_study_accession	australia_fong_2026_direct_specimens	focal_model_observation	focal_genome_observation	True		True													False	1	2026-07-24	
AUS::SAMN45810503		SAMN45810503		SRR31743926	AUS	Australia	2024-02	2024-02-01	2024-02-29	2024	2	1	month	True	PRJNA1199062	ena_study_accession	australia_fong_2026_direct_specimens	focal_model_observation	focal_genome_observation	True		True													False	1	2026-07-24	
AUS::SAMN45810504		SAMN45810504		SRR31743850	AUS	Australia	2024-06	2024-06-01	2024-06-30	2024	6	2	month	True	PRJNA1199062	ena_study_accession	australia_fong_2026_direct_specimens	focal_model_observation	focal_genome_observation	True		True													False	1	2026-07-24	
AUS::SAMN45810505		SAMN45810505		SRR31743839	AUS	Australia	2019-08	2019-08-01	2019-08-31	2019	8	3	month	True	PRJNA1199062	ena_study_accession	australia_fong_2026_direct_specimens	historical_tree_anchor	focal_genome_observation	True		True													False	1	2026-07-24	
AUS::SAMN45810506		SAMN45810506		SRR31743828	AUS	Australia	2019-09	2019-09-01	2019-09-30	2019	9	3	month	True	PRJNA1199062	ena_study_accession	australia_fong_2026_direct_specimens	historical_tree_anchor	focal_genome_observation	True		False													False	1	2026-07-24	
AUS::SAMN45810507		SAMN45810507		SRR31743914	AUS	Australia	2019-10	2019-10-01	2019-10-31	2019	10	4	month	True	PRJNA1199062	ena_study_accession	australia_fong_2026_direct_specimens	historical_tree_anchor	focal_genome_observation	True		True													False	1	2026-07-24	
AUS::SAMN45810508		SAMN45810508		SRR31743903	AUS	Australia	2020-01	2020-01-01	2020-01-31	2020	1	1	month	True	PRJNA1199062	ena_study_accession	australia_fong_2026_direct_specimens	focal_model_observation	focal_genome_observation	True		True													False	1	2026-07-24	
AUS::SAMN45810509		SAMN45810509		SRR31743892	AUS	Australia	2020-04	2020-04-01	2020-04-30	2020	4	2	month	True	PRJNA1199062	ena_study_accession	australia_fong_2026_direct_specimens	focal_model_observation	focal_genome_observation	True		False													False	1	2026-07-24	
AUS::SAMN45810510		SAMN45810510		SRR31744006	AUS	Australia	2023-07	2023-07-01	2023-07-31	2023	7	3	month	True	PRJNA1199062	ena_study_accession	australia_fong_2026_direct_specimens	focal_model_observation	focal_genome_observation	True		False													False	1	2026-07-24	
AUS::SAMN45810511		SAMN45810511		SRR31743995	AUS	Australia	2023-09	2023-09-01	2023-09-30	2023	9	3	month	True	PRJNA1199062	ena_study_accession	australia_fong_2026_direct_specimens	focal_model_observation	focal_genome_observation	True		True													False	1	2026-07-24	
AUS::SAMN45810512		SAMN45810512		SRR31743984	AUS	Australia	2024-01	2024-01-01	2024-01-31	2024	1	1	month	True	PRJNA1199062	ena_study_accession	australia_fong_2026_direct_specimens	focal_model_observation	focal_genome_observation	True		True													False	1	2026-07-24	
AUS::SAMN45810513		SAMN45810513		SRR31743973	AUS	Australia	2024-01	2024-01-01	2024-01-31	2024	1	1	month	True	PRJNA1199062	ena_study_accession	australia_fong_2026_direct_specimens	focal_model_observation	focal_genome_observation	True		True													False	1	2026-07-24	
AUS::SAMN45810514		SAMN45810514		SRR31743962	AUS	Australia	2024-04	2024-04-01	2024-04-30	2024	4	2	month	True	PRJNA1199062	ena_study_accession	australia_fong_2026_direct_specimens	focal_model_observation	focal_genome_observation	True		True													False	1	2026-07-24	
AUS::SAMN45810515		SAMN45810515		SRR31743951	AUS	Australia	2024-06	2024-06-01	2024-06-30	2024	6	2	month	True	PRJNA1199062	ena_study_accession	australia_fong_2026_direct_specimens	focal_model_observation	focal_genome_observation	True		False													False	1	2026-07-24	
AUS::SAMN45810516		SAMN45810516		SRR31743876	AUS	Australia	2024-06	2024-06-01	2024-06-30	2024	6	2	month	True	PRJNA1199062	ena_study_accession	australia_fong_2026_direct_specimens	focal_model_observation	focal_genome_observation	True		True													False	1	2026-07-24	
AUS::SAMN45810517		SAMN45810517		SRR31743865	AUS	Australia	2024-06	2024-06-01	2024-06-30	2024	6	2	month	True	PRJNA1199062	ena_study_accession	australia_fong_2026_direct_specimens	focal_model_observation	focal_genome_observation	True		False													False	1	2026-07-24	
AUS::SAMN45810518		SAMN45810518		SRR31743854	AUS	Australia	2023-08	2023-08-01	2023-08-31	2023	8	3	month	True	PRJNA1199062	ena_study_accession	australia_fong_2026_direct_specimens	focal_model_observation	focal_genome_observation	True		True													False	1	2026-07-24	
AUS::SAMN45810519		SAMN45810519		SRR31743940	AUS	Australia	2024-07	2024-07-01	2024-07-31	2024	7	3	month	True	PRJNA1199062	ena_study_accession	australia_fong_2026_direct_specimens	focal_model_observation	focal_genome_observation	True		False													False	1	2026-07-24	
AUS::SAMN45810520		SAMN45810520		SRR31743936	AUS	Australia	2024-07	2024-07-01	2024-07-31	2024	7	3	month	True	PRJNA1199062	ena_study_accession	australia_fong_2026_direct_specimens	focal_model_observation	focal_genome_observation	True		True													False	1	2026-07-24	
AUS::SAMN45810521		SAMN45810521		SRR31743935	AUS	Australia	2012-01	2012-01-01	2012-01-31	2012	1	1	month	True	PRJNA1199062	ena_study_accession	australia_fong_2026_direct_specimens	historical_tree_anchor	focal_genome_observation	True		True													False	1	2026-07-24	
AUS::SAMN45810522		SAMN45810522		SRR31743934	AUS	Australia	2016-01	2016-01-01	2016-01-31	2016	1	1	month	True	PRJNA1199062	ena_study_accession	australia_fong_2026_direct_specimens	historical_tree_anchor	focal_genome_observation	True		True													False	1	2026-07-24	
AUS::SAMN45810523		SAMN45810523		SRR31743933	AUS	Australia	2019-12	2019-12-01	2019-12-31	2019	12	4	month	True	PRJNA1199062	ena_study_accession	australia_fong_2026_direct_specimens	historical_tree_anchor	focal_genome_observation	True		True													False	1	2026-07-24	
AUS::SAMN45810524		SAMN45810524		SRR31743932	AUS	Australia	2018-01	2018-01-01	2018-01-31	2018	1	1	month	True	PRJNA1199062	ena_study_accession	australia_fong_2026_direct_specimens	historical_tree_anchor	focal_genome_observation	True		True													False	1	2026-07-24	
AUS::SAMN45810525		SAMN45810525		SRR31743931	AUS	Australia	2018-06	2018-06-01	2018-06-30	2018	6	2	month	True	PRJNA1199062	ena_study_accession	australia_fong_2026_direct_specimens	historical_tree_anchor	focal_genome_observation	True		False													False	1	2026-07-24	
AUS::SAMN45810526		SAMN45810526		SRR31743930	AUS	Australia	2018-12	2018-12-01	2018-12-31	2018	12	4	month	True	PRJNA1199062	ena_study_accession	australia_fong_2026_direct_specimens	historical_tree_anchor	focal_genome_observation	True		False													False	1	2026-07-24	
AUS::SAMN45810527		SAMN45810527		SRR31743929	AUS	Australia	2018-07	2018-07-01	2018-07-31	2018	7	3	month	True	PRJNA1199062	ena_study_accession	australia_fong_2026_direct_specimens	historical_tree_anchor	focal_genome_observation	True		True													False	1	2026-07-24	
AUS::SAMN45810528		SAMN45810528		SRR31743928	AUS	Australia	2018-08	2018-08-01	2018-08-31	2018	8	3	month	True	PRJNA1199062	ena_study_accession	australia_fong_2026_direct_specimens	historical_tree_anchor	focal_genome_observation	True		False													False	1	2026-07-24	
AUS::SAMN45810529		SAMN45810529		SRR31743927	AUS	Australia	2018-03	2018-03-01	2018-03-31	2018	3	1	month	True	PRJNA1199062	ena_study_accession	australia_fong_2026_direct_specimens	historical_tree_anchor	focal_genome_observation	True		False													False	1	2026-07-24	
AUS::SAMN45810530		SAMN45810530		SRR31743925	AUS	Australia	2017-12	2017-12-01	2017-12-31	2017	12	4	month	True	PRJNA1199062	ena_study_accession	australia_fong_2026_direct_specimens	historical_tree_anchor	focal_genome_observation	True		False													False	1	2026-07-24	
AUS::SAMN45810531		SAMN45810531		SRR31743924	AUS	Australia	2023-08	2023-08-01	2023-08-31	2023	8	3	month	True	PRJNA1199062	ena_study_accession	australia_fong_2026_direct_specimens	focal_model_observation	focal_genome_observation	True		False													False	1	2026-07-24	
AUS::SAMN45811366		SAMN45811366		SRR31743879	AUS	Australia	2024-07	2024-07-01	2024-07-31	2024	7	3	month	True	PRJNA1199062	ena_study_accession	australia_fong_2026_direct_specimens	focal_model_observation	focal_genome_observation	True		True													False	1	2026-07-24	
AUS::SAMN45811367		SAMN45811367		SRR31743880	AUS	Australia	2024-07	2024-07-01	2024-07-31	2024	7	3	month	True	PRJNA1199062	ena_study_accession	australia_fong_2026_direct_specimens	focal_model_observation	focal_genome_observation	True		True													False	1	2026-07-24	
AUS::SAMN45811368		SAMN45811368		SRR31743881	AUS	Australia	2024-06	2024-06-01	2024-06-30	2024	6	2	month	True	PRJNA1199062	ena_study_accession	australia_fong_2026_direct_specimens	focal_model_observation	focal_genome_observation	True		True													False	1	2026-07-24	
AUS::SAMN45810532		SAMN45810532		SRR31743923	AUS	Australia	2019-10	2019-10-01	2019-10-31	2019	10	4	month	True	PRJNA1199062	ena_study_accession	australia_fong_2026_direct_specimens	historical_tree_anchor	focal_genome_observation	True		True													False	1	2026-07-24	
AUS::SAMN45810533		SAMN45810533		SRR31743922	AUS	Australia	2023-08	2023-08-01	2023-08-31	2023	8	3	month	True	PRJNA1199062	ena_study_accession	australia_fong_2026_direct_specimens	focal_model_observation	focal_genome_observation	True		True													False	1	2026-07-24	
AUS::SAMN45810534		SAMN45810534		SRR31743921	AUS	Australia	2023-10	2023-10-01	2023-10-31	2023	10	4	month	True	PRJNA1199062	ena_study_accession	australia_fong_2026_direct_specimens	focal_model_observation	focal_genome_observation	True		True													False	1	2026-07-24	
AUS::SAMN45810535		SAMN45810535		SRR31743920	AUS	Australia	2023-10	2023-10-01	2023-10-31	2023	10	4	month	True	PRJNA1199062	ena_study_accession	australia_fong_2026_direct_specimens	focal_model_observation	focal_genome_observation	True		False													False	1	2026-07-24	
AUS::SAMN45810536		SAMN45810536		SRR31743919	AUS	Australia	2024-06	2024-06-01	2024-06-30	2024	6	2	month	True	PRJNA1199062	ena_study_accession	australia_fong_2026_direct_specimens	focal_model_observation	focal_genome_observation	True		True													False	1	2026-07-24	
AUS::SAMN45810537		SAMN45810537		SRR31743918	AUS	Australia	2016-04	2016-04-01	2016-04-30	2016	4	2	month	True	PRJNA1199062	ena_study_accession	australia_fong_2026_direct_specimens	historical_tree_anchor	focal_genome_observation	True		False													False	1	2026-07-24	
AUS::SAMN45810538		SAMN45810538		SRR31743852	AUS	Australia	2016-01	2016-01-01	2016-01-31	2016	1	1	month	True	PRJNA1199062	ena_study_accession	australia_fong_2026_direct_specimens	historical_tree_anchor	focal_genome_observation	True		True													False	1	2026-07-24	
AUS::SAMN45810539		SAMN45810539		SRR31743851	AUS	Australia	2018-10	2018-10-01	2018-10-31	2018	10	4	month	True	PRJNA1199062	ena_study_accession	australia_fong_2026_direct_specimens	historical_tree_anchor	focal_genome_observation	True		True													False	1	2026-07-24	
AUS::SAMN45810540		SAMN45810540		SRR31743849	AUS	Australia	2024-01	2024-01-01	2024-01-31	2024	1	1	month	True	PRJNA1199062	ena_study_accession	australia_fong_2026_direct_specimens	focal_model_observation	focal_genome_observation	True		True													False	1	2026-07-24	
AUS::SAMN45810541		SAMN45810541		SRR31743848	AUS	Australia	2024-01	2024-01-01	2024-01-31	2024	1	1	month	True	PRJNA1199062	ena_study_accession	australia_fong_2026_direct_specimens	focal_model_observation	focal_genome_observation	True		True													False	1	2026-07-24	
AUS::SAMN45810542		SAMN45810542		SRR31743847	AUS	Australia	2024-01	2024-01-01	2024-01-31	2024	1	1	month	True	PRJNA1199062	ena_study_accession	australia_fong_2026_direct_specimens	focal_model_observation	focal_genome_observation	True		True													False	1	2026-07-24	
AUS::SAMN45810543		SAMN45810543		SRR31743846	AUS	Australia	2024-01	2024-01-01	2024-01-31	2024	1	1	month	True	PRJNA1199062	ena_study_accession	australia_fong_2026_direct_specimens	focal_model_observation	focal_genome_observation	True		True													False	1	2026-07-24	
AUS::SAMN45810544		SAMN45810544		SRR31743845	AUS	Australia	2024-01	2024-01-01	2024-01-31	2024	1	1	month	True	PRJNA1199062	ena_study_accession	australia_fong_2026_direct_specimens	focal_model_observation	focal_genome_observation	True		True													False	1	2026-07-24	
AUS::SAMN45810545		SAMN45810545		SRR31743844	AUS	Australia	2019-05	2019-05-01	2019-05-31	2019	5	2	month	True	PRJNA1199062	ena_study_accession	australia_fong_2026_direct_specimens	historical_tree_anchor	focal_genome_observation	True		True													False	1	2026-07-24	
AUS::SAMN45810546		SAMN45810546		SRR31743843	AUS	Australia	2018-11	2018-11-01	2018-11-30	2018	11	4	month	True	PRJNA1199062	ena_study_accession	australia_fong_2026_direct_specimens	historical_tree_anchor	focal_genome_observation	True		True													False	1	2026-07-24	
AUS::SAMN45810547		SAMN45810547		SRR31743842	AUS	Australia	2019-01	2019-01-01	2019-01-31	2019	1	1	month	True	PRJNA1199062	ena_study_accession	australia_fong_2026_direct_specimens	historical_tree_anchor	focal_genome_observation	True		True													False	1	2026-07-24	
AUS::SAMN45810548		SAMN45810548		SRR31743841	AUS	Australia	2024-05	2024-05-01	2024-05-31	2024	5	2	month	True	PRJNA1199062	ena_study_accession	australia_fong_2026_direct_specimens	focal_model_observation	focal_genome_observation	True		True													False	1	2026-07-24	
AUS::SAMN45810549		SAMN45810549		SRR31743840	AUS	Australia	2024-05	2024-05-01	2024-05-31	2024	5	2	month	True	PRJNA1199062	ena_study_accession	australia_fong_2026_direct_specimens	focal_model_observation	focal_genome_observation	True		True													False	1	2026-07-24	
AUS::SAMN45810550		SAMN45810550		SRR31743838	AUS	Australia	2015-12	2015-12-01	2015-12-31	2015	12	4	month	True	PRJNA1199062	ena_study_accession	australia_fong_2026_direct_specimens	historical_tree_anchor	focal_genome_observation	True		True													False	1	2026-07-24	
AUS::SAMN45810551		SAMN45810551		SRR31743837	AUS	Australia	2024-06	2024-06-01	2024-06-30	2024	6	2	month	True	PRJNA1199062	ena_study_accession	australia_fong_2026_direct_specimens	focal_model_observation	focal_genome_observation	True		True													False	1	2026-07-24	
AUS::SAMN45810552		SAMN45810552		SRR31743836	AUS	Australia	2024-07	2024-07-01	2024-07-31	2024	7	3	month	True	PRJNA1199062	ena_study_accession	australia_fong_2026_direct_specimens	focal_model_observation	focal_genome_observation	True		True													False	1	2026-07-24	
AUS::SAMN45810553		SAMN45810553		SRR31743835	AUS	Australia	2024-07	2024-07-01	2024-07-31	2024	7	3	month	True	PRJNA1199062	ena_study_accession	australia_fong_2026_direct_specimens	focal_model_observation	focal_genome_observation	True		False													False	1	2026-07-24	
AUS::SAMN45810554		SAMN45810554		SRR31743834	AUS	Australia	2024-07	2024-07-01	2024-07-31	2024	7	3	month	True	PRJNA1199062	ena_study_accession	australia_fong_2026_direct_specimens	focal_model_observation	focal_genome_observation	True		True													False	1	2026-07-24	
AUS::SAMN45810555		SAMN45810555		SRR31743833	AUS	Australia	2024-07	2024-07-01	2024-07-31	2024	7	3	month	True	PRJNA1199062	ena_study_accession	australia_fong_2026_direct_specimens	focal_model_observation	focal_genome_observation	True		False													False	1	2026-07-24	
AUS::SAMN45810556		SAMN45810556		SRR31743832	AUS	Australia	2024-07	2024-07-01	2024-07-31	2024	7	3	month	True	PRJNA1199062	ena_study_accession	australia_fong_2026_direct_specimens	focal_model_observation	focal_genome_observation	True		True													False	1	2026-07-24	
AUS::SAMN45810557		SAMN45810557		SRR31743831	AUS	Australia	2024-07	2024-07-01	2024-07-31	2024	7	3	month	True	PRJNA1199062	ena_study_accession	australia_fong_2026_direct_specimens	focal_model_observation	focal_genome_observation	True		True													False	1	2026-07-24	
AUS::SAMN45810558		SAMN45810558		SRR31743830	AUS	Australia	2024-01	2024-01-01	2024-01-31	2024	1	1	month	True	PRJNA1199062	ena_study_accession	australia_fong_2026_direct_specimens	focal_model_observation	focal_genome_observation	True		True													False	1	2026-07-24	
AUS::SAMN45810559		SAMN45810559		SRR31743829	AUS	Australia	2024-07	2024-07-01	2024-07-31	2024	7	3	month	True	PRJNA1199062	ena_study_accession	australia_fong_2026_direct_specimens	focal_model_observation	focal_genome_observation	True		True													False	1	2026-07-24	
AUS::SAMN45810560		SAMN45810560		SRR31743827	AUS	Australia	2024-07	2024-07-01	2024-07-31	2024	7	3	month	True	PRJNA1199062	ena_study_accession	australia_fong_2026_direct_specimens	focal_model_observation	focal_genome_observation	True		True													False	1	2026-07-24	
AUS::SAMN45810561		SAMN45810561		SRR31743826	AUS	Australia	2024-07	2024-07-01	2024-07-31	2024	7	3	month	True	PRJNA1199062	ena_study_accession	australia_fong_2026_direct_specimens	focal_model_observation	focal_genome_observation	True		True													False	1	2026-07-24	
AUS::SAMN45810562		SAMN45810562		SRR31743825	AUS	Australia	2024-07	2024-07-01	2024-07-31	2024	7	3	month	True	PRJNA1199062	ena_study_accession	australia_fong_2026_direct_specimens	focal_model_observation	focal_genome_observation	True		True													False	1	2026-07-24	
AUS::SAMN45810563		SAMN45810563		SRR31743824	AUS	Australia	2024-07	2024-07-01	2024-07-31	2024	7	3	month	True	PRJNA1199062	ena_study_accession	australia_fong_2026_direct_specimens	focal_model_observation	focal_genome_observation	True		True													False	1	2026-07-24	
AUS::SAMN45810564		SAMN45810564		SRR31743823	AUS	Australia	2024-07	2024-07-01	2024-07-31	2024	7	3	month	True	PRJNA1199062	ena_study_accession	australia_fong_2026_direct_specimens	focal_model_observation	focal_genome_observation	True		True													False	1	2026-07-24	
AUS::SAMN45810565		SAMN45810565		SRR31743822	AUS	Australia	2024-07	2024-07-01	2024-07-31	2024	7	3	month	True	PRJNA1199062	ena_study_accession	australia_fong_2026_direct_specimens	focal_model_observation	focal_genome_observation	True		True													False	1	2026-07-24	
AUS::SAMN45811369		SAMN45811369		SRR31743869	AUS	Australia	2024-07	2024-07-01	2024-07-31	2024	7	3	month	True	PRJNA1199062	ena_study_accession	australia_fong_2026_direct_specimens	focal_model_observation	focal_genome_observation	True		True													False	1	2026-07-24	
AUS::SAMN45810566		SAMN45810566		SRR31743821	AUS	Australia	2024-08	2024-08-01	2024-08-31	2024	8	3	month	True	PRJNA1199062	ena_study_accession	australia_fong_2026_direct_specimens	focal_model_observation	focal_genome_observation	True		True													False	1	2026-07-24	
AUS::SAMN45810567		SAMN45810567		SRR31743917	AUS	Australia	2024-08	2024-08-01	2024-08-31	2024	8	3	month	True	PRJNA1199062	ena_study_accession	australia_fong_2026_direct_specimens	focal_model_observation	focal_genome_observation	True		True													False	1	2026-07-24	
AUS::SAMN45810568		SAMN45810568		SRR31743916	AUS	Australia	2024-01	2024-01-01	2024-01-31	2024	1	1	month	True	PRJNA1199062	ena_study_accession	australia_fong_2026_direct_specimens	focal_model_observation	focal_genome_observation	True		True													False	1	2026-07-24	
AUS::SAMN45810569		SAMN45810569		SRR31743915	AUS	Australia	2024-03	2024-03-01	2024-03-31	2024	3	1	month	True	PRJNA1199062	ena_study_accession	australia_fong_2026_direct_specimens	focal_model_observation	focal_genome_observation	True		False													False	1	2026-07-24	
AUS::SAMN45810570		SAMN45810570		SRR31743913	AUS	Australia	2024-06	2024-06-01	2024-06-30	2024	6	2	month	True	PRJNA1199062	ena_study_accession	australia_fong_2026_direct_specimens	focal_model_observation	focal_genome_observation	True		False													False	1	2026-07-24	
AUS::SAMN45810571		SAMN45810571		SRR31743912	AUS	Australia	2016-01	2016-01-01	2016-01-31	2016	1	1	month	True	PRJNA1199062	ena_study_accession	australia_fong_2026_direct_specimens	historical_tree_anchor	focal_genome_observation	True		True													False	1	2026-07-24	
AUS::SAMN45810572		SAMN45810572		SRR31743911	AUS	Australia	2016-02	2016-02-01	2016-02-29	2016	2	1	month	True	PRJNA1199062	ena_study_accession	australia_fong_2026_direct_specimens	historical_tree_anchor	focal_genome_observation	True		True													False	1	2026-07-24	
AUS::SAMN45810573		SAMN45810573		SRR31743910	AUS	Australia	2016-02	2016-02-01	2016-02-29	2016	2	1	month	True	PRJNA1199062	ena_study_accession	australia_fong_2026_direct_specimens	historical_tree_anchor	focal_genome_observation	True		True													False	1	2026-07-24	
AUS::SAMN45810574		SAMN45810574		SRR31743909	AUS	Australia	2016-04	2016-04-01	2016-04-30	2016	4	2	month	True	PRJNA1199062	ena_study_accession	australia_fong_2026_direct_specimens	historical_tree_anchor	focal_genome_observation	True		True													False	1	2026-07-24	
AUS::SAMN45810575		SAMN45810575		SRR31743908	AUS	Australia	2019-03	2019-03-01	2019-03-31	2019	3	1	month	True	PRJNA1199062	ena_study_accession	australia_fong_2026_direct_specimens	historical_tree_anchor	focal_genome_observation	True		True													False	1	2026-07-24	
AUS::SAMN45810576		SAMN45810576		SRR31743907	AUS	Australia	2024-04	2024-04-01	2024-04-30	2024	4	2	month	True	PRJNA1199062	ena_study_accession	australia_fong_2026_direct_specimens	focal_model_observation	focal_genome_observation	True		False													False	1	2026-07-24	
AUS::SAMN45810577		SAMN45810577		SRR31743906	AUS	Australia	2024-03	2024-03-01	2024-03-31	2024	3	1	month	True	PRJNA1199062	ena_study_accession	australia_fong_2026_direct_specimens	focal_model_observation	focal_genome_observation	True		False													False	1	2026-07-24	
AUS::SAMN45810578		SAMN45810578		SRR31743905	AUS	Australia	2024-05	2024-05-01	2024-05-31	2024	5	2	month	True	PRJNA1199062	ena_study_accession	australia_fong_2026_direct_specimens	focal_model_observation	focal_genome_observation	True		False													False	1	2026-07-24	
AUS::SAMN45810579		SAMN45810579		SRR31743904	AUS	Australia	2024-04	2024-04-01	2024-04-30	2024	4	2	month	True	PRJNA1199062	ena_study_accession	australia_fong_2026_direct_specimens	focal_model_observation	focal_genome_observation	True		False													False	1	2026-07-24	
AUS::SAMN45810580		SAMN45810580		SRR31743902	AUS	Australia	2024-05	2024-05-01	2024-05-31	2024	5	2	month	True	PRJNA1199062	ena_study_accession	australia_fong_2026_direct_specimens	focal_model_observation	focal_genome_observation	True		True													False	1	2026-07-24	
AUS::SAMN45810581		SAMN45810581		SRR31743901	AUS	Australia	2024-04	2024-04-01	2024-04-30	2024	4	2	month	True	PRJNA1199062	ena_study_accession	australia_fong_2026_direct_specimens	focal_model_observation	focal_genome_observation	True		False													False	1	2026-07-24	
AUS::SAMN45810582		SAMN45810582		SRR31743900	AUS	Australia	2024-05	2024-05-01	2024-05-31	2024	5	2	month	True	PRJNA1199062	ena_study_accession	australia_fong_2026_direct_specimens	focal_model_observation	focal_genome_observation	True		False													False	1	2026-07-24	
AUS::SAMN45810583		SAMN45810583		SRR31743899	AUS	Australia	2024-08	2024-08-01	2024-08-31	2024	8	3	month	True	PRJNA1199062	ena_study_accession	australia_fong_2026_direct_specimens	focal_model_observation	focal_genome_observation	True		True													False	1	2026-07-24	
AUS::SAMN45810584		SAMN45810584		SRR31743898	AUS	Australia	2024-08	2024-08-01	2024-08-31	2024	8	3	month	True	PRJNA1199062	ena_study_accession	australia_fong_2026_direct_specimens	focal_model_observation	focal_genome_observation	True		True													False	1	2026-07-24	
AUS::SAMN45810585		SAMN45810585		SRR31743897	AUS	Australia	2024-08	2024-08-01	2024-08-31	2024	8	3	month	True	PRJNA1199062	ena_study_accession	australia_fong_2026_direct_specimens	focal_model_observation	focal_genome_observation	True		True													False	1	2026-07-24	
AUS::SAMN45810586		SAMN45810586		SRR31743896	AUS	Australia	2024-01	2024-01-01	2024-01-31	2024	1	1	month	True	PRJNA1199062	ena_study_accession	australia_fong_2026_direct_specimens	focal_model_observation	focal_genome_observation	True		True													False	1	2026-07-24	
AUS::SAMN45811370		SAMN45811370		SRR31743862	AUS	Australia	2024	2024-01-01	2024-12-31	2024			year	False	PRJNA1199062	ena_study_accession	australia_fong_2026_direct_specimens	focal_model_observation	focal_genome_observation	True		True													False	1	2026-07-24	
AUS::SAMN45810587		SAMN45810587		SRR31743895	AUS	Australia	2024-08	2024-08-01	2024-08-31	2024	8	3	month	True	PRJNA1199062	ena_study_accession	australia_fong_2026_direct_specimens	focal_model_observation	focal_genome_observation	True		True													False	1	2026-07-24	
AUS::SAMN45810588		SAMN45810588		SRR31743894	AUS	Australia	2024-08	2024-08-01	2024-08-31	2024	8	3	month	True	PRJNA1199062	ena_study_accession	australia_fong_2026_direct_specimens	focal_model_observation	focal_genome_observation	True		True													False	1	2026-07-24	
AUS::SAMN45810589		SAMN45810589		SRR31743893	AUS	Australia	2024-08	2024-08-01	2024-08-31	2024	8	3	month	True	PRJNA1199062	ena_study_accession	australia_fong_2026_direct_specimens	focal_model_observation	focal_genome_observation	True		True													False	1	2026-07-24	
AUS::SAMN45810590		SAMN45810590		SRR31743891	AUS	Australia	2024-09	2024-09-01	2024-09-30	2024	9	3	month	True	PRJNA1199062	ena_study_accession	australia_fong_2026_direct_specimens	focal_model_observation	focal_genome_observation	True		True													False	1	2026-07-24	
AUS::SAMN45810591		SAMN45810591		SRR31743890	AUS	Australia	2024-09	2024-09-01	2024-09-30	2024	9	3	month	True	PRJNA1199062	ena_study_accession	australia_fong_2026_direct_specimens	focal_model_observation	focal_genome_observation	True		True													False	1	2026-07-24	
AUS::SAMN45810592		SAMN45810592		SRR31743889	AUS	Australia	2024-09	2024-09-01	2024-09-30	2024	9	3	month	True	PRJNA1199062	ena_study_accession	australia_fong_2026_direct_specimens	focal_model_observation	focal_genome_observation	True		False													False	1	2026-07-24	
AUS::SAMN45810593		SAMN45810593		SRR31743888	AUS	Australia	2024-09	2024-09-01	2024-09-30	2024	9	3	month	True	PRJNA1199062	ena_study_accession	australia_fong_2026_direct_specimens	focal_model_observation	focal_genome_observation	True		True													False	1	2026-07-24	
AUS::SAMN45810594		SAMN45810594		SRR31743887	AUS	Australia	2024-09	2024-09-01	2024-09-30	2024	9	3	month	True	PRJNA1199062	ena_study_accession	australia_fong_2026_direct_specimens	focal_model_observation	focal_genome_observation	True		True													False	1	2026-07-24	
AUS::SAMN45810595		SAMN45810595		SRR31743885	AUS	Australia	2024-09	2024-09-01	2024-09-30	2024	9	3	month	True	PRJNA1199062	ena_study_accession	australia_fong_2026_direct_specimens	focal_model_observation	focal_genome_observation	True		True													False	1	2026-07-24	
AUS::SAMN45811371		SAMN45811371		SRR31743884	AUS	Australia	2024-06	2024-06-01	2024-06-30	2024	6	2	month	True	PRJNA1199062	ena_study_accession	australia_fong_2026_direct_specimens	focal_model_observation	focal_genome_observation	True		True													False	1	2026-07-24	
AUS::SAMN45810596		SAMN45810596		SRR31743820	AUS	Australia	2024-08	2024-08-01	2024-08-31	2024	8	3	month	True	PRJNA1199062	ena_study_accession	australia_fong_2026_direct_specimens	focal_model_observation	focal_genome_observation	True		True													False	1	2026-07-24	
AUS::SAMN45810597		SAMN45810597		SRR31743819	AUS	Australia	2024-08	2024-08-01	2024-08-31	2024	8	3	month	True	PRJNA1199062	ena_study_accession	australia_fong_2026_direct_specimens	focal_model_observation	focal_genome_observation	True		True													False	1	2026-07-24	
AUS::SAMN45810598		SAMN45810598		SRR31743818	AUS	Australia	2024-08	2024-08-01	2024-08-31	2024	8	3	month	True	PRJNA1199062	ena_study_accession	australia_fong_2026_direct_specimens	focal_model_observation	focal_genome_observation	True		True													False	1	2026-07-24	
AUS::SAMN45810599		SAMN45810599		SRR31743817	AUS	Australia	2024-08	2024-08-01	2024-08-31	2024	8	3	month	True	PRJNA1199062	ena_study_accession	australia_fong_2026_direct_specimens	focal_model_observation	focal_genome_observation	True		True													False	1	2026-07-24	
AUS::SAMN45810600		SAMN45810600		SRR31744005	AUS	Australia	2024-08	2024-08-01	2024-08-31	2024	8	3	month	True	PRJNA1199062	ena_study_accession	australia_fong_2026_direct_specimens	focal_model_observation	focal_genome_observation	True		True													False	1	2026-07-24	
AUS::SAMN45810601		SAMN45810601		SRR31744004	AUS	Australia	2024-08	2024-08-01	2024-08-31	2024	8	3	month	True	PRJNA1199062	ena_study_accession	australia_fong_2026_direct_specimens	focal_model_observation	focal_genome_observation	True		True													False	1	2026-07-24	
AUS::SAMN45810602		SAMN45810602		SRR31744003	AUS	Australia	2024-09	2024-09-01	2024-09-30	2024	9	3	month	True	PRJNA1199062	ena_study_accession	australia_fong_2026_direct_specimens	focal_model_observation	focal_genome_observation	True		True													False	1	2026-07-24	
AUS::SAMN45810603		SAMN45810603		SRR31744002	AUS	Australia	2024-09	2024-09-01	2024-09-30	2024	9	3	month	True	PRJNA1199062	ena_study_accession	australia_fong_2026_direct_specimens	focal_model_observation	focal_genome_observation	True		True													False	1	2026-07-24	
AUS::SAMN45810604		SAMN45810604		SRR31744001	AUS	Australia	2024-09	2024-09-01	2024-09-30	2024	9	3	month	True	PRJNA1199062	ena_study_accession	australia_fong_2026_direct_specimens	focal_model_observation	focal_genome_observation	True		True													False	1	2026-07-24	
AUS::SAMN45810605		SAMN45810605		SRR31744000	AUS	Australia	2024-08	2024-08-01	2024-08-31	2024	8	3	month	True	PRJNA1199062	ena_study_accession	australia_fong_2026_direct_specimens	focal_model_observation	focal_genome_observation	True		True													False	1	2026-07-24	
AUS::SAMN45810606		SAMN45810606		SRR31743999	AUS	Australia	2024-09	2024-09-01	2024-09-30	2024	9	3	month	True	PRJNA1199062	ena_study_accession	australia_fong_2026_direct_specimens	focal_model_observation	focal_genome_observation	True		True													False	1	2026-07-24	
AUS::SAMN45810607		SAMN45810607		SRR31743998	AUS	Australia	2024-09	2024-09-01	2024-09-30	2024	9	3	month	True	PRJNA1199062	ena_study_accession	australia_fong_2026_direct_specimens	focal_model_observation	focal_genome_observation	True		True													False	1	2026-07-24	
AUS::SAMN45810608		SAMN45810608		SRR31743997	AUS	Australia	2024-09	2024-09-01	2024-09-30	2024	9	3	month	True	PRJNA1199062	ena_study_accession	australia_fong_2026_direct_specimens	focal_model_observation	focal_genome_observation	True		True													False	1	2026-07-24	
AUS::SAMN45810609		SAMN45810609		SRR31743996	AUS	Australia	2024-09	2024-09-01	2024-09-30	2024	9	3	month	True	PRJNA1199062	ena_study_accession	australia_fong_2026_direct_specimens	focal_model_observation	focal_genome_observation	True		True													False	1	2026-07-24	
AUS::SAMN45810610		SAMN45810610		SRR31743994	AUS	Australia	2024-09	2024-09-01	2024-09-30	2024	9	3	month	True	PRJNA1199062	ena_study_accession	australia_fong_2026_direct_specimens	focal_model_observation	focal_genome_observation	True		True													False	1	2026-07-24	
AUS::SAMN45810611		SAMN45810611		SRR31743993	AUS	Australia	2024-09	2024-09-01	2024-09-30	2024	9	3	month	True	PRJNA1199062	ena_study_accession	australia_fong_2026_direct_specimens	focal_model_observation	focal_genome_observation	True		True													False	1	2026-07-24	
AUS::SAMN45810612		SAMN45810612		SRR31743992	AUS	Australia	2024-10	2024-10-01	2024-10-31	2024	10	4	month	True	PRJNA1199062	ena_study_accession	australia_fong_2026_direct_specimens	focal_model_observation	focal_genome_observation	True		True													False	1	2026-07-24	
AUS::SAMN45810613		SAMN45810613		SRR31743991	AUS	Australia	2024-10	2024-10-01	2024-10-31	2024	10	4	month	True	PRJNA1199062	ena_study_accession	australia_fong_2026_direct_specimens	focal_model_observation	focal_genome_observation	True		True													False	1	2026-07-24	
AUS::SAMN45810614		SAMN45810614		SRR31743990	AUS	Australia	2024-10	2024-10-01	2024-10-31	2024	10	4	month	True	PRJNA1199062	ena_study_accession	australia_fong_2026_direct_specimens	focal_model_observation	focal_genome_observation	True		True													False	1	2026-07-24	
AUS::SAMN45810615		SAMN45810615		SRR31743989	AUS	Australia	2024-10	2024-10-01	2024-10-31	2024	10	4	month	True	PRJNA1199062	ena_study_accession	australia_fong_2026_direct_specimens	focal_model_observation	focal_genome_observation	True		True													False	1	2026-07-24	
AUS::SAMN45810616		SAMN45810616		SRR31743988	AUS	Australia	2024-10	2024-10-01	2024-10-31	2024	10	4	month	True	PRJNA1199062	ena_study_accession	australia_fong_2026_direct_specimens	focal_model_observation	focal_genome_observation	True		True													False	1	2026-07-24	
AUS::SAMN45810617		SAMN45810617		SRR31743987	AUS	Australia	2024-10	2024-10-01	2024-10-31	2024	10	4	month	True	PRJNA1199062	ena_study_accession	australia_fong_2026_direct_specimens	focal_model_observation	focal_genome_observation	True		True													False	1	2026-07-24	
AUS::SAMN45810618		SAMN45810618		SRR31743986	AUS	Australia	2024-10	2024-10-01	2024-10-31	2024	10	4	month	True	PRJNA1199062	ena_study_accession	australia_fong_2026_direct_specimens	focal_model_observation	focal_genome_observation	True		True													False	1	2026-07-24	
AUS::SAMN45810619		SAMN45810619		SRR31743985	AUS	Australia	2024-10	2024-10-01	2024-10-31	2024	10	4	month	True	PRJNA1199062	ena_study_accession	australia_fong_2026_direct_specimens	focal_model_observation	focal_genome_observation	True		True													False	1	2026-07-24	
AUS::SAMN45810620		SAMN45810620		SRR31743983	AUS	Australia	2024-10	2024-10-01	2024-10-31	2024	10	4	month	True	PRJNA1199062	ena_study_accession	australia_fong_2026_direct_specimens	focal_model_observation	focal_genome_observation	True		True													False	1	2026-07-24	
AUS::SAMN45810621		SAMN45810621		SRR31743982	AUS	Australia	2024-10	2024-10-01	2024-10-31	2024	10	4	month	True	PRJNA1199062	ena_study_accession	australia_fong_2026_direct_specimens	focal_model_observation	focal_genome_observation	True		True													False	1	2026-07-24	
AUS::SAMN45810622		SAMN45810622		SRR31743981	AUS	Australia	2024-10	2024-10-01	2024-10-31	2024	10	4	month	True	PRJNA1199062	ena_study_accession	australia_fong_2026_direct_specimens	focal_model_observation	focal_genome_observation	True		True													False	1	2026-07-24	
AUS::SAMN45810623		SAMN45810623		SRR31743980	AUS	Australia	2024-10	2024-10-01	2024-10-31	2024	10	4	month	True	PRJNA1199062	ena_study_accession	australia_fong_2026_direct_specimens	focal_model_observation	focal_genome_observation	True		False													False	1	2026-07-24	
AUS::SAMN45810624		SAMN45810624		SRR31743979	AUS	Australia	2024-10	2024-10-01	2024-10-31	2024	10	4	month	True	PRJNA1199062	ena_study_accession	australia_fong_2026_direct_specimens	focal_model_observation	focal_genome_observation	True		True													False	1	2026-07-24	
AUS::SAMN45810625		SAMN45810625		SRR31743978	AUS	Australia	2024-10	2024-10-01	2024-10-31	2024	10	4	month	True	PRJNA1199062	ena_study_accession	australia_fong_2026_direct_specimens	focal_model_observation	focal_genome_observation	True		True													False	1	2026-07-24	
AUS::SAMN45810626		SAMN45810626		SRR31743977	AUS	Australia	2024-10	2024-10-01	2024-10-31	2024	10	4	month	True	PRJNA1199062	ena_study_accession	australia_fong_2026_direct_specimens	focal_model_observation	focal_genome_observation	True		True													False	1	2026-07-24	
AUS::SAMN45810627		SAMN45810627		SRR31743976	AUS	Australia	2024-10	2024-10-01	2024-10-31	2024	10	4	month	True	PRJNA1199062	ena_study_accession	australia_fong_2026_direct_specimens	focal_model_observation	focal_genome_observation	True		True													False	1	2026-07-24	
AUS::SAMN45810628		SAMN45810628		SRR31743975	AUS	Australia	2024-10	2024-10-01	2024-10-31	2024	10	4	month	True	PRJNA1199062	ena_study_accession	australia_fong_2026_direct_specimens	focal_model_observation	focal_genome_observation	True		True													False	1	2026-07-24	
AUS::SAMN45810629		SAMN45810629		SRR31743974	AUS	Australia	2024-10	2024-10-01	2024-10-31	2024	10	4	month	True	PRJNA1199062	ena_study_accession	australia_fong_2026_direct_specimens	focal_model_observation	focal_genome_observation	True		True													False	1	2026-07-24	
AUS::SAMN45810630		SAMN45810630		SRR31743972	AUS	Australia	2024-10	2024-10-01	2024-10-31	2024	10	4	month	True	PRJNA1199062	ena_study_accession	australia_fong_2026_direct_specimens	focal_model_observation	focal_genome_observation	True		True													False	1	2026-07-24	
AUS::SAMN45810631		SAMN45810631		SRR31743971	AUS	Australia	2024-10	2024-10-01	2024-10-31	2024	10	4	month	True	PRJNA1199062	ena_study_accession	australia_fong_2026_direct_specimens	focal_model_observation	focal_genome_observation	True		True													False	1	2026-07-24	
AUS::SAMN45810632		SAMN45810632		SRR31743970	AUS	Australia	2024-10	2024-10-01	2024-10-31	2024	10	4	month	True	PRJNA1199062	ena_study_accession	australia_fong_2026_direct_specimens	focal_model_observation	focal_genome_observation	True		False													False	1	2026-07-24	
AUS::SAMN45810633		SAMN45810633		SRR31743969	AUS	Australia	2024-10	2024-10-01	2024-10-31	2024	10	4	month	True	PRJNA1199062	ena_study_accession	australia_fong_2026_direct_specimens	focal_model_observation	focal_genome_observation	True		True													False	1	2026-07-24	
AUS::SAMN45810634		SAMN45810634		SRR31743968	AUS	Australia	2024-10	2024-10-01	2024-10-31	2024	10	4	month	True	PRJNA1199062	ena_study_accession	australia_fong_2026_direct_specimens	focal_model_observation	focal_genome_observation	True		True													False	1	2026-07-24	
AUS::SAMN45810635		SAMN45810635		SRR31743967	AUS	Australia	2024-10	2024-10-01	2024-10-31	2024	10	4	month	True	PRJNA1199062	ena_study_accession	australia_fong_2026_direct_specimens	focal_model_observation	focal_genome_observation	True		True													False	1	2026-07-24	
AUS::SAMN45810636		SAMN45810636		SRR31743966	AUS	Australia	2024-10	2024-10-01	2024-10-31	2024	10	4	month	True	PRJNA1199062	ena_study_accession	australia_fong_2026_direct_specimens	focal_model_observation	focal_genome_observation	True		False													False	1	2026-07-24	
AUS::SAMN45810637		SAMN45810637		SRR31743965	AUS	Australia	2024-10	2024-10-01	2024-10-31	2024	10	4	month	True	PRJNA1199062	ena_study_accession	australia_fong_2026_direct_specimens	focal_model_observation	focal_genome_observation	True		True													False	1	2026-07-24	
AUS::SAMN45810638		SAMN45810638		SRR31743964	AUS	Australia	2024-10	2024-10-01	2024-10-31	2024	10	4	month	True	PRJNA1199062	ena_study_accession	australia_fong_2026_direct_specimens	focal_model_observation	focal_genome_observation	True		True													False	1	2026-07-24	
AUS::SAMN45810639		SAMN45810639		SRR31743963	AUS	Australia	2024-09	2024-09-01	2024-09-30	2024	9	3	month	True	PRJNA1199062	ena_study_accession	australia_fong_2026_direct_specimens	focal_model_observation	focal_genome_observation	True		True													False	1	2026-07-24	
AUS::SAMN45810640		SAMN45810640		SRR31743961	AUS	Australia	2024-09	2024-09-01	2024-09-30	2024	9	3	month	True	PRJNA1199062	ena_study_accession	australia_fong_2026_direct_specimens	focal_model_observation	focal_genome_observation	True		True													False	1	2026-07-24	
AUS::SAMN45810641		SAMN45810641		SRR31743960	AUS	Australia	2024-09	2024-09-01	2024-09-30	2024	9	3	month	True	PRJNA1199062	ena_study_accession	australia_fong_2026_direct_specimens	focal_model_observation	focal_genome_observation	True		True													False	1	2026-07-24	
AUS::SAMN45810642		SAMN45810642		SRR31743959	AUS	Australia	2024-09	2024-09-01	2024-09-30	2024	9	3	month	True	PRJNA1199062	ena_study_accession	australia_fong_2026_direct_specimens	focal_model_observation	focal_genome_observation	True		True													False	1	2026-07-24	
AUS::SAMN45810643		SAMN45810643		SRR31743958	AUS	Australia	2024-09	2024-09-01	2024-09-30	2024	9	3	month	True	PRJNA1199062	ena_study_accession	australia_fong_2026_direct_specimens	focal_model_observation	focal_genome_observation	True		True													False	1	2026-07-24	
AUS::SAMN45810644		SAMN45810644		SRR31743957	AUS	Australia	2024-10	2024-10-01	2024-10-31	2024	10	4	month	True	PRJNA1199062	ena_study_accession	australia_fong_2026_direct_specimens	focal_model_observation	focal_genome_observation	True		True													False	1	2026-07-24	
AUS::SAMN45810645		SAMN45810645		SRR31743956	AUS	Australia	2024-10	2024-10-01	2024-10-31	2024	10	4	month	True	PRJNA1199062	ena_study_accession	australia_fong_2026_direct_specimens	focal_model_observation	focal_genome_observation	True		True													False	1	2026-07-24	
AUS::SAMN45810646		SAMN45810646		SRR31743955	AUS	Australia	2024-10	2024-10-01	2024-10-31	2024	10	4	month	True	PRJNA1199062	ena_study_accession	australia_fong_2026_direct_specimens	focal_model_observation	focal_genome_observation	True		True													False	1	2026-07-24	
AUS::SAMN45810647		SAMN45810647		SRR31743954	AUS	Australia	2024-10	2024-10-01	2024-10-31	2024	10	4	month	True	PRJNA1199062	ena_study_accession	australia_fong_2026_direct_specimens	focal_model_observation	focal_genome_observation	True		True													False	1	2026-07-24	
