node	AUS	Africa_other	Asia_other	BEL	CHN	Europe_other	FRA	JPN	Unknown_other
NODE_0001	0.170284260500759	0.013698390673321487	0.05515017794539275	0.16720974944648526	0.13727838766450223	0.04254991152438156	0.12821322122579465	0.15637347418843534	0.12924242683092782
NODE_0953	9.857272453595953e-05	7.929609503875186e-06	0.0008506576582565661	9.679297736294111e-05	7.946656169043224e-05	0.9944461268287393	7.421899417240568e-05	9.05201652259493e-05	0.004255714480512473
NODE_0952	0.1677594785042866	0.013991586370005167	0.05569598052990005	0.1647249962162826	0.13772294870169358	0.04924180455299958	0.12630795878903894	0.15521417359279743	0.129341072742996
NODE_0988	4.943968765692437e-05	3.977138898803108e-06	0.0008367007093638539	4.8547045754648186e-05	3.9856887466993434e-05	0.9968093732642731	3.7224941355417595e-05	4.5400882612223276e-05	0.0021294794426179628
USA__SAMN03996251	0.0	0.0	0.0	0.0	0.0	0.0	0.0	0.0	1.0
NODE_0941	0.11976275380604795	0.022727368634293674	0.05685582723542998	0.11745382559308917	0.16197471485806686	0.1850125473545914	0.09006129766376866	0.14056133864356862	0.1055903262111436
NODE_0954	0.07699465546144887	0.0061951913369461785	0.13310310176088008	0.07560448814012614	0.062077991902093774	0.22470166506022393	0.05797206798634885	0.07070814388863188	0.29264269446330027
DEU__SAMN22091640	0.0	0.0	0.0	0.0	0.0	1.0	0.0	0.0	0.0
IRN__SAMN12675072	0.0	0.0	1.0	0.0	0.0	0.0	0.0	0.0	0.0
NODE_0940	0.020129714141301727	0.001960344685259761	0.09891278172903913	0.01899727436048297	0.017650660793337287	0.6858925594603346	0.014566546871659652	0.05022209110212944	0.09166802685645548
NODE_0942	0.12034988301343526	0.02420419367182702	0.055429562691816425	0.11804409782366751	0.16960226924270116	0.17403341722050047	0.09051391059863446	0.14314748682946615	0.10467517890795155
NODE_0955	4.904841487933438e-05	3.945850397017426e-06	3.0206024193095923e-05	4.816283537778058e-05	3.954238949608068e-05	0.98786881292312	3.693033622443834e-05	4.504201064094355e-05	0.011878309215671236
NODE_0957	0.07292552045900554	0.005867553396017082	0.1535973749622223	0.07160882540883451	0.05879607347300989	0.1801660759093355	0.05490827062248461	0.06697072353226671	0.33515958223682374
NODE_0004	0.0023674386916839553	6.0107201987222364e-05	0.0016890669237836387	0.0006561828791913667	0.0006387574095772582	0.9911942413682493	0.000502719068835792	0.0011610628877571137	0.0017304235689345625
NODE_0958	0.008707359376088776	0.0007624481509968592	0.2281729632483112	0.008410359602882911	0.007278236375996059	0.4628259344304775	0.006448866081695631	0.08343328018777471	0.1939605525457765
NODE_0943	0.1013449794877412	0.011544766598123299	0.03795824251574454	0.09948414890037185	0.3439197816490859	0.058949290514624726	0.07628252478412638	0.19018613085503816	0.080330134695144
NODE_0951	0.023939354458995317	0.582350099190736	0.007835300683686618	0.023506462966762735	0.01966113299226442	0.2843009598844011	0.018024303714757915	0.02214640762714896	0.018235978481247007
NODE_0956	1.8821888158142636e-07	1.5141837391127762e-08	1.1524794949156803e-07	1.8482054997434048e-07	1.5174032054938748e-07	0.9999539981435495	1.4171684449641106e-07	1.7284464528235641e-07	4.503212542182103e-05
USA__SAMN45987640	0.0	0.0	0.0	0.0	0.0	0.0	0.0	0.0	1.0
IND__SAMN19416303	0.0	0.0	1.0	0.0	0.0	0.0	0.0	0.0	0.0
USA__SAMN03877216	0.0	0.0	0.0	0.0	0.0	0.0	0.0	0.0	1.0
NODE_0003	0.0027525841927442526	5.914286922203813e-05	0.0014166768232176563	0.000658795213627518	0.0006223405055178233	0.9914182563016155	0.0005048018230666769	0.0010619337305938534	0.0015054685403947372
NODE_0005	0.0001802488644890707	4.445966878389501e-06	4.411768865613734e-05	5.683726670438804e-05	0.00033657882568128216	0.999120462289351	4.166793457842207e-05	0.00015260686185620382	6.303430180505494e-05
NODE_0959	0.007373893511302952	0.0006377470977287164	0.26258172576336425	0.007140276614066207	0.0061305152762037695	0.45111081124734537	0.0054750009781446675	0.09564006797916529	0.16390996153267878
NODE_0985	4.40952483330387e-05	3.5853957117064947e-06	0.03573136753077956	4.321299302238217e-05	3.570765194223783e-05	0.00029477690818660997	3.313487011115247e-05	8.696206096858548e-05	0.9637271573409448
NODE_0944	0.06012296186477858	0.005701004992076803	0.020780840112875162	0.059029523954019586	0.659047375532232	0.023592466105081963	0.045262702075561184	0.07996163874859352	0.04650148661478124
NODE_0945	9.730965284016847e-05	8.142183305350304e-06	0.013286314137277233	9.554983665023189e-05	0.00010273498254033495	2.7429733064180333e-05	7.326577703404934e-05	0.983032621799883	0.0032766318974054532
KEN__SAMEA1931748	0.0	1.0	0.0	0.0	0.0	0.0	0.0	0.0	0.0
NLD__SAMEA751360	0.0	0.0	0.0	0.0	0.0	1.0	0.0	0.0	0.0
DNK__SAMEA3923585	0.0	0.0	0.0	0.0	0.0	1.0	0.0	0.0	0.0
DNK__SAMEA3923584	0.0	0.0	0.0	0.0	0.0	1.0	0.0	0.0	0.0
NODE_0002	0.5998494578367793	0.003138874637913415	0.012886323830309205	0.03830140764532042	0.031462489283912674	0.21926416330186874	0.02936870911712402	0.035913462532551746	0.029815111814220526
NODE_0987	0.0012291332710136086	3.7878103759495366e-05	0.0005954852501389682	0.0004386299980868419	0.00039073623661852754	0.9956806594416707	0.00033620161529087153	0.0005777787973391877	0.0007134972860816134
NODE_0006	1.0608397494214982e-05	6.003459101463553e-08	5.005529087971535e-07	7.58153535873281e-07	3.483790911876912e-06	0.9999815380288414	5.624492354019953e-07	1.6905816804643623e-06	7.98010800887091e-07
NODE_0765	0.008402291501556811	0.0002657877356303091	0.0010895069056940155	0.003595432649461546	0.028169147970379078	0.9433390611749708	0.0025878785371456813	0.010027467838058766	0.002523425687102884
NODE_0960	0.007383743267408666	0.0006384291967135826	0.26346721921891864	0.00715019715606982	0.006137995913255468	0.4500016157037439	0.005482607923005193	0.09598841842578247	0.16374977319510223
AUT__SAMN15702625	0.0	0.0	0.0	0.0	0.0	1.0	0.0	0.0	0.0
NODE_0986	2.8231762445822797e-05	2.271179741434372e-06	0.9974043734637138	2.7721815358087702e-05	2.276005690772885e-05	7.772341940920246e-06	2.1256555001603517e-05	2.6043032325432422e-05	0.0024595697925652235
USA__SAMN05333716	0.0	0.0	0.0	0.0	0.0	0.0	0.0	0.0	1.0
CHN__SAMN03249373	0.0	0.0	0.0	0.0	1.0	0.0	0.0	0.0	0.0
CHN__SAMN22851881	0.0	0.0	0.0	0.0	1.0	0.0	0.0	0.0	0.0
NODE_0946	4.89120974865664e-05	4.091513734881551e-06	0.0066316850831315425	4.8027546824580475e-05	5.1553723267456085e-05	1.3776437250975649e-05	3.6826599194211734e-05	0.9899029015927597	0.0032622254063501403
IND__SAMN19416302	0.0	0.0	1.0	0.0	0.0	0.0	0.0	0.0	0.0
AUS__SAMEA751508	1.0	0.0	0.0	0.0	0.0	0.0	0.0	0.0	0.0
AUS__SAMEA751511	1.0	0.0	0.0	0.0	0.0	0.0	0.0	0.0	0.0
NOR__SAMEA10057937	0.0	0.0	0.0	0.0	0.0	1.0	0.0	0.0	0.0
POL__SAMEA1931348	0.0	0.0	0.0	0.0	0.0	1.0	0.0	0.0	0.0
AUS__SAMEA751513	1.0	0.0	0.0	0.0	0.0	0.0	0.0	0.0	0.0
NODE_0007	8.038419264235607e-06	1.995256745156081e-08	1.6624821978159504e-07	2.51956409760997e-07	1.1559293660762773e-06	0.9999893384522002	1.8693031024798743e-07	5.611999873685738e-07	2.8091167490087224e-07
NODE_0766	0.021848238345288297	0.0003314947839976351	0.0013453895062392287	0.005281313972933951	0.09280092600862566	0.8655053309316078	0.003456561104352357	0.006294032023250281	0.0031367133237049684
JPN__SAMEA41226418	0.0	0.0	0.0	0.0	0.0	0.0	0.0	1.0	0.0
NODE_0961	0.009833918797311204	0.0007987683731795005	0.048329507564962335	0.009639033973322247	0.007959893113996506	0.07995138136401657	0.007391021478000467	0.695892108071373	0.14020436726383803
NODE_0984	1.1566749619662508e-07	9.471154750617973e-09	0.9999967547908871	1.1320394588349578e-07	9.394192699853841e-08	1.706299418522368e-06	8.680251279285474e-08	4.401128800658417e-07	6.797097776242447e-07
IRN__SAMN12675069	0.0	0.0	1.0	0.0	0.0	0.0	0.0	0.0	0.0
IRN__SAMN12675070	0.0	0.0	1.0	0.0	0.0	0.0	0.0	0.0	0.0
NODE_0947	2.305527439764028e-09	1.9278310569384358e-10	3.0942555189386746e-07	2.263833823133797e-09	2.424241561715121e-09	6.486240544667972e-10	1.7358642355779329e-09	0.9999995287784633	1.5222511048875758e-07
NODE_0950	1.8669403711199727e-09	1.5020385891497e-10	1.4159091158523803e-09	1.8332322718202424e-09	1.5065613537402502e-09	4.666937892421501e-10	1.405687261631894e-09	1.2309470515000948e-07	0.9999998682600669
NODE_0008	7.75770157900728e-06	1.547541751010135e-08	1.2821616937559992e-07	1.9534669459233851e-07	8.882135341658532e-07	0.9999902149083406	1.449835132963561e-07	4.323646866772784e-07	2.2279006460676577e-07
NODE_0764	1.4752321336844448e-07	1.1865863485036809e-08	4.77725723279446e-08	1.448409808867832e-07	1.1891605753159064e-07	0.9999991706118937	1.1106126422727826e-07	1.3545514249979362e-07	1.1195301200958279e-07
NODE_0767	0.08750378965435397	0.00017187844515078828	0.000713409297479456	0.008058600033754465	0.012123638102536012	0.8841447942711324	0.0033175048558056284	0.0023253790152596866	0.001641006324527633
NODE_0794	0.005884544036574346	0.00033091709260365084	0.0013333601949394364	0.004162712497144057	0.890617727862388	0.0873867268330467	0.0031326438936973406	0.004028300817567789	0.0031230667720385692
NODE_0962	0.004420531933092828	0.00035762331995114034	0.01327813086169774	0.004336170433798341	0.0035721226319131096	0.021439915188756736	0.0033248909543407822	0.7920662574852105	0.15720435719123865
JPN__SAMEA751448	0.0	0.0	0.0	0.0	0.0	0.0	0.0	1.0	0.0
IND__SAMN10525643	0.0	0.0	1.0	0.0	0.0	0.0	0.0	0.0	0.0
IND__SAMN19416301	0.0	0.0	1.0	0.0	0.0	0.0	0.0	0.0	0.0
JPN__SAMN04875532	0.0	0.0	0.0	0.0	0.0	0.0	0.0	1.0	0.0
NODE_0948	1.1085242781702632e-10	9.092565183364926e-12	7.424117254888977e-09	1.088493665696576e-10	1.0290348855338603e-10	2.943530522471614e-11	8.346360121675765e-11	0.9999999884455322	3.6857537830484686e-09
USA__SAMN16357507	0.0	0.0	0.0	0.0	0.0	0.0	0.0	0.0	1.0
USA__SAMN16357510	0.0	0.0	0.0	0.0	0.0	0.0	0.0	0.0	1.0
NODE_0009	7.516914037397179e-06	1.5548010311301206e-08	1.249888071319498e-07	1.958878657994643e-07	8.497080722128435e-07	0.9999905100652506	1.4565558776618085e-07	4.195094261883045e-07	2.2172294253496773e-07
NODE_0762	0.11810613990241124	0.0001686673921372578	0.0006790652321266449	0.0020588432119676074	0.0016903519366097636	0.8722014576627124	0.0015786810517760548	0.0019254345711430352	0.0015913590391159562
ESP__SAMEA8914418	0.0	0.0	0.0	0.0	0.0	1.0	0.0	0.0	0.0
ESP__SAMN16378404	0.0	0.0	0.0	0.0	0.0	1.0	0.0	0.0	0.0
NODE_0768	0.08772145739662719	0.00011835590768411168	0.0004937393010741106	0.005162461953931401	0.007811291416721985	0.8933746440913584	0.0025589944101561245	0.0016205433815288262	0.001138512140917889
NODE_0791	0.42659372827617925	0.0011611804820296327	0.00546232548019883	0.36598849932551836	0.012768623823741198	0.09976160367592724	0.06401140663451124	0.0132949481723388	0.010957684129555598
NODE_0795	0.0013032188506708771	9.08847995905934e-05	0.00036601070413128025	0.0011214691227737223	0.9856049477770719	0.008739728279849073	0.000854118989035425	0.0010620468425452398	0.0008575746343319902
NODE_0910	2.215231222330589e-07	1.665353804436499e-08	6.705651977848214e-08	2.0429216249289373e-07	0.999998226029056	7.589909408698296e-07	1.5616210582811362e-07	1.9216127053710584e-07	1.5713128450433642e-07
NODE_0963	3.182543029159409e-06	2.5684439517631036e-07	5.888674122968042e-06	3.123216633410913e-06	2.569127153885936e-06	9.134264963148697e-06	2.3948219899486227e-06	0.99990794518192	6.550532579215397e-05
USA__SAMN04994865	0.0	0.0	0.0	0.0	0.0	0.0	0.0	0.0	1.0
NODE_0949	3.891921951569292e-10	3.1333221765540633e-11	1.1784443273297993e-09	3.821650362203407e-10	3.1568411371622703e-10	9.749697712602583e-11	2.930368024954516e-10	0.9999999965042344	8.084130254780202e-10
JPN__SAMN09862822	0.0	0.0	0.0	0.0	0.0	0.0	0.0	1.0	0.0
NODE_0010	0.00016200098512223613	3.2664300060493714e-06	1.3164456250125569e-05	3.987309941405035e-05	3.288688543594743e-05	0.9996322480103157	3.0572927527532635e-05	3.734095460364068e-05	4.864625132479329e-05
NODE_0013	3.0828517362902236e-06	2.2271115149285934e-07	1.6725272207883464e-06	2.718534561501744e-06	2.2325024067361524e-06	0.999983339491595	2.084516084393867e-06	2.5455510139255697e-06	2.101314229943829e-06
NODE_0763	0.11810636562960064	0.00016853412625411935	0.0006785286918089182	0.0020572164978953037	0.0016890163303061897	0.8722088900691009	0.0015774337192406634	0.001923913250555811	0.0015901016852375982
AUS__SAMEA751475	1.0	0.0	0.0	0.0	0.0	0.0	0.0	0.0	0.0
NODE_0769	0.001067194076638053	2.7348087508248058e-06	3.090289270882984e-05	0.0001643223118650488	0.0011538529440404924	0.9974333148365044	4.100756307895339e-05	3.408046805172669e-05	7.259009836163029e-05
NODE_0781	0.45954970586726696	0.0009571126595313284	0.003862317532621698	0.014771102952432813	0.013032227209595244	0.4667202786880506	0.019527675785525295	0.012538011386900683	0.009041567918075527
NODE_0792	0.42684660296898275	0.0011589843152794883	0.005454121465006271	0.36624800555191	0.012743554935368273	0.09949482464494114	0.06384717718693562	0.013269771027207826	0.010936957904368497
FRA__SAMEA115874213	0.0	0.0	0.0	0.0	0.0	0.0	1.0	0.0	0.0
NODE_0796	3.2328332834362264e-08	2.56452736283049e-09	1.0325145646758902e-08	3.1335229764408224e-08	0.9999998160491851	2.985034275332818e-08	2.401223857654224e-08	2.9338805515795627e-08	2.419619250371559e-08
NODE_0904	4.824685366858423e-07	3.768163495625855e-08	1.517160634173881e-07	4.609405154755796e-07	0.9999969243924843	8.021597649953714e-07	3.529703231859365e-07	4.321424314215165e-07	3.5552824554487093e-07
NODE_0911	5.610317954197658e-09	4.220482576895153e-10	1.6994016334121963e-09	5.177088835375418e-09	0.9999999552280537	1.905402487186829e-08	3.95752006704966e-09	4.869390450646182e-09	3.982153998203713e-09
CHN__SAMN11295233	0.0	0.0	0.0	0.0	1.0	0.0	0.0	0.0	0.0
NODE_0964	2.959757964374309e-07	2.388630226781039e-08	5.466494409610188e-07	2.9045883714088163e-07	2.389275486011916e-07	8.477749974643058e-07	2.227182076408484e-07	0.9999914545623813	6.0790464883104255e-06
JPN__SAMEA41216668	0.0	0.0	0.0	0.0	0.0	0.0	0.0	1.0	0.0
JPN__SAMN03249374	0.0	0.0	0.0	0.0	0.0	0.0	0.0	1.0	0.0
JPN__SAMEA751489	0.0	0.0	0.0	0.0	0.0	0.0	0.0	1.0	0.0
NODE_0011	0.003241021898345615	4.9294029353835964e-05	0.0001984686724854416	0.0006017097120691291	0.0004941030368864316	0.9935287524377376	0.00046137876387837237	0.000562750117581737	0.0008625213316617147
SWE__SAMEA751314	0.0	0.0	0.0	0.0	0.0	1.0	0.0	0.0	0.0
NODE_0014	2.0086774818177395e-06	5.488556735372686e-08	2.517470840812114e-07	6.69962265328191e-07	5.500594999519156e-07	0.9999947879874577	5.137140280673573e-07	6.451262007636641e-07	5.178404148771886e-07
NODE_0759	3.561104277447034e-05	1.1951108176233715e-06	0.0001860839125206501	1.458815030243338e-05	1.1976813903559922e-05	0.9997144405323279	1.11859131002436e-05	1.3642817010984648e-05	1.1275707242246661e-05
AUS__SAMEA751183	1.0	0.0	0.0	0.0	0.0	0.0	0.0	0.0	0.0
ESP__SAMN16378546	0.0	0.0	0.0	0.0	0.0	1.0	0.0	0.0	0.0
NODE_0770	0.0007921037660078642	1.948081514658547e-06	2.7777403600773633e-05	0.0001436248042742653	0.0008192083510119332	0.9980965691511696	2.9173720391714753e-05	2.4269586733386734e-05	6.532513529589665e-05
CHN__SAMN09947460	0.0	0.0	0.0	0.0	1.0	0.0	0.0	0.0	0.0
NODE_0782	0.8704036344496995	0.0004281501945069518	0.0017246747617061828	0.010383368156236306	0.004647363229835063	0.049403622106595185	0.04751348322339155	0.011454990090448277	0.004040713787581098
AUS__SAMN45810611	1.0	0.0	0.0	0.0	0.0	0.0	0.0	0.0	0.0
NODE_0793	0.4271005500142028	0.001156790478987451	0.005443155566382617	0.36650857445125884	0.012718513339713371	0.09922838740143344	0.06368315445107137	0.013244620622889171	0.010916253674061089
IND__SAMN10457989	0.0	0.0	1.0	0.0	0.0	0.0	0.0	0.0	0.0
NODE_0797	2.0446105587521365e-10	1.6232658497642388e-11	6.535485051946546e-11	1.9833058495110478e-10	0.9999999988440086	1.8078939891407496e-10	1.519866446366895e-10	1.8568181633835152e-10	1.5315426744393511e-10
NODE_0868	1.2955920526617157e-11	1.0422188282344576e-12	4.196007859579969e-12	1.2721879421924138e-11	0.9999999999343548	3.243740203896621e-12	9.75488816724171e-12	1.1897429234556284e-11	9.833190977392169e-12
NODE_0905	1.9378498921464032e-07	1.5138154598409946e-08	6.09501229000018e-08	1.851745804387378e-07	0.9999987664648095	3.2025486648468114e-07	1.4180086468989446e-07	1.7360233348190683e-07	1.428292789374547e-07
CHN__SAMN07329781	0.0	0.0	0.0	0.0	1.0	0.0	0.0	0.0	0.0
NODE_0912	2.0014031047044978e-10	1.533324480039109e-11	6.173795258045549e-11	1.8782973363101202e-10	0.9999999985576813	5.12514535189366e-10	1.4370530655821374e-10	1.7638581402923564e-10	1.4467194682748714e-10
CHN__SAMN09947492	0.0	0.0	0.0	0.0	1.0	0.0	0.0	0.0	0.0
NODE_0965	0.00023331445307251522	1.8768820007926087e-05	7.56365424415568e-05	0.0002291018933472392	0.00018809161008010266	5.842441904467529e-05	0.0001756709272695736	0.9988429661154172	0.0001780252193192198
NODE_0966	1.8451007391445955e-07	1.4889639792936527e-08	3.350160705252506e-07	1.810730370331582e-07	1.4894234164138632e-07	5.186069219646811e-07	1.3884329642899687e-07	0.9999947633090245	3.7148095943901373e-06
AUS__SAMEA751512	1.0	0.0	0.0	0.0	0.0	0.0	0.0	0.0	0.0
NODE_0012	0.0030719327288768633	6.005800018500099e-05	0.00024180371042246333	0.0007331002876776437	0.0006019622678552676	0.9929294629445746	0.0005621266090653466	0.0006856216880677722	0.001113931763274968
NODE_0015	0.06176303725265313	0.001638839784788946	0.006598049479471086	0.02000453895169011	0.01642362879965109	0.8440624517089882	0.015339095875698025	0.018708130790947984	0.015462227356111476
NODE_0016	1.7129160949440048e-06	4.6299526154987043e-08	2.1221198100616667e-07	5.651565040609505e-07	4.640106480810008e-07	0.99999558200105	4.333510105521086e-07	5.472213020192686e-07	4.3683188314685595e-07
NODE_0760	3.7670276898692537e-05	1.263021643923933e-06	0.00019697574691508678	1.5417105507351975e-05	1.2657382055509412e-05	0.999697860440019	1.1821540014651784e-05	1.441805042558551e-05	1.1916436520196276e-05
NOR__SAMEA10057881	0.0	0.0	0.0	0.0	0.0	1.0	0.0	0.0	0.0
NODE_0771	0.0004291242530550718	7.950356762245765e-06	3.591358430568339e-05	0.0010439065309657484	0.00023633454893159472	0.9970262447890081	7.655639175151652e-05	9.115494729880506e-05	0.0010528145979209482
NODE_0779	0.00012295662449402243	6.921197599894775e-07	4.999766559517273e-05	2.629563460234424e-05	0.00012602436878606643	0.9996442018694783	8.107256421080279e-06	8.20337160520525e-06	1.352108925783577e-05
NODE_0783	0.9573695074757442	8.655857862487364e-05	0.000348649020955874	0.006840855280869345	0.0009294508292164565	0.008626401627263424	0.01636671184853882	0.00861499268483327	0.0008168726539536936
NODE_0790	0.009801346449393589	0.00011880095268977551	0.00047830552772657137	0.0014997731418555434	0.0011939955015364493	0.0008316246198298337	0.9835359064242055	0.0014193654641625312	0.001120881918600221
AUS__SAMN18200431	1.0	0.0	0.0	0.0	0.0	0.0	0.0	0.0	0.0
BEL__SAMEA117989221	0.0	0.0	0.0	1.0	0.0	0.0	0.0	0.0	0.0
NODE_0798	1.3203847677178837e-11	1.0608767859104858e-12	4.2711351440494415e-12	1.2950742179694252e-11	0.9999999999323799	4.081477968500709e-12	9.929840782389927e-12	1.2112682435722867e-11	1.0009234448567803e-11
NODE_0861	2.312286941479773e-08	1.8601019182088679e-09	7.488832392349141e-09	2.2705380831872953e-08	0.9999998828511232	5.777912675433575e-09	1.7410049458456633e-08	2.1233925133291946e-08	1.7549805068723855e-08
NODE_0869	5.271656931333105e-11	4.240744933063508e-12	1.7073380609830197e-11	5.176475966225307e-11	0.9999999997329186	1.3172758330450644e-11	3.969222240481424e-11	4.841006806784328e-11	4.001084359576843e-11
NODE_0896	1.4565670288267338e-10	1.1717244397497737e-11	4.7174016936527326e-11	1.430268383488922e-10	0.9999999992620501	3.6396516894914236e-11	1.0967022961850928e-10	1.3375777311755458e-10	1.1055058494690398e-10
NODE_0906	1.8260225799485628e-07	1.4296112719572801e-08	5.755959918701199e-08	1.7484634400140767e-07	0.9999988552611576	2.8275610621092093e-07	1.339053021874158e-07	1.6388875765261616e-07	1.3488436250404535e-07
NODE_0909	2.5026771603699916e-08	2.0132588618860016e-09	8.105447366159716e-09	2.4574895818325564e-08	0.999999873204679	6.254285994610139e-09	1.884355717079576e-08	2.2982284433747766e-08	1.899481971685939e-08
NODE_0913	1.0421069072317954e-10	8.347918072508637e-12	3.360926306602247e-11	1.0192958200604332e-10	0.999999999452352	4.7288583996497397e-11	7.814299160700574e-11	9.535736165818672e-11	7.876168070909715e-11
NODE_0939	1.734431335367273e-05	1.39525037023941e-06	5.617324548103778e-06	1.7031158665240512e-05	0.9999121274304261	4.333933545669379e-06	1.3059165029405353e-05	1.592742923985034e-05	1.3163994821604744e-05
JPN__SAMEA41263168	0.0	0.0	0.0	0.0	0.0	0.0	0.0	1.0	0.0
JPN__SAMEA41187418	0.0	0.0	0.0	0.0	0.0	0.0	0.0	1.0	0.0
JPN__SAMEA41296918	0.0	0.0	0.0	0.0	0.0	0.0	0.0	1.0	0.0
NODE_0967	1.7700133302390068e-07	1.4279685086576803e-08	2.9781499843186066e-07	1.737132162063257e-07	1.428643107701876e-07	4.5704667290579134e-07	1.33199930748282e-07	0.9999953465153035	3.2575645491800178e-06
DNK__SAMEA751162	0.0	0.0	0.0	0.0	0.0	1.0	0.0	0.0	0.0
USA__SAMEA751257	0.0	0.0	0.0	0.0	0.0	0.0	0.0	0.0	1.0
AUS__SAMEA751337	1.0	0.0	0.0	0.0	0.0	0.0	0.0	0.0	0.0
AUS__SAMEA751155	1.0	0.0	0.0	0.0	0.0	0.0	0.0	0.0	0.0
NODE_0017	0.0004852386160512064	1.963764086287283e-05	7.906437185002485e-05	0.0002397073559186294	0.00019679857049597702	0.9983862973888362	0.00018380299207067837	0.00022417463041530495	0.00018527843349909695
NODE_0019	3.7811082870210286e-06	2.8739365452361814e-07	1.161788222152981e-06	3.508077886989419e-06	2.8801184640845735e-06	0.9999790667762177	2.6899266559580774e-06	3.913288357540216e-06	2.711522253916882e-06
NODE_0761	0.0003327333643999574	1.0101316363955747e-05	0.00020334162243859617	0.00012330197174170702	0.00010123032824759609	0.9989241300202993	9.454558134308489e-05	0.00011531126709637626	9.530452806946756e-05
ISR__SAMN05908237	0.0	0.0	1.0	0.0	0.0	0.0	0.0	0.0	0.0
NODE_0772	0.0004281729695910932	7.919307365145371e-06	3.5766266747194255e-05	0.0010451185879930655	0.0002351283347095861	0.9970294087187568	7.625353292811256e-05	9.079823046762279e-05	0.0010514340514413676
USA__SAMN11822192	0.0	0.0	0.0	0.0	0.0	0.0	0.0	0.0	1.0
NODE_0780	0.00012367614464638368	7.615832438381614e-07	5.5064634920023024e-05	2.7121071429745877e-05	0.00012657055652065492	0.9996348870307047	8.755364509541711e-06	8.995948573158848e-06	1.4167665451952135e-05
NOR__SAMEA8914592	0.0	0.0	0.0	0.0	0.0	1.0	0.0	0.0	0.0
NODE_0784	0.9574850099794457	8.622651373647057e-05	0.0003473112380674202	0.006805295225835253	0.0009257853073358992	0.00857984704936588	0.01633326192087652	0.008623524211178603	0.0008137385541581159
NODE_0789	0.9379260686510101	0.00026066266094985495	0.0010495548676735685	0.026288832491329264	0.002657705255187875	0.006939238085782703	0.013849188524733914	0.008569283293528452	0.0024594661698042483
FRA__SAMEA115874222	0.0	0.0	0.0	0.0	0.0	0.0	1.0	0.0	0.0
FRA__SAMEA115874243	0.0	0.0	0.0	0.0	0.0	0.0	1.0	0.0	0.0
NODE_0799	3.770979408285159e-11	3.0335121682830888e-12	1.2213021395917405e-11	3.702866332053358e-11	0.9999999998089351	9.437338845714544e-12	2.8392857098609932e-11	3.462898895989642e-11	2.8620769104464677e-11
NODE_0851	3.6227748879427435e-09	2.9143143102311117e-10	1.1733126659264222e-09	3.5573650748896907e-09	0.9999999816457129	9.052437460090673e-10	2.727719148136974e-09	3.3268247669493883e-09	2.749615359824988e-09
NODE_0862	6.572593790961603e-10	5.2872738925742476e-11	2.1286741122065435e-10	6.453924168163976e-10	0.9999999966700847	1.64234967205961e-10	4.948744961612383e-10	6.035668089508931e-10	4.988470000002701e-10
CHN__SAMN41373952	0.0	0.0	0.0	0.0	1.0	0.0	0.0	0.0	0.0
NODE_0870	5.5679452385393944e-11	4.4790921237444655e-12	1.8032974350787874e-11	5.467415039523223e-11	0.9999999997179078	1.3912950713369156e-11	4.1923087395638775e-11	5.113091117633197e-11	4.225961646721872e-11
NODE_0892	2.2284829470828593e-05	1.7926865306401808e-06	7.217415791598577e-06	2.1882473114761386e-05	0.9998870969991287	5.568439029723877e-06	1.677905968831281e-05	2.0464347061804306e-05	1.6913750183683733e-05
NODE_0897	7.862732169363821e-10	6.325116388415354e-11	2.546512963948814e-10	7.720769190950774e-10	0.9999999960164555	1.964707487526903e-10	5.92013738105455e-10	7.220413319841485e-10	5.96766008156507e-10
NODE_0903	2.342206366922582e-06	1.8841704898205273e-07	7.58573326394016e-07	2.299917435782867e-06	0.9999881335359632	5.852606306145634e-07	1.7635324732632658e-06	2.1508678828265443e-06	1.7776888721818527e-06
CHN__SAMN09947473	0.0	0.0	0.0	0.0	1.0	0.0	0.0	0.0	0.0
NODE_0907	1.3604112117205681e-08	1.0943707231859315e-09	4.405973063837714e-09	1.335846538494095e-08	0.9999999310755577	3.400518254106597e-09	1.0243013623481597e-08	1.2492752126533044e-08	1.0325236858947363e-08
CHN__SAMN41373942	0.0	0.0	0.0	0.0	1.0	0.0	0.0	0.0	0.0
CHN__SAMN41373967	0.0	0.0	0.0	0.0	1.0	0.0	0.0	0.0	0.0
NODE_0914	9.630968264785968e-11	7.745996285103858e-12	3.118565134291055e-11	9.455305278736348e-11	0.9999999995111866	2.5008986158644012e-11	7.25008124555271e-11	8.842688878503475e-11	7.30824166740916e-11
CHN__SAMN07329769	0.0	0.0	0.0	0.0	1.0	0.0	0.0	0.0	0.0
CHN__SAMN07329787	0.0	0.0	0.0	0.0	1.0	0.0	0.0	0.0	0.0
CHN__SAMN39682878	0.0	0.0	0.0	0.0	1.0	0.0	0.0	0.0	0.0
NODE_0968	8.779358562828508e-07	7.066570067352679e-08	5.240007855179896e-07	8.619925657907544e-07	7.079374475135691e-07	6.307740335329058e-07	6.60959303746533e-07	0.9999918869112354	3.778823071467971e-06
NODE_0981	2.238501508788963e-05	1.8007476548304542e-06	7.260240098172214e-06	2.198084587967413e-05	1.8046177756679008e-05	5.611286011635846e-06	1.6854490032181474e-05	0.9998889366419165	1.712455556228488e-05
NODE_0018	0.0038000380954977177	8.606318011546638e-05	0.0003464942306490697	0.0010505323674112903	0.0008624819437471814	0.9912544161408655	0.0008055280225751509	0.0009824517838042807	0.0008119942353342869
ITA__SAMEA751497	0.0	0.0	0.0	0.0	0.0	1.0	0.0	0.0	0.0
NODE_0020	3.4418752033824023e-06	2.766578381254734e-07	1.1138960982133435e-06	3.3770308428516576e-06	2.772525877158932e-06	0.9999344928286494	2.5894423262105234e-06	4.932534231022246e-05	2.6104008544774182e-06
NOR__SAMEA10057882	0.0	0.0	0.0	0.0	0.0	1.0	0.0	0.0	0.0
AUS__SAMEA751477	1.0	0.0	0.0	0.0	0.0	0.0	0.0	0.0	0.0
ESP__SAMN16378550	0.0	0.0	0.0	0.0	0.0	1.0	0.0	0.0	0.0
NODE_0773	0.0002767027411842669	1.6332153323551506e-06	7.153173314824419e-06	0.00016107098636688872	3.954600745986414e-05	0.9986284304291618	1.5603552412679225e-05	1.870278731871483e-05	0.0008511571074486729
NODE_0776	2.7414462453163612e-05	2.1987523793903816e-06	8.853214209020721e-06	0.9996184980734905	2.207345359647473e-05	0.0002542945595107069	2.0580254816335603e-05	2.5099875010168185e-05	2.0987354534147043e-05
IRN__SAMN12675075	0.0	0.0	1.0	0.0	0.0	0.0	0.0	0.0	0.0
NOR__SAMEA10057952	0.0	0.0	0.0	0.0	0.0	1.0	0.0	0.0	0.0
NODE_0785	0.9578524516879219	8.558164419572456e-05	0.00034471303632827764	0.006728015571019227	0.000918578732905937	0.00847755828082771	0.016261454693246354	0.008523994507287998	0.0008076518462669116
NODE_0787	0.0007732499652471997	7.959379359574654e-06	3.204483999377942e-05	0.0001012122821131296	7.980837743452963e-05	3.0583686468759734e-05	0.0003365276581312608	0.9985635180213617	7.509578989019134e-05
AUS__SAMN45810582	1.0	0.0	0.0	0.0	0.0	0.0	0.0	0.0	0.0
BEL__SAMEA117989599	0.0	0.0	0.0	1.0	0.0	0.0	0.0	0.0	0.0
NODE_0800	5.1058851211032565e-11	4.107390707781743e-12	1.6536492051478254e-11	5.013696824745325e-11	0.999999999741317	1.2758731103124276e-11	3.8444063107241205e-11	4.688776841505028e-11	3.8752664873456355e-11
CHN__SAMN41373925	0.0	0.0	0.0	0.0	1.0	0.0	0.0	0.0	0.0
CHN__SAMN09947486	0.0	0.0	0.0	0.0	1.0	0.0	0.0	0.0	0.0
NODE_0852	7.449976435462645e-11	5.993078126887865e-12	2.41283325188242e-11	7.31546585233949e-11	0.9999999996225573	1.8615687187191503e-11	5.609358573832145e-11	6.84137626212789e-11	5.6543865610067856e-11
NODE_0863	1.843903065829091e-10	1.4833140862531354e-11	5.971872007352931e-11	1.810611062711377e-10	0.9999999990658119	4.607478853586509e-11	1.3883417526185443e-10	1.693271735217672e-10	1.3994863837175644e-10
CHN__SAMN41373963	0.0	0.0	0.0	0.0	1.0	0.0	0.0	0.0	0.0
NODE_0871	1.4272950254040065e-10	1.148176866479337e-11	4.6225983773735665e-11	1.4015249728477224e-10	0.9999999992768807	3.5664645320654925e-11	1.0746624045051722e-10	1.3106970729416376e-10	1.083289038791504e-10
NODE_0891	1.8271603536252477e-05	1.469845555493925e-06	5.917647252944147e-06	1.79417066515591e-05	0.9999074294522795	4.565631089976053e-06	1.3757355726562341e-05	1.677896780098897e-05	1.386779010680925e-05
NODE_0893	8.663024010527425e-07	6.968905227035431e-08	2.805704498588373e-07	8.506611650362834e-07	0.9999956109989143	2.1646798365123614e-07	6.522706271735389e-07	7.955328093860709e-07	6.575065972172655e-07
CHN__SAMN41373947	0.0	0.0	0.0	0.0	1.0	0.0	0.0	0.0	0.0
NODE_0898	1.4995724750564797e-08	1.2063199231044606e-09	4.856684263493244e-09	1.4724974408090061e-08	0.9999999240262382	3.7470684453190195e-09	1.129082728468972e-08	1.3770700651001163e-08	1.1381462108551252e-08
CHN__SAMN41373945	0.0	0.0	0.0	0.0	1.0	0.0	0.0	0.0	0.0
CHN__SAMN41373936	0.0	0.0	0.0	0.0	1.0	0.0	0.0	0.0	0.0
CHN__SAMN41373951	0.0	0.0	0.0	0.0	1.0	0.0	0.0	0.0	0.0
NODE_0908	9.257946833822104e-11	7.44747484775786e-12	2.9983782335893744e-11	9.090779864805598e-11	0.9999999995309523	2.3140373814209366e-11	6.970634744587145e-11	8.501639526690002e-11	7.026589816696189e-11
CHN__SAMN50151976	0.0	0.0	0.0	0.0	1.0	0.0	0.0	0.0	0.0
NODE_0915	2.5264420848715847e-11	2.0323586618894903e-12	8.182343932235733e-12	2.480805334820381e-11	0.9999999998719907	6.3243535374926235e-12	1.902233051446948e-11	2.3200348678432376e-11	1.9175023808926583e-11
CHN__SAMN50151938	0.0	0.0	0.0	0.0	1.0	0.0	0.0	0.0	0.0
NODE_0969	4.874474041486896e-05	3.9212345333574645e-06	1.5787892808435814e-05	4.786464556740023e-05	3.9296641140544055e-05	1.2181627197294549e-05	3.670169001106578e-05	0.9997584937910705	3.700773725664391e-05
JPN__SAMEA41292418	0.0	0.0	0.0	0.0	0.0	0.0	0.0	1.0	0.0
NODE_0982	3.161856638765532e-05	2.5435326190619894e-06	1.0243662699913388e-05	3.1047686562985604e-05	2.5490002437471735e-05	7.906408988869014e-06	2.3806769156534222e-05	0.999843302409199	2.4040961948442675e-05
JPN__SAMEA41205418	0.0	0.0	0.0	0.0	0.0	0.0	0.0	1.0	0.0
AUS__SAMEA751476	1.0	0.0	0.0	0.0	0.0	0.0	0.0	0.0	0.0
ITA__SAMEA8914539	0.0	0.0	0.0	0.0	0.0	1.0	0.0	0.0	0.0
NODE_0021	2.8793997043976465e-06	2.3162144145903248e-07	9.325183972100691e-07	2.827292936604762e-06	2.3211936949036055e-06	0.999910327770736	2.1679138779288066e-06	7.612369130966671e-05	2.188597901827806e-06
NODE_0757	0.00034522036163014383	2.7770872962651585e-05	0.00011180649570172322	0.0003389858575899993	0.000278305733544354	0.9938162017782045	0.00025992783851117095	0.004559766610188129	0.00026201445166730813
NODE_0774	0.0002977441521945458	1.86718103247632e-06	8.092906932834405e-06	0.00016338460130745086	4.180163282969954e-05	0.9985595057646546	1.779218949122762e-05	2.1373387920500552e-05	0.0008884381836366934
NOR__SAMEA8914588	0.0	0.0	0.0	0.0	0.0	1.0	0.0	0.0	0.0
NODE_0777	2.298691694204708e-05	1.843651833879027e-06	7.423410921077742e-06	0.9996803666766384	1.850853051041882e-05	0.00021297044002199092	1.725652405865874e-05	2.1046221849991826e-05	1.7597627223529833e-05
BEL__SAMEA117989584	0.0	0.0	0.0	1.0	0.0	0.0	0.0	0.0	0.0
NODE_0786	0.9491466549352844	0.0002855352575562908	0.001149605732559574	0.004606341853892075	0.0028735068164676717	0.0025065553061644342	0.03198972913815036	0.004748045572040185	0.0026940253878850033
AUS__SAMN45811371	1.0	0.0	0.0	0.0	0.0	0.0	0.0	0.0	0.0
NODE_0788	0.0003870538794543655	3.986326916336615e-06	1.604914179081071e-05	5.0689242163965186e-05	3.997072610075406e-05	1.5315470212051206e-05	0.00029241970530334647	0.9991569049916279	3.761051643021056e-05
FRA__SAMEA117615786	0.0	0.0	0.0	0.0	0.0	0.0	1.0	0.0	0.0
NODE_0801	2.5354953464300544e-11	2.0396603642327467e-12	8.211740686841981e-12	2.4897165417498406e-11	0.9999999998715426	6.3355931099846175e-12	1.909066778474718e-11	2.328366862280932e-11	1.9243914243032288e-11
CHN__SAMN50151948	0.0	0.0	0.0	0.0	1.0	0.0	0.0	0.0	0.0
NODE_0853	9.655601991787834e-11	7.767377200897004e-12	3.1271719796454403e-11	9.48126846862848e-11	0.9999999995108122	2.4127010324305285e-11	7.270054381954757e-11	8.866820834679869e-11	7.328413267627918e-11
NODE_0859	9.483127767008298e-06	7.628631593752841e-07	3.0713125352360198e-06	9.311908295149784e-06	0.9999519550470896	2.369603898057656e-06	7.140192256926127e-06	8.708436297864843e-06	7.197508700755151e-06
NODE_0864	3.6615131748774547e-10	2.945477035205504e-11	1.1858588829877751e-10	3.595403933473057e-10	0.9999999981449451	9.149236142051091e-11	2.7568866135170265e-10	3.362398461181807e-10	2.779016961068212e-10
CHN__SAMN50151953	0.0	0.0	0.0	0.0	1.0	0.0	0.0	0.0	0.0
NODE_0872	5.653429971476408e-09	4.547859688602099e-10	1.8309834861519139e-09	5.551356339471683e-09	0.9999999713576804	1.4126551944647235e-09	4.256673314875495e-09	5.191592476723639e-09	4.290842895773443e-09
NODE_0890	3.666016560995625e-11	2.949099753535767e-12	1.1873174014738394e-11	3.599826013444202e-11	0.9999999998142663	9.160487285113903e-12	2.7602773795424378e-11	3.366533961444186e-11	2.7824349458493793e-11
CHN__SAMN41373944	0.0	0.0	0.0	0.0	1.0	0.0	0.0	0.0	0.0
CHN__SAMN41373970	0.0	0.0	0.0	0.0	1.0	0.0	0.0	0.0	0.0
NODE_0894	2.687900132811915e-07	2.1622612684137937e-08	8.705336018025804e-08	2.639369642402454e-07	0.9999986382126396	6.716411282002692e-08	2.0238178992445443e-07	2.468321386858156e-07	2.040063686580271e-07
NODE_0895	1.2045406665862997e-11	9.689837794919073e-13	3.90116102975924e-12	1.1827924816169308e-11	0.9999999999389737	3.009855323094814e-12	9.06942535418923e-12	1.1061398644915275e-11	9.142228325057549e-12
NODE_0899	2.528076255363519e-06	2.0336921390194207e-07	8.18771241292648e-07	2.482431412027309e-06	0.9999871918519263	6.31705013001199e-07	1.9034806813700983e-06	2.3215537707473674e-06	1.91876048611871e-06
CHN__SAMN41373954	0.0	0.0	0.0	0.0	1.0	0.0	0.0	0.0	0.0
CHN__SAMN50151974	0.0	0.0	0.0	0.0	1.0	0.0	0.0	0.0	0.0
CHN__SAMN50151975	0.0	0.0	0.0	0.0	1.0	0.0	0.0	0.0	0.0
NODE_0916	1.2080238310790282e-11	9.71785671796126e-13	3.912441542528683e-12	1.1862126283134314e-11	0.9999999999387973	3.0186273355964996e-12	9.095650334341089e-12	1.1093383743007586e-11	9.168663793257938e-12
NODE_0929	1.5675041369393662e-08	1.2609670433820595e-09	5.076695393221392e-09	1.5392025852705482e-08	0.9999999205845747	3.916813107748567e-09	1.1802309508259643e-08	1.4394522839449058e-08	1.189705015187802e-08
NODE_0970	5.238114604248371e-05	4.213762338816794e-06	1.696479552844769e-05	5.143539559442032e-05	4.2228208628108614e-05	1.3088861465882174e-05	3.943967248329303e-05	0.999740491265337	3.975689258156005e-05
NODE_0971	1.37668733404503e-05	1.1074658930764096e-06	4.4587382335389945e-06	1.3518310102747553e-05	1.109846661738879e-05	3.4400830251374498e-06	1.0365580293847969e-05	0.9999317945480807	1.0449934413087888e-05
NODE_0983	0.0012605530017464662	0.00010140424868506254	0.00040825746182295014	0.001237793504395094	0.001016222422470837	0.0003149826420733296	0.0009491162622765753	0.9937549279105026	0.000956742546027225
JPN__SAMEA41283418	0.0	0.0	0.0	0.0	0.0	0.0	0.0	1.0	0.0
NODE_0022	6.295251368597923e-07	5.06416715342691e-08	2.0388540140380207e-07	6.181588417129144e-07	5.075053838571801e-07	0.9999723891063812	4.7399438955840124e-07	2.393872089305959e-05	1.1884619008436291e-06
NODE_0753	7.830635394231735e-05	6.299289469209685e-06	2.536115155587517e-05	7.689243495510758e-05	6.312831356679735e-05	0.9976142381204889	5.895964085385674e-05	0.002017379430599763	5.94352645681372e-05
NODE_0758	0.0011118985761409364	8.944585219689985e-05	0.00036011198609620245	0.001091823039037734	0.0008963813827260406	0.014068453937592996	0.0008371889157597617	0.9807007870293031	0.0008439092811464463
ESP__SAMN16378544	0.0	0.0	0.0	0.0	0.0	1.0	0.0	0.0	0.0
NODE_0775	0.0030520355160784467	2.4176027537761405e-05	9.773533281310357e-05	0.0003932607393462756	0.00025840015692149185	0.9948358039453898	0.00022650159433887203	0.00027602149976871046	0.0008360651878054665
USA__SAMN11821785	0.0	0.0	0.0	0.0	0.0	0.0	0.0	0.0	1.0
BEL__SAMEA117989541	0.0	0.0	0.0	1.0	0.0	0.0	0.0	0.0	0.0
NODE_0778	2.462686707448659e-05	1.9755856864019736e-06	7.954579654719342e-06	0.9996726952679931	1.9830650761973248e-05	0.00021303128963161093	1.8491388387396e-05	2.2552307745555215e-05	1.884206306493698e-05
AUS__SAMN45810556	1.0	0.0	0.0	0.0	0.0	0.0	0.0	0.0	0.0
FRA__SAMEA115874216	0.0	0.0	0.0	0.0	0.0	0.0	1.0	0.0	0.0
FRA__SAMEA115874226	0.0	0.0	0.0	0.0	0.0	0.0	1.0	0.0	0.0
JPN__SAMD01593372	0.0	0.0	0.0	0.0	0.0	0.0	0.0	1.0	0.0
NODE_0802	6.478615065253914e-11	5.21167369908203e-12	2.098237221818389e-11	6.361642576893075e-11	0.9999999996717699	1.6188489729276447e-11	4.8779852237626595e-11	5.949373806558186e-11	4.9171422598725415e-11
NODE_0849	3.716385503635196e-09	2.9896186747824925e-10	1.2036304543732899e-09	3.649285536325999e-09	0.9999999811714477	9.286347070780644e-10	2.798201990816349e-09	3.412788186753033e-09	2.8206639892412953e-09
NODE_0854	6.18334058843293e-11	4.974142342776587e-12	2.002606305163379e-11	6.071699330832662e-11	0.9999999996867296	1.5450670203345094e-11	4.655662316925434e-11	5.6782138705003273e-11	4.693034701039598e-11
CHN__SAMN50151982	0.0	0.0	0.0	0.0	1.0	0.0	0.0	0.0	0.0
NODE_0860	7.521200169295991e-09	6.050373531193235e-10	2.4359005728408043e-09	7.38540363123719e-09	0.9999999618948814	1.8793657195296753e-09	5.662985518177899e-09	6.906781619633017e-09	5.7084439847958486e-09
CHN__SAMN41373922	0.0	0.0	0.0	0.0	1.0	0.0	0.0	0.0	0.0
NODE_0865	1.1837211490661286e-08	9.52235673460312e-10	3.8337325960172285e-09	1.162348863970589e-08	0.9999999400284081	2.9578324071371834e-09	8.912667624404204e-09	1.087021125742553e-08	8.984212254413732e-09
CHN__SAMN41373937	0.0	0.0	0.0	0.0	1.0	0.0	0.0	0.0	0.0
NODE_0873	5.7498529382329774e-09	4.6254264269893515e-10	1.8622121138551092e-09	5.6460383732986516e-09	0.9999999708691667	1.436748957774873e-09	4.329273678128115e-09	5.280138501233045e-09	4.364026043703752e-09
NODE_0888	7.272416815303807e-06	5.850241612601221e-07	2.355326794605682e-06	7.1411121026768956e-06	0.9999631553078246	1.8172007862001194e-06	5.4756674706443565e-06	6.678321765095637e-06	5.5196222796627225e-06
CHN__SAMN41373972	0.0	0.0	0.0	0.0	1.0	0.0	0.0	0.0	0.0
CHN__SAMN41373974	0.0	0.0	0.0	0.0	1.0	0.0	0.0	0.0	0.0
CHN__SAMN41373915	0.0	0.0	0.0	0.0	1.0	0.0	0.0	0.0	0.0
CHN__SAMN41373965	0.0	0.0	0.0	0.0	1.0	0.0	0.0	0.0	0.0
CHN__SAMN41373938	0.0	0.0	0.0	0.0	1.0	0.0	0.0	0.0	0.0
CHN__SAMN41373961	0.0	0.0	0.0	0.0	1.0	0.0	0.0	0.0	0.0
NODE_0900	3.680743109692704e-11	2.96094641609454e-12	1.1920869073505247e-11	3.6142866718198433e-11	0.9999999998135203	9.197285362768584e-12	2.7713655343750607e-11	3.3800574754542035e-11	2.7936121085939412e-11
NODE_0902	5.512040341878194e-09	4.434119852774879e-10	1.7851914487152261e-09	5.412519523495595e-09	0.9999999720740113	1.3773253510098595e-09	4.150215913558145e-09	5.061753186064101e-09	4.183530929278786e-09
NODE_0917	2.7571779486917965e-11	2.2179912905342135e-12	8.929706946721018e-12	2.7073966338649628e-11	0.9999999998603114	6.889520698660377e-12	2.0759796883972258e-11	2.531939788616964e-11	2.0926441938682423e-11
NODE_0924	5.222283161912941e-08	4.2010268446545944e-09	1.6913474258498464e-08	5.127993958303273e-08	0.9999997354202593	1.3049220511778393e-08	3.932047180244705e-08	4.7956667211789485e-08	3.9636108907485715e-08
NODE_0930	7.043338217545484e-10	5.6659610385851104e-11	2.281134820590361e-10	6.916169557644739e-10	0.9999999964315902	1.7599595944841318e-10	5.303185851690822e-10	6.467956954575915e-10	5.345756099527969e-10
CHN__SAMN50151935	0.0	0.0	0.0	0.0	1.0	0.0	0.0	0.0	0.0
JPN__SAMEA41211418	0.0	0.0	0.0	0.0	0.0	0.0	0.0	1.0	0.0
JPN__SAMEA41247418	0.0	0.0	0.0	0.0	0.0	0.0	0.0	1.0	0.0
NODE_0972	4.8368346096994236e-06	3.8909556254690303e-07	1.5665126326484567e-06	4.749504744383063e-06	3.899320200101984e-06	1.2086093660984172e-06	3.641828927561569e-06	0.9999760275039901	3.680789966919145e-06
JPN__SAMEA41197168	0.0	0.0	0.0	0.0	0.0	0.0	0.0	1.0	0.0
JPN__SAMEA41286418	0.0	0.0	0.0	0.0	0.0	0.0	0.0	1.0	0.0
JPN__SAMEA41218168	0.0	0.0	0.0	0.0	0.0	0.0	0.0	1.0	0.0
NODE_0023	1.3173473594919338e-08	1.0597300583840477e-09	4.2668486450185165e-09	1.2935629094652803e-08	1.062008211362783e-08	0.9999897598126704	9.920870642149566e-09	9.46585145999341e-06	7.223592355421136e-07
JPN__SAMEA41194168	0.0	0.0	0.0	0.0	0.0	0.0	0.0	1.0	0.0
NODE_0754	4.612043629416424e-05	3.710124184031631e-06	1.493708376836731e-05	4.528772393939143e-05	3.718100017478073e-05	0.0011428181970388966	3.4725756048773246e-05	0.9986402151658954	3.500451265625899e-05
NOR__SAMEA10057869	0.0	0.0	0.0	0.0	0.0	1.0	0.0	0.0	0.0
JPN__SAMEA41241418	0.0	0.0	0.0	0.0	0.0	0.0	0.0	1.0	0.0
JPN__SAMEA41249668	0.0	0.0	0.0	0.0	0.0	0.0	0.0	1.0	0.0
AUS__SAMN08443715	1.0	0.0	0.0	0.0	0.0	0.0	0.0	0.0	0.0
SWE__SAMEA8914621	0.0	0.0	0.0	0.0	0.0	1.0	0.0	0.0	0.0
BEL__SAMEA117989546	0.0	0.0	0.0	1.0	0.0	0.0	0.0	0.0	0.0
BEL__SAMEA117989550	0.0	0.0	0.0	1.0	0.0	0.0	0.0	0.0	0.0
NODE_0803	4.0757199653584976e-11	3.2786826096711354e-12	1.3200085591221484e-11	4.002132153709561e-11	0.9999999997935071	1.018423684379337e-11	3.0687579934603306e-11	3.742989014011103e-11	3.093391825271456e-11
CHN__SAMN50151941	0.0	0.0	0.0	0.0	1.0	0.0	0.0	0.0	0.0
NODE_0850	2.156913096893884e-10	1.7351126970141806e-11	6.985621616268452e-11	2.1179696670078315e-10	0.9999999989072298	5.389603312055783e-11	1.6240184221584918e-10	1.9807115084621903e-10	1.6370549003542578e-10
CHN__SAMN50151979	0.0	0.0	0.0	0.0	1.0	0.0	0.0	0.0	0.0
NODE_0855	1.0963860896934123e-08	8.819796345973858e-10	3.5508794392170227e-09	1.076590653858053e-08	0.9999999444531178	2.739603236131234e-09	8.255090156504444e-09	1.0068206033432277e-08	8.32135621688956e-09
NODE_0857	2.858717550993099e-06	2.299674069877226e-07	9.25856454197517e-07	2.8071029232774883e-06	0.9999855167036134	7.143242629131018e-07	2.152432554304726e-06	2.6251844642461633e-06	2.1697107696741926e-06
CHN__SAMN41373917	0.0	0.0	0.0	0.0	1.0	0.0	0.0	0.0	0.0
CHN__SAMN41373931	0.0	0.0	0.0	0.0	1.0	0.0	0.0	0.0	0.0
CHN__SAMN33268690	0.0	0.0	0.0	0.0	1.0	0.0	0.0	0.0	0.0
NODE_0866	6.1750232125133165e-06	4.967451491587083e-07	1.9999125461481246e-06	6.063532126540724e-06	0.9999687151004655	1.5429887094718049e-06	4.649399861691023e-06	5.670575953968572e-06	4.686721975217137e-06
NODE_0874	1.5928688922680107e-05	1.2813715321369457e-06	5.158844545815527e-06	1.5641093756639203e-05	0.9999192995045499	3.980193485681309e-06	1.1993289988603182e-05	1.4627449529283949e-05	1.2089563689257412e-05
NODE_0876	1.9608289110731234e-09	1.5773742322650835e-10	6.350561293694325e-10	1.9254258142460486e-09	0.9999999900657319	4.899636433527508e-10	1.4763794975650775e-09	1.8006457450144539e-09	1.4882308342654963e-09
CHN__SAMN41373914	0.0	0.0	0.0	0.0	1.0	0.0	0.0	0.0	0.0
NODE_0889	1.0573256460806862e-10	8.505577512767117e-12	3.4243738884672136e-11	1.0382354531451681e-10	0.9999999994643206	2.642000650023416e-11	7.960989851322492e-11	9.70951068172445e-11	8.024895081212398e-11
NODE_0901	8.056191120976194e-14	6.480743022845358e-15	2.6091687662579242e-14	7.910735231019302e-14	0.9999999999995919	2.0130469980775964e-14	6.065799689257805e-14	7.39806832767983e-14	6.114491664859775e-14
CHN__SAMN41373950	0.0	0.0	0.0	0.0	1.0	0.0	0.0	0.0	0.0
CHN__SAMN41373939	0.0	0.0	0.0	0.0	1.0	0.0	0.0	0.0	0.0
CHN__SAMN41373943	0.0	0.0	0.0	0.0	1.0	0.0	0.0	0.0	0.0
NODE_0918	2.470983437664203e-09	1.9877642464866014e-10	8.002805185044994e-10	2.4263694147747523e-09	0.9999999874811047	6.174389014586686e-10	1.8604934196825802e-09	2.2691249541908486e-09	1.8754281529145298e-09
NODE_0923	1.660850119351604e-06	1.3360585245990954e-07	5.379016202290462e-07	1.6308631902224982e-06	0.999991585532987	4.15006210355735e-07	1.2505145405048487e-06	1.5251726877489414e-06	1.2605527921147735e-06
NODE_0925	4.188114514238397e-08	3.369097568496885e-09	1.3564099232464424e-08	4.112497400050952e-08	0.999999787814981	1.0465083590913232e-08	3.153383942555279e-08	3.84598092016567e-08	3.178697091993179e-08
NODE_0928	2.3938450160891392e-05	1.9257108170384314e-06	7.752976007457403e-06	2.3506237404260755e-05	0.9998787191590174	5.981638780830379e-06	1.8024130928221327e-05	2.1982880903596775e-05	1.8168815980211662e-05
NODE_0931	1.747570775762065e-10	1.4058203115932107e-11	5.6598794845742086e-11	1.7160180905492116e-10	0.9999999991146173	4.366756015889594e-11	1.3158096809508313e-10	1.6048089987436184e-10	1.3263720760452643e-10
CHN__SAMN41373956	0.0	0.0	0.0	0.0	1.0	0.0	0.0	0.0	0.0
NODE_0973	2.8371441827503115e-05	2.282319534316809e-06	9.18869491469147e-06	2.7859190658262793e-05	2.287225947002392e-05	7.089336543989494e-06	2.136189179676145e-05	0.9998592744842533	2.170038100115696e-05
JPN__SAMEA41186668	0.0	0.0	0.0	0.0	0.0	0.0	0.0	1.0	0.0
NODE_0024	9.352882554534244e-10	7.523853194803196e-11	3.0327032895127276e-10	9.184089642560886e-10	7.540027586061115e-10	0.999990050073382	7.064041240867365e-10	9.19655271066379e-06	7.496812943364388e-07
ITA__SAMN03784877	0.0	0.0	0.0	0.0	0.0	1.0	0.0	0.0	0.0
NODE_0755	4.564043658037003e-05	3.6715109642124124e-06	1.4781625656876854e-05	4.481639070286252e-05	3.679403788952183e-05	0.001125643715963251	3.436434678450361e-05	0.9986596477332459	3.4640202212533746e-05
NODE_0756	1.9071135388538115e-08	1.5341633000965587e-09	6.176592639052202e-09	1.8726802814783173e-08	1.5374613651623296e-08	8.226498227350243e-08	1.4359352370850509e-08	0.9999998280177382	1.4474619338515832e-08
NODE_0804	1.535708147637767e-11	1.235388996298291e-12	4.973717322161351e-12	1.5079806779222854e-11	0.9999999999220854	3.837362632191011e-12	1.1562905925204582e-11	1.4212526583951979e-11	1.1655724805161173e-11
NODE_0848	2.8328007982266436e-05	2.2788255308910183e-06	9.174627628332448e-06	2.781654101854993e-05	0.9998564800725043	7.078482942359726e-06	2.132918887297992e-05	2.6013848913698346e-05	2.1500404606669943e-05
CHN__SAMN39682971	0.0	0.0	0.0	0.0	1.0	0.0	0.0	0.0	0.0
CHN__SAMN50151980	0.0	0.0	0.0	0.0	1.0	0.0	0.0	0.0	0.0
NODE_0856	5.8615635193839936e-08	4.7152911730586726e-09	1.898391960487699e-08	5.755732001058824e-08	0.9999997030320058	1.4646627257904212e-08	4.413384643006848e-08	5.3827232711162196e-08	4.448812192277864e-08
CHN__SAMN50151978	0.0	0.0	0.0	0.0	1.0	0.0	0.0	0.0	0.0
NODE_0858	5.438121153797436e-07	4.3746561117569374e-08	1.7612511481598825e-07	5.339934958827551e-07	0.9999972448512644	1.358854736617482e-07	4.0945594648273226e-07	4.993872571523562e-07	4.127427709704444e-07
CHN__SAMN41373957	0.0	0.0	0.0	0.0	1.0	0.0	0.0	0.0	0.0
NODE_0867	2.0210007752837252e-09	1.625779040852495e-10	6.545440668262577e-10	1.9845112652959284e-09	0.9999999897608796	5.049991345419554e-10	1.5216850854973687e-09	1.8559020759715034e-09	1.5339001036075345e-09
CHN__SAMN41373919	0.0	0.0	0.0	0.0	1.0	0.0	0.0	0.0	0.0
CHN__SAMN07326325	0.0	0.0	0.0	0.0	1.0	0.0	0.0	0.0	0.0
NODE_0875	5.0802267216716084e-11	4.086750597962026e-12	1.6453394276088474e-11	4.988502371058886e-11	0.9999999997426173	1.2694255881029066e-11	3.8250877129067924e-11	4.665215092672393e-11	3.855792828000207e-11
NODE_0877	1.1057915397164645e-08	8.89545778907804e-10	3.5813409886815717e-09	1.0858262868940154e-08	0.9999999439766037	2.763105177246713e-09	8.325907215050367e-09	1.0154577075129526e-08	8.392741744996594e-09
CHN__SAMN50151952	0.0	0.0	0.0	0.0	1.0	0.0	0.0	0.0	0.0
CHN__SAMN41373930	0.0	0.0	0.0	0.0	1.0	0.0	0.0	0.0	0.0
CHN__SAMN41373969	0.0	0.0	0.0	0.0	1.0	0.0	0.0	0.0	0.0
CHN__SAMN41373934	0.0	0.0	0.0	0.0	1.0	0.0	0.0	0.0	0.0
CHN__SAMN41373955	0.0	0.0	0.0	0.0	1.0	0.0	0.0	0.0	0.0
NODE_0919	4.649781078090847e-08	3.74048180176956e-09	1.5059304548151006e-08	4.565828496198277e-08	0.9999997644252842	1.1618676494650084e-08	3.5009895116759134e-08	4.269933223765689e-08	3.529092994253322e-08
CHN__SAMN50151972	0.0	0.0	0.0	0.0	1.0	0.0	0.0	0.0	0.0
CHN__SAMN09947493	0.0	0.0	0.0	0.0	1.0	0.0	0.0	0.0	0.0
CHN__SAMN41373966	0.0	0.0	0.0	0.0	1.0	0.0	0.0	0.0	0.0
CHN__SAMN07329782	0.0	0.0	0.0	0.0	1.0	0.0	0.0	0.0	0.0
NODE_0926	1.0152786959122391e-07	8.167333949718205e-09	3.2881959013160516e-08	9.969476677563026e-08	0.9999994856231156	2.5369355075268967e-08	7.644403050641954e-08	9.32338998815391e-08	7.705766944258928e-08
CHN__SAMN41373960	0.0	0.0	0.0	0.0	1.0	0.0	0.0	0.0	0.0
CHN__SAMN41373962	0.0	0.0	0.0	0.0	1.0	0.0	0.0	0.0	0.0
NODE_0932	9.283931920586963e-10	7.468389976778962e-11	3.006798725540269e-10	9.116308963344391e-10	0.9999999952964245	2.319829681608741e-10	6.99021044974443e-10	8.525513070214565e-10	7.046322945063782e-10
CHN__SAMN41373929	0.0	0.0	0.0	0.0	1.0	0.0	0.0	0.0	0.0
NODE_0974	1.7204294294255127e-05	1.3839866574197948e-06	5.571976469909425e-06	1.6893667858003732e-05	1.3869618804910103e-05	4.298936375817016e-06	1.2953739728475251e-05	0.9999091175365769	1.8706243234263e-05
JPN__SAMEA41224918	0.0	0.0	0.0	0.0	0.0	0.0	0.0	1.0	0.0
NODE_0025	3.4310610120613826e-09	2.760090341067358e-10	1.1129308669570355e-09	3.3691491466087272e-09	2.766023840815981e-09	0.9999857814821757	2.5938499433176794e-09	1.0621222844321355e-05	3.583745956184155e-06
NOR__SAMEA10057903	0.0	0.0	0.0	0.0	0.0	1.0	0.0	0.0	0.0
JPN__SAMEA41188918	0.0	0.0	0.0	0.0	0.0	0.0	0.0	1.0	0.0
JPN__SAMD00570793	0.0	0.0	0.0	0.0	0.0	0.0	0.0	1.0	0.0
JPN__SAMEA41200168	0.0	0.0	0.0	0.0	0.0	0.0	0.0	1.0	0.0
JPN__SAMEA41275918	0.0	0.0	0.0	0.0	0.0	0.0	0.0	1.0	0.0
NODE_0805	1.248292580014898e-11	1.0041796808093733e-12	4.042860902897412e-12	1.2257544468666058e-11	0.9999999999224275	3.1191807557529233e-12	9.39884944417714e-12	2.5792841259081722e-11	9.474296800052236e-12
NODE_0845	1.1644275900353781e-05	9.367151134338946e-07	3.771246303453044e-06	1.1434036534311447e-05	0.9999410058894841	2.909622462277674e-06	8.767399392262573e-06	1.0693036898800285e-05	8.837777911035132e-06
CHN__SAMN41373916	0.0	0.0	0.0	0.0	1.0	0.0	0.0	0.0	0.0
CHN__SAMN41373964	0.0	0.0	0.0	0.0	1.0	0.0	0.0	0.0	0.0
CHN__SAMN07329783	0.0	0.0	0.0	0.0	1.0	0.0	0.0	0.0	0.0
CHN__SAMN50151971	0.0	0.0	0.0	0.0	1.0	0.0	0.0	0.0	0.0
CHN__SAMN07329789	0.0	0.0	0.0	0.0	1.0	0.0	0.0	0.0	0.0
CHN__SAMN07329790	0.0	0.0	0.0	0.0	1.0	0.0	0.0	0.0	0.0
CHN__SAMN41373918	0.0	0.0	0.0	0.0	1.0	0.0	0.0	0.0	0.0
CHN__SAMN41373933	0.0	0.0	0.0	0.0	1.0	0.0	0.0	0.0	0.0
CHN__SAMN50151981	0.0	0.0	0.0	0.0	1.0	0.0	0.0	0.0	0.0
CHN__SAMN50151983	0.0	0.0	0.0	0.0	1.0	0.0	0.0	0.0	0.0
NODE_0878	9.105376750889087e-06	7.32475259866382e-07	2.9489698378148828e-06	8.940977637362025e-06	0.9999538688702739	2.275213070233339e-06	6.855769759770288e-06	8.361544350276365e-06	6.910803059743328e-06
NODE_0880	5.605545120261018e-09	4.509339076227681e-10	1.8154749590725092e-09	5.5043360573282756e-09	0.9999999716002823	1.4006899299532276e-09	4.2206190665049345e-09	5.147619413547154e-09	4.25449922924348e-09
NODE_0920	1.1775438060068856e-05	9.472663558097385e-07	3.8137259573372094e-06	1.1562830539102838e-05	0.9999403413745976	2.942396708557508e-06	8.86615615903926e-06	1.0813484194773588e-05	8.937327427708706e-06
NODE_0922	1.9072189190383635e-05	1.5342480729403075e-06	6.176933937197993e-06	1.872783759662742e-05	0.9999033733959867	4.765678050574542e-06	1.4360145821674265e-05	1.751415236680708e-05	1.44754189770387e-05
NODE_0927	3.9516908726655966e-08	3.1789083286254036e-09	1.2798391006414237e-08	3.8803424272170575e-08	0.9999997997930572	9.87431818472825e-09	2.9753719726243828e-08	3.62887109390057e-08	2.9992561671114486e-08
CHN__SAMN50151942	0.0	0.0	0.0	0.0	1.0	0.0	0.0	0.0	0.0
NODE_0933	3.620963790147728e-08	2.9128573871435236e-09	1.1727261038290209e-08	3.555586677975434e-08	0.9999998165488866	9.047911324901517e-09	2.7263555076174122e-08	3.325161621578006e-08	2.7482407729838625e-08
NODE_0938	1.2938321601690614e-06	1.0408136573270056e-07	4.1903505147778515e-07	1.2704718022174998e-06	0.9999934449786256	3.2329731344916006e-07	9.741733527983006e-07	1.1881369969684257e-06	9.819933316232732e-07
NODE_0975	1.0281489302703096e-06	8.270867592685563e-08	3.329878892281432e-07	1.0095855278615e-06	8.288647876875639e-07	2.5690951067654767e-07	7.741307732268003e-07	0.9999721738359378	2.351282796738851e-05
JPN__SAMEA41307418	0.0	0.0	0.0	0.0	0.0	0.0	0.0	1.0	0.0
NODE_0026	4.432397697170783e-09	3.5656073755889023e-10	1.4385911947430807e-09	4.352435650265245e-09	3.5732725342853687e-09	0.9999828515276272	3.356109138527604e-09	1.0704471400392157e-05	6.42649160546489e-06
NODE_0752	0.00065715954546183	5.2864710819222094e-05	0.00021283508978351944	0.000645294418990556	0.0005297835664555189	0.005895740000709543	0.0004947993545932697	0.9910127315315627	0.0004987917816237472
NODE_0806	8.883881054552035e-11	7.146572033298501e-12	2.8772337476371767e-11	8.723481083193803e-11	0.9999999979981502	2.2198666615021152e-11	6.688997583460418e-11	1.63334161949629e-09	6.742692153644181e-11
NODE_0842	3.2495809986486363e-07	2.6141012629813495e-08	1.0524458913372782e-07	3.1909092654378113e-07	0.999988485146872	8.119915697266842e-08	2.4467278786991547e-07	1.016690970593966e-05	2.466368490041004e-07
NODE_0846	7.299190667272663e-06	5.871779638665433e-07	2.363998075768273e-06	7.167402548231081e-06	0.9999630196618104	1.8238909232045094e-06	5.495826478854834e-06	6.7029084220781355e-06	5.539943110219176e-06
CHN__SAMN45156022	0.0	0.0	0.0	0.0	1.0	0.0	0.0	0.0	0.0
CHN__SAMN50151949	0.0	0.0	0.0	0.0	1.0	0.0	0.0	0.0	0.0
NODE_0879	2.1442673995745497e-09	1.724939959868237e-10	6.944665837070014e-10	2.1055522898872227e-09	0.9999999891363662	5.358004777903229e-10	1.614497016109628e-09	1.969098857841725e-09	1.6274570631512548e-09
NODE_0881	2.170807064830486e-10	1.7462895961731932e-11	7.030620185238877e-11	2.1316127770091012e-10	0.9999999989001905	5.424320972083802e-11	1.6344796966152213e-10	1.9934704565300857e-10	1.6476001505679704e-10
CHN__SAMN41373971	0.0	0.0	0.0	0.0	1.0	0.0	0.0	0.0	0.0
NODE_0921	5.561351034463749e-05	4.473787472637252e-06	1.801161764836672e-05	5.460939903206674e-05	0.999718241855289	1.389646898524233e-05	4.187343729826541e-05	5.107035611413156e-05	4.220956781555048e-05
CHN__SAMN07329779	0.0	0.0	0.0	0.0	1.0	0.0	0.0	0.0	0.0
CHN__SAMN42391092	0.0	0.0	0.0	0.0	1.0	0.0	0.0	0.0	0.0
CHN__SAMN42391110	0.0	0.0	0.0	0.0	1.0	0.0	0.0	0.0	0.0
CHN__SAMN39682877	0.0	0.0	0.0	0.0	1.0	0.0	0.0	0.0	0.0
CHN__SAMN50151936	0.0	0.0	0.0	0.0	1.0	0.0	0.0	0.0	0.0
NODE_0934	1.8070877853671867e-05	1.4536983272646556e-06	5.852637973284496e-06	1.774460510504459e-05	0.9999084464011391	4.515474604524183e-06	1.3606222050022155e-05	1.6594639711876852e-05	1.371544323536198e-05
CHN__SAMN50151946	0.0	0.0	0.0	0.0	1.0	0.0	0.0	0.0	0.0
CHN__SAMN32033992	0.0	0.0	0.0	0.0	1.0	0.0	0.0	0.0	0.0
CHN__SAMN50151959	0.0	0.0	0.0	0.0	1.0	0.0	0.0	0.0	0.0
NODE_0976	1.2938043773830905e-06	1.0407913076716245e-07	4.190260535142255e-07	1.2704445210543805e-06	1.0430287470968995e-06	3.2329037134532046e-07	9.741524341269084e-07	0.9999647117586985	2.986041566623858e-05
NODE_0980	8.414065485602325e-05	6.768632393489408e-06	2.7250739875276156e-05	8.262148113610377e-05	6.783183249997658e-05	2.102471132218823e-05	6.335256331626996e-05	0.9995693131110075	7.769627359324796e-05
NODE_0027	4.423770949469601e-09	3.558666800747921e-10	1.4372060367449953e-09	4.343994903638924e-09	3.5663170389648986e-09	0.9999832530016838	3.3582529177130853e-09	1.0215192380329176e-05	6.514320527451653e-06
NODE_0751	0.005630394651097324	0.00045293290964690036	0.0018235230102504939	0.005528736925742431	0.004539066014346943	0.7598177243859884	0.004239329197508817	0.07524808383301665	0.14272020907240196
JPN__SAMEA41214418	0.0	0.0	0.0	0.0	0.0	0.0	0.0	1.0	0.0
JPN__SAMEA41278168	0.0	0.0	0.0	0.0	0.0	0.0	0.0	1.0	0.0
NODE_0807	2.5263310944080096e-11	2.0322882572699044e-12	8.182060338157483e-12	2.4807177602473925e-11	0.999999999853215	6.312689395496729e-12	1.9021666861306477e-11	4.1991438183888084e-11	1.9174359430492494e-11
NODE_0841	0.00023323715994282913	1.876258984263766e-05	7.553881278573652e-05	0.00022902602366750406	0.9930887386394083	5.828031604669346e-05	0.00017561275186494824	0.005943781258861624	0.00017702244757981768
CHN__SAMN50151939	0.0	0.0	0.0	0.0	1.0	0.0	0.0	0.0	0.0
NODE_0843	3.8143634976720237e-07	3.068436343295018e-08	1.235362710719085e-07	3.74549452114933e-07	0.9999861184668901	9.531170342486861e-08	2.871973190736787e-07	1.2299314913618567e-05	2.895027372492978e-07
NODE_0847	6.341732112055568e-11	5.1015592257918484e-12	2.053904767436212e-11	6.227231068774029e-11	0.9999999996787049	1.5846452249060886e-11	4.7749210634419076e-11	5.823666144013696e-11	4.813250772933337e-11
CHN__SAMN41373928	0.0	0.0	0.0	0.0	1.0	0.0	0.0	0.0	0.0
CHN__SAMN41373927	0.0	0.0	0.0	0.0	1.0	0.0	0.0	0.0	0.0
CHN__SAMN41373932	0.0	0.0	0.0	0.0	1.0	0.0	0.0	0.0	0.0
NODE_0882	1.225374645112936e-09	9.857435185481288e-11	3.9686362984467596e-10	1.20325029914609e-09	0.9999999937918091	3.061914388354398e-10	9.226291965935603e-10	1.1252718828812296e-09	9.300354151684597e-10
CHN__SAMN41373973	0.0	0.0	0.0	0.0	1.0	0.0	0.0	0.0	0.0
CHN__SAMN09947467	0.0	0.0	0.0	0.0	1.0	0.0	0.0	0.0	0.0
CHN__SAMN45156014	0.0	0.0	0.0	0.0	1.0	0.0	0.0	0.0	0.0
NODE_0935	1.1502984322735737e-05	9.253490175694337e-07	3.725486022233277e-06	1.1295295999966579e-05	0.9999417217237082	2.874317119851414e-06	8.66101581784883e-06	1.0563287627356764e-05	8.730540364074386e-06
CHN__SAMN39683486	0.0	0.0	0.0	0.0	1.0	0.0	0.0	0.0	0.0
NODE_0977	0.0003813885353329535	3.068051703635288e-05	0.0001235207853509179	0.0003745025009783604	0.00030746472428083753	9.529975575616666e-05	0.00028716131784480226	0.9861901474621739	0.012209834401245569
JPN__SAMEA751127	0.0	0.0	0.0	0.0	0.0	0.0	0.0	1.0	0.0
JPN__SAMEA41297668	0.0	0.0	0.0	0.0	0.0	0.0	0.0	1.0	0.0
JPN__SAMD00549631	0.0	0.0	0.0	0.0	0.0	0.0	0.0	1.0	0.0
NODE_0028	2.045073558484794e-07	1.6451364702197387e-08	6.637750681683298e-08	2.0081422886770655e-07	1.6486730996779557e-07	0.9999983715693125	5.687054142960443e-07	2.1902995702952733e-07	1.876775498613765e-07
NODE_0164	2.67109182326402e-06	2.148709580730967e-07	9.14737606919352e-07	2.623932394847833e-06	2.153328766040029e-06	0.9955653258404613	2.0111353773160864e-06	0.0003916810228715867	0.004032404039740535
JPN__SAMEA41242918	0.0	0.0	0.0	0.0	0.0	0.0	0.0	1.0	0.0
USA__SAMN05583850	0.0	0.0	0.0	0.0	0.0	0.0	0.0	0.0	1.0
NODE_0808	1.7971636096517122e-11	1.4457148979294093e-12	5.820496420385819e-12	1.764715517455961e-11	0.9999999999087817	4.490676493565236e-12	1.3531499316825857e-11	1.667102319344581e-11	1.3640120680594234e-11
CHN__SAMN50151968	0.0	0.0	0.0	0.0	1.0	0.0	0.0	0.0	0.0
CHN__SAMN41373959	0.0	0.0	0.0	0.0	1.0	0.0	0.0	0.0	0.0
JPN__SAMD00549575	0.0	0.0	0.0	0.0	0.0	0.0	0.0	1.0	0.0
CHN__SAMN22233918	0.0	0.0	0.0	0.0	1.0	0.0	0.0	0.0	0.0
NODE_0844	5.831471105687177e-06	4.691083554696883e-07	1.8886458925580774e-06	5.726182910968596e-06	0.9997873809043742	1.4571433606030635e-06	4.390726968814401e-06	0.00018842984439355879	4.425972638205516e-06
CHN__SAMN32033981	0.0	0.0	0.0	0.0	1.0	0.0	0.0	0.0	0.0
CHN__SAMN50151945	0.0	0.0	0.0	0.0	1.0	0.0	0.0	0.0	0.0
NODE_0883	2.873577224604353e-08	2.311627823782983e-09	9.306690754078457e-09	2.8216943029745056e-08	0.9999998544141913	7.180373353695958e-09	2.1636209437334297e-08	2.638830227988877e-08	2.180988971627716e-08
CHN__SAMN41373968	0.0	0.0	0.0	0.0	1.0	0.0	0.0	0.0	0.0
NODE_0936	7.480683329445292e-05	6.0177800607520385e-06	2.4227783328816915e-05	7.34561832976613e-05	0.9996210015438672	1.869241542780614e-05	5.6324789138923855e-05	6.869574663500026e-05	5.67769249493753e-05
NODE_0937	3.164805347642548e-08	2.5459041211168318e-09	1.0249894944590639e-08	3.10766425311427e-08	0.9999998396595221	7.90808188249607e-09	2.3828972036559026e-08	2.906267472317502e-08	2.4020254272119556e-08
JPN__SAMEA41218918	0.0	0.0	0.0	0.0	0.0	0.0	0.0	1.0	0.0
NODE_0978	8.446057478432514e-05	6.794368114155385e-06	2.7354352745389114e-05	8.293562485612254e-05	6.80897429598739e-05	2.1104651562051816e-05	6.359344268128778e-05	0.002688121097621818	0.996957546144675
NODE_0029	2.636885400008056e-09	2.1204460082611887e-10	9.979397305333685e-10	2.5885611002759445e-09	2.1250044336278104e-09	0.9999999480208028	2.5750140279085856e-08	2.8219179762626204e-09	1.4846703658329372e-08
FRA__SAMEA115874248	0.0	0.0	0.0	0.0	0.0	0.0	1.0	0.0	0.0
NODE_0165	2.7443597677479087e-06	2.207645750137283e-07	9.444890880326131e-07	2.6960069686468752e-06	2.2123916334262217e-06	0.9950306797840909	2.066297908688421e-06	0.00043784502375049416	0.004520590882216883
SWE__SAMEA751294	0.0	0.0	0.0	0.0	0.0	1.0	0.0	0.0	0.0
NODE_0809	5.762196267408658e-10	4.635355926331254e-11	1.8662097634233983e-10	5.658158841583458e-10	0.9999999970806255	1.4398332567159073e-10	4.3385674201898326e-10	5.291850057212037e-10	4.3733943893931695e-10
NODE_0840	7.2829855623948185e-06	5.858743562584999e-07	2.358749708038873e-06	7.151490029255985e-06	0.9999631017627082	1.8198416600678792e-06	5.483625065226937e-06	6.688027158329214e-06	5.527643752220383e-06
CHN__SAMN39683154	0.0	0.0	0.0	0.0	1.0	0.0	0.0	0.0	0.0
JPN__SAMD00328237	0.0	0.0	0.0	0.0	0.0	0.0	0.0	1.0	0.0
NODE_0884	8.027281138196747e-08	6.4574866022397635e-09	2.5998056537189496e-08	7.882347222856728e-08	0.9999995933089233	2.0058230937318924e-08	6.044032310365387e-08	7.371520046396196e-08	6.092549552752244e-08
CHN__SAMN41373935	0.0	0.0	0.0	0.0	1.0	0.0	0.0	0.0	0.0
CHN__SAMN17613197	0.0	0.0	0.0	0.0	1.0	0.0	0.0	0.0	0.0
CHN__SAMN17613198	0.0	0.0	0.0	0.0	1.0	0.0	0.0	0.0	0.0
CHN__SAMN32033974	0.0	0.0	0.0	0.0	1.0	0.0	0.0	0.0	0.0
CHN__SAMN50151937	0.0	0.0	0.0	0.0	1.0	0.0	0.0	0.0	0.0
NODE_0979	1.7300511806727057e-08	1.3917268036401073e-09	5.603138551275945e-09	1.698814814705605e-08	1.39471866607866e-08	4.32297879168464e-09	1.302618539771309e-08	3.195237814561714e-07	0.9999996078963425
USA__SAMN03455354	0.0	0.0	0.0	0.0	0.0	0.0	0.0	0.0	1.0
NODE_0030	1.7761052109856742e-10	1.4190979270240227e-11	2.3680742429163777e-10	1.7351322545862036e-10	1.4221486304906821e-10	0.9999999632199614	2.037164665889474e-08	1.8375987543976882e-10	1.5480295043845312e-08
SWE__SAMN03566783	0.0	0.0	0.0	0.0	0.0	1.0	0.0	0.0	0.0
NODE_0166	2.9943961634456023e-06	2.4087819677618414e-07	1.0315194040025755e-06	2.9416590247372716e-06	2.4139602433538594e-06	0.9949481311906678	2.2545559312971496e-06	0.000484394464549109	0.004555597375819443
BRA__SAMN05782317	0.0	0.0	0.0	0.0	0.0	0.0	0.0	0.0	1.0
NODE_0810	1.1569473182311375e-10	9.306976644215401e-12	3.7470198529361224e-11	1.136058439196431e-10	0.999999999413847	2.890931075151709e-11	8.711077701646895e-11	1.0624509947279782e-10	8.78100410948173e-11
CHN__SAMN09941175	0.0	0.0	0.0	0.0	1.0	0.0	0.0	0.0	0.0
CHN__SAMN22233915	0.0	0.0	0.0	0.0	1.0	0.0	0.0	0.0	0.0
CHN__SAMN22233923	0.0	0.0	0.0	0.0	1.0	0.0	0.0	0.0	0.0
NODE_0885	1.1590186776727308e-07	9.323639541169296e-09	3.75372839085133e-08	1.1380923998938287e-07	0.9999994127992455	2.896106900604711e-08	8.726673721240375e-08	1.0643366377138604e-07	8.796725322956316e-08
NODE_0887	2.867920200185775e-06	2.3070770725681433e-07	9.288369277835819e-07	2.8161394170862777e-06	0.9999854700796664	7.166237820100909e-07	2.1593615640284242e-06	2.6336353347010275e-06	2.176695400616815e-06
USA__SAMN08136975	0.0	0.0	0.0	0.0	0.0	0.0	0.0	0.0	1.0
USA__SAMN03249362	0.0	0.0	0.0	0.0	0.0	0.0	0.0	0.0	1.0
NODE_0031	4.766056262071456e-11	3.3820745631655195e-12	8.527722931902978e-10	4.2640983570780847e-11	3.3893451724715495e-11	0.9999999139023419	1.8671570522397123e-08	4.060033568893927e-11	6.640513782939486e-08
NODE_0163	0.0006616229517093537	5.3223766142580335e-05	0.00021428079255715336	0.0006496772370205104	0.0005333818384750908	0.9904514316747958	0.006326637436361934	0.0006075739582878432	0.0005021703446498815
NODE_0167	3.2597234041530174e-06	2.622218774260682e-07	1.1235308499950275e-06	3.2023264677360325e-06	2.627855885326979e-06	0.9949075069823117	2.4543269810030407e-06	0.0004885922265628825	0.004590970805659723
JPN__SAMEA41227918	0.0	0.0	0.0	0.0	0.0	0.0	0.0	1.0	0.0
NODE_0811	3.806357042280874e-10	3.061995609810082e-11	1.2327696499262952e-10	3.7376326236611287e-10	0.9999999980715617	9.511164150046406e-11	2.865944838889827e-10	3.49541237285939e-10	2.88895062927538e-10
CHN__SAMN41373975	0.0	0.0	0.0	0.0	1.0	0.0	0.0	0.0	0.0
NODE_0886	4.971534047038002e-11	3.999313584342519e-12	1.6101369941615292e-11	4.881772161004783e-11	0.999999999748124	1.2422659218166265e-11	3.7432490397526184e-11	4.5654016918254365e-11	3.773297211511162e-11
CHN__SAMN41373941	0.0	0.0	0.0	0.0	1.0	0.0	0.0	0.0	0.0
CHN__SAMN41373940	0.0	0.0	0.0	0.0	1.0	0.0	0.0	0.0	0.0
CHN__SAMN41373946	0.0	0.0	0.0	0.0	1.0	0.0	0.0	0.0	0.0
NODE_0032	2.1685779251425088e-10	8.679861262491214e-12	1.9442618409540868e-10	1.3228065170025355e-10	8.698520780160325e-11	0.9999987188246955	1.9342746398380548e-08	1.1608637816257216e-10	1.2610772418356918e-06
NODE_0160	0.0002920561996224424	2.349424353529679e-05	0.012438302885112995	0.0002867830737938042	0.00023544750247225996	0.9801789700671004	0.0060550536012226805	0.00026819767262554404	0.0002216947545145416
FRA__SAMEA751372	0.0	0.0	0.0	0.0	0.0	0.0	1.0	0.0	0.0
DNK__SAMEA751164	0.0	0.0	0.0	0.0	0.0	1.0	0.0	0.0	0.0
NODE_0168	3.544879628251395e-06	2.851606568846336e-07	1.2224386212918788e-06	3.4824750771834727e-06	2.8577368060012283e-06	0.9948720114422647	2.6690277238655763e-06	0.0004847865583598271	0.004629140280861893
NODE_0749	4.380550732271906e-05	3.523901450084259e-06	1.4187387507158938e-05	4.301459241456544e-05	3.531476951510353e-05	0.0006371100537688291	3.298276176989152e-05	0.9991539256412537	3.613538499797533e-05
NODE_0812	9.730675032861012e-09	7.827769150435463e-10	3.151485980048385e-09	9.554986053350483e-09	0.9999999507008829	2.4314599629056345e-09	7.326579608682974e-09	8.935761254041228e-09	7.385392239140203e-09
CHN__SAMN50151954	0.0	0.0	0.0	0.0	1.0	0.0	0.0	0.0	0.0
CHN__SAMN41373921	0.0	0.0	0.0	0.0	1.0	0.0	0.0	0.0	0.0
CHN__SAMN41373924	0.0	0.0	0.0	0.0	1.0	0.0	0.0	0.0	0.0
NODE_0033	1.8097915896017766e-08	3.9321114971195734e-10	3.2874025483590606e-09	7.991899016951992e-09	3.94056454743208e-09	0.9998468273681191	4.199003550570278e-07	6.529379331836764e-09	0.00015271249115338077
NLD__SAMN03566781	0.0	0.0	0.0	0.0	0.0	1.0	0.0	0.0	0.0
NODE_0161	0.00033948131540893707	2.7309321699167375e-05	0.014506579206125775	0.00033335192111934043	0.00027368029869190795	0.9768889408925991	0.007061219097042293	0.0003117485568841954	0.0002576893904292991
NOR__SAMEA10057895	0.0	0.0	0.0	0.0	0.0	1.0	0.0	0.0	0.0
NODE_0169	5.625865865395361e-07	4.492510068591307e-08	5.606015296151951e-06	6.690582552306715e-07	4.502168242743513e-07	0.9999800808745031	4.2048681783808306e-07	1.5528171075680555e-06	1.061301950859611e-05
NODE_0748	0.0006620844201880715	5.326088829583072e-05	0.0002144367767649309	0.0006501305175183994	0.0005337538580405322	0.08929910083033034	0.0004985074683755849	0.0006511396277766037	0.9074375856127097
NODE_0750	3.067969917634383e-05	2.4680055779162048e-06	9.936302608639696e-06	3.0125772671934515e-05	2.473311168903906e-05	0.000444822540793703	2.3099862801560642e-05	0.999408833252641	2.5301452039809265e-05
JPN__SAMEA41257168	0.0	0.0	0.0	0.0	0.0	0.0	0.0	1.0	0.0
NODE_0813	2.6519311213830446e-07	2.1333262647183938e-08	8.588842727630765e-08	2.6040500575437345e-07	0.9999986564358407	6.626533436016366e-08	1.9967355206028395e-07	2.435290739976486e-07	2.0127639096419573e-07
CHN__SAMN41373948	0.0	0.0	0.0	0.0	1.0	0.0	0.0	0.0	0.0
NODE_0034	3.381720865611563e-08	6.029570319438735e-10	5.735084990142801e-09	1.3720649807899592e-08	6.042532378452155e-09	0.9998366169722835	8.193620411313922e-07	1.0949191691769491e-08	0.0001624927980507533
NODE_0159	1.86669733411863e-09	1.5016505673859523e-10	6.045695641704072e-10	1.8329935981995233e-09	1.5048787382573063e-09	2.0975713134129212e-08	1.4055127388019718e-09	1.7142037161386725e-09	0.9999999699452661
FRA__SAMN03491903	0.0	0.0	0.0	0.0	0.0	0.0	1.0	0.0	0.0
NODE_0162	0.002667453534213855	0.00021458131539917435	0.8549188651813908	0.0026192922103453415	0.002150426112338733	0.1300454528977237	0.002909834593925943	0.002449545102539913	0.0020245490521224505
NODE_0170	1.660061183443139e-08	1.0027175722527815e-09	1.2477672002173904e-07	1.3326324137407171e-07	1.004877253574456e-08	0.9999992407870605	9.385222538533197e-09	3.459147057745169e-08	4.295441830481356e-07
IRN__SAMN12675074	0.0	0.0	1.0	0.0	0.0	0.0	0.0	0.0	0.0
USA__SAMN03996260	0.0	0.0	0.0	0.0	0.0	0.0	0.0	0.0	1.0
USA__SAMN05583818	0.0	0.0	0.0	0.0	0.0	0.0	0.0	0.0	1.0
JPN__SAMD00328188	0.0	0.0	0.0	0.0	0.0	0.0	0.0	1.0	0.0
JPN__SAMD00328195	0.0	0.0	0.0	0.0	0.0	0.0	0.0	1.0	0.0
NODE_0814	5.381757753891107e-07	4.329314993950571e-08	1.7429966628345796e-07	5.284589209616331e-07	0.9999972734070001	1.3447708883970174e-07	4.0521214083682016e-07	4.942113585493487e-07	4.084648990362363e-07
NODE_0815	1.7754777301126632e-09	1.428269853440454e-10	5.750262089158506e-10	1.7434211801309039e-09	0.999999991004788	4.436488734050582e-10	1.336821843210759e-09	1.6304361905525624e-09	1.3475529091721151e-09
NODE_0035	4.7368397216765785e-08	6.373476435778642e-10	7.478369480859667e-09	1.7311757015390054e-08	6.387177806407801e-09	0.9998267787425981	8.482965859455257e-07	1.3369054869924245e-08	0.00017228040871186266
FRA__SAMN03491902	0.0	0.0	0.0	0.0	0.0	0.0	1.0	0.0	0.0
USA__SAMN03702646	0.0	0.0	0.0	0.0	0.0	0.0	0.0	0.0	1.0
USA__SAMN03702647	0.0	0.0	0.0	0.0	0.0	0.0	0.0	0.0	1.0
IRN__SAMN12675034	0.0	0.0	1.0	0.0	0.0	0.0	0.0	0.0	0.0
IRN__SAMN12675035	0.0	0.0	1.0	0.0	0.0	0.0	0.0	0.0	0.0
NODE_0171	4.88668698321957e-09	4.26520501528917e-11	5.0441602308355505e-09	5.405223266307614e-09	4.2748050393841406e-10	0.9999997748496524	3.992726860209172e-10	1.4206082382680376e-09	2.0752426374523018e-07
NODE_0747	0.00014321040203030724	1.1520396380440936e-05	4.640250739950081e-05	0.008132550309446668	0.00011545162334583948	0.9912027558483344	0.00010782778540178679	0.00013151468748650046	0.00010876644017457476
CHN__SAMN09947464	0.0	0.0	0.0	0.0	1.0	0.0	0.0	0.0	0.0
CHN__SAMN09947475	0.0	0.0	0.0	0.0	1.0	0.0	0.0	0.0	0.0
NODE_0816	1.7586089625903524e-09	1.414699898882205e-10	5.695628999298113e-10	1.7268569810523637e-09	0.9999999910902513	4.3943377705094616e-10	1.3241207338082555e-09	1.6149454589077662e-09	1.3347498441923053e-09
NODE_0819	2.226004994007842e-11	1.790693159720767e-12	7.209390413761241e-12	2.18581409826198e-11	0.9999999998872225	5.562247225274667e-12	1.676040227717804e-11	2.0441591809494367e-11	1.6894943003968748e-11
NODE_0036	4.414411216965402e-08	6.006410821561946e-10	8.965589212366266e-09	2.0089184065063265e-08	6.019323093482373e-09	0.9998236333873236	5.987382553082494e-07	1.5011942636482964e-08	0.00017567304362872417
NODE_0157	0.02228207203955473	0.0004887343853426933	0.0019676649664178733	0.005965756342646705	0.004897850412947893	0.820265409036204	0.12301499978694587	0.005579134364530414	0.015538378665409826
NODE_0172	1.6006715840003964e-08	7.773767314010217e-11	2.8833230298314623e-09	3.5256497659795285e-09	7.791966624075526e-10	0.9999997501626515	7.278143504556633e-10	1.3790645857225202e-09	2.2445784644646544e-07
NLD__SAMEA8914566	0.0	0.0	0.0	0.0	0.0	1.0	0.0	0.0	0.0
BEL__SAMEA117989205	0.0	0.0	0.0	1.0	0.0	0.0	0.0	0.0	0.0
ITA__SAMEA8914541	0.0	0.0	0.0	0.0	0.0	1.0	0.0	0.0	0.0
NODE_0817	4.4375848992841716e-11	3.5697821641097086e-12	1.4372062110943423e-11	4.357463555203344e-11	0.9999999997751758	1.1088449648319696e-11	3.3412192807897756e-11	4.075071681120502e-11	3.368040240273348e-11
CHN__SAMN42391102	0.0	0.0	0.0	0.0	1.0	0.0	0.0	0.0	0.0
NODE_0820	8.025293598968271e-14	6.455887741091344e-15	2.5991619468854377e-14	7.880395568984367e-14	0.9999999999995934	2.0053264558272842e-14	6.0425358196971e-14	7.369694872341187e-14	6.091041049308916e-14
CHN__SAMN42391105	0.0	0.0	0.0	0.0	1.0	0.0	0.0	0.0	0.0
NODE_0037	4.1835279733810004e-08	5.19677259514442e-10	1.0543920851445073e-08	2.285295657260534e-08	5.207944348600951e-09	0.9998258674592588	4.014052065970981e-07	1.6486231132050653e-08	0.00017363368952472515
USA__SAMN18620696	0.0	0.0	0.0	0.0	0.0	0.0	0.0	0.0	1.0
AUS__SAMN22858020	1.0	0.0	0.0	0.0	0.0	0.0	0.0	0.0	0.0
NODE_0158	0.022059408006171847	0.0009652707855263559	0.0038862148892211275	0.011782606907453906	0.009673458748317392	0.5112302364807321	0.3858798308594477	0.011019016196474935	0.04350395712665476
NODE_0173	2.5974879682171848e-08	1.4331814264932081e-11	3.3035743145360166e-10	4.482470146314439e-10	1.4388140012540028e-10	0.9999998328192122	1.3450347486177109e-10	2.1403365254385939e-10	1.3992055345429796e-07
USA__SAMN10176206	0.0	0.0	0.0	0.0	0.0	0.0	0.0	0.0	1.0
CHN__SAMN42391088	0.0	0.0	0.0	0.0	1.0	0.0	0.0	0.0	0.0
NODE_0818	5.4919404191588485e-09	4.4179506194527003e-10	1.7786816614254283e-09	5.3927825082722735e-09	0.9999999721758448	1.3723028672474075e-09	4.1350819497340175e-09	5.043295257320129e-09	4.1682754806323714e-09
NODE_0821	1.1827324149880995e-11	9.514402937102089e-13	3.830530370602505e-12	1.1613779816808979e-11	0.9999999999400786	2.95536178544925e-12	8.905223085671563e-12	1.0861131629140745e-11	8.976707956163666e-12
CHN__SAMN42391108	0.0	0.0	0.0	0.0	1.0	0.0	0.0	0.0	0.0
NODE_0038	2.615477411340903e-08	6.638084087218461e-10	6.9498108384532505e-09	4.9772235513188605e-08	6.652354297717018e-09	0.9999117189489157	2.0689747843353837e-07	3.4215246104798395e-08	8.794974537659872e-05
NODE_0149	0.04787871434740864	0.0003524182962773309	0.03176724407228674	0.0043018058749534314	0.003531759069380821	0.1887884014839578	0.00329861410639669	0.004023020062028153	0.7160580226873104
FRA__SAMN03366100	0.0	0.0	0.0	0.0	0.0	0.0	1.0	0.0	0.0
MEX__SAMN07362433	0.0	0.0	0.0	0.0	0.0	0.0	0.0	0.0	1.0
NODE_0174	3.1533030938703965e-07	1.1938062069626307e-10	6.582774071932516e-10	1.6256740703484657e-09	1.1994768942175086e-09	0.9999995219312221	1.1217692651646915e-09	1.3744802194405e-09	1.5663941025523658e-07
ESP__SAMN16378558	0.0	0.0	0.0	0.0	0.0	1.0	0.0	0.0	0.0
CHN__SAMN42391093	0.0	0.0	0.0	0.0	1.0	0.0	0.0	0.0	0.0
CHN__SAMN42391113	0.0	0.0	0.0	0.0	1.0	0.0	0.0	0.0	0.0
NODE_0822	1.2111406076556922e-11	9.742930529927916e-13	3.9225363420362345e-12	1.1892732596367513e-11	0.9999999999386393	3.0263469769765555e-12	9.11911871409923e-12	1.1122006461012011e-11	9.192320588326095e-12
CHN__SAMN42391091	0.0	0.0	0.0	0.0	1.0	0.0	0.0	0.0	0.0
NODE_0039	7.708516246859499e-10	2.6357561636942608e-11	2.119891787449552e-10	1.3530034228614133e-09	2.6414223762315817e-10	0.9999976719419066	5.2134004600292005e-09	9.601807877241313e-10	2.319258168093258e-06
NODE_0147	0.01823859016164055	0.001467189492801413	0.005906954825092641	0.4243780643444201	0.014703435810335794	0.23112383245628923	0.013732541172545885	0.2765867344133074	0.013862657323567099
NODE_0150	0.06503487617285826	0.00024965519897685446	0.016105026261419162	0.0030474239922074152	0.0025019189483587987	0.09416286972219437	0.0023367419857090047	0.0028499307143224372	0.8137115570039537
NODE_0156	0.010424603560380203	0.00046271715798028583	0.3728027463874498	0.005648168931385903	0.00463711883440063	0.02159954934825967	0.004330915090384947	0.005282130886826513	0.574812049802932
NODE_0175	3.518692963217834e-07	1.2610067335131361e-10	5.92137798933499e-10	1.5955472495694923e-09	1.2696875377968392e-09	0.999999552653769	1.1887279834237123e-09	1.412687596050892e-09	8.929204587008922e-08
NODE_0742	0.19994612738826933	0.0008308549471429668	0.0033450497992586585	0.010279004707297385	0.00832641076318631	0.3273072173894897	0.00777657695013985	0.009484594050632513	0.43270416400458334
NODE_0823	2.4244700860082417e-11	1.9503469267361773e-12	7.85216180717029e-12	2.3806958695406144e-11	0.9999999998771676	6.058163411565674e-12	1.8254718232828645e-11	2.22641135064474e-11	1.8401254277595813e-11
NODE_0839	5.340926350716809e-07	4.296468475383525e-08	1.7297725448556166e-07	5.244495024315577e-07	0.9999972940936648	1.334568109893749e-07	4.0213779579004486e-07	4.904617763204325e-07	4.053658753087118e-07
NODE_0040	9.006578083552653e-12	4.95765072559276e-13	2.6485372590256342e-12	1.2100082204915165e-11	4.96830842719299e-12	0.9999998410125042	3.3770503168097896e-11	9.610516952740589e-12	1.5891489540683578e-07
NOR__SAMEA10057987	0.0	0.0	0.0	0.0	0.0	1.0	0.0	0.0	0.0
NODE_0148	0.012591964891513647	0.0010129511260080735	0.00407817540044718	0.7544787056266875	0.010151287160480632	0.08882148332004	0.00948096498728463	0.10981987808364439	0.009564589403894048
JPN__SAMEA41264668	0.0	0.0	0.0	0.0	0.0	0.0	0.0	1.0	0.0
NODE_0151	0.9958222809430535	1.4418240961787847e-05	0.00011229250322364762	0.00017599662559328357	0.0001444923655190708	0.00038026632862994767	0.00013495095773256513	0.00016459090218394487	0.003050711133102413
NODE_0154	0.011570240086528719	6.340333443383212e-05	0.0028841124786769937	0.0007739346610220641	0.0006353963564918232	0.01645540911294272	0.0005934444614012778	0.0007237786005602174	0.9663002809079424
ISR__SAMN05908227	0.0	0.0	1.0	0.0	0.0	0.0	0.0	0.0	0.0
MEX__SAMN07362432	0.0	0.0	0.0	0.0	0.0	0.0	0.0	0.0	1.0
NODE_0176	1.1119571980151083e-05	1.585282205805095e-08	6.186693682871688e-08	1.8747077069588075e-07	1.59624094171839e-07	0.9999878986729172	1.4944811735971004e-07	1.7515363523036793e-07	2.3233872617871886e-07
NODE_0740	1.1066883316757251e-07	8.849134729929243e-09	3.562707215135427e-08	1.0801729205984814e-07	8.868159277160935e-08	0.9999947006731261	8.282551695376779e-08	1.0101692064087897e-07	4.763640511281273e-06
AUS__SAMN08443734	1.0	0.0	0.0	0.0	0.0	0.0	0.0	0.0	0.0
NODE_0743	0.024119778564956826	6.210747558422187e-05	0.0002500467710409892	0.001068366819181383	0.0006224099103244309	0.010923640976104553	0.0005813091258238908	0.0007089856000977202	0.9616633547568859
NODE_0824	1.1962998341431068e-11	9.623545031308237e-13	3.87447134192058e-12	1.1747004387939208e-11	0.9999999999393913	2.989263479179597e-12	9.007377125538112e-12	1.098572238478664e-11	9.079682016847195e-12
CHN__SAMN42391107	0.0	0.0	0.0	0.0	1.0	0.0	0.0	0.0	0.0
CHN__SAMN42391101	0.0	0.0	0.0	0.0	1.0	0.0	0.0	0.0	0.0
CHN__SAMN42391106	0.0	0.0	0.0	0.0	1.0	0.0	0.0	0.0	0.0
NODE_0041	2.080063618517822e-11	2.67076242959535e-13	3.526261139745033e-12	3.2923625731691353e-12	2.6765038962736588e-12	0.9999998483640059	2.6552718422040304e-12	8.173849900966566e-12	1.5159460209585643e-07
ESP__SAMN16378551	0.0	0.0	0.0	0.0	0.0	1.0	0.0	0.0	0.0
BEL__SAMEA117989514	0.0	0.0	0.0	1.0	0.0	0.0	0.0	0.0	0.0
BEL__SAMEA117989524	0.0	0.0	0.0	1.0	0.0	0.0	0.0	0.0	0.0
AUS__SAMN22858161	1.0	0.0	0.0	0.0	0.0	0.0	0.0	0.0	0.0
NODE_0152	0.9958965589881502	1.4183291554047494e-05	0.00011036087199240048	0.00017312870965215628	0.00014213782062058556	0.00037344023003583495	0.0001327518925846517	0.0001619088458092551	0.002995529349601044
BRA__SAMN05784484	0.0	0.0	0.0	0.0	0.0	0.0	0.0	0.0	1.0
NODE_0155	0.008840377238109693	7.168423131231601e-05	0.002226767494574993	0.00087501556600222	0.0007183833437229797	0.012209502594892927	0.0006709497159471364	0.0008183088287822146	0.9735690109866556
NODE_0177	1.5348589276239853e-06	1.88075972858095e-07	1.2467155851488828e-07	4.074311655256684e-07	2.1169739100646225e-06	0.9999928924212367	2.0893441035891195e-06	3.5348975551776925e-07	2.927333697157927e-07
NODE_0738	0.44035398962177236	0.0003434521763887039	0.0013827488680637023	0.0041923543552151036	0.0034419055283510048	0.5399097986035905	0.0032146197914808754	0.0039206625367473	0.0032404685183904654
NOR__SAMEA10057975	0.0	0.0	0.0	0.0	0.0	1.0	0.0	0.0	0.0
NODE_0741	2.012579721173487e-07	1.6136992260148897e-08	6.496822830940971e-08	1.9697670689262796e-07	1.617168385708074e-07	0.99999026663009	1.510378865734581e-07	1.8421119030696695e-07	8.757064094854286e-06
NODE_0744	0.018761672143471197	7.019507071037971e-06	2.826076987008184e-05	0.0004749069213129451	7.03459724527743e-05	0.0009885343567084008	6.57006822565032e-05	8.013092443634366e-05	0.9795234287224206
CAN__SAMN06113472	0.0	0.0	0.0	0.0	0.0	0.0	0.0	0.0	1.0
NODE_0825	1.18902348490788e-11	9.56501098112266e-13	3.850905337996584e-12	1.1675554652718262e-11	0.9999999999397599	2.971081645152846e-12	8.952590842209941e-12	1.0918903055391501e-11	9.02445594775164e-12
NODE_0836	3.6074921163749044e-09	2.902020199383423e-10	1.1683630158747462e-09	3.542358237545565e-09	0.9999999817231409	9.014248875685971e-10	2.716212193815905e-09	3.3127904698062883e-09	2.738016035789984e-09
NODE_0042	0.00018838612387257167	1.2721176469047611e-06	5.121589271781808e-06	1.5528135989874544e-05	1.274852379752645e-05	0.9995424568259764	1.190667620746202e-05	1.4521814603737121e-05	0.00020805819263393182
NODE_0046	1.248800737066409e-10	9.815032199702242e-12	5.8577616396887e-10	1.1981273775582015e-10	9.83613203755802e-11	0.9999997105716903	9.189156863068236e-11	1.247062741198594e-09	2.871507100643919e-07
AUS__SAMN22858166	1.0	0.0	0.0	0.0	0.0	0.0	0.0	0.0	0.0
NODE_0153	0.9998070117271363	1.5052141050299598e-06	7.731442969248416e-06	1.8373433909555813e-05	1.5084499366105834e-05	1.501249459072353e-05	1.4088399856808542e-05	1.718271628462774e-05	0.00010401007178151076
BRA__SAMN02940632	0.0	0.0	0.0	0.0	0.0	0.0	0.0	0.0	1.0
BRA__SAMN05783037	0.0	0.0	0.0	0.0	0.0	0.0	0.0	0.0	1.0
NODE_0178	1.315324547267137e-06	1.7352004679542004e-07	6.369192677443246e-08	2.2265836670036317e-07	1.9719740929440203e-06	0.9999948587480827	1.0639464783358997e-06	1.8058821718866107e-07	1.4954824137847776e-07
FRA__SAMEA115874240	0.0	0.0	0.0	0.0	0.0	0.0	1.0	0.0	0.0
NODE_0739	0.8811380864928435	0.0003223530917234559	0.0012978041093043274	0.0039348105022469805	0.003230460772602865	0.10033817296545679	0.0030171376115359218	0.003679809268053258	0.0030413651862327695
AUS__SAMN22857945	1.0	0.0	0.0	0.0	0.0	0.0	0.0	0.0	0.0
NOR__SAMN03566786	0.0	0.0	0.0	0.0	0.0	1.0	0.0	0.0	0.0
USA__SAMN07352218	0.0	0.0	0.0	0.0	0.0	0.0	0.0	0.0	1.0
NODE_0745	0.018838826620651	7.203576477589936e-06	2.9001839442512767e-05	0.0004884456502618539	7.219062354736733e-05	0.0009864861269240713	6.742352197583954e-05	8.223216196711197e-05	0.9794281898787526
USA__SAMN18620802	0.0	0.0	0.0	0.0	0.0	0.0	0.0	0.0	1.0
NODE_0826	1.2123431843015597e-11	9.752604568304252e-13	3.9264311421673526e-12	1.190454123558375e-11	0.9999999999385784	3.0293519246876623e-12	9.128173351626162e-12	1.1133049823888835e-11	9.201447910117613e-12
CHN__SAMN42391095	0.0	0.0	0.0	0.0	1.0	0.0	0.0	0.0	0.0
NODE_0837	4.55693258389517e-11	3.665790521250291e-12	1.475859496044524e-11	4.474656397231948e-11	0.9999999997691293	1.1386670599915703e-11	3.431080498995248e-11	4.1846696675937373e-11	3.4586228011654536e-11
CHN__SAMN42391100	0.0	0.0	0.0	0.0	1.0	0.0	0.0	0.0	0.0
NODE_0043	0.00018970697207465475	1.2732825687431914e-06	5.12627927820384e-06	1.5542355637420833e-05	1.2760198058799075e-05	0.9995423638359285	1.1917579559409673e-05	1.453511270982741e-05	0.00020677438418441235
ARG__SAMEA751134	0.0	0.0	0.0	0.0	0.0	0.0	0.0	0.0	1.0
NODE_0047	1.4685320821159312e-10	1.1776098217736782e-11	1.3763997782507485e-10	1.437460977496411e-10	1.1801413779169996e-10	0.9999988368914425	1.1022522030476235e-10	3.2567143175258027e-10	1.1621146313702875e-06
NODE_0143	0.0010636595333258078	8.556529978268029e-05	0.006023888139230139	0.0010444549786349483	0.0008574924364708941	0.9765640219072866	0.0008008679977238147	0.012752512810378978	0.0008075368971661285
AUS__SAMN22858150	1.0	0.0	0.0	0.0	0.0	0.0	0.0	0.0	0.0
AUS__SAMN45810521	1.0	0.0	0.0	0.0	0.0	0.0	0.0	0.0	0.0
NODE_0179	4.761780115182957e-08	1.5898068923461555e-07	2.3157264490341355e-09	3.670477444559528e-08	7.136958224842475e-08	0.9999996325030216	3.851211626401921e-08	6.5622399599940945e-09	5.434048714020453e-09
NODE_0737	0.17479947582248742	0.00120349525111946	0.004845035432747159	0.014689669208196835	0.3287040404893404	0.43940230367575184	0.011264145080650493	0.013737671414652678	0.01135416362505385
AUS__SAMN22858044	1.0	0.0	0.0	0.0	0.0	0.0	0.0	0.0	0.0
AUS__SAMN22858066	1.0	0.0	0.0	0.0	0.0	0.0	0.0	0.0	0.0
NODE_0746	0.24498327902805844	0.0004233263723805725	0.001704326101087318	0.03830789976205071	0.004242364175631157	0.001999655332542428	0.003962220024757686	0.004832466611846137	0.6995444625916456
USA__SAMN14488305	0.0	0.0	0.0	0.0	0.0	0.0	0.0	0.0	1.0
NODE_0827	4.9989217099361136e-11	4.0213453860430564e-12	1.6190070710429594e-11	4.9086653350283307e-11	0.9999999997467365	1.2491094353025286e-11	3.763870208565795e-11	4.5905520139085526e-11	3.7940839125707316e-11
CHN__SAMN42391112	0.0	0.0	0.0	0.0	1.0	0.0	0.0	0.0	0.0
CHN__SAMN42391090	0.0	0.0	0.0	0.0	1.0	0.0	0.0	0.0	0.0
NODE_0838	1.968427065839033e-06	1.5834865113491106e-07	6.375169533244136e-07	1.9328867830456807e-06	0.9999900272370036	4.918622381617237e-07	1.4821004250016216e-06	1.8076231946899195e-06	1.4939976852856392e-06
AUS__SAMN18200432	1.0	0.0	0.0	0.0	0.0	0.0	0.0	0.0	0.0
NODE_0044	2.5428643636846214e-05	3.4259249422300524e-07	1.3792889558537064e-06	4.18186387825313e-06	3.4332898188172897e-06	0.9999311722590237	3.2065728320447048e-06	3.910852296929579e-06	2.6944637063220412e-05
NODE_0048	2.027363382083232e-09	1.6306145448137463e-10	7.247347120033723e-10	1.9904143964293654e-09	1.6341199399304873e-09	0.9999987309599739	1.526214099380427e-09	2.0184862912308492e-09	1.2589556317850422e-06
NODE_0133	3.203658655045694e-06	2.57715937202512e-07	2.7676206242963826e-06	3.14581605356229e-06	2.582699616204624e-06	0.9522016321006351	2.4121512707914536e-06	9.95439500272136e-06	0.04777404384220519
JPN__SAMEA41239918	0.0	0.0	0.0	0.0	0.0	0.0	0.0	1.0	0.0
NODE_0144	0.002722294445961515	0.00021899295162070538	0.01859497629767418	0.002673142958494578	0.002194637313632153	0.9573167090307005	0.0020497146287381533	0.01216316705336439	0.0020663653198138353
NODE_0180	3.294468641178886e-08	1.998529425651608e-07	1.9416490173381195e-09	4.324710355076354e-08	4.8525569344944743e-08	0.9999996368596022	2.6574809510362533e-08	5.500612962518452e-09	4.553024390529985e-09
ESP__SAMN16378393	0.0	0.0	0.0	0.0	0.0	1.0	0.0	0.0	0.0
CHN__SAMN50151960	0.0	0.0	0.0	0.0	1.0	0.0	0.0	0.0	0.0
AUS__SAMN45810526	1.0	0.0	0.0	0.0	0.0	0.0	0.0	0.0	0.0
BEL__SAMEA117989523	0.0	0.0	0.0	1.0	0.0	0.0	0.0	0.0	0.0
AUS__SAMN45810506	1.0	0.0	0.0	0.0	0.0	0.0	0.0	0.0	0.0
NODE_0828	1.2425609454175515e-11	9.995689099911965e-13	4.024297785728975e-12	1.220126297898975e-11	0.9999999999370475	3.1048587893954624e-12	9.355693879919237e-12	1.1410542075610048e-11	9.430794813263161e-12
CHN__SAMN42391111	0.0	0.0	0.0	0.0	1.0	0.0	0.0	0.0	0.0
CHN__SAMN42391094	0.0	0.0	0.0	0.0	1.0	0.0	0.0	0.0	0.0
CHN__SAMN42391127	0.0	0.0	0.0	0.0	1.0	0.0	0.0	0.0	0.0
ESP__SAMN16378352	0.0	0.0	0.0	0.0	0.0	1.0	0.0	0.0	0.0
NODE_0045	2.2205840644824336e-05	1.7554384990789572e-06	7.067453976204271e-06	2.142780408299027e-05	1.7592122501447896e-05	0.9998764892860972	1.643042821601561e-05	2.003914353484514e-05	1.6992482447426155e-05
NODE_0049	2.523142421385521e-07	2.0297283461776744e-08	8.171758912167624e-08	2.47759680686326e-07	2.0340865346726771e-07	0.9999981584982554	1.8997658087128026e-07	6.497688681125375e-07	1.962588468572432e-07
NODE_0130	2.8087752774246116e-05	2.2594983681065776e-06	9.096843052493413e-06	2.7580623521366924e-05	2.2643557210575677e-05	0.996141571455263	2.114829187275344e-05	2.579328306074567e-05	0.0037218186948766224
NODE_0134	1.2892996107195405e-06	1.0371674807914746e-07	3.077298732858178e-06	1.2660210876830893e-06	1.0393971299008776e-06	0.92653700325855	9.707606304672905e-07	1.19647383852637e-05	0.073443285509125
FIN__SAMEA751152	0.0	0.0	0.0	0.0	0.0	1.0	0.0	0.0	0.0
NODE_0145	7.967029569728483e-10	6.409017676072984e-11	0.9999999905701129	7.823183506522978e-10	6.422795451425813e-10	5.158233478173006e-09	5.998666710118831e-10	7.817129252316045e-10	6.046830002935324e-10
NODE_0146	9.553748865658216e-11	7.685442211067648e-12	5.24817727735306e-11	9.381254317713354e-11	7.701963977994046e-11	0.9999999994295343	7.193365453834795e-11	9.948370750824532e-11	7.251132693315168e-11
NODE_0181	1.710340194320845e-08	1.0002400363729693e-07	1.1735966606314874e-09	4.865869345455081e-08	2.477916517632268e-08	0.9999997884293816	1.376112126352305e-08	3.3218966227490877e-09	2.748739675032756e-09
NODE_0736	6.420644882924775e-05	0.9974855147649543	2.0794604758407548e-05	6.304721391089486e-05	5.176148260271375e-05	0.002158639440061279	4.834337741657238e-05	5.896127104258297e-05	4.8731396423840645e-05
NODE_0829	8.135398341874684e-07	6.544460682529512e-08	2.6348217086629687e-07	7.988512352180394e-07	0.9999958783131488	2.032838963767265e-07	6.125437690479283e-07	7.470804987405687e-07	6.174608398029066e-07
NODE_0830	2.456728797329918e-11	1.976297207108697e-12	7.956638501871707e-12	2.4123721443865794e-11	0.9999999998755332	6.138770116412671e-12	1.849760581850346e-11	2.25603479762321e-11	1.8646091594056605e-11
ITA__SAMEA8914521	0.0	0.0	0.0	0.0	0.0	1.0	0.0	0.0	0.0
SWE__SAMEA8914628	0.0	0.0	0.0	0.0	0.0	1.0	0.0	0.0	0.0
NODE_0050	2.2649571956745446e-06	1.8220336089911937e-07	7.335547527300882e-07	2.2240740248709796e-06	1.8259448676241898e-06	0.9999827289569827	1.7053687586829912e-06	6.611942411611678e-06	1.722997645185031e-06
NOR__SAMEA10057955	0.0	0.0	0.0	0.0	0.0	1.0	0.0	0.0	0.0
NODE_0131	5.56379670096662e-07	4.475754866520765e-08	1.8019548920635097e-07	5.463341407496897e-07	4.4853766132845206e-07	0.9999826292774745	4.1891851571867824e-07	5.109283894376374e-07	1.466467111033953e-05
USA__SAMN18620695	0.0	0.0	0.0	0.0	0.0	0.0	0.0	0.0	1.0
NODE_0135	1.7100406807328554e-06	1.3756295049803338e-07	4.158057452848074e-06	1.6791656067103285e-06	1.378586762277205e-06	0.9263553032167904	1.2875519048492295e-06	1.617944773591416e-05	0.07361816637011584
NODE_0142	0.0011868123948202312	9.547224031378757e-05	0.0003848331015983942	0.0011653842967885959	0.0009567748160753301	0.16007976012289438	0.0008935942739693206	0.001091719008270529	0.8341456497452695
IRN__SAMN12675064	0.0	0.0	1.0	0.0	0.0	0.0	0.0	0.0	0.0
IRN__SAMN12675071	0.0	0.0	1.0	0.0	0.0	0.0	0.0	0.0	0.0
SWE__SAMEA8914623	0.0	0.0	0.0	0.0	0.0	1.0	0.0	0.0	0.0
SWE__SAMEA8914625	0.0	0.0	0.0	0.0	0.0	1.0	0.0	0.0	0.0
NODE_0182	3.787195671155802e-11	1.8605028956946342e-10	5.087555669886191e-12	9.160380826853814e-11	5.5772626425670176e-11	0.9999999995834403	2.6457870365852563e-11	7.716603475456098e-12	5.999019534418894e-12
BEL__SAMEA117989203	0.0	0.0	0.0	1.0	0.0	0.0	0.0	0.0	0.0
TUN__SAMEA4752844	0.0	1.0	0.0	0.0	0.0	0.0	0.0	0.0	0.0
TUN__SAMEA4752846	0.0	1.0	0.0	0.0	0.0	0.0	0.0	0.0	0.0
CHN__SAMN42391089	0.0	0.0	0.0	0.0	1.0	0.0	0.0	0.0	0.0
CHN__SAMN42391114	0.0	0.0	0.0	0.0	1.0	0.0	0.0	0.0	0.0
NODE_0831	3.737296146304388e-11	3.0064400857379537e-12	1.2104028105544656e-11	3.669818633813685e-11	0.999999999810655	9.33859770115954e-12	2.8139463752159088e-11	3.4319906064721185e-11	2.836534758490404e-11
CHN__SAMN42391123	0.0	0.0	0.0	0.0	1.0	0.0	0.0	0.0	0.0
NODE_0051	1.946253145720412e-09	1.5974721824805872e-10	6.303314773603835e-10	1.9732483926280285e-09	1.5690046280743533e-09	0.9999999883006658	1.4654080872691693e-09	2.4775824698930647e-09	1.4777587707708692e-09
JPN__SAMD01797761	0.0	0.0	0.0	0.0	0.0	0.0	0.0	1.0	0.0
NODE_0132	4.903914017628238e-12	3.944917154654056e-13	1.5882368120664003e-12	4.8153730226249274e-12	3.9533977339080744e-12	0.9999999999721538	3.692335456983284e-12	4.503305652495293e-12	3.995181253828216e-12
NLD__SAMN03566780	0.0	0.0	0.0	0.0	0.0	1.0	0.0	0.0	0.0
NODE_0136	4.657532447743377e-05	3.7467173333492276e-06	0.00011529643148379427	4.573439913466059e-05	3.754771832858904e-05	0.9074532007424325	3.506825800106199e-05	0.0004489627336440075	0.09181386767516457
NODE_0141	4.349467768995149e-05	3.498896994089839e-06	1.4136335074706913e-05	4.2709373945677457e-05	3.506418742227191e-05	0.9987408997654836	3.2748726843017454e-05	4.0142814062998424e-05	0.001047305222483676
HTI__SAMN08524449	0.0	0.0	0.0	0.0	0.0	0.0	0.0	0.0	1.0
USA__SAMN16357509	0.0	0.0	0.0	0.0	0.0	0.0	0.0	0.0	1.0
NODE_0183	1.0109322771045725e-10	1.5100949528152552e-12	2.0173672498222783e-10	4.489367424950177e-12	1.0507398112863983e-10	0.9999999995376933	3.1763309053246203e-12	4.144499623461773e-11	3.7819321445245396e-12
NLD__SAMN03566785	0.0	0.0	0.0	0.0	0.0	1.0	0.0	0.0	0.0
CHN__SAMN42391096	0.0	0.0	0.0	0.0	1.0	0.0	0.0	0.0	0.0
NODE_0832	2.454702004099493e-11	1.974666768370392e-12	7.950074301106013e-12	2.4103819452498973e-11	0.9999999998756359	6.1337056511250885e-12	1.8482345354144206e-11	2.2541735762867747e-11	1.8630708629417693e-11
NODE_0052	3.049594346998754e-11	6.64849261765131e-12	9.871469623578676e-12	1.1185816259070672e-10	2.4571804320109917e-11	0.9999999997342573	2.2965743985193882e-11	3.619049975361899e-11	2.3140555896353443e-11
NOR__SAMEA10058036	0.0	0.0	0.0	0.0	0.0	1.0	0.0	0.0	0.0
ESP__SAMN16378549	0.0	0.0	0.0	0.0	0.0	1.0	0.0	0.0	0.0
ESP__SAMN16378322	0.0	0.0	0.0	0.0	0.0	1.0	0.0	0.0	0.0
NODE_0137	0.003869919244204592	0.0003113127750352233	0.03115269028184974	0.0038000471993044366	0.003119820191683631	0.2536773185658085	0.002913803135557072	0.12474559734155112	0.5764094912650056
BRA__SAMN05776224	0.0	0.0	0.0	0.0	0.0	0.0	0.0	0.0	1.0
NOR__SAMEA10057896	0.0	0.0	0.0	0.0	0.0	1.0	0.0	0.0	0.0
NOR__SAMEA10057914	0.0	0.0	0.0	0.0	0.0	1.0	0.0	0.0	0.0
NODE_0184	1.468992864589265e-10	9.82700335875084e-12	7.142062986977772e-11	1.220741937567195e-10	1.606088812122724e-08	0.9999999831481092	9.648488535364059e-11	1.1612109615629095e-10	2.2817553258825804e-10
NODE_0679	0.0009214307403117728	1.3911407185225597e-07	0.002007470637303444	1.7011475953115758e-06	4.0239592329362995e-06	0.9966827914354379	1.3020695064293414e-06	0.00037980680770200245	1.3340888383028454e-06
NODE_0833	1.204069450843394e-11	9.686047134925744e-13	3.899634897397065e-12	1.1823297737537685e-11	0.9999999999389976	3.0086778691063737e-12	9.06587739925126e-12	1.1057071430961753e-11	9.138651889631574e-12
CHN__SAMN42391125	0.0	0.0	0.0	0.0	1.0	0.0	0.0	0.0	0.0
NODE_0053	6.325833663831588e-10	2.2417822023027556e-10	2.0465704618934025e-10	4.004667617062003e-09	5.094269927145859e-10	0.9999999928840037	4.764700905190897e-10	5.844031471521334e-10	4.796098870051854e-10
IRL__SAMEA8914488	0.0	0.0	0.0	0.0	0.0	1.0	0.0	0.0	0.0
NODE_0138	0.0043108160450741825	0.0003467803902286043	0.052377249831207846	0.004232983534044846	0.003475258808099727	0.16617177441915976	0.0032457703937253633	0.21060179324930337	0.5552375733291564
USA__SAMN04221183	0.0	0.0	0.0	0.0	0.0	0.0	0.0	0.0	1.0
NODE_0185	6.839515709594046e-08	5.0614872427022615e-09	2.040906933444042e-08	6.18467346787388e-08	7.678215694155965e-06	0.9999919398709113	4.737858329938565e-08	5.778310015120727e-08	1.2103926283914765e-07
NODE_0607	5.4575379705205025e-08	4.3902680075583175e-09	1.7675490636112967e-08	5.492604768647225e-07	1.34204765746105e-06	0.9999971690831577	7.714285060066481e-07	5.011695821910816e-08	4.142210529663309e-08
NODE_0680	0.09286218921184022	1.603339632062287e-05	0.00022498820618915873	0.00019571229814489813	0.00016088887560026345	0.9060255808092504	0.00015006824071253858	0.0002132643547559342	0.00015127460718593615
NODE_0684	0.0009181378948771503	1.3720020802657865e-07	0.002139728669496238	1.6779869444636855e-06	4.178097645958013e-06	0.9965288270180692	1.2841562955200726e-06	0.0004047115232426845	1.3174532208836248e-06
CHN__SAMN42391098	0.0	0.0	0.0	0.0	1.0	0.0	0.0	0.0	0.0
NODE_0834	2.4546698510703264e-11	1.974640903105243e-12	7.94997016668544e-12	2.4103503727490972e-11	0.9999999998756376	6.133625308494345e-12	1.8482103262277963e-11	2.2541440498886112e-11	1.8630464594208144e-11
NODE_0054	1.1547182596798362e-11	3.4340537687219653e-10	3.3079251837656e-12	4.0770143103166634e-10	8.234001275096049e-12	0.999999999199599	9.040220871751651e-12	9.412994193953367e-12	7.752031056554731e-12
BEL__SAMEA117989516	0.0	0.0	0.0	1.0	0.0	0.0	0.0	0.0	0.0
NODE_0139	0.004319236230818062	0.0003474577458075779	0.05254863836208472	0.004241251691914437	0.0034820469253300343	0.16595090559892806	0.003252110258222338	0.21061199219069768	0.5552463609961971
JPN__SAMEA41240668	0.0	0.0	0.0	0.0	0.0	0.0	0.0	1.0	0.0
NODE_0186	0.00012030639922711627	4.313341783008146e-06	1.7365660136406104e-05	5.3396312184497046e-05	0.09315374137259666	0.9056257355271609	4.037170947638079e-05	4.9238794524487426e-05	0.0009355308829105711
NODE_0320	8.132539462105729e-09	6.542102422609231e-10	2.6338726813990123e-09	1.326302227467565e-08	1.3345021261342354e-08	0.99999994220192	6.123788102679438e-09	7.468207536099774e-09	6.177418473886294e-09
NODE_0608	7.3438261862948e-08	5.907678777179131e-09	2.3784633102921722e-08	7.60701175553082e-07	1.8617968666230279e-06	0.9999960813106756	1.0698831541290461e-06	6.743890448438108e-08	5.5738649947661796e-08
IRL__SAMEA8914485	0.0	0.0	0.0	0.0	0.0	1.0	0.0	0.0	0.0
NODE_0681	0.96124419609524	0.00011902916957493507	0.0004848006722830516	0.0014529325533412637	0.0011928578422440406	0.03190925337556874	0.0011140807423998264	0.0013598256899335372	0.0011230238594145132
NODE_0682	0.09338501620123746	1.5146746648812141e-05	0.00016099763254324374	0.00018488929490990646	0.00015192414344121312	0.9056255919751083	0.00014176944028865065	0.00019175602530829706	0.0001429085405141798
NODE_0685	0.000845744425710061	1.3711857814010306e-07	0.002324490916982502	1.6772712531071332e-06	4.419388629309607e-06	0.9963813982034817	1.2833922970001986e-06	0.00043953061443469593	1.3186686334883175e-06
AUS__SAMN45810525	1.0	0.0	0.0	0.0	0.0	0.0	0.0	0.0	0.0
NODE_0835	3.701942616123294e-11	2.9780002013541885e-12	1.1989528182019642e-11	3.635103417584977e-11	0.9999999998124461	9.250257793709736e-12	2.7873274148205575e-11	3.3995251612043883e-11	2.8097021197943307e-11
CHN__SAMN42391117	0.0	0.0	0.0	0.0	1.0	0.0	0.0	0.0	0.0
NODE_0055	8.645860252413138e-10	4.4083538829966886e-08	2.2451131232818467e-10	1.4647069503683724e-08	5.588477157636254e-10	0.9999999377632769	6.954356879470216e-10	6.365998383071421e-10	5.261340725112143e-10
AUT__SAMN15396117	0.0	0.0	0.0	0.0	0.0	1.0	0.0	0.0	0.0
JPN__SAMEA41231668	0.0	0.0	0.0	0.0	0.0	0.0	0.0	1.0	0.0
NODE_0140	0.002428962794907358	0.00019539610529919067	0.32194500211537397	0.0023851074618225125	0.0019581615775959823	0.015373666748508813	0.0018288545474306453	0.020738750266899586	0.6331460983821621
NODE_0187	0.00012099599742871487	4.3250505266159715e-06	1.741279991705834e-05	5.3545316336221476e-05	0.09317046610360345	0.9056004594041402	4.048130013910397e-05	4.937245525442111e-05	0.0009429415726542266
CHN__SAMN32034035	0.0	0.0	0.0	0.0	1.0	0.0	0.0	0.0	0.0
NODE_0321	7.06278317673715e-11	5.681556215138738e-12	2.287413826480898e-11	5.748327312581123e-09	7.2465596604010465e-09	0.9999999867292082	5.3777878925170054e-11	6.495935191125465e-11	5.7984222485558145e-11
NODE_0606	1.9706393297913096e-09	1.585266150468308e-10	6.38233441973338e-10	1.935073703643743e-09	1.58869285484519e-09	0.9999999889197363	1.4837661204900193e-09	1.8096547354333468e-09	1.4956767641804966e-09
NODE_0609	5.351381992236269e-06	4.3048793629125775e-07	1.733158917122602e-06	5.5570247278805733e-05	0.00013590718093929157	0.9997138660395851	7.81656893317989e-05	4.91421919583932e-06	4.061594823479897e-06
DNK__SAMEA8914404	0.0	0.0	0.0	0.0	0.0	1.0	0.0	0.0	0.0
AUS__SAMN22858181	1.0	0.0	0.0	0.0	0.0	0.0	0.0	0.0	0.0
AUS__SAMN08443771	1.0	0.0	0.0	0.0	0.0	0.0	0.0	0.0	0.0
NODE_0683	0.9369855944100561	0.00012773849217438945	0.000520383707080362	0.0015592431189566812	0.0012801389768652537	0.05566676407936959	0.001195597639661617	0.0014593444532379199	0.0012051951225980693
SWE__SAMN03566784	0.0	0.0	0.0	0.0	0.0	1.0	0.0	0.0	0.0
NODE_0686	0.0008291482070994534	1.4532480205544912e-07	0.0023245577831471657	1.7777286755142499e-06	4.749992560046011e-06	0.9963615185779567	1.3602003351282344e-06	0.00047534405533977247	1.3981300839108069e-06
NODE_0734	1.6245485364551775e-06	1.2629854537045772e-07	0.9999268270759791	1.541666590968842e-06	1.2658973154303615e-06	6.477072761313948e-05	1.182120128115499e-06	1.4700543202662057e-06	1.1916109711016487e-06
CHN__SAMN42391099	0.0	0.0	0.0	0.0	1.0	0.0	0.0	0.0	0.0
CHN__SAMN42391120	0.0	0.0	0.0	0.0	1.0	0.0	0.0	0.0	0.0
NODE_0056	4.939676114294245e-10	4.848582303886644e-09	4.9216885847672006e-11	2.7731292949060288e-08	1.2250939138788884e-10	0.9999999660388932	4.6064754809622857e-10	1.3955209968190862e-10	1.1533797579487708e-10
TUN__SAMEA4752850	0.0	1.0	0.0	0.0	0.0	0.0	0.0	0.0	0.0
ISR__SAMN05908236	0.0	0.0	1.0	0.0	0.0	0.0	0.0	0.0	0.0
USA__SAMN08178168	0.0	0.0	0.0	0.0	0.0	0.0	0.0	0.0	1.0
NODE_0188	0.00012573114935203168	4.713106207211712e-06	1.897512503016183e-05	5.8351743121530034e-05	0.09292589702852834	0.9057382414099509	4.411339605503208e-05	5.380229058257087e-05	0.0010301747511722323
NODE_0318	0.018745408221315353	0.00015550957929379725	0.0006260867556600502	0.0018983363700891254	0.8469897589435438	0.12676115054943157	0.0014555274826667309	0.0017752138746946846	0.0015930082233048704
NODE_0322	2.07778509906451e-09	1.6714584084294783e-10	6.729347351952416e-10	1.71894818101699e-07	2.7552701719006166e-07	0.9999995444171091	1.5853707700760272e-09	1.9119776403304265e-09	1.7458415058321923e-09
NODE_0597	9.319221655277826e-08	7.496778541039676e-09	3.018228056242254e-08	4.152357482381722e-06	7.517704436589036e-08	0.9999954035293623	8.175453424893751e-08	8.557919999257692e-08	7.07311009374176e-08
FIN__SAMEA8914470	0.0	0.0	0.0	0.0	0.0	1.0	0.0	0.0	0.0
FIN__SAMEA8914471	0.0	0.0	0.0	0.0	0.0	1.0	0.0	0.0	0.0
NODE_0610	0.0006224467220696518	5.007226355603283e-05	0.0002015926040063424	0.008140070088197749	0.0006040910298989846	0.9777757767896006	0.011561927520823433	0.0005715980803602669	0.00047242490148690627
CHN__SAMN50151957	0.0	0.0	0.0	0.0	1.0	0.0	0.0	0.0	0.0
AUS__SAMN07235949	1.0	0.0	0.0	0.0	0.0	0.0	0.0	0.0	0.0
AUS__SAMN08443767	1.0	0.0	0.0	0.0	0.0	0.0	0.0	0.0	0.0
NODE_0687	0.0008220855055611672	1.6380566665294248e-07	0.0023038650549660087	2.003840258705335e-06	5.387569653204273e-06	0.9963780724239406	1.5331762186473698e-06	0.00048531241932894836	1.5762044060129231e-06
NODE_0733	0.006974491827751362	0.0005046564052565841	0.082385108186136	0.0061601043079847085	0.005060204047546491	0.8459257228442391	0.004723447072626615	0.043504878833084154	0.004761386475374923
NODE_0735	2.6232558469355705e-11	2.0396101727230102e-12	0.9999999988212394	2.4896556420031492e-11	2.0443116821656805e-11	1.0430763281475378e-09	1.9090198003571982e-11	2.3738800596340265e-11	1.924346667837191e-11
ISR__SAMN05908238	0.0	0.0	1.0	0.0	0.0	0.0	0.0	0.0	0.0
NODE_0057	5.87281517661796e-09	3.31185563973559e-09	4.3260347751634247e-10	3.639387804210562e-07	1.0768253177767785e-09	0.9999996175278665	5.598852778954629e-09	1.2266103683552388e-09	1.013790449953637e-09
AUT__SAMN15396214	0.0	0.0	0.0	0.0	0.0	1.0	0.0	0.0	0.0
NODE_0189	6.777935227939183e-05	8.22751845445744e-07	3.312426390521084e-06	5.599845225699367e-05	0.00029793475465306	0.9995462224536042	7.700734426771762e-06	9.392093388703352e-06	1.0836981154938736e-05
USA__SAMN06007763	0.0	0.0	0.0	0.0	0.0	0.0	0.0	0.0	1.0
NODE_0319	0.018829597217898144	0.00015600774499670812	0.0006280923874025759	0.0019044170924421438	0.8470610865125819	0.12658217968142718	0.0014601901785261874	0.001780900666927634	0.0015975285177974557
CHN__SAMN33268689	0.0	0.0	0.0	0.0	1.0	0.0	0.0	0.0	0.0
NODE_0323	1.9163766779613656e-07	1.541614960436467e-08	6.206593272332183e-08	6.831666694319821e-06	2.5700745942057663e-05	0.9999667146732638	1.4624006406016513e-07	1.7634927519602315e-07	1.6120501061127838e-07
NODE_0594	5.926015257876947e-05	4.767138894671185e-06	1.9192660262169576e-05	0.000509682589915443	4.7822020437726134e-05	0.9992152598803182	4.461913072166724e-05	5.441909915863158e-05	4.497732771267557e-05
BEL__SAMEA117989226	0.0	0.0	0.0	1.0	0.0	0.0	0.0	0.0	0.0
NODE_0598	1.412188377251636e-09	1.136024435741793e-10	4.573672285719025e-10	1.3017526611204848e-07	1.1391888977340766e-09	0.99999985157876	1.2754978584372436e-08	1.2968245206076942e-09	1.0718238279698207e-09
NODE_0611	0.000669809723395123	5.3882344967615214e-05	0.00021693211890586882	0.008773827795578374	0.0006420926845195686	0.9760571294255065	0.012462861488598051	0.0006150919243802131	0.000508372494148701
NOR__SAMEA8914580	0.0	0.0	0.0	0.0	0.0	1.0	0.0	0.0	0.0
NODE_0688	0.0008462485953057158	3.778523737076497e-05	0.00021337264025961996	0.0004612265706114153	0.04327975267898402	0.02019873550496531	0.00035365957312157167	0.9339008875529641	0.0007083316464176464
NODE_0720	1.4697358302520672e-07	5.836376521073579e-10	3.947654490154404e-07	9.794137020219364e-08	6.487158052573863e-09	0.9999992532438458	5.462690054345391e-09	8.90304913562581e-08	5.511774861755854e-09
JPN__SAMD00872997	0.0	0.0	0.0	0.0	0.0	0.0	0.0	1.0	0.0
ISR__SAMN05908234	0.0	0.0	1.0	0.0	0.0	0.0	0.0	0.0	0.0
ISR__SAMN05908228	0.0	0.0	1.0	0.0	0.0	0.0	0.0	0.0	0.0
ISR__SAMN05908230	0.0	0.0	1.0	0.0	0.0	0.0	0.0	0.0	0.0
NODE_0058	3.5885422431629738e-09	1.716607640870743e-09	4.1919037839332984e-10	3.937309807718718e-07	1.0434377805142417e-09	0.9999995940366818	3.293623999721776e-09	1.188578063869551e-09	9.823573477989546e-10
NODE_0127	0.03148636750519632	0.0005093508475271545	0.002050652516366096	0.06636319336455303	0.005104430875737799	0.8536098896822369	0.030256041294577027	0.005814444672418018	0.0048056292413875745
NODE_0190	6.271430975984914e-05	4.1420088746521705e-07	1.6675865975943456e-06	2.8210590255932174e-05	0.00014969388460801803	0.9997432417712967	3.876808273356243e-06	4.728294975320031e-06	5.452553345878602e-06
BEL__SAMEA117989511	0.0	0.0	0.0	1.0	0.0	0.0	0.0	0.0	0.0
AUS__SAMN22858115	1.0	0.0	0.0	0.0	0.0	0.0	0.0	0.0	0.0
CHN__SAMN50151970	0.0	0.0	0.0	0.0	1.0	0.0	0.0	0.0	0.0
NODE_0324	4.926031174658294e-05	3.962709137085799e-06	1.595399921552711e-05	0.001261398100801338	0.006659884438263287	0.9918897141708263	3.7091816017563154e-05	4.533121148027575e-05	3.740324251184654e-05
NODE_0585	2.829657285784799e-07	2.2762967556725305e-08	9.164446694922606e-08	2.4394324931903507e-05	3.507685246539659e-07	0.9999687247671427	8.124806959027113e-07	2.598515787051954e-07	5.060433963171524e-06
BEL__SAMEA117989513	0.0	0.0	0.0	1.0	0.0	0.0	0.0	0.0	0.0
NODE_0595	6.4819773635237744e-12	5.214378475142988e-13	2.0993261736858054e-12	4.332529108141884e-11	5.229529761641716e-12	0.9999999999265899	4.880517122057657e-12	5.952454599131518e-12	4.9196966090312866e-12
NODE_0599	1.203785892973341e-09	9.683766074509801e-11	3.8987165348636474e-10	9.939653573630897e-08	9.707969561735701e-10	0.9999998737556872	2.216738796073821e-08	1.1054467542766033e-09	9.13650180304766e-10
DNK__SAMEA8914410	0.0	0.0	0.0	0.0	0.0	1.0	0.0	0.0	0.0
NODE_0612	0.010939188847434275	0.0008799949099261188	0.0035428888714805116	0.7299727694831024	0.008837685289902886	0.18258490807045608	0.04489438443223954	0.010045549482051445	0.008302630613406907
FRA__SAMEA115874218	0.0	0.0	0.0	0.0	0.0	0.0	1.0	0.0	0.0
NODE_0689	0.0008006350949718456	3.4157794286044846e-05	0.00019422706880198526	0.00041694808705263934	0.042581916941384114	0.018204420183360843	0.0003197076897371732	0.9367727813995625	0.0006752057408429364
CHN__SAMN09947459	0.0	0.0	0.0	0.0	1.0	0.0	0.0	0.0	0.0
NODE_0721	7.498133520833164e-08	3.4694661555101405e-10	1.9987755075296633e-07	1.1097211413239257e-07	3.799738699208282e-09	0.9999995578773154	3.2473261839216324e-09	4.562163208259605e-08	3.2760408380475185e-09
AUT__SAMN15396107	0.0	0.0	0.0	0.0	0.0	1.0	0.0	0.0	0.0
NODE_0059	8.882305814788996e-11	2.793551668764464e-11	9.865035056565285e-12	1.7712614867623386e-07	2.4555788526388124e-11	0.999999822596545	7.503714039739668e-11	2.7971448684106843e-11	2.3118368045282382e-11
NODE_0126	8.319867644994692e-06	6.692859357699237e-07	2.694565820842804e-06	0.999699045211276	6.7072431154700225e-06	0.0002623446740066515	6.2643315008849375e-06	7.640204157669902e-06	6.314616541876363e-06
NODE_0128	0.27796395008980385	0.0015649775258988097	0.00630064845385664	0.1296705439360406	0.015683410157673845	0.25959617116146483	0.2765900252618839	0.017864933987069988	0.014765339426307497
BEL__SAMEA117989519	0.0	0.0	0.0	1.0	0.0	0.0	0.0	0.0	0.0
AUS__SAMN22857989	1.0	0.0	0.0	0.0	0.0	0.0	0.0	0.0	0.0
NODE_0191	6.538081868714704e-07	4.328366518476026e-09	1.742614806989009e-08	4.256927027212801e-07	1.560412013588746e-06	0.9999971914725021	4.051264920320261e-08	4.941030857247403e-08	5.693712240826757e-08
NODE_0325	1.7807306027557632e-06	1.4324954877656337e-07	5.767274633954713e-07	2.038951329290419e-06	0.9997389000347907	0.0002378786684453099	1.3407773851192753e-06	1.5989316956860876e-05	1.3515434779558084e-06
BEL__SAMEA117989259	0.0	0.0	0.0	1.0	0.0	0.0	0.0	0.0	0.0
NODE_0586	2.9135559404603353e-07	2.343788404362948e-08	9.436170324644464e-08	2.593432456297516e-05	3.53036721807809e-07	0.9999667755670143	8.600534646696502e-07	2.6755599845772547e-07	5.400307056602841e-06
NOR__SAMEA10057988	0.0	0.0	0.0	0.0	0.0	1.0	0.0	0.0	0.0
AUT__SAMN15396105	0.0	0.0	0.0	0.0	0.0	1.0	0.0	0.0	0.0
NODE_0596	1.1761661684026438e-12	9.461581254862822e-14	3.8092641850750025e-13	1.2251353074726692e-12	9.481996144882398e-13	0.9999999999933166	8.855783429524573e-13	1.0800833233409349e-12	8.926871473606894e-13
NODE_0600	2.9087860698476685e-07	2.3399513174445332e-08	9.42072208467205e-08	1.0670792041552278e-06	2.344984998405538e-07	0.9999924282210401	5.3738284542123836e-06	2.6711628079041227e-07	2.2077117993380663e-07
NOR__SAMEA10058016	0.0	0.0	0.0	0.0	0.0	1.0	0.0	0.0	0.0
NODE_0613	7.360788963177316e-07	5.921331929613656e-08	2.383947993460902e-07	0.9999738771628119	5.943168918919481e-07	8.888218226915348e-06	1.4371998087315292e-05	6.759474654640413e-07	5.586695013379042e-07
FRA__SAMEA115874215	0.0	0.0	0.0	0.0	0.0	0.0	1.0	0.0	0.0
NODE_0690	0.0007577546262503939	3.0637474483559585e-05	0.00017556932712526686	0.0003739772066873281	0.03812459187184402	0.01621503623196646	0.0002867584512189568	0.9433911720592862	0.0006445027511378451
CHN__SAMN39683174	0.0	0.0	0.0	0.0	1.0	0.0	0.0	0.0	0.0
NODE_0722	1.5089506644825897e-06	1.2138620269742675e-07	4.887122729531877e-07	0.9999554861813437	1.216471536885135e-06	3.751121269124119e-05	1.136141933118902e-06	1.3856812730126518e-06	1.1452620819398524e-06
NODE_0724	1.8461519697195816e-09	9.74291635266923e-12	4.884199384331766e-09	3.318035027069532e-09	1.0551859964803928e-10	0.9999999885249942	9.119105362220428e-11	1.1281792319567747e-09	9.198769517805801e-11
NODE_0060	1.0954266636907407e-09	6.411309911045787e-11	2.0650968570516295e-10	2.363300246140597e-07	5.140385352665188e-10	0.9999997599605189	7.598795690478852e-10	5.855400380528801e-10	4.839486870218867e-10
NLD__SAMEA8914568	0.0	0.0	0.0	0.0	0.0	1.0	0.0	0.0	0.0
BEL__SAMEA117989436	0.0	0.0	0.0	1.0	0.0	0.0	0.0	0.0	0.0
BEL__SAMEA117989512	0.0	0.0	0.0	1.0	0.0	0.0	0.0	0.0	0.0
AUS__SAMN45810610	1.0	0.0	0.0	0.0	0.0	0.0	0.0	0.0	0.0
NODE_0129	0.27728724185994313	0.001566687774198827	0.0063075339794539526	0.1299561311740253	0.015700549428795646	0.2589137068918727	0.2776022161990571	0.017884457288705233	0.01478147540394806
NODE_0192	1.3202407089071512e-08	8.852929345475105e-11	3.564218902527013e-10	1.3916056445827174e-07	3.1530150373762685e-08	0.9999998126624117	8.28927157422307e-10	1.0106028887861187e-09	1.1599851893557943e-09
DNK__SAMEA8914405	0.0	0.0	0.0	0.0	0.0	1.0	0.0	0.0	0.0
NODE_0326	8.674232842665143e-07	6.977922088673482e-08	2.8093347171717576e-07	9.919453803674864e-07	0.999866355528503	0.0001148431277559537	6.531148043900433e-07	1.527978844782462e-05	6.583591317640123e-07
NODE_0582	3.4147389619692453e-06	2.746961358078955e-07	1.1059358089576397e-06	3.355331714748082e-06	0.999980749515614	2.6901476049868867e-06	2.5710813276663964e-06	3.2468326453398954e-06	2.591720186408558e-06
NODE_0587	1.0196843440691101e-05	8.202774858608968e-07	3.302464529496432e-06	0.0008493225688022742	8.337928592887776e-06	0.9988984572217428	3.0221095842500227e-05	9.363849114483775e-06	0.00018997775044905286
NODE_0593	1.1595236051574916e-07	9.327701392761025e-09	3.755363705855946e-08	3.186538946383088e-07	9.442096811545819e-08	0.9999990958308891	9.242044380040868e-08	1.0648004523420359e-07	1.293600600848516e-07
AUT__SAMN15396109	0.0	0.0	0.0	0.0	0.0	1.0	0.0	0.0	0.0
AUT__SAMN15396112	0.0	0.0	0.0	0.0	0.0	1.0	0.0	0.0	0.0
NODE_0601	0.001955122751234999	0.00015727839544274673	0.0006332080681949444	0.11317530780662002	0.0015761650441962218	0.041942393154726955	0.8372812190788971	0.001795405730255974	0.001483899970431137
NODE_0604	1.2544396683336727e-06	1.0091246602834807e-07	4.0627695552666627e-07	1.2389431137486076e-06	1.011294027473559e-06	0.9999928923811495	9.91694880354263e-07	1.1519625391112094e-06	9.520951999437496e-07
NODE_0614	3.7067643024369514e-07	2.981878971041416e-08	1.200514423825094e-07	0.9999808837756082	2.992841654260548e-07	4.4434165926905425e-06	1.323124550716055e-05	3.403952956454982e-07	2.813361685519149e-07
BEL__SAMEA117989544	0.0	0.0	0.0	1.0	0.0	0.0	0.0	0.0	0.0
NODE_0691	0.0008128041293000634	2.567877954620044e-06	4.050049124202806e-05	3.13449469424925e-05	0.003241893580922915	0.0006393094034404735	2.4034641157843893e-05	0.9944069923875839	0.0008005525414556816
JPN__SAMD00570813	0.0	0.0	0.0	0.0	0.0	0.0	0.0	1.0	0.0
NODE_0723	1.0907446888555514e-08	8.774399303585735e-10	3.532655552811806e-09	0.9999996790517617	8.793262140641814e-09	2.7032991502548e-07	8.212599756153581e-09	1.0016394355594344e-08	8.278524734184298e-09
BEL__SAMEA117989467	0.0	0.0	0.0	1.0	0.0	0.0	0.0	0.0	0.0
NODE_0725	1.5134036070699428e-09	5.3064633698776844e-11	2.611522919307117e-09	2.805477052642578e-09	5.356870703200247e-10	0.9999999903744121	4.966705780522781e-10	1.1090726380216807e-09	5.006894840545778e-10
AUT__SAMN15396157	0.0	0.0	0.0	0.0	0.0	1.0	0.0	0.0	0.0
NODE_0061	4.189681013503658e-11	1.9720243611443293e-12	7.055325403265649e-12	4.376063224725318e-09	1.7561932380821277e-11	0.9999999954024317	1.164786009159303e-10	2.0004754125037856e-11	1.653546175005664e-11
NODE_0119	0.006839013151221479	0.00015691690102952505	0.0006317526660604639	0.720468596869775	0.0015725422950657532	0.26330186961795005	0.003757540144552136	0.0017912790656360387	0.001480489288709486
BEL__SAMEA117989547	0.0	0.0	0.0	1.0	0.0	0.0	0.0	0.0	0.0
FRA__SAMEA115874225	0.0	0.0	0.0	0.0	0.0	0.0	1.0	0.0	0.0
NODE_0193	7.229009357545662e-09	9.393481482180924e-11	3.781846992936207e-10	1.6401238064309394e-07	1.631328460560895e-08	0.9999998089721195	8.798759166985567e-10	1.0723094188099759e-09	1.0489010229363427e-09
AUT__SAMN15396159	0.0	0.0	0.0	0.0	0.0	1.0	0.0	0.0	0.0
NODE_0327	1.1614738781902827e-06	9.34339021910693e-08	3.76168007969405e-07	1.2796056277378286e-06	0.9998606904855921	0.0001140325089315897	8.745162037091326e-07	2.0610270082863308e-05	8.815377736769807e-07
NODE_0580	1.7958580561844145e-06	1.4446646551537496e-07	5.816268107925998e-07	1.7686785864435623e-06	0.9999860655772381	4.737554633825816e-06	1.352166941290312e-06	2.1910500215597566e-06	1.3630212460604694e-06
CHN__SAMN33268552	0.0	0.0	0.0	0.0	1.0	0.0	0.0	0.0	0.0
NODE_0583	3.6930772876114138e-09	2.970868553775843e-10	1.1960815930896916e-09	3.626442330684616e-09	0.9999999812511849	9.58933218364884e-10	2.780652386192532e-09	3.393567851525644e-09	2.802973509227265e-09
NODE_0588	0.0010890997014657519	8.761181537860307e-05	0.00035272809218817475	0.02240076450431949	0.0008780868592445121	0.9457031164083576	0.0008363803093044209	0.0010001294527365052	0.027652082857004937
NODE_0591	0.015864408875581115	0.0012762005715615354	0.005138026085991804	0.5321086654628598	0.012789457283088584	0.14392525142086282	0.26226325878782236	0.014568420619530084	0.012066310892701826
AUT__SAMN15396194	0.0	0.0	0.0	0.0	0.0	1.0	0.0	0.0	0.0
NOR__SAMEA10058023	0.0	0.0	0.0	0.0	0.0	1.0	0.0	0.0	0.0
NODE_0602	0.0019508510360288713	0.00015693476049042276	0.0006318245824103089	0.11339455382914729	0.0015727213073861125	0.04176784817349162	0.8372531255108835	0.001791482978114576	0.0014806578220473289
FRA__SAMEA115874199	0.0	0.0	0.0	0.0	0.0	0.0	1.0	0.0	0.0
NODE_0605	4.635327224796e-07	3.7288545069995475e-08	1.5012492671421675e-07	4.5516765542872486e-07	3.7368706059449233e-07	0.9999973936831198	3.4903767684735434e-07	4.25666012824681e-07	3.5181228019921123e-07
NOR__SAMEA10057989	0.0	0.0	0.0	0.0	0.0	1.0	0.0	0.0	0.0
NODE_0615	2.0515439206305366e-11	1.65034924693601e-12	6.644361137848404e-12	0.9999999989505692	1.6563940882429568e-11	2.4376903053599866e-10	7.258772766568954e-10	1.8839501042287805e-11	1.5570817542045695e-11
FRA__SAMEA115874198	0.0	0.0	0.0	0.0	0.0	0.0	1.0	0.0	0.0
NODE_0692	0.0008246364100860181	2.584176615432843e-06	4.0936105781648004e-05	3.154389810584305e-05	0.0032305954457781797	0.0006340075030979401	2.4187192202294384e-05	0.9943990476914288	0.0008124615769036931
JPN__SAMD00549621	0.0	0.0	0.0	0.0	0.0	0.0	0.0	1.0	0.0
BEL__SAMEA117989252	0.0	0.0	0.0	1.0	0.0	0.0	0.0	0.0	0.0
BEL__SAMEA117989272	0.0	0.0	0.0	1.0	0.0	0.0	0.0	0.0	0.0
NODE_0726	1.0859595647709888e-06	8.735333199378499e-08	3.518926329547573e-07	6.719556034311773e-06	8.754115305235364e-07	0.999988240834952	8.176034942222896e-07	9.972218161368692e-07	8.241666430294982e-07
NODE_0731	2.8717286311956088e-09	2.3101291131239155e-10	9.301062714047674e-10	2.819901415803022e-09	2.315095375440955e-09	0.9999999838532344	2.16221819120675e-09	2.6371278984927517e-09	2.1795749593311764e-09
NODE_0062	7.604650356481535e-12	5.956255165810655e-13	2.387834054198863e-12	4.245750737311282e-10	5.943734415810279e-12	0.9999999995162497	3.0231067051102266e-11	6.770493249874385e-12	5.641812951122517e-12
NODE_0117	0.00044408475225400597	1.2409598737128395e-05	4.9961458407309865e-05	0.0001514790526475119	0.0001243627620261499	0.9964891420671868	0.0024698161398031718	0.00014166131674875183	0.00011708285218927392
NODE_0120	0.0330200548239409	0.0002676716416699235	0.0010776549573520919	0.8795843958924275	0.0026824706739919835	0.07463859375230053	0.003148117487480897	0.0030555957557272056	0.0025254450151090653
NODE_0123	0.0008998405140886482	5.679211534663987e-05	0.00022864695091473868	0.9650422678858877	0.0005691420397058321	0.010598887584392301	0.021420288835509244	0.0006483082994316688	0.0005358257747232277
NODE_0194	4.622483223029888e-11	8.476248649854669e-13	3.4125659924984828e-12	5.416384410495306e-09	1.4724899472749815e-10	0.9999999943582879	8.964153464054299e-12	9.676030426552107e-12	8.953470084650559e-12
BEL__SAMEA117989211	0.0	0.0	0.0	1.0	0.0	0.0	0.0	0.0	0.0
NODE_0328	5.344725773644714e-09	4.299524892896604e-10	1.7310030687451856e-09	5.2642005771122345e-09	0.9999999575989469	1.4397856854360513e-08	4.024238707252527e-09	7.1525330150140945e-09	4.056542646673081e-09
JPN__SAMD00892039	0.0	0.0	0.0	0.0	0.0	0.0	0.0	1.0	0.0
NODE_0581	1.793135600976666e-06	1.4424745963123344e-07	5.807450857951506e-07	1.7656065505564207e-06	0.999986447005449	4.4108336011394746e-06	1.3501171049812085e-06	2.1473541970719476e-06	1.36095495060993e-06
CHN__SAMN45156013	0.0	0.0	0.0	0.0	1.0	0.0	0.0	0.0	0.0
NODE_0584	6.843238378527009e-11	5.504992211497157e-12	2.2163282336760933e-11	6.719735675569498e-11	0.9999999996528357	1.7533955371014252e-11	5.152523395651294e-11	6.286829509428249e-11	5.193884231807425e-11
CHN__SAMN50151964	0.0	0.0	0.0	0.0	1.0	0.0	0.0	0.0	0.0
NODE_0589	0.0011756417082089854	9.457362273846053e-05	0.00038075656092395496	0.15989747740864443	0.0009477813431851825	0.8308627691640492	0.000887489391042315	0.0010796017071820502	0.004673909094025415
NODE_0590	1.8669636042865916e-09	1.5018649844196398e-10	6.046558542239043e-10	2.8141752962313643e-09	1.505097537456549e-09	4.394210304334217e-08	1.4064570875489604e-09	1.7144484413105168e-09	0.9999999459959126
NODE_0592	0.01266708688151224	0.001018994382014972	0.00410250538429535	0.706051230318924	0.010211859423050494	0.08635878532869362	0.1583279961465227	0.011632292836153775	0.00962924929883288
FRA__SAMEA115874223	0.0	0.0	0.0	0.0	0.0	0.0	1.0	0.0	0.0
BEL__SAMEA117989573	0.0	0.0	0.0	1.0	0.0	0.0	0.0	0.0	0.0
NODE_0603	0.001232646617840813	9.915934029179027e-05	0.0003992188128121273	0.01611833034198598	0.0009937250792291861	0.005828382577861241	0.9732610327327473	0.001131949796837096	0.0009355547003944417
IRL__SAMEA8914503	0.0	0.0	0.0	0.0	0.0	1.0	0.0	0.0	0.0
IRL__SAMEA8914514	0.0	0.0	0.0	0.0	0.0	1.0	0.0	0.0	0.0
NODE_0616	3.059766468748628e-10	2.4614063763020205e-11	9.909704204404443e-11	0.9999999983971216	2.466725792771654e-10	1.0322775623575069e-10	3.100790266771898e-10	2.8098093829485386e-10	2.3223029703042238e-10
BEL__SAMEA117989536	0.0	0.0	0.0	1.0	0.0	0.0	0.0	0.0	0.0
NODE_0693	0.002073052037751857	6.539837057192015e-06	5.677914225730602e-05	7.982888760145823e-05	0.0032615688969665486	0.0006449004877072806	6.121110102548058e-05	0.9917545946290256	0.00206152498060724
NODE_0716	8.286395390018692e-05	8.499400100663142e-07	9.945188109751235e-05	1.037482148487537e-05	0.0020573159788513998	5.974627443146364e-05	7.955207961123918e-06	0.9976015288493846	7.991309287881189e-05
BEL__SAMEA117989520	0.0	0.0	0.0	1.0	0.0	0.0	0.0	0.0	0.0
NODE_0727	3.2879177914699147e-09	2.644779394415968e-10	1.0653612744439534e-09	1.877363523995749e-08	2.6504659223637756e-09	0.9999999659681305	2.475441777625006e-09	3.019256615515302e-09	2.4953128914877062e-09
NODE_0732	2.2038665466056495e-06	1.7728840503002613e-07	7.137690347777723e-07	2.1640753644173396e-06	1.7766953049119906e-06	0.999987608413051	1.659371384344751e-06	2.023829257744336e-06	1.6726916512675533e-06
IRL__SAMEA8914497	0.0	0.0	0.0	0.0	0.0	1.0	0.0	0.0	0.0
NODE_0063	1.211923426444023e-08	3.8299542882644674e-10	1.5419523760763673e-09	2.3143036088911186e-07	3.838187725392441e-09	0.9999988936029304	4.130387169042376e-09	4.372070210161932e-09	8.485818817140378e-07
NODE_0073	6.189837541547187e-10	4.97856064853029e-11	2.0043341296377086e-10	9.320646995444777e-09	4.989136405198323e-10	0.9999999845060544	3.767139395043727e-09	5.683112983266808e-10	4.697314468136725e-10
NODE_0118	0.07280033541101065	0.0009783995663603326	0.003939069301807505	0.011942859221968118	0.009805028792224484	0.3785311512156173	0.5016032073026792	0.011168884212895488	0.009231064975436926
FIN__SAMEA8914474	0.0	0.0	0.0	0.0	0.0	1.0	0.0	0.0	0.0
NODE_0121	0.9692318583512642	0.00018137310535733912	0.0007302141742359031	0.020447195231339404	0.0018176301187664	0.002099063509218437	0.0017109772708789916	0.002070458003598345	0.0017112302353409845
BEL__SAMEA117989309	0.0	0.0	0.0	1.0	0.0	0.0	0.0	0.0	0.0
NODE_0124	0.00040521353901869553	2.5925192408159877e-05	0.0001043756894896182	0.9849451725303863	0.0002598092499119988	0.004539544642878785	0.009179410463069675	0.0002959480783990651	0.00024460061443767287
FRA__SAMEA115874237	0.0	0.0	0.0	0.0	0.0	0.0	1.0	0.0	0.0
NODE_0195	6.615105503954834e-10	5.1639386629518176e-11	2.0790189369983047e-10	1.1405712806957033e-08	1.0700371177422407e-09	0.9999999849195211	6.064915301317336e-10	5.894875160734409e-10	4.876979872888188e-10
NODE_0317	1.4299390207549007e-07	1.1503025842576977e-08	4.631156588080897e-08	1.404350345507658e-07	8.070137485535111e-07	0.9999985042356824	1.0766520626515207e-07	1.3131236782335585e-07	1.0852946649905806e-07
NODE_0329	7.048786499216973e-09	5.670343868256145e-10	2.28289936244076e-09	6.931833559111991e-09	0.9999999543951673	1.01950249716173e-08	5.307288077823818e-09	7.922074726194992e-09	5.349891371762039e-09
NODE_0578	1.0972805893308e-06	8.826992081771193e-08	3.553776466460113e-07	1.0774693881385587e-06	0.999994440410654	2.7449863489475505e-07	8.261825170043633e-07	1.0076961197447947e-06	8.328145294426144e-07
CHN__SAMN07329785	0.0	0.0	0.0	0.0	1.0	0.0	0.0	0.0	0.0
CHN__SAMN50151958	0.0	0.0	0.0	0.0	1.0	0.0	0.0	0.0	0.0
CHN__SAMN32033997	0.0	0.0	0.0	0.0	1.0	0.0	0.0	0.0	0.0
CHN__SAMN50151965	0.0	0.0	0.0	0.0	1.0	0.0	0.0	0.0	0.0
BEL__SAMEA117989308	0.0	0.0	0.0	1.0	0.0	0.0	0.0	0.0	0.0
DNK__SAMEA8914402	0.0	0.0	0.0	0.0	0.0	1.0	0.0	0.0	0.0
USA__SAMN11539704	0.0	0.0	0.0	0.0	0.0	0.0	0.0	0.0	1.0
USA__SAMN12392429	0.0	0.0	0.0	0.0	0.0	0.0	0.0	0.0	1.0
BEL__SAMEA117989545	0.0	0.0	0.0	1.0	0.0	0.0	0.0	0.0	0.0
BEL__SAMEA117989613	0.0	0.0	0.0	1.0	0.0	0.0	0.0	0.0	0.0
FRA__SAMEA115874197	0.0	0.0	0.0	0.0	0.0	0.0	1.0	0.0	0.0
FRA__SAMEA115874217	0.0	0.0	0.0	0.0	0.0	0.0	1.0	0.0	0.0
NODE_0617	2.170817900356132e-11	1.7462983127312014e-12	7.030655278392333e-12	0.999999999892987	1.7500546433577658e-11	5.637344694770618e-12	1.6978961608672495e-11	1.9934804068847745e-11	1.6476083745202524e-11
BEL__SAMEA117989567	0.0	0.0	0.0	1.0	0.0	0.0	0.0	0.0	0.0
NODE_0694	0.989700603008155	2.8162491958179898e-05	0.00011364545081946897	0.00034376616642871967	0.00030976368556481386	9.285899520221983e-05	0.0002635932860884367	0.008864669501566351	0.0002829374142168
NODE_0702	2.4030270431208543e-06	1.842782218157242e-07	7.436266349574437e-07	2.349283210204916e-06	2.0268959949542136e-06	0.00023088579060307824	1.7247941735792292e-06	5.800215304273711e-05	0.9997016801510755
NODE_0717	7.745056229579513e-05	7.982089126404907e-07	9.290744856344994e-05	9.74336405617203e-06	0.0020492264161091627	5.581765993260755e-05	7.471018920479304e-06	0.9976319039485975	7.468137261230536e-05
IND__SAMN19416304	0.0	0.0	1.0	0.0	0.0	0.0	0.0	0.0	0.0
NODE_0728	7.918117028731481e-09	6.369526415125219e-10	2.5648951082749153e-09	2.1619189450306273e-08	6.38322011151408e-09	0.9999999416351465	5.961703961010033e-09	7.271214897518913e-09	6.0095603359884945e-09
NODE_0729	3.685285351362576e-10	2.964600378809228e-11	1.193558039182843e-10	3.619690482967706e-10	2.9709735237202873e-10	0.9999999979277959	2.774785544367924e-10	3.3842286503219837e-10	2.7970595720231914e-10
FIN__SAMEA8914472	0.0	0.0	0.0	0.0	0.0	1.0	0.0	0.0	0.0
FIN__SAMEA8914475	0.0	0.0	0.0	0.0	0.0	1.0	0.0	0.0	0.0
NODE_0064	1.7102624736961082e-08	4.5299319979817397e-10	1.8237657378147371e-09	3.59040595346176e-07	4.539670211270604e-09	0.9999982851990679	5.090567025653943e-09	5.171127186757488e-09	1.3215795889344845e-06
NLD__SAMEA8914547	0.0	0.0	0.0	0.0	0.0	1.0	0.0	0.0	0.0
NODE_0074	7.2643061666948195e-12	5.843243638620858e-13	2.3524772756014933e-12	5.838541656712746e-11	5.855735641587265e-12	0.9999999998884868	2.4887761854218744e-11	6.670245912243761e-12	5.513096328380058e-12
NODE_0115	0.006346833321782888	0.0005105662855946656	0.00205555690262557	0.111393689218015	0.005116638746378781	0.8177260873764656	0.046205155029860466	0.00582835062787758	0.004817122491399515
AUS__SAMN45810503	1.0	0.0	0.0	0.0	0.0	0.0	0.0	0.0	0.0
FRA__SAMEA115874194	0.0	0.0	0.0	0.0	0.0	0.0	1.0	0.0	0.0
NODE_0122	0.999090084576851	8.296354697140608e-06	3.340140084587821e-05	0.000476770607161384	8.314189771786643e-05	5.7396407084979194e-05	7.792706177758141e-05	9.47067314669843e-05	7.827496239719101e-05
AUS__SAMN45810606	1.0	0.0	0.0	0.0	0.0	0.0	0.0	0.0	0.0
BEL__SAMEA117989588	0.0	0.0	0.0	1.0	0.0	0.0	0.0	0.0	0.0
NODE_0125	0.0002163496727139258	1.5124093061017832e-05	6.089010325314926e-05	0.9944744465320847	0.0001515660603596632	0.0015707604957620914	0.003195520783651747	0.0001726485270603426	0.00014269373205314317
NODE_0196	5.35175919581496e-11	4.024366153252567e-12	1.6202232420055533e-11	7.573744090755975e-09	1.0069416407252834e-09	0.9999999909786121	2.8302945596724225e-10	4.5940003595909224e-11	3.7988410705150834e-11
BEL__SAMEA117989590	0.0	0.0	0.0	1.0	0.0	0.0	0.0	0.0	0.0
CHN__SAMN39683176	0.0	0.0	0.0	0.0	1.0	0.0	0.0	0.0	0.0
NOR__SAMEA10057995	0.0	0.0	0.0	0.0	0.0	1.0	0.0	0.0	0.0
NODE_0330	8.766999735983594e-09	7.052547725975265e-10	2.839379247763933e-09	8.608712114974572e-09	0.9999999555812547	2.1923276439127966e-09	6.600993382072941e-09	8.051096922294367e-09	6.653981516418615e-09
NODE_0577	1.0866333237322578e-06	8.74134094564e-08	3.519293033248808e-07	1.0670140361418429e-06	0.999994494664878	2.715727401736591e-07	8.181658029774279e-07	9.978730435318197e-07	8.247334628676165e-07
NODE_0579	1.670286184443998e-06	1.3436492969743216e-07	5.409576905165728e-07	1.6401288889958305e-06	0.9999915377231823	4.173668576830802e-07	1.2576192975601118e-06	1.5338383876618485e-06	1.2677145811650194e-06
CHN__SAMN50151977	0.0	0.0	0.0	0.0	1.0	0.0	0.0	0.0	0.0
NODE_0618	1.868159352563137e-10	1.5028268952263634e-11	6.050431227244424e-11	0.9999999990862994	1.5060576108574879e-10	4.669602109255618e-11	1.4070590361945673e-10	1.715546506992686e-10	1.4178964498663724e-10
BEL__SAMEA117989530	0.0	0.0	0.0	1.0	0.0	0.0	0.0	0.0	0.0
NODE_0695	0.999994040450294	4.752858155635937e-08	1.9144569427900763e-07	5.80158823885055e-07	4.861780341347883e-07	1.4956212182856216e-07	4.448546319752882e-07	3.605220044985691e-06	4.5460177324332957e-07
NODE_0701	0.9968683055209316	1.19036860829692e-05	4.799822331007742e-05	0.00014530264332454588	0.00012701645123562602	3.848461191823135e-05	0.00011141527304595206	0.0025324310791711604	0.00011714251097985333
NODE_0703	1.4152689778797746e-07	1.085429370032198e-08	4.3800610077282205e-08	2.3261270073496053e-07	1.1936284770924502e-07	0.00023082139527279884	1.0159324497581846e-07	3.4087601868562924e-06	0.9997651200939455
CAN__SAMN06113467	0.0	0.0	0.0	0.0	0.0	0.0	0.0	0.0	1.0
CHN__SAMN07329777	0.0	0.0	0.0	0.0	1.0	0.0	0.0	0.0	0.0
NODE_0718	7.216737593707008e-05	7.534978333930458e-07	8.64483132171775e-05	9.197596659906407e-06	0.0019058797265385763	5.194476764346479e-05	7.052535345912993e-06	0.997796997602106	6.955858471847239e-05
AUT__SAMN15396122	0.0	0.0	0.0	0.0	0.0	1.0	0.0	0.0	0.0
ESP__SAMN16378592	0.0	0.0	0.0	0.0	0.0	1.0	0.0	0.0	0.0
SWE__SAMEA8914632	0.0	0.0	0.0	0.0	0.0	1.0	0.0	0.0	0.0
NODE_0730	3.734646695204963e-10	3.004308754508206e-11	1.2095447294903096e-10	3.667217043058299e-10	3.010767262379808e-10	0.9999999979001362	2.8119515069939266e-10	3.4295575931571464e-10	2.8345238768687434e-10
NODE_0065	2.0904569026162435e-08	4.2693915576617913e-10	1.7188712872411112e-09	4.858657612214483e-07	4.278569674768992e-09	0.9999981742745391	5.152660153469667e-09	4.8737082069760144e-09	1.3025043823582463e-06
USA__SAMN18620823	0.0	0.0	0.0	0.0	0.0	0.0	0.0	0.0	1.0
NODE_0075	1.2154405917839648e-11	9.777681525165713e-13	3.936342737332281e-12	1.2923746876459922e-11	9.799147753653675e-12	0.9999999999302954	9.525616527295394e-12	1.1161475267830294e-11	9.226080516715366e-12
NLD__SAMEA8914562	0.0	0.0	0.0	0.0	0.0	1.0	0.0	0.0	0.0
BEL__SAMEA117989479	0.0	0.0	0.0	1.0	0.0	0.0	0.0	0.0	0.0
NODE_0116	4.121521194450801e-06	3.3155270677336395e-07	1.3348422608823772e-06	6.876252720387842e-06	3.3226546166689736e-06	2.29863927231196e-05	0.999954113802002	3.7848277123313897e-06	3.1281540633245427e-06
AUS__SAMN45810562	1.0	0.0	0.0	0.0	0.0	0.0	0.0	0.0	0.0
AUS__SAMN45810640	1.0	0.0	0.0	0.0	0.0	0.0	0.0	0.0	0.0
BEL__SAMEA117989592	0.0	0.0	0.0	1.0	0.0	0.0	0.0	0.0	0.0
BEL__SAMEA117989608	0.0	0.0	0.0	1.0	0.0	0.0	0.0	0.0	0.0
NODE_0197	2.0247075815543697e-09	1.5173217865607073e-10	6.108788143429467e-10	9.208306665380518e-08	4.799251285603484e-08	0.9999998402046071	1.3768815365122816e-08	1.7320930968074417e-09	1.4315865171252444e-09
NLD__SAMEA8914556	0.0	0.0	0.0	0.0	0.0	1.0	0.0	0.0	0.0
NODE_0331	2.7621819354867835e-09	2.2220167120447288e-10	8.945913428032827e-10	2.7123107695782173e-09	0.9999999860053124	6.906070913010504e-10	2.0797473737099378e-09	2.5366053764698646e-09	2.096442123553425e-09
NODE_0576	8.46185849813828e-05	6.807079126924849e-06	2.7405527706946055e-05	8.309078215274061e-05	0.9995712916630832	2.1144134751169366e-05	6.371241431314422e-05	7.770596109949216e-05	6.422385278493727e-05
CHN__SAMN50151962	0.0	0.0	0.0	0.0	1.0	0.0	0.0	0.0	0.0
CHN__SAMN50151963	0.0	0.0	0.0	0.0	1.0	0.0	0.0	0.0	0.0
CHN__SAMN50151955	0.0	0.0	0.0	0.0	1.0	0.0	0.0	0.0	0.0
CHN__SAMN50151956	0.0	0.0	0.0	0.0	1.0	0.0	0.0	0.0	0.0
NODE_0619	8.479855376233836e-11	6.821556581642513e-12	2.7463814422730157e-11	0.9999999995852833	6.836221216906436e-11	2.1189588680528635e-11	6.384936149162561e-11	7.787122790430936e-11	6.436044557358431e-11
BEL__SAMEA117989612	0.0	0.0	0.0	1.0	0.0	0.0	0.0	0.0	0.0
NODE_0696	0.9999964292698856	2.863481592398214e-08	1.1534077762562579e-07	3.4953159939630174e-07	2.9284716626316363e-07	9.00951770425767e-08	2.680141102977814e-07	2.1524195437245924e-06	2.738469242237184e-07
AUS__SAMN08443778	1.0	0.0	0.0	0.0	0.0	0.0	0.0	0.0	0.0
AUS__SAMN08443772	1.0	0.0	0.0	0.0	0.0	0.0	0.0	0.0	0.0
AUS__SAMN08443780	1.0	0.0	0.0	0.0	0.0	0.0	0.0	0.0	0.0
NODE_0704	3.344098856453408e-08	2.567243820032468e-09	1.035916385965509e-08	1.3360457353566482e-07	2.8178959136717028e-08	0.00023546493549260009	2.4028705830345993e-08	7.899175588962501e-07	0.9997635129673137
USA__SAMN18620777	0.0	0.0	0.0	0.0	0.0	0.0	0.0	0.0	1.0
NODE_0719	1.9134344730080226e-05	8.794315673092214e-07	1.4435101426658198e-05	1.0734804333881066e-05	0.00025674676419553945	9.21031328379889e-06	8.23124093780852e-06	0.9996641743982395	1.645360128540666e-05
JPN__SAMD00549636	0.0	0.0	0.0	0.0	0.0	0.0	0.0	1.0	0.0
SWE__SAMEA8914609	0.0	0.0	0.0	0.0	0.0	1.0	0.0	0.0	0.0
SWE__SAMEA8914626	0.0	0.0	0.0	0.0	0.0	1.0	0.0	0.0	0.0
NODE_0066	2.3502168006667405e-08	3.033212999520123e-10	1.2211816748746735e-09	4.7321537874810804e-07	3.0397336439825664e-09	0.9999982080814664	4.3022103673291e-09	3.462553127289833e-09	1.2828719866366506e-06
BEL__SAMEA117989515	0.0	0.0	0.0	1.0	0.0	0.0	0.0	0.0	0.0
NODE_0076	1.8508164181058027e-10	1.4889877241375707e-11	5.993494702086573e-11	1.8204786996530782e-10	1.4924858493477997e-10	0.9999999989588468	1.394402450551573e-10	1.699616193333691e-10	1.4054837223424942e-10
IRL__SAMEA8914501	0.0	0.0	0.0	0.0	0.0	1.0	0.0	0.0	0.0
FRA__SAMEA115874189	0.0	0.0	0.0	0.0	0.0	0.0	1.0	0.0	0.0
FRA__SAMEA115874235	0.0	0.0	0.0	0.0	0.0	0.0	1.0	0.0	0.0
NODE_0198	2.764849269822798e-09	2.0039248288692248e-10	8.067868228971789e-10	1.7551047074003876e-07	3.2980356952358565e-08	0.9999997572127746	2.634611107464469e-08	2.2875730074851312e-09	1.8906850616929857e-09
CHN__SAMN07329793	0.0	0.0	0.0	0.0	1.0	0.0	0.0	0.0	0.0
NODE_0332	2.7884096127038425e-09	2.2431153718924732e-10	9.030857336610249e-10	2.73806462567893e-09	0.9999999858726971	6.969350878481329e-10	2.0994951470584896e-09	2.560652774358351e-09	2.1163484181404686e-09
CHN__SAMN43024020	0.0	0.0	0.0	0.0	1.0	0.0	0.0	0.0	0.0
CHN__SAMN45156018	0.0	0.0	0.0	0.0	1.0	0.0	0.0	0.0	0.0
CHN__SAMN45156063	0.0	0.0	0.0	0.0	1.0	0.0	0.0	0.0	0.0
NODE_0620	1.4379829424555215e-10	1.1567746818995555e-11	4.657213469151137e-11	0.9999999992967415	1.1592614564232598e-10	3.5931736697048e-11	1.0827105805217325e-10	1.3205118774584096e-10	1.0914009590662992e-10
BEL__SAMEA117989582	0.0	0.0	0.0	1.0	0.0	0.0	0.0	0.0	0.0
NODE_0697	0.9999962660844242	3.249560801954343e-08	1.3088229842174916e-07	3.966584549636943e-07	3.313116815532897e-07	1.0204331614529993e-07	3.041500771321255e-07	2.1262428395872595e-06	3.101313001337123e-07
AUS__SAMN08443742	1.0	0.0	0.0	0.0	0.0	0.0	0.0	0.0	0.0
NODE_0705	1.595584441612309e-08	1.2352356210850472e-09	4.982282738182273e-09	1.4022243295190873e-07	1.3342762812697103e-08	0.00028520781688995227	1.1561470374809178e-08	3.131695861111686e-07	0.999714291713495
USA__SAMN45987657	0.0	0.0	0.0	0.0	0.0	0.0	0.0	0.0	1.0
JPN__SAMD00328201	0.0	0.0	0.0	0.0	0.0	0.0	0.0	1.0	0.0
JPN__SAMEA41323168	0.0	0.0	0.0	0.0	0.0	0.0	0.0	1.0	0.0
NODE_0067	2.5206603697642194e-08	8.201441736847777e-11	3.301927809993898e-10	4.602439828658009e-07	8.219072772337589e-10	0.9999992266995651	2.5612369546990815e-09	9.362325606264102e-10	2.8311826430234053e-07
USA__SAMN10298220	0.0	0.0	0.0	0.0	0.0	0.0	0.0	0.0	1.0
NODE_0077	9.912608285680314e-10	2.910605171500338e-10	2.6607517982901376e-10	7.999306368526219e-09	6.623074166447509e-10	0.9999999816718292	1.9166640297807796e-09	7.544327486444131e-10	5.447063636849794e-09
NODE_0105	2.2749309017551383e-09	3.5189078254435284e-11	1.416724029227367e-10	1.0726969287295372e-09	5.506861748926222e-09	0.9999999856665994	3.2936023003580346e-10	2.233778734341011e-09	2.738910567443988e-09
NODE_0199	2.273205934099941e-09	1.499489577262172e-10	6.036995073759428e-10	2.5783305294918304e-07	1.6994574239598715e-08	0.9999997052883127	1.3730716303232884e-08	1.7117368039627636e-09	1.4147526496251002e-09
NODE_0316	1.8520974414501516e-09	1.4899060063247554e-10	5.998411297376007e-10	1.818660632460316e-09	1.493109489081607e-09	1.853505980907858e-08	0.9999999724457386	1.7007967138576252e-09	1.405705769382384e-09
NODE_0333	1.2063583964462797e-10	9.704460387569353e-12	3.907048134353625e-11	1.1845774469512427e-10	0.9999999993888067	3.014846248201012e-11	9.083111704295588e-11	1.1078498490826192e-10	9.156024539567167e-11
CHN__SAMN43024027	0.0	0.0	0.0	0.0	1.0	0.0	0.0	0.0	0.0
NODE_0621	4.1248352810065016e-11	3.318193060013956e-12	1.335915598270561e-11	0.9999999997982711	3.3253263401665623e-11	1.0306964539424687e-11	3.1057504742142743e-11	3.78787106599984e-11	3.130669390273558e-11
BEL__SAMEA117989601	0.0	0.0	0.0	1.0	0.0	0.0	0.0	0.0	0.0
AUS__SAMN08443709	1.0	0.0	0.0	0.0	0.0	0.0	0.0	0.0	0.0
NODE_0698	0.9998292132900197	2.8075500394495896e-06	1.1303312503243277e-05	3.427042999811588e-05	2.8138202670611868e-05	8.721264535972424e-06	2.627790686474742e-05	3.2777727364686786e-05	2.6490316003476894e-05
NODE_0706	6.40523082627142e-09	5.109415495968408e-10	2.05788918087043e-09	5.849066675592351e-07	5.2066203910845775e-09	0.0012714191876435621	4.782274319237997e-09	3.2585692364228375e-08	0.9987279443570403
USA__SAMN05950790	0.0	0.0	0.0	0.0	0.0	0.0	0.0	0.0	1.0
NODE_0068	1.552095746254584e-07	4.463191211023242e-10	1.796895674532242e-09	7.909961111746794e-07	4.472785949038187e-09	0.9999987741787161	1.5275633554179928e-08	5.09493948793796e-09	2.5252902434746626e-07
DEU__SAMN43964887	0.0	0.0	0.0	0.0	0.0	1.0	0.0	0.0	0.0
NODE_0078	1.7191271322256075e-09	7.117356581261804e-10	4.07619411811466e-10	2.075387811565621e-08	1.014635633659098e-09	0.9999999557225696	4.470172164395915e-09	1.155768956438577e-09	1.4044493369456617e-08
IRL__SAMEA8914479	0.0	0.0	0.0	0.0	0.0	1.0	0.0	0.0	0.0
NODE_0106	7.694673379926565e-09	6.467354738195732e-11	2.603778596536597e-10	3.20132855449314e-09	1.9976728490345775e-08	0.9999999509519857	6.053268628093557e-10	7.608681207145644e-09	9.636224540068127e-09
NODE_0114	1.6173311523878603e-07	1.300932275010829e-08	5.2375967493379187e-08	1.5880374753760065e-07	1.3041395021233673e-07	0.9999990906177887	1.217637323635557e-07	1.4852203780105588e-07	1.2276033780441663e-07
NODE_0200	5.665918129579378e-10	1.5412417099823512e-12	6.2050905532964635e-12	1.9847694539677854e-09	1.3441604366531743e-10	0.9999999969915501	2.8279071986933815e-10	1.759398797286891e-11	1.4541641315353409e-11
BEL__SAMEA117989208	0.0	0.0	0.0	1.0	0.0	0.0	0.0	0.0	0.0
FRA__SAMEA4700352	0.0	0.0	0.0	0.0	0.0	0.0	1.0	0.0	0.0
FRA__SAMN09862835	0.0	0.0	0.0	0.0	0.0	0.0	1.0	0.0	0.0
NODE_0334	6.193729515329675e-11	4.982499637744476e-12	2.0059709800044978e-11	6.08190069970149e-11	0.9999999996861442	1.5476758791648986e-11	4.663484518336723e-11	5.6936498463886e-11	4.700919693584941e-11
CHN__SAMN42391139	0.0	0.0	0.0	0.0	1.0	0.0	0.0	0.0	0.0
BEL__SAMEA117989525	0.0	0.0	0.0	1.0	0.0	0.0	0.0	0.0	0.0
NODE_0622	1.868726100415332e-10	1.5032828113204174e-11	6.052266760652315e-11	0.9999999990860754	1.506514491105559e-10	4.6694938248145934e-11	1.4071061420091556e-10	1.7160669563306105e-10	1.418326600413484e-10
NODE_0699	0.9994431068830076	9.182378904270008e-06	3.696858565329137e-05	0.00011208493848098836	9.202347341780406e-05	2.8522732329186915e-05	8.594457596578885e-05	0.00010553052303259624	8.663590920849373e-05
AUS__SAMN45810574	1.0	0.0	0.0	0.0	0.0	0.0	0.0	0.0	0.0
NODE_0707	6.440480188956299e-09	5.156572107016686e-10	2.076517300866006e-09	1.0398456522633548e-06	5.216376784746155e-09	0.0012771050620367307	4.826411628129085e-09	2.100334473084437e-08	0.9987218150135231
NOR__SAMEA10058021	0.0	0.0	0.0	0.0	0.0	1.0	0.0	0.0	0.0
NODE_0069	2.843862385626378e-07	7.119253240464416e-10	2.8662351104657165e-09	7.652448788456371e-07	7.134557843525457e-09	0.9999986825728554	2.709594643999462e-08	8.126957314774242e-09	2.2186040523446853e-07
BEL__SAMEA117989214	0.0	0.0	0.0	1.0	0.0	0.0	0.0	0.0	0.0
NODE_0079	1.2218972008334467e-09	1.0340434500180976e-09	1.5234216550303714e-10	3.2311610736091245e-08	3.792061541467757e-10	0.9999999415918096	1.1609375702531645e-09	4.3195279837156727e-10	2.1716200248835498e-08
FRA__SAMEA115874211	0.0	0.0	0.0	0.0	0.0	0.0	1.0	0.0	0.0
NODE_0107	0.0006143930174862314	4.942401945644113e-05	0.0001989827515364935	0.0033659410913818174	0.0004953155822945587	0.985913283388879	0.0004625954166118592	0.00843374990294522	0.00046631482940839343
NODE_0110	1.1011256376162307e-07	8.761193850181589e-10	3.52728587870843e-09	1.2963467176187545e-08	2.870984546329746e-07	0.9999994225221803	8.200239810897948e-09	1.6464950653551937e-08	1.3823473836656507e-07
DNK__SAMEA8914415	0.0	0.0	0.0	0.0	0.0	1.0	0.0	0.0	0.0
NOR__SAMEA10058007	0.0	0.0	0.0	0.0	0.0	1.0	0.0	0.0	0.0
NODE_0201	5.4369596044161294e-08	9.963621374763246e-11	4.0113872125789475e-10	2.5256085751440745e-09	1.0777626027305906e-09	0.9999999360293389	3.419451908248836e-09	1.137393528207925e-09	9.400735436168754e-10
NODE_0315	3.211196790343663e-07	2.583169381701573e-08	1.0399926127190255e-07	3.153393213453428e-07	2.588737131688618e-07	0.9999981944561755	2.4178093784009643e-07	2.948807493281591e-07	2.4371846866703883e-07
NODE_0335	1.2755709842743639e-11	1.0261235902107516e-12	4.131207814382465e-12	1.2525403350330992e-11	0.999999999933427	3.1873436845707896e-12	9.6042384842282e-12	1.3661776397077143e-11	9.681334558926845e-12
NODE_0575	0.00012303151456496817	9.897178674559532e-06	3.9846371597676794e-05	0.00012081015981120713	0.9993766778779041	3.074259502350004e-05	9.263490793732242e-05	0.00011298087863160787	9.337851585519726e-05
NODE_0623	4.1509740877439506e-10	3.339220228665424e-11	1.344381206534127e-10	0.9999999979698112	3.346398711935322e-10	1.0372278662817672e-10	3.1266025681720427e-10	3.811874552926082e-10	3.150508233906421e-10
BEL__SAMEA117989595	0.0	0.0	0.0	1.0	0.0	0.0	0.0	0.0	0.0
NODE_0700	0.9988946249304183	1.824879084597009e-05	7.347024210728305e-05	0.00022275432332347447	0.0001828803403144697	5.668437987781007e-05	0.00017080373261616717	0.000208358355017634	0.00017217490547909232
AUS__SAMN45810527	1.0	0.0	0.0	0.0	0.0	0.0	0.0	0.0	0.0
NODE_0708	2.208063824492555e-09	1.77044293215566e-10	7.128967907955693e-10	9.3152754212132e-07	1.7858533383850334e-09	0.0012828086946554366	1.6570865639729492e-09	5.621712918070429e-09	0.9987162476151447
BEL__SAMEA117989434	0.0	0.0	0.0	1.0	0.0	0.0	0.0	0.0	0.0
NODE_0070	1.6640834579193246e-05	4.152772663551986e-08	1.6719201315208596e-07	2.293918722109901e-06	4.1617000798486794e-07	0.9999777756269925	1.5844155024138352e-06	4.7405823384718763e-07	6.06256222013795e-07
ESP__SAMN16378366	0.0	0.0	0.0	0.0	0.0	1.0	0.0	0.0	0.0
NODE_0080	1.910286428839957e-08	1.6700371541346773e-08	2.2426892622341e-09	5.229191489426651e-07	5.582443746239584e-09	0.9999990697689605	5.946725434053124e-09	6.358947958720472e-09	3.51377848318113e-07
AUT__SAMN15396108	0.0	0.0	0.0	0.0	0.0	1.0	0.0	0.0	0.0
BEL__SAMEA117989610	0.0	0.0	0.0	1.0	0.0	0.0	0.0	0.0	0.0
NODE_0108	0.0006157477252957576	4.953299837852528e-05	0.00019942150431326622	0.0033638349838055275	0.0004964076982475167	0.9858819280218618	0.0004636154297637206	0.00846216861531547	0.0004673430230182009
NODE_0111	1.2682206763641224e-05	1.0062737010119083e-07	4.0512914981055173e-07	1.2305726359774068e-06	3.307349210700694e-05	0.9999344878841383	9.418448905311694e-07	1.1551518081091858e-06	1.5923091136463342e-05
FIN__SAMEA8914464	0.0	0.0	0.0	0.0	0.0	1.0	0.0	0.0	0.0
NODE_0202	0.9999249829098462	1.2632099499887076e-07	5.085725410062163e-07	1.541940483055818e-06	1.2659255388689166e-06	6.775816634539743e-05	1.1823304181052933e-06	1.4420126657203137e-06	1.1918211666401368e-06
NODE_0209	2.784621773933061e-08	9.941086372512871e-11	4.002314545477048e-10	1.869266897702993e-09	1.0359719968229448e-09	0.999999961034633	5.641480141429241e-09	1.1348210533261869e-09	9.379668140751267e-10
FIN__SAMEA8914452	0.0	0.0	0.0	0.0	0.0	1.0	0.0	0.0	0.0
FIN__SAMEA8914454	0.0	0.0	0.0	0.0	0.0	1.0	0.0	0.0	0.0
NODE_0336	1.002937249704413e-10	8.06805410369409e-12	3.2482255040248964e-11	9.848290484425367e-11	0.9999999991733717	2.506097227061818e-11	7.551479807575661e-11	4.106044973343238e-10	7.612097778722923e-11
CHN__SAMN50151990	0.0	0.0	0.0	0.0	1.0	0.0	0.0	0.0	0.0
CHN__SAMN42391130	0.0	0.0	0.0	0.0	1.0	0.0	0.0	0.0	0.0
CHN__SAMN43024017	0.0	0.0	0.0	0.0	1.0	0.0	0.0	0.0	0.0
NODE_0624	5.414626652611256e-10	4.355756135037032e-11	1.7536419544660818e-10	0.9999999973509907	4.3651199147226915e-10	1.352984029937552e-10	4.0862506229736266e-10	4.972297372711842e-10	4.109595842322489e-10
BEL__SAMEA117989596	0.0	0.0	0.0	1.0	0.0	0.0	0.0	0.0	0.0
AUS__SAMN45810572	1.0	0.0	0.0	0.0	0.0	0.0	0.0	0.0	0.0
AUS__SAMN45810573	1.0	0.0	0.0	0.0	0.0	0.0	0.0	0.0	0.0
NODE_0709	5.410354384038347e-08	4.351998147126823e-09	1.752135080015095e-08	3.094457829115883e-06	4.361994535444594e-08	0.002110136467149755	4.073352224495746e-08	5.166803091117775e-08	0.9978865570766298
NODE_0715	1.1781651448062112e-05	9.477660754505613e-07	3.815737866520321e-06	1.1747427705228078e-05	9.498037569119515e-06	0.0002493245065682986	8.870833399336143e-06	1.0819880283088668e-05	0.9996931941590849
NODE_0071	5.4934235899737745e-05	1.3614885535639455e-07	5.481398347464462e-07	3.4362542780026232e-06	1.3644154113734142e-06	0.9999340675563884	2.4615727693546367e-06	1.5542022436491458e-06	1.497474319467786e-06
NODE_0072	0.03313648948509494	0.002665292387318965	0.010730556088126503	0.2836233329675174	0.026710220953051332	0.2764502755912432	0.31111156184026123	0.03042554707866433	0.02514672360872201
NODE_0081	3.571771653732657e-08	3.227489416531887e-08	3.920365060365609e-09	1.012617448228126e-06	9.758470681583396e-09	0.9999985108385739	9.77483364991005e-09	1.1115849983127997e-08	3.739818477306039e-07
USA__SAMN18620816	0.0	0.0	0.0	0.0	0.0	0.0	0.0	0.0	1.0
NODE_0109	1.62610341019232e-05	1.3081067158196424e-06	5.266481287434774e-06	1.6543024913105257e-05	1.3109190847868712e-05	0.00020969198219387693	1.2243524056368428e-05	0.9997132348481688	1.2341807714864793e-05
SWE__SAMEA8914617	0.0	0.0	0.0	0.0	0.0	1.0	0.0	0.0	0.0
NODE_0112	0.07774160119723486	0.00038457041454848423	0.0015482933215059376	0.00469426976856076	0.2085110805051548	0.5999318538021184	0.003599474771400149	0.004390053261056009	0.09919880295842055
FIN__SAMEA8914453	0.0	0.0	0.0	0.0	0.0	1.0	0.0	0.0	0.0
NODE_0203	0.9999797952413109	3.4160022092556623e-08	1.3752938881296263e-07	4.1697519049447993e-07	3.4233457688378396e-07	1.8241783352845966e-05	3.1972858651029137e-07	3.899524740063386e-07	3.222950973681556e-07
AUS__SAMN45810524	1.0	0.0	0.0	0.0	0.0	0.0	0.0	0.0	0.0
NODE_0210	1.0951748451350096e-10	5.731448993340713e-13	2.3075004896983778e-12	9.519547770644015e-12	5.956477723115955e-12	0.9999999998366175	2.3499672858972182e-11	6.542714488118988e-12	5.4659976584039416e-12
FRA__SAMEA115874242	0.0	0.0	0.0	0.0	0.0	0.0	1.0	0.0	0.0
NODE_0337	2.065874704034809e-09	1.6618775390502398e-10	6.690774426559047e-10	2.0285749876921477e-09	0.999999976545952	5.16212042275296e-10	1.555472300694621e-09	1.4884690344200174e-08	1.5679585388156564e-09
CHN__SAMN42391133	0.0	0.0	0.0	0.0	1.0	0.0	0.0	0.0	0.0
NODE_0625	7.077382033588731e-10	5.693347333179138e-11	2.2921606341778442e-10	0.9999999965326025	5.705586597373246e-10	1.7684663190126378e-10	5.390228500538739e-10	6.499219678298616e-10	5.371594690787687e-10
BEL__SAMEA117989568	0.0	0.0	0.0	1.0	0.0	0.0	0.0	0.0	0.0
NODE_0710	1.0253689078137235e-07	8.248196706906733e-09	3.320757355314503e-08	5.2785867073525655e-06	8.266541033126041e-08	0.002116706619250967	7.720088398093232e-08	9.605834578334894e-08	0.9978776148767405
FIN__SAMEA8914458	0.0	0.0	0.0	0.0	0.0	1.0	0.0	0.0	0.0
USA__SAMN05948796	0.0	0.0	0.0	0.0	0.0	0.0	0.0	0.0	1.0
USA__SAMN48440030	0.0	0.0	0.0	0.0	0.0	0.0	0.0	0.0	1.0
AUS__SAMN18200430	1.0	0.0	0.0	0.0	0.0	0.0	0.0	0.0	0.0
ESP__SAMN16378565	0.0	0.0	0.0	0.0	0.0	1.0	0.0	0.0	0.0
BEL__SAMEA117989579	0.0	0.0	0.0	1.0	0.0	0.0	0.0	0.0	0.0
FRA__SAMEA115874214	0.0	0.0	0.0	0.0	0.0	0.0	1.0	0.0	0.0
NODE_0082	0.00032024570834752103	0.0003839328632420544	1.0555461579871442e-05	0.012222929954450791	2.627438025991768e-05	0.9863516888136724	2.4539499877023892e-05	2.9929082015681614e-05	0.0006299042365547588
NOR__SAMEA8914583	0.0	0.0	0.0	0.0	0.0	1.0	0.0	0.0	0.0
JPN__SAMD00920274	0.0	0.0	0.0	0.0	0.0	0.0	0.0	1.0	0.0
JPN__SAMD00920281	0.0	0.0	0.0	0.0	0.0	0.0	0.0	1.0	0.0
CHN__SAMN22233924	0.0	0.0	0.0	0.0	1.0	0.0	0.0	0.0	0.0
NODE_0113	0.07840071975453482	0.0003870904999769666	0.0015584392695324513	0.004725031251817434	0.20812006543809103	0.59872185721938	0.00362306208747657	0.004418821195596489	0.10004491328359436
NODE_0204	0.9999950441164086	8.453915437126697e-09	3.403574564425839e-08	1.0319293671074325e-07	8.472089263345336e-08	4.470086847757598e-06	7.912636654905289e-08	9.650536029560372e-08	7.976152625336133e-08
AUS__SAMN45810528	1.0	0.0	0.0	0.0	0.0	0.0	0.0	0.0	0.0
NODE_0211	1.4641794064774894e-11	1.0134364514269152e-12	4.080128970288086e-12	1.2421210989619331e-11	1.5338528458449428e-11	0.9999999999161815	1.0014539096359563e-11	1.1568846484096432e-11	1.4739868875109994e-11
NLD__SAMN03566787	0.0	0.0	0.0	0.0	0.0	1.0	0.0	0.0	0.0
NODE_0338	8.560221723078684e-11	6.886206691572279e-12	2.7724097922583894e-11	8.405665475559162e-11	0.9999999992939711	2.138992035328542e-11	6.445302685624356e-11	3.5094633415779564e-10	6.497041044474852e-11
JPN__SAMD01797762	0.0	0.0	0.0	0.0	0.0	0.0	0.0	1.0	0.0
NODE_0626	3.2029192633064365e-09	2.576564577069636e-10	1.0373334963349722e-09	0.9999999842843642	2.582103542589649e-09	8.003319324558464e-10	2.4630702499176677e-09	2.9412678028809868e-09	2.4309531445590805e-09
BEL__SAMEA117989581	0.0	0.0	0.0	1.0	0.0	0.0	0.0	0.0	0.0
NODE_0711	2.2270047645963e-06	1.7914943756949906e-07	7.212616714124125e-07	9.769486624485595e-05	1.7953517058088274e-06	0.002401955086515458	1.6767901441379342e-06	2.046956610651662e-06	0.9974917035329055
USA__SAMN14488313	0.0	0.0	0.0	0.0	0.0	0.0	0.0	0.0	1.0
NODE_0083	0.00032234301559833464	0.00038671383246300105	1.0555252748545115e-05	0.012232255169359314	2.6273860442414998e-05	0.9863330760376608	2.453901332534034e-05	2.992848989284115e-05	0.000634315328509261
BEL__SAMEA117989518	0.0	0.0	0.0	1.0	0.0	0.0	0.0	0.0	0.0
USA__SAMN45987655	0.0	0.0	0.0	0.0	0.0	0.0	0.0	0.0	1.0
AUS__SAMN45810550	1.0	0.0	0.0	0.0	0.0	0.0	0.0	0.0	0.0
NODE_0205	0.9999943167637915	2.489729416580579e-08	1.002373370966266e-07	3.0390945137496824e-07	2.495081711664377e-07	4.2525353425157304e-06	2.3303193076942554e-07	2.842141445258333e-07	2.3490253681991474e-07
NODE_0207	0.9999845118892261	2.5223698959943846e-07	1.015514536894617e-06	3.0789371424462175e-06	2.5277923566033238e-06	9.93536665772625e-07	2.360869807793076e-06	2.8794020643108833e-06	2.3798212103740486e-06
NODE_0212	4.320456055111467e-12	3.464243555156484e-13	1.3947160149633803e-12	4.244127633975474e-12	2.6174829156391645e-10	0.999999999451139	1.1285885195885216e-11	3.954594470792629e-12	2.6156644141847725e-10
AUT__SAMN29408379	0.0	0.0	0.0	0.0	0.0	1.0	0.0	0.0	0.0
NODE_0339	3.039080641983773e-10	2.4447658168286066e-11	9.842708756693825e-11	2.984209528228847e-10	0.999999998425096	7.593926300154742e-11	2.2882344940969593e-10	3.1427729005730397e-10	2.3066028319341545e-10
NODE_0574	4.341984370168186e-06	3.492877029568452e-07	1.4062439473072168e-06	4.263589109770607e-06	0.9999780019350655	1.0849567085503574e-06	3.2692381607919355e-06	3.98728362845885e-06	3.2954813064474415e-06
NODE_0627	8.918418989688832e-10	7.174355818315528e-11	2.8884195921953245e-10	0.9999999955768925	7.189778878098158e-10	2.2284968548036095e-10	7.329757866887936e-10	8.189859459615255e-10	6.768905771636131e-10
FRA__SAMEA117615785	0.0	0.0	0.0	0.0	0.0	0.0	1.0	0.0	0.0
NODE_0712	9.099381188837967e-06	7.31992649272507e-07	2.9470268888648986e-06	0.0003992515303213231	7.335668518136763e-06	0.002386782600747141	6.851252655512243e-06	8.357904689070347e-06	0.9971786426423418
NODE_0713	2.176933250914308e-05	1.7512177598029862e-06	7.050461136685273e-06	2.1752056628631432e-05	1.7549824397288358e-05	0.7433772901974182	1.6390923241038955e-05	1.9990969243528644e-05	0.2565164550176658
NODE_0084	0.0018515391552146976	0.00014143220455338826	2.29251433228357e-05	0.019905910276110036	5.706467013493067e-05	0.9741041918776261	5.329646082176118e-05	6.500222558138116e-05	0.00379863798663477
NODE_0104	0.0023519565642906434	0.14655026237205934	0.0007443646022489038	0.00451462471433188	0.0018528529959130667	0.8382876579984196	0.0017305000356479397	0.002110580296437306	0.0018572004206512975
NODE_0206	0.9989525280208855	1.724136440802009e-05	6.941430842497162e-05	0.00021045714723643555	0.00017278429003213383	5.6712318838879874e-05	0.000161374494413637	0.00019681816036112236	0.00016266989539937574
AUS__SAMN45810575	1.0	0.0	0.0	0.0	0.0	0.0	0.0	0.0	0.0
NODE_0208	0.9999835033660837	2.6902538987000715e-07	1.0831051965874763e-06	3.2838651715588863e-06	2.69603726767083e-06	1.0373293289454943e-06	2.5180046807110315e-06	3.0710494292446163e-06	2.5382174516057213e-06
AUS__SAMN45810547	1.0	0.0	0.0	0.0	0.0	0.0	0.0	0.0	0.0
NODE_0213	1.6509169909512715e-09	1.328034410552967e-10	5.346710851388184e-10	1.6210798701688846e-09	1.3794029704061763e-07	0.9999997132368207	5.492871099160459e-09	1.5160127899142123e-09	1.3787452693464147e-07
NODE_0304	1.0929228679116373e-09	8.784306321123613e-11	3.5365910367874626e-10	4.964697450249645e-08	8.803394542354635e-10	0.9999999452844961	8.221878814367079e-10	1.0027692526282264e-09	8.288076057756798e-10
NODE_0340	1.3672610067539937e-11	1.0998829467759408e-12	4.428165445152213e-12	1.342574878588174e-11	0.9999999999305194	3.416454033803278e-12	1.0294606081848474e-11	1.2765918239691839e-11	1.0377243915822173e-11
CHN__SAMN50152013	0.0	0.0	0.0	0.0	1.0	0.0	0.0	0.0	0.0
CHN__SAMN42391115	0.0	0.0	0.0	0.0	1.0	0.0	0.0	0.0	0.0
CHN__SAMN44583946	0.0	0.0	0.0	0.0	1.0	0.0	0.0	0.0	0.0
NODE_0628	3.277819236549903e-10	2.6368173034163368e-11	1.061591445016399e-10	0.9999999981653082	2.6424857971370754e-10	8.190476213005092e-11	4.784442540299464e-10	3.01004908071758e-10	2.4878007609100565e-10
BEL__SAMEA117989572	0.0	0.0	0.0	1.0	0.0	0.0	0.0	0.0	0.0
BEL__SAMEA117989209	0.0	0.0	0.0	1.0	0.0	0.0	0.0	0.0	0.0
USA__SAMN18620814	0.0	0.0	0.0	0.0	0.0	0.0	0.0	0.0	1.0
NOR__SAMEA8914585	0.0	0.0	0.0	0.0	0.0	1.0	0.0	0.0	0.0
NODE_0714	2.1913261622224497e-05	1.762796030253976e-06	7.0970756398688335e-06	2.1890859811997335e-05	1.7665856005318794e-05	0.7433771305692632	1.6499292712033532e-05	2.0123140513586505e-05	0.2565159171484015
NODE_0085	0.0031116091014237062	0.00014376478901000225	3.8132389069413914e-05	0.026280704030480228	9.491815048045602e-05	0.963748835547941	8.865028932614331e-05	0.00010812103206255712	0.006385264670206575
NODE_0103	5.626298914870842e-11	4.381570604855204e-12	7.1329305530539766e-12	4.0302592354142446e-10	1.7755105098947995e-11	0.9999999993859137	1.6582649256778133e-11	2.022479660592102e-11	8.872017592276422e-11
ITA__SAMEA8914518	0.0	0.0	0.0	0.0	0.0	1.0	0.0	0.0	0.0
TUN__SAMEA4752845	0.0	1.0	0.0	0.0	0.0	0.0	0.0	0.0	0.0
AUS__SAMN08443746	1.0	0.0	0.0	0.0	0.0	0.0	0.0	0.0	0.0
AUS__SAMN45810539	1.0	0.0	0.0	0.0	0.0	0.0	0.0	0.0	0.0
AUS__SAMN45810571	1.0	0.0	0.0	0.0	0.0	0.0	0.0	0.0	0.0
AUS__SAMN45810522	1.0	0.0	0.0	0.0	0.0	0.0	0.0	0.0	0.0
NODE_0214	2.7736888583031974e-06	2.2312733704772482e-07	8.983181043762857e-07	2.7236094379385535e-06	0.9998986452982253	8.799525683297587e-05	2.0884117259522178e-06	2.547101897781427e-06	2.1051875804797476e-06
NODE_0241	2.061635717431043e-09	1.6584117868463722e-10	6.676821192539361e-10	2.02435173497415e-09	1.2087083485178068e-07	0.9999995874629187	1.0051768123703011e-08	1.893153866966995e-09	2.7480181379758916e-07
NODE_0305	1.16554003729022e-09	9.359866348098445e-11	3.768313424204387e-10	1.0448608194520489e-07	9.380089961228635e-10	0.9999998901123078	8.760584214452997e-10	1.068472095515701e-09	8.831007079776916e-10
ITA__SAMEA8914531	0.0	0.0	0.0	0.0	0.0	1.0	0.0	0.0	0.0
NODE_0341	1.2022357026134981e-11	9.671295683690172e-13	3.89369591390626e-12	1.1805291341575595e-11	0.9999999999390892	3.0040957765095255e-12	9.0520742787607e-12	1.10414966528004e-11	9.124734098830962e-12
CHN__SAMN44584026	0.0	0.0	0.0	0.0	1.0	0.0	0.0	0.0	0.0
NODE_0629	5.400229626618907e-10	4.344174554566987e-11	1.7489791715228575e-10	0.9999999950910159	4.3535134367688185e-10	1.3493865619063946e-10	2.6745567943895045e-09	4.959076462183856e-10	4.098668780872844e-10
BEL__SAMEA117989565	0.0	0.0	0.0	1.0	0.0	0.0	0.0	0.0	0.0
NOR__SAMEA10058004	0.0	0.0	0.0	0.0	0.0	1.0	0.0	0.0	0.0
USA__SAMN10182728	0.0	0.0	0.0	0.0	0.0	0.0	0.0	0.0	1.0
NODE_0086	0.19297175977969253	0.0002919419735204366	0.0009607302674130238	0.013299994847713192	0.002391424778747537	0.3833237363964195	0.0022335072707459803	0.0027240660913572597	0.40180283859439053
NODE_0102	0.00014932949523712889	1.0474224446046074e-05	3.4362577789261545e-05	0.985429400615669	8.553443435081458e-05	0.013942143245241902	7.988617611919808e-05	9.743206406872964e-05	0.00017143716707795415
ESP__SAMEA8914438	0.0	0.0	0.0	0.0	0.0	1.0	0.0	0.0	0.0
ESP__SAMN16378420	0.0	0.0	0.0	0.0	0.0	1.0	0.0	0.0	0.0
NODE_0215	1.4570529510011342e-07	1.1721154081012801e-08	4.718975744736138e-08	1.430745613736709e-07	0.9999946874155845	4.6107963050505285e-06	1.0970684245716827e-07	1.3380240269506076e-07	1.1058809722721317e-07
CHN__SAMN50151969	0.0	0.0	0.0	0.0	1.0	0.0	0.0	0.0	0.0
NODE_0242	1.0371555281395937e-07	8.34306190557389e-09	3.3589445627211907e-08	1.0183981243182127e-07	4.1370876733480395e-07	0.9999847255363382	5.113433134316215e-07	9.523991588914933e-08	1.4006683792111422e-05
NODE_0303	2.3605265611352443e-06	1.898908033454991e-07	7.645067106382077e-07	2.317906855439395e-06	1.903693232161954e-06	0.9999867252028917	1.7773765396945016e-06	2.167691471480744e-06	1.7932049343839098e-06
NODE_0306	1.6971681020690813e-11	1.1167429354044187e-12	4.496044321962815e-12	8.647862927908014e-08	1.1191516208197583e-11	0.9999999134538579	1.0452413457944343e-11	1.2748137846929057e-11	1.0536395280947581e-11
BEL__SAMEA117989522	0.0	0.0	0.0	1.0	0.0	0.0	0.0	0.0	0.0
NODE_0342	1.1981542043207586e-11	9.638462374268608e-13	3.880477113973345e-12	1.1765213280051395e-11	0.9999999999392967	2.9938971010281737e-12	9.021976816207378e-12	1.1002758810729455e-11	9.093756324202384e-12
NODE_0572	3.945173170261753e-07	3.173665211407304e-08	1.2777282041539266e-07	3.873942403029804e-07	0.9999980012326752	9.858032025349169e-08	2.9704645571200227e-07	3.622885832863334e-07	2.9943093583250144e-07
NODE_0630	1.0483510323828135e-09	8.433381900433843e-11	3.395307694035986e-10	0.9999999787255297	8.451511549494195e-10	2.6195752645129033e-10	1.6936758490807425e-08	9.627096046378246e-10	7.956779516639766e-10
BEL__SAMEA117989548	0.0	0.0	0.0	1.0	0.0	0.0	0.0	0.0	0.0
NODE_0087	0.9807590097243049	2.8504175319392003e-05	0.00010999624243125669	0.0005639741917330869	0.00027379978402006835	0.008573844177346114	0.0002557194394446921	0.0003118846614362813	0.009123267603964211
USA__SAMN11539680	0.0	0.0	0.0	0.0	0.0	0.0	0.0	0.0	1.0
BEL__SAMEA117989353	0.0	0.0	0.0	1.0	0.0	0.0	0.0	0.0	0.0
BEL__SAMEA117989425	0.0	0.0	0.0	1.0	0.0	0.0	0.0	0.0	0.0
NODE_0216	5.669602834630279e-09	4.560869795285416e-10	1.8362213985153778e-09	5.567237158838715e-09	0.9999997960628265	1.7662958825462144e-07	4.268851166483652e-09	5.206444116088163e-09	4.30314168986709e-09
CHN__SAMN50151934	0.0	0.0	0.0	0.0	1.0	0.0	0.0	0.0	0.0
NODE_0243	4.818214102483166e-06	3.6907934853267756e-07	1.4859257728128305e-06	4.505176328075397e-06	1.1625109588250946e-05	0.0006176825090916236	3.454749716485871e-06	4.21321170914365e-06	0.9993518460243427
NODE_0266	7.512597408175423e-07	6.043451851186783e-08	2.433113881373606e-07	7.376971168891234e-07	3.28583069046545e-05	0.9998980694426952	6.534469805896158e-05	6.898880201315743e-07	1.2449615566463743e-06
AUT__SAMN15396110	0.0	0.0	0.0	0.0	0.0	1.0	0.0	0.0	0.0
NOR__SAMEA8914600	0.0	0.0	0.0	0.0	0.0	1.0	0.0	0.0	0.0
NODE_0307	2.4795276682683613e-09	1.5318298131845163e-10	6.167197942727502e-10	1.4045467900669035e-06	1.5351229205417937e-09	0.9999985860409902	1.4337511584556816e-09	1.7486546811634776e-09	1.4452603616810487e-09
ESP__SAMN16378570	0.0	0.0	0.0	0.0	0.0	1.0	0.0	0.0	0.0
NODE_0343	2.486351821530251e-11	2.000127228581502e-12	8.052578963493035e-12	2.441460319886879e-11	0.9999999998739256	6.212790877644604e-12	1.8827572687359406e-11	2.2832378803071645e-11	1.887092456020888e-11
NODE_0571	1.7661510327395215e-09	1.42076706111347e-10	5.720055596893223e-10	1.7342628778524733e-09	0.9999999910520404	4.413183576728662e-10	1.3297994331197229e-09	1.6218714056064413e-09	1.3404741280840824e-09
NODE_0573	6.133871157141147e-07	4.9343470267445675e-08	1.98658457813793e-07	6.023123078471612e-07	0.9999968923591652	1.532705807751687e-07	4.6184149805061476e-07	5.632785674165423e-07	4.6554883691883937e-07
CHN__SAMN44584033	0.0	0.0	0.0	0.0	1.0	0.0	0.0	0.0	0.0
NODE_0631	3.1483107875068465e-09	2.532635194907271e-10	1.0196473804906926e-09	0.9999998912679974	2.5380797233092402e-09	7.866865972561499e-10	9.570538802087317e-08	2.891120378475437e-09	2.389506378327592e-09
BEL__SAMEA117989574	0.0	0.0	0.0	1.0	0.0	0.0	0.0	0.0	0.0
NODE_0088	0.9999958252045785	1.8584068964711884e-08	7.399095964042879e-08	2.6445752391520977e-07	1.8417637113056742e-07	1.5349596918017153e-06	1.7201430049360546e-07	2.0979485195799013e-07	1.7168176537635549e-06
AUS__SAMN45810501	1.0	0.0	0.0	0.0	0.0	0.0	0.0	0.0	0.0
NODE_0217	1.9051662101014034e-10	1.5325963411554233e-11	6.170284009916256e-11	1.8707675691158256e-10	0.9999999947011331	4.381246016354882e-09	1.4344687901914493e-10	1.74952970834537e-10	1.445989432232557e-10
CHN__SAMN39683296	0.0	0.0	0.0	0.0	1.0	0.0	0.0	0.0	0.0
NODE_0244	4.6144676482010684e-07	1.846676065578654e-08	7.434779460810085e-08	2.254149772764006e-07	8.16932375385781e-06	3.06811611014702e-05	1.728571391738816e-07	2.1080662609337097e-07	0.999959986175082
USA__SAMN45987639	0.0	0.0	0.0	0.0	0.0	0.0	0.0	0.0	1.0
NODE_0267	6.606909904323504e-07	5.314878436373357e-08	2.1397877934303053e-07	6.487636350440774e-07	2.8643605807157382e-05	0.9999022229877179	6.586053444603972e-05	6.067179903136929e-07	1.0895718493949375e-06
NODE_0302	1.5763243203901118e-06	1.268062374344923e-07	5.105261432438355e-07	1.5478635189238083e-06	0.9999245141368821	6.788910134420308e-05	1.1912447104912483e-06	1.4475519328715576e-06	1.196444910510567e-06
NODE_0308	4.333958058970069e-06	7.435075429552557e-09	2.993386177661307e-08	9.999097535242762e-08	7.451058970935166e-08	0.9999952295574084	6.959028937147307e-08	8.48748297153331e-08	7.014891129241783e-08
NODE_0312	9.74857408663371e-07	7.837703000262958e-08	3.1554853811366905e-07	0.0007028849795808585	7.854552090140272e-07	0.9992925930079228	7.335877422698849e-07	8.947100991908928e-07	7.394764690019168e-07
NODE_0344	6.582700220382772e-11	5.295404228140867e-12	2.1319474122134142e-11	6.463848457248436e-11	0.9999999996664932	1.6448573176700615e-11	4.9566959177857654e-11	6.044949197355955e-11	4.9961408593063225e-11
NODE_0557	2.86628235523807e-07	2.3057595203827557e-08	9.283064768772722e-08	2.814531143705446e-07	0.999997755059998	7.162145242348242e-08	1.0085905971333133e-06	2.6321312878566425e-07	2.1754523083005218e-07
CHN__SAMN44583835	0.0	0.0	0.0	0.0	1.0	0.0	0.0	0.0	0.0
CHN__SAMN50152057	0.0	0.0	0.0	0.0	1.0	0.0	0.0	0.0	0.0
CHN__SAMN50151995	0.0	0.0	0.0	0.0	1.0	0.0	0.0	0.0	0.0
CHN__SAMN45156019	0.0	0.0	0.0	0.0	1.0	0.0	0.0	0.0	0.0
NODE_0632	4.4317698235948746e-10	3.565104269725773e-11	1.435322875205943e-10	0.9999999906480426	3.572768346846526e-10	1.10739191828874e-10	7.518245209755787e-09	4.0697316480162687e-10	3.3636267114358616e-10
FRA__SAMEA115874208	0.0	0.0	0.0	0.0	0.0	0.0	1.0	0.0	0.0
NODE_0089	0.9999992928272343	3.1792185209735495e-09	1.2659708628646727e-08	4.515476765127788e-08	3.151221725093677e-08	2.5918854533926777e-07	2.9431310727402156e-08	3.5895489266326784e-08	2.9015150845186704e-07
AUS__SAMN45810643	1.0	0.0	0.0	0.0	0.0	0.0	0.0	0.0	0.0
NODE_0218	2.7610307340452006e-11	2.221039467002961e-12	8.941979006885478e-12	2.7111173979848888e-11	0.9999999998054591	6.155885804868616e-11	2.0788327220860536e-11	2.5354194229641464e-11	2.0955208530993318e-11
CHN__SAMN41373923	0.0	0.0	0.0	0.0	1.0	0.0	0.0	0.0	0.0
NODE_0245	3.966319019174143e-07	1.2671202712410296e-08	5.101468493905523e-08	1.5467135382985595e-07	8.36015128416067e-06	2.0416957287348186e-05	1.186078495030802e-07	1.4464764785432882e-07	0.9999703446467878
GTM__SAMN08395632	0.0	0.0	0.0	0.0	0.0	0.0	0.0	0.0	1.0
NODE_0268	1.1849671429198984e-06	9.532378954694011e-08	3.8377675752682675e-07	1.1635752341396754e-06	2.8888489229396247e-05	0.999846843194406	0.00011886874028756987	1.0881652085813045e-06	1.4837679443871625e-06
IRL__SAMEA8914484	0.0	0.0	0.0	0.0	0.0	1.0	0.0	0.0	0.0
CHN__SAMN50151950	0.0	0.0	0.0	0.0	1.0	0.0	0.0	0.0	0.0
CHN__SAMN50151951	0.0	0.0	0.0	0.0	1.0	0.0	0.0	0.0	0.0
NODE_0309	0.9514855759146419	7.342807379342866e-05	0.0002956238752762341	0.0008963020320089169	0.0007358592567595565	0.04429494477154443	0.0006872668544777887	0.000838215471866067	0.0006927837496317022
ESP__SAMN16378425	0.0	0.0	0.0	0.0	0.0	1.0	0.0	0.0	0.0
NODE_0313	4.860144562523078e-05	3.909664096661657e-06	1.5740438112744175e-05	0.03636231557221166	3.918068890716922e-05	0.9634121410274816	3.659339550887131e-05	4.4630626493627834e-05	3.6887141562633524e-05
ESP__SAMN16378598	0.0	0.0	0.0	0.0	0.0	1.0	0.0	0.0	0.0
NODE_0345	6.563794529128997e-11	5.2801956854381065e-12	2.1258244021726736e-11	6.445284111440081e-11	0.9999999996674542	1.6401332434203957e-11	4.9421305962824416e-11	6.027588083458921e-11	4.981791809351736e-11
NODE_0554	8.394748801596712e-06	6.753093230724521e-07	2.718817868741573e-06	8.24318019559366e-06	0.999957469168319	2.0976443608281793e-06	6.320712096776909e-06	7.708968704356615e-06	6.3714503299587714e-06
NODE_0558	1.8308412900473157e-07	1.4728066574187221e-08	5.9295687481008775e-08	1.7977851416498102e-07	0.9999982648108391	4.574828858379505e-08	9.454694965567219e-07	1.681277015094731e-07	1.389572769509835e-07
CHN__SAMN45156030	0.0	0.0	0.0	0.0	1.0	0.0	0.0	0.0	0.0
NODE_0633	3.222395199269157e-10	2.592231848886853e-11	1.043641192247903e-10	0.9999999976828194	2.5978044950990406e-10	8.051984970438988e-11	9.83865534302101e-10	2.9591527193178087e-10	2.445734999448214e-10
BEL__SAMEA117989586	0.0	0.0	0.0	1.0	0.0	0.0	0.0	0.0	0.0
NODE_0090	0.9999999814010366	8.746905062919163e-11	3.4853654110829956e-10	1.2317572480714735e-09	8.675680875025673e-10	6.715648221497046e-09	8.102783043300656e-10	9.88244677445866e-10	7.549461120534031e-09
AUS__SAMN45810630	1.0	0.0	0.0	0.0	0.0	0.0	0.0	0.0	0.0
NODE_0219	1.0727665614763407e-10	8.62588682581217e-12	3.472810819353153e-11	1.0529210396276169e-10	0.9999999994539125	2.957611572000295e-11	8.073596106311204e-11	9.846849334904489e-11	8.138405296874746e-11
CHN__SAMN50151947	0.0	0.0	0.0	0.0	1.0	0.0	0.0	0.0	0.0
NODE_0246	3.282944512780406e-07	6.542441446931239e-09	2.63400875767322e-08	7.98604756719936e-08	4.187890615021475e-06	1.0207368462988364e-05	6.12398912250341e-08	7.468499936445752e-08	0.9999850277785755
NODE_0265	0.002879958807787595	0.00023167250209367343	0.0009327212239905228	0.0028279162094691107	0.7960743323399961	0.0007234788531944757	0.00216839178368742	0.0026446489146256177	0.19151687936515543
NODE_0269	0.0018474393238943024	0.0001486158822258351	0.0005983325009286792	0.0018141023681802855	0.0014962879161647665	0.2486666976927953	0.7423296897596436	0.0016965191296883521	0.001402315426479068
NODE_0300	3.1834388316724844e-07	2.5608936880022893e-08	1.0310243441050693e-07	3.125961326062022e-07	2.75712316352069e-07	0.9999981100370952	3.2024551653949435e-07	2.923378757185603e-07	2.420158090277663e-07
NODE_0310	0.9999958777421405	9.66196864093243e-09	3.88994081536906e-08	1.1793909529731645e-07	9.682739442345231e-08	3.567041398361974e-06	9.043340581965406e-08	1.102958471483025e-07	9.115934162620104e-08
AUS__SAMN45810529	1.0	0.0	0.0	0.0	0.0	0.0	0.0	0.0	0.0
BEL__SAMEA117989286	0.0	0.0	0.0	1.0	0.0	0.0	0.0	0.0	0.0
NODE_0314	0.002772898766873438	0.0002230637749049561	0.0008980622010685262	0.9007440645525336	0.0022354330589321883	0.08638770895562538	0.002087816430513399	0.0025463763064817995	0.0021045759530667054
NODE_0346	2.481821338654988e-11	1.99648271533162e-12	8.037906031537109e-12	2.4370116356443275e-11	0.9999999998742619	6.201470298459059e-12	1.8686537982084325e-11	2.279082106527511e-11	1.8836539191093836e-11
CHN__SAMN50152031	0.0	0.0	0.0	0.0	1.0	0.0	0.0	0.0	0.0
NODE_0555	1.4982834209877687e-08	1.2052829533213418e-09	4.8525093885429815e-09	1.471231661026422e-08	0.9999999240915464	3.743847306496606e-09	1.128112152873883e-08	1.3758863160329684e-08	1.1371678441656939e-08
NODE_0556	2.112463341608052e-09	1.6993554220054392e-10	6.841661633917015e-10	2.074322459553406e-09	0.9999999892974971	5.278534141650018e-10	1.590550582611938e-09	1.9398929228781234e-09	1.6033184045190718e-09
NODE_0559	9.439606388194595e-08	7.59362114429154e-09	3.0572172114583195e-08	9.269172702173597e-08	0.9999986963578927	2.3587289598073305e-08	8.964717627984451e-07	8.6684702482337e-08	7.16447682452437e-08
CHN__SAMN43024023	0.0	0.0	0.0	0.0	1.0	0.0	0.0	0.0	0.0
NODE_0634	1.4413403030541032e-13	1.159475485660005e-14	4.668086995212449e-14	0.9999999999992559	1.161968066204474e-13	3.601560249379651e-14	1.4772090481713127e-13	1.3235949700434768e-13	1.0939491301669704e-13
BEL__SAMEA117989564	0.0	0.0	0.0	1.0	0.0	0.0	0.0	0.0	0.0
NODE_0091	0.9999999970066664	2.8728556157231474e-11	1.1532134721448098e-10	3.661342284210854e-10	2.870548962612183e-10	6.96396291176479e-10	2.6809925108255655e-10	3.26983527231325e-10	9.046153520824801e-10
AUS__SAMN45810557	1.0	0.0	0.0	0.0	0.0	0.0	0.0	0.0	0.0
NODE_0220	2.0186956476067637e-11	1.5475212259832101e-12	6.230372094253783e-12	1.888985667226892e-11	0.9999999999015622	4.832413415652418e-12	1.4484378934126833e-11	1.7665671556487874e-11	1.460064934895675e-11
CHN__SAMN50151967	0.0	0.0	0.0	0.0	1.0	0.0	0.0	0.0	0.0
AUS__SAMN45810513	1.0	0.0	0.0	0.0	0.0	0.0	0.0	0.0	0.0
NODE_0247	3.1973727765862334e-11	6.523813501656812e-13	2.6265090847470962e-12	7.963309319062046e-12	1.3301955428275155e-08	9.863888732190049e-10	6.106710670223416e-12	7.447235274128685e-12	0.9999999856548859
CHN__SAMN41373949	0.0	0.0	0.0	0.0	1.0	0.0	0.0	0.0	0.0
CHN__SAMN45156025	0.0	0.0	0.0	0.0	1.0	0.0	0.0	0.0	0.0
NODE_0270	5.139180496987518e-07	4.134175491670197e-08	1.6644328480654626e-07	6.683641188805751e-07	4.145286485360874e-07	8.087458152167602e-06	0.9999892459523023	4.719352805505931e-07	3.9005840810412114e-07
NODE_0298	0.000658765012270368	5.299386140236008e-05	0.0002133550543309957	0.0006468714526428497	0.0005312813300188855	0.007448059908176911	0.9893437298772491	0.0006049494729542986	0.0004999940309541798
NODE_0301	3.2133301131281668e-06	2.5849395077653356e-07	1.0407052713789395e-06	3.155312895885627e-06	2.591603460259355e-06	0.9999819267395633	2.424108635412873e-06	2.95082817416989e-06	2.4388779357817637e-06
SWE__SAMEA8914634	0.0	0.0	0.0	0.0	0.0	1.0	0.0	0.0	0.0
NODE_0311	0.999999698839234	7.201676965583483e-10	2.8994191772519443e-09	8.79074743532053e-09	7.217158758958134e-09	2.597769679049406e-07	6.740574305443148e-09	8.221047814648995e-09	6.79468289729216e-09
AUS__SAMN45810505	1.0	0.0	0.0	0.0	0.0	0.0	0.0	0.0	0.0
BEL__SAMEA117989517	0.0	0.0	0.0	1.0	0.0	0.0	0.0	0.0	0.0
BEL__SAMEA117989521	0.0	0.0	0.0	1.0	0.0	0.0	0.0	0.0	0.0
NODE_0347	1.1935310959008285e-11	9.601272122465484e-13	3.865504194499156e-12	1.1719816905877576e-11	0.9999999999395276	2.982345073045253e-12	8.986530294591156e-12	1.0964034854905076e-11	9.058676804559005e-12
NODE_0539	1.1135208769009518e-08	8.957635867126808e-10	3.6063740903828585e-09	1.093416069591517e-08	0.9999999435850075	2.7824189184213094e-09	8.384104209619938e-09	1.0225556231112868e-08	8.451405904125568e-09
CHN__SAMN44583886	0.0	0.0	0.0	0.0	1.0	0.0	0.0	0.0	0.0
CHN__SAMN44584094	0.0	0.0	0.0	0.0	1.0	0.0	0.0	0.0	0.0
CHN__SAMN44590219	0.0	0.0	0.0	0.0	1.0	0.0	0.0	0.0	0.0
CHN__SAMN44590233	0.0	0.0	0.0	0.0	1.0	0.0	0.0	0.0	0.0
NODE_0560	1.783737652799271e-09	1.4349144868058539e-10	5.777013604808982e-10	1.7515319685197631e-09	0.9999999757013946	4.4571282798594383e-10	1.6604586708898807e-08	1.6380213472970863e-09	1.3538220291149314e-09
FRA__SAMEA117615784	0.0	0.0	0.0	0.0	0.0	0.0	1.0	0.0	0.0
NODE_0635	2.0648464476148444e-10	1.6610503658216863e-11	6.687444199539369e-11	0.9999999989901653	1.664621206151159e-10	5.1595510588613976e-11	1.554729144696557e-10	1.8961659270777785e-10	1.567178112282224e-10
BEL__SAMEA117989542	0.0	0.0	0.0	1.0	0.0	0.0	0.0	0.0	0.0
NODE_0092	0.9999999998839827	1.755511199615445e-12	7.065112989800111e-12	2.1548160374425605e-11	1.7586295385440918e-11	1.0145348950809655e-11	1.6424985893192606e-11	2.003250587591646e-11	2.1459463999359588e-11
AUS__SAMN45810638	1.0	0.0	0.0	0.0	0.0	0.0	0.0	0.0	0.0
NODE_0221	1.4499890574981353e-10	3.5768028865398375e-12	1.4400327773718021e-11	4.366033417652672e-11	0.9999999996741974	1.1110814335112487e-11	3.347790486558364e-11	4.0830861609517e-11	3.374664195069638e-11
NODE_0240	2.214381421091507e-05	1.7813426378220577e-06	7.1717449005842496e-06	2.174400360245872e-05	0.9998878114346667	5.5332026627356425e-06	1.6672883928390558e-05	2.0334851271160373e-05	1.6806722119403195e-05
NODE_0248	2.924052508902009e-09	2.340539999261311e-10	9.423092137309665e-10	2.8569860225127697e-09	1.3834330628907028e-07	1.32655568710308e-09	2.190783345656123e-09	2.6718348154160494e-09	0.9999998485101181
MEX__SAMN07362435	0.0	0.0	0.0	0.0	0.0	0.0	0.0	0.0	1.0
NODE_0271	1.3594103034394634e-08	1.0935671821708005e-09	4.402737966104395e-09	1.7784345934348068e-07	1.0965034962892921e-08	2.1294317058693328e-07	0.9999995563565729	1.2483575899315882e-08	1.0317778025702085e-08
FRA__SAMEA115874200	0.0	0.0	0.0	0.0	0.0	0.0	1.0	0.0	0.0
FRA__SAMEA115874229	0.0	0.0	0.0	0.0	0.0	0.0	1.0	0.0	0.0
NODE_0299	0.00011678093739395653	9.39435564339956e-06	3.782198929578184e-05	0.00011467250154229686	9.416890723142861e-05	0.0008666142277663581	0.9985646712209212	0.00010724092083176087	8.863493937370993e-05
IRL__SAMEA8914500	0.0	0.0	0.0	0.0	0.0	1.0	0.0	0.0	0.0
ITA__SAMEA8914529	0.0	0.0	0.0	0.0	0.0	1.0	0.0	0.0	0.0
AUS__SAMN45810549	1.0	0.0	0.0	0.0	0.0	0.0	0.0	0.0	0.0
AUS__SAMN45810523	1.0	0.0	0.0	0.0	0.0	0.0	0.0	0.0	0.0
NODE_0348	2.640566641144662e-08	2.1241841931231216e-09	8.55203644233108e-09	2.5928907649135088e-08	0.9999998662193497	6.598136352971722e-09	1.9881787895543233e-08	2.4248546420309688e-08	2.0041384911724563e-08
NODE_0404	1.1799850174897017e-11	9.492301702286093e-13	3.821632339717103e-12	1.1586801889078837e-11	0.9999999999395908	2.9484967046640194e-12	8.88453692939057e-12	1.1461243752913088e-11	8.957356360182858e-12
NODE_0540	8.219654513274703e-11	6.612239932888976e-12	2.6621098610268073e-11	8.071247264189769e-11	0.9999999995835626	2.0538925398752965e-11	6.188877230408438e-11	7.54817814100885e-11	6.238557185986319e-11
CHN__SAMN44583871	0.0	0.0	0.0	0.0	1.0	0.0	0.0	0.0	0.0
NODE_0561	7.667807677807184e-11	6.168310850903387e-12	2.4833825312951297e-11	7.52936411644607e-11	0.9999999993034541	1.915999384306527e-11	3.6580077966672493e-10	7.041412532558163e-11	5.819716219445729e-11
CHN__SAMN42391149	0.0	0.0	0.0	0.0	1.0	0.0	0.0	0.0	0.0
NODE_0636	2.051011299631243e-11	1.6499207839363582e-12	6.642636131491705e-12	0.9999999998996933	1.6534676984652267e-11	5.124980375646309e-12	1.544289099887458e-11	1.8834609938693615e-11	1.556677505263658e-11
BEL__SAMEA117989555	0.0	0.0	0.0	1.0	0.0	0.0	0.0	0.0	0.0
NODE_0093	0.9999999311856982	1.1361061520543913e-09	4.574001277638853e-09	1.3867908280710507e-08	1.138548494243074e-08	3.528971683856975e-09	1.063364543044046e-08	1.296917793148303e-08	1.0719006122601177e-08
NODE_0098	0.9999999993334491	1.0996191771671821e-11	4.4270896788528084e-11	1.3423156025832903e-10	1.1019796414090326e-10	3.4402594664570356e-11	1.0292105112395129e-10	1.2552623027099968e-10	1.040045098182009e-10
NODE_0222	5.9138994721370144e-09	3.376250602916926e-11	1.359289758772546e-10	4.1212287694627203e-10	0.9999999923794459	1.0487311950580812e-10	3.1600789887574614e-10	3.8541464402616004e-10	3.1854458813197083e-10
CHN__SAMN41373953	0.0	0.0	0.0	0.0	1.0	0.0	0.0	0.0	0.0
CHN__SAMN50151961	0.0	0.0	0.0	0.0	1.0	0.0	0.0	0.0	0.0
CHN__SAMN45156016	0.0	0.0	0.0	0.0	1.0	0.0	0.0	0.0	0.0
NODE_0249	1.6765798336540546e-07	1.3485968275439218e-08	5.429495828330559e-08	1.6461681011706937e-07	7.33582291615327e-06	4.248155131241965e-08	1.2623091199712666e-07	1.5394857412941823e-07	0.9999919414603264
GTM__SAMN08395634	0.0	0.0	0.0	0.0	0.0	0.0	0.0	0.0	1.0
NODE_0272	5.2904583981676405e-09	4.255866004224256e-10	1.7134258544825967e-09	2.0286785323900822e-07	4.266910943065244e-09	6.918409733922287e-08	0.999999707378009	4.858268173588692e-09	4.015390546303377e-09
FRA__SAMEA115874196	0.0	0.0	0.0	0.0	0.0	0.0	1.0	0.0	0.0
FRA__SAMEA117615782	0.0	0.0	0.0	0.0	0.0	0.0	1.0	0.0	0.0
FRA__SAMN42490576	0.0	0.0	0.0	0.0	0.0	0.0	1.0	0.0	0.0
NODE_0349	2.0735039963840196e-08	1.6680148665315422e-09	6.715483511792117e-09	2.0360665318807368e-08	0.9999998949487929	5.181184175924771e-09	1.561216672751674e-08	1.904116227356589e-08	1.573749022653529e-08
CHN__SAMN45156066	0.0	0.0	0.0	0.0	1.0	0.0	0.0	0.0	0.0
NODE_0405	2.8889179159830784e-12	2.3239685288538243e-13	9.356374844484348e-13	2.836758015582055e-12	0.9999999998800245	7.218706025134047e-13	2.1751715089572274e-12	1.0799204294755603e-10	2.192634437667787e-12
NODE_0526	3.970354629309926e-09	3.19392224883118e-10	1.2858837550154525e-09	3.8986692065861455e-09	0.9999999742926031	9.920954391245071e-10	2.9894245947076257e-09	3.6462018645084794e-09	8.605375247934652e-09
NODE_0541	1.163675818955481e-10	9.361103567805833e-12	3.7688115329869966e-11	1.1426654557049411e-10	0.9999999994104397	2.9077439684672815e-11	8.761739034018427e-11	1.0686133298757105e-10	8.832072115414239e-11
NODE_0552	3.2013581077755745e-08	2.5753087171151885e-09	1.0368278829266967e-08	3.143557046995791e-08	0.9999998378076271	7.999418375079583e-09	2.410419107956202e-08	2.939834180575617e-08	2.4297682580118692e-08
NODE_0562	1.2291998804746896e-11	9.88820700681616e-13	3.981025136397097e-12	1.2070064692379804e-11	0.9999999999358875	3.071472724851491e-12	1.1091935095715411e-11	1.1287846288117507e-11	9.32938694073384e-12
NODE_0570	0.0001160337135315462	9.334245775605242e-06	3.7579984962266446e-05	0.00011393870525613612	0.9994121310804144	2.8994014068545584e-05	8.736619555281474e-05	0.0001065547388499383	8.806732158874085e-05
NODE_0637	1.3614476110089604e-10	1.0952064038106717e-11	4.409337527124866e-11	0.999999999334165	1.0975608220006881e-10	3.4019277661444164e-11	1.0251530892857382e-10	1.2502288363760037e-10	1.0333121377896047e-10
BEL__SAMEA117989539	0.0	0.0	0.0	1.0	0.0	0.0	0.0	0.0	0.0
NODE_0094	0.9999998958166476	1.7200399699822928e-09	6.92493831373898e-09	2.0995711074107523e-08	1.7237376229819697e-08	5.342785410789237e-09	1.609910758354334e-08	1.963505292280682e-08	1.6228340915817208e-08
AUS__SAMN45810545	1.0	0.0	0.0	0.0	0.0	0.0	0.0	0.0	0.0
NODE_0099	0.9999999957070891	7.087268581285122e-11	2.853357624987263e-10	8.651108278416229e-10	7.102503541807599e-10	2.2020783030563482e-10	6.633490335626046e-10	8.090444338423181e-10	6.687400137847157e-10
AUS__SAMN45810558	1.0	0.0	0.0	0.0	0.0	0.0	0.0	0.0	0.0
NODE_0223	3.186051038957455e-07	1.6672050224965403e-09	6.712223052683926e-09	2.035077993727513e-08	0.9999995971196656	5.178668727746993e-09	1.5604586807005506e-08	1.903191752735959e-08	1.5729849459748745e-08
NODE_0239	5.462688977642734e-09	4.394363376804947e-10	1.7691853588283774e-09	5.363990681353906e-09	0.999999972324327	1.3649762030316345e-09	4.113004930383175e-09	5.0163693273527605e-09	4.1460212424904934e-09
NODE_0250	6.378279586863554e-06	5.130959566894353e-07	2.065741442868577e-06	6.263118668906253e-06	0.9996933111146891	1.593777714308007e-06	5.623934567487396e-06	5.857227995098165e-06	0.0002783937093786262
NODE_0263	3.290001869495258e-07	2.6465035122848703e-08	1.0654911450282863e-07	3.2304611523473783e-07	7.3829208784072685e-06	8.279028539641132e-08	2.4771138925514305e-07	3.0211063367749455e-07	0.9999911994063614
NODE_0273	7.255252176012836e-09	5.836425628628659e-10	2.3497644333564963e-09	4.132767291581493e-07	5.850237887303559e-09	4.7107322542947646e-08	0.9999995114078875	6.662550203699831e-09	5.506613563492004e-09
FRA__SAMEA115874187	0.0	0.0	0.0	0.0	0.0	0.0	1.0	0.0	0.0
NODE_0350	8.170647534594513e-07	6.572816633418658e-08	2.646237909110463e-07	8.023125114778273e-07	0.9999958604546337	2.0416468831082743e-07	6.151978091430709e-07	7.503174618701995e-07	6.201361846630508e-07
CHN__SAMN44584040	0.0	0.0	0.0	0.0	1.0	0.0	0.0	0.0	0.0
NODE_0406	4.021615295687495e-09	3.235158510606035e-10	1.302485611605185e-09	3.9490043529833965e-09	0.9999999795543973	1.0049042378510102e-09	3.028020617259103e-09	3.763729153592758e-09	3.0523274395155775e-09
NODE_0472	2.1685957430947417e-08	1.7445107148513641e-09	7.023458349678611e-09	2.1294413810603974e-08	0.999999025683712	5.4187954147637865e-09	1.6328147119473656e-08	8.843617869041738e-07	1.6459218007732258e-08
CHN__SAMN42391124	0.0	0.0	0.0	0.0	1.0	0.0	0.0	0.0	0.0
NODE_0527	6.463849406233137e-10	5.1997955747470526e-11	2.0934550493254326e-10	6.347143514601181e-10	0.9999999880274778	1.6151593784019563e-10	4.866867621555036e-10	5.938788030538554e-10	9.187998057330256e-09
NODE_0542	7.344884252088633e-09	5.908537503087722e-10	2.378796914640127e-09	7.212271127663594e-09	0.9999999627881616	1.83530864311258e-09	5.530230842953884e-09	6.7448692241634626e-09	5.5746236483667065e-09
CHN__SAMN44584067	0.0	0.0	0.0	0.0	1.0	0.0	0.0	0.0	0.0
CHN__SAMN39683447	0.0	0.0	0.0	0.0	1.0	0.0	0.0	0.0	0.0
NODE_0553	1.5701666536741144e-08	1.2631088851663095e-09	5.085318519714806e-09	1.5418170298182412e-08	0.999999920449682	3.923466091103906e-09	1.1822356566418445e-08	1.4418972955445496e-08	1.1917258133726924e-08
NODE_0563	2.241271293200107e-13	1.802974020550562e-14	7.258833569255769e-14	2.2008047618465472e-13	0.9999999999988642	5.600394008660585e-14	1.6896082134428547e-13	2.0581783523964543e-13	1.701081123222032e-13
NODE_0569	2.6297259669901936e-07	2.115463493435823e-08	8.516926614393444e-08	2.5822458209599847e-07	0.9999986676857637	6.571048134437597e-08	1.98001655944831e-07	2.414899559198893e-07	1.995910631285833e-07
CHN__SAMN43024014	0.0	0.0	0.0	0.0	1.0	0.0	0.0	0.0	0.0
CHN__SAMN43024018	0.0	0.0	0.0	0.0	1.0	0.0	0.0	0.0	0.0
NODE_0638	4.3561650362128377e-10	3.504284560887923e-11	1.4108366574816445e-10	0.999999997869428	3.51181789093826e-10	1.088500113465065e-10	3.281425699990101e-10	4.00030313340523e-10	3.3062441549238527e-10
BEL__SAMEA117989583	0.0	0.0	0.0	1.0	0.0	0.0	0.0	0.0	0.0
NODE_0095	0.9999988579271581	1.885532501848466e-08	7.591216769761693e-08	2.3015799794144698e-07	1.8895859222729692e-07	5.85683707625017e-08	1.7648072795670372e-07	2.1524226826259113e-07	1.7789739212722267e-07
AUS__SAMN45810634	1.0	0.0	0.0	0.0	0.0	0.0	0.0	0.0	0.0
AUS__SAMN45810543	1.0	0.0	0.0	0.0	0.0	0.0	0.0	0.0	0.0
NODE_0100	0.999999948768293	8.458204096134652e-10	3.4053011644484314e-09	1.0324529340068298e-08	8.476387035965913e-09	2.627336137615218e-09	7.916649552250021e-09	9.655431651915926e-09	7.980251724958802e-09
NODE_0224	5.624616459868964e-06	7.680763524352762e-09	3.092301024451924e-08	9.375543267035544e-08	0.9999939871300817	2.3857971071001447e-08	7.18898632996968e-08	8.767947311227399e-08	7.246694458314522e-08
NODE_0238	0.024597223509448565	4.586417420929383e-05	0.00018465069578482056	0.0005598421932177984	0.973084397047963	0.00014246319887377352	0.00042927623065149245	0.0005235607914044345	0.00043272215844670234
CHN__SAMN50151966	0.0	0.0	0.0	0.0	1.0	0.0	0.0	0.0	0.0
CHN__SAMN44583822	0.0	0.0	0.0	0.0	1.0	0.0	0.0	0.0	0.0
NODE_0251	4.481128783579525e-06	3.6048107157289537e-07	1.451308822861235e-06	4.400221244624005e-06	0.9997849373594759	1.1197256392581642e-06	4.198297364750795e-06	4.115058395203336e-06	0.0001949364192021719
CHN__SAMN50151973	0.0	0.0	0.0	0.0	1.0	0.0	0.0	0.0	0.0
MEX__SAMN07362434	0.0	0.0	0.0	0.0	0.0	0.0	0.0	0.0	1.0
NODE_0264	1.0710732937081204e-10	8.616169414961333e-12	3.468898557319075e-11	1.0517348814340112e-10	8.651267405090917e-11	2.6763540443064265e-11	8.064500885739103e-11	9.835756460339149e-11	0.9999999994521354
NODE_0274	5.54323394205065e-09	4.4592011717302843e-10	1.7952892714192446e-09	3.614116893413063e-07	4.469425804240399e-09	2.423871097262664e-08	0.9999995927981378	5.090384710013709e-09	4.2072081655277156e-09
BEL__SAMEA117989575	0.0	0.0	0.0	1.0	0.0	0.0	0.0	0.0	0.0
NODE_0351	5.398127540503237e-07	4.342483547027199e-08	1.748298366244702e-07	5.300663436969213e-07	0.9999972651134744	1.348861301509601e-07	4.06444681856766e-07	4.957146098755216e-07	4.0970733385800694e-07
CHN__SAMN44584039	0.0	0.0	0.0	0.0	1.0	0.0	0.0	0.0	0.0
NODE_0407	9.968682531338505e-07	8.019232512212806e-08	3.228569768384256e-07	9.78869628628554e-07	0.9999949495023477	2.490932270989609e-07	7.505784122159172e-07	9.154353012332569e-07	7.566035280468759e-07
NODE_0417	1.789624866909445e-05	1.4396504124058764e-06	5.796080599305356e-06	1.7573128879858672e-05	0.9999093311294867	4.4718390017298125e-06	1.3474737377223439e-05	1.6434282477651464e-05	1.3582903096044873e-05
NODE_0473	1.6341208089745696e-08	1.3145563296871107e-09	5.292447648079052e-09	1.604616482054174e-08	0.999999814599359	4.0832720321607565e-09	1.2303890692809879e-08	1.1761644359891642e-07	1.240265767756358e-08
NODE_0498	0.0003303593474562816	2.6575511974691258e-05	0.0001069938979947924	0.00032439465369861936	0.9765873671539611	8.254879789931767e-05	0.00024873958388674797	0.022042284762728053	0.00025073629040036943
CHN__SAMN42391144	0.0	0.0	0.0	0.0	1.0	0.0	0.0	0.0	0.0
NODE_0528	2.728959738180632e-09	2.1952913625387027e-10	8.838316279137029e-10	2.679687909668514e-09	0.9999999189071141	6.819009289036675e-10	2.054733171455262e-09	2.5083318438273507e-09	6.933591149180628e-08
NODE_0543	7.346679362852887e-09	5.909981566589441e-10	2.3793782994245408e-09	7.214033827400123e-09	0.9999999627790669	1.8357571978056023e-09	5.531582447223505e-09	6.746517689535036e-09	5.575986102365216e-09
NODE_0549	6.630594698696462e-08	5.333932584966453e-09	2.1474590572347012e-08	6.510878192675281e-08	0.9999996640701067	1.656824987546076e-08	4.992416224861612e-08	6.08893109628267e-08	5.032491832608163e-08
CHN__SAMN43024025	0.0	0.0	0.0	0.0	1.0	0.0	0.0	0.0	0.0
CHN__SAMN44590275	0.0	0.0	0.0	0.0	1.0	0.0	0.0	0.0	0.0
NODE_0564	3.5972536138649773e-09	2.8937839121964385e-10	1.1650470591700202e-09	3.532304592925929e-09	0.9999999817750128	8.988665338214083e-10	2.7085033862833074e-09	3.303388366504103e-09	2.7302452124173122e-09
CHN__SAMN44584022	0.0	0.0	0.0	0.0	1.0	0.0	0.0	0.0	0.0
CHN__SAMN42391145	0.0	0.0	0.0	0.0	1.0	0.0	0.0	0.0	0.0
CHN__SAMN42391150	0.0	0.0	0.0	0.0	1.0	0.0	0.0	0.0	0.0
NODE_0639	5.524790444901062e-08	4.444376578312443e-09	1.7893208406417933e-08	0.9999997298050877	4.4539308696522794e-08	1.3805112928810735e-08	4.159830396918856e-08	5.0734617133236566e-08	4.19320800837097e-08
NODE_0668	5.346908323407792e-09	4.3012806288190365e-10	1.7317099338861825e-09	0.9999999551097173	4.310527299873571e-09	1.3360628599545828e-09	2.2766636158444866e-08	4.910111059234359e-09	4.058198953488174e-09
NODE_0096	0.9999567868156852	7.134384136374708e-07	2.872326859665982e-06	8.708603896257569e-06	7.149721267097669e-06	2.2160808605028753e-06	6.677590042516444e-06	8.144229933319103e-06	6.731193041932851e-06
NODE_0097	0.9993929278779579	1.002260255978255e-05	4.035133234478989e-05	0.0001223411496130825	0.0001004414863337732	3.1132186425498295e-05	9.380884148372118e-05	0.00011441265036596882	9.456187291546977e-05
NODE_0101	0.9999339618031351	1.0902734236852323e-06	4.389477184533214e-06	1.3308449901196859e-05	1.0926172372090922e-05	3.386604954904495e-06	1.020466352589853e-05	1.2445976110829479e-05	1.0286579391743458e-05
AUS__SAMN45810546	1.0	0.0	0.0	0.0	0.0	0.0	0.0	0.0	0.0
NODE_0225	1.1884813022918227e-05	1.5935109909630705e-08	6.415528422671679e-08	1.945123189237871e-07	0.9999873096861286	4.94976039856213e-08	1.4914830660217857e-07	1.8190666024707917e-07	1.5034556435518513e-07
CHN__SAMN50151940	0.0	0.0	0.0	0.0	1.0	0.0	0.0	0.0	0.0
CHN__SAMN50151943	0.0	0.0	0.0	0.0	1.0	0.0	0.0	0.0	0.0
AUS__SAMN45810507	1.0	0.0	0.0	0.0	0.0	0.0	0.0	0.0	0.0
NODE_0252	3.995759555547163e-06	3.214359050815221e-07	1.2941116796887483e-06	3.923615440203899e-06	0.9998091963191551	9.98443614533425e-07	3.837988596027562e-06	3.6693397352432755e-06	0.00017276298631854355
CHN__SAMN45156026	0.0	0.0	0.0	0.0	1.0	0.0	0.0	0.0	0.0
USA__SAMN45987611	0.0	0.0	0.0	0.0	0.0	0.0	0.0	0.0	1.0
USA__SAMN45987613	0.0	0.0	0.0	0.0	0.0	0.0	0.0	0.0	1.0
NODE_0275	1.3818317115193153e-10	1.1114412710747266e-11	4.474699644462945e-11	6.801788238560121e-09	1.1139491409162204e-10	4.588678219883737e-10	0.9999999922021651	1.2687621816294603e-10	1.04863199140076e-10
BEL__SAMEA117989558	0.0	0.0	0.0	1.0	0.0	0.0	0.0	0.0	0.0
NODE_0352	1.085066252561379e-08	8.72873475816947e-10	3.5142177401082152e-09	1.0654751982953553e-08	0.9999999450266077	2.7113177053939035e-09	8.169872970293481e-09	9.964255013571363e-09	8.235440864644293e-09
CHN__SAMN44590312	0.0	0.0	0.0	0.0	1.0	0.0	0.0	0.0	0.0
NODE_0408	1.3206376462001734e-11	1.0623771311772957e-12	4.277165780039663e-12	1.296793310675603e-11	0.9999999998783596	3.2999535503936535e-12	9.943561794463095e-12	6.685957381525031e-11	1.0023381718149354e-11
NODE_0415	0.00015030961086020967	1.2091544840744391e-05	4.8680963005420844e-05	0.00014759574547538543	0.9992384771813084	3.755873046960338e-05	0.00011317358006494787	0.00013803058597150778	0.00011408205800382034
NODE_0418	1.315652167707145e-07	1.0583666000870993e-08	4.2610192480451696e-08	1.291897845837933e-07	0.999999333443045	3.287496047383031e-08	9.906024311253352e-08	1.2081746246307857e-07	9.98554291041354e-08
CHN__SAMN45156028	0.0	0.0	0.0	0.0	1.0	0.0	0.0	0.0	0.0
NODE_0474	1.4888264119665601e-08	1.197675332758368e-09	4.8218808543016446e-09	1.4619453998987034e-08	0.9999997855857268	3.7202165319344572e-09	1.1209916263718514e-08	1.526569646087672e-07	1.129990159082758e-08
CHN__SAMN42391140	0.0	0.0	0.0	0.0	1.0	0.0	0.0	0.0	0.0
CHN__SAMN50152069	0.0	0.0	0.0	0.0	1.0	0.0	0.0	0.0	0.0
NODE_0499	7.197335993075792e-07	5.789843403634111e-08	2.331010274135825e-07	7.067386877362069e-07	4.682232675029661e-05	1.7984399075752605e-07	5.419136385259071e-07	0.9999501921801316	5.462637402465769e-07
NODE_0529	8.66519229122187e-10	6.97064948431174e-11	2.806406742388138e-10	8.508740782383468e-10	0.9999999841972405	2.1652216373307238e-10	6.524338849235707e-10	8.00047413290657e-10	1.2066015798302282e-08
USA__SAMN46491808	0.0	0.0	0.0	0.0	0.0	0.0	0.0	0.0	1.0
NODE_0544	1.1205031633332829e-10	9.013804350967785e-12	3.628987709402981e-11	1.1002722896642376e-10	0.9999999994323125	2.799865960741004e-11	8.436676387011821e-11	1.0289675156957485e-10	8.504400093998982e-11
CHN__SAMN42391126	0.0	0.0	0.0	0.0	1.0	0.0	0.0	0.0	0.0
NODE_0550	6.504413368102803e-08	5.232426952145899e-09	2.1065925507521847e-08	6.38697508729523e-08	0.9999996704629089	1.6252953298020236e-08	4.8974097057247615e-08	5.973057715004653e-08	4.936722667925969e-08
CHN__SAMN50152047	0.0	0.0	0.0	0.0	1.0	0.0	0.0	0.0	0.0
NODE_0565	2.3714540952290456e-08	1.907698607303068e-09	7.680458250022635e-09	2.328637091419982e-08	0.999999879853564	5.925689293852315e-09	1.785554153070319e-08	2.1777263186793527e-08	1.7998873265457734e-08
CHN__SAMN44583818	0.0	0.0	0.0	0.0	1.0	0.0	0.0	0.0	0.0
NODE_0640	1.326052468788542e-07	1.0667330449313954e-08	4.294702834163931e-08	0.9999993514823005	1.0690262525643489e-07	3.313483880288953e-08	9.984332027562032e-08	1.2177251784212173e-07	1.00644791636867e-07
BEL__SAMEA117989598	0.0	0.0	0.0	1.0	0.0	0.0	0.0	0.0	0.0
NODE_0669	5.076490014386228e-09	4.0837446315810777e-10	1.644129215513422e-09	0.9999999395766226	4.092523654978423e-09	1.2684918754748703e-09	3.941862770403084e-08	4.661783642821879e-09	3.852956740175653e-09
BEL__SAMEA117989532	0.0	0.0	0.0	1.0	0.0	0.0	0.0	0.0	0.0
AUS__SAMN45810504	1.0	0.0	0.0	0.0	0.0	0.0	0.0	0.0	0.0
AUS__SAMN45810646	1.0	0.0	0.0	0.0	0.0	0.0	0.0	0.0	0.0
AUS__SAMN45810596	1.0	0.0	0.0	0.0	0.0	0.0	0.0	0.0	0.0
AUS__SAMN45810598	1.0	0.0	0.0	0.0	0.0	0.0	0.0	0.0	0.0
AUS__SAMN45811366	1.0	0.0	0.0	0.0	0.0	0.0	0.0	0.0	0.0
AUS__SAMN45810532	1.0	0.0	0.0	0.0	0.0	0.0	0.0	0.0	0.0
NODE_0226	0.029462971391051595	1.8313243197091242e-05	7.372972819674794e-05	0.00022354106256453418	0.9696113159522347	5.688455646677346e-05	0.00017140698914095692	0.0002090541531980317	0.0001727829239493614
CHN__SAMN42391109	0.0	0.0	0.0	0.0	1.0	0.0	0.0	0.0	0.0
NODE_0253	1.9088006201788673e-08	1.5355204606380487e-09	6.182056612526755e-09	1.8743369028984028e-08	0.9999998862562014	4.769630348521141e-09	1.4454906627558708e-08	1.7528677261705646e-08	3.1441632186382896e-08
NODE_0256	1.4850491681266268e-05	1.1946367570441154e-06	4.809647447083382e-06	1.4582363548293148e-05	0.9997502438887539	3.710778116418241e-06	0.00018264819666521335	1.363733189885055e-05	1.4322665131946712e-05
NODE_0276	6.630268772821968e-11	5.309574248428986e-12	2.137652309664628e-11	3.5190470598138695e-10	5.321026800662298e-11	3.0205674916273615e-11	0.9999999993609835	6.061197719938197e-11	5.009510879379892e-11
FRA__SAMEA115874245	0.0	0.0	0.0	0.0	0.0	0.0	1.0	0.0	0.0
NODE_0353	1.1035456458742498e-08	8.877390863120826e-10	3.574067184004595e-09	1.0836209430440567e-08	0.9999999440903673	2.7574932326078878e-09	8.309018573459187e-09	1.0133952842803862e-08	8.375695849520472e-09
NODE_0403	3.36027356500398e-06	2.7031470746205877e-07	1.0882960322356607e-06	3.299603258831187e-06	0.9999829756395605	8.396509605063999e-07	2.530072343413941e-06	3.0857675867281973e-06	2.5503819852744378e-06
NODE_0409	1.8785431211358214e-10	1.5111800406169997e-11	6.084061269318968e-11	1.8446257081295998e-10	0.9999999900408066	4.6940241783930717e-11	1.4144235295974832e-10	9.179963668123497e-09	1.4257775273425755e-10
CHN__SAMN44584044	0.0	0.0	0.0	0.0	1.0	0.0	0.0	0.0	0.0
CHN__SAMN44583829	0.0	0.0	0.0	0.0	1.0	0.0	0.0	0.0	0.0
NODE_0416	0.00019682506466774772	1.5833445922668568e-05	6.374598162283358e-05	0.00019327135491618608	0.9990028130794759	4.91818155287049e-05	0.00014819675925899738	0.00018074611994813668	0.00014938637865887788
NODE_0419	3.498065077059649e-08	2.813992431558194e-09	1.1329227428129464e-08	3.4349069218880306e-08	0.9999998227753762	8.740817213385236e-09	2.6338205907484577e-08	3.2123030356808386e-08	2.654963050855025e-08
CHN__SAMN43024010	0.0	0.0	0.0	0.0	1.0	0.0	0.0	0.0	0.0
NODE_0475	9.489359037980875e-09	7.633644293336623e-10	3.0733306648150715e-09	9.318027059473551e-09	0.9999998036977976	2.3711609417197134e-09	7.144884007774798e-09	1.5693983815420994e-07	7.202238113681563e-09
JPN__SAMD00920280	0.0	0.0	0.0	0.0	0.0	0.0	0.0	1.0	0.0
NODE_0500	3.6790691089188174e-08	2.9595997786237194e-09	1.1915447466112463e-08	3.612642895412372e-08	2.377658919853195e-06	9.19310244036467e-09	2.7701051182278295e-08	0.9999974697313435	2.7923415747119622e-08
JPN__SAMD01697915	0.0	0.0	0.0	0.0	0.0	0.0	0.0	1.0	0.0
NODE_0530	5.412578944275615e-11	4.354108871297908e-12	1.7529787605880404e-11	5.314853918208192e-11	0.9999999994969017	1.352472357223789e-11	4.075327805069755e-11	6.403802900989811e-11	2.55623970850337e-10
CHN__SAMN45156034	0.0	0.0	0.0	0.0	1.0	0.0	0.0	0.0	0.0
NODE_0545	8.40126813099927e-14	6.758337656769635e-15	2.7209292921671937e-14	8.249581817403859e-14	0.9999999999995743	2.0992733833136475e-14	6.325620737286064e-14	7.71495545959197e-14	6.37639837360543e-14
CHN__SAMN44583872	0.0	0.0	0.0	0.0	1.0	0.0	0.0	0.0	0.0
NODE_0551	1.0015807381884749e-05	8.057141747705619e-07	3.2438321530910537e-06	9.834970289704146e-06	0.9999492562996254	2.5027076295309383e-06	7.541266138351127e-06	9.197600485809363e-06	7.601802121342236e-06
CHN__SAMN50152046	0.0	0.0	0.0	0.0	1.0	0.0	0.0	0.0	0.0
NODE_0566	1.737694706294297e-08	1.3978755809715167e-09	5.62789373398761e-09	1.706320335182478e-08	0.9999999119621052	4.342078110551605e-09	1.3083736285817785e-08	1.5957397207646123e-08	1.3188763322710302e-08
CHN__SAMN44590292	0.0	0.0	0.0	0.0	1.0	0.0	0.0	0.0	0.0
NODE_0641	1.0215025996103103e-08	8.217401680064333e-10	3.3083533366218556e-09	0.9999999500425105	8.235067025996295e-09	2.5524875351080596e-09	7.691265638042588e-09	9.380544621319666e-09	7.753005157346605e-09
BEL__SAMEA117989569	0.0	0.0	0.0	1.0	0.0	0.0	0.0	0.0	0.0
NODE_0670	3.700705353631902e-13	2.9770048947461264e-14	1.1985521044403705e-13	0.9999999999950336	2.9834047061894955e-13	9.247166174473388e-14	3.43506688257572e-12	3.3983889726118956e-13	2.8087630617360923e-13
FRA__SAMEA115874203	0.0	0.0	0.0	0.0	0.0	0.0	1.0	0.0	0.0
NODE_0227	0.9988334589203535	7.245652268656806e-07	2.9171237810082067e-06	8.84442362107621e-06	0.0011299151694292842	2.2506429428102554e-06	6.781733996357735e-06	8.271247659901312e-06	6.8361729892698325e-06
CHN__SAMN39683227	0.0	0.0	0.0	0.0	1.0	0.0	0.0	0.0	0.0
NODE_0254	1.9469887184320353e-08	1.5662405922282011e-09	6.305736887393088e-09	1.911835508600727e-08	0.9999998888507506	4.865053152252776e-09	1.472041265700148e-08	1.787936179238077e-08	2.7224201928679565e-08
NODE_0255	8.6114532573067e-06	6.927419518206065e-07	2.7890022137821386e-06	8.455972015792667e-06	0.9999563692535395	2.151793554596769e-06	6.48388655635185e-06	7.907970235747871e-06	6.537926675274008e-06
CHN__SAMN41373920	0.0	0.0	0.0	0.0	1.0	0.0	0.0	0.0	0.0
NODE_0257	1.58837008387621e-05	1.277752499186189e-06	5.144274198394118e-06	1.5596917940124195e-05	0.9997310764639377	3.968952055130886e-06	0.00019739246643815566	1.458613659193173e-05	1.5073335500559466e-05
NODE_0277	1.2768920025334226e-10	9.533149345629695e-12	3.838077737229652e-11	7.105242531858637e-10	9.553645461274826e-11	3.0459847310986706e-11	0.9999999987890846	1.0884763131440883e-10	8.994394981007114e-11
FRA__SAMEA115874195	0.0	0.0	0.0	0.0	0.0	0.0	1.0	0.0	0.0
NODE_0354	2.0365839999526344e-08	1.6383148500245604e-09	6.5959102542903264e-09	1.9998131322141533e-08	0.9999998964609279	5.088930048795402e-09	1.569254047454494e-08	1.8702130428271776e-08	1.5457274666775818e-08
NODE_0401	3.6059470318047708e-06	2.9007772675937925e-07	1.1678626073887653e-06	3.540841049738037e-06	0.9999817309689786	9.010388083645443e-07	2.715048844997982e-06	3.311371605599863e-06	2.7368433467879834e-06
CHN__SAMN44583839	0.0	0.0	0.0	0.0	1.0	0.0	0.0	0.0	0.0
CHN__SAMN44590310	0.0	0.0	0.0	0.0	1.0	0.0	0.0	0.0	0.0
CHN__SAMN39683481	0.0	0.0	0.0	0.0	1.0	0.0	0.0	0.0	0.0
NODE_0410	5.602894153920993e-09	4.50720652607415e-10	1.8146163872647e-09	5.501732954632801e-09	0.9999996050348661	1.4000275176851155e-09	4.218623057403352e-09	3.717240319248944e-07	4.25248719758404e-09
CHN__SAMN43024034	0.0	0.0	0.0	0.0	1.0	0.0	0.0	0.0	0.0
CHN__SAMN45156057	0.0	0.0	0.0	0.0	1.0	0.0	0.0	0.0	0.0
NODE_0420	1.3369648995793386e-09	1.0755114687110396e-10	4.330045061223518e-10	1.3128257727402183e-09	0.9999999932264524	3.3407514012740806e-10	1.006649563129314e-09	1.2277462784929489e-09	1.0147302381397964e-09
CHN__SAMN43024019	0.0	0.0	0.0	0.0	1.0	0.0	0.0	0.0	0.0
NODE_0476	1.4539852253690065e-10	1.1696475993594131e-11	4.709040264394332e-11	1.4277332768036908e-10	0.9999999877849304	3.633156846983527e-11	1.0947584281193247e-10	1.1611948813878312e-08	1.1035463791567791e-10
JPN__SAMD00920276	0.0	0.0	0.0	0.0	0.0	0.0	0.0	1.0	0.0
NODE_0501	3.045536957598714e-10	2.449959551900987e-11	9.863618907402322e-11	2.990549273976029e-10	1.849654904564016e-08	7.61005906881412e-11	2.2930956892178264e-10	0.9999999802401461	2.3115030493471292e-10
JPN__SAMD01697929	0.0	0.0	0.0	0.0	0.0	0.0	0.0	1.0	0.0
CHN__SAMN42391147	0.0	0.0	0.0	0.0	1.0	0.0	0.0	0.0	0.0
NODE_0531	7.922878134536778e-11	6.373500382527109e-12	2.5659925214133082e-11	7.779829233043066e-11	0.9999999990332241	1.9797353123036737e-11	5.965423486710583e-11	6.300532008071658e-10	6.82104832440497e-11
CHN__SAMN33268551	0.0	0.0	0.0	0.0	1.0	0.0	0.0	0.0	0.0
NODE_0546	1.5317213054025976e-11	1.2321818107175964e-12	4.960805085994537e-12	1.5040658187963827e-11	0.9999999999223974	3.827400479246038e-12	1.1532887538068738e-11	1.4065926076190527e-11	1.1625465451516557e-11
CHN__SAMN44583814	0.0	0.0	0.0	0.0	1.0	0.0	0.0	0.0	0.0
CHN__SAMN44583815	0.0	0.0	0.0	0.0	1.0	0.0	0.0	0.0	0.0
NODE_0567	3.266973238661963e-08	2.628092321091257e-09	1.0580787380183741e-08	3.207987485623232e-08	0.9999998344833274	8.163374691750646e-09	2.4598231296081118e-08	3.00008910928049e-08	2.4795688604142817e-08
CHN__SAMN43024011	0.0	0.0	0.0	0.0	1.0	0.0	0.0	0.0	0.0
NODE_0642	1.0402322947653578e-09	8.368071319566861e-11	3.369013436247398e-10	0.9999999949126512	8.386060567311937e-10	2.5992885059894555e-10	7.832294615153253e-10	9.552540993343254e-10	7.895159884302767e-10
BEL__SAMEA117989593	0.0	0.0	0.0	1.0	0.0	0.0	0.0	0.0	0.0
NODE_0671	3.746335299178814e-11	3.0137115650317904e-12	1.2133303323819921e-11	0.9999999985571829	3.0201902865800624e-11	9.361184354437476e-12	1.2878068272405299e-09	3.440291336877487e-11	2.8433952989217455e-11
BEL__SAMEA117989543	0.0	0.0	0.0	1.0	0.0	0.0	0.0	0.0	0.0
NODE_0228	0.9991512828165089	5.309124391306556e-07	2.1374711956860324e-06	6.48059600884052e-06	0.0008218801913087379	1.6491190717893753e-06	4.969196428479769e-06	6.060611394184378e-06	5.0090856440246606e-06
AUS__SAMN45810645	1.0	0.0	0.0	0.0	0.0	0.0	0.0	0.0	0.0
CHN__SAMN50151944	0.0	0.0	0.0	0.0	1.0	0.0	0.0	0.0	0.0
CHN__SAMN41373958	0.0	0.0	0.0	0.0	1.0	0.0	0.0	0.0	0.0
CHN__SAMN41373926	0.0	0.0	0.0	0.0	1.0	0.0	0.0	0.0	0.0
CHN__SAMN50152066	0.0	0.0	0.0	0.0	1.0	0.0	0.0	0.0	0.0
NODE_0258	2.2892520176513324e-05	1.8415717574365049e-06	7.414229345906743e-06	2.2479191862180883e-05	0.9996128207760996	5.720286217393024e-06	0.0002854266370563673	2.1022394567743837e-05	2.0382392916909087e-05
CHN__SAMN45156015	0.0	0.0	0.0	0.0	1.0	0.0	0.0	0.0	0.0
NODE_0278	2.0840997454448492e-10	4.2286935745642825e-12	1.7024861436311844e-11	9.021742651677854e-09	4.23778426035085e-11	1.3901313111363646e-11	0.9999999906037663	4.865122166267008e-11	3.9897140700877606e-11
FRA__SAMEA115874220	0.0	0.0	0.0	0.0	0.0	0.0	1.0	0.0	0.0
NODE_0355	1.6683871012105475e-08	1.3421215935930926e-09	5.403426320375747e-09	1.638264090602253e-08	0.9999999150175014	4.168895195371433e-09	1.3017862059087257e-08	1.532094928923411e-08	1.266273214093634e-08
CHN__SAMN44583865	0.0	0.0	0.0	0.0	1.0	0.0	0.0	0.0	0.0
NODE_0402	3.3550645110346923e-06	2.698956689901549e-07	1.0866089693650904e-06	3.294488255210204e-06	0.9999830020305112	8.383493441099837e-07	2.526150256730428e-06	3.080984068486305e-06	2.546428415082419e-06
CHN__SAMN44590209	0.0	0.0	0.0	0.0	1.0	0.0	0.0	0.0	0.0
NODE_0411	9.195948681080257e-07	7.397612514204273e-08	2.9783034829339994e-07	9.029914276071957e-07	0.9999348341527808	2.2978448014625923e-07	6.923964664503665e-07	6.135131896470136e-05	6.979545385230395e-07
NODE_0413	2.746368426578719e-08	2.2092956524293725e-09	8.89469801753886e-09	2.696782281260321e-08	0.9999998606307324	6.862509384049304e-09	2.0678408069482373e-08	2.544844955309865e-08	2.084439979238578e-08
NODE_0421	3.696953258000947e-11	2.973986549325045e-12	1.1973369085020804e-11	3.63020414316535e-11	0.9999999998126989	9.237790596445294e-12	2.783570745385379e-11	3.394943527677898e-11	2.8059152944578938e-11
NODE_0471	0.00031748779796347777	2.5540069749996505e-05	0.00010282517304702859	0.00031175550220363923	0.9983914920606848	7.933250949726742e-05	0.0002390481255112849	0.00029155172553236165	0.00024096703581023523
NODE_0477	1.1947283199061642e-10	9.610903101923209e-12	3.869381658965959e-11	1.1731572985116774e-10	0.9999999797040103	2.985336645804385e-11	8.995544622526496e-11	1.9800410021904428e-08	9.067754530819815e-11
CHN__SAMN50151998	0.0	0.0	0.0	0.0	1.0	0.0	0.0	0.0	0.0
NODE_0502	7.249627522924808e-11	5.831908935860691e-12	2.3479459977765722e-11	7.118734274816857e-11	5.6403185740836e-10	1.8115062941103766e-11	5.4585085824606855e-11	0.9999999991352497	5.502325651987564e-11
NODE_0525	5.996114875063578e-06	4.823530010300804e-07	1.9419692775380286e-06	5.887854009309656e-06	4.8358317299118265e-06	1.4982838500376267e-06	4.514693258854525e-06	0.9999702919659558	4.550934042472837e-06
NODE_0532	1.688850701848896e-08	1.3585833849121097e-09	5.469702041531215e-09	1.6583582174784495e-08	0.9999999144366968	4.220028776013206e-09	1.2715971988058517e-08	1.5508880506957e-08	1.2818047189403998e-08
NODE_0533	2.2542010775442986e-09	1.8133752893905398e-10	7.300709424680147e-10	2.2135010967528477e-09	0.9999999585637764	5.632702407467182e-10	1.6972700858710451e-09	3.208141034147113e-08	1.7151621539745594e-09
NODE_0547	6.00313833243811e-10	4.8291799783431133e-11	1.9442439735249522e-10	5.894750656976246e-10	0.9999999969585931	1.5000388418906768e-10	4.5199814756954677e-10	5.5127326173103e-10	4.5562647094009407e-10
CHN__SAMN50152056	0.0	0.0	0.0	0.0	1.0	0.0	0.0	0.0	0.0
NODE_0568	5.110224874488946e-06	4.110882388860459e-07	1.6550549671486971e-06	5.0179589021657375e-06	0.9999741097537134	1.276921399779919e-06	3.847674414650258e-06	4.692762649689649e-06	3.878560839906646e-06
CHN__SAMN44590311	0.0	0.0	0.0	0.0	1.0	0.0	0.0	0.0	0.0
NODE_0643	5.818531190683212e-10	4.680674136323007e-11	1.8844550259860983e-10	0.9999999971543931	4.69073640795487e-10	1.4539099893159443e-10	4.381009424831623e-10	5.343206320333011e-10	4.4161514955280887e-10
BEL__SAMEA117989606	0.0	0.0	0.0	1.0	0.0	0.0	0.0	0.0	0.0
NODE_0672	7.678009023182915e-11	6.176517247310153e-12	2.4866864538719988e-11	0.9999999149639334	6.189795205243397e-11	1.91854845338602e-11	8.47183773825416e-08	7.050780514150283e-11	5.827458841279494e-11
BEL__SAMEA117989531	0.0	0.0	0.0	1.0	0.0	0.0	0.0	0.0	0.0
NODE_0229	0.9999933878824696	6.547728367070434e-08	2.6361372893629136e-07	7.992501059513859e-07	3.3023187378025525e-06	2.033853971233628e-07	6.128496154578674e-07	7.474535200657721e-07	6.177691413328149e-07
NODE_0234	0.9999108728880167	4.928665707191423e-07	1.9842972599281293e-06	6.016188161504613e-06	6.42132931868896e-05	1.5309410774991064e-06	4.613097419501047e-06	5.6263001846485414e-06	4.650128122542173e-06
CHN__SAMN39683299	0.0	0.0	0.0	0.0	1.0	0.0	0.0	0.0	0.0
NODE_0259	4.604198174889476e-06	3.703812974349648e-07	1.491167462537507e-06	4.521068600006006e-06	5.763327768130637e-05	1.1504775861614958e-06	0.9999225066964471	4.228074058883973e-06	3.4946586915583556e-06
NODE_0279	1.794911339463874e-08	2.495499459356969e-10	1.0046964094418016e-09	8.522658871915601e-07	2.5008641556348913e-09	8.460434272571724e-10	0.9999991199445672	2.8848089056088724e-09	2.354469323989664e-09
NODE_0296	3.162517453297898e-05	2.5440583070232896e-06	1.0242463635458011e-05	3.105792844609548e-05	2.549527392242032e-05	7.902348744752645e-06	0.999838088309079	2.9041604061527922e-05	2.400283927070682e-05
NODE_0356	6.178098240692389e-07	4.969925175085938e-08	2.0009084593790718e-07	6.06655163451005e-07	0.999991821760465	1.5437570845054858e-07	5.5132561088492825e-06	5.674470463674913e-07	4.6890558614832543e-07
NODE_0392	5.511908755084169e-09	4.434013998757209e-10	1.7851488315344934e-09	5.412390312523338e-09	0.9999999720746208	1.377292470657685e-09	4.150173993399894e-09	5.061632350012367e-09	4.183431057472968e-09
CHN__SAMN44583845	0.0	0.0	0.0	0.0	1.0	0.0	0.0	0.0	0.0
CHN__SAMN44583846	0.0	0.0	0.0	0.0	1.0	0.0	0.0	0.0	0.0
CHN__SAMN44583859	0.0	0.0	0.0	0.0	1.0	0.0	0.0	0.0	0.0
NODE_0412	3.363685754437481e-07	2.7058919850294658e-08	1.0894011423256218e-07	3.302953840608737e-07	2.2402385350035044e-05	8.405035839847667e-08	2.532641504854893e-07	0.9999762023399703	2.552971770389597e-07
NODE_0414	5.471103422125815e-08	4.40118845218146e-09	1.771933156949207e-08	5.37232172673636e-08	0.9999997226004049	1.3670962064698243e-08	4.119393015815985e-08	5.0455325347624914e-08	4.152460606982284e-08
CHN__SAMN44590291	0.0	0.0	0.0	0.0	1.0	0.0	0.0	0.0	0.0
NODE_0422	1.7564228876079987e-09	1.4129413271233477e-10	5.68854893071607e-10	1.7247103760226581e-09	0.9999999911013268	4.3888752987101745e-10	1.3224747583405026e-09	1.6129379684314983e-09	1.3330906559906304e-09
NODE_0470	9.396372406831858e-09	7.558841889571919e-10	3.0432149674550815e-09	9.226719317638987e-09	0.9999999523945811	2.347925835217772e-09	7.074870986750509e-09	8.628768118108733e-09	7.131663077343913e-09
CHN__SAMN43024016	0.0	0.0	0.0	0.0	1.0	0.0	0.0	0.0	0.0
CHN__SAMN43024021	0.0	0.0	0.0	0.0	1.0	0.0	0.0	0.0	0.0
NODE_0478	9.307417169588187e-10	7.487282510647624e-11	3.014404922717324e-10	9.139370182212539e-10	0.9999997211491684	2.3256980763913654e-10	7.007893349014754e-10	2.749900657578227e-07	7.064147790218235e-10
CHN__SAMN50152028	0.0	0.0	0.0	0.0	1.0	0.0	0.0	0.0	0.0
NODE_0503	1.087076730611431e-13	8.74490789929758e-15	3.520729100693721e-14	1.0674493768249988e-13	1.1132640781561085e-13	2.7163414029981225e-14	8.184996601648639e-14	0.9999999999994379	8.25070000025171e-14
JPN__SAMD01697913	0.0	0.0	0.0	0.0	0.0	0.0	0.0	1.0	0.0
JPN__SAMD01697911	0.0	0.0	0.0	0.0	0.0	0.0	0.0	1.0	0.0
JPN__SAMD01697920	0.0	0.0	0.0	0.0	0.0	0.0	0.0	1.0	0.0
CHN__SAMN44583826	0.0	0.0	0.0	0.0	1.0	0.0	0.0	0.0	0.0
CHN__SAMN50152054	0.0	0.0	0.0	0.0	1.0	0.0	0.0	0.0	0.0
NODE_0534	5.531589608337658e-06	4.4498461147647467e-07	1.7915228942684925e-06	5.431715824650715e-06	0.9992382259197079	1.3822102391126048e-06	4.164935268230107e-06	0.0007388287529770421	4.198368868910563e-06
NODE_0538	5.303638859558885e-07	4.266472830477346e-08	1.7176961981254534e-07	5.207880765101782e-07	0.9999973126273565	1.3252508691513019e-07	3.9933028478537137e-07	4.873950828102338e-07	4.025358784080863e-07
CHN__SAMN42391148	0.0	0.0	0.0	0.0	1.0	0.0	0.0	0.0	0.0
NODE_0548	1.7386496065732176e-08	1.3986437433980414e-09	5.630986381549218e-09	1.707257994575735e-08	0.9999999119137266	4.344464175021838e-09	1.3090926077734539e-08	1.596616613753295e-08	1.3196010829265888e-08
CHN__SAMN42391135	0.0	0.0	0.0	0.0	1.0	0.0	0.0	0.0	0.0
CHN__SAMN42391146	0.0	0.0	0.0	0.0	1.0	0.0	0.0	0.0	0.0
NODE_0644	3.7100455205860115e-10	2.984518522577329e-11	1.2015771160770538e-10	0.999999998185555	2.99093448642994e-10	9.27050498901511e-11	2.7935719695165895e-10	3.4069661267882066e-10	2.8158520659729207e-10
BEL__SAMEA117989559	0.0	0.0	0.0	1.0	0.0	0.0	0.0	0.0	0.0
NODE_0673	7.256167274944149e-09	5.837169790727966e-10	2.350064035500815e-09	0.9999886762208254	5.849718237016891e-09	1.8131404197130364e-09	1.129375567866054e-05	6.663399674982687e-09	5.50728919600136e-09
BEL__SAMEA117989528	0.0	0.0	0.0	1.0	0.0	0.0	0.0	0.0	0.0
NODE_0230	0.999993579701582	6.486253712691227e-08	2.611387388378211e-07	7.917461868405984e-07	3.1415743318080435e-06	2.014758727367349e-07	6.070957545484604e-07	7.40435903537626e-07	6.119690924730352e-07
AUS__SAMN45810627	1.0	0.0	0.0	0.0	0.0	0.0	0.0	0.0	0.0
NODE_0235	0.9999026189420795	6.368085148471049e-07	2.5638123301125202e-06	7.773219114005714e-06	6.51911450933082e-05	1.9780532334707354e-06	5.960354974513953e-06	7.26946414613239e-06	6.008200514074399e-06
AUS__SAMN45810537	1.0	0.0	0.0	0.0	0.0	0.0	0.0	0.0	0.0
NODE_0260	4.1140578756446473e-07	3.3095232564362364e-08	1.332425106420346e-07	4.039777866562166e-07	5.130663137759047e-06	1.0280033991399521e-07	0.9999930947544031	3.77797408365855e-07	3.122633934671811e-07
FRA__SAMEA115874224	0.0	0.0	0.0	0.0	0.0	0.0	1.0	0.0	0.0
NODE_0280	3.200425926991757e-08	1.9759587423732275e-10	7.95527583155265e-10	9.307587767938934e-07	1.9802065566188783e-09	7.548368135268014e-10	0.9999990293170523	2.327455044877623e-09	1.8642898225985982e-09
BEL__SAMEA117989605	0.0	0.0	0.0	1.0	0.0	0.0	0.0	0.0	0.0
NODE_0297	3.176871641291153e-05	2.555605458383102e-06	1.028895285214361e-05	3.119885642914706e-05	2.5610993670717385e-05	7.938216479436367e-06	0.9998373534535043	2.917342014161341e-05	2.4111785051296418e-05
FRA__SAMEA115874241	0.0	0.0	0.0	0.0	0.0	0.0	1.0	0.0	0.0
NODE_0357	1.9052990249539217e-08	1.5327036279546838e-09	6.170715950150075e-09	1.8708985290160203e-08	0.9999997482948717	4.760880698895813e-09	1.6941399192504114e-07	1.760401323615223e-08	1.4460847351596768e-08
FRA__SAMEA115874210	0.0	0.0	0.0	0.0	0.0	0.0	1.0	0.0	0.0
NODE_0393	1.2520320079428023e-10	1.0071878357909625e-11	4.054971835230877e-11	1.2294263587923428e-10	0.9999999993656744	3.128524680259719e-11	9.427100124127455e-11	1.1497515644473339e-10	9.502678327442992e-11
CHN__SAMN44583830	0.0	0.0	0.0	0.0	1.0	0.0	0.0	0.0	0.0
JPN__SAMD01593370	0.0	0.0	0.0	0.0	0.0	0.0	0.0	1.0	0.0
JPN__SAMD01593373	0.0	0.0	0.0	0.0	0.0	0.0	0.0	1.0	0.0
CHN__SAMN44590214	0.0	0.0	0.0	0.0	1.0	0.0	0.0	0.0	0.0
CHN__SAMN44590314	0.0	0.0	0.0	0.0	1.0	0.0	0.0	0.0	0.0
NODE_0423	1.663779612031534e-10	1.3384151331949989e-11	5.388503987134037e-11	1.6337397904178115e-10	0.999999999157069	4.1573821960879024e-11	1.252720262231248e-10	1.5278628658894943e-10	1.262776219824553e-10
CHN__SAMN43024031	0.0	0.0	0.0	0.0	1.0	0.0	0.0	0.0	0.0
CHN__SAMN32034068	0.0	0.0	0.0	0.0	1.0	0.0	0.0	0.0	0.0
CHN__SAMN39683412	0.0	0.0	0.0	0.0	1.0	0.0	0.0	0.0	0.0
NODE_0479	4.5923608378710076e-09	3.6942905166349195e-10	1.4873336892865542e-09	4.5094449881046775e-09	0.9999979829745207	1.1475197224026563e-09	3.4577557216569894e-09	1.99797612302983e-06	3.4855121537618385e-09
CHN__SAMN45156020	0.0	0.0	0.0	0.0	1.0	0.0	0.0	0.0	0.0
NODE_0504	6.486235948475875e-11	5.217804262136246e-12	2.100705406960591e-11	6.369125864046595e-11	5.2290876758440956e-11	1.6207532329893608e-11	4.883723264493544e-11	0.9999999996786566	4.9229263615662396e-11
JPN__SAMD01697914	0.0	0.0	0.0	0.0	0.0	0.0	0.0	1.0	0.0
NODE_0535	5.619636350395236e-06	4.520674661494255e-07	1.8200387035259524e-06	5.5181728679249014e-06	0.9992129017579984	1.4042109870005277e-06	4.2312288668542045e-06	0.0007637876921411376	4.265194618487271e-06
CHN__SAMN45156031	0.0	0.0	0.0	0.0	1.0	0.0	0.0	0.0	0.0
CHN__SAMN44590294	0.0	0.0	0.0	0.0	1.0	0.0	0.0	0.0	0.0
CHN__SAMN50152059	0.0	0.0	0.0	0.0	1.0	0.0	0.0	0.0	0.0
CHN__SAMN44590295	0.0	0.0	0.0	0.0	1.0	0.0	0.0	0.0	0.0
CHN__SAMN45156054	0.0	0.0	0.0	0.0	1.0	0.0	0.0	0.0	0.0
NODE_0645	2.879532111423994e-10	2.316418188190766e-11	9.325976921031415e-11	0.9999999985916221	2.3213979044332803e-10	7.195253173273424e-11	2.1692760685528872e-10	2.6442986508345813e-10	2.1855086143816068e-10
BEL__SAMEA117989561	0.0	0.0	0.0	1.0	0.0	0.0	0.0	0.0	0.0
NODE_0674	9.657157261554929e-09	7.768628326156047e-10	3.1276756868494962e-09	0.9999889122075869	7.785328922298416e-09	2.4130896528409033e-09	1.1047834456020927e-05	8.868249052099907e-09	7.329593687055251e-09
FRA__SAMEA115874193	0.0	0.0	0.0	0.0	0.0	0.0	1.0	0.0	0.0
NODE_0231	0.9999850604082612	2.059005857414905e-07	8.289626287867139e-07	2.513330665898821e-06	4.531562085372505e-06	6.395679547363787e-07	1.9271736351928102e-06	2.3504505527455075e-06	1.9426436303183916e-06
AUS__SAMN45810642	1.0	0.0	0.0	0.0	0.0	0.0	0.0	0.0	0.0
NODE_0236	0.9998845757715319	9.355691675316453e-07	3.7666326870121047e-06	1.1420048516903813e-05	6.813232007731432e-05	2.906062927591064e-06	8.756673649437575e-06	1.0679955372818997e-05	8.826966069486977e-06
AUS__SAMN45810633	1.0	0.0	0.0	0.0	0.0	0.0	0.0	0.0	0.0
NODE_0261	4.423610452653583e-08	3.5585405244639284e-09	1.432680289461298e-08	4.343741419564451e-08	5.375866914926897e-07	1.1053530891532103e-08	0.9999992716026782	4.062238828788375e-08	3.3575849192901587e-08
FRA__SAMEA115874207	0.0	0.0	0.0	0.0	0.0	0.0	1.0	0.0	0.0
NODE_0281	0.03136269197797934	0.00015443368723178446	0.000621755178013995	0.0018858268277501704	0.001547656808003983	0.00047970169638561076	0.9607279411590828	0.0017629321247723975	0.0014570605407799764
NODE_0282	2.4999072587955437e-08	4.2972116303208563e-10	1.730071741513182e-09	1.3561898525557733e-06	4.306449554148574e-09	1.79592317837197e-09	0.9999986013543477	5.140201503131915e-09	4.054359909523485e-09
FRA__SAMEA115874185	0.0	0.0	0.0	0.0	0.0	0.0	1.0	0.0	0.0
FRA__SAMEA117615783	0.0	0.0	0.0	0.0	0.0	0.0	1.0	0.0	0.0
NODE_0358	2.651109857609041e-12	2.1326604135610482e-13	8.586161988652845e-13	2.6032372846578997e-12	0.999999999848334	6.624465170589492e-13	2.1536396243015768e-11	1.2112873118389434e-10	2.012135688257885e-12
CHN__SAMN42391122	0.0	0.0	0.0	0.0	1.0	0.0	0.0	0.0	0.0
NODE_0394	7.509774767005457e-11	6.041182451306266e-12	2.4322002134090658e-11	7.374184516512713e-11	0.9999999996195277	1.8765107882802285e-11	5.654386211586515e-11	6.896289576310697e-11	5.699772327678474e-11
NODE_0400	6.5052478714716414e-09	5.233098262173647e-10	2.1068628224094163e-09	6.3877945235649435e-09	0.999999967042063	1.6255038519778695e-09	4.8980380337208795e-09	5.973824046494267e-09	4.937356039679021e-09
CHN__SAMN32034026	0.0	0.0	0.0	0.0	1.0	0.0	0.0	0.0	0.0
NODE_0424	5.566420532485073e-09	4.477865592612023e-10	1.8028036295465851e-09	5.465917870585858e-09	0.9999999717985016	1.3909136432700185e-09	4.191160739510216e-09	5.111690974270098e-09	4.224804431509076e-09
NODE_0480	4.304170996199628e-09	3.462458342146935e-10	1.3939972822487497e-09	4.226458462649034e-09	0.9999978390856391	1.075508062433158e-09	3.240767094425205e-09	2.1430604313845098e-06	3.2667816943752954e-09
JPN__SAMD00920282	0.0	0.0	0.0	0.0	0.0	0.0	0.0	1.0	0.0
NODE_0505	3.3108207184359916e-11	2.663365100044442e-12	1.072279676524861e-11	3.2510432917518206e-11	2.6690916031888516e-11	8.272938921554636e-12	2.4928374939848554e-11	0.9999999998359745	2.5128482409028173e-11
JPN__SAMD01697916	0.0	0.0	0.0	0.0	0.0	0.0	0.0	1.0	0.0
NODE_0536	5.777107045700959e-06	4.647350791017547e-07	1.8710389359711358e-06	5.6728004032578944e-06	0.9992204676765745	1.4435590989941726e-06	4.349794288194025e-06	0.0007555685767791824	4.384711795037143e-06
NODE_0537	3.3506181926345003e-07	2.695379882137596e-08	1.085168934624056e-07	3.2901222158389117e-07	4.5468370428387195e-05	8.372383168548459e-08	2.5228024616726267e-07	0.999953141775386	2.543053746475956e-07
NODE_0646	2.2394694607189898e-11	1.8015245498137107e-12	7.252997951702557e-12	0.9999999998893737	1.8053973742923518e-11	5.595891665788272e-12	1.7964779270298618e-11	2.0565237144155318e-11	1.6997135675717474e-11
BEL__SAMEA117989571	0.0	0.0	0.0	1.0	0.0	0.0	0.0	0.0	0.0
NODE_0675	7.389640610931316e-09	5.944541423047175e-10	2.393292212955444e-09	0.9999926071714895	5.957320691328506e-09	1.8464921729544377e-09	7.36225274841518e-06	6.7859693663825566e-09	5.608592850311347e-09
FRA__SAMEA115874206	0.0	0.0	0.0	0.0	0.0	0.0	1.0	0.0	0.0
AUS__SAMN45810538	1.0	0.0	0.0	0.0	0.0	0.0	0.0	0.0	0.0
NODE_0232	0.9999774948279057	3.311526946143359e-07	1.3332317985824327e-06	4.04222367543039e-06	5.765797347210051e-06	1.0286257848039392e-06	3.0994994015464065e-06	3.780261388263672e-06	3.12438000377033e-06
NODE_0237	0.9825165386631609	0.00028774303844009814	0.0011584630743103174	0.0035123426181914055	0.0029383930658347266	0.000893786804549537	0.002693196793953018	0.0032847200570829582	0.002714815884476999
AUS__SAMN45810536	1.0	0.0	0.0	0.0	0.0	0.0	0.0	0.0	0.0
NODE_0262	1.5535266578980566e-09	1.249722964337649e-10	5.031426355790664e-10	1.5254774719734512e-09	1.550478317024825e-08	3.8818867727364206e-10	0.9999999777941531	1.4266166469259687e-09	1.1791392619082394e-09
FRA__SAMEA115874219	0.0	0.0	0.0	0.0	0.0	0.0	1.0	0.0	0.0
AUS__SAMN45810580	1.0	0.0	0.0	0.0	0.0	0.0	0.0	0.0	0.0
FRA__SAMEA115874212	0.0	0.0	0.0	0.0	0.0	0.0	1.0	0.0	0.0
NODE_0283	1.442109568685441e-08	3.6591146220659835e-10	1.4731717567564548e-09	1.3227541523674166e-06	3.6669807978374483e-09	1.9184032838189904e-09	0.9999986473729285	4.575031832956915e-09	3.4523241823547073e-09
BEL__SAMEA117989617	0.0	0.0	0.0	1.0	0.0	0.0	0.0	0.0	0.0
NODE_0359	4.233111460302377e-09	3.4052828430030557e-10	1.370978235507421e-09	4.15666704616574e-09	0.9999996999806797	1.057748221237566e-09	3.2005469297945633e-09	2.824469026637298e-07	3.2128373994515386e-09
CHN__SAMN44584075	0.0	0.0	0.0	0.0	1.0	0.0	0.0	0.0	0.0
NODE_0395	2.6626732405124367e-10	2.1419676825488517e-11	8.623633364167246e-11	2.6145982258997986e-10	0.9999999986509936	6.653375389418031e-11	2.0048236913557835e-10	2.44515531866073e-10	2.0209169681895104e-10
CHN__SAMN44590276	0.0	0.0	0.0	0.0	1.0	0.0	0.0	0.0	0.0
CHN__SAMN44583912	0.0	0.0	0.0	0.0	1.0	0.0	0.0	0.0	0.0
CHN__SAMN44583924	0.0	0.0	0.0	0.0	1.0	0.0	0.0	0.0	0.0
NODE_0425	1.1927727248771806e-11	9.595171463175716e-13	3.863048048712116e-12	1.1712370120808966e-11	0.9999999999395699	2.980450087574255e-12	8.980820235355198e-12	1.0953332642591256e-11	9.052911946619589e-12
CHN__SAMN44590283	0.0	0.0	0.0	0.0	1.0	0.0	0.0	0.0	0.0
NODE_0481	7.807632466128109e-11	6.2807918618084336e-12	2.528667761617642e-11	7.666664344622152e-11	0.999999549062937	1.9509382116207636e-11	5.878650825893059e-11	4.506131982749083e-07	5.925840501987015e-11
JPN__SAMD00920279	0.0	0.0	0.0	0.0	0.0	0.0	0.0	1.0	0.0
NODE_0506	1.045692533547839e-13	8.4119958043032e-15	3.386697580371617e-14	1.0268123784218709e-13	8.430079521661458e-14	2.6129323199516656e-14	7.873399910459289e-14	0.9999999999994821	7.93660202988034e-14
JPN__SAMD01697912	0.0	0.0	0.0	0.0	0.0	0.0	0.0	1.0	0.0
CHN__SAMN45156027	0.0	0.0	0.0	0.0	1.0	0.0	0.0	0.0	0.0
CHN__SAMN44590282	0.0	0.0	0.0	0.0	1.0	0.0	0.0	0.0	0.0
JPN__SAMD01593371	0.0	0.0	0.0	0.0	0.0	0.0	0.0	1.0	0.0
JPN__SAMD01593375	0.0	0.0	0.0	0.0	0.0	0.0	0.0	1.0	0.0
NODE_0647	3.990494198131497e-11	3.210123375165394e-12	1.2924063825383183e-11	0.9999999996834271	3.217024332683894e-11	9.971278294874023e-12	1.514601207797642e-10	3.6645045153061714e-11	3.028707133029104e-11
NODE_0667	3.022156401147654e-08	2.431151237175691e-09	9.787896004713233e-09	0.9999998521987654	2.436377600604148e-08	7.551636722235669e-09	2.275491665151384e-08	2.7752717403154417e-08	2.2937576637929603e-08
NODE_0676	3.0163660923396874e-08	2.426493266325218e-09	9.769142858639779e-09	0.9999937310065949	2.431709616288395e-08	7.537168143239982e-09	6.144186669857527e-06	2.7699544508474378e-08	2.2893629325345263e-08
BEL__SAMEA117989553	0.0	0.0	0.0	1.0	0.0	0.0	0.0	0.0	0.0
AUS__SAMN45810594	1.0	0.0	0.0	0.0	0.0	0.0	0.0	0.0	0.0
NODE_0233	0.9999999391934208	1.0018998506408941e-09	4.033682230564627e-09	1.2229715664513582e-08	1.0161733569845885e-08	3.1120991522073043e-09	9.377510852168828e-09	1.1437150842742833e-08	9.452786916828474e-09
AUS__SAMN45810511	1.0	0.0	0.0	0.0	0.0	0.0	0.0	0.0	0.0
AUS__SAMN45810564	1.0	0.0	0.0	0.0	0.0	0.0	0.0	0.0	0.0
FRA__SAMEA115874186	0.0	0.0	0.0	0.0	0.0	0.0	1.0	0.0	0.0
FRA__SAMEA115874249	0.0	0.0	0.0	0.0	0.0	0.0	1.0	0.0	0.0
NODE_0284	1.626523799427261e-10	5.165386125096983e-12	2.0796016900771792e-11	7.640115240442185e-07	5.1764904055886323e-11	1.1228557103701574e-09	0.9999992339541142	6.223927090877495e-10	4.8734705721795125e-11
BEL__SAMEA117989594	0.0	0.0	0.0	1.0	0.0	0.0	0.0	0.0	0.0
NODE_0360	4.524592196997695e-09	3.639750131448908e-10	1.4653755482176406e-09	4.442870130085556e-09	0.9999998284300106	1.1305783997355385e-09	3.413801302083956e-09	1.5279474292746185e-07	3.434054052515958e-09
JPN__SAMD01593376	0.0	0.0	0.0	0.0	0.0	0.0	0.0	1.0	0.0
NODE_0396	1.4032721735885904e-08	1.1288518620739125e-09	4.544795264790786e-09	1.3779358577296525e-08	0.9999999289051595	3.5064372159359088e-09	1.0565747245414072e-08	1.288636685332543e-08	1.0650561636498757e-08
NODE_0399	6.506010293976056e-08	5.2337115872862115e-09	2.1071097491463076e-08	6.388543180402376e-08	0.9999996703820029	1.625694362891858e-08	4.898612089698004e-08	5.974524185517498e-08	4.937934703464198e-08
CHN__SAMN50152005	0.0	0.0	0.0	0.0	1.0	0.0	0.0	0.0	0.0
NODE_0426	2.501855597337962e-11	2.0125991257081692e-12	8.102791237493362e-12	2.456684172406533e-11	0.999999999873247	6.251531057563274e-12	1.883738193026088e-11	2.2974751190922218e-11	1.8988595189574016e-11
NODE_0482	2.17332111563011e-09	1.7483120056386687e-10	7.038762473231631e-10	2.134081436197359e-09	0.9999994711769997	5.430602975997562e-10	1.6363726170201793e-09	5.198079490937437e-07	1.6495082660072018e-09
CHN__SAMN32034055	0.0	0.0	0.0	0.0	1.0	0.0	0.0	0.0	0.0
NODE_0507	1.529232946938707e-11	1.2301800692604942e-12	4.9527460080931545e-12	1.5016223880644017e-11	1.2328246468691579e-11	3.821182674255249e-12	1.1514151780971654e-11	0.9999999999242382	1.1606579296932878e-11
JPN__SAMD00892046	0.0	0.0	0.0	0.0	0.0	0.0	0.0	1.0	0.0
NODE_0648	3.0789879648856537e-09	2.476868965894099e-10	9.971957106065082e-10	0.9999999682037637	2.4821936109357074e-09	7.693645032441911e-10	1.9056455450452143e-08	2.8274606451451445e-09	2.336891710336638e-09
BEL__SAMEA117989580	0.0	0.0	0.0	1.0	0.0	0.0	0.0	0.0	0.0
BEL__SAMEA117989534	0.0	0.0	0.0	1.0	0.0	0.0	0.0	0.0	0.0
BEL__SAMEA117989570	0.0	0.0	0.0	1.0	0.0	0.0	0.0	0.0	0.0
BEL__SAMEA117989527	0.0	0.0	0.0	1.0	0.0	0.0	0.0	0.0	0.0
NODE_0677	6.54266977882913e-07	5.26320203719176e-08	2.1189827026834576e-07	0.9999899929193553	5.274516597233575e-07	1.634854680072319e-07	7.2999515047708405e-06	6.008188899987099e-07	4.96575853624152e-07
AUS__SAMN45811367	1.0	0.0	0.0	0.0	0.0	0.0	0.0	0.0	0.0
AUS__SAMN45811368	1.0	0.0	0.0	0.0	0.0	0.0	0.0	0.0	0.0
NODE_0285	4.91383079419296e-07	3.952112022445559e-08	1.591133487837332e-07	6.65121901564178e-05	3.9606080688549415e-07	8.691722881279675e-06	0.9999185239043084	4.8132279797254895e-06	3.728763188827354e-07
FRA__SAMEA115874191	0.0	0.0	0.0	0.0	0.0	0.0	1.0	0.0	0.0
NODE_0361	1.8601966645655666e-07	1.496340341235239e-08	6.02431614442965e-08	1.8265115918464504e-07	0.9999990391522691	4.647929136223491e-08	1.40054275769547e-07	1.8925912558514719e-07	1.4117764756330816e-07
CHN__SAMN44583927	0.0	0.0	0.0	0.0	1.0	0.0	0.0	0.0	0.0
NODE_0397	2.14955113100745e-08	1.7291904183174163e-09	6.961778324617788e-09	2.1107406226576213e-08	0.9999998910959702	5.371207542758141e-09	1.6184753299310186e-08	1.9739509530289892e-08	1.6314673120791516e-08
CHN__SAMN44583832	0.0	0.0	0.0	0.0	1.0	0.0	0.0	0.0	0.0
CHN__SAMN44583959	0.0	0.0	0.0	0.0	1.0	0.0	0.0	0.0	0.0
CHN__SAMN44583972	0.0	0.0	0.0	0.0	1.0	0.0	0.0	0.0	0.0
NODE_0427	1.1986414131343302e-11	9.642381689329296e-13	3.88205504329494e-12	1.1769997401813786e-11	0.9999999999392726	2.9951145178258508e-12	9.025007726530625e-12	1.1007225302370887e-11	9.097454143910028e-12
NODE_0469	4.7006112683349316e-05	3.7813717702216734e-06	1.5223928925575687e-05	4.615740938782218e-05	0.9997618500429543	1.174568882584398e-05	3.539261413069961e-05	4.316611016645031e-05	3.567672115566337e-05
NODE_0483	3.215920832684417e-10	2.587023592846086e-11	1.0415443309867266e-10	3.157856839449319e-10	0.9999995934768006	8.03580709677369e-11	2.421383913892437e-10	4.051892184714312e-07	2.4408210817018285e-10
JPN__SAMD01797764	0.0	0.0	0.0	0.0	0.0	0.0	0.0	1.0	0.0
NODE_0508	1.5503472003160343e-11	1.2471652733355833e-12	5.021129006470063e-12	1.5223554200345335e-11	1.2498463648588627e-11	3.873942078469492e-12	1.1673128684140731e-11	0.9999999999231921	1.1766832354918623e-11
JPN__SAMD00892040	0.0	0.0	0.0	0.0	0.0	0.0	0.0	1.0	0.0
NODE_0649	1.6137678089404588e-08	1.2981835102015356e-09	5.226530130493875e-09	0.9999998177104089	1.3009742780967591e-08	4.032414815635864e-09	1.1551749341993973e-07	1.4819366045656857e-08	1.2248182383724034e-08
BEL__SAMEA117989551	0.0	0.0	0.0	1.0	0.0	0.0	0.0	0.0	0.0
BEL__SAMEA117989557	0.0	0.0	0.0	1.0	0.0	0.0	0.0	0.0	0.0
NODE_0678	8.202022277895139e-06	6.598055812291868e-07	2.6563992867441445e-06	0.9999441484827277	6.612239972071388e-06	2.0494866713988387e-06	2.191440250884415e-05	7.5319863103828315e-06	6.2251746638189295e-06
NODE_0286	9.729892411819735e-07	7.82636524292536e-08	3.1509207622001904e-07	0.00013235489316870688	7.843189958910897e-07	8.721454298660619e-06	0.999850825215656	5.209366143666973e-06	7.384067671765984e-07
NODE_0293	0.004363664938521208	0.00035103177907765283	0.0014132656559667737	0.004293936992496711	0.0035178640907530313	0.5558640287348897	0.1404665904591357	0.2864176809250409	0.003311936424118298
NODE_0362	3.762415555243146e-07	3.021299793563093e-08	1.2163853785094667e-07	3.6879571734534454e-07	0.9999980935945093	9.38475489351273e-08	2.8278549274522505e-07	3.478281714843249e-07	2.850554687890285e-07
CHN__SAMN50152043	0.0	0.0	0.0	0.0	1.0	0.0	0.0	0.0	0.0
NODE_0398	1.4557860662261137e-06	1.1710962723917054e-07	4.714872670362371e-07	1.4295016031752846e-06	0.9999926244616	3.637656712027662e-07	1.0961143467845407e-06	1.3368606363350566e-06	1.1049131821837866e-06
CHN__SAMN44590252	0.0	0.0	0.0	0.0	1.0	0.0	0.0	0.0	0.0
NODE_0428	1.1905522310013011e-11	9.577308865358355e-13	3.855856507226057e-12	1.1690566095965953e-11	0.9999999999396824	2.974901611298102e-12	8.964101328293472e-12	1.0932941659844858e-11	9.036058831925491e-12
NODE_0465	1.1567991993488152e-08	9.305785112884097e-10	3.746540138446179e-09	1.1359129946255248e-08	0.9999999413923714	2.8905609619468963e-09	8.7099624606392e-09	1.0622984720291594e-08	8.779879916103214e-09
CHN__SAMN50152040	0.0	0.0	0.0	0.0	1.0	0.0	0.0	0.0	0.0
CHN__SAMN50152052	0.0	0.0	0.0	0.0	1.0	0.0	0.0	0.0	0.0
NODE_0484	2.2896733976391325e-09	1.8419107334368168e-10	7.415594074595116e-10	2.2483329581233602e-09	0.99999943711257	5.721339142134295e-10	1.7239784875185998e-09	5.533897433305972e-07	1.7378173748463893e-09
CHN__SAMN50152026	0.0	0.0	0.0	0.0	1.0	0.0	0.0	0.0	0.0
NODE_0509	2.259145378743662e-09	1.8173526957131368e-10	7.316722595254962e-10	2.2183561277598465e-09	1.8212595467227497e-09	5.645057018396227e-10	1.7009928303080043e-09	0.9999999888076857	1.7146472049387993e-09
NODE_0514	3.136577631079701e-11	2.5231965444942754e-12	1.01584734833907e-11	3.079946192736628e-11	2.52862078217283e-11	7.83754765703378e-12	2.3616435278450554e-11	0.999999999844607	2.380601141833205e-11
NODE_0650	2.4393049483451388e-08	1.9622807213968316e-09	7.900207662686784e-09	0.9999997957245871	1.966499131194565e-08	6.0952321387665826e-09	1.0334546045526534e-07	2.2400343299847323e-08	1.8513847984406118e-08
FRA__SAMEA115874201	0.0	0.0	0.0	0.0	0.0	0.0	1.0	0.0	0.0
BEL__SAMEA117989589	0.0	0.0	0.0	1.0	0.0	0.0	0.0	0.0	0.0
FRA__SAMEA115874190	0.0	0.0	0.0	0.0	0.0	0.0	1.0	0.0	0.0
NODE_0287	7.52975235069473e-07	6.057253191602429e-08	2.438670347077933e-07	0.9998952079368695	6.070274761825377e-07	1.8900762789673823e-07	0.00010167521978890965	6.918999507895102e-07	5.71493484951318e-07
NODE_0292	3.377184357561053e-08	2.71674886079384e-09	1.0937721567361131e-08	6.667846126480041e-08	2.722589187250391e-08	1.0601352722831278e-08	0.9999997903220031	3.2113826210068866e-08	2.5632150829439867e-08
NODE_0294	0.00020871749007391537	1.6790123223856903e-05	6.759759636029404e-05	0.0002050727456882985	0.00016826217764021498	0.007626836625385403	0.0020301722190619207	0.9895181385255079	0.0001584124970583505
NODE_0295	0.0003839774743139685	3.088878225328845e-05	0.00012435926806373757	0.00037749743187311596	0.00030955185362831596	0.9768703719805827	0.007145097137022078	0.014466824671635275	0.00029143140062738997
NODE_0363	1.1570653733440782e-07	4.262329901112197e-09	1.716028240938715e-08	5.202823687977583e-08	0.9999994456037825	1.3239639933266685e-08	3.989425182356838e-08	2.718904445096594e-07	4.021449479073876e-08
CHN__SAMN44583825	0.0	0.0	0.0	0.0	1.0	0.0	0.0	0.0	0.0
CHN__SAMN44583827	0.0	0.0	0.0	0.0	1.0	0.0	0.0	0.0	0.0
CHN__SAMN44584068	0.0	0.0	0.0	0.0	1.0	0.0	0.0	0.0	0.0
NODE_0429	1.2515404348485194e-11	1.006792393471738e-12	4.053379771258367e-12	1.2289436611332172e-11	0.9999999999365925	3.1272963581818015e-12	9.423303726038998e-12	1.1493001485225144e-11	9.498947383697334e-12
CHN__SAMN50152020	0.0	0.0	0.0	0.0	1.0	0.0	0.0	0.0	0.0
NODE_0466	2.3963417266123655e-08	1.927719277247541e-09	7.761062135278562e-09	2.3530753724195516e-08	0.9999998785926666	5.987877455594168e-09	1.804292957101484e-08	2.2005808407137715e-08	1.818776552529401e-08
NODE_0468	4.115202598643038e-06	3.3104441203375177e-07	1.3327958492997858e-06	4.040901921393729e-06	0.99997915089621	1.028289437685992e-06	3.0984859059621257e-06	3.7790252924533227e-06	3.1233583725559808e-06
NODE_0485	3.1013855745174286e-10	2.494886556362081e-11	1.0044496526508951e-10	3.04538953469331e-10	0.9999994734046472	7.749611233040062e-11	2.33514614681794e-10	5.253088817044074e-07	2.353891058459064e-10
JPN__SAMD00920273	0.0	0.0	0.0	0.0	0.0	0.0	0.0	1.0	0.0
NODE_0510	2.0665025343896838e-13	1.6623825925092238e-14	6.692807788637787e-14	2.029191482464019e-13	1.665956296790857e-13	5.16368921852095e-14	1.5559450170333726e-13	0.9999999999989762	1.5684350497889166e-13
JPN__SAMD01697933	0.0	0.0	0.0	0.0	0.0	0.0	0.0	1.0	0.0
NODE_0515	1.5555445044208522e-11	1.2513462059635598e-12	5.037961580741702e-12	1.5274588859368322e-11	1.2540362854399742e-11	3.886928882368743e-12	1.1712261079525316e-11	0.9999999999229346	1.1806278877662984e-11
JPN__SAMD01697909	0.0	0.0	0.0	0.0	0.0	0.0	0.0	1.0	0.0
NODE_0651	2.8469160702813787e-09	2.2901804565017208e-10	9.220342937737851e-10	0.9999999860723962	2.2951037682230975e-09	7.113753587767859e-10	2.148055677037355e-09	2.6143470648644795e-09	2.1607536763826828e-09
BEL__SAMEA117989585	0.0	0.0	0.0	1.0	0.0	0.0	0.0	0.0	0.0
BEL__SAMEA117989535	0.0	0.0	0.0	1.0	0.0	0.0	0.0	0.0	0.0
NODE_0288	6.060141525344034e-09	4.87503571047877e-10	1.962705644296418e-09	0.9999991647443744	4.885515810589393e-09	1.521113788787999e-09	8.101705597286596e-07	5.568556543350087e-09	4.599528960265561e-09
FRA__SAMEA115874188	0.0	0.0	0.0	0.0	0.0	0.0	1.0	0.0	0.0
FRA__SAMEA115874228	0.0	0.0	0.0	0.0	0.0	0.0	1.0	0.0	0.0
JPN__SAMD00892038	0.0	0.0	0.0	0.0	0.0	0.0	0.0	1.0	0.0
JPN__SAMD01697919	0.0	0.0	0.0	0.0	0.0	0.0	0.0	1.0	0.0
ESP__SAMN40551704	0.0	0.0	0.0	0.0	0.0	1.0	0.0	0.0	0.0
ESP__SAMN40551705	0.0	0.0	0.0	0.0	0.0	1.0	0.0	0.0	0.0
NODE_0364	7.83913076013439e-06	9.43719025450091e-09	3.799444286940214e-08	1.1519529962065241e-07	0.9999642015192268	2.9313779986556826e-08	8.832954109103645e-08	2.7590041170585677e-05	8.903858854984664e-08
NODE_0391	2.919606105951614e-06	2.3349686202566363e-07	9.4006615795285e-07	2.850185304752125e-06	0.9999852168503711	7.252874485292129e-07	2.1854672961606902e-06	2.7260297622921993e-06	2.2030106912031175e-06
NODE_0430	6.35959900912917e-11	5.115932118243241e-12	2.059691341897313e-11	6.244775376006406e-11	0.9999999996777997	1.5891097296551542e-11	4.7883737009339056e-11	5.840073466443626e-11	4.826811398741853e-11
NODE_0463	1.075856690427735e-06	8.65464912062089e-08	3.4843906152185763e-07	1.0564319163599067e-06	0.9999945493211418	2.6883052406592103e-07	8.100516832936983e-07	9.879682826605356e-07	8.165542087346726e-07
CHN__SAMN44583821	0.0	0.0	0.0	0.0	1.0	0.0	0.0	0.0	0.0
NODE_0467	7.239816588930244e-09	5.824016602985505e-10	2.3447685182255e-09	7.109100478890929e-09	0.9999999633204724	1.809054779377233e-09	5.45112157295685e-09	6.648384701961487e-09	5.4948793447645325e-09
CHN__SAMN44583945	0.0	0.0	0.0	0.0	1.0	0.0	0.0	0.0	0.0
CHN__SAMN44584082	0.0	0.0	0.0	0.0	1.0	0.0	0.0	0.0	0.0
NODE_0486	6.282692296051275e-09	5.054065084963481e-10	2.0347834678579383e-09	6.1692572266090915e-09	0.9999984043304657	1.5698926051395292e-09	4.730467835831627e-09	1.569608593645464e-06	4.768440706062759e-09
CHN__SAMN50152007	0.0	0.0	0.0	0.0	1.0	0.0	0.0	0.0	0.0
NODE_0511	1.5195952776312562e-11	1.2224271178740596e-12	4.921532367107094e-12	1.4921587285023967e-11	1.2250550285877643e-11	3.797100473403145e-12	1.1441586258862711e-11	0.9999999999247157	1.1533431269826561e-11
JPN__SAMD00892034	0.0	0.0	0.0	0.0	0.0	0.0	0.0	1.0	0.0
NODE_0516	1.529660552260747e-11	1.2305240531811494e-12	4.954130898835936e-12	1.5020422729002053e-11	1.2331693702683962e-11	3.822251156366669e-12	1.151737137716867e-11	0.9999999999242171	1.1609824737784765e-11
JPN__SAMD01697925	0.0	0.0	0.0	0.0	0.0	0.0	0.0	1.0	0.0
NODE_0652	3.626563724552729e-10	2.917362212721595e-11	1.1745397616386746e-10	0.9999999982260954	2.92363380740603e-10	9.061904204382083e-11	2.7335871379404355e-10	3.330304088624343e-10	2.752491013789842e-10
BEL__SAMEA117989529	0.0	0.0	0.0	1.0	0.0	0.0	0.0	0.0	0.0
NODE_0289	8.426825796962733e-10	6.77889727103407e-11	2.7292066614743815e-10	0.9999999183852001	6.793470194446171e-10	2.1122306861648004e-10	7.812708077394968e-08	7.741770254837326e-10	6.395796086122263e-10
BEL__SAMEA117989549	0.0	0.0	0.0	1.0	0.0	0.0	0.0	0.0	0.0
NODE_0365	0.9999995486123602	5.136429841223455e-10	2.0679437935669524e-09	6.269795972990988e-09	4.2541204771738943e-07	1.5954767279402724e-09	4.8075590136744105e-09	5.875022823074605e-09	4.846150717685579e-09
NODE_0367	2.7258504838078617e-07	3.3498524884292087e-10	1.3486617897932713e-09	4.089005844780424e-09	0.9999716471332664	1.0405304564714097e-09	3.1353710696300465e-09	2.8067172591282656e-05	3.1605396243619776e-09
CHN__SAMN44584073	0.0	0.0	0.0	0.0	1.0	0.0	0.0	0.0	0.0
CHN__SAMN44590224	0.0	0.0	0.0	0.0	1.0	0.0	0.0	0.0	0.0
NODE_0431	1.2335256357917294e-11	9.92300522370112e-13	3.995035014631375e-12	1.2112541223129152e-11	0.9999999999375052	3.082281739464752e-12	9.287663743223626e-12	1.1327570065603978e-11	9.362218578455861e-12
CHN__SAMN50152053	0.0	0.0	0.0	0.0	1.0	0.0	0.0	0.0	0.0
CHN__SAMN42391134	0.0	0.0	0.0	0.0	1.0	0.0	0.0	0.0	0.0
NODE_0464	1.6487426936751228e-05	1.326318796072401e-06	5.339803730241964e-06	1.6189743661594117e-05	0.9999164687358166	4.119808579842757e-06	1.2413984187789267e-05	1.514054336522927e-05	1.2513634925723338e-05
CHN__SAMN44583833	0.0	0.0	0.0	0.0	1.0	0.0	0.0	0.0	0.0
CHN__SAMN44583834	0.0	0.0	0.0	0.0	1.0	0.0	0.0	0.0	0.0
NODE_0487	8.291872419588886e-09	6.670335090444452e-10	2.6854991653134065e-09	8.142161264020601e-09	0.9999982110027176	2.0719380451680757e-09	6.24325272213912e-09	1.7546021561267397e-06	6.2933691659382284e-09
JPN__SAMD00920272	0.0	0.0	0.0	0.0	0.0	0.0	0.0	1.0	0.0
JPN__SAMD00885979	0.0	0.0	0.0	0.0	0.0	0.0	0.0	1.0	0.0
NODE_0512	2.0663005286797463e-13	1.6622200905184448e-14	6.692153550200465e-14	2.0289931240012575e-13	1.665793445461687e-13	5.1631844551881567e-14	1.5557929195776187e-13	0.9999999999989763	1.5682817314017136e-13
NODE_0517	1.0305574425666172e-13	8.290242690699313e-15	3.337679370562947e-14	1.0119505540619585e-13	8.308064626475729e-14	2.575113394099658e-14	7.759442298490843e-14	0.9999999999994895	7.821729646316081e-14
NODE_0524	2.3547850386092856e-08	1.8942893086948725e-09	7.626471966377973e-09	2.3122689974299513e-08	1.8983615540634412e-08	5.884037359476227e-09	1.7730034132723497e-08	0.999999883338653	1.7872358382391867e-08
NODE_0653	2.4861095870264907e-10	1.9999323648367673e-11	8.051794435554424e-11	0.9999999987841209	2.0042317161939095e-10	6.212185592301564e-11	1.8721336312482784e-10	2.2830154248740317e-10	1.886908604765011e-10
BEL__SAMEA117989587	0.0	0.0	0.0	1.0	0.0	0.0	0.0	0.0	0.0
NODE_0290	5.6384116397169454e-11	4.535778293053055e-12	1.826119475990077e-11	0.999999998396881	4.5455290750808893e-11	1.4100280170598371e-11	1.3698042661413333e-09	5.1783739679512815e-11	4.279444265689809e-11
BEL__SAMEA117989556	0.0	0.0	0.0	1.0	0.0	0.0	0.0	0.0	0.0
AUS__SAMN44480251	1.0	0.0	0.0	0.0	0.0	0.0	0.0	0.0	0.0
NODE_0366	0.9999999472504442	1.7276084339492242e-10	6.955409202763017e-10	2.108809569469381e-09	4.401553859616929e-08	5.366293586330353e-10	1.616994635471202e-09	1.973307154304557e-09	1.629974731645218e-09
CHN__SAMN50152004	0.0	0.0	0.0	0.0	1.0	0.0	0.0	0.0	0.0
NODE_0368	9.310239937680985e-08	2.72015329624996e-10	1.0951427938108337e-09	3.3203619459316603e-09	0.999931717483564	8.449334293959896e-10	2.5459897053496514e-09	6.817876916623951e-05	2.5664271208456005e-09
NODE_0432	1.2437924107355681e-11	1.0005595531062575e-12	4.028286147966476e-12	1.221335528902898e-11	0.9999999999369851	3.107935922899924e-12	9.364966030779595e-12	1.1421850915264796e-11	9.440141394432234e-12
NODE_0462	5.320625230491725e-07	4.280137390224424e-08	1.7231975954761985e-07	5.224560444241431e-07	0.9999973043789461	1.329495351748741e-07	4.0060925051469424e-07	4.885975073092052e-07	4.038250599464713e-07
CHN__SAMN44583828	0.0	0.0	0.0	0.0	1.0	0.0	0.0	0.0	0.0
CHN__SAMN44590238	0.0	0.0	0.0	0.0	1.0	0.0	0.0	0.0	0.0
NODE_0488	6.366437781428963e-09	5.121433517750919e-10	2.0619062236964436e-09	6.251490673118465e-09	0.9999983326566911	1.5908185731820647e-09	4.793522861656185e-09	1.6409349873470086e-06	4.832001893306472e-09
JPN__SAMD00920271	0.0	0.0	0.0	0.0	0.0	0.0	0.0	1.0	0.0
JPN__SAMD00892050	0.0	0.0	0.0	0.0	0.0	0.0	0.0	1.0	0.0
NODE_0513	2.2587048925294874e-09	1.8169983498546154e-10	7.31529598700457e-10	2.217923594598589e-09	1.820904439109794e-09	5.643956350055787e-10	1.7006611721955117e-09	0.999999988809868	1.7143128845081377e-09
NODE_0518	1.0236365229808272e-13	8.234567867890683e-15	3.315264501121719e-14	1.0051545928470109e-13	8.252270116807078e-14	2.5578196926632124e-14	7.707332174435376e-14	0.999999999999493	7.76920121881851e-14
JPN__SAMD01697903	0.0	0.0	0.0	0.0	0.0	0.0	0.0	1.0	0.0
JPN__SAMD01697907	0.0	0.0	0.0	0.0	0.0	0.0	0.0	1.0	0.0
JPN__SAMD01697934	0.0	0.0	0.0	0.0	0.0	0.0	0.0	1.0	0.0
NODE_0654	1.9706780322334962e-10	1.5852972845217572e-11	6.382459766459977e-11	0.9999999990362205	1.5887052747875874e-10	4.924247001335294e-11	1.4838127405732926e-10	1.8096902761356578e-10	1.4957061248013042e-10
BEL__SAMEA117989611	0.0	0.0	0.0	1.0	0.0	0.0	0.0	0.0	0.0
NODE_0291	3.208047245438769e-10	2.580689744128144e-11	1.0389943023577867e-10	0.9999999983996289	2.586237577719349e-10	8.016159575174608e-11	2.72992251828666e-10	2.9459782295697507e-10	2.4348451827877967e-10
BEL__SAMEA117989576	0.0	0.0	0.0	1.0	0.0	0.0	0.0	0.0	0.0
AUS__SAMN44480252	1.0	0.0	0.0	0.0	0.0	0.0	0.0	0.0	0.0
AUS__SAMN45810584	1.0	0.0	0.0	0.0	0.0	0.0	0.0	0.0	0.0
NODE_0369	5.916360108380889e-10	4.226600112842306e-12	1.7016433089563516e-11	5.159210032279908e-11	0.9999995895561176	1.312865614211017e-11	3.9559830656380465e-11	4.0968684543352046e-07	3.987738916597733e-11
JPN__SAMD01593374	0.0	0.0	0.0	0.0	0.0	0.0	0.0	1.0	0.0
NODE_0433	2.4946806129818565e-11	2.0068272629126374e-12	8.079553525280208e-12	2.4496387336035643e-11	0.9999999998736104	6.233602509813575e-12	1.8783358860023165e-11	2.2908893357499543e-11	1.8934138460107064e-11
NODE_0461	1.657019495056593e-06	1.3329770073783338e-07	5.366609911134101e-07	1.6271017284954497e-06	0.9999916049403145	4.140490301421171e-07	1.2476303239676019e-06	1.5216549931155155e-06	1.2576454231147867e-06
CHN__SAMN44584005	0.0	0.0	0.0	0.0	1.0	0.0	0.0	0.0	0.0
CHN__SAMN44590265	0.0	0.0	0.0	0.0	1.0	0.0	0.0	0.0	0.0
NODE_0489	4.874638173598063e-10	3.921366419695028e-11	1.5787552055765366e-10	4.7866257589084e-10	0.9999999036941032	1.2180539903684635e-10	3.670292607838783e-10	9.428387112282172e-08	3.69975513665085e-10
JPN__SAMD00920275	0.0	0.0	0.0	0.0	0.0	0.0	0.0	1.0	0.0
JPN__SAMD00892053	0.0	0.0	0.0	0.0	0.0	0.0	0.0	1.0	0.0
JPN__SAMD01697899	0.0	0.0	0.0	0.0	0.0	0.0	0.0	1.0	0.0
JPN__SAMD00892035	0.0	0.0	0.0	0.0	0.0	0.0	0.0	1.0	0.0
NODE_0519	1.0306086570160675e-13	8.290654681528428e-15	3.3378452394454996e-14	1.0120008438258829e-13	8.308477502981462e-14	2.575241366602018e-14	7.759827910732282e-14	0.9999999999994895	7.822118353981506e-14
NODE_0655	3.2593859497160854e-10	2.6219887829353212e-11	1.0556214331902096e-10	0.9999999984059683	2.6276253990682097e-10	8.144415894712795e-11	2.4541123453477295e-10	2.993121637779287e-10	2.473810256339245e-10
BEL__SAMEA117989597	0.0	0.0	0.0	1.0	0.0	0.0	0.0	0.0	0.0
BEL__SAMEA117989540	0.0	0.0	0.0	1.0	0.0	0.0	0.0	0.0	0.0
BEL__SAMEA117989578	0.0	0.0	0.0	1.0	0.0	0.0	0.0	0.0	0.0
NODE_0370	4.773660000724414e-11	3.0504514043222717e-12	1.228121914275633e-11	3.723541160268023e-11	0.9999999923388441	9.475305563892692e-12	2.8551397756720156e-11	7.494044978137486e-09	2.8780588306060035e-11
NODE_0389	3.6936940038197223e-09	2.9713282231484006e-10	1.1962666575129306e-09	3.626959250648105e-09	0.9999999812521715	9.229533309416724e-10	2.781082624187024e-09	3.4263326133359755e-09	2.8034072003717266e-09
NODE_0434	1.1991640769176597e-11	9.646586219256953e-13	3.8837478010736964e-12	1.1775129671819144e-11	0.9999999999392436	2.996420528003906e-12	9.028943052501543e-12	1.1014494548520821e-11	9.101421059911277e-12
NODE_0460	5.459760495688542e-06	4.3920637193811667e-07	1.7682595090759543e-06	5.36118359874975e-06	0.9999723388799179	1.3642618839381116e-06	4.110852513409184e-06	5.013744161891708e-06	4.143851547426182e-06
CHN__SAMN44584104	0.0	0.0	0.0	0.0	1.0	0.0	0.0	0.0	0.0
CHN__SAMN44590242	0.0	0.0	0.0	0.0	1.0	0.0	0.0	0.0	0.0
NODE_0490	1.978293804116875e-13	1.5914237355648908e-14	6.407125062790048e-14	1.9425753756991594e-13	0.9999999994293552	4.943276970333872e-14	1.4895294515826863e-13	5.698241742104026e-10	1.501486346869416e-13
CHN__SAMN42391136	0.0	0.0	0.0	0.0	1.0	0.0	0.0	0.0	0.0
JPN__SAMD00892042	0.0	0.0	0.0	0.0	0.0	0.0	0.0	1.0	0.0
NODE_0520	1.540903185121793e-11	1.2395681055600616e-12	4.990542555499801e-12	1.51308191812805e-11	1.242232865084239e-11	3.850343772333152e-12	1.1602021254376038e-11	0.9999999999236601	1.1695154124696845e-11
NODE_0656	2.090277046159005e-11	1.6815078216599333e-12	6.769806599378547e-12	0.999999999897773	1.6851226403719097e-11	5.2230959640031664e-12	1.5738458620303175e-11	1.919519060440471e-11	1.5864794397328348e-11
BEL__SAMEA117989552	0.0	0.0	0.0	1.0	0.0	0.0	0.0	0.0	0.0
NODE_0371	1.2078658045489518e-11	9.669667344381415e-13	3.893040339067032e-12	1.1803303705112858e-11	0.9999999998947232	3.00358998210512e-12	9.050546359578238e-12	5.5357541222537756e-11	9.123197783149896e-12
CHN__SAMN42391132	0.0	0.0	0.0	0.0	1.0	0.0	0.0	0.0	0.0
CHN__SAMN42391141	0.0	0.0	0.0	0.0	1.0	0.0	0.0	0.0	0.0
NODE_0390	2.144916322736636e-10	1.725448373072335e-11	6.946712725594693e-11	2.1061728857404135e-10	0.9999999989120292	5.359584009899752e-11	1.6149728770787424e-10	1.9825333210258642e-10	1.6279367439976952e-10
NODE_0435	7.376564794613638e-09	5.934022679872332e-10	2.3890573318537956e-09	7.243379672648092e-09	0.9999999626276564	1.843224843221269e-09	5.554084277178343e-09	6.773961734265436e-09	5.598668561191973e-09
NODE_0445	1.4382457618052837e-11	1.1569861049705405e-12	4.658064665489792e-12	1.4122779919102264e-11	0.9999999999267215	3.593827740458477e-12	1.0829076127947815e-11	1.3619272769507692e-11	1.0916004338179967e-11
CHN__SAMN44583819	0.0	0.0	0.0	0.0	1.0	0.0	0.0	0.0	0.0
CHN__SAMN50152051	0.0	0.0	0.0	0.0	1.0	0.0	0.0	0.0	0.0
NODE_0491	1.9735478252268326e-09	1.587605868148845e-10	6.391754201176579e-10	1.937915086258734e-09	0.9999997227963616	4.931417918811789e-10	1.4859560312349883e-09	2.6901725736230147e-07	1.497884241615333e-09
CHN__SAMN44583837	0.0	0.0	0.0	0.0	1.0	0.0	0.0	0.0	0.0
NODE_0521	3.345487906223934e-11	2.6912528613952626e-12	1.0835073823019476e-11	3.285084557615088e-11	2.6970383778684645e-11	8.359563825631955e-12	2.5189396821968534e-11	0.999999999834257	2.539159959131744e-11
JPN__SAMD00892048	0.0	0.0	0.0	0.0	0.0	0.0	0.0	1.0	0.0
NODE_0657	1.1698293176208828e-10	9.410604930103527e-12	3.788740946626616e-11	0.9999999994278845	9.430835362786721e-11	2.923120070933134e-11	8.808070973354935e-11	1.0742641396563184e-10	8.878775968059143e-11
NODE_0666	4.525928791299487e-08	3.640849750912426e-09	1.4658182586829167e-08	0.9999997786554458	3.648676661758491e-08	1.130919963295806e-08	3.4077366144389444e-08	4.156198623077089e-08	3.43509152831472e-08
NODE_0372	1.2777972794292289e-11	1.0278845070882343e-12	4.138297324490347e-12	1.2546898025393025e-11	0.9999999999349802	3.192812635943664e-12	9.620720188579987e-12	1.2017246795330047e-11	9.697948566814324e-12
CHN__SAMN42391121	0.0	0.0	0.0	0.0	1.0	0.0	0.0	0.0	0.0
CHN__SAMN42391143	0.0	0.0	0.0	0.0	1.0	0.0	0.0	0.0	0.0
CHN__SAMN50152092	0.0	0.0	0.0	0.0	1.0	0.0	0.0	0.0	0.0
NODE_0436	3.9108360777473025e-13	3.146042992743895e-14	1.2666074067488674e-13	3.840225272514156e-13	0.9999999999980186	9.772231949393982e-14	2.9446109096606545e-13	3.5913537909474737e-13	2.968248175959509e-13
CHN__SAMN50152036	0.0	0.0	0.0	0.0	1.0	0.0	0.0	0.0	0.0
NODE_0446	4.49144428864149e-06	3.613108949255523e-07	1.454649719368983e-06	4.4103505041984964e-06	0.9999772447197794	1.122303121476459e-06	3.381771976514273e-06	4.1245312508674114e-06	3.4089184645302542e-06
NODE_0448	1.9870072042701141e-10	1.5984331655052174e-11	6.435345261623891e-11	1.9511314539424776e-10	0.9999999989307627	4.965049646475896e-11	1.4960900878868676e-10	2.4501611349432807e-10	1.5080996473496946e-10
NODE_0492	1.0388489145586324e-12	8.356942820393927e-14	3.3645330653462534e-13	1.0200923221281928e-12	0.9999999995360673	2.595831773979837e-13	7.821871810747202e-13	4.5962351782044053e-10	7.884660298808412e-13
JPN__SAMD01797763	0.0	0.0	0.0	0.0	0.0	0.0	0.0	1.0	0.0
NODE_0522	1.6850051820033357e-10	1.3554898850765061e-11	5.45724750796766e-11	1.654582129142523e-10	1.3584038472581581e-10	4.210419753505041e-11	1.2687017668661173e-10	0.9999999991652105	1.2788860127435115e-10
JPN__SAMD00892047	0.0	0.0	0.0	0.0	0.0	0.0	0.0	1.0	0.0
NODE_0658	1.824407770665827e-11	1.4676312606067766e-12	5.908732427840812e-12	0.9999999999107756	1.470786298528566e-11	4.558753051979804e-12	1.3736630527506007e-11	1.675369059926217e-11	1.3846898539926742e-11
BEL__SAMEA117989604	0.0	0.0	0.0	1.0	0.0	0.0	0.0	0.0	0.0
BEL__SAMEA117989533	0.0	0.0	0.0	1.0	0.0	0.0	0.0	0.0	0.0
BEL__SAMEA117989560	0.0	0.0	0.0	1.0	0.0	0.0	0.0	0.0	0.0
NODE_0373	1.6770926473808995e-10	1.349124471643726e-11	5.431620141083057e-11	1.6468121712649785e-10	0.9999999991503019	4.190647520047842e-11	1.2627439125450238e-10	1.5403129151372369e-10	1.2728803329563453e-10
CHN__SAMN42391131	0.0	0.0	0.0	0.0	1.0	0.0	0.0	0.0	0.0
NODE_0437	9.081256729584268e-11	7.305349426937288e-12	2.941158056132327e-11	8.91729310711144e-11	0.9999999995399107	2.2691860612222436e-11	6.83760891731523e-11	8.339394731058196e-11	6.892496434812279e-11
CHN__SAMN42391116	0.0	0.0	0.0	0.0	1.0	0.0	0.0	0.0	0.0
NODE_0447	1.306465898441976e-11	1.0509767741070262e-12	4.231267562062067e-12	1.2828774362142849e-11	0.9999999999338098	3.2645417858839067e-12	9.836857544455808e-12	1.1997386665017051e-11	9.915820921436908e-12
CHN__SAMN43024013	0.0	0.0	0.0	0.0	1.0	0.0	0.0	0.0	0.0
NODE_0449	9.461690542087173e-11	7.611386577621705e-12	3.064369634197611e-11	9.290858122941533e-11	0.9999999988098244	2.3642472548714564e-11	7.124051389571729e-11	7.976996430068204e-10	7.181238265864815e-11
NODE_0459	0.0021427271586675384	0.00017237009245273766	0.0006939677439442973	0.00210403985828967	0.9891441696973813	0.0005354156089003454	0.0016133373126375056	0.001967684477331669	0.0016262880503949318
CHN__SAMN50151991	0.0	0.0	0.0	0.0	1.0	0.0	0.0	0.0	0.0
NODE_0493	1.0968453488150952e-08	8.823490821817132e-10	3.5523668475194326e-09	1.0770416209788017e-08	0.9999998788380255	2.7407508134191967e-09	8.258548085686774e-09	7.566424786213686e-08	8.32484190389645e-09
NODE_0523	2.344088680001443e-09	1.8856847025755942e-10	7.591829535019052e-10	2.3017657633814988e-09	1.8897384502061157e-09	5.857309750532325e-10	1.7649497353313232e-09	0.9999999883868574	1.7791175110334538e-09
JPN__SAMD01697906	0.0	0.0	0.0	0.0	0.0	0.0	0.0	1.0	0.0
BEL__SAMEA117989526	0.0	0.0	0.0	1.0	0.0	0.0	0.0	0.0	0.0
NODE_0659	1.1895989229035647e-13	9.569640049276101e-15	3.85276901628166e-14	0.9999999999994182	9.590212367448758e-14	2.9725195253029045e-14	8.956923524447594e-14	1.0924187351092151e-13	9.028823409714026e-14
NODE_0374	9.942564486625138e-14	7.998221936830263e-15	3.220110840626128e-14	9.763049674729307e-14	0.9999999999994913	2.4844059706020425e-14	7.486118793480453e-14	9.639593969610596e-14	7.546212092355974e-14
CHN__SAMN40924133	0.0	0.0	0.0	0.0	1.0	0.0	0.0	0.0	0.0
CHN__SAMN39683369	0.0	0.0	0.0	0.0	1.0	0.0	0.0	0.0	0.0
NODE_0438	1.139179566978085e-11	9.16404529088013e-13	3.6894752131430095e-12	1.118611487690087e-11	0.9999999999422852	2.8465337690482858e-12	8.57729783171678e-12	1.0461182148542896e-11	8.646150348804086e-12
CHN__SAMN42391137	0.0	0.0	0.0	0.0	1.0	0.0	0.0	0.0	0.0
CHN__SAMN42391138	0.0	0.0	0.0	0.0	1.0	0.0	0.0	0.0	0.0
NODE_0450	7.442658057240331e-09	5.987190913370413e-10	2.410463040074486e-09	7.308279610266554e-09	0.9999999617322408	1.8597399484274174e-09	5.603848301626446e-09	7.39521905978053e-09	5.648832056243858e-09
NODE_0455	1.983115634573919e-05	1.595302621209804e-06	6.422741585829022e-06	1.947310147193754e-05	0.9993838979426687	4.955325556546697e-06	1.4931599833375363e-05	0.0005338413696968033	1.505146021980927e-05
CHN__SAMN43024012	0.0	0.0	0.0	0.0	1.0	0.0	0.0	0.0	0.0
CHN__SAMN43024032	0.0	0.0	0.0	0.0	1.0	0.0	0.0	0.0	0.0
NODE_0494	6.427039778014253e-05	5.170184343127692e-06	2.0815334686672717e-05	6.31099849043046e-05	0.998023696801785	1.6059615440316436e-05	4.839152311918188e-05	0.0017097061816940607	4.877997624717308e-05
CHN__SAMN44584012	0.0	0.0	0.0	0.0	1.0	0.0	0.0	0.0	0.0
JPN__SAMD00892045	0.0	0.0	0.0	0.0	0.0	0.0	0.0	1.0	0.0
JPN__SAMD00892049	0.0	0.0	0.0	0.0	0.0	0.0	0.0	1.0	0.0
BEL__SAMEA117989537	0.0	0.0	0.0	1.0	0.0	0.0	0.0	0.0	0.0
NODE_0660	2.1207692009337288e-11	1.7060370087584474e-12	6.868561925139081e-12	0.9999999998962817	1.709704559050599e-11	5.299288471991653e-12	1.596804366584161e-11	1.9475202636262092e-11	1.609622389473465e-11
NODE_0375	3.1883575143613433e-10	2.564850486444006e-11	1.032617364360943e-10	3.1307911814873e-10	0.9999999982672919	7.966933041555922e-11	2.4006304877112884e-10	4.101605892921228e-10	2.419901061605114e-10
CHN__SAMN42391119	0.0	0.0	0.0	0.0	1.0	0.0	0.0	0.0	0.0
NODE_0439	2.8925741498493802e-08	2.3269097589913615e-09	9.368216335162554e-09	2.8403482355289973e-08	0.9999998534517384	7.22784206783506e-09	2.177924420589655e-08	2.6562752648391722e-08	2.195407266740681e-08
NODE_0441	1.5476701372507737e-08	1.2450117298655466e-09	5.012458768599224e-09	1.5197266917946055e-08	0.9999999215894368	3.867252746394012e-09	1.1652972101376623e-08	1.4212385545668991e-08	1.1746513969278317e-08
NODE_0451	2.157344606075237e-09	1.7354598213654361e-10	6.987019150489623e-10	2.118393385218109e-09	0.9999999890700851	5.390681548965555e-10	1.624343321136043e-09	1.981135055112908e-09	1.6373824073923944e-09
CHN__SAMN50152080	0.0	0.0	0.0	0.0	1.0	0.0	0.0	0.0	0.0
NODE_0456	5.2219771687673556e-05	4.2007806907448364e-06	1.691248323464399e-05	5.127693489915727e-05	0.9963010529301929	1.3048455908954512e-05	3.931816786861715e-05	0.0034823366890379404	3.963378647929472e-05
CHN__SAMN43024015	0.0	0.0	0.0	0.0	1.0	0.0	0.0	0.0	0.0
NODE_0495	7.47934281465601e-05	6.016701693600962e-06	2.4223441786683196e-05	7.344302018197544e-05	0.9976913276652668	1.8689065806090544e-05	5.6314695914880406e-05	0.001998425230499298	5.676675070402437e-05
CHN__SAMN44590307	0.0	0.0	0.0	0.0	1.0	0.0	0.0	0.0	0.0
NODE_0661	1.7537063717279383e-11	1.4107560461299128e-12	5.679750916516975e-12	0.9999999999142334	1.41378881665164e-11	4.3820873836080284e-12	1.3204293946030125e-11	1.6104433683244928e-11	1.3310288735109622e-11
NODE_0664	1.0584637801238988e-05	8.514733147419766e-07	3.42805997752934e-06	0.9999482348918179	8.533037681191363e-06	2.6448445712818333e-06	7.969559277024984e-06	9.719962262739938e-06	8.033533296240024e-06
NODE_0376	6.087785738973516e-11	4.8972739548967126e-12	1.9716588357047437e-11	5.977869740304173e-11	0.9999999988284776	1.5211901781811576e-11	4.583715590805899e-11	9.189978359899078e-10	4.62051043718191e-11
CHN__SAMN50152101	0.0	0.0	0.0	0.0	1.0	0.0	0.0	0.0	0.0
CHN__SAMN50152021	0.0	0.0	0.0	0.0	1.0	0.0	0.0	0.0	0.0
NODE_0440	9.347351706663399e-09	7.519407551952396e-10	3.0273385715430463e-09	9.178583694483005e-09	0.9999999526429376	2.335676749783247e-09	7.037961516334046e-09	8.583751995244545e-09	7.0944573236466145e-09
NODE_0442	5.524399709519019e-06	4.444062254140768e-07	1.7891942926814247e-06	5.424655740668372e-06	0.999972011394297	1.3804136575747485e-06	4.159521731564366e-06	5.073102897723208e-06	4.192911447849884e-06
CHN__SAMN44583843	0.0	0.0	0.0	0.0	1.0	0.0	0.0	0.0	0.0
NODE_0452	8.41499359762507e-10	6.769379006302522e-11	2.7253745763324496e-10	8.263059468413923e-10	0.9999999957366551	2.1027030449208973e-10	6.335955140969327e-10	7.727609856527652e-10	6.386815734616299e-10
CHN__SAMN44583840	0.0	0.0	0.0	0.0	1.0	0.0	0.0	0.0	0.0
NODE_0457	4.949687103733983e-07	3.9817389733058755e-08	1.6030613971143545e-07	4.860319667948208e-07	0.9999837884781541	1.2368068999321013e-07	3.7267996805064475e-07	1.4158365400372365e-05	3.7567158083729873e-07
JPN__SAMD01593369	0.0	0.0	0.0	0.0	0.0	0.0	0.0	1.0	0.0
CHN__SAMN45156021	0.0	0.0	0.0	0.0	1.0	0.0	0.0	0.0	0.0
NODE_0496	1.0707117199322854e-06	8.613260788168951e-08	3.4677275344668135e-07	1.0513798391748291e-06	2.8424045040373088e-05	2.6754492057718353e-07	8.061778476356438e-07	0.9999671345859943	8.126492766472911e-07
NODE_0662	1.1962603948992875e-13	9.623227765244944e-15	3.874343609544829e-14	0.999999999999415	9.643915283523079e-14	2.989164930063538e-14	9.00708017310822e-14	1.0985360210880649e-13	9.079382680691956e-14
BEL__SAMEA117989562	0.0	0.0	0.0	1.0	0.0	0.0	0.0	0.0	0.0
BEL__SAMEA117989614	0.0	0.0	0.0	1.0	0.0	0.0	0.0	0.0	0.0
NODE_0665	1.1301438585391279e-05	9.091358206446687e-07	3.660211150404285e-06	0.9999447293141275	9.11090233900356e-06	2.8239557225801757e-06	8.509264692211792e-06	1.0378206475030991e-05	8.577571087082966e-06
NODE_0377	5.917530730044699e-10	4.760313579373335e-11	1.9165181315029503e-10	5.810688714288003e-10	0.999999959944843	1.4786475759161066e-10	4.4555243941542556e-10	3.760053383289788e-08	4.491290211722935e-10
NODE_0388	1.0218102529106473e-08	8.219876574154697e-10	3.3093497372409834e-09	1.0033612963910866e-08	0.9999999482313828	2.553256286175893e-09	7.693581521977132e-09	9.383386231099317e-09	7.755340185789115e-09
CHN__SAMN44583863	0.0	0.0	0.0	0.0	1.0	0.0	0.0	0.0	0.0
CHN__SAMN44590268	0.0	0.0	0.0	0.0	1.0	0.0	0.0	0.0	0.0
NODE_0443	4.961822479867819e-07	3.9915011863700846e-08	1.606991696669035e-07	4.872235937818446e-07	0.9999974861613884	1.2398392364457118e-07	3.7359368471496407e-07	4.55648347769486e-07	3.765926321766479e-07
CHN__SAMN50152049	0.0	0.0	0.0	0.0	1.0	0.0	0.0	0.0	0.0
CHN__SAMN44583820	0.0	0.0	0.0	0.0	1.0	0.0	0.0	0.0	0.0
NODE_0453	1.6507855275478886e-08	1.3279621385861217e-09	5.34641988203806e-09	1.620980316321924e-08	0.999999916365234	4.124913126809666e-09	1.2429365427986416e-08	1.515930734030776e-08	1.2529139635703708e-08
NODE_0458	5.42827481951641e-07	4.366735301384625e-08	1.7580622034734421e-07	5.330266401773253e-07	0.9999839694124852	1.3563943762103313e-07	4.087145801158545e-07	1.377891034811314e-05	4.1199545343556124e-07
CHN__SAMN44583870	0.0	0.0	0.0	0.0	1.0	0.0	0.0	0.0	0.0
NODE_0497	8.687521195644179e-09	6.988611805385017e-10	2.813638432789791e-09	8.530666534669024e-09	2.298166622090691e-07	2.1708010896230928e-09	6.5411510945601326e-09	0.9999997341470394	6.593658857068212e-09
JPN__SAMD01697902	0.0	0.0	0.0	0.0	0.0	0.0	0.0	1.0	0.0
BEL__SAMEA117989538	0.0	0.0	0.0	1.0	0.0	0.0	0.0	0.0	0.0
NODE_0663	3.549311016735549e-11	2.8552168465474328e-12	1.1495198298472588e-11	0.9999999998264179	2.861354844331743e-11	8.86886840219037e-12	2.6724055250299238e-11	3.259362274763734e-11	2.6938577178634218e-11
BEL__SAMEA117989615	0.0	0.0	0.0	1.0	0.0	0.0	0.0	0.0	0.0
BEL__SAMEA117989616	0.0	0.0	0.0	1.0	0.0	0.0	0.0	0.0	0.0
NODE_0378	5.5503990960421375e-09	4.464977267237868e-10	1.797614746744556e-09	5.4501857038810905e-09	0.9999999718749923	1.386910274425855e-09	4.179097616535888e-09	5.1016580383866375e-09	4.212644474263978e-09
NODE_0382	9.566290728163365e-08	7.695531419262387e-09	3.0982466282207736e-08	9.393569735009624e-08	0.9999933798613485	2.390384307408701e-08	7.202808679048794e-08	6.22332384175271e-06	7.260627763494825e-08
CHN__SAMN44583831	0.0	0.0	0.0	0.0	1.0	0.0	0.0	0.0	0.0
CHN__SAMN44590261	0.0	0.0	0.0	0.0	1.0	0.0	0.0	0.0	0.0
NODE_0444	2.1638816402982583e-07	1.7407184899216775e-08	7.008190725570875e-08	2.1248123921852923e-07	0.9999989036993484	5.40701601387754e-08	1.6292652922714448e-07	1.9871107807083263e-07	1.6423438886518814e-07
CHN__SAMN44583838	0.0	0.0	0.0	0.0	1.0	0.0	0.0	0.0	0.0
NODE_0454	8.816779416805292e-06	7.092592619935725e-07	2.855501455696175e-06	8.657590976838225e-06	0.9999553310086807	2.2030995877815747e-06	6.6384743166609394e-06	8.096522981860002e-06	6.69176332157705e-06
CHN__SAMN44590257	0.0	0.0	0.0	0.0	1.0	0.0	0.0	0.0	0.0
CHN__SAMN40924154	0.0	0.0	0.0	0.0	1.0	0.0	0.0	0.0	0.0
CHN__SAMN50152085	0.0	0.0	0.0	0.0	1.0	0.0	0.0	0.0	0.0
JPN__SAMD00885980	0.0	0.0	0.0	0.0	0.0	0.0	0.0	1.0	0.0
JPN__SAMD01697901	0.0	0.0	0.0	0.0	0.0	0.0	0.0	1.0	0.0
BEL__SAMEA117989554	0.0	0.0	0.0	1.0	0.0	0.0	0.0	0.0	0.0
BEL__SAMEA117989577	0.0	0.0	0.0	1.0	0.0	0.0	0.0	0.0	0.0
CHN__SAMN42391103	0.0	0.0	0.0	0.0	1.0	0.0	0.0	0.0	0.0
NODE_0379	1.9015791467720508e-10	1.5297112000910307e-11	6.158668335718212e-11	1.867245814436251e-10	0.9999999990364737	4.75158562592863e-11	1.4317681922361525e-10	1.7474108487576472e-10	1.4432614207394782e-10
NODE_0383	1.9665705636220222e-07	1.5819930619498698e-08	6.369156856128643e-08	1.9310638002894257e-07	0.9999861053031326	4.913983432318793e-08	1.48070259687143e-07	1.3078952974144054e-05	1.4925886363739084e-07
CHN__SAMN43024024	0.0	0.0	0.0	0.0	1.0	0.0	0.0	0.0	0.0
CHN__SAMN44583816	0.0	0.0	0.0	0.0	1.0	0.0	0.0	0.0	0.0
CHN__SAMN44583817	0.0	0.0	0.0	0.0	1.0	0.0	0.0	0.0	0.0
CHN__SAMN44583823	0.0	0.0	0.0	0.0	1.0	0.0	0.0	0.0	0.0
CHN__SAMN44583824	0.0	0.0	0.0	0.0	1.0	0.0	0.0	0.0	0.0
NODE_0380	6.876658123183877e-11	5.5318764765000485e-12	2.2271519284749884e-11	6.752498900516901e-11	0.9999999996515999	1.7183102763832914e-11	5.1776863384152796e-11	6.315256078564035e-11	5.2192491643871385e-11
CHN__SAMN42391142	0.0	0.0	0.0	0.0	1.0	0.0	0.0	0.0	0.0
CHN__SAMN42391128	0.0	0.0	0.0	0.0	1.0	0.0	0.0	0.0	0.0
NODE_0384	1.7496331082770327e-05	1.4074793396450162e-06	5.666558786870037e-06	1.7180431873031143e-05	0.9987596509243174	4.37190928500151e-06	1.3173624862087475e-05	0.0011677733669918186	1.3279373461321626e-05
CHN__SAMN42391104	0.0	0.0	0.0	0.0	1.0	0.0	0.0	0.0	0.0
NODE_0381	1.2146455463100326e-11	9.771125748224655e-13	3.933887831005686e-12	1.1927149160323225e-11	0.9999999999384618	3.0351049695944255e-12	9.145508673673315e-12	1.115421407151594e-11	9.218922387943296e-12
CHN__SAMN45156024	0.0	0.0	0.0	0.0	1.0	0.0	0.0	0.0	0.0
NODE_0385	7.885299823956573e-07	6.34327079009988e-08	2.553821986630523e-07	7.742929405200726e-07	5.2478957825747205e-05	1.9703454028327645e-07	5.937129408129609e-07	0.9999442501780127	5.984788509170871e-07
CHN__SAMN42391118	0.0	0.0	0.0	0.0	1.0	0.0	0.0	0.0	0.0
CHN__SAMN42391129	0.0	0.0	0.0	0.0	1.0	0.0	0.0	0.0	0.0
NODE_0386	1.084782646846861e-07	8.726453313094495e-09	3.513299222708192e-08	1.0651967131298638e-07	7.171380205297586e-06	2.7106090434174494e-08	8.167723609514642e-08	0.9999923786462032	8.233288352679908e-08
JPN__SAMD00892052	0.0	0.0	0.0	0.0	0.0	0.0	0.0	1.0	0.0
NODE_0387	1.0904528468499302e-07	8.772066815252293e-09	3.5316633708822876e-08	1.0707645367151823e-07	6.2294890898092095e-06	2.7247774996063277e-08	8.210416610338683e-08	0.9999933181852897	8.276324062901059e-08
JPN__SAMD01697917	0.0	0.0	0.0	0.0	0.0	0.0	0.0	1.0	0.0
JPN__SAMD00892036	0.0	0.0	0.0	0.0	0.0	0.0	0.0	1.0	0.0
JPN__SAMD01697918	0.0	0.0	0.0	0.0	0.0	0.0	0.0	1.0	0.0
