genome_record_id	sample_id	biosample_accession	assembly_accession	run_accession	country_iso3	country_name	collection_date_raw	date_lower	date_upper	year	month	quarter	date_resolution	date_month_or_quarter	project_id	project_id_source	source_dataset	source_role	model_denominator_role	genome_candidate	genome_qc_status	genome_observation_eligible	sampling_process_observed	sequencing_success	ct_value	specimen_type	preliminary_lineage_id	lineage_definition_status	published_branch	published_lineage	published_sublineage	ptxP_label	fim3_label	marker_23s_status	duplicate_of_focal	duplicate_group_size	data_freeze_date	provenance_note	local_fasta_path	total_sequence_length	gc_percent	n_contigs	contig_n50	catalog_qc_status	continent	sequence_acquisition	year_numeric	lineage_stratum	time_stratum	rank_hash	selection_reason	tree_role	background_replicate
JPN::SAMEA41218918	SAMEA41218918	SAMEA41218918	RRASM_ERR1775178	ERR1775178	JPN	Japan	2003	2003-01-01	2003-12-31	2003			year	False	PRJEB18624	ena_study_accession	japan_targeted_ena_projects;current_2406_archive	historical_tree_anchor	focal_genome_observation	True	public_raw_reads_pending_uniform_qc	True	False	True			ptxP1/fim3-1	pending_new_phylogeny	Branch_IIb	ptxP1/fim3-1		ptxP1	fim3-1	23S_rRNA_1	False	2	2026-07-24	Targeted Japanese historical or recent public project. | Legacy PRN endpoints ignored; record retained only for genome/date/project/marker metadata.		3854128	67.85	387	20727	ok	Asia	local_fasta	2003.0	ptxP1/fim3-1	2000_2004	005ab027dfa67106b6d87829b26b9e340b9d9126626f774a0f726af99b9425a7	historical_stratified_anchor_cap3_cell_cap90_country	focal	
BEL::SAMEA117989211	SAMEA117989211	SAMEA117989211		ERR14837607	BEL	Belgium	2014-09-04	2014-09-04	2014-09-04	2014	9	3	day	True	PRJEB88325	ena_study_accession	targeted_belgium_france_public_inventory	historical_tree_anchor	focal_genome_observation	True	public_raw_reads_pending_uniform_qc	True	True	True			ptxP3/fim3-1	pending_new_phylogeny	Branch_IIb	ptxP3/fim3-1		ptxP3	fim3-1	23S_rRNA_1	False	1	2026-07-24	project_member_414_of_416_linked_identity_not_in_ENA_fields							Europe	ena_fastq_download	2014.0	ptxP3/fim3-1	2010_2014	0087d9d10568430be7f05e929094f12b95bf47e01013762b9bf94e6c299d1c12	historical_stratified_anchor_cap3_cell_cap90_country	focal	
BEL::SAMEA117989208	SAMEA117989208	SAMEA117989208		ERR14837604	BEL	Belgium	2014-07-30	2014-07-30	2014-07-30	2014	7	3	day	True	PRJEB88325	ena_study_accession	targeted_belgium_france_public_inventory	historical_tree_anchor	focal_genome_observation	True	public_raw_reads_pending_uniform_qc	True	True	True			ptxP3/fim3-1	pending_new_phylogeny	Branch_IIb	ptxP3/fim3-1		ptxP3	fim3-1	23S_rRNA_1	False	1	2026-07-24	project_member_414_of_416_linked_identity_not_in_ENA_fields							Europe	ena_fastq_download	2014.0	ptxP3/fim3-1	2010_2014	00d6d35539307a0d36b6f934c56512b37784e5e4940df330e13c85fac371b7aa	historical_stratified_anchor_cap3_cell_cap90_country	focal	
BEL::SAMEA117989467	SAMEA117989467	SAMEA117989467		ERR14837863	BEL	Belgium	2019-04-24	2019-04-24	2019-04-24	2019	4	2	day	True	PRJEB88325	ena_study_accession	targeted_belgium_france_public_inventory	historical_tree_anchor	focal_genome_observation	True	public_raw_reads_pending_uniform_qc	True	True	True			ptxP3/fim3-1	pending_new_phylogeny	Branch_IIb	ptxP3/fim3-1		ptxP3	fim3-1	23S_rRNA_1	False	1	2026-07-24	project_member_414_of_416_linked_identity_not_in_ENA_fields							Europe	ena_fastq_download	2019.0	ptxP3/fim3-1	2015_2019	0159d7607249aa653875f2f90ed230f854e59da3bbc7430405b6d6b47c5c4360	historical_stratified_anchor_cap3_cell_cap90_country	focal	
BEL::SAMEA117989479	SAMEA117989479	SAMEA117989479		ERR14837875	BEL	Belgium	2019-07-24	2019-07-24	2019-07-24	2019	7	3	day	True	PRJEB88325	ena_study_accession	targeted_belgium_france_public_inventory	historical_tree_anchor	focal_genome_observation	True	public_raw_reads_pending_uniform_qc	True	True	True			ptxP3/fim3-2	pending_new_phylogeny	Branch_IIb	ptxP3/fim3-2		ptxP3	fim3-2	23S_rRNA_1	False	1	2026-07-24	project_member_414_of_416_linked_identity_not_in_ENA_fields							Europe	ena_fastq_download	2019.0	ptxP3/fim3-2	2015_2019	01d74fd6b6d02044e0836a282f65cdd151811aa9b576128156f1388e99e0d598	historical_stratified_anchor_cap3_cell_cap90_country	focal	
BEL::SAMEA117989286	SAMEA117989286	SAMEA117989286		ERR14837682	BEL	Belgium	2017-07-25	2017-07-25	2017-07-25	2017	7	3	day	True	PRJEB88325	ena_study_accession	targeted_belgium_france_public_inventory	historical_tree_anchor	focal_genome_observation	True	public_raw_reads_pending_uniform_qc	True	True	True			ptxP3/fim3-1	pending_new_phylogeny	Branch_IIb	ptxP3/fim3-1		ptxP3	fim3-1	23S_rRNA_1	False	1	2026-07-24	project_member_414_of_416_linked_identity_not_in_ENA_fields							Europe	ena_fastq_download	2017.0	ptxP3/fim3-1	2015_2019	022ea85d299a2d4cd83eef79099d8b21fbad5dd1c49ed6a607d3754165311069	historical_stratified_anchor_cap3_cell_cap90_country	focal	
JPN::SAMEA41216668	SAMEA41216668	SAMEA41216668		ERR1775175	JPN	Japan	1986	1986-01-01	1986-12-31	1986			year	False	PRJEB18624	ena_study_accession	japan_targeted_ena_projects	historical_tree_anchor	focal_genome_observation	True	public_raw_reads_pending_uniform_qc	True	False	True			ptxP1/fim3-1	pending_new_phylogeny	Branch_IIb	ptxP1/fim3-1		ptxP1	fim3-1	23S_rRNA_1	False	1	2026-07-24	Targeted Japanese historical or recent public project.							Asia	ena_fastq_download	1986.0	ptxP1/fim3-1	1985_1989	0282dde29b102f9b5f48069bc27134f13e0ee3664b6b38a5f0bee10a56e3885f	historical_stratified_anchor_cap3_cell_cap90_country	focal	
BEL::SAMEA117989272	SAMEA117989272	SAMEA117989272		ERR14837668	BEL	Belgium	2017-06-16	2017-06-16	2017-06-16	2017	6	2	day	True	PRJEB88325	ena_study_accession	targeted_belgium_france_public_inventory	historical_tree_anchor	focal_genome_observation	True	public_raw_reads_pending_uniform_qc	True	True	True			ptxP3/fim3-1	pending_new_phylogeny	Branch_IIb	ptxP3/fim3-1		ptxP3	fim3-1	23S_rRNA_1	False	1	2026-07-24	project_member_414_of_416_linked_identity_not_in_ENA_fields							Europe	ena_fastq_download	2017.0	ptxP3/fim3-1	2015_2019	02b53b8387ff8b3e113990f273523284dab3882a0ce05d67d0969f9fb82eafaf	historical_stratified_anchor_cap3_cell_cap90_country	focal	
JPN::SAMEA41275918	SAMEA41275918	SAMEA41275918		ERR1775254	JPN	Japan	1999	1999-01-01	1999-12-31	1999			year	False	PRJEB18624	ena_study_accession	japan_targeted_ena_projects	historical_tree_anchor	focal_genome_observation	True	public_raw_reads_pending_uniform_qc	True	False	True			ptxP3/fim3-1	pending_new_phylogeny	Branch_IIb	ptxP3/fim3-1		ptxP3	fim3-1	23S_rRNA_1	False	1	2026-07-24	Targeted Japanese historical or recent public project.							Asia	ena_fastq_download	1999.0	ptxP3/fim3-1	1995_1999	02eefd8988703a8884facdf1eab053412abf995e3473ae3b636a9be09ff491e6	historical_stratified_anchor_cap3_cell_cap90_country	focal	
JPN::SAMEA41257918	SAMEA41257918	SAMEA41257918		ERR1775230	JPN	Japan	2012	2012-01-01	2012-12-31	2012			year	False	PRJEB18624	ena_study_accession	japan_targeted_ena_projects	historical_tree_anchor	focal_genome_observation	True	public_raw_reads_pending_uniform_qc	True	False	True			ptxP3/fim3-1	pending_new_phylogeny	Branch_IIb	ptxP3/fim3-1		ptxP3	fim3-1	23S_rRNA_1	False	1	2026-07-24	Targeted Japanese historical or recent public project.							Asia	ena_fastq_download	2012.0	ptxP3/fim3-1	2010_2014	03c9d419dc2540eb67276f5ade3f886607240ca5f40a9a6ee3be0dc9b1cdf43e	historical_stratified_anchor_cap3_cell_cap90_country	focal	
JPN::SAMEA41297668	SAMEA41297668	SAMEA41297668	RRASM_ERR1775283	ERR1775283	JPN	Japan	2008	2008-01-01	2008-12-31	2008			year	False	PRJEB18624	ena_study_accession	japan_targeted_ena_projects;current_2406_archive	historical_tree_anchor	focal_genome_observation	True	public_raw_reads_pending_uniform_qc	True	False	True			ptxP1/fim3-1	pending_new_phylogeny	Branch_IIb	ptxP1/fim3-1		ptxP1	fim3-1	23S_rRNA_1	False	2	2026-07-24	Targeted Japanese historical or recent public project. | Legacy PRN endpoints ignored; record retained only for genome/date/project/marker metadata.		3845323	67.86	366	20402	ok	Asia	local_fasta	2008.0	ptxP1/fim3-1	2005_2009	03e3fb39a0a44eb8be16a6b92b0edc7899d3b0ad70a9d539cdfa6da0c77caf62	historical_stratified_anchor_cap3_cell_cap90_country	focal	
BEL::SAMEA117989353	SAMEA117989353	SAMEA117989353		ERR14837749	BEL	Belgium	2018-03-26	2018-03-26	2018-03-26	2018	3	1	day	True	PRJEB88325	ena_study_accession	targeted_belgium_france_public_inventory	historical_tree_anchor	focal_genome_observation	True	public_raw_reads_pending_uniform_qc	True	True	True			ptxP3/fim3-2	pending_new_phylogeny	Branch_IIb	ptxP3/fim3-2		ptxP3	fim3-2	23S_rRNA_1	False	1	2026-07-24	project_member_414_of_416_linked_identity_not_in_ENA_fields							Europe	ena_fastq_download	2018.0	ptxP3/fim3-2	2015_2019	0459ff1d320a73f5b057031d496b58ea9929b42b91e25ba627fabacca56aa97e	historical_stratified_anchor_cap3_cell_cap90_country	focal	
JPN::SAMEA41197168	SAMEA41197168	SAMEA41197168		ERR1775149	JPN	Japan	1999	1999-01-01	1999-12-31	1999			year	False	PRJEB18624	ena_study_accession	japan_targeted_ena_projects	historical_tree_anchor	focal_genome_observation	True	public_raw_reads_pending_uniform_qc	True	False	True			ptxP1/fim3-1	pending_new_phylogeny	Branch_IIb	ptxP1/fim3-1		ptxP1	fim3-1	23S_rRNA_1	False	1	2026-07-24	Targeted Japanese historical or recent public project.							Asia	ena_fastq_download	1999.0	ptxP1/fim3-1	1995_1999	05986fd658daeaeec74c7ef9f68a8eb5ceda61fa38f06cf29d3f1383ac8be371	historical_stratified_anchor_cap3_cell_cap90_country	focal	
JPN::SAMEA41263168	SAMEA41263168	SAMEA41263168		ERR1775237	JPN	Japan	1982	1982-01-01	1982-12-31	1982			year	False	PRJEB18624	ena_study_accession	japan_targeted_ena_projects	historical_tree_anchor	focal_genome_observation	True	public_raw_reads_pending_uniform_qc	True	False	True			ptxP1/fim3-1	pending_new_phylogeny	Branch_IIb	ptxP1/fim3-1		ptxP1	fim3-1	23S_rRNA_1	False	1	2026-07-24	Targeted Japanese historical or recent public project.							Asia	ena_fastq_download	1982.0	ptxP1/fim3-1	1980_1984	05ba7c7f789776937e411619b34806aa467fad42e6eac74e6557fa7d3ba6c649	historical_stratified_anchor_cap3_cell_cap90_country	focal	
BEL::SAMEA117989425	SAMEA117989425	SAMEA117989425		ERR14837821	BEL	Belgium	2018-10-09	2018-10-09	2018-10-09	2018	10	4	day	True	PRJEB88325	ena_study_accession	targeted_belgium_france_public_inventory	historical_tree_anchor	focal_genome_observation	True	public_raw_reads_pending_uniform_qc	True	True	True			ptxP3/fim3-2	pending_new_phylogeny	Branch_IIb	ptxP3/fim3-2		ptxP3	fim3-2	23S_rRNA_1	False	1	2026-07-24	project_member_414_of_416_linked_identity_not_in_ENA_fields							Europe	ena_fastq_download	2018.0	ptxP3/fim3-2	2015_2019	0642303211def93cb8d24e6baa15d92ce3e6522fe36ea7620db94f58dc574ead	historical_stratified_anchor_cap3_cell_cap90_country	focal	
JPN::SAMEA41211418	SAMEA41211418	SAMEA41211418		ERR1775168	JPN	Japan	1990	1990-01-01	1990-12-31	1990			year	False	PRJEB18624	ena_study_accession	japan_targeted_ena_projects	historical_tree_anchor	focal_genome_observation	True	public_raw_reads_pending_uniform_qc	True	False	True			ptxP1/fim3-1	pending_new_phylogeny	Branch_IIb	ptxP1/fim3-1		ptxP1	fim3-1	23S_rRNA_1	False	1	2026-07-24	Targeted Japanese historical or recent public project.							Asia	ena_fastq_download	1990.0	ptxP1/fim3-1	1990_1994	06c6f8f945fb96d8d9597dab67fc333a0adddd0fb8d2d2c02a1be1aeb55cd9ea	historical_stratified_anchor_cap3_cell_cap90_country	focal	
JPN::SAMN04875532	SAMN04875532	SAMN04875532	GCA_002083095	SRR4271508;SRR4271509;SRR4271510;SRR4271511	JPN	Japan	1950	1950-01-01	1950-12-31	1950			year	False	PRJNA231221	assembly_metadata	current_2406_archive	historical_tree_anchor	focal_genome_observation	True	archive_analysis_genome	True	False	True			ptxP1/fim3-1	provisional_marker_or_published_annotation	Branch_IIb	ptxP1/fim3-1		ptxP1	fim3-1	MS	False	1	2026-07-24	Legacy PRN endpoints ignored; record retained only for genome/date/project/marker metadata.		4123505	67.5	1	4123505	ok	Asia	local_fasta	1950.0	ptxP1/fim3-1	1950_1954	06d7366c386b9375217556b7dd2ed3f549366f051563ee4aa1d2330fa29eddc5	historical_stratified_anchor_cap3_cell_cap90_country	focal	
JPN::SAMEA41219668	SAMEA41219668	SAMEA41219668		ERR1775179	JPN	Japan	2003	2003-01-01	2003-12-31	2003			year	False	PRJEB18624	ena_study_accession	japan_targeted_ena_projects	historical_tree_anchor	focal_genome_observation	True	public_raw_reads_pending_uniform_qc	True	False	True			ptxP1/fim3-1	pending_new_phylogeny	Branch_IIb	ptxP1/fim3-1		ptxP1	fim3-1	23S_rRNA_1	False	1	2026-07-24	Targeted Japanese historical or recent public project.							Asia	ena_fastq_download	2003.0	ptxP1/fim3-1	2000_2004	06ef177b6fd9db8ffbaa23460791b631a169f22b729dda257d360276f794ac1b	historical_stratified_anchor_cap3_cell_cap90_country	focal	
JPN::SAMEA41299168	SAMEA41299168	SAMEA41299168		ERR1775285	JPN	Japan	2008	2008-01-01	2008-12-31	2008			year	False	PRJEB18624	ena_study_accession	japan_targeted_ena_projects	historical_tree_anchor	focal_genome_observation	True	public_raw_reads_pending_uniform_qc	True	False	True			ptxP1/fim3-1	pending_new_phylogeny	Branch_IIb	ptxP1/fim3-1		ptxP1	fim3-1	23S_rRNA_1	False	1	2026-07-24	Targeted Japanese historical or recent public project.							Asia	ena_fastq_download	2008.0	ptxP1/fim3-1	2005_2009	07065e5c0463a75563c3612332b808656da8c01f7ebe222e6b14d3529f522d36	historical_stratified_anchor_cap3_cell_cap90_country	focal	
JPN::SAMEA41186668	SAMEA41186668	SAMEA41186668		ERR1775135	JPN	Japan	1996	1996-01-01	1996-12-31	1996			year	False	PRJEB18624	ena_study_accession	japan_targeted_ena_projects	historical_tree_anchor	focal_genome_observation	True	public_raw_reads_pending_uniform_qc	True	False	True			ptxP1/fim3-1	pending_new_phylogeny	Branch_IIb	ptxP1/fim3-1		ptxP1	fim3-1	23S_rRNA_1	False	1	2026-07-24	Targeted Japanese historical or recent public project.							Asia	ena_fastq_download	1996.0	ptxP1/fim3-1	1995_1999	0838a1fb1d6c8c223ba33b99817a08739587c76807546c8ec429e024037d03d9	historical_stratified_anchor_cap3_cell_cap90_country	focal	
FRA::SAMEA751345	SAMEA751345	SAMEA751345	GCA_001205255	ERR028839	FRA	France	1996	1996-01-01	1996-12-31	1996			year	False	PRJEB2274	assembly_metadata	current_2406_archive	historical_tree_anchor	focal_genome_observation	True	archive_analysis_genome	True	False	True				provisional_marker_or_published_annotation							False	1	2026-07-24	Legacy PRN endpoints ignored; record retained only for genome/date/project/marker metadata.		3742490	67.5	1046	6398	ok	Europe	local_fasta	1996.0	UNKNOWN_LINEAGE	1995_1999	09010f0dd12db5dc717134c8d7ee142ee95cb59e5984a931881dde0d467e3d21	historical_stratified_anchor_cap3_cell_cap90_country	focal	
JPN::SAMEA41205418	SAMEA41205418	SAMEA41205418		ERR1775160	JPN	Japan	1996	1996-01-01	1996-12-31	1996			year	False	PRJEB18624	ena_study_accession	japan_targeted_ena_projects	historical_tree_anchor	focal_genome_observation	True	public_raw_reads_pending_uniform_qc	True	False	True			ptxP1/fim3-1	pending_new_phylogeny	Branch_IIb	ptxP1/fim3-1		ptxP1	fim3-1	23S_rRNA_1	False	1	2026-07-24	Targeted Japanese historical or recent public project.							Asia	ena_fastq_download	1996.0	ptxP1/fim3-1	1995_1999	09509d92636162fae879a442f51cd13ab679095448a1aa3ccf348c12e5f1bba3	historical_stratified_anchor_cap3_cell_cap90_country	focal	
JPN::SAMEA41307418	SAMEA41307418	SAMEA41307418		ERR1775296	JPN	Japan	2009	2009-01-01	2009-12-31	2009			year	False	PRJEB18624	ena_study_accession	japan_targeted_ena_projects	historical_tree_anchor	focal_genome_observation	True	public_raw_reads_pending_uniform_qc	True	False	True			ptxP1/fim3-1	pending_new_phylogeny	Branch_IIb	ptxP1/fim3-1		ptxP1	fim3-1	23S_rRNA_1	False	1	2026-07-24	Targeted Japanese historical or recent public project.							Asia	ena_fastq_download	2009.0	ptxP1/fim3-1	2005_2009	095a1f176f9d9baeaf583c12ec33cc81163dbcf1febf19032e0c596971d5d731	historical_stratified_anchor_cap3_cell_cap90_country	focal	
JPN::SAMEA41188918	SAMEA41188918	SAMEA41188918	RRASM_ERR1775138	ERR1775138	JPN	Japan	1999	1999-01-01	1999-12-31	1999			year	False	PRJEB18624	ena_study_accession	japan_targeted_ena_projects;current_2406_archive	historical_tree_anchor	focal_genome_observation	True	public_raw_reads_pending_uniform_qc	True	False	True			ptxP3/fim3-1	pending_new_phylogeny	Branch_IIb	ptxP3/fim3-1		ptxP3	fim3-1	23S_rRNA_1	False	2	2026-07-24	Targeted Japanese historical or recent public project. | Legacy PRN endpoints ignored; record retained only for genome/date/project/marker metadata.		3854648	67.85	378	20918	ok	Asia	local_fasta	1999.0	ptxP3/fim3-1	1995_1999	0b04adbd46f9737b89e83074eabf23037896e269f451b371ff23fb2bc13e859f	historical_stratified_anchor_cap3_cell_cap90_country	focal	
JPN::SAMEA41323168	SAMEA41323168	SAMEA41323168		ERR1775317	JPN	Japan	2012	2012-01-01	2012-12-31	2012			year	False	PRJEB18624	ena_study_accession	japan_targeted_ena_projects	historical_tree_anchor	focal_genome_observation	True	public_raw_reads_pending_uniform_qc	True	False	True			ptxP3/fim3-1	pending_new_phylogeny	Branch_IIb	ptxP3/fim3-1		ptxP3	fim3-1	23S_rRNA_1	False	1	2026-07-24	Targeted Japanese historical or recent public project.							Asia	ena_fastq_download	2012.0	ptxP3/fim3-1	2010_2014	0b4de6c40565c597bc7dc415cc59fcc1462d61745b96899b2d83783b60677916	historical_stratified_anchor_cap3_cell_cap90_country	focal	
JPN::SAMEA41224918	SAMEA41224918	SAMEA41224918		ERR1775186	JPN	Japan	2004	2004-01-01	2004-12-31	2004			year	False	PRJEB18624	ena_study_accession	japan_targeted_ena_projects	historical_tree_anchor	focal_genome_observation	True	public_raw_reads_pending_uniform_qc	True	False	True			ptxP1/fim3-1	pending_new_phylogeny	Branch_IIb	ptxP1/fim3-1		ptxP1	fim3-1	23S_rRNA_1	False	1	2026-07-24	Targeted Japanese historical or recent public project.							Asia	ena_fastq_download	2004.0	ptxP1/fim3-1	2000_2004	0d98fe07ad2a9d41cec4c78a4d9f66b383f4044b12a4478116f6442e5c8d5ba2	historical_stratified_anchor_cap3_cell_cap90_country	focal	
JPN::SAMEA41247418	SAMEA41247418	SAMEA41247418		ERR1775216	JPN	Japan	1994	1994-01-01	1994-12-31	1994			year	False	PRJEB18624	ena_study_accession	japan_targeted_ena_projects	historical_tree_anchor	focal_genome_observation	True	public_raw_reads_pending_uniform_qc	True	False	True			ptxP1/fim3-1	pending_new_phylogeny	Branch_IIb	ptxP1/fim3-1		ptxP1	fim3-1	23S_rRNA_1	False	1	2026-07-24	Targeted Japanese historical or recent public project.							Asia	ena_fastq_download	1994.0	ptxP1/fim3-1	1990_1994	11f6af159b1be57eb6e3ad08b7803f601e31ff7f90bed5ba302eda6b83daf898	historical_stratified_anchor_cap3_cell_cap90_country	focal	
JPN::SAMEA41226418	SAMEA41226418	SAMEA41226418	RRASM_ERR1775188	ERR1775188	JPN	Japan	1992	1992-01-01	1992-12-31	1992			year	False	PRJEB18624	ena_study_accession	japan_targeted_ena_projects;current_2406_archive	historical_tree_anchor	focal_genome_observation	True	public_raw_reads_pending_uniform_qc	True	False	True			ptxP1/fim3-1	pending_new_phylogeny	Branch_IIb	ptxP1/fim3-1		ptxP1	fim3-1	23S_rRNA_1	False	2	2026-07-24	Targeted Japanese historical or recent public project. | Legacy PRN endpoints ignored; record retained only for genome/date/project/marker metadata.		3873610	67.86	416	20407	ok	Asia	local_fasta	1992.0	ptxP1/fim3-1	1990_1994	11fd07b6276713a10ebcf5ca7f81e2a3e6c718193a400868c73a441863b603b5	historical_stratified_anchor_cap3_cell_cap90_country	focal	
JPN::SAMEA41187418	SAMEA41187418	SAMEA41187418		ERR1775136	JPN	Japan	1983	1983-01-01	1983-12-31	1983			year	False	PRJEB18624	ena_study_accession	japan_targeted_ena_projects	historical_tree_anchor	focal_genome_observation	True	public_raw_reads_pending_uniform_qc	True	False	True			ptxP1/fim3-1	pending_new_phylogeny	Branch_IIb	ptxP1/fim3-1		ptxP1	fim3-1	23S_rRNA_1	False	1	2026-07-24	Targeted Japanese historical or recent public project.							Asia	ena_fastq_download	1983.0	ptxP1/fim3-1	1980_1984	13a1bbf573bd5bb4bd47c0ac8802f04818710a8c1818eac45180990b8d2429b7	historical_stratified_anchor_cap3_cell_cap90_country	focal	
BEL::SAMEA117989308	SAMEA117989308	SAMEA117989308		ERR14837704	BEL	Belgium	2017-09-06	2017-09-06	2017-09-06	2017	9	3	day	True	PRJEB88325	ena_study_accession	targeted_belgium_france_public_inventory	historical_tree_anchor	focal_genome_observation	True	public_raw_reads_pending_uniform_qc	True	True	True			MS-MT28	pending_new_phylogeny	Branch_IIb	ptxP3/fim3-1	MS-MT28	ptxP3	fim3-1	23S_rRNA_1	False	1	2026-07-24	project_member_414_of_416_linked_identity_not_in_ENA_fields							Europe	ena_fastq_download	2017.0	MS-MT28	2015_2019	14d9340a662c6bf8fd97c61166482388a275ef952692ccb84400a41870b56cde	historical_stratified_anchor_cap3_cell_cap90_country	focal	
JPN::SAMEA41257168	SAMEA41257168	SAMEA41257168		ERR1775229	JPN	Japan	2011	2011-01-01	2011-12-31	2011			year	False	PRJEB18624	ena_study_accession	japan_targeted_ena_projects	historical_tree_anchor	focal_genome_observation	True	public_raw_reads_pending_uniform_qc	True	False	True			ptxP3/fim3-1	pending_new_phylogeny	Branch_IIb	ptxP3/fim3-1		ptxP3	fim3-1	23S_rRNA_1	False	1	2026-07-24	Targeted Japanese historical or recent public project.							Asia	ena_fastq_download	2011.0	ptxP3/fim3-1	2010_2014	1627f7e5f509a80f0d45bcd1e95fc7eda4f1b4a3b0b94bb5e2d43af987c86e22	historical_stratified_anchor_cap3_cell_cap90_country	focal	
JPN::SAMEA41278168	SAMEA41278168	SAMEA41278168		ERR1775257	JPN	Japan	2000	2000-01-01	2000-12-31	2000			year	False	PRJEB18624	ena_study_accession	japan_targeted_ena_projects	historical_tree_anchor	focal_genome_observation	True	public_raw_reads_pending_uniform_qc	True	False	True			ptxP3/fim3-1	pending_new_phylogeny	Branch_IIb	ptxP3/fim3-1		ptxP3	fim3-1	23S_rRNA_1	False	1	2026-07-24	Targeted Japanese historical or recent public project.							Asia	ena_fastq_download	2000.0	ptxP3/fim3-1	2000_2004	177002e3201d2bf66033cbcdc5b809174629f69fa15be295aeb348716814639e	historical_stratified_anchor_cap3_cell_cap90_country	focal	
BEL::SAMEA117989226	SAMEA117989226	SAMEA117989226		ERR14837622	BEL	Belgium	2015-12-21	2015-12-21	2015-12-21	2015	12	4	day	True	PRJEB88325	ena_study_accession	targeted_belgium_france_public_inventory	historical_tree_anchor	focal_genome_observation	True	public_raw_reads_pending_uniform_qc	True	True	True			MS-MT28	pending_new_phylogeny	Branch_IIb	ptxP3/fim3-1	MS-MT28	ptxP3	fim3-1	23S_rRNA_1	False	1	2026-07-24	project_member_414_of_416_linked_identity_not_in_ENA_fields							Europe	ena_fastq_download	2015.0	MS-MT28	2015_2019	18594e7367d80e10be1a2413a6f3973d71b70b2a5d26def624d27ec427dd1dfb	historical_stratified_anchor_cap3_cell_cap90_country	focal	
JPN::SAMEA41292418	SAMEA41292418	SAMEA41292418		ERR1775276	JPN	Japan	1987	1987-01-01	1987-12-31	1987			year	False	PRJEB18624	ena_study_accession	japan_targeted_ena_projects	historical_tree_anchor	focal_genome_observation	True	public_raw_reads_pending_uniform_qc	True	False	True			ptxP1/fim3-1	pending_new_phylogeny	Branch_IIb	ptxP1/fim3-1		ptxP1	fim3-1	23S_rRNA_1	False	1	2026-07-24	Targeted Japanese historical or recent public project.							Asia	ena_fastq_download	1987.0	ptxP1/fim3-1	1985_1989	1bc868d55607fbcf680c51a181aa2cf0e6433402a5ec843b7c0f303039d0030e	historical_stratified_anchor_cap3_cell_cap90_country	focal	
FRA::SAMEA751350	SAMEA751350	SAMEA751350	GCA_001208065	ERR028837	FRA	France	1993	1993-01-01	1993-12-31	1993			year	False	PRJEB2274	assembly_metadata	current_2406_archive	historical_tree_anchor	focal_genome_observation	True	archive_analysis_genome	True	False	True			ptxP1/fim3-1	provisional_marker_or_published_annotation	Branch_IIb	ptxP1/fim3-1		ptxP1	fim3-1	other_23S_allele	False	1	2026-07-24	Legacy PRN endpoints ignored; record retained only for genome/date/project/marker metadata.		3731335	67.5	1110	6091	ok	Europe	local_fasta	1993.0	ptxP1/fim3-1	1990_1994	1c12c1ad77638ccafcf557f7cbc407a77b72976c307f19a2b55235867016eab3	historical_stratified_anchor_cap3_cell_cap90_country	focal	
JPN::SAMEA41250418	SAMEA41250418	SAMEA41250418		ERR1775220	JPN	Japan	2010	2010-01-01	2010-12-31	2010			year	False	PRJEB18624	ena_study_accession	japan_targeted_ena_projects	historical_tree_anchor	focal_genome_observation	True	public_raw_reads_pending_uniform_qc	True	False	True			ptxP1/fim3-1	pending_new_phylogeny	Branch_IIb	ptxP1/fim3-1		ptxP1	fim3-1	23S_rRNA_1	False	1	2026-07-24	Targeted Japanese historical or recent public project.							Asia	ena_fastq_download	2010.0	ptxP1/fim3-1	2010_2014	1c19cf677ef1daa50d74642812f7f66fa86ca592e38c1bef871322e39cad709c	historical_stratified_anchor_cap3_cell_cap90_country	focal	
JPN::SAMD00549636	DRS259973	SAMD00549636	RRASM_DRR413424	DRR413424	JPN	Japan		2018-01-01	2018-12-31	2018			year	False	PRJDB7578	study_accession	current_2406_archive	historical_tree_anchor	focal_genome_observation	True	archive_analysis_genome	True	False	True			ptxP3/fim3-1	provisional_marker_or_published_annotation	Branch_IIb	ptxP3/fim3-1		ptxP3	fim3-1	MS	False	1	2026-07-24	Legacy PRN endpoints ignored; record retained only for genome/date/project/marker metadata.		3863268	67.82	322	22500	ok	Asia	local_fasta	2018.0	ptxP3/fim3-1	2015_2019	2031b15f72dbcc039865779eba82d2df801d4293bb8ac3370e69b374cd84141f	historical_stratified_anchor_cap3_cell_cap90_country	focal	
BEL::SAMEA117989309	SAMEA117989309	SAMEA117989309		ERR14837705	BEL	Belgium	2017-09-06	2017-09-06	2017-09-06	2017	9	3	day	True	PRJEB88325	ena_study_accession	targeted_belgium_france_public_inventory	historical_tree_anchor	focal_genome_observation	True	public_raw_reads_pending_uniform_qc	True	True	True				pending_new_phylogeny							False	1	2026-07-24	project_member_414_of_416_linked_identity_not_in_ENA_fields							Europe	ena_fastq_download	2017.0	UNKNOWN_LINEAGE	2015_2019	214c6eb5af31fbfd12ab3d62005fe24ce9efa20ff0a410b9bbf1457caf3566f6	historical_stratified_anchor_cap3_cell_cap90_country	focal	
JPN::SAMD00328195	DRS190014	SAMD00328195	RRASM_DRR300247	DRR300247	JPN	Japan		2011-01-01	2011-12-31	2011			year	False	PRJDB7578	study_accession	current_2406_archive	historical_tree_anchor	focal_genome_observation	True	archive_analysis_genome	True	False	True			ptxP3/fim3-1	provisional_marker_or_published_annotation	Branch_IIb	ptxP3/fim3-1		ptxP3	fim3-1	MS	False	1	2026-07-24	Legacy PRN endpoints ignored; record retained only for genome/date/project/marker metadata.		3862038	67.82	314	21200	ok	Asia	local_fasta	2011.0	ptxP3/fim3-1	2010_2014	21845247cdc2f0c37d119953ac1f482ea0172631841a3dc48220887b5f1ba59d	historical_stratified_anchor_cap3_cell_cap90_country	focal	
FRA::SAMEA751413	SAMEA751413	SAMEA751413	GCA_001202575	ERR028844	FRA	France	2004	2004-01-01	2004-12-31	2004			year	False	PRJEB2274	assembly_metadata	current_2406_archive	historical_tree_anchor	focal_genome_observation	True	archive_analysis_genome	True	False	True			ptxP3/fim3-2	provisional_marker_or_published_annotation	Branch_IIb	ptxP3/fim3-2		ptxP3	fim3-2	MS	False	1	2026-07-24	Legacy PRN endpoints ignored; record retained only for genome/date/project/marker metadata.		3779211	68	652	9704	ok	Europe	local_fasta	2004.0	ptxP3/fim3-2	2000_2004	25172589ad8f40a3141606bac227daa8bf85ade5605d1fcb297f36d643cc31c1	historical_stratified_anchor_cap3_cell_cap90_country	focal	
FRA::SAMN03491902	SAMN03491902	SAMN03491902	GCA_001307565		FRA	France	2008	2008-01-01	2008-12-31	2008			year	False	PRJNA281570	assembly_metadata	current_2406_archive	historical_tree_anchor	focal_genome_observation	True	archive_analysis_genome	True	False	True			ptxP3/fim3-2	provisional_marker_or_published_annotation	Branch_IIb	ptxP3/fim3-2		ptxP3	fim3-2	MS	False	1	2026-07-24	Legacy PRN endpoints ignored; record retained only for genome/date/project/marker metadata.		4100705	67.5	1	4100705	ok	Europe	local_fasta	2008.0	ptxP3/fim3-2	2005_2009	25957299e38de6e08aee63ba934add4d7575ccc95208effea33c316bcf6a544e	historical_stratified_anchor_cap3_cell_cap90_country	focal	
JPN::SAMEA751127	SAMEA751127	SAMEA751127	GCA_001202495	ERR029324	JPN	Japan	2006	2006-01-01	2006-12-31	2006			year	False	PRJEB2274	assembly_metadata	current_2406_archive	historical_tree_anchor	focal_genome_observation	True	archive_analysis_genome	True	False	True			ptxP1/fim3-1	provisional_marker_or_published_annotation	Branch_IIb	ptxP1/fim3-1		ptxP1	fim3-1	MS	False	1	2026-07-24	Legacy PRN endpoints ignored; record retained only for genome/date/project/marker metadata.		3816597	68	280	20971	ok	Asia	local_fasta	2006.0	ptxP1/fim3-1	2005_2009	2598d90b5a0e1997b1845dfa4fed7770ad4b7f2ae3955396cce02646b3857d6e	historical_stratified_anchor_cap3_cell_cap90_country	focal	
JPN::SAMEA41264668	SAMEA41264668	SAMEA41264668		ERR1775239	JPN	Japan	2012	2012-01-01	2012-12-31	2012			year	False	PRJEB18624	ena_study_accession	japan_targeted_ena_projects	historical_tree_anchor	focal_genome_observation	True	public_raw_reads_pending_uniform_qc	True	False	True			ptxP3/fim3-2	pending_new_phylogeny	Branch_IIb	ptxP3/fim3-2		ptxP3	fim3-2	23S_rRNA_1	False	1	2026-07-24	Targeted Japanese historical or recent public project.							Asia	ena_fastq_download	2012.0	ptxP3/fim3-2	2010_2014	286f5c9106416a8416bb4c85c544f165dd60060c246046d50bfe82c78d2e75e1	historical_stratified_anchor_cap3_cell_cap90_country	focal	
JPN::SAMD00549621	DRS259958	SAMD00549621	RRASM_DRR413409	DRR413409	JPN	Japan		2015-01-01	2015-12-31	2015			year	False	PRJDB7578	study_accession	current_2406_archive	historical_tree_anchor	focal_genome_observation	True	archive_analysis_genome	True	False	True			ptxP3/fim3-1	provisional_marker_or_published_annotation	Branch_IIb	ptxP3/fim3-1		ptxP3	fim3-1	MS	False	1	2026-07-24	Legacy PRN endpoints ignored; record retained only for genome/date/project/marker metadata.		3862841	67.82	323	22411	ok	Asia	local_fasta	2015.0	ptxP3/fim3-1	2015_2019	2c2182a4e5f18c2a7a3e6a578221341e2316f13f06d1e5c4fb836ee3bb163f40	historical_stratified_anchor_cap3_cell_cap90_country	focal	
JPN::SAMEA41214418	SAMEA41214418	SAMEA41214418		ERR1775172	JPN	Japan	2002	2002-01-01	2002-12-31	2002			year	False	PRJEB18624	ena_study_accession	japan_targeted_ena_projects	historical_tree_anchor	focal_genome_observation	True	public_raw_reads_pending_uniform_qc	True	False	True			ptxP3/fim3-1	pending_new_phylogeny	Branch_IIb	ptxP3/fim3-1		ptxP3	fim3-1	23S_rRNA_1	False	1	2026-07-24	Targeted Japanese historical or recent public project.							Asia	ena_fastq_download	2002.0	ptxP3/fim3-1	2000_2004	2db74648bc78dd8b234118c25a8d7185fe1a3e2e074071c767df36ca93626443	historical_stratified_anchor_cap3_cell_cap90_country	focal	
JPN::SAMEA41239918	SAMEA41239918	SAMEA41239918		ERR1775206	JPN	Japan	2007	2007-01-01	2007-12-31	2007			year	False	PRJEB18624	ena_study_accession	japan_targeted_ena_projects	historical_tree_anchor	focal_genome_observation	True	public_raw_reads_pending_uniform_qc	True	False	True			ptxP3/fim3-2	pending_new_phylogeny	Branch_IIb	ptxP3/fim3-2		ptxP3	fim3-2	23S_rRNA_1	False	1	2026-07-24	Targeted Japanese historical or recent public project.							Asia	ena_fastq_download	2007.0	ptxP3/fim3-2	2005_2009	2faf60d474cf40254b51c5920b0883238815158597762e8149bd53ee12b7c9da	historical_stratified_anchor_cap3_cell_cap90_country	focal	
JPN::SAMEA41296918	SAMEA41296918	SAMEA41296918		ERR1775282	JPN	Japan	1983	1983-01-01	1983-12-31	1983			year	False	PRJEB18624	ena_study_accession	japan_targeted_ena_projects	historical_tree_anchor	focal_genome_observation	True	public_raw_reads_pending_uniform_qc	True	False	True			ptxP1/fim3-1	pending_new_phylogeny	Branch_IIb	ptxP1/fim3-1		ptxP1	fim3-1	23S_rRNA_1	False	1	2026-07-24	Targeted Japanese historical or recent public project.							Asia	ena_fastq_download	1983.0	ptxP1/fim3-1	1980_1984	3121d0605c1ed79c6d83fbcee8f3cdd2d7739dbb064b2b5ca63c6088ffa61d5d	historical_stratified_anchor_cap3_cell_cap90_country	focal	
JPN::SAMEA41283418	SAMEA41283418	SAMEA41283418		ERR1775264	JPN	Japan	1988	1988-01-01	1988-12-31	1988			year	False	PRJEB18624	ena_study_accession	japan_targeted_ena_projects	historical_tree_anchor	focal_genome_observation	True	public_raw_reads_pending_uniform_qc	True	False	True			ptxP1/fim3-1	pending_new_phylogeny	Branch_IIb	ptxP1/fim3-1		ptxP1	fim3-1	23S_rRNA_1	False	1	2026-07-24	Targeted Japanese historical or recent public project.							Asia	ena_fastq_download	1988.0	ptxP1/fim3-1	1985_1989	32c44eb99004a327586cf99c5b819157c80d990526781b892a97fcdcd03c1ff8	historical_stratified_anchor_cap3_cell_cap90_country	focal	
JPN::SAMEA41286418	SAMEA41286418	SAMEA41286418		ERR1775268	JPN	Japan	1990	1990-01-01	1990-12-31	1990			year	False	PRJEB18624	ena_study_accession	japan_targeted_ena_projects	historical_tree_anchor	focal_genome_observation	True	public_raw_reads_pending_uniform_qc	True	False	True			others	pending_new_phylogeny	Branch_IIb	others		ptxP8	fim3-1	23S_rRNA_1	False	1	2026-07-24	Targeted Japanese historical or recent public project.							Asia	ena_fastq_download	1990.0	others	1990_1994	34f08359f369eb6fe95df9bc463ecaace7fe63c23afd38bf540615a4ffdbb45b	historical_stratified_anchor_cap3_cell_cap90_country	focal	
JPN::SAMEA41305168	SAMEA41305168	SAMEA41305168		ERR1775293	JPN	Japan	2008	2008-01-01	2008-12-31	2008			year	False	PRJEB18624	ena_study_accession	japan_targeted_ena_projects	historical_tree_anchor	focal_genome_observation	True	public_raw_reads_pending_uniform_qc	True	False	True			ptxP3/fim3-1	pending_new_phylogeny	Branch_IIb	ptxP3/fim3-1		ptxP3	fim3-1	23S_rRNA_1	False	1	2026-07-24	Targeted Japanese historical or recent public project.							Asia	ena_fastq_download	2008.0	ptxP3/fim3-1	2005_2009	35bd69374be2ed24f2cd9e01dc1590fa294ab2bfa5f44a532fb446dcbe41c15a	historical_stratified_anchor_cap3_cell_cap90_country	focal	
JPN::SAMEA751489	SAMEA751489	SAMEA751489	GCA_001194225	ERR029307	JPN	Japan	1999	1999-01-01	1999-12-31	1999			year	False	PRJEB2274	assembly_metadata	current_2406_archive	historical_tree_anchor	focal_genome_observation	True	archive_analysis_genome	True	False	True			ptxP1/fim3-1	provisional_marker_or_published_annotation	Branch_IIb	ptxP1/fim3-1		ptxP1	fim3-1	MS	False	1	2026-07-24	Legacy PRN endpoints ignored; record retained only for genome/date/project/marker metadata.		3810251	68	313	18984	ok	Asia	local_fasta	1999.0	ptxP1/fim3-1	1995_1999	370ee4adb33240096a6167b0515cac5ba8b00884ee22e8397785d82ac4d5094d	historical_stratified_anchor_cap3_cell_cap90_country	focal	
BEL::SAMEA117989436	SAMEA117989436	SAMEA117989436		ERR14837832	BEL	Belgium	2019-01-15	2019-01-15	2019-01-15	2019	1	1	day	True	PRJEB88325	ena_study_accession	targeted_belgium_france_public_inventory	historical_tree_anchor	focal_genome_observation	True	public_raw_reads_pending_uniform_qc	True	True	True				pending_new_phylogeny							False	1	2026-07-24	project_member_414_of_416_linked_identity_not_in_ENA_fields							Europe	ena_fastq_download	2019.0	UNKNOWN_LINEAGE	2015_2019	3888a7d86c469d068ae310d9b2ec65bd71033d60eeb18ed46bf1fc404b175230	historical_stratified_anchor_cap3_cell_cap90_country	focal	
BEL::SAMEA117989252	SAMEA117989252	SAMEA117989252		ERR14837648	BEL	Belgium	2017-04-18	2017-04-18	2017-04-18	2017	4	2	day	True	PRJEB88325	ena_study_accession	targeted_belgium_france_public_inventory	historical_tree_anchor	focal_genome_observation	True	public_raw_reads_pending_uniform_qc	True	True	True				pending_new_phylogeny							False	1	2026-07-24	project_member_414_of_416_linked_identity_not_in_ENA_fields							Europe	ena_fastq_download	2017.0	UNKNOWN_LINEAGE	2015_2019	3aa582ce8c378944ea21821420bcbc4c6b7613f04e1384dfe771fbeed0ca115c	historical_stratified_anchor_cap3_cell_cap90_country	focal	
FRA::SAMN03491903	SAMN03491903	SAMN03491903	GCA_001307525		FRA	France	2009	2009-01-01	2009-12-31	2009			year	False	PRJNA281570	assembly_metadata	current_2406_archive	historical_tree_anchor	focal_genome_observation	True	archive_analysis_genome	True	False	True			ptxP3/fim3-2	provisional_marker_or_published_annotation	Branch_IIb	ptxP3/fim3-2		ptxP3	fim3-2	MS	False	1	2026-07-24	Legacy PRN endpoints ignored; record retained only for genome/date/project/marker metadata.		4101147	67.5	1	4101147	ok	Europe	local_fasta	2009.0	ptxP3/fim3-2	2005_2009	3b0599344636a32d2eea43518009e01fa1da0b8370fba7a2f5bab28216247afd	historical_stratified_anchor_cap3_cell_cap90_country	focal	
JPN::SAMEA41241418	SAMEA41241418	SAMEA41241418		ERR1775208	JPN	Japan	1994	1994-01-01	1994-12-31	1994			year	False	PRJEB18624	ena_study_accession	japan_targeted_ena_projects	historical_tree_anchor	focal_genome_observation	True	public_raw_reads_pending_uniform_qc	True	False	True			ptxP3/fim3-1	pending_new_phylogeny	Branch_IIb	ptxP3/fim3-1		ptxP3	fim3-1	23S_rRNA_1	False	1	2026-07-24	Targeted Japanese historical or recent public project.							Asia	ena_fastq_download	1994.0	ptxP3/fim3-1	1990_1994	3b665ade97afe252527acf339b8f7020e3b3c3db25099e681571310d7700e5cc	historical_stratified_anchor_cap3_cell_cap90_country	focal	
FRA::SAMEA751348	SAMEA751348	SAMEA751348	GCA_001212525	ERR028838	FRA	France	1995	1995-01-01	1995-12-31	1995			year	False	PRJEB2274	assembly_metadata	current_2406_archive	historical_tree_anchor	focal_genome_observation	True	archive_analysis_genome	True	False	True			ptxP1/fim3-1	provisional_marker_or_published_annotation	Branch_IIb	ptxP1/fim3-1		ptxP1	fim3-1	MS	False	1	2026-07-24	Legacy PRN endpoints ignored; record retained only for genome/date/project/marker metadata.		3727219	67.5	956	6884	ok	Europe	local_fasta	1995.0	ptxP1/fim3-1	1995_1999	3b91bf49a818f1e377f64bc7f2b7fd05eb650f651f06b95d8d4f3baf1b62d856	historical_stratified_anchor_cap3_cell_cap90_country	focal	
BEL::SAMEA117989203	SAMEA117989203	SAMEA117989203		ERR14837599	BEL	Belgium	2014-01-30	2014-01-30	2014-01-30	2014	1	1	day	True	PRJEB88325	ena_study_accession	targeted_belgium_france_public_inventory	historical_tree_anchor	focal_genome_observation	True	public_raw_reads_pending_uniform_qc	True	True	True			ptxP3/fim3-1	pending_new_phylogeny	Branch_IIb	ptxP3/fim3-1		ptxP3	fim3-1	23S_rRNA_1	False	1	2026-07-24	project_member_414_of_416_linked_identity_not_in_ENA_fields							Europe	ena_fastq_download	2014.0	ptxP3/fim3-1	2010_2014	3bc89999442ad3c6bf1d7f3962d8bd5cf662472092edee3ce6fea3467e7e4ead	historical_stratified_anchor_cap3_cell_cap90_country	focal	
JPN::SAMEA41200168	SAMEA41200168	SAMEA41200168		ERR1775153	JPN	Japan	1995	1995-01-01	1995-12-31	1995			year	False	PRJEB18624	ena_study_accession	japan_targeted_ena_projects	historical_tree_anchor	focal_genome_observation	True	public_raw_reads_pending_uniform_qc	True	False	True			ptxP3/fim3-1	pending_new_phylogeny	Branch_IIb	ptxP3/fim3-1		ptxP3	fim3-1	23S_rRNA_1	False	1	2026-07-24	Targeted Japanese historical or recent public project.							Asia	ena_fastq_download	1995.0	ptxP3/fim3-1	1995_1999	3cd20c7385998279424e8b7cb124bb37ea6c2fd0f0b5c16bb537f62b7b338fbf	historical_stratified_anchor_cap3_cell_cap90_country	focal	
FRA::SAMEA751372	SAMEA751372	SAMEA751372	GCA_001332595	ERR028841	FRA	France	2000	2000-01-01	2000-12-31	2000			year	False	PRJEB2274	assembly_metadata	current_2406_archive	historical_tree_anchor	focal_genome_observation	True	archive_analysis_genome	True	False	True			ptxP3/fim3-2	provisional_marker_or_published_annotation	Branch_IIb	ptxP3/fim3-2		ptxP3	fim3-2	MS	False	1	2026-07-24	Legacy PRN endpoints ignored; record retained only for genome/date/project/marker metadata.		3813540	68	345	17456	ok	Europe	local_fasta	2000.0	ptxP3/fim3-2	2000_2004	3f3c6099ede6f46b9bb47bec58336438b95833759142e28e150e38d479cb2285	historical_stratified_anchor_cap3_cell_cap90_country	focal	
FRA::SAMN09862835	SAMN09862835	SAMN09862835	GCA_003431425	SRR7908034	FRA	France	2014	2014-01-01	2014-12-31	2014			year	False	PRJNA486745	assembly_metadata	current_2406_archive	historical_tree_anchor	focal_genome_observation	True	archive_analysis_genome	True	False	True			ptxP3	provisional_marker_or_published_annotation				ptxP3		MS	False	1	2026-07-24	Legacy PRN endpoints ignored; record retained only for genome/date/project/marker metadata.		4108173	67.5	1	4108173	ok	Europe	local_fasta	2014.0	ptxP3	2010_2014	454020abafe31c6cfac27dd6c77cd2abd9a506c246157c49fff8c9557f6321fb	historical_stratified_anchor_cap3_cell_cap90_country	focal	
FRA::SAMEA751374	SAMEA751374	SAMEA751374	GCA_001332615	ERR028840	FRA	France	1999	1999-01-01	1999-12-31	1999			year	False	PRJEB2274	assembly_metadata	current_2406_archive	historical_tree_anchor	focal_genome_observation	True	archive_analysis_genome	True	False	True			ptxP3/fim3-2	provisional_marker_or_published_annotation	Branch_IIb	ptxP3/fim3-2		ptxP3	fim3-2	MS	False	1	2026-07-24	Legacy PRN endpoints ignored; record retained only for genome/date/project/marker metadata.		3761372	68	816	7901	ok	Europe	local_fasta	1999.0	ptxP3/fim3-2	1995_1999	49e4026f8666bc1ad4686bc7907ba71d283ae9857dc0baffaab0fa877cc0a2cb	historical_stratified_anchor_cap3_cell_cap90_country	focal	
JPN::SAMEA41222668	SAMEA41222668	SAMEA41222668		ERR1775183	JPN	Japan	2004	2004-01-01	2004-12-31	2004			year	False	PRJEB18624	ena_study_accession	japan_targeted_ena_projects	historical_tree_anchor	focal_genome_observation	True	public_raw_reads_pending_uniform_qc	True	False	True			ptxP3/fim3-2	pending_new_phylogeny	Branch_IIb	ptxP3/fim3-2		ptxP3	fim3-2		False	1	2026-07-24	Targeted Japanese historical or recent public project.							Asia	ena_fastq_download	2004.0	ptxP3/fim3-2	2000_2004	4e3470701e8bf45e4843c4b2d8814f821d70e8bfaa886c7366a261ed600220a4	historical_stratified_anchor_cap3_cell_cap90_country	focal	
JPN::SAMEA41194168	SAMEA41194168	SAMEA41194168		ERR1775145	JPN	Japan	2000	2000-01-01	2000-12-31	2000			year	False	PRJEB18624	ena_study_accession	japan_targeted_ena_projects	historical_tree_anchor	focal_genome_observation	True	public_raw_reads_pending_uniform_qc	True	False	True			ptxP3/fim3-1	pending_new_phylogeny	Branch_IIb	ptxP3/fim3-1		ptxP3	fim3-1	23S_rRNA_1	False	1	2026-07-24	Targeted Japanese historical or recent public project.							Asia	ena_fastq_download	2000.0	ptxP3/fim3-1	2000_2004	534f2a63873eac0c1c52b6322bbde16a7e069b8a02b5c114f1141160575d6b05	historical_stratified_anchor_cap3_cell_cap90_country	focal	
JPN::SAMEA751491	SAMEA751491	SAMEA751491	GCA_001211945	ERR029305	JPN	Japan	1998	1998-01-01	1998-12-31	1998			year	False	PRJEB2274	assembly_metadata	current_2406_archive	historical_tree_anchor	focal_genome_observation	True	archive_analysis_genome	True	False	True			ptxP1/fim3-1	provisional_marker_or_published_annotation	Branch_IIb	ptxP1/fim3-1		ptxP1	fim3-1	MS	False	1	2026-07-24	Legacy PRN endpoints ignored; record retained only for genome/date/project/marker metadata.		3724719	67.5	884	7561	ok	Asia	local_fasta	1998.0	ptxP1/fim3-1	1995_1999	5647a348829fbfe3e101b1c5d82873fdb3a849a6b12562aa5687f7e8b4429541	historical_stratified_anchor_cap3_cell_cap90_country	focal	
JPN::SAMEA41263918	SAMEA41263918	SAMEA41263918		ERR1775238	JPN	Japan	2011	2011-01-01	2011-12-31	2011			year	False	PRJEB18624	ena_study_accession	japan_targeted_ena_projects	historical_tree_anchor	focal_genome_observation	True	public_raw_reads_pending_uniform_qc	True	False	True			ptxP1/fim3-1	pending_new_phylogeny	Branch_IIb	ptxP1/fim3-1		ptxP1	fim3-1	23S_rRNA_1	False	1	2026-07-24	Targeted Japanese historical or recent public project.							Asia	ena_fastq_download	2011.0	ptxP1/fim3-1	2010_2014	5ad383559af0956638e22c48a43bae132931af3161c5952330d24a0d73137f3c	historical_stratified_anchor_cap3_cell_cap90_country	focal	
BEL::SAMEA117989259	SAMEA117989259	SAMEA117989259		ERR14837655	BEL	Belgium	2017-05-05	2017-05-05	2017-05-05	2017	5	2	day	True	PRJEB88325	ena_study_accession	targeted_belgium_france_public_inventory	historical_tree_anchor	focal_genome_observation	True	public_raw_reads_pending_uniform_qc	True	True	True			MS-MT28	pending_new_phylogeny	Branch_IIb	ptxP3/fim3-1	MS-MT28	ptxP3	fim3-1	23S_rRNA_1	False	1	2026-07-24	project_member_414_of_416_linked_identity_not_in_ENA_fields							Europe	ena_fastq_download	2017.0	MS-MT28	2015_2019	5bf4b406c29973ecd7fedef889471da13c51c1cf3e35acc0237be4669f14514e	historical_stratified_anchor_cap3_cell_cap90_country	focal	
JPN::SAMEA41231668	SAMEA41231668	SAMEA41231668		ERR1775195	JPN	Japan	2006	2006-01-01	2006-12-31	2006			year	False	PRJEB18624	ena_study_accession	japan_targeted_ena_projects	historical_tree_anchor	focal_genome_observation	True	public_raw_reads_pending_uniform_qc	True	False	True			ptxP3/fim3-2	pending_new_phylogeny	Branch_IIb	ptxP3/fim3-2		ptxP3	fim3-2	23S_rRNA_1	False	1	2026-07-24	Targeted Japanese historical or recent public project.							Asia	ena_fastq_download	2006.0	ptxP3/fim3-2	2005_2009	6589d374964ebeed42b2230d11291b5609f04941491a24d4906cc5d931503300	historical_stratified_anchor_cap3_cell_cap90_country	focal	
JPN::SAMEA41316418	SAMEA41316418	SAMEA41316418		ERR1775308	JPN	Japan	2011	2011-01-01	2011-12-31	2011			year	False	PRJEB18624	ena_study_accession	japan_targeted_ena_projects	historical_tree_anchor	focal_genome_observation	True	public_raw_reads_pending_uniform_qc	True	False	True			ptxP1/fim3-1	pending_new_phylogeny	Branch_IIb	ptxP1/fim3-1		ptxP1	fim3-1	23S_rRNA_1	False	1	2026-07-24	Targeted Japanese historical or recent public project.							Asia	ena_fastq_download	2011.0	ptxP1/fim3-1	2010_2014	65ea42dda246e272d363b842cbe89a45196acbafcc492b2419a45c4f773556f3	historical_stratified_anchor_cap3_cell_cap90_country	focal	
JPN::SAMN09862822	SAMN09862822	SAMN09862822	GCA_003431345	SRR7908033	JPN	Japan	1954	1954-01-01	1954-12-31	1954			year	False	PRJNA486745	assembly_metadata	current_2406_archive	historical_tree_anchor	focal_genome_observation	True	archive_analysis_genome	True	False	True			ptxP1	provisional_marker_or_published_annotation				ptxP1		MS	False	1	2026-07-24	Legacy PRN endpoints ignored; record retained only for genome/date/project/marker metadata.		4102412	67.5	1	4102412	ok	Asia	local_fasta	1954.0	ptxP1	1950_1954	66fa01a9d940ca69f39541e37403a56eb72535c1a00597f5a4d3ffc2bfd88ec7	historical_stratified_anchor_cap3_cell_cap90_country	focal	
FRA::SAMN03366100	SAMN03366100	SAMN03366100	GCA_001509895	SRR3205797	FRA	France	2007	2007-01-01	2007-12-31	2007			year	False	PRJNA266616	assembly_metadata	current_2406_archive	historical_tree_anchor	focal_genome_observation	True	archive_analysis_genome	True	False	True			fim3-2	provisional_marker_or_published_annotation	Branch_IIb	ptxP3/fim3-2			fim3-2	MS	False	1	2026-07-24	Legacy PRN endpoints ignored; record retained only for genome/date/project/marker metadata.		4079396	67.5	1	4079396	ok	Europe	local_fasta	2007.0	fim3-2	2005_2009	68ec10a9363e2463cb019bb8701b220e219326815afc108b51975ffaf3e7941c	historical_stratified_anchor_cap3_cell_cap90_country	focal	
JPN::SAMEA751522	SAMEA751522	SAMEA751522	GCA_001205915	ERR029315	JPN	Japan	1996	1996-01-01	1996-12-31	1996			year	False	PRJEB2274	assembly_metadata	current_2406_archive	historical_tree_anchor	focal_genome_observation	True	archive_analysis_genome	True	False	True				provisional_marker_or_published_annotation							False	1	2026-07-24	Legacy PRN endpoints ignored; record retained only for genome/date/project/marker metadata.		3769275	68	621	11000	ok	Asia	local_fasta	1996.0	UNKNOWN_LINEAGE	1995_1999	7011f07a3137d5bf85323f25ad685d8bc6aa8a494dd32f73739461121815dc51	historical_stratified_anchor_cap3_cell_cap90_country	focal	
JPN::SAMEA41240668	SAMEA41240668	SAMEA41240668		ERR1775207	JPN	Japan	2008	2008-01-01	2008-12-31	2008			year	False	PRJEB18624	ena_study_accession	japan_targeted_ena_projects	historical_tree_anchor	focal_genome_observation	True	public_raw_reads_pending_uniform_qc	True	False	True			ptxP3/fim3-2	pending_new_phylogeny	Branch_IIb	ptxP3/fim3-2		ptxP3	fim3-2	23S_rRNA_1	False	1	2026-07-24	Targeted Japanese historical or recent public project.							Asia	ena_fastq_download	2008.0	ptxP3/fim3-2	2005_2009	72533469733c3b04268d47de51f65560fc7dd75bf8c99b7023355f0ea30a3867	historical_stratified_anchor_cap3_cell_cap90_country	focal	
BEL::SAMEA117989205	SAMEA117989205	SAMEA117989205		ERR14837601	BEL	Belgium	2014-06-27	2014-06-27	2014-06-27	2014	6	2	day	True	PRJEB88325	ena_study_accession	targeted_belgium_france_public_inventory	historical_tree_anchor	focal_genome_observation	True	public_raw_reads_pending_uniform_qc	True	True	True				pending_new_phylogeny							False	1	2026-07-24	project_member_414_of_416_linked_identity_not_in_ENA_fields							Europe	ena_fastq_download	2014.0	UNKNOWN_LINEAGE	2010_2014	766177a36a2bbbabc1ebeb105805f33f1f84d06bff5dc191f90d067c461ebe6c	historical_stratified_anchor_cap3_cell_cap90_country	focal	
JPN::SAMEA41242918	SAMEA41242918	SAMEA41242918		ERR1775210	JPN	Japan	2007	2007-01-01	2007-12-31	2007			year	False	PRJEB18624	ena_study_accession	japan_targeted_ena_projects	historical_tree_anchor	focal_genome_observation	True	public_raw_reads_pending_uniform_qc	True	False	True			ptxP3/fim3-1	pending_new_phylogeny	Branch_IIb	ptxP3/fim3-1		ptxP3	fim3-1	23S_rRNA_1	False	1	2026-07-24	Targeted Japanese historical or recent public project.							Asia	ena_fastq_download	2007.0	ptxP3/fim3-1	2005_2009	79c79c3226e370c5abdd877d6c1df2222e2f9098a2b294d41eb6002a7482cd16	historical_stratified_anchor_cap3_cell_cap90_country	focal	
BEL::SAMEA117989209	SAMEA117989209	SAMEA117989209		ERR14837605	BEL	Belgium	2014-08-01	2014-08-01	2014-08-01	2014	8	3	day	True	PRJEB88325	ena_study_accession	targeted_belgium_france_public_inventory	historical_tree_anchor	focal_genome_observation	True	public_raw_reads_pending_uniform_qc	True	True	True			United States Sublineage 1	pending_new_phylogeny	Branch_IIb	ptxP3/fim3-1	United States Sublineage 1	ptxP3	fim3-1	23S_rRNA_1	False	1	2026-07-24	project_member_414_of_416_linked_identity_not_in_ENA_fields							Europe	ena_fastq_download	2014.0	United States Sublineage 1	2010_2014	7f6acdf3a4d5beb83577655acef4a7e85edba698064a0006bcc5963b1d23dd5a	historical_stratified_anchor_cap3_cell_cap90_country	focal	
JPN::SAMEA751493	SAMEA751493	SAMEA751493	GCA_001333615	ERR029314	JPN	Japan	1995	1995-01-01	1995-12-31	1995			year	False	PRJEB2274	assembly_metadata	current_2406_archive	historical_tree_anchor	focal_genome_observation	True	archive_analysis_genome	True	False	True			ptxP3/fim3-1	provisional_marker_or_published_annotation	Branch_IIb	ptxP3/fim3-1		ptxP3	fim3-1	MS	False	1	2026-07-24	Legacy PRN endpoints ignored; record retained only for genome/date/project/marker metadata.		3782368	68	577	11701	ok	Asia	local_fasta	1995.0	ptxP3/fim3-1	1995_1999	8192982031d615d32c9b64192ddec13fea5adb8b22e29c7259f278bcd4b7b48d	historical_stratified_anchor_cap3_cell_cap90_country	focal	
JPN::SAMEA751490	SAMEA751490	SAMEA751490	GCA_001333575	ERR029317	JPN	Japan	2001	2001-01-01	2001-12-31	2001			year	False	PRJEB2274	assembly_metadata	current_2406_archive	historical_tree_anchor	focal_genome_observation	True	archive_analysis_genome	True	False	True				provisional_marker_or_published_annotation							False	1	2026-07-24	Legacy PRN endpoints ignored; record retained only for genome/date/project/marker metadata.		3640484	67.5	1228	5417	ok	Asia	local_fasta	2001.0	UNKNOWN_LINEAGE	2000_2004	8214b0c3ae350a3461545c3faed71dec67b8a6ada52a2c182b68ad2b651c5207	historical_stratified_anchor_cap3_cell_cap90_country	focal	
JPN::SAMEA41227918	SAMEA41227918	SAMEA41227918		ERR1775190	JPN	Japan	2005	2005-01-01	2005-12-31	2005			year	False	PRJEB18624	ena_study_accession	japan_targeted_ena_projects	historical_tree_anchor	focal_genome_observation	True	public_raw_reads_pending_uniform_qc	True	False	True			ptxP3/fim3-1	pending_new_phylogeny	Branch_IIb	ptxP3/fim3-1		ptxP3	fim3-1	23S_rRNA_1	False	1	2026-07-24	Targeted Japanese historical or recent public project.							Asia	ena_fastq_download	2005.0	ptxP3/fim3-1	2005_2009	845ce183fea4451303a9f3e9b4d36cdae0c453024326cfd90d191b749c47fce8	historical_stratified_anchor_cap3_cell_cap90_country	focal	
FRA::SAMEA751409	SAMEA751409	SAMEA751409	GCA_001332715	ERR028842	FRA	France	2002	2002-01-01	2002-12-31	2002			year	False	PRJEB2274	assembly_metadata	current_2406_archive	historical_tree_anchor	focal_genome_observation	True	archive_analysis_genome	True	False	True			ptxP1/fim3-4	provisional_marker_or_published_annotation	Branch_IIb	others		ptxP1	fim3-4	MS	False	1	2026-07-24	Legacy PRN endpoints ignored; record retained only for genome/date/project/marker metadata.		3781565	68	598	11091	ok	Europe	local_fasta	2002.0	ptxP1/fim3-4	2000_2004	8574926d70fc6d5a6899ce16cd61a57b860a12009411ab7f8c51d2d019fa5bdd	historical_stratified_anchor_cap3_cell_cap90_country	focal	
FRA::SAMEA751415	SAMEA751415	SAMEA751415	GCA_001332735	ERR028835	FRA	France	2005	2005-01-01	2005-12-31	2005			year	False	PRJEB2274	assembly_metadata	current_2406_archive	historical_tree_anchor	focal_genome_observation	True	archive_analysis_genome	True	False	True			ptxP3/fim3-1	provisional_marker_or_published_annotation	Branch_IIb	ptxP3/fim3-1		ptxP3	fim3-1	MS	False	1	2026-07-24	Legacy PRN endpoints ignored; record retained only for genome/date/project/marker metadata.		3764283	68	734	9009	ok	Europe	local_fasta	2005.0	ptxP3/fim3-1	2005_2009	8766dc1fe633afad44a902642a8b1088d55f6792764d836e91636a4b357fcd28	historical_stratified_anchor_cap3_cell_cap90_country	focal	
JPN::SAMEA751448	SAMEA751448	SAMEA751448	GCA_001194565	ERR029312	JPN	Japan	1991	1991-01-01	1991-12-31	1991			year	False	PRJEB2274	assembly_metadata	current_2406_archive	historical_tree_anchor	focal_genome_observation	True	archive_analysis_genome	True	False	True				provisional_marker_or_published_annotation							False	1	2026-07-24	Legacy PRN endpoints ignored; record retained only for genome/date/project/marker metadata.		3802568	68	285	20593	ok	Asia	local_fasta	1991.0	UNKNOWN_LINEAGE	1990_1994	8a45ee8b0b6f69a372932babf45bfa91eba1f93ccf65362ded93cd46b3d44b8c	historical_stratified_anchor_cap3_cell_cap90_country	focal	
FRA::SAMEA4700352	SAMEA4700352	SAMEA4700352	GCA_900492145		FRA	France	2014	2014-01-01	2014-12-31	2014			year	False	PRJEB27048	assembly_metadata	current_2406_archive	historical_tree_anchor	focal_genome_observation	True	archive_analysis_genome	True	False	True			ptxP3/fim3-1	provisional_marker_or_published_annotation	Branch_IIb	ptxP3/fim3-1		ptxP3	fim3-1	MS	False	1	2026-07-24	Legacy PRN endpoints ignored; record retained only for genome/date/project/marker metadata.		4108173	67.5	1	4108173	ok	Europe	local_fasta	2014.0	ptxP3/fim3-1	2010_2014	8efd929a27ab713e9ef6a0be603082080aeb2aa02ae80be4c51532e17dc0070f	historical_stratified_anchor_cap3_cell_cap90_country	focal	
JPN::SAMD00549631	DRS259968	SAMD00549631	RRASM_DRR413419	DRR413419	JPN	Japan		2016-01-01	2016-12-31	2016			year	False	PRJDB7578	study_accession	current_2406_archive	historical_tree_anchor	focal_genome_observation	True	archive_analysis_genome	True	False	True			ptxP1/fim3-1	provisional_marker_or_published_annotation	Branch_IIb	ptxP1/fim3-1		ptxP1	fim3-1	MS	False	1	2026-07-24	Legacy PRN endpoints ignored; record retained only for genome/date/project/marker metadata.		3862612	67.82	326	20982	ok	Asia	local_fasta	2016.0	ptxP1/fim3-1	2015_2019	98126764386d09c6714dcb84e2b987a294a5738b9fce2643c56f2b4a3bf61648	historical_stratified_anchor_cap3_cell_cap90_country	focal	
BEL::SAMEA117989221	SAMEA117989221	SAMEA117989221		ERR14837617	BEL	Belgium	2015-05-04	2015-05-04	2015-05-04	2015	5	2	day	True	PRJEB88325	ena_study_accession	targeted_belgium_france_public_inventory	historical_tree_anchor	focal_genome_observation	True	public_raw_reads_pending_uniform_qc	True	True	True			others	pending_new_phylogeny	Branch_IIb	others		ptxP1	fim3-4	23S_rRNA_1	False	1	2026-07-24	project_member_414_of_416_linked_identity_not_in_ENA_fields							Europe	ena_fastq_download	2015.0	others	2015_2019	9a5dd8deb75302551c6a543ec765de83d2c62b5ffb032a30cb49c9b3af22fe1d	historical_stratified_anchor_cap3_cell_cap90_country	focal	
JPN::SAMEA751486	SAMEA751486	SAMEA751486	GCA_001333535	ERR029323	JPN	Japan	2004	2004-01-01	2004-12-31	2004			year	False	PRJEB2274	assembly_metadata	current_2406_archive	historical_tree_anchor	focal_genome_observation	True	archive_analysis_genome	True	False	True				provisional_marker_or_published_annotation							False	1	2026-07-24	Legacy PRN endpoints ignored; record retained only for genome/date/project/marker metadata.		3745851	67.5	784	8154	ok	Asia	local_fasta	2004.0	UNKNOWN_LINEAGE	2000_2004	9ba3b4dfe64756ace689309d50ed90ba955b8fc81370d057f5f3c253722100e5	historical_stratified_anchor_cap3_cell_cap90_country	focal	
JPN::SAMEA751447	SAMEA751447	SAMEA751447	GCA_001333055	ERR029313	JPN	Japan	1991	1991-01-01	1991-12-31	1991			year	False	PRJEB2274	assembly_metadata	current_2406_archive	historical_tree_anchor	focal_genome_observation	True	archive_analysis_genome	True	False	True				provisional_marker_or_published_annotation							False	1	2026-07-24	Legacy PRN endpoints ignored; record retained only for genome/date/project/marker metadata.		3695710	67.5	946	6960	ok	Asia	local_fasta	1991.0	UNKNOWN_LINEAGE	1990_1994	a46f7e2bb9f37241370f3219781cfd7bdd0da97b6a27ffba6b561df1df291a57	historical_stratified_anchor_cap3_cell_cap90_country	focal	
FRA::SAMEA751353	SAMEA751353	SAMEA751353	GCA_001193835	ERR028834	FRA	France	1993	1993-01-01	1993-12-31	1993			year	False	PRJEB2274	assembly_metadata	current_2406_archive	historical_tree_anchor	focal_genome_observation	True	archive_analysis_genome	True	False	True				provisional_marker_or_published_annotation							False	1	2026-07-24	Legacy PRN endpoints ignored; record retained only for genome/date/project/marker metadata.		3708325	68	901	7448	ok	Europe	local_fasta	1993.0	UNKNOWN_LINEAGE	1990_1994	aa8c0a27c972de8e93a7083cc661e041c0fffb630e763bf63c361f0f95fc968a	historical_stratified_anchor_cap3_cell_cap90_country	focal	
JPN::SAMEA751487	SAMEA751487	SAMEA751487	GCA_001201595	ERR029320	JPN	Japan	2002	2002-01-01	2002-12-31	2002			year	False	PRJEB2274	assembly_metadata	current_2406_archive	historical_tree_anchor	focal_genome_observation	True	archive_analysis_genome	True	False	True				provisional_marker_or_published_annotation							False	1	2026-07-24	Legacy PRN endpoints ignored; record retained only for genome/date/project/marker metadata.		3617186	67.5	1387	4795	ok	Asia	local_fasta	2002.0	UNKNOWN_LINEAGE	2000_2004	abb57e54e9096489d31c1fe4ef27e41badf345648ff8499ef14de206dc58f1e7	historical_stratified_anchor_cap3_cell_cap90_country	focal	
JPN::SAMD00872997	DRS442920	SAMD00872997	RRASM_DRR631450	DRR631450	JPN	Japan		2019-01-01	2019-12-31	2019			year	False	PRJDB7578	study_accession	current_2406_archive	historical_tree_anchor	focal_genome_observation	True	archive_analysis_genome	True	False	True				provisional_marker_or_published_annotation							False	1	2026-07-24	Legacy PRN endpoints ignored; record retained only for genome/date/project/marker metadata.		3861991	67.82	333	22500	ok	Asia	local_fasta	2019.0	UNKNOWN_LINEAGE	2015_2019	b4c8a0b7d748b273c56cb022c6a69cf4672f24255d82c01ac112cd9e7f241b81	historical_stratified_anchor_cap3_cell_cap90_country	focal	
JPN::SAMD00328188	DRS190007	SAMD00328188	RRASM_DRR300240	DRR300240	JPN	Japan		2010-01-01	2010-12-31	2010			year	False	PRJDB7578	study_accession	current_2406_archive	historical_tree_anchor	focal_genome_observation	True	archive_analysis_genome	True	False	True			ptxP3/fim3-1	provisional_marker_or_published_annotation	Branch_IIb	ptxP3/fim3-1		ptxP3	fim3-1	MS	False	1	2026-07-24	Legacy PRN endpoints ignored; record retained only for genome/date/project/marker metadata.		3863161	67.82	324	20982	ok	Asia	local_fasta	2010.0	ptxP3/fim3-1	2010_2014	b550d4382d31da4605ccd8bcb516d1a33cb7b83b5c2c16f4393698e8af140741	historical_stratified_anchor_cap3_cell_cap90_country	focal	
JPN::SAMEA751451	SAMEA751451	SAMEA751451	GCA_001207095	ERR029311	JPN	Japan	1988	1988-01-01	1988-12-31	1988			year	False	PRJEB2274	assembly_metadata	current_2406_archive	historical_tree_anchor	focal_genome_observation	True	archive_analysis_genome	True	False	True				provisional_marker_or_published_annotation							False	1	2026-07-24	Legacy PRN endpoints ignored; record retained only for genome/date/project/marker metadata.		3752182	68	708	9242	ok	Asia	local_fasta	1988.0	UNKNOWN_LINEAGE	1985_1989	b88b239edcd16eb66bd8675443e4524c94d879aaf7bdcc901b7e41459090c89f	historical_stratified_anchor_cap3_cell_cap90_country	focal	
FRA::SAMEA751417	SAMEA751417	SAMEA751417	GCA_001196575	ERR028836	FRA	France	2007	2007-01-01	2007-12-31	2007			year	False	PRJEB2274	assembly_metadata	current_2406_archive	historical_tree_anchor	focal_genome_observation	True	archive_analysis_genome	True	False	True			ptxP3/fim3-1	provisional_marker_or_published_annotation	Branch_IIb	ptxP3/fim3-1		ptxP3	fim3-1	MS	False	1	2026-07-24	Legacy PRN endpoints ignored; record retained only for genome/date/project/marker metadata.		3734233	67.5	884	7555	ok	Europe	local_fasta	2007.0	ptxP3/fim3-1	2005_2009	c0c28bf9abe7df17d41ae89ac013273606594316e1388281a31e845a25115ef4	historical_stratified_anchor_cap3_cell_cap90_country	focal	
JPN::SAMD00549575	SAMD00549575	SAMD00549575	GCA_026001265	DRR445791	JPN	Japan	2018	2018-01-01	2018-12-31	2018			year	False	PRJDB7578	assembly_metadata	current_2406_archive	historical_tree_anchor	focal_genome_observation	True	archive_analysis_genome	True	False	True			ptxP1/fim3-1	provisional_marker_or_published_annotation	Branch_IIb	ptxP1/fim3-1		ptxP1	fim3-1	MS	False	1	2026-07-24	Legacy PRN endpoints ignored; record retained only for genome/date/project/marker metadata.		4132330	67.5	1	4132330	ok	Asia	local_fasta	2018.0	ptxP1/fim3-1	2015_2019	c5923f27aa1f114e24b095b334d3ed8241c3f82319f7f74096c8741298af60a7	historical_stratified_anchor_cap3_cell_cap90_country	focal	
BEL::SAMEA117989434	SAMEA117989434	SAMEA117989434		ERR14837830	BEL	Belgium	2018-12-12	2018-12-12	2018-12-12	2018	12	4	day	True	PRJEB88325	ena_study_accession	targeted_belgium_france_public_inventory	historical_tree_anchor	focal_genome_observation	True	public_raw_reads_pending_uniform_qc	True	True	True			United States Sublineage 1	pending_new_phylogeny	Branch_IIb	ptxP3/fim3-1	United States Sublineage 1	ptxP3	fim3-1	23S_rRNA_1	False	1	2026-07-24	project_member_414_of_416_linked_identity_not_in_ENA_fields							Europe	ena_fastq_download	2018.0	United States Sublineage 1	2015_2019	c6e755d3cdd05cc414c83417d362ad170bec0c67a413cb82e12fe15ddb648531	historical_stratified_anchor_cap3_cell_cap90_country	focal	
JPN::SAMD00570793	DRS273939	SAMD00570793	RRASM_DRR428469	DRR428469	JPN	Japan		2004-01-01	2004-12-31	2004			year	False	PRJDB7578	study_accession	current_2406_archive	historical_tree_anchor	focal_genome_observation	True	archive_analysis_genome	True	False	True			ptxP3/fim3-1	provisional_marker_or_published_annotation	Branch_IIb	ptxP3/fim3-1		ptxP3	fim3-1	MS	False	1	2026-07-24	Legacy PRN endpoints ignored; record retained only for genome/date/project/marker metadata.		3867708	67.81	351	21207	ok	Asia	local_fasta	2004.0	ptxP3/fim3-1	2000_2004	c83340024e88b3ebfb06edc98d5d8a302830ac719fa1b2a53ee22cc597b89f47	historical_stratified_anchor_cap3_cell_cap90_country	focal	
JPN::SAMN03249374	SAMN03249374	SAMN03249374	GCA_001605295	SRR3205793;SRR3441722;SRR3441723;SRR3441724	JPN	Japan	1954	1954-01-01	1954-12-31	1954			year	False	PRJNA266616	assembly_metadata	current_2406_archive	historical_tree_anchor	focal_genome_observation	True	archive_analysis_genome	True	False	True			ptxP1	provisional_marker_or_published_annotation				ptxP1		MS	False	1	2026-07-24	Legacy PRN endpoints ignored; record retained only for genome/date/project/marker metadata.		4102978	67.5	1	4102978	ok	Asia	local_fasta	1954.0	ptxP1	1950_1954	d057d72f63132c73a054643d289b60d27e5dff78ac9df41a1c4633ddb3dcc50c	historical_stratified_anchor_cap3_cell_cap90_country	focal	
JPN::SAMEA751126	SAMEA751126	SAMEA751126	GCA_001202375	ERR029325	JPN	Japan	2007	2007-01-01	2007-12-31	2007			year	False	PRJEB2274	assembly_metadata	current_2406_archive	historical_tree_anchor	focal_genome_observation	True	archive_analysis_genome	True	False	True				provisional_marker_or_published_annotation							False	1	2026-07-24	Legacy PRN endpoints ignored; record retained only for genome/date/project/marker metadata.		3793936	68	683	9424	ok	Asia	local_fasta	2007.0	UNKNOWN_LINEAGE	2005_2009	d989ccd32ced75fd336bcc490a0719f12b3ae4f87de84d8addcbea556f592024	historical_stratified_anchor_cap3_cell_cap90_country	focal	
JPN::SAMEA41218168	SAMEA41218168	SAMEA41218168		ERR1775177	JPN	Japan	2003	2003-01-01	2003-12-31	2003			year	False	PRJEB18624	ena_study_accession	japan_targeted_ena_projects	historical_tree_anchor	focal_genome_observation	True	public_raw_reads_pending_uniform_qc	True	False	True			others	pending_new_phylogeny	Branch_IIb	others		ptxP8	fim3-1	23S_rRNA_1	False	1	2026-07-24	Targeted Japanese historical or recent public project.							Asia	ena_fastq_download	2003.0	others	2000_2004	d9a66776ce18914647efba3769c84441bb50297eab5b768e1d98e7318764208e	historical_stratified_anchor_cap3_cell_cap90_country	focal	
FRA::SAMEA751411	SAMEA751411	SAMEA751411	GCA_001206935	ERR028843	FRA	France	2004	2004-01-01	2004-12-31	2004			year	False	PRJEB2274	assembly_metadata	current_2406_archive	historical_tree_anchor	focal_genome_observation	True	archive_analysis_genome	True	False	True				provisional_marker_or_published_annotation							False	1	2026-07-24	Legacy PRN endpoints ignored; record retained only for genome/date/project/marker metadata.		3788220	68	585	11516	ok	Europe	local_fasta	2004.0	UNKNOWN_LINEAGE	2000_2004	dc0376b7feed6604a31723150649d60e8a392042b6b3e92c9e72f00b91410d9b	historical_stratified_anchor_cap3_cell_cap90_country	focal	
JPN::SAMEA751492	SAMEA751492	SAMEA751492	GCA_001333595	ERR029306	JPN	Japan	1999	1999-01-01	1999-12-31	1999			year	False	PRJEB2274	assembly_metadata	current_2406_archive	historical_tree_anchor	focal_genome_observation	True	archive_analysis_genome	True	False	True				provisional_marker_or_published_annotation							False	1	2026-07-24	Legacy PRN endpoints ignored; record retained only for genome/date/project/marker metadata.		3700709	67.5	977	6844	ok	Asia	local_fasta	1999.0	UNKNOWN_LINEAGE	1995_1999	e8b0931f57693e7ee53e969adadcfaa6b50b37cc5ce4a566c92268e66235aa70	historical_stratified_anchor_cap3_cell_cap90_country	focal	
JPN::SAMEA41271418	SAMEA41271418	SAMEA41271418		ERR1775248	JPN	Japan	2014	2014-01-01	2014-12-31	2014			year	False	PRJEB18624	ena_study_accession	japan_targeted_ena_projects	historical_tree_anchor	focal_genome_observation	True	public_raw_reads_pending_uniform_qc	True	False	True			ptxP3/fim3-2	pending_new_phylogeny	Branch_IIb	ptxP3/fim3-2		ptxP3	fim3-2	23S_rRNA_1	False	1	2026-07-24	Targeted Japanese historical or recent public project.							Asia	ena_fastq_download	2014.0	ptxP3/fim3-2	2010_2014	f0a3404079cc51c0f3530f7222ae9fe7edaa522edf240cb6b64db4327d7c0479	historical_stratified_anchor_cap3_cell_cap90_country	focal	
JPN::SAMD00328237	SAMD00328237	SAMD00328237	GCA_019974435	DRR300236	JPN	Japan	2018	2018-01-01	2018-12-31	2018			year	False	PRJDB7578	assembly_metadata	current_2406_archive	historical_tree_anchor	focal_genome_observation	True	archive_analysis_genome	True	False	True			ptxP1/fim3-1	provisional_marker_or_published_annotation	Branch_IIb	ptxP1/fim3-1		ptxP1	fim3-1	MS	False	1	2026-07-24	Legacy PRN endpoints ignored; record retained only for genome/date/project/marker metadata.		4130169	67.5	1	4130169	ok	Asia	local_fasta	2018.0	ptxP1/fim3-1	2015_2019	f15e2aa3024e3f3d82ae0b239f718672c8d761fcfd5343e1e558ca28f8b56c48	historical_stratified_anchor_cap3_cell_cap90_country	focal	
BEL::SAMEA117989214	SAMEA117989214	SAMEA117989214		ERR14837610	BEL	Belgium	2014-12-20	2014-12-20	2014-12-20	2014	12	4	day	True	PRJEB88325	ena_study_accession	targeted_belgium_france_public_inventory	historical_tree_anchor	focal_genome_observation	True	public_raw_reads_pending_uniform_qc	True	True	True			ptxP3/fim3-2	pending_new_phylogeny	Branch_IIb	ptxP3/fim3-2		ptxP3	fim3-2	23S_rRNA_1	False	1	2026-07-24	project_member_414_of_416_linked_identity_not_in_ENA_fields							Europe	ena_fastq_download	2014.0	ptxP3/fim3-2	2010_2014	f2e67a23bc8f59c6fa4741437b45d4576dc6f7baa380ed03276529a8411f9165	historical_stratified_anchor_cap3_cell_cap90_country	focal	
JPN::SAMD00328201	DRS190020	SAMD00328201	RRASM_DRR300253	DRR300253	JPN	Japan		2012-01-01	2012-12-31	2012			year	False	PRJDB7578	study_accession	current_2406_archive	historical_tree_anchor	focal_genome_observation	True	archive_analysis_genome	True	False	True			ptxP3/fim3-1	provisional_marker_or_published_annotation	Branch_IIb	ptxP3/fim3-1		ptxP3	fim3-1	MS	False	1	2026-07-24	Legacy PRN endpoints ignored; record retained only for genome/date/project/marker metadata.		3864500	67.82	333	22500	ok	Asia	local_fasta	2012.0	ptxP3/fim3-1	2010_2014	f4379a82cbd73b4f3dfcd6a6a8b43fa81391abd58a5f15d59e6d9aefd8b19261	historical_stratified_anchor_cap3_cell_cap90_country	focal	
JPN::SAMEA41249668	SAMEA41249668	SAMEA41249668	RRASM_ERR1775219	ERR1775219	JPN	Japan	1994	1994-01-01	1994-12-31	1994			year	False	PRJEB18624	ena_study_accession	japan_targeted_ena_projects;current_2406_archive	historical_tree_anchor	focal_genome_observation	True	public_raw_reads_pending_uniform_qc	True	False	True			ptxP3/fim3-1	pending_new_phylogeny	Branch_IIb	ptxP3/fim3-1		ptxP3	fim3-1	23S_rRNA_1	False	2	2026-07-24	Targeted Japanese historical or recent public project. | Legacy PRN endpoints ignored; record retained only for genome/date/project/marker metadata.		3847299	67.85	384	20274	ok	Asia	local_fasta	1994.0	ptxP3/fim3-1	1990_1994	f5950d565484c6b28621693cf8e60bbc06dfe41bce2a32af766fe65a1b57f640	historical_stratified_anchor_cap3_cell_cap90_country	focal	
AUS::SAMEA1931346	SAMEA1931346	SAMEA1931346	GCA_001331015	ERR361845	AUS	Australia	2002	2002-01-01	2002-12-31	2002			year	False	PRJEB2274	assembly_metadata	current_2406_archive	historical_tree_anchor	focal_genome_observation	True	archive_analysis_genome	True	False	True			ptxP1/fim3-1	provisional_marker_or_published_annotation	Branch_IIb	ptxP1/fim3-1		ptxP1	fim3-1	MS	False	1	2026-07-24	Legacy PRN endpoints ignored; record retained only for genome/date/project/marker metadata.		3689049	67.5	979	6659	ok	Oceania	local_fasta	2002.0	ptxP1/fim3-1	2002	53eb60f1326ab8212b6fb0af3a4829af8e06edfa995ce0a52d4ecbf34c8173ca	historical_all_available_gate_rescue	focal	
AUS::SAMEA1931507	SAMEA1931507	SAMEA1931507	GCA_001201635	ERR361847	AUS	Australia	1978	1978-01-01	1978-12-31	1978			year	False	PRJEB2274	assembly_metadata	current_2406_archive	historical_tree_anchor	focal_genome_observation	True	archive_analysis_genome	True	False	True			ptxP1/fim3-1	provisional_marker_or_published_annotation	Branch_IIb	ptxP1/fim3-1		ptxP1	fim3-1	MS	False	1	2026-07-24	Legacy PRN endpoints ignored; record retained only for genome/date/project/marker metadata.		3737227	67.5	894	7650	ok	Oceania	local_fasta	1978.0	ptxP1/fim3-1	1978	8b4de0c99102eed90780980cb95d25634de34987b667126f0eed9b022529c64b	historical_all_available_gate_rescue	focal	
CHN::SAMEA1931536	SAMEA1931536	SAMEA1931536	GCA_001206335	ERR361821	CHN	China	1957	1957-01-01	1957-12-31	1957			year	False	PRJEB2274	assembly_metadata	current_2406_archive	historical_tree_anchor	focal_genome_observation	True	archive_analysis_genome	True	False	True			ptxP1/fim3-1	provisional_marker_or_published_annotation	Branch_IIb	ptxP1/fim3-1		ptxP1	fim3-1	MS	False	1	2026-07-24	Legacy PRN endpoints ignored; record retained only for genome/date/project/marker metadata.		3728595	67.5	1044	6215	ok	Asia	local_fasta	1957.0	ptxP1/fim3-1	1957	800ee0ade150f910272b92895596130e4796cb1a18d30a79f38de65818bc0b4c	historical_all_available_gate_rescue	focal	
AUS::SAMEA1931801	SAMEA1931801	SAMEA1931801	GCA_001205335	ERR361854	AUS	Australia	1998	1998-01-01	1998-12-31	1998			year	False	PRJEB2274	assembly_metadata	current_2406_archive	historical_tree_anchor	focal_genome_observation	True	archive_analysis_genome	True	False	True				provisional_marker_or_published_annotation							False	1	2026-07-24	Legacy PRN endpoints ignored; record retained only for genome/date/project/marker metadata.		3685166	67.5	1123	6164	ok	Oceania	local_fasta	1998.0	UNKNOWN_LINEAGE	1998	5afe839a6da2062b87d35cf96bd0a33bc943c4be7c5dbd63e29d4fa1bc0305b5	historical_all_available_gate_rescue	focal	
AUS::SAMEA751155	SAMEA751155	SAMEA751155	GCA_001331635	ERR028882	AUS	Australia	2000	2000-01-01	2000-12-31	2000			year	False	PRJEB2274	assembly_metadata	current_2406_archive	historical_tree_anchor	focal_genome_observation	True	archive_analysis_genome	True	False	True			ptxP1/fim3-1	provisional_marker_or_published_annotation	Branch_IIb	ptxP1/fim3-1		ptxP1	fim3-1	MS	False	1	2026-07-24	Legacy PRN endpoints ignored; record retained only for genome/date/project/marker metadata.		3824464	68	475	13810	ok	Oceania	local_fasta	2000.0	ptxP1/fim3-1	2000	1c3aedd47ee8479edd7a59a2728050312d9fad28867633f6663c701856b056ea	historical_all_available_gate_rescue	focal	
AUS::SAMEA751167	SAMEA751167	SAMEA751167	GCA_001331755	ERR028883	AUS	Australia	1900/2014	2014-01-01	2014-12-31	2014			year	False	PRJEB2274	assembly_metadata	current_2406_archive	focal_model_observation	focal_genome_observation	True	archive_analysis_genome	True	False	True				provisional_marker_or_published_annotation							False	1	2026-07-24	Legacy PRN endpoints ignored; record retained only for genome/date/project/marker metadata.		3696754	67.5	1017	6316	ok	Oceania	local_fasta	2014.0	UNKNOWN_LINEAGE	2014	b742f424d99e87ecbce4fd5c5a2656067f6f27463c9330cb82d153880b5aa70d	historical_all_available_gate_rescue	focal	
CHN::SAMEA751175	SAMEA751175	SAMEA751175	GCA_001331855	ERR031091	CHN	China	1957	1957-01-01	1957-12-31	1957			year	False	PRJEB2274	assembly_metadata	current_2406_archive	historical_tree_anchor	focal_genome_observation	True	archive_analysis_genome	True	False	True				provisional_marker_or_published_annotation							False	1	2026-07-24	Legacy PRN endpoints ignored; record retained only for genome/date/project/marker metadata.		3719672	67.5	1229	5613	ok	Asia	local_fasta	1957.0	UNKNOWN_LINEAGE	1957	b398eee865aae9bece9fce9a4fa6176006e9fe142414ce4501ef0f1a491289bc	historical_all_available_gate_rescue	focal	
AUS::SAMEA751183	SAMEA751183	SAMEA751183	GCA_001206895	ERR028880	AUS	Australia	1995	1995-01-01	1995-12-31	1995			year	False	PRJEB2274	assembly_metadata	current_2406_archive	historical_tree_anchor	focal_genome_observation	True	archive_analysis_genome	True	False	True			ptxP1/fim3-1	provisional_marker_or_published_annotation	Branch_IIb	ptxP1/fim3-1		ptxP1	fim3-1	MS	False	1	2026-07-24	Legacy PRN endpoints ignored; record retained only for genome/date/project/marker metadata.		3821068	68	327	18351	ok	Oceania	local_fasta	1995.0	ptxP1/fim3-1	1995	3fc85cb1daba69f46d70531764be2328a0b53ab8109d9b297c3ecb7a682e077d	historical_all_available_gate_rescue	focal	
AUS::SAMEA751337	SAMEA751337	SAMEA751337	GCA_001198195	ERR028881	AUS	Australia	1998	1998-01-01	1998-12-31	1998			year	False	PRJEB2274	assembly_metadata	current_2406_archive	historical_tree_anchor	focal_genome_observation	True	archive_analysis_genome	True	False	True			ptxP1/fim3-1	provisional_marker_or_published_annotation	Branch_IIb	ptxP1/fim3-1		ptxP1	fim3-1	MS	False	1	2026-07-24	Legacy PRN endpoints ignored; record retained only for genome/date/project/marker metadata.		3805015	68	521	11986	ok	Oceania	local_fasta	1998.0	ptxP1/fim3-1	1998	8beaa7fd8617e65f1af5f32e6d65496451121bb9630eda6344b7fd524331ebbc	historical_all_available_gate_rescue	focal	
AUS::SAMEA751403	SAMEA751403	SAMEA751403	GCA_001204675		AUS	Australia	2000	2000-01-01	2000-12-31	2000			year	False	PRJEB2274	assembly_metadata	current_2406_archive	historical_tree_anchor	focal_genome_observation	True	archive_analysis_genome	True	False	True				provisional_marker_or_published_annotation							False	1	2026-07-24	Legacy PRN endpoints ignored; record retained only for genome/date/project/marker metadata.						ok	Oceania	local_fasta	2000.0	UNKNOWN_LINEAGE	2000	7fac9a8e269d8d31e2679015e1d5fbfd2c7cbf889fe6f2ffe91c6212404e92da	historical_all_available_gate_rescue	focal	
AUS::SAMEA751405	SAMEA751405	SAMEA751405	GCA_001203235	ERR028853	AUS	Australia	2000	2000-01-01	2000-12-31	2000			year	False	PRJEB2274	assembly_metadata	current_2406_archive	historical_tree_anchor	focal_genome_observation	True	archive_analysis_genome	True	False	True			ptxP1/fim3-1	provisional_marker_or_published_annotation	Branch_IIb	ptxP1/fim3-1		ptxP1	fim3-1	MS	False	1	2026-07-24	Legacy PRN endpoints ignored; record retained only for genome/date/project/marker metadata.		3754221	67.5	888	7498	ok	Oceania	local_fasta	2000.0	ptxP1/fim3-1	2000	75801fb0c4bc68b694972ad84d56a735113721ec3c6988d5bb295f5d87da084d	historical_all_available_gate_rescue	focal	
AUS::SAMEA751421	SAMEA751421	SAMEA751421	GCA_001198955		AUS	Australia	1998	1998-01-01	1998-12-31	1998			year	False	PRJEB2274	assembly_metadata	current_2406_archive	historical_tree_anchor	focal_genome_observation	True	archive_analysis_genome	True	False	True			ptxP1/fim3-1	provisional_marker_or_published_annotation	Branch_IIb	ptxP1/fim3-1		ptxP1	fim3-1	MS	False	1	2026-07-24	Legacy PRN endpoints ignored; record retained only for genome/date/project/marker metadata.						ok	Oceania	local_fasta	1998.0	ptxP1/fim3-1	1998	b2bafd26c5a47c5db80cd048fee4771b86a59f4e0dc0b98a9bdc6c5204ab6a84	historical_all_available_gate_rescue	focal	
AUS::SAMEA751459	SAMEA751459	SAMEA751459	GCA_001333175	ERR028875	AUS	Australia	2007	2007-01-01	2007-12-31	2007			year	False	PRJEB2274	assembly_metadata	current_2406_archive	historical_tree_anchor	focal_genome_observation	True	archive_analysis_genome	True	False	True			ptxP3/fim3-2	provisional_marker_or_published_annotation	Branch_IIb	ptxP3/fim3-2		ptxP3	fim3-2	MS	False	1	2026-07-24	Legacy PRN endpoints ignored; record retained only for genome/date/project/marker metadata.		3747458	67.5	887	7403	ok	Oceania	local_fasta	2007.0	ptxP3/fim3-2	2007	92bc0ef33ea29f74db579706a91c08af48bf6689b8bb72217343cb04d0d01d39	historical_all_available_gate_rescue	focal	
AUS::SAMEA751470	SAMEA751470	SAMEA751470	GCA_001203115	ERR028848	AUS	Australia	1997	1997-01-01	1997-12-31	1997			year	False	PRJEB2274	assembly_metadata	current_2406_archive	historical_tree_anchor	focal_genome_observation	True	archive_analysis_genome	True	False	True			ptxP1/fim3-1	provisional_marker_or_published_annotation	Branch_IIb	ptxP1/fim3-1		ptxP1	fim3-1	MS	False	1	2026-07-24	Legacy PRN endpoints ignored; record retained only for genome/date/project/marker metadata.		3773633	68	843	7642	ok	Oceania	local_fasta	1997.0	ptxP1/fim3-1	1997	595d4aa9a772d831d163860ee9c6a431d39aa0aeb8c89cd4062f7414ce2a2d70	historical_all_available_gate_rescue	focal	
AUS::SAMEA751471	SAMEA751471	SAMEA751471	GCA_001333355	ERR028847	AUS	Australia	2006	2006-01-01	2006-12-31	2006			year	False	PRJEB2274	assembly_metadata	current_2406_archive	historical_tree_anchor	focal_genome_observation	True	archive_analysis_genome	True	False	True			ptxP1/fim3-1	provisional_marker_or_published_annotation	Branch_IIb	ptxP1/fim3-1		ptxP1	fim3-1	MS	False	1	2026-07-24	Legacy PRN endpoints ignored; record retained only for genome/date/project/marker metadata.		3797312	68	672	9735	ok	Oceania	local_fasta	2006.0	ptxP1/fim3-1	2006	2d7047679ab662ed6495a5b1a0a6afdef100dc02b5e08543e1289f448a39bfa9	historical_all_available_gate_rescue	focal	
AUS::SAMEA751472	SAMEA751472	SAMEA751472	GCA_001195265	ERR028859	AUS	Australia	1995	1995-01-01	1995-12-31	1995			year	False	PRJEB2274	assembly_metadata	current_2406_archive	historical_tree_anchor	focal_genome_observation	True	archive_analysis_genome	True	False	True			ptxP1/fim3-1	provisional_marker_or_published_annotation	Branch_IIb	ptxP1/fim3-1		ptxP1	fim3-1	MS	False	1	2026-07-24	Legacy PRN endpoints ignored; record retained only for genome/date/project/marker metadata.		3735631	67.5	951	6863	ok	Oceania	local_fasta	1995.0	ptxP1/fim3-1	1995	43eedd14dfefe9ebb848b059ae5688c44694ddace2a4e8baeb6c88739818414d	historical_all_available_gate_rescue	focal	
AUS::SAMEA751473	SAMEA751473	SAMEA751473	GCA_001333375	ERR028849	AUS	Australia	1995	1995-01-01	1995-12-31	1995			year	False	PRJEB2274	assembly_metadata	current_2406_archive	historical_tree_anchor	focal_genome_observation	True	archive_analysis_genome	True	False	True				provisional_marker_or_published_annotation							False	1	2026-07-24	Legacy PRN endpoints ignored; record retained only for genome/date/project/marker metadata.		3719724	67.5	1053	6347	ok	Oceania	local_fasta	1995.0	UNKNOWN_LINEAGE	1995	7bfc46724a8b9819d76310fd0905ee553688b8581bf53b3b1eb2e52a787f8dfd	historical_all_available_gate_rescue	focal	
AUS::SAMEA751474	SAMEA751474	SAMEA751474	GCA_001333395	ERR028855	AUS	Australia	2002	2002-01-01	2002-12-31	2002			year	False	PRJEB2274	assembly_metadata	current_2406_archive	historical_tree_anchor	focal_genome_observation	True	archive_analysis_genome	True	False	True			ptxP1/fim3-1	provisional_marker_or_published_annotation	Branch_IIb	ptxP1/fim3-1		ptxP1	fim3-1	MS	False	1	2026-07-24	Legacy PRN endpoints ignored; record retained only for genome/date/project/marker metadata.		3809463	68	550	11521	ok	Oceania	local_fasta	2002.0	ptxP1/fim3-1	2002	c5738bfd3b59f969c438bf935f106971c80757fa6182394d6cccdacb4f5ab8e5	historical_all_available_gate_rescue	focal	
AUS::SAMEA751475	SAMEA751475	SAMEA751475	GCA_001198375	ERR028854	AUS	Australia	2000	2000-01-01	2000-12-31	2000			year	False	PRJEB2274	assembly_metadata	current_2406_archive	historical_tree_anchor	focal_genome_observation	True	archive_analysis_genome	True	False	True				provisional_marker_or_published_annotation							False	1	2026-07-24	Legacy PRN endpoints ignored; record retained only for genome/date/project/marker metadata.		3829485	68	348	17525	ok	Oceania	local_fasta	2000.0	UNKNOWN_LINEAGE	2000	82313172ac6b5822c7d453015b831784a2d7b6ece08f51d5163a3212d67b8dc3	historical_all_available_gate_rescue	focal	
AUS::SAMEA751476	SAMEA751476	SAMEA751476	GCA_900067715	ERR028857	AUS	Australia	2004	2004-01-01	2004-12-31	2004			year	False	PRJEB2274	assembly_metadata	current_2406_archive	historical_tree_anchor	focal_genome_observation	True	archive_analysis_genome	True	False	True				provisional_marker_or_published_annotation							False	1	2026-07-24	Legacy PRN endpoints ignored; record retained only for genome/date/project/marker metadata.		3815679	68	525	12249	ok	Oceania	local_fasta	2004.0	UNKNOWN_LINEAGE	2004	432dca60c4e3a4985f883a61ff002995e659ebdcca0f47b2ce72195c8ee5448c	historical_all_available_gate_rescue	focal	
AUS::SAMEA751477	SAMEA751477	SAMEA751477	GCA_001196975	ERR028856	AUS	Australia	2004	2004-01-01	2004-12-31	2004			year	False	PRJEB2274	assembly_metadata	current_2406_archive	historical_tree_anchor	focal_genome_observation	True	archive_analysis_genome	True	False	True			ptxP1/fim3-1	provisional_marker_or_published_annotation	Branch_IIb	ptxP1/fim3-1		ptxP1	fim3-1	MS	False	1	2026-07-24	Legacy PRN endpoints ignored; record retained only for genome/date/project/marker metadata.		3816729	68	498	13077	ok	Oceania	local_fasta	2004.0	ptxP1/fim3-1	2004	ca747e0cb7e481e38d989c22052159cb1bf1e657a5fcfd55c33a151d9fcd54db	historical_all_available_gate_rescue	focal	
AUS::SAMEA751479	SAMEA751479	SAMEA751479	GCA_001333435	ERR028864	AUS	Australia	1989	1989-01-01	1989-12-31	1989			year	False	PRJEB2274	assembly_metadata	current_2406_archive	historical_tree_anchor	focal_genome_observation	True	archive_analysis_genome	True	False	True			ptxP1/fim3-1	provisional_marker_or_published_annotation	Branch_IIb	ptxP1/fim3-1		ptxP1	fim3-1	MS	False	1	2026-07-24	Legacy PRN endpoints ignored; record retained only for genome/date/project/marker metadata.		3747450	67.5	990	6435	ok	Oceania	local_fasta	1989.0	ptxP1/fim3-1	1989	6db5ede5923972131775ec0870efc678ebc751c472ecdd8a4e70ef4e5b080020	historical_all_available_gate_rescue	focal	
AUS::SAMEA751480	SAMEA751480	SAMEA751480	GCA_001333455	ERR028863	AUS	Australia	2007	2007-01-01	2007-12-31	2007			year	False	PRJEB2274	assembly_metadata	current_2406_archive	historical_tree_anchor	focal_genome_observation	True	archive_analysis_genome	True	False	True				provisional_marker_or_published_annotation							False	1	2026-07-24	Legacy PRN endpoints ignored; record retained only for genome/date/project/marker metadata.		3668219	67.5	1297	5148	ok	Oceania	local_fasta	2007.0	UNKNOWN_LINEAGE	2007	d20b316956549a7e53c46a5817ca41c38ae3d5f1ab12cabd719e0cc4966a8f7d	historical_all_available_gate_rescue	focal	
AUS::SAMEA751499	SAMEA751499	SAMEA751499	GCA_001333675	ERR028878	AUS	Australia	1982	1982-01-01	1982-12-31	1982			year	False	PRJEB2274	assembly_metadata	current_2406_archive	historical_tree_anchor	focal_genome_observation	True	archive_analysis_genome	True	False	True				provisional_marker_or_published_annotation							False	1	2026-07-24	Legacy PRN endpoints ignored; record retained only for genome/date/project/marker metadata.		3506744	67.5	1930	2985	ok	Oceania	local_fasta	1982.0	UNKNOWN_LINEAGE	1982	73e22af6c9d6a330578cc16912d8509651768d087d0b505087261611836fff51	historical_all_available_gate_rescue	focal	
AUS::SAMEA751500	SAMEA751500	SAMEA751500	GCA_001333695	ERR028879	AUS	Australia	1996	1996-01-01	1996-12-31	1996			year	False	PRJEB2274	assembly_metadata	current_2406_archive	historical_tree_anchor	focal_genome_observation	True	archive_analysis_genome	True	False	True				provisional_marker_or_published_annotation							False	1	2026-07-24	Legacy PRN endpoints ignored; record retained only for genome/date/project/marker metadata.		3790168	68	702	9373	ok	Oceania	local_fasta	1996.0	UNKNOWN_LINEAGE	1996	a149a9293208e2f8548f1840d6fcf17ec689dec64461452dcd278be4d7bee948	historical_all_available_gate_rescue	focal	
AUS::SAMEA751501	SAMEA751501	SAMEA751501	GCA_001333715		AUS	Australia	1989	1989-01-01	1989-12-31	1989			year	False	PRJEB2274	assembly_metadata	current_2406_archive	historical_tree_anchor	focal_genome_observation	True	archive_analysis_genome	True	False	True				provisional_marker_or_published_annotation							False	1	2026-07-24	Legacy PRN endpoints ignored; record retained only for genome/date/project/marker metadata.						ok	Oceania	local_fasta	1989.0	UNKNOWN_LINEAGE	1989	fc8255ef046402fd2cf78094c1ff53a13318c76b086e0a404a5d24c6c2f3eb22	historical_all_available_gate_rescue	focal	
AUS::SAMEA751502	SAMEA751502	SAMEA751502	GCA_001193855	ERR028877	AUS	Australia	1998	1998-01-01	1998-12-31	1998			year	False	PRJEB2274	assembly_metadata	current_2406_archive	historical_tree_anchor	focal_genome_observation	True	archive_analysis_genome	True	False	True				provisional_marker_or_published_annotation							False	1	2026-07-24	Legacy PRN endpoints ignored; record retained only for genome/date/project/marker metadata.		3737689	67.5	1046	6349	ok	Oceania	local_fasta	1998.0	UNKNOWN_LINEAGE	1998	74038c8e398e76cf50cf622e6b8fb0e6dd4c3f60ad04d7ba5d7df739e59cf662	historical_all_available_gate_rescue	focal	
AUS::SAMEA751506	SAMEA751506	SAMEA751506	GCA_001198715	ERR028873	AUS	Australia	2002	2002-01-01	2002-12-31	2002			year	False	PRJEB2274	assembly_metadata	current_2406_archive	historical_tree_anchor	focal_genome_observation	True	archive_analysis_genome	True	False	True			ptxP1/fim3-1	provisional_marker_or_published_annotation	Branch_IIb	ptxP1/fim3-1		ptxP1	fim3-1	MS	False	1	2026-07-24	Legacy PRN endpoints ignored; record retained only for genome/date/project/marker metadata.		3808135	68	581	11253	ok	Oceania	local_fasta	2002.0	ptxP1/fim3-1	2002	0672039d05d98b7af6c16656fafbf44d86722b7763989909acd0c1a28769a223	historical_all_available_gate_rescue	focal	
AUS::SAMEA751507	SAMEA751507	SAMEA751507	GCA_001208145	ERR028874	AUS	Australia	1900/2014	2014-01-01	2014-12-31	2014			year	False	PRJEB2274	assembly_metadata	current_2406_archive	focal_model_observation	focal_genome_observation	True	archive_analysis_genome	True	False	True			ptxP1/fim3-1	provisional_marker_or_published_annotation	Branch_IIb	ptxP1/fim3-1		ptxP1	fim3-1	MS	False	1	2026-07-24	Legacy PRN endpoints ignored; record retained only for genome/date/project/marker metadata.		3764606	68	866	7502	ok	Oceania	local_fasta	2014.0	ptxP1/fim3-1	2014	c46e789db2a9fd0eca79087bb8222fe57ba5023a5469f2163b5591454d79d64a	historical_all_available_gate_rescue	focal	
AUS::SAMEA751508	SAMEA751508	SAMEA751508	GCA_001210185	ERR028860	AUS	Australia	1971	1971-01-01	1971-12-31	1971			year	False	PRJEB2274	assembly_metadata	current_2406_archive	historical_tree_anchor	focal_genome_observation	True	archive_analysis_genome	True	False	True			ptxP1/fim3-1	provisional_marker_or_published_annotation	Branch_IIb	ptxP1/fim3-1		ptxP1	fim3-1	MS	False	1	2026-07-24	Legacy PRN endpoints ignored; record retained only for genome/date/project/marker metadata.		3822273	68	499	12537	ok	Oceania	local_fasta	1971.0	ptxP1/fim3-1	1971	60c8af96b355423ddb245d03d453d6fc878fdeb159e1d635c624b20dcd1fb69c	historical_all_available_gate_rescue	focal	
AUS::SAMEA751509	SAMEA751509	SAMEA751509	GCA_001193155	ERR028861	AUS	Australia	1971	1971-01-01	1971-12-31	1971			year	False	PRJEB2274	assembly_metadata	current_2406_archive	historical_tree_anchor	focal_genome_observation	True	archive_analysis_genome	True	False	True			ptxP1/fim3-1	provisional_marker_or_published_annotation	Branch_IIb	ptxP1/fim3-1		ptxP1	fim3-1	MS	False	1	2026-07-24	Legacy PRN endpoints ignored; record retained only for genome/date/project/marker metadata.		3789469	68	742	8426	ok	Oceania	local_fasta	1971.0	ptxP1/fim3-1	1971	444fede67df763b992ccfb8d03985bfb8038adb9ed8e8739c36468bbdeb267c5	historical_all_available_gate_rescue	focal	
AUS::SAMEA751510	SAMEA751510	SAMEA751510	GCA_001333775	ERR028869	AUS	Australia	1997	1997-01-01	1997-12-31	1997			year	False	PRJEB2274	assembly_metadata	current_2406_archive	historical_tree_anchor	focal_genome_observation	True	archive_analysis_genome	True	False	True				provisional_marker_or_published_annotation							False	1	2026-07-24	Legacy PRN endpoints ignored; record retained only for genome/date/project/marker metadata.		3780476	68	678	10124	ok	Oceania	local_fasta	1997.0	UNKNOWN_LINEAGE	1997	be41179b161ebd5b29fe65b38f0ac33286ff56dff82cec87ee8042d080b65432	historical_all_available_gate_rescue	focal	
AUS::SAMEA751511	SAMEA751511	SAMEA751511	GCA_001203935	ERR028870	AUS	Australia	1977	1977-01-01	1977-12-31	1977			year	False	PRJEB2274	assembly_metadata	current_2406_archive	historical_tree_anchor	focal_genome_observation	True	archive_analysis_genome	True	False	True			ptxP1/fim3-1	provisional_marker_or_published_annotation	Branch_IIb	ptxP1/fim3-1		ptxP1	fim3-1	MS	False	1	2026-07-24	Legacy PRN endpoints ignored; record retained only for genome/date/project/marker metadata.		3824566	68	406	15170	ok	Oceania	local_fasta	1977.0	ptxP1/fim3-1	1977	dda66723a3fee1d137a9367b5b7adac890bc09a9ceabf8f4a341be8a3d588748	historical_all_available_gate_rescue	focal	
AUS::SAMEA751512	SAMEA751512	SAMEA751512	GCA_001333795	ERR028867	AUS	Australia	1977	1977-01-01	1977-12-31	1977			year	False	PRJEB2274	assembly_metadata	current_2406_archive	historical_tree_anchor	focal_genome_observation	True	archive_analysis_genome	True	False	True			ptxP1/fim3-1	provisional_marker_or_published_annotation	Branch_IIb	ptxP1/fim3-1		ptxP1	fim3-1	MS	False	1	2026-07-24	Legacy PRN endpoints ignored; record retained only for genome/date/project/marker metadata.		3829345	68	342	18972	ok	Oceania	local_fasta	1977.0	ptxP1/fim3-1	1977	91071bb091db09d2e27ec4b22dd998f38b6de28ee3fa6c3b6913cfe2befe4592	historical_all_available_gate_rescue	focal	
AUS::SAMEA751513	SAMEA751513	SAMEA751513	GCA_001333815	ERR028868	AUS	Australia	1974	1974-01-01	1974-12-31	1974			year	False	PRJEB2274	assembly_metadata	current_2406_archive	historical_tree_anchor	focal_genome_observation	True	archive_analysis_genome	True	False	True			ptxP1/fim3-1	provisional_marker_or_published_annotation	Branch_IIb	ptxP1/fim3-1		ptxP1	fim3-1	MS	False	1	2026-07-24	Legacy PRN endpoints ignored; record retained only for genome/date/project/marker metadata.		3813177	68	546	12195	ok	Oceania	local_fasta	1974.0	ptxP1/fim3-1	1974	a26da15ae9590485da7df0b00180512ad70b8662ac0fd40ca4605d17e2ab2b9e	historical_all_available_gate_rescue	focal	
AUS::SAMEA751514	SAMEA751514	SAMEA751514	GCA_001212045	ERR028865	AUS	Australia	1989	1989-01-01	1989-12-31	1989			year	False	PRJEB2274	assembly_metadata	current_2406_archive	historical_tree_anchor	focal_genome_observation	True	archive_analysis_genome	True	False	True				provisional_marker_or_published_annotation							False	1	2026-07-24	Legacy PRN endpoints ignored; record retained only for genome/date/project/marker metadata.		3703096	67.5	1166	5749	ok	Oceania	local_fasta	1989.0	UNKNOWN_LINEAGE	1989	7efaca10897fff763f71d6eba1d45eb4c529d52b6c0fd4d5c00cff43ce6e63e0	historical_all_available_gate_rescue	focal	
AUS::SAMEA751515	SAMEA751515	SAMEA751515	GCA_001333835	ERR028866	AUS	Australia	1997	1997-01-01	1997-12-31	1997			year	False	PRJEB2274	assembly_metadata	current_2406_archive	historical_tree_anchor	focal_genome_observation	True	archive_analysis_genome	True	False	True			ptxP3/fim3-1	provisional_marker_or_published_annotation	Branch_IIb	ptxP3/fim3-1		ptxP3	fim3-1	MS	False	1	2026-07-24	Legacy PRN endpoints ignored; record retained only for genome/date/project/marker metadata.		3778516	68	698	9289	ok	Oceania	local_fasta	1997.0	ptxP3/fim3-1	1997	fb31c4288c24d0219406160a8c3dee05a39c16ab2068c13ae7e78ab731a47c0f	historical_all_available_gate_rescue	focal	
AUS::SAMEA751520	SAMEA751520	SAMEA751520	GCA_001333915	ERR028862	AUS	Australia	1989	1989-01-01	1989-12-31	1989			year	False	PRJEB2274	assembly_metadata	current_2406_archive	historical_tree_anchor	focal_genome_observation	True	archive_analysis_genome	True	False	True				provisional_marker_or_published_annotation							False	1	2026-07-24	Legacy PRN endpoints ignored; record retained only for genome/date/project/marker metadata.		3777130	68	806	8010	ok	Oceania	local_fasta	1989.0	UNKNOWN_LINEAGE	1989	904cc42b2c2c45b1aba4d20b9afb7a22ea3de85342c366c6c71bf40d6a74da14	historical_all_available_gate_rescue	focal	
AUS::SAMEA751521	SAMEA751521	SAMEA751521	GCA_001333935	ERR028872	AUS	Australia	1990	1990-01-01	1990-12-31	1990			year	False	PRJEB2274	assembly_metadata	current_2406_archive	historical_tree_anchor	focal_genome_observation	True	archive_analysis_genome	True	False	True			ptxP1/fim3-1	provisional_marker_or_published_annotation	Branch_IIb	ptxP1/fim3-1		ptxP1	fim3-1	MS	False	1	2026-07-24	Legacy PRN endpoints ignored; record retained only for genome/date/project/marker metadata.		3744173	67.5	1001	6434	ok	Oceania	local_fasta	1990.0	ptxP1/fim3-1	1990	99a19a8ca08a017ada56ab6dae5891aab74a6e5557c058ec1abd4fe7ea46173f	historical_all_available_gate_rescue	focal	
CHN::SAMN03249373	SAMN03249373	SAMN03249373	GCA_001605275	SRR3205792;SRR3441720;SRR3441721	CHN	China	1951	1951-01-01	1951-12-31	1951			year	False	PRJNA266616	assembly_metadata	current_2406_archive	historical_tree_anchor	focal_genome_observation	True	archive_analysis_genome	True	False	True			ptxP1/fim3-1	provisional_marker_or_published_annotation	Branch_IIb	ptxP1/fim3-1		ptxP1	fim3-1	MS	False	1	2026-07-24	Legacy PRN endpoints ignored; record retained only for genome/date/project/marker metadata.		4133777	67.5	1	4133777	ok	Asia	local_fasta	1951.0	ptxP1/fim3-1	1951	a039a211d114b8ed851f337167bdb1e8fbb2fbe1089690332b665b5e306ee74f	historical_all_available_gate_rescue	focal	
AUS::SAMN07235949	SAMN07235949	SAMN07235949	GCA_002270325		AUS	Australia	2014-03-07	2014-03-07	2014-03-07	2014	3	1	day	True	PRJNA390469	assembly_metadata	current_2406_archive	historical_tree_anchor	focal_genome_observation	True	archive_analysis_genome	True	False	True			ptxP3/fim3-1	provisional_marker_or_published_annotation	Branch_IIb	ptxP3/fim3-1		ptxP3	fim3-1	MS	False	1	2026-07-24	Legacy PRN endpoints ignored; record retained only for genome/date/project/marker metadata.		3910437	68	276	20926	ok	Oceania	local_fasta	2014.0	ptxP3/fim3-1	2014-03	6b568fc986d19e7e0dce1f2b1abd216fc4be25acde8b9f00431aa8768c2db6a7	historical_all_available_gate_rescue	focal	
CHN::SAMN08281077	SAMN08281077	SAMN08281077	GCA_004212655		CHN	China	2017-08-08	2017-08-08	2017-08-08	2017	8	3	day	True	PRJNA428126	assembly_metadata	current_2406_archive	historical_tree_anchor	focal_genome_observation	True	archive_analysis_genome	True	False	True			ptxP3/fim3-1	provisional_marker_or_published_annotation	Branch_IIb	ptxP3/fim3-1		ptxP3	fim3-1	MS	False	1	2026-07-24	Legacy PRN endpoints ignored; record retained only for genome/date/project/marker metadata.		3689673	67.5	623	11386	ok	Asia	local_fasta	2017.0	ptxP3/fim3-1	2017-08	85a1701d22769ab0fd53612ec3fb053fd468409bad44f7a7e23007fc8f880ee4	historical_all_available_gate_rescue	focal	
CHN::SAMN09941175	SAMN09941175	SAMN09941175	GCA_014856975		CHN	China	2018-08-21	2018-08-21	2018-08-21	2018	8	3	day	True	PRJNA488737	assembly_metadata	current_2406_archive	historical_tree_anchor	focal_genome_observation	True	archive_analysis_genome	True	False	True			ptxP1/fim3-1	provisional_marker_or_published_annotation	Branch_IIb	ptxP1/fim3-1		ptxP1	fim3-1	MR_A2047G	False	1	2026-07-24	Legacy PRN endpoints ignored; record retained only for genome/date/project/marker metadata.						ok	Asia	local_fasta	2018.0	ptxP1/fim3-1	2018-08	718cb225a73ce189be3e42ec3aea2f0374d8e977763f0b6bf0bf17d26f44812f	historical_all_available_gate_rescue	focal	
CHN::SAMN11295233	SAMN11295233	SAMN11295233	GCA_008330005		CHN	China	2014-09-25	2014-09-25	2014-09-25	2014	9	3	day	True	PRJNA530108	assembly_metadata	current_2406_archive	historical_tree_anchor	focal_genome_observation	True	archive_analysis_genome	True	False	True			ptxP1/fim3-1	provisional_marker_or_published_annotation	Branch_IIb	ptxP1/fim3-1		ptxP1	fim3-1	MS	False	1	2026-07-24	Legacy PRN endpoints ignored; record retained only for genome/date/project/marker metadata.						ok	Asia	local_fasta	2014.0	ptxP1/fim3-1	2014-09	47bff4380e79130152c89982b8d3456cbcbc8c2eccb62ba2c2bac254bc82968d	historical_all_available_gate_rescue	focal	
CHN::SAMN17613197	SAMN17613197	SAMN17613197	GCA_023101445		CHN	China	2018	2018-01-01	2018-12-31	2018			year	False	PRJNA695405	assembly_metadata	current_2406_archive	historical_tree_anchor	focal_genome_observation	True	archive_analysis_genome	True	False	True			ptxP1/fim3-1	provisional_marker_or_published_annotation	Branch_IIb	ptxP1/fim3-1		ptxP1	fim3-1	MR_A2047G	False	1	2026-07-24	Legacy PRN endpoints ignored; record retained only for genome/date/project/marker metadata.						ok	Asia	local_fasta	2018.0	ptxP1/fim3-1	2018	256de35c5d94825504b24d0c7c1cf6c53dff357285194e3bfb83e50472db078b	historical_all_available_gate_rescue	focal	
CHN::SAMN17613198	SAMN17613198	SAMN17613198	GCA_023101465		CHN	China	2018	2018-01-01	2018-12-31	2018			year	False	PRJNA695405	assembly_metadata	current_2406_archive	historical_tree_anchor	focal_genome_observation	True	archive_analysis_genome	True	False	True			ptxP1/fim3-1	provisional_marker_or_published_annotation	Branch_IIb	ptxP1/fim3-1		ptxP1	fim3-1	MR_A2047G	False	1	2026-07-24	Legacy PRN endpoints ignored; record retained only for genome/date/project/marker metadata.						ok	Asia	local_fasta	2018.0	ptxP1/fim3-1	2018	12edce169b68aadbedf95c7bf6ecb286580db2191fb6d9ed5a43bda93495a45e	historical_all_available_gate_rescue	focal	
AUS::SAMN18200430	SAMN18200430	SAMN18200430	GCA_017357205		AUS	Australia	2011	2011-01-01	2011-12-31	2011			year	False	PRJNA695314	assembly_metadata	current_2406_archive	historical_tree_anchor	focal_genome_observation	True	archive_analysis_genome	True	False	True			ptxP3/fim3-2	provisional_marker_or_published_annotation	Branch_IIb	ptxP3/fim3-2		ptxP3	fim3-2	MS	False	1	2026-07-24	Legacy PRN endpoints ignored; record retained only for genome/date/project/marker metadata.		4109518	67.5	1	4109518	ok	Oceania	local_fasta	2011.0	ptxP3/fim3-2	2011	28f99698fa07ac37bb29245087c95ec34314a4f912d426bd0c5fe0aa50964a36	historical_all_available_gate_rescue	focal	
AUS::SAMN18200431	SAMN18200431	SAMN18200431	GCA_017357125		AUS	Australia	2015	2015-01-01	2015-12-31	2015			year	False	PRJNA695314	assembly_metadata	current_2406_archive	historical_tree_anchor	focal_genome_observation	True	archive_analysis_genome	True	False	True			ptxP1/fim3-4	provisional_marker_or_published_annotation	Branch_IIb	others		ptxP1	fim3-4	MS	False	1	2026-07-24	Legacy PRN endpoints ignored; record retained only for genome/date/project/marker metadata.		4093865	67.5	1	4093865	ok	Oceania	local_fasta	2015.0	ptxP1/fim3-4	2015	0a2d7b5d5d3cf7ebb74c205b5f9ccb3cd9cf8357594827efe82d23f40036248f	historical_all_available_gate_rescue	focal	
AUS::SAMN18200432	SAMN18200432	SAMN18200432	GCA_017357165		AUS	Australia	2008	2008-01-01	2008-12-31	2008			year	False	PRJNA695314	assembly_metadata	current_2406_archive	historical_tree_anchor	focal_genome_observation	True	archive_analysis_genome	True	False	True			ptxP3/fim3-2	provisional_marker_or_published_annotation	Branch_IIb	ptxP3/fim3-2		ptxP3	fim3-2	MS	False	1	2026-07-24	Legacy PRN endpoints ignored; record retained only for genome/date/project/marker metadata.		4104145	67.5	1	4104145	ok	Oceania	local_fasta	2008.0	ptxP3/fim3-2	2008	6d6522b24b919118470f0c3dee029b60ce9d3c391c97e16847d5960e91daf7c2	historical_all_available_gate_rescue	focal	
CHN::SAMN22851881	SAMN22851881	SAMN22851881	GCA_023612135		CHN	China	1951	1951-01-01	1951-12-31	1951			year	False	PRJNA777368	assembly_metadata	current_2406_archive	historical_tree_anchor	focal_genome_observation	True	archive_analysis_genome	True	False	True			ptxP1/fim3-1	provisional_marker_or_published_annotation	Branch_IIb	ptxP1/fim3-1		ptxP1	fim3-1	MS	False	1	2026-07-24	Legacy PRN endpoints ignored; record retained only for genome/date/project/marker metadata.		4141631	67.5	1	4141631	ok	Asia	local_fasta	1951.0	ptxP1/fim3-1	1951	51a50f9618ced5cc2b24752765b804b0eaaf5a7a1bd08a04619a2cc9ff932273	historical_all_available_gate_rescue	focal	
CHN::SAMN33268552	SAMN33268552	SAMN33268552	GCA_028747725		CHN	China	2018-04	2018-04-01	2018-04-30	2018	4	2	month	True	PRJNA934178	assembly_metadata	current_2406_archive	historical_tree_anchor	focal_genome_observation	True	archive_analysis_genome	True	False	True			ptxP3	provisional_marker_or_published_annotation				ptxP3		MS	False	1	2026-07-24	Legacy PRN endpoints ignored; record retained only for genome/date/project/marker metadata.						ok	Asia	local_fasta	2018.0	ptxP3	2018-04	3a3040ea6e51e76a0f9b0b461309837a4031f1c8c4b4a792823c032d1b4b6af8	historical_all_available_gate_rescue	focal	
CHN::SAMN33268689	SAMN33268689	SAMN33268689	GCA_028747745		CHN	China	2016-02	2016-02-01	2016-02-29	2016	2	1	month	True	PRJNA934182	assembly_metadata	current_2406_archive	historical_tree_anchor	focal_genome_observation	True	archive_analysis_genome	True	False	True			ptxP3	provisional_marker_or_published_annotation				ptxP3		MS	False	1	2026-07-24	Legacy PRN endpoints ignored; record retained only for genome/date/project/marker metadata.						ok	Asia	local_fasta	2016.0	ptxP3	2016-02	67215d7ef4728775cc7d7305cad23d13c3d81cdb9b0fbeb5c5ccae9b4ef06f94	historical_all_available_gate_rescue	focal	
CHN::SAMN33268690	SAMN33268690	SAMN33268690	GCA_028747765		CHN	China	2016-06	2016-06-01	2016-06-30	2016	6	2	month	True	PRJNA934183	assembly_metadata	current_2406_archive	historical_tree_anchor	focal_genome_observation	True	archive_analysis_genome	True	False	True				provisional_marker_or_published_annotation							False	1	2026-07-24	Legacy PRN endpoints ignored; record retained only for genome/date/project/marker metadata.						ok	Asia	local_fasta	2016.0	UNKNOWN_LINEAGE	2016-06	8c470da2da4be74810186b0d1ee9bc7ce116aeb5eaebe588a6d68c935190767f	historical_all_available_gate_rescue	focal	
CHN::SAMN41373914	SAMN41373914	SAMN41373914	GCA_039679045		CHN	China	2019	2019-01-01	2019-12-31	2019			year	False	PRJNA1110622	assembly_metadata	current_2406_archive	historical_tree_anchor	focal_genome_observation	True	archive_analysis_genome	True	False	True			ptxP1/fim3-1	provisional_marker_or_published_annotation	Branch_IIb	ptxP1/fim3-1		ptxP1	fim3-1	MR_A2047G	False	1	2026-07-24	Legacy PRN endpoints ignored; record retained only for genome/date/project/marker metadata.						ok	Asia	local_fasta	2019.0	ptxP1/fim3-1	2019	4cac45b07f2d447f53f55af91dfb8a00cb02feee26f36ecd2b98f9a00590dbb8	historical_all_available_gate_rescue	focal	
CHN::SAMN41373915	SAMN41373915	SAMN41373915	GCA_039679025		CHN	China	2019	2019-01-01	2019-12-31	2019			year	False	PRJNA1110622	assembly_metadata	current_2406_archive	historical_tree_anchor	focal_genome_observation	True	archive_analysis_genome	True	False	True			ptxP1/fim3-1	provisional_marker_or_published_annotation	Branch_IIb	ptxP1/fim3-1		ptxP1	fim3-1	MR_A2047G	False	1	2026-07-24	Legacy PRN endpoints ignored; record retained only for genome/date/project/marker metadata.						ok	Asia	local_fasta	2019.0	ptxP1/fim3-1	2019	5e4cd51425114a4fd70ffe251f28c8bac4d1b39c0c4f794c373afce7eaefb534	historical_all_available_gate_rescue	focal	
CHN::SAMN41373916	SAMN41373916	SAMN41373916	GCA_039679005		CHN	China	2019	2019-01-01	2019-12-31	2019			year	False	PRJNA1110622	assembly_metadata	current_2406_archive	historical_tree_anchor	focal_genome_observation	True	archive_analysis_genome	True	False	True			ptxP1/fim3-1	provisional_marker_or_published_annotation	Branch_IIb	ptxP1/fim3-1		ptxP1	fim3-1	MR_A2047G	False	1	2026-07-24	Legacy PRN endpoints ignored; record retained only for genome/date/project/marker metadata.						ok	Asia	local_fasta	2019.0	ptxP1/fim3-1	2019	db1a8230695984f301d09ba3a37966a6652adda88d20da77bc3f1092521750d0	historical_all_available_gate_rescue	focal	
CHN::SAMN41373917	SAMN41373917	SAMN41373917	GCA_039678985		CHN	China	2019	2019-01-01	2019-12-31	2019			year	False	PRJNA1110622	assembly_metadata	current_2406_archive	historical_tree_anchor	focal_genome_observation	True	archive_analysis_genome	True	False	True			ptxP1/fim3-1	provisional_marker_or_published_annotation	Branch_IIb	ptxP1/fim3-1		ptxP1	fim3-1	MR_A2047G	False	1	2026-07-24	Legacy PRN endpoints ignored; record retained only for genome/date/project/marker metadata.						ok	Asia	local_fasta	2019.0	ptxP1/fim3-1	2019	84d5814245e8237321577205c5451854619a87625ecd9ccf88f0663f8460477e	historical_all_available_gate_rescue	focal	
CHN::SAMN41373918	SAMN41373918	SAMN41373918	GCA_039678945		CHN	China	2019	2019-01-01	2019-12-31	2019			year	False	PRJNA1110622	assembly_metadata	current_2406_archive	historical_tree_anchor	focal_genome_observation	True	archive_analysis_genome	True	False	True			ptxP1/fim3-1	provisional_marker_or_published_annotation	Branch_IIb	ptxP1/fim3-1		ptxP1	fim3-1	MR_A2047G	False	1	2026-07-24	Legacy PRN endpoints ignored; record retained only for genome/date/project/marker metadata.						ok	Asia	local_fasta	2019.0	ptxP1/fim3-1	2019	d66c80b366d3e021e9f0d9f70eb9bfca93120b98d9210322fe4ed883beb8af15	historical_all_available_gate_rescue	focal	
CHN::SAMN41373919	SAMN41373919	SAMN41373919	GCA_039678955		CHN	China	2019	2019-01-01	2019-12-31	2019			year	False	PRJNA1110622	assembly_metadata	current_2406_archive	historical_tree_anchor	focal_genome_observation	True	archive_analysis_genome	True	False	True			ptxP1/fim3-1	provisional_marker_or_published_annotation	Branch_IIb	ptxP1/fim3-1		ptxP1	fim3-1	MR_A2047G	False	1	2026-07-24	Legacy PRN endpoints ignored; record retained only for genome/date/project/marker metadata.						ok	Asia	local_fasta	2019.0	ptxP1/fim3-1	2019	e62dd92d1ddf24b9281178ece25cd0df2089dc5da22ec8470217c74139791114	historical_all_available_gate_rescue	focal	
CHN::SAMN41373920	SAMN41373920	SAMN41373920	GCA_039678925		CHN	China	2019	2019-01-01	2019-12-31	2019			year	False	PRJNA1110622	assembly_metadata	current_2406_archive	historical_tree_anchor	focal_genome_observation	True	archive_analysis_genome	True	False	True			ptxP3/fim3-1	provisional_marker_or_published_annotation	Branch_IIb	ptxP3/fim3-1		ptxP3	fim3-1	MS	False	1	2026-07-24	Legacy PRN endpoints ignored; record retained only for genome/date/project/marker metadata.						ok	Asia	local_fasta	2019.0	ptxP3/fim3-1	2019	f4b831cdbef3e725617ef8f92df2f8ccf1f31ec186167e44ea0c70371ea0f1dd	historical_all_available_gate_rescue	focal	
CHN::SAMN41373921	SAMN41373921	SAMN41373921	GCA_039678885		CHN	China	2019	2019-01-01	2019-12-31	2019			year	False	PRJNA1110622	assembly_metadata	current_2406_archive	historical_tree_anchor	focal_genome_observation	True	archive_analysis_genome	True	False	True			ptxP1/fim3-1	provisional_marker_or_published_annotation	Branch_IIb	ptxP1/fim3-1		ptxP1	fim3-1	MR_A2047G	False	1	2026-07-24	Legacy PRN endpoints ignored; record retained only for genome/date/project/marker metadata.						ok	Asia	local_fasta	2019.0	ptxP1/fim3-1	2019	c76b72b5e59bbaf5c2b112333a67717e87c20ae4d3199978261087dca9a97cf8	historical_all_available_gate_rescue	focal	
CHN::SAMN41373922	SAMN41373922	SAMN41373922	GCA_039678845		CHN	China	2019	2019-01-01	2019-12-31	2019			year	False	PRJNA1110622	assembly_metadata	current_2406_archive	historical_tree_anchor	focal_genome_observation	True	archive_analysis_genome	True	False	True			ptxP1/fim3-1	provisional_marker_or_published_annotation	Branch_IIb	ptxP1/fim3-1		ptxP1	fim3-1	MR_A2047G	False	1	2026-07-24	Legacy PRN endpoints ignored; record retained only for genome/date/project/marker metadata.						ok	Asia	local_fasta	2019.0	ptxP1/fim3-1	2019	b2c8ecae0f98c5fa6207242a9dc3d2c4695decbd48d2f95229a6335b5db2c0b6	historical_all_available_gate_rescue	focal	
CHN::SAMN41373923	SAMN41373923	SAMN41373923	GCA_039678865		CHN	China	2019	2019-01-01	2019-12-31	2019			year	False	PRJNA1110622	assembly_metadata	current_2406_archive	historical_tree_anchor	focal_genome_observation	True	archive_analysis_genome	True	False	True			ptxP3/fim3-1	provisional_marker_or_published_annotation	Branch_IIb	ptxP3/fim3-1		ptxP3	fim3-1	MS	False	1	2026-07-24	Legacy PRN endpoints ignored; record retained only for genome/date/project/marker metadata.						ok	Asia	local_fasta	2019.0	ptxP3/fim3-1	2019	eb5519129d8bb7b061cc0d7c689be4814458a8f124429c6efbb45d43b164913e	historical_all_available_gate_rescue	focal	
CHN::SAMN41373924	SAMN41373924	SAMN41373924	GCA_039678805		CHN	China	2019	2019-01-01	2019-12-31	2019			year	False	PRJNA1110622	assembly_metadata	current_2406_archive	historical_tree_anchor	focal_genome_observation	True	archive_analysis_genome	True	False	True			ptxP1/fim3-1	provisional_marker_or_published_annotation	Branch_IIb	ptxP1/fim3-1		ptxP1	fim3-1	MR_A2047G	False	1	2026-07-24	Legacy PRN endpoints ignored; record retained only for genome/date/project/marker metadata.						ok	Asia	local_fasta	2019.0	ptxP1/fim3-1	2019	1e7cf2a9f82b1e57db44e798a09bc7a74b035ec37df36b92be1f35d2613e43b4	historical_all_available_gate_rescue	focal	
CHN::SAMN41373925	SAMN41373925	SAMN41373925	GCA_039678895		CHN	China	2019	2019-01-01	2019-12-31	2019			year	False	PRJNA1110622	assembly_metadata	current_2406_archive	historical_tree_anchor	focal_genome_observation	True	archive_analysis_genome	True	False	True			ptxP1/fim3-1	provisional_marker_or_published_annotation	Branch_IIb	ptxP1/fim3-1		ptxP1	fim3-1	MR_A2047G	False	1	2026-07-24	Legacy PRN endpoints ignored; record retained only for genome/date/project/marker metadata.						ok	Asia	local_fasta	2019.0	ptxP1/fim3-1	2019	ad46dd6bd45b006c0469197ef9ac2cf4fc1bc64daec3f77e63fc392b14470db0	historical_all_available_gate_rescue	focal	
CHN::SAMN41373927	SAMN41373927	SAMN41373927	GCA_039678765		CHN	China	2019	2019-01-01	2019-12-31	2019			year	False	PRJNA1110622	assembly_metadata	current_2406_archive	historical_tree_anchor	focal_genome_observation	True	archive_analysis_genome	True	False	True			ptxP1/fim3-1	provisional_marker_or_published_annotation	Branch_IIb	ptxP1/fim3-1		ptxP1	fim3-1	MR_A2047G	False	1	2026-07-24	Legacy PRN endpoints ignored; record retained only for genome/date/project/marker metadata.						ok	Asia	local_fasta	2019.0	ptxP1/fim3-1	2019	e23a94814e8938dd6247ffaa303f859ae2dc7f2a221a60203aec0fff4dbf94ca	historical_all_available_gate_rescue	focal	
CHN::SAMN41373928	SAMN41373928	SAMN41373928	GCA_039678785		CHN	China	2019	2019-01-01	2019-12-31	2019			year	False	PRJNA1110622	assembly_metadata	current_2406_archive	historical_tree_anchor	focal_genome_observation	True	archive_analysis_genome	True	False	True			ptxP1/fim3-1	provisional_marker_or_published_annotation	Branch_IIb	ptxP1/fim3-1		ptxP1	fim3-1	MR_A2047G	False	1	2026-07-24	Legacy PRN endpoints ignored; record retained only for genome/date/project/marker metadata.						ok	Asia	local_fasta	2019.0	ptxP1/fim3-1	2019	4aca128b03d4f04aab29c16d0417c5f39dbd5cc9d2efcf49ce4e34e0e090b925	historical_all_available_gate_rescue	focal	
CHN::SAMN41373929	SAMN41373929	SAMN41373929	GCA_039678705		CHN	China	2019	2019-01-01	2019-12-31	2019			year	False	PRJNA1110622	assembly_metadata	current_2406_archive	historical_tree_anchor	focal_genome_observation	True	archive_analysis_genome	True	False	True			ptxP1/fim3-1	provisional_marker_or_published_annotation	Branch_IIb	ptxP1/fim3-1		ptxP1	fim3-1	MR_A2047G	False	1	2026-07-24	Legacy PRN endpoints ignored; record retained only for genome/date/project/marker metadata.						ok	Asia	local_fasta	2019.0	ptxP1/fim3-1	2019	f0987857919d923f88876c398d3fa87deda84cd5873d58eb4aa8cc57489e5e15	historical_all_available_gate_rescue	focal	
CHN::SAMN41373930	SAMN41373930	SAMN41373930	GCA_039678745		CHN	China	2019	2019-01-01	2019-12-31	2019			year	False	PRJNA1110622	assembly_metadata	current_2406_archive	historical_tree_anchor	focal_genome_observation	True	archive_analysis_genome	True	False	True			ptxP1/fim3-1	provisional_marker_or_published_annotation	Branch_IIb	ptxP1/fim3-1		ptxP1	fim3-1	MR_A2047G	False	1	2026-07-24	Legacy PRN endpoints ignored; record retained only for genome/date/project/marker metadata.						ok	Asia	local_fasta	2019.0	ptxP1/fim3-1	2019	1596e2dfdd459b5fbf220e3f6bd4b3d7d0b474f330d1e12c3417dcc7158c8e54	historical_all_available_gate_rescue	focal	
CHN::SAMN41373931	SAMN41373931	SAMN41373931	GCA_039678725		CHN	China	2019	2019-01-01	2019-12-31	2019			year	False	PRJNA1110622	assembly_metadata	current_2406_archive	historical_tree_anchor	focal_genome_observation	True	archive_analysis_genome	True	False	True			ptxP1/fim3-1	provisional_marker_or_published_annotation	Branch_IIb	ptxP1/fim3-1		ptxP1	fim3-1	MR_A2047G	False	1	2026-07-24	Legacy PRN endpoints ignored; record retained only for genome/date/project/marker metadata.						ok	Asia	local_fasta	2019.0	ptxP1/fim3-1	2019	7a18189be889601bc8b408dbae7ba5987b6241f2e2924702983f1b96fef33940	historical_all_available_gate_rescue	focal	
CHN::SAMN41373932	SAMN41373932	SAMN41373932	GCA_039678685		CHN	China	2019	2019-01-01	2019-12-31	2019			year	False	PRJNA1110622	assembly_metadata	current_2406_archive	historical_tree_anchor	focal_genome_observation	True	archive_analysis_genome	True	False	True			ptxP1/fim3-1	provisional_marker_or_published_annotation	Branch_IIb	ptxP1/fim3-1		ptxP1	fim3-1	MR_A2047G	False	1	2026-07-24	Legacy PRN endpoints ignored; record retained only for genome/date/project/marker metadata.						ok	Asia	local_fasta	2019.0	ptxP1/fim3-1	2019	1eb028ba0b2ea6df70b5a9a973de5014ca945df490b327065e929fbeb7b063ad	historical_all_available_gate_rescue	focal	
CHN::SAMN41373933	SAMN41373933	SAMN41373933	GCA_039678665		CHN	China	2019	2019-01-01	2019-12-31	2019			year	False	PRJNA1110622	assembly_metadata	current_2406_archive	historical_tree_anchor	focal_genome_observation	True	archive_analysis_genome	True	False	True			ptxP1/fim3-1	provisional_marker_or_published_annotation	Branch_IIb	ptxP1/fim3-1		ptxP1	fim3-1	MR_A2047G	False	1	2026-07-24	Legacy PRN endpoints ignored; record retained only for genome/date/project/marker metadata.						ok	Asia	local_fasta	2019.0	ptxP1/fim3-1	2019	0ba9665ce1745577b2c75d74018d99bc477dfa9e49068c1c26cf44c8a3d716ac	historical_all_available_gate_rescue	focal	
CHN::SAMN41373934	SAMN41373934	SAMN41373934	GCA_039678645		CHN	China	2019	2019-01-01	2019-12-31	2019			year	False	PRJNA1110622	assembly_metadata	current_2406_archive	historical_tree_anchor	focal_genome_observation	True	archive_analysis_genome	True	False	True			ptxP1/fim3-1	provisional_marker_or_published_annotation	Branch_IIb	ptxP1/fim3-1		ptxP1	fim3-1	MR_A2047G	False	1	2026-07-24	Legacy PRN endpoints ignored; record retained only for genome/date/project/marker metadata.						ok	Asia	local_fasta	2019.0	ptxP1/fim3-1	2019	bcfd6ec8905f6e83b43d44811602bd1a5633813b976552c9db0eeacc637ffae7	historical_all_available_gate_rescue	focal	
CHN::SAMN41373935	SAMN41373935	SAMN41373935	GCA_039678625		CHN	China	2019	2019-01-01	2019-12-31	2019			year	False	PRJNA1110622	assembly_metadata	current_2406_archive	historical_tree_anchor	focal_genome_observation	True	archive_analysis_genome	True	False	True			ptxP1/fim3-1	provisional_marker_or_published_annotation	Branch_IIb	ptxP1/fim3-1		ptxP1	fim3-1	MR_A2047G	False	1	2026-07-24	Legacy PRN endpoints ignored; record retained only for genome/date/project/marker metadata.						ok	Asia	local_fasta	2019.0	ptxP1/fim3-1	2019	dc7647a7ab12c04544b7d18bdbe6322c3c538e8f2f17fc8fa2d1b031a0bb2494	historical_all_available_gate_rescue	focal	
CHN::SAMN41373936	SAMN41373936	SAMN41373936	GCA_039678605		CHN	China	2019	2019-01-01	2019-12-31	2019			year	False	PRJNA1110622	assembly_metadata	current_2406_archive	historical_tree_anchor	focal_genome_observation	True	archive_analysis_genome	True	False	True			ptxP1/fim3-1	provisional_marker_or_published_annotation	Branch_IIb	ptxP1/fim3-1		ptxP1	fim3-1	MR_A2047G	False	1	2026-07-24	Legacy PRN endpoints ignored; record retained only for genome/date/project/marker metadata.						ok	Asia	local_fasta	2019.0	ptxP1/fim3-1	2019	88161c54f327aceda44c09f1e095da1c9e7cd720bff8bf0b04aae67cf60fc954	historical_all_available_gate_rescue	focal	
CHN::SAMN41373937	SAMN41373937	SAMN41373937	GCA_039678585		CHN	China	2019	2019-01-01	2019-12-31	2019			year	False	PRJNA1110622	assembly_metadata	current_2406_archive	historical_tree_anchor	focal_genome_observation	True	archive_analysis_genome	True	False	True			ptxP1/fim3-1	provisional_marker_or_published_annotation	Branch_IIb	ptxP1/fim3-1		ptxP1	fim3-1	MR_A2047G	False	1	2026-07-24	Legacy PRN endpoints ignored; record retained only for genome/date/project/marker metadata.						ok	Asia	local_fasta	2019.0	ptxP1/fim3-1	2019	cdce7523f6d31d89d2684697bf1fbd817d55bdce0e094fed216b9a33131abd79	historical_all_available_gate_rescue	focal	
CHN::SAMN41373938	SAMN41373938	SAMN41373938	GCA_039678545		CHN	China	2019	2019-01-01	2019-12-31	2019			year	False	PRJNA1110622	assembly_metadata	current_2406_archive	historical_tree_anchor	focal_genome_observation	True	archive_analysis_genome	True	False	True			ptxP1/fim3-1	provisional_marker_or_published_annotation	Branch_IIb	ptxP1/fim3-1		ptxP1	fim3-1	MR_A2047G	False	1	2026-07-24	Legacy PRN endpoints ignored; record retained only for genome/date/project/marker metadata.						ok	Asia	local_fasta	2019.0	ptxP1/fim3-1	2019	bd9248cff1ff225f2b647cc7c89867bc451ac88423b1501b6d93861e5c1d25e6	historical_all_available_gate_rescue	focal	
CHN::SAMN41373939	SAMN41373939	SAMN41373939	GCA_039678525		CHN	China	2019	2019-01-01	2019-12-31	2019			year	False	PRJNA1110622	assembly_metadata	current_2406_archive	historical_tree_anchor	focal_genome_observation	True	archive_analysis_genome	True	False	True			ptxP1/fim3-1	provisional_marker_or_published_annotation	Branch_IIb	ptxP1/fim3-1		ptxP1	fim3-1	MR_A2047G	False	1	2026-07-24	Legacy PRN endpoints ignored; record retained only for genome/date/project/marker metadata.						ok	Asia	local_fasta	2019.0	ptxP1/fim3-1	2019	62940888e204dcd5d6fdb4f6a531b7348a9f34b904ca52259cf2fe0eae5d39f1	historical_all_available_gate_rescue	focal	
CHN::SAMN41373940	SAMN41373940	SAMN41373940	GCA_039678485		CHN	China	2019	2019-01-01	2019-12-31	2019			year	False	PRJNA1110622	assembly_metadata	current_2406_archive	historical_tree_anchor	focal_genome_observation	True	archive_analysis_genome	True	False	True			ptxP1/fim3-1	provisional_marker_or_published_annotation	Branch_IIb	ptxP1/fim3-1		ptxP1	fim3-1	MR_A2047G	False	1	2026-07-24	Legacy PRN endpoints ignored; record retained only for genome/date/project/marker metadata.						ok	Asia	local_fasta	2019.0	ptxP1/fim3-1	2019	84761cf977955ea27a7b265cb4f67344e8e001f21da3fc48f45683d829673354	historical_all_available_gate_rescue	focal	
CHN::SAMN41373941	SAMN41373941	SAMN41373941	GCA_039678505		CHN	China	2019	2019-01-01	2019-12-31	2019			year	False	PRJNA1110622	assembly_metadata	current_2406_archive	historical_tree_anchor	focal_genome_observation	True	archive_analysis_genome	True	False	True			ptxP1/fim3-1	provisional_marker_or_published_annotation	Branch_IIb	ptxP1/fim3-1		ptxP1	fim3-1	MR_A2047G	False	1	2026-07-24	Legacy PRN endpoints ignored; record retained only for genome/date/project/marker metadata.						ok	Asia	local_fasta	2019.0	ptxP1/fim3-1	2019	d53c673da763630b23fb6ff3b22342d9b229bf62a296d2aa5c5efa701202ce42	historical_all_available_gate_rescue	focal	
CHN::SAMN41373942	SAMN41373942	SAMN41373942	GCA_039678445		CHN	China	2019	2019-01-01	2019-12-31	2019			year	False	PRJNA1110622	assembly_metadata	current_2406_archive	historical_tree_anchor	focal_genome_observation	True	archive_analysis_genome	True	False	True			ptxP1/fim3-1	provisional_marker_or_published_annotation	Branch_IIb	ptxP1/fim3-1		ptxP1	fim3-1	MR_A2047G	False	1	2026-07-24	Legacy PRN endpoints ignored; record retained only for genome/date/project/marker metadata.						ok	Asia	local_fasta	2019.0	ptxP1/fim3-1	2019	43f5984310165c93de2345ef9810600f3011cb217abaca28381b69521580508c	historical_all_available_gate_rescue	focal	
CHN::SAMN41373943	SAMN41373943	SAMN41373943	GCA_039678465		CHN	China	2019	2019-01-01	2019-12-31	2019			year	False	PRJNA1110622	assembly_metadata	current_2406_archive	historical_tree_anchor	focal_genome_observation	True	archive_analysis_genome	True	False	True			ptxP1/fim3-1	provisional_marker_or_published_annotation	Branch_IIb	ptxP1/fim3-1		ptxP1	fim3-1	MR_A2047G	False	1	2026-07-24	Legacy PRN endpoints ignored; record retained only for genome/date/project/marker metadata.						ok	Asia	local_fasta	2019.0	ptxP1/fim3-1	2019	8d49cd787dcd2f44e4c0cd3b90cd5a37e3bc64e9baaac2fc7694f829e69e5e6a	historical_all_available_gate_rescue	focal	
CHN::SAMN41373944	SAMN41373944	SAMN41373944	GCA_039678405		CHN	China	2019	2019-01-01	2019-12-31	2019			year	False	PRJNA1110622	assembly_metadata	current_2406_archive	historical_tree_anchor	focal_genome_observation	True	archive_analysis_genome	True	False	True			ptxP1/fim3-1	provisional_marker_or_published_annotation	Branch_IIb	ptxP1/fim3-1		ptxP1	fim3-1	MR_A2047G	False	1	2026-07-24	Legacy PRN endpoints ignored; record retained only for genome/date/project/marker metadata.						ok	Asia	local_fasta	2019.0	ptxP1/fim3-1	2019	cc0c1e9cda04dddc090adec2fa42290e79fbbcee69526ee733c069293e581687	historical_all_available_gate_rescue	focal	
CHN::SAMN41373945	SAMN41373945	SAMN41373945	GCA_039678425		CHN	China	2019	2019-01-01	2019-12-31	2019			year	False	PRJNA1110622	assembly_metadata	current_2406_archive	historical_tree_anchor	focal_genome_observation	True	archive_analysis_genome	True	False	True			ptxP1/fim3-1	provisional_marker_or_published_annotation	Branch_IIb	ptxP1/fim3-1		ptxP1	fim3-1	MR_A2047G	False	1	2026-07-24	Legacy PRN endpoints ignored; record retained only for genome/date/project/marker metadata.						ok	Asia	local_fasta	2019.0	ptxP1/fim3-1	2019	0c430c1969b85cdc3749a45413e6b123840a0ea6c0b4f5f0ed81852c491699f9	historical_all_available_gate_rescue	focal	
CHN::SAMN41373946	SAMN41373946	SAMN41373946	GCA_039678365		CHN	China	2019	2019-01-01	2019-12-31	2019			year	False	PRJNA1110622	assembly_metadata	current_2406_archive	historical_tree_anchor	focal_genome_observation	True	archive_analysis_genome	True	False	True			ptxP1/fim3-1	provisional_marker_or_published_annotation	Branch_IIb	ptxP1/fim3-1		ptxP1	fim3-1	MR_A2047G	False	1	2026-07-24	Legacy PRN endpoints ignored; record retained only for genome/date/project/marker metadata.						ok	Asia	local_fasta	2019.0	ptxP1/fim3-1	2019	f024f9bc554487a290e7554aa3ebc0a3595acdb50b65724ac4083f9ba0ec99db	historical_all_available_gate_rescue	focal	
CHN::SAMN41373947	SAMN41373947	SAMN41373947	GCA_039678385		CHN	China	2019	2019-01-01	2019-12-31	2019			year	False	PRJNA1110622	assembly_metadata	current_2406_archive	historical_tree_anchor	focal_genome_observation	True	archive_analysis_genome	True	False	True			ptxP1/fim3-1	provisional_marker_or_published_annotation	Branch_IIb	ptxP1/fim3-1		ptxP1	fim3-1	MR_A2047G	False	1	2026-07-24	Legacy PRN endpoints ignored; record retained only for genome/date/project/marker metadata.						ok	Asia	local_fasta	2019.0	ptxP1/fim3-1	2019	898d3df4518b84916da4e4e96ce8439b4f07b23cdbd0efe92aae0de71386c5ed	historical_all_available_gate_rescue	focal	
CHN::SAMN41373948	SAMN41373948	SAMN41373948	GCA_039678305		CHN	China	2019	2019-01-01	2019-12-31	2019			year	False	PRJNA1110622	assembly_metadata	current_2406_archive	historical_tree_anchor	focal_genome_observation	True	archive_analysis_genome	True	False	True			ptxP1/fim3-1	provisional_marker_or_published_annotation	Branch_IIb	ptxP1/fim3-1		ptxP1	fim3-1	MR_A2047G	False	1	2026-07-24	Legacy PRN endpoints ignored; record retained only for genome/date/project/marker metadata.						ok	Asia	local_fasta	2019.0	ptxP1/fim3-1	2019	da190f88200f1e51cbb000de8e6ee9c554c671fc71816c57af6cefd149e3a15a	historical_all_available_gate_rescue	focal	
CHN::SAMN41373949	SAMN41373949	SAMN41373949	GCA_039678325		CHN	China	2019	2019-01-01	2019-12-31	2019			year	False	PRJNA1110622	assembly_metadata	current_2406_archive	historical_tree_anchor	focal_genome_observation	True	archive_analysis_genome	True	False	True			ptxP3/fim3-1	provisional_marker_or_published_annotation	Branch_IIb	ptxP3/fim3-1		ptxP3	fim3-1	MS	False	1	2026-07-24	Legacy PRN endpoints ignored; record retained only for genome/date/project/marker metadata.						ok	Asia	local_fasta	2019.0	ptxP3/fim3-1	2019	cc61ed2fd1cd0e7623d150c18391349b78534182d9d29ec32a4cac7c6dfaf1d0	historical_all_available_gate_rescue	focal	
CHN::SAMN41373950	SAMN41373950	SAMN41373950	GCA_039678345		CHN	China	2019	2019-01-01	2019-12-31	2019			year	False	PRJNA1110622	assembly_metadata	current_2406_archive	historical_tree_anchor	focal_genome_observation	True	archive_analysis_genome	True	False	True			ptxP1/fim3-1	provisional_marker_or_published_annotation	Branch_IIb	ptxP1/fim3-1		ptxP1	fim3-1	MR_A2047G	False	1	2026-07-24	Legacy PRN endpoints ignored; record retained only for genome/date/project/marker metadata.						ok	Asia	local_fasta	2019.0	ptxP1/fim3-1	2019	126ef0996a61464d6a62fc6495376cbad3aaecb32bbd3e5754e583ad68950942	historical_all_available_gate_rescue	focal	
CHN::SAMN41373951	SAMN41373951	SAMN41373951	GCA_039678285		CHN	China	2019	2019-01-01	2019-12-31	2019			year	False	PRJNA1110622	assembly_metadata	current_2406_archive	historical_tree_anchor	focal_genome_observation	True	archive_analysis_genome	True	False	True			ptxP1/fim3-1	provisional_marker_or_published_annotation	Branch_IIb	ptxP1/fim3-1		ptxP1	fim3-1	MR_A2047G	False	1	2026-07-24	Legacy PRN endpoints ignored; record retained only for genome/date/project/marker metadata.						ok	Asia	local_fasta	2019.0	ptxP1/fim3-1	2019	9b896d49234dda6b7da424ca9db477e6a54875f72b13ff2c5a92f112847a2deb	historical_all_available_gate_rescue	focal	
CHN::SAMN41373952	SAMN41373952	SAMN41373952	GCA_039678265		CHN	China	2019	2019-01-01	2019-12-31	2019			year	False	PRJNA1110622	assembly_metadata	current_2406_archive	historical_tree_anchor	focal_genome_observation	True	archive_analysis_genome	True	False	True			ptxP1/fim3-1	provisional_marker_or_published_annotation	Branch_IIb	ptxP1/fim3-1		ptxP1	fim3-1	MR_A2047G	False	1	2026-07-24	Legacy PRN endpoints ignored; record retained only for genome/date/project/marker metadata.						ok	Asia	local_fasta	2019.0	ptxP1/fim3-1	2019	d0f0ec14ee4d3943624d80af77631287782e42e5708e9094852c57c979f715c6	historical_all_available_gate_rescue	focal	
CHN::SAMN41373953	SAMN41373953	SAMN41373953	GCA_039678245		CHN	China	2019	2019-01-01	2019-12-31	2019			year	False	PRJNA1110622	assembly_metadata	current_2406_archive	historical_tree_anchor	focal_genome_observation	True	archive_analysis_genome	True	False	True			ptxP3/fim3-1	provisional_marker_or_published_annotation	Branch_IIb	ptxP3/fim3-1		ptxP3	fim3-1	MS	False	1	2026-07-24	Legacy PRN endpoints ignored; record retained only for genome/date/project/marker metadata.						ok	Asia	local_fasta	2019.0	ptxP3/fim3-1	2019	f5c7079e9877af52ac90fca9f4a91f8c541f3a08b02032ae48b968b0306eb27d	historical_all_available_gate_rescue	focal	
CHN::SAMN41373954	SAMN41373954	SAMN41373954	GCA_039678565		CHN	China	2019	2019-01-01	2019-12-31	2019			year	False	PRJNA1110622	assembly_metadata	current_2406_archive	historical_tree_anchor	focal_genome_observation	True	archive_analysis_genome	True	False	True			ptxP1/fim3-1	provisional_marker_or_published_annotation	Branch_IIb	ptxP1/fim3-1		ptxP1	fim3-1	MR_A2047G	False	1	2026-07-24	Legacy PRN endpoints ignored; record retained only for genome/date/project/marker metadata.						ok	Asia	local_fasta	2019.0	ptxP1/fim3-1	2019	b93bc3b9f24811ec049c16817189e65f65abcc1a9f0b070133a5d8557c1ab4e8	historical_all_available_gate_rescue	focal	
CHN::SAMN41373955	SAMN41373955	SAMN41373955	GCA_039678185		CHN	China	2019	2019-01-01	2019-12-31	2019			year	False	PRJNA1110622	assembly_metadata	current_2406_archive	historical_tree_anchor	focal_genome_observation	True	archive_analysis_genome	True	False	True			ptxP1/fim3-1	provisional_marker_or_published_annotation	Branch_IIb	ptxP1/fim3-1		ptxP1	fim3-1	MR_A2047G	False	1	2026-07-24	Legacy PRN endpoints ignored; record retained only for genome/date/project/marker metadata.						ok	Asia	local_fasta	2019.0	ptxP1/fim3-1	2019	a418d14aa95ec4fde49184dbc0d67f1ec3861761edf269958eaee153ab58dec0	historical_all_available_gate_rescue	focal	
CHN::SAMN41373956	SAMN41373956	SAMN41373956	GCA_039678195		CHN	China	2019	2019-01-01	2019-12-31	2019			year	False	PRJNA1110622	assembly_metadata	current_2406_archive	historical_tree_anchor	focal_genome_observation	True	archive_analysis_genome	True	False	True			ptxP1/fim3-1	provisional_marker_or_published_annotation	Branch_IIb	ptxP1/fim3-1		ptxP1	fim3-1	MR_A2047G	False	1	2026-07-24	Legacy PRN endpoints ignored; record retained only for genome/date/project/marker metadata.						ok	Asia	local_fasta	2019.0	ptxP1/fim3-1	2019	b36256e0e1c109046ba363d5f99d1c73b1c113051648443763820413796d1c73	historical_all_available_gate_rescue	focal	
CHN::SAMN41373957	SAMN41373957	SAMN41373957	GCA_039678145		CHN	China	2019	2019-01-01	2019-12-31	2019			year	False	PRJNA1110622	assembly_metadata	current_2406_archive	historical_tree_anchor	focal_genome_observation	True	archive_analysis_genome	True	False	True			ptxP1/fim3-1	provisional_marker_or_published_annotation	Branch_IIb	ptxP1/fim3-1		ptxP1	fim3-1	MR_A2047G	False	1	2026-07-24	Legacy PRN endpoints ignored; record retained only for genome/date/project/marker metadata.						ok	Asia	local_fasta	2019.0	ptxP1/fim3-1	2019	991dbac369a57fd21ce6002668976bc20c926f934b23ad78cfef8b4da6646984	historical_all_available_gate_rescue	focal	
CHN::SAMN41373958	SAMN41373958	SAMN41373958	GCA_039678225		CHN	China	2019	2019-01-01	2019-12-31	2019			year	False	PRJNA1110622	assembly_metadata	current_2406_archive	historical_tree_anchor	focal_genome_observation	True	archive_analysis_genome	True	False	True			ptxP3/fim3-1	provisional_marker_or_published_annotation	Branch_IIb	ptxP3/fim3-1		ptxP3	fim3-1	MS	False	1	2026-07-24	Legacy PRN endpoints ignored; record retained only for genome/date/project/marker metadata.						ok	Asia	local_fasta	2019.0	ptxP3/fim3-1	2019	f20209f663787a0ce039dc8a278ecc8e9620f742764da6ef7222a9c15c23c510	historical_all_available_gate_rescue	focal	
CHN::SAMN41373959	SAMN41373959	SAMN41373959	GCA_039678105		CHN	China	2019	2019-01-01	2019-12-31	2019			year	False	PRJNA1110622	assembly_metadata	current_2406_archive	historical_tree_anchor	focal_genome_observation	True	archive_analysis_genome	True	False	True			ptxP1/fim3-1	provisional_marker_or_published_annotation	Branch_IIb	ptxP1/fim3-1		ptxP1	fim3-1	MR_A2047G	False	1	2026-07-24	Legacy PRN endpoints ignored; record retained only for genome/date/project/marker metadata.						ok	Asia	local_fasta	2019.0	ptxP1/fim3-1	2019	44ceae6be1f076a4411c7795a16efd3240f0afd1ea96a4c13b22b701e41de142	historical_all_available_gate_rescue	focal	
CHN::SAMN41373960	SAMN41373960	SAMN41373960	GCA_039678085		CHN	China	2019	2019-01-01	2019-12-31	2019			year	False	PRJNA1110622	assembly_metadata	current_2406_archive	historical_tree_anchor	focal_genome_observation	True	archive_analysis_genome	True	False	True			ptxP1/fim3-1	provisional_marker_or_published_annotation	Branch_IIb	ptxP1/fim3-1		ptxP1	fim3-1	MR_A2047G	False	1	2026-07-24	Legacy PRN endpoints ignored; record retained only for genome/date/project/marker metadata.						ok	Asia	local_fasta	2019.0	ptxP1/fim3-1	2019	e4aa1f8ba633a169a7bb23ff0f66a42e27484ead013b645b51c8c9ebc0cefc4c	historical_all_available_gate_rescue	focal	
CHN::SAMN41373961	SAMN41373961	SAMN41373961	GCA_039698275		CHN	China	2019	2019-01-01	2019-12-31	2019			year	False	PRJNA1110622	assembly_metadata	current_2406_archive	historical_tree_anchor	focal_genome_observation	True	archive_analysis_genome	True	False	True			ptxP1/fim3-1	provisional_marker_or_published_annotation	Branch_IIb	ptxP1/fim3-1		ptxP1	fim3-1	MR_A2047G	False	1	2026-07-24	Legacy PRN endpoints ignored; record retained only for genome/date/project/marker metadata.						ok	Asia	local_fasta	2019.0	ptxP1/fim3-1	2019	867a1084b2d41d7ebcdf7fe834344b03550517d4f9e7948208cff0e565fdd832	historical_all_available_gate_rescue	focal	
CHN::SAMN41373962	SAMN41373962	SAMN41373962	GCA_039678065		CHN	China	2019	2019-01-01	2019-12-31	2019			year	False	PRJNA1110622	assembly_metadata	current_2406_archive	historical_tree_anchor	focal_genome_observation	True	archive_analysis_genome	True	False	True			ptxP1/fim3-1	provisional_marker_or_published_annotation	Branch_IIb	ptxP1/fim3-1		ptxP1	fim3-1	MR_A2047G	False	1	2026-07-24	Legacy PRN endpoints ignored; record retained only for genome/date/project/marker metadata.						ok	Asia	local_fasta	2019.0	ptxP1/fim3-1	2019	ebc62a0204a75a77879bc861a07d98c0836da5a4cebc7a9bc6660b8a89a731b5	historical_all_available_gate_rescue	focal	
CHN::SAMN41373963	SAMN41373963	SAMN41373963	GCA_039678005		CHN	China	2019	2019-01-01	2019-12-31	2019			year	False	PRJNA1110622	assembly_metadata	current_2406_archive	historical_tree_anchor	focal_genome_observation	True	archive_analysis_genome	True	False	True			ptxP1/fim3-1	provisional_marker_or_published_annotation	Branch_IIb	ptxP1/fim3-1		ptxP1	fim3-1	MR_A2047G	False	1	2026-07-24	Legacy PRN endpoints ignored; record retained only for genome/date/project/marker metadata.						ok	Asia	local_fasta	2019.0	ptxP1/fim3-1	2019	fb45da91894f1b890f82e5272c7e6072d022f8aa06f872ca853540cca404c7c6	historical_all_available_gate_rescue	focal	
CHN::SAMN41373964	SAMN41373964	SAMN41373964	GCA_039678015		CHN	China	2019	2019-01-01	2019-12-31	2019			year	False	PRJNA1110622	assembly_metadata	current_2406_archive	historical_tree_anchor	focal_genome_observation	True	archive_analysis_genome	True	False	True			ptxP1/fim3-1	provisional_marker_or_published_annotation	Branch_IIb	ptxP1/fim3-1		ptxP1	fim3-1	MR_A2047G	False	1	2026-07-24	Legacy PRN endpoints ignored; record retained only for genome/date/project/marker metadata.						ok	Asia	local_fasta	2019.0	ptxP1/fim3-1	2019	a1547285ca3f9fb1ce320854f11f251efed97d8fec649fd8c3e11f1eb5b2e372	historical_all_available_gate_rescue	focal	
CHN::SAMN41373965	SAMN41373965	SAMN41373965	GCA_039677995		CHN	China	2019	2019-01-01	2019-12-31	2019			year	False	PRJNA1110622	assembly_metadata	current_2406_archive	historical_tree_anchor	focal_genome_observation	True	archive_analysis_genome	True	False	True			ptxP1/fim3-1	provisional_marker_or_published_annotation	Branch_IIb	ptxP1/fim3-1		ptxP1	fim3-1	MR_A2047G	False	1	2026-07-24	Legacy PRN endpoints ignored; record retained only for genome/date/project/marker metadata.						ok	Asia	local_fasta	2019.0	ptxP1/fim3-1	2019	5b3f8df3092e208f8142c1e7a0eb9784c5128648b9f083329c91e4b75ca4942a	historical_all_available_gate_rescue	focal	
CHN::SAMN41373966	SAMN41373966	SAMN41373966	GCA_039677985		CHN	China	2019	2019-01-01	2019-12-31	2019			year	False	PRJNA1110622	assembly_metadata	current_2406_archive	historical_tree_anchor	focal_genome_observation	True	archive_analysis_genome	True	False	True			ptxP1/fim3-1	provisional_marker_or_published_annotation	Branch_IIb	ptxP1/fim3-1		ptxP1	fim3-1	MR_A2047G	False	1	2026-07-24	Legacy PRN endpoints ignored; record retained only for genome/date/project/marker metadata.						ok	Asia	local_fasta	2019.0	ptxP1/fim3-1	2019	2ef0328b53ee632b7c0436a3d6d5337751da1c2e464b6f901b2e217b8122bd38	historical_all_available_gate_rescue	focal	
CHN::SAMN41373967	SAMN41373967	SAMN41373967	GCA_039677965		CHN	China	2019	2019-01-01	2019-12-31	2019			year	False	PRJNA1110622	assembly_metadata	current_2406_archive	historical_tree_anchor	focal_genome_observation	True	archive_analysis_genome	True	False	True			ptxP1/fim3-1	provisional_marker_or_published_annotation	Branch_IIb	ptxP1/fim3-1		ptxP1	fim3-1	MR_A2047G	False	1	2026-07-24	Legacy PRN endpoints ignored; record retained only for genome/date/project/marker metadata.						ok	Asia	local_fasta	2019.0	ptxP1/fim3-1	2019	1071aab24f0d51d841d82a9a1415bb6c9138412c2c7f026d88584c034a1535fb	historical_all_available_gate_rescue	focal	
CHN::SAMN41373968	SAMN41373968	SAMN41373968	GCA_039677925		CHN	China	2019	2019-01-01	2019-12-31	2019			year	False	PRJNA1110622	assembly_metadata	current_2406_archive	historical_tree_anchor	focal_genome_observation	True	archive_analysis_genome	True	False	True			ptxP1/fim3-1	provisional_marker_or_published_annotation	Branch_IIb	ptxP1/fim3-1		ptxP1	fim3-1	MR_A2047G	False	1	2026-07-24	Legacy PRN endpoints ignored; record retained only for genome/date/project/marker metadata.						ok	Asia	local_fasta	2019.0	ptxP1/fim3-1	2019	792c578647bac7612ae1b1de78de9c13a93a379ce02c9b20752bcaf588e0b0cb	historical_all_available_gate_rescue	focal	
CHN::SAMN41373969	SAMN41373969	SAMN41373969	GCA_039677865		CHN	China	2019	2019-01-01	2019-12-31	2019			year	False	PRJNA1110622	assembly_metadata	current_2406_archive	historical_tree_anchor	focal_genome_observation	True	archive_analysis_genome	True	False	True			ptxP1/fim3-1	provisional_marker_or_published_annotation	Branch_IIb	ptxP1/fim3-1		ptxP1	fim3-1	MR_A2047G	False	1	2026-07-24	Legacy PRN endpoints ignored; record retained only for genome/date/project/marker metadata.						ok	Asia	local_fasta	2019.0	ptxP1/fim3-1	2019	a62f9e076da885fb5b01a4592397322400259ed4af5af63deb8873b747ae468b	historical_all_available_gate_rescue	focal	
CHN::SAMN41373970	SAMN41373970	SAMN41373970	GCA_039677895		CHN	China	2019	2019-01-01	2019-12-31	2019			year	False	PRJNA1110622	assembly_metadata	current_2406_archive	historical_tree_anchor	focal_genome_observation	True	archive_analysis_genome	True	False	True			ptxP1/fim3-1	provisional_marker_or_published_annotation	Branch_IIb	ptxP1/fim3-1		ptxP1	fim3-1	MR_A2047G	False	1	2026-07-24	Legacy PRN endpoints ignored; record retained only for genome/date/project/marker metadata.						ok	Asia	local_fasta	2019.0	ptxP1/fim3-1	2019	b9b40261f97e87e17a518fdd87a807b770111d284d5560c86f6af39e957ca347	historical_all_available_gate_rescue	focal	
CHN::SAMN41373971	SAMN41373971	SAMN41373971	GCA_039677885		CHN	China	2019	2019-01-01	2019-12-31	2019			year	False	PRJNA1110622	assembly_metadata	current_2406_archive	historical_tree_anchor	focal_genome_observation	True	archive_analysis_genome	True	False	True			ptxP1/fim3-1	provisional_marker_or_published_annotation	Branch_IIb	ptxP1/fim3-1		ptxP1	fim3-1	MR_A2047G	False	1	2026-07-24	Legacy PRN endpoints ignored; record retained only for genome/date/project/marker metadata.						ok	Asia	local_fasta	2019.0	ptxP1/fim3-1	2019	9423a23036b520793abeca875d3234cc7fa68c8f85591a874f42dcfc7d833d5e	historical_all_available_gate_rescue	focal	
CHN::SAMN41373972	SAMN41373972	SAMN41373972	GCA_039677875		CHN	China	2019	2019-01-01	2019-12-31	2019			year	False	PRJNA1110622	assembly_metadata	current_2406_archive	historical_tree_anchor	focal_genome_observation	True	archive_analysis_genome	True	False	True			ptxP1/fim3-1	provisional_marker_or_published_annotation	Branch_IIb	ptxP1/fim3-1		ptxP1	fim3-1	MR_A2047G	False	1	2026-07-24	Legacy PRN endpoints ignored; record retained only for genome/date/project/marker metadata.						ok	Asia	local_fasta	2019.0	ptxP1/fim3-1	2019	729f7d80667b096d6517c8bdce74ca951dee11df9a1622fd7751b5bf1a4cd7dd	historical_all_available_gate_rescue	focal	
CHN::SAMN41373973	SAMN41373973	SAMN41373973	GCA_039677845		CHN	China	2019	2019-01-01	2019-12-31	2019			year	False	PRJNA1110622	assembly_metadata	current_2406_archive	historical_tree_anchor	focal_genome_observation	True	archive_analysis_genome	True	False	True			ptxP1/fim3-1	provisional_marker_or_published_annotation	Branch_IIb	ptxP1/fim3-1		ptxP1	fim3-1	MR_A2047G	False	1	2026-07-24	Legacy PRN endpoints ignored; record retained only for genome/date/project/marker metadata.						ok	Asia	local_fasta	2019.0	ptxP1/fim3-1	2019	ddb6988cea9d151679ee9a8567d51d4d086122f5555569798e757711ab76e823	historical_all_available_gate_rescue	focal	
CHN::SAMN41373974	SAMN41373974	SAMN41373974	GCA_039677825		CHN	China	2019	2019-01-01	2019-12-31	2019			year	False	PRJNA1110622	assembly_metadata	current_2406_archive	historical_tree_anchor	focal_genome_observation	True	archive_analysis_genome	True	False	True			ptxP1/fim3-1	provisional_marker_or_published_annotation	Branch_IIb	ptxP1/fim3-1		ptxP1	fim3-1	MR_A2047G	False	1	2026-07-24	Legacy PRN endpoints ignored; record retained only for genome/date/project/marker metadata.						ok	Asia	local_fasta	2019.0	ptxP1/fim3-1	2019	96a9c81d43435be60e24d749a1f825d4fd165d31c9961238562477d241fac700	historical_all_available_gate_rescue	focal	
CHN::SAMN41373975	SAMN41373975	SAMN41373975	GCA_039677805		CHN	China	2019	2019-01-01	2019-12-31	2019			year	False	PRJNA1110622	assembly_metadata	current_2406_archive	historical_tree_anchor	focal_genome_observation	True	archive_analysis_genome	True	False	True			ptxP1/fim3-1	provisional_marker_or_published_annotation	Branch_IIb	ptxP1/fim3-1		ptxP1	fim3-1	MR_A2047G	False	1	2026-07-24	Legacy PRN endpoints ignored; record retained only for genome/date/project/marker metadata.						ok	Asia	local_fasta	2019.0	ptxP1/fim3-1	2019	0027803778a3eb95508c0084e3d4274008c241a7f384042bba2d194041aad404	historical_all_available_gate_rescue	focal	
CHN::SAMN50151934	SAMN50151934	SAMN50151934	GCA_053475005		CHN	China	2018	2018-01-01	2018-12-31	2018			year	False	PRJNA1295129	assembly_metadata	current_2406_archive	historical_tree_anchor	focal_genome_observation	True	archive_analysis_genome	True	False	True				provisional_marker_or_published_annotation							False	1	2026-07-24	Legacy PRN endpoints ignored; record retained only for genome/date/project/marker metadata.						ok	Asia	local_fasta	2018.0	UNKNOWN_LINEAGE	2018	e5b8e3870b85e525a580f8964d9567cc5c14cbfda855c2ed47b8519d84c9445c	historical_all_available_gate_rescue	focal	
CHN::SAMN50151935	SAMN50151935	SAMN50151935	GCA_053474985		CHN	China	2018	2018-01-01	2018-12-31	2018			year	False	PRJNA1295129	assembly_metadata	current_2406_archive	historical_tree_anchor	focal_genome_observation	True	archive_analysis_genome	True	False	True				provisional_marker_or_published_annotation							False	1	2026-07-24	Legacy PRN endpoints ignored; record retained only for genome/date/project/marker metadata.						ok	Asia	local_fasta	2018.0	UNKNOWN_LINEAGE	2018	1e5cab88f39eee87c66b10a20f1457d656324c89d9f1169ae89d0f3e78f03542	historical_all_available_gate_rescue	focal	
CHN::SAMN50151936	SAMN50151936	SAMN50151936	GCA_053474965		CHN	China	2018	2018-01-01	2018-12-31	2018			year	False	PRJNA1295129	assembly_metadata	current_2406_archive	historical_tree_anchor	focal_genome_observation	True	archive_analysis_genome	True	False	True				provisional_marker_or_published_annotation							False	1	2026-07-24	Legacy PRN endpoints ignored; record retained only for genome/date/project/marker metadata.						ok	Asia	local_fasta	2018.0	UNKNOWN_LINEAGE	2018	cfc5fd211cd482bec277fb6b37a57f8bdff5d7428e91c2571dba29bbeeaad829	historical_all_available_gate_rescue	focal	
CHN::SAMN50151937	SAMN50151937	SAMN50151937	GCA_053474945		CHN	China	2018	2018-01-01	2018-12-31	2018			year	False	PRJNA1295129	assembly_metadata	current_2406_archive	historical_tree_anchor	focal_genome_observation	True	archive_analysis_genome	True	False	True				provisional_marker_or_published_annotation							False	1	2026-07-24	Legacy PRN endpoints ignored; record retained only for genome/date/project/marker metadata.						ok	Asia	local_fasta	2018.0	UNKNOWN_LINEAGE	2018	6359cfdbf37255cc321791808ac63703e553f12cd475f92b56688a6a85759961	historical_all_available_gate_rescue	focal	
CHN::SAMN50151938	SAMN50151938	SAMN50151938	GCA_053474925		CHN	China	2018	2018-01-01	2018-12-31	2018			year	False	PRJNA1295129	assembly_metadata	current_2406_archive	historical_tree_anchor	focal_genome_observation	True	archive_analysis_genome	True	False	True				provisional_marker_or_published_annotation							False	1	2026-07-24	Legacy PRN endpoints ignored; record retained only for genome/date/project/marker metadata.						ok	Asia	local_fasta	2018.0	UNKNOWN_LINEAGE	2018	23d44790841e47c619c6f713a302cd1c6db0cc2bbd885ed90da76b58dc09b65f	historical_all_available_gate_rescue	focal	
CHN::SAMN50151939	SAMN50151939	SAMN50151939	GCA_053474905		CHN	China	2018	2018-01-01	2018-12-31	2018			year	False	PRJNA1295129	assembly_metadata	current_2406_archive	historical_tree_anchor	focal_genome_observation	True	archive_analysis_genome	True	False	True				provisional_marker_or_published_annotation							False	1	2026-07-24	Legacy PRN endpoints ignored; record retained only for genome/date/project/marker metadata.						ok	Asia	local_fasta	2018.0	UNKNOWN_LINEAGE	2018	010bfb256eb8b8b241f206d3ae6e1ae5e407e1886753d360323d6f15dcbd6003	historical_all_available_gate_rescue	focal	
CHN::SAMN50151940	SAMN50151940	SAMN50151940	GCA_053474745		CHN	China	2018	2018-01-01	2018-12-31	2018			year	False	PRJNA1295129	assembly_metadata	current_2406_archive	historical_tree_anchor	focal_genome_observation	True	archive_analysis_genome	True	False	True				provisional_marker_or_published_annotation							False	1	2026-07-24	Legacy PRN endpoints ignored; record retained only for genome/date/project/marker metadata.						ok	Asia	local_fasta	2018.0	UNKNOWN_LINEAGE	2018	20cb2958710126c54ad8243b10516a2c8aca25cc5e217e293ae8a0a5d88a8ff2	historical_all_available_gate_rescue	focal	
CHN::SAMN50151941	SAMN50151941	SAMN50151941	GCA_053474765		CHN	China	2018	2018-01-01	2018-12-31	2018			year	False	PRJNA1295129	assembly_metadata	current_2406_archive	historical_tree_anchor	focal_genome_observation	True	archive_analysis_genome	True	False	True				provisional_marker_or_published_annotation							False	1	2026-07-24	Legacy PRN endpoints ignored; record retained only for genome/date/project/marker metadata.						ok	Asia	local_fasta	2018.0	UNKNOWN_LINEAGE	2018	a4f40af1e3baafff2624f44598610fcbad918818e44c81c00e6184aae95a6768	historical_all_available_gate_rescue	focal	
CHN::SAMN50151942	SAMN50151942	SAMN50151942	GCA_053474725		CHN	China	2018	2018-01-01	2018-12-31	2018			year	False	PRJNA1295129	assembly_metadata	current_2406_archive	historical_tree_anchor	focal_genome_observation	True	archive_analysis_genome	True	False	True				provisional_marker_or_published_annotation							False	1	2026-07-24	Legacy PRN endpoints ignored; record retained only for genome/date/project/marker metadata.						ok	Asia	local_fasta	2018.0	UNKNOWN_LINEAGE	2018	c82525c591572da54eda8b0f3afaca7cbb56beffc5b5c8fbf9ed4f2547a46e0e	historical_all_available_gate_rescue	focal	
CHN::SAMN50151943	SAMN50151943	SAMN50151943	GCA_053474685		CHN	China	2018	2018-01-01	2018-12-31	2018			year	False	PRJNA1295129	assembly_metadata	current_2406_archive	historical_tree_anchor	focal_genome_observation	True	archive_analysis_genome	True	False	True				provisional_marker_or_published_annotation							False	1	2026-07-24	Legacy PRN endpoints ignored; record retained only for genome/date/project/marker metadata.						ok	Asia	local_fasta	2018.0	UNKNOWN_LINEAGE	2018	b4c8f6e4216060fb1465804386eb2ec113d36f570992f0b00323ee297987d98a	historical_all_available_gate_rescue	focal	
CHN::SAMN50151944	SAMN50151944	SAMN50151944	GCA_053474705		CHN	China	2018	2018-01-01	2018-12-31	2018			year	False	PRJNA1295129	assembly_metadata	current_2406_archive	historical_tree_anchor	focal_genome_observation	True	archive_analysis_genome	True	False	True				provisional_marker_or_published_annotation							False	1	2026-07-24	Legacy PRN endpoints ignored; record retained only for genome/date/project/marker metadata.						ok	Asia	local_fasta	2018.0	UNKNOWN_LINEAGE	2018	4392f9174850d8efc3adea414022220209f31316eefb7978062ffe9a5d4c6d2a	historical_all_available_gate_rescue	focal	
CHN::SAMN50151945	SAMN50151945	SAMN50151945	GCA_053474665		CHN	China	2018	2018-01-01	2018-12-31	2018			year	False	PRJNA1295129	assembly_metadata	current_2406_archive	historical_tree_anchor	focal_genome_observation	True	archive_analysis_genome	True	False	True				provisional_marker_or_published_annotation							False	1	2026-07-24	Legacy PRN endpoints ignored; record retained only for genome/date/project/marker metadata.						ok	Asia	local_fasta	2018.0	UNKNOWN_LINEAGE	2018	c0bf783e68ec9bed660e81ecfdc946c73aa19d101811e5121ad3bbe48e8a2c78	historical_all_available_gate_rescue	focal	
CHN::SAMN50151946	SAMN50151946	SAMN50151946	GCA_053474645		CHN	China	2018	2018-01-01	2018-12-31	2018			year	False	PRJNA1295129	assembly_metadata	current_2406_archive	historical_tree_anchor	focal_genome_observation	True	archive_analysis_genome	True	False	True				provisional_marker_or_published_annotation							False	1	2026-07-24	Legacy PRN endpoints ignored; record retained only for genome/date/project/marker metadata.						ok	Asia	local_fasta	2018.0	UNKNOWN_LINEAGE	2018	8c58c750efc6a6c7fb3c434c18709eb221e3c04e254c6eeb373381544a348fb6	historical_all_available_gate_rescue	focal	
CHN::SAMN50151947	SAMN50151947	SAMN50151947	GCA_053474625		CHN	China	2018	2018-01-01	2018-12-31	2018			year	False	PRJNA1295129	assembly_metadata	current_2406_archive	historical_tree_anchor	focal_genome_observation	True	archive_analysis_genome	True	False	True				provisional_marker_or_published_annotation							False	1	2026-07-24	Legacy PRN endpoints ignored; record retained only for genome/date/project/marker metadata.						ok	Asia	local_fasta	2018.0	UNKNOWN_LINEAGE	2018	46e776590aa24b7266298291566475fadb9e58ebf6cc1079601ba41fde76ab3c	historical_all_available_gate_rescue	focal	
CHN::SAMN50151948	SAMN50151948	SAMN50151948	GCA_053474605		CHN	China	2018	2018-01-01	2018-12-31	2018			year	False	PRJNA1295129	assembly_metadata	current_2406_archive	historical_tree_anchor	focal_genome_observation	True	archive_analysis_genome	True	False	True				provisional_marker_or_published_annotation							False	1	2026-07-24	Legacy PRN endpoints ignored; record retained only for genome/date/project/marker metadata.						ok	Asia	local_fasta	2018.0	UNKNOWN_LINEAGE	2018	f1b6bafe4c9b766727e06d19488640cffaef7b3fe12726543f0f588841112e1c	historical_all_available_gate_rescue	focal	
CHN::SAMN50151949	SAMN50151949	SAMN50151949	GCA_053474585		CHN	China	2018	2018-01-01	2018-12-31	2018			year	False	PRJNA1295129	assembly_metadata	current_2406_archive	historical_tree_anchor	focal_genome_observation	True	archive_analysis_genome	True	False	True				provisional_marker_or_published_annotation							False	1	2026-07-24	Legacy PRN endpoints ignored; record retained only for genome/date/project/marker metadata.						ok	Asia	local_fasta	2018.0	UNKNOWN_LINEAGE	2018	c12933e859e04a644e207423f2867d3c68eff7cc2f69d94888f3ac402113d843	historical_all_available_gate_rescue	focal	
CHN::SAMN50151950	SAMN50151950	SAMN50151950	GCA_053474545		CHN	China	2018	2018-01-01	2018-12-31	2018			year	False	PRJNA1295129	assembly_metadata	current_2406_archive	historical_tree_anchor	focal_genome_observation	True	archive_analysis_genome	True	False	True				provisional_marker_or_published_annotation							False	1	2026-07-24	Legacy PRN endpoints ignored; record retained only for genome/date/project/marker metadata.						ok	Asia	local_fasta	2018.0	UNKNOWN_LINEAGE	2018	53dc9cfd5171ad45e0ea238f1d2ea64b15286b56cce29bfeffec561e8c65e35d	historical_all_available_gate_rescue	focal	
CHN::SAMN50151951	SAMN50151951	SAMN50151951	GCA_053474565		CHN	China	2018	2018-01-01	2018-12-31	2018			year	False	PRJNA1295129	assembly_metadata	current_2406_archive	historical_tree_anchor	focal_genome_observation	True	archive_analysis_genome	True	False	True				provisional_marker_or_published_annotation							False	1	2026-07-24	Legacy PRN endpoints ignored; record retained only for genome/date/project/marker metadata.						ok	Asia	local_fasta	2018.0	UNKNOWN_LINEAGE	2018	459dab928efdd3ed5a23ae500fb1077f2f74d7faecf7d434c78bc7ee5fcc201f	historical_all_available_gate_rescue	focal	
CHN::SAMN50151952	SAMN50151952	SAMN50151952	GCA_053474505		CHN	China	2018	2018-01-01	2018-12-31	2018			year	False	PRJNA1295129	assembly_metadata	current_2406_archive	historical_tree_anchor	focal_genome_observation	True	archive_analysis_genome	True	False	True				provisional_marker_or_published_annotation							False	1	2026-07-24	Legacy PRN endpoints ignored; record retained only for genome/date/project/marker metadata.						ok	Asia	local_fasta	2018.0	UNKNOWN_LINEAGE	2018	55a5aadea3d5223a6767f66c23e41a07fc99ae641145223350752cffb5ebeb9b	historical_all_available_gate_rescue	focal	
CHN::SAMN50151953	SAMN50151953	SAMN50151953	GCA_053474485		CHN	China	2018	2018-01-01	2018-12-31	2018			year	False	PRJNA1295129	assembly_metadata	current_2406_archive	historical_tree_anchor	focal_genome_observation	True	archive_analysis_genome	True	False	True				provisional_marker_or_published_annotation							False	1	2026-07-24	Legacy PRN endpoints ignored; record retained only for genome/date/project/marker metadata.						ok	Asia	local_fasta	2018.0	UNKNOWN_LINEAGE	2018	e3b26036206abf377262a09e4cb844f0c19e0f2fc7ec5967df52d6dbb4d8efbe	historical_all_available_gate_rescue	focal	
CHN::SAMN50151954	SAMN50151954	SAMN50151954	GCA_053474525		CHN	China	2018	2018-01-01	2018-12-31	2018			year	False	PRJNA1295129	assembly_metadata	current_2406_archive	historical_tree_anchor	focal_genome_observation	True	archive_analysis_genome	True	False	True				provisional_marker_or_published_annotation							False	1	2026-07-24	Legacy PRN endpoints ignored; record retained only for genome/date/project/marker metadata.						ok	Asia	local_fasta	2018.0	UNKNOWN_LINEAGE	2018	e45c35f69cbf2a32c783228faa7cad91c34fc53da7374ce48cf08e3ae60f1e3a	historical_all_available_gate_rescue	focal	
CHN::SAMN50151955	SAMN50151955	SAMN50151955	GCA_053474465		CHN	China	2018	2018-01-01	2018-12-31	2018			year	False	PRJNA1295129	assembly_metadata	current_2406_archive	historical_tree_anchor	focal_genome_observation	True	archive_analysis_genome	True	False	True				provisional_marker_or_published_annotation							False	1	2026-07-24	Legacy PRN endpoints ignored; record retained only for genome/date/project/marker metadata.						ok	Asia	local_fasta	2018.0	UNKNOWN_LINEAGE	2018	0eb6772df5f9b073fa10b3f987814cf2cf857368ad86b9b25d5be8f784c973f9	historical_all_available_gate_rescue	focal	
CHN::SAMN50151956	SAMN50151956	SAMN50151956	GCA_053474425		CHN	China	2018	2018-01-01	2018-12-31	2018			year	False	PRJNA1295129	assembly_metadata	current_2406_archive	historical_tree_anchor	focal_genome_observation	True	archive_analysis_genome	True	False	True				provisional_marker_or_published_annotation							False	1	2026-07-24	Legacy PRN endpoints ignored; record retained only for genome/date/project/marker metadata.						ok	Asia	local_fasta	2018.0	UNKNOWN_LINEAGE	2018	ec6aa0316b6f3751a8b0650c3afb0b5523fa535bf27329db67febd336bbd0f48	historical_all_available_gate_rescue	focal	
CHN::SAMN50151957	SAMN50151957	SAMN50151957	GCA_053474445		CHN	China	2018	2018-01-01	2018-12-31	2018			year	False	PRJNA1295129	assembly_metadata	current_2406_archive	historical_tree_anchor	focal_genome_observation	True	archive_analysis_genome	True	False	True				provisional_marker_or_published_annotation							False	1	2026-07-24	Legacy PRN endpoints ignored; record retained only for genome/date/project/marker metadata.						ok	Asia	local_fasta	2018.0	UNKNOWN_LINEAGE	2018	56f1a019168629554477e9d5920555cb493719be2219438209baa5a48359aa09	historical_all_available_gate_rescue	focal	
CHN::SAMN50151958	SAMN50151958	SAMN50151958	GCA_053474405		CHN	China	2019	2019-01-01	2019-12-31	2019			year	False	PRJNA1295129	assembly_metadata	current_2406_archive	historical_tree_anchor	focal_genome_observation	True	archive_analysis_genome	True	False	True				provisional_marker_or_published_annotation							False	1	2026-07-24	Legacy PRN endpoints ignored; record retained only for genome/date/project/marker metadata.						ok	Asia	local_fasta	2019.0	UNKNOWN_LINEAGE	2019	c04eff74d05a5e7fb4ce9851fe19309ad25274ada245880ddb02c8c1f6cdbfc8	historical_all_available_gate_rescue	focal	
CHN::SAMN50151959	SAMN50151959	SAMN50151959	GCA_053474385		CHN	China	2019	2019-01-01	2019-12-31	2019			year	False	PRJNA1295129	assembly_metadata	current_2406_archive	historical_tree_anchor	focal_genome_observation	True	archive_analysis_genome	True	False	True				provisional_marker_or_published_annotation							False	1	2026-07-24	Legacy PRN endpoints ignored; record retained only for genome/date/project/marker metadata.						ok	Asia	local_fasta	2019.0	UNKNOWN_LINEAGE	2019	375ed0fc5f8d8e46a0d8f45982f6310f99772c8e90c45fc8ac74806e5d6c149a	historical_all_available_gate_rescue	focal	
CHN::SAMN50151960	SAMN50151960	SAMN50151960	GCA_053474365		CHN	China	2019	2019-01-01	2019-12-31	2019			year	False	PRJNA1295129	assembly_metadata	current_2406_archive	historical_tree_anchor	focal_genome_observation	True	archive_analysis_genome	True	False	True				provisional_marker_or_published_annotation							False	1	2026-07-24	Legacy PRN endpoints ignored; record retained only for genome/date/project/marker metadata.						ok	Asia	local_fasta	2019.0	UNKNOWN_LINEAGE	2019	fee7eaa72435f177f496349bebca3c4f63dc93e08e5eadb9f45d6654baf2ebe9	historical_all_available_gate_rescue	focal	
CHN::SAMN50151961	SAMN50151961	SAMN50151961	GCA_053474325		CHN	China	2019	2019-01-01	2019-12-31	2019			year	False	PRJNA1295129	assembly_metadata	current_2406_archive	historical_tree_anchor	focal_genome_observation	True	archive_analysis_genome	True	False	True				provisional_marker_or_published_annotation							False	1	2026-07-24	Legacy PRN endpoints ignored; record retained only for genome/date/project/marker metadata.						ok	Asia	local_fasta	2019.0	UNKNOWN_LINEAGE	2019	0a052778de71b0665ac4cba60f979a173b735899b0c2cec266d57888b7fa5b33	historical_all_available_gate_rescue	focal	
CHN::SAMN50151962	SAMN50151962	SAMN50151962	GCA_053474345		CHN	China	2019	2019-01-01	2019-12-31	2019			year	False	PRJNA1295129	assembly_metadata	current_2406_archive	historical_tree_anchor	focal_genome_observation	True	archive_analysis_genome	True	False	True				provisional_marker_or_published_annotation							False	1	2026-07-24	Legacy PRN endpoints ignored; record retained only for genome/date/project/marker metadata.						ok	Asia	local_fasta	2019.0	UNKNOWN_LINEAGE	2019	44182eb9468545a1e02ccef18dc3e00f4c85efa54f60a2b531450bbe6a1812ff	historical_all_available_gate_rescue	focal	
CHN::SAMN50151963	SAMN50151963	SAMN50151963	GCA_053474305		CHN	China	2019	2019-01-01	2019-12-31	2019			year	False	PRJNA1295129	assembly_metadata	current_2406_archive	historical_tree_anchor	focal_genome_observation	True	archive_analysis_genome	True	False	True				provisional_marker_or_published_annotation							False	1	2026-07-24	Legacy PRN endpoints ignored; record retained only for genome/date/project/marker metadata.						ok	Asia	local_fasta	2019.0	UNKNOWN_LINEAGE	2019	22510f5ef9309f7630f9aaf4f3bc84fcc897fbff4787d2882561e5a9c87bcc36	historical_all_available_gate_rescue	focal	
CHN::SAMN50151964	SAMN50151964	SAMN50151964	GCA_053474285		CHN	China	2019	2019-01-01	2019-12-31	2019			year	False	PRJNA1295129	assembly_metadata	current_2406_archive	historical_tree_anchor	focal_genome_observation	True	archive_analysis_genome	True	False	True				provisional_marker_or_published_annotation							False	1	2026-07-24	Legacy PRN endpoints ignored; record retained only for genome/date/project/marker metadata.						ok	Asia	local_fasta	2019.0	UNKNOWN_LINEAGE	2019	6a078483b81f5cd0bc74df5ffba8f2c96fcaf2f94b05c7b7f3af71e0b705cade	historical_all_available_gate_rescue	focal	
CHN::SAMN50151965	SAMN50151965	SAMN50151965	GCA_053474265		CHN	China	2019	2019-01-01	2019-12-31	2019			year	False	PRJNA1295129	assembly_metadata	current_2406_archive	historical_tree_anchor	focal_genome_observation	True	archive_analysis_genome	True	False	True				provisional_marker_or_published_annotation							False	1	2026-07-24	Legacy PRN endpoints ignored; record retained only for genome/date/project/marker metadata.						ok	Asia	local_fasta	2019.0	UNKNOWN_LINEAGE	2019	0ee50517f24d176722f43b43acc39a1634903edd5b258e0972ccea44fe8f0f61	historical_all_available_gate_rescue	focal	
CHN::SAMN50151966	SAMN50151966	SAMN50151966	GCA_053474245		CHN	China	2019	2019-01-01	2019-12-31	2019			year	False	PRJNA1295129	assembly_metadata	current_2406_archive	historical_tree_anchor	focal_genome_observation	True	archive_analysis_genome	True	False	True				provisional_marker_or_published_annotation							False	1	2026-07-24	Legacy PRN endpoints ignored; record retained only for genome/date/project/marker metadata.						ok	Asia	local_fasta	2019.0	UNKNOWN_LINEAGE	2019	c234b5a1074c118196f2ea18e8bb99c0cfdf35fc3cc5d5b615f0f0cf445885cb	historical_all_available_gate_rescue	focal	
CHN::SAMN50151967	SAMN50151967	SAMN50151967	GCA_053474205		CHN	China	2019	2019-01-01	2019-12-31	2019			year	False	PRJNA1295129	assembly_metadata	current_2406_archive	historical_tree_anchor	focal_genome_observation	True	archive_analysis_genome	True	False	True				provisional_marker_or_published_annotation							False	1	2026-07-24	Legacy PRN endpoints ignored; record retained only for genome/date/project/marker metadata.						ok	Asia	local_fasta	2019.0	UNKNOWN_LINEAGE	2019	a4460661c6bb8e247ca145041853e0aeb80ec9bd5288a791781a480703bbb44d	historical_all_available_gate_rescue	focal	
CHN::SAMN50151968	SAMN50151968	SAMN50151968	GCA_053474225		CHN	China	2019	2019-01-01	2019-12-31	2019			year	False	PRJNA1295129	assembly_metadata	current_2406_archive	historical_tree_anchor	focal_genome_observation	True	archive_analysis_genome	True	False	True				provisional_marker_or_published_annotation							False	1	2026-07-24	Legacy PRN endpoints ignored; record retained only for genome/date/project/marker metadata.						ok	Asia	local_fasta	2019.0	UNKNOWN_LINEAGE	2019	36a6ec701384a78b413e8fc7669e3083885218f783cccc4da338a6a70184fa14	historical_all_available_gate_rescue	focal	
CHN::SAMN50151969	SAMN50151969	SAMN50151969	GCA_053474185		CHN	China	2019	2019-01-01	2019-12-31	2019			year	False	PRJNA1295129	assembly_metadata	current_2406_archive	historical_tree_anchor	focal_genome_observation	True	archive_analysis_genome	True	False	True				provisional_marker_or_published_annotation							False	1	2026-07-24	Legacy PRN endpoints ignored; record retained only for genome/date/project/marker metadata.						ok	Asia	local_fasta	2019.0	UNKNOWN_LINEAGE	2019	bf2eed10506acf477bdb219a806d735467ac028c2a62d41aba725b18136954f5	historical_all_available_gate_rescue	focal	
CHN::SAMN50151970	SAMN50151970	SAMN50151970	GCA_053474145		CHN	China	2019	2019-01-01	2019-12-31	2019			year	False	PRJNA1295129	assembly_metadata	current_2406_archive	historical_tree_anchor	focal_genome_observation	True	archive_analysis_genome	True	False	True				provisional_marker_or_published_annotation							False	1	2026-07-24	Legacy PRN endpoints ignored; record retained only for genome/date/project/marker metadata.						ok	Asia	local_fasta	2019.0	UNKNOWN_LINEAGE	2019	0107365cdb5c748a0b93ce73464e737ee729bbbece10b1d412804c65387a2dbf	historical_all_available_gate_rescue	focal	
CHN::SAMN50151971	SAMN50151971	SAMN50151971	GCA_053474165		CHN	China	2019	2019-01-01	2019-12-31	2019			year	False	PRJNA1295129	assembly_metadata	current_2406_archive	historical_tree_anchor	focal_genome_observation	True	archive_analysis_genome	True	False	True				provisional_marker_or_published_annotation							False	1	2026-07-24	Legacy PRN endpoints ignored; record retained only for genome/date/project/marker metadata.						ok	Asia	local_fasta	2019.0	UNKNOWN_LINEAGE	2019	a61921f7d5770378850613917934bb6427e9e37c36cde8efdfd54f4f867530b0	historical_all_available_gate_rescue	focal	
CHN::SAMN50151972	SAMN50151972	SAMN50151972	GCA_053474125		CHN	China	2019	2019-01-01	2019-12-31	2019			year	False	PRJNA1295129	assembly_metadata	current_2406_archive	historical_tree_anchor	focal_genome_observation	True	archive_analysis_genome	True	False	True				provisional_marker_or_published_annotation							False	1	2026-07-24	Legacy PRN endpoints ignored; record retained only for genome/date/project/marker metadata.						ok	Asia	local_fasta	2019.0	UNKNOWN_LINEAGE	2019	8d3abd92b85e54e5fd6ce033ea4b79338f0e7c244a724a65d3e5bf685869286b	historical_all_available_gate_rescue	focal	
CHN::SAMN50151973	SAMN50151973	SAMN50151973	GCA_053474105		CHN	China	2019	2019-01-01	2019-12-31	2019			year	False	PRJNA1295129	assembly_metadata	current_2406_archive	historical_tree_anchor	focal_genome_observation	True	archive_analysis_genome	True	False	True				provisional_marker_or_published_annotation							False	1	2026-07-24	Legacy PRN endpoints ignored; record retained only for genome/date/project/marker metadata.						ok	Asia	local_fasta	2019.0	UNKNOWN_LINEAGE	2019	4decaaf630ef0b450021095ea77672577aa987a417e23cd6e17dd8b3c6e44427	historical_all_available_gate_rescue	focal	
CHN::SAMN50151974	SAMN50151974	SAMN50151974	GCA_053474085		CHN	China	2019	2019-01-01	2019-12-31	2019			year	False	PRJNA1295129	assembly_metadata	current_2406_archive	historical_tree_anchor	focal_genome_observation	True	archive_analysis_genome	True	False	True				provisional_marker_or_published_annotation							False	1	2026-07-24	Legacy PRN endpoints ignored; record retained only for genome/date/project/marker metadata.						ok	Asia	local_fasta	2019.0	UNKNOWN_LINEAGE	2019	ca60d829f5100de8b3f06f78e7131e070b8b92036e08d15eba42eb47c2214eea	historical_all_available_gate_rescue	focal	
CHN::SAMN50151975	SAMN50151975	SAMN50151975	GCA_053474065		CHN	China	2019	2019-01-01	2019-12-31	2019			year	False	PRJNA1295129	assembly_metadata	current_2406_archive	historical_tree_anchor	focal_genome_observation	True	archive_analysis_genome	True	False	True				provisional_marker_or_published_annotation							False	1	2026-07-24	Legacy PRN endpoints ignored; record retained only for genome/date/project/marker metadata.						ok	Asia	local_fasta	2019.0	UNKNOWN_LINEAGE	2019	7b87eb9778ce838fa9134132565c4d8e3f1269415acb91de27686466c146d8e4	historical_all_available_gate_rescue	focal	
CHN::SAMN50151976	SAMN50151976	SAMN50151976	GCA_053474045		CHN	China	2019	2019-01-01	2019-12-31	2019			year	False	PRJNA1295129	assembly_metadata	current_2406_archive	historical_tree_anchor	focal_genome_observation	True	archive_analysis_genome	True	False	True				provisional_marker_or_published_annotation							False	1	2026-07-24	Legacy PRN endpoints ignored; record retained only for genome/date/project/marker metadata.						ok	Asia	local_fasta	2019.0	UNKNOWN_LINEAGE	2019	5a5a20063f539cb92ad328440d5b3d97d7f24081686d4636765bcfca538b78d4	historical_all_available_gate_rescue	focal	
CHN::SAMN50151977	SAMN50151977	SAMN50151977	GCA_053474025		CHN	China	2019	2019-01-01	2019-12-31	2019			year	False	PRJNA1295129	assembly_metadata	current_2406_archive	historical_tree_anchor	focal_genome_observation	True	archive_analysis_genome	True	False	True				provisional_marker_or_published_annotation							False	1	2026-07-24	Legacy PRN endpoints ignored; record retained only for genome/date/project/marker metadata.						ok	Asia	local_fasta	2019.0	UNKNOWN_LINEAGE	2019	fade2cfb72adcc3562c34f167e92b5e3f49f0340b0de91b500a4a7336521c354	historical_all_available_gate_rescue	focal	
CHN::SAMN50151978	SAMN50151978	SAMN50151978	GCA_053474005		CHN	China	2019	2019-01-01	2019-12-31	2019			year	False	PRJNA1295129	assembly_metadata	current_2406_archive	historical_tree_anchor	focal_genome_observation	True	archive_analysis_genome	True	False	True				provisional_marker_or_published_annotation							False	1	2026-07-24	Legacy PRN endpoints ignored; record retained only for genome/date/project/marker metadata.						ok	Asia	local_fasta	2019.0	UNKNOWN_LINEAGE	2019	137ff1dee763aa001cdbd1d480d41259a7b8380137f4194ec46c6a3e2250a5a4	historical_all_available_gate_rescue	focal	
CHN::SAMN50151979	SAMN50151979	SAMN50151979	GCA_053473985		CHN	China	2019	2019-01-01	2019-12-31	2019			year	False	PRJNA1295129	assembly_metadata	current_2406_archive	historical_tree_anchor	focal_genome_observation	True	archive_analysis_genome	True	False	True				provisional_marker_or_published_annotation							False	1	2026-07-24	Legacy PRN endpoints ignored; record retained only for genome/date/project/marker metadata.						ok	Asia	local_fasta	2019.0	UNKNOWN_LINEAGE	2019	45cff6964c85c10e268e9d8adb7151dafe86b84e82e2d40af3b82c9996bceb7b	historical_all_available_gate_rescue	focal	
CHN::SAMN50151980	SAMN50151980	SAMN50151980	GCA_053473965		CHN	China	2019	2019-01-01	2019-12-31	2019			year	False	PRJNA1295129	assembly_metadata	current_2406_archive	historical_tree_anchor	focal_genome_observation	True	archive_analysis_genome	True	False	True				provisional_marker_or_published_annotation							False	1	2026-07-24	Legacy PRN endpoints ignored; record retained only for genome/date/project/marker metadata.						ok	Asia	local_fasta	2019.0	UNKNOWN_LINEAGE	2019	32bd28063504e6e305224188cd20a4fd422a195eba4b1f453d3d4a5e90486a62	historical_all_available_gate_rescue	focal	
CHN::SAMN50151981	SAMN50151981	SAMN50151981	GCA_053473945		CHN	China	2019	2019-01-01	2019-12-31	2019			year	False	PRJNA1295129	assembly_metadata	current_2406_archive	historical_tree_anchor	focal_genome_observation	True	archive_analysis_genome	True	False	True				provisional_marker_or_published_annotation							False	1	2026-07-24	Legacy PRN endpoints ignored; record retained only for genome/date/project/marker metadata.						ok	Asia	local_fasta	2019.0	UNKNOWN_LINEAGE	2019	c62e9d7ca74c9d8cda63ec595e55793b7f7d62fc42aa55077cb5384c85749726	historical_all_available_gate_rescue	focal	
CHN::SAMN50151982	SAMN50151982	SAMN50151982	GCA_053473925		CHN	China	2019	2019-01-01	2019-12-31	2019			year	False	PRJNA1295129	assembly_metadata	current_2406_archive	historical_tree_anchor	focal_genome_observation	True	archive_analysis_genome	True	False	True				provisional_marker_or_published_annotation							False	1	2026-07-24	Legacy PRN endpoints ignored; record retained only for genome/date/project/marker metadata.						ok	Asia	local_fasta	2019.0	UNKNOWN_LINEAGE	2019	05bb7e7993883903ca9a89a45dd76ece0b9debb06948db5f9954e5e4d6a68dcd	historical_all_available_gate_rescue	focal	
CHN::SAMN50151983	SAMN50151983	SAMN50151983	GCA_053473905		CHN	China	2019	2019-01-01	2019-12-31	2019			year	False	PRJNA1295129	assembly_metadata	current_2406_archive	historical_tree_anchor	focal_genome_observation	True	archive_analysis_genome	True	False	True				provisional_marker_or_published_annotation							False	1	2026-07-24	Legacy PRN endpoints ignored; record retained only for genome/date/project/marker metadata.						ok	Asia	local_fasta	2019.0	UNKNOWN_LINEAGE	2019	4e2f8008635ec48db198cf18280001d62509d97643b6c0ea742a713fffe729e9	historical_all_available_gate_rescue	focal	
CHN::SAMN22233923	SRS10538223	SAMN22233923	RRASM_SRR16303952	SRR16303952	CHN	China		2019-01-01	2019-12-31	2019			year	False	PRJNA770762	study_accession	current_2406_archive	historical_tree_anchor	focal_genome_observation	True	archive_analysis_genome	True	False	True			ptxP1/fim3-1	provisional_marker_or_published_annotation	Branch_IIb	ptxP1/fim3-1		ptxP1	fim3-1	MR_A2047G	False	1	2026-07-24	Legacy PRN endpoints ignored; record retained only for genome/date/project/marker metadata.						ok	Asia	local_fasta	2019.0	ptxP1/fim3-1	2019	de124acb32e735a37e163cefdeb6abf579f2e8eedc9581016ef5c858b99e8126	historical_all_available_gate_rescue	focal	
CHN::SAMN22233924	SRS10538224	SAMN22233924	RRASM_SRR16303951	SRR16303951	CHN	China		2018-01-01	2018-12-31	2018			year	False	PRJNA770762	study_accession	current_2406_archive	historical_tree_anchor	focal_genome_observation	True	archive_analysis_genome	True	False	True			ptxP3/fim3-2	provisional_marker_or_published_annotation	Branch_IIb	ptxP3/fim3-2		ptxP3	fim3-2	MS	False	1	2026-07-24	Legacy PRN endpoints ignored; record retained only for genome/date/project/marker metadata.						ok	Asia	local_fasta	2018.0	ptxP3/fim3-2	2018	014a83a57974180e5c7c1a37a85338d4411a973156fd14e6e66081d47e53ba22	historical_all_available_gate_rescue	focal	
CHN::SAMN22233915	SRS10538261	SAMN22233915	RRASM_SRR16303914	SRR16303914	CHN	China		2018-01-01	2018-12-31	2018			year	False	PRJNA770762	study_accession	current_2406_archive	historical_tree_anchor	focal_genome_observation	True	archive_analysis_genome	True	False	True			ptxP1/fim3-1	provisional_marker_or_published_annotation	Branch_IIb	ptxP1/fim3-1		ptxP1	fim3-1	MR_A2047G	False	1	2026-07-24	Legacy PRN endpoints ignored; record retained only for genome/date/project/marker metadata.						ok	Asia	local_fasta	2018.0	ptxP1/fim3-1	2018	e896033612c2dce4c3c3c7b3efdbf808d35a2466e8d7e5cebfccd44e50fa2f03	historical_all_available_gate_rescue	focal	
CHN::SAMN22233918	SRS10538264	SAMN22233918	RRASM_SRR16303911	SRR16303911	CHN	China		2019-01-01	2019-12-31	2019			year	False	PRJNA770762	study_accession	current_2406_archive	historical_tree_anchor	focal_genome_observation	True	archive_analysis_genome	True	False	True			ptxP1/fim3-1	provisional_marker_or_published_annotation	Branch_IIb	ptxP1/fim3-1		ptxP1	fim3-1	MR_A2047G	False	1	2026-07-24	Legacy PRN endpoints ignored; record retained only for genome/date/project/marker metadata.						ok	Asia	local_fasta	2019.0	ptxP1/fim3-1	2019	fb7b6ddccb0cb8fd2644e11511a2cbfe3e2e16d199ecf84a1fb63ab20971cf79	historical_all_available_gate_rescue	focal	
AUS::SAMN22858020	SRS10902074	SAMN22858020	RRASM_SRR16760425	SRR16760425	AUS	Australia		2009-01-01	2009-12-31	2009			year	False	PRJNA562796	study_accession	current_2406_archive	historical_tree_anchor	focal_genome_observation	True	archive_analysis_genome	True	False	True			ptxP3/fim3-2	provisional_marker_or_published_annotation	Branch_IIb	ptxP3/fim3-2		ptxP3	fim3-2	MS	False	1	2026-07-24	Legacy PRN endpoints ignored; record retained only for genome/date/project/marker metadata.		3869499	67.81	415	19620	ok	Oceania	local_fasta	2009.0	ptxP3/fim3-2	2009	6bd98d50a64eb0d67f95f19d1810f8bcab306f09da6ac9c162279d3fb9de8c7f	historical_all_available_gate_rescue	focal	
AUS::SAMN22858044	SRS10902086	SAMN22858044	RRASM_SRR16760399	SRR16760399	AUS	Australia		2008-01-01	2008-12-31	2008			year	False	PRJNA562796	study_accession	current_2406_archive	historical_tree_anchor	focal_genome_observation	True	archive_analysis_genome	True	False	True			ptxP3/fim3-1	provisional_marker_or_published_annotation	Branch_IIb	ptxP3/fim3-1		ptxP3	fim3-1	MS	False	1	2026-07-24	Legacy PRN endpoints ignored; record retained only for genome/date/project/marker metadata.		3853630	67.83	403	20243	ok	Oceania	local_fasta	2008.0	ptxP3/fim3-1	2008	4a0ebefc67b82b6e99c6dd400067824786d10ed9bc4dd38250ee45c544dc6e7c	historical_all_available_gate_rescue	focal	
AUS::SAMN22858066	SRS10902096	SAMN22858066	RRASM_SRR16760375	SRR16760375	AUS	Australia		2010-01-01	2010-12-31	2010			year	False	PRJNA562796	study_accession	current_2406_archive	historical_tree_anchor	focal_genome_observation	True	archive_analysis_genome	True	False	True			ptxP3/fim3-1	provisional_marker_or_published_annotation	Branch_IIb	ptxP3/fim3-1		ptxP3	fim3-1	MS	False	1	2026-07-24	Legacy PRN endpoints ignored; record retained only for genome/date/project/marker metadata.		3852734	67.84	395	20147	ok	Oceania	local_fasta	2010.0	ptxP3/fim3-1	2010	342ea7f5d5da0f27de9accd9871548eea3a5e74498c2c95d0333d6231f6e5fb4	historical_all_available_gate_rescue	focal	
AUS::SAMN22858115	SRS10902136	SAMN22858115	RRASM_SRR16760321	SRR16760321	AUS	Australia		2010-01-01	2010-12-31	2010			year	False	PRJNA562796	study_accession	current_2406_archive	historical_tree_anchor	focal_genome_observation	True	archive_analysis_genome	True	False	True			ptxP3/fim3-1	provisional_marker_or_published_annotation	Branch_IIb	ptxP3/fim3-1		ptxP3	fim3-1	MS	False	1	2026-07-24	Legacy PRN endpoints ignored; record retained only for genome/date/project/marker metadata.		3853745	67.83	387	20298	ok	Oceania	local_fasta	2010.0	ptxP3/fim3-1	2010	f20e16b30dde8e3d9a42df27a42dba64406dba0a4d8f569fd92618fa8678db23	historical_all_available_gate_rescue	focal	
AUS::SAMN22858150	SRS10902159	SAMN22858150	RRASM_SRR16760281	SRR16760281	AUS	Australia		2012-01-01	2012-12-31	2012			year	False	PRJNA562796	study_accession	current_2406_archive	historical_tree_anchor	focal_genome_observation	True	archive_analysis_genome	True	False	True			ptxP3/fim3-2	provisional_marker_or_published_annotation	Branch_IIb	ptxP3/fim3-2		ptxP3	fim3-2	MS	False	1	2026-07-24	Legacy PRN endpoints ignored; record retained only for genome/date/project/marker metadata.		3874880	67.77	374	20292	ok	Oceania	local_fasta	2012.0	ptxP3/fim3-2	2012	fd8fb3fda5e0689233ed29b2019efc4a1a982e6ad1bb8b8ce828391da07d7721	historical_all_available_gate_rescue	focal	
AUS::SAMN22858161	SRS10902167	SAMN22858161	RRASM_SRR16760269	SRR16760269	AUS	Australia		2011-01-01	2011-12-31	2011			year	False	PRJNA562796	study_accession	current_2406_archive	historical_tree_anchor	focal_genome_observation	True	archive_analysis_genome	True	False	True			ptxP3/fim3-2	provisional_marker_or_published_annotation	Branch_IIb	ptxP3/fim3-2		ptxP3	fim3-2	MS	False	1	2026-07-24	Legacy PRN endpoints ignored; record retained only for genome/date/project/marker metadata.		3875216	67.77	357	20370	ok	Oceania	local_fasta	2011.0	ptxP3/fim3-2	2011	c9a43f81c6ff4e403dc884a929881c8761a3bb2f8de7e7950976853a1ad8ef76	historical_all_available_gate_rescue	focal	
AUS::SAMN22858166	SRS10902172	SAMN22858166	RRASM_SRR16760264	SRR16760264	AUS	Australia		2011-01-01	2011-12-31	2011			year	False	PRJNA562796	study_accession	current_2406_archive	historical_tree_anchor	focal_genome_observation	True	archive_analysis_genome	True	False	True			ptxP3/fim3-2	provisional_marker_or_published_annotation	Branch_IIb	ptxP3/fim3-2		ptxP3	fim3-2	MS	False	1	2026-07-24	Legacy PRN endpoints ignored; record retained only for genome/date/project/marker metadata.		3875525	67.76	379	19293	ok	Oceania	local_fasta	2011.0	ptxP3/fim3-2	2011	0ca2bf4d51fbd1ddf3a9d29f46b2c2d98dff37d3d8d715777bfb7510bf6d8d93	historical_all_available_gate_rescue	focal	
AUS::SAMN22858181	SRS10902182	SAMN22858181	RRASM_SRR16760247	SRR16760247	AUS	Australia		2012-01-01	2012-12-31	2012			year	False	PRJNA562796	study_accession	current_2406_archive	historical_tree_anchor	focal_genome_observation	True	archive_analysis_genome	True	False	True			ptxP3/fim3-1	provisional_marker_or_published_annotation	Branch_IIb	ptxP3/fim3-1		ptxP3	fim3-1		False	1	2026-07-24	Legacy PRN endpoints ignored; record retained only for genome/date/project/marker metadata.		3862577	67.82	423	19580	ok	Oceania	local_fasta	2012.0	ptxP3/fim3-1	2012	fd75136b5fd9b324f1310fef628a820968e7f480747562e63a84fdb5e5be4014	historical_all_available_gate_rescue	focal	
AUS::SAMN22857945	SRS10902188	SAMN22857945	RRASM_SRR16760240	SRR16760240	AUS	Australia		2009-01-01	2009-12-31	2009			year	False	PRJNA562796	study_accession	current_2406_archive	historical_tree_anchor	focal_genome_observation	True	archive_analysis_genome	True	False	True			ptxP3/fim3-1	provisional_marker_or_published_annotation	Branch_IIb	ptxP3/fim3-1		ptxP3	fim3-1	MS	False	1	2026-07-24	Legacy PRN endpoints ignored; record retained only for genome/date/project/marker metadata.		3854601	67.83	405	19551	ok	Oceania	local_fasta	2009.0	ptxP3/fim3-1	2009	bd26dd7c4c98589dcfa383006ad04f666e555c65eac5ee21b3bd68bf62512e3f	historical_all_available_gate_rescue	focal	
AUS::SAMN22857989	SRS10902297	SAMN22857989	RRASM_SRR16760177	SRR16760177	AUS	Australia		2008-01-01	2008-12-31	2008			year	False	PRJNA562796	study_accession	current_2406_archive	historical_tree_anchor	focal_genome_observation	True	archive_analysis_genome	True	False	True			ptxP3/fim3-1	provisional_marker_or_published_annotation	Branch_IIb	ptxP3/fim3-1		ptxP3	fim3-1	MS	False	1	2026-07-24	Legacy PRN endpoints ignored; record retained only for genome/date/project/marker metadata.		3853767	67.83	402	20243	ok	Oceania	local_fasta	2008.0	ptxP3/fim3-1	2008	d4231cc7fa940ca7c8d1b4c047b220fabdb971fe108701933fb1d6263a4a89d2	historical_all_available_gate_rescue	focal	
CHN::SAMN32033981	SRS15975360	SAMN32033981	RRASM_SRR22541043	SRR22541043	CHN	China		2018-01-01	2018-12-31	2018			year	False	PRJNA908268	study_accession	current_2406_archive	historical_tree_anchor	focal_genome_observation	True	archive_analysis_genome	True	False	True				provisional_marker_or_published_annotation							False	1	2026-07-24	Legacy PRN endpoints ignored; record retained only for genome/date/project/marker metadata.		3884104	67.82	347	20879	ok	Asia	local_fasta	2018.0	UNKNOWN_LINEAGE	2018	608111edb099574fb97b2222a3a52f9b14b77c54b85329fbe8ca5bcc0759a0eb	historical_all_available_gate_rescue	focal	
CHN::SAMN32033992	SRS15975375	SAMN32033992	RRASM_SRR22541028	SRR22541028	CHN	China		2019-01-01	2019-12-31	2019			year	False	PRJNA908268	study_accession	current_2406_archive	historical_tree_anchor	focal_genome_observation	True	archive_analysis_genome	True	False	True				provisional_marker_or_published_annotation							False	1	2026-07-24	Legacy PRN endpoints ignored; record retained only for genome/date/project/marker metadata.						ok	Asia	local_fasta	2019.0	UNKNOWN_LINEAGE	2019	831fd8f5db48ff3ef3b3638211a0440af62b278cd924b519764de57a7dac0a07	historical_all_available_gate_rescue	focal	
CHN::SAMN32033997	SRS15975380	SAMN32033997	RRASM_SRR22541023	SRR22541023	CHN	China		2019-01-01	2019-12-31	2019			year	False	PRJNA908268	study_accession	current_2406_archive	historical_tree_anchor	focal_genome_observation	True	archive_analysis_genome	True	False	True				provisional_marker_or_published_annotation							False	1	2026-07-24	Legacy PRN endpoints ignored; record retained only for genome/date/project/marker metadata.		3863184	67.82	327	20980	ok	Asia	local_fasta	2019.0	UNKNOWN_LINEAGE	2019	8a056953327e3b666ed584b49bbc02e1a8e6a9240a11f5b2b62636d1e001afc8	historical_all_available_gate_rescue	focal	
CHN::SAMN32033974	SRS15975384	SAMN32033974	RRASM_SRR22541019	SRR22541019	CHN	China		2018-01-01	2018-12-31	2018			year	False	PRJNA908268	study_accession	current_2406_archive	historical_tree_anchor	focal_genome_observation	True	archive_analysis_genome	True	False	True				provisional_marker_or_published_annotation							False	1	2026-07-24	Legacy PRN endpoints ignored; record retained only for genome/date/project/marker metadata.		3886969	67.79	343	20911	ok	Asia	local_fasta	2018.0	UNKNOWN_LINEAGE	2018	69bac1df99aa140e986beacc4541c056c60a8be5c28c8b6f0d3d2d24e96597aa	historical_all_available_gate_rescue	focal	
CHN::SAMN39683174	SRS20312643	SAMN39683174	RRASM_SRR27796254	SRR27796254	CHN	China		2016-01-01	2016-12-31	2016			year	False	PRJNA1071282	study_accession	current_2406_archive	historical_tree_anchor	focal_genome_observation	True	archive_analysis_genome	True	False	True			ptxP3/fim3-1	provisional_marker_or_published_annotation	Branch_IIb	ptxP3/fim3-1		ptxP3	fim3-1	MS	False	1	2026-07-24	Legacy PRN endpoints ignored; record retained only for genome/date/project/marker metadata.		3860407	67.82	324	22500	ok	Asia	local_fasta	2016.0	ptxP3/fim3-1	2016	6b7a236523b426ef1fa46e584e3b58851d9f5664aba950624a94cd24f60286e6	historical_all_available_gate_rescue	focal	
CHN::SAMN39683176	SRS20312645	SAMN39683176	RRASM_SRR27796252	SRR27796252	CHN	China		2016-01-01	2016-12-31	2016			year	False	PRJNA1071282	study_accession	current_2406_archive	historical_tree_anchor	focal_genome_observation	True	archive_analysis_genome	True	False	True			ptxP3/fim3-1	provisional_marker_or_published_annotation	Branch_IIb	ptxP3/fim3-1		ptxP3	fim3-1	MS	False	1	2026-07-24	Legacy PRN endpoints ignored; record retained only for genome/date/project/marker metadata.		3865177	67.82	349	20912	ok	Asia	local_fasta	2016.0	ptxP3/fim3-1	2016	c1df1ea26d6d79bedab8d1495b3b9fade18e0697d8a0d4fc3027d2618a8d0888	historical_all_available_gate_rescue	focal	
CHN::SAMN39682971	SRS20312777	SAMN39682971	RRASM_SRR27796120	SRR27796120	CHN	China		2018-01-01	2018-12-31	2018			year	False	PRJNA1071282	study_accession	current_2406_archive	historical_tree_anchor	focal_genome_observation	True	archive_analysis_genome	True	False	True			ptxP1/fim3-1	provisional_marker_or_published_annotation	Branch_IIb	ptxP1/fim3-1		ptxP1	fim3-1	MR_A2047G	False	1	2026-07-24	Legacy PRN endpoints ignored; record retained only for genome/date/project/marker metadata.						ok	Asia	local_fasta	2018.0	ptxP1/fim3-1	2018	67fda2c88a55fa3c181b9ad75b2ab2c724f8e85d18d8ba47350666a5e038fc43	historical_all_available_gate_rescue	focal	
CHN::SAMN39682877	SRS20312802	SAMN39682877	RRASM_SRR27796093	SRR27796093	CHN	China		2017-01-01	2017-12-31	2017			year	False	PRJNA1071282	study_accession	current_2406_archive	historical_tree_anchor	focal_genome_observation	True	archive_analysis_genome	True	False	True			ptxP1/fim3-1	provisional_marker_or_published_annotation	Branch_IIb	ptxP1/fim3-1		ptxP1	fim3-1	MR_A2047G	False	1	2026-07-24	Legacy PRN endpoints ignored; record retained only for genome/date/project/marker metadata.		3869400	67.85	333	20871	ok	Asia	local_fasta	2017.0	ptxP1/fim3-1	2017	10378953fad2e11260a3a11335487b85d3124d1e24e5bb93f1e721abbe211cba	historical_all_available_gate_rescue	focal	
CHN::SAMN39682878	SRS20312814	SAMN39682878	RRASM_SRR27796082	SRR27796082	CHN	China		2017-01-01	2017-12-31	2017			year	False	PRJNA1071282	study_accession	current_2406_archive	historical_tree_anchor	focal_genome_observation	True	archive_analysis_genome	True	False	True			ptxP1/fim3-1	provisional_marker_or_published_annotation	Branch_IIb	ptxP1/fim3-1		ptxP1	fim3-1	MR_A2047G	False	1	2026-07-24	Legacy PRN endpoints ignored; record retained only for genome/date/project/marker metadata.		3869209	67.85	337	20941	ok	Asia	local_fasta	2017.0	ptxP1/fim3-1	2017	8639d1dda62064775e8165804c8a7fe7f238fb4a93b553cdd7d3343d2a64435e	historical_all_available_gate_rescue	focal	
CHN::SAMN39683481	SRS20312947	SAMN39683481	RRASM_SRR27796588	SRR27796588	CHN	China		2019-01-01	2019-12-31	2019			year	False	PRJNA1071282	study_accession	current_2406_archive	historical_tree_anchor	focal_genome_observation	True	archive_analysis_genome	True	False	True			ptxP3/fim3-1	provisional_marker_or_published_annotation	Branch_IIb	ptxP3/fim3-1	MR-MT28-others	ptxP3	fim3-1	MR_A2047G	False	1	2026-07-24	Legacy PRN endpoints ignored; record retained only for genome/date/project/marker metadata.		3861573	67.82	316	23019	ok	Asia	local_fasta	2019.0	ptxP3/fim3-1	2019	95c080c421596328b13fae17f4025d19c987ae8572f34fc5781b0d675f758e64	historical_all_available_gate_rescue	focal	
CHN::SAMN39683486	SRS20312953	SAMN39683486	RRASM_SRR27796582	SRR27796582	CHN	China		2019-01-01	2019-12-31	2019			year	False	PRJNA1071282	study_accession	current_2406_archive	historical_tree_anchor	focal_genome_observation	True	archive_analysis_genome	True	False	True			ptxP1/fim3-1	provisional_marker_or_published_annotation	Branch_IIb	ptxP1/fim3-1		ptxP1	fim3-1	MR_A2047G	False	1	2026-07-24	Legacy PRN endpoints ignored; record retained only for genome/date/project/marker metadata.		3881367	67.83	328	21996	ok	Asia	local_fasta	2019.0	ptxP1/fim3-1	2019	30f96d11912e7748a81b4de487616650fc6d0b5645158409091c9d80002f4907	historical_all_available_gate_rescue	focal	
CHN::SAMN39683227	SRS20313061	SAMN39683227	RRASM_SRR27796474	SRR27796474	CHN	China		2018-01-01	2018-12-31	2018			year	False	PRJNA1071282	study_accession	current_2406_archive	historical_tree_anchor	focal_genome_observation	True	archive_analysis_genome	True	False	True			ptxP3/fim3-1	provisional_marker_or_published_annotation	Branch_IIb	ptxP3/fim3-1		ptxP3	fim3-1	MS	False	1	2026-07-24	Legacy PRN endpoints ignored; record retained only for genome/date/project/marker metadata.		3850232	67.84	331	21160	ok	Asia	local_fasta	2018.0	ptxP3/fim3-1	2018	1e846716ab06cf499bfdb33fb517d1cd4d20581822021bd0395cf7b6075520ab	historical_all_available_gate_rescue	focal	
CHN::SAMN07329785	SRS2344727	SAMN07329785	RRASM_SRR5814350	SRR5814350	CHN	China		2015-01-01	2015-12-31	2015			year	False	PRJNA393244	study_accession	current_2406_archive	historical_tree_anchor	focal_genome_observation	True	archive_analysis_genome	True	False	True			ptxP3/fim3-1	provisional_marker_or_published_annotation	Branch_IIb	ptxP3/fim3-1	MS-MT28	ptxP3	fim3-1	MS	False	1	2026-07-24	Legacy PRN endpoints ignored; record retained only for genome/date/project/marker metadata.		3880827	67.75	333	22532	ok	Asia	local_fasta	2015.0	ptxP3/fim3-1	2015	fe742819514096915e59994e1f96e296cf32eb0f7505f3ea5ad36195562d9966	historical_all_available_gate_rescue	focal	
CHN::SAMN07329787	SRS2344728	SAMN07329787	RRASM_SRR5814348	SRR5814348	CHN	China		2015-01-01	2015-12-31	2015			year	False	PRJNA393244	study_accession	current_2406_archive	historical_tree_anchor	focal_genome_observation	True	archive_analysis_genome	True	False	True			ptxP1/fim3-1	provisional_marker_or_published_annotation	Branch_IIb	ptxP1/fim3-1		ptxP1	fim3-1	MR_A2047G	False	1	2026-07-24	Legacy PRN endpoints ignored; record retained only for genome/date/project/marker metadata.						ok	Asia	local_fasta	2015.0	ptxP1/fim3-1	2015	778c2f7452e6d1c547aa38d9d00f92e0e494d01925d32373ce54af728f652930	historical_all_available_gate_rescue	focal	
CHN::SAMN07329789	SRS2344730	SAMN07329789	RRASM_SRR5814346	SRR5814346	CHN	China		2016-01-01	2016-12-31	2016			year	False	PRJNA393244	study_accession	current_2406_archive	historical_tree_anchor	focal_genome_observation	True	archive_analysis_genome	True	False	True			ptxP1/fim3-1	provisional_marker_or_published_annotation	Branch_IIb	ptxP1/fim3-1		ptxP1	fim3-1	MR_A2047G	False	1	2026-07-24	Legacy PRN endpoints ignored; record retained only for genome/date/project/marker metadata.						ok	Asia	local_fasta	2016.0	ptxP1/fim3-1	2016	f3312d81b18af72422604e84dd7eeadaae6499878d08ca9733bdba2fe4edc34e	historical_all_available_gate_rescue	focal	
CHN::SAMN07329790	SRS2344732	SAMN07329790	RRASM_SRR5814345	SRR5814345	CHN	China		2016-01-01	2016-12-31	2016			year	False	PRJNA393244	study_accession	current_2406_archive	historical_tree_anchor	focal_genome_observation	True	archive_analysis_genome	True	False	True				provisional_marker_or_published_annotation							False	1	2026-07-24	Legacy PRN endpoints ignored; record retained only for genome/date/project/marker metadata.		3899655	67.76	343	21232	ok	Asia	local_fasta	2016.0	UNKNOWN_LINEAGE	2016	c60dcf0706a10dd75ee9404ab0746c1bf4e3c809963f272feaf4d0b33f91c9bc	historical_all_available_gate_rescue	focal	
CHN::SAMN07329793	SRS2344735	SAMN07329793	RRASM_SRR5814342	SRR5814342	CHN	China		2016-01-01	2016-12-31	2016			year	False	PRJNA393244	study_accession	current_2406_archive	historical_tree_anchor	focal_genome_observation	True	archive_analysis_genome	True	False	True			ptxP3/fim3-1	provisional_marker_or_published_annotation	Branch_IIb	ptxP3/fim3-1		ptxP3	fim3-1	MS	False	1	2026-07-24	Legacy PRN endpoints ignored; record retained only for genome/date/project/marker metadata.						ok	Asia	local_fasta	2016.0	ptxP3/fim3-1	2016	9bc7f6d5bfa88c84105fb6f4582eb688841ea3ad65f868e5a0d059be630cbbc1	historical_all_available_gate_rescue	focal	
CHN::SAMN07326325	SRS2344739	SAMN07326325	RRASM_SRR5814339	SRR5814339	CHN	China		2015-01-01	2015-12-31	2015			year	False	PRJNA393244	study_accession	current_2406_archive	historical_tree_anchor	focal_genome_observation	True	archive_analysis_genome	True	False	True				provisional_marker_or_published_annotation							False	1	2026-07-24	Legacy PRN endpoints ignored; record retained only for genome/date/project/marker metadata.						ok	Asia	local_fasta	2015.0	UNKNOWN_LINEAGE	2015	4a3ecdba3b2fedbc4eea7fdab2f55cbe733a417ba7596848ee46c7d901ac0022	historical_all_available_gate_rescue	focal	
CHN::SAMN07329769	SRS2344742	SAMN07329769	RRASM_SRR5814335	SRR5814335	CHN	China		2015-01-01	2015-12-31	2015			year	False	PRJNA393244	study_accession	current_2406_archive	historical_tree_anchor	focal_genome_observation	True	archive_analysis_genome	True	False	True			ptxP1/fim3-1	provisional_marker_or_published_annotation	Branch_IIb	ptxP1/fim3-1		ptxP1	fim3-1	MR_A2047G	False	1	2026-07-24	Legacy PRN endpoints ignored; record retained only for genome/date/project/marker metadata.						ok	Asia	local_fasta	2015.0	ptxP1/fim3-1	2015	8b71d3e2a6da29ff24c6bca8208dd8808bb533355b38f04e8e80c1271944cdcd	historical_all_available_gate_rescue	focal	
CHN::SAMN07329783	SRS2344749	SAMN07329783	RRASM_SRR5814329	SRR5814329	CHN	China		2016-01-01	2016-12-31	2016			year	False	PRJNA393244	study_accession	current_2406_archive	historical_tree_anchor	focal_genome_observation	True	archive_analysis_genome	True	False	True			ptxP1/fim3-1	provisional_marker_or_published_annotation	Branch_IIb	ptxP1/fim3-1		ptxP1	fim3-1	MR_A2047G	False	1	2026-07-24	Legacy PRN endpoints ignored; record retained only for genome/date/project/marker metadata.						ok	Asia	local_fasta	2016.0	ptxP1/fim3-1	2016	917c35068fbac11998b958995acb5fb09184ab8be8e50e491e8659758c705d29	historical_all_available_gate_rescue	focal	
CHN::SAMN07329777	SRS2344754	SAMN07329777	RRASM_SRR5814324	SRR5814324	CHN	China		2015-01-01	2015-12-31	2015			year	False	PRJNA393244	study_accession	current_2406_archive	historical_tree_anchor	focal_genome_observation	True	archive_analysis_genome	True	False	True			ptxP3/fim3-1	provisional_marker_or_published_annotation	Branch_IIb	ptxP3/fim3-1		ptxP3	fim3-1	MS	False	1	2026-07-24	Legacy PRN endpoints ignored; record retained only for genome/date/project/marker metadata.						ok	Asia	local_fasta	2015.0	ptxP3/fim3-1	2015	e7a7205ac2f7ff3d7cf5f918d7142d6f5b4ed5008c1e4609ccb5e408513771f0	historical_all_available_gate_rescue	focal	
CHN::SAMN07329782	SRS2344755	SAMN07329782	RRASM_SRR5814321	SRR5814321	CHN	China		2016-01-01	2016-12-31	2016			year	False	PRJNA393244	study_accession	current_2406_archive	historical_tree_anchor	focal_genome_observation	True	archive_analysis_genome	True	False	True			ptxP1/fim3-1	provisional_marker_or_published_annotation	Branch_IIb	ptxP1/fim3-1		ptxP1	fim3-1	MR_A2047G	False	1	2026-07-24	Legacy PRN endpoints ignored; record retained only for genome/date/project/marker metadata.						ok	Asia	local_fasta	2016.0	ptxP1/fim3-1	2016	850cd594b0ef238346c4bd16adfb069d2d7a2a711db062d97d21cc0de96489c6	historical_all_available_gate_rescue	focal	
CHN::SAMN07329779	SRS2344756	SAMN07329779	RRASM_SRR5814322	SRR5814322	CHN	China		2015-01-01	2015-12-31	2015			year	False	PRJNA393244	study_accession	current_2406_archive	historical_tree_anchor	focal_genome_observation	True	archive_analysis_genome	True	False	True			ptxP1/fim3-1	provisional_marker_or_published_annotation	Branch_IIb	ptxP1/fim3-1		ptxP1	fim3-1	MR_A2047G	False	1	2026-07-24	Legacy PRN endpoints ignored; record retained only for genome/date/project/marker metadata.						ok	Asia	local_fasta	2015.0	ptxP1/fim3-1	2015	c1a76a01df69a63766f3d89aeb331575f3018c81a8f54ae8bf400c8129117a06	historical_all_available_gate_rescue	focal	
CHN::SAMN07329781	SRS2344757	SAMN07329781	RRASM_SRR5814320	SRR5814320	CHN	China		2016-01-01	2016-12-31	2016			year	False	PRJNA393244	study_accession	current_2406_archive	historical_tree_anchor	focal_genome_observation	True	archive_analysis_genome	True	False	True			ptxP1/fim3-1	provisional_marker_or_published_annotation	Branch_IIb	ptxP1/fim3-1		ptxP1	fim3-1	MR_A2047G	False	1	2026-07-24	Legacy PRN endpoints ignored; record retained only for genome/date/project/marker metadata.						ok	Asia	local_fasta	2016.0	ptxP1/fim3-1	2016	eb6a747517ac5d804da1e718b7d5939a565bf41159f33eca55fd8d0297e7c907	historical_all_available_gate_rescue	focal	
AUS::SAMN08443771	SRS4426916	SAMN08443771	RRASM_SRR8652780	SRR8652780	AUS	Australia		2016-01-01	2016-12-31	2016			year	False	PRJNA432286	study_accession	current_2406_archive	historical_tree_anchor	focal_genome_observation	True	archive_analysis_genome	True	False	True			ptxP3/fim3-1	provisional_marker_or_published_annotation	Branch_IIb	ptxP3/fim3-1		ptxP3	fim3-1	MS	False	1	2026-07-24	Legacy PRN endpoints ignored; record retained only for genome/date/project/marker metadata.		3858997	67.83	393	20243	ok	Oceania	local_fasta	2016.0	ptxP3/fim3-1	2016	becf4da08f5981528044eac5484561fafe6e31ae68a0eebf48a6d5af2d8fbf0a	historical_all_available_gate_rescue	focal	
AUS::SAMN08443772	SRS4426918	SAMN08443772	RRASM_SRR8652779	SRR8652779	AUS	Australia		2016-01-01	2016-12-31	2016			year	False	PRJNA432286	study_accession	current_2406_archive	historical_tree_anchor	focal_genome_observation	True	archive_analysis_genome	True	False	True			ptxP3/fim3-1	provisional_marker_or_published_annotation	Branch_IIb	ptxP3/fim3-1		ptxP3	fim3-1	MS	False	1	2026-07-24	Legacy PRN endpoints ignored; record retained only for genome/date/project/marker metadata.		3861224	67.83	386	20840	ok	Oceania	local_fasta	2016.0	ptxP3/fim3-1	2016	29272d3385f2f9ceed3d0d3bffe576ec3fbc21dcbbcac3ea0519ee1231785b57	historical_all_available_gate_rescue	focal	
AUS::SAMN08443734	SRS4426920	SAMN08443734	RRASM_SRR8652777	SRR8652777	AUS	Australia		2014-01-01	2014-12-31	2014			year	False	PRJNA432286	study_accession	current_2406_archive	historical_tree_anchor	focal_genome_observation	True	archive_analysis_genome	True	False	True			ptxP3/fim3-1	provisional_marker_or_published_annotation	Branch_IIb	ptxP3/fim3-1		ptxP3	fim3-1	MS	False	1	2026-07-24	Legacy PRN endpoints ignored; record retained only for genome/date/project/marker metadata.		3881057	67.77	371	20503	ok	Oceania	local_fasta	2014.0	ptxP3/fim3-1	2014	9edde0b9337e9e93ed1361830bfcae51b47f86f3db4416b6fed5482a5d713a41	historical_all_available_gate_rescue	focal	
AUS::SAMN08443780	SRS4426928	SAMN08443780	RRASM_SRR8652770	SRR8652770	AUS	Australia		2017-01-01	2017-12-31	2017			year	False	PRJNA432286	study_accession	current_2406_archive	historical_tree_anchor	focal_genome_observation	True	archive_analysis_genome	True	False	True			ptxP3/fim3-1	provisional_marker_or_published_annotation	Branch_IIb	ptxP3/fim3-1		ptxP3	fim3-1	MS	False	1	2026-07-24	Legacy PRN endpoints ignored; record retained only for genome/date/project/marker metadata.		3869221	67.82	392	20283	ok	Oceania	local_fasta	2017.0	ptxP3/fim3-1	2017	b802d6c19b5a14667756e3f234a6ac8f13a672b9085c105585e6da2ec0d35c4d	historical_all_available_gate_rescue	focal	
AUS::SAMN08443709	SRS4426937	SAMN08443709	RRASM_SRR8652760	SRR8652760	AUS	Australia		2013-01-01	2013-12-31	2013			year	False	PRJNA432286	study_accession	current_2406_archive	historical_tree_anchor	focal_genome_observation	True	archive_analysis_genome	True	False	True			ptxP3/fim3-1	provisional_marker_or_published_annotation	Branch_IIb	ptxP3/fim3-1		ptxP3	fim3-1	MS	False	1	2026-07-24	Legacy PRN endpoints ignored; record retained only for genome/date/project/marker metadata.		3877771	67.77	356	20504	ok	Oceania	local_fasta	2013.0	ptxP3/fim3-1	2013	340ad1aa4c366207d17f9568afcf33b7344952b28eadace365913ef0ce20f75f	historical_all_available_gate_rescue	focal	
AUS::SAMN08443715	SRS4426948	SAMN08443715	RRASM_SRR8652749	SRR8652749	AUS	Australia		2013-01-01	2013-12-31	2013			year	False	PRJNA432286	study_accession	current_2406_archive	historical_tree_anchor	focal_genome_observation	True	archive_analysis_genome	True	False	True			ptxP1/fim3-4	provisional_marker_or_published_annotation	Branch_IIb	others		ptxP1	fim3-4	MS	False	1	2026-07-24	Legacy PRN endpoints ignored; record retained only for genome/date/project/marker metadata.		3883756	67.76	378	20370	ok	Oceania	local_fasta	2013.0	ptxP1/fim3-4	2013	67cb50b8fa8434a0762ef1891ecbe849a3530e47055f1536fbf7eb6fda825d20	historical_all_available_gate_rescue	focal	
AUS::SAMN08443742	SRS4426956	SAMN08443742	RRASM_SRR8652742	SRR8652742	AUS	Australia		2015-01-01	2015-12-31	2015			year	False	PRJNA432286	study_accession	current_2406_archive	historical_tree_anchor	focal_genome_observation	True	archive_analysis_genome	True	False	True			ptxP3/fim3-1	provisional_marker_or_published_annotation	Branch_IIb	ptxP3/fim3-1		ptxP3	fim3-1	MS	False	1	2026-07-24	Legacy PRN endpoints ignored; record retained only for genome/date/project/marker metadata.		3878359	67.77	373	20747	ok	Oceania	local_fasta	2015.0	ptxP3/fim3-1	2015	68242e92914e9e5c905e8da7c9a424daad2c850c1895103f94224799cd027d32	historical_all_available_gate_rescue	focal	
AUS::SAMN08443767	SRS4426968	SAMN08443767	RRASM_SRR8652729	SRR8652729	AUS	Australia		2015-01-01	2015-12-31	2015			year	False	PRJNA432286	study_accession	current_2406_archive	historical_tree_anchor	focal_genome_observation	True	archive_analysis_genome	True	False	True			ptxP3/fim3-1	provisional_marker_or_published_annotation	Branch_IIb	ptxP3/fim3-1		ptxP3	fim3-1	MS	False	1	2026-07-24	Legacy PRN endpoints ignored; record retained only for genome/date/project/marker metadata.		3865684	67.82	433	19814	ok	Oceania	local_fasta	2015.0	ptxP3/fim3-1	2015	dc2189e4d90cbf257df539bb2769e72654d191c6a655076ca3a52bde44e39394	historical_all_available_gate_rescue	focal	
AUS::SAMN08443778	SRS4426972	SAMN08443778	RRASM_SRR8652725	SRR8652725	AUS	Australia		2017-01-01	2017-12-31	2017			year	False	PRJNA432286	study_accession	current_2406_archive	historical_tree_anchor	focal_genome_observation	True	archive_analysis_genome	True	False	True			ptxP3/fim3-1	provisional_marker_or_published_annotation	Branch_IIb	ptxP3/fim3-1		ptxP3	fim3-1	MS	False	1	2026-07-24	Legacy PRN endpoints ignored; record retained only for genome/date/project/marker metadata.		3849424	67.83	367	20942	ok	Oceania	local_fasta	2017.0	ptxP3/fim3-1	2017	d0b11fb520ebfae2935cb5d075cea4b0dc0f5a89d9076872e9e1944144bb3604	historical_all_available_gate_rescue	focal	
AUS::SAMN08443746	SRS4426979	SAMN08443746	RRASM_SRR8652718	SRR8652718	AUS	Australia		2014-01-01	2014-12-31	2014			year	False	PRJNA432286	study_accession	current_2406_archive	historical_tree_anchor	focal_genome_observation	True	archive_analysis_genome	True	False	True			ptxP3/fim3-1	provisional_marker_or_published_annotation	Branch_IIb	ptxP3/fim3-1		ptxP3	fim3-1	MS	False	1	2026-07-24	Legacy PRN endpoints ignored; record retained only for genome/date/project/marker metadata.		3877599	67.76	374	19983	ok	Oceania	local_fasta	2014.0	ptxP3/fim3-1	2014	4fd33853f184696a6e0f59ab9574f642fd25dbb632762e6713648b7d4c92c89a	historical_all_available_gate_rescue	focal	
CHN::SAMN09947492	SRS4432879	SAMN09947492	RRASM_SRR8661735	SRR8661735	CHN	China		2015-01-01	2015-12-31	2015			year	False	PRJNA489102	study_accession	current_2406_archive	historical_tree_anchor	focal_genome_observation	True	archive_analysis_genome	True	False	True			ptxP1/fim3-1	provisional_marker_or_published_annotation	Branch_IIb	ptxP1/fim3-1		ptxP1	fim3-1	MR_A2047G	False	1	2026-07-24	Legacy PRN endpoints ignored; record retained only for genome/date/project/marker metadata.						ok	Asia	local_fasta	2015.0	ptxP1/fim3-1	2015	059cb7d1de95833d3ee89efc7ad89cdf1110a90e40e80bc4571f1090298791a0	historical_all_available_gate_rescue	focal	
CHN::SAMN09947486	SRS4432881	SAMN09947486	RRASM_SRR8661733	SRR8661733	CHN	China		2015-01-01	2015-12-31	2015			year	False	PRJNA489102	study_accession	current_2406_archive	historical_tree_anchor	focal_genome_observation	True	archive_analysis_genome	True	False	True			ptxP1/fim3-1	provisional_marker_or_published_annotation	Branch_IIb	ptxP1/fim3-1		ptxP1	fim3-1	MR_A2047G	False	1	2026-07-24	Legacy PRN endpoints ignored; record retained only for genome/date/project/marker metadata.		3883169	67.82	325	21996	ok	Asia	local_fasta	2015.0	ptxP1/fim3-1	2015	6b0c73a500abb672f4ed3b954f4e6a837347e78d481d627a63edbbd139151962	historical_all_available_gate_rescue	focal	
CHN::SAMN09947475	SRS4432884	SAMN09947475	RRASM_SRR8661730	SRR8661730	CHN	China		2014-01-01	2014-12-31	2014			year	False	PRJNA489102	study_accession	current_2406_archive	historical_tree_anchor	focal_genome_observation	True	archive_analysis_genome	True	False	True			ptxP1/fim3-1	provisional_marker_or_published_annotation	Branch_IIb	ptxP1/fim3-1		ptxP1	fim3-1	MR_A2047G	False	1	2026-07-24	Legacy PRN endpoints ignored; record retained only for genome/date/project/marker metadata.		3883199	67.82	336	20981	ok	Asia	local_fasta	2014.0	ptxP1/fim3-1	2014	42959eae941c9e576b676eb962553041a92b44c6077bf3e010eb490432c77548	historical_all_available_gate_rescue	focal	
CHN::SAMN09947467	SRS4432890	SAMN09947467	RRASM_SRR8661724	SRR8661724	CHN	China		2014-01-01	2014-12-31	2014			year	False	PRJNA489102	study_accession	current_2406_archive	historical_tree_anchor	focal_genome_observation	True	archive_analysis_genome	True	False	True			ptxP1/fim3-1	provisional_marker_or_published_annotation	Branch_IIb	ptxP1/fim3-1		ptxP1	fim3-1	MR_A2047G	False	1	2026-07-24	Legacy PRN endpoints ignored; record retained only for genome/date/project/marker metadata.		3882436	67.82	326	21996	ok	Asia	local_fasta	2014.0	ptxP1/fim3-1	2014	df062ef77d96241908ff8a0fe2e30ceec8f07598613fe36750ac7f3892c3f7e9	historical_all_available_gate_rescue	focal	
CHN::SAMN09947473	SRS4432892	SAMN09947473	RRASM_SRR8661722	SRR8661722	CHN	China		2014-01-01	2014-12-31	2014			year	False	PRJNA489102	study_accession	current_2406_archive	historical_tree_anchor	focal_genome_observation	True	archive_analysis_genome	True	False	True			ptxP1/fim3-1	provisional_marker_or_published_annotation	Branch_IIb	ptxP1/fim3-1		ptxP1	fim3-1	MR_A2047G	False	1	2026-07-24	Legacy PRN endpoints ignored; record retained only for genome/date/project/marker metadata.		3882236	67.82	323	20981	ok	Asia	local_fasta	2014.0	ptxP1/fim3-1	2014	65b833d665ef89ed7c4c9a3dbe7c777e96944164d28799b790913697448081b1	historical_all_available_gate_rescue	focal	
CHN::SAMN09947464	SRS4432897	SAMN09947464	RRASM_SRR8661717	SRR8661717	CHN	China		2013-01-01	2013-12-31	2013			year	False	PRJNA489102	study_accession	current_2406_archive	historical_tree_anchor	focal_genome_observation	True	archive_analysis_genome	True	False	True			ptxP1/fim3-1	provisional_marker_or_published_annotation	Branch_IIb	ptxP1/fim3-1		ptxP1	fim3-1	MR_A2047G	False	1	2026-07-24	Legacy PRN endpoints ignored; record retained only for genome/date/project/marker metadata.		3883139	67.82	326	21201	ok	Asia	local_fasta	2013.0	ptxP1/fim3-1	2013	22208013d868c7df671780feda99e86e06e5ebeb6250a16a93fa0ea8550a8862	historical_all_available_gate_rescue	focal	
CHN::SAMN09947460	SRS4432901	SAMN09947460	RRASM_SRR8661713	SRR8661713	CHN	China		2013-01-01	2013-12-31	2013			year	False	PRJNA489102	study_accession	current_2406_archive	historical_tree_anchor	focal_genome_observation	True	archive_analysis_genome	True	False	True			ptxP1/fim3-4	provisional_marker_or_published_annotation	Branch_IIb	others		ptxP1	fim3-4	MS	False	1	2026-07-24	Legacy PRN endpoints ignored; record retained only for genome/date/project/marker metadata.		3862158	67.82	330	21200	ok	Asia	local_fasta	2013.0	ptxP1/fim3-4	2013	3c440120465dcf34728a44ea31342b30d1835eab0267d013cef96fb737ccbe11	historical_all_available_gate_rescue	focal	
CHN::SAMN09947459	SRS4432902	SAMN09947459	RRASM_SRR8661712	SRR8661712	CHN	China		2013-01-01	2013-12-31	2013			year	False	PRJNA489102	study_accession	current_2406_archive	historical_tree_anchor	focal_genome_observation	True	archive_analysis_genome	True	False	True				provisional_marker_or_published_annotation							False	1	2026-07-24	Legacy PRN endpoints ignored; record retained only for genome/date/project/marker metadata.		3862562	67.81	323	21200	ok	Asia	local_fasta	2013.0	UNKNOWN_LINEAGE	2013	95ab5c9df557d8497932cf8d862bc34d51bd4f3e0e5e42e1717acab135f6adc0	historical_all_available_gate_rescue	focal	
CHN::SAMN09947493	SRS4432928	SAMN09947493	RRASM_SRR8661686	SRR8661686	CHN	China		2015-01-01	2015-12-31	2015			year	False	PRJNA489102	study_accession	current_2406_archive	historical_tree_anchor	focal_genome_observation	True	archive_analysis_genome	True	False	True				provisional_marker_or_published_annotation							False	1	2026-07-24	Legacy PRN endpoints ignored; record retained only for genome/date/project/marker metadata.		3898481	67.78	337	20911	ok	Asia	local_fasta	2015.0	UNKNOWN_LINEAGE	2015	8ffed3c2f76d7bbbabcaa26b099ad136be8d32d2291d973336c2c935093fb7d9	historical_all_available_gate_rescue	focal	
CHN::SAMN03100377	SRS720181	SAMN03100377	RRASM_SRR1610545	SRR1610545	CHN	China		1970-01-01	1970-12-31	1970			year	False	PRJNA263311	study_accession	current_2406_archive	historical_tree_anchor	focal_genome_observation	True	archive_analysis_genome	True	False	True				provisional_marker_or_published_annotation							False	1	2026-07-24	Legacy PRN endpoints ignored; record retained only for genome/date/project/marker metadata.		3747245	67.53	1312	7832	ok	Asia	local_fasta	1970.0	UNKNOWN_LINEAGE	1970	43724f80695301a2d410a218aa957239dcc3eb161d54349b53e2767ed0c05083	historical_all_available_gate_rescue	focal	
CHN::SAMN03100381	SRS720185	SAMN03100381	RRASM_SRR1610549	SRR1610549	CHN	China		1980-01-01	1980-12-31	1980			year	False	PRJNA263311	study_accession	current_2406_archive	historical_tree_anchor	focal_genome_observation	True	archive_analysis_genome	True	False	True			ptxP1/fim3-1	provisional_marker_or_published_annotation	Branch_IIb	ptxP1/fim3-1		ptxP1	fim3-1	MS	False	1	2026-07-24	Legacy PRN endpoints ignored; record retained only for genome/date/project/marker metadata.		3675885	67.38	1436	6538	ok	Asia	local_fasta	1980.0	ptxP1/fim3-1	1980	3e1965f26b4ce1d7deb9300d8fdde5da1d09844b21d44ac1a14e16e43c22eee4	historical_all_available_gate_rescue	focal	
CHN::SAMN03100382	SRS720186	SAMN03100382	RRASM_SRR1610550	SRR1610550	CHN	China		1983-01-01	1983-12-31	1983			year	False	PRJNA263311	study_accession	current_2406_archive	historical_tree_anchor	focal_genome_observation	True	archive_analysis_genome	True	False	True				provisional_marker_or_published_annotation							False	1	2026-07-24	Legacy PRN endpoints ignored; record retained only for genome/date/project/marker metadata.		3593954	67.35	1436	5419	ok	Asia	local_fasta	1983.0	UNKNOWN_LINEAGE	1983	1a944b80e07cf28d33a525a4ba08d6bb6cdaa39c2f539ac211421e09e465511a	historical_all_available_gate_rescue	focal	
CHN::SAMN03100386	SRS720190	SAMN03100386	RRASM_SRR1610554	SRR1610554	CHN	China		1997-01-01	1997-12-31	1997			year	False	PRJNA263311	study_accession	current_2406_archive	historical_tree_anchor	focal_genome_observation	True	archive_analysis_genome	True	False	True				provisional_marker_or_published_annotation							False	1	2026-07-24	Legacy PRN endpoints ignored; record retained only for genome/date/project/marker metadata.		3688915	67.41	1336	7261	ok	Asia	local_fasta	1997.0	UNKNOWN_LINEAGE	1997	0e9fcfc8e5f0192b07c2af7f61df97e3137faa60fa82fc8723742622ed2c9f28	historical_all_available_gate_rescue	focal	
CHN::SAMN03100392	SRS720196	SAMN03100392	RRASM_SRR1610560	SRR1610560	CHN	China		2001-01-01	2001-12-31	2001			year	False	PRJNA263311	study_accession	current_2406_archive	historical_tree_anchor	focal_genome_observation	True	archive_analysis_genome	True	False	True				provisional_marker_or_published_annotation							False	1	2026-07-24	Legacy PRN endpoints ignored; record retained only for genome/date/project/marker metadata.		3716222	67.50	1425	6726	ok	Asia	local_fasta	2001.0	UNKNOWN_LINEAGE	2001	5f016de74cc30d76934969ec0d5b5dd8e60c334cbc8c538d61aa83f781b44112	historical_all_available_gate_rescue	focal	
AUS::SAMN45810501		SAMN45810501		SRR31744007	AUS	Australia	2019-10	2019-10-01	2019-10-31	2019	10	4	month	True	PRJNA1199062	ena_study_accession	australia_fong_2026_direct_specimens	historical_tree_anchor	focal_genome_observation	True		True													False	1	2026-07-24								Oceania	ena_fastq_download	2019.0	ptxP3/fim3-2	2019-10	6b12abacceefc7ce42e286447165a0fc8b806ba9fb437e7a76102fe0b953c48d	historical_all_available_gate_rescue	focal	
AUS::SAMN45810505		SAMN45810505		SRR31743839	AUS	Australia	2019-08	2019-08-01	2019-08-31	2019	8	3	month	True	PRJNA1199062	ena_study_accession	australia_fong_2026_direct_specimens	historical_tree_anchor	focal_genome_observation	True		True													False	1	2026-07-24								Oceania	ena_fastq_download	2019.0	ptxP3/fim3-1	2019-08	361e4e916fdb6400b8b2764c47abb0d8c54e8f474bc19617d49555deae317bb1	historical_all_available_gate_rescue	focal	
AUS::SAMN45810506		SAMN45810506		SRR31743828	AUS	Australia	2019-09	2019-09-01	2019-09-30	2019	9	3	month	True	PRJNA1199062	ena_study_accession	australia_fong_2026_direct_specimens	historical_tree_anchor	focal_genome_observation	True		False													False	1	2026-07-24								Oceania	ena_fastq_download	2019.0	ptxP3/fim3-27	2019-09	2c09083c8d21c4162cbdcc410beb5a8026059c8be8e214c486d267ac6bd1a912	historical_all_available_gate_rescue	focal	
AUS::SAMN45810507		SAMN45810507		SRR31743914	AUS	Australia	2019-10	2019-10-01	2019-10-31	2019	10	4	month	True	PRJNA1199062	ena_study_accession	australia_fong_2026_direct_specimens	historical_tree_anchor	focal_genome_observation	True		True													False	1	2026-07-24								Oceania	ena_fastq_download	2019.0	ptxP3/fim3-1	2019-10	7ec40678bcecaf47a52556c2d8ecdda3e8863c0f22297e9975b67c8830ef4c6b	historical_all_available_gate_rescue	focal	
AUS::SAMN45810521		SAMN45810521		SRR31743935	AUS	Australia	2012-01	2012-01-01	2012-01-31	2012	1	1	month	True	PRJNA1199062	ena_study_accession	australia_fong_2026_direct_specimens	historical_tree_anchor	focal_genome_observation	True		True													False	1	2026-07-24								Oceania	ena_fastq_download	2012.0	ptxP3/fim3-2	2012-01	d3d334c5593bfe4d41daf142da9ab801008dfca4cca8d5de1e8262ad2156fef1	historical_all_available_gate_rescue	focal	
AUS::SAMN45810522		SAMN45810522		SRR31743934	AUS	Australia	2016-01	2016-01-01	2016-01-31	2016	1	1	month	True	PRJNA1199062	ena_study_accession	australia_fong_2026_direct_specimens	historical_tree_anchor	focal_genome_observation	True		True													False	1	2026-07-24								Oceania	ena_fastq_download	2016.0	ptxP3/fim3-1	2016-01	771a8555f49b99ac9594a79644c4af3b4fa9ab000a929f7d172d565cf6277ddb	historical_all_available_gate_rescue	focal	
AUS::SAMN45810523		SAMN45810523		SRR31743933	AUS	Australia	2019-12	2019-12-01	2019-12-31	2019	12	4	month	True	PRJNA1199062	ena_study_accession	australia_fong_2026_direct_specimens	historical_tree_anchor	focal_genome_observation	True		True													False	1	2026-07-24								Oceania	ena_fastq_download	2019.0	ptxP3/fim3-1	2019-12	45583a673ca5cdd1bcd856367b8d4ce0ffa86a48d19008b30965e4892ab2d2bd	historical_all_available_gate_rescue	focal	
AUS::SAMN45810524		SAMN45810524		SRR31743932	AUS	Australia	2018-01	2018-01-01	2018-01-31	2018	1	1	month	True	PRJNA1199062	ena_study_accession	australia_fong_2026_direct_specimens	historical_tree_anchor	focal_genome_observation	True		True													False	1	2026-07-24								Oceania	ena_fastq_download	2018.0	ptxP3/fim3-1	2018-01	488621aaaadbf3d2ed5ee19a677c7a0cb8430d05fc34e7e498a6f74753172463	historical_all_available_gate_rescue	focal	
AUS::SAMN45810525		SAMN45810525		SRR31743931	AUS	Australia	2018-06	2018-06-01	2018-06-30	2018	6	2	month	True	PRJNA1199062	ena_study_accession	australia_fong_2026_direct_specimens	historical_tree_anchor	focal_genome_observation	True		False													False	1	2026-07-24								Oceania	ena_fastq_download	2018.0	ptxP3/fim3-27	2018-06	eef9f59bd47b2ad0ee14f87a808cbe9f8fccde0df98a07678cbcbc19b3aec664	historical_all_available_gate_rescue	focal	
AUS::SAMN45810526		SAMN45810526		SRR31743930	AUS	Australia	2018-12	2018-12-01	2018-12-31	2018	12	4	month	True	PRJNA1199062	ena_study_accession	australia_fong_2026_direct_specimens	historical_tree_anchor	focal_genome_observation	True		False													False	1	2026-07-24								Oceania	ena_fastq_download	2018.0	ptxP3/fim3-1	2018-12	dad6ccbe2f453e7cd461c5a070f86bb4862c0a06454cdf900b647d6ec68edfad	historical_all_available_gate_rescue	focal	
AUS::SAMN45810527		SAMN45810527		SRR31743929	AUS	Australia	2018-07	2018-07-01	2018-07-31	2018	7	3	month	True	PRJNA1199062	ena_study_accession	australia_fong_2026_direct_specimens	historical_tree_anchor	focal_genome_observation	True		True													False	1	2026-07-24								Oceania	ena_fastq_download	2018.0	ptxP3/fim3-1	2018-07	129e31ca142aa6391aff8fefc3e5ebb3ffd6b24bee4991f0aa93050546bc607b	historical_all_available_gate_rescue	focal	
AUS::SAMN45810528		SAMN45810528		SRR31743928	AUS	Australia	2018-08	2018-08-01	2018-08-31	2018	8	3	month	True	PRJNA1199062	ena_study_accession	australia_fong_2026_direct_specimens	historical_tree_anchor	focal_genome_observation	True		False													False	1	2026-07-24								Oceania	ena_fastq_download	2018.0	ptxP3/fim3-45	2018-08	b33f4d755ca3caa327cb2399806cceb2a3bbab5243cad99275af1793f9af32fb	historical_all_available_gate_rescue	focal	
AUS::SAMN45810529		SAMN45810529		SRR31743927	AUS	Australia	2018-03	2018-03-01	2018-03-31	2018	3	1	month	True	PRJNA1199062	ena_study_accession	australia_fong_2026_direct_specimens	historical_tree_anchor	focal_genome_observation	True		False													False	1	2026-07-24								Oceania	ena_fastq_download	2018.0	ptxP3/fim3-1	2018-03	58dd3b700586df402ddc7d0fd3ecd885845540e530640df7710ae53205fa027c	historical_all_available_gate_rescue	focal	
AUS::SAMN45810530		SAMN45810530		SRR31743925	AUS	Australia	2017-12	2017-12-01	2017-12-31	2017	12	4	month	True	PRJNA1199062	ena_study_accession	australia_fong_2026_direct_specimens	historical_tree_anchor	focal_genome_observation	True		False													False	1	2026-07-24								Oceania	ena_fastq_download	2017.0	ptxP3/fim3-1	2017-12	535219ba14dd7d087a0e2c621408e07c3489c91041c9b85d9a7ec5339aea0cd0	historical_all_available_gate_rescue	focal	
AUS::SAMN45810532		SAMN45810532		SRR31743923	AUS	Australia	2019-10	2019-10-01	2019-10-31	2019	10	4	month	True	PRJNA1199062	ena_study_accession	australia_fong_2026_direct_specimens	historical_tree_anchor	focal_genome_observation	True		True													False	1	2026-07-24								Oceania	ena_fastq_download	2019.0	ptxP3/fim3-2	2019-10	bda0b9a75e9ce3786a6ff8fb9cbf94182231675a35c58383e0b778e006774ca5	historical_all_available_gate_rescue	focal	
AUS::SAMN45810537		SAMN45810537		SRR31743918	AUS	Australia	2016-04	2016-04-01	2016-04-30	2016	4	2	month	True	PRJNA1199062	ena_study_accession	australia_fong_2026_direct_specimens	historical_tree_anchor	focal_genome_observation	True		False													False	1	2026-07-24								Oceania	ena_fastq_download	2016.0	ptxP3/fim3-1	2016-04	2293fbfdc081214695a28d5f36681db2e800d60df9b6c944658e02b0af42e7c4	historical_all_available_gate_rescue	focal	
AUS::SAMN45810538		SAMN45810538		SRR31743852	AUS	Australia	2016-01	2016-01-01	2016-01-31	2016	1	1	month	True	PRJNA1199062	ena_study_accession	australia_fong_2026_direct_specimens	historical_tree_anchor	focal_genome_observation	True		True													False	1	2026-07-24								Oceania	ena_fastq_download	2016.0	ptxP3/fim3-1	2016-01	50395f53cf1cffec3cc82dc4d6acd0589867f8ed7e32a4bf5525dae0429bb081	historical_all_available_gate_rescue	focal	
AUS::SAMN45810539		SAMN45810539		SRR31743851	AUS	Australia	2018-10	2018-10-01	2018-10-31	2018	10	4	month	True	PRJNA1199062	ena_study_accession	australia_fong_2026_direct_specimens	historical_tree_anchor	focal_genome_observation	True		True													False	1	2026-07-24								Oceania	ena_fastq_download	2018.0	ptxP3/fim3-1	2018-10	c217b2222c08c532b8a4a740239e39eb8d2773633698ea30c22fda727eb66567	historical_all_available_gate_rescue	focal	
AUS::SAMN45810545		SAMN45810545		SRR31743844	AUS	Australia	2019-05	2019-05-01	2019-05-31	2019	5	2	month	True	PRJNA1199062	ena_study_accession	australia_fong_2026_direct_specimens	historical_tree_anchor	focal_genome_observation	True		True													False	1	2026-07-24								Oceania	ena_fastq_download	2019.0	ptxP3/fim3-2	2019-05	1922644e3eab29a6b2856408feff3227cda2f090eedeeb25210f36ca292e5511	historical_all_available_gate_rescue	focal	
AUS::SAMN45810546		SAMN45810546		SRR31743843	AUS	Australia	2018-11	2018-11-01	2018-11-30	2018	11	4	month	True	PRJNA1199062	ena_study_accession	australia_fong_2026_direct_specimens	historical_tree_anchor	focal_genome_observation	True		True													False	1	2026-07-24								Oceania	ena_fastq_download	2018.0	ptxP3/fim3-2	2018-11	9eec8c4eb990b4bc0bdc4397e40c18fa0156be39fe18905da559a09a6801f8a3	historical_all_available_gate_rescue	focal	
AUS::SAMN45810547		SAMN45810547		SRR31743842	AUS	Australia	2019-01	2019-01-01	2019-01-31	2019	1	1	month	True	PRJNA1199062	ena_study_accession	australia_fong_2026_direct_specimens	historical_tree_anchor	focal_genome_observation	True		True													False	1	2026-07-24								Oceania	ena_fastq_download	2019.0	ptxP3/fim3-1	2019-01	c7633c1eeab61ea8e27c919c2e7510a68834cbb72cf2b99ef9c0a53a229584d1	historical_all_available_gate_rescue	focal	
AUS::SAMN45810550		SAMN45810550		SRR31743838	AUS	Australia	2015-12	2015-12-01	2015-12-31	2015	12	4	month	True	PRJNA1199062	ena_study_accession	australia_fong_2026_direct_specimens	historical_tree_anchor	focal_genome_observation	True		True													False	1	2026-07-24								Oceania	ena_fastq_download	2015.0	ptxP3/fim3-2	2015-12	65dbf986f2c699f5708deab157749bbb14b101ad45e58815fc90bbafaba12925	historical_all_available_gate_rescue	focal	
AUS::SAMN45810571		SAMN45810571		SRR31743912	AUS	Australia	2016-01	2016-01-01	2016-01-31	2016	1	1	month	True	PRJNA1199062	ena_study_accession	australia_fong_2026_direct_specimens	historical_tree_anchor	focal_genome_observation	True		True													False	1	2026-07-24								Oceania	ena_fastq_download	2016.0	ptxP3/fim3-1	2016-01	c60d8fb705ae43973505cc61edc623747a0abfa1d06ba3243cf22a701afd706c	historical_all_available_gate_rescue	focal	
AUS::SAMN45810572		SAMN45810572		SRR31743911	AUS	Australia	2016-02	2016-02-01	2016-02-29	2016	2	1	month	True	PRJNA1199062	ena_study_accession	australia_fong_2026_direct_specimens	historical_tree_anchor	focal_genome_observation	True		True													False	1	2026-07-24								Oceania	ena_fastq_download	2016.0	ptxP3/fim3-1	2016-02	0aa25ce8f6927a047524edc9185293f2698246c282c7bf0ac9b4c82525c625ed	historical_all_available_gate_rescue	focal	
AUS::SAMN45810573		SAMN45810573		SRR31743910	AUS	Australia	2016-02	2016-02-01	2016-02-29	2016	2	1	month	True	PRJNA1199062	ena_study_accession	australia_fong_2026_direct_specimens	historical_tree_anchor	focal_genome_observation	True		True													False	1	2026-07-24								Oceania	ena_fastq_download	2016.0	ptxP3/fim3-1	2016-02	7519e0a19739f3fed8c9cbfc97f3d34daf8278f939af123e2785730b4500a360	historical_all_available_gate_rescue	focal	
AUS::SAMN45810574		SAMN45810574		SRR31743909	AUS	Australia	2016-04	2016-04-01	2016-04-30	2016	4	2	month	True	PRJNA1199062	ena_study_accession	australia_fong_2026_direct_specimens	historical_tree_anchor	focal_genome_observation	True		True													False	1	2026-07-24								Oceania	ena_fastq_download	2016.0	ptxP3/fim3-1	2016-04	337d3a96b275faa535033024bdd05bb248dab5c9d1d7d8e6a4982372b7892934	historical_all_available_gate_rescue	focal	
AUS::SAMN45810575		SAMN45810575		SRR31743908	AUS	Australia	2019-03	2019-03-01	2019-03-31	2019	3	1	month	True	PRJNA1199062	ena_study_accession	australia_fong_2026_direct_specimens	historical_tree_anchor	focal_genome_observation	True		True													False	1	2026-07-24								Oceania	ena_fastq_download	2019.0	ptxP3/fim3-1	2019-03	7938fc7a6b52700c9beecc0a12cbaaaae47132ebe488325a3baef8db89e6d9fa	historical_all_available_gate_rescue	focal	
JPN::SAMD01797761	SAMD01797761	SAMD01797761		DRR900589	JPN	Japan	2025-03	2025-03-01	2025-03-31	2025	3	1	month	True	PRJDB34249	ena_study_accession	japan_targeted_ena_projects	focal_model_observation	focal_genome_observation	True	public_raw_reads_pending_uniform_qc	True	False	True				pending_new_phylogeny							False	1	2026-07-24	Targeted Japanese historical or recent public project.							Asia	ena_fastq_download	2025.0	UNKNOWN_LINEAGE	2025-03	0012af9b7e672954954eb3eabdf9bacd2a8badc8dfb48cc2f409a362e4e94ad5	modern_country_time_project_lineage_cap8	focal	
CHN::SAMN50152059	SAMN50152059	SAMN50152059	GCA_053472405		CHN	China	2024	2024-01-01	2024-12-31	2024			year	False	PRJNA1295129	assembly_metadata	current_2406_archive	focal_model_observation	focal_genome_observation	True	archive_analysis_genome	True	False	True				provisional_marker_or_published_annotation							False	1	2026-07-24	Legacy PRN endpoints ignored; record retained only for genome/date/project/marker metadata.						ok	Asia	local_fasta	2024.0	UNKNOWN_LINEAGE	2024	0076385e7ddd81f36ce00a8151fb639e4ce11db97a3bab784bcd7eff788cc9b8	modern_country_time_project_lineage_cap8	focal	
CHN::SAMN45156057	SRS23447299	SAMN45156057	RRASM_SRR31615287	SRR31615287	CHN	China		2024-01-01	2024-12-31	2024			year	False	PRJNA1193776	study_accession	current_2406_archive	focal_model_observation	focal_genome_observation	True	archive_analysis_genome	True	False	True			ptxP3/fim3-1	provisional_marker_or_published_annotation	Branch_IIb	ptxP3/fim3-1	MR-MT28-others	ptxP3	fim3-1	MR_A2047G	False	1	2026-07-24	Legacy PRN endpoints ignored; record retained only for genome/date/project/marker metadata.						ok	Asia	local_fasta	2024.0	ptxP3/fim3-1	2024	007d065e57829b4ac234427d7115c84e619a3e16d046d940f4b9f3a885678ffb	modern_country_time_project_lineage_cap8	focal	
CHN::SAMN43024025	SAMN43024025	SAMN43024025	GCA_042610795		CHN	China	2024-05-16	2024-05-16	2024-05-16	2024	5	2	day	True	PRJNA1143937	assembly_metadata	current_2406_archive	focal_model_observation	focal_genome_observation	True	archive_analysis_genome	True	False	True				provisional_marker_or_published_annotation							False	1	2026-07-24	Legacy PRN endpoints ignored; record retained only for genome/date/project/marker metadata.						ok	Asia	local_fasta	2024.0	UNKNOWN_LINEAGE	2024-05	008e552552841ce5c24d93ba47b438e40b28817a8e09178b94462c9967c701d8	modern_country_time_project_lineage_cap8	focal	
JPN::SAMD00920273	SAMD00920273	SAMD00920273		DRR900579	JPN	Japan	2024	2024-01-01	2024-12-31	2024			year	False	PRJDB34249	ena_study_accession	japan_targeted_ena_projects	focal_model_observation	focal_genome_observation	True	public_raw_reads_pending_uniform_qc	True	False	True				pending_new_phylogeny							False	1	2026-07-24	Targeted Japanese historical or recent public project.							Asia	ena_fastq_download	2024.0	UNKNOWN_LINEAGE	2024	00c472689f2a2db4c8bffd02382fd9bd3508a4b1891b6479867e3ba3b5862139	modern_country_time_project_lineage_cap8	focal	
AUS::SAMN45810514		SAMN45810514		SRR31743962	AUS	Australia	2024-04	2024-04-01	2024-04-30	2024	4	2	month	True	PRJNA1199062	ena_study_accession	australia_fong_2026_direct_specimens	focal_model_observation	focal_genome_observation	True		True													False	1	2026-07-24								Oceania	ena_fastq_download	2024.0	ptxP3/fim3-2	2024-04	00c71578b9da5c277c7f37306565be692005ecd3bd55ec60bc4ec89ddbbaa3ba	modern_country_time_project_lineage_cap8	focal	
JPN::SAMD01697929	SAMD01697929	SAMD01697929		DRR902069	JPN	Japan	2025-06-02	2025-06-02	2025-06-02	2025	6	2	day	True	PRJDB37898	ena_study_accession	japan_targeted_ena_projects	focal_model_observation	focal_genome_observation	True	public_raw_reads_pending_uniform_qc	True	False	True				pending_new_phylogeny							False	1	2026-07-24	Targeted Japanese historical or recent public project.							Asia	ena_fastq_download	2025.0	UNKNOWN_LINEAGE	2025-06	011ee227d40c1b641f08f7f132d5debbc33f0cc2d4ccef27587a57a0d9922761	modern_country_time_project_lineage_cap8	focal	
JPN::SAMD01697903	SAMD01697903	SAMD01697903		DRR902043	JPN	Japan	2025-05-26	2025-05-26	2025-05-26	2025	5	2	day	True	PRJDB37898	ena_study_accession	japan_targeted_ena_projects	focal_model_observation	focal_genome_observation	True	public_raw_reads_pending_uniform_qc	True	False	True				pending_new_phylogeny							False	1	2026-07-24	Targeted Japanese historical or recent public project.							Asia	ena_fastq_download	2025.0	UNKNOWN_LINEAGE	2025-05	012fc5e40d51bc58fae5ebb3edab9f632d80e354b248c1f66eee0686b68ed330	modern_country_time_project_lineage_cap8	focal	
FRA::SAMEA115874241	SAMEA115874241	SAMEA115874241		ERR13476650	FRA	France	2024	2024-01-01	2024-12-31	2024			year	False	PRJEB42353	ena_study_accession	targeted_belgium_france_public_inventory	focal_model_observation	focal_genome_observation	True	public_raw_reads_pending_uniform_qc	True	False	True			Europe sublineage 1	pending_new_phylogeny	Branch_IIb	ptxP3/fim3-1	Europe sublineage 1	ptxP3	fim3-1	23S_rRNA_1	False	1	2026-07-24	complete_67_of_67							Europe	ena_fastq_download	2024.0	Europe sublineage 1	2024	0172d45cedd7fcd3326d8c55762927d8159be3db3fdfd02c3c4f4ea69521cc47	modern_country_time_project_lineage_cap8	focal	
JPN::SAMD01697934	SAMD01697934	SAMD01697934		DRR902074	JPN	Japan	2025-06-16	2025-06-16	2025-06-16	2025	6	2	day	True	PRJDB37898	ena_study_accession	japan_targeted_ena_projects	focal_model_observation	focal_genome_observation	True	public_raw_reads_pending_uniform_qc	True	False	True				pending_new_phylogeny							False	1	2026-07-24	Targeted Japanese historical or recent public project.							Asia	ena_fastq_download	2025.0	UNKNOWN_LINEAGE	2025-06	01ccf409a19aa4ab6e5c016074dd5d5481e447f0710f8b412fb0eda768ee9fbb	modern_country_time_project_lineage_cap8	focal	
FRA::SAMEA115874224	SAMEA115874224	SAMEA115874224		ERR13476633	FRA	France	2024	2024-01-01	2024-12-31	2024			year	False	PRJEB42353	ena_study_accession	targeted_belgium_france_public_inventory	focal_model_observation	focal_genome_observation	True	public_raw_reads_pending_uniform_qc	True	False	True			ptxP3/fim3-1	pending_new_phylogeny	Branch_IIb	ptxP3/fim3-1		ptxP3	fim3-1	23S_rRNA_1	False	1	2026-07-24	complete_67_of_67							Europe	ena_fastq_download	2024.0	ptxP3/fim3-1	2024	027d74ace06a116689efd7f066aefb8d9d1afaa7f83449cc3cd7cf746ed00aba	modern_country_time_project_lineage_cap8	focal	
FRA::SAMEA115874216	SAMEA115874216	SAMEA115874216		ERR13476625	FRA	France	2024	2024-01-01	2024-12-31	2024			year	False	PRJEB42353	ena_study_accession	targeted_belgium_france_public_inventory	focal_model_observation	focal_genome_observation	True	public_raw_reads_pending_uniform_qc	True	False	True			others	pending_new_phylogeny	Branch_IIb	others		ptxP1	fim3-26	23S_rRNA_1	False	1	2026-07-24	complete_67_of_67							Europe	ena_fastq_download	2024.0	others	2024	038ecba300702af647c972336aef11d18a5ed29345e534694dc6174b90b62e58	modern_country_time_project_lineage_cap8	focal	
JPN::SAMD01697939	SAMD01697939	SAMD01697939		DRR902079	JPN	Japan	2025-06-16	2025-06-16	2025-06-16	2025	6	2	day	True	PRJDB37898	ena_study_accession	japan_targeted_ena_projects	focal_model_observation	focal_genome_observation	True	public_raw_reads_pending_uniform_qc	True	False	True				pending_new_phylogeny							False	1	2026-07-24	Targeted Japanese historical or recent public project.							Asia	ena_fastq_download	2025.0	UNKNOWN_LINEAGE	2025-06	039655deef8903f25729ad70cc878bf0fbb8655fa79f04899dc035defa5ad87b	modern_country_time_project_lineage_cap8	focal	
CHN::SAMN44590276	SAMN44590276	SAMN44590276	GCA_050979345		CHN	China	2024-07-04	2024-07-04	2024-07-04	2024	7	3	day	True	PRJNA1182239	assembly_metadata	current_2406_archive	focal_model_observation	focal_genome_observation	True	archive_analysis_genome	True	False	True				provisional_marker_or_published_annotation							False	1	2026-07-24	Legacy PRN endpoints ignored; record retained only for genome/date/project/marker metadata.						ok	Asia	local_fasta	2024.0	UNKNOWN_LINEAGE	2024-07	03b016b7f805fc9a173a85b72737e5d12ca7c65c36a0a61004d891ed745bbd75	modern_country_time_project_lineage_cap8	focal	
CHN::SAMN44590307	SAMN44590307	SAMN44590307	GCA_050978665		CHN	China	2024-08-27	2024-08-27	2024-08-27	2024	8	3	day	True	PRJNA1182239	assembly_metadata	current_2406_archive	focal_model_observation	focal_genome_observation	True	archive_analysis_genome	True	False	True				provisional_marker_or_published_annotation							False	1	2026-07-24	Legacy PRN endpoints ignored; record retained only for genome/date/project/marker metadata.						ok	Asia	local_fasta	2024.0	UNKNOWN_LINEAGE	2024-08	03e5a810c74a144273cfeab5d1bd8a8023a26cd530a9968891f1c146a9dd9052	modern_country_time_project_lineage_cap8	focal	
AUS::SAMN45810576		SAMN45810576		SRR31743907	AUS	Australia	2024-04	2024-04-01	2024-04-30	2024	4	2	month	True	PRJNA1199062	ena_study_accession	australia_fong_2026_direct_specimens	focal_model_observation	focal_genome_observation	True		False													False	1	2026-07-24								Oceania	ena_fastq_download	2024.0	ptxP(~5)/fim3-45	2024-04	03f2e781c453e413987ecf8d0be10fd3e42cb7f27982603efbad427f06446aee	modern_country_time_project_lineage_cap8	focal	
FRA::SAMEA115874196	SAMEA115874196	SAMEA115874196		ERR13476605	FRA	France	2024	2024-01-01	2024-12-31	2024			year	False	PRJEB42353	ena_study_accession	targeted_belgium_france_public_inventory	focal_model_observation	focal_genome_observation	True	public_raw_reads_pending_uniform_qc	True	False	True			Europe sublineage 1	pending_new_phylogeny	Branch_IIb	ptxP3/fim3-1	Europe sublineage 1	ptxP3	fim3-1	23S_rRNA_1	False	1	2026-07-24	complete_67_of_67							Europe	ena_fastq_download	2024.0	Europe sublineage 1	2024	040b352634ebeb7e4dc6652c71888a64277679d265d9f2480ab0e50ce12229f8	modern_country_time_project_lineage_cap8	focal	
FRA::SAMEA117615784	SAMEA117615784	SAMEA117615784	GCA_965117285		FRA	France	2024	2024-01-01	2024-12-31	2024			year	False	PRJEB85093	assembly_metadata	current_2406_archive	focal_model_observation	focal_genome_observation	True	archive_analysis_genome	True	False	True			ptxP3	provisional_marker_or_published_annotation				ptxP3		MS	False	1	2026-07-24	Legacy PRN endpoints ignored; record retained only for genome/date/project/marker metadata.						ok	Europe	local_fasta	2024.0	ptxP3	2024	0416e8d94238e862ca66cf70f7b5dcd9cf29f3944e4df37af5ad28098defadb6	modern_country_time_project_lineage_cap8	focal	
JPN::SAMD01697928	SAMD01697928	SAMD01697928		DRR902068	JPN	Japan	2025-06-02	2025-06-02	2025-06-02	2025	6	2	day	True	PRJDB37898	ena_study_accession	japan_targeted_ena_projects	focal_model_observation	focal_genome_observation	True	public_raw_reads_pending_uniform_qc	True	False	True				pending_new_phylogeny							False	1	2026-07-24	Targeted Japanese historical or recent public project.							Asia	ena_fastq_download	2025.0	UNKNOWN_LINEAGE	2025-06	043a74af5d252e6cb7dd451a867bf76b20631f5743c921bc0ffc7d868fbaded2	modern_country_time_project_lineage_cap8	focal	
CHN::SAMN43024012	SAMN43024012	SAMN43024012	GCA_042611025		CHN	China	2024-04-22	2024-04-22	2024-04-22	2024	4	2	day	True	PRJNA1143937	assembly_metadata	current_2406_archive	focal_model_observation	focal_genome_observation	True	archive_analysis_genome	True	False	True			ptxP3/fim3-1	provisional_marker_or_published_annotation	Branch_IIb	ptxP3/fim3-1	MR-MT28-PG2	ptxP3	fim3-1	MR_A2047G	False	1	2026-07-24	Legacy PRN endpoints ignored; record retained only for genome/date/project/marker metadata.						ok	Asia	local_fasta	2024.0	ptxP3/fim3-1	2024-04	04624cba0d0e1fad18c1ce3c430e37ec61d7e5e60b176217aebc9d2fee9e46eb	modern_country_time_project_lineage_cap8	focal	
CHN::SAMN44583871	SAMN44583871	SAMN44583871	GCA_050977345		CHN	China	2024-02-26	2024-02-26	2024-02-26	2024	2	1	day	True	PRJNA1182239	assembly_metadata	current_2406_archive	focal_model_observation	focal_genome_observation	True	archive_analysis_genome	True	False	True				provisional_marker_or_published_annotation							False	1	2026-07-24	Legacy PRN endpoints ignored; record retained only for genome/date/project/marker metadata.						ok	Asia	local_fasta	2024.0	UNKNOWN_LINEAGE	2024-02	047b5b84bf60cec0f916dcc6f4a531282f2ce31665661a0ce5b2a599369d362c	modern_country_time_project_lineage_cap8	focal	
CHN::SAMN42391150	SAMN42391150	SAMN42391150	GCA_047323265	SRR31303426	CHN	China	2023-12-29	2023-12-29	2023-12-29	2023	12	4	day	True	PRJNA1133929	assembly_metadata	current_2406_archive	focal_model_observation	focal_genome_observation	True	archive_analysis_genome	True	False	True			ptxP3/fim3-1	provisional_marker_or_published_annotation	Branch_IIb	ptxP3/fim3-1	MR-MT28-others	ptxP3	fim3-1	MS	False	1	2026-07-24	Legacy PRN endpoints ignored; record retained only for genome/date/project/marker metadata.						ok	Asia	local_fasta	2023.0	ptxP3/fim3-1	2023-12	04aeeb1b392c9e7480d2fb262041f7d9bd9372c476e36e03e5c0a6e6f6831fc1	modern_country_time_project_lineage_cap8	focal	
CHN::SAMN44590295	SAMN44590295	SAMN44590295	GCA_050978905		CHN	China	2024-08-01	2024-08-01	2024-08-01	2024	8	3	day	True	PRJNA1182239	assembly_metadata	current_2406_archive	focal_model_observation	focal_genome_observation	True	archive_analysis_genome	True	False	True				provisional_marker_or_published_annotation							False	1	2026-07-24	Legacy PRN endpoints ignored; record retained only for genome/date/project/marker metadata.						ok	Asia	local_fasta	2024.0	UNKNOWN_LINEAGE	2024-08	04b7756c9f41dda46c71d58f53f1429a12cd2466948b6b1e1a3b85c8f04b3ec9	modern_country_time_project_lineage_cap8	focal	
CHN::SAMN43024028	SAMN43024028	SAMN43024028	GCA_042610725		CHN	China	2024-05-22	2024-05-22	2024-05-22	2024	5	2	day	True	PRJNA1143937	assembly_metadata	current_2406_archive	focal_model_observation	focal_genome_observation	True	archive_analysis_genome	True	False	True				provisional_marker_or_published_annotation							False	1	2026-07-24	Legacy PRN endpoints ignored; record retained only for genome/date/project/marker metadata.						ok	Asia	local_fasta	2024.0	UNKNOWN_LINEAGE	2024-05	04c9fc1e693bd7d8b091846b853962a67d8ee93055a36e7d01d5e5e99c353ae7	modern_country_time_project_lineage_cap8	focal	
JPN::SAMD00892036	SAMD00892036	SAMD00892036	GCA_054656515	DRR902021	JPN	Japan	2025-01-15	2025-01-15	2025-01-15	2025	1	1	day	True	PRJDB20413	ena_study_accession	japan_targeted_ena_projects;current_2406_archive	focal_model_observation	focal_genome_observation	True	public_raw_reads_pending_uniform_qc	True	False	True				pending_new_phylogeny							False	2	2026-07-24	Targeted Japanese historical or recent public project. | Legacy PRN endpoints ignored; record retained only for genome/date/project/marker metadata.						ok	Asia	local_fasta	2025.0	UNKNOWN_LINEAGE	2025-01	04e4b07cbba576836332a85f7b708b10ab33373206ce5ee61ad1c0b066c4e1a3	modern_country_time_project_lineage_cap8	focal	
CHN::SAMN44583859	SAMN44583859	SAMN44583859	GCA_050977605		CHN	China	2024-02-06	2024-02-06	2024-02-06	2024	2	1	day	True	PRJNA1182239	assembly_metadata	current_2406_archive	focal_model_observation	focal_genome_observation	True	archive_analysis_genome	True	False	True				provisional_marker_or_published_annotation							False	1	2026-07-24	Legacy PRN endpoints ignored; record retained only for genome/date/project/marker metadata.						ok	Asia	local_fasta	2024.0	UNKNOWN_LINEAGE	2024-02	052200726cc96c2dc9c25fcb51eb52f31be4ad6bc3358fed53e27a3bd8530b7b	modern_country_time_project_lineage_cap8	focal	
CHN::SAMN43024014	SAMN43024014	SAMN43024014	GCA_042610965		CHN	China	2024-04-20	2024-04-20	2024-04-20	2024	4	2	day	True	PRJNA1143937	assembly_metadata	current_2406_archive	focal_model_observation	focal_genome_observation	True	archive_analysis_genome	True	False	True			ptxP3/fim3-1	provisional_marker_or_published_annotation	Branch_IIb	ptxP3/fim3-1	MR-MT28-others	ptxP3	fim3-1	MR_A2047G	False	1	2026-07-24	Legacy PRN endpoints ignored; record retained only for genome/date/project/marker metadata.						ok	Asia	local_fasta	2024.0	ptxP3/fim3-1	2024-04	053ceda92bb3e8ddc207d0270c8a58ae8ca7b877ace6e62ae6ae409b638c4a41	modern_country_time_project_lineage_cap8	focal	
CHN::SAMN44583865	SAMN44583865	SAMN44583865	GCA_050977465		CHN	China	2024-02-08	2024-02-08	2024-02-08	2024	2	1	day	True	PRJNA1182239	assembly_metadata	current_2406_archive	focal_model_observation	focal_genome_observation	True	archive_analysis_genome	True	False	True				provisional_marker_or_published_annotation							False	1	2026-07-24	Legacy PRN endpoints ignored; record retained only for genome/date/project/marker metadata.						ok	Asia	local_fasta	2024.0	UNKNOWN_LINEAGE	2024-02	053de100022fc85a83f573ec9a42a9537f19130c4cfdc17817966d650265197e	modern_country_time_project_lineage_cap8	focal	
CHN::SAMN44583845	SAMN44583845	SAMN44583845	GCA_050977865		CHN	China	2024-02-02	2024-02-02	2024-02-02	2024	2	1	day	True	PRJNA1182239	assembly_metadata	current_2406_archive	focal_model_observation	focal_genome_observation	True	archive_analysis_genome	True	False	True				provisional_marker_or_published_annotation							False	1	2026-07-24	Legacy PRN endpoints ignored; record retained only for genome/date/project/marker metadata.						ok	Asia	local_fasta	2024.0	UNKNOWN_LINEAGE	2024-02	056109fa9b13b8465214d5e2dcb00b5976d48140448be125d39f4b8b3fe3af9a	modern_country_time_project_lineage_cap8	focal	
CHN::SAMN44583946	SAMN44583946	SAMN44583946	GCA_050975785		CHN	China	2024-03-20	2024-03-20	2024-03-20	2024	3	1	day	True	PRJNA1182239	assembly_metadata	current_2406_archive	focal_model_observation	focal_genome_observation	True	archive_analysis_genome	True	False	True				provisional_marker_or_published_annotation							False	1	2026-07-24	Legacy PRN endpoints ignored; record retained only for genome/date/project/marker metadata.						ok	Asia	local_fasta	2024.0	UNKNOWN_LINEAGE	2024-03	05994b0a243600d65eda80bc11f9d72e1bb22d6016c2a8a43b7951be028e7df3	modern_country_time_project_lineage_cap8	focal	
CHN::SAMN50152020	SAMN50152020	SAMN50152020	GCA_053473185		CHN	China	2022	2022-01-01	2022-12-31	2022			year	False	PRJNA1295129	assembly_metadata	current_2406_archive	focal_model_observation	focal_genome_observation	True	archive_analysis_genome	True	False	True				provisional_marker_or_published_annotation							False	1	2026-07-24	Legacy PRN endpoints ignored; record retained only for genome/date/project/marker metadata.						ok	Asia	local_fasta	2022.0	UNKNOWN_LINEAGE	2022	059c39f1ef45b4f2df69466fd2335f880f00d8b8600139826f4e8c6a8dd8395e	modern_country_time_project_lineage_cap8	focal	
BEL::SAMEA117989590	SAMEA117989590	SAMEA117989590		ERR14837986	BEL	Belgium	2023-11-14	2023-11-14	2023-11-14	2023	11	4	day	True	PRJEB88325	ena_study_accession	targeted_belgium_france_public_inventory	focal_model_observation	focal_genome_observation	True	public_raw_reads_pending_uniform_qc	True	True	True			ptxP3/fim3-1	pending_new_phylogeny	Branch_IIb	ptxP3/fim3-1		ptxP3	fim3-1	23S_rRNA_1	False	1	2026-07-24	project_member_414_of_416_linked_identity_not_in_ENA_fields							Europe	ena_fastq_download	2023.0	ptxP3/fim3-1	2023-11	05bb0d56107c747e0f7bfc2fdb8eec7ab4687e9e867e0376978c33a9d9f76748	modern_country_time_project_lineage_cap8	focal	
AUS::SAMN45810620		SAMN45810620		SRR31743983	AUS	Australia	2024-10	2024-10-01	2024-10-31	2024	10	4	month	True	PRJNA1199062	ena_study_accession	australia_fong_2026_direct_specimens	focal_model_observation	focal_genome_observation	True		True													False	1	2026-07-24								Oceania	ena_fastq_download	2024.0	ptxP3/fim3-2	2024-10	05d96c3ed860cb1c8f2c56003f7792eaa61101edd10abd0007848821b60d5fc9	modern_country_time_project_lineage_cap8	focal	
JPN::SAMD01593373	SAMD01593373	SAMD01593373	GCA_055385715	DRR705531	JPN	Japan	2024-12-12	2024-12-12	2024-12-12	2024	12	4	day	True	PRJDB35593	ena_study_accession	japan_targeted_ena_projects;current_2406_archive	focal_model_observation	focal_genome_observation	True	public_raw_reads_pending_uniform_qc	True	False	True			ptxP3	pending_new_phylogeny				ptxP3		MS	False	3	2026-07-24	Targeted Japanese historical or recent public project. | Legacy PRN endpoints ignored; record retained only for genome/date/project/marker metadata.						ok	Asia	local_fasta	2024.0	ptxP3	2024-12	05da67e18f097f0dc4b5dea9d2c94505e695287f7d32bb5aa53018f8a6a166ae	modern_country_time_project_lineage_cap8	focal	
CHN::SAMN43024030	SAMN43024030	SAMN43024030	GCA_042610685		CHN	China	2024-05-30	2024-05-30	2024-05-30	2024	5	2	day	True	PRJNA1143937	assembly_metadata	current_2406_archive	focal_model_observation	focal_genome_observation	True	archive_analysis_genome	True	False	True				provisional_marker_or_published_annotation							False	1	2026-07-24	Legacy PRN endpoints ignored; record retained only for genome/date/project/marker metadata.						ok	Asia	local_fasta	2024.0	UNKNOWN_LINEAGE	2024-05	060eea963cb755bde483406f120b49068c79332410ac09a9f3a30e0311136cf8	modern_country_time_project_lineage_cap8	focal	
JPN::SAMD01797763	SAMD01797763	SAMD01797763		DRR900591	JPN	Japan	2025-07	2025-07-01	2025-07-31	2025	7	3	month	True	PRJDB34249	ena_study_accession	japan_targeted_ena_projects	focal_model_observation	focal_genome_observation	True	public_raw_reads_pending_uniform_qc	True	False	True				pending_new_phylogeny							False	1	2026-07-24	Targeted Japanese historical or recent public project.							Asia	ena_fastq_download	2025.0	UNKNOWN_LINEAGE	2025-07	065ce81b39ecda07b22ca95b474a37ce5049ebd3ae6c78b9c0953b50633e7e0d	modern_country_time_project_lineage_cap8	focal	
BEL::SAMEA117989601	SAMEA117989601	SAMEA117989601		ERR14837997	BEL	Belgium	2023-12-11	2023-12-11	2023-12-11	2023	12	4	day	True	PRJEB88325	ena_study_accession	targeted_belgium_france_public_inventory	focal_model_observation	focal_genome_observation	True	public_raw_reads_pending_uniform_qc	True	True	True			Europe sublineage 2	pending_new_phylogeny	Branch_IIb	ptxP3/fim3-1	Europe sublineage 2	ptxP3	fim3-1	23S_rRNA_1	False	1	2026-07-24	project_member_414_of_416_linked_identity_not_in_ENA_fields							Europe	ena_fastq_download	2023.0	Europe sublineage 2	2023-12	067e8f6fb2a3375d567737f0314f4f080200fcfb195876d9e783ced237518f18	modern_country_time_project_lineage_cap8	focal	
AUS::SAMN45810548		SAMN45810548		SRR31743841	AUS	Australia	2024-05	2024-05-01	2024-05-31	2024	5	2	month	True	PRJNA1199062	ena_study_accession	australia_fong_2026_direct_specimens	focal_model_observation	focal_genome_observation	True		True													False	1	2026-07-24								Oceania	ena_fastq_download	2024.0	ptxP3/fim3-1	2024-05	0692dcb28308e73677bea55f065ded01e6113eced163e53bfd53bab61a7d2f43	modern_country_time_project_lineage_cap8	focal	
CHN::SAMN42391139	SAMN42391139	SAMN42391139	GCA_047323375	SRR31303438	CHN	China	2023-09-12	2023-09-12	2023-09-12	2023	9	3	day	True	PRJNA1133929	assembly_metadata	current_2406_archive	focal_model_observation	focal_genome_observation	True	archive_analysis_genome	True	False	True			ptxP3/fim3-1	provisional_marker_or_published_annotation	Branch_IIb	ptxP3/fim3-1	MR-MT28-others	ptxP3	fim3-1	MS	False	1	2026-07-24	Legacy PRN endpoints ignored; record retained only for genome/date/project/marker metadata.						ok	Asia	local_fasta	2023.0	ptxP3/fim3-1	2023-09	06aca53260eb1fbf7ebc4c9de37aaffcebe2b723b166ceb736183026c10bc5cd	modern_country_time_project_lineage_cap8	focal	
CHN::SAMN44583924	SAMN44583924	SAMN44583924	GCA_050976225		CHN	China	2024-03-15	2024-03-15	2024-03-15	2024	3	1	day	True	PRJNA1182239	assembly_metadata	current_2406_archive	focal_model_observation	focal_genome_observation	True	archive_analysis_genome	True	False	True				provisional_marker_or_published_annotation							False	1	2026-07-24	Legacy PRN endpoints ignored; record retained only for genome/date/project/marker metadata.						ok	Asia	local_fasta	2024.0	UNKNOWN_LINEAGE	2024-03	06b38d53a4c1f9c94f19810b0b92579e2ed8373bc6fbf154a1eef1457823f864	modern_country_time_project_lineage_cap8	focal	
CHN::SAMN44583959	SAMN44583959	SAMN44583959	GCA_050975545		CHN	China	2024-03-22	2024-03-22	2024-03-22	2024	3	1	day	True	PRJNA1182239	assembly_metadata	current_2406_archive	focal_model_observation	focal_genome_observation	True	archive_analysis_genome	True	False	True				provisional_marker_or_published_annotation							False	1	2026-07-24	Legacy PRN endpoints ignored; record retained only for genome/date/project/marker metadata.						ok	Asia	local_fasta	2024.0	UNKNOWN_LINEAGE	2024-03	06ea385529cbeb05b8ea02d0ba9315fb44d9c8635b4413a026decd400df9fbd9	modern_country_time_project_lineage_cap8	focal	
BEL::SAMEA117989554	SAMEA117989554	SAMEA117989554		ERR14837950	BEL	Belgium	2023-07-28	2023-07-28	2023-07-28	2023	7	3	day	True	PRJEB88325	ena_study_accession	targeted_belgium_france_public_inventory	focal_model_observation	focal_genome_observation	True	public_raw_reads_pending_uniform_qc	True	True	True			Europe sublineage 2	pending_new_phylogeny	Branch_IIb	ptxP3/fim3-1	Europe sublineage 2	ptxP3	fim3-1	23S_rRNA_1	False	1	2026-07-24	project_member_414_of_416_linked_identity_not_in_ENA_fields							Europe	ena_fastq_download	2023.0	Europe sublineage 2	2023-07	0714aec723e798ad467f60feb518553346969b0f1a8c7cb283dae576a9fe1644	modern_country_time_project_lineage_cap8	focal	
CHN::SAMN45156042	SRS23447282	SAMN45156042	RRASM_SRR31615304	SRR31615304	CHN	China		2024-01-01	2024-12-31	2024			year	False	PRJNA1193776	study_accession	current_2406_archive	focal_model_observation	focal_genome_observation	True	archive_analysis_genome	True	False	True			ptxP3/fim3-1	provisional_marker_or_published_annotation	Branch_IIb	ptxP3/fim3-1	MR-MT28-others	ptxP3	fim3-1	MR_A2047G	False	1	2026-07-24	Legacy PRN endpoints ignored; record retained only for genome/date/project/marker metadata.						ok	Asia	local_fasta	2024.0	ptxP3/fim3-1	2024	0720df8d5a248b23fce91285c21b7a44c4b994ea731b35ccd6e6d1fd0ef97b76	modern_country_time_project_lineage_cap8	focal	
FRA::SAMEA115874200	SAMEA115874200	SAMEA115874200		ERR13476609	FRA	France	2024	2024-01-01	2024-12-31	2024			year	False	PRJEB42353	ena_study_accession	targeted_belgium_france_public_inventory	focal_model_observation	focal_genome_observation	True	public_raw_reads_pending_uniform_qc	True	False	True			Europe sublineage 1	pending_new_phylogeny	Branch_IIb	ptxP3/fim3-1	Europe sublineage 1	ptxP3	fim3-1	23S_rRNA_1	False	1	2026-07-24	complete_67_of_67							Europe	ena_fastq_download	2024.0	Europe sublineage 1	2024	07272da8fb9602d384b4046f6f1c80239405900879c8c5aa74b0fb5a50aead62	modern_country_time_project_lineage_cap8	focal	
CHN::SAMN42391092	SAMN42391092	SAMN42391092	GCA_047324015	SRR31303482	CHN	China	2021-11-27	2021-11-27	2021-11-27	2021	11	4	day	True	PRJNA1133929	assembly_metadata	current_2406_archive	focal_model_observation	focal_genome_observation	True	archive_analysis_genome	True	False	True			ptxP1/fim3-1	provisional_marker_or_published_annotation	Branch_IIb	ptxP1/fim3-1		ptxP1	fim3-1	MS	False	1	2026-07-24	Legacy PRN endpoints ignored; record retained only for genome/date/project/marker metadata.						ok	Asia	local_fasta	2021.0	ptxP1/fim3-1	2021-11	0746e4352906b65b2a1378fe0cad0bbe390db7c274559bd1f768d34652e56b6a	modern_country_time_project_lineage_cap8	focal	
CHN::SAMN50152007	SAMN50152007	SAMN50152007	GCA_053473425		CHN	China	2021	2021-01-01	2021-12-31	2021			year	False	PRJNA1295129	assembly_metadata	current_2406_archive	focal_model_observation	focal_genome_observation	True	archive_analysis_genome	True	False	True				provisional_marker_or_published_annotation							False	1	2026-07-24	Legacy PRN endpoints ignored; record retained only for genome/date/project/marker metadata.						ok	Asia	local_fasta	2021.0	UNKNOWN_LINEAGE	2021	07625457c6000c0f1296c3fa4cce44ede6728e28fc51d0b11aca4ad867de6ade	modern_country_time_project_lineage_cap8	focal	
CHN::SAMN44590291	SAMN44590291	SAMN44590291	GCA_050979015		CHN	China	2024-07-19	2024-07-19	2024-07-19	2024	7	3	day	True	PRJNA1182239	assembly_metadata	current_2406_archive	focal_model_observation	focal_genome_observation	True	archive_analysis_genome	True	False	True				provisional_marker_or_published_annotation							False	1	2026-07-24	Legacy PRN endpoints ignored; record retained only for genome/date/project/marker metadata.						ok	Asia	local_fasta	2024.0	UNKNOWN_LINEAGE	2024-07	078834227a5657a5618748b8baeb1277cb0dbf913018c98bb34769f36f6519d3	modern_country_time_project_lineage_cap8	focal	
CHN::SAMN44584068	SAMN44584068	SAMN44584068	GCA_050973305		CHN	China	2024-05-09	2024-05-09	2024-05-09	2024	5	2	day	True	PRJNA1182239	assembly_metadata	current_2406_archive	focal_model_observation	focal_genome_observation	True	archive_analysis_genome	True	False	True				provisional_marker_or_published_annotation							False	1	2026-07-24	Legacy PRN endpoints ignored; record retained only for genome/date/project/marker metadata.						ok	Asia	local_fasta	2024.0	UNKNOWN_LINEAGE	2024-05	07a729b27ceca8bf617b90711f28e7261a78c4b447ce7d1df6fad0693b4a3b62	modern_country_time_project_lineage_cap8	focal	
CHN::SAMN50152005	SAMN50152005	SAMN50152005	GCA_053473465		CHN	China	2021	2021-01-01	2021-12-31	2021			year	False	PRJNA1295129	assembly_metadata	current_2406_archive	focal_model_observation	focal_genome_observation	True	archive_analysis_genome	True	False	True				provisional_marker_or_published_annotation							False	1	2026-07-24	Legacy PRN endpoints ignored; record retained only for genome/date/project/marker metadata.						ok	Asia	local_fasta	2021.0	UNKNOWN_LINEAGE	2021	07b00a0097fa29971b59c769e65c9e27210cb61a23624aa1ba2da274cce9575a	modern_country_time_project_lineage_cap8	focal	
CHN::SAMN44590310	SAMN44590310	SAMN44590310	GCA_050978605		CHN	China	2024-08-27	2024-08-27	2024-08-27	2024	8	3	day	True	PRJNA1182239	assembly_metadata	current_2406_archive	focal_model_observation	focal_genome_observation	True	archive_analysis_genome	True	False	True				provisional_marker_or_published_annotation							False	1	2026-07-24	Legacy PRN endpoints ignored; record retained only for genome/date/project/marker metadata.						ok	Asia	local_fasta	2024.0	UNKNOWN_LINEAGE	2024-08	07b22abc7a38136ac11c4defd3e9c07bc056ee992851bd205c34361d412fa58c	modern_country_time_project_lineage_cap8	focal	
CHN::SAMN50152013	SAMN50152013	SAMN50152013	GCA_053473305		CHN	China	2021	2021-01-01	2021-12-31	2021			year	False	PRJNA1295129	assembly_metadata	current_2406_archive	focal_model_observation	focal_genome_observation	True	archive_analysis_genome	True	False	True				provisional_marker_or_published_annotation							False	1	2026-07-24	Legacy PRN endpoints ignored; record retained only for genome/date/project/marker metadata.						ok	Asia	local_fasta	2021.0	UNKNOWN_LINEAGE	2021	07e655e32822a833d4cee2cf16e368cbbeae23b9bc9aff6af9579e1a54f82f24	modern_country_time_project_lineage_cap8	focal	
CHN::SAMN50152040	SAMN50152040	SAMN50152040	GCA_053472765		CHN	China	2022	2022-01-01	2022-12-31	2022			year	False	PRJNA1295129	assembly_metadata	current_2406_archive	focal_model_observation	focal_genome_observation	True	archive_analysis_genome	True	False	True				provisional_marker_or_published_annotation							False	1	2026-07-24	Legacy PRN endpoints ignored; record retained only for genome/date/project/marker metadata.						ok	Asia	local_fasta	2022.0	UNKNOWN_LINEAGE	2022	07fb3402c9d500321d5332d8b5bd4ce7fe996c08a80aa47be117a134c5b31d38	modern_country_time_project_lineage_cap8	focal	
CHN::SAMN44583843	SAMN44583843	SAMN44583843	GCA_050977905		CHN	China	2024-02-02	2024-02-02	2024-02-02	2024	2	1	day	True	PRJNA1182239	assembly_metadata	current_2406_archive	focal_model_observation	focal_genome_observation	True	archive_analysis_genome	True	False	True				provisional_marker_or_published_annotation							False	1	2026-07-24	Legacy PRN endpoints ignored; record retained only for genome/date/project/marker metadata.						ok	Asia	local_fasta	2024.0	UNKNOWN_LINEAGE	2024-02	0848f312863310c81ae04180faf65a1b2abe40fd9e3166eb4837ac1b03bd8cfe	modern_country_time_project_lineage_cap8	focal	
CHN::SAMN44583826	SAMN44583826	SAMN44583826	GCA_050978265		CHN	China	2023-07-21	2023-07-21	2023-07-21	2023	7	3	day	True	PRJNA1182239	assembly_metadata	current_2406_archive	focal_model_observation	focal_genome_observation	True	archive_analysis_genome	True	False	True				provisional_marker_or_published_annotation							False	1	2026-07-24	Legacy PRN endpoints ignored; record retained only for genome/date/project/marker metadata.						ok	Asia	local_fasta	2023.0	UNKNOWN_LINEAGE	2023-07	0889b1fcce046bc11059889a1a25e20d78462a3607930c627f9532c06e2b030a	modern_country_time_project_lineage_cap8	focal	
CHN::SAMN43024032	SAMN43024032	SAMN43024032	GCA_042610585		CHN	China	2024-05	2024-05-01	2024-05-31	2024	5	2	month	True	PRJNA1143937	assembly_metadata	current_2406_archive	focal_model_observation	focal_genome_observation	True	archive_analysis_genome	True	False	True				provisional_marker_or_published_annotation							False	1	2026-07-24	Legacy PRN endpoints ignored; record retained only for genome/date/project/marker metadata.						ok	Asia	local_fasta	2024.0	UNKNOWN_LINEAGE	2024-05	089bc8e5219513ee9a70209da0f62edd06be340d83ccddbf4c6a416907aabff6	modern_country_time_project_lineage_cap8	focal	
FRA::SAMEA115874248	SAMEA115874248	SAMEA115874248		ERR13476657	FRA	France	2024	2024-01-01	2024-12-31	2024			year	False	PRJEB42353	ena_study_accession	targeted_belgium_france_public_inventory	focal_model_observation	focal_genome_observation	True	public_raw_reads_pending_uniform_qc	True	False	True			ptxP3/fim3-2	pending_new_phylogeny	Branch_IIb	ptxP3/fim3-2		ptxP3	fim3-2	23S_rRNA_1	False	1	2026-07-24	complete_67_of_67							Europe	ena_fastq_download	2024.0	ptxP3/fim3-2	2024	0921e6cd7f285978e3fe5fa2319956471dadc768b0ff4eaf3bca45a7ca7e29bd	modern_country_time_project_lineage_cap8	focal	
CHN::SAMN44584026	SAMN44584026	SAMN44584026	GCA_050974165		CHN	China	2024-04-16	2024-04-16	2024-04-16	2024	4	2	day	True	PRJNA1182239	assembly_metadata	current_2406_archive	focal_model_observation	focal_genome_observation	True	archive_analysis_genome	True	False	True				provisional_marker_or_published_annotation							False	1	2026-07-24	Legacy PRN endpoints ignored; record retained only for genome/date/project/marker metadata.						ok	Asia	local_fasta	2024.0	UNKNOWN_LINEAGE	2024-04	0942a6dcdfad29f595a3fde7fa78152131973b13f887f88579f830c502cafd9a	modern_country_time_project_lineage_cap8	focal	
CHN::SAMN50152101	SAMN50152101	SAMN50152101	GCA_053470665		CHN	China	2024	2024-01-01	2024-12-31	2024			year	False	PRJNA1295129	assembly_metadata	current_2406_archive	focal_model_observation	focal_genome_observation	True	archive_analysis_genome	True	False	True				provisional_marker_or_published_annotation							False	1	2026-07-24	Legacy PRN endpoints ignored; record retained only for genome/date/project/marker metadata.						ok	Asia	local_fasta	2024.0	UNKNOWN_LINEAGE	2024	09cac47ca1abb30125bc862a82e082412cd0b403011ff4712fac57ede2c82ddf	modern_country_time_project_lineage_cap8	focal	
CHN::SAMN44583846	SAMN44583846	SAMN44583846	GCA_050977845		CHN	China	2024-02-02	2024-02-02	2024-02-02	2024	2	1	day	True	PRJNA1182239	assembly_metadata	current_2406_archive	focal_model_observation	focal_genome_observation	True	archive_analysis_genome	True	False	True				provisional_marker_or_published_annotation							False	1	2026-07-24	Legacy PRN endpoints ignored; record retained only for genome/date/project/marker metadata.						ok	Asia	local_fasta	2024.0	UNKNOWN_LINEAGE	2024-02	0a02028236641c70c097d4fcca24b6de34d3a73f31f51b147dae5f13d957f9c0	modern_country_time_project_lineage_cap8	focal	
CHN::SAMN44583872	SAMN44583872	SAMN44583872	GCA_050977325		CHN	China	2024-02-26	2024-02-26	2024-02-26	2024	2	1	day	True	PRJNA1182239	assembly_metadata	current_2406_archive	focal_model_observation	focal_genome_observation	True	archive_analysis_genome	True	False	True				provisional_marker_or_published_annotation							False	1	2026-07-24	Legacy PRN endpoints ignored; record retained only for genome/date/project/marker metadata.						ok	Asia	local_fasta	2024.0	UNKNOWN_LINEAGE	2024-02	0a091f720b517d382f1bb331d69294e6221b95a607c9179771f7106bf6415fb7	modern_country_time_project_lineage_cap8	focal	
CHN::SAMN50151998	SAMN50151998	SAMN50151998	GCA_053473605		CHN	China	2021	2021-01-01	2021-12-31	2021			year	False	PRJNA1295129	assembly_metadata	current_2406_archive	focal_model_observation	focal_genome_observation	True	archive_analysis_genome	True	False	True				provisional_marker_or_published_annotation							False	1	2026-07-24	Legacy PRN endpoints ignored; record retained only for genome/date/project/marker metadata.						ok	Asia	local_fasta	2021.0	UNKNOWN_LINEAGE	2021	0a378667ef622aca5daaeea79d8f85bd0ab728a00a9465248815d0358d0c6c0f	modern_country_time_project_lineage_cap8	focal	
BEL::SAMEA117989579	SAMEA117989579	SAMEA117989579		ERR14837975	BEL	Belgium	2023-10-12	2023-10-12	2023-10-12	2023	10	4	day	True	PRJEB88325	ena_study_accession	targeted_belgium_france_public_inventory	focal_model_observation	focal_genome_observation	True	public_raw_reads_pending_uniform_qc	True	True	True			ptxP3/fim3-2	pending_new_phylogeny	Branch_IIb	ptxP3/fim3-2		ptxP3	fim3-2	23S_rRNA_1	False	1	2026-07-24	project_member_414_of_416_linked_identity_not_in_ENA_fields							Europe	ena_fastq_download	2023.0	ptxP3/fim3-2	2023-10	0a6401a6a3be90bc789c1c24c2a873dd18f8217a7b9049c26f4b22f9e47d21d3	modern_country_time_project_lineage_cap8	focal	
CHN::SAMN44590283	SAMN44590283	SAMN44590283	GCA_050979185		CHN	China	2024-07-19	2024-07-19	2024-07-19	2024	7	3	day	True	PRJNA1182239	assembly_metadata	current_2406_archive	focal_model_observation	focal_genome_observation	True	archive_analysis_genome	True	False	True				provisional_marker_or_published_annotation							False	1	2026-07-24	Legacy PRN endpoints ignored; record retained only for genome/date/project/marker metadata.						ok	Asia	local_fasta	2024.0	UNKNOWN_LINEAGE	2024-07	0ab60fb72a91c185995b2ed1cf916cfe1e0305e09747977ce4786ca52f43c273	modern_country_time_project_lineage_cap8	focal	
BEL::SAMEA117989587	SAMEA117989587	SAMEA117989587		ERR14837983	BEL	Belgium	2023-11-08	2023-11-08	2023-11-08	2023	11	4	day	True	PRJEB88325	ena_study_accession	targeted_belgium_france_public_inventory	focal_model_observation	focal_genome_observation	True	public_raw_reads_pending_uniform_qc	True	True	True			Europe sublineage 2	pending_new_phylogeny	Branch_IIb	ptxP3/fim3-1	Europe sublineage 2	ptxP3	fim3-1	23S_rRNA_1	False	1	2026-07-24	project_member_414_of_416_linked_identity_not_in_ENA_fields							Europe	ena_fastq_download	2023.0	Europe sublineage 2	2023-11	0aee6b142fa54505cdd8156f59464eefcd9afc1081039cb2ba5da0e2d1ea52cc	modern_country_time_project_lineage_cap8	focal	
FRA::SAMEA115874219	SAMEA115874219	SAMEA115874219		ERR13476628	FRA	France	2024	2024-01-01	2024-12-31	2024			year	False	PRJEB42353	ena_study_accession	targeted_belgium_france_public_inventory	focal_model_observation	focal_genome_observation	True	public_raw_reads_pending_uniform_qc	True	False	True			ptxP3/fim3-1	pending_new_phylogeny	Branch_IIb	ptxP3/fim3-1		ptxP3	fim3-1	23S_rRNA_1	False	1	2026-07-24	complete_67_of_67							Europe	ena_fastq_download	2024.0	ptxP3/fim3-1	2024	0af69e19ec8a686906987f8be9b3595c6b8b2830e7eaa6515e192be9f578e880	modern_country_time_project_lineage_cap8	focal	
CHN::SAMN44584022	SAMN44584022	SAMN44584022	GCA_050974245		CHN	China	2024-04-12	2024-04-12	2024-04-12	2024	4	2	day	True	PRJNA1182239	assembly_metadata	current_2406_archive	focal_model_observation	focal_genome_observation	True	archive_analysis_genome	True	False	True				provisional_marker_or_published_annotation							False	1	2026-07-24	Legacy PRN endpoints ignored; record retained only for genome/date/project/marker metadata.						ok	Asia	local_fasta	2024.0	UNKNOWN_LINEAGE	2024-04	0b3e1c19ba3f1d03aef51a78d2bcfe5a2f3e5e888aa0fb1b25e738cdb887f95e	modern_country_time_project_lineage_cap8	focal	
CHN::SAMN44584012	SAMN44584012	SAMN44584012	GCA_050974445		CHN	China	2024-04-10	2024-04-10	2024-04-10	2024	4	2	day	True	PRJNA1182239	assembly_metadata	current_2406_archive	focal_model_observation	focal_genome_observation	True	archive_analysis_genome	True	False	True				provisional_marker_or_published_annotation							False	1	2026-07-24	Legacy PRN endpoints ignored; record retained only for genome/date/project/marker metadata.						ok	Asia	local_fasta	2024.0	UNKNOWN_LINEAGE	2024-04	0b46715b02dc10ce8762bd9f308ab86654a8d2d520cf6a5bb9784d9c66dabe59	modern_country_time_project_lineage_cap8	focal	
FRA::SAMEA115874184	SAMEA115874184	SAMEA115874184		ERR13476593	FRA	France	2023	2023-01-01	2023-12-31	2023			year	False	PRJEB42353	ena_study_accession	targeted_belgium_france_public_inventory	focal_model_observation	focal_genome_observation	True	public_raw_reads_pending_uniform_qc	True	False	True			Europe sublineage 1	pending_new_phylogeny	Branch_IIb	ptxP3/fim3-1	Europe sublineage 1	ptxP3	fim3-1	23S_rRNA_1	False	1	2026-07-24	complete_67_of_67							Europe	ena_fastq_download	2023.0	Europe sublineage 1	2023	0b722ede329d4ed3cef429ac4de4af82ae3a35e3feb99572dd359cb5ec7184f8	modern_country_time_project_lineage_cap8	focal	
CHN::SAMN44583870	SAMN44583870	SAMN44583870	GCA_050977355		CHN	China	2024-02-23	2024-02-23	2024-02-23	2024	2	1	day	True	PRJNA1182239	assembly_metadata	current_2406_archive	focal_model_observation	focal_genome_observation	True	archive_analysis_genome	True	False	True				provisional_marker_or_published_annotation							False	1	2026-07-24	Legacy PRN endpoints ignored; record retained only for genome/date/project/marker metadata.						ok	Asia	local_fasta	2024.0	UNKNOWN_LINEAGE	2024-02	0c0b01c4c57ddcf32ff61fafc4d4703a3ededca6f2c09ca37cbdd537ba12ab0d	modern_country_time_project_lineage_cap8	focal	
CHN::SAMN42391130	SAMN42391130	SAMN42391130	GCA_047323465	SRR31303448	CHN	China	2022-06-11	2022-06-11	2022-06-11	2022	6	2	day	True	PRJNA1133929	assembly_metadata	current_2406_archive	focal_model_observation	focal_genome_observation	True	archive_analysis_genome	True	False	True			ptxP3/fim3-1	provisional_marker_or_published_annotation	Branch_IIb	ptxP3/fim3-1	MR-MT28-others	ptxP3	fim3-1	MS	False	1	2026-07-24	Legacy PRN endpoints ignored; record retained only for genome/date/project/marker metadata.						ok	Asia	local_fasta	2022.0	ptxP3/fim3-1	2022-06	0c1238465c3d7228c586831ca466bdb4f4db1778b58ff66a267b12424d7f9c8a	modern_country_time_project_lineage_cap8	focal	
CHN::SAMN44583972	SAMN44583972	SAMN44583972	GCA_050975265		CHN	China	2024-03-25	2024-03-25	2024-03-25	2024	3	1	day	True	PRJNA1182239	assembly_metadata	current_2406_archive	focal_model_observation	focal_genome_observation	True	archive_analysis_genome	True	False	True				provisional_marker_or_published_annotation							False	1	2026-07-24	Legacy PRN endpoints ignored; record retained only for genome/date/project/marker metadata.						ok	Asia	local_fasta	2024.0	UNKNOWN_LINEAGE	2024-03	0cd56d43239aa9ad3b1cdec7cbb29e2a1c1d5f604f9dd5aabce581e09a07e649	modern_country_time_project_lineage_cap8	focal	
CHN::SAMN44590252	SAMN44590252	SAMN44590252	GCA_050980245		CHN	China	2024-06-21	2024-06-21	2024-06-21	2024	6	2	day	True	PRJNA1182239	assembly_metadata	current_2406_archive	focal_model_observation	focal_genome_observation	True	archive_analysis_genome	True	False	True				provisional_marker_or_published_annotation							False	1	2026-07-24	Legacy PRN endpoints ignored; record retained only for genome/date/project/marker metadata.						ok	Asia	local_fasta	2024.0	UNKNOWN_LINEAGE	2024-06	0d01aa64ac19eed057e28d91d556f0f867ba470d58b28db836fd76393d1fdefd	modern_country_time_project_lineage_cap8	focal	
AUS::SAMN45810531		SAMN45810531		SRR31743924	AUS	Australia	2023-08	2023-08-01	2023-08-31	2023	8	3	month	True	PRJNA1199062	ena_study_accession	australia_fong_2026_direct_specimens	focal_model_observation	focal_genome_observation	True		False													False	1	2026-07-24								Oceania	ena_fastq_download	2023.0	ptxP3/fim3-7	2023-08	0d13b238d58549158e3f2cc730ad061b790e2f3bb9eee45989965bc453d077cb	modern_country_time_project_lineage_cap8	focal	
CHN::SAMN44590257	SAMN44590257	SAMN44590257	GCA_050980045		CHN	China	2024-06-27	2024-06-27	2024-06-27	2024	6	2	day	True	PRJNA1182239	assembly_metadata	current_2406_archive	focal_model_observation	focal_genome_observation	True	archive_analysis_genome	True	False	True				provisional_marker_or_published_annotation							False	1	2026-07-24	Legacy PRN endpoints ignored; record retained only for genome/date/project/marker metadata.						ok	Asia	local_fasta	2024.0	UNKNOWN_LINEAGE	2024-06	0d145d685960bae51cacff49daf12186ff249157894c8db602aef06a2c661b9e	modern_country_time_project_lineage_cap8	focal	
CHN::SAMN45156034	SRS23447274	SAMN45156034	RRASM_SRR31615312	SRR31615312	CHN	China		2024-01-01	2024-12-31	2024			year	False	PRJNA1193776	study_accession	current_2406_archive	focal_model_observation	focal_genome_observation	True	archive_analysis_genome	True	False	True			ptxP3/fim3-1	provisional_marker_or_published_annotation	Branch_IIb	ptxP3/fim3-1	MR-MT28-others	ptxP3	fim3-1	MR_A2047G	False	1	2026-07-24	Legacy PRN endpoints ignored; record retained only for genome/date/project/marker metadata.						ok	Asia	local_fasta	2024.0	ptxP3/fim3-1	2024	0d206967bb6cfa4723e0dca276494a59593d3999621a41566ca70bb456c662d2	modern_country_time_project_lineage_cap8	focal	
CHN::SAMN44583824	SAMN44583824	SAMN44583824	GCA_050978305		CHN	China	2023-06-12	2023-06-12	2023-06-12	2023	6	2	day	True	PRJNA1182239	assembly_metadata	current_2406_archive	focal_model_observation	focal_genome_observation	True	archive_analysis_genome	True	False	True				provisional_marker_or_published_annotation							False	1	2026-07-24	Legacy PRN endpoints ignored; record retained only for genome/date/project/marker metadata.						ok	Asia	local_fasta	2023.0	UNKNOWN_LINEAGE	2023-06	0dadfb5a935f23294f2f272bfcda191f3dd6327e15772604ce884693547b8f0d	modern_country_time_project_lineage_cap8	focal	
CHN::SAMN44584104	SAMN44584104	SAMN44584104	GCA_050972565		CHN	China	2024-05-30	2024-05-30	2024-05-30	2024	5	2	day	True	PRJNA1182239	assembly_metadata	current_2406_archive	focal_model_observation	focal_genome_observation	True	archive_analysis_genome	True	False	True				provisional_marker_or_published_annotation							False	1	2026-07-24	Legacy PRN endpoints ignored; record retained only for genome/date/project/marker metadata.						ok	Asia	local_fasta	2024.0	UNKNOWN_LINEAGE	2024-05	0e0913c4974f74a9831eec25261ccad8f3a8712c12d192d5073a74f8e45a2b67	modern_country_time_project_lineage_cap8	focal	
FRA::SAMEA115874242	SAMEA115874242	SAMEA115874242		ERR13476651	FRA	France	2024	2024-01-01	2024-12-31	2024			year	False	PRJEB42353	ena_study_accession	targeted_belgium_france_public_inventory	focal_model_observation	focal_genome_observation	True	public_raw_reads_pending_uniform_qc	True	False	True			ptxP3/fim3-1	pending_new_phylogeny	Branch_IIb	ptxP3/fim3-1		ptxP3	fim3-1	23S_rRNA_1	False	1	2026-07-24	complete_67_of_67							Europe	ena_fastq_download	2024.0	ptxP3/fim3-1	2024	0e4b90bf039e257b0ea24cbee622435f6b0ed57ae0425f35b47bbb68e029233d	modern_country_time_project_lineage_cap8	focal	
JPN::SAMD01697920	SAMD01697920	SAMD01697920	RRASM_DRR902060	DRR902060	JPN	Japan	2025-03-07	2025-03-07	2025-03-07	2025	3	1	day	True	PRJDB37898	ena_study_accession	japan_targeted_ena_projects;current_2406_archive	focal_model_observation	focal_genome_observation	True	public_raw_reads_pending_uniform_qc	True	False	True				pending_new_phylogeny							False	2	2026-07-24	Targeted Japanese historical or recent public project. | Legacy PRN endpoints ignored; record retained only for genome/date/project/marker metadata.						ok	Asia	local_fasta	2025.0	UNKNOWN_LINEAGE	2025-03	0ea4be2652533fdf2fac77897bf0b5c88aede6d90b3ccec4ae155e1c09ed7bb5	modern_country_time_project_lineage_cap8	focal	
CHN::SAMN44590261	SAMN44590261	SAMN44590261	GCA_050979945		CHN	China	2024-07-01	2024-07-01	2024-07-01	2024	7	3	day	True	PRJNA1182239	assembly_metadata	current_2406_archive	focal_model_observation	focal_genome_observation	True	archive_analysis_genome	True	False	True				provisional_marker_or_published_annotation							False	1	2026-07-24	Legacy PRN endpoints ignored; record retained only for genome/date/project/marker metadata.						ok	Asia	local_fasta	2024.0	UNKNOWN_LINEAGE	2024-07	0f3f55878b9536c63d69b1cb3f62b4c0f6e6716cdf66e1c4e2f37f1534a9ef16	modern_country_time_project_lineage_cap8	focal	
CHN::SAMN44590311	SAMN44590311	SAMN44590311	GCA_050978585		CHN	China	2024-08-27	2024-08-27	2024-08-27	2024	8	3	day	True	PRJNA1182239	assembly_metadata	current_2406_archive	focal_model_observation	focal_genome_observation	True	archive_analysis_genome	True	False	True				provisional_marker_or_published_annotation							False	1	2026-07-24	Legacy PRN endpoints ignored; record retained only for genome/date/project/marker metadata.						ok	Asia	local_fasta	2024.0	UNKNOWN_LINEAGE	2024-08	0f43ebbed6bd739a0d63fbc1fa797d611b748fa1f56837f4b1f61b34ffdb312c	modern_country_time_project_lineage_cap8	focal	
CHN::SAMN50152031	SAMN50152031	SAMN50152031	GCA_053472945		CHN	China	2022	2022-01-01	2022-12-31	2022			year	False	PRJNA1295129	assembly_metadata	current_2406_archive	focal_model_observation	focal_genome_observation	True	archive_analysis_genome	True	False	True				provisional_marker_or_published_annotation							False	1	2026-07-24	Legacy PRN endpoints ignored; record retained only for genome/date/project/marker metadata.						ok	Asia	local_fasta	2022.0	UNKNOWN_LINEAGE	2022	0f97210ae89e7df2f64057c5d7506eeab278d8339092fbf465267412db247e18	modern_country_time_project_lineage_cap8	focal	
CHN::SAMN33268551	SAMN33268551	SAMN33268551	GCA_028747705		CHN	China	2022-08	2022-08-01	2022-08-31	2022	8	3	month	True	PRJNA934177	assembly_metadata	current_2406_archive	focal_model_observation	focal_genome_observation	True	archive_analysis_genome	True	False	True			ptxP3	provisional_marker_or_published_annotation				ptxP3		MS	False	1	2026-07-24	Legacy PRN endpoints ignored; record retained only for genome/date/project/marker metadata.						ok	Asia	local_fasta	2022.0	ptxP3	2022-08	0fb28b935a7314f258eae3c8ca96d0085566933a776cd93f020d7c4947fbb69c	modern_country_time_project_lineage_cap8	focal	
FRA::SAMEA115874203	SAMEA115874203	SAMEA115874203		ERR13476612	FRA	France	2024	2024-01-01	2024-12-31	2024			year	False	PRJEB42353	ena_study_accession	targeted_belgium_france_public_inventory	focal_model_observation	focal_genome_observation	True	public_raw_reads_pending_uniform_qc	True	False	True			Europe sublineage 2	pending_new_phylogeny	Branch_IIb	ptxP3/fim3-1	Europe sublineage 2	ptxP3	fim3-1	23S_rRNA_1	False	1	2026-07-24	complete_67_of_67							Europe	ena_fastq_download	2024.0	Europe sublineage 2	2024	0fd5ba82e4d33ef82dae061fbe59c35d16d0174e4cc00e9455d925880731cfe0	modern_country_time_project_lineage_cap8	focal	
JPN::SAMD00892053	SAMD00892053	SAMD00892053	GCA_054655795	DRR902038	JPN	Japan	2025-02-03	2025-02-03	2025-02-03	2025	2	1	day	True	PRJDB20413	ena_study_accession	japan_targeted_ena_projects;current_2406_archive	focal_model_observation	focal_genome_observation	True	public_raw_reads_pending_uniform_qc	True	False	True				pending_new_phylogeny							False	2	2026-07-24	Targeted Japanese historical or recent public project. | Legacy PRN endpoints ignored; record retained only for genome/date/project/marker metadata.						ok	Asia	local_fasta	2025.0	UNKNOWN_LINEAGE	2025-02	10218b164d084ce960819eb275427fbf00d4b9ddf8e25579a319485b7b39f7f2	modern_country_time_project_lineage_cap8	focal	
AUS::SAMN45811370		SAMN45811370		SRR31743862	AUS	Australia	2024	2024-01-01	2024-12-31	2024			year	False	PRJNA1199062	ena_study_accession	australia_fong_2026_direct_specimens	focal_model_observation	focal_genome_observation	True		True													False	1	2026-07-24								Oceania	ena_fastq_download	2024.0	ptxP3/fim3-2	2024	104d19ca75c501222e472574e43766c2dd43d2043f138130c82fa4522778f983	modern_country_time_project_lineage_cap8	focal	
AUS::SAMN45810640		SAMN45810640		SRR31743961	AUS	Australia	2024-09	2024-09-01	2024-09-30	2024	9	3	month	True	PRJNA1199062	ena_study_accession	australia_fong_2026_direct_specimens	focal_model_observation	focal_genome_observation	True		True													False	1	2026-07-24								Oceania	ena_fastq_download	2024.0	ptxP3/fim3-2	2024-09	1084b9c446e712b48143b16be8b6566ae31129f07a84fe995075499ca563d0f1	modern_country_time_project_lineage_cap8	focal	
CHN::SAMN45156031	SRS23447270	SAMN45156031	RRASM_SRR31615316	SRR31615316	CHN	China		2024-01-01	2024-12-31	2024			year	False	PRJNA1193776	study_accession	current_2406_archive	focal_model_observation	focal_genome_observation	True	archive_analysis_genome	True	False	True			ptxP3/fim3-1	provisional_marker_or_published_annotation	Branch_IIb	ptxP3/fim3-1	MR-MT28-others	ptxP3	fim3-1	MR_A2047G	False	1	2026-07-24	Legacy PRN endpoints ignored; record retained only for genome/date/project/marker metadata.						ok	Asia	local_fasta	2024.0	ptxP3/fim3-1	2024	1189718633cc591c6c0fd9f0a9a7fc89db71521f05af5b2c223fbf4df165d96a	modern_country_time_project_lineage_cap8	focal	
AUS::SAMN45810549		SAMN45810549		SRR31743840	AUS	Australia	2024-05	2024-05-01	2024-05-31	2024	5	2	month	True	PRJNA1199062	ena_study_accession	australia_fong_2026_direct_specimens	focal_model_observation	focal_genome_observation	True		True													False	1	2026-07-24								Oceania	ena_fastq_download	2024.0	ptxP3/fim3-1	2024-05	12084511b15860320cce29e3cfaa50d317954964e43ae109365786ef93bd0a69	modern_country_time_project_lineage_cap8	focal	
FRA::SAMEA115874232	SAMEA115874232	SAMEA115874232		ERR13476641	FRA	France	2024	2024-01-01	2024-12-31	2024			year	False	PRJEB42353	ena_study_accession	targeted_belgium_france_public_inventory	focal_model_observation	focal_genome_observation	True	public_raw_reads_pending_uniform_qc	True	False	True			MS-MT28	pending_new_phylogeny	Branch_IIb	ptxP3/fim3-1	MS-MT28	ptxP3	fim3-1	23S_rRNA_1	False	1	2026-07-24	complete_67_of_67							Europe	ena_fastq_download	2024.0	MS-MT28	2024	120f054139f1f48d49a4d9d285ce8e44f934bbf253a68ba69de3cc6314b57689	modern_country_time_project_lineage_cap8	focal	
CHN::SAMN50152004	SAMN50152004	SAMN50152004	GCA_053473485		CHN	China	2021	2021-01-01	2021-12-31	2021			year	False	PRJNA1295129	assembly_metadata	current_2406_archive	focal_model_observation	focal_genome_observation	True	archive_analysis_genome	True	False	True				provisional_marker_or_published_annotation							False	1	2026-07-24	Legacy PRN endpoints ignored; record retained only for genome/date/project/marker metadata.						ok	Asia	local_fasta	2021.0	UNKNOWN_LINEAGE	2021	1238fed4f1cbf29e60d142b8fc13f5e71b3dd5ac76947a8dfacc881848c485b5	modern_country_time_project_lineage_cap8	focal	
BEL::SAMEA117989545	SAMEA117989545	SAMEA117989545		ERR14837941	BEL	Belgium	2023-07-07	2023-07-07	2023-07-07	2023	7	3	day	True	PRJEB88325	ena_study_accession	targeted_belgium_france_public_inventory	focal_model_observation	focal_genome_observation	True	public_raw_reads_pending_uniform_qc	True	True	True			MS-MT28	pending_new_phylogeny	Branch_IIb	ptxP3/fim3-1	MS-MT28	ptxP3	fim3-1	23S_rRNA_1	False	1	2026-07-24	project_member_414_of_416_linked_identity_not_in_ENA_fields							Europe	ena_fastq_download	2023.0	MS-MT28	2023-07	125fb5cd2c705bdf05681c6ca770be5732f249d5a07881b483b4499a9d884851	modern_country_time_project_lineage_cap8	focal	
BEL::SAMEA117989615	SAMEA117989615	SAMEA117989615		ERR14838011	BEL	Belgium	2023-12-31	2023-12-31	2023-12-31	2023	12	4	day	True	PRJEB88325	ena_study_accession	targeted_belgium_france_public_inventory	focal_model_observation	focal_genome_observation	True	public_raw_reads_pending_uniform_qc	True	True	True			Europe sublineage 2	pending_new_phylogeny	Branch_IIb	ptxP3/fim3-1	Europe sublineage 2	ptxP3	fim3-1	23S_rRNA_1	False	1	2026-07-24	project_member_414_of_416_linked_identity_not_in_ENA_fields							Europe	ena_fastq_download	2023.0	Europe sublineage 2	2023-12	12c141b53909d51215fe9bc6d3fc4bb756f02465a0da1c3fe370dc07dd8286e9	modern_country_time_project_lineage_cap8	focal	
BEL::SAMEA117989589	SAMEA117989589	SAMEA117989589		ERR14837985	BEL	Belgium	2023-11-14	2023-11-14	2023-11-14	2023	11	4	day	True	PRJEB88325	ena_study_accession	targeted_belgium_france_public_inventory	focal_model_observation	focal_genome_observation	True	public_raw_reads_pending_uniform_qc	True	True	True			Europe sublineage 2	pending_new_phylogeny	Branch_IIb	ptxP3/fim3-1	Europe sublineage 2	ptxP3	fim3-1	23S_rRNA_1	False	1	2026-07-24	project_member_414_of_416_linked_identity_not_in_ENA_fields							Europe	ena_fastq_download	2023.0	Europe sublineage 2	2023-11	12d4708ea24854599758302b535ace5fc9b4feff87e83d79276f2d2fada6f936	modern_country_time_project_lineage_cap8	focal	
CHN::SAMN44590224	SAMN44590224	SAMN44590224	GCA_050981285		CHN	China	2024-06-03	2024-06-03	2024-06-03	2024	6	2	day	True	PRJNA1182239	assembly_metadata	current_2406_archive	focal_model_observation	focal_genome_observation	True	archive_analysis_genome	True	False	True				provisional_marker_or_published_annotation							False	1	2026-07-24	Legacy PRN endpoints ignored; record retained only for genome/date/project/marker metadata.						ok	Asia	local_fasta	2024.0	UNKNOWN_LINEAGE	2024-06	1364824d4404cdf40cfd63b16187b432053cd2688f31f729afe0fa440a074aad	modern_country_time_project_lineage_cap8	focal	
FRA::SAMEA115874190	SAMEA115874190	SAMEA115874190		ERR13476599	FRA	France	2023	2023-01-01	2023-12-31	2023			year	False	PRJEB42353	ena_study_accession	targeted_belgium_france_public_inventory	focal_model_observation	focal_genome_observation	True	public_raw_reads_pending_uniform_qc	True	False	True			Europe sublineage 2	pending_new_phylogeny	Branch_IIb	ptxP3/fim3-1	Europe sublineage 2	ptxP3	fim3-1	23S_rRNA_1	False	1	2026-07-24	complete_67_of_67							Europe	ena_fastq_download	2023.0	Europe sublineage 2	2023	1385750f8a5448b1112a84bc501b53c29f46f434bfcc3d2efcb3ca139ecb72f2	modern_country_time_project_lineage_cap8	focal	
JPN::SAMD01797762	SAMD01797762	SAMD01797762		DRR900590	JPN	Japan	2025-05	2025-05-01	2025-05-31	2025	5	2	month	True	PRJDB34249	ena_study_accession	japan_targeted_ena_projects	focal_model_observation	focal_genome_observation	True	public_raw_reads_pending_uniform_qc	True	False	True				pending_new_phylogeny							False	1	2026-07-24	Targeted Japanese historical or recent public project.							Asia	ena_fastq_download	2025.0	UNKNOWN_LINEAGE	2025-05	1391c16c9496b234376045a12d6c30dc0779d44d3b886345cfd233e7e9051b7d	modern_country_time_project_lineage_cap8	focal	
CHN::SAMN42391134	SAMN42391134	SAMN42391134	GCA_047323425	SRR31303444	CHN	China	2023-06-26	2023-06-26	2023-06-26	2023	6	2	day	True	PRJNA1133929	assembly_metadata	current_2406_archive	focal_model_observation	focal_genome_observation	True	archive_analysis_genome	True	False	True			ptxP3/fim3-1	provisional_marker_or_published_annotation	Branch_IIb	ptxP3/fim3-1	MR-MT28-PG2	ptxP3	fim3-1	MS	False	1	2026-07-24	Legacy PRN endpoints ignored; record retained only for genome/date/project/marker metadata.		4115431	67.5	1	4115431	ok	Asia	local_fasta	2023.0	ptxP3/fim3-1	2023-06	13b03f746cba2974a107efe86cbfa78aae3b34b8e15fe28c8cbe19bbf76a3302	modern_country_time_project_lineage_cap8	focal	
CHN::SAMN42391112	SAMN42391112	SAMN42391112	GCA_047323665	SRR31303480	CHN	China	2021-12-09	2021-12-09	2021-12-09	2021	12	4	day	True	PRJNA1133929	assembly_metadata	current_2406_archive	focal_model_observation	focal_genome_observation	True	archive_analysis_genome	True	False	True			ptxP1/fim3-1	provisional_marker_or_published_annotation	Branch_IIb	ptxP1/fim3-1		ptxP1	fim3-1	MS	False	1	2026-07-24	Legacy PRN endpoints ignored; record retained only for genome/date/project/marker metadata.						ok	Asia	local_fasta	2021.0	ptxP1/fim3-1	2021-12	13da40e35c6b9c42991d6fb7dfa4749a67e8ba124f0c2fae5c942e4a77bd47be	modern_country_time_project_lineage_cap8	focal	
CHN::SAMN44583886	SAMN44583886	SAMN44583886	GCA_050977025		CHN	China	2024-03-05	2024-03-05	2024-03-05	2024	3	1	day	True	PRJNA1182239	assembly_metadata	current_2406_archive	focal_model_observation	focal_genome_observation	True	archive_analysis_genome	True	False	True				provisional_marker_or_published_annotation							False	1	2026-07-24	Legacy PRN endpoints ignored; record retained only for genome/date/project/marker metadata.						ok	Asia	local_fasta	2024.0	UNKNOWN_LINEAGE	2024-03	1451a5c29700c40149022692e5e0f3e49392515bcf18ff0a5aa0ed38bd6748a6	modern_country_time_project_lineage_cap8	focal	
CHN::SAMN45156017	SRS23447294	SAMN45156017	RRASM_SRR31615292	SRR31615292	CHN	China		2022-01-01	2022-12-31	2022			year	False	PRJNA1193776	study_accession	current_2406_archive	focal_model_observation	focal_genome_observation	True	archive_analysis_genome	True	False	True			ptxP1/fim3-1	provisional_marker_or_published_annotation	Branch_IIb	ptxP1/fim3-1		ptxP1	fim3-1	MR_A2047G	False	1	2026-07-24	Legacy PRN endpoints ignored; record retained only for genome/date/project/marker metadata.						ok	Asia	local_fasta	2022.0	ptxP1/fim3-1	2022	148be4c7869e247664e19f7a1587a6fbad177c3706eaffdaf655ebcb7ca11604	modern_country_time_project_lineage_cap8	focal	
CHN::SAMN45156024	SRS23447263	SAMN45156024	RRASM_SRR31615323	SRR31615323	CHN	China		2023-01-01	2023-12-31	2023			year	False	PRJNA1193776	study_accession	current_2406_archive	focal_model_observation	focal_genome_observation	True	archive_analysis_genome	True	False	True			ptxP3/fim3-1	provisional_marker_or_published_annotation	Branch_IIb	ptxP3/fim3-1	MR-MT28-PG1	ptxP3	fim3-1	MR_A2047G	False	1	2026-07-24	Legacy PRN endpoints ignored; record retained only for genome/date/project/marker metadata.						ok	Asia	local_fasta	2023.0	ptxP3/fim3-1	2023	1498f73e1930afa4597202216386bf73046b87280e1fb6ffc487cd9658adff7e	modern_country_time_project_lineage_cap8	focal	
AUS::SAMN45810504		SAMN45810504		SRR31743850	AUS	Australia	2024-06	2024-06-01	2024-06-30	2024	6	2	month	True	PRJNA1199062	ena_study_accession	australia_fong_2026_direct_specimens	focal_model_observation	focal_genome_observation	True		True													False	1	2026-07-24								Oceania	ena_fastq_download	2024.0	ptxP3/fim3-2	2024-06	14db33734787cb69a4c87d7fa41dfcd9b0a9e13d26f8f6c27f80456ae84191d6	modern_country_time_project_lineage_cap8	focal	
JPN::SAMD00920280	SAMD00920280	SAMD00920280		DRR900586	JPN	Japan	2024	2024-01-01	2024-12-31	2024			year	False	PRJDB34249	ena_study_accession	japan_targeted_ena_projects	focal_model_observation	focal_genome_observation	True	public_raw_reads_pending_uniform_qc	True	False	True				pending_new_phylogeny							False	1	2026-07-24	Targeted Japanese historical or recent public project.							Asia	ena_fastq_download	2024.0	UNKNOWN_LINEAGE	2024	151be887644c6f4b769a2830fb56910d01ebcb43c6fdb73a2172a0410d05c7ee	modern_country_time_project_lineage_cap8	focal	
BEL::SAMEA117989616	SAMEA117989616	SAMEA117989616		ERR14838012	BEL	Belgium	2023-12-31	2023-12-31	2023-12-31	2023	12	4	day	True	PRJEB88325	ena_study_accession	targeted_belgium_france_public_inventory	focal_model_observation	focal_genome_observation	True	public_raw_reads_pending_uniform_qc	True	True	True			Europe sublineage 2	pending_new_phylogeny	Branch_IIb	ptxP3/fim3-1	Europe sublineage 2	ptxP3	fim3-1	23S_rRNA_1	False	1	2026-07-24	project_member_414_of_416_linked_identity_not_in_ENA_fields							Europe	ena_fastq_download	2023.0	Europe sublineage 2	2023-12	15cea82eb65da4352f4d5da7a059d80a8254540f1d89e701c399e17af98b42eb	modern_country_time_project_lineage_cap8	focal	
CHN::SAMN44583927	SAMN44583927	SAMN44583927	GCA_050976185		CHN	China	2024-03-18	2024-03-18	2024-03-18	2024	3	1	day	True	PRJNA1182239	assembly_metadata	current_2406_archive	focal_model_observation	focal_genome_observation	True	archive_analysis_genome	True	False	True				provisional_marker_or_published_annotation							False	1	2026-07-24	Legacy PRN endpoints ignored; record retained only for genome/date/project/marker metadata.						ok	Asia	local_fasta	2024.0	UNKNOWN_LINEAGE	2024-03	15d2dba984e79c827962356b89f743eee8f661a39683832a5e508bd074a215e2	modern_country_time_project_lineage_cap8	focal	
CHN::SAMN45156026	SRS23447265	SAMN45156026	RRASM_SRR31615321	SRR31615321	CHN	China		2023-01-01	2023-12-31	2023			year	False	PRJNA1193776	study_accession	current_2406_archive	focal_model_observation	focal_genome_observation	True	archive_analysis_genome	True	False	True				provisional_marker_or_published_annotation							False	1	2026-07-24	Legacy PRN endpoints ignored; record retained only for genome/date/project/marker metadata.						ok	Asia	local_fasta	2023.0	UNKNOWN_LINEAGE	2023	164ef2868f20f42fec9fb525edc4edacacc2e11ef61f4037ef9b877c973899e6	modern_country_time_project_lineage_cap8	focal	
JPN::SAMD01697936	SAMD01697936	SAMD01697936		DRR902076	JPN	Japan	2025-06-16	2025-06-16	2025-06-16	2025	6	2	day	True	PRJDB37898	ena_study_accession	japan_targeted_ena_projects	focal_model_observation	focal_genome_observation	True	public_raw_reads_pending_uniform_qc	True	False	True				pending_new_phylogeny							False	1	2026-07-24	Targeted Japanese historical or recent public project.							Asia	ena_fastq_download	2025.0	UNKNOWN_LINEAGE	2025-06	16975fa1ac2821d0df41c5d9d2c9948741ea2835f86f016dccaea93bd15a96b3	modern_country_time_project_lineage_cap8	focal	
CHN::SAMN44590209	SAMN44590209	SAMN44590209	GCA_050984745		CHN	China	2024-05-30	2024-05-30	2024-05-30	2024	5	2	day	True	PRJNA1182239	assembly_metadata	current_2406_archive	focal_model_observation	focal_genome_observation	True	archive_analysis_genome	True	False	True				provisional_marker_or_published_annotation							False	1	2026-07-24	Legacy PRN endpoints ignored; record retained only for genome/date/project/marker metadata.						ok	Asia	local_fasta	2024.0	UNKNOWN_LINEAGE	2024-05	16d61ea9154972cc29759277e714b0cdf82beb776d08235efd4da4d4e5a67dd2	modern_country_time_project_lineage_cap8	focal	
CHN::SAMN44590233	SAMN44590233	SAMN44590233	GCA_050980975		CHN	China	2024-06-13	2024-06-13	2024-06-13	2024	6	2	day	True	PRJNA1182239	assembly_metadata	current_2406_archive	focal_model_observation	focal_genome_observation	True	archive_analysis_genome	True	False	True				provisional_marker_or_published_annotation							False	1	2026-07-24	Legacy PRN endpoints ignored; record retained only for genome/date/project/marker metadata.						ok	Asia	local_fasta	2024.0	UNKNOWN_LINEAGE	2024-06	179c8ed40f6eab1bca5922517193f4111c07b886b3576fb72560275130b7639a	modern_country_time_project_lineage_cap8	focal	
JPN::SAMD00892050	SAMD00892050	SAMD00892050	GCA_054655915	DRR902035	JPN	Japan	2025-01-28	2025-01-28	2025-01-28	2025	1	1	day	True	PRJDB20413	ena_study_accession	japan_targeted_ena_projects;current_2406_archive	focal_model_observation	focal_genome_observation	True	public_raw_reads_pending_uniform_qc	True	False	True				pending_new_phylogeny							False	2	2026-07-24	Targeted Japanese historical or recent public project. | Legacy PRN endpoints ignored; record retained only for genome/date/project/marker metadata.						ok	Asia	local_fasta	2025.0	UNKNOWN_LINEAGE	2025-01	180378d1d0384d81ef6a9b2c959cba539b482037bb41470bee639b0364509e6e	modern_country_time_project_lineage_cap8	focal	
CHN::SAMN43024031	SAMN43024031	SAMN43024031	GCA_042610645		CHN	China	2024-05-30	2024-05-30	2024-05-30	2024	5	2	day	True	PRJNA1143937	assembly_metadata	current_2406_archive	focal_model_observation	focal_genome_observation	True	archive_analysis_genome	True	False	True			ptxP3/fim3-1	provisional_marker_or_published_annotation	Branch_IIb	ptxP3/fim3-1		ptxP3	fim3-1	MR_A2047G	False	1	2026-07-24	Legacy PRN endpoints ignored; record retained only for genome/date/project/marker metadata.						ok	Asia	local_fasta	2024.0	ptxP3/fim3-1	2024-05	1810a74d7f91f4a9f99dee4226b1ecd0f377a89a4945896a0dfcf6e7bea99cc4	modern_country_time_project_lineage_cap8	focal	
CHN::SAMN50152080	SAMN50152080	SAMN50152080	GCA_053472025		CHN	China	2024	2024-01-01	2024-12-31	2024			year	False	PRJNA1295129	assembly_metadata	current_2406_archive	focal_model_observation	focal_genome_observation	True	archive_analysis_genome	True	False	True				provisional_marker_or_published_annotation							False	1	2026-07-24	Legacy PRN endpoints ignored; record retained only for genome/date/project/marker metadata.						ok	Asia	local_fasta	2024.0	UNKNOWN_LINEAGE	2024	1864aa8358de82df4c3e32208ffefd11dca83315730a6092dec170f65f262d59	modern_country_time_project_lineage_cap8	focal	
BEL::SAMEA117989569	SAMEA117989569	SAMEA117989569		ERR14837965	BEL	Belgium	2023-09-08	2023-09-08	2023-09-08	2023	9	3	day	True	PRJEB88325	ena_study_accession	targeted_belgium_france_public_inventory	focal_model_observation	focal_genome_observation	True	public_raw_reads_pending_uniform_qc	True	True	True			Europe sublineage 2	pending_new_phylogeny	Branch_IIb	ptxP3/fim3-1	Europe sublineage 2	ptxP3	fim3-1	23S_rRNA_1	False	1	2026-07-24	project_member_414_of_416_linked_identity_not_in_ENA_fields							Europe	ena_fastq_download	2023.0	Europe sublineage 2	2023-09	190d70992bec9d62154d489412dcd92b1b3b93ab2a5ad558847f8ff707b9bfb9	modern_country_time_project_lineage_cap8	focal	
CHN::SAMN44583828	SAMN44583828	SAMN44583828	GCA_050978225		CHN	China	2023-09-23	2023-09-23	2023-09-23	2023	9	3	day	True	PRJNA1182239	assembly_metadata	current_2406_archive	focal_model_observation	focal_genome_observation	True	archive_analysis_genome	True	False	True				provisional_marker_or_published_annotation							False	1	2026-07-24	Legacy PRN endpoints ignored; record retained only for genome/date/project/marker metadata.						ok	Asia	local_fasta	2023.0	UNKNOWN_LINEAGE	2023-09	19477d24327c1dd7770af1fd96805138660d675182002bdbf74a254ecff564f8	modern_country_time_project_lineage_cap8	focal	
JPN::SAMD01593371	SAMD01593371	SAMD01593371	GCA_055386605	DRR705529	JPN	Japan	2024-11-13	2024-11-13	2024-11-13	2024	11	4	day	True	PRJDB35593	ena_study_accession	japan_targeted_ena_projects;current_2406_archive	focal_model_observation	focal_genome_observation	True	public_raw_reads_pending_uniform_qc	True	False	True			ptxP3	pending_new_phylogeny				ptxP3		MS	False	3	2026-07-24	Targeted Japanese historical or recent public project. | Legacy PRN endpoints ignored; record retained only for genome/date/project/marker metadata.						ok	Asia	local_fasta	2024.0	ptxP3	2024-11	1a399cb311c2bed828983a2c2bbe19a014d09807a602ba9b26cd890adb50dc81	modern_country_time_project_lineage_cap8	focal	
BEL::SAMEA117989582	SAMEA117989582	SAMEA117989582		ERR14837978	BEL	Belgium	2023-10-19	2023-10-19	2023-10-19	2023	10	4	day	True	PRJEB88325	ena_study_accession	targeted_belgium_france_public_inventory	focal_model_observation	focal_genome_observation	True	public_raw_reads_pending_uniform_qc	True	True	True			Europe sublineage 2	pending_new_phylogeny	Branch_IIb	ptxP3/fim3-1	Europe sublineage 2	ptxP3	fim3-1	23S_rRNA_1	False	1	2026-07-24	project_member_414_of_416_linked_identity_not_in_ENA_fields							Europe	ena_fastq_download	2023.0	Europe sublineage 2	2023-10	1a57777eea72066b161d2fb3f83aa8ed606783997da4385bebdc111ace887eb6	modern_country_time_project_lineage_cap8	focal	
CHN::SAMN44584033	SAMN44584033	SAMN44584033	GCA_050974025		CHN	China	2024-04-18	2024-04-18	2024-04-18	2024	4	2	day	True	PRJNA1182239	assembly_metadata	current_2406_archive	focal_model_observation	focal_genome_observation	True	archive_analysis_genome	True	False	True				provisional_marker_or_published_annotation							False	1	2026-07-24	Legacy PRN endpoints ignored; record retained only for genome/date/project/marker metadata.						ok	Asia	local_fasta	2024.0	UNKNOWN_LINEAGE	2024-04	1ad21ccf5a0a913c652c9e981fce4aa727c01f58fa857b641a82d7b2974abbd5	modern_country_time_project_lineage_cap8	focal	
CHN::SAMN44584005	SAMN44584005	SAMN44584005	GCA_050974585		CHN	China	2024-04-03	2024-04-03	2024-04-03	2024	4	2	day	True	PRJNA1182239	assembly_metadata	current_2406_archive	focal_model_observation	focal_genome_observation	True	archive_analysis_genome	True	False	True				provisional_marker_or_published_annotation							False	1	2026-07-24	Legacy PRN endpoints ignored; record retained only for genome/date/project/marker metadata.						ok	Asia	local_fasta	2024.0	UNKNOWN_LINEAGE	2024-04	1aeaf112798eed2c8a4f8f17b28d01e10cf0356ef9de9b8d71db097f6eb2597f	modern_country_time_project_lineage_cap8	focal	
CHN::SAMN50152026	SAMN50152026	SAMN50152026	GCA_053473045		CHN	China	2022	2022-01-01	2022-12-31	2022			year	False	PRJNA1295129	assembly_metadata	current_2406_archive	focal_model_observation	focal_genome_observation	True	archive_analysis_genome	True	False	True				provisional_marker_or_published_annotation							False	1	2026-07-24	Legacy PRN endpoints ignored; record retained only for genome/date/project/marker metadata.						ok	Asia	local_fasta	2022.0	UNKNOWN_LINEAGE	2022	1b0a691f19cf8a715dc0be090ed664c9ce41430310383f9dd41a3ccaecd71f67	modern_country_time_project_lineage_cap8	focal	
CHN::SAMN44584039	SAMN44584039	SAMN44584039	GCA_050973925		CHN	China	2024-04-18	2024-04-18	2024-04-18	2024	4	2	day	True	PRJNA1182239	assembly_metadata	current_2406_archive	focal_model_observation	focal_genome_observation	True	archive_analysis_genome	True	False	True				provisional_marker_or_published_annotation							False	1	2026-07-24	Legacy PRN endpoints ignored; record retained only for genome/date/project/marker metadata.						ok	Asia	local_fasta	2024.0	UNKNOWN_LINEAGE	2024-04	1b0e7ee0ca9d1dd929ceb755314ab819b79dc9a9eae47512c45f5bffdd1d3c8d	modern_country_time_project_lineage_cap8	focal	
CHN::SAMN50152069	SAMN50152069	SAMN50152069	GCA_053472205		CHN	China	2024	2024-01-01	2024-12-31	2024			year	False	PRJNA1295129	assembly_metadata	current_2406_archive	focal_model_observation	focal_genome_observation	True	archive_analysis_genome	True	False	True				provisional_marker_or_published_annotation							False	1	2026-07-24	Legacy PRN endpoints ignored; record retained only for genome/date/project/marker metadata.						ok	Asia	local_fasta	2024.0	UNKNOWN_LINEAGE	2024	1b3204cb009be429d483ece7583563bf938e4228f296fd122911e177803f9974	modern_country_time_project_lineage_cap8	focal	
BEL::SAMEA117989595	SAMEA117989595	SAMEA117989595		ERR14837991	BEL	Belgium	2023-11-27	2023-11-27	2023-11-27	2023	11	4	day	True	PRJEB88325	ena_study_accession	targeted_belgium_france_public_inventory	focal_model_observation	focal_genome_observation	True	public_raw_reads_pending_uniform_qc	True	True	True			Europe sublineage 2	pending_new_phylogeny	Branch_IIb	ptxP3/fim3-1	Europe sublineage 2	ptxP3	fim3-1	23S_rRNA_1	False	1	2026-07-24	project_member_414_of_416_linked_identity_not_in_ENA_fields							Europe	ena_fastq_download	2023.0	Europe sublineage 2	2023-11	1b59b487a4bf06e70024d71e3320232cb3f1baeea5ece8b7fd01dc27aa8f2887	modern_country_time_project_lineage_cap8	focal	
BEL::SAMEA117989517	SAMEA117989517	SAMEA117989517		ERR14837913	BEL	Belgium	2020-03-16	2020-03-16	2020-03-16	2020	3	1	day	True	PRJEB88325	ena_study_accession	targeted_belgium_france_public_inventory	focal_model_observation	focal_genome_observation	True	public_raw_reads_pending_uniform_qc	True	True	True			ptxP3/fim3-1	pending_new_phylogeny	Branch_IIb	ptxP3/fim3-1		ptxP3	fim3-1	23S_rRNA_1	False	1	2026-07-24	project_member_414_of_416_linked_identity_not_in_ENA_fields							Europe	ena_fastq_download	2020.0	ptxP3/fim3-1	2020-03	1bde3e8571821161cc19fca39679cfe5340c217d688c6a45cf47df6f07befabe	modern_country_time_project_lineage_cap8	focal	
JPN::SAMD00920272	SAMD00920272	SAMD00920272		DRR900578	JPN	Japan	2024	2024-01-01	2024-12-31	2024			year	False	PRJDB34249	ena_study_accession	japan_targeted_ena_projects	focal_model_observation	focal_genome_observation	True	public_raw_reads_pending_uniform_qc	True	False	True				pending_new_phylogeny							False	1	2026-07-24	Targeted Japanese historical or recent public project.							Asia	ena_fastq_download	2024.0	UNKNOWN_LINEAGE	2024	1c1684a8ef1c37d86cd712afee25a84373e5bead906aac291976b6f5514238b7	modern_country_time_project_lineage_cap8	focal	
CHN::SAMN44584040	SAMN44584040	SAMN44584040	GCA_050973905		CHN	China	2024-04-18	2024-04-18	2024-04-18	2024	4	2	day	True	PRJNA1182239	assembly_metadata	current_2406_archive	focal_model_observation	focal_genome_observation	True	archive_analysis_genome	True	False	True				provisional_marker_or_published_annotation							False	1	2026-07-24	Legacy PRN endpoints ignored; record retained only for genome/date/project/marker metadata.						ok	Asia	local_fasta	2024.0	UNKNOWN_LINEAGE	2024-04	1c49ba677e2436ea00a990ae1432ea256aec702c4230fc1969f436930d4e4c47	modern_country_time_project_lineage_cap8	focal	
BEL::SAMEA117989533	SAMEA117989533	SAMEA117989533		ERR14837929	BEL	Belgium	2023-05-08	2023-05-08	2023-05-08	2023	5	2	day	True	PRJEB88325	ena_study_accession	targeted_belgium_france_public_inventory	focal_model_observation	focal_genome_observation	True	public_raw_reads_pending_uniform_qc	True	True	True			Europe sublineage 2	pending_new_phylogeny	Branch_IIb	ptxP3/fim3-1	Europe sublineage 2	ptxP3	fim3-1	23S_rRNA_1	False	1	2026-07-24	project_member_414_of_416_linked_identity_not_in_ENA_fields							Europe	ena_fastq_download	2023.0	Europe sublineage 2	2023-05	1cc5a8a19db1955ba797777c325f0863860b015a76e144c44371bf9844c1da30	modern_country_time_project_lineage_cap8	focal	
CHN::SAMN44590292	SAMN44590292	SAMN44590292	GCA_050978975		CHN	China	2024-08-01	2024-08-01	2024-08-01	2024	8	3	day	True	PRJNA1182239	assembly_metadata	current_2406_archive	focal_model_observation	focal_genome_observation	True	archive_analysis_genome	True	False	True				provisional_marker_or_published_annotation							False	1	2026-07-24	Legacy PRN endpoints ignored; record retained only for genome/date/project/marker metadata.						ok	Asia	local_fasta	2024.0	UNKNOWN_LINEAGE	2024-08	1ccf47918c58bcc90c8ae61d1ea50e0a7c386887ade0ee323d981cd7bede6ddb	modern_country_time_project_lineage_cap8	focal	
CHN::SAMN45156066	SRS23447309	SAMN45156066	RRASM_SRR31615277	SRR31615277	CHN	China		2024-01-01	2024-12-31	2024			year	False	PRJNA1193776	study_accession	current_2406_archive	focal_model_observation	focal_genome_observation	True	archive_analysis_genome	True	False	True			ptxP3/fim3-1	provisional_marker_or_published_annotation	Branch_IIb	ptxP3/fim3-1	MR-MT28-others	ptxP3	fim3-1	MR_A2047G	False	1	2026-07-24	Legacy PRN endpoints ignored; record retained only for genome/date/project/marker metadata.						ok	Asia	local_fasta	2024.0	ptxP3/fim3-1	2024	1ceb01d13c988a253c64f23a1c747d975d00efcba58f0c693c3560f5846d6966	modern_country_time_project_lineage_cap8	focal	
CHN::SAMN45156041	SRS23447281	SAMN45156041	RRASM_SRR31615305	SRR31615305	CHN	China		2024-01-01	2024-12-31	2024			year	False	PRJNA1193776	study_accession	current_2406_archive	focal_model_observation	focal_genome_observation	True	archive_analysis_genome	True	False	True			ptxP3/fim3-1	provisional_marker_or_published_annotation	Branch_IIb	ptxP3/fim3-1	MR-MT28-others	ptxP3	fim3-1	MR_A2047G	False	1	2026-07-24	Legacy PRN endpoints ignored; record retained only for genome/date/project/marker metadata.						ok	Asia	local_fasta	2024.0	ptxP3/fim3-1	2024	1de609819fd2157f9a50d80c56edaa21b3d9c61245d27fdfbae5626799dcff2d	modern_country_time_project_lineage_cap8	focal	
CHN::SAMN44584044	SAMN44584044	SAMN44584044	GCA_050973795		CHN	China	2024-04-23	2024-04-23	2024-04-23	2024	4	2	day	True	PRJNA1182239	assembly_metadata	current_2406_archive	focal_model_observation	focal_genome_observation	True	archive_analysis_genome	True	False	True				provisional_marker_or_published_annotation							False	1	2026-07-24	Legacy PRN endpoints ignored; record retained only for genome/date/project/marker metadata.						ok	Asia	local_fasta	2024.0	UNKNOWN_LINEAGE	2024-04	1eaa3c9285c49c2edbf1860bea9d7bac1ab54c99645b3596f9d3b689f7f453e2	modern_country_time_project_lineage_cap8	focal	
AUS::SAMN45810588		SAMN45810588		SRR31743894	AUS	Australia	2024-08	2024-08-01	2024-08-31	2024	8	3	month	True	PRJNA1199062	ena_study_accession	australia_fong_2026_direct_specimens	focal_model_observation	focal_genome_observation	True		True													False	1	2026-07-24								Oceania	ena_fastq_download	2024.0	ptxP3/fim3-2	2024-08	1edfed084ff9b6a8300a153b53f01989b8f4790a8cae2512dc82c993cfd24036	modern_country_time_project_lineage_cap8	focal	
AUS::SAMN45810623		SAMN45810623		SRR31743980	AUS	Australia	2024-10	2024-10-01	2024-10-31	2024	10	4	month	True	PRJNA1199062	ena_study_accession	australia_fong_2026_direct_specimens	focal_model_observation	focal_genome_observation	True		False													False	1	2026-07-24								Oceania	ena_fastq_download	2024.0	ptxP3/fim3-2	2024-10	1f0dc5db5ba00b6714303c9bb1d0e759077f093af3e3d1173559ac3af4129faa	modern_country_time_project_lineage_cap8	focal	
AUS::SAMN45810599		SAMN45810599		SRR31743817	AUS	Australia	2024-08	2024-08-01	2024-08-31	2024	8	3	month	True	PRJNA1199062	ena_study_accession	australia_fong_2026_direct_specimens	focal_model_observation	focal_genome_observation	True		True													False	1	2026-07-24								Oceania	ena_fastq_download	2024.0	ptxP3/fim3-2	2024-08	202cc9f5226c062019370ce610ebef265904beba9bc3062581222d1ef73a69c4	modern_country_time_project_lineage_cap8	focal	
CHN::SAMN44590242	SAMN44590242	SAMN44590242	GCA_050980565		CHN	China	2024-06-19	2024-06-19	2024-06-19	2024	6	2	day	True	PRJNA1182239	assembly_metadata	current_2406_archive	focal_model_observation	focal_genome_observation	True	archive_analysis_genome	True	False	True				provisional_marker_or_published_annotation							False	1	2026-07-24	Legacy PRN endpoints ignored; record retained only for genome/date/project/marker metadata.						ok	Asia	local_fasta	2024.0	UNKNOWN_LINEAGE	2024-06	20e4ac9d5d71a9e3ac126182148dc859cd1aaa3bf4a4e844eb06a785ceb42e8d	modern_country_time_project_lineage_cap8	focal	
FRA::SAMEA115874226	SAMEA115874226	SAMEA115874226		ERR13476635	FRA	France	2024	2024-01-01	2024-12-31	2024			year	False	PRJEB42353	ena_study_accession	targeted_belgium_france_public_inventory	focal_model_observation	focal_genome_observation	True	public_raw_reads_pending_uniform_qc	True	False	True			others	pending_new_phylogeny	Branch_IIb	others		ptxP1	fim3-26	23S_rRNA_1	False	1	2026-07-24	complete_67_of_67							Europe	ena_fastq_download	2024.0	others	2024	20f94bf4fbc8047301ffc7eae65cc877d795a10194e84d549f602ceeabfc276e	modern_country_time_project_lineage_cap8	focal	
BEL::SAMEA117989531	SAMEA117989531	SAMEA117989531		ERR14837927	BEL	Belgium	2023-04-21	2023-04-21	2023-04-21	2023	4	2	day	True	PRJEB88325	ena_study_accession	targeted_belgium_france_public_inventory	focal_model_observation	focal_genome_observation	True	public_raw_reads_pending_uniform_qc	True	True	True			Europe sublineage 2	pending_new_phylogeny	Branch_IIb	ptxP3/fim3-1	Europe sublineage 2	ptxP3	fim3-1	23S_rRNA_1	False	1	2026-07-24	project_member_414_of_416_linked_identity_not_in_ENA_fields							Europe	ena_fastq_download	2023.0	Europe sublineage 2	2023-04	21205aadffbd4d24da35584e3b3501b3180991a330f9fcce519d20cbf4fb9566	modern_country_time_project_lineage_cap8	focal	
CHN::SAMN44583945	SAMN44583945	SAMN44583945	GCA_050975825		CHN	China	2024-03-20	2024-03-20	2024-03-20	2024	3	1	day	True	PRJNA1182239	assembly_metadata	current_2406_archive	focal_model_observation	focal_genome_observation	True	archive_analysis_genome	True	False	True				provisional_marker_or_published_annotation							False	1	2026-07-24	Legacy PRN endpoints ignored; record retained only for genome/date/project/marker metadata.						ok	Asia	local_fasta	2024.0	UNKNOWN_LINEAGE	2024-03	21a6a72e28729c82b1629c993aea492e53df45cec7448237e4a76afd8e0f513d	modern_country_time_project_lineage_cap8	focal	
FRA::SAMEA115874222	SAMEA115874222	SAMEA115874222		ERR13476631	FRA	France	2024	2024-01-01	2024-12-31	2024			year	False	PRJEB42353	ena_study_accession	targeted_belgium_france_public_inventory	focal_model_observation	focal_genome_observation	True	public_raw_reads_pending_uniform_qc	True	False	True			others	pending_new_phylogeny	Branch_IIb	others		ptxP1	fim3-26	23S_rRNA_1	False	1	2026-07-24	complete_67_of_67							Europe	ena_fastq_download	2024.0	others	2024	21c5a54b9eb831ccafc42f40df8bfe3905b40856b609ba2296db5f9ebe17d93d	modern_country_time_project_lineage_cap8	focal	
CHN::SAMN45156054	SRS23447296	SAMN45156054	RRASM_SRR31615290	SRR31615290	CHN	China		2024-01-01	2024-12-31	2024			year	False	PRJNA1193776	study_accession	current_2406_archive	focal_model_observation	focal_genome_observation	True	archive_analysis_genome	True	False	True			ptxP3/fim3-1	provisional_marker_or_published_annotation	Branch_IIb	ptxP3/fim3-1	MR-MT28-others	ptxP3	fim3-1	MR_A2047G	False	1	2026-07-24	Legacy PRN endpoints ignored; record retained only for genome/date/project/marker metadata.		3865104	67.84	341	22553	ok	Asia	local_fasta	2024.0	ptxP3/fim3-1	2024	223dbf2bda0b7ab462f16cee03586fc42afc04950b055a8d26a6620b1cced7f2	modern_country_time_project_lineage_cap8	focal	
CHN::SAMN44584075	SAMN44584075	SAMN44584075	GCA_050973165		CHN	China	2024-05-16	2024-05-16	2024-05-16	2024	5	2	day	True	PRJNA1182239	assembly_metadata	current_2406_archive	focal_model_observation	focal_genome_observation	True	archive_analysis_genome	True	False	True				provisional_marker_or_published_annotation							False	1	2026-07-24	Legacy PRN endpoints ignored; record retained only for genome/date/project/marker metadata.						ok	Asia	local_fasta	2024.0	UNKNOWN_LINEAGE	2024-05	225e5f04be7e2fba8fb0b01b5d5c62a782e1b90b1634264227641acdf32b3b25	modern_country_time_project_lineage_cap8	focal	
JPN::SAMD01697927	SAMD01697927	SAMD01697927		DRR902067	JPN	Japan	2025-06-02	2025-06-02	2025-06-02	2025	6	2	day	True	PRJDB37898	ena_study_accession	japan_targeted_ena_projects	focal_model_observation	focal_genome_observation	True	public_raw_reads_pending_uniform_qc	True	False	True				pending_new_phylogeny							False	1	2026-07-24	Targeted Japanese historical or recent public project.							Asia	ena_fastq_download	2025.0	UNKNOWN_LINEAGE	2025-06	227a982916ee499e5606cf9a492619bacfb463902dd7f70b6f08b5715b7b8e56	modern_country_time_project_lineage_cap8	focal	
JPN::SAMD00892052	SAMD00892052	SAMD00892052	GCA_054655855	DRR902037	JPN	Japan	2025-02-03	2025-02-03	2025-02-03	2025	2	1	day	True	PRJDB20413	ena_study_accession	japan_targeted_ena_projects;current_2406_archive	focal_model_observation	focal_genome_observation	True	public_raw_reads_pending_uniform_qc	True	False	True				pending_new_phylogeny							False	2	2026-07-24	Targeted Japanese historical or recent public project. | Legacy PRN endpoints ignored; record retained only for genome/date/project/marker metadata.						ok	Asia	local_fasta	2025.0	UNKNOWN_LINEAGE	2025-02	22940357973d4ff8d73c479b894461816e687fa8a1bd47af063c50b46e400e03	modern_country_time_project_lineage_cap8	focal	
CHN::SAMN44583912	SAMN44583912	SAMN44583912	GCA_050976505		CHN	China	2024-03-15	2024-03-15	2024-03-15	2024	3	1	day	True	PRJNA1182239	assembly_metadata	current_2406_archive	focal_model_observation	focal_genome_observation	True	archive_analysis_genome	True	False	True				provisional_marker_or_published_annotation							False	1	2026-07-24	Legacy PRN endpoints ignored; record retained only for genome/date/project/marker metadata.						ok	Asia	local_fasta	2024.0	UNKNOWN_LINEAGE	2024-03	22f6549adc3c3aa0502d5102fcc386a90b5ac4219884080211f44a7dcca2fd52	modern_country_time_project_lineage_cap8	focal	
JPN::SAMD01697911	SAMD01697911	SAMD01697911		DRR902051	JPN	Japan	2025-02-25	2025-02-25	2025-02-25	2025	2	1	day	True	PRJDB37898	ena_study_accession	japan_targeted_ena_projects	focal_model_observation	focal_genome_observation	True	public_raw_reads_pending_uniform_qc	True	False	True				pending_new_phylogeny							False	1	2026-07-24	Targeted Japanese historical or recent public project.							Asia	ena_fastq_download	2025.0	UNKNOWN_LINEAGE	2025-02	23f63a3a0fe502dc22f3e0fdf81553e58d6e18c3b054f9ace3053deeffc906b7	modern_country_time_project_lineage_cap8	focal	
CHN::SAMN50152092	SAMN50152092	SAMN50152092	GCA_053471785		CHN	China	2024	2024-01-01	2024-12-31	2024			year	False	PRJNA1295129	assembly_metadata	current_2406_archive	focal_model_observation	focal_genome_observation	True	archive_analysis_genome	True	False	True				provisional_marker_or_published_annotation							False	1	2026-07-24	Legacy PRN endpoints ignored; record retained only for genome/date/project/marker metadata.						ok	Asia	local_fasta	2024.0	UNKNOWN_LINEAGE	2024	2433bcd2948f4e6e365ae1eaf2b29d739d04ebfc62651c9fd0c030837b67a956	modern_country_time_project_lineage_cap8	focal	
CHN::SAMN50152021	SAMN50152021	SAMN50152021	GCA_053473145		CHN	China	2022	2022-01-01	2022-12-31	2022			year	False	PRJNA1295129	assembly_metadata	current_2406_archive	focal_model_observation	focal_genome_observation	True	archive_analysis_genome	True	False	True				provisional_marker_or_published_annotation							False	1	2026-07-24	Legacy PRN endpoints ignored; record retained only for genome/date/project/marker metadata.						ok	Asia	local_fasta	2022.0	UNKNOWN_LINEAGE	2022	24421bec9cdc293f8d31f4b341bfacd83b8e343dddab4f8ceedb47af43a42e5a	modern_country_time_project_lineage_cap8	focal	
JPN::SAMD01697933	SAMD01697933	SAMD01697933	RRASM_DRR902073	DRR902073	JPN	Japan	2025-06-09	2025-06-09	2025-06-09	2025	6	2	day	True	PRJDB37898	ena_study_accession	japan_targeted_ena_projects;current_2406_archive	focal_model_observation	focal_genome_observation	True	public_raw_reads_pending_uniform_qc	True	False	True				pending_new_phylogeny							False	2	2026-07-24	Targeted Japanese historical or recent public project. | Legacy PRN endpoints ignored; record retained only for genome/date/project/marker metadata.						ok	Asia	local_fasta	2025.0	UNKNOWN_LINEAGE	2025-06	2444d3a333cf9f3aa0caff615a978ce2787f4fcd838689c22b007f7ffc7af69d	modern_country_time_project_lineage_cap8	focal	
AUS::SAMN45810516		SAMN45810516		SRR31743876	AUS	Australia	2024-06	2024-06-01	2024-06-30	2024	6	2	month	True	PRJNA1199062	ena_study_accession	australia_fong_2026_direct_specimens	focal_model_observation	focal_genome_observation	True		True													False	1	2026-07-24								Oceania	ena_fastq_download	2024.0	ptxP3/fim3-2	2024-06	25227674919d3f2cd14636e933f5a134945fbc2e94fdf4518647b046f4f10c7e	modern_country_time_project_lineage_cap8	focal	
JPN::SAMD01697926	SAMD01697926	SAMD01697926		DRR902066	JPN	Japan	2025-04-22	2025-04-22	2025-04-22	2025	4	2	day	True	PRJDB37898	ena_study_accession	japan_targeted_ena_projects	focal_model_observation	focal_genome_observation	True	public_raw_reads_pending_uniform_qc	True	False	True				pending_new_phylogeny							False	1	2026-07-24	Targeted Japanese historical or recent public project.							Asia	ena_fastq_download	2025.0	UNKNOWN_LINEAGE	2025-04	258dc89afd5598672906d69cd1d6f29cf00ebc54690be05675180a8b2fef21e8	modern_country_time_project_lineage_cap8	focal	
CHN::SAMN45156063	SRS23447306	SAMN45156063	RRASM_SRR31615280	SRR31615280	CHN	China		2024-01-01	2024-12-31	2024			year	False	PRJNA1193776	study_accession	current_2406_archive	focal_model_observation	focal_genome_observation	True	archive_analysis_genome	True	False	True			ptxP3/fim3-1	provisional_marker_or_published_annotation	Branch_IIb	ptxP3/fim3-1	MR-MT28-others	ptxP3	fim3-1	MR_A2047G	False	1	2026-07-24	Legacy PRN endpoints ignored; record retained only for genome/date/project/marker metadata.						ok	Asia	local_fasta	2024.0	ptxP3/fim3-1	2024	2629a8e62719bde55cca7a79513a9ed60dbce775fc69681e0956fb84953ca7d4	modern_country_time_project_lineage_cap8	focal	
CHN::SAMN44590214	SAMN44590214	SAMN44590214	GCA_050981645		CHN	China	2024-06-03	2024-06-03	2024-06-03	2024	6	2	day	True	PRJNA1182239	assembly_metadata	current_2406_archive	focal_model_observation	focal_genome_observation	True	archive_analysis_genome	True	False	True				provisional_marker_or_published_annotation							False	1	2026-07-24	Legacy PRN endpoints ignored; record retained only for genome/date/project/marker metadata.						ok	Asia	local_fasta	2024.0	UNKNOWN_LINEAGE	2024-06	26a2d119d6de7ead78bf5d119bca448d231c254e1d4272ef8e68521c38302d82	modern_country_time_project_lineage_cap8	focal	
FRA::SAMEA117615786	SAMEA117615786	SAMEA117615786	GCA_965117325		FRA	France	2024	2024-01-01	2024-12-31	2024			year	False	PRJEB85093	assembly_metadata	current_2406_archive	focal_model_observation	focal_genome_observation	True	archive_analysis_genome	True	False	True			ptxP1	provisional_marker_or_published_annotation				ptxP1		MS	False	1	2026-07-24	Legacy PRN endpoints ignored; record retained only for genome/date/project/marker metadata.						ok	Europe	local_fasta	2024.0	ptxP1	2024	26cdb6f08427de708804a8d711620f28f6cbfaf8db35bb34bed7a97298e33bb5	modern_country_time_project_lineage_cap8	focal	
AUS::SAMN45810636		SAMN45810636		SRR31743966	AUS	Australia	2024-10	2024-10-01	2024-10-31	2024	10	4	month	True	PRJNA1199062	ena_study_accession	australia_fong_2026_direct_specimens	focal_model_observation	focal_genome_observation	True		False													False	1	2026-07-24								Oceania	ena_fastq_download	2024.0	ptxP1/fim3-4	2024-10	26ed7da9426e20170e4d9511cdb633ac34008694703cfbaf5d78060c2750c2e8	modern_country_time_project_lineage_cap8	focal	
CHN::SAMN43024017	SAMN43024017	SAMN43024017	GCA_042610945		CHN	China	2024-05-02	2024-05-02	2024-05-02	2024	5	2	day	True	PRJNA1143937	assembly_metadata	current_2406_archive	focal_model_observation	focal_genome_observation	True	archive_analysis_genome	True	False	True			ptxP3/fim3-1	provisional_marker_or_published_annotation	Branch_IIb	ptxP3/fim3-1	MR-MT28-others	ptxP3	fim3-1	MR_A2047G	False	1	2026-07-24	Legacy PRN endpoints ignored; record retained only for genome/date/project/marker metadata.						ok	Asia	local_fasta	2024.0	ptxP3/fim3-1	2024-05	287ca5c7e0322226d3501feb4ed3f3e33bd95f0742a3eae2433112dae3bacae2	modern_country_time_project_lineage_cap8	focal	
CHN::SAMN42391116	SAMN42391116	SAMN42391116	GCA_047323595	SRR31303468	CHN	China	2022-02-24	2022-02-24	2022-02-24	2022	2	1	day	True	PRJNA1133929	assembly_metadata	current_2406_archive	focal_model_observation	focal_genome_observation	True	archive_analysis_genome	True	False	True			ptxP3/fim3-1	provisional_marker_or_published_annotation	Branch_IIb	ptxP3/fim3-1	MR-MT28-PG2	ptxP3	fim3-1	MS	False	1	2026-07-24	Legacy PRN endpoints ignored; record retained only for genome/date/project/marker metadata.						ok	Asia	local_fasta	2022.0	ptxP3/fim3-1	2022-02	28ef4266d0c8a1881aa9f2d3dd0cab1490a317bbc0fd11cffa0df3283b5f0441	modern_country_time_project_lineage_cap8	focal	
CHN::SAMN50151995	SAMN50151995	SAMN50151995	GCA_053473665		CHN	China	2021	2021-01-01	2021-12-31	2021			year	False	PRJNA1295129	assembly_metadata	current_2406_archive	focal_model_observation	focal_genome_observation	True	archive_analysis_genome	True	False	True				provisional_marker_or_published_annotation							False	1	2026-07-24	Legacy PRN endpoints ignored; record retained only for genome/date/project/marker metadata.						ok	Asia	local_fasta	2021.0	UNKNOWN_LINEAGE	2021	2944b10ceb1efa0aa061f31050f4101c55cbadcd5899aba10aa59325db87b979	modern_country_time_project_lineage_cap8	focal	
JPN::SAMD00892035	SAMD00892035	SAMD00892035	GCA_054656535	DRR902020	JPN	Japan	2025-01-06	2025-01-06	2025-01-06	2025	1	1	day	True	PRJDB20413	ena_study_accession	japan_targeted_ena_projects;current_2406_archive	focal_model_observation	focal_genome_observation	True	public_raw_reads_pending_uniform_qc	True	False	True				pending_new_phylogeny							False	2	2026-07-24	Targeted Japanese historical or recent public project. | Legacy PRN endpoints ignored; record retained only for genome/date/project/marker metadata.						ok	Asia	local_fasta	2025.0	UNKNOWN_LINEAGE	2025-01	296c1be93b83f0120e1e782718d0c59b7f981817693236a3310fa3dfe8ef8b06	modern_country_time_project_lineage_cap8	focal	
CHN::SAMN50152043	SAMN50152043	SAMN50152043	GCA_053472705		CHN	China	2022	2022-01-01	2022-12-31	2022			year	False	PRJNA1295129	assembly_metadata	current_2406_archive	focal_model_observation	focal_genome_observation	True	archive_analysis_genome	True	False	True				provisional_marker_or_published_annotation							False	1	2026-07-24	Legacy PRN endpoints ignored; record retained only for genome/date/project/marker metadata.						ok	Asia	local_fasta	2022.0	UNKNOWN_LINEAGE	2022	29e1084fee0dcf97fb7bd408bd041162efb78272f51a079fc7a24d9574a5614f	modern_country_time_project_lineage_cap8	focal	
CHN::SAMN39683296	SRS20312923	SAMN39683296	RRASM_SRR27796613	SRR27796613	CHN	China		2021-01-01	2021-12-31	2021			year	False	PRJNA1071282	study_accession	current_2406_archive	focal_model_observation	focal_genome_observation	True	archive_analysis_genome	True	False	True			ptxP3/fim3-1	provisional_marker_or_published_annotation	Branch_IIb	ptxP3/fim3-1		ptxP3	fim3-1	MS	False	1	2026-07-24	Legacy PRN endpoints ignored; record retained only for genome/date/project/marker metadata.						ok	Asia	local_fasta	2021.0	ptxP3/fim3-1	2021	29e3459db1a6b4203c383fd71a7c44af5ca2ca17cfc4df66bcd379b900675792	modern_country_time_project_lineage_cap8	focal	
AUS::SAMN45810520		SAMN45810520		SRR31743936	AUS	Australia	2024-07	2024-07-01	2024-07-31	2024	7	3	month	True	PRJNA1199062	ena_study_accession	australia_fong_2026_direct_specimens	focal_model_observation	focal_genome_observation	True		True													False	1	2026-07-24								Oceania	ena_fastq_download	2024.0	ptxP3/fim3-2	2024-07	29eb3143b4ce2437fab954b147b79645c5f089fc47d8bc21587925bcfa5dac25	modern_country_time_project_lineage_cap8	focal	
CHN::SAMN42391142	SAMN42391142	SAMN42391142	GCA_047323345	SRR31303435	CHN	China	2023-10-28	2023-10-28	2023-10-28	2023	10	4	day	True	PRJNA1133929	assembly_metadata	current_2406_archive	focal_model_observation	focal_genome_observation	True	archive_analysis_genome	True	False	True			ptxP3/fim3-1	provisional_marker_or_published_annotation	Branch_IIb	ptxP3/fim3-1	MR-MT28-PG1	ptxP3	fim3-1	MS	False	1	2026-07-24	Legacy PRN endpoints ignored; record retained only for genome/date/project/marker metadata.						ok	Asia	local_fasta	2023.0	ptxP3/fim3-1	2023-10	2a019e8db7b2fb99357ff30d8fde96841f41faaf5ab3e7467ff983e9cbf677fb	modern_country_time_project_lineage_cap8	focal	
FRA::SAMEA115874218	SAMEA115874218	SAMEA115874218		ERR13476627	FRA	France	2024	2024-01-01	2024-12-31	2024			year	False	PRJEB42353	ena_study_accession	targeted_belgium_france_public_inventory	focal_model_observation	focal_genome_observation	True	public_raw_reads_pending_uniform_qc	True	False	True			ptxP3/fim3-1	pending_new_phylogeny	Branch_IIb	ptxP3/fim3-1		ptxP3	fim3-1	23S_rRNA_1	False	1	2026-07-24	complete_67_of_67							Europe	ena_fastq_download	2024.0	ptxP3/fim3-1	2024	2a54092a0b4d06a5f1f1d8ead36b17f0e9614214dffdba8db399a78048142454	modern_country_time_project_lineage_cap8	focal	
CHN::SAMN44590219	SAMN44590219	SAMN44590219	GCA_050981465		CHN	China	2024-06-06	2024-06-06	2024-06-06	2024	6	2	day	True	PRJNA1182239	assembly_metadata	current_2406_archive	focal_model_observation	focal_genome_observation	True	archive_analysis_genome	True	False	True				provisional_marker_or_published_annotation							False	1	2026-07-24	Legacy PRN endpoints ignored; record retained only for genome/date/project/marker metadata.						ok	Asia	local_fasta	2024.0	UNKNOWN_LINEAGE	2024-06	2afa6abd69fd392bfda38f36595f26d31957d2cac478dfb2b6e05f9592523af9	modern_country_time_project_lineage_cap8	focal	
AUS::SAMN45810558		SAMN45810558		SRR31743830	AUS	Australia	2024-01	2024-01-01	2024-01-31	2024	1	1	month	True	PRJNA1199062	ena_study_accession	australia_fong_2026_direct_specimens	focal_model_observation	focal_genome_observation	True		True													False	1	2026-07-24								Oceania	ena_fastq_download	2024.0	ptxP3/fim3-2	2024-01	2b1c6f078affffc522c57e3c1eeb9b43ee639e32033a19a9eb75ae61e9044a00	modern_country_time_project_lineage_cap8	focal	
BEL::SAMEA117989598	SAMEA117989598	SAMEA117989598		ERR14837994	BEL	Belgium	2023-11-29	2023-11-29	2023-11-29	2023	11	4	day	True	PRJEB88325	ena_study_accession	targeted_belgium_france_public_inventory	focal_model_observation	focal_genome_observation	True	public_raw_reads_pending_uniform_qc	True	True	True			Europe sublineage 2	pending_new_phylogeny	Branch_IIb	ptxP3/fim3-1	Europe sublineage 2	ptxP3	fim3-1	23S_rRNA_1	False	1	2026-07-24	project_member_414_of_416_linked_identity_not_in_ENA_fields							Europe	ena_fastq_download	2023.0	Europe sublineage 2	2023-11	2b878a0a340a9ca4dd7f6cc16c10003a6be111645242f5a35d581730601bde24	modern_country_time_project_lineage_cap8	focal	
JPN::SAMD01593370	SAMD01593370	SAMD01593370	GCA_055386935	DRR705528	JPN	Japan	2024-09-18	2024-09-18	2024-09-18	2024	9	3	day	True	PRJDB35593	ena_study_accession	japan_targeted_ena_projects;current_2406_archive	focal_model_observation	focal_genome_observation	True	public_raw_reads_pending_uniform_qc	True	False	True			ptxP3	pending_new_phylogeny				ptxP3		MS	False	3	2026-07-24	Targeted Japanese historical or recent public project. | Legacy PRN endpoints ignored; record retained only for genome/date/project/marker metadata.		4107464	67.5	1	4107464	ok	Asia	local_fasta	2024.0	ptxP3	2024-09	2c040f2bd96e603df739a636470a126c5898cf75826b8d47f6c9267df50bd66f	modern_country_time_project_lineage_cap8	focal	
CHN::SAMN50152057	SAMN50152057	SAMN50152057	GCA_053472445		CHN	China	2024	2024-01-01	2024-12-31	2024			year	False	PRJNA1295129	assembly_metadata	current_2406_archive	focal_model_observation	focal_genome_observation	True	archive_analysis_genome	True	False	True				provisional_marker_or_published_annotation							False	1	2026-07-24	Legacy PRN endpoints ignored; record retained only for genome/date/project/marker metadata.						ok	Asia	local_fasta	2024.0	UNKNOWN_LINEAGE	2024	2c333895919973a07eacfa3987896d50d96a33e8f3772019306ef8eb763c33c3	modern_country_time_project_lineage_cap8	focal	
CHN::SAMN50152066	SAMN50152066	SAMN50152066	GCA_053472265		CHN	China	2024	2024-01-01	2024-12-31	2024			year	False	PRJNA1295129	assembly_metadata	current_2406_archive	focal_model_observation	focal_genome_observation	True	archive_analysis_genome	True	False	True				provisional_marker_or_published_annotation							False	1	2026-07-24	Legacy PRN endpoints ignored; record retained only for genome/date/project/marker metadata.						ok	Asia	local_fasta	2024.0	UNKNOWN_LINEAGE	2024	2c7c6ef0f541d291d3d4515fe74343d83458efdd2f116ca2ff1e281c9fef8395	modern_country_time_project_lineage_cap8	focal	
FRA::SAMEA115874213	SAMEA115874213	SAMEA115874213		ERR13476622	FRA	France	2024	2024-01-01	2024-12-31	2024			year	False	PRJEB42353	ena_study_accession	targeted_belgium_france_public_inventory	focal_model_observation	focal_genome_observation	True	public_raw_reads_pending_uniform_qc	True	False	True			others	pending_new_phylogeny	Branch_IIb	others		ptxP1	fim3-4	23S_rRNA_1	False	1	2026-07-24	complete_67_of_67							Europe	ena_fastq_download	2024.0	others	2024	2dc5bed6334797d30ad34da3fc3c75c152ca10462d33299444206b71d8346088	modern_country_time_project_lineage_cap8	focal	
CHN::SAMN44584073	SAMN44584073	SAMN44584073	GCA_050973205		CHN	China	2024-05-14	2024-05-14	2024-05-14	2024	5	2	day	True	PRJNA1182239	assembly_metadata	current_2406_archive	focal_model_observation	focal_genome_observation	True	archive_analysis_genome	True	False	True				provisional_marker_or_published_annotation							False	1	2026-07-24	Legacy PRN endpoints ignored; record retained only for genome/date/project/marker metadata.						ok	Asia	local_fasta	2024.0	UNKNOWN_LINEAGE	2024-05	2e40260bb0039540319fd97e18667545082b0fce814c936f2252873c2e0ba878	modern_country_time_project_lineage_cap8	focal	
CHN::SAMN43024019	SAMN43024019	SAMN43024019	GCA_042610855		CHN	China	2024-05-02	2024-05-02	2024-05-02	2024	5	2	day	True	PRJNA1143937	assembly_metadata	current_2406_archive	focal_model_observation	focal_genome_observation	True	archive_analysis_genome	True	False	True			ptxP3/fim3-1	provisional_marker_or_published_annotation	Branch_IIb	ptxP3/fim3-1	MR-MT28-PG2	ptxP3	fim3-1	MR_A2047G	False	1	2026-07-24	Legacy PRN endpoints ignored; record retained only for genome/date/project/marker metadata.						ok	Asia	local_fasta	2024.0	ptxP3/fim3-1	2024-05	2e9351978d216cb5aeef4a16ee4cd65345f46440c5fa7c5424f73e1b04eefd48	modern_country_time_project_lineage_cap8	focal	
AUS::SAMN45810646		SAMN45810646		SRR31743955	AUS	Australia	2024-10	2024-10-01	2024-10-31	2024	10	4	month	True	PRJNA1199062	ena_study_accession	australia_fong_2026_direct_specimens	focal_model_observation	focal_genome_observation	True		True													False	1	2026-07-24								Oceania	ena_fastq_download	2024.0	ptxP3/fim3-2	2024-10	2ea5387177d025f8ea004b0e084e7d560cd69c26538e2071091e7360a07ee5ad	modern_country_time_project_lineage_cap8	focal	
CHN::SAMN44584094	SAMN44584094	SAMN44584094	GCA_050972785		CHN	China	2024-05-24	2024-05-24	2024-05-24	2024	5	2	day	True	PRJNA1182239	assembly_metadata	current_2406_archive	focal_model_observation	focal_genome_observation	True	archive_analysis_genome	True	False	True				provisional_marker_or_published_annotation							False	1	2026-07-24	Legacy PRN endpoints ignored; record retained only for genome/date/project/marker metadata.						ok	Asia	local_fasta	2024.0	UNKNOWN_LINEAGE	2024-05	2eb3162a1597d3463f86148b27c558281fda1ca9beacebca46fed2eef98ce05f	modern_country_time_project_lineage_cap8	focal	
BEL::SAMEA117989586	SAMEA117989586	SAMEA117989586		ERR14837982	BEL	Belgium	2023-11-06	2023-11-06	2023-11-06	2023	11	4	day	True	PRJEB88325	ena_study_accession	targeted_belgium_france_public_inventory	focal_model_observation	focal_genome_observation	True	public_raw_reads_pending_uniform_qc	True	True	True			Europe sublineage 2	pending_new_phylogeny	Branch_IIb	ptxP3/fim3-1	Europe sublineage 2	ptxP3	fim3-1	23S_rRNA_1	False	1	2026-07-24	project_member_414_of_416_linked_identity_not_in_ENA_fields							Europe	ena_fastq_download	2023.0	Europe sublineage 2	2023-11	2f2e06ff530bf1ca934da59c91cdc980d5055c99515cb195ea2f82ef7b652d9b	modern_country_time_project_lineage_cap8	focal	
CHN::SAMN42391135	SAMN42391135	SAMN42391135	GCA_047323415	SRR31303443	CHN	China	2023-08-10	2023-08-10	2023-08-10	2023	8	3	day	True	PRJNA1133929	assembly_metadata	current_2406_archive	focal_model_observation	focal_genome_observation	True	archive_analysis_genome	True	False	True			ptxP3/fim3-1	provisional_marker_or_published_annotation	Branch_IIb	ptxP3/fim3-1	MR-MT28-others	ptxP3	fim3-1	MS	False	1	2026-07-24	Legacy PRN endpoints ignored; record retained only for genome/date/project/marker metadata.						ok	Asia	local_fasta	2023.0	ptxP3/fim3-1	2023-08	2f683e8adced031b80f9fc70ebb064310f7c58a4f2ea2e9b9bee8f793318adbc	modern_country_time_project_lineage_cap8	focal	
JPN::SAMD01697902	SAMD01697902	SAMD01697902		DRR902042	JPN	Japan	2025-05-19	2025-05-19	2025-05-19	2025	5	2	day	True	PRJDB37898	ena_study_accession	japan_targeted_ena_projects	focal_model_observation	focal_genome_observation	True	public_raw_reads_pending_uniform_qc	True	False	True				pending_new_phylogeny							False	1	2026-07-24	Targeted Japanese historical or recent public project.							Asia	ena_fastq_download	2025.0	UNKNOWN_LINEAGE	2025-05	303965b1761c854d906a4a39c0ae1ba7c9e5afd6e518e52a72abc6f8e8a6411d	modern_country_time_project_lineage_cap8	focal	
BEL::SAMEA117989585	SAMEA117989585	SAMEA117989585		ERR14837981	BEL	Belgium	2023-10-30	2023-10-30	2023-10-30	2023	10	4	day	True	PRJEB88325	ena_study_accession	targeted_belgium_france_public_inventory	focal_model_observation	focal_genome_observation	True	public_raw_reads_pending_uniform_qc	True	True	True			Europe sublineage 2	pending_new_phylogeny	Branch_IIb	ptxP3/fim3-1	Europe sublineage 2	ptxP3	fim3-1	23S_rRNA_1	False	1	2026-07-24	project_member_414_of_416_linked_identity_not_in_ENA_fields							Europe	ena_fastq_download	2023.0	Europe sublineage 2	2023-10	30420747f2bf0d77470ca94932e3bee53c82e55b91f9995e396ed3b6bfb3b08c	modern_country_time_project_lineage_cap8	focal	
CHN::SAMN50152036	SAMN50152036	SAMN50152036	GCA_053472845		CHN	China	2022	2022-01-01	2022-12-31	2022			year	False	PRJNA1295129	assembly_metadata	current_2406_archive	focal_model_observation	focal_genome_observation	True	archive_analysis_genome	True	False	True				provisional_marker_or_published_annotation							False	1	2026-07-24	Legacy PRN endpoints ignored; record retained only for genome/date/project/marker metadata.						ok	Asia	local_fasta	2022.0	UNKNOWN_LINEAGE	2022	306c54ad5ac8beda0cc3cacab6e2e00271880736c77e6d1c76fb1a46f8fc4105	modern_country_time_project_lineage_cap8	focal	
FRA::SAMEA115874220	SAMEA115874220	SAMEA115874220		ERR13476629	FRA	France	2024	2024-01-01	2024-12-31	2024			year	False	PRJEB42353	ena_study_accession	targeted_belgium_france_public_inventory	focal_model_observation	focal_genome_observation	True	public_raw_reads_pending_uniform_qc	True	False	True			Europe sublineage 1	pending_new_phylogeny	Branch_IIb	ptxP3/fim3-1	Europe sublineage 1	ptxP3	fim3-1	23S_rRNA_1	False	1	2026-07-24	complete_67_of_67							Europe	ena_fastq_download	2024.0	Europe sublineage 1	2024	308c30c63f9f4b5998b654a3b7deb44a73dd3efe2c2b0a9f196f8a8a406f010d	modern_country_time_project_lineage_cap8	focal	
BEL::SAMEA117989614	SAMEA117989614	SAMEA117989614		ERR14838010	BEL	Belgium	2023-12-31	2023-12-31	2023-12-31	2023	12	4	day	True	PRJEB88325	ena_study_accession	targeted_belgium_france_public_inventory	focal_model_observation	focal_genome_observation	True	public_raw_reads_pending_uniform_qc	True	True	True			Europe sublineage 2	pending_new_phylogeny	Branch_IIb	ptxP3/fim3-1	Europe sublineage 2	ptxP3	fim3-1	23S_rRNA_1	False	1	2026-07-24	project_member_414_of_416_linked_identity_not_in_ENA_fields							Europe	ena_fastq_download	2023.0	Europe sublineage 2	2023-12	30adcaa1c16713764eceff441106d43a2edd1b876e76c287dca7245d073f3b92	modern_country_time_project_lineage_cap8	focal	
AUS::SAMN45810604		SAMN45810604		SRR31744001	AUS	Australia	2024-09	2024-09-01	2024-09-30	2024	9	3	month	True	PRJNA1199062	ena_study_accession	australia_fong_2026_direct_specimens	focal_model_observation	focal_genome_observation	True		True													False	1	2026-07-24								Oceania	ena_fastq_download	2024.0	ptxP3/fim3-2	2024-09	30b3715e0c37463be19f17c9225055b2bbbb04b1d1d488054191dac974efaa28	modern_country_time_project_lineage_cap8	focal	
BEL::SAMEA117989606	SAMEA117989606	SAMEA117989606		ERR14838002	BEL	Belgium	2023-12-15	2023-12-15	2023-12-15	2023	12	4	day	True	PRJEB88325	ena_study_accession	targeted_belgium_france_public_inventory	focal_model_observation	focal_genome_observation	True	public_raw_reads_pending_uniform_qc	True	True	True			Europe sublineage 2	pending_new_phylogeny	Branch_IIb	ptxP3/fim3-1	Europe sublineage 2	ptxP3	fim3-1	23S_rRNA_1	False	1	2026-07-24	project_member_414_of_416_linked_identity_not_in_ENA_fields							Europe	ena_fastq_download	2023.0	Europe sublineage 2	2023-12	30bf5b8b3d176434cc1fe9f0baa78e30053b7735af9b93e87058dc9378eb21e2	modern_country_time_project_lineage_cap8	focal	
CHN::SAMN50151990	SAMN50151990	SAMN50151990	GCA_053473765		CHN	China	2021	2021-01-01	2021-12-31	2021			year	False	PRJNA1295129	assembly_metadata	current_2406_archive	focal_model_observation	focal_genome_observation	True	archive_analysis_genome	True	False	True				provisional_marker_or_published_annotation							False	1	2026-07-24	Legacy PRN endpoints ignored; record retained only for genome/date/project/marker metadata.						ok	Asia	local_fasta	2021.0	UNKNOWN_LINEAGE	2021	30dc9099b8ebfc59aa40a3015ce4a597f0ebd75cc58c07f295300acd023284f8	modern_country_time_project_lineage_cap8	focal	
CHN::SAMN44584067	SAMN44584067	SAMN44584067	GCA_050973325		CHN	China	2024-05-09	2024-05-09	2024-05-09	2024	5	2	day	True	PRJNA1182239	assembly_metadata	current_2406_archive	focal_model_observation	focal_genome_observation	True	archive_analysis_genome	True	False	True				provisional_marker_or_published_annotation							False	1	2026-07-24	Legacy PRN endpoints ignored; record retained only for genome/date/project/marker metadata.						ok	Asia	local_fasta	2024.0	UNKNOWN_LINEAGE	2024-05	3134de717eb01035d2072b2775b4705154b83e5d5df27da5bdf6d1b3ec5866b3	modern_country_time_project_lineage_cap8	focal	
CHN::SAMN50152085	SAMN50152085	SAMN50152085	GCA_053471905		CHN	China	2024	2024-01-01	2024-12-31	2024			year	False	PRJNA1295129	assembly_metadata	current_2406_archive	focal_model_observation	focal_genome_observation	True	archive_analysis_genome	True	False	True				provisional_marker_or_published_annotation							False	1	2026-07-24	Legacy PRN endpoints ignored; record retained only for genome/date/project/marker metadata.						ok	Asia	local_fasta	2024.0	UNKNOWN_LINEAGE	2024	313e1115633c7cab2113793052e0af65d18213cb3453135f5ff3fd6907c241e3	modern_country_time_project_lineage_cap8	focal	
CHN::SAMN42391148	SAMN42391148	SAMN42391148	GCA_047323285	SRR31303428	CHN	China	2023-11-22	2023-11-22	2023-11-22	2023	11	4	day	True	PRJNA1133929	assembly_metadata	current_2406_archive	focal_model_observation	focal_genome_observation	True	archive_analysis_genome	True	False	True			ptxP3/fim3-1	provisional_marker_or_published_annotation	Branch_IIb	ptxP3/fim3-1	MR-MT28-others	ptxP3	fim3-1	MS	False	1	2026-07-24	Legacy PRN endpoints ignored; record retained only for genome/date/project/marker metadata.						ok	Asia	local_fasta	2023.0	ptxP3/fim3-1	2023-11	31e9331218d9c4b23aa12a59cdf8dc33f8d75704e7b6cb75f81b632712a1d064	modern_country_time_project_lineage_cap8	focal	
JPN::SAMD01697938	SAMD01697938	SAMD01697938		DRR902078	JPN	Japan	2025-06-09	2025-06-09	2025-06-09	2025	6	2	day	True	PRJDB37898	ena_study_accession	japan_targeted_ena_projects	focal_model_observation	focal_genome_observation	True	public_raw_reads_pending_uniform_qc	True	False	True				pending_new_phylogeny							False	1	2026-07-24	Targeted Japanese historical or recent public project.							Asia	ena_fastq_download	2025.0	UNKNOWN_LINEAGE	2025-06	321f55a84cef56e214857718e5b233ad64a2386631430af009a1b0f1b122f3c4	modern_country_time_project_lineage_cap8	focal	
BEL::SAMEA117989570	SAMEA117989570	SAMEA117989570		ERR14837966	BEL	Belgium	2023-09-08	2023-09-08	2023-09-08	2023	9	3	day	True	PRJEB88325	ena_study_accession	targeted_belgium_france_public_inventory	focal_model_observation	focal_genome_observation	True	public_raw_reads_pending_uniform_qc	True	True	True			Europe sublineage 2	pending_new_phylogeny	Branch_IIb	ptxP3/fim3-1	Europe sublineage 2	ptxP3	fim3-1	23S_rRNA_1	False	1	2026-07-24	project_member_414_of_416_linked_identity_not_in_ENA_fields							Europe	ena_fastq_download	2023.0	Europe sublineage 2	2023-09	32253959945bd73c733372b915c14bb4d0e6e4c7ffc857cf397d4651ed36e179	modern_country_time_project_lineage_cap8	focal	
AUS::SAMN45810587		SAMN45810587		SRR31743895	AUS	Australia	2024-08	2024-08-01	2024-08-31	2024	8	3	month	True	PRJNA1199062	ena_study_accession	australia_fong_2026_direct_specimens	focal_model_observation	focal_genome_observation	True		True													False	1	2026-07-24								Oceania	ena_fastq_download	2024.0	ptxP1/fim3-26	2024-08	32a948dd9dc17251cf567ded1b8935bef8f8bfb44fe2b6d4d0c4a97f24c0acde	modern_country_time_project_lineage_cap8	focal	
CHN::SAMN50152028	SAMN50152028	SAMN50152028	GCA_053473005		CHN	China	2022	2022-01-01	2022-12-31	2022			year	False	PRJNA1295129	assembly_metadata	current_2406_archive	focal_model_observation	focal_genome_observation	True	archive_analysis_genome	True	False	True				provisional_marker_or_published_annotation							False	1	2026-07-24	Legacy PRN endpoints ignored; record retained only for genome/date/project/marker metadata.						ok	Asia	local_fasta	2022.0	UNKNOWN_LINEAGE	2022	335e26f14586aafcc12f220335de479262848a60caa01dc3a34b092577bc420b	modern_country_time_project_lineage_cap8	focal	
AUS::SAMN45810555		SAMN45810555		SRR31743833	AUS	Australia	2024-07	2024-07-01	2024-07-31	2024	7	3	month	True	PRJNA1199062	ena_study_accession	australia_fong_2026_direct_specimens	focal_model_observation	focal_genome_observation	True		False													False	1	2026-07-24								Oceania	ena_fastq_download	2024.0	ptxP3/fim3-2	2024-07	3397bbbef6e7f65e9d537952da979909e4dea3f051eb81cd0fed6b37db9d7768	modern_country_time_project_lineage_cap8	focal	
CHN::SAMN44590268	SAMN44590268	SAMN44590268	GCA_050979685		CHN	China	2024-07-04	2024-07-04	2024-07-04	2024	7	3	day	True	PRJNA1182239	assembly_metadata	current_2406_archive	focal_model_observation	focal_genome_observation	True	archive_analysis_genome	True	False	True				provisional_marker_or_published_annotation							False	1	2026-07-24	Legacy PRN endpoints ignored; record retained only for genome/date/project/marker metadata.						ok	Asia	local_fasta	2024.0	UNKNOWN_LINEAGE	2024-07	340c8a2afec7a492979be53edbb3fdca8ab1feeabc68fa651e770e52c9a28661	modern_country_time_project_lineage_cap8	focal	
BEL::SAMEA117989540	SAMEA117989540	SAMEA117989540		ERR14837936	BEL	Belgium	2023-06-12	2023-06-12	2023-06-12	2023	6	2	day	True	PRJEB88325	ena_study_accession	targeted_belgium_france_public_inventory	focal_model_observation	focal_genome_observation	True	public_raw_reads_pending_uniform_qc	True	True	True			Europe sublineage 1	pending_new_phylogeny	Branch_IIb	ptxP3/fim3-1	Europe sublineage 1	ptxP3	fim3-1	23S_rRNA_1	False	1	2026-07-24	project_member_414_of_416_linked_identity_not_in_ENA_fields							Europe	ena_fastq_download	2023.0	Europe sublineage 1	2023-06	3461c651d5315f3e5c871009b698b2692d79c51d9450eccc0171ef862e25cbf1	modern_country_time_project_lineage_cap8	focal	
BEL::SAMEA117989528	SAMEA117989528	SAMEA117989528		ERR14837924	BEL	Belgium	2023-01-23	2023-01-23	2023-01-23	2023	1	1	day	True	PRJEB88325	ena_study_accession	targeted_belgium_france_public_inventory	focal_model_observation	focal_genome_observation	True	public_raw_reads_pending_uniform_qc	True	True	True			Europe sublineage 2	pending_new_phylogeny	Branch_IIb	ptxP3/fim3-1	Europe sublineage 2	ptxP3	fim3-1	23S_rRNA_1	False	1	2026-07-24	project_member_414_of_416_linked_identity_not_in_ENA_fields							Europe	ena_fastq_download	2023.0	Europe sublineage 2	2023-01	34b2f24342a7ed2a383a18b3e99517c56bef5071aea3631ef74d1cbc0780d891	modern_country_time_project_lineage_cap8	focal	
AUS::SAMN45810609		SAMN45810609		SRR31743996	AUS	Australia	2024-09	2024-09-01	2024-09-30	2024	9	3	month	True	PRJNA1199062	ena_study_accession	australia_fong_2026_direct_specimens	focal_model_observation	focal_genome_observation	True		True													False	1	2026-07-24								Oceania	ena_fastq_download	2024.0	ptxP3/fim3-2	2024-09	34d038a65db6304f1a6bf347180cb9d191395e207aaef9f10b3c05cf6c8dfa69	modern_country_time_project_lineage_cap8	focal	
FRA::SAMEA115874236	SAMEA115874236	SAMEA115874236		ERR13476645	FRA	France	2024	2024-01-01	2024-12-31	2024			year	False	PRJEB42353	ena_study_accession	targeted_belgium_france_public_inventory	focal_model_observation	focal_genome_observation	True	public_raw_reads_pending_uniform_qc	True	False	True			ptxP3/fim3-2	pending_new_phylogeny	Branch_IIb	ptxP3/fim3-2		ptxP3	fim3-2	23S_rRNA_1	False	1	2026-07-24	complete_67_of_67							Europe	ena_fastq_download	2024.0	ptxP3/fim3-2	2024	358771ff71b61aec511559fb8b000d39a4dc1155b9f95e797a644629fdf085bc	modern_country_time_project_lineage_cap8	focal	
CHN::SAMN50151991	SAMN50151991	SAMN50151991	GCA_053473745		CHN	China	2021	2021-01-01	2021-12-31	2021			year	False	PRJNA1295129	assembly_metadata	current_2406_archive	focal_model_observation	focal_genome_observation	True	archive_analysis_genome	True	False	True				provisional_marker_or_published_annotation							False	1	2026-07-24	Legacy PRN endpoints ignored; record retained only for genome/date/project/marker metadata.						ok	Asia	local_fasta	2021.0	UNKNOWN_LINEAGE	2021	358df47245d5b27f1a6fe68aa250543d8b183880f8e3a9fb49d27266627f8661	modern_country_time_project_lineage_cap8	focal	
AUS::SAMN45810565		SAMN45810565		SRR31743822	AUS	Australia	2024-07	2024-07-01	2024-07-31	2024	7	3	month	True	PRJNA1199062	ena_study_accession	australia_fong_2026_direct_specimens	focal_model_observation	focal_genome_observation	True		True													False	1	2026-07-24								Oceania	ena_fastq_download	2024.0	ptxP3/fim3-2	2024-07	35af391a240c25441926289406179be0ba11fc0e2e0cacd8f51a0084a4985093	modern_country_time_project_lineage_cap8	focal	
AUS::SAMN45810630		SAMN45810630		SRR31743972	AUS	Australia	2024-10	2024-10-01	2024-10-31	2024	10	4	month	True	PRJNA1199062	ena_study_accession	australia_fong_2026_direct_specimens	focal_model_observation	focal_genome_observation	True		True													False	1	2026-07-24								Oceania	ena_fastq_download	2024.0	ptxP3/fim3-2	2024-10	360e84206cb7e728cee5fe36f80a3ba093c09d8b2370db85537e776a10617957	modern_country_time_project_lineage_cap8	focal	
CHN::SAMN44584082	SAMN44584082	SAMN44584082	GCA_050973045		CHN	China	2024-05-16	2024-05-16	2024-05-16	2024	5	2	day	True	PRJNA1182239	assembly_metadata	current_2406_archive	focal_model_observation	focal_genome_observation	True	archive_analysis_genome	True	False	True				provisional_marker_or_published_annotation							False	1	2026-07-24	Legacy PRN endpoints ignored; record retained only for genome/date/project/marker metadata.						ok	Asia	local_fasta	2024.0	UNKNOWN_LINEAGE	2024-05	36625fd4298568eaae4a5bc1dfdec25efff2b4f391f44137a887595fd5726f3c	modern_country_time_project_lineage_cap8	focal	
AUS::SAMN45810602		SAMN45810602		SRR31744003	AUS	Australia	2024-09	2024-09-01	2024-09-30	2024	9	3	month	True	PRJNA1199062	ena_study_accession	australia_fong_2026_direct_specimens	focal_model_observation	focal_genome_observation	True		True													False	1	2026-07-24								Oceania	ena_fastq_download	2024.0	ptxP3/fim3-2	2024-09	36e4b118dbc5e1fbfe0545bf357e737051075ac41941480b6cf60f83ff2e9547	modern_country_time_project_lineage_cap8	focal	
JPN::SAMD00892042	SAMD00892042	SAMD00892042	GCA_054656255	DRR902027	JPN	Japan	2025-01-25	2025-01-25	2025-01-25	2025	1	1	day	True	PRJDB20413	ena_study_accession	japan_targeted_ena_projects;current_2406_archive	focal_model_observation	focal_genome_observation	True	public_raw_reads_pending_uniform_qc	True	False	True				pending_new_phylogeny							False	2	2026-07-24	Targeted Japanese historical or recent public project. | Legacy PRN endpoints ignored; record retained only for genome/date/project/marker metadata.						ok	Asia	local_fasta	2025.0	UNKNOWN_LINEAGE	2025-01	3714b586615e2f14c12117decbd4722684934ff1692281d74067090edf1ba101	modern_country_time_project_lineage_cap8	focal	
AUS::SAMN45810596		SAMN45810596		SRR31743820	AUS	Australia	2024-08	2024-08-01	2024-08-31	2024	8	3	month	True	PRJNA1199062	ena_study_accession	australia_fong_2026_direct_specimens	focal_model_observation	focal_genome_observation	True		True													False	1	2026-07-24								Oceania	ena_fastq_download	2024.0	ptxP3/fim3-2	2024-08	3744357583fc603a26c9fa35bb2d9289fc5f80661481400416504d9249d4f70b	modern_country_time_project_lineage_cap8	focal	
JPN::SAMD01697924	SAMD01697924	SAMD01697924		DRR902064	JPN	Japan	2025-04-14	2025-04-14	2025-04-14	2025	4	2	day	True	PRJDB37898	ena_study_accession	japan_targeted_ena_projects	focal_model_observation	focal_genome_observation	True	public_raw_reads_pending_uniform_qc	True	False	True				pending_new_phylogeny							False	1	2026-07-24	Targeted Japanese historical or recent public project.							Asia	ena_fastq_download	2025.0	UNKNOWN_LINEAGE	2025-04	375cfeac1be9c93c7496ee26931bdf0c3cebf11880dd3cd524c8c7b02338aa54	modern_country_time_project_lineage_cap8	focal	
BEL::SAMEA117989596	SAMEA117989596	SAMEA117989596		ERR14837992	BEL	Belgium	2023-11-27	2023-11-27	2023-11-27	2023	11	4	day	True	PRJEB88325	ena_study_accession	targeted_belgium_france_public_inventory	focal_model_observation	focal_genome_observation	True	public_raw_reads_pending_uniform_qc	True	True	True			Europe sublineage 2	pending_new_phylogeny	Branch_IIb	ptxP3/fim3-1	Europe sublineage 2	ptxP3	fim3-1	23S_rRNA_1	False	1	2026-07-24	project_member_414_of_416_linked_identity_not_in_ENA_fields							Europe	ena_fastq_download	2023.0	Europe sublineage 2	2023-11	376ba4bf49f7347418f7afc2b80b0a13a4bfaa2533cae3861473a66b4cb3acd4	modern_country_time_project_lineage_cap8	focal	
CHN::SAMN42391093	SAMN42391093	SAMN42391093	GCA_047324025	SRR31303481	CHN	China	2021-12-08	2021-12-08	2021-12-08	2021	12	4	day	True	PRJNA1133929	assembly_metadata	current_2406_archive	focal_model_observation	focal_genome_observation	True	archive_analysis_genome	True	False	True			ptxP1/fim3-1	provisional_marker_or_published_annotation	Branch_IIb	ptxP1/fim3-1		ptxP1	fim3-1	MS	False	1	2026-07-24	Legacy PRN endpoints ignored; record retained only for genome/date/project/marker metadata.						ok	Asia	local_fasta	2021.0	ptxP1/fim3-1	2021-12	379716811ee01048f7712ca3a49c24622463e199a19859aba8aac65ca14d2b0b	modern_country_time_project_lineage_cap8	focal	
CHN::SAMN44590265	SAMN44590265	SAMN44590265	GCA_050979805		CHN	China	2024-07-04	2024-07-04	2024-07-04	2024	7	3	day	True	PRJNA1182239	assembly_metadata	current_2406_archive	focal_model_observation	focal_genome_observation	True	archive_analysis_genome	True	False	True				provisional_marker_or_published_annotation							False	1	2026-07-24	Legacy PRN endpoints ignored; record retained only for genome/date/project/marker metadata.						ok	Asia	local_fasta	2024.0	UNKNOWN_LINEAGE	2024-07	37ea5a116f099c96c79cba35ab781d12259a184d7237ab08129f6b3d5beda96c	modern_country_time_project_lineage_cap8	focal	
BEL::SAMEA117989583	SAMEA117989583	SAMEA117989583		ERR14837979	BEL	Belgium	2023-10-17	2023-10-17	2023-10-17	2023	10	4	day	True	PRJEB88325	ena_study_accession	targeted_belgium_france_public_inventory	focal_model_observation	focal_genome_observation	True	public_raw_reads_pending_uniform_qc	True	True	True			Europe sublineage 2	pending_new_phylogeny	Branch_IIb	ptxP3/fim3-1	Europe sublineage 2	ptxP3	fim3-1	23S_rRNA_1	False	1	2026-07-24	project_member_414_of_416_linked_identity_not_in_ENA_fields							Europe	ena_fastq_download	2023.0	Europe sublineage 2	2023-10	38025d1c80f4e144bdb8b0ede544070ba628e64caa4f741c050e390680a9ddc2	modern_country_time_project_lineage_cap8	focal	
CHN::SAMN44590282	SAMN44590282	SAMN44590282	GCA_050979165		CHN	China	2024-07-19	2024-07-19	2024-07-19	2024	7	3	day	True	PRJNA1182239	assembly_metadata	current_2406_archive	focal_model_observation	focal_genome_observation	True	archive_analysis_genome	True	False	True				provisional_marker_or_published_annotation							False	1	2026-07-24	Legacy PRN endpoints ignored; record retained only for genome/date/project/marker metadata.						ok	Asia	local_fasta	2024.0	UNKNOWN_LINEAGE	2024-07	3928fe236e8586c120211cb4d2d1e08e2742bb90ad3337cca1e16d23dc9edbf7	modern_country_time_project_lineage_cap8	focal	
CHN::SAMN44590314	SAMN44590314	SAMN44590314	GCA_050978525		CHN	China	2024-08-30	2024-08-30	2024-08-30	2024	8	3	day	True	PRJNA1182239	assembly_metadata	current_2406_archive	focal_model_observation	focal_genome_observation	True	archive_analysis_genome	True	False	True				provisional_marker_or_published_annotation							False	1	2026-07-24	Legacy PRN endpoints ignored; record retained only for genome/date/project/marker metadata.						ok	Asia	local_fasta	2024.0	UNKNOWN_LINEAGE	2024-08	3987478464427710d7020154895d0d290f0842b90a2094bc63d826f430b57181	modern_country_time_project_lineage_cap8	focal	
AUS::SAMN45810643		SAMN45810643		SRR31743958	AUS	Australia	2024-09	2024-09-01	2024-09-30	2024	9	3	month	True	PRJNA1199062	ena_study_accession	australia_fong_2026_direct_specimens	focal_model_observation	focal_genome_observation	True		True													False	1	2026-07-24								Oceania	ena_fastq_download	2024.0	ptxP3/fim3-2	2024-09	39b868b2a9ca6c0d3a9c5f7052e8e43a05f7a308a7e86ed008bbc8fc4e3d7513	modern_country_time_project_lineage_cap8	focal	
CHN::SAMN42391118	SAMN42391118	SAMN42391118	GCA_047324075	SRR31303461	CHN	China	2022-03-24	2022-03-24	2022-03-24	2022	3	1	day	True	PRJNA1133929	assembly_metadata	current_2406_archive	focal_model_observation	focal_genome_observation	True	archive_analysis_genome	True	False	True			ptxP3/fim3-1	provisional_marker_or_published_annotation	Branch_IIb	ptxP3/fim3-1	MR-MT28-PG1	ptxP3	fim3-1	MS	False	1	2026-07-24	Legacy PRN endpoints ignored; record retained only for genome/date/project/marker metadata.						ok	Asia	local_fasta	2022.0	ptxP3/fim3-1	2022-03	39e37954abdef57557bd79d2824e90fad438aef18e0c8f1ba56ed82597bd6d22	modern_country_time_project_lineage_cap8	focal	
FRA::SAMEA115874238	SAMEA115874238	SAMEA115874238		ERR13476647	FRA	France	2024	2024-01-01	2024-12-31	2024			year	False	PRJEB42353	ena_study_accession	targeted_belgium_france_public_inventory	focal_model_observation	focal_genome_observation	True	public_raw_reads_pending_uniform_qc	True	False	True			MS-MT28	pending_new_phylogeny	Branch_IIb	ptxP3/fim3-1	MS-MT28	ptxP3	fim3-1	23S_rRNA_1	False	1	2026-07-24	complete_67_of_67							Europe	ena_fastq_download	2024.0	MS-MT28	2024	39f5839545b9d6796a928ac6599952e64b9cd4ab753a64637bc3c06db7b523d4	modern_country_time_project_lineage_cap8	focal	
CHN::SAMN44590238	SAMN44590238	SAMN44590238	GCA_050980765		CHN	China	2024-06-13	2024-06-13	2024-06-13	2024	6	2	day	True	PRJNA1182239	assembly_metadata	current_2406_archive	focal_model_observation	focal_genome_observation	True	archive_analysis_genome	True	False	True				provisional_marker_or_published_annotation							False	1	2026-07-24	Legacy PRN endpoints ignored; record retained only for genome/date/project/marker metadata.						ok	Asia	local_fasta	2024.0	UNKNOWN_LINEAGE	2024-06	39f76c03ab3b02c586d66586caaf98902ea2198c46747a70547ed15698aa680d	modern_country_time_project_lineage_cap8	focal	
JPN::SAMD00920279	SAMD00920279	SAMD00920279	RRASM_DRR900585	DRR900585	JPN	Japan	2024	2024-01-01	2024-12-31	2024			year	False	PRJDB34249	ena_study_accession	japan_targeted_ena_projects;current_2406_archive	focal_model_observation	focal_genome_observation	True	public_raw_reads_pending_uniform_qc	True	False	True				pending_new_phylogeny							False	2	2026-07-24	Targeted Japanese historical or recent public project. | Legacy PRN endpoints ignored; record retained only for genome/date/project/marker metadata.						ok	Asia	local_fasta	2024.0	UNKNOWN_LINEAGE	2024	3a674a12a9a6d2ded96062f65ca4c70f5d26ae6e3e4fb5cc2dcdea5998603c18	modern_country_time_project_lineage_cap8	focal	
BEL::SAMEA117989520	SAMEA117989520	SAMEA117989520		ERR14837916	BEL	Belgium	2020-03-23	2020-03-23	2020-03-23	2020	3	1	day	True	PRJEB88325	ena_study_accession	targeted_belgium_france_public_inventory	focal_model_observation	focal_genome_observation	True	public_raw_reads_pending_uniform_qc	True	True	True			ptxP3/fim3-1	pending_new_phylogeny	Branch_IIb	ptxP3/fim3-1		ptxP3	fim3-1	23S_rRNA_1	False	1	2026-07-24	project_member_414_of_416_linked_identity_not_in_ENA_fields							Europe	ena_fastq_download	2020.0	ptxP3/fim3-1	2020-03	3ab8bc6416e47fb1626d838ced9743ff300e003ec54c7773195e67ac50e42d3b	modern_country_time_project_lineage_cap8	focal	
CHN::SAMN43024034	SAMN43024034	SAMN43024034	GCA_042610605		CHN	China	2024-05	2024-05-01	2024-05-31	2024	5	2	month	True	PRJNA1143937	assembly_metadata	current_2406_archive	focal_model_observation	focal_genome_observation	True	archive_analysis_genome	True	False	True				provisional_marker_or_published_annotation							False	1	2026-07-24	Legacy PRN endpoints ignored; record retained only for genome/date/project/marker metadata.						ok	Asia	local_fasta	2024.0	UNKNOWN_LINEAGE	2024-05	3bbe0ee08d8fca186cc0d0ae7790201a680fe4842eb08a068b9dcd620e94a6fb	modern_country_time_project_lineage_cap8	focal	
AUS::SAMN45810591		SAMN45810591		SRR31743890	AUS	Australia	2024-09	2024-09-01	2024-09-30	2024	9	3	month	True	PRJNA1199062	ena_study_accession	australia_fong_2026_direct_specimens	focal_model_observation	focal_genome_observation	True		True													False	1	2026-07-24								Oceania	ena_fastq_download	2024.0	ptxP3/fim3-1	2024-09	3c79acc732c371623d28274f1fece81aa7a3416567b25ec7d2799eb3960c74d7	modern_country_time_project_lineage_cap8	focal	
FRA::SAMEA115874195	SAMEA115874195	SAMEA115874195		ERR13476604	FRA	France	2024	2024-01-01	2024-12-31	2024			year	False	PRJEB42353	ena_study_accession	targeted_belgium_france_public_inventory	focal_model_observation	focal_genome_observation	True	public_raw_reads_pending_uniform_qc	True	False	True			Europe sublineage 1	pending_new_phylogeny	Branch_IIb	ptxP3/fim3-1	Europe sublineage 1	ptxP3	fim3-1	23S_rRNA_1	False	1	2026-07-24	complete_67_of_67							Europe	ena_fastq_download	2024.0	Europe sublineage 1	2024	3cc193247f3118fcd8eee6aab2216720d97a1bdb69cb6f4e0b096be85e6563e9	modern_country_time_project_lineage_cap8	focal	
BEL::SAMEA117989530	SAMEA117989530	SAMEA117989530		ERR14837926	BEL	Belgium	2023-04-21	2023-04-21	2023-04-21	2023	4	2	day	True	PRJEB88325	ena_study_accession	targeted_belgium_france_public_inventory	focal_model_observation	focal_genome_observation	True	public_raw_reads_pending_uniform_qc	True	True	True			Europe sublineage 2	pending_new_phylogeny	Branch_IIb	ptxP3/fim3-1	Europe sublineage 2	ptxP3	fim3-1	23S_rRNA_1	False	1	2026-07-24	project_member_414_of_416_linked_identity_not_in_ENA_fields							Europe	ena_fastq_download	2023.0	Europe sublineage 2	2023-04	3d5ad3b610e0a5b4ea875375116b07b3b026eaeb60bc45d9ff9c14b6533c8579	modern_country_time_project_lineage_cap8	focal	
FRA::SAMEA115874223	SAMEA115874223	SAMEA115874223		ERR13476632	FRA	France	2024	2024-01-01	2024-12-31	2024			year	False	PRJEB42353	ena_study_accession	targeted_belgium_france_public_inventory	focal_model_observation	focal_genome_observation	True	public_raw_reads_pending_uniform_qc	True	False	True			MS-MT28	pending_new_phylogeny	Branch_IIb	ptxP3/fim3-1	MS-MT28	ptxP3	fim3-1	23S_rRNA_1	False	1	2026-07-24	complete_67_of_67							Europe	ena_fastq_download	2024.0	MS-MT28	2024	3d8c438b8d280902a6ac8823821cdc40cad38766b0508a06ee319c66a7a0f232	modern_country_time_project_lineage_cap8	focal	
CHN::SAMN43024015	SAMN43024015	SAMN43024015	GCA_042610985		CHN	China	2024-04-20	2024-04-20	2024-04-20	2024	4	2	day	True	PRJNA1143937	assembly_metadata	current_2406_archive	focal_model_observation	focal_genome_observation	True	archive_analysis_genome	True	False	True			ptxP3/fim3-1	provisional_marker_or_published_annotation	Branch_IIb	ptxP3/fim3-1	MR-MT28-PG2	ptxP3	fim3-1	MR_A2047G	False	1	2026-07-24	Legacy PRN endpoints ignored; record retained only for genome/date/project/marker metadata.						ok	Asia	local_fasta	2024.0	ptxP3/fim3-1	2024-04	3de3568ae7b6cccf1830630c7419a16f58b67437f68c8d91a0be5e122f3dce98	modern_country_time_project_lineage_cap8	focal	
CHN::SAMN42391129	SAMN42391129	SAMN42391129	GCA_047323475	SRR31303449	CHN	China	2022-05-28	2022-05-28	2022-05-28	2022	5	2	day	True	PRJNA1133929	assembly_metadata	current_2406_archive	focal_model_observation	focal_genome_observation	True	archive_analysis_genome	True	False	True			ptxP3/fim3-1	provisional_marker_or_published_annotation	Branch_IIb	ptxP3/fim3-1	MR-MT28-PG1	ptxP3	fim3-1	MS	False	1	2026-07-24	Legacy PRN endpoints ignored; record retained only for genome/date/project/marker metadata.						ok	Asia	local_fasta	2022.0	ptxP3/fim3-1	2022-05	3e6273b26708f8b08dc759f22fb8c0e9ad61167434c29970bcd44404cfb1eb18	modern_country_time_project_lineage_cap8	focal	
BEL::SAMEA117989572	SAMEA117989572	SAMEA117989572		ERR14837968	BEL	Belgium	2023-09-19	2023-09-19	2023-09-19	2023	9	3	day	True	PRJEB88325	ena_study_accession	targeted_belgium_france_public_inventory	focal_model_observation	focal_genome_observation	True	public_raw_reads_pending_uniform_qc	True	True	True			Europe sublineage 2	pending_new_phylogeny	Branch_IIb	ptxP3/fim3-1	Europe sublineage 2	ptxP3	fim3-1	23S_rRNA_1	False	1	2026-07-24	project_member_414_of_416_linked_identity_not_in_ENA_fields							Europe	ena_fastq_download	2023.0	Europe sublineage 2	2023-09	3e7e25baab92010e5c37c61b85a4ff3684dba5a0fd64c5502f6c8b16953ac566	modern_country_time_project_lineage_cap8	focal	
BEL::SAMEA117989543	SAMEA117989543	SAMEA117989543		ERR14837939	BEL	Belgium	2023-06-09	2023-06-09	2023-06-09	2023	6	2	day	True	PRJEB88325	ena_study_accession	targeted_belgium_france_public_inventory	focal_model_observation	focal_genome_observation	True	public_raw_reads_pending_uniform_qc	True	True	True			Europe sublineage 2	pending_new_phylogeny	Branch_IIb	ptxP3/fim3-1	Europe sublineage 2	ptxP3	fim3-1	23S_rRNA_1	False	1	2026-07-24	project_member_414_of_416_linked_identity_not_in_ENA_fields							Europe	ena_fastq_download	2023.0	Europe sublineage 2	2023-06	3e99dac0c507d509f34ff314c2110fcf9c0ea047020cf5be03a2a73ae9329da3	modern_country_time_project_lineage_cap8	focal	
BEL::SAMEA117989518	SAMEA117989518	SAMEA117989518		ERR14837914	BEL	Belgium	2020-03-16	2020-03-16	2020-03-16	2020	3	1	day	True	PRJEB88325	ena_study_accession	targeted_belgium_france_public_inventory	focal_model_observation	focal_genome_observation	True	public_raw_reads_pending_uniform_qc	True	True	True			ptxP3/fim3-2	pending_new_phylogeny	Branch_IIb	ptxP3/fim3-2		ptxP3	fim3-2	23S_rRNA_1	False	1	2026-07-24	project_member_414_of_416_linked_identity_not_in_ENA_fields							Europe	ena_fastq_download	2020.0	ptxP3/fim3-2	2020-03	3f6bdba5a1fadb122ae77254e653f0c9e1c2bc00508576202ccc31027a0b211d	modern_country_time_project_lineage_cap8	focal	
AUS::SAMN45810593		SAMN45810593		SRR31743888	AUS	Australia	2024-09	2024-09-01	2024-09-30	2024	9	3	month	True	PRJNA1199062	ena_study_accession	australia_fong_2026_direct_specimens	focal_model_observation	focal_genome_observation	True		True													False	1	2026-07-24								Oceania	ena_fastq_download	2024.0	ptxP3/fim3-1	2024-09	409bacb127cf24c853abd5a7514a987c9034526a8f99c921a24a5856155be08e	modern_country_time_project_lineage_cap8	focal	
AUS::SAMN45810553		SAMN45810553		SRR31743835	AUS	Australia	2024-07	2024-07-01	2024-07-31	2024	7	3	month	True	PRJNA1199062	ena_study_accession	australia_fong_2026_direct_specimens	focal_model_observation	focal_genome_observation	True		False													False	1	2026-07-24								Oceania	ena_fastq_download	2024.0	ptxP(~1)/fim3-4	2024-07	40c97ebeb8325fcc708c2a2afc1c7a45b6dea6584faa6b9d39e39d1a3a3bb091	modern_country_time_project_lineage_cap8	focal	
CHN::SAMN32034055	SRS15975444	SAMN32034055	RRASM_SRR22540959	SRR22540959	CHN	China		2022-01-01	2022-12-31	2022			year	False	PRJNA908268	study_accession	current_2406_archive	focal_model_observation	focal_genome_observation	True	archive_analysis_genome	True	False	True				provisional_marker_or_published_annotation							False	1	2026-07-24	Legacy PRN endpoints ignored; record retained only for genome/date/project/marker metadata.						ok	Asia	local_fasta	2022.0	UNKNOWN_LINEAGE	2022	4125eb8d865d74f897de1dd86d83bb46ed652dc019b607b14c52eb418c770959	modern_country_time_project_lineage_cap8	focal	
FRA::SAMEA115874245	SAMEA115874245	SAMEA115874245		ERR13476654	FRA	France	2024	2024-01-01	2024-12-31	2024			year	False	PRJEB42353	ena_study_accession	targeted_belgium_france_public_inventory	focal_model_observation	focal_genome_observation	True	public_raw_reads_pending_uniform_qc	True	False	True			Europe sublineage 1	pending_new_phylogeny	Branch_IIb	ptxP3/fim3-1	Europe sublineage 1	ptxP3	fim3-1	23S_rRNA_1	False	1	2026-07-24	complete_67_of_67							Europe	ena_fastq_download	2024.0	Europe sublineage 1	2024	41ccea2f67e85ab708fa60966cf876ff4d2fb75465a9458509543af935035e81	modern_country_time_project_lineage_cap8	focal	
JPN::SAMD00892039	SAMD00892039	SAMD00892039	GCA_054656375	DRR902024	JPN	Japan	2025-01-24	2025-01-24	2025-01-24	2025	1	1	day	True	PRJDB20413	ena_study_accession	japan_targeted_ena_projects;current_2406_archive	focal_model_observation	focal_genome_observation	True	public_raw_reads_pending_uniform_qc	True	False	True				pending_new_phylogeny							False	2	2026-07-24	Targeted Japanese historical or recent public project. | Legacy PRN endpoints ignored; record retained only for genome/date/project/marker metadata.						ok	Asia	local_fasta	2025.0	UNKNOWN_LINEAGE	2025-01	422a897d208e5844e6d6999c178c92b46ffd8f17019249c64885d9aa521e0bd0	modern_country_time_project_lineage_cap8	focal	
CHN::SAMN44590275	SAMN44590275	SAMN44590275	GCA_050979385		CHN	China	2024-07-04	2024-07-04	2024-07-04	2024	7	3	day	True	PRJNA1182239	assembly_metadata	current_2406_archive	focal_model_observation	focal_genome_observation	True	archive_analysis_genome	True	False	True				provisional_marker_or_published_annotation							False	1	2026-07-24	Legacy PRN endpoints ignored; record retained only for genome/date/project/marker metadata.						ok	Asia	local_fasta	2024.0	UNKNOWN_LINEAGE	2024-07	423f58d4213a59bf35050bf40b891a968a344274b7de8ec655f19ddd0aac2c65	modern_country_time_project_lineage_cap8	focal	
CHN::SAMN44583814	SAMN44583814	SAMN44583814	GCA_050978505		CHN	China	2023-02-04	2023-02-04	2023-02-04	2023	2	1	day	True	PRJNA1182239	assembly_metadata	current_2406_archive	focal_model_observation	focal_genome_observation	True	archive_analysis_genome	True	False	True				provisional_marker_or_published_annotation							False	1	2026-07-24	Legacy PRN endpoints ignored; record retained only for genome/date/project/marker metadata.						ok	Asia	local_fasta	2023.0	UNKNOWN_LINEAGE	2023-02	42e5cdeaa32ec40f80de8aca045dd8048699f69e30a501fa8535b7e4823ad05a	modern_country_time_project_lineage_cap8	focal	
BEL::SAMEA117989514	SAMEA117989514	SAMEA117989514		ERR14837910	BEL	Belgium	2020-02-21	2020-02-21	2020-02-21	2020	2	1	day	True	PRJEB88325	ena_study_accession	targeted_belgium_france_public_inventory	focal_model_observation	focal_genome_observation	True	public_raw_reads_pending_uniform_qc	True	True	True			ptxP3/fim3-2	pending_new_phylogeny	Branch_IIb	ptxP3/fim3-2		ptxP3	fim3-2	23S_rRNA_1	False	1	2026-07-24	project_member_414_of_416_linked_identity_not_in_ENA_fields							Europe	ena_fastq_download	2020.0	ptxP3/fim3-2	2020-02	42fec6503cda77cad7060c1ccf62c031b34b3184a3413f68eef186d1c34fb0c5	modern_country_time_project_lineage_cap8	focal	
AUS::SAMN45810513		SAMN45810513		SRR31743973	AUS	Australia	2024-01	2024-01-01	2024-01-31	2024	1	1	month	True	PRJNA1199062	ena_study_accession	australia_fong_2026_direct_specimens	focal_model_observation	focal_genome_observation	True		True													False	1	2026-07-24								Oceania	ena_fastq_download	2024.0	ptxP3/fim3-1	2024-01	431f778a4926dadeaf3218b58c36463a0f4ca87e8b3ff00eec9a91cacb4b7a4d	modern_country_time_project_lineage_cap8	focal	
CHN::SAMN42391094	SAMN42391094	SAMN42391094	GCA_047324005	SRR31303484	CHN	China	2022-08-09	2022-08-09	2022-08-09	2022	8	3	day	True	PRJNA1133929	assembly_metadata	current_2406_archive	focal_model_observation	focal_genome_observation	True	archive_analysis_genome	True	False	True			ptxP1/fim3-1	provisional_marker_or_published_annotation	Branch_IIb	ptxP1/fim3-1		ptxP1	fim3-1	MS	False	1	2026-07-24	Legacy PRN endpoints ignored; record retained only for genome/date/project/marker metadata.						ok	Asia	local_fasta	2022.0	ptxP1/fim3-1	2022-08	43e47f314ef5ebb73e366daf5ba9a3e14a59e09a0bf3f35ec650da554b24bd0c	modern_country_time_project_lineage_cap8	focal	
JPN::SAMD00885980	SAMD00885980	SAMD00885980	GCA_054658095	DRR900762	JPN	Japan	2024-12-09	2024-12-09	2024-12-09	2024	12	4	day	True	PRJDB20292	ena_study_accession	japan_targeted_ena_projects;current_2406_archive	focal_model_observation	focal_genome_observation	True	public_raw_reads_pending_uniform_qc	True	False	True				pending_new_phylogeny							False	2	2026-07-24	Targeted Japanese historical or recent public project. | Legacy PRN endpoints ignored; record retained only for genome/date/project/marker metadata.						ok	Asia	local_fasta	2024.0	UNKNOWN_LINEAGE	2024-12	43f47c6ba5d0d9cdd4b2dd928317df10f9f09824447f1a8f35bd10e1b44655d5	modern_country_time_project_lineage_cap8	focal	
CHN::SAMN42391123	SAMN42391123	SAMN42391123	GCA_047323535	SRR31303456	CHN	China	2022-04-21	2022-04-21	2022-04-21	2022	4	2	day	True	PRJNA1133929	assembly_metadata	current_2406_archive	focal_model_observation	focal_genome_observation	True	archive_analysis_genome	True	False	True			ptxP1/fim3-1	provisional_marker_or_published_annotation	Branch_IIb	ptxP1/fim3-1		ptxP1	fim3-1	MS	False	1	2026-07-24	Legacy PRN endpoints ignored; record retained only for genome/date/project/marker metadata.		4132548	67.5	1	4132548	ok	Asia	local_fasta	2022.0	ptxP1/fim3-1	2022-04	44391cdef4285853fbd8cd12c1138eb47385ec4d3cdab5ebd5dabce1db6a393d	modern_country_time_project_lineage_cap8	focal	
CHN::SAMN42391101	SAMN42391101	SAMN42391101	GCA_047323935	SRR31303469	CHN	China	2022-02-24	2022-02-24	2022-02-24	2022	2	1	day	True	PRJNA1133929	assembly_metadata	current_2406_archive	focal_model_observation	focal_genome_observation	True	archive_analysis_genome	True	False	True			ptxP1/fim3-1	provisional_marker_or_published_annotation	Branch_IIb	ptxP1/fim3-1		ptxP1	fim3-1	MS	False	1	2026-07-24	Legacy PRN endpoints ignored; record retained only for genome/date/project/marker metadata.						ok	Asia	local_fasta	2022.0	ptxP1/fim3-1	2022-02	449d57e78a593e04d34b05b8fdb110818d3e473dbbbb7cce48ba91b7e59a9863	modern_country_time_project_lineage_cap8	focal	
AUS::SAMN45810535		SAMN45810535		SRR31743920	AUS	Australia	2023-10	2023-10-01	2023-10-31	2023	10	4	month	True	PRJNA1199062	ena_study_accession	australia_fong_2026_direct_specimens	focal_model_observation	focal_genome_observation	True		False													False	1	2026-07-24								Oceania	ena_fastq_download	2023.0	ptxP34/fim3-27	2023-10	45835d2c70dbfe6f077f3aac63316dc9ce16d9732d590045fdf2def068bf6bae	modern_country_time_project_lineage_cap8	focal	
BEL::SAMEA117989549	SAMEA117989549	SAMEA117989549		ERR14837945	BEL	Belgium	2023-07-24	2023-07-24	2023-07-24	2023	7	3	day	True	PRJEB88325	ena_study_accession	targeted_belgium_france_public_inventory	focal_model_observation	focal_genome_observation	True	public_raw_reads_pending_uniform_qc	True	True	True			Europe sublineage 1	pending_new_phylogeny	Branch_IIb	ptxP3/fim3-1	Europe sublineage 1	ptxP3	fim3-1	23S_rRNA_1	False	1	2026-07-24	project_member_414_of_416_linked_identity_not_in_ENA_fields							Europe	ena_fastq_download	2023.0	Europe sublineage 1	2023-07	4631bf645f7a92602c4cbeb541e65f5952f060a2c2e5603ede017b79452f796e	modern_country_time_project_lineage_cap8	focal	
FRA::SAMEA115874240	SAMEA115874240	SAMEA115874240		ERR13476649	FRA	France	2024	2024-01-01	2024-12-31	2024			year	False	PRJEB42353	ena_study_accession	targeted_belgium_france_public_inventory	focal_model_observation	focal_genome_observation	True	public_raw_reads_pending_uniform_qc	True	False	True			ptxP3/fim3-1	pending_new_phylogeny	Branch_IIb	ptxP3/fim3-1		ptxP3	fim3-1	23S_rRNA_1	False	1	2026-07-24	complete_67_of_67							Europe	ena_fastq_download	2024.0	ptxP3/fim3-1	2024	46777033d41a084a17611c68a78ec41204ca213b8ad0a75f29b46027139db80e	modern_country_time_project_lineage_cap8	focal	
BEL::SAMEA117989561	SAMEA117989561	SAMEA117989561		ERR14837957	BEL	Belgium	2023-08-28	2023-08-28	2023-08-28	2023	8	3	day	True	PRJEB88325	ena_study_accession	targeted_belgium_france_public_inventory	focal_model_observation	focal_genome_observation	True	public_raw_reads_pending_uniform_qc	True	True	True			Europe sublineage 2	pending_new_phylogeny	Branch_IIb	ptxP3/fim3-1	Europe sublineage 2	ptxP3	fim3-1	23S_rRNA_1	False	1	2026-07-24	project_member_414_of_416_linked_identity_not_in_ENA_fields							Europe	ena_fastq_download	2023.0	Europe sublineage 2	2023-08	467f8fb0272f437468994b784905196b351609c84ef65e0ccbdac2812f0e0642	modern_country_time_project_lineage_cap8	focal	
CHN::SAMN42391109	SAMN42391109	SAMN42391109	GCA_047323745	SRR31303440	CHN	China	2021-10-03	2021-10-03	2021-10-03	2021	10	4	day	True	PRJNA1133929	assembly_metadata	current_2406_archive	focal_model_observation	focal_genome_observation	True	archive_analysis_genome	True	False	True			ptxP3/fim3-1	provisional_marker_or_published_annotation	Branch_IIb	ptxP3/fim3-1		ptxP3	fim3-1	MS	False	1	2026-07-24	Legacy PRN endpoints ignored; record retained only for genome/date/project/marker metadata.						ok	Asia	local_fasta	2021.0	ptxP3/fim3-1	2021-10	469278733c411093870ef6c1da30377807c9245fee2a1b5da8a6ea43cd1ec563	modern_country_time_project_lineage_cap8	focal	
AUS::SAMN45811371		SAMN45811371		SRR31743884	AUS	Australia	2024-06	2024-06-01	2024-06-30	2024	6	2	month	True	PRJNA1199062	ena_study_accession	australia_fong_2026_direct_specimens	focal_model_observation	focal_genome_observation	True		True													False	1	2026-07-24								Oceania	ena_fastq_download	2024.0	ptxP1/fim3-26	2024-06	4728488e468ce30789576c6673e5d2474c52ab058426d06e4ee7510a96b3a730	modern_country_time_project_lineage_cap8	focal	
CHN::SAMN44590294	SAMN44590294	SAMN44590294	GCA_050978925		CHN	China	2024-08-01	2024-08-01	2024-08-01	2024	8	3	day	True	PRJNA1182239	assembly_metadata	current_2406_archive	focal_model_observation	focal_genome_observation	True	archive_analysis_genome	True	False	True				provisional_marker_or_published_annotation							False	1	2026-07-24	Legacy PRN endpoints ignored; record retained only for genome/date/project/marker metadata.						ok	Asia	local_fasta	2024.0	UNKNOWN_LINEAGE	2024-08	47a5ded0d29d0ea1b8f2453e353892036477ddbe738bc32c848634a7f1f84326	modern_country_time_project_lineage_cap8	focal	
CHN::SAMN44590312	SAMN44590312	SAMN44590312	GCA_050978565		CHN	China	2024-08-27	2024-08-27	2024-08-27	2024	8	3	day	True	PRJNA1182239	assembly_metadata	current_2406_archive	focal_model_observation	focal_genome_observation	True	archive_analysis_genome	True	False	True				provisional_marker_or_published_annotation							False	1	2026-07-24	Legacy PRN endpoints ignored; record retained only for genome/date/project/marker metadata.						ok	Asia	local_fasta	2024.0	UNKNOWN_LINEAGE	2024-08	4904c88939e016697b2262f487f86babc6aff10dd454d1be927445a74ef64bd3	modern_country_time_project_lineage_cap8	focal	
FRA::SAMEA115874229	SAMEA115874229	SAMEA115874229		ERR13476638	FRA	France	2024	2024-01-01	2024-12-31	2024			year	False	PRJEB42353	ena_study_accession	targeted_belgium_france_public_inventory	focal_model_observation	focal_genome_observation	True	public_raw_reads_pending_uniform_qc	True	False	True			ptxP3/fim3-1	pending_new_phylogeny	Branch_IIb	ptxP3/fim3-1		ptxP3	fim3-1	23S_rRNA_1	False	1	2026-07-24	complete_67_of_67							Europe	ena_fastq_download	2024.0	ptxP3/fim3-1	2024	498ab2be60b5c1ab0ae3c1c03f71adc7999df58e5bb0d3b706bf986886498d18	modern_country_time_project_lineage_cap8	focal	
AUS::SAMN45810534		SAMN45810534		SRR31743921	AUS	Australia	2023-10	2023-10-01	2023-10-31	2023	10	4	month	True	PRJNA1199062	ena_study_accession	australia_fong_2026_direct_specimens	focal_model_observation	focal_genome_observation	True		True													False	1	2026-07-24								Oceania	ena_fastq_download	2023.0	ptxP3/fim3-1	2023-10	49aa87958d765d9023f5b3e3492a1c231d82dd1d60e7fa9d07d8f01540015a5a	modern_country_time_project_lineage_cap8	focal	
BEL::SAMEA117989538	SAMEA117989538	SAMEA117989538		ERR14837934	BEL	Belgium	2023-06-07	2023-06-07	2023-06-07	2023	6	2	day	True	PRJEB88325	ena_study_accession	targeted_belgium_france_public_inventory	focal_model_observation	focal_genome_observation	True	public_raw_reads_pending_uniform_qc	True	True	True			Europe sublineage 2	pending_new_phylogeny	Branch_IIb	ptxP3/fim3-1	Europe sublineage 2	ptxP3	fim3-1	23S_rRNA_1	False	1	2026-07-24	project_member_414_of_416_linked_identity_not_in_ENA_fields							Europe	ena_fastq_download	2023.0	Europe sublineage 2	2023-06	49f1c393dfc30f681170c66f4cfa28da3209aae21acc047250e80d38ac8dca42	modern_country_time_project_lineage_cap8	focal	
AUS::SAMN45810502		SAMN45810502		SRR31743937	AUS	Australia	2024-04	2024-04-01	2024-04-30	2024	4	2	month	True	PRJNA1199062	ena_study_accession	australia_fong_2026_direct_specimens	focal_model_observation	focal_genome_observation	True		True													False	1	2026-07-24								Oceania	ena_fastq_download	2024.0	ptxP3/fim3-1	2024-04	4a2e2917c7a0c5a9f73bd35d5f75a459cf786a14f7884f846a912fd8fc847da7	modern_country_time_project_lineage_cap8	focal	
AUS::SAMN45811368		SAMN45811368		SRR31743881	AUS	Australia	2024-06	2024-06-01	2024-06-30	2024	6	2	month	True	PRJNA1199062	ena_study_accession	australia_fong_2026_direct_specimens	focal_model_observation	focal_genome_observation	True		True													False	1	2026-07-24								Oceania	ena_fastq_download	2024.0	ptxP3/fim3-1	2024-06	4a723940cde3013c728b4cc9039d925ebb5ef0be9392a73f416e7a1e6c7daba3	modern_country_time_project_lineage_cap8	focal	
AUS::SAMN45810500		SAMN45810500		SRR31744008	AUS	Australia	2024-01	2024-01-01	2024-01-31	2024	1	1	month	True	PRJNA1199062	ena_study_accession	australia_fong_2026_direct_specimens	focal_model_observation	focal_genome_observation	True		True													False	1	2026-07-24								Oceania	ena_fastq_download	2024.0	ptxP3/fim3-1	2024-01	4ab5fb68530972971d0dfbf2ea0d2a50e600385a837749fe0fb5a0e75d3938e7	modern_country_time_project_lineage_cap8	focal	
BEL::SAMEA117989608	SAMEA117989608	SAMEA117989608		ERR14838004	BEL	Belgium	2023-12-19	2023-12-19	2023-12-19	2023	12	4	day	True	PRJEB88325	ena_study_accession	targeted_belgium_france_public_inventory	focal_model_observation	focal_genome_observation	True	public_raw_reads_pending_uniform_qc	True	True	True			ptxP3/fim3-2	pending_new_phylogeny	Branch_IIb	ptxP3/fim3-2		ptxP3	fim3-2	23S_rRNA_1	False	1	2026-07-24	project_member_414_of_416_linked_identity_not_in_ENA_fields							Europe	ena_fastq_download	2023.0	ptxP3/fim3-2	2023-12	4ab6095e4915f2677a30c40c09245d4cfe014558440063ef077b7a5c4f825cb4	modern_country_time_project_lineage_cap8	focal	
CHN::SAMN42391137	SAMN42391137	SAMN42391137	GCA_047323395	SRR31303441	CHN	China	2023-08-27	2023-08-27	2023-08-27	2023	8	3	day	True	PRJNA1133929	assembly_metadata	current_2406_archive	focal_model_observation	focal_genome_observation	True	archive_analysis_genome	True	False	True			ptxP3/fim3-1	provisional_marker_or_published_annotation	Branch_IIb	ptxP3/fim3-1	MR-MT28-PG2	ptxP3	fim3-1	MS	False	1	2026-07-24	Legacy PRN endpoints ignored; record retained only for genome/date/project/marker metadata.						ok	Asia	local_fasta	2023.0	ptxP3/fim3-1	2023-08	4b25f92be1d67683639734ac099a429c1acd7c6b98f3e64a075e3d7697b7d2c1	modern_country_time_project_lineage_cap8	focal	
CHN::SAMN50152049	SAMN50152049	SAMN50152049	GCA_053472595		CHN	China	2023	2023-01-01	2023-12-31	2023			year	False	PRJNA1295129	assembly_metadata	current_2406_archive	focal_model_observation	focal_genome_observation	True	archive_analysis_genome	True	False	True				provisional_marker_or_published_annotation							False	1	2026-07-24	Legacy PRN endpoints ignored; record retained only for genome/date/project/marker metadata.						ok	Asia	local_fasta	2023.0	UNKNOWN_LINEAGE	2023	4b5b478f3937b75e99e4feb8fa54bb640546596af4af726b6e4641989dfe7edf	modern_country_time_project_lineage_cap8	focal	
BEL::SAMEA117989599	SAMEA117989599	SAMEA117989599		ERR14837995	BEL	Belgium	2023-12-05	2023-12-05	2023-12-05	2023	12	4	day	True	PRJEB88325	ena_study_accession	targeted_belgium_france_public_inventory	focal_model_observation	focal_genome_observation	True	public_raw_reads_pending_uniform_qc	True	True	True			others	pending_new_phylogeny	Branch_IIb	others		ptxP1	fim3-26	23S_rRNA_1	False	1	2026-07-24	project_member_414_of_416_linked_identity_not_in_ENA_fields							Europe	ena_fastq_download	2023.0	others	2023-12	4b6f96f56b4ff8b21336ad4537ce0827cc20f362f8c8272700e6e072286087a2	modern_country_time_project_lineage_cap8	focal	
CHN::SAMN42391096	SAMN42391096	SAMN42391096	GCA_047323985	SRR31303475	CHN	China	2021-12-20	2021-12-20	2021-12-20	2021	12	4	day	True	PRJNA1133929	assembly_metadata	current_2406_archive	focal_model_observation	focal_genome_observation	True	archive_analysis_genome	True	False	True			ptxP1/fim3-1	provisional_marker_or_published_annotation	Branch_IIb	ptxP1/fim3-1		ptxP1	fim3-1	MS	False	1	2026-07-24	Legacy PRN endpoints ignored; record retained only for genome/date/project/marker metadata.						ok	Asia	local_fasta	2021.0	ptxP1/fim3-1	2021-12	4bb3ed71710023d2d40546645fba48df4045c690e40500b174ce02944eeb22c1	modern_country_time_project_lineage_cap8	focal	
AUS::SAMN45810560		SAMN45810560		SRR31743827	AUS	Australia	2024-07	2024-07-01	2024-07-31	2024	7	3	month	True	PRJNA1199062	ena_study_accession	australia_fong_2026_direct_specimens	focal_model_observation	focal_genome_observation	True		True													False	1	2026-07-24								Oceania	ena_fastq_download	2024.0	ptxP3/fim3-2	2024-07	4bd29a93e3c062ec4fcd22ba3e8935359ec55d9d96311ba62209a97b6e3d66cd	modern_country_time_project_lineage_cap8	focal	
BEL::SAMEA117989525	SAMEA117989525	SAMEA117989525		ERR14837921	BEL	Belgium	2022-08-01	2022-08-01	2022-08-01	2022	8	3	day	True	PRJEB88325	ena_study_accession	targeted_belgium_france_public_inventory	focal_model_observation	focal_genome_observation	True	public_raw_reads_pending_uniform_qc	True	True	True			Europe sublineage 2	pending_new_phylogeny	Branch_IIb	ptxP3/fim3-1	Europe sublineage 2	ptxP3	fim3-1	23S_rRNA_1	False	1	2026-07-24	project_member_414_of_416_linked_identity_not_in_ENA_fields							Europe	ena_fastq_download	2022.0	Europe sublineage 2	2022-08	4ca4e37a25259adea98909d60188c3ae7e80fdb89d89c9cc5065965e635ca616	modern_country_time_project_lineage_cap8	focal	
BEL::SAMEA117989559	SAMEA117989559	SAMEA117989559		ERR14837955	BEL	Belgium	2023-08-22	2023-08-22	2023-08-22	2023	8	3	day	True	PRJEB88325	ena_study_accession	targeted_belgium_france_public_inventory	focal_model_observation	focal_genome_observation	True	public_raw_reads_pending_uniform_qc	True	True	True			Europe sublineage 2	pending_new_phylogeny	Branch_IIb	ptxP3/fim3-1	Europe sublineage 2	ptxP3	fim3-1	23S_rRNA_1	False	1	2026-07-24	project_member_414_of_416_linked_identity_not_in_ENA_fields							Europe	ena_fastq_download	2023.0	Europe sublineage 2	2023-08	4d10f4672a3238ff4c68c77bc3ff80b6a98b4dcef02f0f832cce38c03a4914dd	modern_country_time_project_lineage_cap8	focal	
AUS::SAMN45810624		SAMN45810624		SRR31743979	AUS	Australia	2024-10	2024-10-01	2024-10-31	2024	10	4	month	True	PRJNA1199062	ena_study_accession	australia_fong_2026_direct_specimens	focal_model_observation	focal_genome_observation	True		True													False	1	2026-07-24								Oceania	ena_fastq_download	2024.0	ptxP3/fim3-2	2024-10	4d6171581070cc3583d3c76c2423f6c758bdcfeb683e70254bb233efb01cd1ce	modern_country_time_project_lineage_cap8	focal	
AUS::SAMN45810621		SAMN45810621		SRR31743982	AUS	Australia	2024-10	2024-10-01	2024-10-31	2024	10	4	month	True	PRJNA1199062	ena_study_accession	australia_fong_2026_direct_specimens	focal_model_observation	focal_genome_observation	True		True													False	1	2026-07-24								Oceania	ena_fastq_download	2024.0	ptxP3/fim3-2	2024-10	4ea48add7ab8e0e528d93445500023f9b7a0ea6a9e2d9f8ce21447c9fa94653f	modern_country_time_project_lineage_cap8	focal	
CHN::SAMN44583830	SAMN44583830	SAMN44583830	GCA_050978175		CHN	China	2023-11-14	2023-11-14	2023-11-14	2023	11	4	day	True	PRJNA1182239	assembly_metadata	current_2406_archive	focal_model_observation	focal_genome_observation	True	archive_analysis_genome	True	False	True				provisional_marker_or_published_annotation							False	1	2026-07-24	Legacy PRN endpoints ignored; record retained only for genome/date/project/marker metadata.						ok	Asia	local_fasta	2023.0	UNKNOWN_LINEAGE	2023-11	4ee9e75e511d214ae7b6c932bee107ecc4ccead0a1660f5dfc50d6497a62231e	modern_country_time_project_lineage_cap8	focal	
AUS::SAMN45810570		SAMN45810570		SRR31743913	AUS	Australia	2024-06	2024-06-01	2024-06-30	2024	6	2	month	True	PRJNA1199062	ena_study_accession	australia_fong_2026_direct_specimens	focal_model_observation	focal_genome_observation	True		False													False	1	2026-07-24								Oceania	ena_fastq_download	2024.0	ptxP3/fim3-45	2024-06	4fc7059018415a28422326d48e1403f5608d64a81b3e1e1ce3cc191d08a57a3a	modern_country_time_project_lineage_cap8	focal	
CHN::SAMN42391138	SAMN42391138	SAMN42391138	GCA_047323385	SRR31303439	CHN	China	2023-08-30	2023-08-30	2023-08-30	2023	8	3	day	True	PRJNA1133929	assembly_metadata	current_2406_archive	focal_model_observation	focal_genome_observation	True	archive_analysis_genome	True	False	True			ptxP3/fim3-1	provisional_marker_or_published_annotation	Branch_IIb	ptxP3/fim3-1	MR-MT28-PG2	ptxP3	fim3-1	MS	False	1	2026-07-24	Legacy PRN endpoints ignored; record retained only for genome/date/project/marker metadata.		4119841	67.5	1	4119841	ok	Asia	local_fasta	2023.0	ptxP3/fim3-1	2023-08	5081ca50cb8aa03b75776c550960a96c200e26dad43f659bc42bcea21ff87f99	modern_country_time_project_lineage_cap8	focal	
AUS::SAMN45810517		SAMN45810517		SRR31743865	AUS	Australia	2024-06	2024-06-01	2024-06-30	2024	6	2	month	True	PRJNA1199062	ena_study_accession	australia_fong_2026_direct_specimens	focal_model_observation	focal_genome_observation	True		False													False	1	2026-07-24								Oceania	ena_fastq_download	2024.0	ptxP3/fim3-1	2024-06	5142c6264b975d845029decd1c5e5ecda7cfd5b02a218878b401bfb43e4825ef	modern_country_time_project_lineage_cap8	focal	
BEL::SAMEA117989524	SAMEA117989524	SAMEA117989524		ERR14837920	BEL	Belgium	2020-05-20	2020-05-20	2020-05-20	2020	5	2	day	True	PRJEB88325	ena_study_accession	targeted_belgium_france_public_inventory	focal_model_observation	focal_genome_observation	True	public_raw_reads_pending_uniform_qc	True	True	True			ptxP3/fim3-2	pending_new_phylogeny	Branch_IIb	ptxP3/fim3-2		ptxP3	fim3-2	23S_rRNA_1	False	1	2026-07-24	project_member_414_of_416_linked_identity_not_in_ENA_fields							Europe	ena_fastq_download	2020.0	ptxP3/fim3-2	2020-05	514eb7a004b605666667f3a6f94ce52384cd282d077d5058eb3675612623942d	modern_country_time_project_lineage_cap8	focal	
BEL::SAMEA117989612	SAMEA117989612	SAMEA117989612		ERR14838008	BEL	Belgium	2023-12-20	2023-12-20	2023-12-20	2023	12	4	day	True	PRJEB88325	ena_study_accession	targeted_belgium_france_public_inventory	focal_model_observation	focal_genome_observation	True	public_raw_reads_pending_uniform_qc	True	True	True			Europe sublineage 2	pending_new_phylogeny	Branch_IIb	ptxP3/fim3-1	Europe sublineage 2	ptxP3	fim3-1	23S_rRNA_1	False	1	2026-07-24	project_member_414_of_416_linked_identity_not_in_ENA_fields							Europe	ena_fastq_download	2023.0	Europe sublineage 2	2023-12	51a9ec1e4af484b9bbd8054ba0f69ef2c02eda5bdadc706aa2f4cdcdb82b3486	modern_country_time_project_lineage_cap8	focal	
CHN::SAMN45156028	SRS23447267	SAMN45156028	RRASM_SRR31615319	SRR31615319	CHN	China		2023-01-01	2023-12-31	2023			year	False	PRJNA1193776	study_accession	current_2406_archive	focal_model_observation	focal_genome_observation	True	archive_analysis_genome	True	False	True			ptxP3/fim3-1	provisional_marker_or_published_annotation	Branch_IIb	ptxP3/fim3-1	MR-MT28-PG2	ptxP3	fim3-1	MR_A2047G	False	1	2026-07-24	Legacy PRN endpoints ignored; record retained only for genome/date/project/marker metadata.						ok	Asia	local_fasta	2023.0	ptxP3/fim3-1	2023	51edbed50f15d56ee308805802035487f0714e709235a7099aa112ec81d19e47	modern_country_time_project_lineage_cap8	focal	
CHN::SAMN42391141	SAMN42391141	SAMN42391141	GCA_047323355	SRR31303436	CHN	China	2023-10-20	2023-10-20	2023-10-20	2023	10	4	day	True	PRJNA1133929	assembly_metadata	current_2406_archive	focal_model_observation	focal_genome_observation	True	archive_analysis_genome	True	False	True			ptxP3/fim3-1	provisional_marker_or_published_annotation	Branch_IIb	ptxP3/fim3-1	MR-MT28-PG1	ptxP3	fim3-1	MS	False	1	2026-07-24	Legacy PRN endpoints ignored; record retained only for genome/date/project/marker metadata.						ok	Asia	local_fasta	2023.0	ptxP3/fim3-1	2023-10	51f3ded831e0b41f3aea6151bed82c4664dca4cbb98bca5f453330a5f40696dc	modern_country_time_project_lineage_cap8	focal	
CHN::SAMN42391122	SAMN42391122	SAMN42391122	GCA_047323545	SRR31303457	CHN	China	2022-04-21	2022-04-21	2022-04-21	2022	4	2	day	True	PRJNA1133929	assembly_metadata	current_2406_archive	focal_model_observation	focal_genome_observation	True	archive_analysis_genome	True	False	True			ptxP3/fim3-1	provisional_marker_or_published_annotation	Branch_IIb	ptxP3/fim3-1	MR-MT28-PG1	ptxP3	fim3-1	MS	False	1	2026-07-24	Legacy PRN endpoints ignored; record retained only for genome/date/project/marker metadata.						ok	Asia	local_fasta	2022.0	ptxP3/fim3-1	2022-04	5270067be6f4ca076e9d2f8e49ed2e78f1f936e9f0759d1eac9b0207250fd366	modern_country_time_project_lineage_cap8	focal	
FRA::SAMEA115874207	SAMEA115874207	SAMEA115874207		ERR13476616	FRA	France	2024	2024-01-01	2024-12-31	2024			year	False	PRJEB42353	ena_study_accession	targeted_belgium_france_public_inventory	focal_model_observation	focal_genome_observation	True	public_raw_reads_pending_uniform_qc	True	False	True			ptxP3/fim3-1	pending_new_phylogeny	Branch_IIb	ptxP3/fim3-1		ptxP3	fim3-1	23S_rRNA_1	False	1	2026-07-24	complete_67_of_67							Europe	ena_fastq_download	2024.0	ptxP3/fim3-1	2024	530a1a2466aefa53750f3eadbef079a772c34bcb746eee52a947679a84495bf9	modern_country_time_project_lineage_cap8	focal	
FRA::SAMEA115874249	SAMEA115874249	SAMEA115874249		ERR13476658	FRA	France	2024	2024-01-01	2024-12-31	2024			year	False	PRJEB42353	ena_study_accession	targeted_belgium_france_public_inventory	focal_model_observation	focal_genome_observation	True	public_raw_reads_pending_uniform_qc	True	False	True			ptxP3/fim3-1	pending_new_phylogeny	Branch_IIb	ptxP3/fim3-1		ptxP3	fim3-1	23S_rRNA_1	False	1	2026-07-24	complete_67_of_67							Europe	ena_fastq_download	2024.0	ptxP3/fim3-1	2024	54148015f8f623a7517250ab76057c6cbd0f372b0000447ce21374308077b9df	modern_country_time_project_lineage_cap8	focal	
JPN::SAMD01697901	SAMD01697901	SAMD01697901		DRR902041	JPN	Japan	2025-05-19	2025-05-19	2025-05-19	2025	5	2	day	True	PRJDB37898	ena_study_accession	japan_targeted_ena_projects	focal_model_observation	focal_genome_observation	True	public_raw_reads_pending_uniform_qc	True	False	True				pending_new_phylogeny							False	1	2026-07-24	Targeted Japanese historical or recent public project.							Asia	ena_fastq_download	2025.0	UNKNOWN_LINEAGE	2025-05	5428858e4ab5c614a4c1f4643bcf4eb85cbae47d6dc4bd2fa70e80edd1b12b2d	modern_country_time_project_lineage_cap8	focal	
AUS::SAMN45810566		SAMN45810566		SRR31743821	AUS	Australia	2024-08	2024-08-01	2024-08-31	2024	8	3	month	True	PRJNA1199062	ena_study_accession	australia_fong_2026_direct_specimens	focal_model_observation	focal_genome_observation	True		True													False	1	2026-07-24								Oceania	ena_fastq_download	2024.0	ptxP3/fim3-1	2024-08	544a3a46ff97036fef632bed0c350aa289e6281b2c778d7cd112028d2f5e4cc3	modern_country_time_project_lineage_cap8	focal	
CHN::SAMN42391111	SAMN42391111	SAMN42391111	GCA_047323735	SRR31303425	CHN	China	2021-10-23	2021-10-23	2021-10-23	2021	10	4	day	True	PRJNA1133929	assembly_metadata	current_2406_archive	focal_model_observation	focal_genome_observation	True	archive_analysis_genome	True	False	True			ptxP1/fim3-1	provisional_marker_or_published_annotation	Branch_IIb	ptxP1/fim3-1		ptxP1	fim3-1	MS	False	1	2026-07-24	Legacy PRN endpoints ignored; record retained only for genome/date/project/marker metadata.						ok	Asia	local_fasta	2021.0	ptxP1/fim3-1	2021-10	545d87d76edb41bcaa4c999939ebf9195e923493a533bd80cf4be011ccff3035	modern_country_time_project_lineage_cap8	focal	
CHN::SAMN42391115	SAMN42391115	SAMN42391115	GCA_047323605	SRR31303478	CHN	China	2021-12-10	2021-12-10	2021-12-10	2021	12	4	day	True	PRJNA1133929	assembly_metadata	current_2406_archive	focal_model_observation	focal_genome_observation	True	archive_analysis_genome	True	False	True			ptxP3/fim3-1	provisional_marker_or_published_annotation	Branch_IIb	ptxP3/fim3-1	MR-MT28-others	ptxP3	fim3-1	MS	False	1	2026-07-24	Legacy PRN endpoints ignored; record retained only for genome/date/project/marker metadata.						ok	Asia	local_fasta	2021.0	ptxP3/fim3-1	2021-12	549b8a96c327b6aa24a8c9e361ea68d6fddff01a5f47235cedbd7b6518fdbef7	modern_country_time_project_lineage_cap8	focal	
BEL::SAMEA117989539	SAMEA117989539	SAMEA117989539		ERR14837935	BEL	Belgium	2023-06-07	2023-06-07	2023-06-07	2023	6	2	day	True	PRJEB88325	ena_study_accession	targeted_belgium_france_public_inventory	focal_model_observation	focal_genome_observation	True	public_raw_reads_pending_uniform_qc	True	True	True			Europe sublineage 2	pending_new_phylogeny	Branch_IIb	ptxP3/fim3-1	Europe sublineage 2	ptxP3	fim3-1	23S_rRNA_1	False	1	2026-07-24	project_member_414_of_416_linked_identity_not_in_ENA_fields							Europe	ena_fastq_download	2023.0	Europe sublineage 2	2023-06	55022241dd1585a60b7f69dbe0c32e0875cbb20a42d193c5fe57dbcb3b86b586	modern_country_time_project_lineage_cap8	focal	
AUS::SAMN45810634		SAMN45810634		SRR31743968	AUS	Australia	2024-10	2024-10-01	2024-10-31	2024	10	4	month	True	PRJNA1199062	ena_study_accession	australia_fong_2026_direct_specimens	focal_model_observation	focal_genome_observation	True		True													False	1	2026-07-24								Oceania	ena_fastq_download	2024.0	ptxP3/fim3-2	2024-10	551a0b15f08a6c3a4a559a9eb7c4d7969898555871272f60b8094f5184f2036f	modern_country_time_project_lineage_cap8	focal	
AUS::SAMN45810627		SAMN45810627		SRR31743976	AUS	Australia	2024-10	2024-10-01	2024-10-31	2024	10	4	month	True	PRJNA1199062	ena_study_accession	australia_fong_2026_direct_specimens	focal_model_observation	focal_genome_observation	True		True													False	1	2026-07-24								Oceania	ena_fastq_download	2024.0	ptxP3/fim3-1	2024-10	5583f60ffc68f0109d637fff3ab6bc295c21d9a67ba022f5cc5763554a79fdac	modern_country_time_project_lineage_cap8	focal	
AUS::SAMN45810564		SAMN45810564		SRR31743823	AUS	Australia	2024-07	2024-07-01	2024-07-31	2024	7	3	month	True	PRJNA1199062	ena_study_accession	australia_fong_2026_direct_specimens	focal_model_observation	focal_genome_observation	True		True													False	1	2026-07-24								Oceania	ena_fastq_download	2024.0	ptxP3/fim3-1	2024-07	5623678178a12251ac7efbe7d4cbf63c9d3e0fa10bb62b5b1797ed0298ca28a9	modern_country_time_project_lineage_cap8	focal	
AUS::SAMN45810512		SAMN45810512		SRR31743984	AUS	Australia	2024-01	2024-01-01	2024-01-31	2024	1	1	month	True	PRJNA1199062	ena_study_accession	australia_fong_2026_direct_specimens	focal_model_observation	focal_genome_observation	True		True													False	1	2026-07-24								Oceania	ena_fastq_download	2024.0	ptxP3/fim3-2	2024-01	5731ddbbdfa16e77fba645f85607812da6bc70a672ce5af21524536391345776	modern_country_time_project_lineage_cap8	focal	
BEL::SAMEA117989537	SAMEA117989537	SAMEA117989537		ERR14837933	BEL	Belgium	2023-06-01	2023-06-01	2023-06-01	2023	6	2	day	True	PRJEB88325	ena_study_accession	targeted_belgium_france_public_inventory	focal_model_observation	focal_genome_observation	True	public_raw_reads_pending_uniform_qc	True	True	True			Europe sublineage 2	pending_new_phylogeny	Branch_IIb	ptxP3/fim3-1	Europe sublineage 2	ptxP3	fim3-1	23S_rRNA_1	False	1	2026-07-24	project_member_414_of_416_linked_identity_not_in_ENA_fields							Europe	ena_fastq_download	2023.0	Europe sublineage 2	2023-06	584b3f97d86aef1fd92ef67af3f4b89715333fa20a358e38784267d3fb63ab87	modern_country_time_project_lineage_cap8	focal	
JPN::SAMD01593372	SAMD01593372	SAMD01593372	GCA_055386115	DRR707964	JPN	Japan	2024-12-12	2024-12-12	2024-12-12	2024	12	4	day	True	PRJDB35593	ena_study_accession	japan_targeted_ena_projects;current_2406_archive	focal_model_observation	focal_genome_observation	True	public_raw_reads_pending_uniform_qc	True	False	True			ptxP1	pending_new_phylogeny				ptxP1		MS	False	3	2026-07-24	Targeted Japanese historical or recent public project. | Legacy PRN endpoints ignored; record retained only for genome/date/project/marker metadata.						ok	Asia	local_fasta	2024.0	ptxP1	2024-12	591415ccbd83da4cf3b20c3f39bf0a1a8314ccc3c3f78df860ab0b38653d5100	modern_country_time_project_lineage_cap8	focal	
AUS::SAMN45810638		SAMN45810638		SRR31743964	AUS	Australia	2024-10	2024-10-01	2024-10-31	2024	10	4	month	True	PRJNA1199062	ena_study_accession	australia_fong_2026_direct_specimens	focal_model_observation	focal_genome_observation	True		True													False	1	2026-07-24								Oceania	ena_fastq_download	2024.0	ptxP3/fim3-2	2024-10	5921bda07562fa7fae9c7c990ddd009db1233e2c0597ffd285e138f6294a5412	modern_country_time_project_lineage_cap8	focal	
JPN::SAMD01697899	SAMD01697899	SAMD01697899	RRASM_DRR902039	DRR902039	JPN	Japan	2025-05-01	2025-05-01	2025-05-01	2025	5	2	day	True	PRJDB37898	ena_study_accession	japan_targeted_ena_projects;current_2406_archive	focal_model_observation	focal_genome_observation	True	public_raw_reads_pending_uniform_qc	True	False	True				pending_new_phylogeny							False	2	2026-07-24	Targeted Japanese historical or recent public project. | Legacy PRN endpoints ignored; record retained only for genome/date/project/marker metadata.						ok	Asia	local_fasta	2025.0	UNKNOWN_LINEAGE	2025-05	599030dc5e280d593e306d415b27dd3f4ac53558ddabfb8a9dadc6c1e1d02471	modern_country_time_project_lineage_cap8	focal	
CHN::SAMN42391149	SAMN42391149	SAMN42391149	GCA_047323275	SRR31303427	CHN	China	2023-12-19	2023-12-19	2023-12-19	2023	12	4	day	True	PRJNA1133929	assembly_metadata	current_2406_archive	focal_model_observation	focal_genome_observation	True	archive_analysis_genome	True	False	True			ptxP3/fim3-1	provisional_marker_or_published_annotation	Branch_IIb	ptxP3/fim3-1	MR-MT28-others	ptxP3	fim3-1	MS	False	1	2026-07-24	Legacy PRN endpoints ignored; record retained only for genome/date/project/marker metadata.						ok	Asia	local_fasta	2023.0	ptxP3/fim3-1	2023-12	5a680b6becfd2444579dcd7005b6ac6996e50dffa95b154b8b3d7c03ab15f05d	modern_country_time_project_lineage_cap8	focal	
BEL::SAMEA117989536	SAMEA117989536	SAMEA117989536		ERR14837932	BEL	Belgium	2023-05-24	2023-05-24	2023-05-24	2023	5	2	day	True	PRJEB88325	ena_study_accession	targeted_belgium_france_public_inventory	focal_model_observation	focal_genome_observation	True	public_raw_reads_pending_uniform_qc	True	True	True			Europe sublineage 2	pending_new_phylogeny	Branch_IIb	ptxP3/fim3-1	Europe sublineage 2	ptxP3	fim3-1	23S_rRNA_1	False	1	2026-07-24	project_member_414_of_416_linked_identity_not_in_ENA_fields							Europe	ena_fastq_download	2023.0	Europe sublineage 2	2023-05	5b3709cb33af2ebf8a496987c90d45797359eabc19aa2e637dea8705270060cd	modern_country_time_project_lineage_cap8	focal	
CHN::SAMN42391099	SAMN42391099	SAMN42391099	GCA_047323955	SRR31303471	CHN	China	2021-12-30	2021-12-30	2021-12-30	2021	12	4	day	True	PRJNA1133929	assembly_metadata	current_2406_archive	focal_model_observation	focal_genome_observation	True	archive_analysis_genome	True	False	True			ptxP1/fim3-1	provisional_marker_or_published_annotation	Branch_IIb	ptxP1/fim3-1		ptxP1	fim3-1	MS	False	1	2026-07-24	Legacy PRN endpoints ignored; record retained only for genome/date/project/marker metadata.		4147608	67.5	1	4147608	ok	Asia	local_fasta	2021.0	ptxP1/fim3-1	2021-12	5b8421aaa017c1e9bc891e75878d9e913599bea01d6c0f34202984d90d2018b9	modern_country_time_project_lineage_cap8	focal	
BEL::SAMEA117989573	SAMEA117989573	SAMEA117989573		ERR14837969	BEL	Belgium	2023-09-25	2023-09-25	2023-09-25	2023	9	3	day	True	PRJEB88325	ena_study_accession	targeted_belgium_france_public_inventory	focal_model_observation	focal_genome_observation	True	public_raw_reads_pending_uniform_qc	True	True	True			MS-MT28	pending_new_phylogeny	Branch_IIb	ptxP3/fim3-1	MS-MT28	ptxP3	fim3-1	23S_rRNA_1	False	1	2026-07-24	project_member_414_of_416_linked_identity_not_in_ENA_fields							Europe	ena_fastq_download	2023.0	MS-MT28	2023-09	5bf88efa83fb38596c2e0bc31084fae3e4ee9e6bf08bc423bd6aab93f3782994	modern_country_time_project_lineage_cap8	focal	
BEL::SAMEA117989532	SAMEA117989532	SAMEA117989532		ERR14837928	BEL	Belgium	2023-04-25	2023-04-25	2023-04-25	2023	4	2	day	True	PRJEB88325	ena_study_accession	targeted_belgium_france_public_inventory	focal_model_observation	focal_genome_observation	True	public_raw_reads_pending_uniform_qc	True	True	True			Europe sublineage 2	pending_new_phylogeny	Branch_IIb	ptxP3/fim3-1	Europe sublineage 2	ptxP3	fim3-1	23S_rRNA_1	False	1	2026-07-24	project_member_414_of_416_linked_identity_not_in_ENA_fields							Europe	ena_fastq_download	2023.0	Europe sublineage 2	2023-04	5c03c49c5d410bb8e9ebc1e9347d0031895fa00fb0bda8e7a7f273efdb2c0326	modern_country_time_project_lineage_cap8	focal	
JPN::SAMD01697912	SAMD01697912	SAMD01697912		DRR902052	JPN	Japan	2025-02-25	2025-02-25	2025-02-25	2025	2	1	day	True	PRJDB37898	ena_study_accession	japan_targeted_ena_projects	focal_model_observation	focal_genome_observation	True	public_raw_reads_pending_uniform_qc	True	False	True				pending_new_phylogeny							False	1	2026-07-24	Targeted Japanese historical or recent public project.							Asia	ena_fastq_download	2025.0	UNKNOWN_LINEAGE	2025-02	5c2a8b4d9f7bb4a05de2a50092231c9d61c80d20240476c5ec9a1de4b9594936	modern_country_time_project_lineage_cap8	focal	
FRA::SAMEA115874237	SAMEA115874237	SAMEA115874237		ERR13476646	FRA	France	2024	2024-01-01	2024-12-31	2024			year	False	PRJEB42353	ena_study_accession	targeted_belgium_france_public_inventory	focal_model_observation	focal_genome_observation	True	public_raw_reads_pending_uniform_qc	True	False	True			ptxP3/fim3-2	pending_new_phylogeny	Branch_IIb	ptxP3/fim3-2		ptxP3	fim3-2	23S_rRNA_1	False	1	2026-07-24	complete_67_of_67							Europe	ena_fastq_download	2024.0	ptxP3/fim3-2	2024	5c656052048ad8d00b5d44f0afb1a70a147527b16b4bce5790fdba16e171addf	modern_country_time_project_lineage_cap8	focal	
FRA::SAMEA115874189	SAMEA115874189	SAMEA115874189		ERR13476598	FRA	France	2023	2023-01-01	2023-12-31	2023			year	False	PRJEB42353	ena_study_accession	targeted_belgium_france_public_inventory	focal_model_observation	focal_genome_observation	True	public_raw_reads_pending_uniform_qc	True	False	True			ptxP3/fim3-2	pending_new_phylogeny	Branch_IIb	ptxP3/fim3-2		ptxP3	fim3-2	23S_rRNA_1	False	1	2026-07-24	complete_67_of_67							Europe	ena_fastq_download	2023.0	ptxP3/fim3-2	2023	5d5bfa0ae82539f19d988589d45d87231a34c1375042b0248c4a7d0e71eb1a69	modern_country_time_project_lineage_cap8	focal	
CHN::SAMN44583820	SAMN44583820	SAMN44583820	GCA_050978405		CHN	China	2023-04-23	2023-04-23	2023-04-23	2023	4	2	day	True	PRJNA1182239	assembly_metadata	current_2406_archive	focal_model_observation	focal_genome_observation	True	archive_analysis_genome	True	False	True				provisional_marker_or_published_annotation							False	1	2026-07-24	Legacy PRN endpoints ignored; record retained only for genome/date/project/marker metadata.						ok	Asia	local_fasta	2023.0	UNKNOWN_LINEAGE	2023-04	5de621e1d4cdd65dba9aa81178992b5e6dcc97005249a8293fb8306cf56d9534	modern_country_time_project_lineage_cap8	focal	
CHN::SAMN42391127	SAMN42391127	SAMN42391127	GCA_047323495	SRR31303452	CHN	China	2022-05-21	2022-05-21	2022-05-21	2022	5	2	day	True	PRJNA1133929	assembly_metadata	current_2406_archive	focal_model_observation	focal_genome_observation	True	archive_analysis_genome	True	False	True			ptxP1/fim3-1	provisional_marker_or_published_annotation	Branch_IIb	ptxP1/fim3-1		ptxP1	fim3-1	MS	False	1	2026-07-24	Legacy PRN endpoints ignored; record retained only for genome/date/project/marker metadata.		4139940	67.5	1	4139940	ok	Asia	local_fasta	2022.0	ptxP1/fim3-1	2022-05	5f7ee12e2a30b0162b54c1a3ce2e9394bb119a3db7bd9eab072cc08825ec4b42	modern_country_time_project_lineage_cap8	focal	
BEL::SAMEA117989529	SAMEA117989529	SAMEA117989529		ERR14837925	BEL	Belgium	2023-03-31	2023-03-31	2023-03-31	2023	3	1	day	True	PRJEB88325	ena_study_accession	targeted_belgium_france_public_inventory	focal_model_observation	focal_genome_observation	True	public_raw_reads_pending_uniform_qc	True	True	True			Europe sublineage 2	pending_new_phylogeny	Branch_IIb	ptxP3/fim3-1	Europe sublineage 2	ptxP3	fim3-1	23S_rRNA_1	False	1	2026-07-24	project_member_414_of_416_linked_identity_not_in_ENA_fields							Europe	ena_fastq_download	2023.0	Europe sublineage 2	2023-03	5fc084be3dab40245fb41e09c1397a90d651b4677424e32ea7ab28b3fcd11d58	modern_country_time_project_lineage_cap8	focal	
CHN::SAMN42391136	SAMN42391136	SAMN42391136	GCA_047323405	SRR31303442	CHN	China	2023-08-17	2023-08-17	2023-08-17	2023	8	3	day	True	PRJNA1133929	assembly_metadata	current_2406_archive	focal_model_observation	focal_genome_observation	True	archive_analysis_genome	True	False	True			ptxP3/fim3-1	provisional_marker_or_published_annotation	Branch_IIb	ptxP3/fim3-1	MR-MT28-others	ptxP3	fim3-1	MS	False	1	2026-07-24	Legacy PRN endpoints ignored; record retained only for genome/date/project/marker metadata.						ok	Asia	local_fasta	2023.0	ptxP3/fim3-1	2023-08	605c6b1cf84772bf6a7a9e1faa1d1cce7ecc51feba88708efa5346f1f00e6c81	modern_country_time_project_lineage_cap8	focal	
JPN::SAMD01697913	SAMD01697913	SAMD01697913	RRASM_DRR902053	DRR902053	JPN	Japan	2025-02-25	2025-02-25	2025-02-25	2025	2	1	day	True	PRJDB37898	ena_study_accession	japan_targeted_ena_projects;current_2406_archive	focal_model_observation	focal_genome_observation	True	public_raw_reads_pending_uniform_qc	True	False	True				pending_new_phylogeny							False	2	2026-07-24	Targeted Japanese historical or recent public project. | Legacy PRN endpoints ignored; record retained only for genome/date/project/marker metadata.						ok	Asia	local_fasta	2025.0	UNKNOWN_LINEAGE	2025-02	61daf2c866cc1ab1dbd75d898918ed702c5d3995e24b549f98290271eeb27334	modern_country_time_project_lineage_cap8	focal	
FRA::SAMEA115874187	SAMEA115874187	SAMEA115874187		ERR13476596	FRA	France	2023	2023-01-01	2023-12-31	2023			year	False	PRJEB42353	ena_study_accession	targeted_belgium_france_public_inventory	focal_model_observation	focal_genome_observation	True	public_raw_reads_pending_uniform_qc	True	False	True			Europe sublineage 1	pending_new_phylogeny	Branch_IIb	ptxP3/fim3-1	Europe sublineage 1	ptxP3	fim3-1	23S_rRNA_1	False	1	2026-07-24	complete_67_of_67							Europe	ena_fastq_download	2023.0	Europe sublineage 1	2023	622c06090b663ef97509edfb0a548a6f9b020a632908fab7bedb27db0251a68f	modern_country_time_project_lineage_cap8	focal	
JPN::SAMD00892048	SAMD00892048	SAMD00892048	GCA_054656015	DRR902033	JPN	Japan	2025-01-30	2025-01-30	2025-01-30	2025	1	1	day	True	PRJDB20413	ena_study_accession	japan_targeted_ena_projects;current_2406_archive	focal_model_observation	focal_genome_observation	True	public_raw_reads_pending_uniform_qc	True	False	True				pending_new_phylogeny							False	2	2026-07-24	Targeted Japanese historical or recent public project. | Legacy PRN endpoints ignored; record retained only for genome/date/project/marker metadata.						ok	Asia	local_fasta	2025.0	UNKNOWN_LINEAGE	2025-01	628d863eddbe9de8e861383d88575a06d562bb69d47d420f523d95a1fb2c094e	modern_country_time_project_lineage_cap8	focal	
CHN::SAMN44583819	SAMN44583819	SAMN44583819	GCA_050978385		CHN	China	2023-04-06	2023-04-06	2023-04-06	2023	4	2	day	True	PRJNA1182239	assembly_metadata	current_2406_archive	focal_model_observation	focal_genome_observation	True	archive_analysis_genome	True	False	True				provisional_marker_or_published_annotation							False	1	2026-07-24	Legacy PRN endpoints ignored; record retained only for genome/date/project/marker metadata.						ok	Asia	local_fasta	2023.0	UNKNOWN_LINEAGE	2023-04	6305de8c1a8a7e93a54b5d84553cf46cd155edd2f525dcf8830ff3e7479dbab3	modern_country_time_project_lineage_cap8	focal	
CHN::SAMN43024016	SAMN43024016	SAMN43024016	GCA_042610975		CHN	China	2024-04-29	2024-04-29	2024-04-29	2024	4	2	day	True	PRJNA1143937	assembly_metadata	current_2406_archive	focal_model_observation	focal_genome_observation	True	archive_analysis_genome	True	False	True			ptxP3/fim3-1	provisional_marker_or_published_annotation	Branch_IIb	ptxP3/fim3-1	MR-MT28-PG2	ptxP3	fim3-1	MR_A2047G	False	1	2026-07-24	Legacy PRN endpoints ignored; record retained only for genome/date/project/marker metadata.						ok	Asia	local_fasta	2024.0	ptxP3/fim3-1	2024-04	659e7a7fa7ebf0902bbcdc135bb8c2f7b48cb450da080d71ac6d1e5ba5701b2e	modern_country_time_project_lineage_cap8	focal	
CHN::SAMN45156018	SRS23447305	SAMN45156018	RRASM_SRR31615281	SRR31615281	CHN	China		2023-01-01	2023-12-31	2023			year	False	PRJNA1193776	study_accession	current_2406_archive	focal_model_observation	focal_genome_observation	True	archive_analysis_genome	True	False	True			ptxP3/fim3-1	provisional_marker_or_published_annotation	Branch_IIb	ptxP3/fim3-1	MR-MT28-others	ptxP3	fim3-1	MR_A2047G	False	1	2026-07-24	Legacy PRN endpoints ignored; record retained only for genome/date/project/marker metadata.						ok	Asia	local_fasta	2023.0	ptxP3/fim3-1	2023	65ef3a7ecaa411d1aea3c4ee1f68b8be067f9ccf77e209398979e6cd0dcaeaf1	modern_country_time_project_lineage_cap8	focal	
CHN::SAMN43024024	SAMN43024024	SAMN43024024	GCA_042610775		CHN	China	2024-05-16	2024-05-16	2024-05-16	2024	5	2	day	True	PRJNA1143937	assembly_metadata	current_2406_archive	focal_model_observation	focal_genome_observation	True	archive_analysis_genome	True	False	True				provisional_marker_or_published_annotation							False	1	2026-07-24	Legacy PRN endpoints ignored; record retained only for genome/date/project/marker metadata.						ok	Asia	local_fasta	2024.0	UNKNOWN_LINEAGE	2024-05	6627dd9ca0b916e70280173a03e92f7828cce4b3e1e95fb0a81ab2fb03c0f277	modern_country_time_project_lineage_cap8	focal	
BEL::SAMEA117989576	SAMEA117989576	SAMEA117989576		ERR14837972	BEL	Belgium	2023-10-02	2023-10-02	2023-10-02	2023	10	4	day	True	PRJEB88325	ena_study_accession	targeted_belgium_france_public_inventory	focal_model_observation	focal_genome_observation	True	public_raw_reads_pending_uniform_qc	True	True	True			Europe sublineage 1	pending_new_phylogeny	Branch_IIb	ptxP3/fim3-1	Europe sublineage 1	ptxP3	fim3-1	23S_rRNA_1	False	1	2026-07-24	project_member_414_of_416_linked_identity_not_in_ENA_fields							Europe	ena_fastq_download	2023.0	Europe sublineage 1	2023-10	666db9798b5a5e635f2c35a16b232636f2ca07c33fda69d4636702416a9c7f6c	modern_country_time_project_lineage_cap8	focal	
AUS::SAMN45810610		SAMN45810610		SRR31743994	AUS	Australia	2024-09	2024-09-01	2024-09-30	2024	9	3	month	True	PRJNA1199062	ena_study_accession	australia_fong_2026_direct_specimens	focal_model_observation	focal_genome_observation	True		True													False	1	2026-07-24								Oceania	ena_fastq_download	2024.0	ptxP3/fim3-2	2024-09	66defa73b9b51198766ecbede4441123262195e3dac815ea11dd4e000ce27974	modern_country_time_project_lineage_cap8	focal	
FRA::SAMEA115874214	SAMEA115874214	SAMEA115874214		ERR13476623	FRA	France	2024	2024-01-01	2024-12-31	2024			year	False	PRJEB42353	ena_study_accession	targeted_belgium_france_public_inventory	focal_model_observation	focal_genome_observation	True	public_raw_reads_pending_uniform_qc	True	False	True			ptxP3/fim3-2	pending_new_phylogeny	Branch_IIb	ptxP3/fim3-2		ptxP3	fim3-2	23S_rRNA_1	False	1	2026-07-24	complete_67_of_67							Europe	ena_fastq_download	2024.0	ptxP3/fim3-2	2024	66ef7606924482e20c3eb2f17a8b706f0537440016ed47e04448df0f26ab61e5	modern_country_time_project_lineage_cap8	focal	
BEL::SAMEA117989526	SAMEA117989526	SAMEA117989526		ERR14837922	BEL	Belgium	2022-11-14	2022-11-14	2022-11-14	2022	11	4	day	True	PRJEB88325	ena_study_accession	targeted_belgium_france_public_inventory	focal_model_observation	focal_genome_observation	True	public_raw_reads_pending_uniform_qc	True	True	True			Europe sublineage 2	pending_new_phylogeny	Branch_IIb	ptxP3/fim3-1	Europe sublineage 2	ptxP3	fim3-1	23S_rRNA_1	False	1	2026-07-24	project_member_414_of_416_linked_identity_not_in_ENA_fields							Europe	ena_fastq_download	2022.0	Europe sublineage 2	2022-11	67b13f48058699f926c7054f317ecf486c1d30f112e86526788456a6b1f27838	modern_country_time_project_lineage_cap8	focal	
AUS::SAMN45810597		SAMN45810597		SRR31743819	AUS	Australia	2024-08	2024-08-01	2024-08-31	2024	8	3	month	True	PRJNA1199062	ena_study_accession	australia_fong_2026_direct_specimens	focal_model_observation	focal_genome_observation	True		True													False	1	2026-07-24								Oceania	ena_fastq_download	2024.0	ptxP1/fim3-26	2024-08	67b9fbbbde5e6fa1a358cda0fef17aa7747a98799c2045a799d28e773f8ae36a	modern_country_time_project_lineage_cap8	focal	
CHN::SAMN42391132	SAMN42391132	SAMN42391132	GCA_047323445	SRR31303446	CHN	China	2022-08-07	2022-08-07	2022-08-07	2022	8	3	day	True	PRJNA1133929	assembly_metadata	current_2406_archive	focal_model_observation	focal_genome_observation	True	archive_analysis_genome	True	False	True			ptxP3/fim3-1	provisional_marker_or_published_annotation	Branch_IIb	ptxP3/fim3-1	MR-MT28-PG1	ptxP3	fim3-1	MS	False	1	2026-07-24	Legacy PRN endpoints ignored; record retained only for genome/date/project/marker metadata.						ok	Asia	local_fasta	2022.0	ptxP3/fim3-1	2022-08	6875bad2c7ac3f8f1a8348855be8e0e290879c6b6132babb2de2c285ffcd4ba9	modern_country_time_project_lineage_cap8	focal	
BEL::SAMEA117989571	SAMEA117989571	SAMEA117989571		ERR14837967	BEL	Belgium	2023-09-14	2023-09-14	2023-09-14	2023	9	3	day	True	PRJEB88325	ena_study_accession	targeted_belgium_france_public_inventory	focal_model_observation	focal_genome_observation	True	public_raw_reads_pending_uniform_qc	True	True	True			Europe sublineage 2	pending_new_phylogeny	Branch_IIb	ptxP3/fim3-1	Europe sublineage 2	ptxP3	fim3-1	23S_rRNA_1	False	1	2026-07-24	project_member_414_of_416_linked_identity_not_in_ENA_fields							Europe	ena_fastq_download	2023.0	Europe sublineage 2	2023-09	6931a15e5f6b50361f8f6d7ece7df5cf6a9da74a5384e979455318339c6f2388	modern_country_time_project_lineage_cap8	focal	
CHN::SAMN44583831	SAMN44583831	SAMN44583831	GCA_050978155		CHN	China	2023-11-14	2023-11-14	2023-11-14	2023	11	4	day	True	PRJNA1182239	assembly_metadata	current_2406_archive	focal_model_observation	focal_genome_observation	True	archive_analysis_genome	True	False	True				provisional_marker_or_published_annotation							False	1	2026-07-24	Legacy PRN endpoints ignored; record retained only for genome/date/project/marker metadata.						ok	Asia	local_fasta	2023.0	UNKNOWN_LINEAGE	2023-11	696243f546a8cac535c958020640f15c3077870645634837468c39c2186b9621	modern_country_time_project_lineage_cap8	focal	
CHN::SAMN42391147	SAMN42391147	SAMN42391147	GCA_047323295	SRR31303430	CHN	China	2023-11-14	2023-11-14	2023-11-14	2023	11	4	day	True	PRJNA1133929	assembly_metadata	current_2406_archive	focal_model_observation	focal_genome_observation	True	archive_analysis_genome	True	False	True			ptxP3/fim3-1	provisional_marker_or_published_annotation	Branch_IIb	ptxP3/fim3-1	MR-MT28-others	ptxP3	fim3-1	MS	False	1	2026-07-24	Legacy PRN endpoints ignored; record retained only for genome/date/project/marker metadata.						ok	Asia	local_fasta	2023.0	ptxP3/fim3-1	2023-11	69a0f665054dabd87287b90980aa38fbbba4b1aa326917cc3a2beecda2d35830	modern_country_time_project_lineage_cap8	focal	
BEL::SAMEA117989556	SAMEA117989556	SAMEA117989556		ERR14837952	BEL	Belgium	2023-08-04	2023-08-04	2023-08-04	2023	8	3	day	True	PRJEB88325	ena_study_accession	targeted_belgium_france_public_inventory	focal_model_observation	focal_genome_observation	True	public_raw_reads_pending_uniform_qc	True	True	True			Europe sublineage 1	pending_new_phylogeny	Branch_IIb	ptxP3/fim3-1	Europe sublineage 1	ptxP3	fim3-1	23S_rRNA_1	False	1	2026-07-24	project_member_414_of_416_linked_identity_not_in_ENA_fields							Europe	ena_fastq_download	2023.0	Europe sublineage 1	2023-08	69aa6e8252b16aac071aea53059e4f5c0af494b23af4d6ff7fbbb38f43019942	modern_country_time_project_lineage_cap8	focal	
JPN::SAMD00892045	SAMD00892045	SAMD00892045	GCA_054656135	DRR902030	JPN	Japan	2025-02-03	2025-02-03	2025-02-03	2025	2	1	day	True	PRJDB20413	ena_study_accession	japan_targeted_ena_projects;current_2406_archive	focal_model_observation	focal_genome_observation	True	public_raw_reads_pending_uniform_qc	True	False	True				pending_new_phylogeny							False	2	2026-07-24	Targeted Japanese historical or recent public project. | Legacy PRN endpoints ignored; record retained only for genome/date/project/marker metadata.						ok	Asia	local_fasta	2025.0	UNKNOWN_LINEAGE	2025-02	6a6eab47cd5d827733b907497e13a004ab4ad4373a284787ce73c9fbb1f95ed2	modern_country_time_project_lineage_cap8	focal	
CHN::SAMN42391105	SAMN42391105	SAMN42391105	GCA_047323825	SRR31303473	CHN	China	2021-08-22	2021-08-22	2021-08-22	2021	8	3	day	True	PRJNA1133929	assembly_metadata	current_2406_archive	focal_model_observation	focal_genome_observation	True	archive_analysis_genome	True	False	True			ptxP1/fim3-1	provisional_marker_or_published_annotation	Branch_IIb	ptxP1/fim3-1		ptxP1	fim3-1	MS	False	1	2026-07-24	Legacy PRN endpoints ignored; record retained only for genome/date/project/marker metadata.						ok	Asia	local_fasta	2021.0	ptxP1/fim3-1	2021-08	6a883bfe2432976d8065a85767bb67069e2820bbb7bbe3bf838b98572bc638ba	modern_country_time_project_lineage_cap8	focal	
CHN::SAMN44583833	SAMN44583833	SAMN44583833	GCA_050978105		CHN	China	2024-01-18	2024-01-18	2024-01-18	2024	1	1	day	True	PRJNA1182239	assembly_metadata	current_2406_archive	focal_model_observation	focal_genome_observation	True	archive_analysis_genome	True	False	True				provisional_marker_or_published_annotation							False	1	2026-07-24	Legacy PRN endpoints ignored; record retained only for genome/date/project/marker metadata.						ok	Asia	local_fasta	2024.0	UNKNOWN_LINEAGE	2024-01	6abcd7ad05aaf6747090ac7eabc6771419be9cc75ad672928ae7510d4cd658a3	modern_country_time_project_lineage_cap8	focal	
BEL::SAMEA117989578	SAMEA117989578	SAMEA117989578		ERR14837974	BEL	Belgium	2023-10-08	2023-10-08	2023-10-08	2023	10	4	day	True	PRJEB88325	ena_study_accession	targeted_belgium_france_public_inventory	focal_model_observation	focal_genome_observation	True	public_raw_reads_pending_uniform_qc	True	True	True			Europe sublineage 1	pending_new_phylogeny	Branch_IIb	ptxP3/fim3-1	Europe sublineage 1	ptxP3	fim3-1	23S_rRNA_1	False	1	2026-07-24	project_member_414_of_416_linked_identity_not_in_ENA_fields							Europe	ena_fastq_download	2023.0	Europe sublineage 1	2023-10	6adbb28862dce6a8d0b359e317b8d47dd63e3ed647bc32f404ee5db648014495	modern_country_time_project_lineage_cap8	focal	
CHN::SAMN50152051	SAMN50152051	SAMN50152051	GCA_053472545		CHN	China	2023	2023-01-01	2023-12-31	2023			year	False	PRJNA1295129	assembly_metadata	current_2406_archive	focal_model_observation	focal_genome_observation	True	archive_analysis_genome	True	False	True				provisional_marker_or_published_annotation							False	1	2026-07-24	Legacy PRN endpoints ignored; record retained only for genome/date/project/marker metadata.						ok	Asia	local_fasta	2023.0	UNKNOWN_LINEAGE	2023	6ae6b473890b87662d201ff6bb15140d3194db4ec1e950a945b15f85adf21a96	modern_country_time_project_lineage_cap8	focal	
CHN::SAMN50152047	SAMN50152047	SAMN50152047	GCA_053472665		CHN	China	2023	2023-01-01	2023-12-31	2023			year	False	PRJNA1295129	assembly_metadata	current_2406_archive	focal_model_observation	focal_genome_observation	True	archive_analysis_genome	True	False	True				provisional_marker_or_published_annotation							False	1	2026-07-24	Legacy PRN endpoints ignored; record retained only for genome/date/project/marker metadata.						ok	Asia	local_fasta	2023.0	UNKNOWN_LINEAGE	2023	6b0c309e6198bcad6246c6bf1f7ec36a9c287b721b22d16404af0f2ac262acfb	modern_country_time_project_lineage_cap8	focal	
JPN::SAMD01697906	SAMD01697906	SAMD01697906		DRR902046	JPN	Japan	2025-05-26	2025-05-26	2025-05-26	2025	5	2	day	True	PRJDB37898	ena_study_accession	japan_targeted_ena_projects	focal_model_observation	focal_genome_observation	True	public_raw_reads_pending_uniform_qc	True	False	True				pending_new_phylogeny							False	1	2026-07-24	Targeted Japanese historical or recent public project.							Asia	ena_fastq_download	2025.0	UNKNOWN_LINEAGE	2025-05	6b5303adeeb9fd309e6a6ae0a2b88542a0280b4e40c1056bb9e220aa95da93aa	modern_country_time_project_lineage_cap8	focal	
JPN::SAMD00892047	SAMD00892047	SAMD00892047	GCA_054656035	DRR902032	JPN	Japan	2025-02-07	2025-02-07	2025-02-07	2025	2	1	day	True	PRJDB20413	ena_study_accession	japan_targeted_ena_projects;current_2406_archive	focal_model_observation	focal_genome_observation	True	public_raw_reads_pending_uniform_qc	True	False	True				pending_new_phylogeny							False	2	2026-07-24	Targeted Japanese historical or recent public project. | Legacy PRN endpoints ignored; record retained only for genome/date/project/marker metadata.						ok	Asia	local_fasta	2025.0	UNKNOWN_LINEAGE	2025-02	6b7d54753fa96a7fca91964514fd179ccd6ad067426f6642c97b2a81decfd70b	modern_country_time_project_lineage_cap8	focal	
AUS::SAMN45810600		SAMN45810600		SRR31744005	AUS	Australia	2024-08	2024-08-01	2024-08-31	2024	8	3	month	True	PRJNA1199062	ena_study_accession	australia_fong_2026_direct_specimens	focal_model_observation	focal_genome_observation	True		True													False	1	2026-07-24								Oceania	ena_fastq_download	2024.0	ptxP3/fim3-1	2024-08	6bf103e9848b980bedca3c23f8d8c68a39641c45e91a0d92fd84f449267983a1	modern_country_time_project_lineage_cap8	focal	
FRA::SAMEA115874210	SAMEA115874210	SAMEA115874210		ERR13476619	FRA	France	2024	2024-01-01	2024-12-31	2024			year	False	PRJEB42353	ena_study_accession	targeted_belgium_france_public_inventory	focal_model_observation	focal_genome_observation	True	public_raw_reads_pending_uniform_qc	True	False	True			MR-MT28-PG1	pending_new_phylogeny	Branch_IIb	ptxP3/fim3-1	MR-MT28-PG1	ptxP3	fim3-1	23S_rRNA_13	False	1	2026-07-24	complete_67_of_67							Europe	ena_fastq_download	2024.0	MR-MT28-PG1	2024	6c81c2969a3d2fba11066df10e490bc659d10f1122f18c5ed4817b87eb9dbdb5	modern_country_time_project_lineage_cap8	focal	
CHN::SAMN42391106	SAMN42391106	SAMN42391106	GCA_047323775	SRR31303463	CHN	China	2022-03-21	2022-03-21	2022-03-21	2022	3	1	day	True	PRJNA1133929	assembly_metadata	current_2406_archive	focal_model_observation	focal_genome_observation	True	archive_analysis_genome	True	False	True			ptxP1/fim3-1	provisional_marker_or_published_annotation	Branch_IIb	ptxP1/fim3-1		ptxP1	fim3-1	MS	False	1	2026-07-24	Legacy PRN endpoints ignored; record retained only for genome/date/project/marker metadata.						ok	Asia	local_fasta	2022.0	ptxP1/fim3-1	2022-03	6ce85766f65b9e48b6ba8bc70ca352c7b6f011a6daf43087b3d88d2f60726acf	modern_country_time_project_lineage_cap8	focal	
FRA::SAMEA115874208	SAMEA115874208	SAMEA115874208		ERR13476617	FRA	France	2024	2024-01-01	2024-12-31	2024			year	False	PRJEB42353	ena_study_accession	targeted_belgium_france_public_inventory	focal_model_observation	focal_genome_observation	True	public_raw_reads_pending_uniform_qc	True	False	True			Europe sublineage 2	pending_new_phylogeny	Branch_IIb	ptxP3/fim3-1	Europe sublineage 2	ptxP3	fim3-1	23S_rRNA_1	False	1	2026-07-24	complete_67_of_67							Europe	ena_fastq_download	2024.0	Europe sublineage 2	2024	6d77d0055f6e060493b11128d6e8a8966aaffa4e6e2d826e09dc06a8d8bc3c1a	modern_country_time_project_lineage_cap8	focal	
FRA::SAMEA115874191	SAMEA115874191	SAMEA115874191		ERR13476600	FRA	France	2023	2023-01-01	2023-12-31	2023			year	False	PRJEB42353	ena_study_accession	targeted_belgium_france_public_inventory	focal_model_observation	focal_genome_observation	True	public_raw_reads_pending_uniform_qc	True	False	True			Europe sublineage 1	pending_new_phylogeny	Branch_IIb	ptxP3/fim3-1	Europe sublineage 1	ptxP3	fim3-27	23S_rRNA_1	False	1	2026-07-24	complete_67_of_67							Europe	ena_fastq_download	2023.0	Europe sublineage 1	2023	6dd415ebf26589c8950cf8941c5103d25e0a30dd82cfbdd0738243d8ff8d0f9c	modern_country_time_project_lineage_cap8	focal	
FRA::SAMEA117615783	SAMEA117615783	SAMEA117615783	GCA_965117305		FRA	France	2024	2024-01-01	2024-12-31	2024			year	False	PRJEB85093	assembly_metadata	current_2406_archive	focal_model_observation	focal_genome_observation	True	archive_analysis_genome	True	False	True			ptxP3	provisional_marker_or_published_annotation				ptxP3		MS	False	1	2026-07-24	Legacy PRN endpoints ignored; record retained only for genome/date/project/marker metadata.		4101081	67.5	3	4087939	ok	Europe	local_fasta	2024.0	ptxP3	2024	6e5c920cba935c54f597a47940ab5f7134cffaae24bb0637628751fd5317308a	modern_country_time_project_lineage_cap8	focal	
JPN::SAMD01593374	SAMD01593374	SAMD01593374	GCA_055385365	DRR705532	JPN	Japan	2024-12-11	2024-12-11	2024-12-11	2024	12	4	day	True	PRJDB35593	ena_study_accession	japan_targeted_ena_projects;current_2406_archive	focal_model_observation	focal_genome_observation	True	public_raw_reads_pending_uniform_qc	True	False	True			ptxP3	pending_new_phylogeny				ptxP3		MS	False	3	2026-07-24	Targeted Japanese historical or recent public project. | Legacy PRN endpoints ignored; record retained only for genome/date/project/marker metadata.		4110603	67.5	1	4110603	ok	Asia	local_fasta	2024.0	ptxP3	2024-12	6e6562a616b88f589d1a001ee357df72f542e69a5660654d5d7b683bcdebc514	modern_country_time_project_lineage_cap8	focal	
BEL::SAMEA117989541	SAMEA117989541	SAMEA117989541		ERR14837937	BEL	Belgium	2023-06-12	2023-06-12	2023-06-12	2023	6	2	day	True	PRJEB88325	ena_study_accession	targeted_belgium_france_public_inventory	focal_model_observation	focal_genome_observation	True	public_raw_reads_pending_uniform_qc	True	True	True			others	pending_new_phylogeny	Branch_IIb	others		ptxP1	fim3-4	23S_rRNA_1	False	1	2026-07-24	project_member_414_of_416_linked_identity_not_in_ENA_fields							Europe	ena_fastq_download	2023.0	others	2023-06	6edf45bd085e7609ad2c9fb1d09cfcf9f0d8f17aa96502310dff46241c26df20	modern_country_time_project_lineage_cap8	focal	
JPN::SAMD01697917	SAMD01697917	SAMD01697917	RRASM_DRR902057	DRR902057	JPN	Japan	2025-02-25	2025-02-25	2025-02-25	2025	2	1	day	True	PRJDB37898	ena_study_accession	japan_targeted_ena_projects;current_2406_archive	focal_model_observation	focal_genome_observation	True	public_raw_reads_pending_uniform_qc	True	False	True				pending_new_phylogeny							False	2	2026-07-24	Targeted Japanese historical or recent public project. | Legacy PRN endpoints ignored; record retained only for genome/date/project/marker metadata.						ok	Asia	local_fasta	2025.0	UNKNOWN_LINEAGE	2025-02	6efdbd6c46f1acca0ccfc8f9a39c6676899cef26528635b25c0c43e208a0782a	modern_country_time_project_lineage_cap8	focal	
BEL::SAMEA117989527	SAMEA117989527	SAMEA117989527		ERR14837923	BEL	Belgium	2022-11-25	2022-11-25	2022-11-25	2022	11	4	day	True	PRJEB88325	ena_study_accession	targeted_belgium_france_public_inventory	focal_model_observation	focal_genome_observation	True	public_raw_reads_pending_uniform_qc	True	True	True			Europe sublineage 2	pending_new_phylogeny	Branch_IIb	ptxP3/fim3-1	Europe sublineage 2	ptxP3	fim3-1	23S_rRNA_1	False	1	2026-07-24	project_member_414_of_416_linked_identity_not_in_ENA_fields							Europe	ena_fastq_download	2022.0	Europe sublineage 2	2022-11	6fce6f47cce49b8a2c442c7eb855edc90ac356dea95f8ea2757126bc2d340288	modern_country_time_project_lineage_cap8	focal	
AUS::SAMN45811366		SAMN45811366		SRR31743879	AUS	Australia	2024-07	2024-07-01	2024-07-31	2024	7	3	month	True	PRJNA1199062	ena_study_accession	australia_fong_2026_direct_specimens	focal_model_observation	focal_genome_observation	True		True													False	1	2026-07-24								Oceania	ena_fastq_download	2024.0	ptxP3/fim3-2	2024-07	70f7d1bcdcd105d6a7035c9846c50e7c0b69294f49138e53e0a2b895ccb5b1b8	modern_country_time_project_lineage_cap8	focal	
CHN::SAMN44583827	SAMN44583827	SAMN44583827	GCA_050978245		CHN	China	2023-07-30	2023-07-30	2023-07-30	2023	7	3	day	True	PRJNA1182239	assembly_metadata	current_2406_archive	focal_model_observation	focal_genome_observation	True	archive_analysis_genome	True	False	True				provisional_marker_or_published_annotation							False	1	2026-07-24	Legacy PRN endpoints ignored; record retained only for genome/date/project/marker metadata.						ok	Asia	local_fasta	2023.0	UNKNOWN_LINEAGE	2023-07	71779f57ae64c6321762cec2577bf6adb45336ff3765d14ff35d11d9bcbd9878	modern_country_time_project_lineage_cap8	focal	
CHN::SAMN43024021	SAMN43024021	SAMN43024021	GCA_042610875		CHN	China	2024-05-02	2024-05-02	2024-05-02	2024	5	2	day	True	PRJNA1143937	assembly_metadata	current_2406_archive	focal_model_observation	focal_genome_observation	True	archive_analysis_genome	True	False	True			ptxP3/fim3-1	provisional_marker_or_published_annotation	Branch_IIb	ptxP3/fim3-1	MR-MT28-PG2	ptxP3	fim3-1	MR_A2047G	False	1	2026-07-24	Legacy PRN endpoints ignored; record retained only for genome/date/project/marker metadata.						ok	Asia	local_fasta	2024.0	ptxP3/fim3-1	2024-05	718797b629e5079d5d3fbb85829e9a6ff0e5fed066ff2e3b55631ee0f945fbdc	modern_country_time_project_lineage_cap8	focal	
CHN::SAMN42391121	SAMN42391121	SAMN42391121	GCA_047323555	SRR31303458	CHN	China	2022-03-29	2022-03-29	2022-03-29	2022	3	1	day	True	PRJNA1133929	assembly_metadata	current_2406_archive	focal_model_observation	focal_genome_observation	True	archive_analysis_genome	True	False	True			ptxP3/fim3-1	provisional_marker_or_published_annotation	Branch_IIb	ptxP3/fim3-1	MR-MT28-PG1	ptxP3	fim3-1	MS	False	1	2026-07-24	Legacy PRN endpoints ignored; record retained only for genome/date/project/marker metadata.						ok	Asia	local_fasta	2022.0	ptxP3/fim3-1	2022-03	71c541cf92f01980fcbbc78f727d8f3037af56686a78208b5550b33cc6632413	modern_country_time_project_lineage_cap8	focal	
CHN::SAMN44583821	SAMN44583821	SAMN44583821	GCA_050978365		CHN	China	2023-04-21	2023-04-21	2023-04-21	2023	4	2	day	True	PRJNA1182239	assembly_metadata	current_2406_archive	focal_model_observation	focal_genome_observation	True	archive_analysis_genome	True	False	True				provisional_marker_or_published_annotation							False	1	2026-07-24	Legacy PRN endpoints ignored; record retained only for genome/date/project/marker metadata.						ok	Asia	local_fasta	2023.0	UNKNOWN_LINEAGE	2023-04	7282984dc46734ce402ba64d3cf218a94a6f9d553c409a43d64f4622bf7e3f9b	modern_country_time_project_lineage_cap8	focal	
CHN::SAMN50152054	SAMN50152054	SAMN50152054	GCA_053472465		CHN	China	2023	2023-01-01	2023-12-31	2023			year	False	PRJNA1295129	assembly_metadata	current_2406_archive	focal_model_observation	focal_genome_observation	True	archive_analysis_genome	True	False	True				provisional_marker_or_published_annotation							False	1	2026-07-24	Legacy PRN endpoints ignored; record retained only for genome/date/project/marker metadata.						ok	Asia	local_fasta	2023.0	UNKNOWN_LINEAGE	2023	72e5c7a0e82fbefd9281ae3773211e47014c41a9252a7211f9848053aa3ad31c	modern_country_time_project_lineage_cap8	focal	
CHN::SAMN42391131	SAMN42391131	SAMN42391131	GCA_047323455	SRR31303447	CHN	China	2022-06-14	2022-06-14	2022-06-14	2022	6	2	day	True	PRJNA1133929	assembly_metadata	current_2406_archive	focal_model_observation	focal_genome_observation	True	archive_analysis_genome	True	False	True			ptxP3/fim3-1	provisional_marker_or_published_annotation	Branch_IIb	ptxP3/fim3-1	MR-MT28-PG1	ptxP3	fim3-1	MS	False	1	2026-07-24	Legacy PRN endpoints ignored; record retained only for genome/date/project/marker metadata.						ok	Asia	local_fasta	2022.0	ptxP3/fim3-1	2022-06	72f7c09f43a51d1e198b5a06cbb16b4c18f62d3416386e222bb59eee3626cd3b	modern_country_time_project_lineage_cap8	focal	
CHN::SAMN44583818	SAMN44583818	SAMN44583818	GCA_050978425		CHN	China	2023-03-27	2023-03-27	2023-03-27	2023	3	1	day	True	PRJNA1182239	assembly_metadata	current_2406_archive	focal_model_observation	focal_genome_observation	True	archive_analysis_genome	True	False	True				provisional_marker_or_published_annotation							False	1	2026-07-24	Legacy PRN endpoints ignored; record retained only for genome/date/project/marker metadata.						ok	Asia	local_fasta	2023.0	UNKNOWN_LINEAGE	2023-03	7328d7da58d38c757351136a33fb4a1d490af0a8a67ab49eb075fd244933c0d7	modern_country_time_project_lineage_cap8	focal	
CHN::SAMN42391117	SAMN42391117	SAMN42391117	GCA_047323585	SRR31303467	CHN	China	2022-03-06	2022-03-06	2022-03-06	2022	3	1	day	True	PRJNA1133929	assembly_metadata	current_2406_archive	focal_model_observation	focal_genome_observation	True	archive_analysis_genome	True	False	True			ptxP1/fim3-1	provisional_marker_or_published_annotation	Branch_IIb	ptxP1/fim3-1		ptxP1	fim3-1	MS	False	1	2026-07-24	Legacy PRN endpoints ignored; record retained only for genome/date/project/marker metadata.						ok	Asia	local_fasta	2022.0	ptxP1/fim3-1	2022-03	734cdd2e160e5cacae325897bf70e497b43a8acb0fc73eb9ce45ede2ac420e25	modern_country_time_project_lineage_cap8	focal	
JPN::SAMD00920271	SAMD00920271	SAMD00920271		DRR900577	JPN	Japan	2024	2024-01-01	2024-12-31	2024			year	False	PRJDB34249	ena_study_accession	japan_targeted_ena_projects	focal_model_observation	focal_genome_observation	True	public_raw_reads_pending_uniform_qc	True	False	True				pending_new_phylogeny							False	1	2026-07-24	Targeted Japanese historical or recent public project.							Asia	ena_fastq_download	2024.0	UNKNOWN_LINEAGE	2024	735a2b2d4cc0110f3b6bd32470806e8d55f1630ac7bc5f3214649da825628343	modern_country_time_project_lineage_cap8	focal	
CHN::SAMN50152046	SAMN50152046	SAMN50152046	GCA_053472645		CHN	China	2023	2023-01-01	2023-12-31	2023			year	False	PRJNA1295129	assembly_metadata	current_2406_archive	focal_model_observation	focal_genome_observation	True	archive_analysis_genome	True	False	True				provisional_marker_or_published_annotation							False	1	2026-07-24	Legacy PRN endpoints ignored; record retained only for genome/date/project/marker metadata.						ok	Asia	local_fasta	2023.0	UNKNOWN_LINEAGE	2023	736faee72943886fa4a8384146ddcbbc15db40fbf944fcc9d17bccfec34788c7	modern_country_time_project_lineage_cap8	focal	
JPN::SAMD01697904	SAMD01697904	SAMD01697904	RRASM_DRR902044	DRR902044	JPN	Japan	2025-05-26	2025-05-26	2025-05-26	2025	5	2	day	True	PRJDB37898	ena_study_accession	japan_targeted_ena_projects;current_2406_archive	focal_model_observation	focal_genome_observation	True	public_raw_reads_pending_uniform_qc	True	False	True				pending_new_phylogeny							False	2	2026-07-24	Targeted Japanese historical or recent public project. | Legacy PRN endpoints ignored; record retained only for genome/date/project/marker metadata.						ok	Asia	local_fasta	2025.0	UNKNOWN_LINEAGE	2025-05	7372d13908723ea02ab7340ce1d184e3903c81a53013cc806620aadaafafa1fd	modern_country_time_project_lineage_cap8	focal	
CHN::SAMN42391091	SAMN42391091	SAMN42391091	GCA_047324035	SRR31303483	CHN	China	2021-11-22	2021-11-22	2021-11-22	2021	11	4	day	True	PRJNA1133929	assembly_metadata	current_2406_archive	focal_model_observation	focal_genome_observation	True	archive_analysis_genome	True	False	True			ptxP1/fim3-1	provisional_marker_or_published_annotation	Branch_IIb	ptxP1/fim3-1		ptxP1	fim3-1	MS	False	1	2026-07-24	Legacy PRN endpoints ignored; record retained only for genome/date/project/marker metadata.						ok	Asia	local_fasta	2021.0	ptxP1/fim3-1	2021-11	73c2ea721cd0b09d43e610773170dba6a3b80475cee9f4fa877dde16ae7a9e86	modern_country_time_project_lineage_cap8	focal	
CHN::SAMN44583823	SAMN44583823	SAMN44583823	GCA_050978325		CHN	China	2023-06-12	2023-06-12	2023-06-12	2023	6	2	day	True	PRJNA1182239	assembly_metadata	current_2406_archive	focal_model_observation	focal_genome_observation	True	archive_analysis_genome	True	False	True				provisional_marker_or_published_annotation							False	1	2026-07-24	Legacy PRN endpoints ignored; record retained only for genome/date/project/marker metadata.						ok	Asia	local_fasta	2023.0	UNKNOWN_LINEAGE	2023-06	74d1a9a322eb140a545122bf7887d3d3393e42ef04c70fce6b8bd0f2c87f7d79	modern_country_time_project_lineage_cap8	focal	
AUS::SAMN45810510		SAMN45810510		SRR31744006	AUS	Australia	2023-07	2023-07-01	2023-07-31	2023	7	3	month	True	PRJNA1199062	ena_study_accession	australia_fong_2026_direct_specimens	focal_model_observation	focal_genome_observation	True		False													False	1	2026-07-24								Oceania	ena_fastq_download	2023.0	ptxP3/fim3-2	2023-07	75507951a78ffe87009db00494f924cbca235babe0ea487c345ce419fef95b01	modern_country_time_project_lineage_cap8	focal	
CHN::SAMN45156025	SRS23447264	SAMN45156025	RRASM_SRR31615322	SRR31615322	CHN	China		2023-01-01	2023-12-31	2023			year	False	PRJNA1193776	study_accession	current_2406_archive	focal_model_observation	focal_genome_observation	True	archive_analysis_genome	True	False	True				provisional_marker_or_published_annotation							False	1	2026-07-24	Legacy PRN endpoints ignored; record retained only for genome/date/project/marker metadata.						ok	Asia	local_fasta	2023.0	UNKNOWN_LINEAGE	2023	770d9fc59c93c7f577066d996f92dcbc5978129ee3c6e23c19b9789f8ce8c82a	modern_country_time_project_lineage_cap8	focal	
CHN::SAMN42391095	SAMN42391095	SAMN42391095	GCA_047323995	SRR31303476	CHN	China	2021-12-20	2021-12-20	2021-12-20	2021	12	4	day	True	PRJNA1133929	assembly_metadata	current_2406_archive	focal_model_observation	focal_genome_observation	True	archive_analysis_genome	True	False	True			ptxP1/fim3-1	provisional_marker_or_published_annotation	Branch_IIb	ptxP1/fim3-1		ptxP1	fim3-1	MS	False	1	2026-07-24	Legacy PRN endpoints ignored; record retained only for genome/date/project/marker metadata.						ok	Asia	local_fasta	2021.0	ptxP1/fim3-1	2021-12	77dfd28879df326a250a9cc239f8a72510552ededdf1e3ad6eaf32dafeae15be	modern_country_time_project_lineage_cap8	focal	
JPN::SAMD00892040	SAMD00892040	SAMD00892040	GCA_054656335	DRR902025	JPN	Japan	2025-01-22	2025-01-22	2025-01-22	2025	1	1	day	True	PRJDB20413	ena_study_accession	japan_targeted_ena_projects;current_2406_archive	focal_model_observation	focal_genome_observation	True	public_raw_reads_pending_uniform_qc	True	False	True				pending_new_phylogeny							False	2	2026-07-24	Targeted Japanese historical or recent public project. | Legacy PRN endpoints ignored; record retained only for genome/date/project/marker metadata.						ok	Asia	local_fasta	2025.0	UNKNOWN_LINEAGE	2025-01	7a9ebbf90a2611a03f1af580a050a86cb9f2352cea47a7ec0e7973907a9421a2	modern_country_time_project_lineage_cap8	focal	
AUS::SAMN45810515		SAMN45810515		SRR31743951	AUS	Australia	2024-06	2024-06-01	2024-06-30	2024	6	2	month	True	PRJNA1199062	ena_study_accession	australia_fong_2026_direct_specimens	focal_model_observation	focal_genome_observation	True		False													False	1	2026-07-24								Oceania	ena_fastq_download	2024.0	ptxP3/fim3-2	2024-06	7ac044263aaff63a8f1810606d96747dcc0b3e243c6ce10ef6728ae8ac454808	modern_country_time_project_lineage_cap8	focal	
CHN::SAMN42391098	SAMN42391098	SAMN42391098	GCA_047323965	SRR31303472	CHN	China	2021-12-30	2021-12-30	2021-12-30	2021	12	4	day	True	PRJNA1133929	assembly_metadata	current_2406_archive	focal_model_observation	focal_genome_observation	True	archive_analysis_genome	True	False	True			ptxP1/fim3-1	provisional_marker_or_published_annotation	Branch_IIb	ptxP1/fim3-1		ptxP1	fim3-1	MS	False	1	2026-07-24	Legacy PRN endpoints ignored; record retained only for genome/date/project/marker metadata.						ok	Asia	local_fasta	2021.0	ptxP1/fim3-1	2021-12	7d1aeaa2c802dc228f54a413f732aea705bf658e22647217629a387b8548f757	modern_country_time_project_lineage_cap8	focal	
AUS::SAMN45810594		SAMN45810594		SRR31743887	AUS	Australia	2024-09	2024-09-01	2024-09-30	2024	9	3	month	True	PRJNA1199062	ena_study_accession	australia_fong_2026_direct_specimens	focal_model_observation	focal_genome_observation	True		True													False	1	2026-07-24								Oceania	ena_fastq_download	2024.0	ptxP3/fim3-1	2024-09	7d2ebcc0e14242c5937c120445ef07a71be2a70e307418f057b1fd6d73243ba3	modern_country_time_project_lineage_cap8	focal	
AUS::SAMN45810509		SAMN45810509		SRR31743892	AUS	Australia	2020-04	2020-04-01	2020-04-30	2020	4	2	month	True	PRJNA1199062	ena_study_accession	australia_fong_2026_direct_specimens	focal_model_observation	focal_genome_observation	True		False													False	1	2026-07-24								Oceania	ena_fastq_download	2020.0	ptxP3/fim3-1	2020-04	7d588b7cca872fdf9521f3ee0ad4bf8ec9bc36a0b477d33b795204f56fe9e8f4	modern_country_time_project_lineage_cap8	focal	
FRA::SAMEA115874197	SAMEA115874197	SAMEA115874197		ERR13476606	FRA	France	2024	2024-01-01	2024-12-31	2024			year	False	PRJEB42353	ena_study_accession	targeted_belgium_france_public_inventory	focal_model_observation	focal_genome_observation	True	public_raw_reads_pending_uniform_qc	True	False	True			MS-MT28	pending_new_phylogeny	Branch_IIb	ptxP3/fim3-1	MS-MT28	ptxP3	fim3-1	23S_rRNA_1	False	1	2026-07-24	complete_67_of_67							Europe	ena_fastq_download	2024.0	MS-MT28	2024	7d6fd70238ced54d2b81ebce151e657a5993a86fa98c7846444c1facc69747ac	modern_country_time_project_lineage_cap8	focal	
BEL::SAMEA117989522	SAMEA117989522	SAMEA117989522		ERR14837918	BEL	Belgium	2020-04-09	2020-04-09	2020-04-09	2020	4	2	day	True	PRJEB88325	ena_study_accession	targeted_belgium_france_public_inventory	focal_model_observation	focal_genome_observation	True	public_raw_reads_pending_uniform_qc	True	True	True			ptxP3/fim3-1	pending_new_phylogeny	Branch_IIb	ptxP3/fim3-1		ptxP3	fim3-1	23S_rRNA_1	False	1	2026-07-24	project_member_414_of_416_linked_identity_not_in_ENA_fields							Europe	ena_fastq_download	2020.0	ptxP3/fim3-1	2020-04	7dd3feda7af57a4f0c171127389b7eb4abce4253c91cd18e11936a3a10212d2e	modern_country_time_project_lineage_cap8	focal	
JPN::SAMD00892038	SAMD00892038	SAMD00892038	GCA_054656415	DRR902023	JPN	Japan	2025-01-21	2025-01-21	2025-01-21	2025	1	1	day	True	PRJDB20413	ena_study_accession	japan_targeted_ena_projects;current_2406_archive	focal_model_observation	focal_genome_observation	True	public_raw_reads_pending_uniform_qc	True	False	True				pending_new_phylogeny							False	2	2026-07-24	Targeted Japanese historical or recent public project. | Legacy PRN endpoints ignored; record retained only for genome/date/project/marker metadata.						ok	Asia	local_fasta	2025.0	UNKNOWN_LINEAGE	2025-01	7e7e10c8110fd5aad5be34956ec9ec1b69ce80752fec31ae5fb7e43f9e800b51	modern_country_time_project_lineage_cap8	focal	
JPN::SAMD00885979	SAMD00885979	SAMD00885979	GCA_054658115	DRR900761	JPN	Japan	2024-12-09	2024-12-09	2024-12-09	2024	12	4	day	True	PRJDB20292	ena_study_accession	japan_targeted_ena_projects;current_2406_archive	focal_model_observation	focal_genome_observation	True	public_raw_reads_pending_uniform_qc	True	False	True				pending_new_phylogeny							False	2	2026-07-24	Targeted Japanese historical or recent public project. | Legacy PRN endpoints ignored; record retained only for genome/date/project/marker metadata.						ok	Asia	local_fasta	2024.0	UNKNOWN_LINEAGE	2024-12	7e86ad94bff561767e69e85dbd533f2742858fa41e811a0aacf611ce1a5ee754	modern_country_time_project_lineage_cap8	focal	
BEL::SAMEA117989604	SAMEA117989604	SAMEA117989604		ERR14838000	BEL	Belgium	2023-12-11	2023-12-11	2023-12-11	2023	12	4	day	True	PRJEB88325	ena_study_accession	targeted_belgium_france_public_inventory	focal_model_observation	focal_genome_observation	True	public_raw_reads_pending_uniform_qc	True	True	True			Europe sublineage 2	pending_new_phylogeny	Branch_IIb	ptxP3/fim3-1	Europe sublineage 2	ptxP3	fim3-1	23S_rRNA_1	False	1	2026-07-24	project_member_414_of_416_linked_identity_not_in_ENA_fields							Europe	ena_fastq_download	2023.0	Europe sublineage 2	2023-12	7f2f4d3b710b676b6f79f99a4250c802a86555d49118b727a3797456491f9c1b	modern_country_time_project_lineage_cap8	focal	
BEL::SAMEA117989513	SAMEA117989513	SAMEA117989513		ERR14837909	BEL	Belgium	2020-01-24	2020-01-24	2020-01-24	2020	1	1	day	True	PRJEB88325	ena_study_accession	targeted_belgium_france_public_inventory	focal_model_observation	focal_genome_observation	True	public_raw_reads_pending_uniform_qc	True	True	True			MS-MT28	pending_new_phylogeny	Branch_IIb	ptxP3/fim3-1	MS-MT28	ptxP3	fim3-1	23S_rRNA_1	False	1	2026-07-24	project_member_414_of_416_linked_identity_not_in_ENA_fields							Europe	ena_fastq_download	2020.0	MS-MT28	2020-01	7f8b7453f9f5ce0463684c4bb0fc39f32c3e9f329f9ed4350e4f6202bdf1a12d	modern_country_time_project_lineage_cap8	focal	
AUS::SAMN45810601		SAMN45810601		SRR31744004	AUS	Australia	2024-08	2024-08-01	2024-08-31	2024	8	3	month	True	PRJNA1199062	ena_study_accession	australia_fong_2026_direct_specimens	focal_model_observation	focal_genome_observation	True		True													False	1	2026-07-24								Oceania	ena_fastq_download	2024.0	ptxP3/fim3-1	2024-08	7fae37fc4a6c0744456c3445c6ab8c5a2e31c594daf958c37ddf9a4d1fe801ce	modern_country_time_project_lineage_cap8	focal	
BEL::SAMEA117989512	SAMEA117989512	SAMEA117989512		ERR14837908	BEL	Belgium	2020-01-15	2020-01-15	2020-01-15	2020	1	1	day	True	PRJEB88325	ena_study_accession	targeted_belgium_france_public_inventory	focal_model_observation	focal_genome_observation	True	public_raw_reads_pending_uniform_qc	True	True	True			ptxP3/fim3-2	pending_new_phylogeny	Branch_IIb	ptxP3/fim3-2		ptxP3	fim3-2	23S_rRNA_1	False	1	2026-07-24	project_member_414_of_416_linked_identity_not_in_ENA_fields							Europe	ena_fastq_download	2020.0	ptxP3/fim3-2	2020-01	7ffc7130f8bf55e91b03dc4060c285067961f2e52831df17c4b77bdf298ab1aa	modern_country_time_project_lineage_cap8	focal	
AUS::SAMN45810607		SAMN45810607		SRR31743998	AUS	Australia	2024-09	2024-09-01	2024-09-30	2024	9	3	month	True	PRJNA1199062	ena_study_accession	australia_fong_2026_direct_specimens	focal_model_observation	focal_genome_observation	True		True													False	1	2026-07-24								Oceania	ena_fastq_download	2024.0	ptxP3/fim3-1	2024-09	8017dfb212c03597637c64a4a3fc8927e0cfeb097419552324f3119d527a7c54	modern_country_time_project_lineage_cap8	focal	
CHN::SAMN40924133	SRS20990015	SAMN40924133	RRASM_SRR28622232	SRR28622232	CHN	China		2024-01-01	2024-12-31	2024			year	False	PRJNA1071282	study_accession	current_2406_archive	focal_model_observation	focal_genome_observation	True	archive_analysis_genome	True	False	True			ptxP3/fim3-1	provisional_marker_or_published_annotation	Branch_IIb	ptxP3/fim3-1	MR-MT28-PG1	ptxP3	fim3-1	MR_A2047G	False	1	2026-07-24	Legacy PRN endpoints ignored; record retained only for genome/date/project/marker metadata.		3864778	67.81	339	22500	ok	Asia	local_fasta	2024.0	ptxP3/fim3-1	2024	8122be1312b0683cc5b82576b6e6ab47627849697553253c77e9a0657eb11041	modern_country_time_project_lineage_cap8	focal	
CHN::SAMN44583839	SAMN44583839	SAMN44583839	GCA_050977985		CHN	China	2024-01-30	2024-01-30	2024-01-30	2024	1	1	day	True	PRJNA1182239	assembly_metadata	current_2406_archive	focal_model_observation	focal_genome_observation	True	archive_analysis_genome	True	False	True				provisional_marker_or_published_annotation							False	1	2026-07-24	Legacy PRN endpoints ignored; record retained only for genome/date/project/marker metadata.						ok	Asia	local_fasta	2024.0	UNKNOWN_LINEAGE	2024-01	813af6bc64bf4c52c3b030378d59787e52327df77953a9de6c3c44ad9be869c5	modern_country_time_project_lineage_cap8	focal	
CHN::SAMN42391145	SAMN42391145	SAMN42391145	GCA_047323315	SRR31303432	CHN	China	2023-11-08	2023-11-08	2023-11-08	2023	11	4	day	True	PRJNA1133929	assembly_metadata	current_2406_archive	focal_model_observation	focal_genome_observation	True	archive_analysis_genome	True	False	True			ptxP3/fim3-1	provisional_marker_or_published_annotation	Branch_IIb	ptxP3/fim3-1	MR-MT28-others	ptxP3	fim3-1	MS	False	1	2026-07-24	Legacy PRN endpoints ignored; record retained only for genome/date/project/marker metadata.						ok	Asia	local_fasta	2023.0	ptxP3/fim3-1	2023-11	82f4dc053335ab00e4bfa3ff0c1eb290a28d821a4b6ed17bcdf9c4d8208f3a75	modern_country_time_project_lineage_cap8	focal	
FRA::SAMEA115874194	SAMEA115874194	SAMEA115874194		ERR13476603	FRA	France	2024	2024-01-01	2024-12-31	2024			year	False	PRJEB42353	ena_study_accession	targeted_belgium_france_public_inventory	focal_model_observation	focal_genome_observation	True	public_raw_reads_pending_uniform_qc	True	False	True			ptxP3/fim3-2	pending_new_phylogeny	Branch_IIb	ptxP3/fim3-2		ptxP3	fim3-2	23S_rRNA_1	False	1	2026-07-24	complete_67_of_67							Europe	ena_fastq_download	2024.0	ptxP3/fim3-2	2024	8303ff32b7dbfe2432ea8ba0d3d915c0fd8ac9a43753e38ea38d93187eaa3177	modern_country_time_project_lineage_cap8	focal	
CHN::SAMN42391143	SAMN42391143	SAMN42391143	GCA_047323335	SRR31303434	CHN	China	2023-10-30	2023-10-30	2023-10-30	2023	10	4	day	True	PRJNA1133929	assembly_metadata	current_2406_archive	focal_model_observation	focal_genome_observation	True	archive_analysis_genome	True	False	True			ptxP3/fim3-1	provisional_marker_or_published_annotation	Branch_IIb	ptxP3/fim3-1	MR-MT28-PG1	ptxP3	fim3-1	MS	False	1	2026-07-24	Legacy PRN endpoints ignored; record retained only for genome/date/project/marker metadata.		4107756	67.5	1	4107756	ok	Asia	local_fasta	2023.0	ptxP3/fim3-1	2023-10	83b73e9a0845f70640b013ae9ee817c6e9bcbcb1191f10a65e37a37d62bd873d	modern_country_time_project_lineage_cap8	focal	
BEL::SAMEA117989566	SAMEA117989566	SAMEA117989566		ERR14837962	BEL	Belgium	2023-09-02	2023-09-02	2023-09-02	2023	9	3	day	True	PRJEB88325	ena_study_accession	targeted_belgium_france_public_inventory	focal_model_observation	focal_genome_observation	True	public_raw_reads_pending_uniform_qc	True	True	True			Europe sublineage 1	pending_new_phylogeny	Branch_IIb	ptxP3/fim3-1	Europe sublineage 1	ptxP3	fim3-1	23S_rRNA_1	False	1	2026-07-24	project_member_414_of_416_linked_identity_not_in_ENA_fields							Europe	ena_fastq_download	2023.0	Europe sublineage 1	2023-09	842443f95e160ba4507da6e6f50516e3c36af971ba6f477a99376cb41c062db0	modern_country_time_project_lineage_cap8	focal	
CHN::SAMN45156014	SRS23447261	SAMN45156014	RRASM_SRR31615325	SRR31615325	CHN	China		2022-01-01	2022-12-31	2022			year	False	PRJNA1193776	study_accession	current_2406_archive	focal_model_observation	focal_genome_observation	True	archive_analysis_genome	True	False	True				provisional_marker_or_published_annotation							False	1	2026-07-24	Legacy PRN endpoints ignored; record retained only for genome/date/project/marker metadata.						ok	Asia	local_fasta	2022.0	UNKNOWN_LINEAGE	2022	8514b5911ce2b8102de6b01458d1c21cd4307b131100190ae67f167190dc9dd1	modern_country_time_project_lineage_cap8	focal	
AUS::SAMN44480251	SAMN44480251	SAMN44480251	GCA_046736165		AUS	Australia	2024-08	2024-08-01	2024-08-31	2024	8	3	month	True	PRJNA1178746	assembly_metadata	current_2406_archive	focal_model_observation	focal_genome_observation	True	archive_analysis_genome	True	False	True			ptxP3/fim3-1	provisional_marker_or_published_annotation	Branch_IIb	ptxP3/fim3-1	MR-MT28-PG1	ptxP3	fim3-1	MS	False	1	2026-07-24	Legacy PRN endpoints ignored; record retained only for genome/date/project/marker metadata.		4104672	67.5	1	4104672	ok	Oceania	local_fasta	2024.0	ptxP3/fim3-1	2024-08	8522aabb64061d1aed636b17d046be8705c6c172a8b8e925f4639578972e4be7	modern_country_time_project_lineage_cap8	focal	
BEL::SAMEA117989547	SAMEA117989547	SAMEA117989547		ERR14837943	BEL	Belgium	2023-07-03	2023-07-03	2023-07-03	2023	7	3	day	True	PRJEB88325	ena_study_accession	targeted_belgium_france_public_inventory	focal_model_observation	focal_genome_observation	True	public_raw_reads_pending_uniform_qc	True	True	True			ptxP3/fim3-2	pending_new_phylogeny	Branch_IIb	ptxP3/fim3-2		ptxP3	fim3-2	23S_rRNA_1	False	1	2026-07-24	project_member_414_of_416_linked_identity_not_in_ENA_fields							Europe	ena_fastq_download	2023.0	ptxP3/fim3-2	2023-07	86cbbd6a30d812cd0cd652f58ad3c0e22e7eda11feea2c3ed2998e70aa33a91d	modern_country_time_project_lineage_cap8	focal	
CHN::SAMN39683154	SRS20312620	SAMN39683154	RRASM_SRR27796276	SRR27796276	CHN	China		2023-01-01	2023-12-31	2023			year	False	PRJNA1071282	study_accession	current_2406_archive	focal_model_observation	focal_genome_observation	True	archive_analysis_genome	True	False	True			ptxP1/fim3-1	provisional_marker_or_published_annotation	Branch_IIb	ptxP1/fim3-1		ptxP1	fim3-1	MR_A2047G	False	1	2026-07-24	Legacy PRN endpoints ignored; record retained only for genome/date/project/marker metadata.						ok	Asia	local_fasta	2023.0	ptxP1/fim3-1	2023	87594c63dd0e6042e95bf1d5296ea9b995fa225227ddafd4cbbc2851c90e5da4	modern_country_time_project_lineage_cap8	focal	
AUS::SAMN45810590		SAMN45810590		SRR31743891	AUS	Australia	2024-09	2024-09-01	2024-09-30	2024	9	3	month	True	PRJNA1199062	ena_study_accession	australia_fong_2026_direct_specimens	focal_model_observation	focal_genome_observation	True		True													False	1	2026-07-24								Oceania	ena_fastq_download	2024.0	ptxP3/fim3-2	2024-09	87774d19336e84fcf3384469efdf0deb208882dde112fbf6aabe1862e3b08c09	modern_country_time_project_lineage_cap8	focal	
AUS::SAMN45810598		SAMN45810598		SRR31743818	AUS	Australia	2024-08	2024-08-01	2024-08-31	2024	8	3	month	True	PRJNA1199062	ena_study_accession	australia_fong_2026_direct_specimens	focal_model_observation	focal_genome_observation	True		True													False	1	2026-07-24								Oceania	ena_fastq_download	2024.0	ptxP3/fim3-2	2024-08	88766605992cc04e44212bfbae727743b0701406309641d546a3c3c07676d920	modern_country_time_project_lineage_cap8	focal	
BEL::SAMEA117989521	SAMEA117989521	SAMEA117989521		ERR14837917	BEL	Belgium	2020-04-07	2020-04-07	2020-04-07	2020	4	2	day	True	PRJEB88325	ena_study_accession	targeted_belgium_france_public_inventory	focal_model_observation	focal_genome_observation	True	public_raw_reads_pending_uniform_qc	True	True	True			ptxP3/fim3-1	pending_new_phylogeny	Branch_IIb	ptxP3/fim3-1		ptxP3	fim3-1	23S_rRNA_1	False	1	2026-07-24	project_member_414_of_416_linked_identity_not_in_ENA_fields							Europe	ena_fastq_download	2020.0	ptxP3/fim3-1	2020-04	8906875cf57d3fd3acafadbab0f80095fcf40437fd08e1b6ff304f6231314e76	modern_country_time_project_lineage_cap8	focal	
JPN::SAMD00920276	SAMD00920276	SAMD00920276		DRR900582	JPN	Japan	2024	2024-01-01	2024-12-31	2024			year	False	PRJDB34249	ena_study_accession	japan_targeted_ena_projects	focal_model_observation	focal_genome_observation	True	public_raw_reads_pending_uniform_qc	True	False	True				pending_new_phylogeny							False	1	2026-07-24	Targeted Japanese historical or recent public project.							Asia	ena_fastq_download	2024.0	UNKNOWN_LINEAGE	2024	890fa023e445b43e02f76249a013799b42d4ab34761819d3e022c8fc6655f7bd	modern_country_time_project_lineage_cap8	focal	
AUS::SAMN45810567		SAMN45810567		SRR31743917	AUS	Australia	2024-08	2024-08-01	2024-08-31	2024	8	3	month	True	PRJNA1199062	ena_study_accession	australia_fong_2026_direct_specimens	focal_model_observation	focal_genome_observation	True		True													False	1	2026-07-24								Oceania	ena_fastq_download	2024.0	ptxP3/fim3-2	2024-08	89c8ead4c71a8db6295b154da2058285d3a733fde708b7b07bda754d7347dd0e	modern_country_time_project_lineage_cap8	focal	
JPN::SAMD00920281	SAMD00920281	SAMD00920281		DRR900587	JPN	Japan	2025	2025-01-01	2025-12-31	2025			year	False	PRJDB34249	ena_study_accession	japan_targeted_ena_projects	focal_model_observation	focal_genome_observation	True	public_raw_reads_pending_uniform_qc	True	False	True				pending_new_phylogeny							False	1	2026-07-24	Targeted Japanese historical or recent public project.							Asia	ena_fastq_download	2025.0	UNKNOWN_LINEAGE	2025	8a1301e1b38ee8e9eb38006fde42e13fdfb12f9996e43e81c41e77d3eb10b938	modern_country_time_project_lineage_cap8	focal	
FRA::SAMEA115874183	SAMEA115874183	SAMEA115874183		ERR13476592	FRA	France	2023	2023-01-01	2023-12-31	2023			year	False	PRJEB42353	ena_study_accession	targeted_belgium_france_public_inventory	focal_model_observation	focal_genome_observation	True	public_raw_reads_pending_uniform_qc	True	False	True			ptxP3/fim3-2	pending_new_phylogeny	Branch_IIb	ptxP3/fim3-2		ptxP3	fim3-2	23S_rRNA_1	False	1	2026-07-24	complete_67_of_67							Europe	ena_fastq_download	2023.0	ptxP3/fim3-2	2023	8a434e99edf9b9e3cd74eac44e0d70c12a4bd0029d8fa8eccae190527fe10a6f	modern_country_time_project_lineage_cap8	focal	
CHN::SAMN45156020	SRS23447319	SAMN45156020	RRASM_SRR31615267	SRR31615267	CHN	China		2022-01-01	2022-12-31	2022			year	False	PRJNA1193776	study_accession	current_2406_archive	focal_model_observation	focal_genome_observation	True	archive_analysis_genome	True	False	True			ptxP3/fim3-1	provisional_marker_or_published_annotation	Branch_IIb	ptxP3/fim3-1	MR-MT28-others	ptxP3	fim3-1	MR_A2047G	False	1	2026-07-24	Legacy PRN endpoints ignored; record retained only for genome/date/project/marker metadata.						ok	Asia	local_fasta	2022.0	ptxP3/fim3-1	2022	8b8a6db2fe130719b936959ebcdf5c045efda6e67f4a600c5265d33fda3f3453	modern_country_time_project_lineage_cap8	focal	
BEL::SAMEA117989611	SAMEA117989611	SAMEA117989611		ERR14838007	BEL	Belgium	2023-12-22	2023-12-22	2023-12-22	2023	12	4	day	True	PRJEB88325	ena_study_accession	targeted_belgium_france_public_inventory	focal_model_observation	focal_genome_observation	True	public_raw_reads_pending_uniform_qc	True	True	True			Europe sublineage 2	pending_new_phylogeny	Branch_IIb	ptxP3/fim3-1	Europe sublineage 2	ptxP3	fim3-1	23S_rRNA_1	False	1	2026-07-24	project_member_414_of_416_linked_identity_not_in_ENA_fields							Europe	ena_fastq_download	2023.0	Europe sublineage 2	2023-12	8cb4c52395a5da1e1fd14df57b9ab8522e397eb2e6d117b5430cb42c57be2d5c	modern_country_time_project_lineage_cap8	focal	
AUS::SAMN45810606		SAMN45810606		SRR31743999	AUS	Australia	2024-09	2024-09-01	2024-09-30	2024	9	3	month	True	PRJNA1199062	ena_study_accession	australia_fong_2026_direct_specimens	focal_model_observation	focal_genome_observation	True		True													False	1	2026-07-24								Oceania	ena_fastq_download	2024.0	ptxP3/fim3-2	2024-09	8d92c80e5fdae60a283b7b0e7c2d9f72a93432c61c7c17f15f786ff640ccf0f6	modern_country_time_project_lineage_cap8	focal	
AUS::SAMN45810569		SAMN45810569		SRR31743915	AUS	Australia	2024-03	2024-03-01	2024-03-31	2024	3	1	month	True	PRJNA1199062	ena_study_accession	australia_fong_2026_direct_specimens	focal_model_observation	focal_genome_observation	True		False													False	1	2026-07-24								Oceania	ena_fastq_download	2024.0	ptxP1/fim3-26	2024-03	8dcea7d4b4a7c700f6741736547d6a70b8d5a0bbcfe66c542fa22bced5180f37	modern_country_time_project_lineage_cap8	focal	
CHN::SAMN42391108	SAMN42391108	SAMN42391108	GCA_047323765	SRR31303451	CHN	China	2021-09-13	2021-09-13	2021-09-13	2021	9	3	day	True	PRJNA1133929	assembly_metadata	current_2406_archive	focal_model_observation	focal_genome_observation	True	archive_analysis_genome	True	False	True			ptxP1/fim3-1	provisional_marker_or_published_annotation	Branch_IIb	ptxP1/fim3-1		ptxP1	fim3-1	MS	False	1	2026-07-24	Legacy PRN endpoints ignored; record retained only for genome/date/project/marker metadata.						ok	Asia	local_fasta	2021.0	ptxP1/fim3-1	2021-09	8dfe6430d0eece9c1a05a6800706622b8e041ec9cf61d9748bfed6ca2ef465e2	modern_country_time_project_lineage_cap8	focal	
FRA::SAMEA115874185	SAMEA115874185	SAMEA115874185		ERR13476594	FRA	France	2023	2023-01-01	2023-12-31	2023			year	False	PRJEB42353	ena_study_accession	targeted_belgium_france_public_inventory	focal_model_observation	focal_genome_observation	True	public_raw_reads_pending_uniform_qc	True	False	True			Europe sublineage 1	pending_new_phylogeny	Branch_IIb	ptxP3/fim3-1	Europe sublineage 1	ptxP3	fim3-1	23S_rRNA_1	False	1	2026-07-24	complete_67_of_67							Europe	ena_fastq_download	2023.0	Europe sublineage 1	2023	8ff7ddb86f6357c15387c3152887c0a8e3b12632c3d391ee44bfa22dceeb1258	modern_country_time_project_lineage_cap8	focal	
AUS::SAMN45810554		SAMN45810554		SRR31743834	AUS	Australia	2024-07	2024-07-01	2024-07-31	2024	7	3	month	True	PRJNA1199062	ena_study_accession	australia_fong_2026_direct_specimens	focal_model_observation	focal_genome_observation	True		True													False	1	2026-07-24								Oceania	ena_fastq_download	2024.0	ptxP3/fim3-1	2024-07	90149aa32e2ea820215f96e1b578323c76122ee31341ff8958672e23eda94ccf	modern_country_time_project_lineage_cap8	focal	
AUS::SAMN45810645		SAMN45810645		SRR31743956	AUS	Australia	2024-10	2024-10-01	2024-10-31	2024	10	4	month	True	PRJNA1199062	ena_study_accession	australia_fong_2026_direct_specimens	focal_model_observation	focal_genome_observation	True		True													False	1	2026-07-24								Oceania	ena_fastq_download	2024.0	ptxP3/fim3-1	2024-10	912a080d7746cf1c0b11c540e3da5e8cfe33dd7605afa0e99b2dca3955a2a327	modern_country_time_project_lineage_cap8	focal	
FRA::SAMEA115874228	SAMEA115874228	SAMEA115874228		ERR13476637	FRA	France	2024	2024-01-01	2024-12-31	2024			year	False	PRJEB42353	ena_study_accession	targeted_belgium_france_public_inventory	focal_model_observation	focal_genome_observation	True	public_raw_reads_pending_uniform_qc	True	False	True			Europe sublineage 1	pending_new_phylogeny	Branch_IIb	ptxP3/fim3-1	Europe sublineage 1	ptxP3	fim3-1	23S_rRNA_1	False	1	2026-07-24	complete_67_of_67							Europe	ena_fastq_download	2024.0	Europe sublineage 1	2024	92cb842b9c4d293f5188b980cefd8a95a81ce22f9db0a0094061761f2b001cb4	modern_country_time_project_lineage_cap8	focal	
FRA::SAMEA115874212	SAMEA115874212	SAMEA115874212		ERR13476621	FRA	France	2024	2024-01-01	2024-12-31	2024			year	False	PRJEB42353	ena_study_accession	targeted_belgium_france_public_inventory	focal_model_observation	focal_genome_observation	True	public_raw_reads_pending_uniform_qc	True	False	True			Europe sublineage 1	pending_new_phylogeny	Branch_IIb	ptxP3/fim3-1	Europe sublineage 1	ptxP3	fim3-1	23S_rRNA_1	False	1	2026-07-24	complete_67_of_67							Europe	ena_fastq_download	2024.0	Europe sublineage 1	2024	93d3ab4d1e3e2c6f887b3d8e04a4fdef3dc6a0b7bd11992ddb83da1af25765d7	modern_country_time_project_lineage_cap8	focal	
CHN::SAMN42391090	SAMN42391090	SAMN42391090	GCA_047324045	SRR31303423	CHN	China	2021-11-21	2021-11-21	2021-11-21	2021	11	4	day	True	PRJNA1133929	assembly_metadata	current_2406_archive	focal_model_observation	focal_genome_observation	True	archive_analysis_genome	True	False	True			ptxP1/fim3-1	provisional_marker_or_published_annotation	Branch_IIb	ptxP1/fim3-1		ptxP1	fim3-1	MS	False	1	2026-07-24	Legacy PRN endpoints ignored; record retained only for genome/date/project/marker metadata.						ok	Asia	local_fasta	2021.0	ptxP1/fim3-1	2021-11	93e2367077efcdae1189bc67095ca3c1bd21cb70053118725ba0a9f09bbf4b94	modern_country_time_project_lineage_cap8	focal	
CHN::SAMN42391126	SAMN42391126	SAMN42391126	GCA_047323505	SRR31303453	CHN	China	2022-05-08	2022-05-08	2022-05-08	2022	5	2	day	True	PRJNA1133929	assembly_metadata	current_2406_archive	focal_model_observation	focal_genome_observation	True	archive_analysis_genome	True	False	True			ptxP3/fim3-1	provisional_marker_or_published_annotation	Branch_IIb	ptxP3/fim3-1	MR-MT28-others	ptxP3	fim3-1	MS	False	1	2026-07-24	Legacy PRN endpoints ignored; record retained only for genome/date/project/marker metadata.						ok	Asia	local_fasta	2022.0	ptxP3/fim3-1	2022-05	941abfa60cbb4bbd97e3d81ff664d50b16beb9b7bcb2ea3cadc889a42c273641	modern_country_time_project_lineage_cap8	focal	
FRA::SAMEA115874217	SAMEA115874217	SAMEA115874217		ERR13476626	FRA	France	2024	2024-01-01	2024-12-31	2024			year	False	PRJEB42353	ena_study_accession	targeted_belgium_france_public_inventory	focal_model_observation	focal_genome_observation	True	public_raw_reads_pending_uniform_qc	True	False	True			MS-MT28	pending_new_phylogeny	Branch_IIb	ptxP3/fim3-1	MS-MT28	ptxP3	fim3-1	23S_rRNA_1	False	1	2026-07-24	complete_67_of_67							Europe	ena_fastq_download	2024.0	MS-MT28	2024	94250a9069781f433b2da5ae959094366ba3f66474b5f8bda6d5f579b8e5aca1	modern_country_time_project_lineage_cap8	focal	
AUS::SAMN45810562		SAMN45810562		SRR31743825	AUS	Australia	2024-07	2024-07-01	2024-07-31	2024	7	3	month	True	PRJNA1199062	ena_study_accession	australia_fong_2026_direct_specimens	focal_model_observation	focal_genome_observation	True		True													False	1	2026-07-24								Oceania	ena_fastq_download	2024.0	ptxP3/fim3-2	2024-07	94f45b59d97a774c9b5cfa3e607bfde446cf02a011c5c5dfbe7611f536d4b3d2	modern_country_time_project_lineage_cap8	focal	
JPN::SAMD01593369	SAMD01593369	SAMD01593369	GCA_055387325	DRR707961	JPN	Japan	2024-09-12	2024-09-12	2024-09-12	2024	9	3	day	True	PRJDB35593	ena_study_accession	japan_targeted_ena_projects;current_2406_archive	focal_model_observation	focal_genome_observation	True	public_raw_reads_pending_uniform_qc	True	False	True			ptxP3	pending_new_phylogeny				ptxP3		MS	False	3	2026-07-24	Targeted Japanese historical or recent public project. | Legacy PRN endpoints ignored; record retained only for genome/date/project/marker metadata.		4110572	67.5	1	4110572	ok	Asia	local_fasta	2024.0	ptxP3	2024-09	9580aab1ca82763dd388aaa9953979e98c44c0a3c19f1c9d63be35971287cd7c	modern_country_time_project_lineage_cap8	focal	
BEL::SAMEA117989605	SAMEA117989605	SAMEA117989605		ERR14838001	BEL	Belgium	2023-12-14	2023-12-14	2023-12-14	2023	12	4	day	True	PRJEB88325	ena_study_accession	targeted_belgium_france_public_inventory	focal_model_observation	focal_genome_observation	True	public_raw_reads_pending_uniform_qc	True	True	True			Europe sublineage 1	pending_new_phylogeny	Branch_IIb	ptxP3/fim3-1	Europe sublineage 1	ptxP3	fim3-1	23S_rRNA_1	False	1	2026-07-24	project_member_414_of_416_linked_identity_not_in_ENA_fields							Europe	ena_fastq_download	2023.0	Europe sublineage 1	2023-12	962a367de86635cd8861b292afc043ea463b606e9dcebb1e6870ce0203773b09	modern_country_time_project_lineage_cap8	focal	
AUS::SAMN45811367		SAMN45811367		SRR31743880	AUS	Australia	2024-07	2024-07-01	2024-07-31	2024	7	3	month	True	PRJNA1199062	ena_study_accession	australia_fong_2026_direct_specimens	focal_model_observation	focal_genome_observation	True		True													False	1	2026-07-24								Oceania	ena_fastq_download	2024.0	ptxP3/fim3-1	2024-07	96cced60ea6ab77538c9c48fbe09e46f375c8fae0cec3881ab743da4a5e60829	modern_country_time_project_lineage_cap8	focal	
CHN::SAMN43024027	SAMN43024027	SAMN43024027	GCA_042610755		CHN	China	2024-06-03	2024-06-03	2024-06-03	2024	6	2	day	True	PRJNA1143937	assembly_metadata	current_2406_archive	focal_model_observation	focal_genome_observation	True	archive_analysis_genome	True	False	True				provisional_marker_or_published_annotation							False	1	2026-07-24	Legacy PRN endpoints ignored; record retained only for genome/date/project/marker metadata.						ok	Asia	local_fasta	2024.0	UNKNOWN_LINEAGE	2024-06	9770c54f8825d3eae9f742ef7b5db9926d04ebc9ff38bc172bd1cea408ae13dc	modern_country_time_project_lineage_cap8	focal	
CHN::SAMN50152052	SAMN50152052	SAMN50152052	GCA_053472565		CHN	China	2023	2023-01-01	2023-12-31	2023			year	False	PRJNA1295129	assembly_metadata	current_2406_archive	focal_model_observation	focal_genome_observation	True	archive_analysis_genome	True	False	True				provisional_marker_or_published_annotation							False	1	2026-07-24	Legacy PRN endpoints ignored; record retained only for genome/date/project/marker metadata.						ok	Asia	local_fasta	2023.0	UNKNOWN_LINEAGE	2023	977911f59647ebabf7b315712852db655bbc36d60904d1de71a8dc2e66ae1ee3	modern_country_time_project_lineage_cap8	focal	
JPN::SAMD00570813	SAMD00570813	SAMD00570813	GCA_055380295	DRR428489	JPN	Japan	2020	2020-01-01	2020-12-31	2020			year	False	PRJDB7578	assembly_metadata	current_2406_archive	focal_model_observation	focal_genome_observation	True	archive_analysis_genome	True	False	True			ptxP3/fim3-1	provisional_marker_or_published_annotation	Branch_IIb	ptxP3/fim3-1		ptxP3	fim3-1	MS	False	1	2026-07-24	Legacy PRN endpoints ignored; record retained only for genome/date/project/marker metadata.		4096410	67.5	1	4096410	ok	Asia	local_fasta	2020.0	ptxP3/fim3-1	2020	978a8d48c15064b54be2e121b2969c203c87d7f0d08a8dc75c2f5c1f51d09cb3	modern_country_time_project_lineage_cap8	focal	
CHN::SAMN39683369	SRS20312716	SAMN39683369	RRASM_SRR27796182	SRR27796182	CHN	China		2022-01-01	2022-12-31	2022			year	False	PRJNA1071282	study_accession	current_2406_archive	focal_model_observation	focal_genome_observation	True	archive_analysis_genome	True	False	True			ptxP3/fim3-1	provisional_marker_or_published_annotation	Branch_IIb	ptxP3/fim3-1	MR-MT28-PG2	ptxP3	fim3-1	MR_A2047G	False	1	2026-07-24	Legacy PRN endpoints ignored; record retained only for genome/date/project/marker metadata.						ok	Asia	local_fasta	2022.0	ptxP3/fim3-1	2022	978e95c2af5ac9a1644a9d18e5c5b05a4ce87eb44a4d9f1dfe96a1430da70b0e	modern_country_time_project_lineage_cap8	focal	
BEL::SAMEA117989558	SAMEA117989558	SAMEA117989558		ERR14837954	BEL	Belgium	2023-08-21	2023-08-21	2023-08-21	2023	8	3	day	True	PRJEB88325	ena_study_accession	targeted_belgium_france_public_inventory	focal_model_observation	focal_genome_observation	True	public_raw_reads_pending_uniform_qc	True	True	True			Europe sublineage 1	pending_new_phylogeny	Branch_IIb	ptxP3/fim3-1	Europe sublineage 1	ptxP3	fim3-1	23S_rRNA_1	False	1	2026-07-24	project_member_414_of_416_linked_identity_not_in_ENA_fields							Europe	ena_fastq_download	2023.0	Europe sublineage 1	2023-08	97abdcda9ed5024e39f8100217bce8f5d62fb0037293a52a455c167435848dda	modern_country_time_project_lineage_cap8	focal	
BEL::SAMEA117989617	SAMEA117989617	SAMEA117989617		ERR14838013	BEL	Belgium	2023-12-31	2023-12-31	2023-12-31	2023	12	4	day	True	PRJEB88325	ena_study_accession	targeted_belgium_france_public_inventory	focal_model_observation	focal_genome_observation	True	public_raw_reads_pending_uniform_qc	True	True	True			Europe sublineage 1	pending_new_phylogeny	Branch_IIb	ptxP3/fim3-1	Europe sublineage 1	ptxP3	fim3-1	23S_rRNA_1	False	1	2026-07-24	project_member_414_of_416_linked_identity_not_in_ENA_fields							Europe	ena_fastq_download	2023.0	Europe sublineage 1	2023-12	99d7b36ebe5e54fa5043b95d0c45412e2e16b85eef76937df62ff26e2c752c3f	modern_country_time_project_lineage_cap8	focal	
JPN::SAMD01697921	SAMD01697921	SAMD01697921		DRR902061	JPN	Japan	2025-03-31	2025-03-31	2025-03-31	2025	3	1	day	True	PRJDB37898	ena_study_accession	japan_targeted_ena_projects	focal_model_observation	focal_genome_observation	True	public_raw_reads_pending_uniform_qc	True	False	True				pending_new_phylogeny							False	1	2026-07-24	Targeted Japanese historical or recent public project.							Asia	ena_fastq_download	2025.0	UNKNOWN_LINEAGE	2025-03	9a2679b1041255bace7bb16e9575a4dd1ac1154468d3078757bbb5ef761ed51e	modern_country_time_project_lineage_cap8	focal	
JPN::SAMD00920274	SAMD00920274	SAMD00920274		DRR900580	JPN	Japan	2024	2024-01-01	2024-12-31	2024			year	False	PRJDB34249	ena_study_accession	japan_targeted_ena_projects	focal_model_observation	focal_genome_observation	True	public_raw_reads_pending_uniform_qc	True	False	True				pending_new_phylogeny							False	1	2026-07-24	Targeted Japanese historical or recent public project.							Asia	ena_fastq_download	2024.0	UNKNOWN_LINEAGE	2024	9afde71ae5a6c6b7defa1718094aaf7e5eee1e537f8db1be7abf8d1cf8e77f9c	modern_country_time_project_lineage_cap8	focal	
AUS::SAMN45810611		SAMN45810611		SRR31743993	AUS	Australia	2024-09	2024-09-01	2024-09-30	2024	9	3	month	True	PRJNA1199062	ena_study_accession	australia_fong_2026_direct_specimens	focal_model_observation	focal_genome_observation	True		True													False	1	2026-07-24								Oceania	ena_fastq_download	2024.0	ptxP1/fim3-26	2024-09	9b2298bd4d3718b036808c97142181702dcd9aed17178e5e78fc6036f21d7f6a	modern_country_time_project_lineage_cap8	focal	
JPN::SAMD01697909	SAMD01697909	SAMD01697909		DRR902049	JPN	Japan	2025-05-26	2025-05-26	2025-05-26	2025	5	2	day	True	PRJDB37898	ena_study_accession	japan_targeted_ena_projects	focal_model_observation	focal_genome_observation	True	public_raw_reads_pending_uniform_qc	True	False	True				pending_new_phylogeny							False	1	2026-07-24	Targeted Japanese historical or recent public project.							Asia	ena_fastq_download	2025.0	UNKNOWN_LINEAGE	2025-05	9c3c7f458935885e09e74df394bd972506ccb05bf647fa6573f6e60c27ffb789	modern_country_time_project_lineage_cap8	focal	
CHN::SAMN44583822	SAMN44583822	SAMN44583822	GCA_050978345		CHN	China	2023-06-08	2023-06-08	2023-06-08	2023	6	2	day	True	PRJNA1182239	assembly_metadata	current_2406_archive	focal_model_observation	focal_genome_observation	True	archive_analysis_genome	True	False	True				provisional_marker_or_published_annotation							False	1	2026-07-24	Legacy PRN endpoints ignored; record retained only for genome/date/project/marker metadata.						ok	Asia	local_fasta	2023.0	UNKNOWN_LINEAGE	2023-06	9d6bf3244f38389387f7c4df5ba67e5080cec6861360e539fbb80358e5cf4481	modern_country_time_project_lineage_cap8	focal	
JPN::SAMD01697922	SAMD01697922	SAMD01697922		DRR902062	JPN	Japan	2025-03-31	2025-03-31	2025-03-31	2025	3	1	day	True	PRJDB37898	ena_study_accession	japan_targeted_ena_projects	focal_model_observation	focal_genome_observation	True	public_raw_reads_pending_uniform_qc	True	False	True				pending_new_phylogeny							False	1	2026-07-24	Targeted Japanese historical or recent public project.							Asia	ena_fastq_download	2025.0	UNKNOWN_LINEAGE	2025-03	9d7939c09a7d8a30ef49112a5df819dc0c88c433c892bfa734268a936aa96249	modern_country_time_project_lineage_cap8	focal	
AUS::SAMN45810508		SAMN45810508		SRR31743903	AUS	Australia	2020-01	2020-01-01	2020-01-31	2020	1	1	month	True	PRJNA1199062	ena_study_accession	australia_fong_2026_direct_specimens	focal_model_observation	focal_genome_observation	True		True													False	1	2026-07-24								Oceania	ena_fastq_download	2020.0	ptxP3/fim3-1	2020-01	9e335445c908b59ec340148518a717bb3462c55d5d9357e5c6840232ed1da1aa	modern_country_time_project_lineage_cap8	focal	
JPN::SAMD01697907	SAMD01697907	SAMD01697907	RRASM_DRR902047	DRR902047	JPN	Japan	2025-05-26	2025-05-26	2025-05-26	2025	5	2	day	True	PRJDB37898	ena_study_accession	japan_targeted_ena_projects;current_2406_archive	focal_model_observation	focal_genome_observation	True	public_raw_reads_pending_uniform_qc	True	False	True				pending_new_phylogeny							False	2	2026-07-24	Targeted Japanese historical or recent public project. | Legacy PRN endpoints ignored; record retained only for genome/date/project/marker metadata.						ok	Asia	local_fasta	2025.0	UNKNOWN_LINEAGE	2025-05	9eb4735c7ae79ebbeae86581fa4f28188b4f7e7573f98d9232e3ce7274c85fb0	modern_country_time_project_lineage_cap8	focal	
BEL::SAMEA117989580	SAMEA117989580	SAMEA117989580		ERR14837976	BEL	Belgium	2023-10-13	2023-10-13	2023-10-13	2023	10	4	day	True	PRJEB88325	ena_study_accession	targeted_belgium_france_public_inventory	focal_model_observation	focal_genome_observation	True	public_raw_reads_pending_uniform_qc	True	True	True			Europe sublineage 2	pending_new_phylogeny	Branch_IIb	ptxP3/fim3-1	Europe sublineage 2	ptxP3	fim3-1	23S_rRNA_1	False	1	2026-07-24	project_member_414_of_416_linked_identity_not_in_ENA_fields							Europe	ena_fastq_download	2023.0	Europe sublineage 2	2023-10	9f0effa00be22c8887e328e9e1fef4cab4b2e60d9a3c639ada0c6edf182d01c4	modern_country_time_project_lineage_cap8	focal	
AUS::SAMN45811369		SAMN45811369		SRR31743869	AUS	Australia	2024-07	2024-07-01	2024-07-31	2024	7	3	month	True	PRJNA1199062	ena_study_accession	australia_fong_2026_direct_specimens	focal_model_observation	focal_genome_observation	True		True													False	1	2026-07-24								Oceania	ena_fastq_download	2024.0	ptxP3/fim3-2	2024-07	9fa5b5f3b6cd062d904a8870e222d2fcc6517461646ba646508f41b19e868b65	modern_country_time_project_lineage_cap8	focal	
AUS::SAMN45810557		SAMN45810557		SRR31743831	AUS	Australia	2024-07	2024-07-01	2024-07-31	2024	7	3	month	True	PRJNA1199062	ena_study_accession	australia_fong_2026_direct_specimens	focal_model_observation	focal_genome_observation	True		True													False	1	2026-07-24								Oceania	ena_fastq_download	2024.0	ptxP3/fim3-2	2024-07	a0bb31da8dc8a3fbcf6524812ec47b2f560ba507f97ee91238014a4a557cac96	modern_country_time_project_lineage_cap8	focal	
CHN::SAMN44583825	SAMN44583825	SAMN44583825	GCA_050978285		CHN	China	2023-06-23	2023-06-23	2023-06-23	2023	6	2	day	True	PRJNA1182239	assembly_metadata	current_2406_archive	focal_model_observation	focal_genome_observation	True	archive_analysis_genome	True	False	True				provisional_marker_or_published_annotation							False	1	2026-07-24	Legacy PRN endpoints ignored; record retained only for genome/date/project/marker metadata.						ok	Asia	local_fasta	2023.0	UNKNOWN_LINEAGE	2023-06	a112c1011ae4a217e6a5bee7aed9ecc407042f67a4eee528aa7084d0af917869	modern_country_time_project_lineage_cap8	focal	
BEL::SAMEA117989516	SAMEA117989516	SAMEA117989516		ERR14837912	BEL	Belgium	2020-03-13	2020-03-13	2020-03-13	2020	3	1	day	True	PRJEB88325	ena_study_accession	targeted_belgium_france_public_inventory	focal_model_observation	focal_genome_observation	True	public_raw_reads_pending_uniform_qc	True	True	True			ptxP3/fim3-2	pending_new_phylogeny	Branch_IIb	ptxP3/fim3-2		ptxP3	fim3-2	23S_rRNA_1	False	1	2026-07-24	project_member_414_of_416_linked_identity_not_in_ENA_fields							Europe	ena_fastq_download	2020.0	ptxP3/fim3-2	2020-03	a1bc51eac2ba81bbcfcb84035993057ad67286b70b09752b6a882e56d4042d50	modern_country_time_project_lineage_cap8	focal	
CHN::SAMN42391120	SAMN42391120	SAMN42391120	GCA_047323565	SRR31303459	CHN	China	2022-03-27	2022-03-27	2022-03-27	2022	3	1	day	True	PRJNA1133929	assembly_metadata	current_2406_archive	focal_model_observation	focal_genome_observation	True	archive_analysis_genome	True	False	True			ptxP1/fim3-1	provisional_marker_or_published_annotation	Branch_IIb	ptxP1/fim3-1		ptxP1	fim3-1	MS	False	1	2026-07-24	Legacy PRN endpoints ignored; record retained only for genome/date/project/marker metadata.						ok	Asia	local_fasta	2022.0	ptxP1/fim3-1	2022-03	a29c0337f6039aaa5b7b49d99edb72aaf8e04711527a46f88ed28196e341dba7	modern_country_time_project_lineage_cap8	focal	
CHN::SAMN39683412	SRS20312726	SAMN39683412	RRASM_SRR27796171	SRR27796171	CHN	China		2022-01-01	2022-12-31	2022			year	False	PRJNA1071282	study_accession	current_2406_archive	focal_model_observation	focal_genome_observation	True	archive_analysis_genome	True	False	True			ptxP3/fim3-1	provisional_marker_or_published_annotation	Branch_IIb	ptxP3/fim3-1	MR-MT28-PG2	ptxP3	fim3-1	MR_A2047G	False	1	2026-07-24	Legacy PRN endpoints ignored; record retained only for genome/date/project/marker metadata.						ok	Asia	local_fasta	2022.0	ptxP3/fim3-1	2022	a315d20f8aabf8449c5523376a97cc4724694dc6fc0096c18b17897b450bf749	modern_country_time_project_lineage_cap8	focal	
CHN::SAMN50152053	SAMN50152053	SAMN50152053	GCA_053472525		CHN	China	2023	2023-01-01	2023-12-31	2023			year	False	PRJNA1295129	assembly_metadata	current_2406_archive	focal_model_observation	focal_genome_observation	True	archive_analysis_genome	True	False	True				provisional_marker_or_published_annotation							False	1	2026-07-24	Legacy PRN endpoints ignored; record retained only for genome/date/project/marker metadata.						ok	Asia	local_fasta	2023.0	UNKNOWN_LINEAGE	2023	a31ec27165e46949328bca086b1867279e84194cbb53977be29378b48b348e20	modern_country_time_project_lineage_cap8	focal	
AUS::SAMN45810568		SAMN45810568		SRR31743916	AUS	Australia	2024-01	2024-01-01	2024-01-31	2024	1	1	month	True	PRJNA1199062	ena_study_accession	australia_fong_2026_direct_specimens	focal_model_observation	focal_genome_observation	True		True													False	1	2026-07-24								Oceania	ena_fastq_download	2024.0	ptxP3/fim3-1	2024-01	a41267b1f0b0c3b79d2310f03f98e9e0f261f902f9cd781a43c833f9e8652d15	modern_country_time_project_lineage_cap8	focal	
CHN::SAMN45156013	SRS23447260	SAMN45156013	RRASM_SRR31615326	SRR31615326	CHN	China		2020-01-01	2020-12-31	2020			year	False	PRJNA1193776	study_accession	current_2406_archive	focal_model_observation	focal_genome_observation	True	archive_analysis_genome	True	False	True			ptxP3/fim3-1	provisional_marker_or_published_annotation	Branch_IIb	ptxP3/fim3-1	MS-MT28	ptxP3	fim3-1	MS	False	1	2026-07-24	Legacy PRN endpoints ignored; record retained only for genome/date/project/marker metadata.		3876610	67.84	433	20870	ok	Asia	local_fasta	2020.0	ptxP3/fim3-1	2020	a57a6cff70d0ee2e929e726f4da3bf063437a9842af63f166530519b65d30cd9	modern_country_time_project_lineage_cap8	focal	
AUS::SAMN44480252	SAMN44480252	SAMN44480252	GCA_046895385		AUS	Australia	2024-08	2024-08-01	2024-08-31	2024	8	3	month	True	PRJNA1178746	assembly_metadata	current_2406_archive	focal_model_observation	focal_genome_observation	True	archive_analysis_genome	True	False	True			ptxP3/fim3-1	provisional_marker_or_published_annotation	Branch_IIb	ptxP3/fim3-1	MR-MT28-PG1	ptxP3	fim3-1	MS	False	1	2026-07-24	Legacy PRN endpoints ignored; record retained only for genome/date/project/marker metadata.		4104613	67.5	1	4104613	ok	Oceania	local_fasta	2024.0	ptxP3/fim3-1	2024-08	a5dd4723950d41abd5ea2b887f0b70d401451982c5f256307b5bce7fab5396aa	modern_country_time_project_lineage_cap8	focal	
FRA::SAMEA115874199	SAMEA115874199	SAMEA115874199		ERR13476608	FRA	France	2024	2024-01-01	2024-12-31	2024			year	False	PRJEB42353	ena_study_accession	targeted_belgium_france_public_inventory	focal_model_observation	focal_genome_observation	True	public_raw_reads_pending_uniform_qc	True	False	True			MS-MT28	pending_new_phylogeny	Branch_IIb	ptxP3/fim3-1	MS-MT28	ptxP3	fim3-1	23S_rRNA_1	False	1	2026-07-24	complete_67_of_67							Europe	ena_fastq_download	2024.0	MS-MT28	2024	a7b3ab5dfa09f392418aa85147a0aae8fc6eb9ba836ddd0a8980bf0db8e8ba34	modern_country_time_project_lineage_cap8	focal	
CHN::SAMN42391107	SAMN42391107	SAMN42391107	GCA_047323785	SRR31303462	CHN	China	2021-08-26	2021-08-26	2021-08-26	2021	8	3	day	True	PRJNA1133929	assembly_metadata	current_2406_archive	focal_model_observation	focal_genome_observation	True	archive_analysis_genome	True	False	True			ptxP1/fim3-1	provisional_marker_or_published_annotation	Branch_IIb	ptxP1/fim3-1		ptxP1	fim3-1	MS	False	1	2026-07-24	Legacy PRN endpoints ignored; record retained only for genome/date/project/marker metadata.						ok	Asia	local_fasta	2021.0	ptxP1/fim3-1	2021-08	a847a57863d659bff7128a0fee0d4ad644148f463db8b356ea5f789b9929df3c	modern_country_time_project_lineage_cap8	focal	
CHN::SAMN42391128	SAMN42391128	SAMN42391128	GCA_047323485	SRR31303450	CHN	China	2022-05-25	2022-05-25	2022-05-25	2022	5	2	day	True	PRJNA1133929	assembly_metadata	current_2406_archive	focal_model_observation	focal_genome_observation	True	archive_analysis_genome	True	False	True			ptxP3/fim3-1	provisional_marker_or_published_annotation	Branch_IIb	ptxP3/fim3-1	MR-MT28-PG1	ptxP3	fim3-1	MS	False	1	2026-07-24	Legacy PRN endpoints ignored; record retained only for genome/date/project/marker metadata.						ok	Asia	local_fasta	2022.0	ptxP3/fim3-1	2022-05	a92b7913126b7f923f871901ac8cceaa59a920417f86fe7e2b40660da52e8926	modern_country_time_project_lineage_cap8	focal	
CHN::SAMN45156030	SRS23447269	SAMN45156030	RRASM_SRR31615317	SRR31615317	CHN	China		2023-01-01	2023-12-31	2023			year	False	PRJNA1193776	study_accession	current_2406_archive	focal_model_observation	focal_genome_observation	True	archive_analysis_genome	True	False	True			ptxP3/fim3-1	provisional_marker_or_published_annotation	Branch_IIb	ptxP3/fim3-1	MR-MT28-others	ptxP3	fim3-1	MR_A2047G	False	1	2026-07-24	Legacy PRN endpoints ignored; record retained only for genome/date/project/marker metadata.						ok	Asia	local_fasta	2023.0	ptxP3/fim3-1	2023	a9c97c1cd59665be0c528110def8546c946c9411102566cfd6a2f9ed1e6c68f9	modern_country_time_project_lineage_cap8	focal	
CHN::SAMN44583838	SAMN44583838	SAMN44583838	GCA_050978005		CHN	China	2024-01-30	2024-01-30	2024-01-30	2024	1	1	day	True	PRJNA1182239	assembly_metadata	current_2406_archive	focal_model_observation	focal_genome_observation	True	archive_analysis_genome	True	False	True				provisional_marker_or_published_annotation							False	1	2026-07-24	Legacy PRN endpoints ignored; record retained only for genome/date/project/marker metadata.						ok	Asia	local_fasta	2024.0	UNKNOWN_LINEAGE	2024-01	aa969b20ab3084f4f6e821224aeba7293cb8a99d7179d9c317f4ebbbe34d186b	modern_country_time_project_lineage_cap8	focal	
FRA::SAMEA115874215	SAMEA115874215	SAMEA115874215		ERR13476624	FRA	France	2024	2024-01-01	2024-12-31	2024			year	False	PRJEB42353	ena_study_accession	targeted_belgium_france_public_inventory	focal_model_observation	focal_genome_observation	True	public_raw_reads_pending_uniform_qc	True	False	True			Europe sublineage 2	pending_new_phylogeny	Branch_IIb	ptxP3/fim3-1	Europe sublineage 2	ptxP3	fim3-1	23S_rRNA_1	False	1	2026-07-24	complete_67_of_67							Europe	ena_fastq_download	2024.0	Europe sublineage 2	2024	ab03f1a2dac777fea6379b95e580f8c1f6ad1767549738893922654bd75b7e3c	modern_country_time_project_lineage_cap8	focal	
CHN::SAMN44583863	SAMN44583863	SAMN44583863	GCA_050977505		CHN	China	2024-01-31	2024-01-31	2024-01-31	2024	1	1	day	True	PRJNA1182239	assembly_metadata	current_2406_archive	focal_model_observation	focal_genome_observation	True	archive_analysis_genome	True	False	True				provisional_marker_or_published_annotation							False	1	2026-07-24	Legacy PRN endpoints ignored; record retained only for genome/date/project/marker metadata.						ok	Asia	local_fasta	2024.0	UNKNOWN_LINEAGE	2024-01	abcf3e4b114953d08e7a95beb43994055ea2364a233274bfeccf0e37e15ec746	modern_country_time_project_lineage_cap8	focal	
CHN::SAMN42391100	SAMN42391100	SAMN42391100	GCA_047323945	SRR31303470	CHN	China	2022-02-10	2022-02-10	2022-02-10	2022	2	1	day	True	PRJNA1133929	assembly_metadata	current_2406_archive	focal_model_observation	focal_genome_observation	True	archive_analysis_genome	True	False	True			ptxP1/fim3-1	provisional_marker_or_published_annotation	Branch_IIb	ptxP1/fim3-1		ptxP1	fim3-1	MS	False	1	2026-07-24	Legacy PRN endpoints ignored; record retained only for genome/date/project/marker metadata.						ok	Asia	local_fasta	2022.0	ptxP1/fim3-1	2022-02	acdf11879209dd7c20723c1200d9fd7355d5db0b22eca1f6828eff11155929b4	modern_country_time_project_lineage_cap8	focal	
BEL::SAMEA117989519	SAMEA117989519	SAMEA117989519		ERR14837915	BEL	Belgium	2020-03-23	2020-03-23	2020-03-23	2020	3	1	day	True	PRJEB88325	ena_study_accession	targeted_belgium_france_public_inventory	focal_model_observation	focal_genome_observation	True	public_raw_reads_pending_uniform_qc	True	True	True			ptxP3/fim3-2	pending_new_phylogeny	Branch_IIb	ptxP3/fim3-2		ptxP3	fim3-2	23S_rRNA_1	False	1	2026-07-24	project_member_414_of_416_linked_identity_not_in_ENA_fields							Europe	ena_fastq_download	2020.0	ptxP3/fim3-2	2020-03	ad8e303efb50732928ceb508b697d4a4eb7464e4aeb5a503f0c010be411555bd	modern_country_time_project_lineage_cap8	focal	
CHN::SAMN43024022	SAMN43024022	SAMN43024022	GCA_042610845		CHN	China	2024-05-13	2024-05-13	2024-05-13	2024	5	2	day	True	PRJNA1143937	assembly_metadata	current_2406_archive	focal_model_observation	focal_genome_observation	True	archive_analysis_genome	True	False	True				provisional_marker_or_published_annotation							False	1	2026-07-24	Legacy PRN endpoints ignored; record retained only for genome/date/project/marker metadata.						ok	Asia	local_fasta	2024.0	UNKNOWN_LINEAGE	2024-05	ae29d96fde9e102a51be5ccd815b4f0755fd9650ac2151a9b14bbea8b44c008f	modern_country_time_project_lineage_cap8	focal	
CHN::SAMN44583817	SAMN44583817	SAMN44583817	GCA_050978465		CHN	China	2023-03-27	2023-03-27	2023-03-27	2023	3	1	day	True	PRJNA1182239	assembly_metadata	current_2406_archive	focal_model_observation	focal_genome_observation	True	archive_analysis_genome	True	False	True				provisional_marker_or_published_annotation							False	1	2026-07-24	Legacy PRN endpoints ignored; record retained only for genome/date/project/marker metadata.						ok	Asia	local_fasta	2023.0	UNKNOWN_LINEAGE	2023-03	af0c492def7294b200f8c25dd564615b716ceba2cc499969d767c23e1a8eec02	modern_country_time_project_lineage_cap8	focal	
CHN::SAMN50152056	SAMN50152056	SAMN50152056	GCA_053472505		CHN	China	2023	2023-01-01	2023-12-31	2023			year	False	PRJNA1295129	assembly_metadata	current_2406_archive	focal_model_observation	focal_genome_observation	True	archive_analysis_genome	True	False	True				provisional_marker_or_published_annotation							False	1	2026-07-24	Legacy PRN endpoints ignored; record retained only for genome/date/project/marker metadata.						ok	Asia	local_fasta	2023.0	UNKNOWN_LINEAGE	2023	af83a251fbdbd1eacfb7404499852120674a14fc6a213d2c9db2cf99dd795e06	modern_country_time_project_lineage_cap8	focal	
CHN::SAMN42391104	SAMN42391104	SAMN42391104	GCA_047323835	SRR31303464	CHN	China	2022-03-16	2022-03-16	2022-03-16	2022	3	1	day	True	PRJNA1133929	assembly_metadata	current_2406_archive	focal_model_observation	focal_genome_observation	True	archive_analysis_genome	True	False	True			ptxP3/fim3-1	provisional_marker_or_published_annotation	Branch_IIb	ptxP3/fim3-1	MR-MT28-PG1	ptxP3	fim3-1	MS	False	1	2026-07-24	Legacy PRN endpoints ignored; record retained only for genome/date/project/marker metadata.						ok	Asia	local_fasta	2022.0	ptxP3/fim3-1	2022-03	b1a1a4b77fcbf9c6b08024b671162bb4660298b4bca2adf2907fe9ab9e13f8e5	modern_country_time_project_lineage_cap8	focal	
FRA::SAMEA115874225	SAMEA115874225	SAMEA115874225		ERR13476634	FRA	France	2024	2024-01-01	2024-12-31	2024			year	False	PRJEB42353	ena_study_accession	targeted_belgium_france_public_inventory	focal_model_observation	focal_genome_observation	True	public_raw_reads_pending_uniform_qc	True	False	True			ptxP3/fim3-2	pending_new_phylogeny	Branch_IIb	ptxP3/fim3-2		ptxP3	fim3-2	23S_rRNA_1	False	1	2026-07-24	complete_67_of_67							Europe	ena_fastq_download	2024.0	ptxP3/fim3-2	2024	b257b82daf0848c33fa684581a4648b84059dd96331383bec681920da9f76bdd	modern_country_time_project_lineage_cap8	focal	
CHN::SAMN43024023	SAMN43024023	SAMN43024023	GCA_042610825		CHN	China	2024-05-13	2024-05-13	2024-05-13	2024	5	2	day	True	PRJNA1143937	assembly_metadata	current_2406_archive	focal_model_observation	focal_genome_observation	True	archive_analysis_genome	True	False	True				provisional_marker_or_published_annotation							False	1	2026-07-24	Legacy PRN endpoints ignored; record retained only for genome/date/project/marker metadata.						ok	Asia	local_fasta	2024.0	UNKNOWN_LINEAGE	2024-05	b3708d87d22252a0458a9ff659da5db1e0b65e80d7c79c1126ece3c6a5b4a80c	modern_country_time_project_lineage_cap8	focal	
CHN::SAMN42391103	SAMN42391103	SAMN42391103	GCA_047323845	SRR31303465	CHN	China	2022-03-15	2022-03-15	2022-03-15	2022	3	1	day	True	PRJNA1133929	assembly_metadata	current_2406_archive	focal_model_observation	focal_genome_observation	True	archive_analysis_genome	True	False	True			ptxP3/fim3-1	provisional_marker_or_published_annotation	Branch_IIb	ptxP3/fim3-1	MR-MT28-PG1	ptxP3	fim3-1	MS	False	1	2026-07-24	Legacy PRN endpoints ignored; record retained only for genome/date/project/marker metadata.						ok	Asia	local_fasta	2022.0	ptxP3/fim3-1	2022-03	b39c132c50ccace65333b30db50796e72cc41f5e8ea79a3ec6a98227a817ba97	modern_country_time_project_lineage_cap8	focal	
JPN::SAMD00892049	SAMD00892049	SAMD00892049	GCA_054655955	DRR902034	JPN	Japan	2025-02-06	2025-02-06	2025-02-06	2025	2	1	day	True	PRJDB20413	ena_study_accession	japan_targeted_ena_projects;current_2406_archive	focal_model_observation	focal_genome_observation	True	public_raw_reads_pending_uniform_qc	True	False	True				pending_new_phylogeny							False	2	2026-07-24	Targeted Japanese historical or recent public project. | Legacy PRN endpoints ignored; record retained only for genome/date/project/marker metadata.						ok	Asia	local_fasta	2025.0	UNKNOWN_LINEAGE	2025-02	b4b394c6f0a3459aaf3a0d73d0b57368cf1d8b6828d3025f0bcf8ff873055113	modern_country_time_project_lineage_cap8	focal	
AUS::SAMN45810580		SAMN45810580		SRR31743902	AUS	Australia	2024-05	2024-05-01	2024-05-31	2024	5	2	month	True	PRJNA1199062	ena_study_accession	australia_fong_2026_direct_specimens	focal_model_observation	focal_genome_observation	True		True													False	1	2026-07-24								Oceania	ena_fastq_download	2024.0	ptxP3/fim3-1	2024-05	b5937ed78eabe1149d1309faaa6679fc5a84b6fa85120d1180bd340462d76405	modern_country_time_project_lineage_cap8	focal	
CHN::SAMN43024018	SAMN43024018	SAMN43024018	GCA_042610925		CHN	China	2024-05-02	2024-05-02	2024-05-02	2024	5	2	day	True	PRJNA1143937	assembly_metadata	current_2406_archive	focal_model_observation	focal_genome_observation	True	archive_analysis_genome	True	False	True			ptxP3/fim3-1	provisional_marker_or_published_annotation	Branch_IIb	ptxP3/fim3-1	MR-MT28-others	ptxP3	fim3-1	MR_A2047G	False	1	2026-07-24	Legacy PRN endpoints ignored; record retained only for genome/date/project/marker metadata.						ok	Asia	local_fasta	2024.0	ptxP3/fim3-1	2024-05	b699f5731c2e240d535c296389d79186863134c01be8e4cb852c958451aaadd0	modern_country_time_project_lineage_cap8	focal	
CHN::SAMN42391089	SAMN42391089	SAMN42391089	GCA_047324055	SRR31303424	CHN	China	2021-11-13	2021-11-13	2021-11-13	2021	11	4	day	True	PRJNA1133929	assembly_metadata	current_2406_archive	focal_model_observation	focal_genome_observation	True	archive_analysis_genome	True	False	True			ptxP1/fim3-1	provisional_marker_or_published_annotation	Branch_IIb	ptxP1/fim3-1		ptxP1	fim3-1	MS	False	1	2026-07-24	Legacy PRN endpoints ignored; record retained only for genome/date/project/marker metadata.						ok	Asia	local_fasta	2021.0	ptxP1/fim3-1	2021-11	b6fa2d03f16c8a84305355027de0e05a025b367cce4673c5602d29c18fc142db	modern_country_time_project_lineage_cap8	focal	
FRA::SAMEA115874231	SAMEA115874231	SAMEA115874231		ERR13476640	FRA	France	2024	2024-01-01	2024-12-31	2024			year	False	PRJEB42353	ena_study_accession	targeted_belgium_france_public_inventory	focal_model_observation	focal_genome_observation	True	public_raw_reads_pending_uniform_qc	True	False	True			others	pending_new_phylogeny	Branch_IIb	others		ptxP1	fim3-26	23S_rRNA_1	False	1	2026-07-24	complete_67_of_67							Europe	ena_fastq_download	2024.0	others	2024	b7026675a487eb5677f0089bd6a4805ef50e85032a2fbcb861f1207982e4b6bf	modern_country_time_project_lineage_cap8	focal	
JPN::SAMD01797764	SAMD01797764	SAMD01797764		DRR900592	JPN	Japan	2025-10	2025-10-01	2025-10-31	2025	10	4	month	True	PRJDB34249	ena_study_accession	japan_targeted_ena_projects	focal_model_observation	focal_genome_observation	True	public_raw_reads_pending_uniform_qc	True	False	True				pending_new_phylogeny							False	1	2026-07-24	Targeted Japanese historical or recent public project.							Asia	ena_fastq_download	2025.0	UNKNOWN_LINEAGE	2025-10	b7049ae2290ab0fd1336dc8ffc6599cfbe323044af576e50d574a1e43b83d37a	modern_country_time_project_lineage_cap8	focal	
AUS::SAMN45810542		SAMN45810542		SRR31743847	AUS	Australia	2024-01	2024-01-01	2024-01-31	2024	1	1	month	True	PRJNA1199062	ena_study_accession	australia_fong_2026_direct_specimens	focal_model_observation	focal_genome_observation	True		True													False	1	2026-07-24								Oceania	ena_fastq_download	2024.0	ptxP3/fim3-2	2024-01	b747f3d35a0ee53c5eb05eb77f69e10a9c4e5defb834244091e917893e5eaea3	modern_country_time_project_lineage_cap8	focal	
AUS::SAMN45810579		SAMN45810579		SRR31743904	AUS	Australia	2024-04	2024-04-01	2024-04-30	2024	4	2	month	True	PRJNA1199062	ena_study_accession	australia_fong_2026_direct_specimens	focal_model_observation	focal_genome_observation	True		False													False	1	2026-07-24								Oceania	ena_fastq_download	2024.0	ptxP(~5)/fim3-26	2024-04	b8d047a7a1cc4d5eaef0c57ff1c56fff1b9714a59fd41f4bbbb166c01089095b	modern_country_time_project_lineage_cap8	focal	
AUS::SAMN45810586		SAMN45810586		SRR31743896	AUS	Australia	2024-01	2024-01-01	2024-01-31	2024	1	1	month	True	PRJNA1199062	ena_study_accession	australia_fong_2026_direct_specimens	focal_model_observation	focal_genome_observation	True		True													False	1	2026-07-24								Oceania	ena_fastq_download	2024.0	ptxP3/fim3-2	2024-01	b9e570bab08e1476fc1ae857f5905f1fda3e0080751dd8f16fde3ae52bdad679	modern_country_time_project_lineage_cap8	focal	
AUS::SAMN45810551		SAMN45810551		SRR31743837	AUS	Australia	2024-06	2024-06-01	2024-06-30	2024	6	2	month	True	PRJNA1199062	ena_study_accession	australia_fong_2026_direct_specimens	focal_model_observation	focal_genome_observation	True		True													False	1	2026-07-24								Oceania	ena_fastq_download	2024.0	ptxP3/fim3-2	2024-06	ba371ff0cfd9945ffefa32184d5a076ecf6aedd2d50e11e5187a940e43900748	modern_country_time_project_lineage_cap8	focal	
CHN::SAMN44583840	SAMN44583840	SAMN44583840	GCA_050977965		CHN	China	2024-01-31	2024-01-31	2024-01-31	2024	1	1	day	True	PRJNA1182239	assembly_metadata	current_2406_archive	focal_model_observation	focal_genome_observation	True	archive_analysis_genome	True	False	True				provisional_marker_or_published_annotation							False	1	2026-07-24	Legacy PRN endpoints ignored; record retained only for genome/date/project/marker metadata.						ok	Asia	local_fasta	2024.0	UNKNOWN_LINEAGE	2024-01	ba3b0e86204c37e8de3e71184b89e0e6eb844c1568136fef68af02b43bc6e5b1	modern_country_time_project_lineage_cap8	focal	
FRA::SAMEA115874243	SAMEA115874243	SAMEA115874243		ERR13476652	FRA	France	2024	2024-01-01	2024-12-31	2024			year	False	PRJEB42353	ena_study_accession	targeted_belgium_france_public_inventory	focal_model_observation	focal_genome_observation	True	public_raw_reads_pending_uniform_qc	True	False	True			others	pending_new_phylogeny	Branch_IIb	others		ptxP1	fim3-26	23S_rRNA_1	False	1	2026-07-24	complete_67_of_67							Europe	ena_fastq_download	2024.0	others	2024	ba853e529eb3c85171e7b3ea540017a7ba6c4cb4ceaac010da670d4f0b91a0a2	modern_country_time_project_lineage_cap8	focal	
FRA::SAMEA115874186	SAMEA115874186	SAMEA115874186		ERR13476595	FRA	France	2023	2023-01-01	2023-12-31	2023			year	False	PRJEB42353	ena_study_accession	targeted_belgium_france_public_inventory	focal_model_observation	focal_genome_observation	True	public_raw_reads_pending_uniform_qc	True	False	True			ptxP3/fim3-1	pending_new_phylogeny	Branch_IIb	ptxP3/fim3-1		ptxP3	fim3-1	23S_rRNA_1	False	1	2026-07-24	complete_67_of_67							Europe	ena_fastq_download	2023.0	ptxP3/fim3-1	2023	bbe42c70f8d9fa3ebaba22dbedb78394233aec64e98f3a1fd763e014c63d88e1	modern_country_time_project_lineage_cap8	focal	
BEL::SAMEA117989546	SAMEA117989546	SAMEA117989546		ERR14837942	BEL	Belgium	2023-07-10	2023-07-10	2023-07-10	2023	7	3	day	True	PRJEB88325	ena_study_accession	targeted_belgium_france_public_inventory	focal_model_observation	focal_genome_observation	True	public_raw_reads_pending_uniform_qc	True	True	True			others	pending_new_phylogeny	Branch_IIb	others		ptxP1	fim3-4	23S_rRNA_1	False	1	2026-07-24	project_member_414_of_416_linked_identity_not_in_ENA_fields							Europe	ena_fastq_download	2023.0	others	2023-07	bc355ee3d6074f163ed142a5451094bebaf938c56a05e35c9830fa0ed9126e68	modern_country_time_project_lineage_cap8	focal	
AUS::SAMN45810544		SAMN45810544		SRR31743845	AUS	Australia	2024-01	2024-01-01	2024-01-31	2024	1	1	month	True	PRJNA1199062	ena_study_accession	australia_fong_2026_direct_specimens	focal_model_observation	focal_genome_observation	True		True													False	1	2026-07-24								Oceania	ena_fastq_download	2024.0	ptxP3/fim3-2	2024-01	bc5d08d881c204f763a6a389686f29d01da01bc92367918b8a183aa83362144a	modern_country_time_project_lineage_cap8	focal	
CHN::SAMN44583835	SAMN44583835	SAMN44583835	GCA_050978085		CHN	China	2024-01-24	2024-01-24	2024-01-24	2024	1	1	day	True	PRJNA1182239	assembly_metadata	current_2406_archive	focal_model_observation	focal_genome_observation	True	archive_analysis_genome	True	False	True				provisional_marker_or_published_annotation							False	1	2026-07-24	Legacy PRN endpoints ignored; record retained only for genome/date/project/marker metadata.						ok	Asia	local_fasta	2024.0	UNKNOWN_LINEAGE	2024-01	bcd8b50df55f7571b03987a0ebf42f49332f596cdc1352b27fb79859d73e8615	modern_country_time_project_lineage_cap8	focal	
BEL::SAMEA117989597	SAMEA117989597	SAMEA117989597		ERR14837993	BEL	Belgium	2023-11-26	2023-11-26	2023-11-26	2023	11	4	day	True	PRJEB88325	ena_study_accession	targeted_belgium_france_public_inventory	focal_model_observation	focal_genome_observation	True	public_raw_reads_pending_uniform_qc	True	True	True			Europe sublineage 2	pending_new_phylogeny	Branch_IIb	ptxP3/fim3-1	Europe sublineage 2	ptxP3	fim3-1	23S_rRNA_1	False	1	2026-07-24	project_member_414_of_416_linked_identity_not_in_ENA_fields							Europe	ena_fastq_download	2023.0	Europe sublineage 2	2023-11	bcee9457edc68188b2367771d893b9d26ce4f1d872dcd2d9b8b3ad9df5543bc7	modern_country_time_project_lineage_cap8	focal	
FRA::SAMEA117615782	SAMEA117615782	SAMEA117615782	GCA_965117315		FRA	France	2024	2024-01-01	2024-12-31	2024			year	False	PRJEB85093	assembly_metadata	current_2406_archive	focal_model_observation	focal_genome_observation	True	archive_analysis_genome	True	False	True			ptxP3	provisional_marker_or_published_annotation				ptxP3		MS	False	1	2026-07-24	Legacy PRN endpoints ignored; record retained only for genome/date/project/marker metadata.		4144110	67.5	8	3243543	ok	Europe	local_fasta	2024.0	ptxP3	2024	bd42139f5907e6d3c598868388b8cca0713565da5acca3cefead00013979083f	modern_country_time_project_lineage_cap8	focal	
AUS::SAMN45810585		SAMN45810585		SRR31743897	AUS	Australia	2024-08	2024-08-01	2024-08-31	2024	8	3	month	True	PRJNA1199062	ena_study_accession	australia_fong_2026_direct_specimens	focal_model_observation	focal_genome_observation	True		True													False	1	2026-07-24								Oceania	ena_fastq_download	2024.0	ptxP3/fim3-1	2024-08	bd7efab42cb1d961a23672a13ce5ba034322ca3317f475b42015ba823fe6c23b	modern_country_time_project_lineage_cap8	focal	
CHN::SAMN44583837	SAMN44583837	SAMN44583837	GCA_050978025		CHN	China	2024-01-25	2024-01-25	2024-01-25	2024	1	1	day	True	PRJNA1182239	assembly_metadata	current_2406_archive	focal_model_observation	focal_genome_observation	True	archive_analysis_genome	True	False	True				provisional_marker_or_published_annotation							False	1	2026-07-24	Legacy PRN endpoints ignored; record retained only for genome/date/project/marker metadata.						ok	Asia	local_fasta	2024.0	UNKNOWN_LINEAGE	2024-01	bdb47ae0df7b85b92e229a4ecfed56b8093f57bafb1804798fa1bbf4706101ed	modern_country_time_project_lineage_cap8	focal	
BEL::SAMEA117989592	SAMEA117989592	SAMEA117989592		ERR14837988	BEL	Belgium	2023-11-16	2023-11-16	2023-11-16	2023	11	4	day	True	PRJEB88325	ena_study_accession	targeted_belgium_france_public_inventory	focal_model_observation	focal_genome_observation	True	public_raw_reads_pending_uniform_qc	True	True	True			ptxP3/fim3-2	pending_new_phylogeny	Branch_IIb	ptxP3/fim3-2		ptxP3	fim3-2	23S_rRNA_1	False	1	2026-07-24	project_member_414_of_416_linked_identity_not_in_ENA_fields							Europe	ena_fastq_download	2023.0	ptxP3/fim3-2	2023-11	be97d9cdb72a5d69483d609a6ce278dba5d313d054e42a49c3f9b930a495c72c	modern_country_time_project_lineage_cap8	focal	
BEL::SAMEA117989515	SAMEA117989515	SAMEA117989515		ERR14837911	BEL	Belgium	2020-03-05	2020-03-05	2020-03-05	2020	3	1	day	True	PRJEB88325	ena_study_accession	targeted_belgium_france_public_inventory	focal_model_observation	focal_genome_observation	True	public_raw_reads_pending_uniform_qc	True	True	True			ptxP3/fim3-2	pending_new_phylogeny	Branch_IIb	ptxP3/fim3-2		ptxP3	fim3-2	23S_rRNA_1	False	1	2026-07-24	project_member_414_of_416_linked_identity_not_in_ENA_fields							Europe	ena_fastq_download	2020.0	ptxP3/fim3-2	2020-03	bebc19a162cd75510a506b3d44b8a874366a0e4d260f4dc05ecb4e705be7972f	modern_country_time_project_lineage_cap8	focal	
JPN::SAMD01697925	SAMD01697925	SAMD01697925	RRASM_DRR902065	DRR902065	JPN	Japan	2025-04-22	2025-04-22	2025-04-22	2025	4	2	day	True	PRJDB37898	ena_study_accession	japan_targeted_ena_projects;current_2406_archive	focal_model_observation	focal_genome_observation	True	public_raw_reads_pending_uniform_qc	True	False	True				pending_new_phylogeny							False	2	2026-07-24	Targeted Japanese historical or recent public project. | Legacy PRN endpoints ignored; record retained only for genome/date/project/marker metadata.						ok	Asia	local_fasta	2025.0	UNKNOWN_LINEAGE	2025-04	bf1337af9807c9dd4f75ce847fb74c14bc643395cf02134068b3f6df2a4d3da8	modern_country_time_project_lineage_cap8	focal	
CHN::SAMN39683299	SRS20312925	SAMN39683299	RRASM_SRR27796610	SRR27796610	CHN	China		2021-01-01	2021-12-31	2021			year	False	PRJNA1071282	study_accession	current_2406_archive	focal_model_observation	focal_genome_observation	True	archive_analysis_genome	True	False	True			ptxP3/fim3-1	provisional_marker_or_published_annotation	Branch_IIb	ptxP3/fim3-1		ptxP3	fim3-1	MS	False	1	2026-07-24	Legacy PRN endpoints ignored; record retained only for genome/date/project/marker metadata.						ok	Asia	local_fasta	2021.0	ptxP3/fim3-1	2021	bf3002003ee51165bcb47fe694ff4221a2b20bf24c624874e634e112b24f9abe	modern_country_time_project_lineage_cap8	focal	
JPN::SAMD01697914	SAMD01697914	SAMD01697914		DRR902054	JPN	Japan	2025-02-25	2025-02-25	2025-02-25	2025	2	1	day	True	PRJDB37898	ena_study_accession	japan_targeted_ena_projects	focal_model_observation	focal_genome_observation	True	public_raw_reads_pending_uniform_qc	True	False	True				pending_new_phylogeny							False	1	2026-07-24	Targeted Japanese historical or recent public project.							Asia	ena_fastq_download	2025.0	UNKNOWN_LINEAGE	2025-02	bfd955869ab6b7c2198b5c418ab1f4631c5db94c5069c97c1004c68ba56f52c8	modern_country_time_project_lineage_cap8	focal	
AUS::SAMN45810503		SAMN45810503		SRR31743926	AUS	Australia	2024-02	2024-02-01	2024-02-29	2024	2	1	month	True	PRJNA1199062	ena_study_accession	australia_fong_2026_direct_specimens	focal_model_observation	focal_genome_observation	True		True													False	1	2026-07-24								Oceania	ena_fastq_download	2024.0	ptxP3/fim3-2	2024-02	c178f9866909957ff676c450bbbca72013aecb08154cf453eccc3f3a5db03700	modern_country_time_project_lineage_cap8	focal	
BEL::SAMEA117989550	SAMEA117989550	SAMEA117989550		ERR14837946	BEL	Belgium	2023-07-25	2023-07-25	2023-07-25	2023	7	3	day	True	PRJEB88325	ena_study_accession	targeted_belgium_france_public_inventory	focal_model_observation	focal_genome_observation	True	public_raw_reads_pending_uniform_qc	True	True	True			others	pending_new_phylogeny	Branch_IIb	others		ptxP1	fim3-4	23S_rRNA_1	False	1	2026-07-24	project_member_414_of_416_linked_identity_not_in_ENA_fields							Europe	ena_fastq_download	2023.0	others	2023-07	c20dc063906c72689bc2d71bdeb4cf6b12a38e638ab2e775f4acc50109ab662f	modern_country_time_project_lineage_cap8	focal	
BEL::SAMEA117989511	SAMEA117989511	SAMEA117989511		ERR14837907	BEL	Belgium	2020-01-13	2020-01-13	2020-01-13	2020	1	1	day	True	PRJEB88325	ena_study_accession	targeted_belgium_france_public_inventory	focal_model_observation	focal_genome_observation	True	public_raw_reads_pending_uniform_qc	True	True	True			ptxP3/fim3-1	pending_new_phylogeny	Branch_IIb	ptxP3/fim3-1		ptxP3	fim3-1	23S_rRNA_1	False	1	2026-07-24	project_member_414_of_416_linked_identity_not_in_ENA_fields							Europe	ena_fastq_download	2020.0	ptxP3/fim3-1	2020-01	c2181b8a07439c856bae8f42aa140f89d37a4b3deb85ada92e268572e71fa726	modern_country_time_project_lineage_cap8	focal	
AUS::SAMN45810536		SAMN45810536		SRR31743919	AUS	Australia	2024-06	2024-06-01	2024-06-30	2024	6	2	month	True	PRJNA1199062	ena_study_accession	australia_fong_2026_direct_specimens	focal_model_observation	focal_genome_observation	True		True													False	1	2026-07-24								Oceania	ena_fastq_download	2024.0	ptxP3/fim3-1	2024-06	c232c2f9c514c8c4a2a46bb62f63eba3d9e6ca18946b410a6d714949f6fc6c2c	modern_country_time_project_lineage_cap8	focal	
FRA::SAMEA115874211	SAMEA115874211	SAMEA115874211		ERR13476620	FRA	France	2024	2024-01-01	2024-12-31	2024			year	False	PRJEB42353	ena_study_accession	targeted_belgium_france_public_inventory	focal_model_observation	focal_genome_observation	True	public_raw_reads_pending_uniform_qc	True	False	True			ptxP3/fim3-2	pending_new_phylogeny	Branch_IIb	ptxP3/fim3-2		ptxP3	fim3-2	23S_rRNA_1	False	1	2026-07-24	complete_67_of_67							Europe	ena_fastq_download	2024.0	ptxP3/fim3-2	2024	c367ba0bd1de025b3026fd18026d3144170e367e7db494d0a0189510f55a0460	modern_country_time_project_lineage_cap8	focal	
AUS::SAMN45810595		SAMN45810595		SRR31743885	AUS	Australia	2024-09	2024-09-01	2024-09-30	2024	9	3	month	True	PRJNA1199062	ena_study_accession	australia_fong_2026_direct_specimens	focal_model_observation	focal_genome_observation	True		True													False	1	2026-07-24								Oceania	ena_fastq_download	2024.0	ptxP3/fim3-1	2024-09	c39923a0baa6e41ba6fff2846862ffa7b9794c6df07aa75da75b0fe898c32e5e	modern_country_time_project_lineage_cap8	focal	
CHN::SAMN32034026	SRS15975412	SAMN32034026	RRASM_SRR22540991	SRR22540991	CHN	China		2021-01-01	2021-12-31	2021			year	False	PRJNA908268	study_accession	current_2406_archive	focal_model_observation	focal_genome_observation	True	archive_analysis_genome	True	False	True				provisional_marker_or_published_annotation							False	1	2026-07-24	Legacy PRN endpoints ignored; record retained only for genome/date/project/marker metadata.						ok	Asia	local_fasta	2021.0	UNKNOWN_LINEAGE	2021	c45f6f46a23810d5363fff5c858aaa3f0db672a66834288562e52c0d42391001	modern_country_time_project_lineage_cap8	focal	
AUS::SAMN45810589		SAMN45810589		SRR31743893	AUS	Australia	2024-08	2024-08-01	2024-08-31	2024	8	3	month	True	PRJNA1199062	ena_study_accession	australia_fong_2026_direct_specimens	focal_model_observation	focal_genome_observation	True		True													False	1	2026-07-24								Oceania	ena_fastq_download	2024.0	ptxP3/fim3-2	2024-08	c4911e696f1fbda78273fd32ac16b76c98344700d11a63259c4e38def1d70935	modern_country_time_project_lineage_cap8	focal	
AUS::SAMN45810584		SAMN45810584		SRR31743898	AUS	Australia	2024-08	2024-08-01	2024-08-31	2024	8	3	month	True	PRJNA1199062	ena_study_accession	australia_fong_2026_direct_specimens	focal_model_observation	focal_genome_observation	True		True													False	1	2026-07-24								Oceania	ena_fastq_download	2024.0	ptxP3/fim3-1	2024-08	c4de0b600eaf8c6bd7277cf5234d48554a60fe045c20bc6a54e14ff88bb446ec	modern_country_time_project_lineage_cap8	focal	
BEL::SAMEA117989574	SAMEA117989574	SAMEA117989574		ERR14837970	BEL	Belgium	2023-09-25	2023-09-25	2023-09-25	2023	9	3	day	True	PRJEB88325	ena_study_accession	targeted_belgium_france_public_inventory	focal_model_observation	focal_genome_observation	True	public_raw_reads_pending_uniform_qc	True	True	True			Europe sublineage 2	pending_new_phylogeny	Branch_IIb	ptxP3/fim3-1	Europe sublineage 2	ptxP3	fim3-1	23S_rRNA_1	False	1	2026-07-24	project_member_414_of_416_linked_identity_not_in_ENA_fields							Europe	ena_fastq_download	2023.0	Europe sublineage 2	2023-09	c4f5a9ad8845470d2d1aa23e101fc99b2ec8ab38c545b94c3f2f5c60d4b761ad	modern_country_time_project_lineage_cap8	focal	
AUS::SAMN45810577		SAMN45810577		SRR31743906	AUS	Australia	2024-03	2024-03-01	2024-03-31	2024	3	1	month	True	PRJNA1199062	ena_study_accession	australia_fong_2026_direct_specimens	focal_model_observation	focal_genome_observation	True		False													False	1	2026-07-24								Oceania	ena_fastq_download	2024.0	ptxP3/fim3-27	2024-03	c51dc6753eadf2bedf7be66eeb05095aa6a4bda35e9e274b782beaba0be0ddeb	modern_country_time_project_lineage_cap8	focal	
BEL::SAMEA117989544	SAMEA117989544	SAMEA117989544		ERR14837940	BEL	Belgium	2023-06-20	2023-06-20	2023-06-20	2023	6	2	day	True	PRJEB88325	ena_study_accession	targeted_belgium_france_public_inventory	focal_model_observation	focal_genome_observation	True	public_raw_reads_pending_uniform_qc	True	True	True			Europe sublineage 2	pending_new_phylogeny	Branch_IIb	ptxP3/fim3-1	Europe sublineage 2	ptxP3	fim3-1	23S_rRNA_1	False	1	2026-07-24	project_member_414_of_416_linked_identity_not_in_ENA_fields							Europe	ena_fastq_download	2023.0	Europe sublineage 2	2023-06	c52135b87b56c507b9530ee88c1e94a368e8f81a12bcce627b6c94d6513fd312	modern_country_time_project_lineage_cap8	focal	
CHN::SAMN43024011	SAMN43024011	SAMN43024011	GCA_042611065		CHN	China	2024-04-22	2024-04-22	2024-04-22	2024	4	2	day	True	PRJNA1143937	assembly_metadata	current_2406_archive	focal_model_observation	focal_genome_observation	True	archive_analysis_genome	True	False	True			ptxP3/fim3-1	provisional_marker_or_published_annotation	Branch_IIb	ptxP3/fim3-1	MR-MT28-others	ptxP3	fim3-1	MR_A2047G	False	1	2026-07-24	Legacy PRN endpoints ignored; record retained only for genome/date/project/marker metadata.						ok	Asia	local_fasta	2024.0	ptxP3/fim3-1	2024-04	c597e84f46dca6e4dc74a2d3e49837fce9b674a513c80651fc959bf51d51a604	modern_country_time_project_lineage_cap8	focal	
JPN::SAMD00920275	SAMD00920275	SAMD00920275		DRR900581	JPN	Japan	2024	2024-01-01	2024-12-31	2024			year	False	PRJDB34249	ena_study_accession	japan_targeted_ena_projects	focal_model_observation	focal_genome_observation	True	public_raw_reads_pending_uniform_qc	True	False	True				pending_new_phylogeny							False	1	2026-07-24	Targeted Japanese historical or recent public project.							Asia	ena_fastq_download	2024.0	UNKNOWN_LINEAGE	2024	c5dca6b64744de2a6983966ce1d21a77fb68b3573b069b4f0f898a103bca318f	modern_country_time_project_lineage_cap8	focal	
BEL::SAMEA117989564	SAMEA117989564	SAMEA117989564		ERR14837960	BEL	Belgium	2023-08-31	2023-08-31	2023-08-31	2023	8	3	day	True	PRJEB88325	ena_study_accession	targeted_belgium_france_public_inventory	focal_model_observation	focal_genome_observation	True	public_raw_reads_pending_uniform_qc	True	True	True			Europe sublineage 2	pending_new_phylogeny	Branch_IIb	ptxP3/fim3-1	Europe sublineage 2	ptxP3	fim3-1	23S_rRNA_1	False	1	2026-07-24	project_member_414_of_416_linked_identity_not_in_ENA_fields							Europe	ena_fastq_download	2023.0	Europe sublineage 2	2023-08	c65b97f9ad51dfaf5a4356b0a9dfbb66d98311c7b10853cb99e22d3f63957aa8	modern_country_time_project_lineage_cap8	focal	
AUS::SAMN45810592		SAMN45810592		SRR31743889	AUS	Australia	2024-09	2024-09-01	2024-09-30	2024	9	3	month	True	PRJNA1199062	ena_study_accession	australia_fong_2026_direct_specimens	focal_model_observation	focal_genome_observation	True		False													False	1	2026-07-24								Oceania	ena_fastq_download	2024.0	ptxP3/fim3-45	2024-09	c83bd8707fa6dbe4439f24fc465c94af3fbc2d5c833308772cdb044b2bc8a13d	modern_country_time_project_lineage_cap8	focal	
CHN::SAMN42391140	SAMN42391140	SAMN42391140	GCA_047323365	SRR31303437	CHN	China	2023-10-15	2023-10-15	2023-10-15	2023	10	4	day	True	PRJNA1133929	assembly_metadata	current_2406_archive	focal_model_observation	focal_genome_observation	True	archive_analysis_genome	True	False	True			ptxP3/fim3-1	provisional_marker_or_published_annotation	Branch_IIb	ptxP3/fim3-1	MR-MT28-others	ptxP3	fim3-1	MS	False	1	2026-07-24	Legacy PRN endpoints ignored; record retained only for genome/date/project/marker metadata.						ok	Asia	local_fasta	2023.0	ptxP3/fim3-1	2023-10	c8666b9efb80c9aa891935c7795c7711c6589d67925f344d6b49562658fb5591	modern_country_time_project_lineage_cap8	focal	
AUS::SAMN45810633		SAMN45810633		SRR31743969	AUS	Australia	2024-10	2024-10-01	2024-10-31	2024	10	4	month	True	PRJNA1199062	ena_study_accession	australia_fong_2026_direct_specimens	focal_model_observation	focal_genome_observation	True		True													False	1	2026-07-24								Oceania	ena_fastq_download	2024.0	ptxP3/fim3-1	2024-10	c87721b38cc9aa1bf65364257a19be4485e56459f72a6a7eac892d6e79021fac	modern_country_time_project_lineage_cap8	focal	
BEL::SAMEA117989552	SAMEA117989552	SAMEA117989552		ERR14837948	BEL	Belgium	2023-07-30	2023-07-30	2023-07-30	2023	7	3	day	True	PRJEB88325	ena_study_accession	targeted_belgium_france_public_inventory	focal_model_observation	focal_genome_observation	True	public_raw_reads_pending_uniform_qc	True	True	True			Europe sublineage 2	pending_new_phylogeny	Branch_IIb	ptxP3/fim3-1	Europe sublineage 2	ptxP3	fim3-1	23S_rRNA_1	False	1	2026-07-24	project_member_414_of_416_linked_identity_not_in_ENA_fields							Europe	ena_fastq_download	2023.0	Europe sublineage 2	2023-07	c8d8d6cc5418185705f7d13d70f7c6a75ef70b52f45e3dd90a588f55bb0af156	modern_country_time_project_lineage_cap8	focal	
CHN::SAMN45156027	SRS23447266	SAMN45156027	RRASM_SRR31615320	SRR31615320	CHN	China		2023-01-01	2023-12-31	2023			year	False	PRJNA1193776	study_accession	current_2406_archive	focal_model_observation	focal_genome_observation	True	archive_analysis_genome	True	False	True			ptxP3/fim3-1	provisional_marker_or_published_annotation	Branch_IIb	ptxP3/fim3-1	MR-MT28-others	ptxP3	fim3-1	MR_A2047G	False	1	2026-07-24	Legacy PRN endpoints ignored; record retained only for genome/date/project/marker metadata.						ok	Asia	local_fasta	2023.0	ptxP3/fim3-1	2023	c8dc505d581e5855189520b526c448fb0e7536ccf37ad008b661f928400b0dfd	modern_country_time_project_lineage_cap8	focal	
BEL::SAMEA117989593	SAMEA117989593	SAMEA117989593		ERR14837989	BEL	Belgium	2023-11-20	2023-11-20	2023-11-20	2023	11	4	day	True	PRJEB88325	ena_study_accession	targeted_belgium_france_public_inventory	focal_model_observation	focal_genome_observation	True	public_raw_reads_pending_uniform_qc	True	True	True			Europe sublineage 2	pending_new_phylogeny	Branch_IIb	ptxP3/fim3-1	Europe sublineage 2	ptxP3	fim3-1	23S_rRNA_1	False	1	2026-07-24	project_member_414_of_416_linked_identity_not_in_ENA_fields							Europe	ena_fastq_download	2023.0	Europe sublineage 2	2023-11	c976902e2c6276616e121e5a9c7884dadaf6e8c78e08090cfd95e810de7e2e5d	modern_country_time_project_lineage_cap8	focal	
CHN::SAMN42391114	SAMN42391114	SAMN42391114	GCA_047323645	SRR31303479	CHN	China	2021-12-10	2021-12-10	2021-12-10	2021	12	4	day	True	PRJNA1133929	assembly_metadata	current_2406_archive	focal_model_observation	focal_genome_observation	True	archive_analysis_genome	True	False	True			ptxP1/fim3-1	provisional_marker_or_published_annotation	Branch_IIb	ptxP1/fim3-1		ptxP1	fim3-1	MS	False	1	2026-07-24	Legacy PRN endpoints ignored; record retained only for genome/date/project/marker metadata.						ok	Asia	local_fasta	2021.0	ptxP1/fim3-1	2021-12	ca634bb6b4654992e115c526dae105b2a9d5340a37ad8eca527ddf1f6e778456	modern_country_time_project_lineage_cap8	focal	
BEL::SAMEA117989542	SAMEA117989542	SAMEA117989542		ERR14837938	BEL	Belgium	2023-06-12	2023-06-12	2023-06-12	2023	6	2	day	True	PRJEB88325	ena_study_accession	targeted_belgium_france_public_inventory	focal_model_observation	focal_genome_observation	True	public_raw_reads_pending_uniform_qc	True	True	True			Europe sublineage 2	pending_new_phylogeny	Branch_IIb	ptxP3/fim3-1	Europe sublineage 2	ptxP3	fim3-1	23S_rRNA_1	False	1	2026-07-24	project_member_414_of_416_linked_identity_not_in_ENA_fields							Europe	ena_fastq_download	2023.0	Europe sublineage 2	2023-06	cabe1f8dae663110868a9cdf18a455293109faf88df907ddbd032012d34641cf	modern_country_time_project_lineage_cap8	focal	
CHN::SAMN44583832	SAMN44583832	SAMN44583832	GCA_050978125		CHN	China	2023-11-16	2023-11-16	2023-11-16	2023	11	4	day	True	PRJNA1182239	assembly_metadata	current_2406_archive	focal_model_observation	focal_genome_observation	True	archive_analysis_genome	True	False	True				provisional_marker_or_published_annotation							False	1	2026-07-24	Legacy PRN endpoints ignored; record retained only for genome/date/project/marker metadata.						ok	Asia	local_fasta	2023.0	UNKNOWN_LINEAGE	2023-11	cb5941b60448c3b8fd28b2b519b2aad83d3ec21b4cbffe9f3e433c583e8e946d	modern_country_time_project_lineage_cap8	focal	
BEL::SAMEA117989584	SAMEA117989584	SAMEA117989584		ERR14837980	BEL	Belgium	2023-10-31	2023-10-31	2023-10-31	2023	10	4	day	True	PRJEB88325	ena_study_accession	targeted_belgium_france_public_inventory	focal_model_observation	focal_genome_observation	True	public_raw_reads_pending_uniform_qc	True	True	True			others	pending_new_phylogeny	Branch_IIb	others		ptxP1	fim3-4	23S_rRNA_1	False	1	2026-07-24	project_member_414_of_416_linked_identity_not_in_ENA_fields							Europe	ena_fastq_download	2023.0	others	2023-10	cbd81e4113c399cbbda96230b28cd08bb2cb882776f85a5f804a17120d43490a	modern_country_time_project_lineage_cap8	focal	
BEL::SAMEA117989581	SAMEA117989581	SAMEA117989581		ERR14837977	BEL	Belgium	2023-10-18	2023-10-18	2023-10-18	2023	10	4	day	True	PRJEB88325	ena_study_accession	targeted_belgium_france_public_inventory	focal_model_observation	focal_genome_observation	True	public_raw_reads_pending_uniform_qc	True	True	True			Europe sublineage 2	pending_new_phylogeny	Branch_IIb	ptxP3/fim3-1	Europe sublineage 2	ptxP3	fim3-1	23S_rRNA_1	False	1	2026-07-24	project_member_414_of_416_linked_identity_not_in_ENA_fields							Europe	ena_fastq_download	2023.0	Europe sublineage 2	2023-10	cbdbc42d2b2ea215b4316aff125f0ee5566a8a66587f5ce61931fc52a5d8884b	modern_country_time_project_lineage_cap8	focal	
JPN::SAMD00892034	SAMD00892034	SAMD00892034	GCA_054656595	DRR902019	JPN	Japan	2024-12-14	2024-12-14	2024-12-14	2024	12	4	day	True	PRJDB20413	ena_study_accession	japan_targeted_ena_projects;current_2406_archive	focal_model_observation	focal_genome_observation	True	public_raw_reads_pending_uniform_qc	True	False	True				pending_new_phylogeny							False	2	2026-07-24	Targeted Japanese historical or recent public project. | Legacy PRN endpoints ignored; record retained only for genome/date/project/marker metadata.						ok	Asia	local_fasta	2024.0	UNKNOWN_LINEAGE	2024-12	cc88e40f0aec8fabcb53ff3c4a6cd94eb9e86a46d5104b083701e567a5ca149c	modern_country_time_project_lineage_cap8	focal	
JPN::SAMD01697918	SAMD01697918	SAMD01697918	RRASM_DRR902058	DRR902058	JPN	Japan	2025-02-25	2025-02-25	2025-02-25	2025	2	1	day	True	PRJDB37898	ena_study_accession	japan_targeted_ena_projects;current_2406_archive	focal_model_observation	focal_genome_observation	True	public_raw_reads_pending_uniform_qc	True	False	True				pending_new_phylogeny							False	2	2026-07-24	Targeted Japanese historical or recent public project. | Legacy PRN endpoints ignored; record retained only for genome/date/project/marker metadata.						ok	Asia	local_fasta	2025.0	UNKNOWN_LINEAGE	2025-02	ccf02130b8dc8c21e43cd574b50a08642febcfcc113bdde5248e0d88b30157fc	modern_country_time_project_lineage_cap8	focal	
CHN::SAMN44583829	SAMN44583829	SAMN44583829	GCA_050978205		CHN	China	2023-11-10	2023-11-10	2023-11-10	2023	11	4	day	True	PRJNA1182239	assembly_metadata	current_2406_archive	focal_model_observation	focal_genome_observation	True	archive_analysis_genome	True	False	True				provisional_marker_or_published_annotation							False	1	2026-07-24	Legacy PRN endpoints ignored; record retained only for genome/date/project/marker metadata.						ok	Asia	local_fasta	2023.0	UNKNOWN_LINEAGE	2023-11	cdd5dcc5101faa27654f142d0c8904ce0e2d3f70352756dc5503208017c296e2	modern_country_time_project_lineage_cap8	focal	
CHN::SAMN42391144	SAMN42391144	SAMN42391144	GCA_047323325	SRR31303433	CHN	China	2023-11-10	2023-11-10	2023-11-10	2023	11	4	day	True	PRJNA1133929	assembly_metadata	current_2406_archive	focal_model_observation	focal_genome_observation	True	archive_analysis_genome	True	False	True			ptxP3/fim3-1	provisional_marker_or_published_annotation	Branch_IIb	ptxP3/fim3-1	MR-MT28-others	ptxP3	fim3-1	MS	False	1	2026-07-24	Legacy PRN endpoints ignored; record retained only for genome/date/project/marker metadata.						ok	Asia	local_fasta	2023.0	ptxP3/fim3-1	2023-11	ce4f9356d0526a21f50f44b0041b77316c353fb964f96595feaf5a2f64d5d63a	modern_country_time_project_lineage_cap8	focal	
AUS::SAMN45810511		SAMN45810511		SRR31743995	AUS	Australia	2023-09	2023-09-01	2023-09-30	2023	9	3	month	True	PRJNA1199062	ena_study_accession	australia_fong_2026_direct_specimens	focal_model_observation	focal_genome_observation	True		True													False	1	2026-07-24								Oceania	ena_fastq_download	2023.0	ptxP3/fim3-1	2023-09	cf4c501df9310bcfe78725d8c66605e70089367c62a03a82cd154b3826e2e6e1	modern_country_time_project_lineage_cap8	focal	
CHN::SAMN32034068	SRS15975458	SAMN32034068	RRASM_SRR22540945	SRR22540945	CHN	China		2022-01-01	2022-12-31	2022			year	False	PRJNA908268	study_accession	current_2406_archive	focal_model_observation	focal_genome_observation	True	archive_analysis_genome	True	False	True				provisional_marker_or_published_annotation							False	1	2026-07-24	Legacy PRN endpoints ignored; record retained only for genome/date/project/marker metadata.						ok	Asia	local_fasta	2022.0	UNKNOWN_LINEAGE	2022	cf98584fa9b4917ca2e14a2d11d6fe754be78fea07b20b68e3498c2b79c10eb1	modern_country_time_project_lineage_cap8	focal	
AUS::SAMN45810533		SAMN45810533		SRR31743922	AUS	Australia	2023-08	2023-08-01	2023-08-31	2023	8	3	month	True	PRJNA1199062	ena_study_accession	australia_fong_2026_direct_specimens	focal_model_observation	focal_genome_observation	True		True													False	1	2026-07-24								Oceania	ena_fastq_download	2023.0	ptxP3/fim3-1	2023-08	cfca7931c6a399b0e754e881eec9f6e41876c5b3b0e050ae4205ae90be89c43d	modern_country_time_project_lineage_cap8	focal	
CHN::SAMN39683447	SRS20312547	SAMN39683447	RRASM_SRR27796352	SRR27796352	CHN	China		2023-01-01	2023-12-31	2023			year	False	PRJNA1071282	study_accession	current_2406_archive	focal_model_observation	focal_genome_observation	True	archive_analysis_genome	True	False	True			ptxP3/fim3-1	provisional_marker_or_published_annotation	Branch_IIb	ptxP3/fim3-1	MR-MT28-others	ptxP3	fim3-1	MR_A2047G	False	1	2026-07-24	Legacy PRN endpoints ignored; record retained only for genome/date/project/marker metadata.						ok	Asia	local_fasta	2023.0	ptxP3/fim3-1	2023	cfd70f5df15f9fc1b3306604804496adc19d1cf23ff9cd817874951180817c13	modern_country_time_project_lineage_cap8	focal	
BEL::SAMEA117989557	SAMEA117989557	SAMEA117989557		ERR14837953	BEL	Belgium	2023-08-07	2023-08-07	2023-08-07	2023	8	3	day	True	PRJEB88325	ena_study_accession	targeted_belgium_france_public_inventory	focal_model_observation	focal_genome_observation	True	public_raw_reads_pending_uniform_qc	True	True	True			Europe sublineage 2	pending_new_phylogeny	Branch_IIb	ptxP3/fim3-1	Europe sublineage 2	ptxP3	fim3-1	23S_rRNA_1	False	1	2026-07-24	project_member_414_of_416_linked_identity_not_in_ENA_fields							Europe	ena_fastq_download	2023.0	Europe sublineage 2	2023-08	d0166e862b8b636de5729944104ae6d4239bc0bdce335bebd7cf001174202b57	modern_country_time_project_lineage_cap8	focal	
FRA::SAMEA115874198	SAMEA115874198	SAMEA115874198		ERR13476607	FRA	France	2024	2024-01-01	2024-12-31	2024			year	False	PRJEB42353	ena_study_accession	targeted_belgium_france_public_inventory	focal_model_observation	focal_genome_observation	True	public_raw_reads_pending_uniform_qc	True	False	True			Europe sublineage 2	pending_new_phylogeny	Branch_IIb	ptxP3/fim3-1	Europe sublineage 2	ptxP3	fim3-1	23S_rRNA_1	False	1	2026-07-24	complete_67_of_67							Europe	ena_fastq_download	2024.0	Europe sublineage 2	2024	d2f772d5ebd45bb394a2c1861db1afb80e02313ede7a4d6cf19f6a0d2faeeca5	modern_country_time_project_lineage_cap8	focal	
JPN::SAMD01697923	SAMD01697923	SAMD01697923		DRR902063	JPN	Japan	2025-04-02	2025-04-02	2025-04-02	2025	4	2	day	True	PRJDB37898	ena_study_accession	japan_targeted_ena_projects	focal_model_observation	focal_genome_observation	True	public_raw_reads_pending_uniform_qc	True	False	True				pending_new_phylogeny							False	1	2026-07-24	Targeted Japanese historical or recent public project.							Asia	ena_fastq_download	2025.0	UNKNOWN_LINEAGE	2025-04	d37c8ab0327a39f19773204031aa9b67c1c2c3a43b6e31058b827efec72c860d	modern_country_time_project_lineage_cap8	focal	
CHN::SAMN42391125	SAMN42391125	SAMN42391125	GCA_047323515	SRR31303454	CHN	China	2022-05-06	2022-05-06	2022-05-06	2022	5	2	day	True	PRJNA1133929	assembly_metadata	current_2406_archive	focal_model_observation	focal_genome_observation	True	archive_analysis_genome	True	False	True			ptxP1/fim3-1	provisional_marker_or_published_annotation	Branch_IIb	ptxP1/fim3-1		ptxP1	fim3-1	MS	False	1	2026-07-24	Legacy PRN endpoints ignored; record retained only for genome/date/project/marker metadata.		4130465	67.5	1	4130465	ok	Asia	local_fasta	2022.0	ptxP1/fim3-1	2022-05	d38db0d1f50cf0cbf4420bbef9936e4f589ccf08e131f363ffbf55c02e8a5c41	modern_country_time_project_lineage_cap8	focal	
CHN::SAMN45156022	SRS23447321	SAMN45156022	RRASM_SRR31615265	SRR31615265	CHN	China		2022-01-01	2022-12-31	2022			year	False	PRJNA1193776	study_accession	current_2406_archive	focal_model_observation	focal_genome_observation	True	archive_analysis_genome	True	False	True			ptxP1/fim3-1	provisional_marker_or_published_annotation	Branch_IIb	ptxP1/fim3-1		ptxP1	fim3-1	MR_A2047G	False	1	2026-07-24	Legacy PRN endpoints ignored; record retained only for genome/date/project/marker metadata.						ok	Asia	local_fasta	2022.0	ptxP1/fim3-1	2022	d3fb0ec8799db9d31abd9153798199eab37f7188ac0b24e9993a162de6b97081	modern_country_time_project_lineage_cap8	focal	
CHN::SAMN41373926	SAMN41373926	SAMN41373926	GCA_039678825		CHN	China	2020	2020-01-01	2020-12-31	2020			year	False	PRJNA1110622	assembly_metadata	current_2406_archive	focal_model_observation	focal_genome_observation	True	archive_analysis_genome	True	False	True			ptxP3/fim3-1	provisional_marker_or_published_annotation	Branch_IIb	ptxP3/fim3-1		ptxP3	fim3-1	MS	False	1	2026-07-24	Legacy PRN endpoints ignored; record retained only for genome/date/project/marker metadata.		3830231	68	265	21132	ok	Asia	local_fasta	2020.0	ptxP3/fim3-1	2020	d40b93fcc5f2e0ac74b86e424ff1b6b08b194d9da5732b4b0d34bfd90edddabc	modern_country_time_project_lineage_cap8	focal	
BEL::SAMEA117989562	SAMEA117989562	SAMEA117989562		ERR14837958	BEL	Belgium	2023-08-26	2023-08-26	2023-08-26	2023	8	3	day	True	PRJEB88325	ena_study_accession	targeted_belgium_france_public_inventory	focal_model_observation	focal_genome_observation	True	public_raw_reads_pending_uniform_qc	True	True	True			Europe sublineage 2	pending_new_phylogeny	Branch_IIb	ptxP3/fim3-1	Europe sublineage 2	ptxP3	fim3-1	23S_rRNA_1	False	1	2026-07-24	project_member_414_of_416_linked_identity_not_in_ENA_fields							Europe	ena_fastq_download	2023.0	Europe sublineage 2	2023-08	d42ff0ae423c49ff8d7b7efd7676d73caa0ef894069f1326c3a94733b7c4cf6f	modern_country_time_project_lineage_cap8	focal	
BEL::SAMEA117989523	SAMEA117989523	SAMEA117989523		ERR14837919	BEL	Belgium	2020-04-24	2020-04-24	2020-04-24	2020	4	2	day	True	PRJEB88325	ena_study_accession	targeted_belgium_france_public_inventory	focal_model_observation	focal_genome_observation	True	public_raw_reads_pending_uniform_qc	True	True	True			ptxP3/fim3-1	pending_new_phylogeny	Branch_IIb	ptxP3/fim3-1		ptxP3	fim3-1	23S_rRNA_1	False	1	2026-07-24	project_member_414_of_416_linked_identity_not_in_ENA_fields							Europe	ena_fastq_download	2020.0	ptxP3/fim3-1	2020-04	d43e199d136ef602d5092991d86eb4dad64738bd6ab42f7217954cb6685f4e6f	modern_country_time_project_lineage_cap8	focal	
AUS::SAMN45810543		SAMN45810543		SRR31743846	AUS	Australia	2024-01	2024-01-01	2024-01-31	2024	1	1	month	True	PRJNA1199062	ena_study_accession	australia_fong_2026_direct_specimens	focal_model_observation	focal_genome_observation	True		True													False	1	2026-07-24								Oceania	ena_fastq_download	2024.0	ptxP3/fim3-2	2024-01	d46a7c138ecb3b8e895de456192872572f7a31d844c2b42b14ec4ded6674a28e	modern_country_time_project_lineage_cap8	focal	
BEL::SAMEA117989575	SAMEA117989575	SAMEA117989575		ERR14837971	BEL	Belgium	2023-09-26	2023-09-26	2023-09-26	2023	9	3	day	True	PRJEB88325	ena_study_accession	targeted_belgium_france_public_inventory	focal_model_observation	focal_genome_observation	True	public_raw_reads_pending_uniform_qc	True	True	True			Europe sublineage 1	pending_new_phylogeny	Branch_IIb	ptxP3/fim3-1	Europe sublineage 1	ptxP3	fim3-1	23S_rRNA_1	False	1	2026-07-24	project_member_414_of_416_linked_identity_not_in_ENA_fields							Europe	ena_fastq_download	2023.0	Europe sublineage 1	2023-09	d568f29a11791b57ebf9b7e1c88fe7d7fd89722a640187e8c449c4a4248810b3	modern_country_time_project_lineage_cap8	focal	
AUS::SAMN45810556		SAMN45810556		SRR31743832	AUS	Australia	2024-07	2024-07-01	2024-07-31	2024	7	3	month	True	PRJNA1199062	ena_study_accession	australia_fong_2026_direct_specimens	focal_model_observation	focal_genome_observation	True		True													False	1	2026-07-24								Oceania	ena_fastq_download	2024.0	ptxP1/fim3-26	2024-07	d5c928d18c135b25782b50638946e7bf778edb066bfeb33199fc39e6980c69d9	modern_country_time_project_lineage_cap8	focal	
AUS::SAMN45810519		SAMN45810519		SRR31743940	AUS	Australia	2024-07	2024-07-01	2024-07-31	2024	7	3	month	True	PRJNA1199062	ena_study_accession	australia_fong_2026_direct_specimens	focal_model_observation	focal_genome_observation	True		False													False	1	2026-07-24								Oceania	ena_fastq_download	2024.0	ptxP3/fim3-1	2024-07	d5f3554568fc67c52113a47b09f325a6cf6fa1300adf9c375546822e595c4438	modern_country_time_project_lineage_cap8	focal	
JPN::SAMD01593376	SAMD01593376	SAMD01593376	GCA_055384595	DRR705534	JPN	Japan	2025-01-16	2025-01-16	2025-01-16	2025	1	1	day	True	PRJDB35593	ena_study_accession	japan_targeted_ena_projects;current_2406_archive	focal_model_observation	focal_genome_observation	True	public_raw_reads_pending_uniform_qc	True	False	True			ptxP3	pending_new_phylogeny				ptxP3		MS	False	3	2026-07-24	Targeted Japanese historical or recent public project. | Legacy PRN endpoints ignored; record retained only for genome/date/project/marker metadata.		4110576	67.5	1	4110576	ok	Asia	local_fasta	2025.0	ptxP3	2025-01	d5f917847ee3504d0f97cdd90cac51cacec9b1952b7dc6d07c6cb7d708e488f7	modern_country_time_project_lineage_cap8	focal	
CHN::SAMN42391113	SAMN42391113	SAMN42391113	GCA_047323655	SRR31303477	CHN	China	2021-12-14	2021-12-14	2021-12-14	2021	12	4	day	True	PRJNA1133929	assembly_metadata	current_2406_archive	focal_model_observation	focal_genome_observation	True	archive_analysis_genome	True	False	True			ptxP1/fim3-1	provisional_marker_or_published_annotation	Branch_IIb	ptxP1/fim3-1		ptxP1	fim3-1	MS	False	1	2026-07-24	Legacy PRN endpoints ignored; record retained only for genome/date/project/marker metadata.						ok	Asia	local_fasta	2021.0	ptxP1/fim3-1	2021-12	d6646a434e1fd329b07216164f455f18bca68dd47b31e3e9bdd6f8192a5f9212	modern_country_time_project_lineage_cap8	focal	
JPN::SAMD01697919	SAMD01697919	SAMD01697919	RRASM_DRR902059	DRR902059	JPN	Japan	2025-03-03	2025-03-03	2025-03-03	2025	3	1	day	True	PRJDB37898	ena_study_accession	japan_targeted_ena_projects;current_2406_archive	focal_model_observation	focal_genome_observation	True	public_raw_reads_pending_uniform_qc	True	False	True				pending_new_phylogeny							False	2	2026-07-24	Targeted Japanese historical or recent public project. | Legacy PRN endpoints ignored; record retained only for genome/date/project/marker metadata.						ok	Asia	local_fasta	2025.0	UNKNOWN_LINEAGE	2025-03	d6d32a34a3a0e93faffee795062910de7967827a6890a4e3cddbeae7a21004e9	modern_country_time_project_lineage_cap8	focal	
CHN::SAMN45156023	SRS23447262	SAMN45156023	RRASM_SRR31615324	SRR31615324	CHN	China		2023-01-01	2023-12-31	2023			year	False	PRJNA1193776	study_accession	current_2406_archive	focal_model_observation	focal_genome_observation	True	archive_analysis_genome	True	False	True			ptxP3/fim3-1	provisional_marker_or_published_annotation	Branch_IIb	ptxP3/fim3-1	MR-MT28-PG2	ptxP3	fim3-1	MR_A2047G	False	1	2026-07-24	Legacy PRN endpoints ignored; record retained only for genome/date/project/marker metadata.						ok	Asia	local_fasta	2023.0	ptxP3/fim3-1	2023	d71864c8774c9a591d41e0ff7cc80b697fc15192a487d48ef70ce1c540aacd21	modern_country_time_project_lineage_cap8	focal	
FRA::SAMEA115874235	SAMEA115874235	SAMEA115874235		ERR13476644	FRA	France	2024	2024-01-01	2024-12-31	2024			year	False	PRJEB42353	ena_study_accession	targeted_belgium_france_public_inventory	focal_model_observation	focal_genome_observation	True	public_raw_reads_pending_uniform_qc	True	False	True			ptxP3/fim3-2	pending_new_phylogeny	Branch_IIb	ptxP3/fim3-2		ptxP3	fim3-2	23S_rRNA_1	False	1	2026-07-24	complete_67_of_67							Europe	ena_fastq_download	2024.0	ptxP3/fim3-2	2024	d8033b722234cb2ba14c579d3aec65a0720e6e3f9d9a33610515f8878cafbaeb	modern_country_time_project_lineage_cap8	focal	
CHN::SAMN45156021	SRS23447320	SAMN45156021	RRASM_SRR31615266	SRR31615266	CHN	China		2022-01-01	2022-12-31	2022			year	False	PRJNA1193776	study_accession	current_2406_archive	focal_model_observation	focal_genome_observation	True	archive_analysis_genome	True	False	True			ptxP3/fim3-1	provisional_marker_or_published_annotation	Branch_IIb	ptxP3/fim3-1	MR-MT28-others	ptxP3	fim3-1	MR_A2047G	False	1	2026-07-24	Legacy PRN endpoints ignored; record retained only for genome/date/project/marker metadata.						ok	Asia	local_fasta	2022.0	ptxP3/fim3-1	2022	d8c96b78ae334f873518249ec51f3f972d1a2dbeb07090f5fd683cfa3da941a9	modern_country_time_project_lineage_cap8	focal	
BEL::SAMEA117989594	SAMEA117989594	SAMEA117989594		ERR14837990	BEL	Belgium	2023-11-27	2023-11-27	2023-11-27	2023	11	4	day	True	PRJEB88325	ena_study_accession	targeted_belgium_france_public_inventory	focal_model_observation	focal_genome_observation	True	public_raw_reads_pending_uniform_qc	True	True	True			Europe sublineage 1	pending_new_phylogeny	Branch_IIb	ptxP3/fim3-1	Europe sublineage 1	ptxP3	fim3-1	23S_rRNA_1	False	1	2026-07-24	project_member_414_of_416_linked_identity_not_in_ENA_fields							Europe	ena_fastq_download	2023.0	Europe sublineage 1	2023-11	d8f132903e37966fa35bcca768f9826fe684eb37c6c51f813a37d56f7ff05e88	modern_country_time_project_lineage_cap8	focal	
CHN::SAMN42391119	SAMN42391119	SAMN42391119	GCA_047323575	SRR31303460	CHN	China	2022-03-25	2022-03-25	2022-03-25	2022	3	1	day	True	PRJNA1133929	assembly_metadata	current_2406_archive	focal_model_observation	focal_genome_observation	True	archive_analysis_genome	True	False	True			ptxP3/fim3-1	provisional_marker_or_published_annotation	Branch_IIb	ptxP3/fim3-1	MR-MT28-PG1	ptxP3	fim3-1	MS	False	1	2026-07-24	Legacy PRN endpoints ignored; record retained only for genome/date/project/marker metadata.						ok	Asia	local_fasta	2022.0	ptxP3/fim3-1	2022-03	d944eb4cb512bdc58bb5b57992b66a0db20e44a1ae15ae536cd4594cb687e3f6	modern_country_time_project_lineage_cap8	focal	
JPN::SAMD01593375	SAMD01593375	SAMD01593375	GCA_055542695	DRR707967	JPN	Japan	2025-01-21	2025-01-21	2025-01-21	2025	1	1	day	True	PRJDB35593	ena_study_accession	japan_targeted_ena_projects;current_2406_archive	focal_model_observation	focal_genome_observation	True	public_raw_reads_pending_uniform_qc	True	False	True			ptxP3	pending_new_phylogeny				ptxP3		MS	False	3	2026-07-24	Targeted Japanese historical or recent public project. | Legacy PRN endpoints ignored; record retained only for genome/date/project/marker metadata.						ok	Asia	local_fasta	2025.0	ptxP3	2025-01	da59e0aafed705d0fb2da0b0a003afa4a7f375e4d1047c16be1e1ac6a5694405	modern_country_time_project_lineage_cap8	focal	
JPN::SAMD01697915	SAMD01697915	SAMD01697915	RRASM_DRR902055	DRR902055	JPN	Japan	2025-02-25	2025-02-25	2025-02-25	2025	2	1	day	True	PRJDB37898	ena_study_accession	japan_targeted_ena_projects;current_2406_archive	focal_model_observation	focal_genome_observation	True	public_raw_reads_pending_uniform_qc	True	False	True				pending_new_phylogeny							False	2	2026-07-24	Targeted Japanese historical or recent public project. | Legacy PRN endpoints ignored; record retained only for genome/date/project/marker metadata.						ok	Asia	local_fasta	2025.0	UNKNOWN_LINEAGE	2025-02	dbaa810e717f23b46ad597972898f2d85fefbd709829b81775d88aeb59c5d918	modern_country_time_project_lineage_cap8	focal	
JPN::SAMD01697916	SAMD01697916	SAMD01697916	RRASM_DRR902056	DRR902056	JPN	Japan	2025-02-25	2025-02-25	2025-02-25	2025	2	1	day	True	PRJDB37898	ena_study_accession	japan_targeted_ena_projects;current_2406_archive	focal_model_observation	focal_genome_observation	True	public_raw_reads_pending_uniform_qc	True	False	True				pending_new_phylogeny							False	2	2026-07-24	Targeted Japanese historical or recent public project. | Legacy PRN endpoints ignored; record retained only for genome/date/project/marker metadata.						ok	Asia	local_fasta	2025.0	UNKNOWN_LINEAGE	2025-02	de78446ae2c77ecd266955b382716cbf1a2505e4e95aa19b1bd41dcf0470ecc1	modern_country_time_project_lineage_cap8	focal	
AUS::SAMN45810605		SAMN45810605		SRR31744000	AUS	Australia	2024-08	2024-08-01	2024-08-31	2024	8	3	month	True	PRJNA1199062	ena_study_accession	australia_fong_2026_direct_specimens	focal_model_observation	focal_genome_observation	True		True													False	1	2026-07-24								Oceania	ena_fastq_download	2024.0	ptxP3/fim3-1	2024-08	deb82009f4b2e28694bb2db0a0502b02a0b54136906283bdfb9bf1aa91702103	modern_country_time_project_lineage_cap8	focal	
CHN::SAMN45156019	SRS23447316	SAMN45156019	RRASM_SRR31615270	SRR31615270	CHN	China		2022-01-01	2022-12-31	2022			year	False	PRJNA1193776	study_accession	current_2406_archive	focal_model_observation	focal_genome_observation	True	archive_analysis_genome	True	False	True			ptxP3/fim3-1	provisional_marker_or_published_annotation	Branch_IIb	ptxP3/fim3-1	MR-MT28-others	ptxP3	fim3-1	MR_A2047G	False	1	2026-07-24	Legacy PRN endpoints ignored; record retained only for genome/date/project/marker metadata.						ok	Asia	local_fasta	2022.0	ptxP3/fim3-1	2022	decc451cd54fd6b23e430ba4c2919770488f72ccb37cdf5304b50168d6b4fadf	modern_country_time_project_lineage_cap8	focal	
CHN::SAMN43024013	SAMN43024013	SAMN43024013	GCA_042611045		CHN	China	2024-04-23	2024-04-23	2024-04-23	2024	4	2	day	True	PRJNA1143937	assembly_metadata	current_2406_archive	focal_model_observation	focal_genome_observation	True	archive_analysis_genome	True	False	True			ptxP3/fim3-1	provisional_marker_or_published_annotation	Branch_IIb	ptxP3/fim3-1	MR-MT28-PG2	ptxP3	fim3-1	MR_A2047G	False	1	2026-07-24	Legacy PRN endpoints ignored; record retained only for genome/date/project/marker metadata.						ok	Asia	local_fasta	2024.0	ptxP3/fim3-1	2024-04	df2c0a534072aeaf60534b1aed7ab6377762350a39d9ff8bd1c6c81946f388bf	modern_country_time_project_lineage_cap8	focal	
AUS::SAMN45810632		SAMN45810632		SRR31743970	AUS	Australia	2024-10	2024-10-01	2024-10-31	2024	10	4	month	True	PRJNA1199062	ena_study_accession	australia_fong_2026_direct_specimens	focal_model_observation	focal_genome_observation	True		False													False	1	2026-07-24								Oceania	ena_fastq_download	2024.0	ptxP3/fim3(~2)	2024-10	e06d8f8a3619ae066b2d8af06217d9271ee1db3bdd52fad015c9e1ac8cf833fb	modern_country_time_project_lineage_cap8	focal	
AUS::SAMN45810582		SAMN45810582		SRR31743900	AUS	Australia	2024-05	2024-05-01	2024-05-31	2024	5	2	month	True	PRJNA1199062	ena_study_accession	australia_fong_2026_direct_specimens	focal_model_observation	focal_genome_observation	True		False													False	1	2026-07-24								Oceania	ena_fastq_download	2024.0	ptxP(~5)/fim3-26	2024-05	e0e38c1c3790784409c745170f3a23322788ef9afd86d9f0bfe448fd2d224f46	modern_country_time_project_lineage_cap8	focal	
BEL::SAMEA117989551	SAMEA117989551	SAMEA117989551		ERR14837947	BEL	Belgium	2023-07-20	2023-07-20	2023-07-20	2023	7	3	day	True	PRJEB88325	ena_study_accession	targeted_belgium_france_public_inventory	focal_model_observation	focal_genome_observation	True	public_raw_reads_pending_uniform_qc	True	True	True			Europe sublineage 2	pending_new_phylogeny	Branch_IIb	ptxP3/fim3-1	Europe sublineage 2	ptxP3	fim3-1	23S_rRNA_1	False	1	2026-07-24	project_member_414_of_416_linked_identity_not_in_ENA_fields							Europe	ena_fastq_download	2023.0	Europe sublineage 2	2023-07	e0e7b301efd88042df3d574e221f20d54f54f4f272cb6c7e40ac4756eff5c3e3	modern_country_time_project_lineage_cap8	focal	
CHN::SAMN45156029	SRS23447268	SAMN45156029	RRASM_SRR31615318	SRR31615318	CHN	China		2023-01-01	2023-12-31	2023			year	False	PRJNA1193776	study_accession	current_2406_archive	focal_model_observation	focal_genome_observation	True	archive_analysis_genome	True	False	True			ptxP3/fim3-1	provisional_marker_or_published_annotation	Branch_IIb	ptxP3/fim3-1	MR-MT28-others	ptxP3	fim3-1	MR_A2047G	False	1	2026-07-24	Legacy PRN endpoints ignored; record retained only for genome/date/project/marker metadata.						ok	Asia	local_fasta	2023.0	ptxP3/fim3-1	2023	e1e398aced8e6d808ee301e02d308da919fdb30e0541cb90a9726372c4d6db5a	modern_country_time_project_lineage_cap8	focal	
CHN::SAMN44583815	SAMN44583815	SAMN44583815	GCA_050978485		CHN	China	2023-02-07	2023-02-07	2023-02-07	2023	2	1	day	True	PRJNA1182239	assembly_metadata	current_2406_archive	focal_model_observation	focal_genome_observation	True	archive_analysis_genome	True	False	True				provisional_marker_or_published_annotation							False	1	2026-07-24	Legacy PRN endpoints ignored; record retained only for genome/date/project/marker metadata.						ok	Asia	local_fasta	2023.0	UNKNOWN_LINEAGE	2023-02	e207e5be3a9ce1dac01c69f814ebaa51f261ecf222c21b28b26eecff04de43ba	modern_country_time_project_lineage_cap8	focal	
BEL::SAMEA117989588	SAMEA117989588	SAMEA117989588		ERR14837984	BEL	Belgium	2023-11-13	2023-11-13	2023-11-13	2023	11	4	day	True	PRJEB88325	ena_study_accession	targeted_belgium_france_public_inventory	focal_model_observation	focal_genome_observation	True	public_raw_reads_pending_uniform_qc	True	True	True			ptxP3/fim3-2	pending_new_phylogeny	Branch_IIb	ptxP3/fim3-2		ptxP3	fim3-2	23S_rRNA_1	False	1	2026-07-24	project_member_414_of_416_linked_identity_not_in_ENA_fields							Europe	ena_fastq_download	2023.0	ptxP3/fim3-2	2023-11	e30fcca7ef83c4ecd93965ae36c31954406f26f1eb3cb1934ea7de5cb18ccaca	modern_country_time_project_lineage_cap8	focal	
BEL::SAMEA117989535	SAMEA117989535	SAMEA117989535		ERR14837931	BEL	Belgium	2023-05-14	2023-05-14	2023-05-14	2023	5	2	day	True	PRJEB88325	ena_study_accession	targeted_belgium_france_public_inventory	focal_model_observation	focal_genome_observation	True	public_raw_reads_pending_uniform_qc	True	True	True			Europe sublineage 1	pending_new_phylogeny	Branch_IIb	ptxP3/fim3-1	Europe sublineage 1	ptxP3	fim3-1	23S_rRNA_1	False	1	2026-07-24	project_member_414_of_416_linked_identity_not_in_ENA_fields							Europe	ena_fastq_download	2023.0	Europe sublineage 1	2023-05	e351006d1bf90d9269c789dc396a7b02a8b2d87dd6026e7dfe5d211720996332	modern_country_time_project_lineage_cap8	focal	
BEL::SAMEA117989577	SAMEA117989577	SAMEA117989577		ERR14837973	BEL	Belgium	2023-10-05	2023-10-05	2023-10-05	2023	10	4	day	True	PRJEB88325	ena_study_accession	targeted_belgium_france_public_inventory	focal_model_observation	focal_genome_observation	True	public_raw_reads_pending_uniform_qc	True	True	True			Europe sublineage 2	pending_new_phylogeny	Branch_IIb	ptxP3/fim3-1	Europe sublineage 2	ptxP3	fim3-1	23S_rRNA_1	False	1	2026-07-24	project_member_414_of_416_linked_identity_not_in_ENA_fields							Europe	ena_fastq_download	2023.0	Europe sublineage 2	2023-10	e37fb7d93b16d71950a9bc445466d2d6c86e81e91b1d123e1fb186c533f85fc8	modern_country_time_project_lineage_cap8	focal	
CHN::SAMN42391110	SAMN42391110	SAMN42391110	GCA_047323755	SRR31303429	CHN	China	2021-10-26	2021-10-26	2021-10-26	2021	10	4	day	True	PRJNA1133929	assembly_metadata	current_2406_archive	focal_model_observation	focal_genome_observation	True	archive_analysis_genome	True	False	True			ptxP1/fim3-1	provisional_marker_or_published_annotation	Branch_IIb	ptxP1/fim3-1		ptxP1	fim3-1	MS	False	1	2026-07-24	Legacy PRN endpoints ignored; record retained only for genome/date/project/marker metadata.		4135600	67.5	1	4135600	ok	Asia	local_fasta	2021.0	ptxP1/fim3-1	2021-10	e4105cc2a5329f8127af420f1a990a528119a9f2e52632c7d22cd6d471b405a4	modern_country_time_project_lineage_cap8	focal	
FRA::SAMEA115874206	SAMEA115874206	SAMEA115874206		ERR13476615	FRA	France	2024	2024-01-01	2024-12-31	2024			year	False	PRJEB42353	ena_study_accession	targeted_belgium_france_public_inventory	focal_model_observation	focal_genome_observation	True	public_raw_reads_pending_uniform_qc	True	False	True			Europe sublineage 2	pending_new_phylogeny	Branch_IIb	ptxP3/fim3-1	Europe sublineage 2	ptxP3	fim3-1	23S_rRNA_1	False	1	2026-07-24	complete_67_of_67							Europe	ena_fastq_download	2024.0	Europe sublineage 2	2024	e4efd0de226e66316472614328522d18710e8b52801c4e3098d39a1997b5426f	modern_country_time_project_lineage_cap8	focal	
BEL::SAMEA117989555	SAMEA117989555	SAMEA117989555		ERR14837951	BEL	Belgium	2023-08-01	2023-08-01	2023-08-01	2023	8	3	day	True	PRJEB88325	ena_study_accession	targeted_belgium_france_public_inventory	focal_model_observation	focal_genome_observation	True	public_raw_reads_pending_uniform_qc	True	True	True			Europe sublineage 2	pending_new_phylogeny	Branch_IIb	ptxP3/fim3-1	Europe sublineage 2	ptxP3	fim3-1	23S_rRNA_1	False	1	2026-07-24	project_member_414_of_416_linked_identity_not_in_ENA_fields							Europe	ena_fastq_download	2023.0	Europe sublineage 2	2023-08	e4f5336f350fe2b0b9ce36724246f06ffe0480c9be03e1a7c5a68bee338e9e5a	modern_country_time_project_lineage_cap8	focal	
BEL::SAMEA117989567	SAMEA117989567	SAMEA117989567		ERR14837963	BEL	Belgium	2023-09-07	2023-09-07	2023-09-07	2023	9	3	day	True	PRJEB88325	ena_study_accession	targeted_belgium_france_public_inventory	focal_model_observation	focal_genome_observation	True	public_raw_reads_pending_uniform_qc	True	True	True			Europe sublineage 2	pending_new_phylogeny	Branch_IIb	ptxP3/fim3-1	Europe sublineage 2	ptxP3	fim3-1	23S_rRNA_1	False	1	2026-07-24	project_member_414_of_416_linked_identity_not_in_ENA_fields							Europe	ena_fastq_download	2023.0	Europe sublineage 2	2023-09	e525885318aae923817a17a3f677b142b33138efb3cb8b294fe38123a777d934	modern_country_time_project_lineage_cap8	focal	
FRA::SAMEA117615785	SAMEA117615785	SAMEA117615785	GCA_965117295		FRA	France	2024	2024-01-01	2024-12-31	2024			year	False	PRJEB85093	assembly_metadata	current_2406_archive	focal_model_observation	focal_genome_observation	True	archive_analysis_genome	True	False	True			ptxP3	provisional_marker_or_published_annotation				ptxP3		MS	False	1	2026-07-24	Legacy PRN endpoints ignored; record retained only for genome/date/project/marker metadata.						ok	Europe	local_fasta	2024.0	ptxP3	2024	e55e6f6928d36b86f6aa736a1cd15843effef1db865fd160734593181ce5e0d8	modern_country_time_project_lineage_cap8	focal	
CHN::SAMN40924154	SRS20990038	SAMN40924154	RRASM_SRR28622209	SRR28622209	CHN	China		2024-01-01	2024-12-31	2024			year	False	PRJNA1071282	study_accession	current_2406_archive	focal_model_observation	focal_genome_observation	True	archive_analysis_genome	True	False	True			ptxP3/fim3-1	provisional_marker_or_published_annotation	Branch_IIb	ptxP3/fim3-1	MR-MT28-PG2	ptxP3	fim3-1	MR_A2047G	False	1	2026-07-24	Legacy PRN endpoints ignored; record retained only for genome/date/project/marker metadata.		3864174	67.81	342	20981	ok	Asia	local_fasta	2024.0	ptxP3/fim3-1	2024	e5bc7d99e86dd9609755d40738b71c616db70cd98a3313e4d7aaa2dacb15cb74	modern_country_time_project_lineage_cap8	focal	
CHN::SAMN42391088	SAMN42391088	SAMN42391088	GCA_047324065	SRR31303485	CHN	China	2021-07-28	2021-07-28	2021-07-28	2021	7	3	day	True	PRJNA1133929	assembly_metadata	current_2406_archive	focal_model_observation	focal_genome_observation	True	archive_analysis_genome	True	False	True			ptxP1/fim3-1	provisional_marker_or_published_annotation	Branch_IIb	ptxP1/fim3-1		ptxP1	fim3-1	MS	False	1	2026-07-24	Legacy PRN endpoints ignored; record retained only for genome/date/project/marker metadata.						ok	Asia	local_fasta	2021.0	ptxP1/fim3-1	2021-07	e60c651b8afd4343c3f581b316eb2ff7dbeb75ce16d216d9049d2e6bac9bb3f3	modern_country_time_project_lineage_cap8	focal	
JPN::SAMD00920282	SAMD00920282	SAMD00920282		DRR900588	JPN	Japan	2025	2025-01-01	2025-12-31	2025			year	False	PRJDB34249	ena_study_accession	japan_targeted_ena_projects	focal_model_observation	focal_genome_observation	True	public_raw_reads_pending_uniform_qc	True	False	True				pending_new_phylogeny							False	1	2026-07-24	Targeted Japanese historical or recent public project.							Asia	ena_fastq_download	2025.0	UNKNOWN_LINEAGE	2025	e6c52922f281e36d26a3fa0a026d5f3af0a3d5572dd8e40a1d011c89747302a3	modern_country_time_project_lineage_cap8	focal	
FRA::SAMEA115874188	SAMEA115874188	SAMEA115874188		ERR13476597	FRA	France	2023	2023-01-01	2023-12-31	2023			year	False	PRJEB42353	ena_study_accession	targeted_belgium_france_public_inventory	focal_model_observation	focal_genome_observation	True	public_raw_reads_pending_uniform_qc	True	False	True			Europe sublineage 1	pending_new_phylogeny	Branch_IIb	ptxP3/fim3-1	Europe sublineage 1	ptxP3	fim3-1	23S_rRNA_1	False	1	2026-07-24	complete_67_of_67							Europe	ena_fastq_download	2023.0	Europe sublineage 1	2023	e72a4364113f35698df31c201d7e38d33fefb229bc7420ca9cf33f70102d6290	modern_country_time_project_lineage_cap8	focal	
BEL::SAMEA117989568	SAMEA117989568	SAMEA117989568		ERR14837964	BEL	Belgium	2023-09-08	2023-09-08	2023-09-08	2023	9	3	day	True	PRJEB88325	ena_study_accession	targeted_belgium_france_public_inventory	focal_model_observation	focal_genome_observation	True	public_raw_reads_pending_uniform_qc	True	True	True			Europe sublineage 2	pending_new_phylogeny	Branch_IIb	ptxP3/fim3-1	Europe sublineage 2	ptxP3	fim3-1	23S_rRNA_1	False	1	2026-07-24	project_member_414_of_416_linked_identity_not_in_ENA_fields							Europe	ena_fastq_download	2023.0	Europe sublineage 2	2023-09	e84fef86bd48162629c981872ebf5c43f8b192dd43ba544b757a4ac2f9784aed	modern_country_time_project_lineage_cap8	focal	
BEL::SAMEA117989560	SAMEA117989560	SAMEA117989560		ERR14837956	BEL	Belgium	2023-08-28	2023-08-28	2023-08-28	2023	8	3	day	True	PRJEB88325	ena_study_accession	targeted_belgium_france_public_inventory	focal_model_observation	focal_genome_observation	True	public_raw_reads_pending_uniform_qc	True	True	True			Europe sublineage 2	pending_new_phylogeny	Branch_IIb	ptxP3/fim3-1	Europe sublineage 2	ptxP3	fim3-1	23S_rRNA_1	False	1	2026-07-24	project_member_414_of_416_linked_identity_not_in_ENA_fields							Europe	ena_fastq_download	2023.0	Europe sublineage 2	2023-08	e8dcb86fda3b9c8c3ccd89fc491b1f67495f1aaa086c8dd59e2eb23a7164e580	modern_country_time_project_lineage_cap8	focal	
CHN::SAMN42391146	SAMN42391146	SAMN42391146	GCA_047323305	SRR31303431	CHN	China	2023-11-13	2023-11-13	2023-11-13	2023	11	4	day	True	PRJNA1133929	assembly_metadata	current_2406_archive	focal_model_observation	focal_genome_observation	True	archive_analysis_genome	True	False	True			ptxP3/fim3-1	provisional_marker_or_published_annotation	Branch_IIb	ptxP3/fim3-1	MR-MT28-others	ptxP3	fim3-1	MS	False	1	2026-07-24	Legacy PRN endpoints ignored; record retained only for genome/date/project/marker metadata.						ok	Asia	local_fasta	2023.0	ptxP3/fim3-1	2023-11	e90eec00b0110ee0108abb236caca02d798b569fd8113953d4b60bfd94ff9138	modern_country_time_project_lineage_cap8	focal	
BEL::SAMEA117989534	SAMEA117989534	SAMEA117989534		ERR14837930	BEL	Belgium	2023-05-09	2023-05-09	2023-05-09	2023	5	2	day	True	PRJEB88325	ena_study_accession	targeted_belgium_france_public_inventory	focal_model_observation	focal_genome_observation	True	public_raw_reads_pending_uniform_qc	True	True	True			Europe sublineage 2	pending_new_phylogeny	Branch_IIb	ptxP3/fim3-1	Europe sublineage 2	ptxP3	fim3-1	23S_rRNA_1	False	1	2026-07-24	project_member_414_of_416_linked_identity_not_in_ENA_fields							Europe	ena_fastq_download	2023.0	Europe sublineage 2	2023-05	e9a8e641825c6ff1982344eb6921ab8e00c4f20d3eb349bc9624d3d4957d23cf	modern_country_time_project_lineage_cap8	focal	
AUS::SAMN45810541		SAMN45810541		SRR31743848	AUS	Australia	2024-01	2024-01-01	2024-01-31	2024	1	1	month	True	PRJNA1199062	ena_study_accession	australia_fong_2026_direct_specimens	focal_model_observation	focal_genome_observation	True		True													False	1	2026-07-24								Oceania	ena_fastq_download	2024.0	ptxP3/fim3-1	2024-01	ea4e62895856275cd03f5d58bb6ee5176fc016b4309da6f05657224e9521c8e2	modern_country_time_project_lineage_cap8	focal	
AUS::SAMN45810540		SAMN45810540		SRR31743849	AUS	Australia	2024-01	2024-01-01	2024-01-31	2024	1	1	month	True	PRJNA1199062	ena_study_accession	australia_fong_2026_direct_specimens	focal_model_observation	focal_genome_observation	True		True													False	1	2026-07-24								Oceania	ena_fastq_download	2024.0	ptxP3/fim3-1	2024-01	eaf70ac17c7c1e67ca53bd354cf7ced3bb960dc54821a051e231526742ae629b	modern_country_time_project_lineage_cap8	focal	
AUS::SAMN45810581		SAMN45810581		SRR31743901	AUS	Australia	2024-04	2024-04-01	2024-04-30	2024	4	2	month	True	PRJNA1199062	ena_study_accession	australia_fong_2026_direct_specimens	focal_model_observation	focal_genome_observation	True		False													False	1	2026-07-24								Oceania	ena_fastq_download	2024.0	ptxP(~5)/fim3-26	2024-04	eb08a967e11891c9db5151ecda194f4ab52b01d0a76407003822bb6973df68fd	modern_country_time_project_lineage_cap8	focal	
CHN::SAMN44583834	SAMN44583834	SAMN44583834	GCA_050978065		CHN	China	2024-01-18	2024-01-18	2024-01-18	2024	1	1	day	True	PRJNA1182239	assembly_metadata	current_2406_archive	focal_model_observation	focal_genome_observation	True	archive_analysis_genome	True	False	True				provisional_marker_or_published_annotation							False	1	2026-07-24	Legacy PRN endpoints ignored; record retained only for genome/date/project/marker metadata.						ok	Asia	local_fasta	2024.0	UNKNOWN_LINEAGE	2024-01	eb453c483edb929ba0f76244ec750136773cb40560fea9c0de6236968445123b	modern_country_time_project_lineage_cap8	focal	
BEL::SAMEA117989610	SAMEA117989610	SAMEA117989610		ERR14838006	BEL	Belgium	2023-12-20	2023-12-20	2023-12-20	2023	12	4	day	True	PRJEB88325	ena_study_accession	targeted_belgium_france_public_inventory	focal_model_observation	focal_genome_observation	True	public_raw_reads_pending_uniform_qc	True	True	True			ptxP3/fim3-2	pending_new_phylogeny	Branch_IIb	ptxP3/fim3-2		ptxP3	fim3-2	23S_rRNA_1	False	1	2026-07-24	project_member_414_of_416_linked_identity_not_in_ENA_fields							Europe	ena_fastq_download	2023.0	ptxP3/fim3-2	2023-12	ebc8b01e0b21b3d994527b8edd2560c94e627c03adbbdcf9ab008301c918329b	modern_country_time_project_lineage_cap8	focal	
JPN::SAMD00892046	SAMD00892046	SAMD00892046	GCA_054656075	DRR902031	JPN	Japan	2025-02-03	2025-02-03	2025-02-03	2025	2	1	day	True	PRJDB20413	ena_study_accession	japan_targeted_ena_projects;current_2406_archive	focal_model_observation	focal_genome_observation	True	public_raw_reads_pending_uniform_qc	True	False	True				pending_new_phylogeny							False	2	2026-07-24	Targeted Japanese historical or recent public project. | Legacy PRN endpoints ignored; record retained only for genome/date/project/marker metadata.						ok	Asia	local_fasta	2025.0	UNKNOWN_LINEAGE	2025-02	ec422461639d52cd6ae8e58708a3022d20450556ef514945b7e7e576fcf48fe2	modern_country_time_project_lineage_cap8	focal	
BEL::SAMEA117989548	SAMEA117989548	SAMEA117989548		ERR14837944	BEL	Belgium	2023-07-19	2023-07-19	2023-07-19	2023	7	3	day	True	PRJEB88325	ena_study_accession	targeted_belgium_france_public_inventory	focal_model_observation	focal_genome_observation	True	public_raw_reads_pending_uniform_qc	True	True	True			Europe sublineage 2	pending_new_phylogeny	Branch_IIb	ptxP3/fim3-1	Europe sublineage 2	ptxP3	fim3-1	23S_rRNA_1	False	1	2026-07-24	project_member_414_of_416_linked_identity_not_in_ENA_fields							Europe	ena_fastq_download	2023.0	Europe sublineage 2	2023-07	ed0884aa2dec87f154f41929c424bf4597d23fadf4b4deb7ff8324eb111a0730	modern_country_time_project_lineage_cap8	focal	
BEL::SAMEA117989553	SAMEA117989553	SAMEA117989553		ERR14837949	BEL	Belgium	2023-07-27	2023-07-27	2023-07-27	2023	7	3	day	True	PRJEB88325	ena_study_accession	targeted_belgium_france_public_inventory	focal_model_observation	focal_genome_observation	True	public_raw_reads_pending_uniform_qc	True	True	True			Europe sublineage 2	pending_new_phylogeny	Branch_IIb	ptxP3/fim3-1	Europe sublineage 2	ptxP3	fim3-1	23S_rRNA_1	False	1	2026-07-24	project_member_414_of_416_linked_identity_not_in_ENA_fields							Europe	ena_fastq_download	2023.0	Europe sublineage 2	2023-07	ed80143b967190d46008838f7702f81b02df89ff7a87f3a0fd533683eded974e	modern_country_time_project_lineage_cap8	focal	
AUS::SAMN45810642		SAMN45810642		SRR31743959	AUS	Australia	2024-09	2024-09-01	2024-09-30	2024	9	3	month	True	PRJNA1199062	ena_study_accession	australia_fong_2026_direct_specimens	focal_model_observation	focal_genome_observation	True		True													False	1	2026-07-24								Oceania	ena_fastq_download	2024.0	ptxP3/fim3-1	2024-09	ed9e512287bf60ef464cf86f8437367f1dca9616e5c9fdca58619030ae5bbfd8	modern_country_time_project_lineage_cap8	focal	
CHN::SAMN43024010	SAMN43024010	SAMN43024010	GCA_042611075		CHN	China	2024-04-22	2024-04-22	2024-04-22	2024	4	2	day	True	PRJNA1143937	assembly_metadata	current_2406_archive	focal_model_observation	focal_genome_observation	True	archive_analysis_genome	True	False	True			ptxP3/fim3-1	provisional_marker_or_published_annotation	Branch_IIb	ptxP3/fim3-1	MR-MT28-PG2	ptxP3	fim3-1	MR_A2047G	False	1	2026-07-24	Legacy PRN endpoints ignored; record retained only for genome/date/project/marker metadata.						ok	Asia	local_fasta	2024.0	ptxP3/fim3-1	2024-04	eebbd5ca8dea70ad9eaced6cefeeb9f8036805546a5ba34afb846a343690ab57	modern_country_time_project_lineage_cap8	focal	
CHN::SAMN44583816	SAMN44583816	SAMN44583816	GCA_050978445		CHN	China	2023-03-27	2023-03-27	2023-03-27	2023	3	1	day	True	PRJNA1182239	assembly_metadata	current_2406_archive	focal_model_observation	focal_genome_observation	True	archive_analysis_genome	True	False	True				provisional_marker_or_published_annotation							False	1	2026-07-24	Legacy PRN endpoints ignored; record retained only for genome/date/project/marker metadata.						ok	Asia	local_fasta	2023.0	UNKNOWN_LINEAGE	2023-03	f0a883773f232874edbe02c2a4a980e7f21db13b98c94b3a6222f3685c9c6af4	modern_country_time_project_lineage_cap8	focal	
CHN::SAMN45156016	SRS23447283	SAMN45156016	RRASM_SRR31615303	SRR31615303	CHN	China		2022-01-01	2022-12-31	2022			year	False	PRJNA1193776	study_accession	current_2406_archive	focal_model_observation	focal_genome_observation	True	archive_analysis_genome	True	False	True				provisional_marker_or_published_annotation							False	1	2026-07-24	Legacy PRN endpoints ignored; record retained only for genome/date/project/marker metadata.						ok	Asia	local_fasta	2022.0	UNKNOWN_LINEAGE	2022	f12d5ee8ef829b11b73e60f59c3293fcf1c0b40a54ebd4de52e6c0939ded527c	modern_country_time_project_lineage_cap8	focal	
CHN::SAMN45156015	SRS23447272	SAMN45156015	RRASM_SRR31615314	SRR31615314	CHN	China		2022-01-01	2022-12-31	2022			year	False	PRJNA1193776	study_accession	current_2406_archive	focal_model_observation	focal_genome_observation	True	archive_analysis_genome	True	False	True			ptxP3/fim3-1	provisional_marker_or_published_annotation	Branch_IIb	ptxP3/fim3-1		ptxP3	fim3-1	MS	False	1	2026-07-24	Legacy PRN endpoints ignored; record retained only for genome/date/project/marker metadata.						ok	Asia	local_fasta	2022.0	ptxP3/fim3-1	2022	f2444c99c000a54b7312fdec6ddb7378b4700331f90a3690d80b3081a20d2434	modern_country_time_project_lineage_cap8	focal	
BEL::SAMEA117989565	SAMEA117989565	SAMEA117989565		ERR14837961	BEL	Belgium	2023-08-30	2023-08-30	2023-08-30	2023	8	3	day	True	PRJEB88325	ena_study_accession	targeted_belgium_france_public_inventory	focal_model_observation	focal_genome_observation	True	public_raw_reads_pending_uniform_qc	True	True	True			Europe sublineage 2	pending_new_phylogeny	Branch_IIb	ptxP3/fim3-1	Europe sublineage 2	ptxP3	fim3-1	23S_rRNA_1	False	1	2026-07-24	project_member_414_of_416_linked_identity_not_in_ENA_fields							Europe	ena_fastq_download	2023.0	Europe sublineage 2	2023-08	f33e94e35e4a731d8f2cce5f284c4dbb6572231638800b3be85d07aa1ac1047e	modern_country_time_project_lineage_cap8	focal	
CHN::SAMN43024020	SAMN43024020	SAMN43024020	GCA_042610865		CHN	China	2024-05-02	2024-05-02	2024-05-02	2024	5	2	day	True	PRJNA1143937	assembly_metadata	current_2406_archive	focal_model_observation	focal_genome_observation	True	archive_analysis_genome	True	False	True			ptxP3/fim3-1	provisional_marker_or_published_annotation	Branch_IIb	ptxP3/fim3-1	MR-MT28-others	ptxP3	fim3-1	MR_A2047G	False	1	2026-07-24	Legacy PRN endpoints ignored; record retained only for genome/date/project/marker metadata.						ok	Asia	local_fasta	2024.0	ptxP3/fim3-1	2024-05	f4062b508d24cfe3ef08bfb0763c81df8bce281071a60e3cfb65bd17094ea02f	modern_country_time_project_lineage_cap8	focal	
BEL::SAMEA117989613	SAMEA117989613	SAMEA117989613		ERR14838009	BEL	Belgium	2023-12-26	2023-12-26	2023-12-26	2023	12	4	day	True	PRJEB88325	ena_study_accession	targeted_belgium_france_public_inventory	focal_model_observation	focal_genome_observation	True	public_raw_reads_pending_uniform_qc	True	True	True			MS-MT28	pending_new_phylogeny	Branch_IIb	ptxP3/fim3-1	MS-MT28	ptxP3	fim3-1	23S_rRNA_1	False	1	2026-07-24	project_member_414_of_416_linked_identity_not_in_ENA_fields							Europe	ena_fastq_download	2023.0	MS-MT28	2023-12	f73d5684dc12d10d7f473d0817fa0c804c8ea1d40a4c68cde40a3a653b838c53	modern_country_time_project_lineage_cap8	focal	
AUS::SAMN45810583		SAMN45810583		SRR31743899	AUS	Australia	2024-08	2024-08-01	2024-08-31	2024	8	3	month	True	PRJNA1199062	ena_study_accession	australia_fong_2026_direct_specimens	focal_model_observation	focal_genome_observation	True		True													False	1	2026-07-24								Oceania	ena_fastq_download	2024.0	ptxP3/fim3-1	2024-08	f74d08b82b9723f56f177cb61530dde5b567b8ded71af65249569fb5a342de5d	modern_country_time_project_lineage_cap8	focal	
FRA::SAMEA115874193	SAMEA115874193	SAMEA115874193		ERR13476602	FRA	France	2024	2024-01-01	2024-12-31	2024			year	False	PRJEB42353	ena_study_accession	targeted_belgium_france_public_inventory	focal_model_observation	focal_genome_observation	True	public_raw_reads_pending_uniform_qc	True	False	True			Europe sublineage 2	pending_new_phylogeny	Branch_IIb	ptxP3/fim3-1	Europe sublineage 2	ptxP3	fim3-1	23S_rRNA_1	False	1	2026-07-24	complete_67_of_67							Europe	ena_fastq_download	2024.0	Europe sublineage 2	2024	f77b9d2e1f7a5b7638786b03b5e7d3ede4c18ae3155ad0c51c73b57a6556f9b1	modern_country_time_project_lineage_cap8	focal	
AUS::SAMN45810603		SAMN45810603		SRR31744002	AUS	Australia	2024-09	2024-09-01	2024-09-30	2024	9	3	month	True	PRJNA1199062	ena_study_accession	australia_fong_2026_direct_specimens	focal_model_observation	focal_genome_observation	True		True													False	1	2026-07-24								Oceania	ena_fastq_download	2024.0	ptxP3/fim3-1	2024-09	f78f0f6523767a03d5fe7a641c3a9d66ec36ddda2b008aa8fbef6b36c88b8477	modern_country_time_project_lineage_cap8	focal	
FRA::SAMN42490576	SAMN42490576	SAMN42490576	GCA_040969985		FRA	France	2024-05	2024-05-01	2024-05-31	2024	5	2	month	True	PRJNA1135758	assembly_metadata	current_2406_archive	focal_model_observation	focal_genome_observation	True	archive_analysis_genome	True	False	True			ptxP3/fim3-1	provisional_marker_or_published_annotation	Branch_IIb	ptxP3/fim3-1		ptxP3	fim3-1	MS	False	1	2026-07-24	Legacy PRN endpoints ignored; record retained only for genome/date/project/marker metadata.		4105138	67.5	5	3022146	ok	Europe	local_fasta	2024.0	ptxP3/fim3-1	2024-05	f7a81a030262cc0d62de6d3e5fe1ea8118d2df7b26c583763564a19af0ac6581	modern_country_time_project_lineage_cap8	focal	
AUS::SAMN45810518		SAMN45810518		SRR31743854	AUS	Australia	2023-08	2023-08-01	2023-08-31	2023	8	3	month	True	PRJNA1199062	ena_study_accession	australia_fong_2026_direct_specimens	focal_model_observation	focal_genome_observation	True		True													False	1	2026-07-24								Oceania	ena_fastq_download	2023.0	ptxP1/fim3-26	2023-08	f91f33a3a6552d0ddd4fbf0685de18d8b2a3fd64ddaa00cffc5ef4d78fb49272	modern_country_time_project_lineage_cap8	focal	
AUS::SAMN45810631		SAMN45810631		SRR31743971	AUS	Australia	2024-10	2024-10-01	2024-10-31	2024	10	4	month	True	PRJNA1199062	ena_study_accession	australia_fong_2026_direct_specimens	focal_model_observation	focal_genome_observation	True		True													False	1	2026-07-24								Oceania	ena_fastq_download	2024.0	ptxP3/fim3-1	2024-10	f94b6934fb76078037b182a4a6ebd4ddefae17c1db0dd709649925643ce1ef74	modern_country_time_project_lineage_cap8	focal	
CHN::SAMN42391102	SAMN42391102	SAMN42391102	GCA_047323915	SRR31303466	CHN	China	2022-03-15	2022-03-15	2022-03-15	2022	3	1	day	True	PRJNA1133929	assembly_metadata	current_2406_archive	focal_model_observation	focal_genome_observation	True	archive_analysis_genome	True	False	True			ptxP1/fim3-1	provisional_marker_or_published_annotation	Branch_IIb	ptxP1/fim3-1		ptxP1	fim3-1	MS	False	1	2026-07-24	Legacy PRN endpoints ignored; record retained only for genome/date/project/marker metadata.						ok	Asia	local_fasta	2022.0	ptxP1/fim3-1	2022-03	f968bde7c79e03edd2faa8a4dc854d5cf75cd002c7c50dcbc0f00d9ff3ddf651	modern_country_time_project_lineage_cap8	focal	
AUS::SAMN45810578		SAMN45810578		SRR31743905	AUS	Australia	2024-05	2024-05-01	2024-05-31	2024	5	2	month	True	PRJNA1199062	ena_study_accession	australia_fong_2026_direct_specimens	focal_model_observation	focal_genome_observation	True		False													False	1	2026-07-24								Oceania	ena_fastq_download	2024.0	ptxP17/fim3-26	2024-05	fba00e0011933bc0ad0e16eee9d49aa6402de06c16115a5bf0abbf14a8b50733	modern_country_time_project_lineage_cap8	focal	
CHN::SAMN32034035	SRS15975422	SAMN32034035	RRASM_SRR22540981	SRR22540981	CHN	China		2021-01-01	2021-12-31	2021			year	False	PRJNA908268	study_accession	current_2406_archive	focal_model_observation	focal_genome_observation	True	archive_analysis_genome	True	False	True				provisional_marker_or_published_annotation							False	1	2026-07-24	Legacy PRN endpoints ignored; record retained only for genome/date/project/marker metadata.						ok	Asia	local_fasta	2021.0	UNKNOWN_LINEAGE	2021	fbf21d802665a21e78a62ae06dfcd4c7d4547d913b6b36c9c094e332957f4b12	modern_country_time_project_lineage_cap8	focal	
CHN::SAMN42391133	SAMN42391133	SAMN42391133	GCA_047323435	SRR31303445	CHN	China	2023-05-17	2023-05-17	2023-05-17	2023	5	2	day	True	PRJNA1133929	assembly_metadata	current_2406_archive	focal_model_observation	focal_genome_observation	True	archive_analysis_genome	True	False	True			ptxP3/fim3-1	provisional_marker_or_published_annotation	Branch_IIb	ptxP3/fim3-1	MR-MT28-others	ptxP3	fim3-1	MS	False	1	2026-07-24	Legacy PRN endpoints ignored; record retained only for genome/date/project/marker metadata.						ok	Asia	local_fasta	2023.0	ptxP3/fim3-1	2023-05	fc2bd54e1db6ac13a88aaa242270cf2db5c259d5671361377aa7cf8e451bb5fd	modern_country_time_project_lineage_cap8	focal	
FRA::SAMEA115874201	SAMEA115874201	SAMEA115874201		ERR13476610	FRA	France	2024	2024-01-01	2024-12-31	2024			year	False	PRJEB42353	ena_study_accession	targeted_belgium_france_public_inventory	focal_model_observation	focal_genome_observation	True	public_raw_reads_pending_uniform_qc	True	False	True			Europe sublineage 2	pending_new_phylogeny	Branch_IIb	ptxP3/fim3-1	Europe sublineage 2	ptxP3	fim3-1	23S_rRNA_1	False	1	2026-07-24	complete_67_of_67							Europe	ena_fastq_download	2024.0	Europe sublineage 2	2024	fc3ba25cd85e91417b3eacd5592cd025402039c3424ec246e90db0e065ea7bd0	modern_country_time_project_lineage_cap8	focal	
CHN::SAMN42391124	SAMN42391124	SAMN42391124	GCA_047323525	SRR31303455	CHN	China	2022-05-01	2022-05-01	2022-05-01	2022	5	2	day	True	PRJNA1133929	assembly_metadata	current_2406_archive	focal_model_observation	focal_genome_observation	True	archive_analysis_genome	True	False	True			ptxP3/fim3-1	provisional_marker_or_published_annotation	Branch_IIb	ptxP3/fim3-1	MR-MT28-others	ptxP3	fim3-1	MS	False	1	2026-07-24	Legacy PRN endpoints ignored; record retained only for genome/date/project/marker metadata.						ok	Asia	local_fasta	2022.0	ptxP3/fim3-1	2022-05	fdbea615e4e54c019706abcce171a55f7023ba68b676c16d7d86358e32f2b452	modern_country_time_project_lineage_cap8	focal	
