node	AUS	Africa_other	Asia_other	BEL	CHN	Europe_other	FRA	JPN	Unknown_other
NODE_0001	9.8494745937293e-05	7.922953976962379e-06	0.0008507456359071914	9.671854522720982e-05	7.935891490586135e-05	0.9944462460934376	7.41618476047402e-05	9.045241793301527e-05	0.0042558988450703324
NODE_0952	0.16776045386100163	0.013993629419646087	0.05570206631824665	0.16472958553045783	0.13765965844260084	0.04926048159512937	0.12631135270986238	0.1552267455581937	0.1293560265648616
NODE_0988	9.8494745937293e-05	7.922953976962379e-06	0.0008507456359071914	9.671854522720982e-05	7.935891490586135e-05	0.9944462460934376	7.41618476047402e-05	9.045241793301527e-05	0.0042558988450703324
NODE_0941	0.11967981169728015	0.02275211694075909	0.05683582833711273	0.11737510649954	0.16198977006519527	0.1852911476487663	0.0900008483531799	0.14053774367157099	0.10553762678659559
NODE_0954	0.07693748647804176	0.0061903061477614225	0.13317975411380917	0.07555002175281018	0.061996983081285206	0.22481399859174203	0.05793024684365345	0.07065868767811594	0.2927425153127808
NODE_0953	4.9400573989607365e-05	3.973800535557187e-06	0.0008368014402114123	4.850971089062826e-05	3.980289415678963e-05	0.9968093766354755	3.7196276866752073e-05	4.5366900763251185e-05	0.0021295717671104383
USA__SAMN03996251	0.0	0.0	0.0	0.0	0.0	0.0	0.0	0.0	1.0
NODE_0940	0.020094787590117714	0.0019585816128691717	0.09883304557160079	0.018964904433585842	0.01761914825275125	0.6862139636819629	0.01454171256066039	0.0501815879152888	0.09159226838116308
NODE_0942	0.12026579974645481	0.024231546785292393	0.05540942942099305	0.11796425276700659	0.16962709168378684	0.174301776595656	0.09045259746304737	0.14312584461325592	0.10462166092450696
NODE_0955	4.900878653255215e-05	3.942473931162434e-06	3.0214305678088397e-05	4.812498660737248e-05	3.948816795601285e-05	0.9878587561346965	3.6901277974347063e-05	4.5007544570274465e-05	0.0118885563220536
NODE_0957	0.07286922104091619	0.005862751349602533	0.15368337909433966	0.071555124573446	0.05871760286923824	0.1802582845066053	0.0548670395235593	0.0669219008818016	0.33526469616049126
DEU__SAMN22091640	0.0	0.0	0.0	0.0	0.0	1.0	0.0	0.0	0.0
IRN__SAMN12675072	0.0	0.0	1.0	0.0	0.0	0.0	0.0	0.0	0.0
NODE_0004	0.002361315464332187	5.990072543315966e-05	0.0016841913118962094	0.0006536688830940933	0.0006361809831174387	0.991221260973494	0.0005007925199867081	0.0011574569766163432	0.0017252321620299198
NODE_0958	0.008691597633561837	0.0007613498858755063	0.22798461089101052	0.008395344185565846	0.007262624560063501	0.46327410176536843	0.006437346306527988	0.08338062646746947	0.19381239830455682
NODE_0943	0.10125585172056543	0.011546835246438734	0.03793423044962754	0.09939884009764118	0.3441652033542935	0.05900207082800312	0.07621703617896373	0.1902110641174373	0.0802688680070295
NODE_0951	0.023917639368306775	0.5823374918717028	0.007828481079313044	0.023485658346668895	0.019634280198010983	0.28443969428586396	0.018008333299793868	0.022128014235605946	0.01822040731473385
NODE_0956	1.8783308570171839e-07	1.511007854788771e-08	1.1513492781186965e-07	1.8444579795111153e-07	1.5134392858942517e-07	0.9999540177058545	1.414293518027213e-07	1.7249774115452173e-07	4.501449923394878e-05
USA__SAMN45987640	0.0	0.0	0.0	0.0	0.0	0.0	0.0	0.0	1.0
IND__SAMN19416303	0.0	0.0	1.0	0.0	0.0	0.0	0.0	0.0	0.0
USA__SAMN03877216	0.0	0.0	0.0	0.0	0.0	0.0	0.0	0.0	1.0
NODE_0003	0.0027458733372333188	5.8934440881160466e-05	0.0014124149004852017	0.0006562719664120284	0.0006197829028355108	0.9914445858522066	0.0005028679147462677	0.0010585048668180495	0.0015007638183819044
NODE_0005	0.00017983396097711495	4.430288052854895e-06	4.396899659634214e-05	5.6638034429852777e-05	0.0003356944977122245	0.9991228707319074	4.152090918271754e-05	0.00015222274391973455	6.281983722181691e-05
NODE_0959	0.0073604058297320266	0.000636778988874999	0.262360078651068	0.007127390192463265	0.006117044574458078	0.45156584706729014	0.005465114601837234	0.09558134587240968	0.1637859942218665
NODE_0985	4.406219950649048e-05	3.582698110853124e-06	0.03573299920874512	4.318165046017898e-05	3.566164838157502e-05	0.000295093560998438	3.3110804527591465e-05	8.691798725374372e-05	0.9637253902420161
NODE_0944	0.06002197327263677	0.00569478295306232	0.02074888448528376	0.05893166772300188	0.6595200770804308	0.023579479676738787	0.0451876230580019	0.07988832176149226	0.04642718998935152
NODE_0945	9.72322672880324e-05	8.136825912448087e-06	0.013286877777042818	9.547595726162209e-05	0.00010268931864957704	2.7411320503500586e-05	7.320905524645298e-05	0.9830322483034677	0.0032767191746280394
KEN__SAMEA1931748	0.0	1.0	0.0	0.0	0.0	0.0	0.0	0.0	0.0
NLD__SAMEA751360	0.0	0.0	0.0	0.0	0.0	1.0	0.0	0.0	0.0
DNK__SAMEA3923585	0.0	0.0	0.0	0.0	0.0	1.0	0.0	0.0	0.0
DNK__SAMEA3923584	0.0	0.0	0.0	0.0	0.0	1.0	0.0	0.0	0.0
NODE_0002	0.6001898791126865	0.003134261737954124	0.012867566102333255	0.03824779095095077	0.0314000258315309	0.2191955386811788	0.029327568134490653	0.03586380266010263	0.02977356678877227
NODE_0987	0.0012246700723616605	3.7706534906229825e-05	0.0005930491540962531	0.0004365818002764488	0.00038874866037384443	0.9956988309516664	0.00033463141596537456	0.0005752903397301652	0.0007104910706236601
NODE_0006	1.056971353509917e-05	5.976578753332106e-08	4.9831639245745e-07	7.547781842373528e-07	3.470358173359638e-06	0.9999816084141854	5.599403886972562e-07	1.6842914018939013e-06	7.944219513023575e-07
NODE_0765	0.008399058792648708	0.0002653701892520708	0.001087817558909659	0.0035902536850799713	0.028152708671000167	0.943378360104795	0.002584072517833368	0.010022701949084384	0.0025196565313965994
NODE_0960	0.007370281238279761	0.0006374627475574451	0.26324613342701725	0.0071373356608524915	0.006124539524690206	0.4504554648829764	0.005472740651985841	0.0959300616512593	0.16362598021538138
AUT__SAMN15702625	0.0	0.0	0.0	0.0	0.0	1.0	0.0	0.0	0.0
NODE_0986	2.8185902830884694e-05	2.2673813688874456e-06	0.9974066048510376	2.7677396288198233e-05	2.271027226143053e-05	7.758081834172215e-06	2.1222474297983305e-05	2.600189041734765e-05	0.002457571749663225
USA__SAMN05333716	0.0	0.0	0.0	0.0	0.0	0.0	0.0	0.0	1.0
CHN__SAMN03249373	0.0	0.0	0.0	0.0	1.0	0.0	0.0	0.0	0.0
CHN__SAMN22851881	0.0	0.0	0.0	0.0	1.0	0.0	0.0	0.0	0.0
NODE_0946	4.887320786486069e-05	4.088817126329281e-06	0.006631966637568835	4.799041942222126e-05	5.153056320049722e-05	1.376714397219383e-05	3.679809417781136e-05	0.9899026438784747	0.003262341238192355
IND__SAMN19416302	0.0	0.0	1.0	0.0	0.0	0.0	0.0	0.0	0.0
AUS__SAMEA751508	1.0	0.0	0.0	0.0	0.0	0.0	0.0	0.0	0.0
AUS__SAMEA751511	1.0	0.0	0.0	0.0	0.0	0.0	0.0	0.0	0.0
NOR__SAMEA10057937	0.0	0.0	0.0	0.0	0.0	1.0	0.0	0.0	0.0
POL__SAMEA1931348	0.0	0.0	0.0	0.0	0.0	1.0	0.0	0.0	0.0
AUS__SAMEA751513	1.0	0.0	0.0	0.0	0.0	0.0	0.0	0.0	0.0
NODE_0007	8.003053163900907e-06	1.981353007324517e-08	1.6509110659568383e-07	2.5020707252488623e-07	1.1485893285420576e-06	0.9999893909311399	1.8563087672974867e-07	5.57712111657856e-07	2.789716699503271e-07
NODE_0766	0.021846673818039678	0.0003309412771998755	0.001343203527312192	0.00527365031408686	0.09274797677990872	0.8655866325959023	0.0034513192581461464	0.00628786292938636	0.003131739500017715
JPN__SAMEA41226418	0.0	0.0	0.0	0.0	0.0	0.0	0.0	1.0	0.0
NODE_0961	0.009818506640176536	0.0007975107003981448	0.048258913585219866	0.009624158195683179	0.007943113242499328	0.0799772934856765	0.007379607729504117	0.6960930183160873	0.14010787810475508
NODE_0984	1.1548195443773926e-07	9.456201467136971e-09	0.9999967566591619	1.1302527443596955e-07	9.374212975075607e-08	1.7067263969568035e-06	8.666542557136088e-08	4.3952964251461253e-07	6.787138130516719e-07
IRN__SAMN12675069	0.0	0.0	1.0	0.0	0.0	0.0	0.0	0.0	0.0
IRN__SAMN12675070	0.0	0.0	1.0	0.0	0.0	0.0	0.0	0.0	0.0
NODE_0947	2.3019198447659433e-09	1.9250729976292185e-10	3.092002467193121e-07	2.2603413446433828e-09	2.421268688299022e-09	6.476839633490826e-10	1.733184554001595e-09	0.9999995291296457	1.521132017380609e-07
NODE_0950	1.8640626147271314e-09	1.499651815741587e-10	1.4144343839481235e-09	1.8304469468589325e-09	1.5033965200782689e-09	4.657730789762999e-10	1.4035501381688841e-09	1.2300553557759049e-07	0.9999998683628355
NODE_0008	7.72317980501355e-06	1.5358706740025678e-08	1.2724828214502114e-07	1.9387830380635607e-07	8.82039570962035e-07	0.9999902638451476	1.4389263133595835e-07	4.294203344075943e-07	2.211372180741067e-07
NODE_0764	1.4694125620159797e-07	1.1818485296173032e-08	4.758411160495241e-08	1.442728140622656e-07	1.1838015947018251e-07	0.9999991739352279	1.1062549539824322e-07	1.3492656774801235e-07	1.11515882362584e-07
NODE_0767	0.08751746621225459	0.00017150926862896488	0.0007119507321428711	0.008048018869952574	0.01210971455499464	0.8841700975125586	0.0033126929379200544	0.002320939337453385	0.001637610574094459
NODE_0794	0.00587302395047681	0.00033013353478792237	0.0013302657844190395	0.00415313946440177	0.8907818434138647	0.08727087339027607	0.0031254472636358197	0.004019327326360231	0.003115945871777475
NODE_0962	0.00441386859611503	0.0003570755901315359	0.013259456622742583	0.004329734761367419	0.003564773125522306	0.02144706281428573	0.003319952921937025	0.7921970089891492	0.15711106657874918
JPN__SAMEA751448	0.0	0.0	0.0	0.0	0.0	0.0	0.0	1.0	0.0
IND__SAMN10525643	0.0	0.0	1.0	0.0	0.0	0.0	0.0	0.0	0.0
IND__SAMN19416301	0.0	0.0	1.0	0.0	0.0	0.0	0.0	0.0	0.0
JPN__SAMN04875532	0.0	0.0	0.0	0.0	0.0	0.0	0.0	1.0	0.0
NODE_0948	1.1057920763498258e-10	9.070556741712231e-12	7.411995076031179e-09	1.085834818184212e-10	1.0264420551055865e-10	2.935851837656203e-11	8.325964345647017e-11	0.9999999884648253	3.679684109790596e-09
USA__SAMN16357507	0.0	0.0	0.0	0.0	0.0	0.0	0.0	0.0	1.0
USA__SAMN16357510	0.0	0.0	0.0	0.0	0.0	0.0	0.0	0.0	1.0
NODE_0009	7.482997280754116e-06	1.5432398356467096e-08	1.2404574995938042e-07	1.9443537725755267e-07	8.437374217150763e-07	0.9999905580425373	1.4457547945719707e-07	4.166400857955812e-07	2.2009366944536995e-07
NODE_0762	0.11805717338552402	0.0001682680219354074	0.0006774898792197569	0.002054112889227547	0.0016854796129307892	0.8722736419801705	0.0015750523742258753	0.0019210502120523636	0.0015877316447138609
ESP__SAMEA8914418	0.0	0.0	0.0	0.0	0.0	1.0	0.0	0.0	0.0
ESP__SAMN16378404	0.0	0.0	0.0	0.0	0.0	1.0	0.0	0.0	0.0
NODE_0768	0.08773672864471847	0.00011809518540822023	0.000492692315478669	0.005155167372330074	0.007801858009178049	0.8933868796829499	0.002555203711220151	0.0016172871609414262	0.001136087917774992
NODE_0791	0.4266155964899627	0.0011600949011407432	0.005460654206584916	0.36597618222551065	0.012750995710643195	0.0997820958254216	0.06402224883871344	0.013283725889631214	0.010948405912391402
NODE_0795	0.0012987617404817344	9.055454748613833e-05	0.00036469813386285716	0.0011174723150270056	0.9856474312185751	0.008717168711813501	0.0008510749520137604	0.0010583044466370608	0.0008545339341027486
NODE_0910	2.207449425605437e-07	1.659281393107835e-08	6.681521303976831e-08	2.0356160968884099e-07	0.9999982316058914	7.57023941924458e-07	1.5560355151988517e-07	1.91479847981516e-07	1.5657218811866243e-07
NODE_0963	3.1742396956823034e-06	2.5616540823395306e-07	5.8737527137936185e-06	3.115138956283284e-06	2.5609980620841486e-06	9.126267496326771e-06	2.388625819728619e-06	0.9999081128855156	6.53919263322299e-05
USA__SAMN04994865	0.0	0.0	0.0	0.0	0.0	0.0	0.0	0.0	1.0
NODE_0949	3.8820702603079115e-10	3.125249897342376e-11	1.1755446316186332e-09	3.8120608374826403e-10	3.1471340368335554e-10	9.720898971818236e-11	2.923012067320199e-10	0.9999999965131469	8.064192541988346e-10
JPN__SAMN09862822	0.0	0.0	0.0	0.0	0.0	0.0	0.0	1.0	0.0
NODE_0010	0.00016153096166192292	3.253923179988689e-06	1.3114611200671492e-05	3.972321727398497e-05	3.2743510333661745e-05	0.9996334736615953	3.0457979228954156e-05	3.720115574683271e-05	4.8500979778721235e-05
NODE_0013	3.071688280233479e-06	2.218783818033445e-07	1.6660973162734718e-06	2.7085599583437463e-06	2.2230052149747657e-06	0.9999834020122581	2.0768657280850283e-06	2.536250796335983e-06	2.0936420657795365e-06
NODE_0763	0.11805739650123179	0.00016813506634469789	0.0006769545624804665	0.0020524898484967167	0.0016841478039711854	0.8722810589548662	0.0015738078595662537	0.0019195322957077509	0.0015864771073351084
AUS__SAMEA751475	1.0	0.0	0.0	0.0	0.0	0.0	0.0	0.0	0.0
NODE_0769	0.0010660803416971394	2.727483269743121e-06	3.081089397715734e-05	0.00016396589981723452	0.0011527371963354401	0.9974363588562274	4.090843469017543e-05	3.399221322930633e-05	7.241868075637609e-05
NODE_0781	0.45983178873463015	0.0009557684791545913	0.0038570766902776784	0.014750436598640343	0.01300920275258298	0.46653440486886566	0.019511036545374682	0.012520637983641081	0.009029647346832852
NODE_0792	0.42686847874929346	0.0011579007395954297	0.0054524598263835395	0.36623569325993127	0.012725960305397223	0.09951525835282395	0.06385798252909697	0.013258569450313088	0.010927696787165044
FRA__SAMEA115874213	0.0	0.0	0.0	0.0	0.0	0.0	1.0	0.0	0.0
NODE_0796	3.220283568524842e-08	2.5544337560555322e-09	1.028500120059997e-08	3.121406957112717e-08	0.9999998167593894	2.9735800368302503e-08	2.3919384085423548e-08	2.9225991658757928e-08	2.4103094321803425e-08
NODE_0904	4.799598646587932e-07	3.748333589607276e-08	1.5092489868787142e-07	4.5854635789145724e-07	0.9999969402089369	7.981433811617603e-07	3.5113703158652414e-07	4.2990759894203705e-07	3.5368859431530957e-07
NODE_0911	5.582857143495048e-09	4.1992692202805263e-10	1.6909410060808527e-09	5.15143039134047e-09	0.9999999554309875	1.8978062870126374e-08	3.937903222802747e-09	4.845401675837595e-09	3.962489174874832e-09
CHN__SAMN11295233	0.0	0.0	0.0	0.0	1.0	0.0	0.0	0.0	0.0
NODE_0964	2.944943590115034e-07	2.3765920971857956e-08	5.439539722199892e-07	2.890115885456899e-07	2.3759933375336068e-07	8.449968829556508e-07	2.2160826614587437e-07	0.999991490630739	6.05393893730828e-06
JPN__SAMEA41216668	0.0	0.0	0.0	0.0	0.0	0.0	0.0	1.0	0.0
JPN__SAMN03249374	0.0	0.0	0.0	0.0	0.0	0.0	0.0	1.0	0.0
JPN__SAMEA751489	0.0	0.0	0.0	0.0	0.0	0.0	0.0	1.0	0.0
NODE_0011	0.003236708723327182	4.9177557530143153e-05	0.00019800918745691554	0.0006003302482185448	0.0004926808258946993	0.9935399297693607	0.00046032056750076677	0.0005614713381690965	0.0008613717825419413
SWE__SAMEA751314	0.0	0.0	0.0	0.0	0.0	1.0	0.0	0.0	0.0
NODE_0014	2.0039596211794776e-06	5.466312624362199e-08	2.5068876156800535e-07	6.672940055173399e-07	5.47547559027513e-07	0.9999948058646255	5.116675526838056e-07	6.425273702939007e-07	5.157873780361421e-07
NODE_0759	3.5516273575407584e-05	1.1907457326286447e-06	0.00018558902574589904	1.4535891068416787e-05	1.1926914919405634e-05	0.999715265576126	1.1145830688311788e-05	1.359422357898846e-05	1.12355185651501e-05
AUS__SAMEA751183	1.0	0.0	0.0	0.0	0.0	0.0	0.0	0.0	0.0
ESP__SAMN16378546	0.0	0.0	0.0	0.0	0.0	1.0	0.0	0.0	0.0
NODE_0770	0.0007909327702448305	1.9419391282209355e-06	2.768980415153103e-05	0.00014329388549960448	0.000818024750123185	0.9980996683300847	2.908931473655248e-05	2.4195217928563082e-05	6.516398810282595e-05
CHN__SAMN09947460	0.0	0.0	0.0	0.0	1.0	0.0	0.0	0.0	0.0
NODE_0782	0.8705173040110354	0.0004274619967920949	0.0017219851967084552	0.010365218958269857	0.004637733330960617	0.049376109051772164	0.04748519320003916	0.011434420231495794	0.004034574022926401
AUS__SAMN45810611	1.0	0.0	0.0	0.0	0.0	0.0	0.0	0.0	0.0
NODE_0793	0.42712243660975596	0.001155708925922155	0.005441494955581806	0.3664962701933044	0.012700952361749458	0.09924876358248662	0.06369392359489143	0.013233439953231573	0.010907009823076437
IND__SAMN10457989	0.0	0.0	1.0	0.0	0.0	0.0	0.0	0.0	0.0
NODE_0797	2.03409504091287e-10	1.6148326409263225e-11	6.501844010198972e-11	1.9731392851659133e-10	0.9999999988499431	1.7985332670173304e-10	1.5120749577780638e-10	1.8473393134087538e-10	1.5237209251809714e-10
NODE_0868	1.2908042849866414e-11	1.038317256866377e-12	4.180500932490503e-12	1.2675147031074578e-11	0.9999999999345973	3.230343617317389e-12	9.719045072203135e-12	1.1853969267380073e-11	9.797248090754451e-12
NODE_0905	1.9246543068026168e-07	1.5034130922578736e-08	6.053420011739092e-08	1.8391477580934993e-07	0.9999987747978006	3.181319623785427e-07	1.4083617185066962e-07	1.7242515909083733e-07	1.4186036863707808e-07
CHN__SAMN07329781	0.0	0.0	0.0	0.0	1.0	0.0	0.0	0.0	0.0
NODE_0912	1.990134638236259e-10	1.5245806108278813e-11	6.138882874353429e-11	1.8677126780966308e-10	0.9999999985656854	5.097438472272963e-10	1.4289562750378906e-10	1.7539605878249367e-10	1.438596767116099e-10
CHN__SAMN09947492	0.0	0.0	0.0	0.0	1.0	0.0	0.0	0.0	0.0
NODE_0965	0.0002327051815112825	1.8718903662655135e-05	7.543879031409008e-05	0.0002285086750374578	0.00018749462830200216	5.8246462078515395e-05	0.00017521588537120321	0.9988461061117829	0.0001775653619397707
NODE_0966	1.834008368073131e-07	1.4799607406417442e-08	3.3301721381403244e-07	1.7998855874087393e-07	1.4796449980399597e-07	5.163660089145025e-07	1.3801160290090257e-07	0.9999947908545478	3.695597123861749e-06
AUS__SAMEA751512	1.0	0.0	0.0	0.0	0.0	0.0	0.0	0.0	0.0
NODE_0012	0.003067695887636188	5.9917482335712063e-05	0.00024124950322316856	0.0007314365360098534	0.0006002436684320494	0.9929419928486343	0.0005608503260300411	0.0006840795985276246	0.0011125341491712386
NODE_0015	0.0618213793147893	0.00163742901585721	0.006592686399358698	0.019988725516821834	0.016401028009142202	0.8440877841384757	0.015326955260715452	0.01869372671580414	0.015450285629035304
NODE_0016	1.7083741833571682e-06	4.6096811237491205e-08	2.1125097160291256e-07	5.627216712538007e-07	4.6174069742128226e-07	0.9999955985361525	4.314836016907287e-07	5.448381074483253e-07	4.349578033977951e-07
NODE_0760	3.757308288916005e-05	1.258510036293909e-06	0.00019646775336524633	1.5363115975479984e-05	1.2605664467084811e-05	0.999698708966237	1.1780130215488837e-05	1.436785474963724e-05	1.1874922064641947e-05
NOR__SAMEA10057881	0.0	0.0	0.0	0.0	0.0	1.0	0.0	0.0	0.0
NODE_0771	0.00042828123287970947	7.930738415458647e-06	3.582334009811418e-05	0.0010423245887017441	0.00023586284133609155	0.9970312413599909	7.637217967842903e-05	9.093796242986353e-05	0.0010512257564697662
NODE_0779	0.000122617100913953	6.893782237862032e-07	4.985641572325389e-05	2.6202148497122616e-05	0.00012567914771934168	0.999645237034557	8.075817966204252e-06	8.171481539320996e-06	1.3471474860118404e-05
NODE_0783	0.9574493933116508	8.62876305458599e-05	0.00034757435372901224	0.006826129000437583	0.0009261043695808544	0.008608435889669109	0.0163450295707587	0.008596658460126505	0.0008143874135014511
NODE_0790	0.009794916268257257	0.00011859243834539478	0.00047748897080929914	0.0014972022371849923	0.0011912858174331937	0.0008303132685945761	0.9835542440785906	0.001416943223560409	0.001119013697224357
AUS__SAMN18200431	1.0	0.0	0.0	0.0	0.0	0.0	0.0	0.0	0.0
BEL__SAMEA117989221	0.0	0.0	0.0	1.0	0.0	0.0	0.0	0.0	0.0
NODE_0798	1.315351134636527e-11	1.0567845364849695e-12	4.254864031839008e-12	1.2901689828925063e-11	0.9999999999326399	4.06246954963626e-12	9.892222666498899e-12	1.2067050069643106e-11	9.971507898373658e-12
NODE_0861	2.3038549170294006e-08	1.8532293478010692e-09	7.461521822308958e-09	2.262308323107501e-08	0.9999998832784361	5.754343665004264e-09	1.73469280633417e-08	2.115739628639073e-08	1.7486512379727878e-08
NODE_0869	5.252491889675879e-11	4.2251237299357825e-12	1.7011306749762594e-11	5.157770998193646e-11	0.9999999997338899	1.3119171082509166e-11	3.95487571447153e-11	4.823613292883371e-11	3.98669913668633e-11
NODE_0896	1.4502521433063307e-10	1.166588143457259e-11	4.696948545737783e-11	1.4240990031473483e-10	0.9999999992652501	3.622298922646461e-11	1.0919706526748596e-10	1.33183557059433e-10	1.1007573367446776e-10
NODE_0906	1.8137179330581887e-07	1.4199003593024895e-08	5.717135620596443e-08	1.736705400557167e-07	0.9999988629723552	2.808398828442144e-07	1.330048729462349e-07	1.627902010145318e-07	1.3397999506874251e-07
NODE_0909	2.4936319349560222e-08	2.0058856427673737e-09	8.076150708914923e-09	2.448661821614441e-08	0.9999998736630731	6.228973972399574e-09	1.8775849014534844e-08	2.2900198981173165e-08	1.892693107757543e-08
NODE_0913	1.038011590927722e-10	8.314803103960835e-12	3.347754778475549e-11	1.0153227073508752e-10	0.9999999994545605	4.703163940741874e-11	7.783837981052369e-11	9.498754541778025e-11	7.845619343874625e-11
NODE_0939	1.728142492848085e-05	1.3901242291684752e-06	5.596955543048948e-06	1.6969780921603136e-05	0.9999124461327544	4.316344675596933e-06	1.3012088870735678e-05	1.587035572166785e-05	1.3116792355333748e-05
JPN__SAMEA41263168	0.0	0.0	0.0	0.0	0.0	0.0	0.0	1.0	0.0
JPN__SAMEA41187418	0.0	0.0	0.0	0.0	0.0	0.0	0.0	1.0	0.0
JPN__SAMEA41296918	0.0	0.0	0.0	0.0	0.0	0.0	0.0	1.0	0.0
NODE_0967	1.7593703076095764e-07	1.4193297523284551e-08	2.9597893288995525e-07	1.726726273224554e-07	1.419260733789166e-07	4.5496209676604736e-07	1.3240189630517312e-07	0.9999953719860404	3.239942004512034e-06
DNK__SAMEA751162	0.0	0.0	0.0	0.0	0.0	1.0	0.0	0.0	0.0
USA__SAMEA751257	0.0	0.0	0.0	0.0	0.0	0.0	0.0	0.0	1.0
AUS__SAMEA751337	1.0	0.0	0.0	0.0	0.0	0.0	0.0	0.0	0.0
AUS__SAMEA751155	1.0	0.0	0.0	0.0	0.0	0.0	0.0	0.0	0.0
NODE_0017	0.0004836648889083723	1.9558110102136794e-05	7.874794442847307e-05	0.00023875336927491032	0.00019590047039346557	0.9983924724363659	0.00018307131217115666	0.0002232870485157405	0.0001845444198399093
NODE_0019	3.767061445378463e-06	2.863021529004608e-07	1.1574148045162596e-06	3.4950004830609522e-06	2.8677002379039904e-06	0.9999791467966366	2.6798965006262766e-06	3.898364366483939e-06	2.7014633725300245e-06
NODE_0761	0.00033229697649184235	1.0077463241129203e-05	0.00020283404180639647	0.00012301946823168095	0.00010093920047531334	0.9989263666410984	9.432886967669509e-05	0.00011504943836294748	9.508790061556458e-05
ISR__SAMN05908237	0.0	0.0	1.0	0.0	0.0	0.0	0.0	0.0	0.0
NODE_0772	0.00042733129937015056	7.89975703603525e-06	3.5676359205544245e-05	0.0010435352826859059	0.00023465863439265638	0.9970344005723958	7.606996780963256e-05	9.058199668961186e-05	0.00104984613041455
USA__SAMN11822192	0.0	0.0	0.0	0.0	0.0	0.0	0.0	0.0	1.0
NODE_0780	0.0001233351508563415	7.586887015593623e-07	5.491784022442401e-05	2.70258543278943e-05	0.00012622384477701076	0.9996359369923569	8.722546900641612e-06	8.962385519624655e-06	1.4116696335818586e-05
NOR__SAMEA8914592	0.0	0.0	0.0	0.0	0.0	1.0	0.0	0.0	0.0
NODE_0784	0.9575647543958586	8.595622963017619e-05	0.0003462391819628883	0.006790612408106309	0.0009224479345151761	0.008561937531052194	0.016311618077170915	0.00860517493597401	0.0008112593057295828
NODE_0789	0.938023641443026	0.0002600909848501128	0.0010473032343061555	0.02625722778574012	0.0026504972764109743	0.006924819854837854	0.013830207534963609	0.008551922733831973	0.002454289152033259
FRA__SAMEA115874222	0.0	0.0	0.0	0.0	0.0	0.0	1.0	0.0	0.0
FRA__SAMEA115874243	0.0	0.0	0.0	0.0	0.0	0.0	1.0	0.0	0.0
NODE_0799	3.7575062434555497e-11	3.022528007787103e-12	1.2169383702069476e-11	3.689718216395482e-11	0.999999999809618	9.399483485301618e-12	2.8292011949944285e-11	3.4506738482044604e-11	2.8519661513914157e-11
NODE_0851	3.6099226298690766e-09	2.9038351816933614e-10	1.169149927388736e-09	3.5448232461887306e-09	0.9999999817108453	9.016407103826319e-10	2.7180996234773245e-09	3.315163943164996e-09	2.739971170409622e-09
NODE_0862	6.539724731539436e-10	5.260578593078936e-11	2.118028295658358e-10	6.421790560081512e-10	0.9999999966867408	1.6334269875790932e-10	4.924100652852158e-10	6.005740521968124e-10	4.963723070825131e-10
CHN__SAMN41373952	0.0	0.0	0.0	0.0	1.0	0.0	0.0	0.0	0.0
NODE_0870	5.546946698054784e-11	4.461984536504297e-12	1.7964962094831546e-11	5.446916068193039e-11	0.9999999997189719	1.3854463655834505e-11	4.1765863866856884e-11	5.0940254276522186e-11	4.2101938394851786e-11
NODE_0892	2.220394043502859e-05	1.7860932225354037e-06	7.1912165490660276e-06	2.180352664247511e-05	0.9998875069237131	5.5458183647172646e-06	1.671850849603375e-05	2.0390936398451522e-05	1.6853036178713128e-05
NODE_0897	7.82371074049174e-10	6.293421983348078e-11	2.533874477891439e-10	7.682622171412335e-10	0.9999999960362291	1.9541083313042427e-10	5.890881146565529e-10	7.184886311286669e-10	5.938282897851054e-10
NODE_0903	2.3337884022322014e-06	1.8773080662217584e-07	7.558468204893183e-07	2.2917021307485644e-06	0.9999881761961332	5.829040398631613e-07	1.7572313952486899e-06	2.143229082090597e-06	1.771371189333212e-06
CHN__SAMN09947473	0.0	0.0	0.0	0.0	1.0	0.0	0.0	0.0	0.0
NODE_0907	1.3555360467414466e-08	1.09039629329069e-09	4.390182884395762e-09	1.3310888441430595e-08	0.9999999313226281	3.3868566936528118e-09	1.0206522438516755e-08	1.2448514605406076e-08	1.0288650094056674e-08
CHN__SAMN41373942	0.0	0.0	0.0	0.0	1.0	0.0	0.0	0.0	0.0
CHN__SAMN41373967	0.0	0.0	0.0	0.0	1.0	0.0	0.0	0.0	0.0
NODE_0914	9.595680205878546e-11	7.717248801999344e-12	3.107140629981912e-11	9.420876543864714e-11	0.9999999995129819	2.4902746581467107e-11	7.223675404046812e-11	8.810671512098655e-11	7.281763866544516e-11
CHN__SAMN07329769	0.0	0.0	0.0	0.0	1.0	0.0	0.0	0.0	0.0
CHN__SAMN07329787	0.0	0.0	0.0	0.0	1.0	0.0	0.0	0.0	0.0
CHN__SAMN39682878	0.0	0.0	0.0	0.0	1.0	0.0	0.0	0.0	0.0
NODE_0968	8.750224873671744e-07	7.042785093101765e-08	5.215701498344861e-07	8.591514721821333e-07	7.051906914220697e-07	6.281564239874468e-07	6.587801556617273e-07	0.9999919218346671	3.7598661014921786e-06
NODE_0981	2.232019282199787e-05	1.795446368639317e-06	7.239167744350454e-06	2.1917678647104872e-05	1.7983771520679087e-05	5.592568602330463e-06	1.6806037970894053e-05	0.9998892699827129	1.7075153611217386e-05
NODE_0018	0.003794509110049428	8.584670337313313e-05	0.0003456392935704089	0.0010479637123978064	0.0008598688385431549	0.9912725213914727	0.0008035576315905388	0.000980069754908153	0.0008100235640945031
ITA__SAMEA751497	0.0	0.0	0.0	0.0	0.0	1.0	0.0	0.0	0.0
NODE_0020	3.429553962830897e-06	2.7565434487936863e-07	1.1099088058967275e-06	3.3650185654439404e-06	2.761044698967447e-06	0.9999346940743081	2.5802289878247493e-06	4.918335420412302e-05	2.6011621218164003e-06
NOR__SAMEA10057882	0.0	0.0	0.0	0.0	0.0	1.0	0.0	0.0	0.0
AUS__SAMEA751477	1.0	0.0	0.0	0.0	0.0	0.0	0.0	0.0	0.0
ESP__SAMN16378550	0.0	0.0	0.0	0.0	0.0	1.0	0.0	0.0	0.0
NODE_0773	0.00027607563259944535	1.627232997870471e-06	7.126815015508553e-06	0.00016062832056053006	3.9415074506242065e-05	0.9986312618172123	1.5547385305481594e-05	1.8635927614524527e-05	0.000849681794187982
NODE_0776	2.732340693455766e-05	2.1913488022766523e-06	8.823825855285266e-06	0.9996195231640287	2.198778660074844e-05	0.000253702023589492	2.05123803822383e-05	2.5017635103466608e-05	2.091842870334273e-05
IRN__SAMN12675075	0.0	0.0	1.0	0.0	0.0	0.0	0.0	0.0	0.0
NOR__SAMEA10057952	0.0	0.0	0.0	0.0	0.0	1.0	0.0	0.0	0.0
NODE_0785	0.957931762881729	8.531252762232995e-05	0.0003436455606829324	0.00671342220940686	0.0009152579439897998	0.00845976760092855	0.016239888025535335	0.00850576016489993	0.0008051830852051876
NODE_0787	0.0007734239688124207	7.952698698645156e-06	3.201948206459341e-05	0.00010113065360498347	7.970020743193206e-05	3.054312177225691e-05	0.00033661494363184747	0.9985635755184255	7.503940555779974e-05
AUS__SAMN45810582	1.0	0.0	0.0	0.0	0.0	0.0	0.0	0.0	0.0
BEL__SAMEA117989599	0.0	0.0	0.0	1.0	0.0	0.0	0.0	0.0	0.0
NODE_0800	5.087605565111378e-11	4.0924882355401065e-12	1.6477286158944756e-11	4.9958577787766097e-11	0.9999999997422434	1.2707533107042856e-11	3.830723880211225e-11	4.672190016248088e-11	3.861548290483597e-11
CHN__SAMN41373925	0.0	0.0	0.0	0.0	1.0	0.0	0.0	0.0	0.0
CHN__SAMN09947486	0.0	0.0	0.0	0.0	1.0	0.0	0.0	0.0	0.0
NODE_0852	7.416075202015781e-11	5.965518459120383e-12	2.4018530794326423e-11	7.282337731348972e-11	0.9999999996242752	1.852293201589241e-11	5.583951038182218e-11	6.810535192301947e-11	5.628883036330966e-11
NODE_0863	1.835393506209831e-10	1.4763973398120664e-11	5.944310660472186e-11	1.8022949954240762e-10	0.9999999990701242	4.5842245662563234e-11	1.381963783653941e-10	1.6855292845814387e-10	1.3930839369575739e-10
CHN__SAMN41373963	0.0	0.0	0.0	0.0	1.0	0.0	0.0	0.0	0.0
NODE_0871	1.4207134539771893e-10	1.1428271835951e-11	4.601281529821925e-11	1.3950930797421092e-10	0.9999999992802159	3.548477735701865e-11	1.0697294932529973e-10	1.3047088540081448e-10	1.0783372126458954e-10
NODE_0891	1.8205503045371606e-05	1.4644574325594872e-06	5.896237884759021e-06	1.787719489929854e-05	0.9999077644326727	4.547139433349371e-06	1.3707875781293578e-05	1.6718980839740755e-05	1.3818178010930426e-05
NODE_0893	8.631518376655672e-07	6.943225468400801e-08	2.7955001039298133e-07	8.475862266029502e-07	0.9999956269651414	2.1558710837243123e-07	6.499121799396212e-07	7.926734570175167e-07	6.551417839759573e-07
CHN__SAMN41373947	0.0	0.0	0.0	0.0	1.0	0.0	0.0	0.0	0.0
NODE_0898	1.4939890499533566e-08	1.201770345263228e-09	4.838600071931434e-09	1.4670472633088144e-08	0.9999999243091898	3.731496292322641e-09	1.124902523235618e-08	1.372001324856039e-08	1.1339541996849088e-08
CHN__SAMN41373945	0.0	0.0	0.0	0.0	1.0	0.0	0.0	0.0	0.0
CHN__SAMN41373936	0.0	0.0	0.0	0.0	1.0	0.0	0.0	0.0	0.0
CHN__SAMN41373951	0.0	0.0	0.0	0.0	1.0	0.0	0.0	0.0	0.0
NODE_0908	9.213934966691773e-11	7.411712025338726e-12	2.984123429625354e-11	9.047762813134096e-11	0.9999999995331829	2.302033949454194e-11	6.937643231590638e-11	8.461584355479356e-11	6.993467612109743e-11
CHN__SAMN50151976	0.0	0.0	0.0	0.0	1.0	0.0	0.0	0.0	0.0
NODE_0915	2.5173599974078983e-11	2.0249550350639033e-12	8.152928541199593e-12	2.471942079790907e-11	0.9999999998724509	6.2988212043680434e-12	1.8954350093278954e-11	2.3117935608479788e-11	1.9106864215275103e-11
CHN__SAMN50151938	0.0	0.0	0.0	0.0	1.0	0.0	0.0	0.0	0.0
NODE_0969	4.861649179316978e-05	3.910728820309808e-06	1.5746347255508716e-05	4.773976807409946e-05	3.917114623142042e-05	1.214430003539224e-05	3.660590010190425e-05	0.9997591535008041	3.69118168841136e-05
JPN__SAMEA41292418	0.0	0.0	0.0	0.0	0.0	0.0	0.0	1.0	0.0
NODE_0982	3.152417373733046e-05	2.535816816561801e-06	1.0213062243802098e-05	3.095568266163981e-05	2.5399572623023145e-05	7.879367076612737e-06	2.373619882959136e-05	0.9998437861588902	2.3969967121275656e-05
JPN__SAMEA41205418	0.0	0.0	0.0	0.0	0.0	0.0	0.0	1.0	0.0
AUS__SAMEA751476	1.0	0.0	0.0	0.0	0.0	0.0	0.0	0.0	0.0
ITA__SAMEA8914539	0.0	0.0	0.0	0.0	0.0	1.0	0.0	0.0	0.0
NODE_0021	2.869184072208805e-06	2.3078856388648024e-07	9.29209838186441e-07	2.8173247275575447e-06	2.3116542229868866e-06	0.9999105890875267	2.1602683076583545e-06	7.591157092750372e-05	2.1809118132906387e-06
NODE_0757	0.00034446695453351324	2.7708928179033114e-05	0.00011156246573392008	0.0003382535391566985	0.0002775417451743532	0.993825662851597	0.00025936605398460696	0.0045539842900386455	0.00026145317160218676
NODE_0774	0.0002970904598722635	1.8606862631080372e-06	8.064540645188011e-06	0.00016293729950458074	4.16645971786659e-05	0.9985624339375598	1.7731382516347722e-05	2.1300921985508515e-05	0.0008869161744745339
NOR__SAMEA8914588	0.0	0.0	0.0	0.0	0.0	1.0	0.0	0.0	0.0
NODE_0777	2.290329949109478e-05	1.8368610558527564e-06	7.396421735478074e-06	0.9996813267432465	1.8430850361108614e-05	0.00021240678981644865	1.7194155242822925e-05	2.0970609225975167e-05	1.7534269824742937e-05
BEL__SAMEA117989584	0.0	0.0	0.0	1.0	0.0	0.0	0.0	0.0	0.0
NODE_0786	0.9492137927700471	0.0002849617119464255	0.001147351667875736	0.004597549269295673	0.0028662524091056917	0.0025014094354594394	0.031960767702987315	0.0047390629658941134	0.002688852067388397
AUS__SAMN45811371	1.0	0.0	0.0	0.0	0.0	0.0	0.0	0.0	0.0
NODE_0788	0.0003871409702784972	3.982980803191914e-06	1.603644082807519e-05	5.0648359634203053e-05	3.991654881614627e-05	1.5295156909379802e-05	0.00029253479748369155	0.9991568624699989	3.758227524794528e-05
FRA__SAMEA117615786	0.0	0.0	0.0	0.0	0.0	0.0	1.0	0.0	0.0
NODE_0801	2.5263741562219123e-11	2.0322247553035306e-12	8.182197943237241e-12	2.480814889616274e-11	0.9999999998720049	6.310061067991265e-12	1.902239279112713e-11	2.3200898323788402e-11	1.917545898073143e-11
CHN__SAMN50151948	0.0	0.0	0.0	0.0	1.0	0.0	0.0	0.0	0.0
NODE_0853	9.61959012180616e-11	7.73803405312769e-12	3.1155080730387914e-11	9.446115662336525e-11	0.9999999995126372	2.402659104527361e-11	7.243092713615512e-11	8.834127929929403e-11	7.301375214019167e-11
NODE_0859	9.449003895614763e-06	7.600813858716495e-07	3.060260109468572e-06	9.278605695494984e-06	0.999952127978402	2.3600522387402405e-06	7.114649418653425e-06	8.67747047097288e-06	7.17189838315257e-06
NODE_0864	3.6434585960423223e-10	2.9308116357699966e-11	1.1800112598526367e-10	3.577754440960885e-10	0.999999998154094	9.100170054569138e-11	2.743350605440071e-10	3.3459616169917556e-10	2.765425337684378e-10
CHN__SAMN50151953	0.0	0.0	0.0	0.0	1.0	0.0	0.0	0.0	0.0
NODE_0872	5.633126534195175e-09	4.5313079243042633e-10	1.8244073782394602e-09	5.531541792235511e-09	0.9999999714605732	1.406970833857468e-09	4.241475700976492e-09	5.173168484181217e-09	4.275605294374578e-09
NODE_0890	3.653085729765118e-11	2.9385557407553228e-12	1.1831292122185846e-11	3.58720796739864e-11	0.9999999998149216	9.124213779659077e-12	2.7505993807057742e-11	3.354802675304292e-11	2.7727324412448442e-11
CHN__SAMN41373944	0.0	0.0	0.0	0.0	1.0	0.0	0.0	0.0	0.0
CHN__SAMN41373970	0.0	0.0	0.0	0.0	1.0	0.0	0.0	0.0	0.0
NODE_0894	2.678339477329948e-07	2.1544662318411034e-08	8.674369862300154e-08	2.630039759043391e-07	0.999998643057758	6.689616333540048e-08	2.0166619271038267e-07	2.4596467503371115e-07	2.0328892631646576e-07
NODE_0895	1.2002808134052633e-11	9.65510348145398e-13	3.88736372003117e-12	1.1786356016451663e-11	0.9999999999391892	2.997909041088084e-12	9.037542248530302e-12	1.102275057800873e-11	9.110264023687467e-12
NODE_0899	2.5190537285717278e-06	2.0263361834218898e-07	8.158489216766481e-07	2.4736264828962338e-06	0.9999872375759569	6.291772611539048e-07	1.8967273528013157e-06	2.3133670581529834e-06	1.91198961949858e-06
CHN__SAMN41373954	0.0	0.0	0.0	0.0	1.0	0.0	0.0	0.0	0.0
CHN__SAMN50151974	0.0	0.0	0.0	0.0	1.0	0.0	0.0	0.0	0.0
CHN__SAMN50151975	0.0	0.0	0.0	0.0	1.0	0.0	0.0	0.0	0.0
NODE_0916	1.2037098668992968e-11	9.682685792758895e-13	3.898468985206363e-12	1.1820026901365083e-11	0.9999999999390156	3.0065413807835643e-12	9.063360363566904e-12	1.1054240126023892e-11	9.136289860256813e-12
NODE_0929	1.5618305568251835e-08	1.2563423057512134e-09	5.058319166333891e-09	1.533665353515706e-08	0.9999999208720973	3.90094209272143e-09	1.175983943481575e-08	1.43430341306018e-08	1.1854466533173006e-08
NODE_0970	5.2247890709454825e-05	4.202839759049438e-06	1.6921633806545102e-05	5.130568063026532e-05	4.2097026361133966e-05	1.304989639966942e-05	3.934017058693639e-05	0.9997411775134267	3.965734832030341e-05
NODE_0971	1.3730305278410111e-05	1.1044708680059305e-06	4.446893560095598e-06	1.348270039971183e-05	1.1062743711807946e-05	3.4294557940728185e-06	1.033826522095044e-05	0.9999319825729556	1.042259221120049e-05
NODE_0983	0.00125707612455726	0.0001011196708534542	0.0004071313051094637	0.0012344066968097928	0.0010128479066526914	0.0003139774931805217	0.0009465183860656203	0.9937727803595809	0.0009541420571900622
JPN__SAMEA41283418	0.0	0.0	0.0	0.0	0.0	0.0	0.0	1.0	0.0
NODE_0022	6.281630659597299e-07	5.0529660751032424e-08	2.0344421822085746e-07	6.168350027093757e-07	5.06121714128328e-07	0.99997245038925	4.7297881627490574e-07	2.388769989080061e-05	1.1838383812670591e-06
NODE_0753	7.813779181403837e-05	6.2854261331312366e-06	2.530655360738364e-05	7.67286132795272e-05	6.295689702457998e-05	0.9976177113021081	5.883396728358783e-05	0.0020147297439040306	5.930970484558564e-05
NODE_0758	0.0011100760201616306	8.929492602622193e-05	0.00035952163220385867	0.001090057492008646	0.0008944073708679964	0.014058766487118783	0.0008358343005763862	0.9807194818182591	0.0008425599527774201
ESP__SAMN16378544	0.0	0.0	0.0	0.0	0.0	1.0	0.0	0.0	0.0
NODE_0775	0.0030478766395716076	2.4119929082296246e-05	9.751235386557685e-05	0.00039234053548094444	0.00025767009968861727	0.9948445362387676	0.00022599134609331596	0.00027540598135301155	0.0008345468760971138
USA__SAMN11821785	0.0	0.0	0.0	0.0	0.0	0.0	0.0	0.0	1.0
BEL__SAMEA117989541	0.0	0.0	0.0	1.0	0.0	0.0	0.0	0.0	0.0
NODE_0778	2.4538759053957602e-05	1.9684272814602708e-06	7.926135857744197e-06	0.9996736774788688	1.9748606639007065e-05	0.00021246694478710033	1.842566416215586e-05	2.2472635132889046e-05	1.877534821666637e-05
AUS__SAMN45810556	1.0	0.0	0.0	0.0	0.0	0.0	0.0	0.0	0.0
FRA__SAMEA115874216	0.0	0.0	0.0	0.0	0.0	0.0	1.0	0.0	0.0
FRA__SAMEA115874226	0.0	0.0	0.0	0.0	0.0	0.0	1.0	0.0	0.0
JPN__SAMD01593372	0.0	0.0	0.0	0.0	0.0	0.0	0.0	1.0	0.0
NODE_0802	6.455336068488992e-11	5.192696329889432e-12	2.0906973561419566e-11	6.338924046454068e-11	0.9999999996729495	1.6123319071115313e-11	4.860560278340146e-11	5.928249500348521e-11	4.899671417400816e-11
NODE_0849	3.7030797441286488e-09	2.978771111753694e-10	1.1993208330030742e-09	3.6363004168820615e-09	0.9999999812388781	9.249082482039274e-10	2.7882424898797296e-09	3.400714560637151e-09	2.8106784506594164e-09
NODE_0854	6.151829746681342e-11	4.948554716621855e-12	1.992400403469111e-11	6.040890992937794e-11	0.9999999996883263	1.5365259372766685e-11	4.632034488966387e-11	5.6495183575950884e-11	4.6693067651409504e-11
CHN__SAMN50151982	0.0	0.0	0.0	0.0	1.0	0.0	0.0	0.0	0.0
NODE_0860	7.494371260678646e-09	6.028500101155584e-10	2.4272109174646917e-09	7.359221843030325e-09	0.999999962030844	1.8718489130820917e-09	5.642904238583894e-09	6.882438194699852e-09	5.688310611465685e-09
CHN__SAMN41373922	0.0	0.0	0.0	0.0	1.0	0.0	0.0	0.0	0.0
NODE_0865	1.179412709379973e-08	9.487239676696175e-10	3.819777943682608e-09	1.1581438216373198e-08	0.9999999402467483	2.9457873546135916e-09	8.880415374607761e-09	1.0831108835994838e-08	8.951872807653403e-09
CHN__SAMN41373937	0.0	0.0	0.0	0.0	1.0	0.0	0.0	0.0	0.0
NODE_0873	5.725471381038943e-09	4.605590462385361e-10	1.8543152134193693e-09	5.622221342310615e-09	0.9999999709927212	1.4300355571802962e-09	4.311006967785268e-09	5.257973156770842e-09	4.345696053688377e-09
NODE_0888	7.246131813484061e-06	5.82881536704381e-07	2.3468133129935283e-06	7.115459011092543e-06	0.9999632885135292	1.8098468153406378e-06	5.4559917705416856e-06	6.654468083081913e-06	5.4998941276079994e-06
CHN__SAMN41373972	0.0	0.0	0.0	0.0	1.0	0.0	0.0	0.0	0.0
CHN__SAMN41373974	0.0	0.0	0.0	0.0	1.0	0.0	0.0	0.0	0.0
CHN__SAMN41373915	0.0	0.0	0.0	0.0	1.0	0.0	0.0	0.0	0.0
CHN__SAMN41373965	0.0	0.0	0.0	0.0	1.0	0.0	0.0	0.0	0.0
CHN__SAMN41373938	0.0	0.0	0.0	0.0	1.0	0.0	0.0	0.0	0.0
CHN__SAMN41373961	0.0	0.0	0.0	0.0	1.0	0.0	0.0	0.0	0.0
NODE_0900	3.6677262132283013e-11	2.9503326000766446e-12	1.1878708429788925e-11	3.601584432341082e-11	0.9999999998141799	9.160780920656854e-12	2.761622966716622e-11	3.368247728807922e-11	2.7838447299938103e-11
NODE_0902	5.492489838430355e-09	4.418179243441283e-10	1.7788592046205579e-09	5.3934412622011654e-09	0.9999999721730888	1.3718443851485737e-09	4.135582974421646e-09	5.044015105890369e-09	4.168860488035327e-09
NODE_0917	2.7427968809816155e-11	2.2063160054149048e-12	8.883128814579512e-12	2.6933347711753058e-11	0.9999999998610403	6.850610778062641e-12	2.0651952774212942e-11	2.5188410536744554e-11	2.081813143446465e-11
NODE_0924	5.1929048432368e-08	4.177191959650596e-09	1.6818322565618204e-08	5.0992588199672916e-08	0.9999997369089317	1.2970178482632091e-08	3.910009756817051e-08	4.7688919312088345e-08	3.9414721657970826e-08
NODE_0930	7.008493648954047e-10	5.637658344109654e-11	2.2698491585221782e-10	6.882106284043133e-10	0.9999999964492473	1.7504925717789453e-10	5.277061562886459e-10	6.436233634422159e-10	5.319524134447615e-10
CHN__SAMN50151935	0.0	0.0	0.0	0.0	1.0	0.0	0.0	0.0	0.0
JPN__SAMEA41211418	0.0	0.0	0.0	0.0	0.0	0.0	0.0	1.0	0.0
JPN__SAMEA41247418	0.0	0.0	0.0	0.0	0.0	0.0	0.0	1.0	0.0
NODE_0972	4.823254996327567e-06	3.879844250236123e-07	1.5621142287076916e-06	4.736275037121407e-06	3.886179706786294e-06	1.2046929618341581e-06	3.631681046194111e-06	0.9999760972424244	3.670575173647769e-06
JPN__SAMEA41197168	0.0	0.0	0.0	0.0	0.0	0.0	0.0	1.0	0.0
JPN__SAMEA41286418	0.0	0.0	0.0	0.0	0.0	0.0	0.0	1.0	0.0
JPN__SAMEA41218168	0.0	0.0	0.0	0.0	0.0	0.0	0.0	1.0	0.0
NODE_0023	1.3125343151625712e-08	1.0558072578233912e-09	4.251257373335813e-09	1.2888652595553357e-08	1.0575313017669695e-08	0.9999897955130205	9.884829521085973e-09	9.434000280457996e-06	7.187054961225984e-07
JPN__SAMEA41194168	0.0	0.0	0.0	0.0	0.0	0.0	0.0	1.0	0.0
NODE_0754	4.600559095643616e-05	3.700706830543771e-06	1.489988533139683e-05	4.51759510409045e-05	3.706749771747057e-05	0.0011409736284423487	3.464001643764339e-05	0.9986426179687171	3.491875452593688e-05
NOR__SAMEA10057869	0.0	0.0	0.0	0.0	0.0	1.0	0.0	0.0	0.0
JPN__SAMEA41241418	0.0	0.0	0.0	0.0	0.0	0.0	0.0	1.0	0.0
JPN__SAMEA41249668	0.0	0.0	0.0	0.0	0.0	0.0	0.0	1.0	0.0
AUS__SAMN08443715	1.0	0.0	0.0	0.0	0.0	0.0	0.0	0.0	0.0
SWE__SAMEA8914621	0.0	0.0	0.0	0.0	0.0	1.0	0.0	0.0	0.0
BEL__SAMEA117989546	0.0	0.0	0.0	1.0	0.0	0.0	0.0	0.0	0.0
BEL__SAMEA117989550	0.0	0.0	0.0	1.0	0.0	0.0	0.0	0.0	0.0
NODE_0803	4.0606976723570885e-11	3.2664403026006814e-12	1.3151429759782681e-11	3.987469257775765e-11	0.9999999997942685	1.0142295146590892e-11	3.057511739129636e-11	3.729351353673753e-11	3.0821144104220884e-11
CHN__SAMN50151941	0.0	0.0	0.0	0.0	1.0	0.0	0.0	0.0	0.0
NODE_0850	2.1473233433655633e-10	1.7273148797169085e-11	6.954561605040752e-11	2.1085996813979256e-10	0.9999999989120893	5.363311646173861e-11	1.6168320963045498e-10	1.9719893344877335e-10	1.629842148920732e-10
CHN__SAMN50151979	0.0	0.0	0.0	0.0	1.0	0.0	0.0	0.0	0.0
NODE_0855	1.0908961622529607e-08	8.775209281394248e-10	3.5330983517367774e-09	1.0712235338342348e-08	0.9999999447313122	2.7247019457294933e-09	8.21392797836209e-09	1.001821921064176e-08	8.280022432714106e-09
NODE_0857	2.8484776654518977e-06	2.2913260228265212e-07	9.22539843204019e-07	2.79710976756166e-06	0.9999855685968776	7.11456590093176e-07	2.1447678708186293e-06	2.6158927546485524e-06	2.1620260282442667e-06
CHN__SAMN41373917	0.0	0.0	0.0	0.0	1.0	0.0	0.0	0.0	0.0
CHN__SAMN41373931	0.0	0.0	0.0	0.0	1.0	0.0	0.0	0.0	0.0
CHN__SAMN33268690	0.0	0.0	0.0	0.0	1.0	0.0	0.0	0.0	0.0
NODE_0866	6.1526655280766724e-06	4.949227022284937e-07	1.9926710889825757e-06	6.041711702307767e-06	0.9999688284034699	1.5367346880341914e-06	4.632663792509879e-06	5.650285895472635e-06	4.669941132458406e-06
NODE_0874	1.5871070029286238e-05	1.2766747729593387e-06	5.140182292415796e-06	1.5584859779312644e-05	0.9999195915023829	3.964074390021462e-06	1.19501590225477e-05	1.4575159778036447e-05	1.2046317552558652e-05
NODE_0876	1.949512193665573e-09	1.5681948555685314e-10	6.313908286106324e-10	1.9143557504487015e-09	0.9999999901230764	4.869244068411393e-10	1.467889731927989e-09	1.7903299310931095e-09	1.4797013001735636e-09
CHN__SAMN41373914	0.0	0.0	0.0	0.0	1.0	0.0	0.0	0.0	0.0
NODE_0889	1.0535435696456912e-10	8.474743637941554e-12	3.412124066612055e-11	1.0345445375785429e-10	0.9999999994662372	2.6314073817945955e-11	7.932680765201515e-11	9.675192556250937e-11	7.996512126774886e-11
NODE_0901	8.027818214258362e-14	6.457606813614481e-15	2.5999790156252888e-14	7.883048904211485e-14	0.9999999999995933	2.0050865210832012e-14	6.044564360655546e-14	7.372327948017281e-14	6.093202744662003e-14
CHN__SAMN41373950	0.0	0.0	0.0	0.0	1.0	0.0	0.0	0.0	0.0
CHN__SAMN41373939	0.0	0.0	0.0	0.0	1.0	0.0	0.0	0.0	0.0
CHN__SAMN41373943	0.0	0.0	0.0	0.0	1.0	0.0	0.0	0.0	0.0
NODE_0918	2.4583096995607206e-09	1.977473460671299e-10	7.96175680882562e-10	2.4139778786766583e-09	0.9999999875453268	6.140053892341249e-10	1.8509899951351974e-09	2.2575829221815468e-09	1.865884230154069e-09
NODE_0923	1.6549401714546875e-06	1.3312400258801139e-07	5.359874380632112e-07	1.6250958799677645e-06	0.999991615483229	4.133499467002745e-07	1.246091043968211e-06	1.519810408342574e-06	1.256117879830533e-06
NODE_0925	4.1617711963035254e-08	3.3477442209914815e-09	1.3478777781744198e-08	4.0867200767362526e-08	0.9999997891498374	1.0394743760844713e-08	3.1336152836269196e-08	3.8219527753214915e-08	3.1588303321233214e-08
NODE_0928	2.385143400185346e-05	1.918618217478842e-06	7.724792246447218e-06	2.3421310205833254e-05	0.9998791601340953	5.9573083930426405e-06	1.7958992601758975e-05	2.1903908234972334e-05	1.8103502003332915e-05
NODE_0931	1.738619285581884e-10	1.3985518163466799e-11	5.630886920987261e-11	1.707265970435271e-10	0.9999999991191534	4.3425025355112957e-11	1.309097427207348e-10	1.5966569256997516e-10	1.3196312522387588e-10
CHN__SAMN41373956	0.0	0.0	0.0	0.0	1.0	0.0	0.0	0.0	0.0
NODE_0973	2.8297492524446595e-05	2.2762608178366354e-06	9.164742807752538e-06	2.778719092562647e-05	2.2799777591672367e-05	7.067788980333386e-06	2.1306662687585375e-05	0.9998596557814231	2.1644302241726548e-05
JPN__SAMEA41186668	0.0	0.0	0.0	0.0	0.0	0.0	0.0	1.0	0.0
NODE_0024	9.301354529337731e-10	7.482040589469689e-11	3.015990677307824e-10	9.133693327403568e-10	7.494258128886179e-10	0.9999900849704838	7.025280859880488e-10	9.165430894135632e-06	7.459267439440242e-07
ITA__SAMN03784877	0.0	0.0	0.0	0.0	0.0	1.0	0.0	0.0	0.0
NODE_0755	4.552615922261173e-05	3.6621411637718837e-06	1.4744611207025558e-05	4.470516511980234e-05	3.668121130503687e-05	0.0011238113234709633	3.4279027201781505e-05	0.998662035500806	3.4554860502925115e-05
NODE_0756	1.902207996327193e-08	1.5301431828503878e-09	6.160703618595212e-09	1.8679046106407207e-08	1.5326417772297174e-08	8.206850738639551e-08	1.4322719262278766e-08	0.9999998284524138	1.4437969091028053e-08
NODE_0804	1.52970410964057e-11	1.2304996722127795e-12	4.954270860440187e-12	1.5021182572186124e-11	0.9999999999223904	3.82070073043592e-12	1.1517942604951754e-11	1.4157285472612741e-11	1.1610623248577696e-11
NODE_0848	2.822499696925993e-05	2.2704292483755512e-06	9.141263276966594e-06	2.771600271599476e-05	0.9998570021052544	7.049681429028921e-06	2.125207699110329e-05	2.5920359484556803e-05	2.1423084630356218e-05
CHN__SAMN39682971	0.0	0.0	0.0	0.0	1.0	0.0	0.0	0.0	0.0
CHN__SAMN50151980	0.0	0.0	0.0	0.0	1.0	0.0	0.0	0.0	0.0
NODE_0856	5.8389364926772336e-08	4.696862219974704e-09	1.8910632938307108e-08	5.7336402858011156e-08	0.9999997041786658	1.4583754323353113e-08	4.396440786997642e-08	5.362173574783586e-08	4.431817327390117e-08
CHN__SAMN50151978	0.0	0.0	0.0	0.0	1.0	0.0	0.0	0.0	0.0
NODE_0858	5.41875431084006e-07	4.3588661109482345e-08	1.7549783917615583e-07	5.32103544103549e-07	0.999997254665928	1.3534276611332866e-07	4.0800636377487384e-07	4.976300257807478e-07	4.112894407700552e-07
CHN__SAMN41373957	0.0	0.0	0.0	0.0	1.0	0.0	0.0	0.0	0.0
NODE_0867	2.0135168563787054e-09	1.6196804441815522e-10	6.521200947094527e-10	1.977206187865065e-09	0.9999999897988059	5.029106789598463e-10	1.516082191301874e-09	1.84910846233655e-09	1.5282815465251998e-09
CHN__SAMN41373919	0.0	0.0	0.0	0.0	1.0	0.0	0.0	0.0	0.0
CHN__SAMN07326325	0.0	0.0	0.0	0.0	1.0	0.0	0.0	0.0	0.0
NODE_0875	5.062089523500193e-11	4.071963630170589e-12	1.639464943655679e-11	4.970802552600506e-11	0.9999999997435365	1.2643444583808784e-11	3.811512058139428e-11	4.6487579904564823e-11	3.8421818924017145e-11
NODE_0877	1.1014475582623018e-08	8.860085103123839e-10	3.5672712832577013e-09	1.0815846517033018e-08	0.9999999441967408	2.7510558831902897e-09	8.293374959560479e-09	1.0115117707361708e-08	8.36010869452048e-09
CHN__SAMN50151952	0.0	0.0	0.0	0.0	1.0	0.0	0.0	0.0	0.0
CHN__SAMN41373930	0.0	0.0	0.0	0.0	1.0	0.0	0.0	0.0	0.0
CHN__SAMN41373969	0.0	0.0	0.0	0.0	1.0	0.0	0.0	0.0	0.0
CHN__SAMN41373934	0.0	0.0	0.0	0.0	1.0	0.0	0.0	0.0	0.0
CHN__SAMN41373955	0.0	0.0	0.0	0.0	1.0	0.0	0.0	0.0	0.0
NODE_0919	4.63194485140968e-08	3.725953656949663e-09	1.5001534780404434e-08	4.548414875714635e-08	0.9999997653291642	1.1569083828853813e-08	3.4876336287260466e-08	4.253735644021546e-08	3.5156973325078754e-08
CHN__SAMN50151972	0.0	0.0	0.0	0.0	1.0	0.0	0.0	0.0	0.0
CHN__SAMN09947493	0.0	0.0	0.0	0.0	1.0	0.0	0.0	0.0	0.0
CHN__SAMN41373966	0.0	0.0	0.0	0.0	1.0	0.0	0.0	0.0	0.0
CHN__SAMN07329782	0.0	0.0	0.0	0.0	1.0	0.0	0.0	0.0	0.0
NODE_0926	1.010510179695818e-07	8.128581449490792e-09	3.272751315691789e-08	9.922871883916371e-08	0.9999994880395259	2.5239240434357743e-08	7.608659856572543e-08	9.279996433272068e-08	7.669883941187693e-08
CHN__SAMN41373960	0.0	0.0	0.0	0.0	1.0	0.0	0.0	0.0	0.0
CHN__SAMN41373962	0.0	0.0	0.0	0.0	1.0	0.0	0.0	0.0	0.0
NODE_0932	9.235913118019032e-10	7.429402845089215e-11	2.9912461463485997e-10	9.069357681153895e-10	0.9999999953207573	2.3068291294889556e-10	6.954202222981636e-10	8.48177905729028e-10	7.0101601279684e-10
CHN__SAMN41373929	0.0	0.0	0.0	0.0	1.0	0.0	0.0	0.0	0.0
NODE_0974	1.7160300758484156e-05	1.3803809720668247e-06	5.55772698478755e-06	1.6850841222316923e-05	1.3826350174241025e-05	4.286082084412963e-06	1.2920888292988524e-05	0.9999093667583596	1.8650671151003994e-05
JPN__SAMEA41224918	0.0	0.0	0.0	0.0	0.0	0.0	0.0	1.0	0.0
NODE_0025	3.4189988064388305e-09	2.7502541907260733e-10	1.109016480036241e-09	3.3573787509826395e-09	2.754745123184441e-09	0.9999858247243526	2.5847918803108415e-09	1.0588212945939945e-05	3.573562744916778e-06
NOR__SAMEA10057903	0.0	0.0	0.0	0.0	0.0	1.0	0.0	0.0	0.0
JPN__SAMEA41188918	0.0	0.0	0.0	0.0	0.0	0.0	0.0	1.0	0.0
JPN__SAMD00570793	0.0	0.0	0.0	0.0	0.0	0.0	0.0	1.0	0.0
JPN__SAMEA41200168	0.0	0.0	0.0	0.0	0.0	0.0	0.0	1.0	0.0
JPN__SAMEA41275918	0.0	0.0	0.0	0.0	0.0	0.0	0.0	1.0	0.0
NODE_0805	1.2437902902819454e-11	1.0005095330841693e-12	4.028278379333353e-12	1.2213604522660184e-11	0.9999999999227224	3.1065814889394687e-12	9.365147864726802e-12	2.5685015241324795e-11	9.440505761664216e-12
NODE_0845	1.1599562344689085e-05	9.330731069491527e-07	3.756764027499242e-06	1.13903821424638e-05	0.9999412324827632	2.8971914269920975e-06	8.733917395311548e-06	1.0652430779734737e-05	8.80419601305924e-06
CHN__SAMN41373916	0.0	0.0	0.0	0.0	1.0	0.0	0.0	0.0	0.0
CHN__SAMN41373964	0.0	0.0	0.0	0.0	1.0	0.0	0.0	0.0	0.0
CHN__SAMN07329783	0.0	0.0	0.0	0.0	1.0	0.0	0.0	0.0	0.0
CHN__SAMN50151971	0.0	0.0	0.0	0.0	1.0	0.0	0.0	0.0	0.0
CHN__SAMN07329789	0.0	0.0	0.0	0.0	1.0	0.0	0.0	0.0	0.0
CHN__SAMN07329790	0.0	0.0	0.0	0.0	1.0	0.0	0.0	0.0	0.0
CHN__SAMN41373918	0.0	0.0	0.0	0.0	1.0	0.0	0.0	0.0	0.0
CHN__SAMN41373933	0.0	0.0	0.0	0.0	1.0	0.0	0.0	0.0	0.0
CHN__SAMN50151981	0.0	0.0	0.0	0.0	1.0	0.0	0.0	0.0	0.0
CHN__SAMN50151983	0.0	0.0	0.0	0.0	1.0	0.0	0.0	0.0	0.0
NODE_0878	9.072449291293869e-06	7.29791193522234e-07	2.938304922723993e-06	8.908841672227069e-06	0.999954035738241	2.2660012100018295e-06	6.831121755174924e-06	8.331662437046691e-06	6.886089276951305e-06
NODE_0880	5.5853313081567194e-09	4.4928612668117316e-10	1.808927881641623e-09	5.48460847932772e-09	0.9999999717027208	1.3950331488421294e-09	4.2054881745795325e-09	5.129275850931033e-09	4.23932818960216e-09
NODE_0920	1.1723190702305146e-05	9.430178179925533e-07	3.7968036904511364e-06	1.1511781053478479e-05	0.999940606137462	2.9280697487059024e-06	8.827003654176402e-06	1.076596456818565e-05	8.898031302777975e-06
NODE_0922	1.9002757328724796e-05	1.528588863478305e-06	6.154445576003705e-06	1.8660071932264074e-05	0.9999037252583116	4.7462674871694406e-06	1.4308170244735397e-05	1.7451137432973252e-05	1.4423302822911426e-05
NODE_0927	3.9375143822156486e-08	3.167351206102244e-09	1.2752474575595846e-08	3.866507388135915e-08	0.999999800511487	9.834623559772793e-09	2.96476059485712e-08	3.6160070583275295e-08	2.988616931839577e-08
CHN__SAMN50151942	0.0	0.0	0.0	0.0	1.0	0.0	0.0	0.0	0.0
NODE_0933	3.607268075598065e-08	2.9016998494239282e-09	1.1682901941690859e-08	3.542216563902032e-08	0.999999817242942	9.009776259593778e-09	2.716100871637018e-08	3.312726140520744e-08	2.7379563353747935e-08
NODE_0938	1.2892286713913665e-06	1.0370603357581372e-07	4.175440203673949e-07	1.2659794223091583e-06	0.9999934683080373	3.2200717089103203e-07	9.70727721012242e-07	1.1839601136710426e-06	9.7853880959418e-07
NODE_0975	1.023835146730144e-06	8.235767979649546e-08	3.315907045439723e-07	1.0053718602134071e-06	8.249216292077235e-07	2.557205455906831e-07	7.708990505190574e-07	0.9999722713874037	2.343391597967837e-05
JPN__SAMEA41307418	0.0	0.0	0.0	0.0	0.0	0.0	0.0	1.0	0.0
NODE_0026	4.4166814888084235e-09	3.5527930420558804e-10	1.4334880959484902e-09	4.3370987365054246e-09	3.558594452579462e-09	0.9999829013912185	3.3442963370934196e-09	1.0671317821792726e-05	6.409845521354674e-06
NODE_0752	0.0006560849509734043	5.2775717344854337e-05	0.0002124870119812781	0.0006442534715915979	0.0005286189562686124	0.005891949052559835	0.0004940006869678672	0.991021833968671	0.0004979961836415375
NODE_0806	8.852246787176261e-11	7.120780222344306e-12	2.8669876762924346e-11	8.692610180374672e-11	0.9999999980039024	2.211001823975527e-11	6.665319768509038e-11	1.6289055729932943e-09	6.718953142741391e-11
NODE_0842	3.233302975915664e-07	2.6008809330869942e-08	1.0471736733660186e-07	3.1749953475535204e-07	0.9999885347275942	8.075733708159992e-08	2.4345229816874913e-07	1.0124095492307775e-05	2.4541126918122786e-07
NODE_0846	7.270789706486972e-06	5.848650267836923e-07	2.3547992940740706e-06	7.13967223705617e-06	0.9999631635878518	1.8160055508250356e-06	5.474557988320449e-06	6.6771126036754775e-06	5.518609740905777e-06
CHN__SAMN45156022	0.0	0.0	0.0	0.0	1.0	0.0	0.0	0.0	0.0
CHN__SAMN50151949	0.0	0.0	0.0	0.0	1.0	0.0	0.0	0.0	0.0
NODE_0879	2.1361725390163915e-09	1.7183451312471935e-10	6.918447362613467e-10	2.0976499645932164e-09	0.9999999891773885	5.335460582655387e-10	1.6084360722837352e-09	1.961749019578726e-09	1.621378565185753e-09
NODE_0881	2.1587400348858234e-10	1.7364985088154377e-11	6.991536979405636e-11	2.1198104905090062e-10	0.9999999989063052	5.391826808913513e-11	1.6254283206880808e-10	1.9824738262540284e-10	1.6385075439570386e-10
CHN__SAMN41373971	0.0	0.0	0.0	0.0	1.0	0.0	0.0	0.0	0.0
NODE_0921	5.5399380726483925e-05	4.456346779427109e-06	1.7942263205669952e-05	5.440033840754443e-05	0.9997193269915061	1.3836954027401503e-05	4.171309232525139e-05	5.08758908002304e-05	4.204874222184599e-05
CHN__SAMN07329779	0.0	0.0	0.0	0.0	1.0	0.0	0.0	0.0	0.0
CHN__SAMN42391092	0.0	0.0	0.0	0.0	1.0	0.0	0.0	0.0	0.0
CHN__SAMN42391110	0.0	0.0	0.0	0.0	1.0	0.0	0.0	0.0	0.0
CHN__SAMN39682877	0.0	0.0	0.0	0.0	1.0	0.0	0.0	0.0	0.0
CHN__SAMN50151936	0.0	0.0	0.0	0.0	1.0	0.0	0.0	0.0	0.0
NODE_0934	1.8003231278835025e-05	1.4481866164681546e-06	5.8307278875950965e-06	1.7678570791852127e-05	0.9999087892135368	4.4966185593267645e-06	1.3555574785114778e-05	1.6533225039380962e-05	1.3664651504707439e-05
CHN__SAMN50151946	0.0	0.0	0.0	0.0	1.0	0.0	0.0	0.0	0.0
CHN__SAMN32033992	0.0	0.0	0.0	0.0	1.0	0.0	0.0	0.0	0.0
CHN__SAMN50151959	0.0	0.0	0.0	0.0	1.0	0.0	0.0	0.0	0.0
NODE_0976	1.2888363557294359e-06	1.0367447555814358e-07	4.174169607095052e-07	1.2655941814545953e-06	1.0384376720666367e-06	3.2190918340522724e-07	9.704323260238198e-07	0.9999648226375547	2.9771061290300248e-05
NODE_0980	8.391805136195418e-05	6.750399246680887e-06	2.717863892160957e-05	8.240471883848337e-05	6.761422077619155e-05	2.095998553670004e-05	6.318629158507835e-05	0.999570508972286	7.747872144727561e-05
NODE_0027	4.406060532248334e-09	3.544248660109222e-10	1.4314516224345727e-09	4.326699398677176e-09	3.5500361183899487e-09	0.9999833022265437	3.344918102046173e-09	1.0183003766012962e-05	6.497356099506128e-06
NODE_0751	0.005625877501294248	0.0004525476775293755	0.001822059627664158	0.005524423484507167	0.004532866496047478	0.759821618801156	0.004236017539046006	0.07525586418830234	0.14272872468445316
JPN__SAMEA41214418	0.0	0.0	0.0	0.0	0.0	0.0	0.0	1.0	0.0
JPN__SAMEA41278168	0.0	0.0	0.0	0.0	0.0	0.0	0.0	1.0	0.0
NODE_0807	2.5172516648192277e-11	2.024886596640601e-12	8.152652851497643e-12	2.4718569165820316e-11	0.9999999998537512	6.287271645412526e-12	1.8953704847155437e-11	4.1833019052823124e-11	1.9106218331948746e-11
NODE_0841	0.00023272516002830707	1.872049838434415e-05	7.537297386816045e-05	0.00022852832099326176	0.993098833346516	5.812713604561842e-05	0.00017523094950461915	0.00593582064621852	0.0001766409684411861
CHN__SAMN50151939	0.0	0.0	0.0	0.0	1.0	0.0	0.0	0.0	0.0
NODE_0843	3.7960269810829023e-07	3.0535382146754405e-08	1.229423764981802e-07	3.7275714938878086e-07	0.9999861748737042	9.481234290929503e-08	2.85822732771739e-07	1.2250530970796991e-05	2.8812264307211e-07
NODE_0847	6.319166811413933e-11	5.083161273541988e-12	2.0465960572862604e-11	6.205210392005394e-11	0.9999999996798484	1.578321264865977e-11	4.758031320324153e-11	5.8031919568543635e-11	4.796317446612927e-11
CHN__SAMN41373928	0.0	0.0	0.0	0.0	1.0	0.0	0.0	0.0	0.0
CHN__SAMN41373927	0.0	0.0	0.0	0.0	1.0	0.0	0.0	0.0	0.0
CHN__SAMN41373932	0.0	0.0	0.0	0.0	1.0	0.0	0.0	0.0	0.0
NODE_0882	1.2191791225827051e-09	9.807122182990207e-11	3.9485698983236456e-10	1.1971931089873335e-09	0.9999999938232041	3.0451108386271087e-10	9.179837506197852e-10	1.1196302755201368e-09	9.253704278905176e-10
CHN__SAMN41373973	0.0	0.0	0.0	0.0	1.0	0.0	0.0	0.0	0.0
CHN__SAMN09947467	0.0	0.0	0.0	0.0	1.0	0.0	0.0	0.0	0.0
CHN__SAMN45156014	0.0	0.0	0.0	0.0	1.0	0.0	0.0	0.0	0.0
NODE_0935	1.1458339312521009e-05	9.21713073744264e-07	3.7110259564119048e-06	1.1251705849694158e-05	0.9999419479690024	2.861918530831622e-06	8.627583185397488e-06	1.0522738918219037e-05	8.697006170906656e-06
CHN__SAMN39683486	0.0	0.0	0.0	0.0	1.0	0.0	0.0	0.0	0.0
NODE_0977	0.00038076432795284816	3.062882408326701e-05	0.00012331859493507405	0.00037389783103214164	0.0003067883836203338	9.510248006517552e-05	0.00028669738465987186	0.9862025716017382	0.012200230571913146
JPN__SAMEA751127	0.0	0.0	0.0	0.0	0.0	0.0	0.0	1.0	0.0
JPN__SAMEA41297668	0.0	0.0	0.0	0.0	0.0	0.0	0.0	1.0	0.0
JPN__SAMD00549631	0.0	0.0	0.0	0.0	0.0	0.0	0.0	1.0	0.0
NODE_0028	2.0408296708236284e-07	1.641643279957392e-08	6.623931865147714e-08	2.004019380163926e-07	1.644323944563239e-07	0.9999983744937996	5.681213447244235e-07	2.185505394848088e-07	1.8726126500779896e-07
NODE_0164	2.6616317544423433e-06	2.140996314271046e-07	9.115447874946036e-07	2.6146967127755168e-06	2.1444923805156244e-06	0.9955735503810332	2.004055059369004e-06	0.00039094747315968027	0.004024951625481104
JPN__SAMEA41242918	0.0	0.0	0.0	0.0	0.0	0.0	0.0	1.0	0.0
USA__SAMN05583850	0.0	0.0	0.0	0.0	0.0	0.0	0.0	0.0	1.0
NODE_0808	1.7898132968807157e-11	1.4397324693409826e-12	5.7966895731543175e-12	1.7575367767619692e-11	0.9999999999091551	4.4703684376621734e-12	1.3476440768598098e-11	1.6603229156251964e-11	1.3584880725894256e-11
CHN__SAMN50151968	0.0	0.0	0.0	0.0	1.0	0.0	0.0	0.0	0.0
CHN__SAMN41373959	0.0	0.0	0.0	0.0	1.0	0.0	0.0	0.0	0.0
JPN__SAMD00549575	0.0	0.0	0.0	0.0	0.0	0.0	0.0	1.0	0.0
CHN__SAMN22233918	0.0	0.0	0.0	0.0	1.0	0.0	0.0	0.0	0.0
NODE_0844	5.81726847654801e-06	4.6794323872531483e-07	1.8840456477228117e-06	5.712363018896823e-06	0.9997877401796142	1.4529634703401408e-06	4.380125803951789e-06	0.00018812973966582868	4.415371063682318e-06
CHN__SAMN32033981	0.0	0.0	0.0	0.0	1.0	0.0	0.0	0.0	0.0
CHN__SAMN50151945	0.0	0.0	0.0	0.0	1.0	0.0	0.0	0.0	0.0
NODE_0883	2.8630912233376118e-08	2.303081223113226e-09	9.27272753545582e-09	2.81145979248786e-08	0.9999998549455941	7.151065790639866e-09	2.1557711831534065e-08	2.6293130811115237e-08	2.173117880182355e-08
CHN__SAMN41373968	0.0	0.0	0.0	0.0	1.0	0.0	0.0	0.0	0.0
NODE_0936	7.452975355368288e-05	5.995201081041585e-06	2.4138039764668773e-05	7.318572448975031e-05	0.9996224057042171	1.8615095693711846e-05	5.6117350955816713e-05	6.844422362563671e-05	5.65689066184517e-05
NODE_0937	3.1533928309754496e-08	2.5366009154445514e-09	1.0212930798554283e-08	3.0965262587309184e-08	0.9999998402378796	7.87614429265377e-09	2.3743544525468417e-08	2.8959108786976256e-08	2.3934600086696476e-08
JPN__SAMEA41218918	0.0	0.0	0.0	0.0	0.0	0.0	0.0	1.0	0.0
NODE_0978	8.432696883953916e-05	6.783292720586023e-06	2.7311075510489154e-05	8.28062621205502e-05	6.794369263784643e-05	2.106211975299264e-05	6.349418694911004e-05	0.0026861702585351415	0.9969601021429336
NODE_0029	2.627752396545908e-09	2.113001807044451e-10	9.942531329995497e-10	2.5796544619610404e-09	2.1164521602517456e-09	0.9999999481882653	2.568084740146971e-08	2.811827385582225e-09	1.4789647493117674e-08
FRA__SAMEA115874248	0.0	0.0	0.0	0.0	0.0	0.0	1.0	0.0	0.0
NODE_0165	2.734885564455211e-06	2.199918286902348e-07	9.412855270507566e-07	2.6867586907731934e-06	2.203510567789471e-06	0.9950390500673956	2.0592081313029677e-06	0.00043709947239348163	0.0045130048199008895
SWE__SAMEA751294	0.0	0.0	0.0	0.0	0.0	1.0	0.0	0.0	0.0
NODE_0809	5.740759850166117e-10	4.6178885637835744e-11	1.859266708065958e-10	5.637234107495804e-10	0.9999999970914891	1.4338541169130224e-10	4.3225184561060873e-10	5.272387162458808e-10	4.357300170717575e-10
NODE_0840	7.256661998530133e-06	5.837285887039087e-07	2.350223736525767e-06	7.125799300505319e-06	0.9999632351638351	1.812476911281636e-06	5.463920497817491e-06	6.664138477091011e-06	5.5078866544330815e-06
CHN__SAMN39683154	0.0	0.0	0.0	0.0	1.0	0.0	0.0	0.0	0.0
JPN__SAMD00328237	0.0	0.0	0.0	0.0	0.0	0.0	0.0	1.0	0.0
NODE_0884	7.987227621174826e-08	6.424955589649377e-09	2.5868328920544368e-08	7.843190299820052e-08	0.9999995953385802	1.9949483180369466e-08	6.014001579364006e-08	7.335051672467737e-08	6.062394035921592e-08
CHN__SAMN41373935	0.0	0.0	0.0	0.0	1.0	0.0	0.0	0.0	0.0
CHN__SAMN17613197	0.0	0.0	0.0	0.0	1.0	0.0	0.0	0.0	0.0
CHN__SAMN17613198	0.0	0.0	0.0	0.0	1.0	0.0	0.0	0.0	0.0
CHN__SAMN32033974	0.0	0.0	0.0	0.0	1.0	0.0	0.0	0.0	0.0
CHN__SAMN50151937	0.0	0.0	0.0	0.0	1.0	0.0	0.0	0.0	0.0
NODE_0979	1.7259628164147872e-08	1.388370905500759e-09	5.5898962640405744e-09	1.694837741153972e-08	1.3906379977440021e-08	4.310890813318983e-09	1.2995677093668845e-08	3.1903871687703753e-07	0.9999996085620625
USA__SAMN03455354	0.0	0.0	0.0	0.0	0.0	0.0	0.0	0.0	1.0
NODE_0030	1.7678157245731498e-10	1.4124186516901037e-11	2.3567953319953593e-10	1.7270834035604497e-10	1.4147250118686206e-10	0.9999999633385604	2.0314199261056633e-08	1.8288189191056223e-10	1.5423592144389946e-08
SWE__SAMN03566783	0.0	0.0	0.0	0.0	0.0	1.0	0.0	0.0	0.0
NODE_0166	2.9844435588520275e-06	2.400659983441589e-07	1.0281546634722557e-06	2.931946092441915e-06	2.40458005858375e-06	0.9949565571977503	2.247109934665862e-06	0.00048363616482207495	0.0045479703371213214
BRA__SAMN05782317	0.0	0.0	0.0	0.0	0.0	0.0	0.0	0.0	1.0
NODE_0810	1.1519940713592355e-10	9.26668313345725e-12	3.7309768753096475e-11	1.1312196364582856e-10	0.9999999994163571	2.877304546766639e-11	8.673966103339088e-11	1.0579473992514044e-10	8.743762315112313e-11
CHN__SAMN09941175	0.0	0.0	0.0	0.0	1.0	0.0	0.0	0.0	0.0
CHN__SAMN22233915	0.0	0.0	0.0	0.0	1.0	0.0	0.0	0.0	0.0
CHN__SAMN22233923	0.0	0.0	0.0	0.0	1.0	0.0	0.0	0.0	0.0
NODE_0885	1.1537363848596191e-07	9.280698368021911e-09	3.736619726727972e-08	1.1329305300240613e-07	0.9999994154760253	2.8816562762426696e-08	8.687084893287274e-08	1.0595310914786054e-07	8.75698666713332e-08
NODE_0887	2.8576455214353023e-06	2.298700680259536e-07	9.25509047605383e-07	2.8061122954135722e-06	0.9999855221492516	7.137464207755564e-07	2.1516708292641117e-06	2.624312033596574e-06	2.1689845322549244e-06
USA__SAMN08136975	0.0	0.0	0.0	0.0	0.0	0.0	0.0	0.0	1.0
USA__SAMN03249362	0.0	0.0	0.0	0.0	0.0	0.0	0.0	0.0	1.0
NODE_0031	4.748372860496713e-11	3.3694473270510497e-12	8.504031090631448e-10	4.2484488464746216e-11	3.3749493495069423e-11	0.9999999140628486	1.8620627855861633e-08	4.044804164448506e-11	6.629858525386674e-08
NODE_0163	0.0006600982316408874	5.3098547061840576e-05	0.00021378693108736348	0.0006481943782762101	0.0005318525249746619	0.9904676632167448	0.006318073236722838	0.0006061996715286697	0.0005010332619627066
NODE_0167	3.2492532172589964e-06	2.6136701576601296e-07	1.1199921796586661e-06	3.1921107364708668e-06	2.617938060443791e-06	0.9949159814122911	2.446495506948451e-06	0.0004878292959859984	0.004583302135006429
JPN__SAMEA41227918	0.0	0.0	0.0	0.0	0.0	0.0	0.0	1.0	0.0
NODE_0811	3.7880799955343635e-10	3.0471456299586e-11	1.2268499653375822e-10	3.719767819956961e-10	0.9999999980808235	9.461385319289467e-11	2.8522436265000255e-10	3.4787768755071396e-10	2.8751945808630357e-10
CHN__SAMN41373975	0.0	0.0	0.0	0.0	1.0	0.0	0.0	0.0	0.0
NODE_0886	4.9539473841477225e-11	3.984973691275267e-12	1.6044408205979516e-11	4.864610589807038e-11	0.9999999997490153	1.2373340876687546e-11	3.730086183266727e-11	4.5494459115045363e-11	3.760100813492161e-11
CHN__SAMN41373941	0.0	0.0	0.0	0.0	1.0	0.0	0.0	0.0	0.0
CHN__SAMN41373940	0.0	0.0	0.0	0.0	1.0	0.0	0.0	0.0	0.0
CHN__SAMN41373946	0.0	0.0	0.0	0.0	1.0	0.0	0.0	0.0	0.0
NODE_0032	2.164515794855476e-10	8.665501376092127e-12	1.9392375939212977e-10	1.3205717655759982e-10	8.679651406804896e-11	0.9999987186027725	1.9295217101842247e-08	1.1588766468635585e-10	1.2613482284150253e-06
NODE_0160	0.00029142167928957786	2.3442068011015148e-05	0.012423859849854103	0.00028616633727102315	0.00023480346925059504	0.9802042692058418	0.006047188947952439	0.0002676264113308309	0.00022122203119865803
FRA__SAMEA751372	0.0	0.0	0.0	0.0	0.0	0.0	1.0	0.0	0.0
DNK__SAMEA751164	0.0	0.0	0.0	0.0	0.0	1.0	0.0	0.0	0.0
NODE_0168	3.5338430240315526e-06	2.8425912682179304e-07	1.2187096053157087e-06	3.4717089965093994e-06	2.847232979859769e-06	0.9948805282634691	2.660774318731548e-06	0.000484029201400398	0.00462142600707922
NODE_0749	4.370547459182221e-05	3.515684620351764e-06	1.415498646452703e-05	4.2917314732851315e-05	3.521425435937116e-05	0.0006362484421647788	3.290813853085483e-05	0.9991552835817407	3.6052122794686094e-05
NODE_0812	9.69551310156609e-09	7.799106780340288e-10	3.1400973386541375e-09	9.520669488419594e-09	0.9999999508790747	2.421622178789174e-09	7.300259097534815e-09	8.903851829043622e-09	7.359001594784695e-09
CHN__SAMN50151954	0.0	0.0	0.0	0.0	1.0	0.0	0.0	0.0	0.0
CHN__SAMN41373921	0.0	0.0	0.0	0.0	1.0	0.0	0.0	0.0	0.0
CHN__SAMN41373924	0.0	0.0	0.0	0.0	1.0	0.0	0.0	0.0	0.0
NODE_0033	1.8080004655463815e-08	3.9256205399045154e-10	3.2818999951898864e-09	7.981956028880616e-09	3.932030746169046e-09	0.9998465834826462	4.198034153728387e-07	6.520013379339759e-09	0.00015295652547172529
NLD__SAMN03566781	0.0	0.0	0.0	0.0	0.0	1.0	0.0	0.0	0.0
NODE_0161	0.0003388115827004882	2.7254129458469952e-05	0.014492640995756869	0.00033270163692951155	0.00027298633146387205	0.9769138045020542	0.0070534626127621205	0.00031114681750892833	0.00025719139136561633
NOR__SAMEA10057895	0.0	0.0	0.0	0.0	0.0	1.0	0.0	0.0	0.0
NODE_0169	5.61289509800316e-07	4.4820379521796316e-08	5.598703389148603e-06	6.674913645770608e-07	4.48935715135528e-07	0.9999801142970286	4.19535774919246e-07	1.5500817108713457e-06	1.0594845127482742e-05
NODE_0748	0.0006610469400976127	5.31748611899195e-05	0.0002141006999818583	0.0006491261215474308	0.0005326169124006614	0.08923139164417246	0.0004977368244685214	0.0006501129265034867	0.907510693069638
NODE_0750	3.0602004992019476e-05	2.461636655531284e-06	9.911137366328872e-06	3.0050145705459998e-05	2.4656562999543862e-05	0.00044411017759464987	2.3041850683620783e-05	0.9994099296227513	2.5236861251461025e-05
JPN__SAMEA41257168	0.0	0.0	0.0	0.0	0.0	0.0	0.0	1.0	0.0
NODE_0813	2.6425293452644453e-07	2.1256604284894568e-08	8.558391162444022e-08	2.594875407434476e-07	0.9999986612004472	6.600174331732859e-08	1.9896986050334394e-07	2.426760599915844e-07	2.0057089771685513e-07
CHN__SAMN41373948	0.0	0.0	0.0	0.0	1.0	0.0	0.0	0.0	0.0
NODE_0034	3.3784324215203005e-08	6.018861231699366e-10	5.7253295124372296e-09	1.3703433928892391e-08	6.028689522941577e-09	0.9998363661244866	8.192171326305864e-07	1.0932905113927054e-08	0.00016274388181237927
NODE_0159	1.863819576190512e-09	1.4992631778430076e-10	6.036374060917502e-10	1.8302082667210267e-09	1.501711347786357e-09	2.0963471013157405e-08	1.4033756040089892e-09	1.7116341109515045e-09	0.9999999699722163
FRA__SAMN03491903	0.0	0.0	0.0	0.0	0.0	0.0	1.0	0.0	0.0
NODE_0162	0.0026626875553640897	0.000214187576736178	0.8550668670634283	0.002614670095085097	0.002145373269303759	0.12992544919814075	0.002904479191813335	0.0024452728444798724	0.0020210132056486998
NODE_0170	1.6533246034149638e-08	9.990408049302526e-10	1.2444713095683512e-07	1.328911591783202e-07	1.0006762692278426e-08	0.9999992432860728	9.351458071912347e-09	3.448429057041589e-08	4.2800083876736187e-07
IRN__SAMN12675074	0.0	0.0	1.0	0.0	0.0	0.0	0.0	0.0	0.0
USA__SAMN03996260	0.0	0.0	0.0	0.0	0.0	0.0	0.0	0.0	1.0
USA__SAMN05583818	0.0	0.0	0.0	0.0	0.0	0.0	0.0	0.0	1.0
JPN__SAMD00328188	0.0	0.0	0.0	0.0	0.0	0.0	0.0	1.0	0.0
JPN__SAMD00328195	0.0	0.0	0.0	0.0	0.0	0.0	0.0	1.0	0.0
NODE_0814	5.362671792595562e-07	4.3137531247950074e-08	1.736814879996906e-07	5.265964284440604e-07	0.9999972830793308	1.339420081689009e-07	4.037836175443409e-07	4.92479700927677e-07	4.0703271565527714e-07
NODE_0815	1.7692032165509554e-09	1.4231536441092135e-10	5.729939461308794e-10	1.7372983674179884e-09	0.9999999910365861	4.4188911954467897e-10	1.3321256690301146e-09	1.6247436066669794e-09	1.3428447938452766e-09
NODE_0035	4.732306106195677e-08	6.360670175343686e-10	7.465178170336627e-09	1.7289704354842043e-08	6.371056611676524e-09	0.9998265209110971	8.481064718375395e-07	1.334808468585412e-08	0.00017253854927908724
FRA__SAMN03491902	0.0	0.0	0.0	0.0	0.0	0.0	1.0	0.0	0.0
USA__SAMN03702646	0.0	0.0	0.0	0.0	0.0	0.0	0.0	0.0	1.0
USA__SAMN03702647	0.0	0.0	0.0	0.0	0.0	0.0	0.0	0.0	1.0
IRN__SAMN12675034	0.0	0.0	1.0	0.0	0.0	0.0	0.0	0.0	0.0
IRN__SAMN12675035	0.0	0.0	1.0	0.0	0.0	0.0	0.0	0.0	0.0
NODE_0171	4.860930449689708e-09	4.243808146443625e-11	5.0236581462285794e-09	5.3824511114528265e-09	4.2511714276614667e-10	0.9999997758203698	3.972975990433841e-10	1.4142091677266534e-09	2.0663352856906726e-07
NODE_0747	0.00014290768300775905	1.1495489568085726e-05	4.6304403065284067e-05	0.008122029272751168	0.00011514260730837002	0.9912147353196397	0.00010760213274609395	0.00013124229246048167	0.00010854079945319256
CHN__SAMN09947464	0.0	0.0	0.0	0.0	1.0	0.0	0.0	0.0	0.0
CHN__SAMN09947475	0.0	0.0	0.0	0.0	1.0	0.0	0.0	0.0	0.0
NODE_0816	1.7524234204396456e-09	1.4096559137412038e-10	5.67559453643445e-10	1.720821169028865e-09	0.9999999911215985	4.3769807509009057e-10	1.3194912825945393e-09	1.6093339204319266e-09	1.3301087431536073e-09
NODE_0819	2.2167485288334322e-11	1.7831607569837216e-12	7.179409777426814e-12	2.1767728908080644e-11	0.9999999998876917	5.536713060966534e-12	1.6691059508701207e-11	2.0357457900353016e-11	1.68253663194853e-11
NODE_0036	4.409688275208691e-08	5.993952944227208e-10	8.949910187968579e-09	2.006523226514169e-08	6.0037405623430745e-09	0.9998233760781606	5.985597571800899e-07	1.49890009431872e-08	0.00017593065792032337
NODE_0157	0.022286737400280827	0.0004883180211759927	0.001966083160616049	0.005961093621447354	0.004891154031966456	0.8202684272403362	0.12302187759534393	0.005574888526825033	0.01554142040200799
NODE_0172	1.5954246530164272e-08	7.749670126433922e-11	2.8717537209398093e-09	3.5118708133518242e-09	7.763824339353996e-10	0.9999997511640185	7.256098007874545e-10	1.3742411918689256e-09	2.2354438028778088e-07
NLD__SAMEA8914566	0.0	0.0	0.0	0.0	0.0	1.0	0.0	0.0	0.0
BEL__SAMEA117989205	0.0	0.0	0.0	1.0	0.0	0.0	0.0	0.0	0.0
ITA__SAMEA8914541	0.0	0.0	0.0	0.0	0.0	1.0	0.0	0.0	0.0
NODE_0817	4.417487697844982e-11	3.553443525414616e-12	1.430696985113642e-11	4.33782512588717e-11	0.9999999997761944	1.1033439975344678e-11	3.326157617097324e-11	4.056789422187202e-11	3.3529219828636006e-11
CHN__SAMN42391102	0.0	0.0	0.0	0.0	1.0	0.0	0.0	0.0	0.0
NODE_0820	7.996988283252335e-14	6.4328071025081464e-15	2.589994089269274e-14	7.852774943423195e-14	0.9999999999995949	1.9973862122998862e-14	6.021350892534217e-14	7.34401535349596e-14	6.069802486309116e-14
CHN__SAMN42391105	0.0	0.0	0.0	0.0	1.0	0.0	0.0	0.0	0.0
NODE_0037	4.1788510978953585e-08	5.186254113407004e-10	1.0526392795915578e-08	2.2829506467457057e-08	5.1947228276572144e-09	0.9998256110428181	4.012814981547601e-07	1.6463264301431052e-08	0.00017389035466086633
USA__SAMN18620696	0.0	0.0	0.0	0.0	0.0	0.0	0.0	0.0	1.0
AUS__SAMN22858020	1.0	0.0	0.0	0.0	0.0	0.0	0.0	0.0	0.0
NODE_0158	0.022055860952016268	0.0009644423998014578	0.0038830664106917915	0.01177332400232799	0.009660172526559704	0.5112419049569473	0.38589445004610856	0.011010561437818246	0.04351621726772866
NODE_0173	2.5897849973990454e-08	1.4267142377941112e-11	3.285000231091352e-10	4.4583758441951456e-10	1.4316169733974967e-10	0.9999998335445345	1.3390847102723255e-10	2.1300057461722012e-10	1.3927894006842833e-07
USA__SAMN10176206	0.0	0.0	0.0	0.0	0.0	0.0	0.0	0.0	1.0
CHN__SAMN42391088	0.0	0.0	0.0	0.0	1.0	0.0	0.0	0.0	0.0
NODE_0818	5.4724674197026765e-09	4.4020731353867616e-10	1.7723745200967396e-09	5.373779916889365e-09	0.9999999722745295	1.3668434395816104e-09	4.120507047759468e-09	5.025627564813419e-09	4.153663250941745e-09
NODE_0821	1.1785747046054762e-11	9.48049873538038e-13	3.817063887767792e-12	1.157320929012826e-11	0.999999999940289	2.9436942781001566e-12	8.87410559842446e-12	1.082341303912033e-11	8.945512259030059e-12
CHN__SAMN42391108	0.0	0.0	0.0	0.0	1.0	0.0	0.0	0.0	0.0
NODE_0038	2.613236206632134e-08	6.633827286563632e-10	6.941373212322484e-09	4.979812177592774e-08	6.644659765352113e-09	0.9999115909230833	2.0683266251171473e-07	3.421938399774418e-08	8.807784497061669e-05
NODE_0149	0.047842923936011465	0.00035188439002279044	0.03175172153878151	0.004295591128493906	0.0035245898746500003	0.1886700861711959	0.003293845432270498	0.00401729073189967	0.7162520667966743
FRA__SAMN03366100	0.0	0.0	0.0	0.0	0.0	0.0	1.0	0.0	0.0
MEX__SAMN07362433	0.0	0.0	0.0	0.0	0.0	0.0	0.0	0.0	1.0
NODE_0174	3.149636646907337e-07	1.1902945555512745e-10	6.557856908101984e-10	1.6204037994408185e-09	1.1953742436729818e-09	0.9999995229811625	1.1185803867648916e-09	1.3704599743689313e-09	1.5597553928140943e-07
ESP__SAMN16378558	0.0	0.0	0.0	0.0	0.0	1.0	0.0	0.0	0.0
CHN__SAMN42391093	0.0	0.0	0.0	0.0	1.0	0.0	0.0	0.0	0.0
CHN__SAMN42391113	0.0	0.0	0.0	0.0	1.0	0.0	0.0	0.0	0.0
NODE_0822	1.2068425913357826e-11	9.707886667050146e-13	3.908615428115743e-12	1.1850790480392296e-11	0.9999999999388568	3.0142982169907688e-12	9.086949307786958e-12	1.108301051107489e-11	9.160068643359958e-12
CHN__SAMN42391091	0.0	0.0	0.0	0.0	1.0	0.0	0.0	0.0	0.0
NODE_0039	7.692711511916744e-10	2.6313325545167908e-11	2.1150030919939565e-10	1.3518136295234773e-09	2.635629297987914e-10	0.9999976723429834	5.204619096566656e-09	9.58996311945315e-10	2.3188709398217186e-06
NODE_0147	0.018220081635787977	0.001465629813813419	0.005900959125262625	0.4245045086117768	0.014680230633184365	0.23110702786186355	0.013718895169955746	0.2765534719697986	0.013849195178557011
NODE_0150	0.06498759399470087	0.0002492438826735834	0.016094851418731446	0.00304261743907395	0.002496508768498858	0.09409183865717753	0.0023330540664347004	0.002845494206365026	0.813858797566344
NODE_0156	0.010414373512593396	0.00046205236625070697	0.37259260798314164	0.005640451206378428	0.004628068586787401	0.021588375620490385	0.004324992999099592	0.005275021859806199	0.5750740558654522
NODE_0175	3.5143597550426676e-07	1.256649057481839e-10	5.897963283221125e-10	1.5898162515580487e-09	1.2647324771907508e-09	0.9999995535382341	1.18477118849489e-09	1.4078817520599054e-09	8.886312752607415e-08
NODE_0742	0.1999435362956736	0.0008301355908593099	0.0033423142902264057	0.010270742169384329	0.00831491132157972	0.32732022653985293	0.007770383290242698	0.009477244428473641	0.43273050607370733
NODE_0823	2.4159028066421044e-11	1.9433611983755754e-12	7.824413101312359e-12	2.3723357286237336e-11	0.9999999998776018	6.03413533360966e-12	1.8190596266741267e-11	2.218638651964842e-11	1.8336969297738698e-11
NODE_0839	5.32203027982775e-07	4.281060940846603e-08	1.7236522650074629e-07	5.226055678622803e-07	0.9999973036697697	1.3292691605704372e-07	4.007235054057402e-07	4.887473971755008e-07	4.039479799209267e-07
NODE_0040	8.977404085667149e-12	4.942331781540425e-13	2.6396463879554626e-12	1.2070139638748581e-11	4.950402191251538e-12	0.9999998415892155	3.3670148243203346e-11	9.584028546820528e-12	1.5833839845983594e-07
NOR__SAMEA10057987	0.0	0.0	0.0	0.0	0.0	1.0	0.0	0.0	0.0
NODE_0148	0.01257177900688343	0.001011278453462093	0.004071636861749863	0.7546953392234789	0.010129297856302615	0.08876389739344777	0.009465966214529395	0.1097411452509276	0.009549659739218307
JPN__SAMEA41264668	0.0	0.0	0.0	0.0	0.0	0.0	0.0	1.0	0.0
NODE_0151	0.9958302767620762	1.4378994478311044e-05	0.00011201068986887803	0.00017552991921529452	0.00014402474159942415	0.0003792852240578452	0.00013459296261857573	0.00016415781913496627	0.003045742886950616
NODE_0154	0.011544655276156997	6.320596965647556e-05	0.0028779854301974445	0.0007715798392302049	0.0006330917965818845	0.016418802172761347	0.0005916382279698277	0.0007215912341667006	0.9663774500532791
ISR__SAMN05908227	0.0	0.0	1.0	0.0	0.0	0.0	0.0	0.0	0.0
MEX__SAMN07362432	0.0	0.0	0.0	0.0	0.0	0.0	0.0	0.0	1.0
NODE_0176	1.1113710503038814e-05	1.58192290677677e-08	6.173908859536838e-08	1.870884239402442e-07	1.5921448143292845e-07	0.9999879068534103	1.4915050594843863e-07	1.7480039586850998e-07	2.3162396182615684e-07
NODE_0740	1.1030198361056286e-07	8.819329244103247e-09	3.5508779585824665e-08	1.0766104856645089e-07	8.833731607176143e-08	0.9999947143697778	8.255227546043844e-08	1.0068583693810588e-07	4.751763652504524e-06
AUS__SAMN08443734	1.0	0.0	0.0	0.0	0.0	0.0	0.0	0.0	0.0
NODE_0743	0.02409823944572005	6.199233374746221e-05	0.00024959520259966764	0.0010665621742941226	0.0006209356198776202	0.010913518075314899	0.0005802717044406646	0.000707735586759044	0.9617011498572464
NODE_0824	1.1920748142036793e-11	9.58909411883221e-13	3.860786852995913e-12	1.1705775849727021e-11	0.999999999939605	2.977413138027036e-12	8.975754987043285e-12	1.09473909776284e-11	9.04797958285524e-12
CHN__SAMN42391107	0.0	0.0	0.0	0.0	1.0	0.0	0.0	0.0	0.0
CHN__SAMN42391101	0.0	0.0	0.0	0.0	1.0	0.0	0.0	0.0	0.0
CHN__SAMN42391106	0.0	0.0	0.0	0.0	1.0	0.0	0.0	0.0	0.0
NODE_0041	2.0738786330287808e-11	2.660668553171419e-13	3.511789214472562e-12	3.28015306045345e-12	2.6650131993306093e-12	0.9999998489503524	2.6452727570642776e-12	8.140060016887372e-12	1.510084005023033e-07
ESP__SAMN16378551	0.0	0.0	0.0	0.0	0.0	1.0	0.0	0.0	0.0
BEL__SAMEA117989514	0.0	0.0	0.0	1.0	0.0	0.0	0.0	0.0	0.0
BEL__SAMEA117989524	0.0	0.0	0.0	1.0	0.0	0.0	0.0	0.0	0.0
AUS__SAMN22858161	1.0	0.0	0.0	0.0	0.0	0.0	0.0	0.0	0.0
NODE_0152	0.9959044884767717	1.4144427968535333e-05	0.00011008188907510522	0.00017266647554942173	0.0001416752462289875	0.00037246992223902706	0.00013239732890374072	0.00016147989010173786	0.0029905963431617125
BRA__SAMN05784484	0.0	0.0	0.0	0.0	0.0	0.0	0.0	0.0	1.0
NODE_0155	0.008818380213569585	7.144870993215667e-05	0.002221397596435586	0.0008722020683674456	0.0007156537963146796	0.012179142973275478	0.0006687917051950179	0.0008156944479645098	0.9736372884889455
NODE_0177	1.533161079561888e-06	1.8761660374155947e-07	1.2441338714483757e-07	4.0658607175515854e-07	2.1141001008537336e-06	0.9999929020456894	2.0871667380923714e-06	3.5277289991726234e-07	2.9213742946868123e-07
NODE_0738	0.44067390618767266	0.0003429724558384035	0.0013808838703531564	0.004186793382640415	0.003435325419852541	0.5396179947463624	0.0032103525616869123	0.003915542518271231	0.0032362288573223436
NOR__SAMEA10057975	0.0	0.0	0.0	0.0	0.0	1.0	0.0	0.0	0.0
NODE_0741	2.0070832533706722e-07	1.6092129404850585e-08	6.479072168039297e-08	1.9644291525120328e-07	1.6118407625067478e-07	0.999990286037047	1.5062843715464605e-07	1.8371577314836698e-07	8.740400574663894e-06
NODE_0744	0.01874436370300001	7.0010666411454154e-06	2.8187882894364927e-05	0.0004741182837930608	7.012498791037008e-05	0.00098685238526309	6.553263326465974e-05	7.99276895626957e-05	0.9795438913676706
CAN__SAMN06113472	0.0	0.0	0.0	0.0	0.0	0.0	0.0	0.0	1.0
NODE_0825	1.1848339072007716e-11	9.530847993732273e-13	3.8373356415220205e-12	1.163467256550792e-11	0.9999999999399719	2.959327719742202e-12	8.921234409670394e-12	1.0880894278722443e-11	8.99302029846886e-12
NODE_0836	3.594725278904281e-09	2.8916103771377096e-10	1.1642279437131436e-09	3.5298999571860166e-09	0.9999999817878404	8.978448454308865e-10	2.7066567437488783e-09	3.3012074927208173e-09	2.7284362140665456e-09
NODE_0042	0.0001881346723598384	1.2692071528673801e-06	5.11011713123391e-06	1.5493699685320227e-05	1.2712796607829048e-05	0.9995431270173009	1.1880259346729635e-05	1.4489908129667687e-05	0.00020778232228557417
NODE_0046	1.2437649226191077e-10	9.775083074583696e-12	5.840312067838676e-10	1.1933347020303726e-10	9.791044946777801e-11	0.9999997117135307	9.152384544739388e-11	1.2431630246056967e-09	2.8601635563284847e-07
AUS__SAMN22858166	1.0	0.0	0.0	0.0	0.0	0.0	0.0	0.0	0.0
NODE_0153	0.9998075487548662	1.5006933523080152e-06	7.708202807800222e-06	1.8319540872800732e-05	1.5031438576052842e-05	1.4961872143844865e-05	1.4047061788132326e-05	1.7132668389545067e-05	0.00010374976720325484
BRA__SAMN02940632	0.0	0.0	0.0	0.0	0.0	0.0	0.0	0.0	1.0
BRA__SAMN05783037	0.0	0.0	0.0	0.0	0.0	0.0	0.0	0.0	1.0
NODE_0178	1.31402490847164e-06	1.7309091154432033e-07	6.355853539529327e-08	2.2218720095828102e-07	1.9694884799182703e-06	0.9999948653797479	1.062812175923053e-06	1.8021775428178898e-07	1.492402855874532e-07
FRA__SAMEA115874240	0.0	0.0	0.0	0.0	0.0	0.0	1.0	0.0	0.0
NODE_0739	0.8813071356001285	0.00032164856032917234	0.0012950298869125099	0.003926487038232264	0.0032217379279782543	0.10021012101750175	0.00301075235688543	0.0036721007760518592	0.003034986835979971
AUS__SAMN22857945	1.0	0.0	0.0	0.0	0.0	0.0	0.0	0.0	0.0
NOR__SAMN03566786	0.0	0.0	0.0	0.0	0.0	1.0	0.0	0.0	0.0
USA__SAMN07352218	0.0	0.0	0.0	0.0	0.0	0.0	0.0	0.0	1.0
NODE_0745	0.018821454669526873	7.184836575987692e-06	2.8927782345949935e-05	0.0004876472504915462	7.196568806636511e-05	0.0009848073561917606	6.725278940107588e-05	8.202569934515439e-05	0.9794487339280553
USA__SAMN18620802	0.0	0.0	0.0	0.0	0.0	0.0	0.0	0.0	1.0
NODE_0826	1.208040140200254e-11	9.717519794632821e-13	3.912493943840329e-12	1.1862550009584232e-11	0.9999999999387962	3.0172893025166283e-12	9.095966279762571e-12	1.1094008172864215e-11	9.169158171589313e-12
CHN__SAMN42391095	0.0	0.0	0.0	0.0	1.0	0.0	0.0	0.0	0.0
NODE_0837	4.536716688700749e-11	3.649351768872731e-12	1.4693118199299798e-11	4.454904005930373e-11	0.9999999997701537	1.1331235012684517e-11	3.415931362547074e-11	4.166283085102821e-11	3.4434181045913346e-11
CHN__SAMN42391100	0.0	0.0	0.0	0.0	1.0	0.0	0.0	0.0	0.0
NODE_0043	0.00018945383178055472	1.2703679982953135e-06	5.114790950564757e-06	1.550787057165146e-05	1.2724424017732234e-05	0.9995430345167805	1.1891125298757193e-05	1.4503160907346134e-05	0.000206499911694543
ARG__SAMEA751134	0.0	0.0	0.0	0.0	0.0	0.0	0.0	0.0	1.0
NODE_0047	1.4628368638630377e-10	1.1729933029332312e-11	1.3707440531236483e-10	1.4319265588589385e-10	1.1749086931892861e-10	0.9999988400962618	1.0980071590750249e-10	3.2432400995872653e-10	1.1589138417998172e-06
NODE_0143	0.0010610159028184515	8.534851344533608e-05	0.006015309864591825	0.0010418821164145714	0.0008548788034796823	0.9766046218752337	0.0007988943853513332	0.012732486597999483	0.0008055619406656229
AUS__SAMN22858150	1.0	0.0	0.0	0.0	0.0	0.0	0.0	0.0	0.0
AUS__SAMN45810521	1.0	0.0	0.0	0.0	0.0	0.0	0.0	0.0	0.0
NODE_0179	4.7509886157690976e-08	1.5858173747375888e-07	2.3079204550678636e-09	3.6609906202147885e-08	7.118843265456433e-08	0.9999996334239427	3.842184335477291e-08	6.540405234902965e-09	5.415925825389468e-09
NODE_0737	0.17481553163099361	0.0012024523583660867	0.004841070069143192	0.014677974425485121	0.32871383462670956	0.43942162289208775	0.011255166286042305	0.013727017006423127	0.011345330704749208
AUS__SAMN22858044	1.0	0.0	0.0	0.0	0.0	0.0	0.0	0.0	0.0
AUS__SAMN22858066	1.0	0.0	0.0	0.0	0.0	0.0	0.0	0.0	0.0
NODE_0746	0.24497647531896935	0.00042296520172006814	0.0017029538660844885	0.0383139186682233	0.004236558681151092	0.0019968878557236752	0.003959114355997093	0.004828782965092583	0.6995623430870385
USA__SAMN14488305	0.0	0.0	0.0	0.0	0.0	0.0	0.0	0.0	1.0
NODE_0827	4.9811568057513565e-11	4.006861051159682e-12	1.6132531682755686e-11	4.891329331491521e-11	0.9999999997476369	1.2441301115756011e-11	3.750573580428669e-11	4.574433619744065e-11	3.7807530651962994e-11
CHN__SAMN42391112	0.0	0.0	0.0	0.0	1.0	0.0	0.0	0.0	0.0
CHN__SAMN42391090	0.0	0.0	0.0	0.0	1.0	0.0	0.0	0.0	0.0
NODE_0838	1.9614224117778474e-06	1.5777754792922854e-07	6.352482050903905e-07	1.9260511861614994e-06	0.9999900627349616	4.898991899220022e-07	1.4768575583046835e-06	1.8012676518427157e-06	1.4887412873474616e-06
AUS__SAMN18200432	1.0	0.0	0.0	0.0	0.0	0.0	0.0	0.0	0.0
NODE_0044	2.5359477978689674e-05	3.4136124266144743e-07	1.3743979537142557e-06	4.167127929551165e-06	3.4191865669419286e-06	0.9999313737920016	3.195270425796392e-06	3.897151519658321e-06	2.6872234381432143e-05
NODE_0048	2.0205354552082984e-09	1.6250451194390687e-10	7.2221351941893e-10	1.9837557097811374e-09	1.6276986649292914e-09	0.9999987344405741	1.5211068190605354e-09	2.011583963487422e-09	1.2555100272164209e-06
NODE_0133	3.1974559473656665e-06	2.572045446857081e-07	2.760064887990707e-06	3.139794760921302e-06	2.576245379496648e-06	0.9522311402849479	2.407531875355131e-06	9.933616966258728e-06	0.0477445878006898
JPN__SAMEA41239918	0.0	0.0	0.0	0.0	0.0	0.0	0.0	1.0	0.0
NODE_0144	0.002715527593200124	0.00021843804889102979	0.018568212402659153	0.0026665572427241606	0.002187947397466995	0.9573944956470469	0.002044662803819829	0.012142847161021859	0.0020613117031698597
NODE_0180	3.287031137022109e-08	1.9940703282207747e-07	1.93564017634568e-09	4.314956052498312e-08	4.840233296431583e-08	0.9999996376993625	2.6512826022829832e-08	5.48383171864255e-09	4.539102051958483e-09
ESP__SAMN16378393	0.0	0.0	0.0	0.0	0.0	1.0	0.0	0.0	0.0
CHN__SAMN50151960	0.0	0.0	0.0	0.0	1.0	0.0	0.0	0.0	0.0
AUS__SAMN45810526	1.0	0.0	0.0	0.0	0.0	0.0	0.0	0.0	0.0
BEL__SAMEA117989523	0.0	0.0	0.0	1.0	0.0	0.0	0.0	0.0	0.0
AUS__SAMN45810506	1.0	0.0	0.0	0.0	0.0	0.0	0.0	0.0	0.0
NODE_0828	1.2381069984323408e-11	9.95937871993665e-13	4.009871834548368e-12	1.2157796498123996e-11	0.9999999999372728	3.092386484046475e-12	9.322355386810063e-12	1.1370126457231674e-11	9.397368948432421e-12
CHN__SAMN42391111	0.0	0.0	0.0	0.0	1.0	0.0	0.0	0.0	0.0
CHN__SAMN42391094	0.0	0.0	0.0	0.0	1.0	0.0	0.0	0.0	0.0
CHN__SAMN42391127	0.0	0.0	0.0	0.0	1.0	0.0	0.0	0.0	0.0
ESP__SAMN16378352	0.0	0.0	0.0	0.0	0.0	1.0	0.0	0.0	0.0
NODE_0045	2.2124325544539463e-05	1.7489161072626492e-06	7.041533050666543e-06	2.134969130339418e-05	1.751771939321034e-05	0.9998769500607053	1.6370516627853e-05	1.9966503802288002e-05	1.6930733465430317e-05
NODE_0049	2.514676499657158e-07	2.0228202833227573e-08	8.144338253529015e-08	2.469338288751594e-07	2.02611819793488e-07	0.9999981641345123	1.893431498824218e-07	6.482324632235367e-07	1.9560499057536714e-07
NODE_0130	2.8029759490908893e-05	2.2547242618254273e-06	9.078058540821794e-06	2.7524285907556757e-05	2.2584060358121275e-05	0.9961465555085129	2.1105072374796357e-05	2.5741125856154318e-05	0.0037171274046968734
NODE_0134	1.2854881397936644e-06	1.0340514373973598e-07	3.0687809562546263e-06	1.2623063444030677e-06	1.0357399559218764e-06	0.9265478885945224	9.679112782863896e-07	1.19429567478604e-05	0.07343244481691114
FIN__SAMEA751152	0.0	0.0	0.0	0.0	0.0	1.0	0.0	0.0	0.0
NODE_0145	7.954426627616225e-10	6.398570348416896e-11	0.9999999905795482	7.81098082145031e-10	6.409018672526302e-10	5.155853380415857e-09	5.989303995042381e-10	7.804889638212124e-10	6.037507887856385e-10
NODE_0146	9.518501008843535e-11	7.656717594749894e-12	5.23271199470532e-11	9.346849535326293e-11	7.669220366883036e-11	0.9999999994316134	7.166977431216222e-11	9.914068578343685e-11	7.224671312872369e-11
NODE_0181	1.7064909127095347e-08	9.98007301900853e-08	1.1701760671802119e-09	4.856071701819243e-08	2.4716173727319928e-08	0.9999997889049348	1.3729160559864723e-08	3.3123641337666152e-09	2.7408344000164966e-09
NODE_0736	6.408685379500661e-05	0.9974883797035805	2.0755866778505027e-05	6.293116957998524e-05	5.163592991042565e-05	0.002156459582281989	4.825434911350933e-05	5.8853958355241045e-05	4.864258660483182e-05
NODE_0829	8.106533719813934e-07	6.520925858895072e-08	2.6254726998601176e-07	7.960344897126743e-07	0.9999958929410803	2.0247470807741764e-07	6.103833383298249e-07	7.444616147134594e-07	6.152948683309067e-07
NODE_0830	2.4480033888155212e-11	1.969183026004391e-12	7.928377637893423e-12	2.4038574263469403e-11	0.9999999998759755	6.114312092620624e-12	1.8432298345417017e-11	2.248118145992793e-11	1.858061626405504e-11
ITA__SAMEA8914521	0.0	0.0	0.0	0.0	0.0	1.0	0.0	0.0	0.0
SWE__SAMEA8914628	0.0	0.0	0.0	0.0	0.0	1.0	0.0	0.0	0.0
NODE_0050	2.2600751287573162e-06	1.8180184451015883e-07	7.319734265982611e-07	2.2193291354179947e-06	1.820981493552359e-06	0.9999827601129675	1.7017288146159957e-06	6.604651532108567e-06	1.7193456569069146e-06
NOR__SAMEA10057955	0.0	0.0	0.0	0.0	0.0	1.0	0.0	0.0	0.0
NODE_0131	5.545117367201639e-07	4.460513018907807e-08	1.795904784917628e-07	5.445119729472346e-07	4.4677966593425647e-07	0.9999826758515034	4.1752089903945244e-07	5.092347865812543e-07	1.4627393826709963e-05
USA__SAMN18620695	0.0	0.0	0.0	0.0	0.0	0.0	0.0	0.0	1.0
NODE_0135	1.7053339656050842e-06	1.3717769804041896e-07	4.147475240005395e-06	1.6745808988263956e-06	1.3740169761714677e-06	0.9263662338748636	1.2840351675013475e-06	1.6153644879896668e-05	0.07360728986031043
NODE_0142	0.001184993886321911	9.532134871728267e-05	0.0003842424614170578	0.0011636243506952435	0.0009547700041628921	0.15996379537936625	0.0008922438976175544	0.0010900909863310704	0.8342709176853706
IRN__SAMN12675064	0.0	0.0	1.0	0.0	0.0	0.0	0.0	0.0	0.0
IRN__SAMN12675071	0.0	0.0	1.0	0.0	0.0	0.0	0.0	0.0	0.0
SWE__SAMEA8914623	0.0	0.0	0.0	0.0	0.0	1.0	0.0	0.0	0.0
SWE__SAMEA8914625	0.0	0.0	0.0	0.0	0.0	1.0	0.0	0.0	0.0
NODE_0182	3.774014043580032e-11	1.8540373974953156e-10	5.066922113770379e-12	9.130545709644245e-11	5.5556448586365406e-11	0.9999999995849028	2.636379919388447e-11	7.685797336579008e-12	5.975064861908383e-12
BEL__SAMEA117989203	0.0	0.0	0.0	1.0	0.0	0.0	0.0	0.0	0.0
TUN__SAMEA4752844	0.0	1.0	0.0	0.0	0.0	0.0	0.0	0.0	0.0
TUN__SAMEA4752846	0.0	1.0	0.0	0.0	0.0	0.0	0.0	0.0	0.0
CHN__SAMN42391089	0.0	0.0	0.0	0.0	1.0	0.0	0.0	0.0	0.0
CHN__SAMN42391114	0.0	0.0	0.0	0.0	1.0	0.0	0.0	0.0	0.0
NODE_0831	3.723989426927089e-11	2.9955909383249906e-12	1.2060928767948392e-11	3.656833025826655e-11	0.9999999998113294	9.301308033265774e-12	2.80398648408372e-11	3.4199169185835605e-11	2.82654913098835e-11
CHN__SAMN42391123	0.0	0.0	0.0	0.0	1.0	0.0	0.0	0.0	0.0
NODE_0051	1.939555172755862e-09	1.5918404655545528e-10	6.28162081597582e-10	1.96649038843673e-09	1.5627231225496777e-09	0.9999999883406397	1.4603957631880314e-09	2.4701184471926885e-09	1.4727313121303344e-09
JPN__SAMD01797761	0.0	0.0	0.0	0.0	0.0	0.0	0.0	1.0	0.0
NODE_0132	4.887684554135056e-12	3.9316716244838457e-13	1.5829802011677927e-12	4.799542707642673e-12	3.9380917116576196e-12	0.9999999999722476	3.680193431574775e-12	4.488593602225343e-12	3.9820118586060244e-12
NLD__SAMN03566780	0.0	0.0	0.0	0.0	0.0	1.0	0.0	0.0	0.0
NODE_0136	4.653467197240927e-05	3.7432663118624478e-06	0.00011522204481214183	4.569549099162879e-05	3.749378749098343e-05	0.9074437458293245	3.503838928909246e-05	0.00044910158501881983	0.0918234249347884
NODE_0141	4.3387935660430946e-05	3.490141673259855e-06	1.4101572132780443e-05	4.260550121281563e-05	3.4958407793732985e-05	0.9987429827121402	3.266904687871071e-05	4.0045934929312564e-05	0.0010457587475786864
HTI__SAMN08524449	0.0	0.0	0.0	0.0	0.0	0.0	0.0	0.0	1.0
USA__SAMN16357509	0.0	0.0	0.0	0.0	0.0	0.0	0.0	0.0	1.0
NODE_0183	1.0088061032353053e-10	1.5036682275208812e-12	2.0131009861627604e-10	4.474728622949013e-12	1.0472906967061076e-10	0.9999999995388144	3.166201187961064e-12	4.135223052434943e-11	3.769074402746854e-12
NLD__SAMN03566785	0.0	0.0	0.0	0.0	0.0	1.0	0.0	0.0	0.0
CHN__SAMN42391096	0.0	0.0	0.0	0.0	1.0	0.0	0.0	0.0	0.0
NODE_0832	2.4459851268838323e-11	1.967559528603991e-12	7.921841069014588e-12	2.4018755606538737e-11	0.9999999998760778	6.109271134184299e-12	1.8417101795349297e-11	2.246264679901722e-11	1.8565297432943776e-11
NODE_0052	3.0362845857638333e-11	6.6169131752124155e-12	9.828393314180916e-12	1.114619110825112e-10	2.4450787671886647e-11	0.99999999973533	2.2865986561104867e-11	3.604268902917843e-11	2.304049437097401e-11
NOR__SAMEA10058036	0.0	0.0	0.0	0.0	0.0	1.0	0.0	0.0	0.0
ESP__SAMN16378549	0.0	0.0	0.0	0.0	0.0	1.0	0.0	0.0	0.0
ESP__SAMN16378322	0.0	0.0	0.0	0.0	0.0	1.0	0.0	0.0	0.0
NODE_0137	0.0038651031120210534	0.00031091033111807677	0.031133808112630914	0.0037954019434276215	0.003114180213881847	0.2535710915471606	0.0029102383608642923	0.12479717302128794	0.5765020933576077
BRA__SAMN05776224	0.0	0.0	0.0	0.0	0.0	0.0	0.0	0.0	1.0
NOR__SAMEA10057896	0.0	0.0	0.0	0.0	0.0	1.0	0.0	0.0	0.0
NOR__SAMEA10057914	0.0	0.0	0.0	0.0	0.0	1.0	0.0	0.0	0.0
NODE_0184	1.464133714213302e-10	9.794622120560893e-12	7.119537583969363e-11	1.2167697543201245e-10	1.6022441176153873e-08	0.9999999831891839	9.616902845373325e-11	1.1575430881030498e-10	2.273711267021444e-10
NODE_0679	0.0009209252670649927	1.3878364951256195e-07	0.0020060976493634776	1.6972245656330374e-06	4.017658345060384e-06	0.9966849668607183	1.2990670098779082e-06	0.0003795264730115635	1.3310162712531736e-06
NODE_0833	1.1998059120866731e-11	9.651283357593583e-13	3.885825651492655e-12	1.1781692644388166e-11	0.9999999999392133	2.996722892862831e-12	9.03396646802735e-12	1.1018389332935476e-11	9.10665947019529e-12
CHN__SAMN42391125	0.0	0.0	0.0	0.0	1.0	0.0	0.0	0.0	0.0
NODE_0053	6.312646283750325e-10	2.2360831354019983e-10	2.0423073812925966e-10	4.000133598561165e-09	5.080792398762665e-10	0.999999992895361	4.754865189990227e-10	5.832057303596726e-10	4.786302220952904e-10
IRL__SAMEA8914488	0.0	0.0	0.0	0.0	0.0	1.0	0.0	0.0	0.0
NODE_0138	0.004304336009904711	0.00034624238870129513	0.05234521254052985	0.0042267139539819126	0.0034680777323261645	0.16605990885046945	0.0032409597909858717	0.21068960196189349	0.5553189467712074
USA__SAMN04221183	0.0	0.0	0.0	0.0	0.0	0.0	0.0	0.0	1.0
NODE_0185	6.82532229932261e-08	5.051397209555893e-09	2.0369328793283288e-08	6.172776685111708e-08	7.670667194649592e-06	0.9999919482061689	4.728740626271008e-08	5.767315683693883e-08	1.2076435757035173e-07
NODE_0607	5.4306131238390047e-08	4.3683976171951295e-09	1.758828432663951e-08	5.469633040545492e-07	1.3364889655901426e-06	0.9999971804924407	7.687012328653294e-07	4.9871834445042934e-08	4.1219409091343485e-08
NODE_0680	0.09283477405970021	1.5999252016325936e-05	0.0002246156284741133	0.00019530926314433126	0.00016046365905737176	0.9060552684051982	0.00014975905362779016	0.00021284485211019397	0.00015096582667155847
NODE_0684	0.000917633640299012	1.3686956292956641e-07	0.0021383224195185594	1.6740590447030897e-06	4.171729527981991e-06	0.9965310420430455	1.2811504703293554e-06	0.0004044237156511938	1.3143728796083088e-06
CHN__SAMN42391098	0.0	0.0	0.0	0.0	1.0	0.0	0.0	0.0	0.0
NODE_0834	2.445954408987501e-11	1.9675348190139938e-12	7.921741582599058e-12	2.401845396707388e-11	0.9999999998760793	6.109194410922454e-12	1.8416870504235765e-11	2.2462364701939804e-11	1.856506428071581e-11
NODE_0054	1.1507515552500397e-11	3.4249989125696043e-10	3.2967234481141357e-12	4.069962391555278e-10	8.2014918994227e-12	0.9999999992013813	9.009193713654318e-12	9.38147855488221e-12	7.726093061389694e-12
BEL__SAMEA117989516	0.0	0.0	0.0	1.0	0.0	0.0	0.0	0.0	0.0
NODE_0139	0.004312743834045596	0.0003469187172006551	0.05251649900006009	0.004234970155992426	0.003474852061192037	0.16583919243752873	0.0032472904816911465	0.21069980319255924	0.5553277301197301
JPN__SAMEA41240668	0.0	0.0	0.0	0.0	0.0	0.0	0.0	1.0	0.0
NODE_0186	0.00012004120973365316	4.3039508221953354e-06	1.7328684684134632e-05	5.328473686985356e-05	0.09318493403627409	0.9055963155768525	4.0286608805323185e-05	4.9136062357828115e-05	0.0009343691336006315
NODE_0320	8.104388785161884e-09	6.519142293375973e-10	2.6247550101892315e-09	1.3211511592347695e-08	1.3283670999411495e-08	0.9999999424221031	6.102717186732872e-09	7.4426737984379135e-09	6.156265326200988e-09
NODE_0608	7.310070654080925e-08	5.880240485072729e-09	2.3675302817140925e-08	7.578099134939688e-07	1.8547986723132193e-06	0.9999960956072992	1.0665113892618744e-06	6.713179070590962e-08	5.5484685152899736e-08
IRL__SAMEA8914485	0.0	0.0	0.0	0.0	0.0	1.0	0.0	0.0	0.0
NODE_0681	0.9612803326600162	0.00011882607265916977	0.0004839933625852134	0.001450555560840392	0.0011902083568243592	0.031884991762516156	0.0011122570088924544	0.0013576282243884367	0.001121206991277352
NODE_0682	0.09335696015053564	1.5114403947293436e-05	0.00016072163498626093	0.00018450749115375914	0.00015152168640410383	0.9056557084872077	0.00014147654085194203	0.0001913735840037649	0.00014261602090934162
NODE_0685	0.0008452187304035866	1.3678480279827266e-07	0.002323074558682079	1.67330441933914e-06	4.412932609887672e-06	0.9963836485869337	1.2803571183482446e-06	0.0004392391916416699	1.3155533887419617e-06
AUS__SAMN45810525	1.0	0.0	0.0	0.0	0.0	0.0	0.0	0.0	0.0
NODE_0835	3.688823434950418e-11	2.967303283655291e-12	1.1947036252245184e-11	3.6223011982343415e-11	0.999999999813111	9.213474882799428e-12	2.7775081687885692e-11	3.3876223126831805e-11	2.7998577544384376e-11
CHN__SAMN42391117	0.0	0.0	0.0	0.0	1.0	0.0	0.0	0.0	0.0
NODE_0055	8.626342319392709e-10	4.402356180102178e-08	2.2401996531411808e-10	1.4629028268974059e-08	5.573102993377619e-10	0.9999999378493438	6.93863812843451e-10	6.352338411188428e-10	5.250038941849521e-10
AUT__SAMN15396117	0.0	0.0	0.0	0.0	0.0	1.0	0.0	0.0	0.0
JPN__SAMEA41231668	0.0	0.0	0.0	0.0	0.0	0.0	0.0	1.0	0.0
NODE_0140	0.002426374543374786	0.0001951784702330266	0.32186202866994024	0.0023826186237482223	0.0019549718016432824	0.015364510152062314	0.0018269443451566791	0.02074682436734868	0.6332405490264927
NODE_0187	0.00012072922643829196	4.3156309591645726e-06	1.7375711553839557e-05	5.343339661762679e-05	0.0932016414809583	0.9055710684364502	4.039593930599129e-05	4.926940866050584e-05	0.0009417707690560747
CHN__SAMN32034035	0.0	0.0	0.0	0.0	1.0	0.0	0.0	0.0	0.0
NODE_0321	7.023107814361828e-11	5.649367191740689e-12	2.274563739814077e-11	5.72263441251007e-09	7.209548331183321e-09	0.9999999867934671	5.3475603548722144e-11	6.459696727575564e-11	5.7651348813827034e-11
NODE_0606	1.963998476073855e-09	1.579847674827327e-10	6.360825180286472e-10	1.9285953116691195e-09	1.5824460956824841e-09	0.9999999889577658	1.478797213275028e-09	1.803633374497034e-09	1.4906965622814851e-09
NODE_0609	5.3386161618534565e-06	4.2944026109801744e-07	1.7290240442664525e-06	5.548203127467507e-05	0.00013569713391536033	0.9997142765117912	7.809246793810955e-05	4.902705506680183e-06	4.052069106762856e-06
DNK__SAMEA8914404	0.0	0.0	0.0	0.0	0.0	1.0	0.0	0.0	0.0
AUS__SAMN22858181	1.0	0.0	0.0	0.0	0.0	0.0	0.0	0.0	0.0
AUS__SAMN08443771	1.0	0.0	0.0	0.0	0.0	0.0	0.0	0.0	0.0
NODE_0683	0.9370426221359442	0.00012752025816423066	0.000519515697044696	0.0015566888266203309	0.0012772928586650717	0.055622496698601434	0.0011936378754666562	0.001456982944222689	0.0012032427052707214
SWE__SAMN03566784	0.0	0.0	0.0	0.0	0.0	1.0	0.0	0.0	0.0
NODE_0686	0.0008286225386269281	1.4497521492415069e-07	0.0023231414204852563	1.7735752012487302e-06	4.743274187403175e-06	0.9963637739871677	1.3570224834983605e-06	0.0004750483395914504	1.3948670417040844e-06
NODE_0734	1.6216907847511087e-06	1.260693063026615e-07	0.9999269023061516	1.538976717398982e-06	1.2629480930207136e-06	6.471087521180983e-05	1.1800564169164507e-06	1.4675238149442244e-06	1.189553503407735e-06
CHN__SAMN42391099	0.0	0.0	0.0	0.0	1.0	0.0	0.0	0.0	0.0
CHN__SAMN42391120	0.0	0.0	0.0	0.0	1.0	0.0	0.0	0.0	0.0
NODE_0056	4.925687651193932e-10	4.835564080324006e-09	4.904433850889324e-11	2.7698253862355435e-08	1.220110669017321e-10	0.9999999660891797	4.593710443365981e-10	1.390688125722353e-10	1.1493827521956186e-10
TUN__SAMEA4752850	0.0	1.0	0.0	0.0	0.0	0.0	0.0	0.0	0.0
ISR__SAMN05908236	0.0	0.0	1.0	0.0	0.0	0.0	0.0	0.0	0.0
USA__SAMN08178168	0.0	0.0	0.0	0.0	0.0	0.0	0.0	0.0	1.0
NODE_0188	0.00012546223053521577	4.703459632402931e-06	1.8937197778455893e-05	5.823743348259296e-05	0.09295698650034728	0.9057089190064311	4.402616245790273e-05	5.369705538601913e-05	0.0010290309539489
NODE_0318	0.018723932021893038	0.00015517985952511325	0.0006247893225044688	0.0018944447774277835	0.8471838926351365	0.12660388353853416	0.0014525422118105186	0.001771611137671896	0.0015897244954966065
NODE_0322	2.0706488369650184e-09	1.665637265097012e-10	6.706233560344691e-10	1.7152339887367902e-07	2.7480104269140104e-07	0.9999995455427181	1.5799183517571158e-09	1.905484437265071e-09	1.7396017156645494e-09
NODE_0597	9.300024648249721e-08	7.480974398017348e-09	3.012010023633316e-08	4.147062335127716e-06	7.497975333717014e-08	0.9999954097913032	8.157048543009638e-08	8.540655797246521e-08	7.058824394757185e-08
FIN__SAMEA8914470	0.0	0.0	0.0	0.0	0.0	1.0	0.0	0.0	0.0
FIN__SAMEA8914471	0.0	0.0	0.0	0.0	0.0	1.0	0.0	0.0	0.0
NODE_0610	0.0006209257334631021	4.994749681264684e-05	0.0002010999545255983	0.008127337848258403	0.0006024219864746844	0.977805358478789	0.011551393322711172	0.0005702256847173138	0.0004712894942480285
CHN__SAMN50151957	0.0	0.0	0.0	0.0	1.0	0.0	0.0	0.0	0.0
AUS__SAMN07235949	1.0	0.0	0.0	0.0	0.0	0.0	0.0	0.0	0.0
AUS__SAMN08443767	1.0	0.0	0.0	0.0	0.0	0.0	0.0	0.0	0.0
NODE_0687	0.0008215639513373479	1.6342583936043888e-07	0.0023024611076221664	1.999332403787475e-06	5.380439972033931e-06	0.9963803208007512	1.529727314234077e-06	0.00048500855242106456	1.5726623386999478e-06
NODE_0733	0.006969036897669623	0.0005042283035101654	0.08239536475433824	0.006155311981003748	0.005053305743083418	0.8459328978173782	0.004719767741805858	0.043512317968393305	0.004757768792817432
NODE_0735	2.616568900224289e-11	2.03429700962112e-12	0.9999999988233833	2.4833449351023874e-11	2.0379349140426424e-11	1.0412877656950167e-09	1.9041789873534242e-11	2.3679183386381052e-11	1.9195038003899576e-11
ISR__SAMN05908238	0.0	0.0	1.0	0.0	0.0	0.0	0.0	0.0	0.0
NODE_0057	5.864754398639939e-09	3.3029689388072916e-09	4.316781685264373e-10	3.640117236288442e-07	1.0739162868031477e-09	0.9999996174878145	5.591441620053932e-09	1.2240392522854663e-09	1.0116630193372335e-09
AUT__SAMN15396214	0.0	0.0	0.0	0.0	0.0	1.0	0.0	0.0	0.0
NODE_0189	6.77912341352078e-05	8.221967760810459e-07	3.310350770150959e-06	5.601873063498572e-05	0.00029804235338643203	0.999546103101926	7.696073288712354e-06	9.386610932755714e-06	1.0829348149549767e-05
USA__SAMN06007763	0.0	0.0	0.0	0.0	0.0	0.0	0.0	0.0	1.0
NODE_0319	0.018808027930589773	0.000155676980575202	0.0006267908446402752	0.0019005131757221544	0.847255136857113	0.1264251364509604	0.0014571954529708903	0.0017772865210095117	0.0015942357864188862
CHN__SAMN33268689	0.0	0.0	0.0	0.0	1.0	0.0	0.0	0.0	0.0
NODE_0323	1.9123726681289637e-07	1.5383196796420412e-08	6.193624049891848e-08	6.821809563032172e-06	2.5667634494033404e-05	0.9999667592324665	1.4593380615239684e-07	1.7598760477600526e-07	1.6084536135337933e-07
NODE_0594	5.913590524634087e-05	4.75691420078831e-06	1.9152415837868658e-05	0.0005090944755703621	4.7694845106996205e-05	0.9992164467681015	4.452652079731023e-05	5.4307319979217514e-05	4.488483515977128e-05
BEL__SAMEA117989226	0.0	0.0	0.0	1.0	0.0	0.0	0.0	0.0	0.0
NODE_0598	1.4066357785033195e-09	1.1315030491131929e-10	4.555687995141119e-10	1.2972149345011766e-07	1.1340679553081424e-09	0.9999998521001883	1.2709462240867404e-08	1.2917806640115957e-09	1.067652537135452e-09
NODE_0611	0.000668253731079905	5.3754578534340626e-05	0.0002164281293011189	0.008761168200763851	0.0006403741309260072	0.9760861011510973	0.012453018870959502	0.0006136892398505271	0.0005072119674875211
NOR__SAMEA8914580	0.0	0.0	0.0	0.0	0.0	1.0	0.0	0.0	0.0
NODE_0688	0.0008449135139925683	3.77256053867396e-05	0.00021304680174705172	0.0004605310909122935	0.04331171372101187	0.020184808498917715	0.00035312594337428004	0.9338869226929992	0.000707212131658275
NODE_0720	1.4667771852955425e-07	5.818593858099712e-10	3.939969442512027e-07	9.772534928719799e-08	6.465057839674761e-09	0.9999992547611266	5.446423985084874e-09	8.885005966051296e-08	5.495460378360277e-09
JPN__SAMD00872997	0.0	0.0	0.0	0.0	0.0	0.0	0.0	1.0	0.0
ISR__SAMN05908234	0.0	0.0	1.0	0.0	0.0	0.0	0.0	0.0	0.0
ISR__SAMN05908228	0.0	0.0	1.0	0.0	0.0	0.0	0.0	0.0	0.0
ISR__SAMN05908230	0.0	0.0	1.0	0.0	0.0	0.0	0.0	0.0	0.0
NODE_0058	3.5831630394534985e-09	1.712014790740001e-09	4.183123362345453e-10	3.937603464849616e-07	1.0406651612391412e-09	0.9999995940301202	3.2888992156816655e-09	1.1861393463326956e-09	9.803394158664249e-10
NODE_0127	0.0314856708854348	0.000508891720936749	0.002048902565223269	0.06642027111605071	0.005097199708702778	0.8535708235916596	0.03025678539157874	0.00580973213767646	0.0048017228827368355
NODE_0190	6.272960315047855e-05	4.139186108708213e-07	1.6665302420685985e-06	2.8220484180933432e-05	0.0001497469066396416	0.9997431739430257	3.8744351528022615e-06	4.725502545253749e-06	5.448676452235355e-06
BEL__SAMEA117989511	0.0	0.0	0.0	1.0	0.0	0.0	0.0	0.0	0.0
AUS__SAMN22858115	1.0	0.0	0.0	0.0	0.0	0.0	0.0	0.0	0.0
CHN__SAMN50151970	0.0	0.0	0.0	0.0	1.0	0.0	0.0	0.0	0.0
NODE_0324	4.922109478311888e-05	3.959363161433894e-06	1.5941294402233293e-05	0.001261467421648464	0.006659924442902889	0.9918897515298056	3.7063063139845024e-05	4.5296868041314434e-05	3.737492211511863e-05
NODE_0585	2.8161463706493236e-07	2.265318609084303e-08	9.120686683661256e-08	2.4326627521453465e-05	3.490674518139162e-07	0.9999688207998411	8.090483895010953e-07	2.586218878297114e-07	5.0403602184383696e-06
BEL__SAMEA117989513	0.0	0.0	0.0	1.0	0.0	0.0	0.0	0.0	0.0
NODE_0595	6.460516450474513e-12	5.196863448640703e-13	2.0923751326961438e-12	4.322147521184805e-11	5.209276328017435e-12	0.9999999999267957	4.864461158500388e-12	5.9330001211314095e-12	4.9036057995124024e-12
NODE_0599	1.198926503360541e-09	9.644209360889922e-11	3.882977499923982e-10	9.901811277499207e-08	9.663317420387066e-10	0.9999998742198597	2.2100999504092263e-08	1.1010313350783052e-09	9.099986701790444e-10
DNK__SAMEA8914410	0.0	0.0	0.0	0.0	0.0	1.0	0.0	0.0	0.0
NODE_0612	0.010930324145232179	0.0008792393374057104	0.0035400170573387647	0.729977542825068	0.008825541875640792	0.18260893894464628	0.04490432155803294	0.010037837433037421	0.00829623682359777
FRA__SAMEA115874218	0.0	0.0	0.0	0.0	0.0	0.0	1.0	0.0	0.0
NODE_0689	0.0007993346809156144	3.41011965117068e-05	0.00019391527493986774	0.0004162865298377221	0.042613833424550634	0.018190430942614886	0.0003192001046753694	0.9367587878662705	0.0006741099796837712
CHN__SAMN09947459	0.0	0.0	0.0	0.0	1.0	0.0	0.0	0.0	0.0
NODE_0721	7.482859595991213e-08	3.45929964837563e-10	1.994837025880762e-07	1.1074601033031764e-07	3.787111432761486e-09	0.9999995587757844	3.2380353518739333e-09	4.5528103819209886e-08	3.2667262626033895e-09
AUT__SAMN15396107	0.0	0.0	0.0	0.0	0.0	1.0	0.0	0.0	0.0
NODE_0059	8.85795605325044e-11	2.7825558816056588e-11	9.83202123209528e-12	1.7711115129038483e-07	2.445981405404597e-11	0.999999822612406	7.482484181217743e-11	2.7879037115029925e-11	2.3041935005759792e-11
NODE_0126	8.305280337136064e-06	6.68080207901524e-07	2.689840809772359e-06	0.9996993511966541	6.69170707516512e-06	0.00026210948145451336	6.2534802638599074e-06	7.627134087785488e-06	6.303799110035191e-06
NODE_0128	0.27795908022226123	0.0015634778497298546	0.00629491327263539	0.12973180798748218	0.015660300613704343	0.25959906104410535	0.2765894236209833	0.01784943831134526	0.014752497077753016
BEL__SAMEA117989519	0.0	0.0	0.0	1.0	0.0	0.0	0.0	0.0	0.0
AUS__SAMN22857989	1.0	0.0	0.0	0.0	0.0	0.0	0.0	0.0	0.0
NODE_0191	6.531027540230523e-07	4.319697591754499e-09	1.7392082607898742e-08	4.2521870631779126e-07	1.5589003547170128e-06	0.9999971944948345	4.0434315312804186e-08	4.931583511457101e-08	5.682141969773603e-08
NODE_0325	1.7755590016131958e-06	1.4282662612397606e-07	5.750524017845008e-07	2.0333284889976207e-06	0.99973946392827	0.00023737949628370474	1.3369117321176464e-06	1.5945224572161906e-05	1.3476726235851157e-06
BEL__SAMEA117989259	0.0	0.0	0.0	1.0	0.0	0.0	0.0	0.0	0.0
NODE_0586	2.8998061692816316e-07	2.3326148620959983e-08	9.391636666697857e-08	2.586465828529407e-05	3.513251296974296e-07	0.9999668745689664	8.565005352735366e-07	2.6630470154341674e-07	5.3794192495519304e-06
NOR__SAMEA10057988	0.0	0.0	0.0	0.0	0.0	1.0	0.0	0.0	0.0
AUT__SAMN15396105	0.0	0.0	0.0	0.0	0.0	1.0	0.0	0.0	0.0
NODE_0596	1.1723228802071945e-12	9.43020882751946e-14	3.7968160298677947e-13	1.2211426301784763e-12	9.445682057493965e-13	0.9999999999933388	8.82703234716244e-13	1.0765999558082884e-12	8.898060266731972e-13
NODE_0600	2.902715009195446e-07	2.3349547437518225e-08	9.401057561123744e-08	1.0646915469269886e-06	2.3387708758831845e-07	0.999992438686854	5.368223460988754e-06	2.665701491569617e-07	2.20319277358787e-07
NOR__SAMEA10058016	0.0	0.0	0.0	0.0	0.0	1.0	0.0	0.0	0.0
NODE_0613	7.34921181435361e-07	5.91173330292063e-08	2.3801979552572752e-07	0.9999738835437764	5.930474319518235e-07	8.882693915869004e-06	1.4375930131098697e-05	6.74913135907673e-07	5.578132987494754e-07
FRA__SAMEA115874215	0.0	0.0	0.0	0.0	0.0	0.0	1.0	0.0	0.0
NODE_0690	0.0007564894798187026	3.058393218795399e-05	0.00017527165358604494	0.00037334992365354333	0.03814954949795622	0.016200982835648345	0.00028627717952446163	0.943384064203116	0.000643431294508685
CHN__SAMN39683174	0.0	0.0	0.0	0.0	1.0	0.0	0.0	0.0	0.0
NODE_0722	1.5065123503627971e-06	1.2118420296375332e-07	4.879224464110042e-07	0.9999555259121525	1.2138208771140076e-06	3.7483359224850665e-05	1.1343300009607584e-06	1.3835012079212781e-06	1.1434575369544325e-06
NODE_0724	1.83885361130144e-09	9.696726961363993e-12	4.865216897050188e-09	3.305241926440405e-09	1.0497460834150409e-10	0.9999999885699865	9.076503319285095e-11	1.1237050788518665e-09	9.155959906552905e-11
NODE_0060	1.0933467301323093e-09	6.395319616922107e-11	2.0608226236808434e-10	2.3625781701607432e-07	5.126854080530789e-10	0.999999760040543	7.58252427818986e-10	5.843531915744982e-10	4.829666043697154e-10
NLD__SAMEA8914568	0.0	0.0	0.0	0.0	0.0	1.0	0.0	0.0	0.0
BEL__SAMEA117989436	0.0	0.0	0.0	1.0	0.0	0.0	0.0	0.0	0.0
BEL__SAMEA117989512	0.0	0.0	0.0	1.0	0.0	0.0	0.0	0.0	0.0
AUS__SAMN45810610	1.0	0.0	0.0	0.0	0.0	0.0	0.0	0.0	0.0
NODE_0129	0.2772823513822507	0.0015651865457747785	0.006301792879436684	0.13001746191387095	0.01567741549772994	0.25891659630563685	0.27760162996919724	0.017868945667822964	0.014768619838279954
NODE_0192	1.3171180669324972e-08	8.823825083006472e-11	3.552672183578767e-10	1.3895466189475503e-07	3.1459017006510004e-08	0.9999998129818647	8.262588878111219e-10	1.0073721449933306e-09	1.1561393646201112e-09
DNK__SAMEA8914405	0.0	0.0	0.0	0.0	0.0	1.0	0.0	0.0	0.0
NODE_0326	8.642392177131437e-07	6.951972393924605e-08	2.7990218145990324e-07	9.88448479588579e-07	0.9998667400266432	0.00011451403260309613	6.507311471608529e-07	1.5237131092666646e-05	6.559689113231471e-07
NODE_0582	3.4025104416133252e-06	2.736992047494499e-07	1.1019750961635156e-06	3.343390371988301e-06	0.9999808182289522	2.680440136225927e-06	2.5619281393460956e-06	3.2352846005893865e-06	2.582543057016648e-06
NODE_0587	1.0175467417422855e-05	8.18518381616337e-07	3.2955407127286545e-06	0.000849226555981108	8.3156000510512e-06	0.9988989054400522	3.0175696144160958e-05	9.34461821105086e-06	0.00018974256304866378
NODE_0593	1.1555581648707219e-07	9.29535283415154e-09	3.7425199472774947e-08	3.1746025290751496e-07	9.40437808164393e-08	0.9999990991507045	9.20970522774815e-08	1.061204253233469e-07	1.288514151612989e-07
AUT__SAMN15396109	0.0	0.0	0.0	0.0	0.0	1.0	0.0	0.0	0.0
AUT__SAMN15396112	0.0	0.0	0.0	0.0	0.0	1.0	0.0	0.0	0.0
NODE_0601	0.0019517201366377743	0.0001569970933103027	0.0006321059177222973	0.11307109061847913	0.001572534562843261	0.04190652730152374	0.8374352896258718	0.00179235759032096	0.001481377153290725
NODE_0604	1.2501329137460778e-06	1.0056115629763542e-07	4.048820309245851e-07	1.234715528294606e-06	1.0072536446526502e-06	0.9999929171698055	9.883636064164756e-07	1.1480566167252587e-06	9.488646974735436e-07
NODE_0614	3.700934588847815e-07	2.9770455408689063e-08	1.1986260790186597e-07	0.9999808843382072	2.986449221772994e-07	4.440654145198378e-06	1.3235856721644171e-05	3.398744562335308e-07	2.809050254109084e-07
BEL__SAMEA117989544	0.0	0.0	0.0	1.0	0.0	0.0	0.0	0.0	0.0
NODE_0691	0.0008118341462593538	2.5624849012502917e-06	4.042378923272503e-05	3.1281318182299946e-05	0.0032425067718526534	0.0006381923381594112	2.3985828427962312e-05	0.9944096144961696	0.0007995988268147851
JPN__SAMD00570813	0.0	0.0	0.0	0.0	0.0	0.0	0.0	1.0	0.0
NODE_0723	1.0881368225808275e-08	8.752997891311023e-10	3.5242084723974186e-09	0.9999996795872699	8.767290882514178e-09	2.699194885713152e-07	8.193137276671424e-09	9.992872683197731e-09	8.259064436605606e-09
BEL__SAMEA117989467	0.0	0.0	0.0	1.0	0.0	0.0	0.0	0.0	0.0
NODE_0725	1.5072112677440982e-09	5.2876668374377284e-11	2.599909162317454e-09	2.794701736883934e-09	5.335122125537071e-10	0.9999999904131881	4.949456263446395e-10	1.1046952886153063e-09	4.989600312170979e-10
AUT__SAMN15396157	0.0	0.0	0.0	0.0	0.0	1.0	0.0	0.0	0.0
NODE_0061	4.177689633023287e-11	1.9649076084210244e-12	7.031697712183716e-12	4.3688881015491075e-09	1.749325133402442e-11	0.9999999954102493	1.1617661658610605e-10	1.9938615459402722e-11	1.648075163554261e-11
NODE_0119	0.006834418719313209	0.0001566785021611246	0.0006308231839708417	0.7206614557669161	0.0015693434154243125	0.2631269851438485	0.003753203920949451	0.001788720355624492	0.0014783709917919078
BEL__SAMEA117989547	0.0	0.0	0.0	1.0	0.0	0.0	0.0	0.0	0.0
FRA__SAMEA115874225	0.0	0.0	0.0	0.0	0.0	0.0	1.0	0.0	0.0
NODE_0193	7.212096796185256e-09	9.368606517536932e-11	3.7720135457701265e-10	1.637794736624488e-07	1.6276234455566164e-08	0.9999998092680907	8.776057728399881e-10	1.0695671269492999e-09	1.046044002166711e-09
AUT__SAMN15396159	0.0	0.0	0.0	0.0	0.0	1.0	0.0	0.0	0.0
NODE_0327	1.1576573556767731e-06	9.312238803030141e-08	3.749318621462815e-07	1.2754970637066075e-06	0.9998610820213693	0.00011370575683489049	8.716610135865712e-07	2.0560675605707304e-05	8.786765069344386e-07
NODE_0580	1.7867729976857754e-06	1.4372868413667713e-07	5.786842920057431e-07	1.7597675344341068e-06	0.9999861385462233	4.7111492186854615e-06	1.345354884802574e-06	2.1798156459045242e-06	1.3561805188361806e-06
CHN__SAMN33268552	0.0	0.0	0.0	0.0	1.0	0.0	0.0	0.0	0.0
NODE_0583	3.679884125423272e-09	2.9601124698412743e-10	1.1918084404352717e-09	3.6135670655623323e-09	0.9999999813182286	9.5506547525867e-10	2.7707772949976767e-09	3.381584905888229e-09	2.7930727202781e-09
NODE_0588	0.0010868871080567564	8.742960300410165e-05	0.00035201141803163004	0.022375227550356556	0.0008758086134424307	0.9457700741846363	0.0008347103851872606	0.0009981402168022658	0.027619710920482595
NODE_0591	0.01584574041529269	0.0012746372493938499	0.005131978760260532	0.5322883359887584	0.012767202640220058	0.1438985660889707	0.2621890483060919	0.014551898386922677	0.012052592164089191
AUT__SAMN15396194	0.0	0.0	0.0	0.0	0.0	1.0	0.0	0.0	0.0
NOR__SAMEA10058023	0.0	0.0	0.0	0.0	0.0	1.0	0.0	0.0	0.0
NODE_0602	0.0019474554648662855	0.00015665404152768412	0.0006307247134126748	0.1132901379374519	0.0015690984432716038	0.04173212296749848	0.8374072250726416	0.0017884411390447935	0.0014781402202848225
FRA__SAMEA115874199	0.0	0.0	0.0	0.0	0.0	0.0	1.0	0.0	0.0
NODE_0605	4.619537301262103e-07	3.715972977488793e-08	1.4961350300443165e-07	4.536271827149468e-07	3.722040847035968e-07	0.9999974027236139	3.478560494827006e-07	4.2423411995695283e-07	3.506279864823692e-07
NOR__SAMEA10057989	0.0	0.0	0.0	0.0	0.0	1.0	0.0	0.0	0.0
NODE_0615	2.046530839115649e-11	1.646237014617641e-12	6.6281237249415416e-12	0.9999999989515187	1.6514145359155697e-11	2.434044566135734e-10	7.25495235759994e-10	1.8794267756192177e-11	1.553339524287389e-11
FRA__SAMEA115874198	0.0	0.0	0.0	0.0	0.0	0.0	1.0	0.0	0.0
NODE_0692	0.0008236578057058522	2.5787643557986802e-06	4.0858840104366526e-05	3.148004888815966e-05	0.003231208774040799	0.0006328991321244231	2.4138210283370535e-05	0.9944016793663188	0.000811499058178377
JPN__SAMD00549621	0.0	0.0	0.0	0.0	0.0	0.0	0.0	1.0	0.0
BEL__SAMEA117989252	0.0	0.0	0.0	1.0	0.0	0.0	0.0	0.0	0.0
BEL__SAMEA117989272	0.0	0.0	0.0	1.0	0.0	0.0	0.0	0.0	0.0
NODE_0726	1.0837459617638518e-06	8.71710775920515e-08	3.5117481157586215e-07	6.712432865785486e-06	8.731345380989001e-07	0.9999882586348713	8.159542754785763e-07	9.952316366931154e-07	8.22519961844558e-07
NODE_0731	2.8620284615516594e-09	2.3022147780535703e-10	9.269642507180633e-10	2.810438417785944e-09	2.305974165655489e-09	0.9999999839087803	2.1549601577876286e-09	2.6283323728219053e-09	2.172300329330875e-09
NODE_0062	7.57922061733709e-12	5.936018908262206e-13	2.3798679764832892e-12	4.2366916859297355e-10	5.920565782705708e-12	0.9999999995173318	3.0154317756556195e-11	6.748195705177147e-12	5.623214702903308e-12
NODE_0117	0.00044349701221951116	1.2382625440598147e-05	4.985525924073547e-05	0.000151160442123466	0.00012402845171482647	0.9964941658975138	0.002466705334143879	0.0001413662644379944	0.00011683871316528075
NODE_0120	0.03300279940336427	0.0002672634100523973	0.001076063122745379	0.8796676073916962	0.002676998276492399	0.07459235137896206	0.0031438870347113264	0.0030512131774796717	0.0025218168044964027
NODE_0123	0.0008983320494463998	5.6679220425526096e-05	0.0002282034004796318	0.9650824622675706	0.0005677177266470007	0.010587771122491301	0.02139694779198579	0.0006470784175863661	0.0005348080033674072
NODE_0194	4.6059233545018556e-11	8.444765363760586e-13	3.4000541353573924e-12	5.405327037017719e-09	1.4674128377371008e-10	0.9999999943701359	8.931172970823704e-12	9.640967854548483e-12	8.919803350404389e-12
BEL__SAMEA117989211	0.0	0.0	0.0	1.0	0.0	0.0	0.0	0.0	0.0
NODE_0328	5.3206215163055135e-09	4.2799277262324576e-10	1.7231960070930342e-09	5.240566365430269e-09	0.9999999577986991	1.4324139592944166e-08	4.006174347520918e-09	7.120199666967416e-09	4.038410736082709e-09
JPN__SAMD00892039	0.0	0.0	0.0	0.0	0.0	0.0	0.0	1.0	0.0
NODE_0581	1.7840731825596246e-06	1.4351151000431864e-07	5.778098996756337e-07	1.7567193312403272e-06	0.9999865183018604	4.385820055151824e-06	1.3433220521055709e-06	2.1363107847241364e-06	1.3541313242228595e-06
CHN__SAMN45156013	0.0	0.0	0.0	0.0	1.0	0.0	0.0	0.0	0.0
NODE_0584	6.812908993817549e-11	5.480329320471042e-12	2.206504924068819e-11	6.690101496815106e-11	0.9999999996543755	1.7448124763128662e-11	5.1297956428496905e-11	6.25922710443457e-11	5.1710732203638727e-11
CHN__SAMN50151964	0.0	0.0	0.0	0.0	1.0	0.0	0.0	0.0	0.0
NODE_0589	0.0011732541410073608	9.437699924014167e-05	0.0003799832115277207	0.15970207935297062	0.0009453230629419019	0.8310736973632001	0.0008857075611310846	0.0010774551770354201	0.004668123130945534
NODE_0590	1.864085877838821e-09	1.4994776095595196e-10	6.03723706286257e-10	2.809672929532648e-09	1.5019300326853946e-09	4.391582280092901e-08	1.4043185171789067e-09	1.7118788752260777e-09	0.9999999460386195
NODE_0592	0.012647300593998453	0.0010173535612026847	0.004096096258171053	0.7062885274803892	0.010190157878643713	0.08630940011786431	0.15822195275698556	0.011614618710675961	0.009614592642069118
FRA__SAMEA115874223	0.0	0.0	0.0	0.0	0.0	0.0	1.0	0.0	0.0
BEL__SAMEA117989573	0.0	0.0	0.0	1.0	0.0	0.0	0.0	0.0	0.0
NODE_0603	0.0012294413850643011	9.889672203874525e-05	0.0003981806409655718	0.01608969021473509	0.0009905821202012156	0.005818370042450441	0.9733126246759185	0.0011290546000979683	0.0009331595985282261
IRL__SAMEA8914503	0.0	0.0	0.0	0.0	0.0	1.0	0.0	0.0	0.0
IRL__SAMEA8914514	0.0	0.0	0.0	0.0	0.0	1.0	0.0	0.0	0.0
NODE_0616	3.0521092823195684e-10	2.4551280524011797e-11	9.884902567090915e-11	0.9999999984011799	2.4591649718374065e-10	1.0294179429277062e-10	3.094023005803046e-10	2.802897370356842e-10	2.3165846758971231e-10
BEL__SAMEA117989536	0.0	0.0	0.0	1.0	0.0	0.0	0.0	0.0	0.0
NODE_0693	0.0020721681279669735	6.5311205859834515e-06	5.668949006796941e-05	7.972810146079317e-05	0.0032621268549562713	0.0006437792791284433	6.113376033640644e-05	0.9917571890306507	0.0020606542348464607
NODE_0716	8.269857200237193e-05	8.4773152014648e-07	9.929525963524099e-05	1.0348591963639514e-05	0.00205794674763284	5.959555846406238e-05	7.93508784595635e-06	0.9976015776817581	7.975476917774409e-05
BEL__SAMEA117989520	0.0	0.0	0.0	1.0	0.0	0.0	0.0	0.0	0.0
NODE_0727	3.273042640639987e-09	2.632687193462376e-10	1.0605399098024903e-09	1.870674597984265e-08	2.6369870602056397e-09	0.9999999661052713	2.4642948450819785e-09	3.005725403406281e-09	2.4841241258855634e-09
NODE_0732	2.1962324188555515e-06	1.7666575217725192e-07	7.112964010940947e-07	2.156626757359194e-06	1.7695423240604684e-06	0.9999876521085018	1.6536582981603214e-06	2.0169048687289354e-06	1.6669646776646773e-06
IRL__SAMEA8914497	0.0	0.0	0.0	0.0	0.0	1.0	0.0	0.0	0.0
NODE_0063	1.2063822185525012e-08	3.8164188757034806e-10	1.536576827262617e-09	2.3064180686116208e-07	3.8226507640049594e-09	0.999998896351601	4.115298589868718e-09	4.357015275825032e-09	8.46729586429211e-07
NODE_0073	6.17726659696815e-10	4.9682106772361845e-11	2.000263671262852e-10	9.309579172910566e-09	4.97619734665095e-10	0.9999999845262424	3.763145518008925e-09	5.671814936320771e-10	4.687964682528579e-10
NODE_0118	0.07281220469940068	0.0009775561149683936	0.003935862710172473	0.011933403689729467	0.009791523813919923	0.3785508970574575	0.5016143565775852	0.011160271095797737	0.009223924240968698
FIN__SAMEA8914474	0.0	0.0	0.0	0.0	0.0	1.0	0.0	0.0	0.0
NODE_0121	0.9692646889975006	0.00018105238829711225	0.0007289579930106363	0.020432556612908395	0.001813480315119564	0.0020958515097186823	0.0017080716250913095	0.0020669849073802764	0.0017083556509733977
BEL__SAMEA117989309	0.0	0.0	0.0	1.0	0.0	0.0	0.0	0.0	0.0
NODE_0124	0.0004042431428339321	2.585537480312538e-05	0.00010409960488730347	0.9849731870418746	0.000258975943860862	0.004531575376771117	0.00916292207717999	0.0002951779310048209	0.00024396350678430775
FRA__SAMEA115874237	0.0	0.0	0.0	0.0	0.0	0.0	1.0	0.0	0.0
NODE_0195	6.60104891967018e-10	5.152948549724422e-11	2.0746939980463193e-10	1.1387312662501114e-08	1.0672324865546862e-09	0.9999999849461535	6.052093608108143e-10	5.882864612900357e-10	4.867017651933246e-10
NODE_0317	1.4270216902760666e-07	1.1479003320892477e-08	4.621707176672834e-08	1.4015162136216524e-07	8.061188847470674e-07	0.9999985065209563	1.0744781960235036e-07	1.3105006148652612e-07	1.0831241229296991e-07
NODE_0329	7.018796442654862e-09	5.645945949667767e-10	2.2731859365519963e-09	6.90248020490035e-09	0.9999999546021148	1.013928721171744e-08	5.284819091607092e-09	7.887377438303898e-09	5.32734420035365e-09
NODE_0578	1.0933720103659541e-06	8.795125095650733e-08	3.5411169104134366e-07	1.0736551163694423e-06	0.9999944602207863	2.7340133593031484e-07	8.232569934210702e-07	1.0041493763949183e-06	8.298814393561034e-07
CHN__SAMN07329785	0.0	0.0	0.0	0.0	1.0	0.0	0.0	0.0	0.0
CHN__SAMN50151958	0.0	0.0	0.0	0.0	1.0	0.0	0.0	0.0	0.0
CHN__SAMN32033997	0.0	0.0	0.0	0.0	1.0	0.0	0.0	0.0	0.0
CHN__SAMN50151965	0.0	0.0	0.0	0.0	1.0	0.0	0.0	0.0	0.0
BEL__SAMEA117989308	0.0	0.0	0.0	1.0	0.0	0.0	0.0	0.0	0.0
DNK__SAMEA8914402	0.0	0.0	0.0	0.0	0.0	1.0	0.0	0.0	0.0
USA__SAMN11539704	0.0	0.0	0.0	0.0	0.0	0.0	0.0	0.0	1.0
USA__SAMN12392429	0.0	0.0	0.0	0.0	0.0	0.0	0.0	0.0	1.0
BEL__SAMEA117989545	0.0	0.0	0.0	1.0	0.0	0.0	0.0	0.0	0.0
BEL__SAMEA117989613	0.0	0.0	0.0	1.0	0.0	0.0	0.0	0.0	0.0
FRA__SAMEA115874197	0.0	0.0	0.0	0.0	0.0	0.0	1.0	0.0	0.0
FRA__SAMEA115874217	0.0	0.0	0.0	0.0	0.0	0.0	1.0	0.0	0.0
NODE_0617	2.1653683080758762e-11	1.7418303164090078e-12	7.013004046476686e-12	0.9999999998932659	1.7446767960865142e-11	5.620710648162805e-12	1.6936906069166923e-11	1.988560885325611e-11	1.643538476561151e-11
BEL__SAMEA117989567	0.0	0.0	0.0	1.0	0.0	0.0	0.0	0.0	0.0
NODE_0694	0.989712904824007	2.810707403424112e-05	0.00011342702410597657	0.0003431138604151324	0.0003090404444695014	9.263826305524232e-05	0.00026309284986427496	0.008855262245623738	0.0002824134144249318
NODE_0702	2.3989599641318257e-06	1.839531853846771e-07	7.423490580694254e-07	2.3450484072287314e-06	2.022576790352616e-06	0.0002302671659193504	1.7218714308542817e-06	5.7952438480501186e-05	0.9997023656367641
NODE_0717	7.729124193658074e-05	7.960866512183663e-07	9.275545656253575e-05	9.71814270598002e-06	0.0020498578355500597	5.5673451150942905e-05	7.451672328191282e-06	0.9976319272660863	7.452884702829667e-05
IND__SAMN19416304	0.0	0.0	1.0	0.0	0.0	0.0	0.0	0.0	0.0
NODE_0728	7.887427778154814e-09	6.344533333116837e-10	2.554951992063681e-09	2.1540501479719486e-08	6.354894230772964e-09	0.9999999418591955	5.938723303731689e-09	7.2433423123904325e-09	5.986510030358401e-09
NODE_0729	3.6731682303487234e-10	2.954710169149136e-11	1.189633385577256e-10	3.6078675822073496e-10	2.959534960964979e-10	0.9999999979347384	2.7657205370341746e-10	3.3732453884352663e-10	2.787975271951578e-10
FIN__SAMEA8914472	0.0	0.0	0.0	0.0	0.0	1.0	0.0	0.0	0.0
FIN__SAMEA8914475	0.0	0.0	0.0	0.0	0.0	1.0	0.0	0.0	0.0
NODE_0064	1.7030162695090135e-08	4.515796660939839e-10	1.8181621914146396e-09	3.579848483849636e-07	4.523170574215774e-09	0.9999982886479809	5.073868108421314e-09	5.155460046884587e-09	1.319314767431202e-06
NLD__SAMEA8914547	0.0	0.0	0.0	0.0	0.0	1.0	0.0	0.0	0.0
NODE_0074	7.2401715396112015e-12	5.82354958938133e-13	2.344661335696199e-12	5.823749540178324e-11	5.832990037809332e-12	0.9999999998887925	2.4826538058473968e-11	6.648369753202978e-12	5.495001848981288e-12
NODE_0115	0.0063417435833934875	0.0005101322112781952	0.002053908023199671	0.11140224832527626	0.00510965214024947	0.8177311809382272	0.046213756030250505	0.005823925282123975	0.004813453466001371
AUS__SAMN45810503	1.0	0.0	0.0	0.0	0.0	0.0	0.0	0.0	0.0
FRA__SAMEA115874194	0.0	0.0	0.0	0.0	0.0	0.0	1.0	0.0	0.0
NODE_0122	0.9990920124280066	8.274626280484757e-06	3.331552278004439e-05	0.00047599070227511136	8.288138044827826e-05	5.725277481491442e-05	7.772840567574266e-05	9.446728539655474e-05	7.807687432215531e-05
AUS__SAMN45810606	1.0	0.0	0.0	0.0	0.0	0.0	0.0	0.0	0.0
BEL__SAMEA117989588	0.0	0.0	0.0	1.0	0.0	0.0	0.0	0.0	0.0
NODE_0125	0.0002157064097302195	1.5076234924915429e-05	6.070034227898412e-05	0.9944882696260104	0.00015100853121772592	0.0015670381995855974	0.0031878279951259515	0.00017211786216280142	0.00014225479896316844
NODE_0196	5.333709834291109e-11	4.01077154326626e-12	1.6148276211244506e-11	7.559200889766973e-09	1.0043817423708344e-09	0.9999999909969342	2.823346894124092e-10	4.578898033741862e-11	3.786338244923782e-11
BEL__SAMEA117989590	0.0	0.0	0.0	1.0	0.0	0.0	0.0	0.0	0.0
CHN__SAMN39683176	0.0	0.0	0.0	0.0	1.0	0.0	0.0	0.0	0.0
NOR__SAMEA10057995	0.0	0.0	0.0	0.0	0.0	1.0	0.0	0.0	0.0
NODE_0330	8.729569836879645e-09	7.022098427494762e-10	2.827256146758594e-09	8.57214754238468e-09	0.9999999557709468	2.1820150612516308e-09	6.572949873997239e-09	8.017064865527719e-09	6.6258399817186305e-09
NODE_0577	1.0827775857457373e-06	8.709903150175743e-08	3.506804621619622e-07	1.0632514233174895e-06	0.9999945142052762	2.7049149221292576e-07	8.152798968082741e-07	9.943746781273374e-07	8.218401539801358e-07
NODE_0579	1.6643280104968918e-06	1.3387916385033716e-07	5.390278886389913e-07	1.6343144272253155e-06	0.9999915679178276	4.1569750328045985e-07	1.2531596391685027e-06	1.5284321863538746e-06	1.2632433534140255e-06
CHN__SAMN50151977	0.0	0.0	0.0	0.0	1.0	0.0	0.0	0.0	0.0
NODE_0618	1.8635389844757706e-10	1.499037686505298e-11	6.035465832834977e-11	0.9999999990886489	1.5014855041024247e-10	4.656029491577732e-11	1.4036084679118575e-10	1.7113766369384198e-10	1.4144466842590825e-10
BEL__SAMEA117989530	0.0	0.0	0.0	1.0	0.0	0.0	0.0	0.0	0.0
NODE_0695	0.9999940620080947	4.7337297542112e-08	1.9068426659524243e-07	5.778645908443889e-07	4.839869779670327e-07	1.4890171656019656e-07	4.4309501942661897e-07	3.593307612643925e-06	4.5281442371520915e-07
NODE_0701	0.9968743204445865	1.1872301378808116e-05	4.787390556393875e-05	0.00014492974779967718	0.0001266291220518786	3.836771837252392e-05	0.00011112923388585374	0.0025280313055215833	0.00011684622083940773
NODE_0703	1.4113458712385576e-07	1.0823432633523624e-08	4.3678079739435005e-08	2.3181898058716287e-07	1.1897966467308823e-07	0.00023020262035695587	1.0131142549376389e-07	3.402155635298977e-06	0.9997657474778374
CAN__SAMN06113467	0.0	0.0	0.0	0.0	0.0	0.0	0.0	0.0	1.0
CHN__SAMN07329777	0.0	0.0	0.0	0.0	1.0	0.0	0.0	0.0	0.0
NODE_0718	7.201399572464391e-05	7.51457917800705e-07	8.630085505388399e-05	9.173342116279449e-06	0.0019063330133591455	5.180696459727049e-05	7.033930494005993e-06	0.9977971746914754	6.941174926165712e-05
AUT__SAMN15396122	0.0	0.0	0.0	0.0	0.0	1.0	0.0	0.0	0.0
ESP__SAMN16378592	0.0	0.0	0.0	0.0	0.0	1.0	0.0	0.0	0.0
SWE__SAMEA8914632	0.0	0.0	0.0	0.0	0.0	1.0	0.0	0.0	0.0
NODE_0730	3.722366223424405e-10	2.9942852273932e-11	1.2055671679501374e-10	3.6552391182114947e-10	2.9991746418761637e-10	0.9999999979071718	2.802764289237948e-10	3.4184262534701456e-10	2.825317101590625e-10
NODE_0065	2.081737642303678e-08	4.25661600778252e-10	1.7138101801539576e-09	4.845440321389309e-07	4.2635667011821455e-09	0.9999981779575762	5.136118832156083e-09	4.859566409118469e-09	1.3002822915688022e-06
USA__SAMN18620823	0.0	0.0	0.0	0.0	0.0	0.0	0.0	0.0	1.0
NODE_0075	1.2109918684065775e-11	9.741421961663735e-13	3.921934671998922e-12	1.2876340210821652e-11	9.757772721928872e-12	0.9999999999305551	9.490884038123892e-12	1.1121097176330435e-11	9.192676893689392e-12
NLD__SAMEA8914562	0.0	0.0	0.0	0.0	0.0	1.0	0.0	0.0	0.0
BEL__SAMEA117989479	0.0	0.0	0.0	1.0	0.0	0.0	0.0	0.0	0.0
NODE_0116	4.1143987307308575e-06	3.3096376335839704e-07	1.3325352015083278e-06	6.8679278433064966e-06	3.3150419918695843e-06	2.297053326627469e-05	0.9999541672767126	3.7784483831436085e-06	3.1228741072119285e-06
AUS__SAMN45810562	1.0	0.0	0.0	0.0	0.0	0.0	0.0	0.0	0.0
AUS__SAMN45810640	1.0	0.0	0.0	0.0	0.0	0.0	0.0	0.0	0.0
BEL__SAMEA117989592	0.0	0.0	0.0	1.0	0.0	0.0	0.0	0.0	0.0
BEL__SAMEA117989608	0.0	0.0	0.0	1.0	0.0	0.0	0.0	0.0	0.0
NODE_0197	2.0205091537153014e-09	1.5141464711757592e-10	6.096297227852981e-10	9.196442191690307e-08	4.793462592709644e-08	0.9999998404089084	1.3753147420674176e-08	1.7286255835995544e-09	1.4287171259040608e-09
NLD__SAMEA8914556	0.0	0.0	0.0	0.0	0.0	1.0	0.0	0.0	0.0
NODE_0331	2.747564264792377e-09	2.2101509082073863e-10	8.89856900328685e-10	2.698016674827904e-09	0.9999999860793888	6.866527715909873e-10	2.0687848915267736e-09	2.5232889457927344e-09	2.0854316418979003e-09
NODE_0576	8.430475658852981e-05	6.7815059588578e-06	2.7303881602384515e-05	8.278445043352753e-05	0.999572882054473	2.10565721252307e-05	6.347746218314778e-05	7.742107468413689e-05	6.398824195108536e-05
CHN__SAMN50151962	0.0	0.0	0.0	0.0	1.0	0.0	0.0	0.0	0.0
CHN__SAMN50151963	0.0	0.0	0.0	0.0	1.0	0.0	0.0	0.0	0.0
CHN__SAMN50151955	0.0	0.0	0.0	0.0	1.0	0.0	0.0	0.0	0.0
CHN__SAMN50151956	0.0	0.0	0.0	0.0	1.0	0.0	0.0	0.0	0.0
NODE_0619	8.458750241834347e-11	6.804250138513994e-12	2.7395454829960162e-11	0.9999999995863562	6.815360908438826e-11	2.1127674550478142e-11	6.369179290731906e-11	7.768073360507004e-11	6.420284916070058e-11
BEL__SAMEA117989612	0.0	0.0	0.0	1.0	0.0	0.0	0.0	0.0	0.0
NODE_0696	0.9999964453725699	2.8494256132159625e-08	1.1478006163339886e-07	3.47840339774133e-07	2.9126845568988334e-07	8.961772644458475e-08	2.667170208268509e-07	2.143381505578782e-06	2.7252806398286705e-07
AUS__SAMN08443778	1.0	0.0	0.0	0.0	0.0	0.0	0.0	0.0	0.0
AUS__SAMN08443772	1.0	0.0	0.0	0.0	0.0	0.0	0.0	0.0	0.0
AUS__SAMN08443780	1.0	0.0	0.0	0.0	0.0	0.0	0.0	0.0	0.0
NODE_0704	3.332576270831658e-08	2.558218615798312e-09	1.0323219693979917e-08	1.3306302387085004e-07	2.8069435333534345e-08	0.000234837919055647	2.394589438183015e-08	7.878410205652701e-07	0.9997641429543692
USA__SAMN18620777	0.0	0.0	0.0	0.0	0.0	0.0	0.0	0.0	1.0
NODE_0719	1.9085673462081425e-05	8.773042977432061e-07	1.4400562869988497e-05	1.07095916844998e-05	0.00025660227940476097	9.18088513122072e-06	8.21190023586894e-06	0.9996645202258072	1.6411577106752966e-05
JPN__SAMD00549636	0.0	0.0	0.0	0.0	0.0	0.0	0.0	1.0	0.0
SWE__SAMEA8914609	0.0	0.0	0.0	0.0	0.0	1.0	0.0	0.0	0.0
SWE__SAMEA8914626	0.0	0.0	0.0	0.0	0.0	1.0	0.0	0.0	0.0
NODE_0066	2.340263132335875e-08	3.023794215480321e-10	1.217448155958707e-09	4.7189973451560613e-07	3.0287318153839264e-09	0.9999982117158737	4.287629965584672e-09	3.4521151945827946e-09	1.2806934559520684e-06
BEL__SAMEA117989515	0.0	0.0	0.0	1.0	0.0	0.0	0.0	0.0	0.0
NODE_0076	1.8447231327749627e-10	1.4840133290296897e-11	5.973764051506626e-11	1.8145186030979418e-10	1.48673228238387e-10	0.9999999989623405	1.3898403220505156e-10	1.6940930607250058e-10	1.4009103901402445e-10
IRL__SAMEA8914501	0.0	0.0	0.0	0.0	0.0	1.0	0.0	0.0	0.0
FRA__SAMEA115874189	0.0	0.0	0.0	0.0	0.0	0.0	1.0	0.0	0.0
FRA__SAMEA115874235	0.0	0.0	0.0	0.0	0.0	0.0	1.0	0.0	0.0
NODE_0198	2.759113454523002e-09	1.9997537595855343e-10	8.051462347287306e-10	1.7528996542871663e-07	3.293915710266467e-08	0.9999997575194086	2.6317297722247946e-08	2.2830192293316686e-09	1.886916809972947e-09
CHN__SAMN07329793	0.0	0.0	0.0	0.0	1.0	0.0	0.0	0.0	0.0
NODE_0332	2.7767614798418933e-09	2.2336372565289572e-10	8.993130370295152e-10	2.7266870895868633e-09	0.9999999859317267	6.937215939678296e-10	2.0907690023779316e-09	2.550064752105703e-09	2.107592650792211e-09
CHN__SAMN43024020	0.0	0.0	0.0	0.0	1.0	0.0	0.0	0.0	0.0
CHN__SAMN45156018	0.0	0.0	0.0	0.0	1.0	0.0	0.0	0.0	0.0
CHN__SAMN45156063	0.0	0.0	0.0	0.0	1.0	0.0	0.0	0.0	0.0
NODE_0620	1.4344477296515213e-10	1.1538750860500451e-11	4.6457628916922854e-11	0.9999999992985396	1.1557592664841988e-10	3.582784073390874e-11	1.0800715979435699e-10	1.3173216937694225e-10	1.0887616797130346e-10
BEL__SAMEA117989582	0.0	0.0	0.0	1.0	0.0	0.0	0.0	0.0	0.0
NODE_0697	0.9999962826761891	3.234393167501808e-08	1.3027758168625994e-07	3.9483480914400537e-07	3.2960224717794207e-07	1.0152692058124307e-07	3.027514407878038e-07	2.1172756579892283e-06	3.087112217979493e-07
AUS__SAMN08443742	1.0	0.0	0.0	0.0	0.0	0.0	0.0	0.0	0.0
NODE_0705	1.590464826421061e-08	1.2312062579882403e-09	4.96625721252892e-09	1.3968576743157853e-07	1.3293637016625763e-08	0.0002845410264119838	1.152455651521187e-08	3.1232312226799755e-07	0.9997149600443931
USA__SAMN45987657	0.0	0.0	0.0	0.0	0.0	0.0	0.0	0.0	1.0
JPN__SAMD00328201	0.0	0.0	0.0	0.0	0.0	0.0	0.0	1.0	0.0
JPN__SAMEA41323168	0.0	0.0	0.0	0.0	0.0	0.0	0.0	1.0	0.0
NODE_0067	2.5095900937872294e-08	8.160753497645156e-11	3.285704511978856e-10	4.589342007378087e-07	8.174079317196332e-10	0.9999992291747605	2.5503368767287636e-09	9.316725657019412e-10	2.8208554256888753e-07
USA__SAMN10298220	0.0	0.0	0.0	0.0	0.0	0.0	0.0	0.0	1.0
NODE_0077	9.871340853025473e-10	2.893747750539606e-10	2.6509507429140036e-10	7.956026337743506e-09	6.594957543070835e-10	0.9999999817622832	1.9110038331739446e-09	7.516860007818955e-10	5.417900769051234e-09
NODE_0105	2.26319728848298e-09	3.502270848196375e-11	1.4100937009160888e-10	1.0675310832530275e-09	5.4773718223890365e-09	0.9999999857409726	3.278258075175897e-10	2.2224648361673404e-09	2.7246045026729358e-09
NODE_0199	2.2684151416017875e-09	1.4963678104048877e-10	6.024716305903906e-10	2.5751296657870815e-07	1.6972598791425102e-08	0.9999997056584427	1.3715207387045757e-08	1.7083285724215e-09	1.411932352499719e-09
NODE_0316	1.8492071619884035e-09	1.4875091112522573e-10	5.989049173222365e-10	1.8158626824001972e-09	1.489938646578185e-09	1.8524206645913772e-08	0.9999999724713454	1.6982150369847614e-09	1.4035686688579806e-09
NODE_0333	1.2006410829535385e-10	9.658001503092722e-12	3.888530529294266e-11	1.1789894285850444e-10	0.999999999391704	2.999252815878944e-11	9.040254906458427e-11	1.1026463139488892e-10	9.112998509381343e-11
CHN__SAMN43024027	0.0	0.0	0.0	0.0	1.0	0.0	0.0	0.0	0.0
NODE_0621	4.1146234500083974e-11	3.3098183986079257e-12	1.3326079816083473e-11	0.9999999997987904	3.3152230520722104e-11	1.0276984525594582e-11	3.0981269836491385e-11	3.7786547535651426e-11	3.1230446716285016e-11
BEL__SAMEA117989601	0.0	0.0	0.0	1.0	0.0	0.0	0.0	0.0	0.0
AUS__SAMN08443709	1.0	0.0	0.0	0.0	0.0	0.0	0.0	0.0	0.0
NODE_0698	0.9998296868100188	2.7999184697506775e-06	1.127312922880342e-05	3.4179681206992344e-05	2.804724141209209e-05	8.694200842429866e-06	2.6208296484256244e-05	3.269007628738912e-05	2.6420646049432766e-05
NODE_0706	6.390610165553673e-09	5.097580257815024e-10	2.0532184637115605e-09	5.837103959037112e-07	5.191833091646774e-09	0.0012708255620512883	4.77152803527897e-09	3.247651003945029e-08	0.998728539334095
USA__SAMN05950790	0.0	0.0	0.0	0.0	0.0	0.0	0.0	0.0	1.0
NODE_0068	1.5476751849491299e-07	4.4473202486012593e-10	1.7905920344390797e-09	7.891365253199643e-07	4.454582346307825e-09	0.9999987775200533	1.523402466222029e-08	5.077283939469634e-09	2.5157468775920927e-07
DEU__SAMN43964887	0.0	0.0	0.0	0.0	0.0	1.0	0.0	0.0	0.0
NODE_0078	1.7125047101281244e-09	7.07992214646109e-10	4.063224620220181e-10	2.0656183285556262e-08	1.0108371058389378e-09	0.9999999559142138	4.46079621890805e-09	1.1521410082648777e-09	1.3979009264533384e-08
IRL__SAMEA8914479	0.0	0.0	0.0	0.0	0.0	1.0	0.0	0.0	0.0
NODE_0106	7.660580423450264e-09	6.433460969935151e-11	2.590257349503003e-10	3.187620366485829e-09	1.988731078231856e-08	0.9999999511695062	6.021962947245468e-10	7.57582529911007e-09	9.593600244321745e-09
NODE_0114	1.6119076102703683e-07	1.2965075104849447e-08	5.2200333934151855e-08	1.5827474752112126e-07	1.2990324201680362e-07	0.9999990937239508	1.2135800951334432e-07	1.480303017450851e-07	1.223535782999375e-07
NODE_0200	5.65192863052328e-10	1.5361038472573887e-12	6.1847026057244586e-12	1.9798111837260163e-09	1.3406850629305785e-10	0.9999999969988491	2.8232607596323816e-10	1.753693225842876e-11	1.449444843701764e-11
BEL__SAMEA117989208	0.0	0.0	0.0	1.0	0.0	0.0	0.0	0.0	0.0
FRA__SAMEA4700352	0.0	0.0	0.0	0.0	0.0	0.0	1.0	0.0	0.0
FRA__SAMN09862835	0.0	0.0	0.0	0.0	0.0	0.0	1.0	0.0	0.0
NODE_0334	6.169460682851841e-11	4.962737107219269e-12	1.9981105556987164e-11	6.058203997992376e-11	0.9999999996873743	1.5409423245097585e-11	4.645309743287119e-11	5.6715724652506556e-11	4.682688840545932e-11
CHN__SAMN42391139	0.0	0.0	0.0	0.0	1.0	0.0	0.0	0.0	0.0
BEL__SAMEA117989525	0.0	0.0	0.0	1.0	0.0	0.0	0.0	0.0	0.0
NODE_0622	1.863871111377907e-10	1.4993048506200023e-11	6.036541496175916e-11	0.9999999990885396	1.5017530886114958e-10	4.6553406481204093e-11	1.4034799312617563e-10	1.7116816448966915e-10	1.4146987722483294e-10
NODE_0699	0.9994442881152173	9.163354775896696e-06	3.689376698195977e-05	0.00011186059465998086	9.178545360342846e-05	2.8452654904031258e-05	8.577246850281002e-05	0.00010531952009538123	8.646407125893368e-05
AUS__SAMN45810574	1.0	0.0	0.0	0.0	0.0	0.0	0.0	0.0	0.0
NODE_0707	6.426543524420809e-09	5.145212543165689e-10	2.072040900205721e-09	1.0379534616689323e-06	5.20216313826935e-09	0.0012765046132139062	4.816113656974022e-09	2.0934865338245507e-08	0.9987224174670767
NOR__SAMEA10058021	0.0	0.0	0.0	0.0	0.0	1.0	0.0	0.0	0.0
NODE_0069	2.836140387060555e-07	7.093612426835201e-10	2.8560493054103366e-09	7.634254655001732e-07	7.105195695819713e-09	0.99999868618235	2.7025385146937935e-08	8.098423867520375e-09	2.2098373059731002e-07
BEL__SAMEA117989214	0.0	0.0	0.0	1.0	0.0	0.0	0.0	0.0	0.0
NODE_0079	1.2152539634018865e-09	1.0284451155634289e-09	1.5153026911061332e-10	3.2161875508600394e-08	3.769725596624994e-10	0.999999941864322	1.1557149965014144e-09	4.296691748839445e-10	2.1616216493298372e-08
FRA__SAMEA115874211	0.0	0.0	0.0	0.0	0.0	0.0	1.0	0.0	0.0
NODE_0107	0.0006129908351989696	4.930884244414724e-05	0.00019852858704446055	0.003361594485686067	0.000493906434665023	0.9859347388421139	0.00046154942582551836	0.008422113207218045	0.00046526933980380183
NODE_0110	1.0980748074544682e-07	8.729108735554994e-10	3.5145372258833024e-09	1.2915806430928676e-08	2.862909435585956e-07	0.9999994241732519	8.170776123763033e-09	1.640135654658083e-08	1.3785293659267614e-07
DNK__SAMEA8914415	0.0	0.0	0.0	0.0	0.0	1.0	0.0	0.0	0.0
NOR__SAMEA10058007	0.0	0.0	0.0	0.0	0.0	1.0	0.0	0.0	0.0
NODE_0201	5.430418819761408e-08	9.942907539750264e-11	4.0032401637013754e-10	2.5199030538785644e-09	1.0749808092391885e-09	0.9999999361122953	3.4155451408966184e-09	1.1351322131491538e-09	9.382022039572008e-10
NODE_0315	3.2004214628383884e-07	2.574377134520262e-08	1.0365026427355139e-07	3.142881260507489e-07	2.5785954064858115e-07	0.9999982006271669	2.409747231629779e-07	2.9390381058114243e-07	2.429104508030755e-07
NODE_0335	1.2709433621413775e-11	1.0223515650248778e-12	4.116219355523994e-12	1.2480238604840172e-11	0.9999999999336687	3.1744017783831716e-12	9.569597549639111e-12	1.3612221557503213e-11	9.64660057791957e-12
NODE_0575	0.00012258105408285725	9.86046555787179e-06	3.970047151324317e-05	0.00012037049398411518	0.999378960689036	3.0616739532703555e-05	9.22976892382563e-05	0.00011257202229233422	9.304037476267587e-05
NODE_0623	4.139586179285107e-10	3.329898510832862e-11	1.3406926903747846e-10	0.9999999979755803	3.335335953417394e-10	1.033933284206428e-10	3.118089363652778e-10	3.801579217198189e-10	3.141991659027014e-10
BEL__SAMEA117989595	0.0	0.0	0.0	1.0	0.0	0.0	0.0	0.0	0.0
NODE_0700	0.9988976662486304	1.8199421346810825e-05	7.327500070911693e-05	0.00022216733326469514	0.00018229152271423315	5.650921714584146e-05	0.00017035347123575174	0.00020781346195230768	0.00017172432300067563
AUS__SAMN45810527	1.0	0.0	0.0	0.0	0.0	0.0	0.0	0.0	0.0
NODE_0708	2.20161871727372e-09	1.7652017313838253e-10	7.108201199534357e-10	9.297252361740669e-07	1.779638165652122e-09	0.001282201396693494	1.6522956232632477e-09	5.59952599787703e-09	0.9987168567576516
BEL__SAMEA117989434	0.0	0.0	0.0	1.0	0.0	0.0	0.0	0.0	0.0
NODE_0070	1.6619464860427595e-05	4.1437532313070815e-08	1.6683690658608515e-07	2.2902249815717832e-06	4.1505196298038587e-07	0.9999778067642665	1.5825582773129508e-06	4.730716601147404e-07	6.045895520458553e-07
ESP__SAMN16378366	0.0	0.0	0.0	0.0	0.0	1.0	0.0	0.0	0.0
NODE_0080	1.902823579271333e-08	1.66364071695914e-08	2.2339611393944497e-09	5.213269357411347e-07	5.5575830022881655e-09	0.9999990726405504	5.923397462196157e-09	6.334471949254154e-09	3.5031845729783303e-07
AUT__SAMN15396108	0.0	0.0	0.0	0.0	0.0	1.0	0.0	0.0	0.0
BEL__SAMEA117989610	0.0	0.0	0.0	1.0	0.0	0.0	0.0	0.0	0.0
NODE_0108	0.0006143424536692265	4.941756759432249e-05	0.00019896633916701218	0.003359489201484176	0.0004949954455876239	0.9859034336168138	0.000462567134377347	0.008450493011282511	0.000466295230024096
NODE_0111	1.266486849248454e-05	1.0039992841112041e-07	4.0423289087337124e-07	1.2278734257788152e-06	3.3026880541543304e-05	0.9999345818728114	9.39781325501854e-07	1.1526319405916064e-06	1.590145864340946e-05
FIN__SAMEA8914464	0.0	0.0	0.0	0.0	0.0	1.0	0.0	0.0	0.0
NODE_0202	0.9999250813047076	1.2605436377075024e-07	5.075234682002943e-07	1.5387941688393017e-06	1.262602004155533e-06	6.767529380346258e-05	1.1799167163792541e-06	1.4390998644224965e-06	1.1894109032561178e-06
NODE_0209	2.7812150277410125e-08	9.920459636223575e-11	3.994202128435567e-10	1.8651987590579666e-09	1.0332956906578943e-09	0.9999999610860961	5.635961543691289e-09	1.1325694478504785e-09	9.361033779472523e-10
FIN__SAMEA8914452	0.0	0.0	0.0	0.0	0.0	1.0	0.0	0.0	0.0
FIN__SAMEA8914454	0.0	0.0	0.0	0.0	0.0	1.0	0.0	0.0	0.0
NODE_0336	9.993643006544018e-11	8.038923584152351e-12	3.2366530249172185e-11	9.813423080748344e-11	0.99999999917597	2.496085285532054e-11	7.524736701583634e-11	4.0949266761863527e-10	7.585285487468127e-11
CHN__SAMN50151990	0.0	0.0	0.0	0.0	1.0	0.0	0.0	0.0	0.0
CHN__SAMN42391130	0.0	0.0	0.0	0.0	1.0	0.0	0.0	0.0	0.0
CHN__SAMN43024017	0.0	0.0	0.0	0.0	1.0	0.0	0.0	0.0	0.0
NODE_0624	5.399246115566685e-10	4.343173646151877e-11	1.7486602493983612e-10	0.9999999973587755	4.350265681317147e-10	1.3485551517796231e-10	4.0747270618038523e-10	4.958384952628544e-10	4.0980874718917485e-10
BEL__SAMEA117989596	0.0	0.0	0.0	1.0	0.0	0.0	0.0	0.0	0.0
AUS__SAMN45810572	1.0	0.0	0.0	0.0	0.0	0.0	0.0	0.0	0.0
AUS__SAMN45810573	1.0	0.0	0.0	0.0	0.0	0.0	0.0	0.0	0.0
NODE_0709	5.397627351487003e-08	4.341552097151754e-09	1.7480134386336106e-08	3.089351371554874e-06	4.349279028755163e-08	0.0021093234307102034	4.0638570655998324e-08	5.154312612976036e-08	0.9978873757454712
NODE_0715	1.175336454253488e-05	9.45444901820016e-07	3.8065757016895835e-06	1.1719434157229444e-05	9.469889551186996e-06	0.00024902312604638266	8.849722077312505e-06	1.0794361291623821e-05	0.9996936380817303
NODE_0071	5.486464027114684e-05	1.3585548403594734e-07	5.469850021007415e-07	3.4301802829328205e-06	1.3607732454905045e-06	0.9999341587130682	2.457882618484742e-06	1.550994371069479e-06	1.4939756564575255e-06
NODE_0072	0.03310898968092026	0.002662951954087862	0.010721648747102148	0.2836558638034709	0.026673003293637497	0.276498740222552	0.3111503390385889	0.030401595640600142	0.025126867619040157
NODE_0081	3.5577728763415e-08	3.215273996613986e-08	3.904581927545601e-09	1.0095842486238259e-06	9.713704400723117e-09	0.9999985154404125	9.735375018052639e-09	1.1071573384676821e-08	3.7281963531095106e-07
USA__SAMN18620816	0.0	0.0	0.0	0.0	0.0	0.0	0.0	0.0	1.0
NODE_0109	1.623174907447362e-05	1.305687852779879e-06	5.256995534363288e-06	1.6513518456670867e-05	1.3078201978549699e-05	0.0002095154071297098	1.222173242944254e-05	0.9997135566300852	1.2320077458807242e-05
SWE__SAMEA8914617	0.0	0.0	0.0	0.0	0.0	1.0	0.0	0.0	0.0
NODE_0112	0.07774701793772153	0.00038423941629506036	0.0015470350675997537	0.004690559627002352	0.20851307005029904	0.5999296867500191	0.00359662634894339	0.00438667380979565	0.09920509099232425
FIN__SAMEA8914453	0.0	0.0	0.0	0.0	0.0	1.0	0.0	0.0	0.0
NODE_0203	0.9999798460484903	3.40468708957677e-08	1.370804269006782e-07	4.1562326619268083e-07	3.4102466698884315e-07	1.8197532485900078e-05	3.1869164131361673e-07	3.8869616111995964e-07	3.212559903029406e-07
AUS__SAMN45810524	1.0	0.0	0.0	0.0	0.0	0.0	0.0	0.0	0.0
NODE_0210	1.0924154903883835e-10	5.712245191839198e-13	2.2998795156708367e-12	9.487080821203857e-12	5.933350837887587e-12	0.9999999998370528	2.344477003233569e-11	6.521385722174688e-12	5.447975562638641e-12
FRA__SAMEA115874242	0.0	0.0	0.0	0.0	0.0	0.0	1.0	0.0	0.0
NODE_0337	2.0613040673678592e-09	1.6581206543421532e-10	6.675969954651753e-10	2.024131630266641e-09	0.9999999765834695	5.148463618853445e-10	1.5520636827521459e-09	1.4866223117109365e-08	1.5645525677899426e-09
CHN__SAMN42391133	0.0	0.0	0.0	0.0	1.0	0.0	0.0	0.0	0.0
NODE_0625	7.058060881370933e-10	5.6775304101299265e-11	2.285902556933456e-10	0.9999999965424049	5.686801337014511e-10	1.7628728454633762e-10	5.375660410871926e-10	6.481753585565655e-10	5.357146211653966e-10
BEL__SAMEA117989568	0.0	0.0	0.0	1.0	0.0	0.0	0.0	0.0	0.0
NODE_0710	1.0229405560357024e-07	8.228266372056333e-09	3.3128925246418194e-08	5.270145087887153e-06	8.242312190084592e-08	0.0021158833515164373	7.701968716592331e-08	9.58295988275977e-08	0.9978784475797405
FIN__SAMEA8914458	0.0	0.0	0.0	0.0	0.0	1.0	0.0	0.0	0.0
USA__SAMN05948796	0.0	0.0	0.0	0.0	0.0	0.0	0.0	0.0	1.0
USA__SAMN48440030	0.0	0.0	0.0	0.0	0.0	0.0	0.0	0.0	1.0
AUS__SAMN18200430	1.0	0.0	0.0	0.0	0.0	0.0	0.0	0.0	0.0
ESP__SAMN16378565	0.0	0.0	0.0	0.0	0.0	1.0	0.0	0.0	0.0
BEL__SAMEA117989579	0.0	0.0	0.0	1.0	0.0	0.0	0.0	0.0	0.0
FRA__SAMEA115874214	0.0	0.0	0.0	0.0	0.0	0.0	1.0	0.0	0.0
NODE_0082	0.00031939908375825873	0.00038298275506041754	1.051947385045492e-05	0.012202407964390968	2.6170038515424755e-05	0.9863759871256149	2.445635679746581e-05	2.982832192108857e-05	0.0006282488800910186
NOR__SAMEA8914583	0.0	0.0	0.0	0.0	0.0	1.0	0.0	0.0	0.0
JPN__SAMD00920274	0.0	0.0	0.0	0.0	0.0	0.0	0.0	1.0	0.0
JPN__SAMD00920281	0.0	0.0	0.0	0.0	0.0	0.0	0.0	1.0	0.0
CHN__SAMN22233924	0.0	0.0	0.0	0.0	1.0	0.0	0.0	0.0	0.0
NODE_0113	0.0784061906474348	0.0003867573395450846	0.001557172797879671	0.004721296881403348	0.20812201049797696	0.5987196965265759	0.003620195063452107	0.004415419677168736	0.10005126056856353
NODE_0204	0.9999950662459313	8.409501602637755e-09	3.385856142964407e-08	1.0265802492905668e-07	8.423233642358294e-08	4.450522908813177e-06	7.871612850523563e-08	9.600708975237355e-08	7.934951712832282e-08
AUS__SAMN45810528	1.0	0.0	0.0	0.0	0.0	0.0	0.0	0.0	0.0
NODE_0211	1.459090167835316e-11	1.0099227888060618e-12	4.0661782825823965e-12	1.2378928881265098e-11	1.5273054813656663e-11	0.999999999916491	9.98002614935461e-12	1.15297852844761e-11	1.4680235167109785e-11
NLD__SAMN03566787	0.0	0.0	0.0	0.0	0.0	1.0	0.0	0.0	0.0
NODE_0338	8.528082042258915e-11	6.860020896504832e-12	2.7620000555097823e-11	8.374291246263107e-11	0.9999999992963258	2.1300360692744348e-11	6.421239171301765e-11	3.4992858144882476e-10	6.472908518817939e-11
JPN__SAMD01797762	0.0	0.0	0.0	0.0	0.0	0.0	0.0	1.0	0.0
NODE_0626	3.1970079635680782e-09	2.5716850902339767e-10	1.0354187646277996e-09	0.9999999843148749	2.575884434441662e-09	7.98508063394014e-10	2.4586082467099676e-09	2.9359647329812115e-09	2.4265643763233782e-09
BEL__SAMEA117989581	0.0	0.0	0.0	1.0	0.0	0.0	0.0	0.0	0.0
NODE_0711	2.2234729214378596e-06	1.7885668583365331e-07	7.201176542114603e-07	9.761991839647783e-05	1.7914934747612564e-06	0.0024009224467493894	1.6741662663260573e-06	2.0437907877639424e-06	0.9974928257370638
USA__SAMN14488313	0.0	0.0	0.0	0.0	0.0	0.0	0.0	0.0	1.0
NODE_0083	0.0003214908936349261	0.0003857568403642248	1.0519224504766715e-05	0.012211707540143694	2.6169418200534793e-05	0.9863574242908072	2.4455776050475654e-05	2.9827614893003025e-05	0.0006326484014012573
BEL__SAMEA117989518	0.0	0.0	0.0	1.0	0.0	0.0	0.0	0.0	0.0
USA__SAMN45987655	0.0	0.0	0.0	0.0	0.0	0.0	0.0	0.0	1.0
AUS__SAMN45810550	1.0	0.0	0.0	0.0	0.0	0.0	0.0	0.0	0.0
NODE_0205	0.9999943416251116	2.4796536049046888e-08	9.983648005913852e-08	3.0270085416686756e-07	2.4837026727683785e-07	4.233503457210315e-06	2.3210497180379165e-07	2.830896971661304e-07	2.3397262464737422e-07
NODE_0207	0.9999845680610949	2.5134249629025323e-07	1.0119619155378147e-06	3.0682344827211842e-06	2.5175291732671376e-06	9.891660245850414e-07	2.352660884410307e-06	2.869452048425206e-06	2.3715918798542693e-06
NODE_0212	4.30337879331289e-12	3.4504038834530617e-13	1.3892108874601316e-12	4.227451738025388e-12	2.6083621716085745e-10	0.9999999994531839	1.1233774423277438e-11	3.93915419692305e-12	2.6054192262338965e-10
AUT__SAMN29408379	0.0	0.0	0.0	0.0	0.0	1.0	0.0	0.0	0.0
NODE_0339	3.027840472505497e-10	2.435606131571519e-11	9.806302884628192e-11	2.973238043247932e-10	0.9999999984309319	7.562555550438559e-11	2.2798195128070614e-10	3.1311712079638245e-10	2.2981643810395622e-10
NODE_0574	4.326406718797097e-06	3.4801776472902787e-07	1.4011984802986651e-06	4.248386651707138e-06	0.9999780808788128	1.0805949468532239e-06	3.257577982482714e-06	3.973148129135302e-06	3.283790513177944e-06
NODE_0627	8.894472512584746e-10	7.154746752829929e-11	2.880663372110586e-10	0.9999999955892896	7.166429849041066e-10	2.2215484296161671e-10	7.309292841562729e-10	8.168217881532818e-10	6.751002934987227e-10
FRA__SAMEA117615785	0.0	0.0	0.0	0.0	0.0	0.0	1.0	0.0	0.0
NODE_0712	9.084528904332511e-06	7.307625817075427e-07	2.9422160089548683e-06	0.00039892984847373383	7.319564547443129e-06	0.0023857537672458996	6.84021431620378e-06	8.344612239034552e-06	0.9971800544856827
NODE_0713	2.1727091682985186e-05	1.7477353304718158e-06	7.0367789730695905e-06	2.1710299998431157e-05	1.75058923679426e-05	0.743468893738423	1.6359464110072355e-05	1.995303081715772e-05	0.25642506596829695
NODE_0084	0.0018487712627401887	0.00014108378814635167	2.2871979254336093e-05	0.0198756465725122	5.690023916776825e-05	0.9741438104030752	5.317399961770139e-05	6.48542664651702e-05	0.0037928874890210892
NODE_0104	0.002346830804087709	0.14635306271797552	0.000742746716827397	0.004506252530617414	0.0018477834978160611	0.8385172651012103	0.0017267756300928284	0.002106083297540686	0.0018531997038320923
NODE_0206	0.9989555159751097	1.7193070656329514e-05	6.922320328697628e-05	0.00020988242349211382	0.00017221145486335444	5.652688170087201e-05	0.00016093364793505523	0.00019628472121384496	0.0001622286217418034
AUS__SAMN45810575	1.0	0.0	0.0	0.0	0.0	0.0	0.0	0.0	0.0
NODE_0208	0.9999835622028588	2.6808694925630837e-07	1.07937888221978e-06	3.2726404575792112e-06	2.685247125679454e-06	1.0328458198681905e-06	2.509395300960053e-06	3.060615124993526e-06	2.52958748057051e-06
AUS__SAMN45810547	1.0	0.0	0.0	0.0	0.0	0.0	0.0	0.0	0.0
NODE_0213	1.646086777730791e-09	1.3240849872329674e-10	5.331066571678263e-10	1.6163727234644226e-09	1.3763419528967332e-07	0.9999997139439817	5.473822188967815e-09	1.5116418572198437e-09	1.3750838454642964e-07
NODE_0304	1.08929887539313e-09	8.754768688070567e-11	3.5248685051012334e-10	4.948993896945204e-08	8.769267691300628e-10	0.9999999454587385	8.19480112881493e-10	9.994883203699253e-10	8.260938438608846e-10
NODE_0340	1.3621744258262498e-11	1.095738171789136e-12	4.411690484569429e-12	1.3376097126592134e-11	0.999999999930778	3.4022663539361584e-12	1.0256523987562938e-11	1.271862045721911e-11	1.0339054433757726e-11
CHN__SAMN50152013	0.0	0.0	0.0	0.0	1.0	0.0	0.0	0.0	0.0
CHN__SAMN42391115	0.0	0.0	0.0	0.0	1.0	0.0	0.0	0.0	0.0
CHN__SAMN44583946	0.0	0.0	0.0	0.0	1.0	0.0	0.0	0.0	0.0
NODE_0628	3.2682705879028085e-10	2.6290090101556635e-11	1.0584986753736117e-10	0.9999999981710189	2.6333019594754206e-10	8.163071370272737e-11	4.76846881209701e-10	3.001408596184151e-10	2.480653495757719e-10
BEL__SAMEA117989572	0.0	0.0	0.0	1.0	0.0	0.0	0.0	0.0	0.0
BEL__SAMEA117989209	0.0	0.0	0.0	1.0	0.0	0.0	0.0	0.0	0.0
USA__SAMN18620814	0.0	0.0	0.0	0.0	0.0	0.0	0.0	0.0	1.0
NOR__SAMEA8914585	0.0	0.0	0.0	0.0	0.0	1.0	0.0	0.0	0.0
NODE_0714	2.1870741442884854e-05	1.7592905705655155e-06	7.0833029913790455e-06	2.184883703990964e-05	1.7621633456015943e-05	0.7434687346337948	1.646762553034035e-05	2.008495118639112e-05	0.25642452898398754
NODE_0085	0.0031089355840672995	0.00014341699452812784	3.8068163406732334e-05	0.02625085311060155	9.47048604073084e-05	0.9637879186239237	8.850286619049014e-05	0.00010794355774661728	0.006379656239128107
NODE_0103	5.609709232530972e-11	4.365895888934225e-12	7.1081272836439776e-12	4.019351363832759e-10	1.768339057922171e-11	0.9999999993876575	1.652533929568691e-11	2.015533399167445e-11	8.847196343894874e-11
ITA__SAMEA8914518	0.0	0.0	0.0	0.0	0.0	1.0	0.0	0.0	0.0
TUN__SAMEA4752845	0.0	1.0	0.0	0.0	0.0	0.0	0.0	0.0	0.0
AUS__SAMN08443746	1.0	0.0	0.0	0.0	0.0	0.0	0.0	0.0	0.0
AUS__SAMN45810539	1.0	0.0	0.0	0.0	0.0	0.0	0.0	0.0	0.0
AUS__SAMN45810571	1.0	0.0	0.0	0.0	0.0	0.0	0.0	0.0	0.0
AUS__SAMN45810522	1.0	0.0	0.0	0.0	0.0	0.0	0.0	0.0	0.0
NODE_0214	2.767311697186607e-06	2.2260358161984488e-07	8.962525246882896e-07	2.7174075022079266e-06	0.9998988027223121	8.786826202764088e-05	2.0836541357028262e-06	2.5413541788341876e-06	2.1004320399528525e-06
NODE_0241	2.054501889324964e-09	1.6525934552303117e-10	6.653716196997023e-10	2.0173915496777832e-09	1.2057770268582496e-07	0.9999995885457933	1.001556323600616e-08	1.886683607155929e-09	2.740717328964778e-07
NODE_0305	1.1624608059559254e-09	9.33471485932595e-11	3.75836799167221e-10	1.0422707824436305e-07	9.350059429917081e-10	0.9999998903860026	8.737649538253082e-10	1.0656978851529278e-09	8.808056730541532e-10
ITA__SAMEA8914531	0.0	0.0	0.0	0.0	0.0	1.0	0.0	0.0	0.0
NODE_0341	1.1979654945973478e-11	9.636478970895024e-13	3.879865069520661e-12	1.1763620360381101e-11	0.9999999999393054	2.992126131697465e-12	9.020112811197892e-12	1.1002744094315738e-11	9.09269049805618e-12
CHN__SAMN44584026	0.0	0.0	0.0	0.0	1.0	0.0	0.0	0.0	0.0
NODE_0629	5.384575578992492e-10	4.331372611996343e-11	1.7439088853013121e-10	0.9999999951052736	4.3384453770711126e-10	1.3448909313885158e-10	2.667044128261258e-09	4.944912299921208e-10	4.086952372499393e-10
BEL__SAMEA117989565	0.0	0.0	0.0	1.0	0.0	0.0	0.0	0.0	0.0
NOR__SAMEA10058004	0.0	0.0	0.0	0.0	0.0	1.0	0.0	0.0	0.0
USA__SAMN10182728	0.0	0.0	0.0	0.0	0.0	0.0	0.0	0.0	1.0
NODE_0086	0.19297742749189992	0.000291606522735212	0.0009599538720011499	0.013286011609516488	0.002388145087904249	0.3833412990873543	0.002231749940961249	0.0027219814917080996	0.4018018248959192
NODE_0102	0.00014909360165238489	1.0454123442552989e-05	3.430861431712429e-05	0.9854407370906647	8.535196444745795e-05	0.0139318444122338	7.976242423889037e-05	9.72832298521652e-05	0.00017116453915103904
ESP__SAMEA8914438	0.0	0.0	0.0	0.0	0.0	1.0	0.0	0.0	0.0
ESP__SAMN16378420	0.0	0.0	0.0	0.0	0.0	1.0	0.0	0.0	0.0
NODE_0215	1.4516543801096462e-07	1.1677161793219114e-08	4.7014902735209454e-08	1.425476033695612e-07	0.9999947031433016	4.59765378828127e-06	1.0930267283059308e-07	1.3331233803236677e-07	1.1018279325853581e-07
CHN__SAMN50151969	0.0	0.0	0.0	0.0	1.0	0.0	0.0	0.0	0.0
NODE_0242	1.034904584764009e-07	8.324553025518216e-09	3.35165391847276e-08	1.0162103706855761e-07	4.126936501691339e-07	0.9999847475954781	5.101610440054767e-07	9.503727417313708e-08	1.3987559965674346e-05
NODE_0303	2.3521318211338206e-06	1.8920635802479208e-07	7.617877252145648e-07	2.3097147540477985e-06	1.8958535435426172e-06	0.9999867732391048	1.771092990325847e-06	2.1600747172588905e-06	1.786898985497843e-06
NODE_0306	1.6894346726182067e-11	1.1114867124109535e-12	4.475097682197383e-12	8.624818092883587e-08	1.1133095897869217e-11	0.999999913684624	1.0403938722664871e-11	1.2689289995918162e-11	1.0487732013487886e-11
BEL__SAMEA117989522	0.0	0.0	0.0	1.0	0.0	0.0	0.0	0.0	0.0
NODE_0342	1.1939212665123547e-11	9.603947049841958e-13	3.866766980008982e-12	1.172390739364107e-11	0.9999999999395109	2.9820249721980847e-12	8.990291524656572e-12	1.0964355355617106e-11	9.061994359940158e-12
NODE_0572	3.925450004886326e-07	3.1576465761312416e-08	1.2713401533511867e-07	3.8546605732295944e-07	0.9999980112271145	9.804490689642125e-08	2.955676693940407e-07	3.604927765934507e-07	2.9794599361162424e-07
NODE_0630	1.0455028412305397e-09	8.41006371966951e-11	3.3860824640349014e-10	0.9999999787703582	8.42379664229739e-10	2.611324271122912e-10	1.690423464094712e-08	9.601350716244956e-10	7.935482109476706e-10
BEL__SAMEA117989548	0.0	0.0	0.0	1.0	0.0	0.0	0.0	0.0	0.0
NODE_0087	0.9807756908679022	2.845453362106661e-05	0.00010981715776893612	0.0005629959775783749	0.0002731999042274571	0.008567323612690896	0.0002553085525703649	0.00031139024450820116	0.009115819149132407
USA__SAMN11539680	0.0	0.0	0.0	0.0	0.0	0.0	0.0	0.0	1.0
BEL__SAMEA117989353	0.0	0.0	0.0	1.0	0.0	0.0	0.0	0.0	0.0
BEL__SAMEA117989425	0.0	0.0	0.0	1.0	0.0	0.0	0.0	0.0	0.0
NODE_0216	5.640841301085869e-09	4.537513679165516e-10	1.8269059559449586e-09	5.539117395780542e-09	0.9999997969497038	1.758806569768454e-07	4.247285261166913e-09	5.180253285303186e-09	4.281484630581293e-09
CHN__SAMN50151934	0.0	0.0	0.0	0.0	1.0	0.0	0.0	0.0	0.0
NODE_0243	4.8098908106703705e-06	3.6841365349821855e-07	1.4833169559747173e-06	4.497367107253809e-06	1.1605767459356052e-05	0.0006170964687534929	3.448757463624565e-06	4.20599511941456e-06	0.9993524840226767
NODE_0266	7.488279696405574e-07	6.023598775980374e-08	2.425237532746156e-07	7.353255028412092e-07	3.2778904883179424e-05	0.9998983133511918	6.519165101129134e-05	6.87684259595647e-07	1.241495440613962e-06
AUT__SAMN15396110	0.0	0.0	0.0	0.0	0.0	1.0	0.0	0.0	0.0
NOR__SAMEA8914600	0.0	0.0	0.0	0.0	0.0	1.0	0.0	0.0	0.0
NODE_0307	2.4716684699625726e-09	1.5265783998208486e-10	6.146350993177691e-10	1.4021200834302603e-06	1.5290712314831988e-09	0.999998588499697	1.428935156217882e-09	1.7428184971112166e-09	1.440433327758631e-09
ESP__SAMN16378570	0.0	0.0	0.0	0.0	0.0	1.0	0.0	0.0	0.0
NODE_0343	2.4774629902699998e-11	1.9928804389254912e-12	8.023788798866509e-12	2.432785769361953e-11	0.9999999998743765	6.187892545262095e-12	1.8760542286829955e-11	2.2751723109515416e-11	1.8804217894845887e-11
NODE_0571	1.7599389904992828e-09	1.4157014662350502e-10	5.699935302410977e-10	1.7282012073832364e-09	0.999999991083522	4.395752187700613e-10	1.3251501485432201e-09	1.6162358264940283e-09	1.335813143887768e-09
NODE_0573	6.106106361791497e-07	4.9117746558492857e-08	1.9775919165230737e-07	5.995992158719563e-07	0.99999690642888	1.525105730543699e-07	4.597606960170721e-07	5.60752839488751e-07	4.634602210695869e-07
CHN__SAMN44584033	0.0	0.0	0.0	0.0	1.0	0.0	0.0	0.0	0.0
NODE_0631	3.1425554628306542e-09	2.527883296222773e-10	1.0177831685683162e-09	0.9999998913869802	2.5320111158061304e-09	7.8490760902964e-10	9.561178124676834e-08	2.885958407188615e-09	2.3852343264777447e-09
BEL__SAMEA117989574	0.0	0.0	0.0	1.0	0.0	0.0	0.0	0.0	0.0
NODE_0088	0.9999958337671563	1.8533179035235875e-08	7.379315010700065e-08	2.63745471303152e-07	1.8358043452821448e-07	1.5321936604550583e-06	1.7155809439897079e-07	2.0924295913028113e-07	1.7135858949150623e-06
AUS__SAMN45810501	1.0	0.0	0.0	0.0	0.0	0.0	0.0	0.0	0.0
NODE_0217	1.894333814261431e-10	1.5238087228706254e-11	6.135199645382004e-11	1.8601718918115387e-10	0.999999994730902	4.356674735099982e-09	1.4263428144408911e-10	1.7396564949366556e-10	1.4378257578864037e-10
CHN__SAMN39683296	0.0	0.0	0.0	0.0	1.0	0.0	0.0	0.0	0.0
NODE_0244	4.6059985364066293e-07	1.841955773852418e-08	7.416131854961265e-08	2.248546228317247e-07	8.15791028357691e-06	3.0628946479018795e-05	1.7242724586467323e-07	2.1028691313250317e-07	0.9999600523937255
USA__SAMN45987639	0.0	0.0	0.0	0.0	0.0	0.0	0.0	0.0	1.0
NODE_0267	6.58438976732977e-07	5.2965065174500846e-08	2.1324936929359038e-07	6.46566570248939e-07	2.856946150231403e-05	0.9999024620358571	6.570625749730714e-05	6.046757591857323e-07	1.086349402537237e-06
NODE_0302	1.572864630518587e-06	1.2652181556406647e-07	5.094055351772994e-07	1.5445004448240694e-06	0.999924622648813	6.779710650992919e-05	1.1886487088082003e-06	1.4444365286383336e-06	1.1938670134256948e-06
NODE_0308	4.328925202355348e-06	7.419609561566341e-09	2.987303148208815e-08	9.979280317195497e-08	7.43172515637716e-08	0.9999952355065682	6.945035338986212e-08	8.470598553443821e-08	7.000919481469513e-08
NODE_0312	9.727439547516935e-07	7.820335023972912e-08	3.148644311174521e-07	0.0007025839309974055	7.833104970089362e-07	0.9992929042219386	7.320129536958821e-07	8.928086847675925e-07	7.379031924863425e-07
NODE_0344	6.558879678569292e-11	5.2759871949740575e-12	2.1242321481574198e-11	6.440600407613644e-11	0.9999999996677004	1.638193701689439e-11	4.938862803518032e-11	6.023331708604687e-11	4.978262161999633e-11
NODE_0557	2.8546359245697123e-07	2.2962797493531754e-08	9.245343258955468e-08	2.8031569719819493e-07	0.9999977635639699	7.129947218770443e-08	1.0051161989978343e-06	2.6215481774039966e-07	2.1667002149731455e-07
CHN__SAMN44583835	0.0	0.0	0.0	0.0	1.0	0.0	0.0	0.0	0.0
CHN__SAMN50152057	0.0	0.0	0.0	0.0	1.0	0.0	0.0	0.0	0.0
CHN__SAMN50151995	0.0	0.0	0.0	0.0	1.0	0.0	0.0	0.0	0.0
CHN__SAMN45156019	0.0	0.0	0.0	0.0	1.0	0.0	0.0	0.0	0.0
NODE_0632	4.4200724315801305e-10	3.5555226948394834e-11	1.4315341058970237e-10	0.9999999906673146	3.561328562630438e-10	1.1039895795138569e-10	7.504033022783442e-09	4.05916310632469e-10	3.354883824333959e-10
FRA__SAMEA115874208	0.0	0.0	0.0	0.0	0.0	0.0	1.0	0.0	0.0
NODE_0089	0.999999294873497	3.1678712806350196e-09	1.2615343772825843e-08	4.4995609534048945e-08	3.1384082237715487e-08	2.5850285768084517e-07	2.9328797248829506e-08	3.577123157968349e-08	2.893607094858549e-07
AUS__SAMN45810643	1.0	0.0	0.0	0.0	0.0	0.0	0.0	0.0	0.0
NODE_0218	2.7502696119759775e-11	2.2122764745487224e-12	8.907127015633068e-12	2.7006109448684864e-11	0.9999999998063882	6.11449757553059e-11	2.070774525044616e-11	2.525645824033654e-11	2.087438001648713e-11
CHN__SAMN41373923	0.0	0.0	0.0	0.0	1.0	0.0	0.0	0.0	0.0
NODE_0245	3.959661497033624e-07	1.2639094804939455e-08	5.088786328715462e-08	1.5429028946525448e-07	8.348768090260594e-06	2.0382199207816535e-05	1.1831550387546041e-07	1.4429424794282428e-07	0.9999703926395528
GTM__SAMN08395632	0.0	0.0	0.0	0.0	0.0	0.0	0.0	0.0	1.0
NODE_0268	1.181614923470623e-06	9.504953288074342e-08	3.82690984551591e-07	1.1603091824017024e-06	2.8813640201494418e-05	0.9998471424061454	0.00011865942044926567	1.0851331583479808e-06	1.4797354223485803e-06
IRL__SAMEA8914484	0.0	0.0	0.0	0.0	0.0	1.0	0.0	0.0	0.0
CHN__SAMN50151950	0.0	0.0	0.0	0.0	1.0	0.0	0.0	0.0	0.0
CHN__SAMN50151951	0.0	0.0	0.0	0.0	1.0	0.0	0.0	0.0	0.0
NODE_0309	0.9515304959200112	7.330107955846655e-05	0.00029512677711020414	0.0008948148651431889	0.0007342077402068147	0.04425743902315953	0.0006861258448912695	0.0008368419029622656	0.0006916468469568303
ESP__SAMN16378425	0.0	0.0	0.0	0.0	0.0	1.0	0.0	0.0	0.0
NODE_0313	4.8560015996436756e-05	3.906142804144045e-06	1.572701716895926e-05	0.03639593712913875	3.91252120491917e-05	0.9633787298380981	3.65629748961841e-05	4.4594486154258845e-05	3.685718369397798e-05
ESP__SAMN16378598	0.0	0.0	0.0	0.0	0.0	1.0	0.0	0.0	0.0
NODE_0345	6.5401127036626e-11	5.260890970596039e-12	2.118154065714359e-11	6.422171866131376e-11	0.9999999996686544	1.633506324942407e-11	4.9244036155615104e-11	6.006097241908911e-11	4.964017820978922e-11
NODE_0554	8.364424033158597e-06	6.728373785613419e-07	2.7089959418087524e-06	8.213584556740313e-06	0.9999576228465566	2.089159649345658e-06	6.298012493434172e-06	7.681449108949418e-06	6.348690281231962e-06
NODE_0558	1.823020756239436e-07	1.4664446730922865e-08	5.9042389660161976e-08	1.7901453908489778e-07	0.9999982714025347	4.553309813989464e-08	9.422549441916569e-07	1.6741668174758652e-07	1.383692901237442e-07
CHN__SAMN45156030	0.0	0.0	0.0	0.0	1.0	0.0	0.0	0.0	0.0
NODE_0633	3.213950543881736e-10	2.585313764819478e-11	1.0409059782281048e-10	0.9999999976890924	2.5895353634998807e-10	8.027397660200547e-11	9.812464145087244e-10	2.9515239117050214e-10	2.439423982023651e-10
BEL__SAMEA117989586	0.0	0.0	0.0	1.0	0.0	0.0	0.0	0.0	0.0
NODE_0090	0.9999999814710753	8.708885343977309e-11	3.470441878407982e-10	1.2264408936930622e-09	8.63366351916469e-10	6.6918980023842755e-09	8.068261003885886e-10	9.840554673093609e-10	7.522204847425123e-09
AUS__SAMN45810630	1.0	0.0	0.0	0.0	0.0	0.0	0.0	0.0	0.0
NODE_0219	1.0688882722643188e-10	8.594308140379062e-12	3.4602634480150555e-11	1.0491402360644814e-10	0.9999999994558997	2.94443782049025e-11	8.044597665477011e-11	9.811693391367196e-11	8.109329617559801e-11
CHN__SAMN50151947	0.0	0.0	0.0	0.0	1.0	0.0	0.0	0.0	0.0
NODE_0246	3.278163842102197e-07	6.526008777642758e-09	2.627519198270991e-08	7.966549811476326e-08	4.182179088786243e-06	1.0189990942876023e-05	6.109030787161864e-08	7.450419062211808e-08	0.9999850519523868
NODE_0265	0.0028741842354515056	0.0002311968149672794	0.0009308508318081925	0.0028223084054027005	0.7963265109008463	0.0007217131028216828	0.002164089684394923	0.002639458842372329	0.1912896871819353
NODE_0269	0.001844595046097118	0.0001483799112025425	0.0005974111874597413	0.0018113494496026364	0.0014931334291298174	0.24848459325444833	0.7425263455912064	0.001693979515718674	0.0014002126151345896
NODE_0300	3.17234430945921e-07	2.551845554448753e-08	1.0274309173942736e-07	3.1151359960570897e-07	2.74600564382232e-07	0.9999981167047903	3.191716620004335e-07	2.913314923482632e-07	2.41181912941918e-07
NODE_0310	0.9999958852900346	9.636866944611142e-09	3.8800212765412546e-08	1.176409723000448e-07	9.65260313312729e-08	3.560951286295498e-06	9.020472159897837e-08	1.1001930832533045e-07	9.093056578336405e-08
AUS__SAMN45810529	1.0	0.0	0.0	0.0	0.0	0.0	0.0	0.0	0.0
BEL__SAMEA117989286	0.0	0.0	0.0	1.0	0.0	0.0	0.0	0.0	0.0
NODE_0314	0.0027682736365570943	0.00022268095656778126	0.0008965640537837866	0.9008365752372209	0.0022304457573277176	0.08631769455520283	0.0020843780253522546	0.002542237530062621	0.0021011502479249267
NODE_0346	2.472957952115211e-11	1.989256569487057e-12	8.009198278311076e-12	2.4283619726164735e-11	0.9999999998747112	6.176640432869854e-12	1.8620195579456617e-11	2.2710396840975078e-11	1.877002426721457e-11
CHN__SAMN50152031	0.0	0.0	0.0	0.0	1.0	0.0	0.0	0.0	0.0
NODE_0555	1.492926230250554e-08	1.2009154093159101e-09	4.835157905835339e-09	1.4660036101144396e-08	0.9999999243630362	3.728841612195732e-09	1.1241022708302812e-08	1.3710252870519306e-08	1.1331475079472757e-08
NODE_0556	2.1045251678350307e-09	1.6928878682251232e-10	6.815950645852923e-10	2.066573304901384e-09	0.9999999893377254	5.256415796525628e-10	1.5846071106856195e-09	1.9326857307978257e-09	1.597357860705798e-09
NODE_0559	9.399584887345596e-08	7.56106102475792e-09	3.0442547165905e-08	9.230077882758574e-08	0.9999987010354545	2.3477089862248664e-08	8.935224651634149e-07	8.63208664113245e-08	7.134388809718309e-08
CHN__SAMN43024023	0.0	0.0	0.0	0.0	1.0	0.0	0.0	0.0	0.0
NODE_0634	1.4377027024765779e-13	1.156493398290335e-14	4.6563048108236215e-14	0.9999999999992578	1.158381854179347e-13	3.5909112951021075e-14	1.473113163395045e-13	1.320310890396419e-13	1.0912322400598309e-13
BEL__SAMEA117989564	0.0	0.0	0.0	1.0	0.0	0.0	0.0	0.0	0.0
NODE_0091	0.9999999970179819	2.8633263048017963e-11	1.149455455945788e-10	3.6491191677951446e-10	2.859581570476112e-10	6.934371553802314e-10	2.672312908003524e-10	3.2593196067900043e-10	9.009688094862472e-10
AUS__SAMN45810557	1.0	0.0	0.0	0.0	0.0	0.0	0.0	0.0	0.0
NODE_0220	2.010005235507923e-11	1.5410350742176584e-12	6.204556844280593e-12	1.8812007611784916e-11	0.9999999999019734	4.8101569250911e-12	1.4424671487534282e-11	1.7593229619644012e-11	1.4540741511651318e-11
CHN__SAMN50151967	0.0	0.0	0.0	0.0	1.0	0.0	0.0	0.0	0.0
AUS__SAMN45810513	1.0	0.0	0.0	0.0	0.0	0.0	0.0	0.0	0.0
NODE_0247	3.186861040677112e-11	6.49564574114146e-13	2.615294350888273e-12	7.92948448549213e-12	1.3268677109045357e-08	9.829060926872507e-10	6.080764004529299e-12	7.415755096280459e-12	0.9999999856918573
CHN__SAMN41373949	0.0	0.0	0.0	0.0	1.0	0.0	0.0	0.0	0.0
CHN__SAMN45156025	0.0	0.0	0.0	0.0	1.0	0.0	0.0	0.0	0.0
NODE_0270	5.126859992455004e-07	4.1240652041176495e-08	1.6604422194256628e-07	6.667579593961921e-07	4.1330140097067834e-07	8.075253302427007e-06	0.9999892647535186	4.7082397615609594e-07	3.8913896933914783e-07
NODE_0298	0.0006570394899772905	5.285250081708209e-05	0.00021279615965162348	0.0006451913489360573	0.0005295906664291805	0.007435428424739764	0.9893650062682998	0.0006033906680024176	0.0004987044731469418
NODE_0301	3.201576589811612e-06	2.5753601101631195e-07	1.0368984110314226e-06	3.1438410979642184e-06	2.580666576053713e-06	0.9999819939770298	2.4152889140702023e-06	2.9401603201259753e-06	2.430055050056311e-06
SWE__SAMEA8914634	0.0	0.0	0.0	0.0	0.0	1.0	0.0	0.0	0.0
NODE_0311	0.9999996996420669	7.177097946911031e-10	2.8896624699594237e-09	8.761361760129024e-09	7.188817540731364e-09	2.591165182027856e-07	6.718035290004021e-09	8.193735126164105e-09	6.772092846629775e-09
AUS__SAMN45810505	1.0	0.0	0.0	0.0	0.0	0.0	0.0	0.0	0.0
BEL__SAMEA117989517	0.0	0.0	0.0	1.0	0.0	0.0	0.0	0.0	0.0
BEL__SAMEA117989521	0.0	0.0	0.0	1.0	0.0	0.0	0.0	0.0	0.0
NODE_0347	1.1893133833899081e-11	9.566881066714687e-13	3.851843374235826e-12	1.1678659523012134e-11	0.9999999999397413	2.9705159867017084e-12	8.954962737160122e-12	1.0925740131155605e-11	9.027028924673173e-12
NODE_0539	1.1095598053093752e-08	8.925340319929648e-10	3.593544514077126e-09	1.0895506068966498e-08	0.9999999437857454	2.771317624021536e-09	8.35445631202383e-09	1.0189616337042118e-08	8.42168154613895e-09
CHN__SAMN44583886	0.0	0.0	0.0	0.0	1.0	0.0	0.0	0.0	0.0
CHN__SAMN44584094	0.0	0.0	0.0	0.0	1.0	0.0	0.0	0.0	0.0
CHN__SAMN44590219	0.0	0.0	0.0	0.0	1.0	0.0	0.0	0.0	0.0
CHN__SAMN44590233	0.0	0.0	0.0	0.0	1.0	0.0	0.0	0.0	0.0
NODE_0560	1.773752380714748e-09	1.4268130086733213e-10	5.744672893293449e-10	1.7417654944280108e-09	0.9999999758223869	4.430253520182562e-10	1.652670243215622e-08	1.6289213208614868e-09	1.3462976597210268e-09
FRA__SAMEA117615784	0.0	0.0	0.0	0.0	0.0	0.0	1.0	0.0	0.0
NODE_0635	2.0597728980179232e-10	1.6568889760252e-11	6.671010938300172e-11	0.9999999989927458	1.6595945355630577e-10	5.144639258239316e-11	1.5509417059540189e-10	1.891587589222579e-10	1.5633903933315073e-10
BEL__SAMEA117989542	0.0	0.0	0.0	1.0	0.0	0.0	0.0	0.0	0.0
NODE_0092	0.9999999998843263	1.7507509099936047e-12	7.046306819197778e-12	2.1490808633541188e-11	1.7529595440928883e-11	1.0104111280210501e-11	1.6381614935441814e-11	1.9980039985431665e-11	2.1390384388110518e-11
AUS__SAMN45810638	1.0	0.0	0.0	0.0	0.0	0.0	0.0	0.0	0.0
NODE_0221	1.4425316228407938e-10	3.5623160802884054e-12	1.4342692770094882e-11	4.348656194732663e-11	0.9999999996756668	1.106153946434161e-11	3.3344626642343543e-11	4.066918776010425e-11	3.361293857664565e-11
NODE_0240	2.2062375344830154e-05	1.7747056491457335e-06	7.145367594946346e-06	2.1664514156081844e-05	0.999888224144168	5.510459964588903e-06	1.661191649956777e-05	2.026093014693468e-05	1.6745586475695143e-05
NODE_0248	2.914359947363346e-09	2.332672836661904e-10	9.391870085452592e-10	2.847583412815278e-09	1.3799730877908578e-07	1.3213043456506762e-09	2.183570479986938e-09	2.663096351894115e-09	0.9999998489003223
MEX__SAMN07362435	0.0	0.0	0.0	0.0	0.0	0.0	0.0	0.0	1.0
NODE_0271	1.3546382194138817e-08	1.089675697376765e-09	4.387281587109617e-09	1.7738795740163904e-07	1.0920374435878509e-08	2.123839784180945e-07	0.9999995575620932	1.2440284514356918e-08	1.0281972596514365e-08
FRA__SAMEA115874200	0.0	0.0	0.0	0.0	0.0	0.0	1.0	0.0	0.0
FRA__SAMEA115874229	0.0	0.0	0.0	0.0	0.0	0.0	1.0	0.0	0.0
NODE_0299	0.0001163976209224496	9.363067895852167e-06	3.769783567461372e-05	0.00011429863291038133	9.380684816580152e-05	0.0008644396309228741	0.9985687553148537	0.00010689348100637586	8.834756764791881e-05
IRL__SAMEA8914500	0.0	0.0	0.0	0.0	0.0	1.0	0.0	0.0	0.0
ITA__SAMEA8914529	0.0	0.0	0.0	0.0	0.0	1.0	0.0	0.0	0.0
AUS__SAMN45810549	1.0	0.0	0.0	0.0	0.0	0.0	0.0	0.0	0.0
AUS__SAMN45810523	1.0	0.0	0.0	0.0	0.0	0.0	0.0	0.0	0.0
NODE_0348	2.6287664573372635e-08	2.114589510279609e-09	8.513817133922151e-09	2.5813607119471697e-08	0.9999998668173219	6.565799137455344e-09	1.9793358066188374e-08	2.4141214844152032e-08	1.995262793130746e-08
NODE_0404	1.1758308194854687e-11	9.45842682147572e-13	3.8081772344543986e-12	1.1546265256255968e-11	0.9999999999398053	2.9368409501813004e-12	8.853445451759737e-12	1.1419502908899265e-11	8.926177968730026e-12
NODE_0540	8.179955623776964e-11	6.579986711376496e-12	2.649251939062619e-11	8.032442750383172e-11	0.9999999995855743	2.0430854718611922e-11	6.159116576333035e-11	7.512042979699819e-11	6.208676719844706e-11
CHN__SAMN44583871	0.0	0.0	0.0	0.0	1.0	0.0	0.0	0.0	0.0
NODE_0561	7.62083635343223e-11	6.13022909187927e-12	2.4681693171933184e-11	7.483406333043001e-11	0.9999999993079731	1.903435758486402e-11	3.633092847541616e-10	6.998577114749096e-11	5.784299014504166e-11
CHN__SAMN42391149	0.0	0.0	0.0	0.0	1.0	0.0	0.0	0.0	0.0
NODE_0636	2.0459486260976398e-11	1.6457686803031165e-12	6.626238104711096e-12	0.9999999998999508	1.648456081338751e-11	5.1101107468164774e-12	1.540509727188433e-11	1.8788921016668347e-11	1.552897618164026e-11
BEL__SAMEA117989555	0.0	0.0	0.0	1.0	0.0	0.0	0.0	0.0	0.0
NODE_0093	0.9999999314966493	1.1310245240554568e-09	4.553761344014924e-09	1.380685122524949e-08	1.1328713912603893e-08	3.511831654561235e-09	1.0586817571042465e-08	1.2912343454821209e-08	1.06720070463621e-08
NODE_0098	0.9999999993354133	1.096431897367901e-11	4.41446988206919e-11	1.3385187972392644e-10	1.0982188698908812e-10	3.428888025003295e-11	1.026298564718556e-10	1.251737782946385e-10	1.0371130839292815e-10
NODE_0222	5.888389578210525e-09	3.3598352428101456e-11	1.3527458978839874e-10	4.1014800519173946e-10	0.9999999924131735	1.0432295858858822e-10	3.1449329376245153e-10	3.83575649249515e-10	3.170239055115989e-10
CHN__SAMN41373953	0.0	0.0	0.0	0.0	1.0	0.0	0.0	0.0	0.0
CHN__SAMN50151961	0.0	0.0	0.0	0.0	1.0	0.0	0.0	0.0	0.0
CHN__SAMN45156016	0.0	0.0	0.0	0.0	1.0	0.0	0.0	0.0	0.0
NODE_0249	1.672315820992891e-07	1.34510214120996e-08	5.415686402035758e-08	1.6420178970888217e-07	7.32318358708682e-06	4.23543785691245e-08	1.2591250607642122e-07	1.535636094732988e-07	0.9999919559446616
GTM__SAMN08395634	0.0	0.0	0.0	0.0	0.0	0.0	0.0	0.0	1.0
NODE_0272	5.269637638512326e-09	4.238912235404024e-10	1.706682239911565e-09	2.0240949059421376e-07	4.247718816960743e-09	6.895437630244089e-08	0.9999997081490993	4.839354906497048e-09	3.999748984575679e-09
FRA__SAMEA115874196	0.0	0.0	0.0	0.0	0.0	0.0	1.0	0.0	0.0
FRA__SAMEA117615782	0.0	0.0	0.0	0.0	0.0	0.0	1.0	0.0	0.0
FRA__SAMN42490576	0.0	0.0	0.0	0.0	0.0	0.0	1.0	0.0	0.0
NODE_0349	2.0637216119729097e-08	1.6600653362092715e-09	6.683799685065061e-09	2.0265055781863563e-08	0.9999998954445077	5.1545018546701795e-09	1.553883978574819e-08	1.8952138815259462e-08	1.566387510863186e-08
CHN__SAMN45156066	0.0	0.0	0.0	0.0	1.0	0.0	0.0	0.0	0.0
NODE_0405	2.8720409505895626e-12	2.3102804169838024e-13	9.301713123357291e-13	2.8202481252232947e-12	0.9999999998806498	7.173419283209472e-13	2.1625099010642347e-12	1.0743693261870699e-10	2.179912982694884e-12
NODE_0526	3.955697017893891e-09	3.181977385832715e-10	1.2811362893629983e-09	3.884362128045754e-09	0.9999999743910952	9.880037838899665e-10	2.978451252601236e-09	3.632894287401678e-09	8.570162262977502e-09
NODE_0541	1.1581966737942807e-10	9.316577098016075e-12	3.75106531745292e-11	1.1373103845325255e-10	0.9999999994132163	2.892796619713754e-11	8.72066874236447e-11	1.0636271873158162e-10	8.790840753079605e-11
NODE_0552	3.188818951662964e-08	2.5650978186162376e-09	1.032766579620153e-08	3.131313524014301e-08	0.9999998384430661	7.964627159590939e-09	2.401028632358699e-08	2.9284443731868903e-08	2.420348825785922e-08
NODE_0562	1.2246970952907723e-11	9.851508960575261e-13	3.966441022042275e-12	1.2026115735749521e-11	0.9999999999361306	3.0588929303553436e-12	1.1042981853110639e-11	1.1246976927593349e-11	9.295586301582331e-12
NODE_0570	0.00011559968805038311	9.298881879014116e-06	3.7439408208073536e-05	0.00011351502611185485	0.9994143305922352	2.8873022552947692e-05	8.704123894086917e-05	0.00010616070123290093	8.774144078893309e-05
NODE_0637	1.3578349347267126e-10	1.0922474690173395e-11	4.3976361232272024e-11	0.9999999993359973	1.0940310167385574e-10	3.3914277239621586e-11	1.0224543070052616e-10	1.2469645140070926e-10	1.0306117216730098e-10
BEL__SAMEA117989539	0.0	0.0	0.0	1.0	0.0	0.0	0.0	0.0	0.0
NODE_0094	0.9999998962992062	1.7121519129536427e-09	6.8935120600854546e-09	2.090089667368287e-08	1.7149477120586122e-08	5.316231606288046e-09	1.6026389854581423e-08	1.954678530678056e-08	1.6155349319102143e-08
AUS__SAMN45810545	1.0	0.0	0.0	0.0	0.0	0.0	0.0	0.0	0.0
NODE_0099	0.99999999572122	7.064265802337354e-11	2.8442333371430837e-10	8.623636818849157e-10	7.075800276519567e-10	2.1940817920627678e-10	6.612419315603129e-10	8.064919292073405e-10	6.666282804327419e-10
AUS__SAMN45810558	1.0	0.0	0.0	0.0	0.0	0.0	0.0	0.0	0.0
NODE_0223	3.1766927160420794e-07	1.6611966999305853e-09	6.688354812094867e-09	2.0278866773769672e-08	0.9999995983552602	5.1580148246903804e-09	1.5549429778334102e-08	1.8965055029724622e-08	1.567455031498731e-08
NODE_0239	5.443364060481197e-09	4.3786064627748885e-10	1.762926305283058e-09	5.345133247440785e-09	0.9999999724222596	1.3595570391705817e-09	4.098541354116797e-09	4.998836833922411e-09	4.131520807449355e-09
NODE_0250	6.35166684076211e-06	5.1093044148298e-07	2.0571218791135567e-06	6.237124329665248e-06	0.9996943619456886	1.586438869216864e-06	5.5982089817406646e-06	5.833038278664478e-06	0.0002774635246908749
NODE_0263	3.28162024520911e-07	2.6396339278430856e-08	1.0627765082964529e-07	3.2223026181360123e-07	7.369938566027164e-06	8.254278967610603e-08	2.4708551282774595e-07	3.013538535319996e-07	0.9999912160130016
NODE_0273	7.235490691178151e-09	5.820247647421429e-10	2.3433637546860998e-09	4.128521964109657e-07	5.831009616768955e-09	4.695193705367806e-08	0.9999995120674547	6.644686768507093e-09	5.4918362040053925e-09
FRA__SAMEA115874187	0.0	0.0	0.0	0.0	0.0	0.0	1.0	0.0	0.0
NODE_0350	8.141508559706334e-07	6.549059750117582e-08	2.6368000427779605e-07	7.994689019767571e-07	0.9999958752215798	2.0334826522798618e-07	6.130167770218011e-07	7.476735208968845e-07	6.179494973314462e-07
CHN__SAMN44584040	0.0	0.0	0.0	0.0	1.0	0.0	0.0	0.0	0.0
NODE_0406	4.006627814499255e-09	3.222946307948746e-10	1.2976313069242871e-09	3.934374466349259e-09	0.9999999796307482	1.0007246317038926e-09	3.0167997141388663e-09	3.749724439787582e-09	3.0410747922033876e-09
NODE_0472	2.16091300429702e-08	1.7382464534874528e-09	6.998574601235029e-09	2.121944273770988e-08	0.9999990284126473	5.397254176052168e-09	1.627064463050695e-08	8.819524916221862e-07	1.6401568519524804e-08
CHN__SAMN42391124	0.0	0.0	0.0	0.0	1.0	0.0	0.0	0.0	0.0
NODE_0527	6.434098075176581e-10	5.1756124093503206e-11	2.0838189821267166e-10	6.318069047829789e-10	0.9999999880759236	1.6070273368859244e-10	4.844569082182153e-10	5.911682918130171e-10	9.152393722425217e-09
NODE_0542	7.318757438554753e-09	5.887235689824229e-10	2.370334660405832e-09	7.186774945117349e-09	0.9999999629205661	1.8279863219946186e-09	5.51067540353586e-09	6.721163654800228e-09	5.5550177796641954e-09
CHN__SAMN44584067	0.0	0.0	0.0	0.0	1.0	0.0	0.0	0.0	0.0
CHN__SAMN39683447	0.0	0.0	0.0	0.0	1.0	0.0	0.0	0.0	0.0
NODE_0553	1.5635971627306234e-08	1.2577633701101876e-09	5.064040693859222e-09	1.5354001014123037e-08	0.9999999207825948	3.9053544957292555e-09	1.1773141135006129e-08	1.4359257714338313e-08	1.1867875267247968e-08
NODE_0563	2.231411988140268e-13	1.794956098159086e-14	7.226900497167495e-14	2.191171917260282e-13	0.9999999999988692	5.573337588109373e-14	1.6821984358390633e-13	2.049211943350797e-13	1.6936663596167475e-13
NODE_0569	2.620449138006658e-07	2.1078990276918327e-08	8.48687973306348e-08	2.573193382632381e-07	0.9999986723870565	6.545025193108022e-08	1.9730733689430454e-07	2.4064832935768084e-07	1.9889498558388271e-07
CHN__SAMN43024014	0.0	0.0	0.0	0.0	1.0	0.0	0.0	0.0	0.0
CHN__SAMN43024018	0.0	0.0	0.0	0.0	1.0	0.0	0.0	0.0	0.0
NODE_0638	4.342021280493529e-10	3.492738058763384e-11	1.4062555869327883e-10	0.9999999978765545	3.4984414045547205e-10	1.0844949538482169e-10	3.2708409778090456e-10	3.9874850155691395e-10	3.2956421380710315e-10
BEL__SAMEA117989583	0.0	0.0	0.0	1.0	0.0	0.0	0.0	0.0	0.0
NODE_0095	0.9999988619151038	1.879035052662394e-08	7.565421444077308e-08	2.2938103297219214e-07	1.8821033579389583e-07	5.834402780976137e-08	1.758847919901808e-07	2.1452006964481863e-07	1.7730007310205414e-07
AUS__SAMN45810634	1.0	0.0	0.0	0.0	0.0	0.0	0.0	0.0	0.0
AUS__SAMN45810543	1.0	0.0	0.0	0.0	0.0	0.0	0.0	0.0	0.0
NODE_0100	0.9999999489016176	8.436581253536505e-10	3.396758996693024e-09	1.0298860363110278e-08	8.450357407108091e-09	2.619608181044198e-09	7.89695926380731e-09	9.631624383697793e-09	7.960555652404795e-09
NODE_0224	5.60142290588276e-06	7.642754144910155e-09	3.077146220246153e-08	9.329803815272764e-08	0.9999940122267857	2.373074695059345e-08	7.153907113728205e-08	8.725351606040015e-08	7.211471970446235e-08
NODE_0238	0.024564043737658612	4.576211554042957e-05	0.00018424865983616767	0.0005586357379406085	0.9731226269160494	0.00014209134079351803	0.0004283507197754836	0.0005224432720924211	0.0004317975003133012
CHN__SAMN50151966	0.0	0.0	0.0	0.0	1.0	0.0	0.0	0.0	0.0
CHN__SAMN44583822	0.0	0.0	0.0	0.0	1.0	0.0	0.0	0.0	0.0
NODE_0251	4.458656855755854e-06	3.5865601468855277e-07	1.4440304882794352e-06	4.378251858906447e-06	0.9997858558100083	1.1136268188159736e-06	4.175639725981981e-06	4.094597018880637e-06	0.00019412073121023068
CHN__SAMN50151973	0.0	0.0	0.0	0.0	1.0	0.0	0.0	0.0	0.0
MEX__SAMN07362434	0.0	0.0	0.0	0.0	0.0	0.0	0.0	0.0	1.0
NODE_0264	1.0684855440621956e-10	8.594937409152012e-12	3.460516805900118e-11	1.0492170533228597e-10	8.625509821460562e-11	2.6687288953731768e-11	8.045186697164804e-11	9.812411796171877e-11	0.9999999994535111
NODE_0274	5.530260041132842e-09	4.44854967473246e-10	1.7910870293134571e-09	3.610952846565678e-07	4.456448505969059e-09	2.4159180897272912e-08	0.999999593246666	5.078687550487331e-09	4.197530388442166e-09
BEL__SAMEA117989575	0.0	0.0	0.0	1.0	0.0	0.0	0.0	0.0	0.0
NODE_0351	5.378885024218136e-07	4.32679510858217e-08	1.742065878570752e-07	5.281885135457017e-07	0.9999972748651295	1.3434696168580893e-07	4.0500439675145306e-07	4.93968639234794e-07	4.08263317853606e-07
CHN__SAMN44584039	0.0	0.0	0.0	0.0	1.0	0.0	0.0	0.0	0.0
NODE_0407	9.92442219353479e-07	7.983242104850991e-08	3.2142343980294225e-07	9.745450558250361e-07	0.9999949719312397	2.4787961857995256e-07	7.472616729735118e-07	9.114097204027376e-07	7.532746125395446e-07
NODE_0417	1.7830359407338987e-05	1.4342807388628004e-06	5.774739669341291e-06	1.7508816397719805e-05	0.9999096650378764	4.453440817858293e-06	1.3425410508157275e-05	1.637447474044306e-05	1.3533439843735387e-05
NODE_0473	1.6283286428604653e-08	1.3098336133550307e-09	5.273687307043651e-09	1.5989642492151545e-08	0.99999981507178	4.06703256919084e-09	1.2260538317356838e-08	1.1738500496330577e-07	1.2359194355282638e-08
NODE_0498	0.0003296359960453087	2.65160420585264e-05	0.00010675960138089945	0.0003236915196707271	0.9766206418319218	8.233229439106633e-05	0.00024820018845789823	0.0220120251620782	0.00025019736399552346
CHN__SAMN42391144	0.0	0.0	0.0	0.0	1.0	0.0	0.0	0.0	0.0
NODE_0528	2.7215812661955773e-09	2.18925008754869e-10	8.81441755726293e-10	2.672501748993276e-09	0.9999999190668372	6.797620184260041e-10	2.0492209324141203e-09	2.501639252037427e-09	6.920809084332946e-08
NODE_0543	7.320566914088165e-09	5.888691238669728e-10	2.3709206973950554e-09	7.188551789552557e-09	0.9999999629113987	1.8284382698222152e-09	5.512037852339406e-09	6.722825382394226e-09	5.556391191591656e-09
NODE_0549	6.599081453069061e-08	5.308325651825033e-09	2.137252344591953e-08	6.480077205164301e-08	0.9999996656670127	1.6482347905658658e-08	4.96879369956803e-08	6.060250908683318e-08	5.0087757531270146e-08
CHN__SAMN43024025	0.0	0.0	0.0	0.0	1.0	0.0	0.0	0.0	0.0
CHN__SAMN44590275	0.0	0.0	0.0	0.0	1.0	0.0	0.0	0.0	0.0
NODE_0564	3.5845573500605007e-09	2.883431257378206e-10	1.1609348445272096e-09	3.51991539124409e-09	0.9999999818393546	8.95305229245285e-10	2.6990009105245078e-09	3.2918697992170815e-09	2.7207186437024818e-09
CHN__SAMN44584022	0.0	0.0	0.0	0.0	1.0	0.0	0.0	0.0	0.0
CHN__SAMN42391145	0.0	0.0	0.0	0.0	1.0	0.0	0.0	0.0	0.0
CHN__SAMN42391150	0.0	0.0	0.0	0.0	1.0	0.0	0.0	0.0	0.0
NODE_0639	5.5111354435617984e-08	4.4331778375209195e-09	1.7848979788904193e-08	0.9999997304994286	4.440416841917036e-08	1.3765014476938449e-08	4.1496366496218656e-08	5.06113825344422e-08	4.183012708393407e-08
NODE_0668	5.3343240881895614e-09	4.2909501259929937e-10	1.7276338753167247e-09	0.9999999551976888	4.2979568845675496e-09	1.3323397519541915e-09	2.2733386850790633e-08	4.8987639617067255e-09	4.048810935621819e-09
NODE_0096	0.9999568659165374	7.121652803312324e-07	2.8673389971870918e-06	8.693675373532239e-06	7.133281859902167e-06	2.2112727612159118e-06	6.666136537316108e-06	8.130436168277447e-06	6.719776484729914e-06
NODE_0097	0.9993946262187853	9.995023749528264e-06	4.0242233321889396e-05	0.00012201309756143979	0.00010011344777809461	3.1034542636182835e-05	9.355720483466183e-05	0.00011410820611498162	9.431002521801624e-05
NODE_0101	0.999934133084701	1.0874956979162829e-06	4.37850441467522e-06	1.3275478079178856e-05	1.0892714863971265e-05	3.3766734785600437e-06	1.0179371286792386e-05	1.2415396536984725e-05	1.026128094084428e-05
AUS__SAMN45810546	1.0	0.0	0.0	0.0	0.0	0.0	0.0	0.0	0.0
NODE_0225	1.184441239667244e-05	1.586738200646497e-08	6.388568000569836e-08	1.936992324696159e-07	0.9999873534725784	4.926821143566919e-08	1.4852470046794514e-07	1.8114999442440798e-07	1.4971982405084973e-07
CHN__SAMN50151940	0.0	0.0	0.0	0.0	1.0	0.0	0.0	0.0	0.0
CHN__SAMN50151943	0.0	0.0	0.0	0.0	1.0	0.0	0.0	0.0	0.0
AUS__SAMN45810507	1.0	0.0	0.0	0.0	0.0	0.0	0.0	0.0	0.0
NODE_0252	3.975068838436984e-06	3.197560148346905e-07	1.287410263098431e-06	3.903384605336117e-06	0.9998100435917052	9.928423302307918e-07	3.816633026317977e-06	3.650495102523829e-06	0.000172010818113966
CHN__SAMN45156026	0.0	0.0	0.0	0.0	1.0	0.0	0.0	0.0	0.0
USA__SAMN45987611	0.0	0.0	0.0	0.0	0.0	0.0	0.0	0.0	1.0
USA__SAMN45987613	0.0	0.0	0.0	0.0	0.0	0.0	0.0	0.0	1.0
NODE_0275	1.3777227483275484e-10	1.1080833786591903e-11	4.4613950883524033e-11	6.7900842417201656e-09	1.1100105426490279e-10	4.56994486183121e-10	0.9999999922173931	1.2650440717641252e-10	1.0455564712453868e-10
BEL__SAMEA117989558	0.0	0.0	0.0	1.0	0.0	0.0	0.0	0.0	0.0
NODE_0352	1.0801172498752554e-08	8.688503309540071e-10	3.498188560252544e-09	1.0606390025033302e-08	0.9999999452773964	2.6977797467657384e-09	8.132781803170827e-09	9.919231323005534e-09	8.198209296527639e-09
CHN__SAMN44590312	0.0	0.0	0.0	0.0	1.0	0.0	0.0	0.0	0.0
NODE_0408	1.3156610869773676e-11	1.0583226691135752e-12	4.261047181836229e-12	1.2919351700801782e-11	0.9999999998789136	3.2860912409881993e-12	9.90630069689417e-12	6.65124962406426e-11	9.986013051437902e-12
NODE_0415	0.00014969577239024942	1.2041583577959259e-05	4.848214752187507e-05	0.00014699624020012334	0.99924158786054	3.738910965244834e-05	0.00011271377933344278	0.00013747276116566397	0.00011362074561834597
NODE_0418	1.3097209265600413e-07	1.0535443819923297e-08	4.241808713771437e-08	1.2861021312869635e-07	0.999999336448684	3.27125466239615e-08	9.86157412113368e-08	1.202779257289267e-07	9.940926577389157e-08
CHN__SAMN45156028	0.0	0.0	0.0	0.0	1.0	0.0	0.0	0.0	0.0
NODE_0474	1.484097753206515e-08	1.1938137495633003e-09	4.806565012421686e-09	1.4573343410265748e-08	0.9999997860158406	3.7067909630028363e-09	1.1174548485450248e-08	1.52423654311195e-07	1.1264465963023192e-08
CHN__SAMN42391140	0.0	0.0	0.0	0.0	1.0	0.0	0.0	0.0	0.0
CHN__SAMN50152069	0.0	0.0	0.0	0.0	1.0	0.0	0.0	0.0	0.0
NODE_0499	7.185757027714043e-07	5.780249664937287e-08	2.3272596594496308e-07	7.05617299139157e-07	4.678657258275613e-05	1.7947671678038092e-07	5.410532435438697e-07	0.9999502327690927	5.454068997972001e-07
NODE_0529	8.631965245953881e-10	6.943584931725415e-11	2.795644832019933e-10	8.47630107672969e-10	0.999999984249365	2.155982697064563e-10	6.49945827067166e-10	7.969864572202669e-10	1.2028277550487703e-08
USA__SAMN46491808	0.0	0.0	0.0	0.0	0.0	0.0	0.0	0.0	1.0
NODE_0544	1.1153361672533748e-10	8.971805590133728e-12	3.6122524860817495e-11	1.095222801069171e-10	0.9999999994349309	2.7857450875809875e-11	8.39794956337676e-11	1.0242663420893327e-10	8.465524771672845e-11
CHN__SAMN42391126	0.0	0.0	0.0	0.0	1.0	0.0	0.0	0.0	0.0
NODE_0550	6.473303470218389e-08	5.207149374861439e-09	2.0965164799633045e-08	6.356567434088036e-08	0.9999996720393737	1.6168195627502947e-08	4.8740888753925164e-08	5.9447429943949376e-08	4.9133088740984676e-08
CHN__SAMN50152047	0.0	0.0	0.0	0.0	1.0	0.0	0.0	0.0	0.0
NODE_0565	2.359034999642349e-08	1.8976165230284647e-09	7.640234659651387e-09	2.316493444744147e-08	0.9999998804828789	5.8920981446057424e-09	1.7762408793845897e-08	2.166414235355352e-08	1.7905336357821943e-08
CHN__SAMN44583818	0.0	0.0	0.0	0.0	1.0	0.0	0.0	0.0	0.0
NODE_0640	1.3225778449684939e-07	1.0638865349535225e-08	4.28344856805739e-08	0.9999993532452655	1.0656237716685299e-07	3.303367041021849e-08	9.958380648069233e-08	1.214586248673604e-07	1.003851200900129e-07
BEL__SAMEA117989598	0.0	0.0	0.0	1.0	0.0	0.0	0.0	0.0	0.0
NODE_0669	5.066449866918092e-09	4.0754711066248244e-10	1.6408771332550052e-09	0.9999999396600932	4.082126006188611e-09	1.26543352960562e-09	3.93792195473718e-08	4.652762301563819e-09	3.845491441244565e-09
BEL__SAMEA117989532	0.0	0.0	0.0	1.0	0.0	0.0	0.0	0.0	0.0
AUS__SAMN45810504	1.0	0.0	0.0	0.0	0.0	0.0	0.0	0.0	0.0
AUS__SAMN45810646	1.0	0.0	0.0	0.0	0.0	0.0	0.0	0.0	0.0
AUS__SAMN45810596	1.0	0.0	0.0	0.0	0.0	0.0	0.0	0.0	0.0
AUS__SAMN45810598	1.0	0.0	0.0	0.0	0.0	0.0	0.0	0.0	0.0
AUS__SAMN45811366	1.0	0.0	0.0	0.0	0.0	0.0	0.0	0.0	0.0
AUS__SAMN45810532	1.0	0.0	0.0	0.0	0.0	0.0	0.0	0.0	0.0
NODE_0226	0.02942297178974179	1.8272751725228507e-05	7.357024423221749e-05	0.0002230625053863646	0.9696533188864153	5.673688294262669e-05	0.0001710398713290525	0.00020861090202498885	0.0001724161662025536
CHN__SAMN42391109	0.0	0.0	0.0	0.0	1.0	0.0	0.0	0.0	0.0
NODE_0253	1.8995643857921508e-08	1.5280166532232193e-09	6.152141727691647e-09	1.865308674169042e-08	0.9999998868413732	4.7444907845940236e-09	1.4384873965539587e-08	1.7444604793595433e-08	3.1255768298204174e-08
NODE_0256	1.4773180823475212e-05	1.1883601571185587e-06	4.78460761190884e-06	1.4506769310624219e-05	0.9997513853295407	3.689857563578228e-06	0.0001818623983030897	1.3566915811852628e-05	1.4242580877459018e-05
NODE_0276	6.613266981979024e-11	5.295764561306005e-12	2.132194964558534e-11	3.5094721755503137e-10	5.304450111044363e-11	3.008779701759427e-11	0.9999999993627411	6.045982894700332e-11	4.996924282780216e-11
FRA__SAMEA115874245	0.0	0.0	0.0	0.0	0.0	0.0	1.0	0.0	0.0
NODE_0353	1.0985044570435112e-08	8.836410687515045e-10	3.5577394264000983e-09	1.0786946247721286e-08	0.9999999443458275	2.7437049785901862e-09	8.27123618740384e-09	1.0088089807093598e-08	8.337770231010802e-09
NODE_0403	3.3482818642660925e-06	2.6933703782907733e-07	1.0844120224382584e-06	3.287900769129779e-06	0.9999830364106636	8.362913379008954e-07	2.521096602837707e-06	3.07488676337061e-06	2.5413829387681315e-06
NODE_0409	1.8699586339444968e-10	1.5042016764019092e-11	6.056257227783e-11	1.836236816381223e-10	0.9999999900822029	4.670545286197231e-11	1.407989694455887e-10	9.142136619060692e-09	1.419319269153087e-10
CHN__SAMN44584044	0.0	0.0	0.0	0.0	1.0	0.0	0.0	0.0	0.0
CHN__SAMN44583829	0.0	0.0	0.0	0.0	1.0	0.0	0.0	0.0	0.0
NODE_0416	0.0001960876550553055	1.5773363864939152e-05	6.350714163674742e-05	0.00019255151687013245	0.9990065500477256	4.8976285163493574e-05	0.0001476446550828283	0.00018007663733646235	0.00014883269726452176
NODE_0419	3.478447838732829e-08	2.7980763720219393e-09	1.1265690311209919e-08	3.4157194011664426e-08	0.9999998237694309	8.688025425571405e-09	2.6191053752387682e-08	3.194424716041946e-08	2.6401803519275028e-08
CHN__SAMN43024010	0.0	0.0	0.0	0.0	1.0	0.0	0.0	0.0	0.0
NODE_0475	9.461174046909927e-09	7.610603573658818e-10	3.0642016708168487e-09	9.290556376896941e-09	0.9999998040429083	2.3630919446316654e-09	7.1238129623235665e-09	1.567120585505342e-07	7.181135662485124e-09
JPN__SAMD00920280	0.0	0.0	0.0	0.0	0.0	0.0	0.0	1.0	0.0
NODE_0500	3.670194306025513e-08	2.952317943097442e-09	1.1886701871232291e-08	3.6040080168943537e-08	2.373930833649824e-06	9.166945409522986e-09	2.7634813229178524e-08	0.9999974738291841	2.7857180397032083e-08
JPN__SAMD01697915	0.0	0.0	0.0	0.0	0.0	0.0	0.0	1.0	0.0
NODE_0530	5.3902850146405236e-11	4.335965303255487e-12	1.7457580070028447e-11	5.2930795446487465e-11	0.9999999994991323	1.3463169617438777e-11	4.0586276150850525e-11	6.370738060751039e-11	2.54483643342349e-10
CHN__SAMN45156034	0.0	0.0	0.0	0.0	1.0	0.0	0.0	0.0	0.0
NODE_0545	8.370653408234057e-14	6.733384718080747e-15	2.711013456909904e-14	8.219701594651724e-14	0.999999999999576	2.0907155435706164e-14	6.302702915836488e-14	7.687169840877014e-14	6.35341844575862e-14
CHN__SAMN44583872	0.0	0.0	0.0	0.0	1.0	0.0	0.0	0.0	0.0
NODE_0551	9.979673540992505e-06	8.027686494133605e-07	3.2321287175246046e-06	9.799705532940639e-06	0.9999494394168346	2.492596165956323e-06	7.514218360067025e-06	9.164809689844839e-06	7.5746825087299545e-06
CHN__SAMN50152046	0.0	0.0	0.0	0.0	1.0	0.0	0.0	0.0	0.0
NODE_0566	1.7271165192802525e-08	1.3892989483744359e-09	5.593632775207665e-09	1.6959706387690722e-08	0.9999999124981214	4.313772385874702e-09	1.3004363926219786e-08	1.5860933873611002e-08	1.3109005254925069e-08
CHN__SAMN44590292	0.0	0.0	0.0	0.0	1.0	0.0	0.0	0.0	0.0
NODE_0641	1.0179362051981604e-08	8.188316674681685e-10	3.2968020726475292e-09	0.9999999502218287	8.201687503143186e-09	2.542471827202398e-09	7.66457483277744e-09	9.348193163557267e-09	7.726248295443326e-09
BEL__SAMEA117989569	0.0	0.0	0.0	1.0	0.0	0.0	0.0	0.0	0.0
NODE_0670	3.690994976872873e-13	2.96905008005008e-14	1.1954069250849844e-13	0.9999999999950454	2.973898287672106e-13	9.218898684537998e-14	3.4276413843599773e-12	3.38961654309273e-13	2.8015059787565637e-13
FRA__SAMEA115874203	0.0	0.0	0.0	0.0	0.0	0.0	1.0	0.0	0.0
NODE_0227	0.9988353729512905	7.227491623351617e-07	2.909952107443957e-06	8.822876890172568e-06	0.00112809121929044	2.244135707468508e-06	6.7652056782619954e-06	8.251267075685011e-06	6.819642797635523e-06
CHN__SAMN39683227	0.0	0.0	0.0	0.0	1.0	0.0	0.0	0.0	0.0
NODE_0254	1.9377590301935467e-08	1.5587405671670187e-09	6.27584317597949e-09	1.9028145371207987e-08	0.9999998894090619	4.839888515978822e-09	1.4650623495919681e-08	1.7795364410862326e-08	2.7064742308333845e-08
NODE_0255	8.580383373998586e-06	6.902092282177605e-07	2.778938949912109e-06	8.425649404215176e-06	0.9999565267242118	2.1430992319162433e-06	6.460629257677402e-06	7.879774860930446e-06	6.514591481476016e-06
CHN__SAMN41373920	0.0	0.0	0.0	0.0	1.0	0.0	0.0	0.0	0.0
NODE_0257	1.5802550979845477e-05	1.271163075148077e-06	5.117990946514169e-06	1.5517576365123028e-05	0.9997322758294778	3.946960573449699e-06	0.00019656512655456593	1.4512235470335704e-05	1.4990566557180143e-05
NODE_0277	1.2734957836921652e-10	9.508473060189767e-12	3.828326985627413e-11	7.087027136090892e-10	9.524001816714497e-11	3.036683819090958e-11	0.9999999987922543	1.0857570194869574e-10	8.971908033522154e-11
FRA__SAMEA115874195	0.0	0.0	0.0	0.0	0.0	0.0	1.0	0.0	0.0
NODE_0354	2.0275669618689808e-08	1.6309824012667955e-09	6.566705190547657e-09	1.9910029213900043e-08	0.9999998969192565	5.064199359442758e-09	1.562357948445044e-08	1.862012097871989e-08	1.538945731868084e-08
NODE_0401	3.593013026221341e-06	2.890233034714529e-07	1.1636733944039445e-06	3.5282185823372426e-06	0.9999817965153673	8.974171806926413e-07	2.7053675007286747e-06	3.299635049502589e-06	2.727136595357115e-06
CHN__SAMN44583839	0.0	0.0	0.0	0.0	1.0	0.0	0.0	0.0	0.0
CHN__SAMN44590310	0.0	0.0	0.0	0.0	1.0	0.0	0.0	0.0	0.0
CHN__SAMN39683481	0.0	0.0	0.0	0.0	1.0	0.0	0.0	0.0	0.0
NODE_0410	5.5828717172065776e-09	4.490882762708321e-10	1.8081312910005901e-09	5.4821932433038285e-09	0.9999996061433823	1.3944188234389022e-09	4.20363621986379e-09	3.7069881666890096e-07	4.2374613328886465e-09
CHN__SAMN43024034	0.0	0.0	0.0	0.0	1.0	0.0	0.0	0.0	0.0
CHN__SAMN45156057	0.0	0.0	0.0	0.0	1.0	0.0	0.0	0.0	0.0
NODE_0420	1.3264040326330772e-09	1.0669643345341229e-10	4.2958404874709256e-10	1.3024843832934059e-09	0.9999999932799644	3.312923606839152e-10	9.98718995560163e-10	1.2181001403152013e-09	1.0067553196229498e-09
CHN__SAMN43024019	0.0	0.0	0.0	0.0	1.0	0.0	0.0	0.0	0.0
NODE_0476	1.447757717526425e-10	1.1645816897742607e-11	4.688870107438044e-11	1.4216496417968221e-10	0.9999999878306395	3.6160254352179467e-11	1.0900925343178939e-10	1.1568829212036002e-08	1.0988641076064509e-10
JPN__SAMD00920276	0.0	0.0	0.0	0.0	0.0	0.0	0.0	1.0	0.0
NODE_0501	3.035692274701136e-10	2.441922150445446e-11	9.831732609615292e-11	2.980948250310728e-10	1.8451427076152118e-08	7.582166785177974e-11	2.2857315454633818e-10	0.9999999802893651	2.304123985680838e-10
JPN__SAMD01697929	0.0	0.0	0.0	0.0	0.0	0.0	0.0	1.0	0.0
CHN__SAMN42391147	0.0	0.0	0.0	0.0	1.0	0.0	0.0	0.0	0.0
NODE_0531	7.886229102896072e-11	6.3437120061009285e-12	2.5541223820347142e-11	7.744013133920827e-11	0.9999999990390975	1.9697221903089393e-11	5.937954510562364e-11	6.257589592785519e-10	6.787924727322326e-11
CHN__SAMN33268551	0.0	0.0	0.0	0.0	1.0	0.0	0.0	0.0	0.0
NODE_0546	1.5254027518332016e-11	1.227039644002998e-12	4.940340001844186e-12	1.4978944677599178e-11	0.9999999999227177	3.809957344937882e-12	1.1485555431487407e-11	1.4008500241508403e-11	1.1577975467452341e-11
CHN__SAMN44583814	0.0	0.0	0.0	0.0	1.0	0.0	0.0	0.0	0.0
CHN__SAMN44583815	0.0	0.0	0.0	0.0	1.0	0.0	0.0	0.0	0.0
NODE_0567	3.251146547837424e-08	2.6152343686713384e-09	1.0529526921880913e-08	3.1925171381983584e-08	0.9999998352853279	8.12030111687978e-09	2.447958340592879e-08	2.985682774324772e-08	2.467656160100479e-08
CHN__SAMN43024011	0.0	0.0	0.0	0.0	1.0	0.0	0.0	0.0	0.0
NODE_0642	1.0359996283586503e-09	8.333619522062065e-11	3.3553042956851895e-10	0.9999999949338502	8.34722761778184e-10	2.587588352436355e-10	7.800590022966093e-10	9.51407818467847e-10	7.863351673524311e-10
BEL__SAMEA117989593	0.0	0.0	0.0	1.0	0.0	0.0	0.0	0.0	0.0
NODE_0671	3.7373648492501684e-11	3.00635017776256e-12	1.210424790701829e-11	0.9999999985607014	3.0112592932888754e-11	9.334715465145795e-12	1.2846778737250238e-09	3.432200206168951e-11	2.836701224351058e-11
BEL__SAMEA117989543	0.0	0.0	0.0	1.0	0.0	0.0	0.0	0.0	0.0
NODE_0228	0.999152930715069	5.294224205886648e-07	2.1315747825185907e-06	6.462863027968267e-06	0.0008203063521498327	1.6438562924635745e-06	4.955594212511476e-06	6.044151990461862e-06	4.99547005465772e-06
AUS__SAMN45810645	1.0	0.0	0.0	0.0	0.0	0.0	0.0	0.0	0.0
CHN__SAMN50151944	0.0	0.0	0.0	0.0	1.0	0.0	0.0	0.0	0.0
CHN__SAMN41373958	0.0	0.0	0.0	0.0	1.0	0.0	0.0	0.0	0.0
CHN__SAMN41373926	0.0	0.0	0.0	0.0	1.0	0.0	0.0	0.0	0.0
CHN__SAMN50152066	0.0	0.0	0.0	0.0	1.0	0.0	0.0	0.0	0.0
NODE_0258	2.279587497736294e-05	1.8337086571590544e-06	7.3829270920188834e-06	2.238478655898509e-05	0.9996142025037823	5.693664261885948e-06	0.00028448384375346774	2.093453809109847e-05	2.0288152825802682e-05
CHN__SAMN45156015	0.0	0.0	0.0	0.0	1.0	0.0	0.0	0.0	0.0
NODE_0278	2.0770654822423051e-10	4.213621233825399e-12	1.6964995088648345e-11	9.007205786778681e-09	4.220501778891726e-11	1.3846171682699788e-11	0.9999999906196175	4.8481945166769165e-11	3.975845729817686e-11
FRA__SAMEA115874220	0.0	0.0	0.0	0.0	0.0	0.0	1.0	0.0	0.0
NODE_0355	1.660676353839556e-08	1.3358542323137467e-09	5.37845222262137e-09	1.6307286191574302e-08	0.9999999154098733	4.147826575159686e-09	1.2958435163412049e-08	1.5250791779085584e-08	1.260471705654455e-08
CHN__SAMN44583865	0.0	0.0	0.0	0.0	1.0	0.0	0.0	0.0	0.0
NODE_0402	3.343037381438263e-06	2.6891516968085837e-07	1.0827134855585934e-06	3.2827508624545433e-06	0.999983062981083	8.349814375584233e-07	2.5171477570754206e-06	3.070070504918726e-06	2.5374023183420105e-06
CHN__SAMN44590209	0.0	0.0	0.0	0.0	1.0	0.0	0.0	0.0	0.0
NODE_0411	9.175865784584733e-07	7.381100546858915e-08	2.9717985451814797e-07	9.010393208691358e-07	0.9999349263978282	2.2918312688323736e-07	6.908989443875129e-07	6.12674449874504e-05	6.964583538274236e-07
NODE_0413	2.7330290414398336e-08	2.19845872051035e-09	8.851493602853743e-09	2.6837430812813702e-08	0.9999998613079305	6.826212983979745e-09	2.057840561359794e-08	2.5325785144305548e-08	2.0743992467299052e-08
NODE_0421	3.6742870562921775e-11	2.955610166626058e-12	1.18999571101099e-11	3.608026960727379e-11	0.9999999998138475	9.17716776156787e-12	2.766562968732301e-11	3.374272997827354e-11	2.7888244823869455e-11
NODE_0471	0.0003162894073686631	2.5442437504006982e-05	0.00010243702586121118	0.0003105856161195575	0.9983975651287657	7.899875290522987e-05	0.00023815084353029457	0.000290463632256266	0.0002400671556891136
NODE_0477	1.189767659357021e-10	9.570535279481088e-12	3.853314643203649e-11	1.1683120361024632e-10	0.9999999797778631	2.971650619542412e-11	8.958383211065778e-11	1.9728620138433942e-08	9.03046802259214e-11
CHN__SAMN50151998	0.0	0.0	0.0	0.0	1.0	0.0	0.0	0.0	0.0
NODE_0502	7.231253669759773e-11	5.816847332924993e-12	2.341994710922298e-11	7.100849171724961e-11	5.622335650794699e-10	1.8061307414779632e-11	5.4447892376854984e-11	0.9999999991378135	5.4886014520942895e-11
NODE_0525	5.981688913441531e-06	4.81169279789564e-07	1.937296689818387e-06	5.8738183870043574e-06	4.8214761219033916e-06	1.4940303197638441e-06	4.5039265536056365e-06	0.9999703664257424	4.5401679923893905e-06
NODE_0532	1.6828419221549205e-08	1.3536842978634503e-09	5.450240111872722e-09	1.652494465662243e-08	0.9999999147412081	4.2031889177977615e-09	1.2670997319306484e-08	1.545436088530488e-08	1.2772956484752496e-08
NODE_0533	2.2448276551546737e-09	1.8057477105759614e-10	7.270349977196975e-10	2.204345653428017e-09	0.99999995878261	5.606845538070358e-10	1.690248194218166e-09	3.1901590709073023e-08	1.708083282438768e-09
NODE_0547	5.974215335550935e-10	4.805681024058654e-11	1.9348762132743687e-10	5.866479583555075e-10	0.9999999969732496	1.4921636643547713e-10	4.498299305783309e-10	5.486406581495384e-10	4.534495464175598e-10
CHN__SAMN50152056	0.0	0.0	0.0	0.0	1.0	0.0	0.0	0.0	0.0
NODE_0568	5.091936854846154e-06	4.0959729344577517e-07	1.6491316342932593e-06	5.000111633396935e-06	0.9999742024329988	1.271799345895132e-06	3.833985675565663e-06	4.676168216894495e-06	3.86483634675337e-06
CHN__SAMN44590311	0.0	0.0	0.0	0.0	1.0	0.0	0.0	0.0	0.0
NODE_0643	5.79956853984848e-10	4.6651944923754866e-11	1.878313148210693e-10	0.9999999971639463	4.672812360342205e-10	1.4485426048505455e-10	4.366823804888146e-10	5.326020108032186e-10	4.4019366161151676e-10
BEL__SAMEA117989606	0.0	0.0	0.0	1.0	0.0	0.0	0.0	0.0	0.0
NODE_0672	7.656065270011923e-11	6.158567363333552e-12	2.4795789482295236e-11	0.9999999151046007	6.168623782870712e-11	1.912234790041557e-11	8.457865609985726e-08	7.030929507310447e-11	5.811038151523188e-11
BEL__SAMEA117989531	0.0	0.0	0.0	1.0	0.0	0.0	0.0	0.0	0.0
NODE_0229	0.9999934135834524	6.522772101721707e-08	2.62621603911033e-07	7.962598676725237e-07	3.289077702194112e-06	2.025320339059054e-07	6.105561536453604e-07	7.446723910580476e-07	6.154690742276617e-07
NODE_0234	0.9999113376204711	4.902508438320718e-07	1.9738611271108643e-06	5.984680530736769e-06	6.38796165230285e-05	1.522228570567222e-06	4.588933429890897e-06	5.596949615920067e-06	4.625858887711467e-06
CHN__SAMN39683299	0.0	0.0	0.0	0.0	1.0	0.0	0.0	0.0	0.0
NODE_0259	4.596177367086695e-06	3.697182159601465e-07	1.4885694204301657e-06	4.513292402762962e-06	5.7583634888281685e-05	1.1479748346674967e-06	0.9999225910338523	4.220888659042474e-06	3.488710359525345e-06
NODE_0279	1.791876599566171e-08	2.490440713416886e-10	1.0027079352201237e-09	8.523540445483607e-07	2.4945073927892676e-09	8.43998158495461e-10	0.9999991199078253	2.8792019973939348e-09	2.3499046362602084e-09
NODE_0296	3.151293421714404e-05	2.534906832075886e-06	1.0206110034552418e-05	3.0948388925938604e-05	2.5390461204991762e-05	7.870884489092718e-06	0.9998386779306269	2.89397684415356e-05	2.391861522770835e-05
NODE_0356	6.164452667169464e-07	4.9587086407415026e-08	1.9964886036954974e-07	6.053286278484619e-07	0.9999918345463782	1.53967872998518e-07	5.506369539293792e-06	5.662175980808669e-07	4.678887701252527e-07
NODE_0392	5.492272956427592e-09	4.418004782752038e-10	1.7787889627888423e-09	5.393228291330551e-09	0.9999999721741308	1.3717902151151439e-09	4.135476544921677e-09	5.043815934015657e-09	4.168695872198343e-09
CHN__SAMN44583845	0.0	0.0	0.0	0.0	1.0	0.0	0.0	0.0	0.0
CHN__SAMN44583846	0.0	0.0	0.0	0.0	1.0	0.0	0.0	0.0	0.0
CHN__SAMN44583859	0.0	0.0	0.0	0.0	1.0	0.0	0.0	0.0	0.0
NODE_0412	3.3584640538848215e-07	2.7015609694706462e-08	1.0877097402783007e-07	3.2978993386755763e-07	2.2385784369562224e-05	8.388345159618207e-08	2.5287633059003394e-07	0.9999762211217919	2.5491113332179743e-07
NODE_0414	5.4480064977347956e-08	4.382396678826432e-09	1.764452332259155e-08	5.349760109892188e-08	0.9999997237720312	1.3607339010218119e-08	4.1020891397787896e-08	5.024418072505804e-08	4.135097140836395e-08
CHN__SAMN44590291	0.0	0.0	0.0	0.0	1.0	0.0	0.0	0.0	0.0
NODE_0422	1.751369191008342e-09	1.4088078876677425e-10	5.672180191059543e-10	1.719785950998085e-09	0.9999999911269396	4.3743476304609314e-10	1.3186974980968917e-09	1.6083657719454844e-09	1.3293085713643516e-09
NODE_0470	9.362949677356314e-09	7.531591525657306e-10	3.0323896276382016e-09	9.194103332232675e-09	0.9999999525639597	2.33855870855464e-09	7.049854695244614e-09	8.598442782331092e-09	7.106582280459709e-09
CHN__SAMN43024016	0.0	0.0	0.0	0.0	1.0	0.0	0.0	0.0	0.0
CHN__SAMN43024021	0.0	0.0	0.0	0.0	1.0	0.0	0.0	0.0	0.0
NODE_0478	9.273041407229963e-10	7.459268978948785e-11	3.003270929453856e-10	9.105816418978927e-10	0.9999997217294727	2.3161025622203764e-10	6.982158054534824e-10	2.744240616415474e-07	7.038340909805707e-10
CHN__SAMN50152028	0.0	0.0	0.0	0.0	1.0	0.0	0.0	0.0	0.0
NODE_0503	1.0845327676272269e-13	8.724021898476381e-15	3.5124891500165925e-14	1.0649748932082768e-13	1.1097802157991602e-13	2.708808266460363e-14	8.166014650804197e-14	0.9999999999994392	8.231723564249384e-14
JPN__SAMD01697913	0.0	0.0	0.0	0.0	0.0	0.0	0.0	1.0	0.0
JPN__SAMD01697911	0.0	0.0	0.0	0.0	0.0	0.0	0.0	1.0	0.0
JPN__SAMD01697920	0.0	0.0	0.0	0.0	0.0	0.0	0.0	1.0	0.0
CHN__SAMN44583826	0.0	0.0	0.0	0.0	1.0	0.0	0.0	0.0	0.0
CHN__SAMN50152054	0.0	0.0	0.0	0.0	1.0	0.0	0.0	0.0	0.0
NODE_0534	5.503299896517557e-06	4.4268748943512024e-07	1.7823602709669052e-06	5.404056377576775e-06	0.9992415416936441	1.3745443842247422e-06	4.143722432753516e-06	0.0007356305696387546	4.177065865580101e-06
NODE_0538	5.284874499129033e-07	4.2511726927321674e-08	1.7116185782014687e-07	5.18956994507668e-07	0.9999973221392338	1.3199888613570095e-07	3.9792585227247796e-07	4.856901330202788e-07	4.0112786546696744e-07
CHN__SAMN42391148	0.0	0.0	0.0	0.0	1.0	0.0	0.0	0.0	0.0
NODE_0548	1.7323879727678767e-08	1.393539325155629e-09	5.610705494200386e-09	1.7011470297298705e-08	0.9999999122310508	4.326938753189522e-09	1.3044055457586688e-08	1.5909344142548658e-08	1.3149016169474753e-08
CHN__SAMN42391135	0.0	0.0	0.0	0.0	1.0	0.0	0.0	0.0	0.0
CHN__SAMN42391146	0.0	0.0	0.0	0.0	1.0	0.0	0.0	0.0	0.0
NODE_0644	3.699478497534937e-10	2.975874255606683e-11	1.1981544929933876e-10	0.9999999981909011	2.980733606530145e-10	9.240087745471844e-11	2.7856736749622543e-10	3.3974073643103096e-10	2.8079450646953173e-10
BEL__SAMEA117989559	0.0	0.0	0.0	1.0	0.0	0.0	0.0	0.0	0.0
NODE_0673	7.239677982234483e-09	5.823623881195616e-10	2.3447231030047715e-09	0.9999886860241614	5.833133366360073e-09	1.808234859301961e-09	1.1284024170256885e-05	6.64854122235545e-09	5.494995598364521e-09
BEL__SAMEA117989528	0.0	0.0	0.0	1.0	0.0	0.0	0.0	0.0	0.0
NODE_0230	0.9999936049344148	6.461366696826838e-08	2.601492829912142e-07	7.887638738199928e-07	3.128767902101373e-06	2.0062539645909182e-07	6.04808375363217e-07	7.376620419344166e-07	6.096750456898189e-07
AUS__SAMN45810627	1.0	0.0	0.0	0.0	0.0	0.0	0.0	0.0	0.0
NODE_0235	0.9999031209316099	6.335633690018707e-07	2.550869868696345e-06	7.73415162290322e-06	6.485168685546011e-05	1.9672138736589753e-06	5.930392900991859e-06	7.233077310134488e-06	5.978112589296465e-06
AUS__SAMN45810537	1.0	0.0	0.0	0.0	0.0	0.0	0.0	0.0	0.0
NODE_0260	4.102981845955253e-07	3.30045384903187e-08	1.3288376014828192e-07	4.028990901576516e-07	5.12136287286246e-06	1.0247907184747638e-07	0.9999931088409436	3.7679637139040416e-07	3.114351667919911e-07
FRA__SAMEA115874224	0.0	0.0	0.0	0.0	0.0	0.0	1.0	0.0	0.0
NODE_0280	3.195001763868498e-08	1.9707752663017275e-10	7.934788358583601e-10	9.307828037608902e-07	1.9739933757421654e-09	7.526427718263814e-10	0.9999990293688595	2.3215625416288457e-09	1.8595640162612458e-09
BEL__SAMEA117989605	0.0	0.0	0.0	1.0	0.0	0.0	0.0	0.0	0.0
NODE_0297	3.165604392541612e-05	2.546418661699382e-06	1.0252459272461217e-05	3.108889568335872e-05	2.5505767479666456e-05	7.906628711117452e-06	0.9998379453556276	2.90711932636128e-05	2.402723737501873e-05
FRA__SAMEA115874241	0.0	0.0	0.0	0.0	0.0	0.0	1.0	0.0	0.0
NODE_0357	1.8985017546280985e-08	1.5271618683186448e-09	6.148700169729211e-09	1.864265205373274e-08	0.9999997490310895	4.741836668070575e-09	1.6897189795132092e-07	1.7541806326509364e-08	1.440983812759252e-08
FRA__SAMEA115874210	0.0	0.0	0.0	0.0	0.0	0.0	1.0	0.0	0.0
NODE_0393	1.2462684932291073e-10	1.0025030087471694e-11	4.036304564639391e-11	1.2237939646482922e-10	0.999999999368595	3.112771229654967e-11	9.383902109492964e-11	1.1445077354456611e-10	9.459315595913647e-11
CHN__SAMN44583830	0.0	0.0	0.0	0.0	1.0	0.0	0.0	0.0	0.0
JPN__SAMD01593370	0.0	0.0	0.0	0.0	0.0	0.0	0.0	1.0	0.0
JPN__SAMD01593373	0.0	0.0	0.0	0.0	0.0	0.0	0.0	1.0	0.0
CHN__SAMN44590214	0.0	0.0	0.0	0.0	1.0	0.0	0.0	0.0	0.0
CHN__SAMN44590314	0.0	0.0	0.0	0.0	1.0	0.0	0.0	0.0	0.0
NODE_0423	1.6557490717610608e-10	1.331890708293506e-11	5.362494175657553e-11	1.6258901930057012e-10	0.9999999991611385	4.135519835498456e-11	1.2467001073317165e-10	1.520553260306802e-10	1.256731844102688e-10
CHN__SAMN43024031	0.0	0.0	0.0	0.0	1.0	0.0	0.0	0.0	0.0
CHN__SAMN32034068	0.0	0.0	0.0	0.0	1.0	0.0	0.0	0.0	0.0
CHN__SAMN39683412	0.0	0.0	0.0	0.0	1.0	0.0	0.0	0.0	0.0
NODE_0479	4.581517158273837e-09	3.6853894331355394e-10	1.483821401197441e-09	4.498896568187081e-09	0.9999979843413085	1.1443131938202399e-09	3.449663980114466e-09	1.996654518204173e-06	3.4774221561130844e-09
CHN__SAMN45156020	0.0	0.0	0.0	0.0	1.0	0.0	0.0	0.0	0.0
NODE_0504	6.470991036655335e-11	5.205289244707214e-12	2.0957675493599238e-11	6.354296701694903e-11	5.2138551732740753e-11	1.6162419924510573e-11	4.872347723172981e-11	0.9999999996794442	4.911553711468055e-11
JPN__SAMD01697914	0.0	0.0	0.0	0.0	0.0	0.0	0.0	1.0	0.0
NODE_0535	5.591084124443834e-06	4.4974888536182145e-07	1.8107910530822369e-06	5.490257552452934e-06	0.9992162892441235	1.396470014262808e-06	4.209819770957828e-06	0.000760518889418536	4.243695057346912e-06
CHN__SAMN45156031	0.0	0.0	0.0	0.0	1.0	0.0	0.0	0.0	0.0
CHN__SAMN44590294	0.0	0.0	0.0	0.0	1.0	0.0	0.0	0.0	0.0
CHN__SAMN50152059	0.0	0.0	0.0	0.0	1.0	0.0	0.0	0.0	0.0
CHN__SAMN44590295	0.0	0.0	0.0	0.0	1.0	0.0	0.0	0.0	0.0
CHN__SAMN45156054	0.0	0.0	0.0	0.0	1.0	0.0	0.0	0.0	0.0
NODE_0645	2.871975191908168e-10	2.3102275204560413e-11	9.301500149935175e-11	0.9999999985954569	2.313999926569567e-10	7.173255039523093e-11	2.1636263145812704e-10	2.637471652722636e-10	2.1798609105092572e-10
BEL__SAMEA117989561	0.0	0.0	0.0	1.0	0.0	0.0	0.0	0.0	0.0
NODE_0674	9.631821386987747e-09	7.747872928370224e-10	3.1194694274392613e-09	0.9999889219182181	7.76052454945213e-09	2.405714070882733e-09	1.1038233445939317e-05	8.845360483559529e-09	7.3106588795259346e-09
FRA__SAMEA115874193	0.0	0.0	0.0	0.0	0.0	0.0	1.0	0.0	0.0
NODE_0231	0.9999851032238021	2.0536648417028056e-07	8.268520595427959e-07	2.506987626727539e-06	4.5152562666283224e-06	6.376628078747863e-07	1.9223080111840913e-06	2.344566825658388e-06	1.9377761160214304e-06
AUS__SAMN45810642	1.0	0.0	0.0	0.0	0.0	0.0	0.0	0.0	0.0
NODE_0236	0.9998851386837916	9.313282903002804e-07	3.7497389998007485e-06	1.1369082494825118e-05	6.778156389495613e-05	2.891773772363401e-06	8.717585251165869e-06	1.0632511054845111e-05	8.787732450162565e-06
AUS__SAMN45810633	1.0	0.0	0.0	0.0	0.0	0.0	0.0	0.0	0.0
NODE_0261	4.407855922339888e-08	3.5456956893938118e-09	1.4275775305460262e-08	4.3283670445860534e-08	5.36130133175544e-07	1.1009382949234719e-08	0.9999992737397331	4.0479441038391715e-08	3.3457608945470506e-08
FRA__SAMEA115874207	0.0	0.0	0.0	0.0	0.0	0.0	1.0	0.0	0.0
NODE_0281	0.03133354304859865	0.0001541466349828124	0.0006206293257737661	0.0018824554207652678	0.0015439834339812633	0.00047862531781516724	0.9607723203446003	0.0017598153840217964	0.001454481089461012
NODE_0282	2.495707789074433e-08	4.288944790259151e-10	1.7268264816525145e-09	1.3563190606335905e-06	4.2959482743851506e-09	1.792029541717134e-09	0.999998601302457	5.130786919076304e-09	4.046918761394235e-09
FRA__SAMEA115874185	0.0	0.0	0.0	0.0	0.0	0.0	1.0	0.0	0.0
FRA__SAMEA117615783	0.0	0.0	0.0	0.0	0.0	0.0	1.0	0.0	0.0
NODE_0358	2.636889031841951e-12	2.1211181996948266e-13	8.54010311875993e-13	2.5893305341159744e-12	0.9999999998490641	6.586070714100725e-13	2.143868857044695e-11	1.205449768693777e-10	2.00142306727079e-12
CHN__SAMN42391122	0.0	0.0	0.0	0.0	1.0	0.0	0.0	0.0	0.0
NODE_0394	7.479851562166475e-11	6.01682040169783e-12	2.422508405469854e-11	7.344963984868746e-11	0.999999999621044	1.8682223671140604e-11	5.631974866362568e-11	6.869104063840461e-11	5.677289999829379e-11
NODE_0400	6.482233509377358e-09	5.214332731556834e-10	2.0994086623474043e-09	6.3653364337748556e-09	0.9999999671586945	1.6190499945653292e-09	4.880812769126206e-09	5.952943874822403e-09	4.920086872511128e-09
CHN__SAMN32034026	0.0	0.0	0.0	0.0	1.0	0.0	0.0	0.0	0.0
NODE_0424	5.546526064963092e-09	4.4616461849348076e-10	1.7963599814591713e-09	5.446503028796732e-09	0.999999971899322	1.3853408678265102e-09	4.176269676632212e-09	5.093639147267685e-09	4.209874581159118e-09
NODE_0480	4.294385704973392e-09	3.454419824737739e-10	1.390827796536437e-09	4.216943087441275e-09	0.9999978406389305	1.0725971445244053e-09	3.2334676857887555e-09	2.141547919838596e-06	3.259486209803083e-09
JPN__SAMD00920282	0.0	0.0	0.0	0.0	0.0	0.0	0.0	1.0	0.0
NODE_0505	3.303085830528365e-11	2.6570145207434744e-12	1.0697743293351796e-11	3.243519776097549e-11	2.661354133858162e-11	8.250028463537136e-12	2.4870661440659667e-11	0.9999999998363741	2.5070786496738022e-11
JPN__SAMD01697916	0.0	0.0	0.0	0.0	0.0	0.0	0.0	1.0	0.0
NODE_0536	5.74792693608167e-06	4.6236537943364825e-07	1.8615879206901458e-06	5.644271946079722e-06	0.9992238345192089	1.4356442206474586e-06	4.32791493008428e-06	0.0007523230289777875	4.36274048014064e-06
NODE_0537	3.345417007146416e-07	2.6910658765740696e-08	1.0834841777617646e-07	3.2850875752861533e-07	4.543435950300928e-05	8.355757902586583e-08	2.5189395017705074e-07	0.9999531779585848	2.5392084807414185e-07
NODE_0646	2.2339125211042816e-11	1.7969675361706496e-12	7.234999002964211e-12	0.9999999998896604	1.799901832147662e-11	5.579583101906338e-12	1.7919112405012074e-11	2.051508301908443e-11	1.695564291771263e-11
BEL__SAMEA117989571	0.0	0.0	0.0	1.0	0.0	0.0	0.0	0.0	0.0
NODE_0675	7.362555672321903e-09	5.922467151879098e-10	2.3845196463729766e-09	0.9999926175450452	5.932138039743205e-09	1.8389256888100986e-09	7.351994922296083e-06	6.761385659616164e-09	5.588261123132954e-09
FRA__SAMEA115874206	0.0	0.0	0.0	0.0	0.0	0.0	1.0	0.0	0.0
AUS__SAMN45810538	1.0	0.0	0.0	0.0	0.0	0.0	0.0	0.0	0.0
NODE_0232	0.9999775530965253	3.3036793644075845e-07	1.3301362671547139e-06	4.032928412202656e-06	5.7464115193369104e-06	1.0257922408017684e-06	3.0923689102641327e-06	3.7716461240967782e-06	3.117252064379601e-06
NODE_0237	0.9825586327794696	0.00028706594724706234	0.0011557926341526504	0.0035043243823879486	0.0029298422998563496	0.000891339590811802	0.002687045904109777	0.003277288888743913	0.002708667573220915
AUS__SAMN45810536	1.0	0.0	0.0	0.0	0.0	0.0	0.0	0.0	0.0
NODE_0262	1.5472011555121136e-09	1.244574360954217e-10	5.010938750628305e-10	1.5192997708757013e-09	1.544917558329125e-08	3.864402630358384e-10	0.9999999778770783	1.4208685368245297e-09	1.1743851996721673e-09
FRA__SAMEA115874219	0.0	0.0	0.0	0.0	0.0	0.0	1.0	0.0	0.0
AUS__SAMN45810580	1.0	0.0	0.0	0.0	0.0	0.0	0.0	0.0	0.0
FRA__SAMEA115874212	0.0	0.0	0.0	0.0	0.0	0.0	1.0	0.0	0.0
NODE_0283	1.4397027692545844e-08	3.6525267927910956e-10	1.4705901565955772e-09	1.3229152125454892e-06	3.6584910601159434e-09	1.9146424815945422e-09	0.9999986472651451	4.567224284076007e-09	3.4464139612637055e-09
BEL__SAMEA117989617	0.0	0.0	0.0	1.0	0.0	0.0	0.0	0.0	0.0
NODE_0359	4.220421395559898e-09	3.3949105650996757e-10	1.3668680184390522e-09	4.1442978463294675e-09	0.9999997006498065	1.0541195230426577e-09	3.1909965115242732e-09	2.8183066412012203e-07	3.2033350698180682e-09
CHN__SAMN44584075	0.0	0.0	0.0	0.0	1.0	0.0	0.0	0.0	0.0
NODE_0395	2.649910075045703e-10	2.131597514962123e-11	8.582295219610124e-11	2.6021230371467543e-10	0.9999999986574611	6.618608981603073e-11	1.9952559803130603e-10	2.4335386757139226e-10	2.011311032641219e-10
CHN__SAMN44590276	0.0	0.0	0.0	0.0	1.0	0.0	0.0	0.0	0.0
CHN__SAMN44583912	0.0	0.0	0.0	0.0	1.0	0.0	0.0	0.0	0.0
CHN__SAMN44583924	0.0	0.0	0.0	0.0	1.0	0.0	0.0	0.0	0.0
NODE_0425	1.1885582144298014e-11	9.56080645952745e-13	3.849397599559412e-12	1.167124401647651e-11	0.9999999999397832	2.9686298215412153e-12	8.949276667409542e-12	1.0915096366436403e-11	9.021288201931824e-12
CHN__SAMN44590283	0.0	0.0	0.0	0.0	1.0	0.0	0.0	0.0	0.0
NODE_0481	7.779297711256542e-11	6.257695997166614e-12	2.519490385276169e-11	7.639010084874122e-11	0.9999995493861293	1.9430142247902038e-11	5.857440270990821e-11	4.502911847334999e-07	5.904572936340495e-11
JPN__SAMD00920279	0.0	0.0	0.0	0.0	0.0	0.0	0.0	1.0	0.0
NODE_0506	1.0432842397311336e-13	8.392217206735505e-15	3.3788970530196825e-14	1.0244702188430672e-13	8.405921030271259e-14	2.605782929947282e-14	7.855432902443987e-14	0.9999999999994833	7.918642678905793e-14
JPN__SAMD01697912	0.0	0.0	0.0	0.0	0.0	0.0	0.0	1.0	0.0
CHN__SAMN45156027	0.0	0.0	0.0	0.0	1.0	0.0	0.0	0.0	0.0
CHN__SAMN44590282	0.0	0.0	0.0	0.0	1.0	0.0	0.0	0.0	0.0
JPN__SAMD01593371	0.0	0.0	0.0	0.0	0.0	0.0	0.0	1.0	0.0
JPN__SAMD01593375	0.0	0.0	0.0	0.0	0.0	0.0	0.0	1.0	0.0
NODE_0647	3.977647868780934e-11	3.199634731884851e-12	1.2882455374996919e-11	0.9999999996844273	3.20485946473767e-11	9.934863887603338e-12	1.5101124075965972e-10	3.652863551182711e-11	3.019078691680865e-11
NODE_0667	3.014744442097955e-08	2.4250716360293995e-09	9.763888615472105e-09	0.9999998525757667	2.429031572868743e-08	7.529845948211404e-09	2.2699588744205853e-08	2.7685834573499864e-08	2.2882243492284862e-08
NODE_0676	3.005782250346077e-08	2.417862415668748e-09	9.734862658646705e-09	0.999993740843342	2.4218105804610767e-08	7.50746132339624e-09	6.134802793170801e-06	2.7603530496645466e-08	2.281421946642453e-08
BEL__SAMEA117989553	0.0	0.0	0.0	1.0	0.0	0.0	0.0	0.0	0.0
AUS__SAMN45810594	1.0	0.0	0.0	0.0	0.0	0.0	0.0	0.0	0.0
NODE_0233	0.9999999393476389	9.99409362508054e-10	4.023848842983326e-09	1.2200174317469915e-08	1.0131029857961246e-08	3.1031654599726557e-09	9.354849851783354e-09	1.1409758734759858e-08	9.430124884401992e-09
AUS__SAMN45810511	1.0	0.0	0.0	0.0	0.0	0.0	0.0	0.0	0.0
AUS__SAMN45810564	1.0	0.0	0.0	0.0	0.0	0.0	0.0	0.0	0.0
FRA__SAMEA115874186	0.0	0.0	0.0	0.0	0.0	0.0	1.0	0.0	0.0
FRA__SAMEA115874249	0.0	0.0	0.0	0.0	0.0	0.0	1.0	0.0	0.0
NODE_0284	1.6225529436367732e-10	5.152327125816644e-12	2.0744437986713215e-11	7.640962361233224e-07	5.160740440213659e-11	1.1210652610567163e-09	0.9999992338729855	6.213377658292246e-10	4.861580255744434e-11
BEL__SAMEA117989594	0.0	0.0	0.0	1.0	0.0	0.0	0.0	0.0	0.0
NODE_0360	4.507663714713715e-09	3.6259572224628943e-10	1.4598926447616478e-09	4.426345383709556e-09	0.9999998289492372	1.1258594960375473e-09	3.401088300414762e-09	1.5234597372140122e-07	3.421343717204662e-09
JPN__SAMD01593376	0.0	0.0	0.0	0.0	0.0	0.0	0.0	1.0	0.0
NODE_0396	1.3966904205934468e-08	1.1235029662872791e-09	4.523477846593627e-09	1.371503264738414e-08	0.9999999292386851	3.4884760238889714e-09	1.051641294541775e-08	1.2826473579310342e-08	1.0601034648602093e-08
NODE_0399	6.482649587577714e-08	5.214667426407879e-09	2.09954341808811e-08	6.365745008647111e-08	0.9999996715658661	1.6191539172961295e-08	4.8811260564770364e-08	5.9533259792576274e-08	4.9204026804634975e-08
CHN__SAMN50152005	0.0	0.0	0.0	0.0	1.0	0.0	0.0	0.0	0.0
NODE_0426	2.4911656422725156e-11	2.003902903133621e-12	8.06816774058405e-12	2.4462413151865174e-11	0.9999999998737887	6.22211728989388e-12	1.875728953481434e-11	2.2877560997889106e-11	1.89082225379027e-11
NODE_0482	2.1683652050023567e-09	1.7442410314371294e-10	7.022710132131444e-10	2.129262085539549e-09	0.9999994715556096	5.415867336923372e-10	1.632675614871737e-09	5.194499923750191e-07	1.6458131544487826e-09
CHN__SAMN32034055	0.0	0.0	0.0	0.0	1.0	0.0	0.0	0.0	0.0
NODE_0507	1.5257081638411052e-11	1.2272853185574733e-12	4.9413291433400145e-12	1.4981943721336817e-11	1.229289371664114e-11	3.810720164279427e-12	1.1487855038290922e-11	0.9999999999244207	1.1580293578345168e-11
JPN__SAMD00892046	0.0	0.0	0.0	0.0	0.0	0.0	0.0	1.0	0.0
NODE_0648	3.0693766669202588e-09	2.469018000762575e-10	9.940826650594273e-10	0.9999999682877817	2.473049698297975e-09	7.666299383857753e-10	1.901373187547165e-08	2.8187548323325917e-09	2.3296908116407592e-09
BEL__SAMEA117989580	0.0	0.0	0.0	1.0	0.0	0.0	0.0	0.0	0.0
BEL__SAMEA117989534	0.0	0.0	0.0	1.0	0.0	0.0	0.0	0.0	0.0
BEL__SAMEA117989570	0.0	0.0	0.0	1.0	0.0	0.0	0.0	0.0	0.0
BEL__SAMEA117989527	0.0	0.0	0.0	1.0	0.0	0.0	0.0	0.0	0.0
NODE_0677	6.525699594888169e-07	5.249297012319577e-08	2.113486075064435e-07	0.9999900113171057	5.257868670290771e-07	1.629906401605928e-07	7.288899953517872e-06	5.99286085206946e-07	4.953078111782544e-07
AUS__SAMN45811367	1.0	0.0	0.0	0.0	0.0	0.0	0.0	0.0	0.0
AUS__SAMN45811368	1.0	0.0	0.0	0.0	0.0	0.0	0.0	0.0	0.0
NODE_0285	4.906038884913805e-07	3.9456552356775654e-08	1.58861031830331e-07	6.646086032514835e-05	3.9520981569055136e-07	8.68564784782908e-06	0.999918587677619	4.809382809027788e-06	3.7230011063593745e-07
FRA__SAMEA115874191	0.0	0.0	0.0	0.0	0.0	0.0	1.0	0.0	0.0
NODE_0361	1.8534624969492817e-07	1.4908515778228473e-08	6.002506701986181e-08	1.8199398377926668e-07	0.9999990426422832	4.6290932382658296e-08	1.395502221921793e-07	1.8857049411280075e-07	1.4067225193584185e-07
CHN__SAMN44583927	0.0	0.0	0.0	0.0	1.0	0.0	0.0	0.0	0.0
NODE_0397	2.14031200857154e-08	1.7216749359451445e-09	6.931853911805268e-09	2.1017147852044718e-08	0.9999998915641652	5.345799624208096e-09	1.6115528954949413e-08	1.965550491694431e-08	1.6245204683257783e-08
CHN__SAMN44583832	0.0	0.0	0.0	0.0	1.0	0.0	0.0	0.0	0.0
CHN__SAMN44583959	0.0	0.0	0.0	0.0	1.0	0.0	0.0	0.0	0.0
CHN__SAMN44583972	0.0	0.0	0.0	0.0	1.0	0.0	0.0	0.0	0.0
NODE_0427	1.1943958262252627e-11	9.60776442581355e-13	3.868303942185119e-12	1.1728567411251057e-11	0.9999999999394874	2.9832102672040315e-12	8.993231100941078e-12	1.0968705936858559e-11	9.065596320607457e-12
NODE_0469	4.683185553223208e-05	3.7671718679679857e-06	1.5167488649697556e-05	4.598731530565165e-05	0.9997627331278218	1.1697066348390061e-05	3.526215434110352e-05	4.3007924218383665e-05	3.55458959147564e-05
NODE_0483	3.204288556268714e-10	2.5775416260667482e-11	1.0377767388292267e-10	3.1465041581793034e-10	0.9999995937066822	8.00326517412191e-11	2.412676507058601e-10	4.049641761070553e-07	2.432090426645181e-10
JPN__SAMD01797764	0.0	0.0	0.0	0.0	0.0	0.0	0.0	1.0	0.0
NODE_0508	1.5467574569634204e-11	1.2442174481922732e-12	5.0095017388710925e-12	1.518864073745457e-11	1.2462491500339991e-11	3.863294416450361e-12	1.164634617950555e-11	0.999999999923378	1.1740060039422083e-11
JPN__SAMD00892040	0.0	0.0	0.0	0.0	0.0	0.0	0.0	1.0	0.0
NODE_0649	1.6098895845346518e-08	1.295001166293646e-09	5.213968509936541e-09	0.9999998180422737	1.2971157936511216e-08	4.020977830127505e-09	1.1535410210849944e-07	1.4784383079585229e-08	1.2219239864782538e-08
BEL__SAMEA117989551	0.0	0.0	0.0	1.0	0.0	0.0	0.0	0.0	0.0
BEL__SAMEA117989557	0.0	0.0	0.0	1.0	0.0	0.0	0.0	0.0	0.0
NODE_0678	8.187886837665649e-06	6.586366609311509e-07	2.6518206307206326e-06	0.9999442300957744	6.5971215888288445e-06	2.0450664297802175e-06	2.1895348887510837e-05	7.51932659129127e-06	6.214696598838627e-06
NODE_0286	9.714464447373539e-07	7.813578887761898e-08	3.1459241374503624e-07	0.00013225207489281511	7.826337801117276e-07	8.715197959455994e-06	0.999850943781102	5.204871914548797e-06	7.372657038234193e-07
NODE_0293	0.00435997903299844	0.0003507183330922688	0.0014120715812435606	0.004290405570111328	0.0035129102646215024	0.5558840719321269	0.14046702931563282	0.28641354170959576	0.0033092722605775446
NODE_0362	3.7489900048031975e-07	3.010378596936157e-08	1.212046723659316e-07	3.674884889214318e-07	0.9999981004030721	9.347223704218546e-08	2.817828558758017e-07	3.4659565532921366e-07	2.8405023190094474e-07
CHN__SAMN50152043	0.0	0.0	0.0	0.0	1.0	0.0	0.0	0.0	0.0
NODE_0398	1.4506107012009957e-06	1.1668766404475727e-07	4.698110099535332e-07	1.4244511763145834e-06	0.9999926506891534	3.6231512556564217e-07	1.0922406949987435e-06	1.332164920620973e-06	1.1010295537453967e-06
CHN__SAMN44590252	0.0	0.0	0.0	0.0	1.0	0.0	0.0	0.0	0.0
NODE_0428	1.186356482400628e-11	9.543095645239092e-13	3.842266823897709e-12	1.1649623744571105e-11	0.9999999999398947	2.963130614786768e-12	8.932698674983632e-12	1.0894876812206972e-11	9.004576812504318e-12
NODE_0465	1.1516011055134101e-08	9.263522101585586e-10	3.7297041721595235e-09	1.130833757144922e-08	0.9999999416557833	2.8763230465636188e-09	8.67100725788045e-09	1.057570162720542e-08	8.740779660913583e-09
CHN__SAMN50152040	0.0	0.0	0.0	0.0	1.0	0.0	0.0	0.0	0.0
CHN__SAMN50152052	0.0	0.0	0.0	0.0	1.0	0.0	0.0	0.0	0.0
NODE_0484	2.2843022531326793e-09	1.837501223929653e-10	7.398196826308195e-10	2.2431083879630386e-09	0.9999994373524014	5.705440177632945e-10	1.719970684404262e-09	5.531722926864433e-07	1.7338106552667498e-09
CHN__SAMN50152026	0.0	0.0	0.0	0.0	1.0	0.0	0.0	0.0	0.0
NODE_0509	2.2539199267545092e-09	1.8130615676498606e-10	7.299797225170278e-10	2.2132739599440483e-09	1.816022143818848e-09	5.629555059816226e-10	1.6970942412265877e-09	0.9999999888346982	1.7107501337731557e-09
NODE_0514	3.1292901037826624e-11	2.5172125920928252e-12	1.0134869009848955e-11	3.072858187018963e-11	2.521322987318998e-11	7.815943560492454e-12	2.3562062481535932e-11	0.9999999998449834	2.3751657723572004e-11
NODE_0650	2.433258720443334e-08	1.957322359954977e-09	7.880623905388677e-09	0.9999997961550968	1.9605185017944514e-08	6.077484731783772e-09	1.0317722323090145e-07	2.2345774145233812e-08	1.8468702601591965e-08
FRA__SAMEA115874201	0.0	0.0	0.0	0.0	0.0	0.0	1.0	0.0	0.0
BEL__SAMEA117989589	0.0	0.0	0.0	1.0	0.0	0.0	0.0	0.0	0.0
FRA__SAMEA115874190	0.0	0.0	0.0	0.0	0.0	0.0	1.0	0.0	0.0
NODE_0287	7.517759360298723e-07	6.047313497382105e-08	2.434785617630467e-07	0.9998952933854945	6.057188248767383e-07	1.8862515279941393e-07	0.00010159510922054967	6.908274380650622e-07	5.706062363907808e-07
NODE_0292	3.368752426512247e-08	2.7098350061476203e-09	1.0910410551687168e-08	6.654106904026875e-08	2.7142599374815783e-08	1.0573256256062524e-08	0.9999997908301682	3.2035952592577356e-08	2.5569184643185056e-08
NODE_0294	0.00020838419622634237	1.6762502193157156e-05	6.748963696535073e-05	0.00020474980753862392	0.00016789873941260621	0.007621227586421691	0.002028534382118191	0.9895267872413525	0.00015816590777161316
NODE_0295	0.0003831523023796648	3.082091358039026e-05	0.00012409199083237828	0.0003766945532415242	0.00030871241525056147	0.9769022919968616	0.007135727948113779	0.014447691048301734	0.000290816831438378
NODE_0363	1.1529921831939426e-07	4.245302538908769e-09	1.7092551210880382e-08	5.182404022622632e-08	0.9999994478691462	1.3181661789534966e-08	3.973763840573486e-08	2.7069304882694846e-07	4.0057392511825626e-08
CHN__SAMN44583825	0.0	0.0	0.0	0.0	1.0	0.0	0.0	0.0	0.0
CHN__SAMN44583827	0.0	0.0	0.0	0.0	1.0	0.0	0.0	0.0	0.0
CHN__SAMN44584068	0.0	0.0	0.0	0.0	1.0	0.0	0.0	0.0	0.0
NODE_0429	1.2470386141834503e-11	1.0031224969056382e-12	4.038798764517047e-12	1.224550197659954e-11	0.9999999999368203	3.1146947400085196e-12	9.389606194951605e-12	1.1452149740103298e-11	9.46516089906761e-12
CHN__SAMN50152020	0.0	0.0	0.0	0.0	1.0	0.0	0.0	0.0	0.0
NODE_0466	2.386806437822585e-08	1.9199559711363006e-09	7.73017834618642e-09	2.343764067903781e-08	0.9999998790758788	5.961462117331713e-09	1.797151448225526e-08	2.191918070194206e-08	1.8116124642791424e-08
NODE_0468	4.100403311182548e-06	3.298379666075449e-07	1.3280024883647794e-06	4.026458866698303e-06	0.9999792258953385	1.0241466847934346e-06	3.087408192062313e-06	3.7655957225691273e-06	3.1122514291047802e-06
NODE_0485	3.090253823541417e-10	2.485811663155956e-11	1.000844174559546e-10	3.0345258658368904e-10	0.9999994735711658	7.71844369532868e-11	2.3268137903249263e-10	5.251469942007277e-07	2.345536804241693e-10
JPN__SAMD00920273	0.0	0.0	0.0	0.0	0.0	0.0	0.0	1.0	0.0
NODE_0510	2.060965833845579e-13	1.6578485780395047e-14	6.674874513727658e-14	2.0237994962638335e-13	1.6605557045262767e-13	5.147618821907439e-14	1.5518090090362872e-13	0.9999999999989789	1.5642958448085184e-13
JPN__SAMD01697933	0.0	0.0	0.0	0.0	0.0	0.0	0.0	1.0	0.0
NODE_0515	1.551942707954577e-11	1.2483884833648587e-12	5.026295272815112e-12	1.523955816738752e-11	1.250426996154184e-11	3.876245478112838e-12	1.1685388647216803e-11	0.999999999923121	1.1779416667496894e-11
JPN__SAMD01697909	0.0	0.0	0.0	0.0	0.0	0.0	0.0	1.0	0.0
NODE_0651	2.8400345470157958e-09	2.2845343469706379e-10	9.198053604124996e-10	0.9999999861074282	2.288264798305306e-09	7.093477751548821e-10	2.142909237221014e-09	2.6081390367200096e-09	2.155617608041495e-09
BEL__SAMEA117989585	0.0	0.0	0.0	1.0	0.0	0.0	0.0	0.0	0.0
BEL__SAMEA117989535	0.0	0.0	0.0	1.0	0.0	0.0	0.0	0.0	0.0
NODE_0288	6.04526125187314e-09	4.86283056111544e-10	1.9578859135223116e-09	0.9999991661468304	4.870771152063889e-09	1.5167239524634641e-09	8.08832703652028e-07	5.555120610613558e-09	4.588420041205654e-09
FRA__SAMEA115874188	0.0	0.0	0.0	0.0	0.0	0.0	1.0	0.0	0.0
FRA__SAMEA115874228	0.0	0.0	0.0	0.0	0.0	0.0	1.0	0.0	0.0
JPN__SAMD00892038	0.0	0.0	0.0	0.0	0.0	0.0	0.0	1.0	0.0
JPN__SAMD01697919	0.0	0.0	0.0	0.0	0.0	0.0	0.0	1.0	0.0
ESP__SAMN40551704	0.0	0.0	0.0	0.0	0.0	1.0	0.0	0.0	0.0
ESP__SAMN40551705	0.0	0.0	0.0	0.0	0.0	1.0	0.0	0.0	0.0
NODE_0364	7.828061758193859e-06	9.415717551752703e-09	3.7909815134609156e-08	1.1494128408719836e-07	0.9999642893605093	2.923579724541736e-08	8.813467959026915e-08	2.751409657202782e-05	8.88438669080091e-08
NODE_0391	2.9090708662686236e-06	2.326438765838387e-07	9.366770301909106e-07	2.839973242888163e-06	0.9999852702858173	7.223590946530599e-07	2.177634727103008e-06	2.7161979929958383e-06	2.1951573520098214e-06
NODE_0430	6.33693601313731e-11	5.097454885462294e-12	2.052350989743891e-11	6.222659153603583e-11	0.9999999996789481	1.582759430493927e-11	4.7714106820121965e-11	5.8195102613935325e-11	4.8098044670986465e-11
NODE_0463	1.071869393630689e-06	8.622157247308585e-08	3.471476130315269e-07	1.0525398836150446e-06	0.9999945695276106	2.677179298496445e-07	8.070665482322596e-07	9.843487329163355e-07	8.135607156113377e-07
CHN__SAMN44583821	0.0	0.0	0.0	0.0	1.0	0.0	0.0	0.0	0.0
NODE_0467	7.214202284227459e-09	5.803131135017163e-10	2.3364722584466636e-09	7.0841052816108275e-09	0.9999999634502799	1.8018718628656013e-09	5.431950357364918e-09	6.625145675097214e-09	5.47565926203061e-09
CHN__SAMN44583945	0.0	0.0	0.0	0.0	1.0	0.0	0.0	0.0	0.0
CHN__SAMN44584082	0.0	0.0	0.0	0.0	1.0	0.0	0.0	0.0	0.0
NODE_0486	6.268714391748726e-09	5.042577159614905e-10	2.0302559722325063e-09	6.155667803852336e-09	0.9999984039985623	1.5657198999712085e-09	4.720043053814145e-09	1.5699987553552353e-06	4.758023502508305e-09
CHN__SAMN50152007	0.0	0.0	0.0	0.0	1.0	0.0	0.0	0.0	0.0
NODE_0511	1.5161004141231955e-11	1.2195568089691918e-12	4.910212410266042e-12	1.4887598833517626e-11	1.2215482420731656e-11	3.786723146729745e-12	1.1415513263750205e-11	0.9999999999248966	1.1507369696178509e-11
JPN__SAMD00892034	0.0	0.0	0.0	0.0	0.0	0.0	0.0	1.0	0.0
NODE_0516	1.5261341093189912e-11	1.2276279506832654e-12	4.942708658016041e-12	1.498612636342348e-11	1.2296325632789022e-11	3.811784036820672e-12	1.1491062204654804e-11	0.9999999999243996	1.1583526551596008e-11
JPN__SAMD01697925	0.0	0.0	0.0	0.0	0.0	0.0	0.0	1.0	0.0
NODE_0652	3.6159598876555913e-10	2.908691575353341e-11	1.1711052216590146e-10	0.9999999982314562	2.9134412226430844e-10	9.031485564332204e-11	2.725651105129312e-10	3.320708245650715e-10	2.7445535167846627e-10
BEL__SAMEA117989529	0.0	0.0	0.0	1.0	0.0	0.0	0.0	0.0	0.0
NODE_0289	8.401156931566904e-10	6.757921805923792e-11	2.7208926451816287e-10	0.999999918590564	6.768956920564952e-10	2.1048846145223088e-10	7.793275881575405e-08	7.718516940317889e-10	6.376570900732505e-10
BEL__SAMEA117989549	0.0	0.0	0.0	1.0	0.0	0.0	0.0	0.0	0.0
NODE_0365	0.9999995490271791	5.127535553828794e-10	2.064462149309072e-09	6.259379781949142e-09	4.250410103748747e-07	1.5920994761838695e-09	4.799567325982762e-09	5.865360445769816e-09	4.838187677216922e-09
NODE_0367	2.71841619555012e-07	3.3378298676237087e-10	1.3438860345682039e-09	4.07461724441656e-09	0.9999717252396783	1.036395969963862e-09	3.1243350736985017e-09	2.7989856209283028e-05	3.1494754477372515e-09
CHN__SAMN44584073	0.0	0.0	0.0	0.0	1.0	0.0	0.0	0.0	0.0
CHN__SAMN44590224	0.0	0.0	0.0	0.0	1.0	0.0	0.0	0.0	0.0
NODE_0431	1.2291137427414717e-11	9.887036636850133e-13	3.9807452705750055e-12	1.2069485736062539e-11	0.9999999999377285	3.0699242716680365e-12	9.254640459311157e-12	1.1287537106579655e-11	9.329109143842272e-12
CHN__SAMN50152053	0.0	0.0	0.0	0.0	1.0	0.0	0.0	0.0	0.0
CHN__SAMN42391134	0.0	0.0	0.0	0.0	1.0	0.0	0.0	0.0	0.0
NODE_0464	1.6427488641445747e-05	1.321433292960723e-06	5.320390248912445e-06	1.6131244240669324e-05	0.9999167724873721	4.103049567279375e-06	1.2369115708274737e-05	1.5086145499902289e-05	1.246864542849003e-05
CHN__SAMN44583833	0.0	0.0	0.0	0.0	1.0	0.0	0.0	0.0	0.0
CHN__SAMN44583834	0.0	0.0	0.0	0.0	1.0	0.0	0.0	0.0	0.0
NODE_0487	8.273513637285453e-09	6.655245125228917e-10	2.679552683969077e-09	8.124313589530772e-09	0.9999982107565628	2.0664532047642624e-09	6.229561299794998e-09	1.7549248299950684e-06	6.279688286061108e-09
JPN__SAMD00920272	0.0	0.0	0.0	0.0	0.0	0.0	0.0	1.0	0.0
JPN__SAMD00885979	0.0	0.0	0.0	0.0	0.0	0.0	0.0	1.0	0.0
NODE_0512	2.0607644501957546e-13	1.657686584282976e-14	6.674222290110158e-14	2.0236017442572853e-13	1.6603934462476472e-13	5.147115831392392e-14	1.5516573767496485e-13	0.999999999998979	1.5641429923926952e-13
NODE_0517	1.0281958895582738e-13	8.27084595706096e-15	3.3300302341869316e-14	1.009653963775748e-13	8.284351548859247e-14	2.5680971643388245e-14	7.741824819547972e-14	0.9999999999994907	7.80412043359336e-14
NODE_0524	2.3490947697439588e-08	1.8896205651470655e-09	7.608041119069709e-09	2.3067324715485982e-08	1.892706155682667e-08	5.867270700269335e-09	1.7687563601997326e-08	0.9999998836322812	1.7829888914341142e-08
NODE_0653	2.479462970743309e-10	1.9944892306528123e-11	8.030266159369053e-11	0.999999998787491	1.9977460628481065e-10	6.192887842592495e-11	1.86716756914272e-10	2.2770089789550081e-10	1.8819397967666427e-10
BEL__SAMEA117989587	0.0	0.0	0.0	1.0	0.0	0.0	0.0	0.0	0.0
NODE_0290	5.622964985415237e-11	4.523133926474523e-12	1.8211163412586568e-11	0.9999999984020033	4.530519821554311e-11	1.4055539080858376e-11	1.3653490597457602e-09	5.1644073162837484e-11	4.2678925569087364e-11
BEL__SAMEA117989556	0.0	0.0	0.0	1.0	0.0	0.0	0.0	0.0	0.0
AUS__SAMN44480251	1.0	0.0	0.0	0.0	0.0	0.0	0.0	0.0	0.0
NODE_0366	0.9999999473531374	1.7230482518532703e-10	6.937383193234145e-10	2.10339124473154e-09	4.393549199613341e-08	5.350063769263763e-10	1.612838371156968e-09	1.9682752019973826e-09	1.6258162877372417e-09
CHN__SAMN50152004	0.0	0.0	0.0	0.0	1.0	0.0	0.0	0.0	0.0
NODE_0368	9.28493700142779e-08	2.71260353359893e-10	1.0921557271339427e-09	3.311379421245427e-09	0.9999318498788987	8.42263231448979e-10	2.539099563829981e-09	6.804665604219005e-05	2.5595307632013406e-09
NODE_0432	1.2393321160798607e-11	9.96923361183499e-13	4.0138396376179076e-12	1.2169826743541933e-11	0.9999999999372108	3.095446427378799e-12	9.331579938577635e-12	1.1381377483506985e-11	9.4066677267719e-12
NODE_0462	5.301801270480292e-07	4.2647886505295654e-08	1.717100671734354e-07	5.206191468234166e-07	0.9999973139185069	1.3242166154211944e-07	3.992003574508472e-07	4.868896708668995e-07	4.0241257575521207e-07
CHN__SAMN44583828	0.0	0.0	0.0	0.0	1.0	0.0	0.0	0.0	0.0
CHN__SAMN44590238	0.0	0.0	0.0	0.0	1.0	0.0	0.0	0.0	0.0
NODE_0488	6.352151002328989e-09	5.109693879327246e-10	2.057278686356536e-09	6.237599763950492e-09	0.9999983323458413	1.5865596373412219e-09	4.782866843445005e-09	1.641305380516375e-06	4.821352812044735e-09
JPN__SAMD00920271	0.0	0.0	0.0	0.0	0.0	0.0	0.0	1.0	0.0
JPN__SAMD00892050	0.0	0.0	0.0	0.0	0.0	0.0	0.0	1.0	0.0
NODE_0513	2.2534804657455216e-09	1.8127080635806162e-10	7.298373937583188e-10	2.212842423936022e-09	1.8156680625073623e-09	5.628457429897205e-10	1.696763348039674e-09	0.9999999888368751	1.7104165780105908e-09
NODE_0518	1.0212960951290097e-13	8.215343754183698e-15	3.3076837880549644e-14	1.0028785964887448e-13	8.228758715579744e-14	2.5508637337364844e-14	7.689872657217111e-14	0.9999999999994942	7.751750231339248e-14
JPN__SAMD01697903	0.0	0.0	0.0	0.0	0.0	0.0	0.0	1.0	0.0
JPN__SAMD01697907	0.0	0.0	0.0	0.0	0.0	0.0	0.0	1.0	0.0
JPN__SAMD01697934	0.0	0.0	0.0	0.0	0.0	0.0	0.0	1.0	0.0
NODE_0654	1.9655046703036777e-10	1.581059263225567e-11	6.365703310055793e-11	0.9999999990388455	1.58364099925703e-10	4.909188046326569e-11	1.4799486990031089e-10	1.805016584344388e-10	1.4918397666839496e-10
BEL__SAMEA117989611	0.0	0.0	0.0	1.0	0.0	0.0	0.0	0.0	0.0
NODE_0291	3.2002814423206184e-10	2.5743182886869304e-11	1.0364789500678953e-10	0.9999999984037101	2.578521932684941e-10	7.993283251643315e-11	2.72283574452195e-10	2.938972275335851e-10	2.4290489828508225e-10
BEL__SAMEA117989576	0.0	0.0	0.0	1.0	0.0	0.0	0.0	0.0	0.0
AUS__SAMN44480252	1.0	0.0	0.0	0.0	0.0	0.0	0.0	0.0	0.0
AUS__SAMN45810584	1.0	0.0	0.0	0.0	0.0	0.0	0.0	0.0	0.0
NODE_0369	5.892191101919862e-10	4.209592058153647e-12	1.6948772713240266e-11	5.138810865852537e-11	0.999999590918217	1.3070780768608549e-11	3.9403374751774243e-11	4.083278229862099e-07	3.97204392013646e-11
JPN__SAMD01593374	0.0	0.0	0.0	0.0	0.0	0.0	0.0	1.0	0.0
NODE_0433	2.4857510772972655e-11	1.9995474069397945e-12	8.050631524717344e-12	2.440924393532871e-11	0.9999999998740631	6.208593476873152e-12	1.8716520442136427e-11	2.2827866769313428e-11	1.886712539134581e-11
NODE_0461	1.6511232785748812e-06	1.3281697030589397e-07	5.347512564348381e-07	1.6213478188594291e-06	0.999991634820969	4.123966116518555e-07	1.2432171056136105e-06	1.5163051737568796e-06	1.2532208159520796e-06
CHN__SAMN44584005	0.0	0.0	0.0	0.0	1.0	0.0	0.0	0.0	0.0
CHN__SAMN44590265	0.0	0.0	0.0	0.0	1.0	0.0	0.0	0.0	0.0
NODE_0489	4.857193842711809e-10	3.9071447828791885e-11	1.573105136267929e-10	4.769601849145684e-10	0.9999999038086425	1.2131682163669296e-10	3.6572353796334315e-10	9.417658926533138e-08	3.686663806263225e-10
JPN__SAMD00920275	0.0	0.0	0.0	0.0	0.0	0.0	0.0	1.0	0.0
JPN__SAMD00892053	0.0	0.0	0.0	0.0	0.0	0.0	0.0	1.0	0.0
JPN__SAMD01697899	0.0	0.0	0.0	0.0	0.0	0.0	0.0	1.0	0.0
JPN__SAMD00892035	0.0	0.0	0.0	0.0	0.0	0.0	0.0	1.0	0.0
NODE_0519	1.0282469000793387e-13	8.271256287588637e-15	3.330195442567098e-14	1.0097040544008035e-13	8.284762549421964e-14	2.5682245719425978e-14	7.742208904450518e-14	0.9999999999994907	7.80450760908571e-14
NODE_0655	3.251037239841818e-10	2.615146440913328e-11	1.0529172904777803e-10	0.9999999984102077	2.619416753830178e-10	8.120028101244912e-11	2.4478779874732834e-10	2.9855823915844637e-10	2.467573194123778e-10
BEL__SAMEA117989597	0.0	0.0	0.0	1.0	0.0	0.0	0.0	0.0	0.0
BEL__SAMEA117989540	0.0	0.0	0.0	1.0	0.0	0.0	0.0	0.0	0.0
BEL__SAMEA117989578	0.0	0.0	0.0	1.0	0.0	0.0	0.0	0.0	0.0
NODE_0370	4.7546519444220494e-11	3.0393241077984528e-12	1.22370084305845e-11	3.7102197871526374e-11	0.9999999923745045	9.43709949776097e-12	2.844922385758792e-11	7.459005985318978e-09	2.8678144287928963e-11
NODE_0389	3.680469533231382e-09	2.96054713283338e-10	1.1919834456176907e-09	3.614053705181486e-09	0.9999999813193514	9.192497038625238e-10	2.7711841559380046e-09	3.414170428520924e-09	2.7934828545847514e-09
NODE_0434	1.194922715077915e-11	9.612002739330492e-13	3.870010383367394e-12	1.1733741283505868e-11	0.9999999999394583	2.984526263292091e-12	8.997198322788619e-12	1.0975989250219969e-11	9.069595465228607e-12
NODE_0460	5.440036568745054e-06	4.3759856383202297e-07	1.761871101895407e-06	5.3419339062696856e-06	0.9999724388357768	1.3587432733363294e-06	4.096088163244138e-06	4.99584476922632e-06	4.129047876652925e-06
CHN__SAMN44584104	0.0	0.0	0.0	0.0	1.0	0.0	0.0	0.0	0.0
CHN__SAMN44590242	0.0	0.0	0.0	0.0	1.0	0.0	0.0	0.0	0.0
NODE_0490	1.9708166243675113e-13	1.5853322188208112e-14	6.382907198745502e-14	1.9352759886276723e-13	0.999999999430359	4.9224555708391304e-14	1.4839309524823198e-13	5.688236242076714e-10	1.495871598523861e-13
CHN__SAMN42391136	0.0	0.0	0.0	0.0	1.0	0.0	0.0	0.0	0.0
JPN__SAMD00892042	0.0	0.0	0.0	0.0	0.0	0.0	0.0	1.0	0.0
NODE_0520	1.5373403652738465e-11	1.2366423046307243e-12	4.979002492216971e-12	1.509616804768625e-11	1.2386616369038126e-11	3.839773600319981e-12	1.157543996901523e-11	0.9999999999238445	1.1668583272761209e-11
NODE_0656	2.085054805875146e-11	1.6772258366867937e-12	6.752891753422467e-12	0.9999999998980384	1.6799646045977566e-11	5.207785198168193e-12	1.5699470047196993e-11	1.9148051697532184e-11	1.5825796408000554e-11
BEL__SAMEA117989552	0.0	0.0	0.0	1.0	0.0	0.0	0.0	0.0	0.0
NODE_0371	1.203566132354857e-11	9.634933540266832e-13	3.879242844086475e-12	1.1761733793798195e-11	0.9999999998952069	2.9916462755818084e-12	9.018662420263377e-12	5.5051173299878464e-11	9.091232276393391e-12
CHN__SAMN42391132	0.0	0.0	0.0	0.0	1.0	0.0	0.0	0.0	0.0
CHN__SAMN42391141	0.0	0.0	0.0	0.0	1.0	0.0	0.0	0.0	0.0
NODE_0390	2.1353840987033222e-10	1.7176973926350637e-11	6.915839419999808e-11	2.0968592451666632e-10	0.9999999989168674	5.333449354660477e-11	1.607829764429617e-10	1.973785502614034e-10	1.620767378595555e-10
NODE_0435	7.350396562666067e-09	5.912686318872521e-10	2.380581661093535e-09	7.217843506462313e-09	0.9999999627602711	1.8358887407591414e-09	5.534498155484342e-09	6.7502193703102285e-09	5.579032224526878e-09
NODE_0445	1.4327133851240314e-11	1.152479972864998e-12	4.640145849481079e-12	1.4068766107074231e-11	0.9999999999270055	3.578449611608541e-12	1.0787648693107503e-11	1.3565433338874919e-11	1.0874452930494303e-11
CHN__SAMN44583819	0.0	0.0	0.0	0.0	1.0	0.0	0.0	0.0	0.0
CHN__SAMN50152051	0.0	0.0	0.0	0.0	1.0	0.0	0.0	0.0	0.0
NODE_0491	1.969313509919337e-09	1.5841231079711244e-10	6.378039044137324e-10	1.9337999805284183e-09	0.9999997231765864	4.91870128238959e-10	1.4827991789691522e-09	2.686546838849653e-07	1.494730718045914e-09
CHN__SAMN44583837	0.0	0.0	0.0	0.0	1.0	0.0	0.0	0.0	0.0
NODE_0521	3.3374557359617454e-11	2.6846618004384326e-12	1.080905751411616e-11	3.27726987333857e-11	2.689045626056926e-11	8.335873250098166e-12	2.512945044150266e-11	0.9999999998346715	2.533165787739346e-11
JPN__SAMD00892048	0.0	0.0	0.0	0.0	0.0	0.0	0.0	1.0	0.0
NODE_0657	1.1670019168890366e-10	9.387406800790405e-12	3.779582962799178e-11	0.9999999994293236	9.40273564199409e-11	2.9147892380976606e-11	8.78696803147934e-11	1.0717134615716517e-10	8.857673521286899e-11
NODE_0666	4.514602507332599e-08	3.6315630391744528e-09	1.4621496737564709e-08	0.9999997792311013	3.637493074415281e-08	1.1276001017839797e-08	3.399280438348971e-08	4.145974578732066e-08	3.4266331965364026e-08
NODE_0372	1.27316035609158e-11	1.0241051633117996e-12	4.123279740089714e-12	1.250164545234012e-11	0.9999999999352172	3.1798459063797513e-12	9.586011893240346e-12	1.1973041096265087e-11	9.663147001700558e-12
CHN__SAMN42391121	0.0	0.0	0.0	0.0	1.0	0.0	0.0	0.0	0.0
CHN__SAMN42391143	0.0	0.0	0.0	0.0	1.0	0.0	0.0	0.0	0.0
CHN__SAMN50152092	0.0	0.0	0.0	0.0	1.0	0.0	0.0	0.0	0.0
NODE_0436	3.8925916334125997e-13	3.1312151799723026e-14	1.2606982735727417e-13	3.822394751766414e-13	0.9999999999980279	9.722421220717561e-14	2.930935906859651e-13	3.574752357946817e-13	2.9545200690308844e-13
CHN__SAMN50152036	0.0	0.0	0.0	0.0	1.0	0.0	0.0	0.0	0.0
NODE_0446	4.475107721180739e-06	3.599793286378652e-07	1.4493584504775158e-06	4.3944060610422336e-06	0.9999773275092061	1.1177355954819433e-06	3.3695427474303527e-06	4.109704672263861e-06	3.3966562173675123e-06
NODE_0448	1.978575226040221e-10	1.5915732668476367e-11	6.408035074092521e-11	1.942894675895109e-10	0.9999999989354885	4.9418340211492945e-11	1.4897728096230418e-10	2.437966431700949e-10	1.5017604629382207e-10
NODE_0492	1.0335419663598263e-12	8.313849997584069e-14	3.347344636592395e-13	1.0149036323341936e-12	0.9999999995382388	2.5814499162938074e-13	7.782078228932102e-13	4.5747403595723973e-10	7.844697747342863e-13
JPN__SAMD01797763	0.0	0.0	0.0	0.0	0.0	0.0	0.0	1.0	0.0
NODE_0522	1.6803680576710427e-10	1.3516943120764382e-11	5.4422279775992074e-11	1.6500652135057652e-10	1.3539015145451755e-10	4.1970100131449395e-11	1.265237029924539e-10	0.9999999991675917	1.2754179264869484e-10
JPN__SAMD00892047	0.0	0.0	0.0	0.0	0.0	0.0	0.0	1.0	0.0
NODE_0658	1.8200665481593224e-11	1.464068297130871e-12	5.8946711372349676e-12	0.9999999999109966	1.466458996811232e-11	4.545931168081177e-12	1.3704233326906526e-11	1.6714538274439398e-11	1.3814506246559818e-11
BEL__SAMEA117989604	0.0	0.0	0.0	1.0	0.0	0.0	0.0	0.0	0.0
BEL__SAMEA117989533	0.0	0.0	0.0	1.0	0.0	0.0	0.0	0.0	0.0
BEL__SAMEA117989560	0.0	0.0	0.0	1.0	0.0	0.0	0.0	0.0	0.0
NODE_0373	1.6710353576312651e-10	1.3441868219190225e-11	5.41200111889957e-11	1.6409005316403376e-10	0.9999999991533717	4.173699260793058e-11	1.2582097350220663e-10	1.534813971007579e-10	1.2683340855296072e-10
CHN__SAMN42391131	0.0	0.0	0.0	0.0	1.0	0.0	0.0	0.0	0.0
NODE_0437	9.048683351613188e-11	7.278794524997285e-12	2.930607819624831e-11	8.885504314584293e-11	0.9999999995415614	2.2600652552949867e-11	6.813227135720736e-11	8.309837042320225e-11	6.86805066608256e-11
CHN__SAMN42391116	0.0	0.0	0.0	0.0	1.0	0.0	0.0	0.0	0.0
NODE_0447	1.3016992176436259e-11	1.0470916895206105e-12	4.2158287098706375e-12	1.2782250815088384e-11	0.999999999934051	3.2512190562138997e-12	9.801174477627057e-12	1.1954124114428515e-11	9.880040920188257e-12
CHN__SAMN43024013	0.0	0.0	0.0	0.0	1.0	0.0	0.0	0.0	0.0
NODE_0449	9.411331368224403e-11	7.570509937642401e-12	3.048059063298065e-11	9.24161253398617e-11	0.9999999988162482	2.350642873098192e-11	7.086283801699697e-11	7.933688687609532e-10	7.143304518522445e-11
NODE_0459	0.0021363446258058937	0.000171848355850038	0.000691900470214166	0.0020978189480630968	0.9891765166432224	0.0005335890399191934	0.0016085656454313893	0.001961907090532936	0.001621509180960822
CHN__SAMN50151991	0.0	0.0	0.0	0.0	1.0	0.0	0.0	0.0	0.0
NODE_0493	1.0924044211359815e-08	8.787341771916294e-10	3.537983167687154e-09	1.0727045935963984e-08	0.9999998793352931	2.7284690832947657e-09	8.225284448635368e-09	7.535167556970302e-08	8.291470284322572e-09
NODE_0523	2.338597150580906e-09	1.881176241269163e-10	7.574042355259311e-10	2.296424160743409e-09	1.8842480429381963e-09	5.841051079787749e-10	1.7608521534811543e-09	0.9999999884152304	1.7750210824741324e-09
JPN__SAMD01697906	0.0	0.0	0.0	0.0	0.0	0.0	0.0	1.0	0.0
BEL__SAMEA117989526	0.0	0.0	0.0	1.0	0.0	0.0	0.0	0.0	0.0
NODE_0659	1.1868112925971997e-13	9.54675415536712e-15	3.8437398230808224e-14	0.9999999999994196	9.562343197321275e-14	2.964266581957994e-14	8.936123178919424e-14	1.0899053550934406e-13	9.008028872159989e-14
NODE_0374	9.904515884776216e-14	7.96722928871825e-15	3.207787274949953e-14	9.725903097974147e-14	0.9999999999994933	2.473824207368654e-14	7.457628127842287e-14	9.600522330145353e-14	7.517636915741109e-14
CHN__SAMN40924133	0.0	0.0	0.0	0.0	1.0	0.0	0.0	0.0	0.0
CHN__SAMN39683369	0.0	0.0	0.0	0.0	1.0	0.0	0.0	0.0	0.0
NODE_0438	1.1321303437494896e-11	9.106898570163761e-13	3.666643984879084e-12	1.1117141205150563e-11	0.999999999942642	2.8276914496264598e-12	8.524401705173737e-12	1.0396892345168589e-11	8.592994427299469e-12
CHN__SAMN42391137	0.0	0.0	0.0	0.0	1.0	0.0	0.0	0.0	0.0
CHN__SAMN42391138	0.0	0.0	0.0	0.0	1.0	0.0	0.0	0.0	0.0
NODE_0450	7.416100804665176e-09	5.965539055381057e-10	2.401861371953424e-09	7.282362873875639e-09	0.9999999618700459	1.8522995122158682e-09	5.5839703170270805e-09	7.3679028684950974e-09	5.628902470339577e-09
NODE_0455	1.975835936125833e-05	1.5893697718576534e-06	6.399163303326148e-06	1.9402047848460594e-05	0.9993857299561358	4.934992170551678e-06	1.4877102549228674e-05	0.0005323121957430746	1.499681311619743e-05
CHN__SAMN43024012	0.0	0.0	0.0	0.0	1.0	0.0	0.0	0.0	0.0
CHN__SAMN43024032	0.0	0.0	0.0	0.0	1.0	0.0	0.0	0.0	0.0
NODE_0494	6.403304882690342e-05	5.1508422508458925e-06	2.0738459543187293e-05	6.287831163038792e-05	0.9980295417315033	1.5993362041836893e-05	4.821383276414607e-05	0.0017048486197139127	4.860179172569998e-05
CHN__SAMN44584012	0.0	0.0	0.0	0.0	1.0	0.0	0.0	0.0	0.0
JPN__SAMD00892045	0.0	0.0	0.0	0.0	0.0	0.0	0.0	1.0	0.0
JPN__SAMD00892049	0.0	0.0	0.0	0.0	0.0	0.0	0.0	1.0	0.0
BEL__SAMEA117989537	0.0	0.0	0.0	1.0	0.0	0.0	0.0	0.0	0.0
NODE_0660	2.115085683558242e-11	1.7013827863298167e-12	6.850153113499385e-12	0.9999999998965698	1.7041610004960695e-11	5.282792512050513e-12	1.5925586755143064e-11	1.9423839555375644e-11	1.6053734088500402e-11
NODE_0375	3.176572103003974e-10	2.5552464080278504e-11	1.0288001782049853e-10	3.119287528365276e-10	0.9999999982741348	7.93403853573297e-11	2.3918073392289893e-10	4.082203763182912e-10	2.411053332305365e-10
CHN__SAMN42391119	0.0	0.0	0.0	0.0	1.0	0.0	0.0	0.0	0.0
NODE_0439	2.8822240206392513e-08	2.318471716385623e-09	9.334693153219999e-09	2.8302475593228524e-08	0.9999998539762583	7.198853262847441e-09	2.1701772672976387e-08	2.6468836404473324e-08	2.187639884781873e-08
NODE_0441	1.5420906278878245e-08	1.2404634335357162e-09	4.99438722413969e-09	1.5142814037286922e-08	0.9999999218721926	3.851638203235347e-09	1.1611207181642497e-08	1.4161752958183124e-08	1.1704638290980214e-08
NODE_0451	2.1486822348991247e-09	1.7284079771179562e-10	6.95896266318317e-10	2.1099340674202144e-09	0.9999999891139828	5.366705712935951e-10	1.6178552768393523e-09	1.973264350680077e-09	1.6308735626125976e-09
CHN__SAMN50152080	0.0	0.0	0.0	0.0	1.0	0.0	0.0	0.0	0.0
NODE_0456	5.209401867751334e-05	4.19046222749514e-06	1.6871751674765574e-05	5.115458346109078e-05	0.9963071192258969	1.3011382656101693e-05	3.9224312297225206e-05	0.0034767943272117786	3.953993589721856e-05
CHN__SAMN43024015	0.0	0.0	0.0	0.0	1.0	0.0	0.0	0.0	0.0
NODE_0495	7.453271755561193e-05	5.995439506458575e-06	2.4138999719492375e-05	7.318863504047969e-05	0.9976976756617796	1.8615836004485928e-05	5.611958270794999e-05	0.0019931619713573724	5.657115632867273e-05
CHN__SAMN44590307	0.0	0.0	0.0	0.0	1.0	0.0	0.0	0.0	0.0
NODE_0661	1.7495852744865114e-11	1.4073728985861722e-12	5.66640259944175e-12	0.9999999999144433	1.4096710194767019e-11	4.369891990239399e-12	1.317354294010495e-11	1.6067275157809494e-11	1.3279545590091938e-11
NODE_0664	1.0546980832816456e-05	8.484030588546309e-07	3.415863203631146e-06	0.999948424133912	8.49788429281404e-06	2.634290979389951e-06	7.941373702424997e-06	9.685795005032884e-06	8.00527501286376e-06
NODE_0376	6.060693925754657e-11	4.875244723487755e-12	1.962884136950306e-11	5.951398665869183e-11	0.9999999988351388	1.513763188777334e-11	4.563413561033102e-11	9.134629816797183e-10	4.6001336698645235e-11
CHN__SAMN50152101	0.0	0.0	0.0	0.0	1.0	0.0	0.0	0.0	0.0
CHN__SAMN50152021	0.0	0.0	0.0	0.0	1.0	0.0	0.0	0.0	0.0
NODE_0440	9.314104423617074e-09	7.492300221975469e-10	3.016570057320907e-09	9.14613892724887e-09	0.9999999528114272	2.3263587611620333e-09	7.013076548049528e-09	8.55358585861146e-09	7.069508193054583e-09
NODE_0442	5.504467298077774e-06	4.42781395650586e-07	1.782738358696137e-06	5.405202726851813e-06	0.9999721124067373	1.374835962966389e-06	4.144601430468337e-06	5.055014577745406e-06	4.177951512277553e-06
CHN__SAMN44583843	0.0	0.0	0.0	0.0	1.0	0.0	0.0	0.0	0.0
NODE_0452	8.36871121897913e-10	6.731822413824322e-11	2.7103844377701566e-10	8.217794429782117e-10	0.9999999957601077	2.0902304481944494e-10	6.301240539928285e-10	7.685435930309065e-10	6.351944302649881e-10
CHN__SAMN44583840	0.0	0.0	0.0	0.0	1.0	0.0	0.0	0.0	0.0
NODE_0457	4.92436845464189e-07	3.961180290426076e-08	1.5948610575829853e-07	4.835565070637886e-07	0.9999838610944647	1.2299462381587998e-07	3.707814659629116e-07	1.409627317635206e-05	3.7376500791034584e-07
JPN__SAMD01593369	0.0	0.0	0.0	0.0	0.0	0.0	0.0	1.0	0.0
CHN__SAMN45156021	0.0	0.0	0.0	0.0	1.0	0.0	0.0	0.0	0.0
NODE_0496	1.0690135879465291e-06	8.599185040225462e-08	3.4622269985420423e-07	1.0497355779782812e-06	2.8402983365456176e-05	2.6700464296006706e-07	8.049162627127433e-07	0.9999671627388852	8.113931275359048e-07
NODE_0662	1.1934556027198365e-13	9.600201232984672e-15	3.8652588291558225e-14	0.9999999999994164	9.615877549495368e-14	2.9808618962927574e-14	8.986151666230093e-14	1.096007141644288e-13	9.05845992029176e-14
BEL__SAMEA117989562	0.0	0.0	0.0	1.0	0.0	0.0	0.0	0.0	0.0
BEL__SAMEA117989614	0.0	0.0	0.0	1.0	0.0	0.0	0.0	0.0	0.0
NODE_0665	1.1261876833276476e-05	9.059095588822088e-07	3.6473974200200027e-06	0.9999449282158887	9.07388832558922e-06	2.812848626840505e-06	8.479656305571243e-06	1.0342318063160467e-05	8.547888977940113e-06
NODE_0377	5.885931502589631e-10	4.734665180644269e-11	1.9062836234832006e-10	5.779787813249525e-10	0.9999999601305378	1.4701132493135003e-10	4.431825788808029e-10	3.7427972580725174e-08	4.467487059282514e-10
NODE_0388	1.0181851996236787e-08	8.190319595096537e-10	3.2976084938495144e-09	9.998238011819878e-09	0.9999999484150924	2.543093733868826e-09	7.666449097291672e-09	9.350496079701592e-09	7.72813819065085e-09
CHN__SAMN44583863	0.0	0.0	0.0	0.0	1.0	0.0	0.0	0.0	0.0
CHN__SAMN44590268	0.0	0.0	0.0	0.0	1.0	0.0	0.0	0.0	0.0
NODE_0443	4.943608823761241e-07	3.97665731486852e-08	1.6010924587717169e-07	4.854458469398902e-07	0.9999974953915671	1.23475185330257e-07	3.7223017402232243e-07	4.539951518925492e-07	3.7522537319014704e-07
CHN__SAMN50152049	0.0	0.0	0.0	0.0	1.0	0.0	0.0	0.0	0.0
CHN__SAMN44583820	0.0	0.0	0.0	0.0	1.0	0.0	0.0	0.0	0.0
NODE_0453	1.6446431546518157e-08	1.3229570672864488e-09	5.326525310067118e-09	1.614984553968833e-08	0.9999999166765116	4.107780885629781e-09	1.2383378812624084e-08	1.510354608696776e-08	1.2483023302788885e-08
NODE_0458	5.401223676454645e-07	4.344764403481367e-08	1.7493007243908779e-07	5.303820944581526e-07	0.999984041657072	1.34904908182641e-07	4.0668639058915883e-07	1.3717910604309432e-05	4.0995884624608403e-07
CHN__SAMN44583870	0.0	0.0	0.0	0.0	1.0	0.0	0.0	0.0	0.0
NODE_0497	8.667165751477966e-09	6.971900349220951e-10	2.807045261533829e-09	8.510866795470863e-09	2.294722007215098e-07	2.1647746324669242e-09	6.525962573022458e-09	0.9999997345763195	6.578474591209326e-09
JPN__SAMD01697902	0.0	0.0	0.0	0.0	0.0	0.0	0.0	1.0	0.0
BEL__SAMEA117989538	0.0	0.0	0.0	1.0	0.0	0.0	0.0	0.0	0.0
NODE_0663	3.540959047875035e-11	2.8483606210308443e-12	1.146814610638778e-11	0.9999999998268433	2.853011752975711e-11	8.844157988021599e-12	2.6661733352794367e-11	3.251831401098245e-11	2.6876270505137694e-11
BEL__SAMEA117989615	0.0	0.0	0.0	1.0	0.0	0.0	0.0	0.0	0.0
BEL__SAMEA117989616	0.0	0.0	0.0	1.0	0.0	0.0	0.0	0.0	0.0
NODE_0378	5.530564366324957e-09	4.4488065352153593e-10	1.7911904471716137e-09	5.43082917475564e-09	0.9999999719755379	1.3813541573730929e-09	4.164251278588241e-09	5.083632480858849e-09	4.1977594754908536e-09
NODE_0382	9.528133649231854e-08	7.664466126677645e-09	3.085887956714855e-08	9.35630846614739e-08	0.999993401364856	2.37981626405314e-08	7.174230350335656e-08	6.203407323427828e-06	7.23195874065634e-08
CHN__SAMN44583831	0.0	0.0	0.0	0.0	1.0	0.0	0.0	0.0	0.0
CHN__SAMN44590261	0.0	0.0	0.0	0.0	1.0	0.0	0.0	0.0	0.0
NODE_0444	2.156034885401092e-07	1.7343224765139883e-08	6.982775779654106e-08	2.1171541242196622e-07	0.9999989076758805	5.3850702299469936e-08	1.6233914721036724e-07	1.9799895585965521e-07	1.6364543056019702e-07
CHN__SAMN44583838	0.0	0.0	0.0	0.0	1.0	0.0	0.0	0.0	0.0
NODE_0454	8.785056939912481e-06	7.066732459438384e-07	2.8452268206917775e-06	8.626631998294498e-06	0.9999554917703269	2.194219996895416e-06	6.614729017033502e-06	8.067736348291567e-06	6.667955306114531e-06
CHN__SAMN44590257	0.0	0.0	0.0	0.0	1.0	0.0	0.0	0.0	0.0
CHN__SAMN40924154	0.0	0.0	0.0	0.0	1.0	0.0	0.0	0.0	0.0
CHN__SAMN50152085	0.0	0.0	0.0	0.0	1.0	0.0	0.0	0.0	0.0
JPN__SAMD00885980	0.0	0.0	0.0	0.0	0.0	0.0	0.0	1.0	0.0
JPN__SAMD01697901	0.0	0.0	0.0	0.0	0.0	0.0	0.0	1.0	0.0
BEL__SAMEA117989554	0.0	0.0	0.0	1.0	0.0	0.0	0.0	0.0	0.0
BEL__SAMEA117989577	0.0	0.0	0.0	1.0	0.0	0.0	0.0	0.0	0.0
CHN__SAMN42391103	0.0	0.0	0.0	0.0	1.0	0.0	0.0	0.0	0.0
NODE_0379	1.892832213930904e-10	1.5226012691716646e-11	6.130338162838628e-11	1.858697906659399e-10	0.9999999990409071	4.727676010505617e-11	1.4252124096066702e-10	1.7394440109738914e-10	1.4366805691518686e-10
NODE_0383	1.9591061831653622e-07	1.5759122963862053e-08	6.344980453798508e-08	1.9237767271567942e-07	0.9999861473849797	4.893206717435023e-08	1.4751135485938832e-07	1.3039976055359832e-05	1.4869832442326036e-07
CHN__SAMN43024024	0.0	0.0	0.0	0.0	1.0	0.0	0.0	0.0	0.0
CHN__SAMN44583816	0.0	0.0	0.0	0.0	1.0	0.0	0.0	0.0	0.0
CHN__SAMN44583817	0.0	0.0	0.0	0.0	1.0	0.0	0.0	0.0	0.0
CHN__SAMN44583823	0.0	0.0	0.0	0.0	1.0	0.0	0.0	0.0	0.0
CHN__SAMN44583824	0.0	0.0	0.0	0.0	1.0	0.0	0.0	0.0	0.0
NODE_0380	6.850800106476265e-11	5.510809072347556e-12	2.218776763709679e-11	6.727256501201033e-11	0.9999999996529104	1.711105880266864e-11	5.158325844004834e-11	6.2917758357927e-11	5.1998329929507895e-11
CHN__SAMN42391142	0.0	0.0	0.0	0.0	1.0	0.0	0.0	0.0	0.0
CHN__SAMN42391128	0.0	0.0	0.0	0.0	1.0	0.0	0.0	0.0	0.0
NODE_0384	1.7456944492386103e-05	1.4042431042932715e-06	5.653801337519749e-06	1.714213544436846e-05	0.9987614901140726	4.360173980872171e-06	1.3144246881077068e-05	0.0011660983268903303	1.3250013796462875e-05
CHN__SAMN42391104	0.0	0.0	0.0	0.0	1.0	0.0	0.0	0.0	0.0
NODE_0381	1.2103207203876216e-11	9.73586486643674e-13	3.919880085968056e-12	1.188494454402332e-11	0.9999999999386806	3.0229854461909064e-12	9.11313796122603e-12	1.1114973073991433e-11	9.186468027251478e-12
CHN__SAMN45156024	0.0	0.0	0.0	0.0	1.0	0.0	0.0	0.0	0.0
NODE_0385	7.871321617588659e-07	6.331720369503575e-08	2.549294277070133e-07	7.729374482100283e-07	5.2428588654670676e-05	1.965998787878121e-07	5.926729884893071e-07	0.999944306380227	5.97442009825573e-07
CHN__SAMN42391118	0.0	0.0	0.0	0.0	1.0	0.0	0.0	0.0	0.0
CHN__SAMN42391129	0.0	0.0	0.0	0.0	1.0	0.0	0.0	0.0	0.0
NODE_0386	1.0814413509968608e-07	8.6991544281835e-09	3.5024769422747295e-08	1.0619392255050416e-07	7.155112403476911e-06	2.7010869184537653e-08	8.142737757519969e-08	0.9999923963047747	8.20825937037466e-08
JPN__SAMD00892052	0.0	0.0	0.0	0.0	0.0	0.0	0.0	1.0	0.0
NODE_0387	1.0870920950636534e-07	8.744609223513692e-09	3.5207780741691155e-08	1.0674880671248719e-07	6.214657879645816e-06	2.7152006296266124e-08	8.185285166150441e-08	0.999993334415365	8.251149142337868e-08
JPN__SAMD01697917	0.0	0.0	0.0	0.0	0.0	0.0	0.0	1.0	0.0
JPN__SAMD00892036	0.0	0.0	0.0	0.0	0.0	0.0	0.0	1.0	0.0
JPN__SAMD01697918	0.0	0.0	0.0	0.0	0.0	0.0	0.0	1.0	0.0
