event_id	parent_node	child_node	destination_country	transition_support	parent_country_probability	child_country_probability	top_source_state	top_source_probability_conditional	n_descendant_country_tips	n_descendant_prepandemic	n_descendant_pandemic	n_descendant_resurgence	descendant_date_lower	descendant_date_upper	n_attributed_tips	n_resurgence	n_lineages	sample_span_days	high_support_introduction	post_resurgence_candidate	high_support_post_reseeding	successful_sampled_cluster
NODE_0001->NODE_0952:AUS	NODE_0001	NODE_0952	AUS	0.16774393033772025	9.8494745937293e-05	0.1677604538610016	Europe_other	0.9945442034720818	97	60	0	37	1971-01-01	2024-10-31	0	0	0	19662	False	False	False	False
NODE_0001->NODE_0952:BEL	NODE_0001	NODE_0952	BEL	0.1647136531245894	9.671854522720982e-05	0.1647295855304578	Europe_other	0.9945424367910906	119	20	17	82	2014-01-30	2023-12-31	0	0	0	3622	False	False	False	False
NODE_0001->NODE_0952:CHN	NODE_0001	NODE_0952	CHN	0.1376487339214805	7.935891490586135e-05	0.1376596584426008	Europe_other	0.9945251705318174	388	157	78	153	1951-01-01	2024-12-31	0	0	0	27028	False	False	False	False
NODE_0001->NODE_0952:FRA	NODE_0001	NODE_0952	FRA	0.12630198522657188	7.41618476047402e-05	0.1263113527098623	Europe_other	0.9945200015342311	59	6	0	53	2000-01-01	2024-12-31	0	0	0	9131	False	False	False	False
NODE_0001->NODE_0952:JPN	NODE_0001	NODE_0952	JPN	0.1552127049237301	9.045241793301528e-05	0.1552267455581937	Europe_other	0.9945362042978382	111	50	1	60	1950-01-01	2025-12-31	0	0	0	27758	False	False	False	False
NODE_0952->NODE_0941:AUS	NODE_0952	NODE_0941	AUS	0.09960227216894518	0.1677604538610016	0.1196798116972801	BEL	0.1979353015543258	97	60	0	37	1971-01-01	2024-10-31	0	0	0	19662	False	False	False	False
NODE_0952->NODE_0941:BEL	NODE_0952	NODE_0941	BEL	0.09803995385427743	0.1647295855304578	0.11737510649954	AUS	0.20084567938102038	119	20	17	82	2014-01-30	2023-12-31	0	0	0	3622	False	False	False	False
NODE_0952->NODE_0941:CHN	NODE_0952	NODE_0941	CHN	0.13969031364682497	0.1376596584426008	0.1619897700651952	AUS	0.19454088574590384	388	157	78	153	1951-01-01	2024-12-31	0	0	0	27028	False	False	False	False
NODE_0952->NODE_0941:FRA	NODE_0952	NODE_0941	FRA	0.07863271945265457	0.1263113527098623	0.0900008483531799	AUS	0.19201400222073756	59	6	0	53	2000-01-01	2024-12-31	0	0	0	9131	False	False	False	False
NODE_0952->NODE_0941:JPN	NODE_0952	NODE_0941	JPN	0.11872252709334132	0.1552267455581937	0.1405377436715709	AUS	0.19858636974942032	111	50	1	60	1950-01-01	2025-12-31	0	0	0	27758	False	False	False	False
NODE_0941->NODE_0940:AUS	NODE_0941	NODE_0940	AUS	0.017689847195235572	0.1196798116972801	0.0200947875901177	Europe_other	0.21048153854793733	97	60	0	37	1971-01-01	2024-10-31	0	0	0	19662	False	False	False	False
NODE_0941->NODE_0940:BEL	NODE_0941	NODE_0940	BEL	0.01673889675594007	0.11737510649954	0.0189649044335858	Europe_other	0.20993193032875843	119	20	17	82	2014-01-30	2023-12-31	0	0	0	3622	False	False	False	False
NODE_0941->NODE_0940:CHN	NODE_0941	NODE_0940	CHN	0.014765026478543447	0.1619897700651952	0.0176191482527512	Europe_other	0.22110845551751987	386	155	78	153	2013-01-01	2024-12-31	0	0	0	4382	False	False	False	False
NODE_0941->NODE_0940:FRA	NODE_0941	NODE_0940	FRA	0.01323294609369278	0.0900008483531799	0.0145417125606603	Europe_other	0.20361683559094101	59	6	0	53	2000-01-01	2024-12-31	0	0	0	9131	False	False	False	False
NODE_0941->NODE_0940:JPN	NODE_0941	NODE_0940	JPN	0.043129180775817545	0.1405377436715709	0.0501815879152888	Europe_other	0.2155896274495159	107	46	1	60	1982-01-01	2025-12-31	0	0	0	16070	False	False	False	False
NODE_0941->NODE_0942:CHN	NODE_0941	NODE_0942	CHN	0.1421492381051024	0.1619897700651952	0.1696270916837868	Europe_other	0.22110845551751987	2	2	0	0	1951-01-01	1951-12-31	0	0	0	364	False	False	False	False
NODE_0941->NODE_0942:JPN	NODE_0941	NODE_0942	JPN	0.12301126135022104	0.1405377436715709	0.1431258446132559	Europe_other	0.2155896274495159	4	4	0	0	1950-01-01	1999-12-31	0	0	0	18261	False	False	False	False
NODE_0940->NODE_0004:AUS	NODE_0940	NODE_0004	AUS	0.002313865331643086	0.0200947875901177	0.0023613154643321	Europe_other	0.7002860633778611	97	60	0	37	1971-01-01	2024-10-31	0	0	0	19662	False	False	False	False
NODE_0940->NODE_0004:BEL	NODE_0940	NODE_0004	BEL	0.0006412721151949135	0.0189649044335858	0.000653668883094	Europe_other	0.6994795260466886	119	20	17	82	2014-01-30	2023-12-31	0	0	0	3622	False	False	False	False
NODE_0940->NODE_0004:CHN	NODE_0940	NODE_0004	CHN	0.0006249720160602735	0.0176191482527512	0.0006361809831174	Europe_other	0.6985213142758969	386	155	78	153	2013-01-01	2024-12-31	0	0	0	4382	False	False	False	False
NODE_0940->NODE_0004:FRA	NODE_0940	NODE_0004	FRA	0.0004935101391085247	0.0145417125606603	0.0005007925199867	Europe_other	0.6963399389182198	59	6	0	53	2000-01-01	2024-12-31	0	0	0	9131	False	False	False	False
NODE_0940->NODE_0004:JPN	NODE_0940	NODE_0004	JPN	0.0010993739475860648	0.0501815879152888	0.0011574569766163	Europe_other	0.7224685844695565	87	26	1	60	1992-01-01	2025-12-31	0	0	0	12418	False	False	False	False
NODE_0940->NODE_0958:JPN	NODE_0940	NODE_0958	JPN	0.07919645422996022	0.0501815879152888	0.0833806264674694	Europe_other	0.7224685844695565	20	20	0	0	1982-01-01	2016-12-31	0	0	0	12783	False	False	False	False
NODE_0942->NODE_0943:CHN	NODE_0942	NODE_0943	CHN	0.2857854608505457	0.1696270916837868	0.3441652033542935	Europe_other	0.20990783158990114	2	2	0	0	1951-01-01	1951-12-31	0	0	0	364	False	False	False	False
NODE_0942->NODE_0943:JPN	NODE_0942	NODE_0943	JPN	0.1629869449108429	0.1431258446132559	0.1902110641174373	Europe_other	0.20341584058745033	4	4	0	0	1950-01-01	1999-12-31	0	0	0	18261	False	False	False	False
NODE_0004->NODE_0003:AUS	NODE_0004	NODE_0003	AUS	0.002739389464058994	0.0023613154643321	0.0027458733372333	Europe_other	0.9935673870092953	2	2	0	0	1971-01-01	1977-12-31	0	0	0	2556	False	False	False	False
NODE_0004->NODE_0005:AUS	NODE_0004	NODE_0005	AUS	0.00017940931626403268	0.0023613154643321	0.0001798339609771	Europe_other	0.9935673870092953	95	58	0	37	1974-01-01	2024-10-31	0	0	0	18566	False	False	False	False
NODE_0004->NODE_0005:BEL	NODE_0004	NODE_0005	BEL	5.6601011909146374e-05	0.000653668883094	5.6638034429852777e-05	Europe_other	0.9918696152770873	119	20	17	82	2014-01-30	2023-12-31	0	0	0	3622	False	False	False	False
NODE_0004->NODE_0005:CHN	NODE_0004	NODE_0005	CHN	0.0003354809352566184	0.0006361809831174	0.0003356944977122	Europe_other	0.9918522585184257	386	155	78	153	2013-01-01	2024-12-31	0	0	0	4382	False	False	False	False
NODE_0004->NODE_0005:FRA	NODE_0004	NODE_0005	FRA	4.150011582197579e-05	0.0005007925199867	4.152090918271754e-05	Europe_other	0.9917179058826971	59	6	0	53	2000-01-01	2024-12-31	0	0	0	9131	False	False	False	False
NODE_0004->NODE_0005:JPN	NODE_0004	NODE_0005	JPN	0.00015204655264275046	0.0011574569766163	0.0001522227439197	Europe_other	0.9923698864219173	87	26	1	60	1992-01-01	2025-12-31	0	0	0	12418	False	False	False	False
NODE_0958->NODE_0959:JPN	NODE_0958	NODE_0959	JPN	0.08761171337496422	0.0833806264674694	0.0955813458724096	Europe_other	0.505416004878853	20	20	0	0	1982-01-01	2016-12-31	0	0	0	12783	False	False	False	False
NODE_0943->NODE_0944:CHN	NODE_0943	NODE_0944	CHN	0.432536215635805	0.3441652033542935	0.6595200770804308	JPN	0.29002892967905863	2	2	0	0	1951-01-01	1951-12-31	0	0	0	364	False	False	False	False
NODE_0943->NODE_0945:JPN	NODE_0943	NODE_0945	JPN	0.7960486382919082	0.1902110641174373	0.9830322483034676	CHN	0.42500605788000684	4	4	0	0	1950-01-01	1999-12-31	0	0	0	18261	True	False	False	False
NODE_0003->NODE_0002:AUS	NODE_0003	NODE_0002	AUS	0.5985418337263537	0.0027458733372333	0.6001898791126865	Europe_other	0.9941744630027243	2	2	0	0	1971-01-01	1977-12-31	0	0	0	2556	True	False	False	False
NODE_0005->NODE_0006:AUS	NODE_0005	NODE_0006	AUS	1.056781274164776e-05	0.0001798339609771	1.056971353509917e-05	Europe_other	0.9993025792729527	89	56	0	33	1974-01-01	2024-10-31	0	0	0	18566	False	False	False	False
NODE_0005->NODE_0006:BEL	NODE_0005	NODE_0006	BEL	7.547354350845671e-07	5.6638034429852777e-05	7.547781842373528e-07	Europe_other	0.9991794622926944	113	19	17	77	2014-01-30	2023-12-31	0	0	0	3622	False	False	False	False
NODE_0005->NODE_0006:CHN	NODE_0005	NODE_0006	CHN	3.4691931932157507e-06	0.0003356944977122	3.470358173359638e-06	Europe_other	0.9994583834119112	240	40	48	152	2013-01-01	2024-12-31	0	0	0	4382	False	False	False	False
NODE_0005->NODE_0006:FRA	NODE_0005	NODE_0006	FRA	5.599171394632293e-07	4.152090918271754e-05	5.599403886972562e-07	Europe_other	0.9991643569444307	53	6	0	47	2000-01-01	2024-12-31	0	0	0	9131	False	False	False	False
NODE_0005->NODE_0006:JPN	NODE_0005	NODE_0006	JPN	1.6840350144351446e-06	0.0001522227439197	1.6842914018939011e-06	Europe_other	0.999274983111767	83	23	1	59	1994-01-01	2025-12-31	0	0	0	11687	False	False	False	False
NODE_0005->NODE_0765:AUS	NODE_0005	NODE_0765	AUS	0.008397548356637538	0.0001798339609771	0.0083990587926487	Europe_other	0.9993025792729527	6	2	0	4	2013-01-01	2024-09-30	0	0	0	4290	False	False	False	False
NODE_0005->NODE_0765:BEL	NODE_0005	NODE_0765	BEL	0.0035900503401680725	5.6638034429852777e-05	0.0035902536850799	Europe_other	0.9991794622926944	6	1	0	5	2015-05-04	2023-12-05	0	0	0	3137	False	False	False	False
NODE_0005->NODE_0765:CHN	NODE_0005	NODE_0765	CHN	0.02814325796160355	0.0003356944977122	0.0281527086710001	Europe_other	0.9994583834119112	146	115	30	1	2013-01-01	2023-12-31	0	0	0	4016	False	False	False	False
NODE_0005->NODE_0765:FRA	NODE_0005	NODE_0765	FRA	0.002583965224792965	4.152090918271754e-05	0.0025840725178333	Europe_other	0.9991643569444307	6	0	0	6	2024-01-01	2024-12-31	0	0	0	365	False	True	False	False
NODE_0005->NODE_0765:JPN	NODE_0005	NODE_0765	JPN	0.01002117626589212	0.0001522227439197	0.0100227019490843	Europe_other	0.999274983111767	4	3	0	1	1992-01-01	2024-12-12	0	0	0	12034	False	False	False	False
NODE_0959->NODE_0960:JPN	NODE_0959	NODE_0960	JPN	0.0867609372490087	0.0955813458724096	0.0959300616512593	Europe_other	0.49928851534234936	20	20	0	0	1982-01-01	2016-12-31	0	0	0	12783	False	False	False	False
NODE_0944->CHN__SAMN03249373:CHN	NODE_0944	CHN__SAMN03249373	CHN	0.3404799229195692	0.6595200770804308	1.0	JPN	0.2346344567881147	1	1	0	0	1951-01-01	1951-12-31	0	0	0	364	False	False	False	False
NODE_0944->CHN__SAMN22851881:CHN	NODE_0944	CHN__SAMN22851881	CHN	0.3404799229195692	0.6595200770804308	1.0	JPN	0.2346344567881147	1	1	0	0	1951-01-01	1951-12-31	0	0	0	364	False	False	False	False
NODE_0945->NODE_0946:JPN	NODE_0945	NODE_0946	JPN	0.01679642226507092	0.9830322483034676	0.9899026438784748	Asia_other	0.7830664907571813	4	4	0	0	1950-01-01	1999-12-31	0	0	0	18261	False	False	False	False
NODE_0002->AUS__SAMEA751508:AUS	NODE_0002	AUS__SAMEA751508	AUS	0.3998101208873135	0.6001898791126865	1.0	Europe_other	0.5482490993342294	1	1	0	0	1971-01-01	1971-12-31	0	0	0	364	False	False	False	False
NODE_0002->AUS__SAMEA751511:AUS	NODE_0002	AUS__SAMEA751511	AUS	0.3998101208873135	0.6001898791126865	1.0	Europe_other	0.5482490993342294	1	1	0	0	1977-01-01	1977-12-31	0	0	0	364	False	False	False	False
NODE_0006->AUS__SAMEA751513:AUS	NODE_0006	AUS__SAMEA751513	AUS	0.9999894302864649	1.056971353509917e-05	1.0	Europe_other	0.9999921780450446	1	1	0	0	1974-01-01	1974-12-31	0	0	0	364	True	False	False	False
NODE_0006->NODE_0007:AUS	NODE_0006	NODE_0007	AUS	8.002968573921558e-06	1.056971353509917e-05	8.003053163900907e-06	Europe_other	0.9999921780450446	88	55	0	33	1977-01-01	2024-10-31	0	0	0	17470	False	False	False	False
NODE_0006->NODE_0007:BEL	NODE_0006	NODE_0007	BEL	2.5020688367404636e-07	7.547781842373528e-07	2.5020707252488623e-07	Europe_other	0.9999823631790576	113	19	17	77	2014-01-30	2023-12-31	0	0	0	3622	False	False	False	False
NODE_0006->NODE_0007:CHN	NODE_0006	NODE_0007	CHN	1.1485853425256935e-06	3.470358173359638e-06	1.1485893285420576e-06	Europe_other	0.9999850787205766	240	40	48	152	2013-01-01	2024-12-31	0	0	0	4382	False	False	False	False
NODE_0006->NODE_0007:FRA	NODE_0006	NODE_0007	FRA	1.8563077278752343e-07	5.599403886972562e-07	1.856308767297487e-07	Europe_other	0.9999821683445894	53	6	0	47	2000-01-01	2024-12-31	0	0	0	9131	False	False	False	False
NODE_0006->NODE_0007:JPN	NODE_0006	NODE_0007	JPN	5.577111723081416e-07	1.6842914018939011e-06	5.57712111657856e-07	Europe_other	0.9999832926774473	83	23	1	59	1994-01-01	2025-12-31	0	0	0	11687	False	False	False	False
NODE_0765->NODE_0766:AUS	NODE_0765	NODE_0766	AUS	0.021663182320218063	0.0083990587926487	0.0218466738180396	Europe_other	0.9513689639666527	6	2	0	4	2013-01-01	2024-09-30	0	0	0	4290	False	False	False	False
NODE_0765->NODE_0766:BEL	NODE_0765	NODE_0766	BEL	0.005254716571612827	0.0035902536850799	0.0052736503140868	Europe_other	0.9467775316266691	6	1	0	5	2015-05-04	2023-12-05	0	0	0	3137	False	False	False	False
NODE_0765->NODE_0766:CHN	NODE_0765	NODE_0766	CHN	0.09013687000979925	0.0281527086710001	0.0927479767799087	Europe_other	0.9707063738529609	146	115	30	1	2013-01-01	2023-12-31	0	0	0	4016	False	False	False	False
NODE_0765->NODE_0766:FRA	NODE_0765	NODE_0766	FRA	0.0034424007989008556	0.0025840725178333	0.0034513192581461	Europe_other	0.9458224338628909	6	0	0	6	2024-01-01	2024-12-31	0	0	0	365	False	True	False	False
NODE_0765->NODE_0766:JPN	NODE_0765	NODE_0766	JPN	0.006224841553348365	0.0100227019490843	0.0062878629293863	Europe_other	0.9529292863201358	3	2	0	1	2018-01-01	2024-12-12	0	0	0	2537	False	False	False	False
NODE_0765->JPN__SAMEA41226418:JPN	NODE_0765	JPN__SAMEA41226418	JPN	0.9899772980509157	0.0100227019490843	1.0	Europe_other	0.9529292863201358	1	1	0	0	1992-01-01	1992-12-31	0	0	0	365	True	False	False	False
NODE_0960->NODE_0961:JPN	NODE_0960	NODE_0961	JPN	0.6293167721540138	0.0959300616512593	0.6960930183160873	Europe_other	0.49825289590506816	20	20	0	0	1982-01-01	2016-12-31	0	0	0	12783	True	False	False	False
NODE_0946->NODE_0947:JPN	NODE_0946	NODE_0947	JPN	0.010097351366979526	0.9899026438784748	0.9999995291296456	Asia_other	0.6568022913870614	4	4	0	0	1950-01-01	1999-12-31	0	0	0	18261	False	False	False	False
NODE_0007->NODE_0008:AUS	NODE_0007	NODE_0008	AUS	7.723117995994976e-06	8.003053163900907e-06	7.72317980501355e-06	Europe_other	0.9999973939634477	88	55	0	33	1977-01-01	2024-10-31	0	0	0	17470	False	False	False	False
NODE_0007->NODE_0008:BEL	NODE_0007	NODE_0008	BEL	1.9387825529663328e-07	2.5020707252488623e-07	1.938783038063561e-07	Europe_other	0.9999896411356207	113	19	17	77	2014-01-30	2023-12-31	0	0	0	3622	False	False	False	False
NODE_0007->NODE_0008:CHN	NODE_0007	NODE_0008	CHN	8.820385578607965e-07	1.1485893285420576e-06	8.82039570962035e-07	Europe_other	0.9999905395096024	240	40	48	152	2013-01-01	2024-12-31	0	0	0	4382	False	False	False	False
NODE_0007->NODE_0008:FRA	NODE_0007	NODE_0008	FRA	1.4389260462504305e-07	1.856308767297487e-07	1.4389263133595838e-07	Europe_other	0.9999895765600819	53	6	0	47	2000-01-01	2024-12-31	0	0	0	9131	False	False	False	False
NODE_0007->NODE_0008:JPN	NODE_0007	NODE_0008	JPN	4.2942009491467283e-07	5.57712111657856e-07	4.294203344075943e-07	Europe_other	0.999989948637646	83	23	1	59	1994-01-01	2025-12-31	0	0	0	11687	False	False	False	False
NODE_0766->NODE_0767:AUS	NODE_0766	NODE_0767	AUS	0.08560550067453407	0.0218466738180396	0.0875174662122545	Europe_other	0.8849191731265273	6	2	0	4	2013-01-01	2024-09-30	0	0	0	4290	False	False	False	False
NODE_0766->NODE_0767:BEL	NODE_0766	NODE_0767	BEL	0.008005576432711199	0.0052736503140868	0.0080480188699525	Europe_other	0.8701756346046463	6	1	0	5	2015-05-04	2023-12-05	0	0	0	3137	False	False	False	False
NODE_0766->NODE_0767:CHN	NODE_0766	NODE_0767	CHN	0.010986563030636639	0.0927479767799087	0.0121097145549946	Europe_other	0.9540751747498933	1	1	0	0	2013-01-01	2013-12-31	0	0	0	364	False	False	False	False
NODE_0766->NODE_0767:FRA	NODE_0766	NODE_0767	FRA	0.003301259776987032	0.0034513192581461	0.00331269293792	Europe_other	0.8685843946444645	6	0	0	6	2024-01-01	2024-12-31	0	0	0	365	False	True	False	False
NODE_0766->NODE_0767:JPN	NODE_0766	NODE_0767	JPN	0.002306345589031973	0.0062878629293863	0.0023209393374533	Europe_other	0.8710637621349631	1	0	0	1	2024-12-12	2024-12-12	0	0	0	0	False	True	False	False
NODE_0766->NODE_0794:CHN	NODE_0766	NODE_0794	CHN	0.8081636296849514	0.0927479767799087	0.8907818434138647	Europe_other	0.9540751747498933	145	114	30	1	2013-01-01	2023-12-31	0	0	0	4016	True	False	False	False
NODE_0766->NODE_0794:JPN	NODE_0766	NODE_0794	JPN	0.00399405434706371	0.0062878629293863	0.0040193273263602	Europe_other	0.8710637621349631	2	2	0	0	2018-01-01	2018-12-31	0	0	0	364	False	False	False	False
NODE_0961->NODE_0962:JPN	NODE_0961	NODE_0962	JPN	0.24075420190091582	0.6960930183160873	0.7921970089891492	Unknown_other	0.46102224216249965	19	19	0	0	1982-01-01	2016-12-31	0	0	0	12783	False	False	False	False
NODE_0961->JPN__SAMEA751448:JPN	NODE_0961	JPN__SAMEA751448	JPN	0.3039069816839127	0.6960930183160873	1.0	Unknown_other	0.46102224216249965	1	1	0	0	1991-01-01	1991-12-31	0	0	0	364	False	False	False	False
NODE_0947->JPN__SAMN04875532:JPN	NODE_0947	JPN__SAMN04875532	JPN	4.708703543743198e-07	0.9999995291296456	1.0	Asia_other	0.6566568568030348	1	1	0	0	1950-01-01	1950-12-31	0	0	0	364	False	False	False	False
NODE_0947->NODE_0948:JPN	NODE_0947	NODE_0948	JPN	4.7087034894274796e-07	0.9999995291296456	0.9999999884648252	Asia_other	0.6566568568030348	3	3	0	0	1954-01-01	1999-12-31	0	0	0	16800	False	False	False	False
NODE_0008->NODE_0009:AUS	NODE_0008	NODE_0009	AUS	7.482939488220636e-06	7.72317980501355e-06	7.482997280754116e-06	Europe_other	0.9999979870094058	86	53	0	33	1977-01-01	2024-10-31	0	0	0	17470	False	False	False	False
NODE_0008->NODE_0009:BEL	NODE_0008	NODE_0009	BEL	1.9443533956075155e-07	1.938783038063561e-07	1.944353772575527e-07	Europe_other	0.9999904577216012	113	19	17	77	2014-01-30	2023-12-31	0	0	0	3622	False	False	False	False
NODE_0008->NODE_0009:CHN	NODE_0008	NODE_0009	CHN	8.437366775052829e-07	8.82039570962035e-07	8.437374217150763e-07	Europe_other	0.9999911458769087	240	40	48	152	2013-01-01	2024-12-31	0	0	0	4382	False	False	False	False
NODE_0008->NODE_0009:FRA	NODE_0008	NODE_0009	FRA	1.4457545865385094e-07	1.4389263133595838e-07	1.445754794571971e-07	Europe_other	0.9999904077363986	53	6	0	47	2000-01-01	2024-12-31	0	0	0	9131	False	False	False	False
NODE_0008->NODE_0009:JPN	NODE_0008	NODE_0009	JPN	4.1663990688185625e-07	4.294203344075943e-07	4.166400857955812e-07	Europe_other	0.9999906932614854	83	23	1	59	1994-01-01	2025-12-31	0	0	0	11687	False	False	False	False
NODE_0008->NODE_0762:AUS	NODE_0008	NODE_0762	AUS	0.11805626160874667	7.72317980501355e-06	0.118057173385524	Europe_other	0.9999979870094058	2	2	0	0	1995-01-01	2000-12-31	0	0	0	2191	False	False	False	False
NODE_0767->NODE_0768:AUS	NODE_0767	NODE_0768	AUS	0.08005823245998052	0.0875174662122545	0.0877367286447184	Europe_other	0.9689720786680042	5	1	0	4	2013-01-01	2024-09-30	0	0	0	4290	False	False	False	False
NODE_0767->NODE_0768:BEL	NODE_0767	NODE_0768	BEL	0.005113678488039724	0.0080480188699525	0.00515516737233	Europe_other	0.8913436480113668	5	0	0	5	2023-06-12	2023-12-05	0	0	0	176	False	True	False	False
NODE_0767->NODE_0768:CHN	NODE_0767	NODE_0768	CHN	0.007707379735688256	0.0121097145549946	0.007801858009178	Europe_other	0.8950083936844013	1	1	0	0	2013-01-01	2013-12-31	0	0	0	364	False	False	False	False
NODE_0767->NODE_0768:FRA	NODE_0767	NODE_0768	FRA	0.002546739105930994	0.00331269293792	0.0025552037112201	Europe_other	0.8871088166245577	5	0	0	5	2024-01-01	2024-12-31	0	0	0	365	False	True	False	False
NODE_0767->NODE_0768:JPN	NODE_0767	NODE_0768	JPN	0.001613533535549613	0.0023209393374533	0.0016172871609414	Europe_other	0.8862269765643795	1	0	0	1	2024-12-12	2024-12-12	0	0	0	0	False	True	False	False
NODE_0767->NODE_0791:AUS	NODE_0767	NODE_0791	AUS	0.3892792804385316	0.0875174662122545	0.4266155964899627	Europe_other	0.9689720786680042	1	1	0	0	2015-01-01	2015-12-31	0	0	0	364	False	False	False	False
NODE_0767->NODE_0791:BEL	NODE_0767	NODE_0791	BEL	0.3630307990050065	0.0080480188699525	0.3659761822255106	Europe_other	0.8913436480113668	1	1	0	0	2015-05-04	2015-05-04	0	0	0	0	False	False	False	False
NODE_0767->NODE_0791:FRA	NODE_0767	NODE_0791	FRA	0.06381016278711563	0.00331269293792	0.0640222488387134	Europe_other	0.8871088166245577	1	0	0	1	2024-01-01	2024-12-31	0	0	0	365	False	True	False	False
NODE_0794->NODE_0795:CHN	NODE_0794	NODE_0795	CHN	0.10765059548155238	0.8907818434138647	0.9856474312185752	Europe_other	0.7990509647674735	114	86	27	1	2013-01-01	2023-12-31	0	0	0	4016	False	False	False	False
NODE_0794->NODE_0795:JPN	NODE_0794	NODE_0795	JPN	0.0010540507746550235	0.0040193273263602	0.001058304446637	CHN	0.8943766358664614	2	2	0	0	2018-01-01	2018-12-31	0	0	0	364	False	False	False	False
NODE_0794->NODE_0910:CHN	NODE_0794	NODE_0910	CHN	0.10921796344539066	0.8907818434138647	0.9999982316058914	Europe_other	0.7990509647674735	31	28	3	0	2014-01-01	2022-12-31	0	0	0	3286	False	False	False	False
NODE_0962->NODE_0963:JPN	NODE_0962	NODE_0963	JPN	0.20778389659362553	0.7921970089891492	0.9999081128855156	Unknown_other	0.7560577728669242	19	19	0	0	1982-01-01	2016-12-31	0	0	0	12783	False	False	False	False
NODE_0948->NODE_0949:JPN	NODE_0948	NODE_0949	JPN	1.1535174775114374e-08	0.9999999884648252	0.9999999965131467	Asia_other	0.6425559391126092	2	2	0	0	1954-01-01	1999-12-31	0	0	0	16800	False	False	False	False
NODE_0948->JPN__SAMN09862822:JPN	NODE_0948	JPN__SAMN09862822	JPN	1.1535174815335836e-08	0.9999999884648252	1.0	Asia_other	0.6425559391126092	1	1	0	0	1954-01-01	1954-12-31	0	0	0	364	False	False	False	False
NODE_0009->NODE_0010:AUS	NODE_0009	NODE_0010	AUS	0.00016152975292615314	7.482997280754116e-06	0.0001615309616619	Europe_other	0.9999980410251589	1	1	0	0	1977-01-01	1977-12-31	0	0	0	364	False	False	False	False
NODE_0009->NODE_0013:AUS	NODE_0009	NODE_0013	AUS	3.071665294798431e-06	7.482997280754116e-06	3.071688280233479e-06	Europe_other	0.9999980410251589	85	52	0	33	1998-01-01	2024-10-31	0	0	0	9800	False	False	False	False
NODE_0009->NODE_0013:BEL	NODE_0009	NODE_0013	BEL	2.708559431703869e-06	1.944353772575527e-07	2.7085599583437463e-06	Europe_other	0.9999907524761165	113	19	17	77	2014-01-30	2023-12-31	0	0	0	3622	False	False	False	False
NODE_0009->NODE_0013:CHN	NODE_0009	NODE_0013	CHN	2.2230033393420773e-06	8.437374217150763e-07	2.2230052149747657e-06	Europe_other	0.9999914017727043	240	40	48	152	2013-01-01	2024-12-31	0	0	0	4382	False	False	False	False
NODE_0009->NODE_0013:FRA	NODE_0009	NODE_0013	FRA	2.0768654278211697e-06	1.445754794571971e-07	2.0768657280850283e-06	Europe_other	0.9999907026166726	53	6	0	47	2000-01-01	2024-12-31	0	0	0	9131	False	False	False	False
NODE_0009->NODE_0013:JPN	NODE_0009	NODE_0013	JPN	2.5362497396322335e-06	4.166400857955812e-07	2.536250796335983e-06	Europe_other	0.9999909746788628	83	23	1	59	1994-01-01	2025-12-31	0	0	0	11687	False	False	False	False
NODE_0762->NODE_0763:AUS	NODE_0762	NODE_0763	AUS	0.10411987397304223	0.118057173385524	0.1180573965012317	Europe_other	0.9890364949489726	1	1	0	0	1995-01-01	1995-12-31	0	0	0	364	False	False	False	False
NODE_0762->AUS__SAMEA751475:AUS	NODE_0762	AUS__SAMEA751475	AUS	0.881942826614476	0.118057173385524	1.0	Europe_other	0.9890364949489726	1	1	0	0	2000-01-01	2000-12-31	0	0	0	365	True	False	False	False
NODE_0768->NODE_0769:AUS	NODE_0768	NODE_0769	AUS	0.0009725459400441529	0.0877367286447184	0.0010660803416971	Europe_other	0.9793081753206089	1	1	0	0	2013-01-01	2013-12-31	0	0	0	364	False	False	False	False
NODE_0768->NODE_0769:BEL	NODE_0768	NODE_0769	BEL	0.00016312062816028762	0.00515516737233	0.0001639658998172	Europe_other	0.8980163040333233	4	0	0	4	2023-06-12	2023-10-31	0	0	0	141	False	True	False	False
NODE_0768->NODE_0769:CHN	NODE_0768	NODE_0769	CHN	0.0011437437044076932	0.007801858009178	0.0011527371963354	Europe_other	0.9004117644187387	1	1	0	0	2013-01-01	2013-12-31	0	0	0	364	False	False	False	False
NODE_0768->NODE_0781:AUS	NODE_0768	NODE_0781	AUS	0.4194876518642044	0.0877367286447184	0.4598317887346301	Europe_other	0.9793081753206089	4	0	0	4	2024-05-01	2024-09-30	0	0	0	152	False	True	False	False
NODE_0768->NODE_0781:BEL	NODE_0768	NODE_0781	BEL	0.014674395629159367	0.00515516737233	0.0147504365986403	Europe_other	0.8980163040333233	1	0	0	1	2023-12-05	2023-12-05	0	0	0	0	False	True	False	False
NODE_0768->NODE_0781:FRA	NODE_0768	NODE_0781	FRA	0.019461181872384107	0.0025552037112201	0.0195110365453746	Europe_other	0.8956755130780163	5	0	0	5	2024-01-01	2024-12-31	0	0	0	365	False	True	False	False
NODE_0768->NODE_0781:JPN	NODE_0768	NODE_0781	JPN	0.012500388516583262	0.0016172871609414	0.012520637983641	Europe_other	0.8948340833571367	1	0	0	1	2024-12-12	2024-12-12	0	0	0	0	False	True	False	False
NODE_0791->NODE_0792:AUS	NODE_0791	NODE_0792	AUS	0.24475972806490062	0.4266155964899627	0.4268684787492934	BEL	0.6382736955960895	1	1	0	0	2015-01-01	2015-12-31	0	0	0	364	False	False	False	False
NODE_0791->NODE_0792:BEL	NODE_0791	NODE_0792	BEL	0.23220215244594844	0.3659761822255106	0.3662356932599312	AUS	0.6728699845810876	1	1	0	0	2015-05-04	2015-05-04	0	0	0	0	False	False	False	False
NODE_0791->FRA__SAMEA115874213:FRA	NODE_0791	FRA__SAMEA115874213	FRA	0.9359777511612866	0.0640222488387134	1.0	AUS	0.4557967280318921	1	0	0	1	2024-01-01	2024-12-31	1	1	1	365	True	True	True	False
NODE_0795->NODE_0796:CHN	NODE_0795	NODE_0796	CHN	0.014352566151451302	0.9856474312185752	0.9999998167593894	Europe_other	0.6073594800044074	107	79	27	1	2013-01-01	2023-12-31	0	0	0	4016	False	False	False	False
NODE_0795->NODE_0796:JPN	NODE_0795	NODE_0796	JPN	2.919506166182809e-08	0.001058304446637	2.9225991658757928e-08	CHN	0.9866916513806913	2	2	0	0	2018-01-01	2018-12-31	0	0	0	364	False	False	False	False
NODE_0795->NODE_0904:CHN	NODE_0795	NODE_0904	CHN	0.014352524865563076	0.9856474312185752	0.9999969402089368	Europe_other	0.6073594800044074	7	7	0	0	2014-01-01	2019-12-31	0	0	0	2190	False	False	False	False
NODE_0910->NODE_0911:CHN	NODE_0910	NODE_0911	CHN	1.7683940297766184e-06	0.9999982316058914	0.9999999554309876	Europe_other	0.42808553713925757	30	27	3	0	2014-01-01	2022-12-31	0	0	0	3286	False	False	False	False
NODE_0910->CHN__SAMN11295233:CHN	NODE_0910	CHN__SAMN11295233	CHN	1.7683941085921973e-06	0.9999982316058914	1.0	Europe_other	0.42808553713925757	1	1	0	0	2014-09-25	2014-09-25	0	0	0	0	False	False	False	False
NODE_0963->NODE_0964:JPN	NODE_0963	NODE_0964	JPN	9.188633258299166e-05	0.9999081128855156	0.999991490630739	Unknown_other	0.7116550203930752	18	18	0	0	1982-01-01	2016-12-31	0	0	0	12783	False	False	False	False
NODE_0963->JPN__SAMEA41216668:JPN	NODE_0963	JPN__SAMEA41216668	JPN	9.188711448437914e-05	0.9999081128855156	1.0	Unknown_other	0.7116550203930752	1	1	0	0	1986-01-01	1986-12-31	0	0	0	364	False	False	False	False
NODE_0949->JPN__SAMN03249374:JPN	NODE_0949	JPN__SAMN03249374	JPN	3.4868532505782923e-09	0.9999999965131467	1.0	Asia_other	0.337136265764759	1	1	0	0	1954-01-01	1954-12-31	0	0	0	364	False	False	False	False
NODE_0949->JPN__SAMEA751489:JPN	NODE_0949	JPN__SAMEA751489	JPN	3.4868532505782923e-09	0.9999999965131467	1.0	Asia_other	0.337136265764759	1	1	0	0	1999-01-01	1999-12-31	0	0	0	364	False	False	False	False
NODE_0010->NODE_0011:AUS	NODE_0010	NODE_0011	AUS	0.0032361858946544013	0.0001615309616619	0.0032367087233271	Europe_other	0.9997949715048072	1	1	0	0	1977-01-01	1977-12-31	0	0	0	364	False	False	False	False
NODE_0013->NODE_0014:AUS	NODE_0013	NODE_0014	AUS	2.003953465640195e-06	3.071688280233479e-06	2.0039596211794776e-06	Europe_other	0.9999864736589897	84	51	0	33	1998-01-01	2024-10-31	0	0	0	9800	False	False	False	False
NODE_0013->NODE_0014:BEL	NODE_0013	NODE_0014	BEL	6.672921981115161e-07	2.7085599583437463e-06	6.672940055173399e-07	Europe_other	0.9999861105345961	113	19	17	77	2014-01-30	2023-12-31	0	0	0	3622	False	False	False	False
NODE_0013->NODE_0014:CHN	NODE_0013	NODE_0014	CHN	5.475463418264338e-07	2.2230052149747657e-06	5.47547559027513e-07	Europe_other	0.9999856249855175	240	40	48	152	2013-01-01	2024-12-31	0	0	0	4382	False	False	False	False
NODE_0013->NODE_0014:FRA	NODE_0013	NODE_0014	FRA	5.116664900190013e-07	2.0768657280850283e-06	5.116675526838056e-07	Europe_other	0.9999854788478278	53	6	0	47	2000-01-01	2024-12-31	0	0	0	9131	False	False	False	False
NODE_0013->NODE_0014:JPN	NODE_0013	NODE_0014	JPN	6.425257406833461e-07	2.536250796335983e-06	6.425273702939007e-07	Europe_other	0.9999859382273903	83	23	1	59	1994-01-01	2025-12-31	0	0	0	11687	False	False	False	False
NODE_0013->NODE_0759:AUS	NODE_0013	NODE_0759	AUS	3.551616448048628e-05	3.071688280233479e-06	3.5516273575407584e-05	Europe_other	0.9999864736589897	1	1	0	0	2004-01-01	2004-12-31	0	0	0	365	False	False	False	False
NODE_0763->AUS__SAMEA751183:AUS	NODE_0763	AUS__SAMEA751183	AUS	0.8819426034987683	0.1180573965012317	1.0	Europe_other	0.9890451549731544	1	1	0	0	1995-01-01	1995-12-31	0	0	0	364	True	False	False	False
NODE_0769->NODE_0770:AUS	NODE_0769	NODE_0770	AUS	0.000790089572366838	0.0010660803416971	0.0007909327702448	Europe_other	0.998500840973958	1	1	0	0	2013-01-01	2013-12-31	0	0	0	364	False	False	False	False
NODE_0769->NODE_0770:BEL	NODE_0769	NODE_0770	BEL	0.00014327039018872576	0.0001639658998172	0.0001432938854996	Europe_other	0.9975999312266087	4	0	0	4	2023-06-12	2023-10-31	0	0	0	141	False	True	False	False
NODE_0769->CHN__SAMN09947460:CHN	NODE_0769	CHN__SAMN09947460	CHN	0.9988472628036646	0.0011527371963354	1.0	Europe_other	0.9985874677741252	1	1	0	0	2013-01-01	2013-12-31	0	0	0	364	True	False	False	False
NODE_0781->NODE_0782:AUS	NODE_0781	NODE_0782	AUS	0.4702257749831932	0.4598317887346301	0.8705173040110354	Europe_other	0.8636835621555495	3	0	0	3	2024-05-01	2024-07-31	0	0	0	91	False	True	False	False
NODE_0781->NODE_0782:BEL	NODE_0781	NODE_0782	BEL	0.010212327453194817	0.0147504365986403	0.0103652189582698	Europe_other	0.47351901710898237	1	0	0	1	2023-12-05	2023-12-05	0	0	0	0	False	True	False	False
NODE_0781->NODE_0782:FRA	NODE_0781	NODE_0782	FRA	0.046558707860148964	0.0195110365453746	0.0474851932000391	Europe_other	0.47581810939012775	5	0	0	5	2024-01-01	2024-12-31	0	0	0	365	False	True	False	False
NODE_0781->NODE_0782:JPN	NODE_0781	NODE_0782	JPN	0.011291253995224322	0.012520637983641	0.0114344202314957	Europe_other	0.47244977749837475	1	0	0	1	2024-12-12	2024-12-12	0	0	0	0	False	True	False	False
NODE_0781->AUS__SAMN45810611:AUS	NODE_0781	AUS__SAMN45810611	AUS	0.5401682112653698	0.4598317887346301	1.0	Europe_other	0.8636835621555495	1	0	0	1	2024-09-01	2024-09-30	1	1	1	29	True	True	True	False
NODE_0792->NODE_0793:AUS	NODE_0792	NODE_0793	AUS	0.24479733185445793	0.4268684787492934	0.4271224366097559	BEL	0.6390081153811256	1	1	0	0	2015-01-01	2015-12-31	0	0	0	364	False	False	False	False
NODE_0792->NODE_0793:BEL	NODE_0792	NODE_0793	BEL	0.2322722546018805	0.3662356932599312	0.3664962701933044	AUS	0.6735445246908943	1	1	0	0	2015-05-04	2015-05-04	0	0	0	0	False	False	False	False
NODE_0796->NODE_0797:CHN	NODE_0796	NODE_0797	CHN	1.8324061036321658e-07	0.9999998167593894	0.9999999988499432	AUS	0.17574071365232963	70	42	27	1	2013-01-01	2023-12-31	0	0	0	4016	False	False	False	False
NODE_0796->NODE_0797:JPN	NODE_0796	NODE_0797	JPN	1.8473392594184302e-10	2.9225991658757928e-08	1.8473393134087536e-10	CHN	0.9999998459853764	2	2	0	0	2018-01-01	2018-12-31	0	0	0	364	False	False	False	False
NODE_0796->NODE_0868:CHN	NODE_0796	NODE_0868	CHN	1.8324061056196923e-07	0.9999998167593894	0.9999999999345972	AUS	0.17574071365232963	37	37	0	0	2015-01-01	2019-12-31	0	0	0	1825	False	False	False	False
NODE_0904->NODE_0905:CHN	NODE_0904	NODE_0905	CHN	3.059787314324138e-06	0.9999969402089368	0.9999987747978006	Europe_other	0.260848981087859	6	6	0	0	2014-01-01	2019-12-31	0	0	0	2190	False	False	False	False
NODE_0904->CHN__SAMN07329781:CHN	NODE_0904	CHN__SAMN07329781	CHN	3.0597910631868785e-06	0.9999969402089368	1.0	Europe_other	0.260848981087859	1	1	0	0	2016-01-01	2016-12-31	0	0	0	365	False	False	False	False
NODE_0911->NODE_0912:CHN	NODE_0911	NODE_0912	CHN	4.456901230567367e-08	0.9999999554309876	0.9999999985656854	Europe_other	0.4258129549068039	29	26	3	0	2014-01-01	2022-12-31	0	0	0	3286	False	False	False	False
NODE_0911->CHN__SAMN09947492:CHN	NODE_0911	CHN__SAMN09947492	CHN	4.456901236959965e-08	0.9999999554309876	1.0	Europe_other	0.4258129549068039	1	1	0	0	2015-01-01	2015-12-31	0	0	0	364	False	False	False	False
NODE_0964->NODE_0965:JPN	NODE_0964	NODE_0965	JPN	8.499550351817692e-06	0.999991490630739	0.9988461061117828	Unknown_other	0.7114439098461801	2	2	0	0	1982-01-01	1983-12-31	0	0	0	729	False	False	False	False
NODE_0964->NODE_0966:JPN	NODE_0964	NODE_0966	JPN	8.509324934458356e-06	0.999991490630739	0.9999947908545478	Unknown_other	0.7114439098461801	16	16	0	0	1983-01-01	2016-12-31	0	0	0	12418	False	False	False	False
NODE_0011->AUS__SAMEA751512:AUS	NODE_0011	AUS__SAMEA751512	AUS	0.9967632912766728	0.0032367087233271	1.0	Europe_other	0.9967661715318757	1	1	0	0	1977-01-01	1977-12-31	0	0	0	364	True	False	False	False
NODE_0014->NODE_0015:AUS	NODE_0014	NODE_0015	AUS	0.061821255427241435	2.0039596211794776e-06	0.0618213793147893	Europe_other	0.9999968098178537	2	2	0	0	1998-01-01	2000-12-31	0	0	0	1095	False	False	False	False
NODE_0014->NODE_0016:AUS	NODE_0014	NODE_0016	AUS	1.708370759844287e-06	2.0039596211794776e-06	1.7083741833571682e-06	Europe_other	0.9999968098178537	82	49	0	33	2004-01-01	2024-10-31	0	0	0	7609	False	False	False	False
NODE_0014->NODE_0016:BEL	NODE_0014	NODE_0016	BEL	5.627212957530027e-07	6.672940055173399e-07	5.627216712538007e-07	Europe_other	0.9999954731556103	113	19	17	77	2014-01-30	2023-12-31	0	0	0	3622	False	False	False	False
NODE_0014->NODE_0016:CHN	NODE_0014	NODE_0016	CHN	4.617404445962906e-07	5.47547559027513e-07	4.6174069742128236e-07	Europe_other	0.9999953534096403	240	40	48	152	2013-01-01	2024-12-31	0	0	0	4382	False	False	False	False
NODE_0014->NODE_0016:FRA	NODE_0014	NODE_0016	FRA	4.3148338091457025e-07	5.116675526838056e-07	4.314836016907287e-07	Europe_other	0.9999953175297822	53	6	0	47	2000-01-01	2024-12-31	0	0	0	9131	False	False	False	False
NODE_0014->NODE_0016:JPN	NODE_0014	NODE_0016	JPN	5.448377573749289e-07	6.425273702939007e-07	5.448381074483253e-07	Europe_other	0.9999954483890712	83	23	1	59	1994-01-01	2025-12-31	0	0	0	11687	False	False	False	False
NODE_0759->NODE_0760:AUS	NODE_0759	NODE_0760	AUS	3.7571748433269085e-05	3.5516273575407584e-05	3.757308288916005e-05	Europe_other	0.999750772998087	1	1	0	0	2004-01-01	2004-12-31	0	0	0	365	False	False	False	False
NODE_0770->NODE_0771:AUS	NODE_0770	NODE_0771	AUS	0.00042794249121773457	0.0007909327702448	0.0004282812328797	Europe_other	0.9988897229458235	1	1	0	0	2013-01-01	2013-12-31	0	0	0	364	False	False	False	False
NODE_0770->NODE_0771:BEL	NODE_0770	NODE_0771	BEL	0.0010421752299614331	0.0001432938854996	0.0010423245887017	Europe_other	0.9982427104067306	4	0	0	4	2023-06-12	2023-10-31	0	0	0	141	False	True	False	False
NODE_0782->NODE_0783:AUS	NODE_0782	NODE_0783	AUS	0.12397312871899104	0.8705173040110354	0.9574493933116508	Europe_other	0.38133364983364615	3	0	0	3	2024-05-01	2024-07-31	0	0	0	91	False	True	False	False
NODE_0782->NODE_0783:BEL	NODE_0782	NODE_0783	BEL	0.00675537467871057	0.0103652189582698	0.0068261290004375	AUS	0.8796349124822529	1	0	0	1	2023-12-05	2023-12-05	0	0	0	0	False	True	False	False
NODE_0782->NODE_0783:FRA	NODE_0782	NODE_0783	FRA	0.015568882683730873	0.0474851932000391	0.0163450295707587	AUS	0.9139147211113691	3	0	0	3	2024-01-01	2024-12-31	0	0	0	365	False	True	False	False
NODE_0782->NODE_0783:JPN	NODE_0782	NODE_0783	JPN	0.008498360654706771	0.0114344202314957	0.0085966584601265	AUS	0.8805862977900644	1	0	0	1	2024-12-12	2024-12-12	0	0	0	0	False	True	False	False
NODE_0782->NODE_0790:FRA	NODE_0782	NODE_0790	FRA	0.9368499807758003	0.0474851932000391	0.9835542440785906	AUS	0.9139147211113691	2	0	0	2	2024-01-01	2024-12-31	2	2	1	365	True	True	True	False
NODE_0793->AUS__SAMN18200431:AUS	NODE_0793	AUS__SAMN18200431	AUS	0.5728775633902441	0.4271224366097559	1.0	BEL	0.6397462452961306	1	1	0	0	2015-01-01	2015-12-31	0	0	0	364	True	False	False	False
NODE_0793->BEL__SAMEA117989221:BEL	NODE_0793	BEL__SAMEA117989221	BEL	0.6335037298066957	0.3664962701933044	1.0	AUS	0.6742224497085225	1	1	0	0	2015-05-04	2015-05-04	0	0	0	0	True	False	False	False
NODE_0797->NODE_0798:CHN	NODE_0797	NODE_0798	CHN	1.1500568274705173e-09	0.9999999988499432	0.99999999993264	AUS	0.1768690561000338	62	34	27	1	2013-01-01	2023-12-31	0	0	0	4016	False	False	False	False
NODE_0797->NODE_0798:JPN	NODE_0797	NODE_0798	JPN	1.2067050067413913e-11	1.8473393134087536e-10	1.2067050069643106e-11	CHN	0.9999999990346768	2	2	0	0	2018-01-01	2018-12-31	0	0	0	364	False	False	False	False
NODE_0797->NODE_0861:CHN	NODE_0797	NODE_0861	CHN	1.1500566933115535e-09	0.9999999988499432	0.999999883278436	AUS	0.1768690561000338	8	8	0	0	2016-06-01	2019-12-31	0	0	0	1308	False	False	False	False
NODE_0868->NODE_0869:CHN	NODE_0868	NODE_0869	CHN	6.540279427405378e-11	0.9999999999345972	0.99999999973389	AUS	0.19736279694549966	28	28	0	0	2015-01-01	2019-12-31	0	0	0	1825	False	False	False	False
NODE_0868->NODE_0896:CHN	NODE_0868	NODE_0896	CHN	6.540279424340341e-11	0.9999999999345972	0.99999999926525	AUS	0.19736279694549966	9	9	0	0	2019-01-01	2019-12-31	0	0	0	364	False	False	False	False
NODE_0905->NODE_0906:CHN	NODE_0905	NODE_0906	CHN	1.225200806273181e-06	0.9999987747978006	0.9999988629723552	Europe_other	0.2596567019809645	4	4	0	0	2014-01-01	2019-12-31	0	0	0	2190	False	False	False	False
NODE_0905->NODE_0909:CHN	NODE_0905	NODE_0909	CHN	1.2252020445736716e-06	0.9999987747978006	0.9999998736630732	Europe_other	0.2596567019809645	2	2	0	0	2019-01-01	2019-12-31	0	0	0	364	False	False	False	False
NODE_0912->NODE_0913:CHN	NODE_0912	NODE_0913	CHN	1.4343145552323944e-09	0.9999999985656854	0.9999999994545604	Europe_other	0.35539194504767035	27	24	3	0	2014-01-01	2022-12-31	0	0	0	3286	False	False	False	False
NODE_0912->NODE_0939:CHN	NODE_0912	NODE_0939	CHN	1.4341889762285006e-09	0.9999999985656854	0.9999124461327544	Europe_other	0.35539194504767035	2	2	0	0	2015-01-01	2017-12-31	0	0	0	1095	False	False	False	False
NODE_0965->JPN__SAMEA41263168:JPN	NODE_0965	JPN__SAMEA41263168	JPN	0.0011538938882171834	0.9988461061117828	1.0	AUS	0.20166948095272866	1	1	0	0	1982-01-01	1982-12-31	0	0	0	364	False	False	False	False
NODE_0965->JPN__SAMEA41187418:JPN	NODE_0965	JPN__SAMEA41187418	JPN	0.0011538938882171834	0.9988461061117828	1.0	AUS	0.20166948095272866	1	1	0	0	1983-01-01	1983-12-31	0	0	0	364	False	False	False	False
NODE_0966->JPN__SAMEA41296918:JPN	NODE_0966	JPN__SAMEA41296918	JPN	5.20914545221185e-06	0.9999947908545478	1.0	Unknown_other	0.7094440264219636	1	1	0	0	1983-01-01	1983-12-31	0	0	0	364	False	False	False	False
NODE_0966->NODE_0967:JPN	NODE_0966	NODE_0967	JPN	5.209121344213979e-06	0.9999947908545478	0.9999953719860404	Unknown_other	0.7094440264219636	15	15	0	0	1987-01-01	2016-12-31	0	0	0	10957	False	False	False	False
NODE_0015->AUS__SAMEA751337:AUS	NODE_0015	AUS__SAMEA751337	AUS	0.9381786206852107	0.0618213793147893	1.0	Europe_other	0.8997090378397089	1	1	0	0	1998-01-01	1998-12-31	0	0	0	364	True	False	False	False
NODE_0015->AUS__SAMEA751155:AUS	NODE_0015	AUS__SAMEA751155	AUS	0.9381786206852107	0.0618213793147893	1.0	Europe_other	0.8997090378397089	1	1	0	0	2000-01-01	2000-12-31	0	0	0	365	True	False	False	False
NODE_0016->NODE_0017:AUS	NODE_0016	NODE_0017	AUS	0.00048366406262769044	1.7083741833571682e-06	0.0004836648889083	Europe_other	0.9999973069057352	1	1	0	0	2004-01-01	2004-12-31	0	0	0	365	False	False	False	False
NODE_0016->NODE_0019:AUS	NODE_0016	NODE_0019	AUS	3.7670550098279426e-06	1.7083741833571682e-06	3.767061445378463e-06	Europe_other	0.9999973069057352	81	48	0	33	2008-01-01	2024-10-31	0	0	0	6148	False	False	False	False
NODE_0016->NODE_0019:BEL	NODE_0016	NODE_0019	BEL	3.494998516348439e-06	5.627216712538007e-07	3.495000483060952e-06	Europe_other	0.9999961612556636	113	19	17	77	2014-01-30	2023-12-31	0	0	0	3622	False	False	False	False
NODE_0016->NODE_0019:CHN	NODE_0016	NODE_0019	CHN	2.8676989137700824e-06	4.6174069742128236e-07	2.8677002379039904e-06	Europe_other	0.9999960602750309	240	40	48	152	2013-01-01	2024-12-31	0	0	0	4382	False	False	False	False
NODE_0016->NODE_0019:FRA	NODE_0016	NODE_0019	FRA	2.6798953442948822e-06	4.314836016907287e-07	2.6798965006262766e-06	Europe_other	0.9999960300180413	53	6	0	47	2000-01-01	2024-12-31	0	0	0	9131	False	False	False	False
NODE_0016->NODE_0019:JPN	NODE_0016	NODE_0019	JPN	3.898362242506476e-06	5.448381074483253e-07	3.898364366483939e-06	Europe_other	0.9999961433721588	83	23	1	59	1994-01-01	2025-12-31	0	0	0	11687	False	False	False	False
NODE_0760->NODE_0761:AUS	NODE_0760	NODE_0761	AUS	0.0003322844910699584	3.757308288916005e-05	0.0003322969764918	Europe_other	0.9997362721400573	1	1	0	0	2004-01-01	2004-12-31	0	0	0	365	False	False	False	False
NODE_0771->NODE_0772:AUS	NODE_0771	NODE_0772	AUS	0.00042714828139435765	0.0004282812328797	0.0004273312993701	Europe_other	0.9974584340878886	1	1	0	0	2013-01-01	2013-12-31	0	0	0	364	False	False	False	False
NODE_0771->NODE_0772:BEL	NODE_0771	NODE_0772	BEL	0.0010424475802015788	0.0010423245887017	0.0010435352826859	Europe_other	0.9980715558839727	4	0	0	4	2023-06-12	2023-10-31	0	0	0	141	False	True	False	False
NODE_0783->NODE_0784:AUS	NODE_0783	NODE_0784	AUS	0.040744961242923886	0.9574493933116508	0.9575647543958586	FRA	0.3841315281465604	2	0	0	2	2024-06-01	2024-07-31	0	0	0	60	False	True	False	False
NODE_0783->NODE_0784:FRA	NODE_0783	NODE_0784	FRA	0.016045004197352622	0.0163450295707587	0.0163116180771709	AUS	0.9733589745333624	3	0	0	3	2024-01-01	2024-12-31	0	0	0	365	False	True	False	False
NODE_0783->NODE_0784:JPN	NODE_0783	NODE_0784	JPN	0.00853119918605979	0.0085966584601265	0.008605174935974	AUS	0.965751630234084	1	0	0	1	2024-12-12	2024-12-12	0	0	0	0	False	True	False	False
NODE_0783->NODE_0789:AUS	NODE_0783	NODE_0789	AUS	0.03991347503141529	0.9574493933116508	0.938023641443026	FRA	0.3841315281465604	1	0	0	1	2024-05-01	2024-05-31	0	0	0	30	False	True	False	False
NODE_0783->NODE_0789:BEL	NODE_0783	NODE_0789	BEL	0.026077992561680762	0.0068261290004375	0.0262572277857401	AUS	0.9640299863588265	1	0	0	1	2023-12-05	2023-12-05	0	0	0	0	False	True	False	False
NODE_0790->FRA__SAMEA115874222:FRA	NODE_0790	FRA__SAMEA115874222	FRA	0.0164457559214094	0.9835542440785906	1.0	AUS	0.5955893006721745	1	0	0	1	2024-01-01	2024-12-31	0	0	0	365	False	True	False	False
NODE_0790->FRA__SAMEA115874243:FRA	NODE_0790	FRA__SAMEA115874243	FRA	0.0164457559214094	0.9835542440785906	1.0	AUS	0.5955893006721745	1	0	0	1	2024-01-01	2024-12-31	0	0	0	365	False	True	False	False
NODE_0798->NODE_0799:CHN	NODE_0798	NODE_0799	CHN	6.736000644874568e-11	0.99999999993264	0.999999999809618	AUS	0.19527155334493962	51	23	27	1	2013-01-01	2023-12-31	0	0	0	4016	False	False	False	False
NODE_0798->NODE_0799:JPN	NODE_0798	NODE_0799	JPN	3.450673848162821e-11	1.2067050069643106e-11	3.4506738482044604e-11	CHN	0.999999999944707	2	2	0	0	2018-01-01	2018-12-31	0	0	0	364	False	False	False	False
NODE_0798->NODE_0851:CHN	NODE_0798	NODE_0851	CHN	6.736000522961223e-11	0.99999999993264	0.9999999817108453	AUS	0.19527155334493962	11	11	0	0	2015-01-01	2019-12-31	0	0	0	1825	False	False	False	False
NODE_0861->NODE_0862:CHN	NODE_0861	NODE_0862	CHN	1.1672156358296178e-07	0.999999883278436	0.9999999966867408	AUS	0.19738040159413964	7	7	0	0	2016-06-01	2019-12-31	0	0	0	1308	False	False	False	False
NODE_0861->CHN__SAMN41373952:CHN	NODE_0861	CHN__SAMN41373952	CHN	1.1672156396969058e-07	0.999999883278436	1.0	AUS	0.19738040159413964	1	1	0	0	2019-01-01	2019-12-31	0	0	0	364	False	False	False	False
NODE_0869->NODE_0870:CHN	NODE_0869	NODE_0870	CHN	2.661100228314342e-10	0.99999999973389	0.999999999718972	AUS	0.19738039462470658	23	23	0	0	2015-01-01	2019-12-31	0	0	0	1825	False	False	False	False
NODE_0869->NODE_0892:CHN	NODE_0869	NODE_0892	CHN	2.660800873711111e-10	0.99999999973389	0.9998875069237132	AUS	0.19738039462470658	5	5	0	0	2019-01-01	2019-12-31	0	0	0	364	False	False	False	False
NODE_0896->NODE_0897:CHN	NODE_0896	NODE_0897	CHN	7.347500356766464e-10	0.99999999926525	0.9999999960362292	AUS	0.1973803994879797	7	7	0	0	2019-01-01	2019-12-31	0	0	0	364	False	False	False	False
NODE_0896->NODE_0903:CHN	NODE_0896	NODE_0903	CHN	7.347413510486797e-10	0.99999999926525	0.9999881761961332	AUS	0.1973803994879797	2	2	0	0	2019-01-01	2019-12-31	0	0	0	364	False	False	False	False
NODE_0906->CHN__SAMN09947473:CHN	NODE_0906	CHN__SAMN09947473	CHN	1.1370276448152694e-06	0.9999988629723552	1.0	Europe_other	0.24699477103369388	1	1	0	0	2014-01-01	2014-12-31	0	0	0	364	False	False	False	False
NODE_0906->NODE_0907:CHN	NODE_0906	NODE_0907	CHN	1.1370275667271989e-06	0.9999988629723552	0.999999931322628	Europe_other	0.24699477103369388	3	3	0	0	2019-01-01	2019-12-31	0	0	0	364	False	False	False	False
NODE_0909->CHN__SAMN41373942:CHN	NODE_0909	CHN__SAMN41373942	CHN	1.2633692680896758e-07	0.9999998736630732	1.0	AUS	0.1973794990030861	1	1	0	0	2019-01-01	2019-12-31	0	0	0	364	False	False	False	False
NODE_0909->CHN__SAMN41373967:CHN	NODE_0909	CHN__SAMN41373967	CHN	1.2633692680896758e-07	0.9999998736630732	1.0	AUS	0.1973794990030861	1	1	0	0	2019-01-01	2019-12-31	0	0	0	364	False	False	False	False
NODE_0913->NODE_0914:CHN	NODE_0913	NODE_0914	CHN	5.454395821233124e-10	0.9999999994545604	0.999999999512982	AUS	0.19030736078071134	26	23	3	0	2014-01-01	2022-12-31	0	0	0	3286	False	False	False	False
NODE_0913->CHN__SAMN07329769:CHN	NODE_0913	CHN__SAMN07329769	CHN	5.454395823889513e-10	0.9999999994545604	1.0	AUS	0.19030736078071134	1	1	0	0	2015-01-01	2015-12-31	0	0	0	364	False	False	False	False
NODE_0939->CHN__SAMN07329787:CHN	NODE_0939	CHN__SAMN07329787	CHN	8.755386724557113e-05	0.9999124461327544	1.0	AUS	0.19738048668937916	1	1	0	0	2015-01-01	2015-12-31	0	0	0	364	False	False	False	False
NODE_0939->CHN__SAMN39682878:CHN	NODE_0939	CHN__SAMN39682878	CHN	8.755386724557113e-05	0.9999124461327544	1.0	AUS	0.19738048668937916	1	1	0	0	2017-01-01	2017-12-31	0	0	0	364	False	False	False	False
NODE_0967->NODE_0968:JPN	NODE_0967	NODE_0968	JPN	4.627976573755832e-06	0.9999953719860404	0.9999919218346672	Unknown_other	0.7000717873571186	11	11	0	0	1987-01-01	2016-12-31	0	0	0	10957	False	False	False	False
NODE_0967->NODE_0981:JPN	NODE_0967	NODE_0981	JPN	4.627501499552007e-06	0.9999953719860404	0.9998892699827128	Unknown_other	0.7000717873571186	4	4	0	0	1988-01-01	2003-12-31	0	0	0	5843	False	False	False	False
NODE_0017->NODE_0018:AUS	NODE_0017	NODE_0018	AUS	0.0037926738392222263	0.0004836648889083	0.0037945091100494	Europe_other	0.9988755934893244	1	1	0	0	2004-01-01	2004-12-31	0	0	0	365	False	False	False	False
NODE_0019->NODE_0020:AUS	NODE_0019	NODE_0020	AUS	3.429541043490389e-06	3.767061445378463e-06	3.429553962830897e-06	Europe_other	0.9999829137937173	81	48	0	33	2008-01-01	2024-10-31	0	0	0	6148	False	False	False	False
NODE_0019->NODE_0020:BEL	NODE_0019	NODE_0020	BEL	3.365006804702429e-06	3.495000483060952e-06	3.3650185654439404e-06	Europe_other	0.9999826417364526	113	19	17	77	2014-01-30	2023-12-31	0	0	0	3622	False	False	False	False
NODE_0019->NODE_0020:CHN	NODE_0019	NODE_0020	CHN	2.761036781118907e-06	2.8677002379039904e-06	2.761044698967447e-06	Europe_other	0.9999820144452973	240	40	48	152	2013-01-01	2024-12-31	0	0	0	4382	False	False	False	False
NODE_0019->NODE_0020:FRA	NODE_0019	NODE_0020	FRA	2.580222073078114e-06	2.6798965006262766e-06	2.5802289878247493e-06	Europe_other	0.9999818266444345	53	6	0	47	2000-01-01	2024-12-31	0	0	0	9131	False	False	False	False
NODE_0019->NODE_0020:JPN	NODE_0019	NODE_0020	JPN	4.9183162469487564e-05	3.898364366483939e-06	4.918335420412302e-05	Europe_other	0.9999830450949067	83	23	1	59	1994-01-01	2025-12-31	0	0	0	11687	False	False	False	False
NODE_0761->AUS__SAMEA751477:AUS	NODE_0761	AUS__SAMEA751477	AUS	0.9996677030235082	0.0003322969764918	1.0	Europe_other	0.9992584171918656	1	1	0	0	2004-01-01	2004-12-31	0	0	0	365	True	False	False	False
NODE_0772->NODE_0773:AUS	NODE_0772	NODE_0773	AUS	0.00027595765684059685	0.0004273312993701	0.0002760756325994	Europe_other	0.9974606467266323	1	1	0	0	2013-01-01	2013-12-31	0	0	0	364	False	False	False	False
NODE_0772->NODE_0776:BEL	NODE_0772	NODE_0776	BEL	0.9985763849223456	0.0010435352826859	0.9996195231640288	Europe_other	0.9980759280180824	4	0	0	4	2023-06-12	2023-10-31	4	4	1	141	True	True	True	False
NODE_0784->NODE_0785:AUS	NODE_0784	NODE_0785	AUS	0.04065006962989427	0.9575647543958586	0.957931762881729	FRA	0.3843884451461545	2	0	0	2	2024-06-01	2024-07-31	0	0	0	60	False	True	False	False
NODE_0784->NODE_0785:FRA	NODE_0784	NODE_0785	FRA	0.015974989174446747	0.0163116180771709	0.0162398880255353	AUS	0.9734431878966531	1	0	0	1	2024-01-01	2024-12-31	0	0	0	365	False	True	False	False
NODE_0784->NODE_0787:FRA	NODE_0784	NODE_0787	FRA	0.00033112420923220965	0.0163116180771709	0.0003366149436318	AUS	0.9734431878966531	2	0	0	2	2024-01-01	2024-12-31	0	0	0	365	False	True	False	False
NODE_0784->NODE_0787:JPN	NODE_0784	NODE_0787	JPN	0.9899707612663978	0.008605174935974	0.9985635755184256	AUS	0.9658762888277311	1	0	0	1	2024-12-12	2024-12-12	1	1	1	0	True	True	True	False
NODE_0789->AUS__SAMN45810582:AUS	NODE_0789	AUS__SAMN45810582	AUS	0.06197635855697403	0.938023641443026	1.0	BEL	0.4236652232738444	1	0	0	1	2024-05-01	2024-05-31	0	0	0	30	False	True	False	False
NODE_0789->BEL__SAMEA117989599:BEL	NODE_0789	BEL__SAMEA117989599	BEL	0.9737427722142599	0.0262572277857401	1.0	AUS	0.9633176935526725	1	0	0	1	2023-12-05	2023-12-05	1	1	1	0	True	True	True	False
NODE_0799->NODE_0800:CHN	NODE_0799	NODE_0800	CHN	1.9038204341437177e-10	0.999999999809618	0.9999999997422434	AUS	0.1973666219647395	50	22	27	1	2013-01-01	2023-12-31	0	0	0	4016	False	False	False	False
NODE_0799->NODE_0800:JPN	NODE_0799	NODE_0800	JPN	4.672190016086866e-11	3.4506738482044604e-11	4.672190016248088e-11	CHN	0.9999999998441247	2	2	0	0	2018-01-01	2018-12-31	0	0	0	364	False	False	False	False
NODE_0799->CHN__SAMN41373925:CHN	NODE_0799	CHN__SAMN41373925	CHN	1.90382043463444e-10	0.999999999809618	1.0	AUS	0.1973666219647395	1	1	0	0	2019-01-01	2019-12-31	0	0	0	364	False	False	False	False
NODE_0851->CHN__SAMN09947486:CHN	NODE_0851	CHN__SAMN09947486	CHN	1.8289154746220504e-08	0.9999999817108453	1.0	AUS	0.19738050639594967	1	1	0	0	2015-01-01	2015-12-31	0	0	0	364	False	False	False	False
NODE_0851->NODE_0852:CHN	NODE_0851	NODE_0852	CHN	1.8289154739348817e-08	0.9999999817108453	0.9999999996242752	AUS	0.19738050639594967	10	10	0	0	2016-01-01	2019-12-31	0	0	0	1460	False	False	False	False
NODE_0862->NODE_0863:CHN	NODE_0862	NODE_0863	CHN	3.313259219456193e-09	0.9999999966867408	0.9999999990701242	AUS	0.19738041012178953	6	6	0	0	2016-06-01	2019-12-31	0	0	0	1308	False	False	False	False
NODE_0862->CHN__SAMN41373963:CHN	NODE_0862	CHN__SAMN41373963	CHN	3.3132592225371127e-09	0.9999999966867408	1.0	AUS	0.19738041012178953	1	1	0	0	2019-01-01	2019-12-31	0	0	0	364	False	False	False	False
NODE_0870->NODE_0871:CHN	NODE_0870	NODE_0871	CHN	2.8102797846352484e-10	0.999999999718972	0.999999999280216	AUS	0.19738050418635353	21	21	0	0	2015-01-01	2019-12-31	0	0	0	1825	False	False	False	False
NODE_0870->NODE_0891:CHN	NODE_0870	NODE_0891	CHN	2.8100205789075725e-10	0.999999999718972	0.9999077644326728	AUS	0.19738050418635353	2	2	0	0	2019-01-01	2019-12-31	0	0	0	364	False	False	False	False
NODE_0892->NODE_0893:CHN	NODE_0892	NODE_0893	CHN	0.00011249258435065755	0.9998875069237132	0.9999956269651414	AUS	0.197380507031173	4	4	0	0	2019-01-01	2019-12-31	0	0	0	364	False	False	False	False
NODE_0892->CHN__SAMN41373947:CHN	NODE_0892	CHN__SAMN41373947	CHN	0.0001124930762868015	0.9998875069237132	1.0	AUS	0.197380507031173	1	1	0	0	2019-01-01	2019-12-31	0	0	0	364	False	False	False	False
NODE_0897->NODE_0898:CHN	NODE_0897	NODE_0898	CHN	3.963770456044779e-09	0.9999999960362292	0.9999999243091898	AUS	0.1973805015715061	6	6	0	0	2019-01-01	2019-12-31	0	0	0	364	False	False	False	False
NODE_0897->CHN__SAMN41373945:CHN	NODE_0897	CHN__SAMN41373945	CHN	3.963770756065799e-09	0.9999999960362292	1.0	AUS	0.1973805015715061	1	1	0	0	2019-01-01	2019-12-31	0	0	0	364	False	False	False	False
NODE_0903->CHN__SAMN41373936:CHN	NODE_0903	CHN__SAMN41373936	CHN	1.1823803866772842e-05	0.9999881761961332	1.0	AUS	0.19738050703117624	1	1	0	0	2019-01-01	2019-12-31	0	0	0	364	False	False	False	False
NODE_0903->CHN__SAMN41373951:CHN	NODE_0903	CHN__SAMN41373951	CHN	1.1823803866772842e-05	0.9999881761961332	1.0	AUS	0.19738050703117624	1	1	0	0	2019-01-01	2019-12-31	0	0	0	364	False	False	False	False
NODE_0907->NODE_0908:CHN	NODE_0907	NODE_0908	CHN	6.867737197948988e-08	0.999999931322628	0.9999999995331827	AUS	0.19737739067195342	2	2	0	0	2019-01-01	2019-12-31	0	0	0	364	False	False	False	False
NODE_0907->CHN__SAMN50151976:CHN	NODE_0907	CHN__SAMN50151976	CHN	6.867737201154966e-08	0.999999931322628	1.0	AUS	0.19737739067195342	1	1	0	0	2019-01-01	2019-12-31	0	0	0	364	False	False	False	False
NODE_0914->NODE_0915:CHN	NODE_0914	NODE_0915	CHN	4.870179814365198e-10	0.999999999512982	0.9999999998724508	AUS	0.1970292409850004	25	22	3	0	2014-01-01	2022-12-31	0	0	0	3286	False	False	False	False
NODE_0914->CHN__SAMN50151938:CHN	NODE_0914	CHN__SAMN50151938	CHN	4.870179814986386e-10	0.999999999512982	1.0	AUS	0.1970292409850004	1	1	0	0	2018-01-01	2018-12-31	0	0	0	364	False	False	False	False
NODE_0968->NODE_0969:JPN	NODE_0968	NODE_0969	JPN	8.076219734929625e-06	0.9999919218346672	0.999759153500804	Unknown_other	0.4654356461595898	10	10	0	0	1990-01-01	2016-12-31	0	0	0	9861	False	False	False	False
NODE_0968->JPN__SAMEA41292418:JPN	NODE_0968	JPN__SAMEA41292418	JPN	8.078165332769949e-06	0.9999919218346672	1.0	Unknown_other	0.4654356461595898	1	1	0	0	1987-01-01	1987-12-31	0	0	0	364	False	False	False	False
NODE_0981->NODE_0982:JPN	NODE_0981	NODE_0982	JPN	0.00011071271972590395	0.9998892699827128	0.9998437861588902	AUS	0.2015730997684517	3	3	0	0	1988-01-01	2003-12-31	0	0	0	5843	False	False	False	False
NODE_0981->JPN__SAMEA41205418:JPN	NODE_0981	JPN__SAMEA41205418	JPN	0.00011073001728723053	0.9998892699827128	1.0	AUS	0.2015730997684517	1	1	0	0	1996-01-01	1996-12-31	0	0	0	365	False	False	False	False
NODE_0018->AUS__SAMEA751476:AUS	NODE_0018	AUS__SAMEA751476	AUS	0.9962054908899506	0.0037945091100494	1.0	Europe_other	0.9950482410069125	1	1	0	0	2004-01-01	2004-12-31	0	0	0	365	True	False	False	False
NODE_0020->NODE_0021:AUS	NODE_0020	NODE_0021	AUS	2.8691742321872e-06	3.429553962830897e-06	2.869184072208805e-06	Europe_other	0.9999381234160619	81	48	0	33	2008-01-01	2024-10-31	0	0	0	6148	False	False	False	False
NODE_0020->NODE_0021:BEL	NODE_0020	NODE_0021	BEL	2.8173152472075316e-06	3.3650185654439404e-06	2.8173247275575447e-06	Europe_other	0.9999380588844407	113	19	17	77	2014-01-30	2023-12-31	0	0	0	3622	False	False	False	False
NODE_0020->NODE_0021:CHN	NODE_0020	NODE_0021	CHN	2.3116478404062484e-06	2.761044698967447e-06	2.3116542229868866e-06	Europe_other	0.9999374549463176	240	40	48	152	2013-01-01	2024-12-31	0	0	0	4382	False	False	False	False
NODE_0020->NODE_0021:FRA	NODE_0020	NODE_0021	FRA	2.1602627336714457e-06	2.5802289878247493e-06	2.1602683076583545e-06	Europe_other	0.999937274141449	53	6	0	47	2000-01-01	2024-12-31	0	0	0	9131	False	False	False	False
NODE_0020->NODE_0021:JPN	NODE_0020	NODE_0021	JPN	7.59078373418226e-05	4.918335420412302e-05	7.591157092750372e-05	Europe_other	0.9999838766355112	81	21	1	59	1995-01-01	2025-12-31	0	0	0	11322	False	False	False	False
NODE_0020->NODE_0757:JPN	NODE_0020	NODE_0757	JPN	0.0045537603098162235	4.918335420412302e-05	0.0045539842900386	Europe_other	0.9999838766355112	2	2	0	0	1994-01-01	1994-12-31	0	0	0	364	False	False	False	False
NODE_0773->NODE_0774:AUS	NODE_0773	NODE_0774	AUS	0.00029700844043555155	0.0002760756325994	0.0002970904598722	Europe_other	0.998907035709004	1	1	0	0	2013-01-01	2013-12-31	0	0	0	364	False	False	False	False
NODE_0776->NODE_0777:BEL	NODE_0776	NODE_0777	BEL	0.00038035558817876137	0.9996195231640288	0.9996813267432464	Europe_other	0.6668001823073579	3	0	0	3	2023-06-12	2023-07-25	0	0	0	43	False	True	False	False
NODE_0776->BEL__SAMEA117989584:BEL	NODE_0776	BEL__SAMEA117989584	BEL	0.00038047683597119963	0.9996195231640288	1.0	Europe_other	0.6668001823073579	1	0	0	1	2023-10-31	2023-10-31	0	0	0	0	False	True	False	False
NODE_0785->NODE_0786:AUS	NODE_0785	NODE_0786	AUS	0.03993175091018371	0.957931762881729	0.9492137927700472	FRA	0.3860368091935615	1	0	0	1	2024-07-01	2024-07-31	0	0	0	30	False	True	False	False
NODE_0785->NODE_0786:FRA	NODE_0785	NODE_0786	FRA	0.03144172841428064	0.0162398880255353	0.0319607677029873	AUS	0.973745277148007	1	0	0	1	2024-01-01	2024-12-31	0	0	0	365	False	True	False	False
NODE_0785->AUS__SAMN45811371:AUS	NODE_0785	AUS__SAMN45811371	AUS	0.04206823711827101	0.957931762881729	1.0	FRA	0.3860368091935615	1	0	0	1	2024-06-01	2024-06-30	0	0	0	29	False	True	False	False
NODE_0787->NODE_0788:FRA	NODE_0787	NODE_0788	FRA	0.0002924363258992347	0.0003366149436318	0.0002925347974836	JPN	0.998899820125071	1	0	0	1	2024-01-01	2024-12-31	0	0	0	365	False	True	False	False
NODE_0787->NODE_0788:JPN	NODE_0787	NODE_0788	JPN	0.0014352133781850107	0.9985635755184256	0.9991568624699988	AUS	0.5384369166172412	1	0	0	1	2024-12-12	2024-12-12	0	0	0	0	False	True	False	False
NODE_0787->FRA__SAMEA117615786:FRA	NODE_0787	FRA__SAMEA117615786	FRA	0.9996633850563682	0.0003366149436318	1.0	JPN	0.998899820125071	1	0	0	1	2024-01-01	2024-12-31	1	1	1	365	True	True	True	False
NODE_0800->NODE_0801:CHN	NODE_0800	NODE_0801	CHN	2.577565938136448e-10	0.9999999997422434	0.9999999998720048	AUS	0.19738025327660913	49	21	27	1	2013-01-01	2023-12-31	0	0	0	4016	False	False	False	False
NODE_0800->NODE_0801:JPN	NODE_0800	NODE_0801	JPN	2.320089832270441e-11	4.672190016248088e-11	2.32008983237884e-11	CHN	0.9999999997889654	2	2	0	0	2018-01-01	2018-12-31	0	0	0	364	False	False	False	False
NODE_0800->CHN__SAMN50151948:CHN	NODE_0800	CHN__SAMN50151948	CHN	2.577565938466364e-10	0.9999999997422434	1.0	AUS	0.19738025327660913	1	1	0	0	2018-01-01	2018-12-31	0	0	0	364	False	False	False	False
NODE_0852->NODE_0853:CHN	NODE_0852	NODE_0853	CHN	3.7572478443500016e-10	0.9999999996242752	0.9999999995126372	AUS	0.19738050662213122	7	7	0	0	2016-01-01	2019-12-31	0	0	0	1460	False	False	False	False
NODE_0852->NODE_0859:CHN	NODE_0852	NODE_0859	CHN	3.757067979131103e-10	0.9999999996242752	0.999952127978402	AUS	0.19738050662213122	3	3	0	0	2019-01-01	2019-12-31	0	0	0	364	False	False	False	False
NODE_0863->NODE_0864:CHN	NODE_0863	NODE_0864	CHN	9.298758412756261e-10	0.9999999990701242	0.999999998154094	AUS	0.19738048409406908	5	5	0	0	2016-06-01	2019-12-31	0	0	0	1308	False	False	False	False
NODE_0863->CHN__SAMN50151953:CHN	NODE_0863	CHN__SAMN50151953	CHN	9.298758429920895e-10	0.9999999990701242	1.0	AUS	0.19738048409406908	1	1	0	0	2018-01-01	2018-12-31	0	0	0	364	False	False	False	False
NODE_0871->NODE_0872:CHN	NODE_0871	NODE_0872	CHN	7.19783989630252e-10	0.999999999280216	0.9999999714605732	AUS	0.19738050695821802	19	19	0	0	2015-01-01	2019-12-31	0	0	0	1825	False	False	False	False
NODE_0871->NODE_0890:CHN	NODE_0871	NODE_0890	CHN	7.197840100392586e-10	0.999999999280216	0.9999999998149216	AUS	0.19738050695821802	2	2	0	0	2019-01-01	2019-12-31	0	0	0	364	False	False	False	False
NODE_0891->CHN__SAMN41373944:CHN	NODE_0891	CHN__SAMN41373944	CHN	9.22355673271813e-05	0.9999077644326728	1.0	AUS	0.19738050703118046	1	1	0	0	2019-01-01	2019-12-31	0	0	0	364	False	False	False	False
NODE_0891->CHN__SAMN41373970:CHN	NODE_0891	CHN__SAMN41373970	CHN	9.22355673271813e-05	0.9999077644326728	1.0	AUS	0.19738050703118046	1	1	0	0	2019-01-01	2019-12-31	0	0	0	364	False	False	False	False
NODE_0893->NODE_0894:CHN	NODE_0893	NODE_0894	CHN	4.373028924606716e-06	0.9999956269651414	0.999998643057758	AUS	0.19738050703118037	2	2	0	0	2019-01-01	2019-12-31	0	0	0	364	False	False	False	False
NODE_0893->NODE_0895:CHN	NODE_0893	NODE_0895	CHN	4.3730348582965135e-06	0.9999956269651414	0.9999999999391892	AUS	0.19738050703118037	2	2	0	0	2019-01-01	2019-12-31	0	0	0	364	False	False	False	False
NODE_0898->NODE_0899:CHN	NODE_0898	NODE_0899	CHN	7.568984417689518e-08	0.9999999243091898	0.9999872375759568	AUS	0.19738050678002547	5	5	0	0	2019-01-01	2019-12-31	0	0	0	364	False	False	False	False
NODE_0898->CHN__SAMN41373954:CHN	NODE_0898	CHN__SAMN41373954	CHN	7.569081017511081e-08	0.9999999243091898	1.0	AUS	0.19738050678002547	1	1	0	0	2019-01-01	2019-12-31	0	0	0	364	False	False	False	False
NODE_0908->CHN__SAMN50151974:CHN	NODE_0908	CHN__SAMN50151974	CHN	4.66817251520979e-10	0.9999999995331827	1.0	AUS	0.1973777885360745	1	1	0	0	2019-01-01	2019-12-31	0	0	0	364	False	False	False	False
NODE_0908->CHN__SAMN50151975:CHN	NODE_0908	CHN__SAMN50151975	CHN	4.66817251520979e-10	0.9999999995331827	1.0	AUS	0.1973777885360745	1	1	0	0	2019-01-01	2019-12-31	0	0	0	364	False	False	False	False
NODE_0915->NODE_0916:CHN	NODE_0915	NODE_0916	CHN	1.2754919342160967e-10	0.9999999998724508	0.9999999999390156	AUS	0.1973643427383122	14	11	3	0	2014-01-01	2022-12-31	0	0	0	3286	False	False	False	False
NODE_0915->NODE_0929:CHN	NODE_0915	NODE_0929	CHN	1.27549183336688e-10	0.9999999998724508	0.9999999208720972	AUS	0.1973643427383122	11	11	0	0	2018-01-01	2019-12-31	0	0	0	729	False	False	False	False
NODE_0969->NODE_0970:JPN	NODE_0969	NODE_0970	JPN	0.00024078416270617478	0.999759153500804	0.9997411775134268	AUS	0.20185675089934504	2	2	0	0	1990-01-01	1994-12-31	0	0	0	1825	False	False	False	False
NODE_0969->NODE_0971:JPN	NODE_0969	NODE_0971	JPN	0.00024083011743679115	0.999759153500804	0.9999319825729556	AUS	0.20185675089934504	8	8	0	0	1996-01-01	2016-12-31	0	0	0	7670	False	False	False	False
NODE_0982->NODE_0983:JPN	NODE_0982	NODE_0983	JPN	0.0001552410632102896	0.9998437861588902	0.9937727803595808	AUS	0.2018014121755395	2	2	0	0	1990-01-01	2003-12-31	0	0	0	5112	False	False	False	False
NODE_0982->JPN__SAMEA41283418:JPN	NODE_0982	JPN__SAMEA41283418	JPN	0.00015621384110975356	0.9998437861588902	1.0	AUS	0.2018014121755395	1	1	0	0	1988-01-01	1988-12-31	0	0	0	365	False	False	False	False
NODE_0021->NODE_0022:AUS	NODE_0021	NODE_0022	AUS	6.281612636442662e-07	2.869184072208805e-06	6.281630659597299e-07	Europe_other	0.999913458023294	81	48	0	33	2008-01-01	2024-10-31	0	0	0	6148	False	False	False	False
NODE_0021->NODE_0022:BEL	NODE_0021	NODE_0022	BEL	6.168332648848697e-07	2.8173247275575447e-06	6.168350027093757e-07	Europe_other	0.9999134061682913	113	19	17	77	2014-01-30	2023-12-31	0	0	0	3622	False	False	False	False
NODE_0021->NODE_0022:CHN	NODE_0021	NODE_0022	CHN	5.061205441499302e-07	2.3116542229868866e-06	5.06121714128328e-07	Europe_other	0.9999129005404058	240	40	48	152	2013-01-01	2024-12-31	0	0	0	4382	False	False	False	False
NODE_0021->NODE_0022:FRA	NODE_0021	NODE_0022	FRA	4.729777945137588e-07	2.1602683076583545e-06	4.729788162749058e-07	Europe_other	0.9999127491673491	53	6	0	47	2000-01-01	2024-12-31	0	0	0	9131	False	False	False	False
NODE_0021->NODE_0022:JPN	NODE_0021	NODE_0022	JPN	2.3885886537976056e-05	7.591157092750372e-05	2.388769989080061e-05	Europe_other	0.9999864996336202	77	17	1	59	2000-01-01	2025-12-31	0	0	0	9496	False	False	False	False
NODE_0021->NODE_0753:JPN	NODE_0021	NODE_0753	JPN	0.002014576802604146	7.591157092750372e-05	0.002014729743904	Europe_other	0.9999864996336202	4	4	0	0	1995-01-01	2004-12-31	0	0	0	3652	False	False	False	False
NODE_0757->NODE_0758:JPN	NODE_0757	NODE_0758	JPN	0.9762533007051241	0.0045539842900386	0.9807194818182592	Europe_other	0.998372234322312	2	2	0	0	1994-01-01	1994-12-31	0	0	0	364	True	False	False	False
NODE_0774->NODE_0775:AUS	NODE_0774	NODE_0775	AUS	0.0030469711444991157	0.0002970904598722	0.0030478766395716	Europe_other	0.9988591854723194	1	1	0	0	2013-01-01	2013-12-31	0	0	0	364	False	False	False	False
NODE_0777->BEL__SAMEA117989541:BEL	NODE_0777	BEL__SAMEA117989541	BEL	0.0003186732567536099	0.9996813267432464	1.0	Europe_other	0.6665347195441546	1	0	0	1	2023-06-12	2023-06-12	0	0	0	0	False	True	False	False
NODE_0777->NODE_0778:BEL	NODE_0777	NODE_0778	BEL	0.000318569266493049	0.9996813267432464	0.9996736774788688	Europe_other	0.6665347195441546	2	0	0	2	2023-07-10	2023-07-25	0	0	0	15	False	True	False	False
NODE_0786->AUS__SAMN45810556:AUS	NODE_0786	AUS__SAMN45810556	AUS	0.05078620722995275	0.9492137927700472	1.0	FRA	0.6293198379290994	1	0	0	1	2024-07-01	2024-07-31	0	0	0	30	False	True	False	False
NODE_0786->FRA__SAMEA115874216:FRA	NODE_0786	FRA__SAMEA115874216	FRA	0.9680392322970127	0.0319607677029873	1.0	AUS	0.9805530200648014	1	0	0	1	2024-01-01	2024-12-31	1	1	1	365	True	True	True	False
NODE_0788->FRA__SAMEA115874226:FRA	NODE_0788	FRA__SAMEA115874226	FRA	0.9997074652025164	0.0002925347974836	1.0	JPN	0.9994492361498912	1	0	0	1	2024-01-01	2024-12-31	1	1	1	365	True	True	True	False
NODE_0788->JPN__SAMD01593372:JPN	NODE_0788	JPN__SAMD01593372	JPN	0.0008431375300012034	0.9991568624699988	1.0	AUS	0.4591670474898297	1	0	0	1	2024-12-12	2024-12-12	0	0	0	0	False	True	False	False
NODE_0801->NODE_0802:CHN	NODE_0801	NODE_0802	CHN	1.2799516997651925e-10	0.9999999998720048	0.9999999996729496	AUS	0.1973804994239207	46	18	27	1	2013-01-01	2023-12-31	0	0	0	4016	False	False	False	False
NODE_0801->NODE_0802:JPN	NODE_0801	NODE_0802	JPN	5.92824950021098e-11	2.32008983237884e-11	5.928249500348521e-11	CHN	0.9999999998952057	2	2	0	0	2018-01-01	2018-12-31	0	0	0	364	False	False	False	False
NODE_0801->NODE_0849:CHN	NODE_0801	NODE_0849	CHN	1.2799516761704712e-10	0.9999999998720048	0.999999981238878	AUS	0.1973804994239207	3	3	0	0	2018-01-01	2019-12-31	0	0	0	729	False	False	False	False
NODE_0853->NODE_0854:CHN	NODE_0853	NODE_0854	CHN	4.873628166181891e-10	0.9999999995126372	0.9999999996883264	AUS	0.19738050701697746	6	6	0	0	2016-01-01	2019-12-31	0	0	0	1460	False	False	False	False
NODE_0853->CHN__SAMN50151982:CHN	NODE_0853	CHN__SAMN50151982	CHN	4.873628167700872e-10	0.9999999995126372	1.0	AUS	0.19738050701697746	1	1	0	0	2019-01-01	2019-12-31	0	0	0	364	False	False	False	False
NODE_0859->NODE_0860:CHN	NODE_0859	NODE_0860	CHN	4.787201978028975e-05	0.999952127978402	0.999999962030844	AUS	0.1973805070311806	2	2	0	0	2019-01-01	2019-12-31	0	0	0	364	False	False	False	False
NODE_0859->CHN__SAMN41373922:CHN	NODE_0859	CHN__SAMN41373922	CHN	4.787202159795001e-05	0.999952127978402	1.0	AUS	0.1973805070311806	1	1	0	0	2019-01-01	2019-12-31	0	0	0	364	False	False	False	False
NODE_0864->NODE_0865:CHN	NODE_0864	NODE_0865	CHN	1.8459058733228915e-09	0.999999998154094	0.9999999402467484	AUS	0.19738050534042642	4	4	0	0	2016-06-01	2019-12-31	0	0	0	1308	False	False	False	False
NODE_0864->CHN__SAMN41373937:CHN	NODE_0864	CHN__SAMN41373937	CHN	1.8459059836217762e-09	0.999999998154094	1.0	AUS	0.19738050534042642	1	1	0	0	2019-01-01	2019-12-31	0	0	0	364	False	False	False	False
NODE_0872->NODE_0873:CHN	NODE_0872	NODE_0873	CHN	2.853942599394311e-08	0.9999999714605732	0.9999999709927212	AUS	0.19738050702982543	16	16	0	0	2015-01-01	2019-12-31	0	0	0	1825	False	False	False	False
NODE_0872->NODE_0888:CHN	NODE_0872	NODE_0888	CHN	2.853837909701257e-08	0.9999999714605732	0.9999632885135292	AUS	0.19738050702982543	3	3	0	0	2019-01-01	2019-12-31	0	0	0	364	False	False	False	False
NODE_0890->CHN__SAMN41373972:CHN	NODE_0890	CHN__SAMN41373972	CHN	1.8507839705250717e-10	0.9999999998149216	1.0	AUS	0.1973805070311813	1	1	0	0	2019-01-01	2019-12-31	0	0	0	364	False	False	False	False
NODE_0890->CHN__SAMN41373974:CHN	NODE_0890	CHN__SAMN41373974	CHN	1.8507839705250717e-10	0.9999999998149216	1.0	AUS	0.1973805070311813	1	1	0	0	2019-01-01	2019-12-31	0	0	0	364	False	False	False	False
NODE_0894->CHN__SAMN41373915:CHN	NODE_0894	CHN__SAMN41373915	CHN	1.3569422420145472e-06	0.999998643057758	1.0	AUS	0.1973805070311808	1	1	0	0	2019-01-01	2019-12-31	0	0	0	364	False	False	False	False
NODE_0894->CHN__SAMN41373965:CHN	NODE_0894	CHN__SAMN41373965	CHN	1.3569422420145472e-06	0.999998643057758	1.0	AUS	0.1973805070311808	1	1	0	0	2019-01-01	2019-12-31	0	0	0	364	False	False	False	False
NODE_0895->CHN__SAMN41373938:CHN	NODE_0895	CHN__SAMN41373938	CHN	6.081080083930601e-11	0.9999999999391892	1.0	AUS	0.1973805070311812	1	1	0	0	2019-01-01	2019-12-31	0	0	0	364	False	False	False	False
NODE_0895->CHN__SAMN41373961:CHN	NODE_0895	CHN__SAMN41373961	CHN	6.081080083930601e-11	0.9999999999391892	1.0	AUS	0.1973805070311812	1	1	0	0	2019-01-01	2019-12-31	0	0	0	364	False	False	False	False
NODE_0899->NODE_0900:CHN	NODE_0899	NODE_0900	CHN	1.2762424040872944e-05	0.9999872375759568	0.99999999981418	AUS	0.1973805070311012	3	3	0	0	2019-01-01	2019-12-31	0	0	0	364	False	False	False	False
NODE_0899->NODE_0902:CHN	NODE_0899	NODE_0902	CHN	1.2762423688105617e-05	0.9999872375759568	0.9999999721730888	AUS	0.1973805070311012	2	2	0	0	2019-01-01	2019-12-31	0	0	0	364	False	False	False	False
NODE_0916->NODE_0917:CHN	NODE_0916	NODE_0917	CHN	6.098443971188301e-11	0.9999999999390156	0.9999999998610404	AUS	0.19738030415119578	8	5	3	0	2014-01-01	2022-12-31	0	0	0	3286	False	False	False	False
NODE_0916->NODE_0924:CHN	NODE_0916	NODE_0924	CHN	6.098442367589598e-11	0.9999999999390156	0.9999997369089316	AUS	0.19738030415119578	6	6	0	0	2016-01-01	2019-12-31	0	0	0	1460	False	False	False	False
NODE_0929->NODE_0930:CHN	NODE_0929	NODE_0930	CHN	7.912790250467257e-08	0.9999999208720972	0.9999999964492472	AUS	0.19738050702897797	10	10	0	0	2018-01-01	2019-12-31	0	0	0	729	False	False	False	False
NODE_0929->CHN__SAMN50151935:CHN	NODE_0929	CHN__SAMN50151935	CHN	7.91279027856362e-08	0.9999999208720972	1.0	AUS	0.19738050702897797	1	1	0	0	2018-01-01	2018-12-31	0	0	0	364	False	False	False	False
NODE_0970->JPN__SAMEA41211418:JPN	NODE_0970	JPN__SAMEA41211418	JPN	0.00025882248657316254	0.9997411775134268	1.0	AUS	0.20186766382312088	1	1	0	0	1990-01-01	1990-12-31	0	0	0	364	False	False	False	False
NODE_0970->JPN__SAMEA41247418:JPN	NODE_0970	JPN__SAMEA41247418	JPN	0.00025882248657316254	0.9997411775134268	1.0	AUS	0.20186766382312088	1	1	0	0	1994-01-01	1994-12-31	0	0	0	364	False	False	False	False
NODE_0971->NODE_0972:JPN	NODE_0971	NODE_0972	JPN	6.80158012403616e-05	0.9999319825729556	0.9999760972424244	AUS	0.20186452024238677	7	7	0	0	1996-01-01	2016-12-31	0	0	0	7670	False	False	False	False
NODE_0971->JPN__SAMEA41197168:JPN	NODE_0971	JPN__SAMEA41197168	JPN	6.801742704443114e-05	0.9999319825729556	1.0	AUS	0.20186452024238677	1	1	0	0	1999-01-01	1999-12-31	0	0	0	364	False	False	False	False
NODE_0983->JPN__SAMEA41286418:JPN	NODE_0983	JPN__SAMEA41286418	JPN	0.006227219640419168	0.9937727803595808	1.0	AUS	0.20186795988341574	1	1	0	0	1990-01-01	1990-12-31	0	0	0	364	False	False	False	False
NODE_0983->JPN__SAMEA41218168:JPN	NODE_0983	JPN__SAMEA41218168	JPN	0.006227219640419168	0.9937727803595808	1.0	AUS	0.20186795988341574	1	1	0	0	2003-01-01	2003-12-31	0	0	0	364	False	False	False	False
NODE_0022->NODE_0023:AUS	NODE_0022	NODE_0023	AUS	1.3125334906769915e-08	6.281630659597299e-07	1.3125343151625712e-08	Europe_other	0.999973078535405	81	48	0	33	2008-01-01	2024-10-31	0	0	0	6148	False	False	False	False
NODE_0022->NODE_0023:BEL	NODE_0022	NODE_0023	BEL	1.2888644645381297e-08	6.168350027093757e-07	1.2888652595553356e-08	Europe_other	0.9999730672076397	113	19	17	77	2014-01-30	2023-12-31	0	0	0	3622	False	False	False	False
NODE_0022->NODE_0023:CHN	NODE_0022	NODE_0023	CHN	1.0575307665274143e-08	5.06121714128328e-07	1.0575313017669695e-08	Europe_other	0.9999729564972768	240	40	48	152	2013-01-01	2024-12-31	0	0	0	4382	False	False	False	False
NODE_0022->NODE_0023:FRA	NODE_0022	NODE_0023	FRA	9.884824845771008e-09	4.729788162749058e-07	9.884829521085973e-09	Europe_other	0.9999729233552596	53	6	0	47	2000-01-01	2024-12-31	0	0	0	9131	False	False	False	False
NODE_0022->NODE_0023:JPN	NODE_0022	NODE_0023	JPN	9.433774923890526e-06	2.388769989080061e-05	9.434000280457996e-06	Europe_other	0.999996338001664	76	16	1	59	2000-01-01	2025-12-31	0	0	0	9496	False	False	False	False
NODE_0022->JPN__SAMEA41194168:JPN	NODE_0022	JPN__SAMEA41194168	JPN	0.9999761123001092	2.388769989080061e-05	1.0	Europe_other	0.999996338001664	1	1	0	0	2000-01-01	2000-12-31	0	0	0	365	True	False	False	False
NODE_0753->NODE_0754:JPN	NODE_0753	NODE_0754	JPN	0.9966306229827655	0.002014729743904	0.9986426179687172	Europe_other	0.9996316990190711	4	4	0	0	1995-01-01	2004-12-31	0	0	0	3652	True	False	False	False
NODE_0758->JPN__SAMEA41241418:JPN	NODE_0758	JPN__SAMEA41241418	JPN	0.019280518181740813	0.9807194818182592	1.0	Europe_other	0.7291695355176167	1	1	0	0	1994-01-01	1994-12-31	0	0	0	364	False	False	False	False
NODE_0758->JPN__SAMEA41249668:JPN	NODE_0758	JPN__SAMEA41249668	JPN	0.019280518181740813	0.9807194818182592	1.0	Europe_other	0.7291695355176167	1	1	0	0	1994-01-01	1994-12-31	0	0	0	364	False	False	False	False
NODE_0775->AUS__SAMN08443715:AUS	NODE_0775	AUS__SAMN08443715	AUS	0.9969521233604284	0.0030478766395716	1.0	Europe_other	0.9978859695743897	1	1	0	0	2013-01-01	2013-12-31	0	0	0	364	True	False	False	False
NODE_0778->BEL__SAMEA117989546:BEL	NODE_0778	BEL__SAMEA117989546	BEL	0.00032632252113118376	0.9996736774788688	1.0	Europe_other	0.651094947571269	1	0	0	1	2023-07-10	2023-07-10	0	0	0	0	False	True	False	False
NODE_0778->BEL__SAMEA117989550:BEL	NODE_0778	BEL__SAMEA117989550	BEL	0.00032632252113118376	0.9996736774788688	1.0	Europe_other	0.651094947571269	1	0	0	1	2023-07-25	2023-07-25	0	0	0	0	False	True	False	False
NODE_0802->NODE_0803:CHN	NODE_0802	NODE_0803	CHN	3.270503867052137e-10	0.9999999996729496	0.9999999997942683	AUS	0.19738046575014007	45	17	27	1	2013-01-01	2023-12-31	0	0	0	4016	False	False	False	False
NODE_0802->NODE_0803:JPN	NODE_0802	NODE_0803	JPN	3.729351353452668e-11	5.928249500348521e-11	3.729351353673753e-11	CHN	0.9999999997322321	2	2	0	0	2018-01-01	2018-12-31	0	0	0	364	False	False	False	False
NODE_0802->CHN__SAMN50151941:CHN	NODE_0802	CHN__SAMN50151941	CHN	3.270503867724983e-10	0.9999999996729496	1.0	AUS	0.19738046575014007	1	1	0	0	2018-01-01	2018-12-31	0	0	0	364	False	False	False	False
NODE_0849->NODE_0850:CHN	NODE_0849	NODE_0850	CHN	1.8761121968875385e-08	0.999999981238878	0.9999999989120892	AUS	0.1973805070311796	2	2	0	0	2018-01-01	2019-12-31	0	0	0	729	False	False	False	False
NODE_0849->CHN__SAMN50151979:CHN	NODE_0849	CHN__SAMN50151979	CHN	1.876112198928581e-08	0.999999981238878	1.0	AUS	0.1973805070311796	1	1	0	0	2019-01-01	2019-12-31	0	0	0	364	False	False	False	False
NODE_0854->NODE_0855:CHN	NODE_0854	NODE_0855	CHN	3.116735586110454e-10	0.9999999996883264	0.9999999447313122	AUS	0.19738050703053803	3	3	0	0	2016-01-01	2019-12-31	0	0	0	1460	False	False	False	False
NODE_0854->NODE_0857:CHN	NODE_0854	NODE_0857	CHN	3.1166907794981947e-10	0.9999999996883264	0.9999855685968776	AUS	0.19738050703053803	3	3	0	0	2016-01-01	2019-12-31	0	0	0	1460	False	False	False	False
NODE_0860->CHN__SAMN41373917:CHN	NODE_0860	CHN__SAMN41373917	CHN	3.79691560414841e-08	0.999999962030844	1.0	AUS	0.19738050703118076	1	1	0	0	2019-01-01	2019-12-31	0	0	0	364	False	False	False	False
NODE_0860->CHN__SAMN41373931:CHN	NODE_0860	CHN__SAMN41373931	CHN	3.79691560414841e-08	0.999999962030844	1.0	AUS	0.19738050703118076	1	1	0	0	2019-01-01	2019-12-31	0	0	0	364	False	False	False	False
NODE_0865->CHN__SAMN33268690:CHN	NODE_0865	CHN__SAMN33268690	CHN	5.975325156892808e-08	0.9999999402467484	1.0	AUS	0.19738050698660387	1	1	0	0	2016-06-01	2016-06-30	0	0	0	29	False	False	False	False
NODE_0865->NODE_0866:CHN	NODE_0865	NODE_0866	CHN	5.975138896467882e-08	0.9999999402467484	0.99996882840347	AUS	0.19738050698660387	3	3	0	0	2019-01-01	2019-12-31	0	0	0	364	False	False	False	False
NODE_0873->NODE_0874:CHN	NODE_0873	NODE_0874	CHN	2.900494636946579e-08	0.9999999709927212	0.9999195915023829	AUS	0.197380507031181	3	3	0	0	2015-01-01	2019-12-31	0	0	0	1825	False	False	False	False
NODE_0873->NODE_0876:CHN	NODE_0873	NODE_0876	CHN	2.9007278514671475e-08	0.9999999709927212	0.9999999901230764	AUS	0.197380507031181	13	13	0	0	2018-01-01	2019-12-31	0	0	0	729	False	False	False	False
NODE_0888->CHN__SAMN41373914:CHN	NODE_0888	CHN__SAMN41373914	CHN	3.6711486470775156e-05	0.9999632885135292	1.0	AUS	0.19738050703118065	1	1	0	0	2019-01-01	2019-12-31	0	0	0	364	False	False	False	False
NODE_0888->NODE_0889:CHN	NODE_0888	NODE_0889	CHN	3.671148645117993e-05	0.9999632885135292	0.9999999994662372	AUS	0.19738050703118065	2	2	0	0	2019-01-01	2019-12-31	0	0	0	364	False	False	False	False
NODE_0900->NODE_0901:CHN	NODE_0900	NODE_0901	CHN	1.858200260328812e-10	0.99999999981418	0.9999999999995932	AUS	0.19738050703118074	2	2	0	0	2019-01-01	2019-12-31	0	0	0	364	False	False	False	False
NODE_0900->CHN__SAMN41373950:CHN	NODE_0900	CHN__SAMN41373950	CHN	1.8582002603295678e-10	0.99999999981418	1.0	AUS	0.19738050703118074	1	1	0	0	2019-01-01	2019-12-31	0	0	0	364	False	False	False	False
NODE_0902->CHN__SAMN41373939:CHN	NODE_0902	CHN__SAMN41373939	CHN	2.7826911219719364e-08	0.9999999721730888	1.0	AUS	0.19738050703118068	1	1	0	0	2019-01-01	2019-12-31	0	0	0	364	False	False	False	False
NODE_0902->CHN__SAMN41373943:CHN	NODE_0902	CHN__SAMN41373943	CHN	2.7826911219719364e-08	0.9999999721730888	1.0	AUS	0.19738050703118068	1	1	0	0	2019-01-01	2019-12-31	0	0	0	364	False	False	False	False
NODE_0917->NODE_0918:CHN	NODE_0917	NODE_0918	CHN	1.3895961985657902e-10	0.9999999998610404	0.9999999875453268	AUS	0.19738050581505642	6	3	3	0	2014-01-01	2022-12-31	0	0	0	3286	False	False	False	False
NODE_0917->NODE_0923:CHN	NODE_0917	NODE_0923	CHN	1.3895845647799802e-10	0.9999999998610404	0.999991615483229	AUS	0.19738050581505642	2	2	0	0	2015-01-01	2019-12-31	0	0	0	1825	False	False	False	False
NODE_0924->NODE_0925:CHN	NODE_0924	NODE_0925	CHN	2.63091012902615e-07	0.9999997369089316	0.9999997891498374	AUS	0.19738050703112583	4	4	0	0	2016-01-01	2018-12-31	0	0	0	1095	False	False	False	False
NODE_0924->NODE_0928:CHN	NODE_0924	NODE_0928	CHN	2.6305927648598626e-07	0.9999997369089316	0.9998791601340952	AUS	0.19738050703112583	2	2	0	0	2019-01-01	2019-12-31	0	0	0	364	False	False	False	False
NODE_0930->NODE_0931:CHN	NODE_0930	NODE_0931	CHN	3.5507527997667392e-09	0.9999999964492472	0.9999999991191534	AUS	0.19738050702923446	9	9	0	0	2018-01-01	2019-12-31	0	0	0	729	False	False	False	False
NODE_0930->CHN__SAMN41373956:CHN	NODE_0930	CHN__SAMN41373956	CHN	3.550752802894408e-09	0.9999999964492472	1.0	AUS	0.19738050702923446	1	1	0	0	2019-01-01	2019-12-31	0	0	0	364	False	False	False	False
NODE_0972->NODE_0973:JPN	NODE_0972	NODE_0973	JPN	2.389940296174414e-05	0.9999760972424244	0.9998596557814232	AUS	0.20178655040381455	6	6	0	0	2003-01-01	2016-12-31	0	0	0	5113	False	False	False	False
NODE_0972->JPN__SAMEA41186668:JPN	NODE_0972	JPN__SAMEA41186668	JPN	2.3902757575577915e-05	0.9999760972424244	1.0	AUS	0.20178655040381455	1	1	0	0	1996-01-01	1996-12-31	0	0	0	365	False	False	False	False
NODE_0023->NODE_0024:AUS	NODE_0023	NODE_0024	AUS	9.301354407254261e-10	1.3125343151625712e-08	9.301354529337731e-10	Europe_other	0.99998980863823	81	48	0	33	2008-01-01	2024-10-31	0	0	0	6148	False	False	False	False
NODE_0023->NODE_0024:BEL	NODE_0023	NODE_0024	BEL	9.133693209682568e-10	1.2888652595553356e-08	9.133693327403568e-10	Europe_other	0.9999898084015418	113	19	17	77	2014-01-30	2023-12-31	0	0	0	3622	False	False	False	False
NODE_0023->NODE_0024:CHN	NODE_0023	NODE_0024	CHN	7.494258049632052e-10	1.0575313017669695e-08	7.494258128886178e-10	Europe_other	0.9999898060882257	240	40	48	152	2013-01-01	2024-12-31	0	0	0	4382	False	False	False	False
NODE_0023->NODE_0024:FRA	NODE_0023	NODE_0024	FRA	7.025280790436784e-10	9.884829521085973e-09	7.025280859880487e-10	Europe_other	0.9999898053977492	53	6	0	47	2000-01-01	2024-12-31	0	0	0	9131	False	False	False	False
NODE_0023->NODE_0024:JPN	NODE_0023	NODE_0024	JPN	9.165344427458006e-06	9.434000280457996e-06	9.165430894135632e-06	Europe_other	0.999999229506032	76	16	1	59	2000-01-01	2025-12-31	0	0	0	9496	False	False	False	False
NODE_0754->NODE_0755:JPN	NODE_0754	NODE_0755	JPN	0.0013555659023130721	0.9986426179687172	0.998662035500806	Europe_other	0.8405692739015846	2	2	0	0	1999-01-01	2004-12-31	0	0	0	2191	False	False	False	False
NODE_0754->NODE_0756:JPN	NODE_0754	NODE_0756	JPN	0.0013573817984271611	0.9986426179687172	0.9999998284524138	Europe_other	0.8405692739015846	2	2	0	0	1995-01-01	1999-12-31	0	0	0	1825	False	False	False	False
NODE_0803->NODE_0804:CHN	NODE_0803	NODE_0804	CHN	2.0573165391903728e-10	0.9999999997942683	0.9999999999223904	AUS	0.1973784039013749	43	15	27	1	2013-01-01	2023-12-31	0	0	0	4016	False	False	False	False
NODE_0803->NODE_0804:JPN	NODE_0803	NODE_0804	JPN	1.4157285472084764e-11	3.729351353673753e-11	1.415728547261274e-11	CHN	0.999999999831562	2	2	0	0	2018-01-01	2018-12-31	0	0	0	364	False	False	False	False
NODE_0803->NODE_0848:CHN	NODE_0803	NODE_0848	CHN	2.057022347416088e-10	0.9999999997942683	0.9998570021052544	AUS	0.1973784039013749	2	2	0	0	2019-01-01	2019-12-31	0	0	0	364	False	False	False	False
NODE_0850->CHN__SAMN39682971:CHN	NODE_0850	CHN__SAMN39682971	CHN	1.0879107614769623e-09	0.9999999989120892	1.0	AUS	0.19738050703118074	1	1	0	0	2018-01-01	2018-12-31	0	0	0	364	False	False	False	False
NODE_0850->CHN__SAMN50151980:CHN	NODE_0850	CHN__SAMN50151980	CHN	1.0879107614769623e-09	0.9999999989120892	1.0	AUS	0.19738050703118074	1	1	0	0	2019-01-01	2019-12-31	0	0	0	364	False	False	False	False
NODE_0855->NODE_0856:CHN	NODE_0855	NODE_0856	CHN	5.526867149889612e-08	0.9999999447313122	0.9999997041786658	AUS	0.19738050703117935	2	2	0	0	2016-01-01	2019-12-31	0	0	0	1460	False	False	False	False
NODE_0855->CHN__SAMN50151978:CHN	NODE_0855	CHN__SAMN50151978	CHN	5.52686878485531e-08	0.9999999447313122	1.0	AUS	0.19738050703117935	1	1	0	0	2019-01-01	2019-12-31	0	0	0	364	False	False	False	False
NODE_0857->NODE_0858:CHN	NODE_0857	NODE_0858	CHN	1.4431363503383064e-05	0.9999855685968776	0.999997254665928	AUS	0.19738050703118082	2	2	0	0	2016-01-01	2016-12-31	0	0	0	365	False	False	False	False
NODE_0857->CHN__SAMN41373957:CHN	NODE_0857	CHN__SAMN41373957	CHN	1.4431403122405762e-05	0.9999855685968776	1.0	AUS	0.19738050703118082	1	1	0	0	2019-01-01	2019-12-31	0	0	0	364	False	False	False	False
NODE_0866->NODE_0867:CHN	NODE_0866	NODE_0867	CHN	3.117159621200107e-05	0.99996882840347	0.999999989798806	AUS	0.19738050703117874	2	2	0	0	2019-01-01	2019-12-31	0	0	0	364	False	False	False	False
NODE_0866->CHN__SAMN41373919:CHN	NODE_0866	CHN__SAMN41373919	CHN	3.117159652998858e-05	0.99996882840347	1.0	AUS	0.19738050703117874	1	1	0	0	2019-01-01	2019-12-31	0	0	0	364	False	False	False	False
NODE_0874->CHN__SAMN07326325:CHN	NODE_0874	CHN__SAMN07326325	CHN	8.040849761714597e-05	0.9999195915023829	1.0	AUS	0.1973805070311807	1	1	0	0	2015-01-01	2015-12-31	0	0	0	364	False	False	False	False
NODE_0874->NODE_0875:CHN	NODE_0874	NODE_0875	CHN	8.040849759652412e-05	0.9999195915023829	0.9999999997435364	AUS	0.1973805070311807	2	2	0	0	2019-01-01	2019-12-31	0	0	0	364	False	False	False	False
NODE_0876->NODE_0877:CHN	NODE_0876	NODE_0877	CHN	9.876923061152983e-09	0.9999999901230764	0.9999999441967408	AUS	0.1973805070311811	12	12	0	0	2018-01-01	2019-12-31	0	0	0	729	False	False	False	False
NODE_0876->CHN__SAMN50151952:CHN	NODE_0876	CHN__SAMN50151952	CHN	9.876923612317512e-09	0.9999999901230764	1.0	AUS	0.1973805070311811	1	1	0	0	2018-01-01	2018-12-31	0	0	0	364	False	False	False	False
NODE_0889->CHN__SAMN41373930:CHN	NODE_0889	CHN__SAMN41373930	CHN	5.337628117274562e-10	0.9999999994662372	1.0	AUS	0.19738050703118123	1	1	0	0	2019-01-01	2019-12-31	0	0	0	364	False	False	False	False
NODE_0889->CHN__SAMN41373969:CHN	NODE_0889	CHN__SAMN41373969	CHN	5.337628117274562e-10	0.9999999994662372	1.0	AUS	0.19738050703118123	1	1	0	0	2019-01-01	2019-12-31	0	0	0	364	False	False	False	False
NODE_0901->CHN__SAMN41373934:CHN	NODE_0901	CHN__SAMN41373934	CHN	4.0678571622265736e-13	0.9999999999995932	1.0	AUS	0.19738050703118123	1	1	0	0	2019-01-01	2019-12-31	0	0	0	364	False	False	False	False
NODE_0901->CHN__SAMN41373955:CHN	NODE_0901	CHN__SAMN41373955	CHN	4.0678571622265736e-13	0.9999999999995932	1.0	AUS	0.19738050703118123	1	1	0	0	2019-01-01	2019-12-31	0	0	0	364	False	False	False	False
NODE_0918->NODE_0919:CHN	NODE_0918	NODE_0919	CHN	1.2454670258923584e-08	0.9999999875453268	0.9999997653291642	AUS	0.19738050702366927	5	2	3	0	2014-01-01	2022-12-31	0	0	0	3286	False	False	False	False
NODE_0918->CHN__SAMN50151972:CHN	NODE_0918	CHN__SAMN50151972	CHN	1.2454673181672149e-08	0.9999999875453268	1.0	AUS	0.19738050702366927	1	1	0	0	2019-01-01	2019-12-31	0	0	0	364	False	False	False	False
NODE_0923->CHN__SAMN09947493:CHN	NODE_0923	CHN__SAMN09947493	CHN	8.384516770987283e-06	0.999991615483229	1.0	AUS	0.19738050703118	1	1	0	0	2015-01-01	2015-12-31	0	0	0	364	False	False	False	False
NODE_0923->CHN__SAMN41373966:CHN	NODE_0923	CHN__SAMN41373966	CHN	8.384516770987283e-06	0.999991615483229	1.0	AUS	0.19738050703118	1	1	0	0	2019-01-01	2019-12-31	0	0	0	364	False	False	False	False
NODE_0925->CHN__SAMN07329782:CHN	NODE_0925	CHN__SAMN07329782	CHN	2.1085016255195654e-07	0.9999997891498374	1.0	AUS	0.1973805070311316	1	1	0	0	2016-01-01	2016-12-31	0	0	0	365	False	False	False	False
NODE_0925->NODE_0926:CHN	NODE_0925	NODE_0926	CHN	2.108500546050074e-07	0.9999997891498374	0.999999488039526	AUS	0.1973805070311316	3	3	0	0	2017-01-01	2018-12-31	0	0	0	729	False	False	False	False
NODE_0928->CHN__SAMN41373960:CHN	NODE_0928	CHN__SAMN41373960	CHN	0.00012083986590483153	0.9998791601340952	1.0	AUS	0.19738050703118082	1	1	0	0	2019-01-01	2019-12-31	0	0	0	364	False	False	False	False
NODE_0928->CHN__SAMN41373962:CHN	NODE_0928	CHN__SAMN41373962	CHN	0.00012083986590483153	0.9998791601340952	1.0	AUS	0.19738050703118082	1	1	0	0	2019-01-01	2019-12-31	0	0	0	364	False	False	False	False
NODE_0931->NODE_0932:CHN	NODE_0931	NODE_0932	CHN	8.80846613746108e-10	0.9999999991191534	0.9999999953207572	AUS	0.1973805070306932	8	8	0	0	2018-01-01	2019-12-31	0	0	0	729	False	False	False	False
NODE_0931->CHN__SAMN41373929:CHN	NODE_0931	CHN__SAMN41373929	CHN	8.808466178678032e-10	0.9999999991191534	1.0	AUS	0.1973805070306932	1	1	0	0	2019-01-01	2019-12-31	0	0	0	364	False	False	False	False
NODE_0973->NODE_0974:JPN	NODE_0973	NODE_0974	JPN	0.00014033149872530714	0.9998596557814232	0.9999093667583596	AUS	0.20162920005803586	5	5	0	0	2003-01-01	2016-12-31	0	0	0	5113	False	False	False	False
NODE_0973->JPN__SAMEA41224918:JPN	NODE_0973	JPN__SAMEA41224918	JPN	0.00014034421857678225	0.9998596557814232	1.0	AUS	0.20162920005803586	1	1	0	0	2004-01-01	2004-12-31	0	0	0	365	False	False	False	False
NODE_0024->NODE_0025:AUS	NODE_0024	NODE_0025	AUS	3.418998803258698e-09	9.301354529337731e-10	3.41899880643883e-09	Europe_other	0.9999900859006101	81	48	0	33	2008-01-01	2024-10-31	0	0	0	6148	False	False	False	False
NODE_0024->NODE_0025:BEL	NODE_0024	NODE_0025	BEL	3.3573787479161123e-09	9.133693327403568e-10	3.357378750982639e-09	Europe_other	0.9999900858838441	113	19	17	77	2014-01-30	2023-12-31	0	0	0	3622	False	False	False	False
NODE_0024->NODE_0025:CHN	NODE_0024	NODE_0025	CHN	2.7547451211199637e-09	7.494258128886178e-10	2.754745123184441e-09	Europe_other	0.9999900857199022	240	40	48	152	2013-01-01	2024-12-31	0	0	0	4382	False	False	False	False
NODE_0024->NODE_0025:FRA	NODE_0024	NODE_0025	FRA	2.584791878494952e-09	7.025280859880487e-10	2.584791880310841e-09	Europe_other	0.9999900856730048	53	6	0	47	2000-01-01	2024-12-31	0	0	0	9131	False	False	False	False
NODE_0024->NODE_0025:JPN	NODE_0024	NODE_0025	JPN	1.0588115900405895e-05	9.165430894135632e-06	1.0588212945939944e-05	Europe_other	0.9999992503945073	76	16	1	59	2000-01-01	2025-12-31	0	0	0	9496	False	False	False	False
NODE_0755->JPN__SAMEA41188918:JPN	NODE_0755	JPN__SAMEA41188918	JPN	0.0013379644991939887	0.998662035500806	1.0	Europe_other	0.8399410628219317	1	1	0	0	1999-01-01	1999-12-31	0	0	0	364	False	False	False	False
NODE_0755->JPN__SAMD00570793:JPN	NODE_0755	JPN__SAMD00570793	JPN	0.0013379644991939887	0.998662035500806	1.0	Europe_other	0.8399410628219317	1	1	0	0	2004-01-01	2004-12-31	0	0	0	365	False	False	False	False
NODE_0756->JPN__SAMEA41200168:JPN	NODE_0756	JPN__SAMEA41200168	JPN	1.715475862473781e-07	0.9999998284524138	1.0	Europe_other	0.4784008281125482	1	1	0	0	1995-01-01	1995-12-31	0	0	0	364	False	False	False	False
NODE_0756->JPN__SAMEA41275918:JPN	NODE_0756	JPN__SAMEA41275918	JPN	1.715475862473781e-07	0.9999998284524138	1.0	Europe_other	0.4784008281125482	1	1	0	0	1999-01-01	1999-12-31	0	0	0	364	False	False	False	False
NODE_0804->NODE_0805:CHN	NODE_0804	NODE_0805	CHN	7.760958541891177e-11	0.9999999999223904	0.9999999999227224	AUS	0.1971025709335826	39	12	26	1	2013-01-01	2023-12-31	0	0	0	4016	False	False	False	False
NODE_0804->NODE_0805:JPN	NODE_0804	NODE_0805	JPN	2.5685015240961165e-11	1.415728547261274e-11	2.5685015241324795e-11	CHN	0.9999999999365476	2	2	0	0	2018-01-01	2018-12-31	0	0	0	364	False	False	False	False
NODE_0804->NODE_0845:CHN	NODE_0804	NODE_0845	CHN	7.760502450226006e-11	0.9999999999223904	0.9999412324827632	AUS	0.1971025709335826	4	3	1	0	2018-01-01	2022-12-31	0	0	0	1825	False	False	False	False
NODE_0848->CHN__SAMN41373916:CHN	NODE_0848	CHN__SAMN41373916	CHN	0.000142997894745589	0.9998570021052544	1.0	AUS	0.19738050703099672	1	1	0	0	2019-01-01	2019-12-31	0	0	0	364	False	False	False	False
NODE_0848->CHN__SAMN41373964:CHN	NODE_0848	CHN__SAMN41373964	CHN	0.000142997894745589	0.9998570021052544	1.0	AUS	0.19738050703099672	1	1	0	0	2019-01-01	2019-12-31	0	0	0	364	False	False	False	False
NODE_0856->CHN__SAMN07329783:CHN	NODE_0856	CHN__SAMN07329783	CHN	2.958213342063587e-07	0.9999997041786658	1.0	AUS	0.19738050703118046	1	1	0	0	2016-01-01	2016-12-31	0	0	0	365	False	False	False	False
NODE_0856->CHN__SAMN50151971:CHN	NODE_0856	CHN__SAMN50151971	CHN	2.958213342063587e-07	0.9999997041786658	1.0	AUS	0.19738050703118046	1	1	0	0	2019-01-01	2019-12-31	0	0	0	364	False	False	False	False
NODE_0858->CHN__SAMN07329789:CHN	NODE_0858	CHN__SAMN07329789	CHN	2.7453340719629793e-06	0.999997254665928	1.0	AUS	0.1973805070311808	1	1	0	0	2016-01-01	2016-12-31	0	0	0	365	False	False	False	False
NODE_0858->CHN__SAMN07329790:CHN	NODE_0858	CHN__SAMN07329790	CHN	2.7453340719629793e-06	0.999997254665928	1.0	AUS	0.1973805070311808	1	1	0	0	2016-01-01	2016-12-31	0	0	0	365	False	False	False	False
NODE_0867->CHN__SAMN41373918:CHN	NODE_0867	CHN__SAMN41373918	CHN	1.0201194000636349e-08	0.999999989798806	1.0	AUS	0.1973805070311809	1	1	0	0	2019-01-01	2019-12-31	0	0	0	364	False	False	False	False
NODE_0867->CHN__SAMN41373933:CHN	NODE_0867	CHN__SAMN41373933	CHN	1.0201194000636349e-08	0.999999989798806	1.0	AUS	0.1973805070311809	1	1	0	0	2019-01-01	2019-12-31	0	0	0	364	False	False	False	False
NODE_0875->CHN__SAMN50151981:CHN	NODE_0875	CHN__SAMN50151981	CHN	2.5646362811215795e-10	0.9999999997435364	1.0	AUS	0.19738050703118196	1	1	0	0	2019-01-01	2019-12-31	0	0	0	364	False	False	False	False
NODE_0875->CHN__SAMN50151983:CHN	NODE_0875	CHN__SAMN50151983	CHN	2.5646362811215795e-10	0.9999999997435364	1.0	AUS	0.19738050703118196	1	1	0	0	2019-01-01	2019-12-31	0	0	0	364	False	False	False	False
NODE_0877->NODE_0878:CHN	NODE_0877	NODE_0878	CHN	5.5800694280094876e-08	0.9999999441967408	0.999954035738241	AUS	0.19738050703118115	3	3	0	0	2018-01-01	2019-12-31	0	0	0	729	False	False	False	False
NODE_0877->NODE_0880:CHN	NODE_0877	NODE_0880	CHN	5.5803257656628986e-08	0.9999999441967408	0.9999999717027208	AUS	0.19738050703118115	9	9	0	0	2019-01-01	2019-12-31	0	0	0	364	False	False	False	False
NODE_0919->NODE_0920:CHN	NODE_0919	NODE_0920	CHN	2.3465689775631186e-07	0.9999997653291642	0.999940606137462	AUS	0.19738050703079982	3	2	1	0	2014-01-01	2022-12-31	0	0	0	3286	False	False	False	False
NODE_0919->NODE_0922:CHN	NODE_0919	NODE_0922	CHN	2.3464824288957793e-07	0.9999997653291642	0.9999037252583116	AUS	0.19738050703079982	2	0	2	0	2021-10-26	2021-11-27	0	0	0	32	False	False	False	False
NODE_0926->NODE_0927:CHN	NODE_0926	NODE_0927	CHN	5.119603718842386e-07	0.999999488039526	0.999999800511487	AUS	0.19738050703116092	2	2	0	0	2017-01-01	2018-12-31	0	0	0	729	False	False	False	False
NODE_0926->CHN__SAMN50151942:CHN	NODE_0926	CHN__SAMN50151942	CHN	5.119604740144723e-07	0.999999488039526	1.0	AUS	0.19738050703116092	1	1	0	0	2018-01-01	2018-12-31	0	0	0	364	False	False	False	False
NODE_0932->NODE_0933:CHN	NODE_0932	NODE_0933	CHN	4.679241915868289e-09	0.9999999953207572	0.999999817242942	AUS	0.1973805070311533	6	6	0	0	2018-01-01	2019-12-31	0	0	0	729	False	False	False	False
NODE_0932->NODE_0938:CHN	NODE_0932	NODE_0938	CHN	4.679212207660532e-09	0.9999999953207572	0.9999934683080371	AUS	0.1973805070311533	2	2	0	0	2019-01-01	2019-12-31	0	0	0	364	False	False	False	False
NODE_0974->NODE_0975:JPN	NODE_0974	NODE_0975	JPN	9.06307285063352e-05	0.9999093667583596	0.9999722713874036	Unknown_other	0.20578179499551946	4	4	0	0	2003-01-01	2016-12-31	0	0	0	5113	False	False	False	False
NODE_0974->JPN__SAMEA41307418:JPN	NODE_0974	JPN__SAMEA41307418	JPN	9.0633241640381e-05	0.9999093667583596	1.0	Unknown_other	0.20578179499551946	1	1	0	0	2009-01-01	2009-12-31	0	0	0	364	False	False	False	False
NODE_0025->NODE_0026:AUS	NODE_0025	NODE_0026	AUS	4.416681473707795e-09	3.41899880643883e-09	4.4166814888084235e-09	Europe_other	0.9999858281433032	81	48	0	33	2008-01-01	2024-10-31	0	0	0	6148	False	False	False	False
NODE_0025->NODE_0026:BEL	NODE_0025	NODE_0026	BEL	4.3370987219441415e-09	3.357378750982639e-09	4.3370987365054246e-09	Europe_other	0.9999858280816839	113	19	17	77	2014-01-30	2023-12-31	0	0	0	3622	False	False	False	False
NODE_0025->NODE_0026:CHN	NODE_0025	NODE_0026	CHN	3.558594442776442e-09	2.754745123184441e-09	3.5585944525794622e-09	Europe_other	0.9999858274790588	240	40	48	152	2013-01-01	2024-12-31	0	0	0	4382	False	False	False	False
NODE_0025->NODE_0026:FRA	NODE_0025	NODE_0026	FRA	3.3442963284491097e-09	2.584791880310841e-09	3.3442963370934196e-09	Europe_other	0.999985827309108	53	6	0	47	2000-01-01	2024-12-31	0	0	0	9131	False	False	False	False
NODE_0025->NODE_0026:JPN	NODE_0025	NODE_0026	JPN	1.0671204831607215e-05	1.0588212945939944e-05	1.0671317821792726e-05	Europe_other	0.9999964128993177	74	14	1	59	2005-01-01	2025-12-31	0	0	0	7669	False	False	False	False
NODE_0025->NODE_0752:JPN	NODE_0025	NODE_0752	JPN	0.9910113408184589	1.0588212945939944e-05	0.991021833968671	Europe_other	0.9999964128993177	2	2	0	0	2000-01-01	2002-12-31	0	0	0	1095	True	False	False	False
NODE_0805->NODE_0806:CHN	NODE_0805	NODE_0806	CHN	7.727762858629265e-11	0.9999999999227224	0.9999999980039024	JPN	0.33237358938452183	36	10	26	0	2013-01-01	2022-08-09	0	0	0	3507	False	False	False	False
NODE_0805->NODE_0806:JPN	NODE_0805	NODE_0806	JPN	1.628905572951456e-09	2.5685015241324795e-11	1.6289055729932943e-09	CHN	0.9999999999484075	1	1	0	0	2018-01-01	2018-12-31	0	0	0	364	False	False	False	False
NODE_0805->NODE_0842:CHN	NODE_0805	NODE_0842	CHN	7.727674273148195e-11	0.9999999999227224	0.9999885347275942	JPN	0.33237358938452183	3	2	0	1	2018-01-01	2023-12-31	0	0	0	2190	False	False	False	False
NODE_0805->NODE_0842:JPN	NODE_0805	NODE_0842	JPN	1.0124095492047739e-05	2.5685015241324795e-11	1.0124095492307777e-05	CHN	0.9999999999484075	1	1	0	0	2018-01-01	2018-12-31	0	0	0	364	False	False	False	False
NODE_0845->NODE_0846:CHN	NODE_0845	NODE_0846	CHN	5.8765352452282675e-05	0.9999412324827632	0.9999631635878518	AUS	0.1973805069553872	3	3	0	0	2018-01-01	2019-12-31	0	0	0	729	False	False	False	False
NODE_0845->CHN__SAMN45156022:CHN	NODE_0845	CHN__SAMN45156022	CHN	5.876751723676854e-05	0.9999412324827632	1.0	AUS	0.1973805069553872	1	0	1	0	2022-01-01	2022-12-31	0	0	0	364	False	False	False	False
NODE_0878->CHN__SAMN50151949:CHN	NODE_0878	CHN__SAMN50151949	CHN	4.596426175895729e-05	0.999954035738241	1.0	AUS	0.19738050703118076	1	1	0	0	2018-01-01	2018-12-31	0	0	0	364	False	False	False	False
NODE_0878->NODE_0879:CHN	NODE_0878	NODE_0879	CHN	4.596426126150394e-05	0.999954035738241	0.9999999891773884	AUS	0.19738050703118076	2	2	0	0	2019-01-01	2019-12-31	0	0	0	364	False	False	False	False
NODE_0880->NODE_0881:CHN	NODE_0880	NODE_0881	CHN	2.829727915556911e-08	0.9999999717027208	0.9999999989063052	AUS	0.19738050703118123	8	8	0	0	2019-01-01	2019-12-31	0	0	0	364	False	False	False	False
NODE_0880->CHN__SAMN41373971:CHN	NODE_0880	CHN__SAMN41373971	CHN	2.82972791865177e-08	0.9999999717027208	1.0	AUS	0.19738050703118123	1	1	0	0	2019-01-01	2019-12-31	0	0	0	364	False	False	False	False
NODE_0920->NODE_0921:CHN	NODE_0920	NODE_0921	CHN	5.937719228386405e-05	0.999940606137462	0.999719326991506	AUS	0.1973805070311807	2	1	1	0	2014-01-01	2022-12-31	0	0	0	3286	False	False	False	False
NODE_0920->CHN__SAMN07329779:CHN	NODE_0920	CHN__SAMN07329779	CHN	5.939386253794865e-05	0.999940606137462	1.0	AUS	0.1973805070311807	1	1	0	0	2015-01-01	2015-12-31	0	0	0	364	False	False	False	False
NODE_0922->CHN__SAMN42391092:CHN	NODE_0922	CHN__SAMN42391092	CHN	9.627474168838468e-05	0.9999037252583116	1.0	AUS	0.19738050703118082	1	0	1	0	2021-11-27	2021-11-27	0	0	0	0	False	False	False	False
NODE_0922->CHN__SAMN42391110:CHN	NODE_0922	CHN__SAMN42391110	CHN	9.627474168838468e-05	0.9999037252583116	1.0	AUS	0.19738050703118082	1	0	1	0	2021-10-26	2021-10-26	0	0	0	0	False	False	False	False
NODE_0927->CHN__SAMN39682877:CHN	NODE_0927	CHN__SAMN39682877	CHN	1.9948851304185666e-07	0.999999800511487	1.0	AUS	0.1973805070311807	1	1	0	0	2017-01-01	2017-12-31	0	0	0	364	False	False	False	False
NODE_0927->CHN__SAMN50151936:CHN	NODE_0927	CHN__SAMN50151936	CHN	1.9948851304185666e-07	0.999999800511487	1.0	AUS	0.1973805070311807	1	1	0	0	2018-01-01	2018-12-31	0	0	0	364	False	False	False	False
NODE_0933->NODE_0934:CHN	NODE_0933	NODE_0934	CHN	1.8274038862760833e-07	0.999999817242942	0.9999087892135368	AUS	0.1973805070311801	5	5	0	0	2018-01-01	2019-12-31	0	0	0	729	False	False	False	False
NODE_0933->CHN__SAMN50151946:CHN	NODE_0933	CHN__SAMN50151946	CHN	1.8275705804260411e-07	0.999999817242942	1.0	AUS	0.1973805070311801	1	1	0	0	2018-01-01	2018-12-31	0	0	0	364	False	False	False	False
NODE_0938->CHN__SAMN32033992:CHN	NODE_0938	CHN__SAMN32033992	CHN	6.531691962852193e-06	0.9999934683080371	1.0	AUS	0.1973805070311808	1	1	0	0	2019-01-01	2019-12-31	0	0	0	364	False	False	False	False
NODE_0938->CHN__SAMN50151959:CHN	NODE_0938	CHN__SAMN50151959	CHN	6.531691962852193e-06	0.9999934683080371	1.0	AUS	0.1973805070311808	1	1	0	0	2019-01-01	2019-12-31	0	0	0	364	False	False	False	False
NODE_0975->NODE_0976:JPN	NODE_0975	NODE_0976	JPN	2.772763717691176e-05	0.9999722713874036	0.9999648226375548	Unknown_other	0.8451167867959729	2	2	0	0	2003-01-01	2006-12-31	0	0	0	1460	False	False	False	False
NODE_0975->NODE_0980:JPN	NODE_0975	NODE_0980	JPN	2.7716703406046067e-05	0.9999722713874036	0.999570508972286	Unknown_other	0.8451167867959729	2	2	0	0	2008-01-01	2016-12-31	0	0	0	3287	False	False	False	False
NODE_0026->NODE_0027:AUS	NODE_0026	NODE_0027	AUS	4.4060605127881686e-09	4.4166814888084235e-09	4.4060605322483345e-09	Europe_other	0.9999829058078245	81	48	0	33	2008-01-01	2024-10-31	0	0	0	6148	False	False	False	False
NODE_0026->NODE_0027:BEL	NODE_0026	NODE_0027	BEL	4.326699379911853e-09	4.3370987365054246e-09	4.326699398677176e-09	Europe_other	0.999982905728243	113	19	17	77	2014-01-30	2023-12-31	0	0	0	3622	False	False	False	False
NODE_0026->NODE_0027:CHN	NODE_0026	NODE_0027	CHN	3.5500361057568097e-09	3.5585944525794622e-09	3.5500361183899483e-09	Europe_other	0.9999829049497521	240	40	48	152	2013-01-01	2024-12-31	0	0	0	4382	False	False	False	False
NODE_0026->NODE_0027:FRA	NODE_0026	NODE_0027	FRA	3.3449180908597757e-09	3.3442963370934196e-09	3.344918102046173e-09	Europe_other	0.9999829047354576	53	6	0	47	2000-01-01	2024-12-31	0	0	0	9131	False	False	False	False
NODE_0026->NODE_0027:JPN	NODE_0026	NODE_0027	JPN	1.0182895099943394e-05	1.0671317821792726e-05	1.0183003766012962e-05	Europe_other	0.999993572640452	73	13	1	59	2005-01-01	2025-12-31	0	0	0	7669	False	False	False	False
NODE_0026->NODE_0751:JPN	NODE_0026	NODE_0751	JPN	0.07525506110905758	1.0671317821792726e-05	0.0752558641883023	Europe_other	0.999993572640452	1	1	0	0	2007-01-01	2007-12-31	0	0	0	364	False	False	False	False
NODE_0752->JPN__SAMEA41214418:JPN	NODE_0752	JPN__SAMEA41214418	JPN	0.008978166031328949	0.991021833968671	1.0	Europe_other	0.656253073511926	1	1	0	0	2002-01-01	2002-12-31	0	0	0	364	False	False	False	False
NODE_0752->JPN__SAMEA41278168:JPN	NODE_0752	JPN__SAMEA41278168	JPN	0.008978166031328949	0.991021833968671	1.0	Europe_other	0.656253073511926	1	1	0	0	2000-01-01	2000-12-31	0	0	0	365	False	False	False	False
NODE_0806->NODE_0807:CHN	NODE_0806	NODE_0807	CHN	1.996097620234955e-09	0.9999999980039024	0.9999999998537512	JPN	0.8160450752701252	35	9	26	0	2013-01-01	2022-08-09	0	0	0	3507	False	False	False	False
NODE_0806->NODE_0841:CHN	NODE_0806	NODE_0841	CHN	1.9823222181910034e-09	0.9999999980039024	0.993098833346516	JPN	0.8160450752701252	1	1	0	0	2019-01-01	2019-12-31	0	0	0	364	False	False	False	False
NODE_0806->NODE_0841:JPN	NODE_0806	NODE_0841	JPN	0.005935820636549609	1.6289055729932943e-09	0.0059358206462185	CHN	0.9999999996328081	1	1	0	0	2018-01-01	2018-12-31	0	0	0	364	False	False	False	False
NODE_0842->CHN__SAMN50151939:CHN	NODE_0842	CHN__SAMN50151939	CHN	1.1465272405808413e-05	0.9999885347275942	1.0	JPN	0.8830226735151179	1	1	0	0	2018-01-01	2018-12-31	0	0	0	364	False	False	False	False
NODE_0842->NODE_0843:CHN	NODE_0842	NODE_0843	CHN	1.1465113896969387e-05	0.9999885347275942	0.9999861748737042	JPN	0.8830226735151179	2	1	0	1	2019-01-01	2023-12-31	0	0	0	1825	False	False	False	False
NODE_0842->NODE_0843:JPN	NODE_0842	NODE_0843	JPN	1.2250406945251612e-05	1.0124095492307777e-05	1.2250530970796991e-05	CHN	0.9999986588095082	1	1	0	0	2018-01-01	2018-12-31	0	0	0	364	False	False	False	False
NODE_0846->NODE_0847:CHN	NODE_0846	NODE_0847	CHN	3.683641213645128e-05	0.9999631635878518	0.9999999996798484	AUS	0.19738050701706403	2	2	0	0	2018-01-01	2018-12-31	0	0	0	364	False	False	False	False
NODE_0846->CHN__SAMN41373928:CHN	NODE_0846	CHN__SAMN41373928	CHN	3.683641214824451e-05	0.9999631635878518	1.0	AUS	0.19738050701706403	1	1	0	0	2019-01-01	2019-12-31	0	0	0	364	False	False	False	False
NODE_0879->CHN__SAMN41373927:CHN	NODE_0879	CHN__SAMN41373927	CHN	1.082261158469322e-08	0.9999999891773884	1.0	AUS	0.19738050703118126	1	1	0	0	2019-01-01	2019-12-31	0	0	0	364	False	False	False	False
NODE_0879->CHN__SAMN41373932:CHN	NODE_0879	CHN__SAMN41373932	CHN	1.082261158469322e-08	0.9999999891773884	1.0	AUS	0.19738050703118126	1	1	0	0	2019-01-01	2019-12-31	0	0	0	364	False	False	False	False
NODE_0881->NODE_0882:CHN	NODE_0881	NODE_0882	CHN	1.0936947946351248e-09	0.9999999989063052	0.999999993823204	AUS	0.19738050703118126	7	7	0	0	2019-01-01	2019-12-31	0	0	0	364	False	False	False	False
NODE_0881->CHN__SAMN41373973:CHN	NODE_0881	CHN__SAMN41373973	CHN	1.0936948013906544e-09	0.9999999989063052	1.0	AUS	0.19738050703118126	1	1	0	0	2019-01-01	2019-12-31	0	0	0	364	False	False	False	False
NODE_0921->CHN__SAMN09947467:CHN	NODE_0921	CHN__SAMN09947467	CHN	0.00028067300849399235	0.999719326991506	1.0	AUS	0.19738050703118074	1	1	0	0	2014-01-01	2014-12-31	0	0	0	364	False	False	False	False
NODE_0921->CHN__SAMN45156014:CHN	NODE_0921	CHN__SAMN45156014	CHN	0.00028067300849399235	0.999719326991506	1.0	AUS	0.19738050703118074	1	0	1	0	2022-01-01	2022-12-31	0	0	0	364	False	False	False	False
NODE_0934->NODE_0935:CHN	NODE_0934	NODE_0935	CHN	9.120549149183302e-05	0.9999087892135368	0.9999419479690024	AUS	0.19738050703118068	4	4	0	0	2018-01-01	2018-12-31	0	0	0	364	False	False	False	False
NODE_0934->CHN__SAMN39683486:CHN	NODE_0934	CHN__SAMN39683486	CHN	9.12107864632361e-05	0.9999087892135368	1.0	AUS	0.19738050703118068	1	1	0	0	2019-01-01	2019-12-31	0	0	0	364	False	False	False	False
NODE_0976->NODE_0977:JPN	NODE_0976	NODE_0977	JPN	3.469200530560522e-05	0.9999648226375548	0.9862025716017382	Unknown_other	0.8463130610385561	1	1	0	0	2003-01-01	2003-12-31	0	0	0	364	False	False	False	False
NODE_0976->JPN__SAMEA751127:JPN	NODE_0976	JPN__SAMEA751127	JPN	3.5177362445182325e-05	0.9999648226375548	1.0	Unknown_other	0.8463130610385561	1	1	0	0	2006-01-01	2006-12-31	0	0	0	364	False	False	False	False
NODE_0980->JPN__SAMEA41297668:JPN	NODE_0980	JPN__SAMEA41297668	JPN	0.0004294910277139463	0.999570508972286	1.0	AUS	0.19538953306805923	1	1	0	0	2008-01-01	2008-12-31	0	0	0	365	False	False	False	False
NODE_0980->JPN__SAMD00549631:JPN	NODE_0980	JPN__SAMD00549631	JPN	0.0004294910277139463	0.999570508972286	1.0	AUS	0.19538953306805923	1	1	0	0	2016-01-01	2016-12-31	0	0	0	365	False	False	False	False
NODE_0027->NODE_0028:AUS	NODE_0027	NODE_0028	AUS	2.0408296618316097e-07	4.4060605322483345e-09	2.0408296708236286e-07	Europe_other	0.9999833066325308	29	12	0	17	2008-01-01	2024-10-31	0	0	0	6148	False	False	False	False
NODE_0027->NODE_0028:BEL	NODE_0027	NODE_0028	BEL	2.0040193714931365e-07	4.326699398677176e-09	2.004019380163926e-07	Europe_other	0.9999833065531709	19	6	7	6	2014-12-20	2023-12-20	0	0	0	3287	False	False	False	False
NODE_0027->NODE_0028:CHN	NODE_0027	NODE_0028	CHN	1.6443239387258298e-07	3.5500361183899483e-09	1.644323944563239e-07	Europe_other	0.9999833057765206	1	1	0	0	2018-01-01	2018-12-31	0	0	0	364	False	False	False	False
NODE_0027->NODE_0028:FRA	NODE_0027	NODE_0028	FRA	5.681213428241041e-07	3.344918102046173e-09	5.681213447244235e-07	Europe_other	0.999983305571406	12	4	0	8	2000-01-01	2024-12-31	0	0	0	9131	False	False	False	False
NODE_0027->NODE_0028:JPN	NODE_0027	NODE_0028	JPN	2.1854831398384217e-07	1.0183003766012962e-05	2.185505394848088e-07	Europe_other	0.9999934851639692	7	4	0	3	2006-01-01	2025-12-31	0	0	0	7304	False	False	False	False
NODE_0027->NODE_0164:AUS	NODE_0027	NODE_0164	AUS	2.6616317427150332e-06	4.4060605322483345e-09	2.6616317544423437e-06	Europe_other	0.9999833066325308	52	36	0	16	2008-01-01	2024-10-31	0	0	0	6148	False	False	False	False
NODE_0027->NODE_0164:BEL	NODE_0027	NODE_0164	BEL	2.61469670146251e-06	4.326699398677176e-09	2.6146967127755168e-06	Europe_other	0.9999833065531709	94	13	10	71	2014-01-30	2023-12-31	0	0	0	3622	False	False	False	False
NODE_0027->NODE_0164:CHN	NODE_0027	NODE_0164	CHN	2.144492372902599e-06	3.5500361183899483e-09	2.1444923805156244e-06	Europe_other	0.9999833057765206	239	39	48	152	2013-01-01	2024-12-31	0	0	0	4382	False	False	False	False
NODE_0027->NODE_0164:FRA	NODE_0027	NODE_0164	FRA	2.004055052665604e-06	3.344918102046173e-09	2.004055059369004e-06	Europe_other	0.999983305571406	41	2	0	39	2014-01-01	2024-12-31	0	0	0	4017	False	False	False	False
NODE_0027->NODE_0164:JPN	NODE_0027	NODE_0164	JPN	0.0003909434921400085	1.0183003766012962e-05	0.0003909474731596	Europe_other	0.9999934851639692	66	9	1	56	2005-01-01	2025-12-31	0	0	0	7669	False	False	False	False
NODE_0751->JPN__SAMEA41242918:JPN	NODE_0751	JPN__SAMEA41242918	JPN	0.9247441358116977	0.0752558641883023	1.0	Europe_other	0.8216560553089856	1	1	0	0	2007-01-01	2007-12-31	0	0	0	364	True	False	False	False
NODE_0807->NODE_0808:CHN	NODE_0807	NODE_0808	CHN	1.4624879084216623e-10	0.9999999998537512	0.9999999999091552	JPN	0.286040007558099	34	8	26	0	2013-01-01	2022-08-09	0	0	0	3507	False	False	False	False
NODE_0807->CHN__SAMN50151968:CHN	NODE_0807	CHN__SAMN50151968	CHN	1.4624879085545217e-10	0.9999999998537512	1.0	JPN	0.286040007558099	1	1	0	0	2019-01-01	2019-12-31	0	0	0	364	False	False	False	False
NODE_0841->CHN__SAMN41373959:CHN	NODE_0841	CHN__SAMN41373959	CHN	0.006901166653483948	0.993098833346516	1.0	JPN	0.86011843276122	1	1	0	0	2019-01-01	2019-12-31	0	0	0	364	False	False	False	False
NODE_0841->JPN__SAMD00549575:JPN	NODE_0841	JPN__SAMD00549575	JPN	0.9940641793537816	0.0059358206462185	1.0	CHN	0.9990288896559045	1	1	0	0	2018-01-01	2018-12-31	0	0	0	364	True	False	False	False
NODE_0843->CHN__SAMN22233918:CHN	NODE_0843	CHN__SAMN22233918	CHN	1.3825126295774481e-05	0.9999861748737042	1.0	JPN	0.8861062610772831	1	1	0	0	2019-01-01	2019-12-31	0	0	0	364	False	False	False	False
NODE_0843->NODE_0844:CHN	NODE_0843	NODE_0844	CHN	1.382219177695013e-05	0.9999861748737042	0.9997877401796142	JPN	0.8861062610772831	1	0	0	1	2023-01-01	2023-12-31	0	0	0	364	False	True	False	False
NODE_0843->NODE_0844:JPN	NODE_0843	NODE_0844	JPN	0.00018812743497659772	1.2250530970796991e-05	0.0001881297396658	CHN	0.9999984253853852	1	1	0	0	2018-01-01	2018-12-31	0	0	0	364	False	False	False	False
NODE_0847->CHN__SAMN32033981:CHN	NODE_0847	CHN__SAMN32033981	CHN	3.2015157191978005e-10	0.9999999996798484	1.0	AUS	0.19738050703110221	1	1	0	0	2018-01-01	2018-12-31	0	0	0	364	False	False	False	False
NODE_0847->CHN__SAMN50151945:CHN	NODE_0847	CHN__SAMN50151945	CHN	3.2015157191978005e-10	0.9999999996798484	1.0	AUS	0.19738050703110221	1	1	0	0	2018-01-01	2018-12-31	0	0	0	364	False	False	False	False
NODE_0882->NODE_0883:CHN	NODE_0882	NODE_0883	CHN	6.176795067625745e-09	0.999999993823204	0.999999854945594	AUS	0.19738050703118126	6	6	0	0	2019-01-01	2019-12-31	0	0	0	364	False	False	False	False
NODE_0882->CHN__SAMN41373968:CHN	NODE_0882	CHN__SAMN41373968	CHN	6.176795963597215e-09	0.999999993823204	1.0	AUS	0.19738050703118126	1	1	0	0	2019-01-01	2019-12-31	0	0	0	364	False	False	False	False
NODE_0935->NODE_0936:CHN	NODE_0935	NODE_0936	CHN	5.8030110881860705e-05	0.9999419479690024	0.9996224057042172	AUS	0.19738050703118076	2	2	0	0	2018-01-01	2018-12-31	0	0	0	364	False	False	False	False
NODE_0935->NODE_0937:CHN	NODE_0935	NODE_0937	CHN	5.8052021723108446e-05	0.9999419479690024	0.9999998402378796	AUS	0.19738050703118076	2	2	0	0	2018-01-01	2018-12-31	0	0	0	364	False	False	False	False
NODE_0977->JPN__SAMEA41218918:JPN	NODE_0977	JPN__SAMEA41218918	JPN	0.013797428398261813	0.9862025716017382	1.0	Unknown_other	0.8842394553357721	1	1	0	0	2003-01-01	2003-12-31	0	0	0	364	False	False	False	False
NODE_0028->NODE_0029:AUS	NODE_0028	NODE_0029	AUS	2.6277518602664024e-09	2.0408296708236286e-07	2.627752396545908e-09	Europe_other	0.9999985785764768	29	12	0	17	2008-01-01	2024-10-31	0	0	0	6148	False	False	False	False
NODE_0028->NODE_0029:BEL	NODE_0028	NODE_0029	BEL	2.579653944993286e-09	2.004019380163926e-07	2.57965446196104e-09	Europe_other	0.9999985748954522	19	6	7	6	2014-12-20	2023-12-20	0	0	0	3287	False	False	False	False
NODE_0028->NODE_0029:CHN	NODE_0028	NODE_0029	CHN	2.1164518122384492e-09	1.644323944563239e-07	2.1164521602517456e-09	Europe_other	0.9999985389259539	1	1	0	0	2018-01-01	2018-12-31	0	0	0	364	False	False	False	False
NODE_0028->NODE_0029:FRA	NODE_0028	NODE_0029	FRA	2.568083281163215e-08	5.681213447244235e-07	2.5680847401469712e-08	Europe_other	0.9999989426145437	11	4	0	7	2000-01-01	2024-12-31	0	0	0	9131	False	False	False	False
NODE_0028->NODE_0029:JPN	NODE_0028	NODE_0029	JPN	2.8118267710558333e-09	2.185505394848088e-07	2.811827385582225e-09	Europe_other	0.9999985930440317	7	4	0	3	2006-01-01	2025-12-31	0	0	0	7304	False	False	False	False
NODE_0028->FRA__SAMEA115874248:FRA	NODE_0028	FRA__SAMEA115874248	FRA	0.9999994318786553	5.681213447244235e-07	1.0	Europe_other	0.9999989426145437	1	0	0	1	2024-01-01	2024-12-31	1	1	1	365	True	True	True	False
NODE_0164->NODE_0165:AUS	NODE_0164	NODE_0165	AUS	2.734878285196948e-06	2.6616317544423437e-06	2.734885564455211e-06	Europe_other	0.9955762002382619	52	36	0	16	2008-01-01	2024-10-31	0	0	0	6148	False	False	False	False
NODE_0164->NODE_0165:BEL	NODE_0164	NODE_0165	BEL	2.6867516657140765e-06	2.6146967127755168e-06	2.6867586907731934e-06	Europe_other	0.9955761535107291	94	13	10	71	2014-01-30	2023-12-31	0	0	0	3622	False	False	False	False
NODE_0164->NODE_0165:CHN	NODE_0164	NODE_0165	CHN	2.2035058423778482e-06	2.1444923805156244e-06	2.203510567789471e-06	Europe_other	0.9955756853855048	239	39	48	152	2013-01-01	2024-12-31	0	0	0	4382	False	False	False	False
NODE_0164->NODE_0165:FRA	NODE_0164	NODE_0165	FRA	2.0592040045364944e-06	2.004055059369004e-06	2.059208131302968e-06	Europe_other	0.9955755455692423	41	2	0	39	2014-01-01	2024-12-31	0	0	0	4017	False	False	False	False
NODE_0164->NODE_0165:JPN	NODE_0164	NODE_0165	JPN	0.0004369285894591484	0.0003909474731596	0.0004370994723934	Europe_other	0.9959629195677989	66	9	1	56	2005-01-01	2025-12-31	0	0	0	7669	False	False	False	False
NODE_0808->NODE_0809:CHN	NODE_0808	NODE_0809	CHN	9.084477588184766e-11	0.9999999999091552	0.9999999970914892	AUS	0.1970187035489136	32	6	26	0	2013-01-01	2022-08-09	0	0	0	3507	False	False	False	False
NODE_0808->NODE_0840:CHN	NODE_0808	NODE_0840	CHN	9.084143625275924e-11	0.9999999999091552	0.9999632351638352	AUS	0.1970187035489136	2	2	0	0	2018-01-01	2019-12-31	0	0	0	729	False	False	False	False
NODE_0844->CHN__SAMN39683154:CHN	NODE_0844	CHN__SAMN39683154	CHN	0.00021225982038575175	0.9997877401796142	1.0	JPN	0.8863181893020362	1	0	0	1	2023-01-01	2023-12-31	0	0	0	364	False	True	False	False
NODE_0844->JPN__SAMD00328237:JPN	NODE_0844	JPN__SAMD00328237	JPN	0.9998118702603342	0.0001881297396658	1.0	CHN	0.9999758653788402	1	1	0	0	2018-01-01	2018-12-31	0	0	0	364	True	False	False	False
NODE_0883->NODE_0884:CHN	NODE_0883	NODE_0884	CHN	1.4505434734425577e-07	0.999999854945594	0.9999995953385802	AUS	0.1973805070311813	5	5	0	0	2019-01-01	2019-12-31	0	0	0	364	False	False	False	False
NODE_0883->CHN__SAMN41373935:CHN	NODE_0883	CHN__SAMN41373935	CHN	1.4505440604217767e-07	0.999999854945594	1.0	AUS	0.1973805070311813	1	1	0	0	2019-01-01	2019-12-31	0	0	0	364	False	False	False	False
NODE_0936->CHN__SAMN17613197:CHN	NODE_0936	CHN__SAMN17613197	CHN	0.00037759429578276826	0.9996224057042172	1.0	AUS	0.19738050703118068	1	1	0	0	2018-01-01	2018-12-31	0	0	0	364	False	False	False	False
NODE_0936->CHN__SAMN17613198:CHN	NODE_0936	CHN__SAMN17613198	CHN	0.00037759429578276826	0.9996224057042172	1.0	AUS	0.19738050703118068	1	1	0	0	2018-01-01	2018-12-31	0	0	0	364	False	False	False	False
NODE_0937->CHN__SAMN32033974:CHN	NODE_0937	CHN__SAMN32033974	CHN	1.597621204219024e-07	0.9999998402378796	1.0	AUS	0.19738050703118074	1	1	0	0	2018-01-01	2018-12-31	0	0	0	364	False	False	False	False
NODE_0937->CHN__SAMN50151937:CHN	NODE_0937	CHN__SAMN50151937	CHN	1.597621204219024e-07	0.9999998402378796	1.0	AUS	0.19738050703118074	1	1	0	0	2018-01-01	2018-12-31	0	0	0	364	False	False	False	False
NODE_0029->NODE_0030:AUS	NODE_0029	NODE_0030	AUS	1.7678157199277679e-10	2.627752396545908e-09	1.7678157245731498e-10	Europe_other	0.9999999508160177	29	12	0	17	2008-01-01	2024-10-31	0	0	0	6148	False	False	False	False
NODE_0029->NODE_0030:BEL	NODE_0029	NODE_0030	BEL	1.727083399105171e-10	2.57965446196104e-09	1.7270834035604494e-10	Europe_other	0.9999999507679197	19	6	7	6	2014-12-20	2023-12-20	0	0	0	3287	False	False	False	False
NODE_0029->NODE_0030:CHN	NODE_0029	NODE_0030	CHN	1.4147250088744227e-10	2.1164521602517456e-09	1.4147250118686206e-10	Europe_other	0.9999999503047174	1	1	0	0	2018-01-01	2018-12-31	0	0	0	364	False	False	False	False
NODE_0029->NODE_0030:FRA	NODE_0029	NODE_0030	FRA	2.0314198739370784e-08	2.5680847401469712e-08	2.0314199261056636e-08	Europe_other	0.9999999738691122	11	4	0	7	2000-01-01	2024-12-31	0	0	0	9131	False	False	False	False
NODE_0029->NODE_0030:JPN	NODE_0029	NODE_0030	JPN	1.8288189139632992e-10	2.811827385582225e-09	1.8288189191056223e-10	Europe_other	0.9999999510000928	7	4	0	3	2006-01-01	2025-12-31	0	0	0	7304	False	False	False	False
NODE_0165->NODE_0166:AUS	NODE_0165	NODE_0166	AUS	2.9844353967404205e-06	2.734885564455211e-06	2.9844435588520275e-06	Europe_other	0.9950417713927723	52	36	0	16	2008-01-01	2024-10-31	0	0	0	6148	False	False	False	False
NODE_0165->NODE_0166:BEL	NODE_0165	NODE_0166	BEL	2.9319382150102703e-06	2.6867586907731934e-06	2.931946092441915e-06	Europe_other	0.995041723504394	94	13	10	71	2014-01-30	2023-12-31	0	0	0	3622	False	False	False	False
NODE_0165->NODE_0166:CHN	NODE_0165	NODE_0166	CHN	2.4045747600661797e-06	2.203510567789471e-06	2.40458005858375e-06	Europe_other	0.9950412426512892	239	39	48	152	2013-01-01	2024-12-31	0	0	0	4382	False	False	False	False
NODE_0165->NODE_0166:FRA	NODE_0165	NODE_0166	FRA	2.2471053073988123e-06	2.059208131302968e-06	2.247109934665862e-06	Europe_other	0.9950410990641179	41	2	0	39	2014-01-01	2024-12-31	0	0	0	4017	False	False	False	False
NODE_0165->NODE_0166:JPN	NODE_0165	NODE_0166	JPN	0.00048342476770952587	0.0004370994723934	0.000483636164822	Europe_other	0.9954741713024533	66	9	1	56	2005-01-01	2025-12-31	0	0	0	7669	False	False	False	False
NODE_0809->NODE_0810:CHN	NODE_0809	NODE_0810	CHN	2.908510763867111e-09	0.9999999970914892	0.9999999994163572	AUS	0.19737796979302336	31	5	26	0	2013-01-01	2022-08-09	0	0	0	3507	False	False	False	False
NODE_0809->CHN__SAMN09941175:CHN	NODE_0809	CHN__SAMN09941175	CHN	2.9085107655646425e-09	0.9999999970914892	1.0	AUS	0.19737796979302336	1	1	0	0	2018-08-21	2018-08-21	0	0	0	0	False	False	False	False
NODE_0840->CHN__SAMN22233915:CHN	NODE_0840	CHN__SAMN22233915	CHN	3.6764836164771e-05	0.9999632351638352	1.0	AUS	0.1973805069056853	1	1	0	0	2018-01-01	2018-12-31	0	0	0	364	False	False	False	False
NODE_0840->CHN__SAMN22233923:CHN	NODE_0840	CHN__SAMN22233923	CHN	3.6764836164771e-05	0.9999632351638352	1.0	AUS	0.1973805069056853	1	1	0	0	2019-01-01	2019-12-31	0	0	0	364	False	False	False	False
NODE_0884->NODE_0885:CHN	NODE_0884	NODE_0885	CHN	4.046611832829078e-07	0.9999995953385802	0.9999994154760252	AUS	0.19738050703118123	3	3	0	0	2019-01-01	2019-12-31	0	0	0	364	False	False	False	False
NODE_0884->NODE_0887:CHN	NODE_0884	NODE_0887	CHN	4.0465556118956964e-07	0.9999995953385802	0.9999855221492516	AUS	0.19738050703118123	2	2	0	0	2019-01-01	2019-12-31	0	0	0	364	False	False	False	False
NODE_0030->NODE_0031:AUS	NODE_0030	NODE_0031	AUS	4.748372859657288e-11	1.7678157245731498e-10	4.748372860496713e-11	Europe_other	0.9999999635153423	29	12	0	17	2008-01-01	2024-10-31	0	0	0	6148	False	False	False	False
NODE_0030->NODE_0031:BEL	NODE_0030	NODE_0031	BEL	4.2484488457408795e-11	1.7270834035604494e-10	4.2484488464746216e-11	Europe_other	0.999999963511269	19	6	7	6	2014-12-20	2023-12-20	0	0	0	3287	False	False	False	False
NODE_0030->NODE_0031:CHN	NODE_0030	NODE_0031	CHN	3.37494934902948e-11	1.4147250118686206e-10	3.3749493495069423e-11	Europe_other	0.9999999634800332	1	1	0	0	2018-01-01	2018-12-31	0	0	0	364	False	False	False	False
NODE_0030->NODE_0031:FRA	NODE_0030	NODE_0031	FRA	1.8620627477598494e-08	2.0314199261056636e-08	1.8620627855861637e-08	Europe_other	0.9999999836527595	10	3	0	7	2007-01-01	2024-12-31	0	0	0	6574	False	False	False	False
NODE_0030->NODE_0031:JPN	NODE_0030	NODE_0031	JPN	4.044804163708784e-11	1.8288189191056223e-10	4.0448041644485056e-11	Europe_other	0.9999999635214425	7	4	0	3	2006-01-01	2025-12-31	0	0	0	7304	False	False	False	False
NODE_0030->NODE_0163:FRA	NODE_0030	NODE_0163	FRA	0.006318073108376202	2.0314199261056636e-08	0.0063180732367228	Europe_other	0.9999999836527595	1	1	0	0	2000-01-01	2000-12-31	0	0	0	365	False	False	False	False
NODE_0166->NODE_0167:AUS	NODE_0166	NODE_0167	AUS	3.2492435200461612e-06	2.9844435588520275e-06	3.2492532172589964e-06	Europe_other	0.9949595265983008	52	36	0	16	2008-01-01	2024-10-31	0	0	0	6148	False	False	False	False
NODE_0166->NODE_0167:BEL	NODE_0166	NODE_0167	BEL	3.1921013773742663e-06	2.931946092441915e-06	3.1921107364708668e-06	Europe_other	0.9949594743652933	94	13	10	71	2014-01-30	2023-12-31	0	0	0	3622	False	False	False	False
NODE_0166->NODE_0167:CHN	NODE_0166	NODE_0167	CHN	2.617931765402136e-06	2.40458005858375e-06	2.617938060443791e-06	Europe_other	0.9949589496561997	239	39	48	152	2013-01-01	2024-12-31	0	0	0	4382	False	False	False	False
NODE_0166->NODE_0167:FRA	NODE_0166	NODE_0167	FRA	2.446490009404092e-06	2.247109934665862e-06	2.446495506948451e-06	Europe_other	0.9949587929795385	41	2	0	39	2014-01-01	2024-12-31	0	0	0	4017	False	False	False	False
NODE_0166->NODE_0167:JPN	NODE_0166	NODE_0167	JPN	0.00048759336409610155	0.000483636164822	0.0004878292959859	Europe_other	0.995437987008105	65	8	1	56	2010-01-01	2025-12-31	0	0	0	5843	False	False	False	False
NODE_0166->JPN__SAMEA41227918:JPN	NODE_0166	JPN__SAMEA41227918	JPN	0.999516363835178	0.000483636164822	1.0	Europe_other	0.995437987008105	1	1	0	0	2005-01-01	2005-12-31	0	0	0	364	True	False	False	False
NODE_0810->NODE_0811:CHN	NODE_0810	NODE_0811	CHN	5.836427996353993e-10	0.9999999994163572	0.9999999980808236	AUS	0.1973799538493168	30	4	26	0	2013-01-01	2022-08-09	0	0	0	3507	False	False	False	False
NODE_0810->CHN__SAMN41373975:CHN	NODE_0810	CHN__SAMN41373975	CHN	5.836428007555128e-10	0.9999999994163572	1.0	AUS	0.1973799538493168	1	1	0	0	2019-01-01	2019-12-31	0	0	0	364	False	False	False	False
NODE_0885->NODE_0886:CHN	NODE_0885	NODE_0886	CHN	5.845239746314439e-07	0.9999994154760252	0.9999999997490152	AUS	0.19738050703118126	2	2	0	0	2019-01-01	2019-12-31	0	0	0	364	False	False	False	False
NODE_0885->CHN__SAMN41373941:CHN	NODE_0885	CHN__SAMN41373941	CHN	5.845239747781505e-07	0.9999994154760252	1.0	AUS	0.19738050703118126	1	1	0	0	2019-01-01	2019-12-31	0	0	0	364	False	False	False	False
NODE_0887->CHN__SAMN41373940:CHN	NODE_0887	CHN__SAMN41373940	CHN	1.4477850748373378e-05	0.9999855221492516	1.0	AUS	0.19738050703118076	1	1	0	0	2019-01-01	2019-12-31	0	0	0	364	False	False	False	False
NODE_0887->CHN__SAMN41373946:CHN	NODE_0887	CHN__SAMN41373946	CHN	1.4477850748373378e-05	0.9999855221492516	1.0	AUS	0.19738050703118076	1	1	0	0	2019-01-01	2019-12-31	0	0	0	364	False	False	False	False
NODE_0031->NODE_0032:AUS	NODE_0031	NODE_0032	AUS	2.1645157947526965e-10	4.748372860496713e-11	2.1645157948554757e-10	Europe_other	0.9999999141103324	29	12	0	17	2008-01-01	2024-10-31	0	0	0	6148	False	False	False	False
NODE_0031->NODE_0032:BEL	NODE_0031	NODE_0032	BEL	1.3205717655198944e-10	4.2484488464746216e-11	1.3205717655759982e-10	Europe_other	0.9999999141053332	19	6	7	6	2014-12-20	2023-12-20	0	0	0	3287	False	False	False	False
NODE_0031->NODE_0032:CHN	NODE_0031	NODE_0032	CHN	8.679651406511963e-11	3.3749493495069423e-11	8.679651406804896e-11	Europe_other	0.9999999140965982	1	1	0	0	2018-01-01	2018-12-31	0	0	0	364	False	False	False	False
NODE_0031->NODE_0032:FRA	NODE_0031	NODE_0032	FRA	1.929521674255319e-08	1.8620627855861637e-08	1.9295217101842247e-08	Europe_other	0.9999999326834753	9	2	0	7	2007-01-01	2024-12-31	0	0	0	6574	False	False	False	False
NODE_0031->NODE_0032:JPN	NODE_0031	NODE_0032	JPN	1.158876646816684e-10	4.0448041644485056e-11	1.1588766468635584e-10	Europe_other	0.9999999141032967	7	4	0	3	2006-01-01	2025-12-31	0	0	0	7304	False	False	False	False
NODE_0031->NODE_0160:FRA	NODE_0031	NODE_0160	FRA	0.006047188835349945	1.8620627855861637e-08	0.0060471889479524	Europe_other	0.9999999326834753	1	1	0	0	2009-01-01	2009-12-31	0	0	0	364	False	False	False	False
NODE_0163->FRA__SAMEA751372:FRA	NODE_0163	FRA__SAMEA751372	FRA	0.9936819267632772	0.0063180732367228	1.0	Europe_other	0.9967652993780395	1	1	0	0	2000-01-01	2000-12-31	0	0	0	365	True	False	False	False
NODE_0167->NODE_0168:AUS	NODE_0167	NODE_0168	AUS	3.533831541680738e-06	3.2492532172589964e-06	3.533843024031553e-06	Europe_other	0.9949192141567488	52	36	0	16	2008-01-01	2024-10-31	0	0	0	6148	False	False	False	False
NODE_0167->NODE_0168:BEL	NODE_0167	NODE_0168	BEL	3.4716979144298375e-06	3.1921107364708668e-06	3.4717089965093994e-06	Europe_other	0.994919157304415	94	13	10	71	2014-01-30	2023-12-31	0	0	0	3622	False	False	False	False
NODE_0167->NODE_0168:CHN	NODE_0167	NODE_0168	CHN	2.8472255259801838e-06	2.617938060443791e-06	2.847232979859769e-06	Europe_other	0.9949185860475247	239	39	48	152	2013-01-01	2024-12-31	0	0	0	4382	False	False	False	False
NODE_0167->NODE_0168:FRA	NODE_0167	NODE_0168	FRA	2.660767809159132e-06	2.446495506948451e-06	2.660774318731548e-06	Europe_other	0.9949184154757245	41	2	0	39	2014-01-01	2024-12-31	0	0	0	4017	False	False	False	False
NODE_0167->NODE_0168:JPN	NODE_0167	NODE_0168	JPN	0.0004837930777757443	0.0004878292959859	0.0004840292014003	Europe_other	0.9954015674581675	62	5	1	56	2012-01-01	2025-12-31	0	0	0	5113	False	False	False	False
NODE_0167->NODE_0749:JPN	NODE_0167	NODE_0749	JPN	0.9986678663631705	0.0004878292959859	0.9991552835817408	Europe_other	0.9954015674581675	3	3	0	0	2010-01-01	2011-12-31	0	0	0	729	True	False	False	False
NODE_0811->NODE_0812:CHN	NODE_0811	NODE_0812	CHN	1.919176279105521e-09	0.9999999980808236	0.9999999508790748	AUS	0.19738048096778565	29	3	26	0	2013-01-01	2022-08-09	0	0	0	3507	False	False	False	False
NODE_0811->CHN__SAMN50151954:CHN	NODE_0811	CHN__SAMN50151954	CHN	1.9191763733772405e-09	0.9999999980808236	1.0	AUS	0.19738048096778565	1	1	0	0	2018-01-01	2018-12-31	0	0	0	364	False	False	False	False
NODE_0886->CHN__SAMN41373921:CHN	NODE_0886	CHN__SAMN41373921	CHN	2.5098478850793526e-10	0.9999999997490152	1.0	AUS	0.1973805070311813	1	1	0	0	2019-01-01	2019-12-31	0	0	0	364	False	False	False	False
NODE_0886->CHN__SAMN41373924:CHN	NODE_0886	CHN__SAMN41373924	CHN	2.5098478850793526e-10	0.9999999997490152	1.0	AUS	0.1973805070311813	1	1	0	0	2019-01-01	2019-12-31	0	0	0	364	False	False	False	False
NODE_0032->NODE_0033:AUS	NODE_0032	NODE_0033	AUS	1.8080004651550364e-08	2.1645157948554757e-10	1.8080004655463812e-08	Europe_other	0.9999987188192236	29	12	0	17	2008-01-01	2024-10-31	0	0	0	6148	False	False	False	False
NODE_0032->NODE_0033:BEL	NODE_0032	NODE_0033	BEL	7.981956027826542e-09	1.3205717655759982e-10	7.981956028880616e-09	Europe_other	0.9999987187348293	19	6	7	6	2014-12-20	2023-12-20	0	0	0	3287	False	False	False	False
NODE_0032->NODE_0033:CHN	NODE_0032	NODE_0033	CHN	3.93203074582776e-09	8.679651406804896e-11	3.932030746169046e-09	Europe_other	0.9999987186895687	1	1	0	0	2018-01-01	2018-12-31	0	0	0	364	False	False	False	False
NODE_0032->NODE_0033:FRA	NODE_0032	NODE_0033	FRA	4.1980340727264065e-07	1.9295217101842247e-08	4.198034153728387e-07	Europe_other	0.9999987378979651	9	2	0	7	2007-01-01	2024-12-31	0	0	0	6574	False	False	False	False
NODE_0032->NODE_0033:JPN	NODE_0032	NODE_0033	JPN	6.52001337858417e-09	1.1588766468635584e-10	6.520013379339759e-09	Europe_other	0.9999987187186599	7	4	0	3	2006-01-01	2025-12-31	0	0	0	7304	False	False	False	False
NODE_0160->NODE_0161:FRA	NODE_0160	NODE_0161	FRA	0.007010808991605409	0.0060471889479524	0.0070534626127621	Europe_other	0.9861678123012163	1	1	0	0	2009-01-01	2009-12-31	0	0	0	364	False	False	False	False
NODE_0168->NODE_0169:AUS	NODE_0168	NODE_0169	AUS	5.612875262912974e-07	3.533843024031553e-06	5.61289509800316e-07	Europe_other	0.994884044027508	52	36	0	16	2008-01-01	2024-10-31	0	0	0	6148	False	False	False	False
NODE_0168->NODE_0169:BEL	NODE_0168	NODE_0169	BEL	6.674890472412853e-07	3.4717089965093994e-06	6.674913645770608e-07	Europe_other	0.9948839822111407	94	13	10	71	2014-01-30	2023-12-31	0	0	0	3622	False	False	False	False
NODE_0168->NODE_0169:CHN	NODE_0168	NODE_0169	CHN	4.48934436910954e-07	2.847232979859769e-06	4.48935715135528e-07	Europe_other	0.9948833609281856	239	39	48	152	2013-01-01	2024-12-31	0	0	0	4382	False	False	False	False
NODE_0168->NODE_0169:FRA	NODE_0168	NODE_0169	FRA	4.195346586292303e-07	2.660774318731548e-06	4.19535774919246e-07	Europe_other	0.9948831754230726	41	2	0	39	2014-01-01	2024-12-31	0	0	0	4017	False	False	False	False
NODE_0168->NODE_0169:JPN	NODE_0168	NODE_0169	JPN	1.5493314260587273e-06	0.0004840292014003	1.5500817108713457e-06	Europe_other	0.9953623126887841	62	5	1	56	2012-01-01	2025-12-31	0	0	0	5113	False	False	False	False
NODE_0749->NODE_0750:JPN	NODE_0749	NODE_0750	JPN	0.0008442179761236377	0.9991552835817408	0.9994099296227512	Europe_other	0.7532095131711941	2	2	0	0	2010-01-01	2011-12-31	0	0	0	729	False	False	False	False
NODE_0749->JPN__SAMEA41257168:JPN	NODE_0749	JPN__SAMEA41257168	JPN	0.0008447164182592282	0.9991552835817408	1.0	Europe_other	0.7532095131711941	1	1	0	0	2011-01-01	2011-12-31	0	0	0	364	False	False	False	False
NODE_0812->NODE_0813:CHN	NODE_0812	NODE_0813	CHN	4.9120859453177845e-08	0.9999999508790748	0.9999986612004472	AUS	0.19738050618966538	28	2	26	0	2013-01-01	2022-08-09	0	0	0	3507	False	False	False	False
NODE_0812->CHN__SAMN41373948:CHN	NODE_0812	CHN__SAMN41373948	CHN	4.9120925216250555e-08	0.9999999508790748	1.0	AUS	0.19738050618966538	1	1	0	0	2019-01-01	2019-12-31	0	0	0	364	False	False	False	False
NODE_0033->NODE_0034:AUS	NODE_0033	NODE_0034	AUS	3.378432360438227e-08	1.8080004655463812e-08	3.3784324215203005e-08	Europe_other	0.9998466015598773	29	12	0	17	2008-01-01	2024-10-31	0	0	0	6148	False	False	False	False
NODE_0033->NODE_0034:BEL	NODE_0033	NODE_0034	BEL	1.3703433819512186e-08	7.981956028880616e-09	1.3703433928892393e-08	Europe_other	0.9998465914633776	19	6	7	6	2014-12-20	2023-12-20	0	0	0	3287	False	False	False	False
NODE_0033->NODE_0034:CHN	NODE_0033	NODE_0034	CHN	6.028689499236585e-09	3.932030746169046e-09	6.028689522941577e-09	Europe_other	0.9998465874140736	1	1	0	0	2018-01-01	2018-12-31	0	0	0	364	False	False	False	False
NODE_0033->NODE_0034:FRA	NODE_0033	NODE_0034	FRA	8.192167887204362e-07	4.198034153728387e-07	8.192171326305864e-07	Europe_other	0.9998470032218328	9	2	0	7	2007-01-01	2024-12-31	0	0	0	6574	False	False	False	False
NODE_0033->NODE_0034:JPN	NODE_0033	NODE_0034	JPN	1.0932905042644366e-08	6.520013379339759e-09	1.0932905113927054e-08	Europe_other	0.9998465900016592	7	4	0	3	2006-01-01	2025-12-31	0	0	0	7304	False	False	False	False
NODE_0161->FRA__SAMN03491903:FRA	NODE_0161	FRA__SAMN03491903	FRA	0.9929465373872379	0.0070534626127621	1.0	Europe_other	0.9838533775168089	1	1	0	0	2009-01-01	2009-12-31	0	0	0	364	True	False	False	False
NODE_0169->NODE_0170:AUS	NODE_0169	NODE_0170	AUS	1.6533236754212075e-08	5.61289509800316e-07	1.6533246034149638e-08	Europe_other	0.9999806755756918	52	36	0	16	2008-01-01	2024-10-31	0	0	0	6148	False	False	False	False
NODE_0169->NODE_0170:BEL	NODE_0169	NODE_0170	BEL	1.3289107047461901e-07	6.674913645770608e-07	1.328911591783202e-07	Europe_other	0.9999807817755653	94	13	10	71	2014-01-30	2023-12-31	0	0	0	3622	False	False	False	False
NODE_0169->NODE_0170:CHN	NODE_0169	NODE_0170	CHN	1.000675819988526e-08	4.48935715135528e-07	1.0006762692278426e-08	Europe_other	0.9999805632240178	239	39	48	152	2013-01-01	2024-12-31	0	0	0	4382	False	False	False	False
NODE_0169->NODE_0170:FRA	NODE_0169	NODE_0170	FRA	9.35145414864114e-09	4.19535774919246e-07	9.351458071912349e-09	Europe_other	0.9999805338246367	41	2	0	39	2014-01-01	2024-12-31	0	0	0	4017	False	False	False	False
NODE_0169->NODE_0170:JPN	NODE_0169	NODE_0170	JPN	3.448423711694777e-08	1.5500817108713457e-06	3.4484290570415895e-08	Europe_other	0.9999816643503177	62	5	1	56	2012-01-01	2025-12-31	0	0	0	5113	False	False	False	False
NODE_0750->JPN__SAMD00328188:JPN	NODE_0750	JPN__SAMD00328188	JPN	0.0005900703772487859	0.9994099296227512	1.0	Europe_other	0.7526393371337127	1	1	0	0	2010-01-01	2010-12-31	0	0	0	364	False	False	False	False
NODE_0750->JPN__SAMD00328195:JPN	NODE_0750	JPN__SAMD00328195	JPN	0.0005900703772487859	0.9994099296227512	1.0	Europe_other	0.7526393371337127	1	1	0	0	2011-01-01	2011-12-31	0	0	0	364	False	False	False	False
NODE_0813->NODE_0814:CHN	NODE_0813	NODE_0814	CHN	1.3387959153625397e-06	0.9999986612004472	0.9999972830793308	AUS	0.1973805070309974	2	2	0	0	2013-01-01	2014-12-31	0	0	0	729	False	False	False	False
NODE_0813->NODE_0815:CHN	NODE_0813	NODE_0815	CHN	1.3387995407745018e-06	0.9999986612004472	0.999999991036586	AUS	0.1973805070309974	26	0	26	0	2021-07-28	2022-08-09	0	0	0	377	False	False	False	False
NODE_0034->NODE_0035:AUS	NODE_0034	NODE_0035	AUS	4.732305946317914e-08	3.3784324215203005e-08	4.732306106195678e-08	Europe_other	0.9998363999032837	29	12	0	17	2008-01-01	2024-10-31	0	0	0	6148	False	False	False	False
NODE_0034->NODE_0035:BEL	NODE_0034	NODE_0035	BEL	1.7289704117913722e-08	1.3703433928892393e-08	1.7289704354842043e-08	Europe_other	0.9998363798256783	19	6	7	6	2014-12-20	2023-12-20	0	0	0	3287	False	False	False	False
NODE_0034->NODE_0035:CHN	NODE_0034	NODE_0035	CHN	6.371056573267401e-09	6.028689522941577e-09	6.371056611676524e-09	Europe_other	0.9998363721521897	1	1	0	0	2018-01-01	2018-12-31	0	0	0	364	False	False	False	False
NODE_0034->NODE_0035:FRA	NODE_0034	NODE_0035	FRA	8.481057770541874e-07	8.192171326305864e-07	8.481064718375395e-07	Europe_other	0.9998371852082386	8	1	0	7	2007-01-01	2024-12-31	0	0	0	6574	False	False	False	False
NODE_0034->NODE_0035:JPN	NODE_0034	NODE_0035	JPN	1.3348084539920777e-08	1.0932905113927054e-08	1.3348084685854122e-08	Europe_other	0.9998363770556028	7	4	0	3	2006-01-01	2025-12-31	0	0	0	7304	False	False	False	False
NODE_0034->FRA__SAMN03491902:FRA	NODE_0034	FRA__SAMN03491902	FRA	0.9999991807828673	8.192171326305864e-07	1.0	Europe_other	0.9998371852082386	1	1	0	0	2008-01-01	2008-12-31	0	0	0	365	True	False	False	False
NODE_0170->NODE_0171:AUS	NODE_0170	NODE_0171	AUS	4.860930369322749e-09	1.6533246034149638e-08	4.860930449689708e-09	Europe_other	0.9999992598193068	52	36	0	16	2008-01-01	2024-10-31	0	0	0	6148	False	False	False	False
NODE_0170->NODE_0171:BEL	NODE_0170	NODE_0171	BEL	5.382450396172658e-09	1.328911591783202e-07	5.382451111452826e-09	Europe_other	0.9999993761771492	93	12	10	71	2014-01-30	2023-12-31	0	0	0	3622	False	False	False	False
NODE_0170->NODE_0171:CHN	NODE_0170	NODE_0171	CHN	4.251171385121003e-10	1.0006762692278426e-08	4.251171427661466e-10	Europe_other	0.9999992532928282	239	39	48	152	2013-01-01	2024-12-31	0	0	0	4382	False	False	False	False
NODE_0170->NODE_0171:FRA	NODE_0170	NODE_0171	FRA	3.9729759532807224e-10	9.351458071912349e-09	3.9729759904338405e-10	Europe_other	0.9999992526375241	41	2	0	39	2014-01-01	2024-12-31	0	0	0	4017	False	False	False	False
NODE_0170->NODE_0171:JPN	NODE_0170	NODE_0171	JPN	1.4142091189586535e-09	3.4484290570415895e-08	1.4142091677266534e-09	Europe_other	0.9999992777703387	62	5	1	56	2012-01-01	2025-12-31	0	0	0	5113	False	False	False	False
NODE_0170->NODE_0747:BEL	NODE_0170	NODE_0747	BEL	0.008122028193405215	1.328911591783202e-07	0.0081220292727511	Europe_other	0.9999993761771492	1	1	0	0	2014-06-27	2014-06-27	0	0	0	0	False	False	False	False
NODE_0814->CHN__SAMN09947464:CHN	NODE_0814	CHN__SAMN09947464	CHN	2.7169206692212455e-06	0.9999972830793308	1.0	AUS	0.19738050703118035	1	1	0	0	2013-01-01	2013-12-31	0	0	0	364	False	False	False	False
NODE_0814->CHN__SAMN09947475:CHN	NODE_0814	CHN__SAMN09947475	CHN	2.7169206692212455e-06	0.9999972830793308	1.0	AUS	0.19738050703118035	1	1	0	0	2014-01-01	2014-12-31	0	0	0	364	False	False	False	False
NODE_0815->NODE_0816:CHN	NODE_0815	NODE_0816	CHN	8.963413931439843e-09	0.999999991036586	0.9999999911215984	AUS	0.19738050703118035	4	0	4	0	2021-07-28	2022-03-15	0	0	0	230	False	False	False	False
NODE_0815->NODE_0819:CHN	NODE_0815	NODE_0819	CHN	8.963414010013965e-09	0.999999991036586	0.9999999998876916	AUS	0.19738050703118035	22	0	22	0	2021-08-22	2022-08-09	0	0	0	352	False	False	False	False
NODE_0035->NODE_0036:AUS	NODE_0035	NODE_0036	AUS	4.4096880665287446e-08	4.732306106195678e-08	4.4096882752086916e-08	Europe_other	0.9998265682259511	28	11	0	17	2008-01-01	2024-10-31	0	0	0	6148	False	False	False	False
NODE_0035->NODE_0036:BEL	NODE_0035	NODE_0036	BEL	2.0065231918219756e-08	1.7289704354842043e-08	2.006523226514169e-08	Europe_other	0.9998265381978025	19	6	7	6	2014-12-20	2023-12-20	0	0	0	3287	False	False	False	False
NODE_0035->NODE_0036:CHN	NODE_0035	NODE_0036	CHN	6.003740524092903e-09	6.371056611676524e-09	6.003740562343074e-09	Europe_other	0.9998265272810487	1	1	0	0	2018-01-01	2018-12-31	0	0	0	364	False	False	False	False
NODE_0035->NODE_0036:FRA	NODE_0035	NODE_0036	FRA	5.985592495376861e-07	8.481064718375395e-07	5.985597571800899e-07	Europe_other	0.9998273688711596	7	0	0	7	2023-01-01	2024-12-31	0	0	0	730	False	True	False	False
NODE_0035->NODE_0036:JPN	NODE_0035	NODE_0036	JPN	1.4989000743112747e-08	1.3348084685854122e-08	1.49890009431872e-08	Europe_other	0.9998265342568665	7	4	0	3	2006-01-01	2025-12-31	0	0	0	7304	False	False	False	False
NODE_0035->NODE_0157:AUS	NODE_0035	NODE_0157	AUS	0.022286736345604165	4.732306106195678e-08	0.0222867374002808	Europe_other	0.9998265682259511	1	1	0	0	2009-01-01	2009-12-31	0	0	0	364	False	False	False	False
NODE_0035->NODE_0157:FRA	NODE_0035	NODE_0157	FRA	0.12302177325969334	8.481064718375395e-07	0.1230218775953439	Europe_other	0.9998273688711596	1	1	0	0	2007-01-01	2007-12-31	0	0	0	364	False	False	False	False
NODE_0171->NODE_0172:AUS	NODE_0171	NODE_0172	AUS	1.5954246452611788e-08	4.860930449689708e-09	1.5954246530164272e-08	Europe_other	0.999999780681299	52	36	0	16	2008-01-01	2024-10-31	0	0	0	6148	False	False	False	False
NODE_0171->NODE_0172:BEL	NODE_0171	NODE_0172	BEL	3.5118707944493505e-09	5.382451111452826e-09	3.511870813351824e-09	Europe_other	0.9999997812028196	93	12	10	71	2014-01-30	2023-12-31	0	0	0	3622	False	False	False	False
NODE_0171->NODE_0172:CHN	NODE_0171	NODE_0172	CHN	7.76382433605346e-10	4.251171427661466e-10	7.763824339353996e-10	Europe_other	0.9999997762454867	239	39	48	152	2013-01-01	2024-12-31	0	0	0	4382	False	False	False	False
NODE_0171->NODE_0172:FRA	NODE_0171	NODE_0172	FRA	7.256098004991713e-10	3.9729759904338405e-10	7.256098007874544e-10	Europe_other	0.9999997762176672	41	2	0	39	2014-01-01	2024-12-31	0	0	0	4017	False	False	False	False
NODE_0171->NODE_0172:JPN	NODE_0171	NODE_0172	JPN	1.3742411899254608e-09	1.4142091677266534e-09	1.3742411918689254e-09	Europe_other	0.9999997772345786	62	5	1	56	2012-01-01	2025-12-31	0	0	0	5113	False	False	False	False
NODE_0747->BEL__SAMEA117989205:BEL	NODE_0747	BEL__SAMEA117989205	BEL	0.9918779707272489	0.0081220292727511	1.0	Europe_other	0.9993313336648433	1	1	0	0	2014-06-27	2014-06-27	0	0	0	0	True	False	False	False
NODE_0816->NODE_0817:CHN	NODE_0816	NODE_0817	CHN	8.878401567502788e-09	0.9999999911215984	0.9999999997761944	AUS	0.19738050703118123	3	0	3	0	2021-07-28	2021-12-14	0	0	0	139	False	False	False	False
NODE_0816->CHN__SAMN42391102:CHN	NODE_0816	CHN__SAMN42391102	CHN	8.878401569489824e-09	0.9999999911215984	1.0	AUS	0.19738050703118123	1	0	1	0	2022-03-15	2022-03-15	0	0	0	0	False	False	False	False
NODE_0819->NODE_0820:CHN	NODE_0819	NODE_0820	CHN	1.1230838481419593e-10	0.9999999998876916	0.9999999999995948	AUS	0.19738050703118065	21	0	21	0	2021-08-26	2022-08-09	0	0	0	348	False	False	False	False
NODE_0819->CHN__SAMN42391105:CHN	NODE_0819	CHN__SAMN42391105	CHN	1.1230838481424144e-10	0.9999999998876916	1.0	AUS	0.19738050703118065	1	0	1	0	2021-08-22	2021-08-22	0	0	0	0	False	False	False	False
NODE_0036->NODE_0037:AUS	NODE_0036	NODE_0037	AUS	4.1788509136210525e-08	4.4096882752086916e-08	4.178851097895359e-08	Europe_other	0.9998234201672566	28	11	0	17	2008-01-01	2024-10-31	0	0	0	6148	False	False	False	False
NODE_0036->NODE_0037:BEL	NODE_0036	NODE_0037	BEL	2.2829506009377708e-08	2.006523226514169e-08	2.2829506467457057e-08	Europe_other	0.9998233961398492	19	6	7	6	2014-12-20	2023-12-20	0	0	0	3287	False	False	False	False
NODE_0036->NODE_0037:CHN	NODE_0036	NODE_0037	CHN	5.194722796469445e-09	6.003740562343074e-09	5.194722827657214e-09	Europe_other	0.9998233820808407	1	1	0	0	2018-01-01	2018-12-31	0	0	0	364	False	False	False	False
NODE_0036->NODE_0037:FRA	NODE_0036	NODE_0037	FRA	4.01281257963804e-07	5.985597571800899e-07	4.012814981547601e-07	Europe_other	0.9998239745325559	7	0	0	7	2023-01-01	2024-12-31	0	0	0	730	False	True	False	False
NODE_0036->NODE_0037:JPN	NODE_0036	NODE_0037	JPN	1.6463264054663167e-08	1.49890009431872e-08	1.6463264301431052e-08	Europe_other	0.9998233910645141	7	4	0	3	2006-01-01	2025-12-31	0	0	0	7304	False	False	False	False
NODE_0157->AUS__SAMN22858020:AUS	NODE_0157	AUS__SAMN22858020	AUS	0.9777132625997192	0.0222867374002808	1.0	Europe_other	0.8389662476903096	1	1	0	0	2009-01-01	2009-12-31	0	0	0	364	True	False	False	False
NODE_0157->NODE_0158:FRA	NODE_0157	NODE_0158	FRA	0.3384209902478136	0.1230218775953439	0.3858944500461085	Europe_other	0.9353351084644821	1	1	0	0	2007-01-01	2007-12-31	0	0	0	364	False	False	False	False
NODE_0172->NODE_0173:AUS	NODE_0172	NODE_0173	AUS	2.589784956080977e-08	1.5954246530164272e-08	2.5897849973990454e-08	Europe_other	0.9999997671182613	52	36	0	16	2008-01-01	2024-10-31	0	0	0	6148	False	False	False	False
NODE_0172->NODE_0173:BEL	NODE_0172	NODE_0173	BEL	4.4583758285379054e-10	3.511870813351824e-09	4.4583758441951456e-10	Europe_other	0.9999997546758884	93	12	10	71	2014-01-30	2023-12-31	0	0	0	3622	False	False	False	False
NODE_0172->NODE_0173:CHN	NODE_0172	NODE_0173	CHN	1.4316169722860143e-10	7.763824339353996e-10	1.4316169733974967e-10	Europe_other	0.9999997519404007	239	39	48	152	2013-01-01	2024-12-31	0	0	0	4382	False	False	False	False
NODE_0172->NODE_0173:FRA	NODE_0172	NODE_0173	FRA	1.3390847093006726e-10	7.256098007874544e-10	1.3390847102723255e-10	Europe_other	0.9999997518896281	41	2	0	39	2014-01-01	2024-12-31	0	0	0	4017	False	False	False	False
NODE_0172->NODE_0173:JPN	NODE_0172	NODE_0173	JPN	2.130005743245059e-10	1.3742411918689254e-09	2.1300057461722007e-10	Europe_other	0.9999997525382593	62	5	1	56	2012-01-01	2025-12-31	0	0	0	5113	False	False	False	False
NODE_0817->CHN__SAMN42391088:CHN	NODE_0817	CHN__SAMN42391088	CHN	2.2380564068669173e-10	0.9999999997761944	1.0	AUS	0.19738050703118126	1	0	1	0	2021-07-28	2021-07-28	0	0	0	0	False	False	False	False
NODE_0817->NODE_0818:CHN	NODE_0817	NODE_0818	CHN	2.2380563448157507e-10	0.9999999997761944	0.9999999722745296	AUS	0.19738050703118126	2	0	2	0	2021-12-08	2021-12-14	0	0	0	6	False	False	False	False
NODE_0820->NODE_0821:CHN	NODE_0820	NODE_0821	CHN	4.0523140396398534e-13	0.9999999999995948	0.999999999940289	AUS	0.19738050703118123	20	0	20	0	2021-08-26	2022-08-09	0	0	0	348	False	False	False	False
NODE_0820->CHN__SAMN42391108:CHN	NODE_0820	CHN__SAMN42391108	CHN	4.0523140398818214e-13	0.9999999999995948	1.0	AUS	0.19738050703118123	1	0	1	0	2021-09-13	2021-09-13	0	0	0	0	False	False	False	False
NODE_0037->NODE_0038:AUS	NODE_0037	NODE_0038	AUS	2.6132360974288842e-08	4.178851097895359e-08	2.613236206632134e-08	Europe_other	0.9998256528240436	24	7	0	17	2008-01-01	2024-10-31	0	0	0	6148	False	False	False	False
NODE_0037->NODE_0038:BEL	NODE_0037	NODE_0038	BEL	4.97981206390612e-08	2.2829506467457057e-08	4.979812177592774e-08	Europe_other	0.9998256338683441	19	6	7	6	2014-12-20	2023-12-20	0	0	0	3287	False	False	False	False
NODE_0037->NODE_0038:CHN	NODE_0037	NODE_0038	CHN	6.644659730834947e-09	5.194722827657214e-09	6.644659765352113e-09	Europe_other	0.9998256162366354	1	1	0	0	2018-01-01	2018-12-31	0	0	0	364	False	False	False	False
NODE_0037->NODE_0038:FRA	NODE_0037	NODE_0038	FRA	2.068325795135941e-07	4.012814981547601e-07	2.0683266251171479e-07	Europe_other	0.9998260122544984	7	0	0	7	2023-01-01	2024-12-31	0	0	0	730	False	True	False	False
NODE_0037->NODE_0038:JPN	NODE_0037	NODE_0038	JPN	3.421938343438142e-08	1.6463264301431052e-08	3.4219383997744186e-08	Europe_other	0.9998256275032118	7	4	0	3	2006-01-01	2025-12-31	0	0	0	7304	False	False	False	False
NODE_0037->NODE_0149:AUS	NODE_0037	NODE_0149	AUS	0.04784292193672685	4.178851097895359e-08	0.0478429239360114	Europe_other	0.9998256528240436	4	4	0	0	2011-01-01	2012-12-31	0	0	0	730	False	False	False	False
NODE_0158->FRA__SAMN03366100:FRA	NODE_0158	FRA__SAMN03366100	FRA	0.6141055499538914	0.3858944500461085	1.0	Europe_other	0.8324984279906492	1	1	0	0	2007-01-01	2007-12-31	0	0	0	364	True	False	False	False
NODE_0173->NODE_0174:AUS	NODE_0173	NODE_0174	AUS	3.149636565338519e-07	2.5897849973990454e-08	3.149636646907337e-07	Europe_other	0.9999998594423808	52	36	0	16	2008-01-01	2024-10-31	0	0	0	6148	False	False	False	False
NODE_0173->NODE_0174:BEL	NODE_0173	NODE_0174	BEL	1.6204037987183813e-09	4.4583758441951456e-10	1.6204037994408183e-09	Europe_other	0.999999833990372	93	12	10	71	2014-01-30	2023-12-31	0	0	0	3622	False	False	False	False
NODE_0173->NODE_0174:CHN	NODE_0173	NODE_0174	CHN	1.1953742435018497e-09	1.4316169733974967e-10	1.1953742436729816e-09	Europe_other	0.9999998336876962	239	39	48	152	2013-01-01	2024-12-31	0	0	0	4382	False	False	False	False
NODE_0173->NODE_0174:FRA	NODE_0173	NODE_0174	FRA	1.118580386615104e-09	1.3390847102723255e-10	1.1185803867648914e-09	Europe_other	0.9999998336784429	41	2	0	39	2014-01-01	2024-12-31	0	0	0	4017	False	False	False	False
NODE_0173->NODE_0174:JPN	NODE_0173	NODE_0174	JPN	1.3704599740770224e-09	2.1300057461722007e-10	1.3704599743689311e-09	Europe_other	0.9999998337575351	62	5	1	56	2012-01-01	2025-12-31	0	0	0	5113	False	False	False	False
NODE_0818->CHN__SAMN42391093:CHN	NODE_0818	CHN__SAMN42391093	CHN	2.7725470364003968e-08	0.9999999722745296	1.0	AUS	0.19738050703118123	1	0	1	0	2021-12-08	2021-12-08	0	0	0	0	False	False	False	False
NODE_0818->CHN__SAMN42391113:CHN	NODE_0818	CHN__SAMN42391113	CHN	2.7725470364003968e-08	0.9999999722745296	1.0	AUS	0.19738050703118123	1	0	1	0	2021-12-14	2021-12-14	0	0	0	0	False	False	False	False
NODE_0821->NODE_0822:CHN	NODE_0821	NODE_0822	CHN	5.971101390746141e-11	0.999999999940289	0.9999999999388568	AUS	0.19738050703118123	19	0	19	0	2021-08-26	2022-08-09	0	0	0	348	False	False	False	False
NODE_0821->CHN__SAMN42391091:CHN	NODE_0821	CHN__SAMN42391091	CHN	5.971101391111233e-11	0.999999999940289	1.0	AUS	0.19738050703118123	1	0	1	0	2021-11-22	2021-11-22	0	0	0	0	False	False	False	False
NODE_0038->NODE_0039:AUS	NODE_0038	NODE_0039	AUS	7.692711310888022e-10	2.613236206632134e-08	7.692711511916744e-10	Europe_other	0.9999116170531356	24	7	0	17	2008-01-01	2024-10-31	0	0	0	6148	False	False	False	False
NODE_0038->NODE_0039:BEL	NODE_0038	NODE_0039	BEL	1.3518135622056974e-09	4.979812177592774e-08	1.3518136295234771e-09	Europe_other	0.9999116407168048	17	6	5	6	2014-12-20	2023-12-20	0	0	0	3287	False	False	False	False
NODE_0038->NODE_0039:CHN	NODE_0038	NODE_0039	CHN	2.635629280475054e-10	6.644659765352113e-09	2.6356292979879136e-10	Europe_other	0.9999115975671555	1	1	0	0	2018-01-01	2018-12-31	0	0	0	364	False	False	False	False
NODE_0038->NODE_0039:FRA	NODE_0038	NODE_0039	FRA	5.2046180200814314e-09	2.0683266251171479e-07	5.2046190965666565e-09	Europe_other	0.9999117977375027	7	0	0	7	2023-01-01	2024-12-31	0	0	0	730	False	True	False	False
NODE_0038->NODE_0039:JPN	NODE_0038	NODE_0039	JPN	9.589962791290519e-10	3.4219383997744186e-08	9.58996311945315e-10	Europe_other	0.9999116251394432	6	3	0	3	2006-01-01	2025-12-31	0	0	0	7304	False	False	False	False
NODE_0038->NODE_0147:BEL	NODE_0038	NODE_0147	BEL	0.4245044874722496	4.979812177592774e-08	0.4245045086117768	Europe_other	0.9999116407168048	2	0	2	0	2020-02-21	2020-05-20	0	0	0	89	False	False	False	False
NODE_0038->NODE_0147:JPN	NODE_0038	NODE_0147	JPN	0.2765534625063092	3.4219383997744186e-08	0.2765534719697986	Europe_other	0.9999116251394432	1	1	0	0	2012-01-01	2012-12-31	0	0	0	365	False	False	False	False
NODE_0149->NODE_0150:AUS	NODE_0149	NODE_0150	AUS	0.06187839747842794	0.0478429239360114	0.0649875939947008	Unknown_other	0.7522414996457367	4	4	0	0	2011-01-01	2012-12-31	0	0	0	730	False	False	False	False
NODE_0174->NODE_0175:AUS	NODE_0174	NODE_0175	AUS	3.5143586481470404e-07	3.149636646907337e-07	3.514359755042668e-07	Europe_other	0.9999998379447762	50	34	0	16	2008-01-01	2024-10-31	0	0	0	6148	False	False	False	False
NODE_0174->NODE_0175:BEL	NODE_0174	NODE_0175	BEL	1.5898162489819043e-09	1.6204037994408183e-09	1.5898162515580487e-09	Europe_other	0.9999995246015656	92	12	9	71	2014-01-30	2023-12-31	0	0	0	3622	False	False	False	False
NODE_0174->NODE_0175:CHN	NODE_0174	NODE_0175	CHN	1.264732475678922e-09	1.1953742436729816e-09	1.2647324771907506e-09	Europe_other	0.9999995241765363	239	39	48	152	2013-01-01	2024-12-31	0	0	0	4382	False	False	False	False
NODE_0174->NODE_0175:FRA	NODE_0174	NODE_0175	FRA	1.1847711871696282e-09	1.1185803867648914e-09	1.18477118849489e-09	Europe_other	0.9999995240997424	41	2	0	39	2014-01-01	2024-12-31	0	0	0	4017	False	False	False	False
NODE_0174->NODE_0175:JPN	NODE_0174	NODE_0175	JPN	1.4078817501304597e-09	1.3704599743689311e-09	1.4078817520599052e-09	Europe_other	0.9999995243516218	62	5	1	56	2012-01-01	2025-12-31	0	0	0	5113	False	False	False	False
NODE_0174->NODE_0742:AUS	NODE_0174	NODE_0742	AUS	0.19994347332072468	3.149636646907337e-07	0.1999435362956736	Europe_other	0.9999998379447762	2	2	0	0	2014-01-01	2019-09-30	0	0	0	2098	False	False	False	False
NODE_0174->NODE_0742:BEL	NODE_0174	NODE_0742	BEL	0.01027074215274155	1.6204037994408183e-09	0.0102707421693843	Europe_other	0.9999995246015656	1	0	1	0	2020-04-24	2020-04-24	0	0	0	0	False	False	False	False
NODE_0822->NODE_0823:CHN	NODE_0822	NODE_0823	CHN	6.114320160539497e-11	0.9999999999388568	0.9999999998776018	AUS	0.19738050703118126	17	0	17	0	2021-08-26	2022-08-09	0	0	0	348	False	False	False	False
NODE_0822->NODE_0839:CHN	NODE_0822	NODE_0839	CHN	6.114303675061589e-11	0.9999999999388568	0.9999973036697696	AUS	0.19738050703118126	2	0	2	0	2022-02-24	2022-03-21	0	0	0	25	False	False	False	False
NODE_0039->NODE_0040:AUS	NODE_0039	NODE_0040	AUS	8.977404078761091e-12	7.692711511916744e-10	8.977404085667149e-12	Europe_other	0.9999976731122528	24	7	0	17	2008-01-01	2024-10-31	0	0	0	6148	False	False	False	False
NODE_0039->NODE_0040:BEL	NODE_0039	NODE_0040	BEL	1.2070139622431999e-11	1.3518136295234771e-09	1.207013963874858e-11	Europe_other	0.999997673694794	17	6	5	6	2014-12-20	2023-12-20	0	0	0	3287	False	False	False	False
NODE_0039->NODE_0040:CHN	NODE_0039	NODE_0040	CHN	4.950402189946795e-12	2.6356292979879136e-10	4.9504021912515376e-12	Europe_other	0.9999976726065457	1	1	0	0	2018-01-01	2018-12-31	0	0	0	364	False	False	False	False
NODE_0039->NODE_0040:FRA	NODE_0039	NODE_0040	FRA	3.367014806796305e-11	5.2046190965666565e-09	3.3670148243203346e-11	Europe_other	0.9999976775475904	7	0	0	7	2023-01-01	2024-12-31	0	0	0	730	False	True	False	False
NODE_0039->NODE_0040:JPN	NODE_0039	NODE_0040	JPN	9.58402853762948e-12	9.58996311945315e-10	9.584028546820528e-12	Europe_other	0.9999976733019775	6	3	0	3	2006-01-01	2025-12-31	0	0	0	7304	False	False	False	False
NODE_0147->NODE_0148:BEL	NODE_0147	NODE_0148	BEL	0.4343237650948178	0.4245045086117768	0.7546953392234789	JPN	0.4805484597328299	2	0	2	0	2020-02-21	2020-05-20	0	0	0	89	False	False	False	False
NODE_0147->JPN__SAMEA41264668:JPN	NODE_0147	JPN__SAMEA41264668	JPN	0.7234465280302014	0.2765534719697986	1.0	BEL	0.5867807670148295	1	1	0	0	2012-01-01	2012-12-31	0	0	0	365	True	False	False	False
NODE_0150->NODE_0151:AUS	NODE_0150	NODE_0151	AUS	0.931113663048232	0.0649875939947008	0.9958302767620762	Unknown_other	0.8704256674448144	4	4	0	0	2011-01-01	2012-12-31	0	0	0	730	True	False	False	False
NODE_0175->NODE_0176:AUS	NODE_0175	NODE_0176	AUS	1.1113706597281122e-05	3.514359755042668e-07	1.1113710503038814e-05	Europe_other	0.9999999049741762	50	34	0	16	2008-01-01	2024-10-31	0	0	0	6148	False	False	False	False
NODE_0175->NODE_0176:BEL	NODE_0175	NODE_0176	BEL	1.8708842364280797e-07	1.5898162515580487e-09	1.870884239402442e-07	Europe_other	0.9999995551280497	92	12	9	71	2014-01-30	2023-12-31	0	0	0	3622	False	False	False	False
NODE_0175->NODE_0176:CHN	NODE_0175	NODE_0176	CHN	1.5921448123156474e-07	1.2647324771907506e-09	1.5921448143292845e-07	Europe_other	0.9999995548029661	239	39	48	152	2013-01-01	2024-12-31	0	0	0	4382	False	False	False	False
NODE_0175->NODE_0176:FRA	NODE_0175	NODE_0176	FRA	1.4915050577172943e-07	1.18477118849489e-09	1.4915050594843866e-07	Europe_other	0.9999995547230048	41	2	0	39	2014-01-01	2024-12-31	0	0	0	4017	False	False	False	False
NODE_0175->NODE_0176:JPN	NODE_0175	NODE_0176	JPN	1.7480039562241173e-07	1.4078817520599052e-09	1.7480039586851e-07	Europe_other	0.9999995549461153	62	5	1	56	2012-01-01	2025-12-31	0	0	0	5113	False	False	False	False
NODE_0742->AUS__SAMN08443734:AUS	NODE_0742	AUS__SAMN08443734	AUS	0.8000564637043264	0.1999435362956736	1.0	Unknown_other	0.5408749578375133	1	1	0	0	2014-01-01	2014-12-31	0	0	0	364	True	False	False	False
NODE_0742->NODE_0743:AUS	NODE_0742	NODE_0743	AUS	0.01927995223244285	0.1999435362956736	0.02409823944572	Unknown_other	0.5408749578375133	1	1	0	0	2019-09-01	2019-09-30	0	0	0	29	False	False	False	False
NODE_0742->NODE_0743:BEL	NODE_0742	NODE_0743	BEL	0.0010556077891943074	0.0102707421693843	0.0010665621742941	Unknown_other	0.4372210911721535	1	0	1	0	2020-04-24	2020-04-24	0	0	0	0	False	False	False	False
NODE_0823->NODE_0824:CHN	NODE_0823	NODE_0824	CHN	1.2239820267694507e-10	0.9999999998776018	0.999999999939605	AUS	0.19738050703118123	16	0	16	0	2021-10-23	2022-08-09	0	0	0	290	False	False	False	False
NODE_0823->CHN__SAMN42391107:CHN	NODE_0823	CHN__SAMN42391107	CHN	1.2239820268433732e-10	0.9999999998776018	1.0	AUS	0.19738050703118123	1	0	1	0	2021-08-26	2021-08-26	0	0	0	0	False	False	False	False
NODE_0839->CHN__SAMN42391101:CHN	NODE_0839	CHN__SAMN42391101	CHN	2.6963302304228165e-06	0.9999973036697696	1.0	AUS	0.19738050703118082	1	0	1	0	2022-02-24	2022-02-24	0	0	0	0	False	False	False	False
NODE_0839->CHN__SAMN42391106:CHN	NODE_0839	CHN__SAMN42391106	CHN	2.6963302304228165e-06	0.9999973036697696	1.0	AUS	0.19738050703118082	1	0	1	0	2022-03-21	2022-03-21	0	0	0	0	False	False	False	False
NODE_0040->NODE_0041:AUS	NODE_0040	NODE_0041	AUS	2.0738786330101627e-11	8.977404085667149e-12	2.0738786330287808e-11	Europe_other	0.9999998415981929	24	7	0	17	2008-01-01	2024-10-31	0	0	0	6148	False	False	False	False
NODE_0040->NODE_0041:BEL	NODE_0040	NODE_0041	BEL	3.280153060413858e-12	1.207013963874858e-11	3.28015306045345e-12	Europe_other	0.9999998416012856	17	6	5	6	2014-12-20	2023-12-20	0	0	0	3287	False	False	False	False
NODE_0040->NODE_0041:CHN	NODE_0040	NODE_0041	CHN	2.6650131993174165e-12	4.9504021912515376e-12	2.6650131993306093e-12	Europe_other	0.9999998415941659	1	1	0	0	2018-01-01	2018-12-31	0	0	0	364	False	False	False	False
NODE_0040->NODE_0041:FRA	NODE_0040	NODE_0041	FRA	2.6452727569752107e-12	3.3670148243203346e-11	2.6452727570642776e-12	Europe_other	0.9999998416228857	7	0	0	7	2023-01-01	2024-12-31	0	0	0	730	False	True	False	False
NODE_0040->NODE_0041:JPN	NODE_0040	NODE_0041	JPN	8.140060016809356e-12	9.584028546820528e-12	8.140060016887372e-12	Europe_other	0.9999998415987996	6	3	0	3	2006-01-01	2025-12-31	0	0	0	7304	False	False	False	False
NODE_0148->BEL__SAMEA117989514:BEL	NODE_0148	BEL__SAMEA117989514	BEL	0.24530466077652113	0.7546953392234789	1.0	JPN	0.4473667353222644	1	0	1	0	2020-02-21	2020-02-21	0	0	0	0	False	False	False	False
NODE_0148->BEL__SAMEA117989524:BEL	NODE_0148	BEL__SAMEA117989524	BEL	0.24530466077652113	0.7546953392234789	1.0	JPN	0.4473667353222644	1	0	1	0	2020-05-20	2020-05-20	0	0	0	0	False	False	False	False
NODE_0151->AUS__SAMN22858161:AUS	NODE_0151	AUS__SAMN22858161	AUS	0.00416972323792375	0.9958302767620762	1.0	Unknown_other	0.7304424570076156	1	1	0	0	2011-01-01	2011-12-31	0	0	0	364	False	False	False	False
NODE_0151->NODE_0152:AUS	NODE_0151	NODE_0152	AUS	0.00415264608835416	0.9958302767620762	0.9959044884767716	Unknown_other	0.7304424570076156	3	3	0	0	2011-01-01	2012-12-31	0	0	0	730	False	False	False	False
NODE_0176->NODE_0177:AUS	NODE_0176	NODE_0177	AUS	1.5331440404534952e-06	1.1113710503038814e-05	1.533161079561888e-06	Europe_other	0.999999020553028	47	31	0	16	2008-01-01	2024-10-31	0	0	0	6148	False	False	False	False
NODE_0176->NODE_0177:BEL	NODE_0176	NODE_0177	BEL	4.065859956876112e-07	1.870884239402442e-07	4.065860717551586e-07	Europe_other	0.9999880939396067	92	12	9	71	2014-01-30	2023-12-31	0	0	0	3622	False	False	False	False
NODE_0176->NODE_0177:CHN	NODE_0176	NODE_0177	CHN	2.114099764258382e-06	1.5921448143292845e-07	2.1141001008537336e-06	Europe_other	0.9999880660659917	239	39	48	152	2013-01-01	2024-12-31	0	0	0	4382	False	False	False	False
NODE_0176->NODE_0177:FRA	NODE_0176	NODE_0177	FRA	2.0871664267903966e-06	1.4915050594843866e-07	2.0871667380923714e-06	Europe_other	0.9999880560021347	41	2	0	39	2014-01-01	2024-12-31	0	0	0	4017	False	False	False	False
NODE_0176->NODE_0177:JPN	NODE_0176	NODE_0177	JPN	3.5277283825241987e-07	1.7480039586851e-07	3.527728999172624e-07	Europe_other	0.9999880816517228	62	5	1	56	2012-01-01	2025-12-31	0	0	0	5113	False	False	False	False
NODE_0176->NODE_0738:AUS	NODE_0176	NODE_0738	AUS	0.440669008665453	1.1113710503038814e-05	0.4406739061876726	Europe_other	0.999999020553028	3	3	0	0	2008-01-01	2010-12-31	0	0	0	1095	False	False	False	False
NODE_0743->NODE_0744:AUS	NODE_0743	NODE_0744	AUS	0.018292657538227442	0.02409823944572	0.018744363703	Unknown_other	0.9854487292973346	1	1	0	0	2019-09-01	2019-09-30	0	0	0	29	False	False	False	False
NODE_0743->NODE_0744:BEL	NODE_0743	NODE_0744	BEL	0.0004736126071653651	0.0010665621742941	0.000474118283793	Unknown_other	0.9627279590825397	1	0	1	0	2020-04-24	2020-04-24	0	0	0	0	False	False	False	False
NODE_0824->NODE_0825:CHN	NODE_0824	NODE_0825	CHN	6.03950223129585e-11	0.999999999939605	0.999999999939972	AUS	0.19738050703118123	12	0	12	0	2021-10-23	2022-05-06	0	0	0	195	False	False	False	False
NODE_0824->NODE_0836:CHN	NODE_0824	NODE_0836	CHN	6.03950212166601e-11	0.999999999939605	0.9999999817878404	AUS	0.19738050703118123	4	0	4	0	2021-11-21	2022-08-09	0	0	0	261	False	False	False	False
NODE_0041->NODE_0042:AUS	NODE_0041	NODE_0042	AUS	0.00018813467235589834	2.0738786330287808e-11	0.0001881346723598	Europe_other	0.9999998489710912	1	1	0	0	2008-01-01	2008-12-31	0	0	0	365	False	False	False	False
NODE_0041->NODE_0046:AUS	NODE_0041	NODE_0046	AUS	1.2437649225933134e-10	2.0738786330287808e-11	1.2437649226191075e-10	Europe_other	0.9999998489710912	23	6	0	17	2011-01-01	2024-10-31	0	0	0	5052	False	False	False	False
NODE_0041->NODE_0046:BEL	NODE_0041	NODE_0046	BEL	1.1933347020264582e-10	3.28015306045345e-12	1.1933347020303726e-10	Europe_other	0.9999998489536325	17	6	5	6	2014-12-20	2023-12-20	0	0	0	3287	False	False	False	False
NODE_0041->NODE_0046:CHN	NODE_0041	NODE_0046	CHN	9.791044946751707e-11	2.6650131993306093e-12	9.7910449467778e-11	Europe_other	0.9999998489530174	1	1	0	0	2018-01-01	2018-12-31	0	0	0	364	False	False	False	False
NODE_0041->NODE_0046:FRA	NODE_0041	NODE_0046	FRA	9.152384544715176e-11	2.6452727570642776e-12	9.152384544739387e-11	Europe_other	0.9999998489529976	7	0	0	7	2023-01-01	2024-12-31	0	0	0	730	False	True	False	False
NODE_0041->NODE_0046:JPN	NODE_0041	NODE_0046	JPN	1.2431630245955773e-09	8.140060016887372e-12	1.2431630246056967e-09	Europe_other	0.9999998489584925	6	3	0	3	2006-01-01	2025-12-31	0	0	0	7304	False	False	False	False
NODE_0152->AUS__SAMN22858166:AUS	NODE_0152	AUS__SAMN22858166	AUS	0.004095511523228401	0.9959044884767716	1.0	Unknown_other	0.7302131433888742	1	1	0	0	2011-01-01	2011-12-31	0	0	0	364	False	False	False	False
NODE_0152->NODE_0153:AUS	NODE_0152	NODE_0153	AUS	0.004094723336936296	0.9959044884767716	0.9998075487548662	Unknown_other	0.7302131433888742	2	2	0	0	2012-01-01	2012-12-31	0	0	0	365	False	False	False	False
NODE_0177->NODE_0178:AUS	NODE_0177	NODE_0178	AUS	1.3140228938597928e-06	1.533161079561888e-06	1.31402490847164e-06	Europe_other	0.9999944351982373	47	31	0	16	2008-01-01	2024-10-31	0	0	0	6148	False	False	False	False
NODE_0177->NODE_0178:BEL	NODE_0177	NODE_0178	BEL	2.221871106200598e-07	4.065860717551586e-07	2.2218720095828105e-07	Europe_other	0.9999933086290407	92	12	9	71	2014-01-30	2023-12-31	0	0	0	3622	False	False	False	False
NODE_0177->NODE_0178:CHN	NODE_0177	NODE_0178	CHN	1.9694843162224764e-06	2.1141001008537336e-06	1.9694884799182703e-06	Europe_other	0.999995016135254	239	39	48	152	2013-01-01	2024-12-31	0	0	0	4382	False	False	False	False
NODE_0177->NODE_0178:FRA	NODE_0177	NODE_0178	FRA	1.0628099576568305e-06	2.0871667380923714e-06	1.062812175923053e-06	Europe_other	0.9999949892019692	40	2	0	38	2014-01-01	2024-12-31	0	0	0	4017	False	False	False	False
NODE_0177->NODE_0178:JPN	NODE_0177	NODE_0178	JPN	1.802176907058492e-07	3.527728999172624e-07	1.8021775428178898e-07	Europe_other	0.9999932548162098	62	5	1	56	2012-01-01	2025-12-31	0	0	0	5113	False	False	False	False
NODE_0177->FRA__SAMEA115874240:FRA	NODE_0177	FRA__SAMEA115874240	FRA	0.9999979128332619	2.0871667380923714e-06	1.0	Europe_other	0.9999949892019692	1	0	0	1	2024-01-01	2024-12-31	1	1	1	365	True	True	True	False
NODE_0738->NODE_0739:AUS	NODE_0738	NODE_0739	AUS	0.4929380776041511	0.4406739061876726	0.8813071356001285	Europe_other	0.9647645634916908	2	2	0	0	2008-01-01	2010-12-31	0	0	0	1095	False	False	False	False
NODE_0738->AUS__SAMN22857945:AUS	NODE_0738	AUS__SAMN22857945	AUS	0.5593260938123275	0.4406739061876726	1.0	Europe_other	0.9647645634916908	1	1	0	0	2009-01-01	2009-12-31	0	0	0	364	True	False	False	False
NODE_0744->NODE_0745:AUS	NODE_0744	NODE_0745	AUS	0.01846865847778166	0.018744363703	0.0188214546695268	Unknown_other	0.9982555565889141	1	1	0	0	2019-09-01	2019-09-30	0	0	0	29	False	False	False	False
NODE_0744->NODE_0745:BEL	NODE_0744	NODE_0745	BEL	0.0004874160480140006	0.000474118283793	0.0004876472504915	Unknown_other	0.9800085313306478	1	0	1	0	2020-04-24	2020-04-24	0	0	0	0	False	False	False	False
NODE_0825->NODE_0826:CHN	NODE_0825	NODE_0826	CHN	6.002798258096888e-11	0.999999999939972	0.9999999999387962	AUS	0.1973805070311812	11	0	11	0	2021-10-23	2022-05-06	0	0	0	195	False	False	False	False
NODE_0825->CHN__SAMN42391095:CHN	NODE_0825	CHN__SAMN42391095	CHN	6.002798258464281e-11	0.999999999939972	1.0	AUS	0.1973805070311812	1	0	1	0	2021-12-20	2021-12-20	0	0	0	0	False	False	False	False
NODE_0836->NODE_0837:CHN	NODE_0836	NODE_0837	CHN	1.8212159554031425e-08	0.9999999817878404	0.9999999997701536	AUS	0.19738050703118076	3	0	3	0	2021-11-21	2022-08-09	0	0	0	261	False	False	False	False
NODE_0836->CHN__SAMN42391100:CHN	NODE_0836	CHN__SAMN42391100	CHN	1.8212159558217422e-08	0.9999999817878404	1.0	AUS	0.19738050703118076	1	0	1	0	2022-02-10	2022-02-10	0	0	0	0	False	False	False	False
NODE_0042->NODE_0043:AUS	NODE_0042	NODE_0043	AUS	0.00018941818894593066	0.0001881346723598	0.0001894538317805	Europe_other	0.9997312111211533	1	1	0	0	2008-01-01	2008-12-31	0	0	0	365	False	False	False	False
NODE_0046->NODE_0047:AUS	NODE_0046	NODE_0047	AUS	1.462836863681095e-10	1.2437649226191075e-10	1.4628368638630374e-10	Europe_other	0.9999997118379073	23	6	0	17	2011-01-01	2024-10-31	0	0	0	5052	False	False	False	False
NODE_0046->NODE_0047:BEL	NODE_0046	NODE_0047	BEL	1.4319265586880616e-10	1.1933347020303726e-10	1.4319265588589383e-10	Europe_other	0.9999997118328643	17	6	5	6	2014-12-20	2023-12-20	0	0	0	3287	False	False	False	False
NODE_0046->NODE_0047:CHN	NODE_0046	NODE_0047	CHN	1.17490869307425e-10	9.7910449467778e-11	1.174908693189286e-10	Europe_other	0.9999997118114412	1	1	0	0	2018-01-01	2018-12-31	0	0	0	364	False	False	False	False
NODE_0046->NODE_0047:FRA	NODE_0046	NODE_0047	FRA	1.0980071589745309e-10	9.152384544739387e-11	1.0980071590750248e-10	Europe_other	0.9999997118050546	7	0	0	7	2023-01-01	2024-12-31	0	0	0	730	False	True	False	False
NODE_0046->NODE_0047:JPN	NODE_0046	NODE_0047	JPN	3.243240095555389e-10	1.2431630246056967e-09	3.2432400995872653e-10	Europe_other	0.9999997129566934	5	2	0	3	2006-01-01	2025-12-31	0	0	0	7304	False	False	False	False
NODE_0046->NODE_0143:JPN	NODE_0046	NODE_0143	JPN	0.012732486582170842	1.2431630246056967e-09	0.0127324865979994	Europe_other	0.9999997129566934	1	1	0	0	2007-01-01	2007-12-31	0	0	0	364	False	False	False	False
NODE_0153->AUS__SAMN22858150:AUS	NODE_0153	AUS__SAMN22858150	AUS	0.00019245124513378453	0.9998075487548662	1.0	Unknown_other	0.5390963676599307	1	1	0	0	2012-01-01	2012-12-31	0	0	0	365	False	False	False	False
NODE_0153->AUS__SAMN45810521:AUS	NODE_0153	AUS__SAMN45810521	AUS	0.00019245124513378453	0.9998075487548662	1.0	Unknown_other	0.5390963676599307	1	1	0	0	2012-01-01	2012-01-31	0	0	0	30	False	False	False	False
NODE_0178->NODE_0179:AUS	NODE_0178	NODE_0179	AUS	4.750982372851717e-08	1.31402490847164e-06	4.7509886157690976e-08	Europe_other	0.999996179399636	46	30	0	16	2008-01-01	2024-10-31	0	0	0	6148	False	False	False	False
NODE_0178->NODE_0179:BEL	NODE_0178	NODE_0179	BEL	3.6609898067895304e-08	2.2218720095828105e-07	3.660990620214789e-08	Europe_other	0.9999950875658574	92	12	9	71	2014-01-30	2023-12-31	0	0	0	3622	False	False	False	False
NODE_0178->NODE_0179:CHN	NODE_0178	NODE_0179	CHN	7.11882924497663e-08	1.9694884799182703e-06	7.118843265456433e-08	Europe_other	0.9999968348619942	238	38	48	152	2013-01-01	2024-12-31	0	0	0	4382	False	False	False	False
NODE_0178->NODE_0179:FRA	NODE_0178	NODE_0179	FRA	3.842180251956997e-08	1.062812175923053e-06	3.842184335477291e-08	Europe_other	0.9999959281875963	40	2	0	38	2014-01-01	2024-12-31	0	0	0	4017	False	False	False	False
NODE_0178->NODE_0179:JPN	NODE_0178	NODE_0179	JPN	6.5404040562058216e-09	1.8021775428178898e-07	6.540405234902965e-09	Europe_other	0.9999950455966093	62	5	1	56	2012-01-01	2025-12-31	0	0	0	5113	False	False	False	False
NODE_0178->NODE_0737:AUS	NODE_0178	NODE_0737	AUS	0.17481530191903064	1.31402490847164e-06	0.1748155316309936	Europe_other	0.999996179399636	1	1	0	0	2018-12-01	2018-12-31	0	0	0	30	False	False	False	False
NODE_0178->NODE_0737:CHN	NODE_0178	NODE_0737	CHN	0.328713187228599	1.9694884799182703e-06	0.3287138346267095	Europe_other	0.9999968348619942	1	1	0	0	2019-01-01	2019-12-31	0	0	0	364	False	False	False	False
NODE_0739->AUS__SAMN22858044:AUS	NODE_0739	AUS__SAMN22858044	AUS	0.11869286439987148	0.8813071356001285	1.0	Europe_other	0.8442809222288074	1	1	0	0	2008-01-01	2008-12-31	0	0	0	365	False	False	False	False
NODE_0739->AUS__SAMN22858066:AUS	NODE_0739	AUS__SAMN22858066	AUS	0.11869286439987148	0.8813071356001285	1.0	Europe_other	0.8442809222288074	1	1	0	0	2010-01-01	2010-12-31	0	0	0	364	False	False	False	False
NODE_0745->NODE_0746:AUS	NODE_0745	NODE_0746	AUS	0.24036566169365287	0.0188214546695268	0.2449764753189693	Unknown_other	0.99823700649525	1	1	0	0	2019-09-01	2019-09-30	0	0	0	29	False	False	False	False
NODE_0745->NODE_0746:BEL	NODE_0745	NODE_0746	BEL	0.03829523499112918	0.0004876472504915	0.0383139186682233	Unknown_other	0.9799265924365407	1	0	1	0	2020-04-24	2020-04-24	0	0	0	0	False	False	False	False
NODE_0826->NODE_0827:CHN	NODE_0826	NODE_0827	CHN	6.120381977457772e-11	0.9999999999387962	0.9999999997476368	AUS	0.19738050703118123	10	0	10	0	2021-10-23	2022-05-06	0	0	0	195	False	False	False	False
NODE_0826->CHN__SAMN42391112:CHN	NODE_0826	CHN__SAMN42391112	CHN	6.120381979002332e-11	0.9999999999387962	1.0	AUS	0.19738050703118123	1	0	1	0	2021-12-09	2021-12-09	0	0	0	0	False	False	False	False
NODE_0837->CHN__SAMN42391090:CHN	NODE_0837	CHN__SAMN42391090	CHN	2.298463641636772e-10	0.9999999997701536	1.0	AUS	0.19738050703118126	1	0	1	0	2021-11-21	2021-11-21	0	0	0	0	False	False	False	False
NODE_0837->NODE_0838:CHN	NODE_0837	NODE_0838	CHN	2.298440801194384e-10	0.9999999997701536	0.9999900627349616	AUS	0.19738050703118126	2	0	2	0	2022-05-21	2022-08-09	0	0	0	80	False	False	False	False
NODE_0043->AUS__SAMN18200432:AUS	NODE_0043	AUS__SAMN18200432	AUS	0.9998105461682195	0.0001894538317805	1.0	Europe_other	0.9997324376578501	1	1	0	0	2008-01-01	2008-12-31	0	0	0	365	True	False	False	False
NODE_0047->NODE_0048:AUS	NODE_0047	NODE_0048	AUS	2.020535454912727e-09	1.4628368638630374e-10	2.0205354552082984e-09	Europe_other	0.9999988402425454	23	6	0	17	2011-01-01	2024-10-31	0	0	0	5052	False	False	False	False
NODE_0047->NODE_0048:BEL	NODE_0047	NODE_0048	BEL	1.983755709497078e-09	1.4319265588589383e-10	1.983755709781137e-09	Europe_other	0.9999988402394545	17	6	5	6	2014-12-20	2023-12-20	0	0	0	3287	False	False	False	False
NODE_0047->NODE_0048:CHN	NODE_0047	NODE_0048	CHN	1.6276986647380514e-09	1.174908693189286e-10	1.6276986649292912e-09	Europe_other	0.9999988402137527	1	1	0	0	2018-01-01	2018-12-31	0	0	0	364	False	False	False	False
NODE_0047->NODE_0048:FRA	NODE_0047	NODE_0048	FRA	1.5211068188935165e-09	1.0980071590750248e-10	1.5211068190605352e-09	Europe_other	0.9999988402060626	7	0	0	7	2023-01-01	2024-12-31	0	0	0	730	False	True	False	False
NODE_0047->NODE_0048:JPN	NODE_0047	NODE_0048	JPN	2.0115839628350173e-09	3.2432400995872653e-10	2.011583963487422e-09	Europe_other	0.9999988404205856	3	0	0	3	2024-01-01	2025-12-31	0	0	0	730	False	True	False	False
NODE_0047->NODE_0133:JPN	NODE_0047	NODE_0133	JPN	9.933616963037018e-06	3.2432400995872653e-10	9.933616966258728e-06	Europe_other	0.9999988404205856	2	2	0	0	2006-01-01	2008-12-31	0	0	0	1095	False	False	False	False
NODE_0143->JPN__SAMEA41239918:JPN	NODE_0143	JPN__SAMEA41239918	JPN	0.9872675134020006	0.0127324865979994	1.0	Europe_other	0.9891995924285775	1	1	0	0	2007-01-01	2007-12-31	0	0	0	364	True	False	False	False
NODE_0179->NODE_0180:AUS	NODE_0179	NODE_0180	AUS	3.287030980855634e-08	4.7509886157690976e-08	3.2870311370221093e-08	Europe_other	0.9999996809338136	46	30	0	16	2008-01-01	2024-10-31	0	0	0	6148	False	False	False	False
NODE_0179->NODE_0180:BEL	NODE_0179	NODE_0180	BEL	4.314955894528176e-08	3.660990620214789e-08	4.3149560524983124e-08	Europe_other	0.9999996700338367	92	12	9	71	2014-01-30	2023-12-31	0	0	0	3622	False	False	False	False
NODE_0179->NODE_0180:CHN	NODE_0179	NODE_0180	CHN	4.840232951862961e-08	7.118843265456433e-08	4.8402332964315835e-08	Europe_other	0.9999997046123543	238	38	48	152	2013-01-01	2024-12-31	0	0	0	4382	False	False	False	False
NODE_0179->NODE_0180:FRA	NODE_0179	NODE_0180	FRA	2.6512825004158185e-08	3.842184335477291e-08	2.6512826022829832e-08	Europe_other	0.9999996718457733	40	2	0	38	2014-01-01	2024-12-31	0	0	0	4017	False	False	False	False
NODE_0179->NODE_0180:JPN	NODE_0179	NODE_0180	JPN	5.483831682776069e-09	6.540405234902965e-09	5.483831718642551e-09	Europe_other	0.9999996399643455	62	5	1	56	2012-01-01	2025-12-31	0	0	0	5113	False	False	False	False
NODE_0737->CHN__SAMN50151960:CHN	NODE_0737	CHN__SAMN50151960	CHN	0.6712861653732904	0.3287138346267095	1.0	Europe_other	0.6545965723094164	1	1	0	0	2019-01-01	2019-12-31	0	0	0	364	True	False	False	False
NODE_0737->AUS__SAMN45810526:AUS	NODE_0737	AUS__SAMN45810526	AUS	0.8251844683690064	0.1748155316309936	1.0	Europe_other	0.5325132012731815	1	1	0	0	2018-12-01	2018-12-31	0	0	0	30	True	False	False	False
NODE_0746->BEL__SAMEA117989523:BEL	NODE_0746	BEL__SAMEA117989523	BEL	0.9616860813317767	0.0383139186682233	1.0	Unknown_other	0.7274331579367981	1	0	1	0	2020-04-24	2020-04-24	0	0	0	0	True	False	False	False
NODE_0746->AUS__SAMN45810506:AUS	NODE_0746	AUS__SAMN45810506	AUS	0.7550235246810307	0.2449764753189693	1.0	Unknown_other	0.9265437701197164	1	1	0	0	2019-09-01	2019-09-30	0	0	0	29	True	False	False	False
NODE_0827->NODE_0828:CHN	NODE_0827	NODE_0828	CHN	2.5236324139947984e-10	0.9999999997476368	0.9999999999372728	AUS	0.1973805070311812	9	0	9	0	2021-11-13	2022-05-06	0	0	0	174	False	False	False	False
NODE_0827->CHN__SAMN42391111:CHN	NODE_0827	CHN__SAMN42391111	CHN	2.5236324141530986e-10	0.9999999997476368	1.0	AUS	0.1973805070311812	1	0	1	0	2021-10-23	2021-10-23	0	0	0	0	False	False	False	False
NODE_0838->CHN__SAMN42391094:CHN	NODE_0838	CHN__SAMN42391094	CHN	9.937265038395537e-06	0.9999900627349616	1.0	AUS	0.19738050703118085	1	0	1	0	2022-08-09	2022-08-09	0	0	0	0	False	False	False	False
NODE_0838->CHN__SAMN42391127:CHN	NODE_0838	CHN__SAMN42391127	CHN	9.937265038395537e-06	0.9999900627349616	1.0	AUS	0.19738050703118085	1	0	1	0	2022-05-21	2022-05-21	0	0	0	0	False	False	False	False
NODE_0048->NODE_0049:AUS	NODE_0048	NODE_0049	AUS	2.5146764945761655e-07	2.0205354552082984e-09	2.514676499657158e-07	Europe_other	0.999998736461107	23	6	0	17	2011-01-01	2024-10-31	0	0	0	5052	False	False	False	False
NODE_0048->NODE_0049:BEL	NODE_0048	NODE_0049	BEL	2.4693382838530297e-07	1.983755709781137e-09	2.469338288751594e-07	Europe_other	0.9999987364243274	17	6	5	6	2014-12-20	2023-12-20	0	0	0	3287	False	False	False	False
NODE_0048->NODE_0049:CHN	NODE_0048	NODE_0049	CHN	2.02611819463697e-07	1.6276986649292912e-09	2.02611819793488e-07	Europe_other	0.9999987360682707	1	1	0	0	2018-01-01	2018-12-31	0	0	0	364	False	False	False	False
NODE_0048->NODE_0049:FRA	NODE_0048	NODE_0049	FRA	1.8934314959441065e-07	1.5211068190605352e-09	1.893431498824218e-07	Europe_other	0.9999987359616791	7	0	0	7	2023-01-01	2024-12-31	0	0	0	730	False	True	False	False
NODE_0048->NODE_0049:JPN	NODE_0048	NODE_0049	JPN	6.482324619195626e-07	2.011583963487422e-09	6.482324632235367e-07	Europe_other	0.9999987364521555	3	0	0	3	2024-01-01	2025-12-31	0	0	0	730	False	True	False	False
NODE_0133->NODE_0134:JPN	NODE_0133	NODE_0134	JPN	1.1942838111102622e-05	9.933616966258728e-06	1.19429567478604e-05	Europe_other	0.9522405994783232	2	2	0	0	2006-01-01	2008-12-31	0	0	0	1095	False	False	False	False
NODE_0180->NODE_0181:AUS	NODE_0180	NODE_0181	AUS	1.7064908566166475e-08	3.2870311370221093e-08	1.706490912709535e-08	Europe_other	0.9999996705696628	46	30	0	16	2008-01-01	2024-10-31	0	0	0	6148	False	False	False	False
NODE_0180->NODE_0181:BEL	NODE_0180	NODE_0181	BEL	4.856071492281884e-08	4.3149560524983124e-08	4.8560717018192434e-08	Europe_other	0.999999680848909	92	12	9	71	2014-01-30	2023-12-31	0	0	0	3622	False	False	False	False
NODE_0180->NODE_0181:CHN	NODE_0180	NODE_0181	CHN	2.471617253099946e-08	4.8402332964315835e-08	2.4716173727319928e-08	Europe_other	0.99999968610168	238	38	48	152	2013-01-01	2024-12-31	0	0	0	4382	False	False	False	False
NODE_0180->NODE_0181:FRA	NODE_0180	NODE_0181	FRA	1.3729160195865879e-08	2.6512826022829832e-08	1.3729160559864723e-08	Europe_other	0.9999996642121795	40	2	0	38	2014-01-01	2024-12-31	0	0	0	4017	False	False	False	False
NODE_0180->NODE_0181:JPN	NODE_0180	NODE_0181	JPN	3.3123641156021674e-09	5.483831718642551e-09	3.312364133766615e-09	Europe_other	0.9999996431831921	62	5	1	56	2012-01-01	2025-12-31	0	0	0	5113	False	False	False	False
NODE_0828->NODE_0829:CHN	NODE_0828	NODE_0829	CHN	6.272689917798264e-11	0.9999999999372728	0.9999958929410804	AUS	0.19738050703118123	2	0	2	0	2021-11-13	2021-12-10	0	0	0	27	False	False	False	False
NODE_0828->NODE_0830:CHN	NODE_0828	NODE_0830	CHN	6.27271567943318e-11	0.9999999999372728	0.9999999998759757	AUS	0.19738050703118123	7	0	7	0	2021-12-20	2022-05-06	0	0	0	137	False	False	False	False
NODE_0049->NODE_0050:AUS	NODE_0049	NODE_0050	AUS	2.2600745604215346e-06	2.514676499657158e-07	2.260075128757316e-06	Europe_other	0.9999984156017637	23	6	0	17	2011-01-01	2024-10-31	0	0	0	5052	False	False	False	False
NODE_0049->NODE_0050:BEL	NODE_0049	NODE_0050	BEL	2.219328587390554e-06	2.469338288751594e-07	2.2193291354179947e-06	Europe_other	0.9999984110679487	17	6	5	6	2014-12-20	2023-12-20	0	0	0	3287	False	False	False	False
NODE_0049->NODE_0050:CHN	NODE_0049	NODE_0050	CHN	1.8209811245999847e-06	2.02611819793488e-07	1.820981493552359e-06	Europe_other	0.9999983667460011	1	1	0	0	2018-01-01	2018-12-31	0	0	0	364	False	False	False	False
NODE_0049->NODE_0050:FRA	NODE_0049	NODE_0050	FRA	1.7017284924053016e-06	1.893431498824218e-07	1.7017288146159957e-06	Europe_other	0.9999983534773504	7	0	0	7	2023-01-01	2024-12-31	0	0	0	730	False	True	False	False
NODE_0049->NODE_0050:JPN	NODE_0049	NODE_0050	JPN	6.604647250759036e-06	6.482324632235367e-07	6.604651532108567e-06	Europe_other	0.9999988123662057	3	0	0	3	2024-01-01	2025-12-31	0	0	0	730	False	True	False	False
NODE_0134->NODE_0135:JPN	NODE_0134	NODE_0135	JPN	1.6153451957614545e-05	1.19429567478604e-05	1.6153644879896668e-05	Europe_other	0.9265589544480399	2	2	0	0	2006-01-01	2008-12-31	0	0	0	1095	False	False	False	False
NODE_0181->NODE_0182:AUS	NODE_0181	NODE_0182	AUS	3.7740139791768254e-11	1.706490912709535e-08	3.774014043580032e-11	Europe_other	0.9999998059698406	46	30	0	16	2008-01-01	2024-10-31	0	0	0	6148	False	False	False	False
NODE_0181->NODE_0182:BEL	NODE_0181	NODE_0182	BEL	9.130545266258398e-11	4.8560717018192434e-08	9.130545709644244e-11	Europe_other	0.9999998374656439	91	11	9	71	2014-07-30	2023-12-31	0	0	0	3441	False	False	False	False
NODE_0181->NODE_0182:CHN	NODE_0181	NODE_0182	CHN	5.555644721322257e-11	2.4716173727319928e-08	5.5556448586365406e-11	Europe_other	0.999999813621104	238	38	48	152	2013-01-01	2024-12-31	0	0	0	4382	False	False	False	False
NODE_0181->NODE_0182:FRA	NODE_0181	NODE_0182	FRA	2.6363798831931636e-11	1.3729160559864723e-08	2.636379919388447e-11	Europe_other	0.9999998026340927	40	2	0	38	2014-01-01	2024-12-31	0	0	0	4017	False	False	False	False
NODE_0181->NODE_0182:JPN	NODE_0181	NODE_0182	JPN	7.685797311120847e-12	3.312364133766615e-09	7.685797336579008e-12	Europe_other	0.9999997922172983	62	5	1	56	2012-01-01	2025-12-31	0	0	0	5113	False	False	False	False
NODE_0181->BEL__SAMEA117989203:BEL	NODE_0181	BEL__SAMEA117989203	BEL	0.999999951439283	4.8560717018192434e-08	1.0	Europe_other	0.9999998374656439	1	1	0	0	2014-01-30	2014-01-30	0	0	0	0	True	False	False	False
NODE_0829->CHN__SAMN42391089:CHN	NODE_0829	CHN__SAMN42391089	CHN	4.107058919622375e-06	0.9999958929410804	1.0	AUS	0.1973805070311808	1	0	1	0	2021-11-13	2021-11-13	0	0	0	0	False	False	False	False
NODE_0829->CHN__SAMN42391114:CHN	NODE_0829	CHN__SAMN42391114	CHN	4.107058919622375e-06	0.9999958929410804	1.0	AUS	0.1973805070311808	1	0	1	0	2021-12-10	2021-12-10	0	0	0	0	False	False	False	False
NODE_0830->NODE_0831:CHN	NODE_0830	NODE_0831	CHN	1.2402434632510604e-10	0.9999999998759757	0.9999999998113294	AUS	0.19738050703118123	6	0	6	0	2021-12-20	2022-05-06	0	0	0	137	False	False	False	False
NODE_0830->CHN__SAMN42391123:CHN	NODE_0830	CHN__SAMN42391123	CHN	1.240243463485058e-10	0.9999999998759757	1.0	AUS	0.19738050703118123	1	0	1	0	2022-04-21	2022-04-21	0	0	0	0	False	False	False	False
NODE_0050->NODE_0051:AUS	NODE_0050	NODE_0051	AUS	1.939550789215455e-09	2.260075128757316e-06	1.939555172755862e-09	Europe_other	0.9999850201542407	23	6	0	17	2011-01-01	2024-10-31	0	0	0	5052	False	False	False	False
NODE_0050->NODE_0051:BEL	NODE_0050	NODE_0051	BEL	1.9664860241473165e-09	2.2193291354179947e-06	1.96649038843673e-09	Europe_other	0.9999849794087673	17	6	5	6	2014-12-20	2023-12-20	0	0	0	3287	False	False	False	False
NODE_0050->NODE_0051:CHN	NODE_0050	NODE_0051	CHN	1.5627202768597918e-09	1.820981493552359e-06	1.5627231225496775e-09	Europe_other	0.9999845810663835	1	1	0	0	2018-01-01	2018-12-31	0	0	0	364	False	False	False	False
NODE_0050->NODE_0051:FRA	NODE_0050	NODE_0051	FRA	1.4603932779904802e-09	1.7017288146159957e-06	1.4603957631880312e-09	Europe_other	0.9999844618153404	7	0	0	7	2023-01-01	2024-12-31	0	0	0	730	False	True	False	False
NODE_0050->NODE_0051:JPN	NODE_0050	NODE_0051	JPN	2.4701021329211012e-09	6.604651532108567e-06	2.470118447192688e-09	Europe_other	0.9999893646942571	2	0	0	2	2024-01-01	2025-12-31	0	0	0	730	False	True	False	False
NODE_0050->JPN__SAMD01797761:JPN	NODE_0050	JPN__SAMD01797761	JPN	0.9999933953484679	6.604651532108567e-06	1.0	Europe_other	0.9999893646942571	1	0	0	1	2025-03-01	2025-03-31	1	1	1	30	True	True	True	False
NODE_0135->NODE_0136:JPN	NODE_0135	NODE_0136	JPN	0.00044909433039128056	1.6153644879896668e-05	0.0004491015850188	Europe_other	0.9263811983077644	2	2	0	0	2006-01-01	2008-12-31	0	0	0	1095	False	False	False	False
NODE_0182->NODE_0183:AUS	NODE_0182	NODE_0183	AUS	1.0088061031972327e-10	3.774014043580032e-11	1.0088061032353052e-10	Europe_other	0.9999999996226427	46	30	0	16	2008-01-01	2024-10-31	0	0	0	6148	False	False	False	False
NODE_0182->NODE_0183:BEL	NODE_0182	NODE_0183	BEL	4.4747286225404466e-12	9.130545709644244e-11	4.474728622949013e-12	Europe_other	0.9999999996762081	91	11	9	71	2014-07-30	2023-12-31	0	0	0	3441	False	False	False	False
NODE_0182->NODE_0183:CHN	NODE_0182	NODE_0183	CHN	1.0472906966479237e-10	5.5556448586365406e-11	1.0472906967061075e-10	Europe_other	0.999999999640459	238	38	48	152	2013-01-01	2024-12-31	0	0	0	4382	False	False	False	False
NODE_0182->NODE_0183:FRA	NODE_0182	NODE_0183	FRA	3.166201187877591e-12	2.636379919388447e-11	3.1662011879610638e-12	Europe_other	0.9999999996112664	40	2	0	38	2014-01-01	2024-12-31	0	0	0	4017	False	False	False	False
NODE_0182->NODE_0183:JPN	NODE_0182	NODE_0183	JPN	4.13522305240316e-11	7.685797336579008e-12	4.135223052434943e-11	Europe_other	0.9999999995925883	62	5	1	56	2012-01-01	2025-12-31	0	0	0	5113	False	False	False	False
NODE_0831->CHN__SAMN42391096:CHN	NODE_0831	CHN__SAMN42391096	CHN	1.8867063467098433e-10	0.9999999998113294	1.0	AUS	0.19738050703118123	1	0	1	0	2021-12-20	2021-12-20	0	0	0	0	False	False	False	False
NODE_0831->NODE_0832:CHN	NODE_0831	NODE_0832	CHN	1.8867063464760383e-10	0.9999999998113294	0.9999999998760778	AUS	0.19738050703118123	5	0	5	0	2021-12-30	2022-05-06	0	0	0	127	False	False	False	False
NODE_0051->NODE_0052:AUS	NODE_0051	NODE_0052	AUS	3.036284579874792e-11	1.939555172755862e-09	3.0362845857638333e-11	Europe_other	0.9999999902801948	23	6	0	17	2011-01-01	2024-10-31	0	0	0	5052	False	False	False	False
NODE_0051->NODE_0052:BEL	NODE_0051	NODE_0052	BEL	1.1146191086332242e-10	1.96649038843673e-09	1.114619110825112e-10	Europe_other	0.99999999030713	17	6	5	6	2014-12-20	2023-12-20	0	0	0	3287	False	False	False	False
NODE_0051->NODE_0052:CHN	NODE_0051	NODE_0052	CHN	2.4450787633676836e-11	1.5627231225496775e-09	2.4450787671886647e-11	Europe_other	0.9999999899033628	1	1	0	0	2018-01-01	2018-12-31	0	0	0	364	False	False	False	False
NODE_0051->NODE_0052:FRA	NODE_0051	NODE_0052	FRA	2.2865986527711475e-11	1.4603957631880312e-09	2.2865986561104867e-11	Europe_other	0.9999999898010354	7	0	0	7	2023-01-01	2024-12-31	0	0	0	730	False	True	False	False
NODE_0051->NODE_0052:JPN	NODE_0051	NODE_0052	JPN	3.604268894014872e-11	2.470118447192688e-09	3.604268902917843e-11	Europe_other	0.9999999908107581	2	0	0	2	2024-01-01	2025-12-31	0	0	0	730	False	True	False	False
NODE_0136->NODE_0137:JPN	NODE_0136	NODE_0137	JPN	0.12474112641307818	0.0004491015850188	0.1247971730212879	Europe_other	0.9078514633604816	2	2	0	0	2006-01-01	2008-12-31	0	0	0	1095	False	False	False	False
NODE_0183->NODE_0184:AUS	NODE_0183	NODE_0184	AUS	1.4641337140655992e-10	1.0088061032353052e-10	1.4641337142133019e-10	Europe_other	0.9999999996396949	32	16	0	16	2008-01-01	2024-10-31	0	0	0	6148	False	False	False	False
NODE_0183->NODE_0184:BEL	NODE_0183	NODE_0184	BEL	1.2167697543146796e-10	4.474728622949013e-12	1.2167697543201243e-10	Europe_other	0.999999999543289	85	6	8	71	2014-07-30	2023-12-31	0	0	0	3441	False	False	False	False
NODE_0183->NODE_0184:CHN	NODE_0183	NODE_0184	CHN	1.6022441174475858e-08	1.0472906967061075e-10	1.6022441176153873e-08	Europe_other	0.9999999996435432	235	35	48	152	2015-01-01	2024-12-31	0	0	0	3652	False	False	False	False
NODE_0183->NODE_0184:FRA	NODE_0183	NODE_0184	FRA	9.616902845342874e-11	3.1662011879610638e-12	9.616902845373324e-11	Europe_other	0.9999999995419804	40	2	0	38	2014-01-01	2024-12-31	0	0	0	4017	False	False	False	False
NODE_0183->NODE_0184:JPN	NODE_0183	NODE_0184	JPN	1.1575430880551827e-10	4.135223052434943e-11	1.1575430881030497e-10	Europe_other	0.9999999995801665	56	0	0	56	2024-01-01	2025-12-31	0	0	0	730	False	True	False	False
NODE_0183->NODE_0679:AUS	NODE_0183	NODE_0679	AUS	0.0009209252669719964	1.0088061032353052e-10	0.0009209252670649	Europe_other	0.9999999996396949	14	14	0	0	2012-01-01	2018-07-31	0	0	0	2403	False	False	False	False
NODE_0183->NODE_0679:BEL	NODE_0183	NODE_0679	BEL	1.6972245656254427e-06	4.474728622949013e-12	1.6972245656330374e-06	Europe_other	0.999999999543289	6	5	1	0	2014-08-01	2020-03-23	0	0	0	2061	False	False	False	False
NODE_0183->NODE_0679:CHN	NODE_0183	NODE_0679	CHN	4.017658344639618e-06	1.0472906967061075e-10	4.017658345060384e-06	Europe_other	0.9999999996435432	3	3	0	0	2013-01-01	2016-12-31	0	0	0	1460	False	False	False	False
NODE_0183->NODE_0679:JPN	NODE_0183	NODE_0679	JPN	0.00037952647299580576	4.135223052434943e-11	0.0003795264730115	Europe_other	0.9999999995801665	6	5	1	0	2012-01-01	2020-12-31	0	0	0	3287	False	False	False	False
NODE_0832->NODE_0833:CHN	NODE_0832	NODE_0833	CHN	1.2392220582270742e-10	0.9999999998760778	0.9999999999392132	AUS	0.19738050703118123	4	0	4	0	2021-12-30	2022-03-27	0	0	0	87	False	False	False	False
NODE_0832->CHN__SAMN42391125:CHN	NODE_0832	CHN__SAMN42391125	CHN	1.2392220583024027e-10	0.9999999998760778	1.0	AUS	0.19738050703118123	1	0	1	0	2022-05-06	2022-05-06	0	0	0	0	False	False	False	False
NODE_0052->NODE_0053:AUS	NODE_0052	NODE_0053	AUS	6.312646283558654e-10	3.0362845857638333e-11	6.312646283750324e-10	Europe_other	0.9999999997656929	23	6	0	17	2011-01-01	2024-10-31	0	0	0	5052	False	False	False	False
NODE_0052->NODE_0053:BEL	NODE_0052	NODE_0053	BEL	4.000133598115303e-09	1.114619110825112e-10	4.0001335985611655e-09	Europe_other	0.999999999846792	17	6	5	6	2014-12-20	2023-12-20	0	0	0	3287	False	False	False	False
NODE_0052->NODE_0053:CHN	NODE_0052	NODE_0053	CHN	5.080792398638436e-10	2.4450787671886647e-11	5.080792398762665e-10	Europe_other	0.9999999997597808	1	1	0	0	2018-01-01	2018-12-31	0	0	0	364	False	False	False	False
NODE_0052->NODE_0053:FRA	NODE_0052	NODE_0053	FRA	4.754865189881502e-10	2.2865986561104867e-11	4.754865189990226e-10	Europe_other	0.999999999758196	7	0	0	7	2023-01-01	2024-12-31	0	0	0	730	False	True	False	False
NODE_0052->NODE_0053:JPN	NODE_0052	NODE_0053	JPN	5.832057303386522e-10	3.604268902917843e-11	5.832057303596725e-10	Europe_other	0.9999999997713727	2	0	0	2	2024-01-01	2025-12-31	0	0	0	730	False	True	False	False
NODE_0137->NODE_0138:JPN	NODE_0137	NODE_0138	JPN	0.18439613525206872	0.1247971730212879	0.2106896019618934	Unknown_other	0.6587068455294538	2	2	0	0	2006-01-01	2008-12-31	0	0	0	1095	False	False	False	False
NODE_0184->NODE_0185:AUS	NODE_0184	NODE_0185	AUS	6.825322298323293e-08	1.4641337142133019e-10	6.82532229932261e-08	Europe_other	0.9999999833355974	32	16	0	16	2008-01-01	2024-10-31	0	0	0	6148	False	False	False	False
NODE_0184->NODE_0185:BEL	NODE_0184	NODE_0185	BEL	6.172776684360623e-08	1.2167697543201243e-10	6.172776685111708e-08	Europe_other	0.9999999833108609	26	6	5	15	2014-07-30	2023-12-31	0	0	0	3441	False	False	False	False
NODE_0184->NODE_0185:CHN	NODE_0184	NODE_0185	CHN	7.670667071746778e-06	1.6022441176153873e-08	7.670667194649592e-06	Europe_other	0.9999999992116252	234	34	48	152	2015-01-01	2024-12-31	0	0	0	3652	False	False	False	False
NODE_0184->NODE_0185:FRA	NODE_0184	NODE_0185	FRA	4.7287406258162496e-08	9.616902845373324e-11	4.728740626271008e-08	Europe_other	0.9999999832853531	30	2	0	28	2014-01-01	2024-12-31	0	0	0	4017	False	False	False	False
NODE_0184->NODE_0185:JPN	NODE_0184	NODE_0185	JPN	5.767315683026292e-08	1.1575430881030497e-10	5.7673156836938836e-08	Europe_other	0.9999999833049383	56	0	0	56	2024-01-01	2025-12-31	0	0	0	730	False	True	False	False
NODE_0184->NODE_0607:BEL	NODE_0184	NODE_0607	BEL	5.469633039879964e-07	1.2167697543201243e-10	5.469633040545492e-07	Europe_other	0.9999999833108609	59	0	3	56	2022-08-01	2023-12-31	0	0	0	517	False	False	False	False
NODE_0184->NODE_0607:CHN	NODE_0184	NODE_0607	CHN	1.3364889441763268e-06	1.6022441176153873e-08	1.3364889655901426e-06	Europe_other	0.9999999992116252	1	1	0	0	2018-01-01	2018-12-31	0	0	0	364	False	False	False	False
NODE_0184->NODE_0607:FRA	NODE_0184	NODE_0607	FRA	7.68701232791404e-07	9.616902845373324e-11	7.687012328653294e-07	Europe_other	0.9999999832853531	10	0	0	10	2023-01-01	2024-12-31	0	0	0	730	False	True	False	False
NODE_0679->NODE_0680:AUS	NODE_0679	NODE_0680	AUS	0.09274928017060637	0.0009209252670649	0.0928347740597002	Europe_other	0.9976036853010297	4	4	0	0	2012-01-01	2016-12-31	0	0	0	1826	False	False	False	False
NODE_0679->NODE_0684:AUS	NODE_0679	NODE_0684	AUS	0.0009167885682937398	0.0009209252670649	0.000917633640299	Europe_other	0.9976036853010297	10	10	0	0	2013-01-01	2018-07-31	0	0	0	2037	False	False	False	False
NODE_0679->NODE_0684:BEL	NODE_0679	NODE_0684	BEL	1.6740562034489544e-06	1.6972245656330374e-06	1.6740590447030895e-06	Europe_other	0.9966866584617998	6	5	1	0	2014-08-01	2020-03-23	0	0	0	2061	False	False	False	False
NODE_0679->NODE_0684:CHN	NODE_0679	NODE_0684	CHN	4.17171276739804e-06	4.017658345060384e-06	4.171729527981991e-06	Europe_other	0.9966889712164815	3	3	0	0	2013-01-01	2016-12-31	0	0	0	1460	False	False	False	False
NODE_0679->NODE_0684:JPN	NODE_0679	NODE_0684	JPN	0.00040427022614469675	0.0003795264730115	0.0004044237156511	Europe_other	0.9970633788082469	6	5	1	0	2012-01-01	2020-12-31	0	0	0	3287	False	False	False	False
NODE_0833->CHN__SAMN42391098:CHN	NODE_0833	CHN__SAMN42391098	CHN	6.078682002197411e-11	0.9999999999392132	1.0	AUS	0.19738050703118123	1	0	1	0	2021-12-30	2021-12-30	0	0	0	0	False	False	False	False
NODE_0833->NODE_0834:CHN	NODE_0833	NODE_0834	CHN	6.078682001444136e-11	0.9999999999392132	0.9999999998760792	AUS	0.19738050703118123	3	0	3	0	2021-12-30	2022-03-27	0	0	0	87	False	False	False	False
NODE_0053->NODE_0054:AUS	NODE_0053	NODE_0054	AUS	1.1507515545236108e-11	6.312646283750324e-10	1.1507515552500395e-11	Europe_other	0.9999999935266256	23	6	0	17	2011-01-01	2024-10-31	0	0	0	5052	False	False	False	False
NODE_0053->NODE_0054:BEL	NODE_0053	NODE_0054	BEL	4.069962375274885e-10	4.0001335985611655e-09	4.069962391555278e-10	Europe_other	0.9999999968954946	16	6	4	6	2014-12-20	2023-12-20	0	0	0	3287	False	False	False	False
NODE_0053->NODE_0054:CHN	NODE_0053	NODE_0054	CHN	8.201491895255691e-12	5.080792398762665e-10	8.201491899422699e-12	Europe_other	0.9999999934034403	1	1	0	0	2018-01-01	2018-12-31	0	0	0	364	False	False	False	False
NODE_0053->NODE_0054:FRA	NODE_0053	NODE_0054	FRA	9.009193709370568e-12	4.754865189990226e-10	9.009193713654318e-12	Europe_other	0.9999999933708476	7	0	0	7	2023-01-01	2024-12-31	0	0	0	730	False	True	False	False
NODE_0053->NODE_0054:JPN	NODE_0053	NODE_0054	JPN	9.381478549410879e-12	5.832057303596725e-10	9.38147855488221e-12	Europe_other	0.9999999934785667	2	0	0	2	2024-01-01	2025-12-31	0	0	0	730	False	True	False	False
NODE_0053->BEL__SAMEA117989516:BEL	NODE_0053	BEL__SAMEA117989516	BEL	0.9999999959998664	4.0001335985611655e-09	1.0	Europe_other	0.9999999968954946	1	0	1	0	2020-03-13	2020-03-13	0	0	0	0	True	False	False	False
NODE_0138->NODE_0139:JPN	NODE_0138	NODE_0139	JPN	0.16630754552446964	0.2106896019618934	0.2106998031925592	Unknown_other	0.7035495137926685	1	1	0	0	2006-01-01	2006-12-31	0	0	0	364	False	False	False	False
NODE_0138->JPN__SAMEA41240668:JPN	NODE_0138	JPN__SAMEA41240668	JPN	0.7893103980381067	0.2106896019618934	1.0	Unknown_other	0.7035495137926685	1	1	0	0	2008-01-01	2008-12-31	0	0	0	365	True	False	False	False
NODE_0185->NODE_0186:AUS	NODE_0185	NODE_0186	AUS	0.00012004120154040055	6.82532229932261e-08	0.0001200412097336	Europe_other	0.9999920164588469	29	16	0	13	2008-01-01	2024-10-31	0	0	0	6148	False	False	False	False
NODE_0185->NODE_0186:BEL	NODE_0185	NODE_0186	BEL	5.328473358070574e-05	6.172776685111708e-08	5.328473686985356e-05	Europe_other	0.9999920099334425	19	3	4	12	2014-07-30	2023-12-31	0	0	0	3441	False	False	False	False
NODE_0185->NODE_0186:CHN	NODE_0185	NODE_0186	CHN	0.09318421924565745	7.670667194649592e-06	0.093184934036274	Europe_other	0.99999961887044	33	22	7	4	2016-01-01	2024-12-31	0	0	0	3287	False	False	False	False
NODE_0185->NODE_0186:FRA	NODE_0185	NODE_0186	FRA	4.028660690027395e-05	4.728740626271008e-08	4.028660880532319e-05	Europe_other	0.9999919954931966	24	2	0	22	2014-01-01	2024-12-31	0	0	0	4017	False	False	False	False
NODE_0185->NODE_0186:JPN	NODE_0185	NODE_0186	JPN	4.913605952399629e-05	5.7673156836938836e-08	4.913606235782812e-05	Europe_other	0.9999920058788646	2	0	0	2	2025-01-21	2025-03-03	0	0	0	41	False	True	False	False
NODE_0185->NODE_0320:AUS	NODE_0185	NODE_0320	AUS	8.10438823201123e-09	6.82532229932261e-08	8.104388785161884e-09	Europe_other	0.9999920164588469	3	0	0	3	2024-08-01	2024-08-31	0	0	0	30	False	True	False	False
NODE_0185->NODE_0320:BEL	NODE_0185	NODE_0320	BEL	1.3211510776830589e-08	6.172776685111708e-08	1.3211511592347697e-08	Europe_other	0.9999920099334425	7	3	1	3	2015-12-21	2023-12-26	0	0	0	2927	False	False	False	False
NODE_0185->NODE_0320:CHN	NODE_0185	NODE_0320	CHN	1.3283569104792137e-08	7.670667194649592e-06	1.3283670999411497e-08	Europe_other	0.99999961887044	201	12	41	148	2015-01-01	2024-12-31	0	0	0	3652	False	False	False	False
NODE_0185->NODE_0320:FRA	NODE_0185	NODE_0320	FRA	6.102716898151205e-09	4.728740626271008e-08	6.102717186732872e-09	Europe_other	0.9999919954931966	6	0	0	6	2024-01-01	2024-12-31	0	0	0	365	False	True	False	False
NODE_0185->NODE_0320:JPN	NODE_0185	NODE_0320	JPN	7.4426733691954194e-09	5.7673156836938836e-08	7.442673798437913e-09	Europe_other	0.9999920058788646	54	0	0	54	2024-01-01	2025-12-31	0	0	0	730	False	True	False	False
NODE_0607->NODE_0608:BEL	NODE_0607	NODE_0608	BEL	7.578094989997546e-07	5.469633040545492e-07	7.578099134939688e-07	Europe_other	0.9999977274545018	59	0	3	56	2022-08-01	2023-12-31	0	0	0	517	False	False	False	False
NODE_0607->NODE_0608:CHN	NODE_0607	NODE_0608	CHN	1.8547961933952606e-06	1.3364889655901426e-06	1.8547986723132195e-06	Europe_other	0.9999985169794242	1	1	0	0	2018-01-01	2018-12-31	0	0	0	364	False	False	False	False
NODE_0607->NODE_0608:FRA	NODE_0607	NODE_0608	FRA	1.0665105694332546e-06	7.687012328653294e-07	1.0665113892618744e-06	Europe_other	0.9999979491920972	10	0	0	10	2023-01-01	2024-12-31	0	0	0	730	False	True	False	False
NODE_0680->NODE_0681:AUS	NODE_0680	NODE_0681	AUS	0.8720400901694901	0.0928347740597002	0.9612803326600162	Europe_other	0.9987764549352619	2	2	0	0	2012-01-01	2016-12-31	0	0	0	1826	True	False	False	False
NODE_0680->NODE_0682:AUS	NODE_0680	NODE_0682	AUS	0.08469018784806019	0.0928347740597002	0.0933569601505356	Europe_other	0.9987764549352619	2	2	0	0	2014-03-07	2015-12-31	0	0	0	664	False	False	False	False
NODE_0684->NODE_0685:AUS	NODE_0684	NODE_0685	AUS	0.0008444431292630709	0.000917633640299	0.0008452187304035	Europe_other	0.9974463323520049	9	9	0	0	2013-01-01	2018-07-31	0	0	0	2037	False	False	False	False
NODE_0684->NODE_0685:BEL	NODE_0684	NODE_0685	BEL	1.6733016181287423e-06	1.6740590447030895e-06	1.67330441933914e-06	Europe_other	0.9965327102976428	6	5	1	0	2014-08-01	2020-03-23	0	0	0	2061	False	False	False	False
NODE_0684->NODE_0685:CHN	NODE_0684	NODE_0685	CHN	4.412914200326398e-06	4.171729527981991e-06	4.412932609887672e-06	Europe_other	0.9965351993183625	3	3	0	0	2013-01-01	2016-12-31	0	0	0	1460	False	False	False	False
NODE_0684->NODE_0685:JPN	NODE_0684	NODE_0685	JPN	0.00043906155289565675	0.0004044237156511	0.0004392391916416	Europe_other	0.9969342258869389	6	5	1	0	2012-01-01	2020-12-31	0	0	0	3287	False	False	False	False
NODE_0684->AUS__SAMN45810525:AUS	NODE_0684	AUS__SAMN45810525	AUS	0.999082366359701	0.000917633640299	1.0	Europe_other	0.9974463323520049	1	1	0	0	2018-06-01	2018-06-30	0	0	0	29	True	False	False	False
NODE_0834->NODE_0835:CHN	NODE_0834	NODE_0835	CHN	1.2392076251714883e-10	0.9999999998760792	0.999999999813111	AUS	0.19738050703118123	2	0	2	0	2021-12-30	2022-03-27	0	0	0	87	False	False	False	False
NODE_0834->CHN__SAMN42391117:CHN	NODE_0834	CHN__SAMN42391117	CHN	1.2392076254030826e-10	0.9999999998760792	1.0	AUS	0.19738050703118123	1	0	1	0	2022-03-06	2022-03-06	0	0	0	0	False	False	False	False
NODE_0054->NODE_0055:AUS	NODE_0054	NODE_0055	AUS	8.626342319293442e-10	1.1507515552500395e-11	8.626342319392708e-10	Europe_other	0.9999999992128888	23	6	0	17	2011-01-01	2024-10-31	0	0	0	5052	False	False	False	False
NODE_0054->NODE_0055:BEL	NODE_0054	NODE_0055	BEL	1.4629028263020102e-08	4.069962391555278e-10	1.462902826897406e-08	Europe_other	0.9999999996083776	16	6	4	6	2014-12-20	2023-12-20	0	0	0	3287	False	False	False	False
NODE_0054->NODE_0055:CHN	NODE_0054	NODE_0055	CHN	5.573102993331911e-10	8.201491899422699e-12	5.573102993377619e-10	Europe_other	0.9999999992095828	1	1	0	0	2018-01-01	2018-12-31	0	0	0	364	False	False	False	False
NODE_0054->NODE_0055:FRA	NODE_0054	NODE_0055	FRA	6.938638128371998e-10	9.009193713654318e-12	6.93863812843451e-10	Europe_other	0.9999999992103906	7	0	0	7	2023-01-01	2024-12-31	0	0	0	730	False	True	False	False
NODE_0054->NODE_0055:JPN	NODE_0054	NODE_0055	JPN	6.352338411128833e-10	9.38147855488221e-12	6.352338411188428e-10	Europe_other	0.9999999992107629	2	0	0	2	2024-01-01	2025-12-31	0	0	0	730	False	True	False	False
NODE_0139->JPN__SAMEA41231668:JPN	NODE_0139	JPN__SAMEA41231668	JPN	0.7893001968074408	0.2106998031925592	1.0	Unknown_other	0.7035697347674793	1	1	0	0	2006-01-01	2006-12-31	0	0	0	364	True	False	False	False
NODE_0186->NODE_0187:AUS	NODE_0186	NODE_0187	AUS	0.00012071473395580814	0.0001200412097336	0.0001207292264382	Europe_other	0.9057050375052164	29	16	0	13	2008-01-01	2024-10-31	0	0	0	6148	False	False	False	False
NODE_0186->NODE_0187:BEL	NODE_0186	NODE_0187	BEL	5.343054943314796e-05	5.328473686985356e-05	5.343339661762679e-05	Europe_other	0.9056445726096016	19	3	4	12	2014-07-30	2023-12-31	0	0	0	3441	False	False	False	False
NODE_0186->NODE_0187:CHN	NODE_0186	NODE_0187	CHN	0.08451665266748275	0.093184934036274	0.0932016414809583	Europe_other	0.9986560099929765	32	22	6	4	2016-01-01	2024-12-31	0	0	0	3287	False	False	False	False
NODE_0186->NODE_0187:FRA	NODE_0186	NODE_0187	FRA	4.039431189058715e-05	4.028660880532319e-05	4.039593930599129e-05	Europe_other	0.9056328004512054	24	2	0	22	2014-01-01	2024-12-31	0	0	0	4017	False	False	False	False
NODE_0186->NODE_0187:JPN	NODE_0186	NODE_0187	JPN	4.9266987755769564e-05	4.913606235782812e-05	4.926940866050584e-05	Europe_other	0.9056408152004218	2	0	0	2	2025-01-21	2025-03-03	0	0	0	41	False	True	False	False
NODE_0186->CHN__SAMN32034035:CHN	NODE_0186	CHN__SAMN32034035	CHN	0.906815065963726	0.093184934036274	1.0	Europe_other	0.9986560099929765	1	0	1	0	2021-01-01	2021-12-31	0	0	0	364	True	False	False	False
NODE_0320->NODE_0321:AUS	NODE_0320	NODE_0321	AUS	7.023107757443831e-11	8.104388785161884e-09	7.023107814361828e-11	Europe_other	0.9999999505264914	3	0	0	3	2024-08-01	2024-08-31	0	0	0	30	False	True	False	False
NODE_0320->NODE_0321:BEL	NODE_0320	NODE_0321	BEL	5.72263433690542e-09	1.3211511592347697e-08	5.722634412510071e-09	Europe_other	0.9999999556336141	7	3	1	3	2015-12-21	2023-12-26	0	0	0	2927	False	False	False	False
NODE_0320->NODE_0321:CHN	NODE_0320	NODE_0321	CHN	7.2095482354140526e-09	1.3283670999411497e-08	7.209548331183321e-09	Europe_other	0.9999999557057735	201	12	41	148	2015-01-01	2024-12-31	0	0	0	3652	False	False	False	False
NODE_0320->NODE_0321:FRA	NODE_0320	NODE_0321	FRA	5.3475603222375656e-11	6.102717186732872e-09	5.3475603548722144e-11	Europe_other	0.9999999485248199	6	0	0	6	2024-01-01	2024-12-31	0	0	0	365	False	True	False	False
NODE_0320->NODE_0321:JPN	NODE_0320	NODE_0321	JPN	6.459696679498148e-11	7.442673798437913e-09	6.459696727575564e-11	Europe_other	0.9999999498647765	54	0	0	54	2024-01-01	2025-12-31	0	0	0	730	False	True	False	False
NODE_0608->NODE_0609:BEL	NODE_0608	NODE_0609	BEL	5.548198922984175e-05	7.578099134939688e-07	5.548203127467507e-05	Europe_other	0.9999968534148281	59	0	3	56	2022-08-01	2023-12-31	0	0	0	517	False	False	False	False
NODE_0608->NODE_0609:CHN	NODE_0608	NODE_0609	CHN	0.00013569688222443617	1.8547986723132195e-06	0.0001356971339153	Europe_other	0.9999979504021699	1	1	0	0	2018-01-01	2018-12-31	0	0	0	364	False	False	False	False
NODE_0608->NODE_0609:FRA	NODE_0608	NODE_0609	FRA	7.809238465160307e-05	1.0665113892618744e-06	7.809246793810955e-05	Europe_other	0.9999971621156618	10	0	0	10	2023-01-01	2024-12-31	0	0	0	730	False	True	False	False
NODE_0681->AUS__SAMN22858181:AUS	NODE_0681	AUS__SAMN22858181	AUS	0.038719667339983777	0.9612803326600162	1.0	Europe_other	0.823483101818664	1	1	0	0	2012-01-01	2012-12-31	0	0	0	365	False	False	False	False
NODE_0681->AUS__SAMN08443771:AUS	NODE_0681	AUS__SAMN08443771	AUS	0.038719667339983777	0.9612803326600162	1.0	Europe_other	0.823483101818664	1	1	0	0	2016-01-01	2016-12-31	0	0	0	365	False	False	False	False
NODE_0682->NODE_0683:AUS	NODE_0682	NODE_0683	AUS	0.8495631714018455	0.0933569601505356	0.9370426221359442	Europe_other	0.9989110032075907	2	2	0	0	2014-03-07	2015-12-31	0	0	0	664	True	False	False	False
NODE_0685->NODE_0686:AUS	NODE_0685	NODE_0686	AUS	0.000827922171336818	0.0008452187304035	0.0008286225386269	Europe_other	0.9972265231227323	9	9	0	0	2013-01-01	2018-07-31	0	0	0	2037	False	False	False	False
NODE_0685->NODE_0686:BEL	NODE_0685	NODE_0686	BEL	1.773572233517508e-06	1.67330441933914e-06	1.7735752012487302e-06	Europe_other	0.9963853158428861	6	5	1	0	2014-08-01	2020-03-23	0	0	0	2061	False	False	False	False
NODE_0685->NODE_0686:CHN	NODE_0685	NODE_0686	CHN	4.743253255653835e-06	4.412932609887672e-06	4.743274187403175e-06	Europe_other	0.9963880455802323	3	3	0	0	2013-01-01	2016-12-31	0	0	0	1460	False	False	False	False
NODE_0685->NODE_0686:JPN	NODE_0685	NODE_0686	JPN	0.00047483967974272723	0.0004392391916416	0.0004750483395914	Europe_other	0.9968214916531385	6	5	1	0	2012-01-01	2020-12-31	0	0	0	3287	False	False	False	False
NODE_0835->CHN__SAMN42391099:CHN	NODE_0835	CHN__SAMN42391099	CHN	1.8688894876106588e-10	0.999999999813111	1.0	AUS	0.19738050703118126	1	0	1	0	2021-12-30	2021-12-30	0	0	0	0	False	False	False	False
NODE_0835->CHN__SAMN42391120:CHN	NODE_0835	CHN__SAMN42391120	CHN	1.8688894876106588e-10	0.999999999813111	1.0	AUS	0.19738050703118126	1	0	1	0	2022-03-27	2022-03-27	0	0	0	0	False	False	False	False
NODE_0055->NODE_0056:AUS	NODE_0055	NODE_0056	AUS	4.925687646944865e-10	8.626342319392708e-10	4.925687651193931e-10	Europe_other	0.9999999387119781	23	6	0	17	2011-01-01	2024-10-31	0	0	0	5052	False	False	False	False
NODE_0055->NODE_0056:BEL	NODE_0055	NODE_0056	BEL	2.76982534571569e-08	1.462902826897406e-08	2.7698253862355438e-08	Europe_other	0.9999999524783715	16	6	4	6	2014-12-20	2023-12-20	0	0	0	3287	False	False	False	False
NODE_0055->NODE_0056:CHN	NODE_0055	NODE_0056	CHN	1.2201106683373406e-10	5.573102993377619e-10	1.2201106690173208e-10	Europe_other	0.9999999384066542	1	1	0	0	2018-01-01	2018-12-31	0	0	0	364	False	False	False	False
NODE_0055->NODE_0056:FRA	NODE_0055	NODE_0056	FRA	4.5937104401785707e-10	6.93863812843451e-10	4.5937104433659804e-10	Europe_other	0.9999999385432078	7	0	0	7	2023-01-01	2024-12-31	0	0	0	730	False	True	False	False
NODE_0055->NODE_0056:JPN	NODE_0055	NODE_0056	JPN	1.3906881248389407e-10	6.352338411188428e-10	1.3906881257223528e-10	Europe_other	0.9999999384845778	2	0	0	2	2024-01-01	2025-12-31	0	0	0	730	False	True	False	False
NODE_0187->NODE_0188:AUS	NODE_0187	NODE_0188	AUS	0.00012544708357716027	0.0001207292264382	0.0001254622305352	Europe_other	0.9056804105318141	28	15	0	13	2008-01-01	2024-10-31	0	0	0	6148	False	False	False	False
NODE_0187->NODE_0188:BEL	NODE_0187	NODE_0188	BEL	5.823432165871169e-05	5.343339661762679e-05	5.823743348259296e-05	Europe_other	0.905619458760175	19	3	4	12	2014-07-30	2023-12-31	0	0	0	3441	False	False	False	False
NODE_0187->NODE_0188:CHN	NODE_0187	NODE_0188	CHN	0.08429324277139155	0.0932016414809583	0.0929569865003472	Europe_other	0.99864656781625	30	20	6	4	2016-01-01	2024-12-31	0	0	0	3287	False	False	False	False
NODE_0187->NODE_0188:FRA	NODE_0187	NODE_0188	FRA	4.4024383979716205e-05	4.039593930599129e-05	4.402616245790273e-05	Europe_other	0.9056076513081677	24	2	0	22	2014-01-01	2024-12-31	0	0	0	4017	False	False	False	False
NODE_0187->NODE_0188:JPN	NODE_0187	NODE_0188	JPN	5.3694409763853455e-05	4.926940866050584e-05	5.369705538601913e-05	Europe_other	0.9056156875858513	2	0	0	2	2025-01-21	2025-03-03	0	0	0	41	False	True	False	False
NODE_0187->NODE_0318:AUS	NODE_0187	NODE_0318	AUS	0.018721671496064116	0.0001207292264382	0.018723932021893	Europe_other	0.9056804105318141	1	1	0	0	2010-01-01	2010-12-31	0	0	0	364	False	False	False	False
NODE_0187->NODE_0318:CHN	NODE_0187	NODE_0318	CHN	0.7682249632053139	0.0932016414809583	0.8471838926351365	Europe_other	0.99864656781625	2	2	0	0	2016-02-01	2019-12-31	0	0	0	1429	True	False	False	False
NODE_0321->NODE_0322:AUS	NODE_0321	NODE_0322	AUS	2.0706488368195946e-09	7.023107814361828e-11	2.0706488369650184e-09	Europe_other	0.9999999868636984	3	0	0	3	2024-08-01	2024-08-31	0	0	0	30	False	True	False	False
NODE_0321->NODE_0322:BEL	NODE_0321	NODE_0322	BEL	1.7152339789211332e-07	5.722634412510071e-09	1.7152339887367902e-07	Europe_other	0.9999999925161017	5	2	1	2	2017-05-05	2023-12-26	0	0	0	2426	False	False	False	False
NODE_0321->NODE_0322:CHN	NODE_0321	NODE_0322	CHN	2.7480104071020966e-07	7.209548331183321e-09	2.7480104269140104e-07	Europe_other	0.9999999940030156	201	12	41	148	2015-01-01	2024-12-31	0	0	0	3652	False	False	False	False
NODE_0321->NODE_0322:FRA	NODE_0321	NODE_0322	FRA	1.5799183516726286e-09	5.3475603548722144e-11	1.5799183517571156e-09	Europe_other	0.9999999868469429	3	0	0	3	2024-01-01	2024-12-31	0	0	0	365	False	True	False	False
NODE_0321->NODE_0322:JPN	NODE_0321	NODE_0322	JPN	1.9054844371419825e-09	6.459696727575564e-11	1.905484437265071e-09	Europe_other	0.9999999868580642	54	0	0	54	2024-01-01	2025-12-31	0	0	0	730	False	True	False	False
NODE_0321->NODE_0597:BEL	NODE_0321	NODE_0597	BEL	4.147062311395595e-06	5.722634412510071e-09	4.147062335127716e-06	Europe_other	0.9999999925161017	2	1	0	1	2015-12-21	2023-09-25	0	0	0	2835	False	False	False	False
NODE_0321->NODE_0597:FRA	NODE_0321	NODE_0597	FRA	8.157048542573437e-08	5.3475603548722144e-11	8.157048543009639e-08	Europe_other	0.9999999868469429	3	0	0	3	2024-01-01	2024-12-31	0	0	0	365	False	True	False	False
NODE_0609->NODE_0610:BEL	NODE_0609	NODE_0610	BEL	0.008126886927045723	5.548203127467507e-05	0.0081273378482584	Europe_other	0.9997697457680934	59	0	3	56	2022-08-01	2023-12-31	0	0	0	517	False	False	False	False
NODE_0609->NODE_0610:FRA	NODE_0609	NODE_0610	FRA	0.011550491245898405	7.809246793810955e-05	0.0115513933227111	Europe_other	0.9997923527640442	10	0	0	10	2023-01-01	2024-12-31	0	0	0	730	False	True	False	False
NODE_0609->CHN__SAMN50151957:CHN	NODE_0609	CHN__SAMN50151957	CHN	0.9998643028660847	0.0001356971339153	1.0	Europe_other	0.9998499532847973	1	1	0	0	2018-01-01	2018-12-31	0	0	0	364	True	False	False	False
NODE_0683->AUS__SAMN07235949:AUS	NODE_0683	AUS__SAMN07235949	AUS	0.06295737786405575	0.9370426221359442	1.0	Europe_other	0.8834944939846081	1	1	0	0	2014-03-07	2014-03-07	0	0	0	0	False	False	False	False
NODE_0683->AUS__SAMN08443767:AUS	NODE_0683	AUS__SAMN08443767	AUS	0.06295737786405575	0.9370426221359442	1.0	Europe_other	0.8834944939846081	1	1	0	0	2015-01-01	2015-12-31	0	0	0	364	False	False	False	False
NODE_0686->NODE_0687:AUS	NODE_0686	NODE_0687	AUS	0.0008208831849302985	0.0008286225386269	0.0008215639513373	Europe_other	0.9971900681529341	9	9	0	0	2013-01-01	2018-07-31	0	0	0	2037	False	False	False	False
NODE_0686->NODE_0687:BEL	NODE_0686	NODE_0687	BEL	1.9993288578211045e-06	1.7735752012487302e-06	1.999332403787475e-06	Europe_other	0.9963655411163828	6	5	1	0	2014-08-01	2020-03-23	0	0	0	2061	False	False	False	False
NODE_0686->NODE_0687:CHN	NODE_0686	NODE_0687	CHN	5.380414451131895e-06	4.743274187403175e-06	5.380439972033931e-06	Europe_other	0.9963685000361551	3	3	0	0	2013-01-01	2016-12-31	0	0	0	1460	False	False	False	False
NODE_0686->NODE_0687:JPN	NODE_0686	NODE_0687	JPN	0.00048477814991348473	0.0004750483395914	0.000485008552421	Europe_other	0.9968373199008292	5	4	1	0	2012-01-01	2020-12-31	0	0	0	3287	False	False	False	False
NODE_0686->NODE_0733:JPN	NODE_0686	NODE_0733	JPN	0.043491647513990636	0.0004750483395914	0.0435123179683933	Europe_other	0.9968373199008292	1	1	0	0	2019-01-01	2019-12-31	0	0	0	364	False	False	False	False
NODE_0056->NODE_0057:AUS	NODE_0056	NODE_0057	AUS	5.864754395751144e-09	4.925687651193931e-10	5.864754398639939e-09	Europe_other	0.9999999665817485	23	6	0	17	2011-01-01	2024-10-31	0	0	0	5052	False	False	False	False
NODE_0056->NODE_0057:BEL	NODE_0056	NODE_0057	BEL	3.6401171354635505e-07	2.7698253862355438e-08	3.640117236288442e-07	Europe_other	0.9999999937874334	16	6	4	6	2014-12-20	2023-12-20	0	0	0	3287	False	False	False	False
NODE_0056->NODE_0057:CHN	NODE_0056	NODE_0057	CHN	1.0739162866721177e-09	1.2201106690173208e-10	1.0739162868031475e-09	Europe_other	0.9999999662111908	1	1	0	0	2018-01-01	2018-12-31	0	0	0	364	False	False	False	False
NODE_0056->NODE_0057:FRA	NODE_0056	NODE_0057	FRA	5.591441617485386e-09	4.5937104433659804e-10	5.591441620053932e-09	Europe_other	0.9999999665485508	7	0	0	7	2023-01-01	2024-12-31	0	0	0	730	False	True	False	False
NODE_0056->NODE_0057:JPN	NODE_0056	NODE_0057	JPN	1.2240392521152406e-09	1.3906881257223528e-10	1.2240392522854663e-09	Europe_other	0.9999999662282486	2	0	0	2	2024-01-01	2025-12-31	0	0	0	730	False	True	False	False
NODE_0188->NODE_0189:AUS	NODE_0188	NODE_0189	AUS	6.778272889576247e-05	0.0001254622305352	6.77912341352078e-05	Europe_other	0.9058225655259713	28	15	0	13	2008-01-01	2024-10-31	0	0	0	6148	False	False	False	False
NODE_0188->NODE_0189:BEL	NODE_0188	NODE_0189	BEL	5.601546824788659e-05	5.823743348259296e-05	5.601873063498572e-05	Europe_other	0.9057616682413366	19	3	4	12	2014-07-30	2023-12-31	0	0	0	3441	False	False	False	False
NODE_0188->NODE_0189:CHN	NODE_0188	NODE_0189	CHN	0.0002703372343661287	0.0929569865003472	0.0002980423533864	Europe_other	0.9985291827693219	30	20	6	4	2016-01-01	2024-12-31	0	0	0	3287	False	False	False	False
NODE_0188->NODE_0189:FRA	NODE_0188	NODE_0189	FRA	7.695734460139457e-06	4.402616245790273e-05	7.696073288712354e-06	Europe_other	0.9057487956500546	24	2	0	22	2014-01-01	2024-12-31	0	0	0	4017	False	False	False	False
NODE_0188->NODE_0189:JPN	NODE_0188	NODE_0189	JPN	9.38610689938857e-06	5.369705538601913e-05	9.386610932755714e-06	Europe_other	0.9057575555200563	2	0	0	2	2025-01-21	2025-03-03	0	0	0	41	False	True	False	False
NODE_0318->NODE_0319:AUS	NODE_0318	NODE_0319	AUS	0.018455867694151473	0.018723932021893	0.0188080279305897	CHN	0.8633491840687977	1	1	0	0	2010-01-01	2010-12-31	0	0	0	364	False	False	False	False
NODE_0318->NODE_0319:CHN	NODE_0318	NODE_0319	CHN	0.1294742319593887	0.8471838926351365	0.847255136857113	Europe_other	0.8284721141093793	1	1	0	0	2019-01-01	2019-12-31	0	0	0	364	False	False	False	False
NODE_0318->CHN__SAMN33268689:CHN	NODE_0318	CHN__SAMN33268689	CHN	0.1528161073648635	0.8471838926351365	1.0	Europe_other	0.8284721141093793	1	1	0	0	2016-02-01	2016-02-29	0	0	0	28	False	False	False	False
NODE_0322->NODE_0323:AUS	NODE_0322	NODE_0323	AUS	1.912372664169112e-07	2.0706488369650184e-09	1.9123726681289643e-07	Europe_other	0.9999995476133661	3	0	0	3	2024-08-01	2024-08-31	0	0	0	30	False	True	False	False
NODE_0322->NODE_0323:BEL	NODE_0322	NODE_0323	BEL	6.8218083929322085e-06	1.7152339887367902e-07	6.821809563032172e-06	Europe_other	0.9999997170660685	4	2	0	2	2017-05-05	2023-12-26	0	0	0	2426	False	False	False	False
NODE_0322->NODE_0323:CHN	NODE_0322	NODE_0323	CHN	2.5667627440540682e-05	2.7480104269140104e-07	2.5667634494033404e-05	Europe_other	0.9999998203437114	201	12	41	148	2015-01-01	2024-12-31	0	0	0	3652	False	False	False	False
NODE_0322->NODE_0323:FRA	NODE_0322	NODE_0323	FRA	1.4593380592183336e-07	1.5799183517571156e-09	1.4593380615239684e-07	Europe_other	0.9999995471226357	3	0	0	3	2024-01-01	2024-12-31	0	0	0	365	False	True	False	False
NODE_0322->NODE_0323:JPN	NODE_0322	NODE_0323	JPN	1.7598760444066364e-07	1.905484437265071e-09	1.7598760477600528e-07	Europe_other	0.9999995474482015	54	0	0	54	2024-01-01	2025-12-31	0	0	0	730	False	True	False	False
NODE_0322->NODE_0594:BEL	NODE_0322	NODE_0594	BEL	0.0005090943882486852	1.7152339887367902e-07	0.0005090944755703	Europe_other	0.9999997170660685	1	0	1	0	2020-01-24	2020-01-24	0	0	0	0	False	False	False	False
NODE_0597->BEL__SAMEA117989226:BEL	NODE_0597	BEL__SAMEA117989226	BEL	0.9999958529376649	4.147062335127716e-06	1.0	Europe_other	0.9999995568518003	1	1	0	0	2015-12-21	2015-12-21	0	0	0	0	True	False	False	False
NODE_0597->NODE_0598:BEL	NODE_0597	NODE_0598	BEL	1.2972095548699812e-07	4.147062335127716e-06	1.2972149345011766e-07	Europe_other	0.9999995568518003	1	0	0	1	2023-09-25	2023-09-25	0	0	0	0	False	True	False	False
NODE_0597->NODE_0598:FRA	NODE_0597	NODE_0598	FRA	1.2709461204150398e-08	8.157048543009639e-08	1.2709462240867404e-08	Europe_other	0.9999954913614206	3	0	0	3	2024-01-01	2024-12-31	0	0	0	365	False	True	False	False
NODE_0610->NODE_0611:BEL	NODE_0610	NODE_0611	BEL	0.008689963226850774	0.0081273378482584	0.0087611682007638	Europe_other	0.9858174297873731	59	0	3	56	2022-08-01	2023-12-31	0	0	0	517	False	False	False	False
NODE_0610->NODE_0611:FRA	NODE_0610	NODE_0611	FRA	0.012309169151925904	0.0115513933227111	0.0124530188709595	Europe_other	0.9892323706800727	10	0	0	10	2023-01-01	2024-12-31	0	0	0	730	False	True	False	False
NODE_0687->NODE_0688:AUS	NODE_0687	NODE_0688	AUS	0.0008442193635074061	0.0008215639513373	0.0008449135139925	Europe_other	0.9971995840312801	9	9	0	0	2013-01-01	2018-07-31	0	0	0	2037	False	False	False	False
NODE_0687->NODE_0688:BEL	NODE_0687	NODE_0688	BEL	0.000460530170157467	1.999332403787475e-06	0.0004605310909122	Europe_other	0.9963823129001962	2	2	0	0	2014-08-01	2018-12-12	0	0	0	1594	False	False	False	False
NODE_0687->NODE_0688:CHN	NODE_0687	NODE_0688	CHN	0.04331148068493604	5.380439972033931e-06	0.0433117137210118	Europe_other	0.9963856817941013	3	3	0	0	2013-01-01	2016-12-31	0	0	0	1460	False	False	False	False
NODE_0687->NODE_0688:JPN	NODE_0687	NODE_0688	JPN	0.933433979548499	0.000485008552421	0.9338869226929992	Europe_other	0.9968638082733631	5	4	1	0	2012-01-01	2020-12-31	0	0	0	3287	True	False	False	False
NODE_0687->NODE_0720:BEL	NODE_0687	NODE_0720	BEL	9.772515390174051e-08	1.999332403787475e-06	9.772534928719801e-08	Europe_other	0.9963823129001962	4	3	1	0	2017-04-18	2020-03-23	0	0	0	1070	False	False	False	False
NODE_0733->JPN__SAMD00872997:JPN	NODE_0733	JPN__SAMD00872997	JPN	0.9564876820316067	0.0435123179683933	1.0	Europe_other	0.8844158829318044	1	1	0	0	2019-01-01	2019-12-31	0	0	0	364	True	False	False	False
NODE_0057->NODE_0058:AUS	NODE_0057	NODE_0058	AUS	3.5831630184391272e-09	5.864754398639939e-09	3.583163039453498e-09	Europe_other	0.9999996233525669	22	6	0	16	2011-01-01	2024-10-31	0	0	0	5052	False	False	False	False
NODE_0057->NODE_0058:BEL	NODE_0057	NODE_0058	BEL	3.937602031515792e-07	3.640117236288442e-07	3.937603464849616e-07	Europe_other	0.9999999814995315	14	6	3	5	2014-12-20	2023-12-20	0	0	0	3287	False	False	False	False
NODE_0057->NODE_0058:CHN	NODE_0057	NODE_0058	CHN	1.040665160121554e-09	1.0739162868031475e-09	1.0406651612391412e-09	Europe_other	0.9999996185617305	1	1	0	0	2018-01-01	2018-12-31	0	0	0	364	False	False	False	False
NODE_0057->NODE_0058:FRA	NODE_0057	NODE_0058	FRA	3.288899197291977e-09	5.591441620053932e-09	3.288899215681665e-09	Europe_other	0.9999996230792542	6	0	0	6	2023-01-01	2024-12-31	0	0	0	730	False	True	False	False
NODE_0057->NODE_0058:JPN	NODE_0057	NODE_0058	JPN	1.1861393448808145e-09	1.2240392522854663e-09	1.1861393463326956e-09	Europe_other	0.9999996187118535	2	0	0	2	2024-01-01	2025-12-31	0	0	0	730	False	True	False	False
NODE_0057->NODE_0127:AUS	NODE_0057	NODE_0127	AUS	0.031485670700779074	5.864754398639939e-09	0.0314856708854348	Europe_other	0.9999996233525669	1	0	0	1	2024-09-01	2024-09-30	0	0	0	29	False	True	False	False
NODE_0057->NODE_0127:BEL	NODE_0057	NODE_0127	BEL	0.06642024693829332	3.640117236288442e-07	0.0664202711160507	Europe_other	0.9999999814995315	2	0	1	1	2020-03-23	2023-07-03	0	0	0	1197	False	False	False	False
NODE_0057->NODE_0127:FRA	NODE_0057	NODE_0127	FRA	0.030256785222399652	5.591441620053932e-09	0.0302567853915787	Europe_other	0.9999996230792542	1	0	0	1	2024-01-01	2024-12-31	0	0	0	365	False	True	False	False
NODE_0189->NODE_0190:AUS	NODE_0189	NODE_0190	AUS	6.272535063326417e-05	6.77912341352078e-05	6.272960315047855e-05	Europe_other	0.9996138681597073	28	15	0	13	2008-01-01	2024-10-31	0	0	0	6148	False	False	False	False
NODE_0189->NODE_0190:BEL	NODE_0189	NODE_0190	BEL	2.821890330523171e-05	5.601873063498572e-05	2.8220484180933432e-05	Europe_other	0.9996020995426826	18	3	3	12	2014-07-30	2023-12-31	0	0	0	3441	False	False	False	False
NODE_0189->NODE_0190:CHN	NODE_0189	NODE_0190	CHN	0.0001497022757191328	0.0002980423533864	0.0001497469066396	Europe_other	0.9998440989902087	30	20	6	4	2016-01-01	2024-12-31	0	0	0	3287	False	False	False	False
NODE_0189->NODE_0190:FRA	NODE_0189	NODE_0190	FRA	3.874405334865373e-06	7.696073288712354e-06	3.8744351528022615e-06	Europe_other	0.9995537957411943	24	2	0	22	2014-01-01	2024-12-31	0	0	0	4017	False	False	False	False
NODE_0189->NODE_0190:JPN	NODE_0189	NODE_0190	JPN	4.725458188799895e-06	9.386610932755714e-06	4.725502545253749e-06	Europe_other	0.9995554855403748	2	0	0	2	2025-01-21	2025-03-03	0	0	0	41	False	True	False	False
NODE_0189->BEL__SAMEA117989511:BEL	NODE_0189	BEL__SAMEA117989511	BEL	0.999943981269365	5.601873063498572e-05	1.0	Europe_other	0.9996020995426826	1	0	1	0	2020-01-13	2020-01-13	0	0	0	0	True	False	False	False
NODE_0319->AUS__SAMN22858115:AUS	NODE_0319	AUS__SAMN22858115	AUS	0.9811919720694103	0.0188080279305897	1.0	CHN	0.8634957897894192	1	1	0	0	2010-01-01	2010-12-31	0	0	0	364	True	False	False	False
NODE_0319->CHN__SAMN50151970:CHN	NODE_0319	CHN__SAMN50151970	CHN	0.15274486314288704	0.847255136857113	1.0	Europe_other	0.827688302242248	1	1	0	0	2019-01-01	2019-12-31	0	0	0	364	False	False	False	False
NODE_0323->NODE_0324:AUS	NODE_0323	NODE_0324	AUS	4.922108537021125e-05	1.9123726681289643e-07	4.922109478311888e-05	Europe_other	0.9999669504634131	3	0	0	3	2024-08-01	2024-08-31	0	0	0	30	False	True	False	False
NODE_0323->NODE_0324:BEL	NODE_0323	NODE_0324	BEL	0.0012614588161578796	6.821809563032172e-06	0.0012614674216484	Europe_other	0.9999735808618033	1	1	0	0	2017-05-05	2017-05-05	0	0	0	0	False	False	False	False
NODE_0323->NODE_0324:CHN	NODE_0323	NODE_0324	CHN	0.006659753498396441	2.5667634494033404e-05	0.0066599244429028	Europe_other	0.9999924266725713	201	12	41	148	2015-01-01	2024-12-31	0	0	0	3652	False	False	False	False
NODE_0323->NODE_0324:FRA	NODE_0323	NODE_0324	FRA	3.7063057731091155e-05	1.4593380615239684e-07	3.7063063139845024e-05	Europe_other	0.999966905161443	2	0	0	2	2024-01-01	2024-12-31	0	0	0	365	False	True	False	False
NODE_0323->NODE_0324:JPN	NODE_0323	NODE_0324	JPN	4.529686006962712e-05	1.7598760477600528e-07	4.5296868041314434e-05	Europe_other	0.9999669352142523	54	0	0	54	2024-01-01	2025-12-31	0	0	0	730	False	True	False	False
NODE_0323->NODE_0585:BEL	NODE_0323	NODE_0585	BEL	2.4326461569833204e-05	6.821809563032172e-06	2.4326627521453465e-05	Europe_other	0.9999735808618033	3	1	0	2	2017-09-06	2023-12-26	0	0	0	2302	False	False	False	False
NODE_0323->NODE_0585:FRA	NODE_0323	NODE_0585	FRA	8.090482714335844e-07	1.4593380615239684e-07	8.090483895010953e-07	Europe_other	0.999966905161443	1	0	0	1	2024-01-01	2024-12-31	0	0	0	365	False	True	False	False
NODE_0594->BEL__SAMEA117989513:BEL	NODE_0594	BEL__SAMEA117989513	BEL	0.9994909055244297	0.0005090944755703	1.0	Europe_other	0.9997254014470653	1	0	1	0	2020-01-24	2020-01-24	0	0	0	0	True	False	False	False
NODE_0598->NODE_0599:BEL	NODE_0598	NODE_0599	BEL	9.901809993021462e-08	1.2972149345011766e-07	9.901811277499208e-08	Europe_other	0.9999999818216794	1	0	0	1	2023-09-25	2023-09-25	0	0	0	0	False	True	False	False
NODE_0598->NODE_0599:FRA	NODE_0598	NODE_0599	FRA	2.2100999223200444e-08	1.2709462240867404e-08	2.2100999504092263e-08	Europe_other	0.9999998648096489	3	0	0	3	2024-01-01	2024-12-31	0	0	0	365	False	True	False	False
NODE_0611->NODE_0612:BEL	NODE_0611	NODE_0612	BEL	0.7235820867895973	0.0087611682007638	0.729977542825068	Europe_other	0.9847133403554877	59	0	3	56	2022-08-01	2023-12-31	0	0	0	517	True	False	False	False
NODE_0611->NODE_0612:FRA	NODE_0611	NODE_0612	FRA	0.04434512719428308	0.0124530188709595	0.0449043215580329	Europe_other	0.9883945977285656	9	0	0	9	2023-01-01	2024-12-31	0	0	0	730	False	True	False	False
NODE_0611->FRA__SAMEA115874218:FRA	NODE_0611	FRA__SAMEA115874218	FRA	0.9875469811290405	0.0124530188709595	1.0	Europe_other	0.9883945977285656	1	0	0	1	2024-01-01	2024-12-31	1	1	1	365	True	True	True	False
NODE_0688->NODE_0689:AUS	NODE_0688	NODE_0689	AUS	0.0007986593122414915	0.0008449135139925	0.0007993346809156	JPN	0.9346766436204076	9	9	0	0	2013-01-01	2018-07-31	0	0	0	2037	False	False	False	False
NODE_0688->NODE_0689:BEL	NODE_0688	NODE_0689	BEL	0.0004160948169479818	0.0004605310909122	0.0004162865298377	JPN	0.9343172048145909	2	2	0	0	2014-08-01	2018-12-12	0	0	0	1594	False	False	False	False
NODE_0688->NODE_0689:CHN	NODE_0688	NODE_0689	CHN	0.04076815527071158	0.0433117137210118	0.0426138334245506	JPN	0.9761663606495342	2	2	0	0	2015-01-01	2016-12-31	0	0	0	730	False	False	False	False
NODE_0688->NODE_0689:JPN	NODE_0688	NODE_0689	JPN	0.06193200616021508	0.9338869226929992	0.9367587878662704	CHN	0.655115681877748	5	4	1	0	2012-01-01	2020-12-31	0	0	0	3287	False	False	False	False
NODE_0688->CHN__SAMN09947459:CHN	NODE_0688	CHN__SAMN09947459	CHN	0.9566882862789882	0.0433117137210118	1.0	JPN	0.9761663606495342	1	1	0	0	2013-01-01	2013-12-31	0	0	0	364	True	False	False	False
NODE_0720->NODE_0721:BEL	NODE_0720	NODE_0721	BEL	1.1074599950762511e-07	9.772534928719801e-08	1.1074601033031765e-07	Europe_other	0.9999993524864127	4	3	1	0	2017-04-18	2020-03-23	0	0	0	1070	False	False	False	False
NODE_0058->NODE_0059:AUS	NODE_0058	NODE_0059	AUS	8.857956021510939e-11	3.583163039453498e-09	8.857956053250439e-11	Europe_other	0.9999995976132817	22	6	0	16	2011-01-01	2024-10-31	0	0	0	5052	False	False	False	False
NODE_0058->NODE_0059:BEL	NODE_0058	NODE_0059	BEL	1.7711108155103658e-07	3.937603464849616e-07	1.7711115129038486e-07	Europe_other	0.9999999877904618	12	5	2	5	2014-12-20	2023-12-20	0	0	0	3287	False	False	False	False
NODE_0058->NODE_0059:CHN	NODE_0058	NODE_0059	CHN	2.4459814028591496e-11	1.0406651612391412e-09	2.445981405404597e-11	Europe_other	0.9999995950707848	1	1	0	0	2018-01-01	2018-12-31	0	0	0	364	False	False	False	False
NODE_0058->NODE_0059:FRA	NODE_0058	NODE_0059	FRA	7.482484156608606e-11	3.288899215681665e-09	7.482484181217742e-11	Europe_other	0.9999995973190181	6	0	0	6	2023-01-01	2024-12-31	0	0	0	730	False	True	False	False
NODE_0058->NODE_0059:JPN	NODE_0058	NODE_0059	JPN	2.7879037081961503e-11	1.1861393463326956e-09	2.7879037115029925e-11	Europe_other	0.9999995952162591	2	0	0	2	2024-01-01	2025-12-31	0	0	0	730	False	True	False	False
NODE_0058->NODE_0126:BEL	NODE_0058	NODE_0126	BEL	0.9996989575546911	3.937603464849616e-07	0.999699351196654	Europe_other	0.9999999877904618	2	1	1	0	2019-01-15	2020-01-15	0	0	0	365	True	False	False	False
NODE_0127->NODE_0128:AUS	NODE_0127	NODE_0128	AUS	0.2692073521027649	0.0314856708854348	0.2779590802222612	Europe_other	0.8813197677436648	1	0	0	1	2024-09-01	2024-09-30	0	0	0	29	False	True	False	False
NODE_0127->NODE_0128:BEL	NODE_0127	NODE_0128	BEL	0.12111498612857811	0.0664202711160507	0.1297318079874821	Europe_other	0.914298797609995	1	0	0	1	2023-07-03	2023-07-03	0	0	0	0	False	True	False	False
NODE_0127->NODE_0128:FRA	NODE_0127	NODE_0128	FRA	0.26822071678890275	0.0302567853915787	0.2765894236209833	Europe_other	0.8802029348937788	1	0	0	1	2024-01-01	2024-12-31	0	0	0	365	False	True	False	False
NODE_0127->BEL__SAMEA117989519:BEL	NODE_0127	BEL__SAMEA117989519	BEL	0.9335797288839494	0.0664202711160507	1.0	Europe_other	0.914298797609995	1	0	1	0	2020-03-23	2020-03-23	0	0	0	0	True	False	False	False
NODE_0190->AUS__SAMN22857989:AUS	NODE_0190	AUS__SAMN22857989	AUS	0.9999372703968495	6.272960315047855e-05	1.0	Europe_other	0.9998058913698188	1	1	0	0	2008-01-01	2008-12-31	0	0	0	365	True	False	False	False
NODE_0190->NODE_0191:AUS	NODE_0190	NODE_0191	AUS	6.530617851464759e-07	6.272960315047855e-05	6.531027540230523e-07	Europe_other	0.9998058913698188	27	14	0	13	2014-01-01	2024-10-31	0	0	0	3956	False	False	False	False
NODE_0190->NODE_0191:BEL	NODE_0190	NODE_0191	BEL	4.2520670644001625e-07	2.8220484180933432e-05	4.252187063177913e-07	Europe_other	0.9997713879756647	18	3	3	12	2014-07-30	2023-12-31	0	0	0	3441	False	False	False	False
NODE_0190->NODE_0191:CHN	NODE_0190	NODE_0191	CHN	1.5586669142111344e-06	0.0001497469066396	1.5589003547170128e-06	Europe_other	0.9998929048124923	30	20	6	4	2016-01-01	2024-12-31	0	0	0	3287	False	False	False	False
NODE_0190->NODE_0191:FRA	NODE_0190	NODE_0191	FRA	4.043415865267156e-08	3.8744351528022615e-06	4.0434315312804186e-08	Europe_other	0.99974704739813	24	2	0	22	2014-01-01	2024-12-31	0	0	0	4017	False	False	False	False
NODE_0190->NODE_0191:JPN	NODE_0190	NODE_0191	JPN	4.9315602072466655e-08	4.725502545253749e-06	4.931583511457101e-08	Europe_other	0.9997478982542636	2	0	0	2	2025-01-21	2025-03-03	0	0	0	41	False	True	False	False
NODE_0324->NODE_0325:AUS	NODE_0324	NODE_0325	AUS	1.7754716066552843e-06	4.922109478311888e-05	1.7755590016131958e-06	Europe_other	0.9919385758324658	3	0	0	3	2024-08-01	2024-08-31	0	0	0	30	False	True	False	False
NODE_0324->NODE_0325:CHN	NODE_0324	NODE_0325	CHN	0.9930812746359196	0.0066599244429028	0.99973946392827	Europe_other	0.9985399521644407	201	12	41	148	2015-01-01	2024-12-31	0	0	0	3652	True	False	False	False
NODE_0324->NODE_0325:FRA	NODE_0324	NODE_0325	FRA	1.3368621820737064e-06	3.7063063139845024e-05	1.3369117321176464e-06	Europe_other	0.9919265153648749	2	0	0	2	2024-01-01	2024-12-31	0	0	0	365	False	True	False	False
NODE_0324->NODE_0325:JPN	NODE_0324	NODE_0325	JPN	1.5944502303428572e-05	4.5296868041314434e-05	1.5945224572161906e-05	Europe_other	0.9919346830642501	54	0	0	54	2024-01-01	2025-12-31	0	0	0	730	False	True	False	False
NODE_0324->BEL__SAMEA117989259:BEL	NODE_0324	BEL__SAMEA117989259	BEL	0.9987385325783515	0.0012614674216484	1.0	Europe_other	0.9931425685250522	1	1	0	0	2017-05-05	2017-05-05	0	0	0	0	True	False	False	False
NODE_0585->NODE_0586:BEL	NODE_0585	NODE_0586	BEL	2.5864029085385994e-05	2.4326627521453465e-05	2.586465828529407e-05	Europe_other	0.9999931472606585	3	1	0	2	2017-09-06	2023-12-26	0	0	0	2302	False	False	False	False
NODE_0585->NODE_0586:FRA	NODE_0585	NODE_0586	FRA	8.564998423231579e-07	8.090483895010953e-07	8.565005352735366e-07	Europe_other	0.9999696298236596	1	0	0	1	2024-01-01	2024-12-31	0	0	0	365	False	True	False	False
NODE_0599->NODE_0600:BEL	NODE_0599	NODE_0600	BEL	1.0646914415032408e-06	9.901811277499208e-08	1.0646915469269886e-06	Europe_other	0.9999999732379697	1	0	0	1	2023-09-25	2023-09-25	0	0	0	0	False	True	False	False
NODE_0599->NODE_0600:FRA	NODE_0599	NODE_0600	FRA	5.36822334234565e-06	2.2100999504092263e-08	5.368223460988754e-06	Europe_other	0.9999998963208567	3	0	0	3	2024-01-01	2024-12-31	0	0	0	365	False	True	False	False
NODE_0612->NODE_0613:BEL	NODE_0612	NODE_0613	BEL	0.2700154051452498	0.729977542825068	0.9999738835437764	Europe_other	0.6762731546670756	59	0	3	56	2022-08-01	2023-12-31	0	0	0	517	False	False	False	False
NODE_0612->NODE_0613:FRA	NODE_0612	NODE_0613	FRA	1.3730388741796026e-05	0.0449043215580329	1.4375930131098695e-05	BEL	0.7642978178017406	8	0	0	8	2023-01-01	2024-12-31	0	0	0	730	False	True	False	False
NODE_0612->FRA__SAMEA115874215:FRA	NODE_0612	FRA__SAMEA115874215	FRA	0.9550956784419671	0.0449043215580329	1.0	BEL	0.7642978178017406	1	0	0	1	2024-01-01	2024-12-31	1	1	1	365	True	True	True	False
NODE_0689->NODE_0690:AUS	NODE_0689	NODE_0690	AUS	0.000755884791541733	0.0007993346809156	0.0007564894798187	JPN	0.9375081706607218	9	9	0	0	2013-01-01	2018-07-31	0	0	0	2037	False	False	False	False
NODE_0689->NODE_0690:BEL	NODE_0689	NODE_0690	BEL	0.00037319450310936713	0.0004162865298377	0.0003733499236535	JPN	0.937148910334095	2	2	0	0	2014-08-01	2018-12-12	0	0	0	1594	False	False	False	False
NODE_0689->NODE_0690:CHN	NODE_0689	NODE_0690	CHN	0.03652385095042865	0.0426138334245506	0.0381495494979562	JPN	0.9784544842725665	1	1	0	0	2015-01-01	2015-12-31	0	0	0	364	False	False	False	False
NODE_0689->NODE_0690:JPN	NODE_0689	NODE_0690	JPN	0.05966075172784922	0.9367587878662704	0.943384064203116	CHN	0.6738301178421411	5	4	1	0	2012-01-01	2020-12-31	0	0	0	3287	False	False	False	False
NODE_0689->CHN__SAMN39683174:CHN	NODE_0689	CHN__SAMN39683174	CHN	0.9573861665754494	0.0426138334245506	1.0	JPN	0.9784544842725665	1	1	0	0	2016-01-01	2016-12-31	0	0	0	365	True	False	False	False
NODE_0721->NODE_0722:BEL	NODE_0721	NODE_0722	BEL	0.9999554151710673	1.1074601033031765e-07	0.9999555259121524	Europe_other	0.999999669521758	3	3	0	0	2017-04-18	2019-04-24	0	0	0	736	True	False	False	False
NODE_0721->NODE_0724:BEL	NODE_0721	NODE_0724	BEL	3.3052415603980484e-09	1.1074601033031765e-07	3.305241926440405e-09	Europe_other	0.999999669521758	1	0	1	0	2020-03-23	2020-03-23	0	0	0	0	False	False	False	False
NODE_0059->NODE_0060:AUS	NODE_0059	NODE_0060	AUS	1.0933467300354609e-09	8.857956053250439e-11	1.093346730132309e-09	Europe_other	0.9999998227009855	22	6	0	16	2011-01-01	2024-10-31	0	0	0	5052	False	False	False	False
NODE_0059->NODE_0060:BEL	NODE_0059	NODE_0060	BEL	2.3625777517218039e-07	1.7711115129038486e-07	2.3625781701607435e-07	Europe_other	0.9999999997235574	12	5	2	5	2014-12-20	2023-12-20	0	0	0	3287	False	False	False	False
NODE_0059->NODE_0060:CHN	NODE_0059	NODE_0060	CHN	5.126854080405387e-10	2.445981405404597e-11	5.126854080530789e-10	Europe_other	0.9999998226368658	1	1	0	0	2018-01-01	2018-12-31	0	0	0	364	False	False	False	False
NODE_0059->NODE_0060:FRA	NODE_0059	NODE_0060	FRA	7.582524277622499e-10	7.482484181217742e-11	7.58252427818986e-10	Europe_other	0.9999998226872309	6	0	0	6	2023-01-01	2024-12-31	0	0	0	730	False	True	False	False
NODE_0059->NODE_0060:JPN	NODE_0059	NODE_0060	JPN	5.84353191558207e-10	2.7879037115029925e-11	5.843531915744982e-10	Europe_other	0.999999822640285	2	0	0	2	2024-01-01	2025-12-31	0	0	0	730	False	True	False	False
NODE_0126->BEL__SAMEA117989436:BEL	NODE_0126	BEL__SAMEA117989436	BEL	0.0003006488033460153	0.999699351196654	1.0	Europe_other	0.8718128212628111	1	1	0	0	2019-01-15	2019-01-15	0	0	0	0	False	False	False	False
NODE_0126->BEL__SAMEA117989512:BEL	NODE_0126	BEL__SAMEA117989512	BEL	0.0003006488033460153	0.999699351196654	1.0	Europe_other	0.8718128212628111	1	0	1	0	2020-01-15	2020-01-15	0	0	0	0	False	False	False	False
NODE_0128->AUS__SAMN45810610:AUS	NODE_0128	AUS__SAMN45810610	AUS	0.7220409197777389	0.2779590802222612	1.0	FRA	0.3830661338503145	1	0	0	1	2024-09-01	2024-09-30	1	1	1	29	True	True	True	False
NODE_0128->NODE_0129:BEL	NODE_0128	NODE_0129	BEL	0.11315006150984083	0.1297318079874821	0.1300174619138709	AUS	0.3193947369022803	1	0	0	1	2023-07-03	2023-07-03	0	0	0	0	False	True	False	False
NODE_0128->NODE_0129:FRA	NODE_0128	NODE_0129	FRA	0.20081995513977144	0.2765894236209833	0.2776016299691972	AUS	0.3842341946582631	1	0	0	1	2024-01-01	2024-12-31	0	0	0	365	False	True	False	False
NODE_0191->NODE_0192:AUS	NODE_0191	NODE_0192	AUS	1.3171172067190604e-08	6.531027540230523e-07	1.3171180669324972e-08	Europe_other	0.9999978475961829	27	14	0	13	2014-01-01	2024-10-31	0	0	0	3956	False	False	False	False
NODE_0191->NODE_0192:BEL	NODE_0191	NODE_0192	BEL	1.3895460280863348e-07	4.252187063177913e-07	1.3895466189475505e-07	Europe_other	0.9999976197125288	18	3	3	12	2014-07-30	2023-12-31	0	0	0	3441	False	False	False	False
NODE_0191->NODE_0192:CHN	NODE_0191	NODE_0192	CHN	3.145896796503723e-08	1.5589003547170128e-06	3.1459017006510004e-08	Europe_other	0.9999987533932461	30	20	6	4	2016-01-01	2024-12-31	0	0	0	3287	False	False	False	False
NODE_0191->NODE_0192:FRA	NODE_0191	NODE_0192	FRA	8.262588544019094e-10	4.0434315312804186e-08	8.262588878111218e-10	Europe_other	0.9999972349290382	24	2	0	22	2014-01-01	2024-12-31	0	0	0	4017	False	False	False	False
NODE_0191->NODE_0192:JPN	NODE_0191	NODE_0192	JPN	1.007372095313932e-09	4.931583511457101e-08	1.0073721449933306e-09	Europe_other	0.9999972438105339	2	0	0	2	2025-01-21	2025-03-03	0	0	0	41	False	True	False	False
NODE_0325->NODE_0326:AUS	NODE_0325	NODE_0326	AUS	8.642376832054212e-07	1.7755590016131958e-06	8.642392177131437e-07	CHN	0.9997412390278262	3	0	0	3	2024-08-01	2024-08-31	0	0	0	30	False	True	False	False
NODE_0325->NODE_0326:CHN	NODE_0325	NODE_0326	CHN	0.000260501352700067	0.99973946392827	0.9998667400266432	Europe_other	0.9111195033662202	197	8	41	148	2015-01-01	2024-12-31	0	0	0	3652	False	False	False	False
NODE_0325->NODE_0326:FRA	NODE_0325	NODE_0326	FRA	6.507302771907478e-07	1.3369117321176464e-06	6.507311471608529e-07	CHN	0.9997408004934752	2	0	0	2	2024-01-01	2024-12-31	0	0	0	365	False	True	False	False
NODE_0325->NODE_0326:JPN	NODE_0325	NODE_0326	JPN	1.5236888133189538e-05	1.5945224572161906e-05	1.5237131092666646e-05	CHN	0.9997554052527239	54	0	0	54	2024-01-01	2025-12-31	0	0	0	730	False	True	False	False
NODE_0325->NODE_0582:CHN	NODE_0325	NODE_0582	CHN	0.00026053107418676664	0.99973946392827	0.9999808182289522	Europe_other	0.9111195033662202	4	4	0	0	2018-04-01	2019-12-31	0	0	0	639	False	False	False	False
NODE_0586->NODE_0587:BEL	NODE_0586	NODE_0587	BEL	0.0008492045910264228	2.586465828529407e-05	0.0008492265559811	Europe_other	0.9999927390394495	3	1	0	2	2017-09-06	2023-12-26	0	0	0	2302	False	False	False	False
NODE_0586->NODE_0587:FRA	NODE_0586	NODE_0587	FRA	3.017567029866106e-05	8.565005352735366e-07	3.017569614416096e-05	Europe_other	0.9999677310418634	1	0	0	1	2024-01-01	2024-12-31	0	0	0	365	False	True	False	False
NODE_0600->NODE_0601:BEL	NODE_0600	NODE_0601	BEL	0.11307097023264472	1.0646915469269886e-06	0.1130710906184791	Europe_other	0.999993503371484	1	0	0	1	2023-09-25	2023-09-25	0	0	0	0	False	True	False	False
NODE_0600->NODE_0601:FRA	NODE_0600	NODE_0601	FRA	0.837430794086103	5.368223460988754e-06	0.8374352896258718	Europe_other	0.9999978068985419	3	0	0	3	2024-01-01	2024-12-31	3	3	1	365	True	True	True	False
NODE_0613->NODE_0614:BEL	NODE_0613	NODE_0614	BEL	2.61159569902905e-05	0.9999738835437764	0.9999808843382072	FRA	0.5504548552849273	58	0	3	55	2022-08-01	2023-12-31	0	0	0	517	False	False	False	False
NODE_0613->NODE_0614:FRA	NODE_0613	NODE_0614	FRA	1.3235666443892717e-05	1.4375930131098695e-05	1.3235856721644173e-05	BEL	0.999988259305124	8	0	0	8	2023-01-01	2024-12-31	0	0	0	730	False	True	False	False
NODE_0613->BEL__SAMEA117989544:BEL	NODE_0613	BEL__SAMEA117989544	BEL	2.61164562236349e-05	0.9999738835437764	1.0	FRA	0.5504548552849273	1	0	0	1	2023-06-20	2023-06-20	0	0	0	0	False	True	False	False
NODE_0690->NODE_0691:AUS	NODE_0690	NODE_0691	AUS	0.0008112200022682973	0.0007564894798187	0.0008118341462593	JPN	0.9440982646082076	9	9	0	0	2013-01-01	2018-07-31	0	0	0	2037	False	False	False	False
NODE_0690->NODE_0691:BEL	NODE_0690	NODE_0691	BEL	3.1269639304544804e-05	0.0003733499236535	3.1281318182299946e-05	JPN	0.9437364081190366	2	2	0	0	2014-08-01	2018-12-12	0	0	0	1594	False	False	False	False
NODE_0690->NODE_0691:CHN	NODE_0690	NODE_0691	CHN	0.003118806599262351	0.0381495494979562	0.0032425067718526	JPN	0.9808011876593823	1	1	0	0	2015-01-01	2015-12-31	0	0	0	364	False	False	False	False
NODE_0690->NODE_0691:JPN	NODE_0690	NODE_0691	JPN	0.05629943089011926	0.943384064203116	0.9944096144961696	CHN	0.6738305913519156	4	4	0	0	2012-01-01	2018-12-31	0	0	0	2556	False	False	False	False
NODE_0690->JPN__SAMD00570813:JPN	NODE_0690	JPN__SAMD00570813	JPN	0.056615935796883954	0.943384064203116	1.0	CHN	0.6738305913519156	1	0	1	0	2020-01-01	2020-12-31	0	0	0	365	False	False	False	False
NODE_0722->NODE_0723:BEL	NODE_0722	NODE_0723	BEL	4.447407359751521e-05	0.9999555259121524	0.99999967958727	Europe_other	0.8428134457382712	2	2	0	0	2017-04-18	2017-06-16	0	0	0	59	False	False	False	False
NODE_0722->BEL__SAMEA117989467:BEL	NODE_0722	BEL__SAMEA117989467	BEL	4.4474087847579113e-05	0.9999555259121524	1.0	Europe_other	0.8428134457382712	1	1	0	0	2019-04-24	2019-04-24	0	0	0	0	False	False	False	False
NODE_0724->NODE_0725:BEL	NODE_0724	NODE_0725	BEL	2.7947017276467683e-09	3.305241926440405e-09	2.794701736883934e-09	Europe_other	0.9999999918752285	1	0	1	0	2020-03-23	2020-03-23	0	0	0	0	False	False	False	False
NODE_0060->NODE_0061:AUS	NODE_0060	NODE_0061	AUS	4.177689628455623e-11	1.093346730132309e-09	4.177689633023287e-11	Europe_other	0.9999997611338897	19	6	0	13	2011-01-01	2024-10-31	0	0	0	5052	False	False	False	False
NODE_0060->NODE_0061:BEL	NODE_0060	NODE_0061	BEL	4.368887069365142e-09	2.3625781701607435e-07	4.3688881015491075e-09	Europe_other	0.9999999962983592	8	4	2	2	2014-12-20	2023-12-20	0	0	0	3287	False	False	False	False
NODE_0060->NODE_0061:CHN	NODE_0060	NODE_0061	CHN	1.7493251325055884e-11	5.126854080530789e-10	1.749325133402442e-11	Europe_other	0.9999997605532285	1	1	0	0	2018-01-01	2018-12-31	0	0	0	364	False	False	False	False
NODE_0060->NODE_0061:FRA	NODE_0060	NODE_0061	FRA	1.1617661649801483e-10	7.58252427818986e-10	1.1617661658610604e-10	Europe_other	0.9999997607987954	5	0	0	5	2023-01-01	2024-12-31	0	0	0	730	False	True	False	False
NODE_0060->NODE_0061:JPN	NODE_0060	NODE_0061	JPN	1.9938615447751524e-11	5.843531915744982e-10	1.993861545940272e-11	Europe_other	0.9999997606248963	2	0	0	2	2024-01-01	2025-12-31	0	0	0	730	False	True	False	False
NODE_0060->NODE_0119:AUS	NODE_0060	NODE_0119	AUS	0.00683441871184081	1.093346730132309e-09	0.0068344187193132	Europe_other	0.9999997611338897	3	0	0	3	2024-07-01	2024-09-30	0	0	0	91	False	True	False	False
NODE_0060->NODE_0119:BEL	NODE_0060	NODE_0119	BEL	0.7206612855050137	2.3625781701607435e-07	0.7206614557669161	Europe_other	0.9999999962983592	4	1	0	3	2017-09-06	2023-12-19	0	0	0	2295	True	False	False	False
NODE_0060->NODE_0119:FRA	NODE_0060	NODE_0119	FRA	0.003753203918103524	7.58252427818986e-10	0.0037532039209494	Europe_other	0.9999997607987954	1	0	0	1	2024-01-01	2024-12-31	0	0	0	365	False	True	False	False
NODE_0129->BEL__SAMEA117989547:BEL	NODE_0129	BEL__SAMEA117989547	BEL	0.8699825380861291	0.1300174619138709	1.0	FRA	0.3190887377807513	1	0	0	1	2023-07-03	2023-07-03	1	1	1	0	True	True	True	False
NODE_0129->FRA__SAMEA115874225:FRA	NODE_0129	FRA__SAMEA115874225	FRA	0.7223983700308028	0.2776016299691972	1.0	AUS	0.3838357932208895	1	0	0	1	2024-01-01	2024-12-31	1	1	1	365	True	True	True	False
NODE_0192->NODE_0193:AUS	NODE_0192	NODE_0193	AUS	7.212096701193426e-09	1.3171180669324972e-08	7.212096796185256e-09	Europe_other	0.999999826153043	27	14	0	13	2014-01-01	2024-10-31	0	0	0	3956	False	False	False	False
NODE_0192->NODE_0193:BEL	NODE_0192	NODE_0193	BEL	1.6377945090452742e-07	1.3895466189475505e-07	1.637794736624488e-07	Europe_other	0.9999999519365199	18	3	3	12	2014-07-30	2023-12-31	0	0	0	3441	False	False	False	False
NODE_0192->NODE_0193:CHN	NODE_0192	NODE_0193	CHN	1.6276233943531825e-08	3.1459017006510004e-08	1.6276234455566164e-08	Europe_other	0.9999998444408768	30	20	6	4	2016-01-01	2024-12-31	0	0	0	3287	False	False	False	False
NODE_0192->NODE_0193:FRA	NODE_0192	NODE_0193	FRA	8.776057721148586e-10	8.262588878111218e-10	8.776057728399881e-10	Europe_other	0.9999998138081233	24	2	0	22	2014-01-01	2024-12-31	0	0	0	4017	False	False	False	False
NODE_0192->NODE_0193:JPN	NODE_0192	NODE_0193	JPN	1.0695671258718477e-09	1.0073721449933306e-09	1.0695671269492999e-09	Europe_other	0.9999998139892364	2	0	0	2	2025-01-21	2025-03-03	0	0	0	41	False	True	False	False
NODE_0326->NODE_0327:AUS	NODE_0326	NODE_0327	AUS	1.1576563551838857e-06	8.642392177131437e-07	1.1576573556767731e-06	CHN	0.9998676041514392	3	0	0	3	2024-08-01	2024-08-31	0	0	0	30	False	True	False	False
NODE_0326->NODE_0327:CHN	NODE_0326	NODE_0327	CHN	0.00013324146115064963	0.9998667400266432	0.9998610820213693	Europe_other	0.8593280466621999	194	6	40	148	2018-01-01	2024-12-31	0	0	0	2556	False	False	False	False
NODE_0326->NODE_0327:FRA	NODE_0326	NODE_0327	FRA	8.716604463695999e-07	6.507311471608529e-07	8.716610135865712e-07	CHN	0.9998673906714974	2	0	0	2	2024-01-01	2024-12-31	0	0	0	365	False	True	False	False
NODE_0326->NODE_0327:JPN	NODE_0326	NODE_0327	JPN	2.0560362319997748e-05	1.5237131092666646e-05	2.0560675605707304e-05	CHN	0.999881975359379	54	0	0	54	2024-01-01	2025-12-31	0	0	0	730	False	True	False	False
NODE_0326->NODE_0580:CHN	NODE_0326	NODE_0580	CHN	0.00013325812617981977	0.9998667400266432	0.9999861385462232	Europe_other	0.8593280466621999	3	2	1	0	2015-01-01	2020-12-31	0	0	0	2191	False	False	False	False
NODE_0582->CHN__SAMN33268552:CHN	NODE_0582	CHN__SAMN33268552	CHN	1.918177104776042e-05	0.9999808182289522	1.0	AUS	0.1773824968066548	1	1	0	0	2018-04-01	2018-04-30	0	0	0	29	False	False	False	False
NODE_0582->NODE_0583:CHN	NODE_0582	NODE_0583	CHN	1.918177068941096e-05	0.9999808182289522	0.9999999813182286	AUS	0.1773824968066548	3	3	0	0	2019-01-01	2019-12-31	0	0	0	364	False	False	False	False
NODE_0587->NODE_0588:BEL	NODE_0587	NODE_0588	BEL	0.022356225912924618	0.0008492265559811	0.0223752275503565	Europe_other	0.9997479179212378	1	1	0	0	2017-09-06	2017-09-06	0	0	0	0	False	False	False	False
NODE_0587->NODE_0591:BEL	NODE_0587	NODE_0591	BEL	0.5318363025983978	0.0008492265559811	0.5322883359887584	Europe_other	0.9997479179212378	2	0	0	2	2023-07-07	2023-12-26	2	2	1	172	True	True	True	False
NODE_0587->NODE_0591:FRA	NODE_0587	NODE_0591	FRA	0.2621811365690379	3.017569614416096e-05	0.2621890483060919	Europe_other	0.998929048819499	1	0	0	1	2024-01-01	2024-12-31	0	0	0	365	False	True	False	False
NODE_0601->NODE_0602:BEL	NODE_0601	NODE_0602	BEL	0.10048029848454629	0.1130710906184791	0.1132901379374519	FRA	0.944196632636361	1	0	0	1	2023-09-25	2023-09-25	0	0	0	0	False	True	False	False
NODE_0601->NODE_0602:FRA	NODE_0601	NODE_0602	FRA	0.1361328630091364	0.8374352896258718	0.8374072250726416	BEL	0.6955451177457661	2	0	0	2	2024-01-01	2024-12-31	0	0	0	365	False	True	False	False
NODE_0601->FRA__SAMEA115874199:FRA	NODE_0601	FRA__SAMEA115874199	FRA	0.16256471037412823	0.8374352896258718	1.0	BEL	0.6955451177457661	1	0	0	1	2024-01-01	2024-12-31	0	0	0	365	False	True	False	False
NODE_0614->NODE_0615:BEL	NODE_0614	NODE_0615	BEL	1.9115661772758807e-05	0.9999808843382072	0.9999999989515188	FRA	0.6924090238187951	58	0	3	55	2022-08-01	2023-12-31	0	0	0	517	False	False	False	False
NODE_0614->NODE_0615:FRA	NODE_0614	NODE_0615	FRA	7.254856332090013e-10	1.3235856721644173e-05	7.25495235759994e-10	BEL	0.9999941201171034	7	0	0	7	2023-01-01	2024-12-31	0	0	0	730	False	True	False	False
NODE_0614->FRA__SAMEA115874198:FRA	NODE_0614	FRA__SAMEA115874198	FRA	0.9999867641432784	1.3235856721644173e-05	1.0	BEL	0.9999941201171034	1	0	0	1	2024-01-01	2024-12-31	1	1	1	365	True	True	True	False
NODE_0691->NODE_0692:AUS	NODE_0691	NODE_0692	AUS	0.000822989132174295	0.0008118341462593	0.0008236578057058	JPN	0.9952175660992862	9	9	0	0	2013-01-01	2018-07-31	0	0	0	2037	False	False	False	False
NODE_0691->NODE_0692:BEL	NODE_0691	NODE_0692	BEL	3.1479064150733995e-05	3.1281318182299946e-05	3.148004888815966e-05	JPN	0.9944407219128054	2	2	0	0	2014-08-01	2018-12-12	0	0	0	1594	False	False	False	False
NODE_0691->NODE_0692:CHN	NODE_0691	NODE_0692	CHN	0.003220731557709604	0.0032425067718526	0.0032312087740407	JPN	0.9976444834897868	1	1	0	0	2015-01-01	2015-12-31	0	0	0	364	False	False	False	False
NODE_0691->NODE_0692:JPN	NODE_0691	NODE_0692	JPN	0.005559088733314072	0.9944096144961696	0.9944016793663188	CHN	0.5800148790510073	3	3	0	0	2012-01-01	2018-12-31	0	0	0	2556	False	False	False	False
NODE_0691->JPN__SAMD00549621:JPN	NODE_0691	JPN__SAMD00549621	JPN	0.005590385503830397	0.9944096144961696	1.0	CHN	0.5800148790510073	1	1	0	0	2015-01-01	2015-12-31	0	0	0	364	False	False	False	False
NODE_0723->BEL__SAMEA117989252:BEL	NODE_0723	BEL__SAMEA117989252	BEL	3.2041273001492954e-07	0.99999967958727	1.0	Europe_other	0.8424118738568298	1	1	0	0	2017-04-18	2017-04-18	0	0	0	0	False	False	False	False
NODE_0723->BEL__SAMEA117989272:BEL	NODE_0723	BEL__SAMEA117989272	BEL	3.2041273001492954e-07	0.99999967958727	1.0	Europe_other	0.8424118738568298	1	1	0	0	2017-06-16	2017-06-16	0	0	0	0	False	False	False	False
NODE_0725->NODE_0726:BEL	NODE_0725	NODE_0726	BEL	6.712432847026239e-06	2.794701736883934e-09	6.712432865785486e-06	Europe_other	0.9999999932078897	1	0	1	0	2020-03-23	2020-03-23	0	0	0	0	False	False	False	False
NODE_0061->NODE_0062:AUS	NODE_0061	NODE_0062	AUS	7.579220617020453e-12	4.177689633023287e-11	7.579220617337089e-12	Europe_other	0.9999999954520261	18	6	0	12	2011-01-01	2024-10-31	0	0	0	5052	False	False	False	False
NODE_0061->NODE_0062:BEL	NODE_0061	NODE_0062	BEL	4.236691667420104e-10	4.3688881015491075e-09	4.236691685929736e-10	Europe_other	0.9999999997791373	8	4	2	2	2014-12-20	2023-12-20	0	0	0	3287	False	False	False	False
NODE_0061->NODE_0062:CHN	NODE_0061	NODE_0062	CHN	5.920565782602138e-12	1.749325133402442e-11	5.920565782705708e-12	Europe_other	0.9999999954277424	1	1	0	0	2018-01-01	2018-12-31	0	0	0	364	False	False	False	False
NODE_0061->NODE_0062:FRA	NODE_0061	NODE_0062	FRA	3.015431775305297e-11	1.1617661658610604e-10	3.0154317756556195e-11	Europe_other	0.9999999955264258	4	0	0	4	2023-01-01	2024-12-31	0	0	0	730	False	True	False	False
NODE_0061->NODE_0062:JPN	NODE_0061	NODE_0062	JPN	6.748195705042598e-12	1.993861545940272e-11	6.748195705177147e-12	Europe_other	0.9999999954301878	2	0	0	2	2024-01-01	2025-12-31	0	0	0	730	False	True	False	False
NODE_0061->NODE_0117:AUS	NODE_0061	NODE_0117	AUS	0.00044349701220097206	4.177689633023287e-11	0.0004434970122195	Europe_other	0.9999999954520261	1	0	0	1	2024-02-01	2024-02-29	0	0	0	28	False	True	False	False
NODE_0061->NODE_0117:FRA	NODE_0061	NODE_0117	FRA	0.0024667053338572266	1.1617661658610604e-10	0.0024667053341438	Europe_other	0.9999999955264258	1	0	0	1	2024-01-01	2024-12-31	0	0	0	365	False	True	False	False
NODE_0119->NODE_0120:AUS	NODE_0119	NODE_0120	AUS	0.03277724445333211	0.0068344187193132	0.0330027994033642	BEL	0.7256206511281065	3	0	0	3	2024-07-01	2024-09-30	0	0	0	91	False	True	False	False
NODE_0119->NODE_0120:BEL	NODE_0119	NODE_0120	BEL	0.24572506885779644	0.7206614557669161	0.8796676073916962	Europe_other	0.9419644749214846	1	1	0	0	2017-09-06	2017-09-06	0	0	0	0	False	False	False	False
NODE_0119->NODE_0123:BEL	NODE_0119	NODE_0123	BEL	0.2695847300747033	0.7206614557669161	0.9650824622675706	Europe_other	0.9419644749214846	3	0	0	3	2023-11-13	2023-12-19	0	0	0	36	False	True	False	False
NODE_0119->NODE_0123:FRA	NODE_0119	NODE_0123	FRA	0.021316640683636468	0.0037532039209494	0.0213969477919857	BEL	0.7233764350392279	1	0	0	1	2024-01-01	2024-12-31	0	0	0	365	False	True	False	False
NODE_0193->NODE_0194:AUS	NODE_0193	NODE_0194	AUS	4.605923321283491e-11	7.212096796185256e-09	4.605923354501856e-11	Europe_other	0.9999998164801862	27	14	0	13	2014-01-01	2024-10-31	0	0	0	3956	False	False	False	False
NODE_0193->NODE_0194:BEL	NODE_0193	NODE_0194	BEL	5.405326151736102e-09	1.637794736624488e-07	5.405327037017719e-09	Europe_other	0.9999999730475599	17	2	3	12	2014-07-30	2023-12-31	0	0	0	3441	False	False	False	False
NODE_0193->NODE_0194:CHN	NODE_0193	NODE_0194	CHN	1.4674128138531454e-10	1.6276234455566164e-08	1.4674128377371008e-10	Europe_other	0.9999998255443223	30	20	6	4	2016-01-01	2024-12-31	0	0	0	3287	False	False	False	False
NODE_0193->NODE_0194:FRA	NODE_0193	NODE_0194	FRA	8.931172962985655e-12	8.776057728399881e-10	8.931172970823704e-12	Europe_other	0.9999998101456963	24	2	0	22	2014-01-01	2024-12-31	0	0	0	4017	False	False	False	False
NODE_0193->NODE_0194:JPN	NODE_0193	NODE_0194	JPN	9.640967844236821e-12	1.0695671269492999e-09	9.640967854548483e-12	Europe_other	0.9999998103376576	2	0	0	2	2025-01-21	2025-03-03	0	0	0	41	False	True	False	False
NODE_0193->BEL__SAMEA117989211:BEL	NODE_0193	BEL__SAMEA117989211	BEL	0.9999998362205264	1.637794736624488e-07	1.0	Europe_other	0.9999999730475599	1	1	0	0	2014-09-04	2014-09-04	0	0	0	0	True	False	False	False
NODE_0327->NODE_0328:AUS	NODE_0327	NODE_0328	AUS	5.320615356848878e-09	1.1576573556767731e-06	5.3206215163055135e-09	CHN	0.9998622395192457	3	0	0	3	2024-08-01	2024-08-31	0	0	0	30	False	True	False	False
NODE_0327->NODE_0328:CHN	NODE_0327	NODE_0328	CHN	0.00013891797276822877	0.9998610820213693	0.9999999577986992	Europe_other	0.8185100154470805	194	6	40	148	2018-01-01	2024-12-31	0	0	0	2556	False	False	False	False
NODE_0327->NODE_0328:FRA	NODE_0327	NODE_0328	FRA	4.0061708554949255e-09	8.716610135865712e-07	4.006174347520918e-09	CHN	0.9998619535620533	2	0	0	2	2024-01-01	2024-12-31	0	0	0	365	False	True	False	False
NODE_0327->NODE_0328:JPN	NODE_0327	NODE_0328	JPN	7.120053270851815e-09	2.0560675605707304e-05	7.120199666967416e-09	CHN	0.9998816402634191	53	0	0	53	2024-01-01	2025-12-31	0	0	0	730	False	True	False	False
NODE_0327->JPN__SAMD00892039:JPN	NODE_0327	JPN__SAMD00892039	JPN	0.9999794393243943	2.0560675605707304e-05	1.0	CHN	0.9998816402634191	1	0	0	1	2025-01-24	2025-01-24	1	1	1	0	True	True	True	False
NODE_0580->NODE_0581:CHN	NODE_0580	NODE_0581	CHN	1.386126690086222e-05	0.9999861385462232	0.9999865183018604	Europe_other	0.3398741066161146	2	2	0	0	2015-01-01	2019-12-31	0	0	0	1825	False	False	False	False
NODE_0580->CHN__SAMN45156013:CHN	NODE_0580	CHN__SAMN45156013	CHN	1.3861453776797816e-05	0.9999861385462232	1.0	Europe_other	0.3398741066161146	1	0	1	0	2020-01-01	2020-12-31	0	0	0	365	False	False	False	False
NODE_0583->NODE_0584:CHN	NODE_0583	NODE_0584	CHN	1.868177134565681e-08	0.9999999813182286	0.9999999996543756	AUS	0.19697726041543218	2	2	0	0	2019-01-01	2019-12-31	0	0	0	364	False	False	False	False
NODE_0583->CHN__SAMN50151964:CHN	NODE_0583	CHN__SAMN50151964	CHN	1.8681771352113685e-08	0.9999999813182286	1.0	AUS	0.19697726041543218	1	1	0	0	2019-01-01	2019-12-31	0	0	0	364	False	False	False	False
NODE_0588->NODE_0589:BEL	NODE_0588	NODE_0589	BEL	0.15612870898718278	0.0223752275503565	0.1597020793529706	Europe_other	0.9674162325232533	1	1	0	0	2017-09-06	2017-09-06	0	0	0	0	False	False	False	False
NODE_0591->NODE_0592:BEL	NODE_0591	NODE_0592	BEL	0.3303393824599024	0.5322883359887584	0.7062885274803892	FRA	0.5605783829667125	2	0	0	2	2023-07-07	2023-12-26	0	0	0	172	False	True	False	False
NODE_0591->FRA__SAMEA115874223:FRA	NODE_0591	FRA__SAMEA115874223	FRA	0.7378109516939081	0.2621890483060919	1.0	BEL	0.7214427147858147	1	0	0	1	2024-01-01	2024-12-31	1	1	1	365	True	True	True	False
NODE_0602->BEL__SAMEA117989573:BEL	NODE_0602	BEL__SAMEA117989573	BEL	0.8867098620625481	0.1132901379374519	1.0	FRA	0.9443982309216403	1	0	0	1	2023-09-25	2023-09-25	1	1	1	0	True	True	True	False
NODE_0602->NODE_0603:FRA	NODE_0602	NODE_0603	FRA	0.158253600517888	0.8374072250726416	0.9733126246759184	BEL	0.6967722765545208	2	0	0	2	2024-01-01	2024-12-31	0	0	0	365	False	True	False	False
NODE_0615->NODE_0616:BEL	NODE_0615	NODE_0616	BEL	1.0484811890810673e-09	0.9999999989515188	0.99999999840118	FRA	0.6919487508346321	57	0	3	54	2022-08-01	2023-12-31	0	0	0	517	False	False	False	False
NODE_0615->NODE_0616:FRA	NODE_0615	NODE_0616	FRA	3.094023003558347e-10	7.25495235759994e-10	3.0940230058030457e-10	BEL	0.999999999677014	7	0	0	7	2023-01-01	2024-12-31	0	0	0	730	False	True	False	False
NODE_0615->BEL__SAMEA117989536:BEL	NODE_0615	BEL__SAMEA117989536	BEL	1.0484811907573999e-09	0.9999999989515188	1.0	FRA	0.6919487508346321	1	0	0	1	2023-05-24	2023-05-24	0	0	0	0	False	True	False	False
NODE_0692->NODE_0693:AUS	NODE_0692	NODE_0693	AUS	0.0020704613705135656	0.0008236578057058	0.0020721681279669	JPN	0.9952214012418574	9	9	0	0	2013-01-01	2018-07-31	0	0	0	2037	False	False	False	False
NODE_0692->NODE_0693:BEL	NODE_0692	NODE_0693	BEL	7.972559161626142e-05	3.148004888815966e-05	7.972810146079317e-05	JPN	0.9944329841652766	2	2	0	0	2014-08-01	2018-12-12	0	0	0	1594	False	False	False	False
NODE_0692->NODE_0716:CHN	NODE_0692	NODE_0716	CHN	0.00205129709204534	0.0032312087740407	0.0020579467476328	JPN	0.9976252147133049	1	1	0	0	2015-01-01	2015-12-31	0	0	0	364	False	False	False	False
NODE_0692->NODE_0716:JPN	NODE_0692	NODE_0716	JPN	0.005584893496528657	0.9944016793663188	0.997601577681758	CHN	0.5771746538776185	3	3	0	0	2012-01-01	2018-12-31	0	0	0	2556	False	False	False	False
NODE_0726->BEL__SAMEA117989520:BEL	NODE_0726	BEL__SAMEA117989520	BEL	0.9999932875671342	6.712432865785486e-06	1.0	Europe_other	0.9999949710339804	1	0	1	0	2020-03-23	2020-03-23	0	0	0	0	True	False	False	False
NODE_0062->NODE_0063:AUS	NODE_0062	NODE_0063	AUS	1.2063822185433577e-08	7.579220617337089e-12	1.2063822185525012e-08	Europe_other	0.999999999524911	1	1	0	0	2011-01-01	2011-12-31	0	0	0	364	False	False	False	False
NODE_0062->NODE_0063:BEL	NODE_0062	NODE_0063	BEL	2.3064180676344627e-07	4.236691685929736e-10	2.306418068611621e-07	Europe_other	0.999999999941001	3	1	1	1	2014-12-20	2023-10-12	0	0	0	3218	False	False	False	False
NODE_0062->NODE_0063:FRA	NODE_0062	NODE_0063	FRA	4.115298589744625e-09	3.0154317756556195e-11	4.115298589868718e-09	Europe_other	0.9999999995474861	1	0	0	1	2024-01-01	2024-12-31	0	0	0	365	False	True	False	False
NODE_0062->NODE_0073:AUS	NODE_0062	NODE_0073	AUS	6.177266596921331e-10	7.579220617337089e-12	6.17726659696815e-10	Europe_other	0.999999999524911	17	5	0	12	2015-12-01	2024-10-31	0	0	0	3257	False	False	False	False
NODE_0062->NODE_0073:BEL	NODE_0062	NODE_0073	BEL	9.309579168966384e-09	4.236691685929736e-10	9.309579172910566e-09	Europe_other	0.999999999941001	5	3	1	1	2018-03-26	2023-12-20	0	0	0	2095	False	False	False	False
NODE_0062->NODE_0073:CHN	NODE_0062	NODE_0073	CHN	4.976197346621488e-10	5.920565782705708e-12	4.97619734665095e-10	Europe_other	0.9999999995232524	1	1	0	0	2018-01-01	2018-12-31	0	0	0	364	False	False	False	False
NODE_0062->NODE_0073:FRA	NODE_0062	NODE_0073	FRA	3.76314551789545e-09	3.0154317756556195e-11	3.763145518008925e-09	Europe_other	0.9999999995474861	3	0	0	3	2023-01-01	2024-12-31	0	0	0	730	False	True	False	False
NODE_0062->NODE_0073:JPN	NODE_0062	NODE_0073	JPN	5.671814936282496e-10	6.748195705177147e-12	5.671814936320771e-10	Europe_other	0.99999999952408	2	0	0	2	2024-01-01	2025-12-31	0	0	0	730	False	True	False	False
NODE_0117->NODE_0118:AUS	NODE_0117	NODE_0118	AUS	0.0727799127041633	0.0004434970122195	0.0728122046994006	Europe_other	0.9969363041697865	1	0	0	1	2024-02-01	2024-02-29	0	0	0	28	False	True	False	False
NODE_0117->NODE_0118:FRA	NODE_0117	NODE_0118	FRA	0.5003770217685322	0.0024667053341438	0.5016143565775852	Europe_other	0.9989583016688278	1	0	0	1	2024-01-01	2024-12-31	1	1	1	365	True	True	True	False
NODE_0120->NODE_0121:AUS	NODE_0120	NODE_0121	AUS	0.937276240897752	0.0330027994033642	0.9692646889975006	BEL	0.9096899213864766	3	0	0	3	2024-07-01	2024-09-30	3	3	1	91	True	True	True	False
NODE_0120->BEL__SAMEA117989309:BEL	NODE_0120	BEL__SAMEA117989309	BEL	0.12033239260830375	0.8796676073916962	1.0	Europe_other	0.6198858824470413	1	1	0	0	2017-09-06	2017-09-06	0	0	0	0	False	False	False	False
NODE_0123->NODE_0124:BEL	NODE_0123	NODE_0124	BEL	0.03439283842396595	0.9650824622675706	0.9849731870418746	FRA	0.612785126945352	3	0	0	3	2023-11-13	2023-12-19	0	0	0	36	False	True	False	False
NODE_0123->FRA__SAMEA115874237:FRA	NODE_0123	FRA__SAMEA115874237	FRA	0.9786030522080142	0.0213969477919857	1.0	BEL	0.9861837852335151	1	0	0	1	2024-01-01	2024-12-31	1	1	1	365	True	True	True	False
NODE_0194->NODE_0195:AUS	NODE_0194	NODE_0195	AUS	6.601048919366141e-10	4.605923354501856e-11	6.60104891967018e-10	Europe_other	0.9999999944161951	27	14	0	13	2014-01-01	2024-10-31	0	0	0	3956	False	False	False	False
NODE_0194->NODE_0195:BEL	NODE_0194	NODE_0195	BEL	1.1387312600948965e-08	5.405327037017719e-09	1.1387312662501114e-08	Europe_other	0.9999999997754629	17	2	3	12	2014-07-30	2023-12-31	0	0	0	3441	False	False	False	False
NODE_0194->NODE_0195:CHN	NODE_0194	NODE_0195	CHN	1.067232486398079e-09	1.4674128377371008e-10	1.067232486554686e-09	Europe_other	0.9999999945168772	29	19	6	4	2016-01-01	2024-12-31	0	0	0	3287	False	False	False	False
NODE_0194->NODE_0195:FRA	NODE_0194	NODE_0195	FRA	6.052093608054091e-10	8.931172970823704e-12	6.052093608108143e-10	Europe_other	0.9999999943790671	24	2	0	22	2014-01-01	2024-12-31	0	0	0	4017	False	False	False	False
NODE_0194->NODE_0195:JPN	NODE_0194	NODE_0195	JPN	5.882864612843639e-10	9.640967854548483e-12	5.882864612900356e-10	Europe_other	0.9999999943797769	2	0	0	2	2025-01-21	2025-03-03	0	0	0	41	False	True	False	False
NODE_0194->NODE_0317:CHN	NODE_0194	NODE_0317	CHN	8.061188846287765e-07	1.4674128377371008e-10	8.061188847470674e-07	Europe_other	0.9999999945168772	1	1	0	0	2016-01-01	2016-12-31	0	0	0	365	False	False	False	False
NODE_0328->NODE_0329:AUS	NODE_0328	NODE_0329	AUS	7.018796405310503e-09	5.3206215163055135e-09	7.018796442654862e-09	CHN	0.9999999631193204	3	0	0	3	2024-08-01	2024-08-31	0	0	0	30	False	True	False	False
NODE_0328->NODE_0329:CHN	NODE_0328	NODE_0329	CHN	4.220129887139812e-08	0.9999999577986992	0.9999999546021148	Europe_other	0.33942412323397697	191	3	40	148	2019-01-01	2024-12-31	0	0	0	2191	False	False	False	False
NODE_0328->NODE_0329:FRA	NODE_0328	NODE_0329	FRA	5.284819070435185e-09	4.006174347520918e-09	5.284819091607092e-09	CHN	0.9999999618048733	2	0	0	2	2024-01-01	2024-12-31	0	0	0	365	False	True	False	False
NODE_0328->NODE_0329:JPN	NODE_0328	NODE_0329	JPN	7.887377382144196e-09	7.120199666967416e-09	7.887377438303898e-09	CHN	0.9999999649188984	53	0	0	53	2024-01-01	2025-12-31	0	0	0	730	False	True	False	False
NODE_0328->NODE_0578:CHN	NODE_0328	NODE_0578	CHN	4.2201067001359045e-08	0.9999999577986992	0.9999944602207864	Europe_other	0.33942412323397697	3	3	0	0	2018-01-01	2019-12-31	0	0	0	729	False	False	False	False
NODE_0581->CHN__SAMN07329785:CHN	NODE_0581	CHN__SAMN07329785	CHN	1.3481698139639064e-05	0.9999865183018604	1.0	Europe_other	0.3253165891796571	1	1	0	0	2015-01-01	2015-12-31	0	0	0	364	False	False	False	False
NODE_0581->CHN__SAMN50151958:CHN	NODE_0581	CHN__SAMN50151958	CHN	1.3481698139639064e-05	0.9999865183018604	1.0	Europe_other	0.3253165891796571	1	1	0	0	2019-01-01	2019-12-31	0	0	0	364	False	False	False	False
NODE_0584->CHN__SAMN32033997:CHN	NODE_0584	CHN__SAMN32033997	CHN	3.456244179744772e-10	0.9999999996543756	1.0	AUS	0.19711877066704547	1	1	0	0	2019-01-01	2019-12-31	0	0	0	364	False	False	False	False
NODE_0584->CHN__SAMN50151965:CHN	NODE_0584	CHN__SAMN50151965	CHN	3.456244179744772e-10	0.9999999996543756	1.0	AUS	0.19711877066704547	1	1	0	0	2019-01-01	2019-12-31	0	0	0	364	False	False	False	False
NODE_0589->BEL__SAMEA117989308:BEL	NODE_0589	BEL__SAMEA117989308	BEL	0.8402979206470294	0.1597020793529706	1.0	Europe_other	0.9890226751046506	1	1	0	0	2017-09-06	2017-09-06	0	0	0	0	True	False	False	False
NODE_0592->BEL__SAMEA117989545:BEL	NODE_0592	BEL__SAMEA117989545	BEL	0.29371147251961083	0.7062885274803892	1.0	FRA	0.5386985785733017	1	0	0	1	2023-07-07	2023-07-07	0	0	0	0	False	True	False	False
NODE_0592->BEL__SAMEA117989613:BEL	NODE_0592	BEL__SAMEA117989613	BEL	0.29371147251961083	0.7062885274803892	1.0	FRA	0.5386985785733017	1	0	0	1	2023-12-26	2023-12-26	0	0	0	0	False	True	False	False
NODE_0603->FRA__SAMEA115874197:FRA	NODE_0603	FRA__SAMEA115874197	FRA	0.026687375324081608	0.9733126246759184	1.0	BEL	0.6028951899296193	1	0	0	1	2024-01-01	2024-12-31	0	0	0	365	False	True	False	False
NODE_0603->FRA__SAMEA115874217:FRA	NODE_0603	FRA__SAMEA115874217	FRA	0.026687375324081608	0.9733126246759184	1.0	BEL	0.6028951899296193	1	0	0	1	2024-01-01	2024-12-31	0	0	0	365	False	True	False	False
NODE_0616->NODE_0617:BEL	NODE_0616	NODE_0617	BEL	1.5988199651387687e-09	0.99999999840118	0.999999999893266	FRA	0.19351915447648876	56	0	3	53	2022-08-01	2023-12-31	0	0	0	517	False	False	False	False
NODE_0616->NODE_0617:FRA	NODE_0616	NODE_0617	FRA	1.6936906063926604e-11	3.0940230058030457e-10	1.6936906069166923e-11	BEL	0.9999999987105822	7	0	0	7	2023-01-01	2024-12-31	0	0	0	730	False	True	False	False
NODE_0616->BEL__SAMEA117989567:BEL	NODE_0616	BEL__SAMEA117989567	BEL	1.598819965309417e-09	0.99999999840118	1.0	FRA	0.19351915447648876	1	0	0	1	2023-09-07	2023-09-07	0	0	0	0	False	True	False	False
NODE_0693->NODE_0694:AUS	NODE_0693	NODE_0694	AUS	0.9876620532867931	0.0020721681279669	0.989712904824007	JPN	0.9938165439981702	9	9	0	0	2013-01-01	2018-07-31	0	0	0	2037	True	False	False	False
NODE_0693->NODE_0702:BEL	NODE_0693	NODE_0702	BEL	2.3448614409713893e-06	7.972810146079317e-05	2.3450484072287314e-06	JPN	0.9918362662531193	2	2	0	0	2014-08-01	2018-12-12	0	0	0	1594	False	False	False	False
NODE_0716->NODE_0717:CHN	NODE_0716	NODE_0717	CHN	0.0020456393372842202	0.0020579467476328	0.00204985783555	JPN	0.9996588223038606	1	1	0	0	2015-01-01	2015-12-31	0	0	0	364	False	False	False	False
NODE_0716->NODE_0717:JPN	NODE_0716	NODE_0717	JPN	0.0023927426797458163	0.997601577681758	0.9976319272660864	CHN	0.8580418602597354	3	3	0	0	2012-01-01	2018-12-31	0	0	0	2556	False	False	False	False
NODE_0063->NODE_0064:AUS	NODE_0063	NODE_0064	AUS	1.703016248964128e-08	1.2063822185525012e-08	1.7030162695090135e-08	Europe_other	0.9999989084154102	1	1	0	0	2011-01-01	2011-12-31	0	0	0	364	False	False	False	False
NODE_0063->NODE_0064:BEL	NODE_0063	NODE_0064	BEL	3.5798476581869134e-07	2.306418068611621e-07	3.579848483849636e-07	Europe_other	0.9999991269932067	3	1	1	1	2014-12-20	2023-10-12	0	0	0	3218	False	False	False	False
NODE_0063->NODE_0064:FRA	NODE_0063	NODE_0064	FRA	5.073868087540832e-09	4.115298589868718e-09	5.073868108421314e-09	Europe_other	0.9999989004668952	1	0	0	1	2024-01-01	2024-12-31	0	0	0	365	False	True	False	False
NODE_0073->NODE_0074:AUS	NODE_0073	NODE_0074	AUS	7.240171535138755e-12	6.17726659696815e-10	7.2401715396112015e-12	Europe_other	0.999999985143969	17	5	0	12	2015-12-01	2024-10-31	0	0	0	3257	False	False	False	False
NODE_0073->NODE_0074:BEL	NODE_0073	NODE_0074	BEL	5.823749485961666e-11	9.309579172910566e-09	5.823749540178324e-11	Europe_other	0.9999999938358215	4	2	1	1	2018-03-26	2023-12-20	0	0	0	2095	False	False	False	False
NODE_0073->NODE_0074:CHN	NODE_0073	NODE_0074	CHN	5.832990034906721e-12	4.97619734665095e-10	5.832990037809332e-12	Europe_other	0.9999999850238621	1	1	0	0	2018-01-01	2018-12-31	0	0	0	364	False	False	False	False
NODE_0073->NODE_0074:FRA	NODE_0073	NODE_0074	FRA	2.4826537965048092e-11	3.763145518008925e-09	2.4826538058473968e-11	Europe_other	0.999999988289388	1	0	0	1	2024-01-01	2024-12-31	0	0	0	365	False	True	False	False
NODE_0073->NODE_0074:JPN	NODE_0073	NODE_0074	JPN	6.648369749432145e-12	5.671814936320771e-10	6.6483697532029776e-12	Europe_other	0.9999999850934239	2	0	0	2	2024-01-01	2025-12-31	0	0	0	730	False	True	False	False
NODE_0073->NODE_0115:BEL	NODE_0073	NODE_0115	BEL	0.11140224728816815	9.309579172910566e-09	0.1114022483252762	Europe_other	0.9999999938358215	1	1	0	0	2019-07-24	2019-07-24	0	0	0	0	False	False	False	False
NODE_0073->NODE_0115:FRA	NODE_0073	NODE_0115	FRA	0.04621375585634141	3.763145518008925e-09	0.0462137560302505	Europe_other	0.999999988289388	2	0	0	2	2023-01-01	2024-12-31	0	0	0	730	False	True	False	False
NODE_0118->AUS__SAMN45810503:AUS	NODE_0118	AUS__SAMN45810503	AUS	0.9271877953005994	0.0728122046994006	1.0	FRA	0.5410062116002716	1	0	0	1	2024-02-01	2024-02-29	1	1	1	28	True	True	True	False
NODE_0118->FRA__SAMEA115874194:FRA	NODE_0118	FRA__SAMEA115874194	FRA	0.49838564342241476	0.5016143565775852	1.0	Europe_other	0.7595541766772179	1	0	0	1	2024-01-01	2024-12-31	0	0	0	365	False	True	False	False
NODE_0121->NODE_0122:AUS	NODE_0121	NODE_0122	AUS	0.030707403722087755	0.9692646889975006	0.9990920124280066	BEL	0.6647909504233438	2	0	0	2	2024-07-01	2024-09-30	0	0	0	91	False	True	False	False
NODE_0121->AUS__SAMN45810606:AUS	NODE_0121	AUS__SAMN45810606	AUS	0.030735311002499377	0.9692646889975006	1.0	BEL	0.6647909504233438	1	0	0	1	2024-09-01	2024-09-30	0	0	0	29	False	True	False	False
NODE_0124->BEL__SAMEA117989588:BEL	NODE_0124	BEL__SAMEA117989588	BEL	0.015026812958125357	0.9849731870418746	1.0	FRA	0.6097714866561488	1	0	0	1	2023-11-13	2023-11-13	0	0	0	0	False	True	False	False
NODE_0124->NODE_0125:BEL	NODE_0124	NODE_0125	BEL	0.014943989216719798	0.9849731870418746	0.9944882696260104	FRA	0.6097714866561488	2	0	0	2	2023-11-16	2023-12-19	0	0	0	33	False	True	False	False
NODE_0195->NODE_0196:AUS	NODE_0195	NODE_0196	AUS	5.333709830770301e-11	6.60104891967018e-10	5.333709834291109e-11	Europe_other	0.9999999856062585	27	14	0	13	2014-01-01	2024-10-31	0	0	0	3956	False	False	False	False
NODE_0195->NODE_0196:BEL	NODE_0195	NODE_0196	BEL	7.55920080368799e-09	1.1387312662501114e-08	7.559200889766973e-09	Europe_other	0.9999999963334661	16	2	3	11	2014-07-30	2023-12-31	0	0	0	3441	False	False	False	False
NODE_0195->NODE_0196:CHN	NODE_0195	NODE_0196	CHN	1.0043817412989255e-09	1.067232486554686e-09	1.0043817423708344e-09	Europe_other	0.999999986013386	29	19	6	4	2016-01-01	2024-12-31	0	0	0	3287	False	False	False	False
NODE_0195->NODE_0196:FRA	NODE_0195	NODE_0196	FRA	2.8233468924153757e-10	6.052093608108143e-10	2.8233468941240915e-10	Europe_other	0.9999999855513628	24	2	0	22	2014-01-01	2024-12-31	0	0	0	4017	False	False	False	False
NODE_0195->NODE_0196:JPN	NODE_0195	NODE_0196	JPN	4.578898031048159e-11	5.882864612900356e-10	4.578898033741862e-11	Europe_other	0.9999999855344399	2	0	0	2	2025-01-21	2025-03-03	0	0	0	41	False	True	False	False
NODE_0195->BEL__SAMEA117989590:BEL	NODE_0195	BEL__SAMEA117989590	BEL	0.9999999886126874	1.1387312662501114e-08	1.0	Europe_other	0.9999999963334661	1	0	0	1	2023-11-14	2023-11-14	1	1	1	0	True	True	True	False
NODE_0317->CHN__SAMN39683176:CHN	NODE_0317	CHN__SAMN39683176	CHN	0.9999991938811152	8.061188847470674e-07	1.0	Europe_other	0.999999312639287	1	1	0	0	2016-01-01	2016-12-31	0	0	0	365	True	False	False	False
NODE_0329->NODE_0330:AUS	NODE_0329	NODE_0330	AUS	8.729569775608573e-09	7.018796442654862e-09	8.729569836879645e-09	CHN	0.999999961620911	3	0	0	3	2024-08-01	2024-08-31	0	0	0	30	False	True	False	False
NODE_0329->NODE_0330:CHN	NODE_0329	NODE_0330	CHN	4.5397883220931775e-08	0.9999999546021148	0.9999999557709468	Europe_other	0.22334272146555834	189	1	40	148	2019-01-01	2024-12-31	0	0	0	2191	False	False	False	False
NODE_0329->NODE_0330:FRA	NODE_0329	NODE_0330	FRA	6.572949839260388e-09	5.284819091607092e-09	6.572949873997239e-09	CHN	0.9999999598869338	2	0	0	2	2024-01-01	2024-12-31	0	0	0	365	False	True	False	False
NODE_0329->NODE_0330:JPN	NODE_0329	NODE_0330	JPN	8.017064802294102e-09	7.887377438303898e-09	8.017064865527719e-09	CHN	0.9999999624894921	53	0	0	53	2024-01-01	2025-12-31	0	0	0	730	False	True	False	False
NODE_0329->NODE_0577:CHN	NODE_0329	NODE_0577	CHN	4.539763618535799e-08	0.9999999546021148	0.9999945142052762	Europe_other	0.22334272146555834	2	2	0	0	2019-01-01	2019-12-31	0	0	0	364	False	False	False	False
NODE_0578->NODE_0579:CHN	NODE_0578	NODE_0579	CHN	5.539732501707852e-06	0.9999944602207864	0.9999915679178276	AUS	0.19736743436186885	2	2	0	0	2018-01-01	2018-12-31	0	0	0	364	False	False	False	False
NODE_0578->CHN__SAMN50151977:CHN	NODE_0578	CHN__SAMN50151977	CHN	5.539779213581397e-06	0.9999944602207864	1.0	AUS	0.19736743436186885	1	1	0	0	2019-01-01	2019-12-31	0	0	0	364	False	False	False	False
NODE_0617->NODE_0618:BEL	NODE_0617	NODE_0618	BEL	1.067339549103264e-10	0.999999999893266	0.9999999990886488	AUS	0.2028754120749321	55	0	3	52	2022-08-01	2023-12-31	0	0	0	517	False	False	False	False
NODE_0617->NODE_0618:FRA	NODE_0617	NODE_0618	FRA	1.4036084678880848e-10	1.6936906069166923e-11	1.4036084679118575e-10	BEL	0.9999999999102029	7	0	0	7	2023-01-01	2024-12-31	0	0	0	730	False	True	False	False
NODE_0617->BEL__SAMEA117989530:BEL	NODE_0617	BEL__SAMEA117989530	BEL	1.0673395500759852e-10	0.999999999893266	1.0	AUS	0.2028754120749321	1	0	0	1	2023-04-21	2023-04-21	0	0	0	0	False	True	False	False
NODE_0694->NODE_0695:AUS	NODE_0694	NODE_0695	AUS	0.01028703409130514	0.989712904824007	0.9999940620080948	JPN	0.8608127070010412	7	7	0	0	2013-01-01	2018-07-31	0	0	0	2037	False	False	False	False
NODE_0694->NODE_0701:AUS	NODE_0694	NODE_0701	AUS	0.010254941012916826	0.989712904824007	0.9968743204445863	JPN	0.8608127070010412	2	2	0	0	2016-01-01	2017-12-31	0	0	0	730	False	False	False	False
NODE_0702->NODE_0703:BEL	NODE_0702	NODE_0703	BEL	2.318184369604317e-07	2.3450484072287314e-06	2.318189805871629e-07	Unknown_other	0.999704709992702	2	2	0	0	2014-08-01	2018-12-12	0	0	0	1594	False	False	False	False
NODE_0717->CHN__SAMN07329777:CHN	NODE_0717	CHN__SAMN07329777	CHN	0.99795014216445	0.00204985783555	1.0	JPN	0.9996811314664742	1	1	0	0	2015-01-01	2015-12-31	0	0	0	364	True	False	False	False
NODE_0717->NODE_0718:JPN	NODE_0717	NODE_0718	JPN	0.0023628562833629034	0.9976319272660864	0.9977971746914754	CHN	0.865622835900894	3	3	0	0	2012-01-01	2018-12-31	0	0	0	2556	False	False	False	False
NODE_0064->NODE_0065:AUS	NODE_0064	NODE_0065	AUS	2.0817376068513475e-08	1.7030162695090135e-08	2.0817376423036783e-08	Europe_other	0.9999983056781148	1	1	0	0	2011-01-01	2011-12-31	0	0	0	364	False	False	False	False
NODE_0064->NODE_0065:BEL	NODE_0064	NODE_0065	BEL	4.84543858679509e-07	3.579848483849636e-07	4.845440321389309e-07	Europe_other	0.9999986466323447	3	1	1	1	2014-12-20	2023-10-12	0	0	0	3218	False	False	False	False
NODE_0064->NODE_0065:FRA	NODE_0064	NODE_0065	FRA	5.136118806096094e-09	5.073868108421314e-09	5.136118832156083e-09	Europe_other	0.9999982937218403	1	0	0	1	2024-01-01	2024-12-31	0	0	0	365	False	True	False	False
NODE_0074->NODE_0075:AUS	NODE_0074	NODE_0075	AUS	1.2109918683978099e-11	7.2401715396112015e-12	1.2109918684065777e-11	Europe_other	0.9999999998960325	17	5	0	12	2015-12-01	2024-10-31	0	0	0	3257	False	False	False	False
NODE_0074->NODE_0075:BEL	NODE_0074	NODE_0075	BEL	1.2876340210071766e-11	5.823749540178324e-11	1.2876340210821652e-11	Europe_other	0.9999999999470298	4	2	1	1	2018-03-26	2023-12-20	0	0	0	2095	False	False	False	False
NODE_0074->NODE_0075:CHN	NODE_0074	NODE_0075	CHN	9.757772721871955e-12	5.832990037809332e-12	9.757772721928872e-12	Europe_other	0.9999999998946253	1	1	0	0	2018-01-01	2018-12-31	0	0	0	364	False	False	False	False
NODE_0074->NODE_0075:FRA	NODE_0074	NODE_0075	FRA	9.490884037888266e-12	2.4826538058473968e-11	9.490884038123892e-12	Europe_other	0.9999999999136189	1	0	0	1	2024-01-01	2024-12-31	0	0	0	365	False	True	False	False
NODE_0074->NODE_0075:JPN	NODE_0074	NODE_0075	JPN	1.1121097176256499e-11	6.6483697532029776e-12	1.1121097176330436e-11	Europe_other	0.9999999998954407	2	0	0	2	2024-01-01	2025-12-31	0	0	0	730	False	True	False	False
NODE_0115->BEL__SAMEA117989479:BEL	NODE_0115	BEL__SAMEA117989479	BEL	0.8885977516747238	0.1114022483252762	1.0	Europe_other	0.9202489871227614	1	1	0	0	2019-07-24	2019-07-24	0	0	0	0	True	False	False	False
NODE_0115->NODE_0116:FRA	NODE_0115	NODE_0116	FRA	0.9537425293487544	0.0462137560302505	0.9999541672767126	Europe_other	0.8573526679675649	2	0	0	2	2023-01-01	2024-12-31	2	2	1	730	True	True	True	False
NODE_0122->AUS__SAMN45810562:AUS	NODE_0122	AUS__SAMN45810562	AUS	0.0009079875719933961	0.9990920124280066	1.0	BEL	0.5242260103077994	1	0	0	1	2024-07-01	2024-07-31	0	0	0	30	False	True	False	False
NODE_0122->AUS__SAMN45810640:AUS	NODE_0122	AUS__SAMN45810640	AUS	0.0009079875719933961	0.9990920124280066	1.0	BEL	0.5242260103077994	1	0	0	1	2024-09-01	2024-09-30	0	0	0	29	False	True	False	False
NODE_0125->BEL__SAMEA117989592:BEL	NODE_0125	BEL__SAMEA117989592	BEL	0.005511730373989554	0.9944882696260104	1.0	FRA	0.5783715419335214	1	0	0	1	2023-11-16	2023-11-16	0	0	0	0	False	True	False	False
NODE_0125->BEL__SAMEA117989608:BEL	NODE_0125	BEL__SAMEA117989608	BEL	0.005511730373989554	0.9944882696260104	1.0	FRA	0.5783715419335214	1	0	0	1	2023-12-19	2023-12-19	0	0	0	0	False	True	False	False
NODE_0196->NODE_0197:AUS	NODE_0196	NODE_0197	AUS	2.020509153607533e-09	5.333709834291109e-11	2.020509153715301e-09	Europe_other	0.9999999910502713	27	14	0	13	2014-01-01	2024-10-31	0	0	0	3956	False	False	False	False
NODE_0196->NODE_0197:BEL	NODE_0196	NODE_0197	BEL	9.196442122172555e-08	7.559200889766973e-09	9.196442191690309e-08	Europe_other	0.9999999985561351	16	2	3	11	2014-07-30	2023-12-31	0	0	0	3441	False	False	False	False
NODE_0196->NODE_0197:CHN	NODE_0196	NODE_0197	CHN	4.7934625878951784e-08	1.0043817423708344e-09	4.793462592709644e-08	Europe_other	0.999999992001316	29	19	6	4	2016-01-01	2024-12-31	0	0	0	3287	False	False	False	False
NODE_0196->NODE_0197:FRA	NODE_0196	NODE_0197	FRA	1.3753147416791186e-08	2.8233468941240915e-10	1.3753147420674176e-08	Europe_other	0.999999991279269	24	2	0	22	2014-01-01	2024-12-31	0	0	0	4017	False	False	False	False
NODE_0196->NODE_0197:JPN	NODE_0196	NODE_0197	JPN	1.7286255835204023e-09	4.578898033741862e-11	1.7286255835995542e-09	Europe_other	0.9999999910427232	2	0	0	2	2025-01-21	2025-03-03	0	0	0	41	False	True	False	False
NODE_0330->NODE_0331:AUS	NODE_0330	NODE_0331	AUS	2.747564240807323e-09	8.729569836879645e-09	2.747564264792377e-09	CHN	0.9999999645005164	3	0	0	3	2024-08-01	2024-08-31	0	0	0	30	False	True	False	False
NODE_0330->NODE_0331:CHN	NODE_0330	NODE_0331	CHN	4.4229052581979776e-08	0.9999999557709468	0.9999999860793888	AUS	0.19737184531225838	187	1	40	146	2019-01-01	2024-12-31	0	0	0	2191	False	False	False	False
NODE_0330->NODE_0331:FRA	NODE_0330	NODE_0331	FRA	2.0687848779287544e-09	6.572949873997239e-09	2.0687848915267736e-09	CHN	0.9999999623438965	2	0	0	2	2024-01-01	2024-12-31	0	0	0	365	False	True	False	False
NODE_0330->NODE_0331:JPN	NODE_0330	NODE_0331	JPN	2.5232889255633633e-09	8.017064865527719e-09	2.5232889457927344e-09	CHN	0.9999999637880115	53	0	0	53	2024-01-01	2025-12-31	0	0	0	730	False	True	False	False
NODE_0330->NODE_0576:CHN	NODE_0330	NODE_0576	CHN	4.421016217534083e-08	0.9999999557709468	0.999572882054473	AUS	0.19737184531225838	2	0	0	2	2023-01-01	2024-12-31	0	0	0	730	False	True	False	False
NODE_0577->CHN__SAMN50151962:CHN	NODE_0577	CHN__SAMN50151962	CHN	5.4857947238140525e-06	0.9999945142052762	1.0	AUS	0.1973784365348474	1	1	0	0	2019-01-01	2019-12-31	0	0	0	364	False	False	False	False
NODE_0577->CHN__SAMN50151963:CHN	NODE_0577	CHN__SAMN50151963	CHN	5.4857947238140525e-06	0.9999945142052762	1.0	AUS	0.1973784365348474	1	1	0	0	2019-01-01	2019-12-31	0	0	0	364	False	False	False	False
NODE_0579->CHN__SAMN50151955:CHN	NODE_0579	CHN__SAMN50151955	CHN	8.432082172382671e-06	0.9999915679178276	1.0	AUS	0.19738043065317679	1	1	0	0	2018-01-01	2018-12-31	0	0	0	364	False	False	False	False
NODE_0579->CHN__SAMN50151956:CHN	NODE_0579	CHN__SAMN50151956	CHN	8.432082172382671e-06	0.9999915679178276	1.0	AUS	0.19738043065317679	1	1	0	0	2018-01-01	2018-12-31	0	0	0	364	False	False	False	False
NODE_0618->NODE_0619:BEL	NODE_0618	NODE_0619	BEL	9.113512163377317e-10	0.9999999990886488	0.9999999995863562	AUS	0.2044809377075751	54	0	3	51	2022-08-01	2023-12-31	0	0	0	517	False	False	False	False
NODE_0618->NODE_0619:FRA	NODE_0618	NODE_0619	FRA	6.369179289837923e-11	1.4036084679118575e-10	6.369179290731906e-11	BEL	0.99999999922901	7	0	0	7	2023-01-01	2024-12-31	0	0	0	730	False	True	False	False
NODE_0618->BEL__SAMEA117989612:BEL	NODE_0618	BEL__SAMEA117989612	BEL	9.113512167147064e-10	0.9999999990886488	1.0	AUS	0.2044809377075751	1	0	0	1	2023-12-20	2023-12-20	0	0	0	0	False	True	False	False
NODE_0695->NODE_0696:AUS	NODE_0695	NODE_0696	AUS	5.937970797831612e-06	0.9999940620080948	0.99999644537257	JPN	0.6051385165142921	6	6	0	0	2013-01-01	2018-07-31	0	0	0	2037	False	False	False	False
NODE_0695->AUS__SAMN08443778:AUS	NODE_0695	AUS__SAMN08443778	AUS	5.9379919051805174e-06	0.9999940620080948	1.0	JPN	0.6051385165142921	1	1	0	0	2017-01-01	2017-12-31	0	0	0	364	False	False	False	False
NODE_0701->AUS__SAMN08443772:AUS	NODE_0701	AUS__SAMN08443772	AUS	0.003125679555413652	0.9968743204445863	1.0	JPN	0.8087941392274833	1	1	0	0	2016-01-01	2016-12-31	0	0	0	365	False	False	False	False
NODE_0701->AUS__SAMN08443780:AUS	NODE_0701	AUS__SAMN08443780	AUS	0.003125679555413652	0.9968743204445863	1.0	JPN	0.8087941392274833	1	1	0	0	2017-01-01	2017-12-31	0	0	0	364	False	False	False	False
NODE_0703->NODE_0704:BEL	NODE_0703	NODE_0704	BEL	1.330629930243155e-07	2.318189805871629e-07	1.3306302387085004e-07	Unknown_other	0.9997659792425676	2	2	0	0	2014-08-01	2018-12-12	0	0	0	1594	False	False	False	False
NODE_0718->NODE_0719:JPN	NODE_0718	NODE_0719	JPN	0.0022020863051874684	0.9977971746914754	0.9996645202258072	CHN	0.8654036277783099	2	2	0	0	2012-01-01	2012-12-31	0	0	0	365	False	False	False	False
NODE_0718->JPN__SAMD00549636:JPN	NODE_0718	JPN__SAMD00549636	JPN	0.0022028253085245586	0.9977971746914754	1.0	CHN	0.8654036277783099	1	1	0	0	2018-01-01	2018-12-31	0	0	0	364	False	False	False	False
NODE_0065->NODE_0066:AUS	NODE_0065	NODE_0066	AUS	2.3402630836177365e-08	2.0817376423036783e-08	2.340263132335875e-08	Europe_other	0.9999981987749149	1	1	0	0	2011-01-01	2011-12-31	0	0	0	364	False	False	False	False
NODE_0065->NODE_0066:BEL	NODE_0065	NODE_0066	BEL	4.71899505859406e-07	4.845440321389309e-07	4.7189973451560613e-07	Europe_other	0.9999986625009601	2	1	0	1	2014-12-20	2023-10-12	0	0	0	3218	False	False	False	False
NODE_0065->NODE_0066:FRA	NODE_0065	NODE_0066	FRA	4.287629943562895e-09	5.136118832156083e-09	4.287629965584672e-09	Europe_other	0.9999981830936856	1	0	0	1	2024-01-01	2024-12-31	0	0	0	365	False	True	False	False
NODE_0065->BEL__SAMEA117989515:BEL	NODE_0065	BEL__SAMEA117989515	BEL	0.9999995154559679	4.845440321389309e-07	1.0	Europe_other	0.9999986625009601	1	0	1	0	2020-03-05	2020-03-05	0	0	0	0	True	False	False	False
NODE_0075->NODE_0076:AUS	NODE_0075	NODE_0076	AUS	1.8447231327526233e-10	1.2109918684065777e-11	1.8447231327749627e-10	Europe_other	0.9999999999426652	17	5	0	12	2015-12-01	2024-10-31	0	0	0	3257	False	False	False	False
NODE_0075->NODE_0076:BEL	NODE_0075	NODE_0076	BEL	1.814518603074577e-10	1.2876340210821652e-11	1.8145186030979415e-10	Europe_other	0.9999999999434316	4	2	1	1	2018-03-26	2023-12-20	0	0	0	2095	False	False	False	False
NODE_0075->NODE_0076:CHN	NODE_0075	NODE_0076	CHN	1.486732282369363e-10	9.757772721928872e-12	1.48673228238387e-10	Europe_other	0.9999999999403131	1	1	0	0	2018-01-01	2018-12-31	0	0	0	364	False	False	False	False
NODE_0075->NODE_0076:FRA	NODE_0075	NODE_0076	FRA	1.3898403220373249e-10	9.490884038123892e-12	1.3898403220505156e-10	Europe_other	0.9999999999400462	1	0	0	1	2024-01-01	2024-12-31	0	0	0	365	False	True	False	False
NODE_0075->NODE_0076:JPN	NODE_0075	NODE_0076	JPN	1.6940930607061658e-10	1.1121097176330436e-11	1.6940930607250058e-10	Europe_other	0.9999999999416763	2	0	0	2	2024-01-01	2025-12-31	0	0	0	730	False	True	False	False
NODE_0116->FRA__SAMEA115874189:FRA	NODE_0116	FRA__SAMEA115874189	FRA	4.583272328739785e-05	0.9999541672767126	1.0	Europe_other	0.5011819420424366	1	0	0	1	2023-01-01	2023-12-31	0	0	0	364	False	True	False	False
NODE_0116->FRA__SAMEA115874235:FRA	NODE_0116	FRA__SAMEA115874235	FRA	4.583272328739785e-05	0.9999541672767126	1.0	Europe_other	0.5011819420424366	1	0	0	1	2024-01-01	2024-12-31	0	0	0	365	False	True	False	False
NODE_0197->NODE_0198:AUS	NODE_0197	NODE_0198	AUS	2.759113448948188e-09	2.020509153715301e-09	2.759113454523002e-09	Europe_other	0.9999998424294173	27	14	0	13	2014-01-01	2024-10-31	0	0	0	3956	False	False	False	False
NODE_0197->NODE_0198:BEL	NODE_0197	NODE_0198	BEL	1.7528994930827632e-07	9.196442191690309e-08	1.7528996542871666e-07	Europe_other	0.9999999323733242	16	2	3	11	2014-07-30	2023-12-31	0	0	0	3441	False	False	False	False
NODE_0197->NODE_0198:CHN	NODE_0197	NODE_0198	CHN	3.29391555237385e-08	4.793462592709644e-08	3.293915710266467e-08	Europe_other	0.9999998883435292	28	18	6	4	2018-01-01	2024-12-31	0	0	0	2556	False	False	False	False
NODE_0197->NODE_0198:FRA	NODE_0197	NODE_0198	FRA	2.6317297360302268e-08	1.3753147420674176e-08	2.6317297722247943e-08	Europe_other	0.999999854162054	24	2	0	22	2014-01-01	2024-12-31	0	0	0	4017	False	False	False	False
NODE_0197->NODE_0198:JPN	NODE_0197	NODE_0198	JPN	2.2830192253851833e-09	1.7286255835995542e-09	2.2830192293316686e-09	Europe_other	0.9999998421375339	2	0	0	2	2025-01-21	2025-03-03	0	0	0	41	False	True	False	False
NODE_0197->CHN__SAMN07329793:CHN	NODE_0197	CHN__SAMN07329793	CHN	0.9999999520653741	4.793462592709644e-08	1.0	Europe_other	0.9999998883435292	1	1	0	0	2016-01-01	2016-12-31	0	0	0	365	True	False	False	False
NODE_0331->NODE_0332:AUS	NODE_0331	NODE_0332	AUS	2.776761472212562e-09	2.747564264792377e-09	2.776761479841893e-09	CHN	0.9999999888269531	3	0	0	3	2024-08-01	2024-08-31	0	0	0	30	False	True	False	False
NODE_0331->NODE_0332:CHN	NODE_0331	NODE_0332	CHN	1.3920611023459034e-08	0.9999999860793888	0.9999999859317268	AUS	0.19737382424906588	186	1	40	145	2019-01-01	2024-12-31	0	0	0	2191	False	False	False	False
NODE_0331->NODE_0332:FRA	NODE_0331	NODE_0332	FRA	2.0907689980525806e-09	2.0687848915267736e-09	2.090769002377932e-09	CHN	0.9999999881481737	2	0	0	2	2024-01-01	2024-12-31	0	0	0	365	False	True	False	False
NODE_0331->NODE_0332:JPN	NODE_0331	NODE_0332	JPN	2.5500647456711526e-09	2.5232889457927344e-09	2.550064752105703e-09	CHN	0.9999999886026778	53	0	0	53	2024-01-01	2025-12-31	0	0	0	730	False	True	False	False
NODE_0331->CHN__SAMN43024020:CHN	NODE_0331	CHN__SAMN43024020	CHN	1.3920611219297996e-08	0.9999999860793888	1.0	AUS	0.19737382424906588	1	0	0	1	2024-05-02	2024-05-02	0	0	0	0	False	True	False	False
NODE_0576->CHN__SAMN45156018:CHN	NODE_0576	CHN__SAMN45156018	CHN	0.0004271179455269669	0.999572882054473	1.0	AUS	0.1973805068867569	1	0	0	1	2023-01-01	2023-12-31	0	0	0	364	False	True	False	False
NODE_0576->CHN__SAMN45156063:CHN	NODE_0576	CHN__SAMN45156063	CHN	0.0004271179455269669	0.999572882054473	1.0	AUS	0.1973805068867569	1	0	0	1	2024-01-01	2024-12-31	0	0	0	365	False	True	False	False
NODE_0619->NODE_0620:BEL	NODE_0619	NODE_0620	BEL	4.1364378560021713e-10	0.9999999995863562	0.9999999992985396	AUS	0.2044935492317121	53	0	3	50	2022-08-01	2023-12-31	0	0	0	517	False	False	False	False
NODE_0619->NODE_0620:FRA	NODE_0619	NODE_0620	FRA	1.0800715978747782e-10	6.369179290731906e-11	1.0800715979435699e-10	BEL	0.9999999996500479	7	0	0	7	2023-01-01	2024-12-31	0	0	0	730	False	True	False	False
NODE_0619->BEL__SAMEA117989582:BEL	NODE_0619	BEL__SAMEA117989582	BEL	4.1364378589037187e-10	0.9999999995863562	1.0	AUS	0.2044935492317121	1	0	0	1	2023-10-19	2023-10-19	0	0	0	0	False	True	False	False
NODE_0696->NODE_0697:AUS	NODE_0696	NODE_0697	AUS	3.554614216256862e-06	0.99999644537257	0.9999962826761892	JPN	0.6029834484062931	5	5	0	0	2013-01-01	2018-07-31	0	0	0	2037	False	False	False	False
NODE_0696->AUS__SAMN08443742:AUS	NODE_0696	AUS__SAMN08443742	AUS	3.554627429958046e-06	0.99999644537257	1.0	JPN	0.6029834484062931	1	1	0	0	2015-01-01	2015-12-31	0	0	0	364	False	False	False	False
NODE_0704->NODE_0705:BEL	NODE_0704	NODE_0705	BEL	1.3968574884456793e-07	1.3306302387085004e-07	1.3968576743157853e-07	Unknown_other	0.9997642759860269	2	2	0	0	2014-08-01	2018-12-12	0	0	0	1594	False	False	False	False
NODE_0719->JPN__SAMD00328201:JPN	NODE_0719	JPN__SAMD00328201	JPN	0.00033547977419279285	0.9996645202258072	1.0	CHN	0.7648815193764509	1	1	0	0	2012-01-01	2012-12-31	0	0	0	365	False	False	False	False
NODE_0719->JPN__SAMEA41323168:JPN	NODE_0719	JPN__SAMEA41323168	JPN	0.00033547977419279285	0.9996645202258072	1.0	CHN	0.7648815193764509	1	1	0	0	2012-01-01	2012-12-31	0	0	0	365	False	False	False	False
NODE_0066->NODE_0067:AUS	NODE_0066	NODE_0067	AUS	2.5095900350562177e-08	2.340263132335875e-08	2.5095900937872294e-08	Europe_other	0.9999982351184638	1	1	0	0	2011-01-01	2011-12-31	0	0	0	364	False	False	False	False
NODE_0066->NODE_0067:BEL	NODE_0066	NODE_0067	BEL	4.5893398416688126e-07	4.7189973451560613e-07	4.589342007378087e-07	Europe_other	0.9999986836149871	2	1	0	1	2014-12-20	2023-10-12	0	0	0	3218	False	False	False	False
NODE_0066->NODE_0067:FRA	NODE_0066	NODE_0067	FRA	2.5503368657938627e-09	4.287629965584672e-09	2.5503368767287636e-09	Europe_other	0.999998216003496	1	0	0	1	2024-01-01	2024-12-31	0	0	0	365	False	True	False	False
NODE_0076->NODE_0077:AUS	NODE_0076	NODE_0077	AUS	9.871340851204482e-10	1.8447231327749627e-10	9.87134085302547e-10	Europe_other	0.9999999991468128	16	4	0	12	2018-11-01	2024-10-31	0	0	0	2191	False	False	False	False
NODE_0076->NODE_0077:BEL	NODE_0076	NODE_0077	BEL	7.95602633629987e-09	1.8145186030979415e-10	7.956026337743506e-09	Europe_other	0.9999999991437923	3	2	1	0	2018-03-26	2020-03-16	0	0	0	721	False	False	False	False
NODE_0076->NODE_0077:FRA	NODE_0076	NODE_0077	FRA	1.9110038329083455e-09	1.3898403220505156e-10	1.9110038331739446e-09	Europe_other	0.9999999991013245	1	0	0	1	2024-01-01	2024-12-31	0	0	0	365	False	True	False	False
NODE_0076->NODE_0105:AUS	NODE_0076	NODE_0105	AUS	2.263197288065483e-09	1.8447231327749627e-10	2.26319728848298e-09	Europe_other	0.9999999991468128	1	1	0	0	2015-12-01	2015-12-31	0	0	0	30	False	False	False	False
NODE_0076->NODE_0105:BEL	NODE_0076	NODE_0105	BEL	1.0675310830593221e-09	1.8145186030979415e-10	1.0675310832530275e-09	Europe_other	0.9999999991437923	1	0	0	1	2023-12-20	2023-12-20	0	0	0	0	False	True	False	False
NODE_0076->NODE_0105:CHN	NODE_0076	NODE_0105	CHN	5.477371821574698e-09	1.48673228238387e-10	5.4773718223890365e-09	Europe_other	0.9999999991110137	1	1	0	0	2018-01-01	2018-12-31	0	0	0	364	False	False	False	False
NODE_0076->NODE_0105:JPN	NODE_0076	NODE_0105	JPN	2.2224648357908342e-09	1.6940930607250058e-10	2.2224648361673404e-09	Europe_other	0.9999999991317498	2	0	0	2	2024-01-01	2025-12-31	0	0	0	730	False	True	False	False
NODE_0198->NODE_0199:AUS	NODE_0198	NODE_0199	AUS	2.2684151353429725e-09	2.759113454523002e-09	2.2684151416017875e-09	Europe_other	0.9999997602785214	27	14	0	13	2014-01-01	2024-10-31	0	0	0	3956	False	False	False	False
NODE_0198->NODE_0199:BEL	NODE_0198	NODE_0199	BEL	2.5751292143926916e-07	1.7528996542871666e-07	2.5751296657870815e-07	Europe_other	0.9999999328093623	16	2	3	11	2014-07-30	2023-12-31	0	0	0	3441	False	False	False	False
NODE_0198->NODE_0199:CHN	NODE_0198	NODE_0199	CHN	1.6972598232362006e-08	3.293915710266467e-08	1.6972598791425102e-08	Europe_other	0.9999997904585589	28	18	6	4	2018-01-01	2024-12-31	0	0	0	2556	False	False	False	False
NODE_0198->NODE_0199:FRA	NODE_0198	NODE_0199	FRA	1.3715207026098561e-08	2.6317297722247943e-08	1.3715207387045757e-08	Europe_other	0.9999997838367007	22	0	0	22	2023-01-01	2024-12-31	0	0	0	730	False	True	False	False
NODE_0198->NODE_0199:JPN	NODE_0198	NODE_0199	JPN	1.7083285685213531e-09	2.2830192293316686e-09	1.7083285724215e-09	Europe_other	0.9999997598024274	2	0	0	2	2025-01-21	2025-03-03	0	0	0	41	False	True	False	False
NODE_0198->NODE_0316:FRA	NODE_0198	NODE_0316	FRA	0.9999999461540485	2.6317297722247943e-08	0.9999999724713454	Europe_other	0.9999997838367007	2	2	0	0	2014-01-01	2014-12-31	0	0	0	364	True	False	False	False
NODE_0332->NODE_0333:AUS	NODE_0332	NODE_0333	AUS	1.2006410796196444e-10	2.776761479841893e-09	1.2006410829535382e-10	CHN	0.9999999887084882	3	0	0	3	2024-08-01	2024-08-31	0	0	0	30	False	True	False	False
NODE_0332->NODE_0333:CHN	NODE_0332	NODE_0333	CHN	1.406827320448382e-08	0.9999999859317268	0.999999999391704	AUS	0.19737756115764046	185	1	40	144	2019-01-01	2024-12-31	0	0	0	2191	False	False	False	False
NODE_0332->NODE_0333:FRA	NODE_0332	NODE_0333	FRA	9.040254887557343e-11	2.090769002377932e-09	9.040254906458428e-11	CHN	0.9999999880224957	2	0	0	2	2024-01-01	2024-12-31	0	0	0	365	False	True	False	False
NODE_0332->NODE_0333:JPN	NODE_0332	NODE_0333	JPN	1.1026463111370697e-10	2.550064752105703e-09	1.1026463139488891e-10	CHN	0.9999999884817914	53	0	0	53	2024-01-01	2025-12-31	0	0	0	730	False	True	False	False
NODE_0332->CHN__SAMN43024027:CHN	NODE_0332	CHN__SAMN43024027	CHN	1.4068273213041493e-08	0.9999999859317268	1.0	AUS	0.19737756115764046	1	0	0	1	2024-06-03	2024-06-03	0	0	0	0	False	True	False	False
NODE_0620->NODE_0621:BEL	NODE_0620	NODE_0621	BEL	7.01460445143711e-10	0.9999999992985396	0.9999999997987904	AUS	0.20449446530986293	52	0	3	49	2022-08-01	2023-12-31	0	0	0	517	False	False	False	False
NODE_0620->NODE_0621:FRA	NODE_0620	NODE_0621	FRA	3.098126983314519e-11	1.0800715979435699e-10	3.0981269836491385e-11	BEL	0.9999999994065468	7	0	0	7	2023-01-01	2024-12-31	0	0	0	730	False	True	False	False
NODE_0620->BEL__SAMEA117989601:BEL	NODE_0620	BEL__SAMEA117989601	BEL	7.014604452848516e-10	0.9999999992985396	1.0	AUS	0.20449446530986293	1	0	0	1	2023-12-11	2023-12-11	0	0	0	0	False	True	False	False
NODE_0697->AUS__SAMN08443709:AUS	NODE_0697	AUS__SAMN08443709	AUS	3.717323810770168e-06	0.9999962826761892	1.0	JPN	0.5695698749232995	1	1	0	0	2013-01-01	2013-12-31	0	0	0	364	False	False	False	False
NODE_0697->NODE_0698:AUS	NODE_0697	NODE_0698	AUS	3.7166907014937626e-06	0.9999962826761892	0.9998296868100188	JPN	0.5695698749232995	4	4	0	0	2016-02-01	2018-07-31	0	0	0	911	False	False	False	False
NODE_0705->NODE_0706:BEL	NODE_0705	NODE_0706	BEL	5.837103143676766e-07	1.3968576743157853e-07	5.837103959037112e-07	Unknown_other	0.9997150996903641	2	2	0	0	2014-08-01	2018-12-12	0	0	0	1594	False	False	False	False
NODE_0067->NODE_0068:AUS	NODE_0067	NODE_0068	AUS	1.547675146108827e-07	2.5095900937872294e-08	1.54767518494913e-07	Europe_other	0.9999992542706426	1	1	0	0	2011-01-01	2011-12-31	0	0	0	364	False	False	False	False
NODE_0067->NODE_0068:BEL	NODE_0067	NODE_0068	BEL	7.891361631582237e-07	4.589342007378087e-07	7.891365253199643e-07	Europe_other	0.9999996881088181	2	1	0	1	2014-12-20	2023-10-12	0	0	0	3218	False	False	False	False
NODE_0067->NODE_0068:FRA	NODE_0067	NODE_0068	FRA	1.5234024623368395e-08	2.5503368767287636e-09	1.523402466222029e-08	Europe_other	0.9999992317250953	1	0	0	1	2024-01-01	2024-12-31	0	0	0	365	False	True	False	False
NODE_0077->NODE_0078:AUS	NODE_0077	NODE_0078	AUS	1.7125047084376524e-09	9.87134085302547e-10	1.7125047101281242e-09	Europe_other	0.9999999827494175	16	4	0	12	2018-11-01	2024-10-31	0	0	0	2191	False	False	False	False
NODE_0077->NODE_0078:BEL	NODE_0077	NODE_0078	BEL	2.0656183121215125e-08	7.956026337743506e-09	2.0656183285556265e-08	Europe_other	0.9999999897183097	3	2	1	0	2018-03-26	2020-03-16	0	0	0	721	False	False	False	False
NODE_0077->NODE_0078:FRA	NODE_0077	NODE_0078	FRA	4.460796210383452e-09	1.9110038331739446e-09	4.460796218908051e-09	Europe_other	0.9999999836732872	1	0	0	1	2024-01-01	2024-12-31	0	0	0	365	False	True	False	False
NODE_0105->NODE_0106:AUS	NODE_0105	NODE_0106	AUS	7.66058040611286e-09	2.26319728848298e-09	7.660580423450264e-09	Europe_other	0.9999999880041699	1	1	0	0	2015-12-01	2015-12-31	0	0	0	30	False	False	False	False
NODE_0105->NODE_0106:BEL	NODE_0105	NODE_0106	BEL	3.1876203630829453e-09	1.0675310832530275e-09	3.187620366485829e-09	Europe_other	0.9999999868085038	1	0	0	1	2023-12-20	2023-12-20	0	0	0	0	False	True	False	False
NODE_0105->NODE_0106:CHN	NODE_0105	NODE_0106	CHN	1.9887310673388368e-08	5.4773718223890365e-09	1.9887310782318562e-08	Europe_other	0.9999999912183445	1	1	0	0	2018-01-01	2018-12-31	0	0	0	364	False	False	False	False
NODE_0105->NODE_0106:JPN	NODE_0105	NODE_0106	JPN	7.575825282273066e-09	2.2224648361673404e-09	7.575825299110071e-09	Europe_other	0.9999999879634375	2	0	0	2	2024-01-01	2025-12-31	0	0	0	730	False	True	False	False
NODE_0199->NODE_0200:AUS	NODE_0199	NODE_0200	AUS	5.65192861770236e-10	2.2684151416017875e-09	5.65192863052328e-10	Europe_other	0.9999997079268572	27	14	0	13	2014-01-01	2024-10-31	0	0	0	3956	False	False	False	False
NODE_0199->NODE_0200:BEL	NODE_0199	NODE_0200	BEL	1.979810673898965e-09	2.5751296657870815e-07	1.9798111837260163e-09	Europe_other	0.9999999631713998	15	1	3	11	2017-07-25	2023-12-31	0	0	0	2350	False	False	False	False
NODE_0199->NODE_0200:CHN	NODE_0199	NODE_0200	CHN	1.3406850401756686e-10	1.6972598791425102e-08	1.3406850629305782e-10	Europe_other	0.9999997226310369	28	18	6	4	2018-01-01	2024-12-31	0	0	0	2556	False	False	False	False
NODE_0199->NODE_0200:FRA	NODE_0199	NODE_0200	FRA	2.8232607209107745e-10	1.3715207387045757e-08	2.8232607596323816e-10	Europe_other	0.9999997193736463	22	0	0	22	2023-01-01	2024-12-31	0	0	0	730	False	True	False	False
NODE_0199->NODE_0200:JPN	NODE_0199	NODE_0200	JPN	1.7536932228469917e-11	1.7083285724215e-09	1.753693225842876e-11	Europe_other	0.9999997073667708	2	0	0	2	2025-01-21	2025-03-03	0	0	0	41	False	True	False	False
NODE_0199->BEL__SAMEA117989208:BEL	NODE_0199	BEL__SAMEA117989208	BEL	0.9999997424870334	2.5751296657870815e-07	1.0	Europe_other	0.9999999631713998	1	1	0	0	2014-07-30	2014-07-30	0	0	0	0	True	False	False	False
NODE_0316->FRA__SAMEA4700352:FRA	NODE_0316	FRA__SAMEA4700352	FRA	2.752865457811282e-08	0.9999999724713454	1.0	Europe_other	0.6729063540222019	1	1	0	0	2014-01-01	2014-12-31	0	0	0	364	False	False	False	False
NODE_0316->FRA__SAMN09862835:FRA	NODE_0316	FRA__SAMN09862835	FRA	2.752865457811282e-08	0.9999999724713454	1.0	Europe_other	0.6729063540222019	1	1	0	0	2014-01-01	2014-12-31	0	0	0	364	False	False	False	False
NODE_0333->NODE_0334:AUS	NODE_0333	NODE_0334	AUS	6.169460682111109e-11	1.2006410829535382e-10	6.16946068285184e-11	CHN	0.9999999995117681	3	0	0	3	2024-08-01	2024-08-31	0	0	0	30	False	True	False	False
NODE_0333->NODE_0334:CHN	NODE_0333	NODE_0334	CHN	6.082959689609602e-10	0.999999999391704	0.9999999996873744	AUS	0.19737775375545835	184	1	40	143	2019-01-01	2024-12-31	0	0	0	2191	False	False	False	False
NODE_0333->NODE_0334:FRA	NODE_0333	NODE_0334	FRA	4.6453097428671705e-11	9.040254906458428e-11	4.6453097432871185e-11	CHN	0.9999999994821065	2	0	0	2	2024-01-01	2024-12-31	0	0	0	365	False	True	False	False
NODE_0333->NODE_0334:JPN	NODE_0333	NODE_0334	JPN	5.671572464625282e-11	1.1026463139488891e-10	5.671572465250656e-11	CHN	0.9999999995019685	53	0	0	53	2024-01-01	2025-12-31	0	0	0	730	False	True	False	False
NODE_0333->CHN__SAMN42391139:CHN	NODE_0333	CHN__SAMN42391139	CHN	6.082959691511292e-10	0.999999999391704	1.0	AUS	0.19737775375545835	1	0	0	1	2023-09-12	2023-09-12	0	0	0	0	False	True	False	False
NODE_0621->BEL__SAMEA117989525:BEL	NODE_0621	BEL__SAMEA117989525	BEL	2.012096045334033e-10	0.9999999997987904	1.0	AUS	0.20449437838415147	1	0	1	0	2022-08-01	2022-08-01	0	0	0	0	False	False	False	False
NODE_0621->NODE_0622:BEL	NODE_0621	NODE_0622	BEL	2.0120960435000873e-10	0.9999999997987904	0.9999999990885396	AUS	0.20449437838415147	51	0	2	49	2022-11-14	2023-12-31	0	0	0	412	False	False	False	False
NODE_0621->NODE_0622:FRA	NODE_0621	NODE_0622	FRA	1.4034799312182748e-10	3.0981269836491385e-11	1.4034799312617563e-10	BEL	0.9999999998297716	7	0	0	7	2023-01-01	2024-12-31	0	0	0	730	False	True	False	False
NODE_0698->NODE_0699:AUS	NODE_0698	NODE_0699	AUS	0.00017021854491736714	0.9998296868100188	0.9994442881152172	BEL	0.20068722340751174	3	3	0	0	2016-02-01	2018-07-31	0	0	0	911	False	False	False	False
NODE_0698->AUS__SAMN45810574:AUS	NODE_0698	AUS__SAMN45810574	AUS	0.00017031318998117495	0.9998296868100188	1.0	BEL	0.20068722340751174	1	1	0	0	2016-04-01	2016-04-30	0	0	0	29	False	False	False	False
NODE_0706->NODE_0707:BEL	NODE_0706	NODE_0707	BEL	1.0379528558047063e-06	5.837103959037112e-07	1.0379534616689323e-06	Unknown_other	0.9987291223026665	2	2	0	0	2014-08-01	2018-12-12	0	0	0	1594	False	False	False	False
NODE_0068->NODE_0069:AUS	NODE_0068	NODE_0069	AUS	2.8361399481181455e-07	1.54767518494913e-07	2.836140387060555e-07	Europe_other	0.9999989322874067	1	1	0	0	2011-01-01	2011-12-31	0	0	0	364	False	False	False	False
NODE_0068->NODE_0069:BEL	NODE_0068	NODE_0069	BEL	7.63424863053254e-07	7.891365253199643e-07	7.634254655001732e-07	Europe_other	0.9999995666562368	1	0	0	1	2023-10-12	2023-10-12	0	0	0	0	False	True	False	False
NODE_0068->NODE_0069:FRA	NODE_0068	NODE_0069	FRA	2.7025384735232545e-08	1.523402466222029e-08	2.702538514693793e-08	Europe_other	0.9999987927540597	1	0	0	1	2024-01-01	2024-12-31	0	0	0	365	False	True	False	False
NODE_0068->BEL__SAMEA117989214:BEL	NODE_0068	BEL__SAMEA117989214	BEL	0.9999992108634747	7.891365253199643e-07	1.0	Europe_other	0.9999995666562368	1	1	0	0	2014-12-20	2014-12-20	0	0	0	0	True	False	False	False
NODE_0078->NODE_0079:AUS	NODE_0078	NODE_0079	AUS	1.2152539613207582e-09	1.7125047101281242e-09	1.2152539634018863e-09	Europe_other	0.9999999576267184	16	4	0	12	2018-11-01	2024-10-31	0	0	0	2191	False	False	False	False
NODE_0078->NODE_0079:BEL	NODE_0078	NODE_0079	BEL	3.2161874844258795e-08	2.0656183285556265e-08	3.2161875508600394e-08	Europe_other	0.9999999765703966	3	2	1	0	2018-03-26	2020-03-16	0	0	0	721	False	False	False	False
NODE_0078->FRA__SAMEA115874211:FRA	NODE_0078	FRA__SAMEA115874211	FRA	0.9999999955392038	4.460796218908051e-09	1.0	Europe_other	0.9999999603750098	1	0	0	1	2024-01-01	2024-12-31	1	1	1	365	True	True	True	False
NODE_0106->NODE_0107:BEL	NODE_0106	NODE_0107	BEL	0.003361594474970513	3.187620366485829e-09	0.003361594485686	Europe_other	0.9999999543571265	1	0	0	1	2023-12-20	2023-12-20	0	0	0	0	False	True	False	False
NODE_0106->NODE_0107:JPN	NODE_0106	NODE_0107	JPN	0.008422113143413542	7.575825299110071e-09	0.008422113207218	Europe_other	0.9999999587453312	2	0	0	2	2024-01-01	2025-12-31	0	0	0	730	False	True	False	False
NODE_0106->NODE_0110:AUS	NODE_0106	NODE_0110	AUS	1.098074799042578e-07	7.660580423450264e-09	1.0980748074544682e-07	Europe_other	0.9999999588300863	1	1	0	0	2015-12-01	2015-12-31	0	0	0	30	False	False	False	False
NODE_0106->NODE_0110:CHN	NODE_0106	NODE_0110	CHN	2.8629093786503866e-07	1.9887310782318562e-08	2.862909435585956e-07	Europe_other	0.9999999710568165	1	1	0	0	2018-01-01	2018-12-31	0	0	0	364	False	False	False	False
NODE_0200->NODE_0201:AUS	NODE_0200	NODE_0201	AUS	5.430418816692175e-08	5.65192863052328e-10	5.4304188197614085e-08	Europe_other	0.9999999975640421	27	14	0	13	2014-01-01	2024-10-31	0	0	0	3956	False	False	False	False
NODE_0200->NODE_0201:BEL	NODE_0200	NODE_0201	BEL	2.519903048889632e-09	1.9798111837260163e-09	2.5199030538785644e-09	Europe_other	0.9999999989786604	15	1	3	11	2017-07-25	2023-12-31	0	0	0	2350	False	False	False	False
NODE_0200->NODE_0201:CHN	NODE_0200	NODE_0201	CHN	1.0749808090950671e-09	1.3406850629305782e-10	1.0749808092391883e-09	Europe_other	0.9999999971329178	28	18	6	4	2018-01-01	2024-12-31	0	0	0	2556	False	False	False	False
NODE_0200->NODE_0201:FRA	NODE_0200	NODE_0201	FRA	3.4155451399323206e-09	2.8232607596323816e-10	3.415545140896618e-09	Europe_other	0.9999999972811753	22	0	0	22	2023-01-01	2024-12-31	0	0	0	730	False	True	False	False
NODE_0200->NODE_0201:JPN	NODE_0200	NODE_0201	JPN	1.135132213129247e-09	1.753693225842876e-11	1.1351322131491536e-09	Europe_other	0.9999999970163861	2	0	0	2	2025-01-21	2025-03-03	0	0	0	41	False	True	False	False
NODE_0334->NODE_0335:AUS	NODE_0334	NODE_0335	AUS	1.2709433620629671e-11	6.16946068285184e-11	1.2709433621413775e-11	CHN	0.999999999749069	3	0	0	3	2024-08-01	2024-08-31	0	0	0	30	False	True	False	False
NODE_0334->NODE_0335:CHN	NODE_0334	NODE_0335	CHN	3.1262559205971424e-10	0.9999999996873744	0.9999999999336688	AUS	0.19734341093134222	182	1	39	142	2019-01-01	2024-12-31	0	0	0	2191	False	False	False	False
NODE_0334->NODE_0335:FRA	NODE_0334	NODE_0335	FRA	9.569597549194574e-12	4.6453097432871185e-11	9.569597549639111e-12	CHN	0.9999999997338275	2	0	0	2	2024-01-01	2024-12-31	0	0	0	365	False	True	False	False
NODE_0334->NODE_0335:JPN	NODE_0334	NODE_0335	JPN	1.3612221556731184e-11	5.671572465250656e-11	1.3612221557503212e-11	CHN	0.9999999997440902	53	0	0	53	2024-01-01	2025-12-31	0	0	0	730	False	True	False	False
NODE_0334->NODE_0575:CHN	NODE_0334	NODE_0575	CHN	3.124314392981557e-10	0.9999999996873744	0.999378960689036	AUS	0.19734341093134222	2	0	1	1	2022-06-11	2024-05-02	0	0	0	691	False	False	False	False
NODE_0622->NODE_0623:BEL	NODE_0622	NODE_0623	BEL	9.114603497928488e-10	0.9999999990885396	0.9999999979755804	AUS	0.20449284084963698	50	0	2	48	2022-11-14	2023-12-31	0	0	0	412	False	False	False	False
NODE_0622->NODE_0623:FRA	NODE_0622	NODE_0623	FRA	3.1180893632151604e-10	1.4034799312617563e-10	3.118089363652778e-10	BEL	0.9999999992288877	7	0	0	7	2023-01-01	2024-12-31	0	0	0	730	False	True	False	False
NODE_0622->BEL__SAMEA117989595:BEL	NODE_0622	BEL__SAMEA117989595	BEL	9.114603516380271e-10	0.9999999990885396	1.0	AUS	0.20449284084963698	1	0	0	1	2023-11-27	2023-11-27	0	0	0	0	False	True	False	False
NODE_0699->NODE_0700:AUS	NODE_0699	NODE_0700	AUS	0.000555099304816128	0.9994442881152172	0.9988976662486304	BEL	0.2012924281864683	2	2	0	0	2016-02-01	2016-02-29	0	0	0	28	False	False	False	False
NODE_0699->AUS__SAMN45810527:AUS	NODE_0699	AUS__SAMN45810527	AUS	0.0005557118847827613	0.9994442881152172	1.0	BEL	0.2012924281864683	1	1	0	0	2018-07-01	2018-07-31	0	0	0	30	False	False	False	False
NODE_0707->NODE_0708:BEL	NODE_0707	NODE_0708	BEL	9.297242711625395e-07	1.0379534616689323e-06	9.297252361740668e-07	Unknown_other	0.9987234540955431	1	1	0	0	2014-08-01	2014-08-01	0	0	0	0	False	False	False	False
NODE_0707->BEL__SAMEA117989434:BEL	NODE_0707	BEL__SAMEA117989434	BEL	0.9999989620465384	1.0379534616689323e-06	1.0	Unknown_other	0.9987234540955431	1	1	0	0	2018-12-12	2018-12-12	0	0	0	0	True	False	False	False
NODE_0069->NODE_0070:AUS	NODE_0069	NODE_0070	AUS	1.6619460146914046e-05	2.836140387060555e-07	1.6619464860427595e-05	Europe_other	0.9999989697960964	1	1	0	0	2011-01-01	2011-12-31	0	0	0	364	False	False	False	False
NODE_0069->NODE_0070:BEL	NODE_0069	NODE_0070	BEL	2.2902232331557105e-06	7.634254655001732e-07	2.2902249815717832e-06	Europe_other	0.9999994496073952	1	0	0	1	2023-10-12	2023-10-12	0	0	0	0	False	True	False	False
NODE_0069->NODE_0070:FRA	NODE_0069	NODE_0070	FRA	1.5825582345437039e-06	2.702538514693793e-08	1.5825582773129508e-06	Europe_other	0.9999987132077004	1	0	0	1	2024-01-01	2024-12-31	0	0	0	365	False	True	False	False
NODE_0079->NODE_0080:AUS	NODE_0079	NODE_0080	AUS	1.9028235769589194e-08	1.2152539634018863e-09	1.9028235792713332e-08	Europe_other	0.9999999430795758	16	4	0	12	2018-11-01	2024-10-31	0	0	0	2191	False	False	False	False
NODE_0079->NODE_0080:BEL	NODE_0079	NODE_0080	BEL	5.213269189742827e-07	3.2161875508600394e-08	5.213269357411347e-07	Europe_other	0.9999999740261966	3	2	1	0	2018-03-26	2020-03-16	0	0	0	721	False	False	False	False
NODE_0107->BEL__SAMEA117989610:BEL	NODE_0107	BEL__SAMEA117989610	BEL	0.996638405514314	0.003361594485686	1.0	Europe_other	0.9892602305781342	1	0	0	1	2023-12-20	2023-12-20	1	1	1	0	True	True	True	False
NODE_0107->NODE_0108:JPN	NODE_0107	NODE_0108	JPN	0.008379322002484674	0.008422113207218	0.0084504930112825	Europe_other	0.9943089211388929	2	0	0	2	2024-01-01	2025-12-31	0	0	0	730	False	True	False	False
NODE_0110->NODE_0111:AUS	NODE_0110	NODE_0111	AUS	1.2664867101787235e-05	1.0980748074544682e-07	1.266486849248454e-05	Europe_other	0.9999995339806814	1	1	0	0	2015-12-01	2015-12-31	0	0	0	30	False	False	False	False
NODE_0110->NODE_0111:CHN	NODE_0110	NODE_0111	CHN	3.3026871086246515e-05	2.862909435585956e-07	3.3026880541543304e-05	Europe_other	0.9999997104641125	1	1	0	0	2018-01-01	2018-12-31	0	0	0	364	False	False	False	False
NODE_0201->NODE_0202:AUS	NODE_0201	NODE_0202	AUS	0.9999250270045879	5.4304188197614085e-08	0.9999250813047076	Europe_other	0.9999999904164829	8	8	0	0	2014-01-01	2019-03-31	0	0	0	1915	True	False	False	False
NODE_0201->NODE_0209:AUS	NODE_0201	NODE_0209	AUS	2.7812148767093884e-08	5.4304188197614085e-08	2.7812150277410125e-08	Europe_other	0.9999999904164829	19	6	0	13	2016-01-01	2024-10-31	0	0	0	3226	False	False	False	False
NODE_0201->NODE_0209:BEL	NODE_0201	NODE_0209	BEL	1.865198754357846e-09	2.5199030538785644e-09	1.865198759057966e-09	Europe_other	0.9999999386321983	15	1	3	11	2017-07-25	2023-12-31	0	0	0	2350	False	False	False	False
NODE_0201->NODE_0209:CHN	NODE_0201	NODE_0209	CHN	1.0332956895471213e-09	1.0749808092391883e-09	1.0332956906578943e-09	Europe_other	0.999999937187276	28	18	6	4	2018-01-01	2024-12-31	0	0	0	2556	False	False	False	False
NODE_0201->NODE_0209:FRA	NODE_0201	NODE_0209	FRA	5.635961524441407e-09	3.415545140896618e-09	5.635961543691289e-09	Europe_other	0.9999999395278403	22	0	0	22	2023-01-01	2024-12-31	0	0	0	730	False	True	False	False
NODE_0201->NODE_0209:JPN	NODE_0201	NODE_0209	JPN	1.1325694465648622e-09	1.1351322131491536e-09	1.1325694478504783e-09	Europe_other	0.9999999372474274	2	0	0	2	2025-01-21	2025-03-03	0	0	0	41	False	True	False	False
NODE_0335->NODE_0336:AUS	NODE_0335	NODE_0336	AUS	9.993643006417004e-11	1.2709433621413775e-11	9.993643006544017e-11	CHN	0.9999999999463783	3	0	0	3	2024-08-01	2024-08-31	0	0	0	30	False	True	False	False
NODE_0335->NODE_0336:CHN	NODE_0335	NODE_0336	CHN	6.633116272999081e-11	0.9999999999336688	0.99999999917597	JPN	0.20521638899491113	181	1	38	142	2019-01-01	2024-12-31	0	0	0	2191	False	False	False	False
NODE_0335->NODE_0336:FRA	NODE_0335	NODE_0336	FRA	7.524736701511624e-11	9.569597549639111e-12	7.524736701583633e-11	CHN	0.9999999999432385	2	0	0	2	2024-01-01	2024-12-31	0	0	0	365	False	True	False	False
NODE_0335->NODE_0336:JPN	NODE_0335	NODE_0336	JPN	4.0949266761306116e-10	1.3612221557503212e-11	4.0949266761863527e-10	CHN	0.9999999999472812	53	0	0	53	2024-01-01	2025-12-31	0	0	0	730	False	True	False	False
NODE_0335->CHN__SAMN50151990:CHN	NODE_0335	CHN__SAMN50151990	CHN	6.633116278464968e-11	0.9999999999336688	1.0	JPN	0.20521638899491113	1	0	1	0	2021-01-01	2021-12-31	0	0	0	364	False	False	False	False
NODE_0575->CHN__SAMN42391130:CHN	NODE_0575	CHN__SAMN42391130	CHN	0.0006210393109640222	0.999378960689036	1.0	AUS	0.1973805070286693	1	0	1	0	2022-06-11	2022-06-11	0	0	0	0	False	False	False	False
NODE_0575->CHN__SAMN43024017:CHN	NODE_0575	CHN__SAMN43024017	CHN	0.0006210393109640222	0.999378960689036	1.0	AUS	0.1973805070286693	1	0	0	1	2024-05-02	2024-05-02	0	0	0	0	False	True	False	False
NODE_0623->NODE_0624:BEL	NODE_0623	NODE_0624	BEL	2.0244196265827284e-09	0.9999999979755804	0.9999999973587756	AUS	0.20448259490188048	49	0	2	47	2022-11-14	2023-12-31	0	0	0	412	False	False	False	False
NODE_0623->NODE_0624:FRA	NODE_0623	NODE_0624	FRA	4.074727060533316e-10	3.118089363652778e-10	4.074727061803852e-10	BEL	0.9999999982873891	7	0	0	7	2023-01-01	2024-12-31	0	0	0	730	False	True	False	False
NODE_0623->BEL__SAMEA117989596:BEL	NODE_0623	BEL__SAMEA117989596	BEL	2.0244196319296748e-09	0.9999999979755804	1.0	AUS	0.20448259490188048	1	0	0	1	2023-11-27	2023-11-27	0	0	0	0	False	True	False	False
NODE_0700->AUS__SAMN45810572:AUS	NODE_0700	AUS__SAMN45810572	AUS	0.0011023337513695886	0.9988976662486304	1.0	BEL	0.2015427115323775	1	1	0	0	2016-02-01	2016-02-29	0	0	0	28	False	False	False	False
NODE_0700->AUS__SAMN45810573:AUS	NODE_0700	AUS__SAMN45810573	AUS	0.0011023337513695886	0.9988976662486304	1.0	BEL	0.2015427115323775	1	1	0	0	2016-02-01	2016-02-29	0	0	0	28	False	False	False	False
NODE_0708->NODE_0709:BEL	NODE_0708	NODE_0709	BEL	3.0893484993069402e-06	9.297252361740668e-07	3.089351371554874e-06	Unknown_other	0.9987177852907804	1	1	0	0	2014-08-01	2014-08-01	0	0	0	0	False	False	False	False
NODE_0070->NODE_0071:AUS	NODE_0070	NODE_0071	AUS	5.486372845018577e-05	1.6619464860427595e-05	5.486464027114684e-05	Europe_other	0.9999944261364924	1	1	0	0	2011-01-01	2011-12-31	0	0	0	364	False	False	False	False
NODE_0070->NODE_0072:BEL	NODE_0070	NODE_0072	BEL	0.2836552141677255	2.2902249815717832e-06	0.2836558638034709	Europe_other	0.9999800969436657	1	0	0	1	2023-10-12	2023-10-12	0	0	0	0	False	True	False	False
NODE_0070->NODE_0072:FRA	NODE_0070	NODE_0072	FRA	0.31114984662504436	1.5825582773129508e-06	0.3111503390385889	Europe_other	0.9999793892899262	1	0	0	1	2024-01-01	2024-12-31	0	0	0	365	False	True	False	False
NODE_0080->NODE_0081:AUS	NODE_0080	NODE_0081	AUS	3.557772808643359e-08	1.9028235792713332e-08	3.5577728763415e-08	Europe_other	0.9999990916687689	16	4	0	12	2018-11-01	2024-10-31	0	0	0	2191	False	False	False	False
NODE_0080->NODE_0081:BEL	NODE_0080	NODE_0081	BEL	1.0095837223003635e-06	5.213269357411347e-07	1.009584248623826e-06	Europe_other	0.9999995939672744	3	2	1	0	2018-03-26	2020-03-16	0	0	0	721	False	False	False	False
NODE_0108->NODE_0109:JPN	NODE_0108	NODE_0109	JPN	0.9912654842064983	0.0084504930112825	0.9997135566300852	Europe_other	0.9943058078975296	2	0	0	2	2024-01-01	2025-12-31	2	2	1	730	True	True	True	False
NODE_0111->NODE_0112:AUS	NODE_0111	NODE_0112	AUS	0.07774603328196364	1.266486849248454e-05	0.0777470179377215	Europe_other	0.9999472460731823	1	1	0	0	2015-12-01	2015-12-31	0	0	0	30	False	False	False	False
NODE_0111->NODE_0112:CHN	NODE_0111	NODE_0112	CHN	0.20850618351404313	3.3026880541543304e-05	0.208513070050299	Europe_other	0.9999676076835359	1	1	0	0	2018-01-01	2018-12-31	0	0	0	364	False	False	False	False
NODE_0202->NODE_0203:AUS	NODE_0202	NODE_0203	AUS	7.491718538466205e-05	0.9999250813047076	0.9999798460484904	Europe_other	0.9033165024998747	7	7	0	0	2014-01-01	2019-03-31	0	0	0	1915	False	False	False	False
NODE_0202->AUS__SAMN45810524:AUS	NODE_0202	AUS__SAMN45810524	AUS	7.491869529241413e-05	0.9999250813047076	1.0	Europe_other	0.9033165024998747	1	1	0	0	2018-01-01	2018-01-31	0	0	0	30	False	False	False	False
NODE_0209->NODE_0210:AUS	NODE_0209	NODE_0210	AUS	1.0924154600059597e-10	2.7812150277410125e-08	1.0924154903883835e-10	Europe_other	0.999999988898246	19	6	0	13	2016-01-01	2024-10-31	0	0	0	3226	False	False	False	False
NODE_0209->NODE_0210:BEL	NODE_0209	NODE_0210	BEL	9.487080803508565e-12	1.865198759057966e-09	9.487080821203857e-12	Europe_other	0.9999999629512948	15	1	3	11	2017-07-25	2023-12-31	0	0	0	2350	False	False	False	False
NODE_0209->NODE_0210:CHN	NODE_0209	NODE_0210	CHN	5.933350831756681e-12	1.0332956906578943e-09	5.933350837887587e-12	Europe_other	0.9999999621193918	28	18	6	4	2018-01-01	2024-12-31	0	0	0	2556	False	False	False	False
NODE_0209->NODE_0210:FRA	NODE_0209	NODE_0210	FRA	2.3444769900201864e-11	5.635961543691289e-09	2.3444770032335688e-11	Europe_other	0.9999999667220575	21	0	0	21	2023-01-01	2024-12-31	0	0	0	730	False	True	False	False
NODE_0209->NODE_0210:JPN	NODE_0209	NODE_0210	JPN	6.5213857147887654e-12	1.1325694478504783e-09	6.521385722174688e-12	Europe_other	0.9999999622186656	2	0	0	2	2025-01-21	2025-03-03	0	0	0	41	False	True	False	False
NODE_0209->FRA__SAMEA115874242:FRA	NODE_0209	FRA__SAMEA115874242	FRA	0.9999999943640384	5.635961543691289e-09	1.0	Europe_other	0.9999999667220575	1	0	0	1	2024-01-01	2024-12-31	1	1	1	365	True	True	True	False
NODE_0336->NODE_0337:AUS	NODE_0336	NODE_0337	AUS	2.0613040671618594e-09	9.993643006544017e-11	2.061304067367859e-09	CHN	0.9999999992759065	3	0	0	3	2024-08-01	2024-08-31	0	0	0	30	False	True	False	False
NODE_0336->NODE_0337:CHN	NODE_0336	NODE_0337	CHN	8.240299360859662e-10	0.99999999917597	0.9999999765834696	JPN	0.49693911465090396	180	1	38	141	2019-01-01	2024-12-31	0	0	0	2191	False	False	False	False
NODE_0336->NODE_0337:FRA	NODE_0336	NODE_0337	FRA	1.552063682635357e-09	7.524736701583633e-11	1.5520636827521459e-09	CHN	0.9999999992512175	2	0	0	2	2024-01-01	2024-12-31	0	0	0	365	False	True	False	False
NODE_0336->NODE_0337:JPN	NODE_0336	NODE_0337	JPN	1.4866223111021755e-08	4.0949266761863527e-10	1.4866223117109365e-08	CHN	0.9999999995854628	53	0	0	53	2024-01-01	2025-12-31	0	0	0	730	False	True	False	False
NODE_0336->CHN__SAMN42391133:CHN	NODE_0336	CHN__SAMN42391133	CHN	8.240299553818886e-10	0.99999999917597	1.0	JPN	0.49693911465090396	1	0	0	1	2023-05-17	2023-05-17	0	0	0	0	False	True	False	False
NODE_0624->NODE_0625:BEL	NODE_0624	NODE_0625	BEL	2.6412243412092467e-09	0.9999999973587756	0.9999999965424048	AUS	0.2044220894502477	48	0	2	46	2022-11-14	2023-12-31	0	0	0	412	False	False	False	False
NODE_0624->NODE_0625:FRA	NODE_0624	NODE_0625	FRA	5.37566040868149e-10	4.074727061803852e-10	5.375660410871925e-10	BEL	0.9999999977662483	7	0	0	7	2023-01-01	2024-12-31	0	0	0	730	False	True	False	False
NODE_0624->BEL__SAMEA117989568:BEL	NODE_0624	BEL__SAMEA117989568	BEL	2.641224350341531e-09	0.9999999973587756	1.0	AUS	0.2044220894502477	1	0	0	1	2023-09-08	2023-09-08	0	0	0	0	False	True	False	False
NODE_0709->NODE_0710:BEL	NODE_0709	NODE_0710	BEL	5.270128806557197e-06	3.089351371554874e-06	5.270145087887153e-06	Unknown_other	0.9978904585797281	1	1	0	0	2014-08-01	2014-08-01	0	0	0	0	False	False	False	False
NODE_0071->AUS__SAMN18200430:AUS	NODE_0071	AUS__SAMN18200430	AUS	0.9999451353597288	5.486464027114684e-05	1.0	Europe_other	0.9999890227510766	1	1	0	0	2011-01-01	2011-12-31	0	0	0	364	True	False	False	False
NODE_0072->BEL__SAMEA117989579:BEL	NODE_0072	BEL__SAMEA117989579	BEL	0.716344136196529	0.2836558638034709	1.0	FRA	0.434358743676831	1	0	0	1	2023-10-12	2023-10-12	1	1	1	0	True	True	True	False
NODE_0072->FRA__SAMEA115874214:FRA	NODE_0072	FRA__SAMEA115874214	FRA	0.6888496609614111	0.3111503390385889	1.0	BEL	0.4117819603882499	1	0	0	1	2024-01-01	2024-12-31	1	1	1	365	True	True	True	False
NODE_0081->NODE_0082:AUS	NODE_0081	NODE_0082	AUS	0.00031939907239470606	3.5577728763415e-08	0.0003193990837582	Europe_other	0.9999985510180898	16	4	0	12	2018-11-01	2024-10-31	0	0	0	2191	False	False	False	False
NODE_0081->NODE_0082:BEL	NODE_0081	NODE_0082	BEL	0.012202395645032024	1.009584248623826e-06	0.0122024079643909	Europe_other	0.9999995250241817	3	2	1	0	2018-03-26	2020-03-16	0	0	0	721	False	False	False	False
NODE_0109->JPN__SAMD00920274:JPN	NODE_0109	JPN__SAMD00920274	JPN	0.0002864433699147906	0.9997135566300852	1.0	Europe_other	0.7314374467526613	1	0	0	1	2024-01-01	2024-12-31	0	0	0	365	False	True	False	False
NODE_0109->JPN__SAMD00920281:JPN	NODE_0109	JPN__SAMD00920281	JPN	0.0002864433699147906	0.9997135566300852	1.0	Europe_other	0.7314374467526613	1	0	0	1	2025-01-01	2025-12-31	0	0	0	364	False	True	False	False
NODE_0112->CHN__SAMN22233924:CHN	NODE_0112	CHN__SAMN22233924	CHN	0.7914869299497009	0.208513070050299	1.0	Europe_other	0.7579780082889617	1	1	0	0	2018-01-01	2018-12-31	0	0	0	364	True	False	False	False
NODE_0112->NODE_0113:AUS	NODE_0112	NODE_0113	AUS	0.07231034313674027	0.0777470179377215	0.0784061906474348	Europe_other	0.6505044694011158	1	1	0	0	2015-12-01	2015-12-31	0	0	0	30	False	False	False	False
NODE_0203->NODE_0204:AUS	NODE_0203	NODE_0204	AUS	2.01538520749203e-05	0.9999798460484904	0.9999950662459312	Europe_other	0.9029262810927591	6	6	0	0	2014-01-01	2019-03-31	0	0	0	1915	False	False	False	False
NODE_0203->AUS__SAMN45810528:AUS	NODE_0203	AUS__SAMN45810528	AUS	2.0153951509560564e-05	0.9999798460484904	1.0	Europe_other	0.9029262810927591	1	1	0	0	2018-08-01	2018-08-31	0	0	0	30	False	False	False	False
NODE_0210->NODE_0211:AUS	NODE_0210	NODE_0211	AUS	1.4590901676759228e-11	1.0924154903883835e-10	1.459090167835316e-11	Europe_other	0.9999999999462943	19	6	0	13	2016-01-01	2024-10-31	0	0	0	3226	False	False	False	False
NODE_0210->NODE_0211:BEL	NODE_0210	NODE_0211	BEL	1.2378928881147658e-11	9.487080821203857e-12	1.2378928881265098e-11	Europe_other	0.9999999998465399	15	1	3	11	2017-07-25	2023-12-31	0	0	0	2350	False	False	False	False
NODE_0210->NODE_0211:CHN	NODE_0210	NODE_0211	CHN	1.5273054813566042e-11	5.933350837887587e-12	1.5273054813656663e-11	Europe_other	0.9999999998429862	28	18	6	4	2018-01-01	2024-12-31	0	0	0	2556	False	False	False	False
NODE_0210->NODE_0211:FRA	NODE_0210	NODE_0211	FRA	9.98002614912063e-12	2.3444770032335688e-11	9.98002614935461e-12	Europe_other	0.9999999998604976	21	0	0	21	2023-01-01	2024-12-31	0	0	0	730	False	True	False	False
NODE_0210->NODE_0211:JPN	NODE_0210	NODE_0211	JPN	1.152978528440091e-11	6.521385722174688e-12	1.15297852844761e-11	Europe_other	0.9999999998435741	2	0	0	2	2025-01-21	2025-03-03	0	0	0	41	False	True	False	False
NODE_0337->NODE_0338:AUS	NODE_0337	NODE_0338	AUS	8.528082024679945e-11	2.061304067367859e-09	8.528082042258915e-11	CHN	0.9999999786447736	3	0	0	3	2024-08-01	2024-08-31	0	0	0	30	False	True	False	False
NODE_0337->NODE_0338:CHN	NODE_0337	NODE_0338	CHN	2.341653036492618e-08	0.9999999765834696	0.9999999992963258	JPN	0.6348601952233193	180	1	38	141	2019-01-01	2024-12-31	0	0	0	2191	False	False	False	False
NODE_0337->NODE_0338:FRA	NODE_0337	NODE_0338	FRA	6.421239161335593e-11	1.5520636827521459e-09	6.421239171301765e-11	CHN	0.9999999781355331	2	0	0	2	2024-01-01	2024-12-31	0	0	0	365	False	True	False	False
NODE_0337->NODE_0338:JPN	NODE_0337	NODE_0338	JPN	3.499285762467084e-10	1.4866223117109365e-08	3.4992858144882476e-10	CHN	0.9999999914496924	52	0	0	52	2024-01-01	2025-12-31	0	0	0	730	False	True	False	False
NODE_0337->JPN__SAMD01797762:JPN	NODE_0337	JPN__SAMD01797762	JPN	0.9999999851337769	1.4866223117109365e-08	1.0	CHN	0.9999999914496924	1	0	0	1	2025-05-01	2025-05-31	1	1	1	30	True	True	True	False
NODE_0625->NODE_0626:BEL	NODE_0625	NODE_0626	BEL	3.4575951559106243e-09	0.9999999965424048	0.9999999843148748	AUS	0.2041320832485911	47	0	2	45	2022-11-14	2023-12-31	0	0	0	412	False	False	False	False
NODE_0625->NODE_0626:FRA	NODE_0625	NODE_0626	FRA	2.4586082453883034e-09	5.375660410871925e-10	2.4586082467099676e-09	BEL	0.9999999970799709	7	0	0	7	2023-01-01	2024-12-31	0	0	0	730	False	True	False	False
NODE_0625->BEL__SAMEA117989581:BEL	NODE_0625	BEL__SAMEA117989581	BEL	3.457595210143438e-09	0.9999999965424048	1.0	AUS	0.2041320832485911	1	0	0	1	2023-10-18	2023-10-18	0	0	0	0	False	True	False	False
NODE_0710->NODE_0711:BEL	NODE_0710	NODE_0711	BEL	9.761940392534443e-05	5.270145087887153e-06	9.761991839647785e-05	Unknown_other	0.9978837065716551	1	1	0	0	2014-08-01	2014-08-01	0	0	0	0	False	False	False	False
NODE_0082->NODE_0083:AUS	NODE_0082	NODE_0083	AUS	0.0003213882097380364	0.0003193990837582	0.0003214908936349	Europe_other	0.9866911353702046	16	4	0	12	2018-11-01	2024-10-31	0	0	0	2191	False	False	False	False
NODE_0082->NODE_0083:BEL	NODE_0082	NODE_0083	BEL	0.01206269530279694	0.0122024079643909	0.0122117075401436	Europe_other	0.9985608337968668	2	2	0	0	2018-03-26	2018-10-09	0	0	0	197	False	False	False	False
NODE_0082->BEL__SAMEA117989518:BEL	NODE_0082	BEL__SAMEA117989518	BEL	0.9877975920356091	0.0122024079643909	1.0	Europe_other	0.9985608337968668	1	0	1	0	2020-03-16	2020-03-16	0	0	0	0	True	False	False	False
NODE_0113->AUS__SAMN45810550:AUS	NODE_0113	AUS__SAMN45810550	AUS	0.9215938093525652	0.0784061906474348	1.0	Europe_other	0.6496568124162926	1	1	0	0	2015-12-01	2015-12-31	0	0	0	30	True	False	False	False
NODE_0204->NODE_0205:AUS	NODE_0204	NODE_0205	AUS	4.933726151817534e-06	0.9999950662459312	0.9999943416251116	Europe_other	0.9020560909495152	3	3	0	0	2014-01-01	2019-03-31	0	0	0	1915	False	False	False	False
NODE_0204->NODE_0207:AUS	NODE_0204	NODE_0207	AUS	4.933677931456299e-06	0.9999950662459312	0.9999845680610948	Europe_other	0.9020560909495152	3	3	0	0	2016-01-01	2019-01-31	0	0	0	1126	False	False	False	False
NODE_0211->NODE_0212:AUS	NODE_0211	NODE_0212	AUS	4.3033787932501e-12	1.459090167835316e-11	4.30337879331289e-12	Europe_other	0.9999999999310819	19	6	0	13	2016-01-01	2024-10-31	0	0	0	3226	False	False	False	False
NODE_0211->NODE_0212:BEL	NODE_0211	NODE_0212	BEL	4.227451737973057e-12	1.2378928881265098e-11	4.227451738025388e-12	Europe_other	0.9999999999288699	15	1	3	11	2017-07-25	2023-12-31	0	0	0	2350	False	False	False	False
NODE_0211->NODE_0212:CHN	NODE_0211	NODE_0212	CHN	2.608362171568737e-10	1.5273054813656663e-11	2.6083621716085745e-10	Europe_other	0.999999999931764	28	18	6	4	2018-01-01	2024-12-31	0	0	0	2556	False	False	False	False
NODE_0211->NODE_0212:FRA	NODE_0211	NODE_0212	FRA	1.1233774423165325e-11	9.98002614935461e-12	1.1233774423277438e-11	Europe_other	0.999999999926471	21	0	0	21	2023-01-01	2024-12-31	0	0	0	730	False	True	False	False
NODE_0211->NODE_0212:JPN	NODE_0211	NODE_0212	JPN	3.9391541968776325e-12	1.15297852844761e-11	3.93915419692305e-12	Europe_other	0.9999999999280208	2	0	0	2	2025-01-21	2025-03-03	0	0	0	41	False	True	False	False
NODE_0338->NODE_0339:AUS	NODE_0338	NODE_0339	AUS	3.02784047224728e-10	8.528082042258915e-11	3.027840472505497e-10	CHN	0.9999999993816067	3	0	0	3	2024-08-01	2024-08-31	0	0	0	30	False	True	False	False
NODE_0338->NODE_0339:CHN	NODE_0338	NODE_0339	CHN	7.036742288918415e-10	0.9999999992963258	0.999999998430932	JPN	0.4972877997897754	178	1	37	140	2019-01-01	2024-12-31	0	0	0	2191	False	False	False	False
NODE_0338->NODE_0339:FRA	NODE_0338	NODE_0339	FRA	2.2798195126606685e-10	6.421239171301765e-11	2.279819512807061e-10	CHN	0.9999999993605382	2	0	0	2	2024-01-01	2024-12-31	0	0	0	365	False	True	False	False
NODE_0338->NODE_0339:JPN	NODE_0338	NODE_0339	JPN	3.1311712068681384e-10	3.4992858144882476e-10	3.1311712079638245e-10	CHN	0.9999999996462543	52	0	0	52	2024-01-01	2025-12-31	0	0	0	730	False	True	False	False
NODE_0338->NODE_0574:CHN	NODE_0338	NODE_0574	CHN	7.036588060752306e-10	0.9999999992963258	0.9999780808788128	JPN	0.4972877997897754	2	0	1	1	2021-12-10	2024-03-20	0	0	0	831	False	False	False	False
NODE_0626->NODE_0627:BEL	NODE_0626	NODE_0627	BEL	1.5685125129489723e-08	0.9999999843148748	0.9999999955892896	AUS	0.20382419298576893	47	0	2	45	2022-11-14	2023-12-31	0	0	0	412	False	False	False	False
NODE_0626->NODE_0627:FRA	NODE_0626	NODE_0627	FRA	7.309292823592042e-10	2.4586082467099676e-09	7.309292841562729e-10	BEL	0.9999999867734831	6	0	0	6	2023-01-01	2024-12-31	0	0	0	730	False	True	False	False
NODE_0626->FRA__SAMEA117615785:FRA	NODE_0626	FRA__SAMEA117615785	FRA	0.9999999975413918	2.4586082467099676e-09	1.0	BEL	0.9999999867734831	1	0	0	1	2024-01-01	2024-12-31	1	1	1	365	True	True	True	False
NODE_0711->NODE_0712:BEL	NODE_0711	NODE_0712	BEL	0.0003988909049744461	9.761991839647785e-05	0.0003989298484737	Unknown_other	0.9975902104119975	1	1	0	0	2014-08-01	2014-08-01	0	0	0	0	False	False	False	False
NODE_0083->NODE_0084:AUS	NODE_0083	NODE_0084	AUS	0.0018481768996147152	0.0003214908936349	0.0018487712627401	Europe_other	0.9866746311997185	16	4	0	12	2018-11-01	2024-10-31	0	0	0	2191	False	False	False	False
NODE_0083->NODE_0084:BEL	NODE_0083	NODE_0084	BEL	0.019632930989397425	0.0122117075401436	0.0198756465725122	Europe_other	0.9985514424700399	2	2	0	0	2018-03-26	2018-10-09	0	0	0	197	False	False	False	False
NODE_0205->NODE_0206:AUS	NODE_0205	NODE_0206	AUS	5.65246480623979e-06	0.9999943416251116	0.9989555159751096	Europe_other	0.7481836288197484	2	2	0	0	2014-01-01	2018-10-31	0	0	0	1764	False	False	False	False
NODE_0205->AUS__SAMN45810575:AUS	NODE_0205	AUS__SAMN45810575	AUS	5.658374888417583e-06	0.9999943416251116	1.0	Europe_other	0.7481836288197484	1	1	0	0	2019-03-01	2019-03-31	0	0	0	30	False	False	False	False
NODE_0207->NODE_0208:AUS	NODE_0207	NODE_0208	AUS	1.5431685238104796e-05	0.9999845680610948	0.9999835622028588	BEL	0.19882365408464198	2	2	0	0	2016-01-01	2016-01-31	0	0	0	30	False	False	False	False
NODE_0207->AUS__SAMN45810547:AUS	NODE_0207	AUS__SAMN45810547	AUS	1.5431938905186016e-05	0.9999845680610948	1.0	BEL	0.19882365408464198	1	1	0	0	2019-01-01	2019-01-31	0	0	0	30	False	False	False	False
NODE_0212->NODE_0213:AUS	NODE_0212	NODE_0213	AUS	1.6460867777237075e-09	4.30337879331289e-12	1.646086777730791e-09	Europe_other	0.9999999994574872	15	3	0	12	2016-01-01	2024-10-31	0	0	0	3226	False	False	False	False
NODE_0212->NODE_0213:BEL	NODE_0212	NODE_0213	BEL	1.6163727234575893e-09	4.227451738025388e-12	1.6163727234644224e-09	Europe_other	0.9999999994574112	11	0	0	11	2023-05-14	2023-12-31	0	0	0	231	False	True	False	False
NODE_0212->NODE_0213:CHN	NODE_0212	NODE_0213	CHN	1.3763419525377334e-07	2.6083621716085745e-10	1.3763419528967332e-07	Europe_other	0.99999999971402	28	18	6	4	2018-01-01	2024-12-31	0	0	0	2556	False	False	False	False
NODE_0212->NODE_0213:FRA	NODE_0212	NODE_0213	FRA	5.473822188906323e-09	1.1233774423277438e-11	5.473822188967815e-09	Europe_other	0.9999999994644175	21	0	0	21	2023-01-01	2024-12-31	0	0	0	730	False	True	False	False
NODE_0212->NODE_0213:JPN	NODE_0212	NODE_0213	JPN	1.5116418572138888e-09	3.93915419692305e-12	1.5116418572198435e-09	Europe_other	0.9999999994571229	2	0	0	2	2025-01-21	2025-03-03	0	0	0	41	False	True	False	False
NODE_0212->NODE_0304:AUS	NODE_0212	NODE_0304	AUS	1.0892988753884424e-09	4.30337879331289e-12	1.08929887539313e-09	Europe_other	0.9999999994574872	4	3	0	1	2018-03-01	2024-05-31	0	0	0	2283	False	False	False	False
NODE_0212->NODE_0304:BEL	NODE_0212	NODE_0304	BEL	4.948993896924283e-08	4.227451738025388e-12	4.948993896945205e-08	Europe_other	0.9999999994574112	4	1	3	0	2017-07-25	2020-04-09	0	0	0	989	False	False	False	False
NODE_0339->NODE_0340:AUS	NODE_0339	NODE_0340	AUS	1.3621744254138051e-11	3.027840472505497e-10	1.3621744258262498e-11	CHN	0.999999998733716	3	0	0	3	2024-08-01	2024-08-31	0	0	0	30	False	True	False	False
NODE_0339->NODE_0340:CHN	NODE_0339	NODE_0340	CHN	1.5690679865422932e-09	0.999999998430932	0.999999999930778	JPN	0.19955611822758684	177	1	36	140	2019-01-01	2024-12-31	0	0	0	2191	False	False	False	False
NODE_0339->NODE_0340:FRA	NODE_0339	NODE_0340	FRA	1.0256523985224635e-11	2.279819512807061e-10	1.0256523987562938e-11	CHN	0.999999998658914	2	0	0	2	2024-01-01	2024-12-31	0	0	0	365	False	True	False	False
NODE_0339->NODE_0340:JPN	NODE_0339	NODE_0340	JPN	1.2718620453236692e-11	3.1311712079638245e-10	1.271862045721911e-11	CHN	0.9999999987440492	52	0	0	52	2024-01-01	2025-12-31	0	0	0	730	False	True	False	False
NODE_0339->CHN__SAMN50152013:CHN	NODE_0339	CHN__SAMN50152013	CHN	1.5690679866509072e-09	0.999999998430932	1.0	JPN	0.19955611822758684	1	0	1	0	2021-01-01	2021-12-31	0	0	0	364	False	False	False	False
NODE_0574->CHN__SAMN42391115:CHN	NODE_0574	CHN__SAMN42391115	CHN	2.191912118720829e-05	0.9999780808788128	1.0	AUS	0.1973804826320909	1	0	1	0	2021-12-10	2021-12-10	0	0	0	0	False	False	False	False
NODE_0574->CHN__SAMN44583946:CHN	NODE_0574	CHN__SAMN44583946	CHN	2.191912118720829e-05	0.9999780808788128	1.0	AUS	0.1973804826320909	1	0	0	1	2024-03-20	2024-03-20	0	0	0	0	False	True	False	False
NODE_0627->NODE_0628:BEL	NODE_0627	NODE_0628	BEL	4.410710344442178e-09	0.9999999955892896	0.9999999981710188	AUS	0.20165624149186664	46	0	2	44	2022-11-14	2023-12-31	0	0	0	412	False	False	False	False
NODE_0627->NODE_0628:FRA	NODE_0627	NODE_0628	FRA	4.768468808611597e-10	7.309292841562729e-10	4.76846881209701e-10	BEL	0.999999996320219	6	0	0	6	2023-01-01	2024-12-31	0	0	0	730	False	True	False	False
NODE_0627->BEL__SAMEA117989572:BEL	NODE_0627	BEL__SAMEA117989572	BEL	4.410710352509284e-09	0.9999999955892896	1.0	AUS	0.20165624149186664	1	0	0	1	2023-09-19	2023-09-19	0	0	0	0	False	True	False	False
NODE_0712->BEL__SAMEA117989209:BEL	NODE_0712	BEL__SAMEA117989209	BEL	0.9996010701515263	0.0003989298484737	1.0	Unknown_other	0.9975780181332974	1	1	0	0	2014-08-01	2014-08-01	0	0	0	0	True	False	False	False
NODE_0084->NODE_0085:AUS	NODE_0084	NODE_0085	AUS	0.0031031878733016665	0.0018487712627401	0.0031089355840672	Europe_other	0.9759481152324426	16	4	0	12	2018-11-01	2024-10-31	0	0	0	2191	False	False	False	False
NODE_0084->NODE_0085:BEL	NODE_0084	NODE_0085	BEL	0.025729100431948253	0.0198756465725122	0.0262508531106015	Europe_other	0.993898179344796	2	2	0	0	2018-03-26	2018-10-09	0	0	0	197	False	False	False	False
NODE_0206->AUS__SAMN08443746:AUS	NODE_0206	AUS__SAMN08443746	AUS	0.0010444840248904352	0.9989555159751096	1.0	BEL	0.20094364154029842	1	1	0	0	2014-01-01	2014-12-31	0	0	0	364	False	False	False	False
NODE_0206->AUS__SAMN45810539:AUS	NODE_0206	AUS__SAMN45810539	AUS	0.0010444840248904352	0.9989555159751096	1.0	BEL	0.20094364154029842	1	1	0	0	2018-10-01	2018-10-31	0	0	0	30	False	False	False	False
NODE_0208->AUS__SAMN45810571:AUS	NODE_0208	AUS__SAMN45810571	AUS	1.6437797141222177e-05	0.9999835622028588	1.0	BEL	0.1990923984206577	1	1	0	0	2016-01-01	2016-01-31	0	0	0	30	False	False	False	False
NODE_0208->AUS__SAMN45810522:AUS	NODE_0208	AUS__SAMN45810522	AUS	1.6437797141222177e-05	0.9999835622028588	1.0	BEL	0.1990923984206577	1	1	0	0	2016-01-01	2016-01-31	0	0	0	30	False	False	False	False
NODE_0213->NODE_0214:AUS	NODE_0213	NODE_0214	AUS	2.767311692631372e-06	1.646086777730791e-09	2.767311697186607e-06	Europe_other	0.9999997155900678	13	3	0	10	2016-01-01	2024-10-31	0	0	0	3226	False	False	False	False
NODE_0213->NODE_0214:CHN	NODE_0213	NODE_0214	CHN	0.999898665102045	1.3763419528967332e-07	0.999898802722312	Europe_other	0.9999998515781564	15	11	3	1	2018-01-01	2023-06-08	0	0	0	1984	True	False	False	False
NODE_0213->NODE_0241:AUS	NODE_0213	NODE_0241	AUS	2.0545018859430756e-09	1.646086777730791e-09	2.054501889324964e-09	Europe_other	0.9999997155900678	2	0	0	2	2024-01-01	2024-05-31	0	0	0	151	False	True	False	False
NODE_0213->NODE_0241:BEL	NODE_0213	NODE_0241	BEL	2.017391546416926e-09	1.6163727234644224e-09	2.017391549677783e-09	Europe_other	0.9999997155603538	11	0	0	11	2023-05-14	2023-12-31	0	0	0	231	False	True	False	False
NODE_0213->NODE_0241:CHN	NODE_0213	NODE_0241	CHN	1.205776860902099e-07	1.3763419528967332e-07	1.2057770268582496e-07	Europe_other	0.9999998515781564	13	7	3	3	2018-01-01	2024-12-31	0	0	0	2556	False	False	False	False
NODE_0213->NODE_0241:FRA	NODE_0213	NODE_0241	FRA	1.001556318118275e-08	5.473822188967815e-09	1.0015563236006161e-08	Europe_other	0.9999997194178022	21	0	0	21	2023-01-01	2024-12-31	0	0	0	730	False	True	False	False
NODE_0213->NODE_0241:JPN	NODE_0213	NODE_0241	JPN	1.8866836043039393e-09	1.5116418572198435e-09	1.886683607155929e-09	Europe_other	0.9999997154556229	2	0	0	2	2025-01-21	2025-03-03	0	0	0	41	False	True	False	False
NODE_0304->NODE_0305:AUS	NODE_0304	NODE_0305	AUS	1.162460804689658e-09	1.08929887539313e-09	1.1624608059559254e-09	Europe_other	0.9999999465480374	4	3	0	1	2018-03-01	2024-05-31	0	0	0	2283	False	False	False	False
NODE_0304->NODE_0305:BEL	NODE_0304	NODE_0305	BEL	1.0422707308617132e-07	4.948993896945205e-08	1.0422707824436305e-07	Europe_other	0.9999999949486773	4	1	3	0	2017-07-25	2020-04-09	0	0	0	989	False	False	False	False
NODE_0340->NODE_0341:AUS	NODE_0340	NODE_0341	AUS	1.1979654945810294e-11	1.3621744258262498e-11	1.1979654945973478e-11	CHN	0.9999999999443999	3	0	0	3	2024-08-01	2024-08-31	0	0	0	30	False	True	False	False
NODE_0340->NODE_0341:CHN	NODE_0340	NODE_0341	CHN	6.922196149196727e-11	0.999999999930778	0.9999999999393054	AUS	0.1967842066426795	176	1	36	139	2019-01-01	2024-12-31	0	0	0	2191	False	False	False	False
NODE_0340->NODE_0341:FRA	NODE_0340	NODE_0341	FRA	9.020112811105377e-12	1.0256523987562938e-11	9.020112811197892e-12	CHN	0.9999999999410348	2	0	0	2	2024-01-01	2024-12-31	0	0	0	365	False	True	False	False
NODE_0340->NODE_0341:JPN	NODE_0340	NODE_0341	JPN	1.1002744094175799e-11	1.271862045721911e-11	1.1002744094315738e-11	CHN	0.999999999943497	52	0	0	52	2024-01-01	2025-12-31	0	0	0	730	False	True	False	False
NODE_0340->CHN__SAMN44584026:CHN	NODE_0340	CHN__SAMN44584026	CHN	6.922196149616866e-11	0.999999999930778	1.0	AUS	0.1967842066426795	1	0	0	1	2024-04-16	2024-04-16	0	0	0	0	False	True	False	False
NODE_0628->NODE_0629:BEL	NODE_0628	NODE_0629	BEL	1.8289811797705154e-09	0.9999999981710188	0.9999999951052736	FRA	0.26071723922348344	45	0	2	43	2022-11-14	2023-12-31	0	0	0	412	False	False	False	False
NODE_0628->NODE_0629:FRA	NODE_0628	NODE_0629	FRA	2.6670441269894864e-09	4.76846881209701e-10	2.667044128261258e-09	BEL	0.9999999986478658	6	0	0	6	2023-01-01	2024-12-31	0	0	0	730	False	True	False	False
NODE_0628->BEL__SAMEA117989565:BEL	NODE_0628	BEL__SAMEA117989565	BEL	1.828981188722878e-09	0.9999999981710188	1.0	FRA	0.26071723922348344	1	0	0	1	2023-08-30	2023-08-30	0	0	0	0	False	True	False	False
NODE_0085->NODE_0086:AUS	NODE_0085	NODE_0086	AUS	0.19237747310064857	0.0031089355840672	0.1929774274918999	Europe_other	0.9667936177044544	16	4	0	12	2018-11-01	2024-10-31	0	0	0	2191	False	False	False	False
NODE_0085->NODE_0102:BEL	NODE_0085	NODE_0102	BEL	0.9595720770520949	0.0262508531106015	0.9854407370906648	Europe_other	0.9897702315865485	2	2	0	0	2018-03-26	2018-10-09	0	0	0	197	True	False	False	False
NODE_0214->NODE_0215:AUS	NODE_0214	NODE_0215	AUS	1.4516503629294999e-07	2.767311697186607e-06	1.4516543801096462e-07	CHN	0.9999015697616221	13	3	0	10	2016-01-01	2024-10-31	0	0	0	3226	False	False	False	False
NODE_0214->NODE_0215:CHN	NODE_0214	NODE_0215	CHN	0.00010119674166050285	0.999898802722312	0.9999947031433016	Europe_other	0.8682868159624907	14	10	3	1	2018-01-01	2023-06-08	0	0	0	1984	False	False	False	False
NODE_0214->CHN__SAMN50151969:CHN	NODE_0214	CHN__SAMN50151969	CHN	0.00010119727768798104	0.999898802722312	1.0	Europe_other	0.8682868159624907	1	1	0	0	2019-01-01	2019-12-31	0	0	0	364	False	False	False	False
NODE_0241->NODE_0242:AUS	NODE_0241	NODE_0242	AUS	1.0349045826377955e-07	2.054501889324964e-09	1.034904584764009e-07	Europe_other	0.9999995906002942	2	0	0	2	2024-01-01	2024-05-31	0	0	0	151	False	True	False	False
NODE_0241->NODE_0242:BEL	NODE_0241	NODE_0242	BEL	1.0162103686354819e-07	2.017391549677783e-09	1.0162103706855761e-07	Europe_other	0.999999590563184	11	0	0	11	2023-05-14	2023-12-31	0	0	0	231	False	True	False	False
NODE_0241->NODE_0242:CHN	NODE_0241	NODE_0242	CHN	4.126936004074816e-07	1.2057770268582496e-07	4.126936501691339e-07	Europe_other	0.9999997091234608	13	7	3	3	2018-01-01	2024-12-31	0	0	0	2556	False	False	False	False
NODE_0241->NODE_0242:FRA	NODE_0241	NODE_0242	FRA	5.101610388959266e-07	1.0015563236006161e-08	5.101610440054767e-07	Europe_other	0.9999995985613525	21	0	0	21	2023-01-01	2024-12-31	0	0	0	730	False	True	False	False
NODE_0241->NODE_0242:JPN	NODE_0241	NODE_0242	JPN	9.503727399383182e-08	1.886683607155929e-09	9.503727417313709e-08	Europe_other	0.999999590432476	2	0	0	2	2025-01-21	2025-03-03	0	0	0	41	False	True	False	False
NODE_0305->NODE_0306:AUS	NODE_0305	NODE_0306	AUS	1.689434670654305e-11	1.1624608059559254e-09	1.6894346726182067e-11	Europe_other	0.9999998915484632	4	3	0	1	2018-03-01	2024-05-31	0	0	0	2283	False	False	False	False
NODE_0305->NODE_0306:BEL	NODE_0305	NODE_0306	BEL	8.624817193943998e-08	1.0422707824436305e-07	8.624818092883588e-08	Europe_other	0.9999999946130803	3	1	2	0	2017-07-25	2020-04-07	0	0	0	987	False	False	False	False
NODE_0305->BEL__SAMEA117989522:BEL	NODE_0305	BEL__SAMEA117989522	BEL	0.9999998957729218	1.0422707824436305e-07	1.0	Europe_other	0.9999999946130803	1	0	1	0	2020-04-09	2020-04-09	0	0	0	0	True	False	False	False
NODE_0341->NODE_0342:AUS	NODE_0341	NODE_0342	AUS	1.193921266498052e-11	1.1979654945973478e-11	1.1939212665123547e-11	CHN	0.9999999999512853	3	0	0	3	2024-08-01	2024-08-31	0	0	0	30	False	True	False	False
NODE_0341->NODE_0342:CHN	NODE_0341	NODE_0342	CHN	6.06945604849564e-11	0.9999999999393054	0.9999999999395108	AUS	0.19737640946259571	173	1	34	138	2019-01-01	2024-12-31	0	0	0	2191	False	False	False	False
NODE_0341->NODE_0342:FRA	NODE_0341	NODE_0342	FRA	8.990291524575479e-12	9.020112811197892e-12	8.990291524656572e-12	CHN	0.9999999999483256	2	0	0	2	2024-01-01	2024-12-31	0	0	0	365	False	True	False	False
NODE_0341->NODE_0342:JPN	NODE_0341	NODE_0342	JPN	1.0964355355496469e-11	1.1002744094315738e-11	1.0964355355617106e-11	CHN	0.9999999999503082	52	0	0	52	2024-01-01	2025-12-31	0	0	0	730	False	True	False	False
NODE_0341->NODE_0572:CHN	NODE_0341	NODE_0572	CHN	6.069443978093156e-11	0.9999999999393054	0.9999980112271144	AUS	0.19737640946259571	3	0	2	1	2021-01-01	2024-04-18	0	0	0	1203	False	False	False	False
NODE_0629->NODE_0630:BEL	NODE_0629	NODE_0630	BEL	4.8947262980583504e-09	0.9999999951052736	0.9999999787703582	FRA	0.544881145728876	44	0	2	42	2022-11-14	2023-12-31	0	0	0	412	False	False	False	False
NODE_0629->NODE_0630:FRA	NODE_0629	NODE_0630	FRA	1.690423459586278e-08	2.667044128261258e-09	1.690423464094712e-08	BEL	0.9999999977723177	6	0	0	6	2023-01-01	2024-12-31	0	0	0	730	False	True	False	False
NODE_0629->BEL__SAMEA117989548:BEL	NODE_0629	BEL__SAMEA117989548	BEL	4.8947264019716386e-09	0.9999999951052736	1.0	FRA	0.544881145728876	1	0	0	1	2023-07-19	2023-07-19	0	0	0	0	False	True	False	False
NODE_0086->NODE_0087:AUS	NODE_0086	NODE_0087	AUS	0.7915081210976236	0.1929774274918999	0.9807756908679022	Unknown_other	0.4978817676030823	16	4	0	12	2018-11-01	2024-10-31	0	0	0	2191	True	False	False	False
NODE_0102->BEL__SAMEA117989353:BEL	NODE_0102	BEL__SAMEA117989353	BEL	0.01455926290933518	0.9854407370906648	1.0	Europe_other	0.9569058886422612	1	1	0	0	2018-03-26	2018-03-26	0	0	0	0	False	False	False	False
NODE_0102->BEL__SAMEA117989425:BEL	NODE_0102	BEL__SAMEA117989425	BEL	0.01455926290933518	0.9854407370906648	1.0	Europe_other	0.9569058886422612	1	1	0	0	2018-10-09	2018-10-09	0	0	0	0	False	False	False	False
NODE_0215->NODE_0216:AUS	NODE_0215	NODE_0216	AUS	5.640840482230671e-09	1.4516543801096462e-07	5.6408413010858695e-09	CHN	0.9999948483079918	13	3	0	10	2016-01-01	2024-10-31	0	0	0	3226	False	False	False	False
NODE_0215->NODE_0216:CHN	NODE_0215	NODE_0216	CHN	5.296855622838559e-06	0.9999947031433016	0.9999997969497038	Europe_other	0.8679966346355361	13	9	3	1	2018-01-01	2023-06-08	0	0	0	1984	False	False	False	False
NODE_0215->CHN__SAMN50151934:CHN	NODE_0215	CHN__SAMN50151934	CHN	5.296856698366881e-06	0.9999947031433016	1.0	Europe_other	0.8679966346355361	1	1	0	0	2018-01-01	2018-12-31	0	0	0	364	False	False	False	False
NODE_0242->NODE_0243:AUS	NODE_0242	NODE_0243	AUS	4.809890312892565e-06	1.034904584764009e-07	4.8098908106703705e-06	Europe_other	0.999984851084369	1	0	0	1	2024-01-01	2024-01-31	0	0	0	30	False	True	False	False
NODE_0242->NODE_0243:CHN	NODE_0242	NODE_0243	CHN	1.1605762669729516e-05	4.126936501691339e-07	1.1605767459356052e-05	Europe_other	0.9999851602830042	11	5	3	3	2018-01-01	2024-12-31	0	0	0	2556	False	False	False	False
NODE_0242->NODE_0243:FRA	NODE_0242	NODE_0243	FRA	3.448755704202857e-06	5.101610440054767e-07	3.448757463624565e-06	Europe_other	0.9999852577490014	5	0	0	5	2023-01-01	2024-12-31	0	0	0	730	False	True	False	False
NODE_0242->NODE_0266:AUS	NODE_0242	NODE_0266	AUS	7.488278921440076e-07	1.034904584764009e-07	7.488279696405574e-07	Europe_other	0.999984851084369	1	0	0	1	2024-05-01	2024-05-31	0	0	0	30	False	True	False	False
NODE_0242->NODE_0266:BEL	NODE_0242	NODE_0266	BEL	7.35325428116669e-07	1.0162103706855761e-07	7.353255028412092e-07	Europe_other	0.9999848492149757	11	0	0	11	2023-05-14	2023-12-31	0	0	0	231	False	True	False	False
NODE_0242->NODE_0266:CHN	NODE_0242	NODE_0266	CHN	3.277889135553352e-05	4.126936501691339e-07	3.2778904883179424e-05	Europe_other	0.9999851602830042	2	2	0	0	2018-01-01	2018-12-31	0	0	0	364	False	False	False	False
NODE_0242->NODE_0266:FRA	NODE_0242	NODE_0266	FRA	6.51916177530506e-05	5.101610440054767e-07	6.519165101129134e-05	Europe_other	0.9999852577490014	16	0	0	16	2023-01-01	2024-12-31	0	0	0	730	False	True	False	False
NODE_0242->NODE_0266:JPN	NODE_0242	NODE_0266	JPN	6.876841942400095e-07	9.503727417313709e-08	6.87684259595647e-07	Europe_other	0.9999848426313119	2	0	0	2	2025-01-21	2025-03-03	0	0	0	41	False	True	False	False
NODE_0306->NODE_0307:AUS	NODE_0306	NODE_0307	AUS	2.4716684699208153e-09	1.6894346726182067e-11	2.4716684699625726e-09	Europe_other	0.9999999137015185	4	3	0	1	2018-03-01	2024-05-31	0	0	0	2283	False	False	False	False
NODE_0306->NODE_0307:BEL	NODE_0306	NODE_0307	BEL	1.4021199624999537e-06	8.624818092883588e-08	1.4021200834302603e-06	Europe_other	0.9999999999328051	3	1	2	0	2017-07-25	2020-04-07	0	0	0	987	False	False	False	False
NODE_0342->NODE_0343:AUS	NODE_0342	NODE_0343	AUS	2.477462990240421e-11	1.1939212665123547e-11	2.47746299027e-11	CHN	0.9999999999514503	3	0	0	3	2024-08-01	2024-08-31	0	0	0	30	False	True	False	False
NODE_0342->NODE_0343:CHN	NODE_0342	NODE_0343	CHN	6.048916922147324e-11	0.9999999999395108	0.9999999998743764	AUS	0.19737841487629607	171	1	34	136	2019-01-01	2024-12-31	0	0	0	2191	False	False	False	False
NODE_0342->NODE_0343:FRA	NODE_0342	NODE_0343	FRA	1.8760542286661294e-11	8.990291524656572e-12	1.8760542286829955e-11	CHN	0.9999999999485013	2	0	0	2	2024-01-01	2024-12-31	0	0	0	365	False	True	False	False
NODE_0342->NODE_0343:JPN	NODE_0342	NODE_0343	JPN	2.275172310926596e-11	1.0964355355617106e-11	2.2751723109515416e-11	CHN	0.9999999999504753	52	0	0	52	2024-01-01	2025-12-31	0	0	0	730	False	True	False	False
NODE_0342->NODE_0571:CHN	NODE_0342	NODE_0571	CHN	6.048916868972176e-11	0.9999999999395108	0.999999991083522	AUS	0.19737841487629607	2	0	0	2	2024-01-01	2024-12-31	0	0	0	365	False	True	False	False
NODE_0572->NODE_0573:CHN	NODE_0572	NODE_0573	CHN	1.9887667331868155e-06	0.9999980112271144	0.99999690642888	AUS	0.1973805070300814	2	0	2	0	2021-01-01	2022-12-31	0	0	0	729	False	False	False	False
NODE_0572->CHN__SAMN44584033:CHN	NODE_0572	CHN__SAMN44584033	CHN	1.9887728855971787e-06	0.9999980112271144	1.0	AUS	0.1973805070300814	1	0	0	1	2024-04-18	2024-04-18	0	0	0	0	False	True	False	False
NODE_0630->NODE_0631:BEL	NODE_0630	NODE_0631	BEL	2.1229639516457984e-08	0.9999999787703582	0.9999998913869802	FRA	0.7962562368323948	43	0	2	41	2022-11-14	2023-12-31	0	0	0	412	False	False	False	False
NODE_0630->NODE_0631:FRA	NODE_0630	NODE_0631	FRA	9.561177963052437e-08	1.690423464094712e-08	9.561178124676835e-08	BEL	0.9999999956745927	6	0	0	6	2023-01-01	2024-12-31	0	0	0	730	False	True	False	False
NODE_0630->BEL__SAMEA117989574:BEL	NODE_0630	BEL__SAMEA117989574	BEL	2.1229641822273493e-08	0.9999999787703582	1.0	FRA	0.7962562368323948	1	0	0	1	2023-09-25	2023-09-25	0	0	0	0	False	True	False	False
NODE_0087->NODE_0088:AUS	NODE_0087	NODE_0088	AUS	0.019224229039149728	0.9807756908679022	0.9999958337671564	Unknown_other	0.47418188536681455	15	3	0	12	2018-11-01	2024-10-31	0	0	0	2191	False	False	False	False
NODE_0087->AUS__SAMN45810501:AUS	NODE_0087	AUS__SAMN45810501	AUS	0.019224309132097828	0.9807756908679022	1.0	Unknown_other	0.47418188536681455	1	1	0	0	2019-10-01	2019-10-31	0	0	0	30	False	False	False	False
NODE_0216->NODE_0217:AUS	NODE_0216	NODE_0217	AUS	1.8943338035757942e-10	5.6408413010858695e-09	1.8943338142614307e-10	CHN	0.999999802590544	13	3	0	10	2016-01-01	2024-10-31	0	0	0	3226	False	False	False	False
NODE_0216->NODE_0217:CHN	NODE_0216	NODE_0217	CHN	2.030502951736757e-07	0.9999997969497038	0.999999994730902	Europe_other	0.8661925655384751	12	9	2	1	2018-01-01	2023-06-08	0	0	0	1984	False	False	False	False
NODE_0216->CHN__SAMN39683296:CHN	NODE_0216	CHN__SAMN39683296	CHN	2.0305029624356763e-07	0.9999997969497038	1.0	Europe_other	0.8661925655384751	1	0	1	0	2021-01-01	2021-12-31	0	0	0	364	False	False	False	False
NODE_0243->NODE_0244:AUS	NODE_0243	NODE_0244	AUS	4.6059763820565954e-07	4.8098908106703705e-06	4.6059985364066293e-07	Unknown_other	0.9993572908221265	1	0	0	1	2024-01-01	2024-01-31	0	0	0	30	False	True	False	False
NODE_0243->NODE_0244:CHN	NODE_0243	NODE_0244	CHN	8.157815604767204e-06	1.1605767459356052e-05	8.15791028357691e-06	Unknown_other	0.9993640824098244	11	5	3	3	2018-01-01	2024-12-31	0	0	0	2556	False	False	False	False
NODE_0243->NODE_0244:FRA	NODE_0243	NODE_0244	FRA	1.7242665120492214e-07	3.448757463624565e-06	1.7242724586467326e-07	Unknown_other	0.999355930558901	5	0	0	5	2023-01-01	2024-12-31	0	0	0	730	False	True	False	False
NODE_0266->NODE_0267:AUS	NODE_0266	NODE_0267	AUS	6.58438483675455e-07	7.488279696405574e-07	6.58438976732977e-07	Europe_other	0.9998990621035764	1	0	0	1	2024-05-01	2024-05-31	0	0	0	30	False	True	False	False
NODE_0266->NODE_0267:BEL	NODE_0266	NODE_0267	BEL	6.465660948120506e-07	7.353255028412092e-07	6.46566570248939e-07	Europe_other	0.9998990486024625	11	0	0	11	2023-05-14	2023-12-31	0	0	0	231	False	True	False	False
NODE_0266->NODE_0267:FRA	NODE_0266	NODE_0267	FRA	6.570197399789911e-05	6.519165101129134e-05	6.570625749730714e-05	Europe_other	0.9999635026228788	16	0	0	16	2023-01-01	2024-12-31	0	0	0	730	False	True	False	False
NODE_0266->NODE_0267:JPN	NODE_0266	NODE_0267	JPN	6.046753433597305e-07	6.87684259595647e-07	6.046757591857323e-07	Europe_other	0.9998990009659959	2	0	0	2	2025-01-21	2025-03-03	0	0	0	41	False	True	False	False
NODE_0266->NODE_0302:CHN	NODE_0266	NODE_0302	CHN	0.9998918462147168	3.2778904883179424e-05	0.999924622648813	Europe_other	0.9999310899972806	2	2	0	0	2018-01-01	2018-12-31	0	0	0	364	True	False	False	False
NODE_0307->NODE_0308:AUS	NODE_0307	NODE_0308	AUS	4.32892519165568e-06	2.4716684699625726e-09	4.328925202355348e-06	Europe_other	0.999998590971362	4	3	0	1	2018-03-01	2024-05-31	0	0	0	2283	False	False	False	False
NODE_0307->NODE_0312:BEL	NODE_0307	NODE_0312	BEL	0.00070258294589036	1.4021200834302603e-06	0.0007025839309974	Europe_other	0.9999999906197673	3	1	2	0	2017-07-25	2020-04-07	0	0	0	987	False	False	False	False
NODE_0343->NODE_0344:AUS	NODE_0343	NODE_0344	AUS	6.558879678406799e-11	2.47746299027e-11	6.558879678569292e-11	CHN	0.9999999998991511	3	0	0	3	2024-08-01	2024-08-31	0	0	0	30	False	True	False	False
NODE_0343->NODE_0344:CHN	NODE_0343	NODE_0344	CHN	1.2562362257373365e-10	0.9999999998743764	0.9999999996677004	AUS	0.19721328779750988	157	1	34	122	2019-01-01	2024-12-31	0	0	0	2191	False	False	False	False
NODE_0343->NODE_0344:FRA	NODE_0343	NODE_0344	FRA	4.938862803425376e-11	1.8760542286829955e-11	4.938862803518032e-11	CHN	0.9999999998931369	1	0	0	1	2024-01-01	2024-12-31	0	0	0	365	False	True	False	False
NODE_0343->NODE_0344:JPN	NODE_0343	NODE_0344	JPN	6.023331708467647e-11	2.2751723109515416e-11	6.023331708604687e-11	CHN	0.9999999998971282	52	0	0	52	2024-01-01	2025-12-31	0	0	0	730	False	True	False	False
NODE_0343->NODE_0557:CHN	NODE_0343	NODE_0557	CHN	1.256233416662825e-10	0.9999999998743764	0.99999776356397	AUS	0.19721328779750988	14	0	0	14	2023-01-01	2024-08-27	0	0	0	604	False	True	False	False
NODE_0343->NODE_0557:FRA	NODE_0343	NODE_0557	FRA	1.005116198978978e-06	1.8760542286829955e-11	1.0051161989978345e-06	CHN	0.9999999998931369	1	0	0	1	2024-01-01	2024-12-31	0	0	0	365	False	True	False	False
NODE_0571->CHN__SAMN44583835:CHN	NODE_0571	CHN__SAMN44583835	CHN	8.916478000386974e-09	0.999999991083522	1.0	AUS	0.1973805070306161	1	0	0	1	2024-01-24	2024-01-24	0	0	0	0	False	True	False	False
NODE_0571->CHN__SAMN50152057:CHN	NODE_0571	CHN__SAMN50152057	CHN	8.916478000386974e-09	0.999999991083522	1.0	AUS	0.1973805070306161	1	0	0	1	2024-01-01	2024-12-31	0	0	0	365	False	True	False	False
NODE_0573->CHN__SAMN50151995:CHN	NODE_0573	CHN__SAMN50151995	CHN	3.0935711200497096e-06	0.99999690642888	1.0	AUS	0.1973805070305055	1	0	1	0	2021-01-01	2021-12-31	0	0	0	364	False	False	False	False
NODE_0573->CHN__SAMN45156019:CHN	NODE_0573	CHN__SAMN45156019	CHN	3.0935711200497096e-06	0.99999690642888	1.0	AUS	0.1973805070305055	1	0	1	0	2022-01-01	2022-12-31	0	0	0	364	False	False	False	False
NODE_0631->NODE_0632:BEL	NODE_0631	NODE_0632	BEL	1.0861301878660103e-07	0.9999998913869802	0.9999999906673146	FRA	0.8802976064981062	43	0	2	41	2022-11-14	2023-12-31	0	0	0	412	False	False	False	False
NODE_0631->NODE_0632:FRA	NODE_0631	NODE_0632	FRA	7.504032305309478e-09	9.561178124676835e-08	7.504033022783442e-09	BEL	0.9999999869987604	5	0	0	5	2023-01-01	2024-12-31	0	0	0	730	False	True	False	False
NODE_0631->FRA__SAMEA115874208:FRA	NODE_0631	FRA__SAMEA115874208	FRA	0.9999999043882187	9.561178124676835e-08	1.0	BEL	0.9999999869987604	1	0	0	1	2024-01-01	2024-12-31	1	1	1	365	True	True	True	False
NODE_0088->NODE_0089:AUS	NODE_0088	NODE_0089	AUS	4.1662299058842045e-06	0.9999958337671564	0.999999294873497	Unknown_other	0.4113034386532497	14	3	0	11	2018-11-01	2024-10-31	0	0	0	2191	False	False	False	False
NODE_0088->AUS__SAMN45810643:AUS	NODE_0088	AUS__SAMN45810643	AUS	4.1662328436054e-06	0.9999958337671564	1.0	Unknown_other	0.4113034386532497	1	0	0	1	2024-09-01	2024-09-30	0	0	0	29	False	True	False	False
NODE_0217->NODE_0218:AUS	NODE_0217	NODE_0218	AUS	2.7502696114549843e-11	1.8943338142614307e-10	2.7502696119759772e-11	CHN	0.9999999949203355	13	3	0	10	2016-01-01	2024-10-31	0	0	0	3226	False	False	False	False
NODE_0217->NODE_0218:CHN	NODE_0217	NODE_0218	CHN	5.2690980457471805e-09	0.999999994730902	0.9999999998063882	Europe_other	0.826835033433568	11	8	2	1	2018-01-01	2023-06-08	0	0	0	1984	False	False	False	False
NODE_0217->CHN__SAMN41373923:CHN	NODE_0217	CHN__SAMN41373923	CHN	5.26909804676734e-09	0.999999994730902	1.0	Europe_other	0.826835033433568	1	1	0	0	2019-01-01	2019-12-31	0	0	0	364	False	False	False	False
NODE_0244->NODE_0245:AUS	NODE_0244	NODE_0245	AUS	3.9596596732141184e-07	4.6059985364066293e-07	3.959661497033624e-07	Unknown_other	0.9999605129753916	1	0	0	1	2024-01-01	2024-01-31	0	0	0	30	False	True	False	False
NODE_0244->NODE_0245:CHN	NODE_0244	NODE_0245	CHN	8.348699981759535e-06	8.15791028357691e-06	8.348768090260594e-06	Unknown_other	0.9999682100446696	11	5	3	3	2018-01-01	2024-12-31	0	0	0	2556	False	False	False	False
NODE_0244->NODE_0245:FRA	NODE_0244	NODE_0245	FRA	1.1831548347464394e-07	1.7242724586467326e-07	1.1831550387546041e-07	Unknown_other	0.9999602248141132	5	0	0	5	2023-01-01	2024-12-31	0	0	0	730	False	True	False	False
NODE_0267->NODE_0268:AUS	NODE_0267	NODE_0268	AUS	1.1816141454493019e-06	6.58438976732977e-07	1.181614923470623e-06	Europe_other	0.9999031204110447	1	0	0	1	2024-05-01	2024-05-31	0	0	0	30	False	True	False	False
NODE_0267->NODE_0268:BEL	NODE_0267	NODE_0268	BEL	1.1603084321845738e-06	6.46566570248939e-07	1.1603091824017024e-06	Europe_other	0.9999031085397807	11	0	0	11	2023-05-14	2023-12-31	0	0	0	231	False	True	False	False
NODE_0267->NODE_0268:FRA	NODE_0267	NODE_0268	FRA	0.00011865162378276547	6.570625749730714e-05	0.0001186594204492	Europe_other	0.9999681662016748	16	0	0	16	2023-01-01	2024-12-31	0	0	0	730	False	True	False	False
NODE_0267->NODE_0268:JPN	NODE_0267	NODE_0268	JPN	1.0851325021942646e-06	6.046757591857323e-07	1.0851331583479808e-06	Europe_other	0.9999030666530032	2	0	0	2	2025-01-21	2025-03-03	0	0	0	41	False	True	False	False
NODE_0302->CHN__SAMN50151950:CHN	NODE_0302	CHN__SAMN50151950	CHN	7.53773511870115e-05	0.999924622648813	1.0	Europe_other	0.8994360433525673	1	1	0	0	2018-01-01	2018-12-31	0	0	0	364	False	False	False	False
NODE_0302->CHN__SAMN50151951:CHN	NODE_0302	CHN__SAMN50151951	CHN	7.53773511870115e-05	0.999924622648813	1.0	Europe_other	0.8994360433525673	1	1	0	0	2018-01-01	2018-12-31	0	0	0	364	False	False	False	False
NODE_0308->NODE_0309:AUS	NODE_0308	NODE_0309	AUS	0.9515263768156667	4.328925202355348e-06	0.9515304959200112	Europe_other	0.9999995644298849	4	3	0	1	2018-03-01	2024-05-31	0	0	0	2283	True	False	False	False
NODE_0312->NODE_0313:BEL	NODE_0312	NODE_0313	BEL	0.036370365928558177	0.0007025839309974	0.0363959371291387	Europe_other	0.9999954849807561	3	1	2	0	2017-07-25	2020-04-07	0	0	0	987	False	False	False	False
NODE_0344->NODE_0345:AUS	NODE_0344	NODE_0345	AUS	6.540112703233643e-11	6.558879678569292e-11	6.5401127036626e-11	CHN	0.9999999997332891	3	0	0	3	2024-08-01	2024-08-31	0	0	0	30	False	True	False	False
NODE_0344->NODE_0345:CHN	NODE_0344	NODE_0345	CHN	3.322996321451225e-10	0.9999999996677004	0.9999999996686544	AUS	0.1973784926652054	153	1	34	118	2019-01-01	2024-12-31	0	0	0	2191	False	False	False	False
NODE_0344->NODE_0345:FRA	NODE_0344	NODE_0345	FRA	4.924403615318301e-11	4.938862803518032e-11	4.9244036155615104e-11	CHN	0.9999999997170891	1	0	0	1	2024-01-01	2024-12-31	0	0	0	365	False	True	False	False
NODE_0344->NODE_0345:JPN	NODE_0344	NODE_0345	JPN	6.006097241547143e-11	6.023331708604687e-11	6.006097241908911e-11	CHN	0.9999999997279337	52	0	0	52	2024-01-01	2025-12-31	0	0	0	730	False	True	False	False
NODE_0344->NODE_0554:CHN	NODE_0344	NODE_0554	CHN	3.322855503427233e-10	0.9999999996677004	0.9999576228465566	AUS	0.1973784926652054	4	0	0	4	2024-03-05	2024-06-13	0	0	0	100	False	True	False	False
NODE_0557->NODE_0558:CHN	NODE_0557	NODE_0558	CHN	2.2364321641365532e-06	0.99999776356397	0.9999982714025348	FRA	0.44942765428674003	13	0	0	13	2023-03-27	2024-08-27	0	0	0	519	False	True	False	False
NODE_0557->NODE_0558:FRA	NODE_0557	NODE_0558	FRA	9.422539971159487e-07	1.0051161989978345e-06	9.422549441916568e-07	CHN	0.9999987686789312	1	0	0	1	2024-01-01	2024-12-31	0	0	0	365	False	True	False	False
NODE_0557->CHN__SAMN45156030:CHN	NODE_0557	CHN__SAMN45156030	CHN	2.2364360300342057e-06	0.99999776356397	1.0	FRA	0.44942765428674003	1	0	0	1	2023-01-01	2023-12-31	0	0	0	364	False	True	False	False
NODE_0632->NODE_0633:BEL	NODE_0632	NODE_0633	BEL	9.332685380696535e-09	0.9999999906673146	0.9999999976890924	FRA	0.8040593561775785	42	0	2	40	2022-11-14	2023-12-31	0	0	0	412	False	False	False	False
NODE_0632->NODE_0633:FRA	NODE_0632	NODE_0633	FRA	9.812464071454188e-10	7.504033022783442e-09	9.812464145087244e-10	BEL	0.9999999981713477	5	0	0	5	2023-01-01	2024-12-31	0	0	0	730	False	True	False	False
NODE_0632->BEL__SAMEA117989586:BEL	NODE_0632	BEL__SAMEA117989586	BEL	9.332685402263508e-09	0.9999999906673146	1.0	FRA	0.8040593561775785	1	0	0	1	2023-11-06	2023-11-06	0	0	0	0	False	True	False	False
NODE_0089->NODE_0090:AUS	NODE_0089	NODE_0090	AUS	7.051264898992678e-07	0.999999294873497	0.9999999814710752	Unknown_other	0.41036708778983594	13	3	0	10	2018-11-01	2024-10-31	0	0	0	2191	False	False	False	False
NODE_0089->AUS__SAMN45810630:AUS	NODE_0089	AUS__SAMN45810630	AUS	7.051265029645037e-07	0.999999294873497	1.0	Unknown_other	0.41036708778983594	1	0	0	1	2024-10-01	2024-10-31	0	0	0	30	False	True	False	False
NODE_0218->NODE_0219:AUS	NODE_0218	NODE_0219	AUS	1.0688882722349215e-10	2.7502696119759772e-11	1.0688882722643187e-10	CHN	0.999999999833891	13	3	0	10	2016-01-01	2024-10-31	0	0	0	3226	False	False	False	False
NODE_0218->NODE_0219:CHN	NODE_0218	NODE_0219	CHN	1.9361179315903678e-10	0.9999999998063882	0.9999999994558996	Europe_other	0.31581228912628034	10	7	2	1	2018-01-01	2023-06-08	0	0	0	1984	False	False	False	False
NODE_0218->CHN__SAMN50151947:CHN	NODE_0218	CHN__SAMN50151947	CHN	1.9361179326438105e-10	0.9999999998063882	1.0	Europe_other	0.31581228912628034	1	1	0	0	2018-01-01	2018-12-31	0	0	0	364	False	False	False	False
NODE_0245->NODE_0246:AUS	NODE_0245	NODE_0246	AUS	3.278162544060282e-07	3.959661497033624e-07	3.278163842102197e-07	Unknown_other	0.9999707885941358	1	0	0	1	2024-01-01	2024-01-31	0	0	0	30	False	True	False	False
NODE_0245->NODE_0246:CHN	NODE_0245	NODE_0246	CHN	4.182144172742919e-06	8.348768090260594e-06	4.182179088786243e-06	Unknown_other	0.9999787412301585	9	4	3	2	2018-01-01	2024-12-31	0	0	0	2556	False	False	False	False
NODE_0245->NODE_0246:FRA	NODE_0245	NODE_0246	FRA	6.109030064368809e-08	1.1831550387546041e-07	6.109030787161865e-08	Unknown_other	0.9999705109515677	5	0	0	5	2023-01-01	2024-12-31	0	0	0	730	False	True	False	False
NODE_0245->NODE_0265:CHN	NODE_0245	NODE_0265	CHN	0.7963198625554826	8.348768090260594e-06	0.7963265109008463	Unknown_other	0.9999787412301585	2	1	0	1	2019-01-01	2023-12-31	0	0	0	1825	True	False	False	False
NODE_0268->NODE_0269:AUS	NODE_0268	NODE_0269	AUS	0.0018445928664960658	1.181614923470623e-06	0.0018445950460971	Europe_other	0.9998483238418459	1	0	0	1	2024-05-01	2024-05-31	0	0	0	30	False	True	False	False
NODE_0268->NODE_0269:BEL	NODE_0268	NODE_0269	BEL	0.001811347347877201	1.1603091824017024e-06	0.0018113494496026	Europe_other	0.9998483025393117	11	0	0	11	2023-05-14	2023-12-31	0	0	0	231	False	True	False	False
NODE_0268->NODE_0269:FRA	NODE_0268	NODE_0269	FRA	0.7424382378453703	0.0001186594204492	0.7425263455912064	Europe_other	0.9999657977681774	16	0	0	16	2023-01-01	2024-12-31	16	16	1	730	True	True	True	True
NODE_0268->NODE_0269:JPN	NODE_0268	NODE_0269	JPN	0.0016939776775252578	1.0851331583479808e-06	0.0016939795157186	Europe_other	0.9998482273746102	2	0	0	2	2025-01-21	2025-03-03	0	0	0	41	False	True	False	False
NODE_0309->NODE_0310:AUS	NODE_0309	NODE_0310	AUS	0.048469304642037386	0.9515304959200112	0.9999958852900346	Europe_other	0.9130986558088632	3	2	0	1	2019-08-01	2024-05-31	0	0	0	1765	False	False	False	False
NODE_0309->AUS__SAMN45810529:AUS	NODE_0309	AUS__SAMN45810529	AUS	0.048469504079988845	0.9515304959200112	1.0	Europe_other	0.9130986558088632	1	1	0	0	2018-03-01	2018-03-31	0	0	0	30	False	False	False	False
NODE_0313->BEL__SAMEA117989286:BEL	NODE_0313	BEL__SAMEA117989286	BEL	0.9636040628708613	0.0363959371291387	1.0	Europe_other	0.9997661559955531	1	1	0	0	2017-07-25	2017-07-25	0	0	0	0	True	False	False	False
NODE_0313->NODE_0314:BEL	NODE_0313	NODE_0314	BEL	0.8680497838812583	0.0363959371291387	0.9008365752372208	Europe_other	0.9997661559955531	2	0	2	0	2020-03-16	2020-04-07	0	0	0	22	True	False	False	False
NODE_0345->NODE_0346:AUS	NODE_0345	NODE_0346	AUS	2.4729579519534766e-11	6.5401127036626e-11	2.4729579521152108e-11	CHN	0.9999999997340556	3	0	0	3	2024-08-01	2024-08-31	0	0	0	30	False	True	False	False
NODE_0345->NODE_0346:CHN	NODE_0345	NODE_0346	CHN	3.3134561756865425e-10	0.9999999996686544	0.9999999998747112	AUS	0.19738044318204606	152	1	33	118	2019-01-01	2024-12-31	0	0	0	2191	False	False	False	False
NODE_0345->NODE_0346:FRA	NODE_0345	NODE_0346	FRA	1.8620195578539684e-11	4.9244036155615104e-11	1.8620195579456617e-11	CHN	0.9999999997178985	1	0	0	1	2024-01-01	2024-12-31	0	0	0	365	False	True	False	False
NODE_0345->NODE_0346:JPN	NODE_0345	NODE_0346	JPN	2.2710396839611073e-11	6.006097241908911e-11	2.271039684097508e-11	CHN	0.9999999997287154	52	0	0	52	2024-01-01	2025-12-31	0	0	0	730	False	True	False	False
NODE_0345->CHN__SAMN50152031:CHN	NODE_0345	CHN__SAMN50152031	CHN	3.313456176101681e-10	0.9999999996686544	1.0	AUS	0.19738044318204606	1	0	1	0	2022-01-01	2022-12-31	0	0	0	364	False	False	False	False
NODE_0554->NODE_0555:CHN	NODE_0554	NODE_0555	CHN	4.2377150238072245e-05	0.9999576228465566	0.9999999243630362	AUS	0.19738050703107857	2	0	0	2	2024-03-05	2024-05-24	0	0	0	80	False	True	False	False
NODE_0554->NODE_0556:CHN	NODE_0554	NODE_0556	CHN	4.2377152991514617e-05	0.9999576228465566	0.9999999893377254	AUS	0.19738050703107857	2	0	0	2	2024-06-06	2024-06-13	0	0	0	7	False	True	False	False
NODE_0558->NODE_0559:CHN	NODE_0558	NODE_0559	CHN	1.728595219780249e-06	0.9999982714025348	0.9999987010354544	FRA	0.5450979554841568	12	0	0	12	2023-03-27	2024-08-27	0	0	0	519	False	True	False	False
NODE_0558->NODE_0559:FRA	NODE_0558	NODE_0559	FRA	8.935216232374543e-07	9.422549441916568e-07	8.935224651634149e-07	CHN	0.9999992136567378	1	0	0	1	2024-01-01	2024-12-31	0	0	0	365	False	True	False	False
NODE_0558->CHN__SAMN43024023:CHN	NODE_0558	CHN__SAMN43024023	CHN	1.72859746516707e-06	0.9999982714025348	1.0	FRA	0.5450979554841568	1	0	0	1	2024-05-13	2024-05-13	0	0	0	0	False	True	False	False
NODE_0633->NODE_0634:BEL	NODE_0633	NODE_0634	BEL	2.310907576406568e-09	0.9999999976890924	0.9999999999992578	FRA	0.42461518328486764	41	0	2	39	2022-11-14	2023-12-31	0	0	0	412	False	False	False	False
NODE_0633->NODE_0634:FRA	NODE_0633	NODE_0634	FRA	1.473113161949558e-13	9.812464145087244e-10	1.473113163395045e-13	BEL	0.9999999986703388	5	0	0	5	2023-01-01	2024-12-31	0	0	0	730	False	True	False	False
NODE_0633->BEL__SAMEA117989564:BEL	NODE_0633	BEL__SAMEA117989564	BEL	2.310907576408283e-09	0.9999999976890924	1.0	FRA	0.42461518328486764	1	0	0	1	2023-08-31	2023-08-31	0	0	0	0	False	True	False	False
NODE_0090->NODE_0091:AUS	NODE_0090	NODE_0091	AUS	1.8528924783636206e-08	0.9999999814710752	0.999999997017982	Unknown_other	0.4059709328755535	12	3	0	9	2018-11-01	2024-10-31	0	0	0	2191	False	False	False	False
NODE_0090->AUS__SAMN45810557:AUS	NODE_0090	AUS__SAMN45810557	AUS	1.8528924838889793e-08	0.9999999814710752	1.0	Unknown_other	0.4059709328755535	1	0	0	1	2024-07-01	2024-07-31	0	0	0	30	False	True	False	False
NODE_0219->NODE_0220:AUS	NODE_0219	NODE_0220	AUS	2.0100052352930756e-11	1.0688882722643187e-10	2.0100052355079228e-11	CHN	0.9999999995627884	13	3	0	10	2016-01-01	2024-10-31	0	0	0	3226	False	False	False	False
NODE_0219->NODE_0220:CHN	NODE_0219	NODE_0220	CHN	5.441004313233121e-10	0.9999999994558996	0.9999999999019734	AUS	0.1964505658685456	9	6	2	1	2018-01-01	2023-06-08	0	0	0	1984	False	False	False	False
NODE_0219->CHN__SAMN50151967:CHN	NODE_0219	CHN__SAMN50151967	CHN	5.441004313766484e-10	0.9999999994558996	1.0	AUS	0.1964505658685456	1	1	0	0	2019-01-01	2019-12-31	0	0	0	364	False	False	False	False
NODE_0246->AUS__SAMN45810513:AUS	NODE_0246	AUS__SAMN45810513	AUS	0.9999996721836157	3.278163842102197e-07	1.0	Unknown_other	0.9999853797639783	1	0	0	1	2024-01-01	2024-01-31	1	1	1	30	True	True	True	False
NODE_0246->NODE_0247:CHN	NODE_0246	NODE_0247	CHN	1.3268621617061415e-08	4.182179088786243e-06	1.3268677109045357e-08	Unknown_other	0.9999892340864506	9	4	3	2	2018-01-01	2024-12-31	0	0	0	2556	False	False	False	False
NODE_0246->NODE_0247:FRA	NODE_0246	NODE_0247	FRA	6.080763633053554e-12	6.109030787161865e-08	6.080764004529299e-12	Unknown_other	0.9999851130417852	5	0	0	5	2023-01-01	2024-12-31	0	0	0	730	False	True	False	False
NODE_0265->CHN__SAMN41373949:CHN	NODE_0265	CHN__SAMN41373949	CHN	0.20367348909915373	0.7963265109008463	1.0	Unknown_other	0.9391977720223099	1	1	0	0	2019-01-01	2019-12-31	0	0	0	364	False	False	False	False
NODE_0265->CHN__SAMN45156025:CHN	NODE_0265	CHN__SAMN45156025	CHN	0.20367348909915373	0.7963265109008463	1.0	Unknown_other	0.9391977720223099	1	0	0	1	2023-01-01	2023-12-31	0	0	0	364	False	True	False	False
NODE_0269->NODE_0270:AUS	NODE_0269	NODE_0270	AUS	5.117403011910888e-07	0.0018445950460971	5.126859992455004e-07	FRA	0.7438985371476283	1	0	0	1	2024-05-01	2024-05-31	0	0	0	30	False	True	False	False
NODE_0269->NODE_0270:BEL	NODE_0269	NODE_0270	BEL	6.655502277334217e-07	0.0018113494496026	6.667579593961921e-07	FRA	0.7438737609186206	11	0	0	11	2023-05-14	2023-12-31	0	0	0	231	False	True	False	False
NODE_0269->NODE_0270:FRA	NODE_0269	NODE_0270	FRA	0.257470890365651	0.7425263455912064	0.9999892647535186	Europe_other	0.965087452636716	13	0	0	13	2023-01-01	2024-12-31	0	0	0	730	False	True	False	False
NODE_0269->NODE_0270:JPN	NODE_0269	NODE_0270	JPN	4.7002640998497843e-07	0.0016939795157186	4.7082397615609605e-07	FRA	0.743786304354856	2	0	0	2	2025-01-21	2025-03-03	0	0	0	41	False	True	False	False
NODE_0269->NODE_0298:FRA	NODE_0269	NODE_0298	FRA	0.2547354237080781	0.7425263455912064	0.9893650062682998	Europe_other	0.965087452636716	3	0	0	3	2024-01-01	2024-12-31	0	0	0	365	False	True	False	False
NODE_0310->NODE_0311:AUS	NODE_0310	NODE_0311	AUS	4.114708729533513e-06	0.9999958852900346	0.9999996996420668	Europe_other	0.8654197540742951	2	1	0	1	2019-12-01	2024-05-31	0	0	0	1643	False	False	False	False
NODE_0310->AUS__SAMN45810505:AUS	NODE_0310	AUS__SAMN45810505	AUS	4.114709965419294e-06	0.9999958852900346	1.0	Europe_other	0.8654197540742951	1	1	0	0	2019-08-01	2019-08-31	0	0	0	30	False	False	False	False
NODE_0314->BEL__SAMEA117989517:BEL	NODE_0314	BEL__SAMEA117989517	BEL	0.09916342476277917	0.9008365752372208	1.0	Europe_other	0.8704589899117977	1	0	1	0	2020-03-16	2020-03-16	0	0	0	0	False	False	False	False
NODE_0314->BEL__SAMEA117989521:BEL	NODE_0314	BEL__SAMEA117989521	BEL	0.09916342476277917	0.9008365752372208	1.0	Europe_other	0.8704589899117977	1	0	1	0	2020-04-07	2020-04-07	0	0	0	0	False	False	False	False
NODE_0346->NODE_0347:AUS	NODE_0346	NODE_0347	AUS	1.1893133833604968e-11	2.4729579521152108e-11	1.189313383389908e-11	CHN	0.9999999998994408	3	0	0	3	2024-08-01	2024-08-31	0	0	0	30	False	True	False	False
NODE_0346->NODE_0347:CHN	NODE_0346	NODE_0347	CHN	1.2528877934370162e-10	0.9999999998747112	0.9999999999397412	AUS	0.19738043280295373	136	1	31	104	2019-01-01	2024-12-31	0	0	0	2191	False	False	False	False
NODE_0346->NODE_0347:FRA	NODE_0346	NODE_0347	FRA	8.954962736993379e-12	1.8620195579456617e-11	8.954962737160122e-12	CHN	0.9999999998933313	1	0	0	1	2024-01-01	2024-12-31	0	0	0	365	False	True	False	False
NODE_0346->NODE_0347:JPN	NODE_0346	NODE_0347	JPN	1.0925740130907475e-11	2.271039684097508e-11	1.0925740131155604e-11	CHN	0.9999999998974215	52	0	0	52	2024-01-01	2025-12-31	0	0	0	730	False	True	False	False
NODE_0346->NODE_0539:CHN	NODE_0346	NODE_0539	CHN	1.2528877230823604e-10	0.9999999998747112	0.9999999437857454	AUS	0.19738043280295373	16	0	2	14	2022-05-08	2024-12-31	0	0	0	968	False	False	False	False
NODE_0555->CHN__SAMN44583886:CHN	NODE_0555	CHN__SAMN44583886	CHN	7.563696380330498e-08	0.9999999243630362	1.0	AUS	0.19738050703118032	1	0	0	1	2024-03-05	2024-03-05	0	0	0	0	False	True	False	False
NODE_0555->CHN__SAMN44584094:CHN	NODE_0555	CHN__SAMN44584094	CHN	7.563696380330498e-08	0.9999999243630362	1.0	AUS	0.19738050703118032	1	0	0	1	2024-05-24	2024-05-24	0	0	0	0	False	True	False	False
NODE_0556->CHN__SAMN44590219:CHN	NODE_0556	CHN__SAMN44590219	CHN	1.0662274618766787e-08	0.9999999893377254	1.0	AUS	0.19738050703116444	1	0	0	1	2024-06-06	2024-06-06	0	0	0	0	False	True	False	False
NODE_0556->CHN__SAMN44590233:CHN	NODE_0556	CHN__SAMN44590233	CHN	1.0662274618766787e-08	0.9999999893377254	1.0	AUS	0.19738050703116444	1	0	0	1	2024-06-13	2024-06-13	0	0	0	0	False	True	False	False
NODE_0559->NODE_0560:CHN	NODE_0559	NODE_0560	CHN	1.2989645141871108e-06	0.9999987010354544	0.9999999758223868	FRA	0.6878728663610032	12	0	0	12	2023-03-27	2024-08-27	0	0	0	519	False	True	False	False
NODE_0559->FRA__SAMEA117615784:FRA	NODE_0559	FRA__SAMEA117615784	FRA	0.9999991064775349	8.935224651634149e-07	1.0	CHN	0.9999995945575575	1	0	0	1	2024-01-01	2024-12-31	1	1	1	365	True	True	True	False
NODE_0634->NODE_0635:BEL	NODE_0634	NODE_0635	BEL	7.421840912143491e-13	0.9999999999992578	0.9999999989927458	FRA	0.19850302797091268	40	0	2	38	2022-11-14	2023-12-31	0	0	0	412	False	False	False	False
NODE_0634->NODE_0635:FRA	NODE_0634	NODE_0635	FRA	1.5509417059537903e-10	1.473113163395045e-13	1.5509417059540189e-10	BEL	0.9999999999994053	5	0	0	5	2023-01-01	2024-12-31	0	0	0	730	False	True	False	False
NODE_0634->BEL__SAMEA117989542:BEL	NODE_0634	BEL__SAMEA117989542	BEL	7.421840919619171e-13	0.9999999999992578	1.0	FRA	0.19850302797091268	1	0	0	1	2023-06-12	2023-06-12	0	0	0	0	False	True	False	False
NODE_0091->NODE_0092:AUS	NODE_0091	NODE_0092	AUS	2.982017965546319e-09	0.999999997017982	0.9999999998843264	Unknown_other	0.30213391724353	11	3	0	8	2018-11-01	2024-10-31	0	0	0	2191	False	False	False	False
NODE_0091->AUS__SAMN45810638:AUS	NODE_0091	AUS__SAMN45810638	AUS	2.9820179658912593e-09	0.999999997017982	1.0	Unknown_other	0.30213391724353	1	0	0	1	2024-10-01	2024-10-31	0	0	0	30	False	True	False	False
NODE_0220->NODE_0221:AUS	NODE_0220	NODE_0221	AUS	1.4425316228117988e-10	2.0100052355079228e-11	1.4425316228407938e-10	CHN	0.9999999999220736	13	3	0	10	2016-01-01	2024-10-31	0	0	0	3226	False	False	False	False
NODE_0220->NODE_0221:CHN	NODE_0220	NODE_0221	CHN	9.80265868159726e-11	0.9999999999019734	0.9999999996756668	AUS	0.20504723023233715	7	5	1	1	2018-01-01	2023-06-08	0	0	0	1984	False	False	False	False
NODE_0220->NODE_0240:CHN	NODE_0220	NODE_0240	CHN	9.801562984212669e-11	0.9999999999019734	0.999888224144168	AUS	0.20504723023233715	2	1	1	0	2019-01-01	2022-12-31	0	0	0	1460	False	False	False	False
NODE_0247->NODE_0248:CHN	NODE_0247	NODE_0248	CHN	1.3799730694804405e-07	1.3268677109045357e-08	1.3799730877908578e-07	Unknown_other	0.9999999989605344	9	4	3	2	2018-01-01	2024-12-31	0	0	0	2556	False	False	False	False
NODE_0247->NODE_0248:FRA	NODE_0247	NODE_0248	FRA	2.1835704799736603e-09	6.080764004529299e-12	2.183570479986938e-09	Unknown_other	0.999999985697938	5	0	0	5	2023-01-01	2024-12-31	0	0	0	730	False	True	False	False
NODE_0270->NODE_0271:AUS	NODE_0270	NODE_0271	AUS	1.3546375249098326e-08	5.126859992455004e-07	1.3546382194138817e-08	FRA	0.9999897774342769	1	0	0	1	2024-05-01	2024-05-31	0	0	0	30	False	True	False	False
NODE_0270->NODE_0271:BEL	NODE_0270	NODE_0271	BEL	1.7738783912680655e-07	6.667579593961921e-07	1.7738795740163904e-07	FRA	0.9999899315047646	11	0	0	11	2023-05-14	2023-12-31	0	0	0	231	False	True	False	False
NODE_0270->NODE_0271:FRA	NODE_0270	NODE_0271	FRA	1.0735241731750334e-05	0.9999892647535186	0.9999995575620932	Europe_other	0.7522187139651837	12	0	0	12	2023-01-01	2024-12-31	0	0	0	730	False	True	False	False
NODE_0270->NODE_0271:JPN	NODE_0270	NODE_0271	JPN	1.2440278657172698e-08	4.7082397615609605e-07	1.2440284514356918e-08	FRA	0.9999897355726619	2	0	0	2	2025-01-21	2025-03-03	0	0	0	41	False	True	False	False
NODE_0270->FRA__SAMEA115874200:FRA	NODE_0270	FRA__SAMEA115874200	FRA	1.0735246481430316e-05	0.9999892647535186	1.0	Europe_other	0.7522187139651837	1	0	0	1	2024-01-01	2024-12-31	0	0	0	365	False	True	False	False
NODE_0298->FRA__SAMEA115874229:FRA	NODE_0298	FRA__SAMEA115874229	FRA	0.010634993731700182	0.9893650062682998	1.0	Europe_other	0.6991474195773844	1	0	0	1	2024-01-01	2024-12-31	0	0	0	365	False	True	False	False
NODE_0298->NODE_0299:FRA	NODE_0298	NODE_0299	FRA	0.01061977245344512	0.9893650062682998	0.9985687553148536	Europe_other	0.6991474195773844	2	0	0	2	2024-01-01	2024-12-31	0	0	0	365	False	True	False	False
NODE_0311->AUS__SAMN45810549:AUS	NODE_0311	AUS__SAMN45810549	AUS	3.0035793319171944e-07	0.9999996996420668	1.0	Europe_other	0.8626924402757848	1	0	0	1	2024-05-01	2024-05-31	0	0	0	30	False	True	False	False
NODE_0311->AUS__SAMN45810523:AUS	NODE_0311	AUS__SAMN45810523	AUS	3.0035793319171944e-07	0.9999996996420668	1.0	Europe_other	0.8626924402757848	1	1	0	0	2019-12-01	2019-12-31	0	0	0	30	False	False	False	False
NODE_0347->NODE_0348:AUS	NODE_0347	NODE_0348	AUS	2.628766457305999e-08	1.189313383389908e-11	2.6287664573372635e-08	CHN	0.9999999999516346	3	0	0	3	2024-08-01	2024-08-31	0	0	0	30	False	True	False	False
NODE_0347->NODE_0348:CHN	NODE_0347	NODE_0348	CHN	6.02587899260343e-11	0.9999999999397412	0.999999866817322	AUS	0.19736832980413707	47	0	12	35	2021-01-01	2024-12-31	0	0	0	1460	False	False	False	False
NODE_0347->NODE_0348:FRA	NODE_0347	NODE_0348	FRA	1.9793358066011123e-08	8.954962737160122e-12	1.979335806618837e-08	CHN	0.9999999999486964	1	0	0	1	2024-01-01	2024-12-31	0	0	0	365	False	True	False	False
NODE_0347->NODE_0348:JPN	NODE_0347	NODE_0348	JPN	2.414121484388827e-08	1.0925740131155604e-11	2.4141214844152032e-08	CHN	0.9999999999506672	6	0	0	6	2024-12-11	2025-02-25	0	0	0	76	False	True	False	False
NODE_0347->NODE_0404:CHN	NODE_0347	NODE_0404	CHN	6.025879794783512e-11	0.9999999999397412	0.9999999999398052	AUS	0.19736832980413707	89	1	19	69	2019-01-01	2024-12-31	0	0	0	2191	False	False	False	False
NODE_0347->NODE_0404:JPN	NODE_0347	NODE_0404	JPN	1.14195029087745e-11	1.0925740131155604e-11	1.1419502908899265e-11	CHN	0.9999999999506672	46	0	0	46	2024-01-01	2025-12-31	0	0	0	730	False	True	False	False
NODE_0539->NODE_0540:CHN	NODE_0539	NODE_0540	CHN	5.621425456127789e-08	0.9999999437857454	0.9999999995855744	AUS	0.19738050703117085	15	0	2	13	2022-05-08	2024-12-31	0	0	0	968	False	False	False	False
NODE_0539->CHN__SAMN44583871:CHN	NODE_0539	CHN__SAMN44583871	CHN	5.621425458457452e-08	0.9999999437857454	1.0	AUS	0.19738050703117085	1	0	0	1	2024-02-26	2024-02-26	0	0	0	0	False	True	False	False
NODE_0560->NODE_0561:CHN	NODE_0560	NODE_0561	CHN	2.4177613228070833e-08	0.9999999758223868	0.9999999993079732	FRA	0.6835539254794469	11	0	0	11	2023-03-27	2024-08-27	0	0	0	519	False	True	False	False
NODE_0560->CHN__SAMN42391149:CHN	NODE_0560	CHN__SAMN42391149	CHN	2.4177613244802387e-08	0.9999999758223868	1.0	FRA	0.6835539254794469	1	0	0	1	2023-12-19	2023-12-19	0	0	0	0	False	True	False	False
NODE_0635->NODE_0636:BEL	NODE_0635	NODE_0636	BEL	1.0072541688601943e-09	0.9999999989927458	0.9999999998999508	AUS	0.20449387001472605	39	0	2	37	2022-11-14	2023-12-31	0	0	0	412	False	False	False	False
NODE_0635->NODE_0636:FRA	NODE_0635	NODE_0636	FRA	1.540509726949509e-11	1.5509417059540189e-10	1.540509727188433e-11	BEL	0.9999999991478401	5	0	0	5	2023-01-01	2024-12-31	0	0	0	730	False	True	False	False
NODE_0635->BEL__SAMEA117989555:BEL	NODE_0635	BEL__SAMEA117989555	BEL	1.0072541689609693e-09	0.9999999989927458	1.0	AUS	0.20449387001472605	1	0	0	1	2023-08-01	2023-08-01	0	0	0	0	False	True	False	False
NODE_0092->NODE_0093:AUS	NODE_0092	NODE_0093	AUS	1.156735739001548e-10	0.9999999998843264	0.9999999314966492	BEL	0.18578834177455383	6	1	0	5	2019-05-01	2024-10-31	0	0	0	2010	False	False	False	False
NODE_0092->NODE_0098:AUS	NODE_0092	NODE_0098	AUS	1.156735817473076e-10	0.9999999998843264	0.9999999993354132	BEL	0.18578834177455383	5	2	0	3	2018-11-01	2024-07-31	0	0	0	2099	False	False	False	False
NODE_0221->NODE_0222:AUS	NODE_0221	NODE_0222	AUS	5.888389577361107e-09	1.4425316228407938e-10	5.888389578210525e-09	CHN	0.9999999998199202	13	3	0	10	2016-01-01	2024-10-31	0	0	0	3226	False	False	False	False
NODE_0221->NODE_0222:CHN	NODE_0221	NODE_0222	CHN	3.2433322448137084e-10	0.9999999996756668	0.9999999924131736	AUS	0.44476865114329955	6	4	1	1	2018-01-01	2023-06-08	0	0	0	1984	False	False	False	False
NODE_0221->CHN__SAMN41373953:CHN	NODE_0221	CHN__SAMN41373953	CHN	3.243332269420307e-10	0.9999999996756668	1.0	AUS	0.44476865114329955	1	1	0	0	2019-01-01	2019-12-31	0	0	0	364	False	False	False	False
NODE_0240->CHN__SAMN50151961:CHN	NODE_0240	CHN__SAMN50151961	CHN	0.000111775855831997	0.999888224144168	1.0	AUS	0.1973805092401298	1	1	0	0	2019-01-01	2019-12-31	0	0	0	364	False	False	False	False
NODE_0240->CHN__SAMN45156016:CHN	NODE_0240	CHN__SAMN45156016	CHN	0.000111775855831997	0.999888224144168	1.0	AUS	0.1973805092401298	1	0	1	0	2022-01-01	2022-12-31	0	0	0	364	False	False	False	False
NODE_0248->NODE_0249:CHN	NODE_0248	NODE_0249	CHN	7.323182576507193e-06	1.3799730877908578e-07	7.32318358708682e-06	Unknown_other	0.9999999868976295	9	4	3	2	2018-01-01	2024-12-31	0	0	0	2556	False	False	False	False
NODE_0248->NODE_0249:FRA	NODE_0248	NODE_0249	FRA	1.259125058014824e-07	2.183570479986938e-09	1.2591250607642122e-07	Unknown_other	0.9999998510838927	5	0	0	5	2023-01-01	2024-12-31	0	0	0	730	False	True	False	False
NODE_0271->NODE_0272:AUS	NODE_0271	NODE_0272	AUS	5.269637567127801e-09	1.3546382194138817e-08	5.269637638512326e-09	FRA	0.9999995711084696	1	0	0	1	2024-05-01	2024-05-31	0	0	0	30	False	True	False	False
NODE_0271->NODE_0272:BEL	NODE_0271	NODE_0272	BEL	2.0240945468920768e-07	1.7738795740163904e-07	2.0240949059421378e-07	FRA	0.9999997349500036	11	0	0	11	2023-05-14	2023-12-31	0	0	0	231	False	True	False	False
NODE_0271->NODE_0272:FRA	NODE_0271	NODE_0272	FRA	4.4243777762989766e-07	0.9999995575620932	0.9999997081490992	Europe_other	0.48003115269335916	11	0	0	11	2023-01-01	2024-12-31	0	0	0	730	False	True	False	False
NODE_0271->NODE_0272:JPN	NODE_0271	NODE_0272	JPN	4.839354846294096e-09	1.2440284514356918e-08	4.839354906497048e-09	FRA	0.9999995700023723	2	0	0	2	2025-01-21	2025-03-03	0	0	0	41	False	True	False	False
NODE_0271->FRA__SAMEA115874196:FRA	NODE_0271	FRA__SAMEA115874196	FRA	4.424379067557993e-07	0.9999995575620932	1.0	Europe_other	0.48003115269335916	1	0	0	1	2024-01-01	2024-12-31	0	0	0	365	False	True	False	False
NODE_0299->FRA__SAMEA117615782:FRA	NODE_0299	FRA__SAMEA117615782	FRA	0.0014312446851464378	0.9985687553148536	1.0	Europe_other	0.6039775308123695	1	0	0	1	2024-01-01	2024-12-31	0	0	0	365	False	True	False	False
NODE_0299->FRA__SAMN42490576:FRA	NODE_0299	FRA__SAMN42490576	FRA	0.0014312446851464378	0.9985687553148536	1.0	Europe_other	0.6039775308123695	1	0	0	1	2024-05-01	2024-05-31	0	0	0	30	False	True	False	False
NODE_0348->NODE_0349:AUS	NODE_0348	NODE_0349	AUS	2.0637215577224883e-08	2.6287664573372635e-08	2.0637216119729097e-08	CHN	0.9999998931049835	3	0	0	3	2024-08-01	2024-08-31	0	0	0	30	False	True	False	False
NODE_0348->NODE_0349:CHN	NODE_0348	NODE_0349	CHN	1.3318266407213188e-07	0.999999866817322	0.9999998954445076	AUS	0.19738050702788038	46	0	12	34	2021-01-01	2024-12-31	0	0	0	1460	False	False	False	False
NODE_0348->NODE_0349:FRA	NODE_0348	NODE_0349	FRA	1.553883947818237e-08	1.979335806618837e-08	1.553883978574819e-08	CHN	0.9999998866106775	1	0	0	1	2024-01-01	2024-12-31	0	0	0	365	False	True	False	False
NODE_0348->NODE_0349:JPN	NODE_0348	NODE_0349	JPN	1.895213835773181e-08	2.4141214844152032e-08	1.8952138815259465e-08	CHN	0.9999998909585339	6	0	0	6	2024-12-11	2025-02-25	0	0	0	76	False	True	False	False
NODE_0348->CHN__SAMN45156066:CHN	NODE_0348	CHN__SAMN45156066	CHN	1.3318267799711236e-07	0.999999866817322	1.0	AUS	0.19738050702788038	1	0	0	1	2024-01-01	2024-12-31	0	0	0	365	False	True	False	False
NODE_0404->NODE_0405:CHN	NODE_0404	NODE_0405	CHN	6.01948490980597e-11	0.9999999999398052	0.9999999998806498	AUS	0.19533838387414876	78	1	18	59	2019-01-01	2024-12-31	0	0	0	2191	False	False	False	False
NODE_0404->NODE_0405:JPN	NODE_0404	NODE_0405	JPN	1.0743693261748012e-10	1.1419502908899265e-11	1.07436932618707e-10	CHN	0.9999999999512249	44	0	0	44	2024-01-01	2025-12-31	0	0	0	730	False	True	False	False
NODE_0404->NODE_0526:CHN	NODE_0404	NODE_0526	CHN	6.019484756371981e-11	0.9999999999398052	0.9999999743910952	AUS	0.19533838387414876	11	0	1	10	2022-05-01	2024-12-31	0	0	0	975	False	False	False	False
NODE_0404->NODE_0526:JPN	NODE_0404	NODE_0526	JPN	3.632894287360192e-09	1.1419502908899265e-11	3.632894287401678e-09	CHN	0.9999999999512249	2	0	0	2	2024-11-13	2025-01-21	0	0	0	69	False	True	False	False
NODE_0540->NODE_0541:CHN	NODE_0540	NODE_0541	CHN	4.1442560470113473e-10	0.9999999995855744	0.9999999994132164	AUS	0.19738050703117258	12	0	2	10	2022-05-08	2024-12-31	0	0	0	968	False	False	False	False
NODE_0540->NODE_0552:CHN	NODE_0540	NODE_0552	CHN	4.144255379909828e-10	0.9999999995855744	0.999999838443066	AUS	0.19738050703117258	3	0	0	3	2023-01-01	2024-07-04	0	0	0	550	False	True	False	False
NODE_0561->NODE_0562:CHN	NODE_0561	NODE_0562	CHN	6.9202676917811e-10	0.9999999993079732	0.9999999999361306	FRA	0.524993121010302	9	0	0	9	2023-03-27	2024-08-27	0	0	0	519	False	True	False	False
NODE_0561->NODE_0570:CHN	NODE_0561	NODE_0570	CHN	6.916214703142214e-10	0.9999999993079732	0.9994143305922352	FRA	0.524993121010302	2	0	0	2	2024-04-20	2024-05-02	0	0	0	12	False	True	False	False
NODE_0636->NODE_0637:BEL	NODE_0636	NODE_0637	BEL	1.0004919108759505e-10	0.9999999998999508	0.9999999993359971	AUS	0.2044943350833722	38	0	2	36	2022-11-14	2023-12-31	0	0	0	412	False	False	False	False
NODE_0636->NODE_0637:FRA	NODE_0636	NODE_0637	FRA	1.0224543069895104e-10	1.540509727188433e-11	1.0224543070052615e-10	BEL	0.9999999999153559	5	0	0	5	2023-01-01	2024-12-31	0	0	0	730	False	True	False	False
NODE_0636->BEL__SAMEA117989539:BEL	NODE_0636	BEL__SAMEA117989539	BEL	1.00049191154028e-10	0.9999999998999508	1.0	AUS	0.2044943350833722	1	0	0	1	2023-06-07	2023-06-07	0	0	0	0	False	True	False	False
NODE_0093->NODE_0094:AUS	NODE_0093	NODE_0094	AUS	6.850334366583676e-08	0.9999999314966492	0.9999998962992062	BEL	0.2015500129201218	5	0	0	5	2024-06-01	2024-10-31	0	0	0	152	False	True	False	False
NODE_0093->AUS__SAMN45810545:AUS	NODE_0093	AUS__SAMN45810545	AUS	6.850335076968861e-08	0.9999999314966492	1.0	BEL	0.2015500129201218	1	1	0	0	2019-05-01	2019-05-31	0	0	0	30	False	False	False	False
NODE_0098->NODE_0099:AUS	NODE_0098	NODE_0099	AUS	6.645868271689604e-10	0.9999999993354132	0.99999999572122	BEL	0.20140622475599937	4	2	0	2	2018-11-01	2024-07-31	0	0	0	2099	False	False	False	False
NODE_0098->AUS__SAMN45810558:AUS	NODE_0098	AUS__SAMN45810558	AUS	6.645868300125812e-10	0.9999999993354132	1.0	BEL	0.20140622475599937	1	0	0	1	2024-01-01	2024-01-31	0	0	0	30	False	True	False	False
NODE_0222->NODE_0223:AUS	NODE_0222	NODE_0223	AUS	3.176692697336476e-07	5.888389578210525e-09	3.17669271604208e-07	CHN	0.9999999983015633	13	3	0	10	2016-01-01	2024-10-31	0	0	0	3226	False	False	False	False
NODE_0222->NODE_0223:CHN	NODE_0222	NODE_0223	CHN	7.5868233421408e-09	0.9999999924131736	0.9999995983552602	AUS	0.7761334344516316	4	3	1	0	2018-01-01	2021-10-03	0	0	0	1371	False	False	False	False
NODE_0222->NODE_0239:CHN	NODE_0222	NODE_0239	CHN	7.586826180122181e-09	0.9999999924131736	0.9999999724222596	AUS	0.7761334344516316	2	1	0	1	2019-01-01	2023-06-08	0	0	0	1619	False	False	False	False
NODE_0249->NODE_0250:CHN	NODE_0249	NODE_0250	CHN	0.9996870410003451	7.32318358708682e-06	0.9996943619456886	Unknown_other	0.9999992791229695	9	4	3	2	2018-01-01	2024-12-31	0	0	0	2556	True	False	False	False
NODE_0249->NODE_0250:FRA	NODE_0249	NODE_0250	FRA	5.598208276856142e-06	1.2591250607642122e-07	5.5982089817406646e-06	Unknown_other	0.9999920818561706	5	0	0	5	2023-01-01	2024-12-31	0	0	0	730	False	True	False	False
NODE_0272->NODE_0273:AUS	NODE_0272	NODE_0273	AUS	7.235490653049737e-09	5.269637638512326e-09	7.235490691178151e-09	FRA	0.9999997134187354	1	0	0	1	2024-05-01	2024-05-31	0	0	0	30	False	True	False	False
NODE_0272->NODE_0273:BEL	NODE_0272	NODE_0273	BEL	4.128521128457629e-07	2.0240949059421378e-07	4.128521964109657e-07	FRA	0.9999999105585717	11	0	0	11	2023-05-14	2023-12-31	0	0	0	231	False	True	False	False
NODE_0272->NODE_0273:FRA	NODE_0272	NODE_0273	FRA	2.918507583763247e-07	0.9999997081490992	0.9999995120674549	BEL	0.693537316842689	10	0	0	10	2023-01-01	2024-12-31	0	0	0	730	False	True	False	False
NODE_0272->NODE_0273:JPN	NODE_0272	NODE_0273	JPN	6.644686736351095e-09	4.839354906497048e-09	6.644686768507093e-09	FRA	0.9999997129884527	2	0	0	2	2025-01-21	2025-03-03	0	0	0	41	False	True	False	False
NODE_0272->FRA__SAMEA115874187:FRA	NODE_0272	FRA__SAMEA115874187	FRA	2.918509007798775e-07	0.9999997081490992	1.0	BEL	0.693537316842689	1	0	0	1	2023-01-01	2023-12-31	0	0	0	364	False	True	False	False
NODE_0349->NODE_0350:AUS	NODE_0349	NODE_0350	AUS	8.141508391688262e-07	2.0637216119729097e-08	8.141508559706334e-07	CHN	0.9999999160817219	3	0	0	3	2024-08-01	2024-08-31	0	0	0	30	False	True	False	False
NODE_0349->NODE_0350:CHN	NODE_0349	NODE_0350	CHN	1.0455506110685266e-07	0.9999998954445076	0.9999958752215798	AUS	0.1973805070284583	45	0	12	33	2021-01-01	2024-12-31	0	0	0	1460	False	False	False	False
NODE_0349->NODE_0350:FRA	NODE_0349	NODE_0350	FRA	6.130167674962316e-07	1.553883978574819e-08	6.130167770218011e-07	CHN	0.999999910983346	1	0	0	1	2024-01-01	2024-12-31	0	0	0	365	False	True	False	False
NODE_0349->NODE_0350:JPN	NODE_0349	NODE_0350	JPN	7.476735067268721e-07	1.8952138815259465e-08	7.476735208968845e-07	CHN	0.9999999143966447	6	0	0	6	2024-12-11	2025-02-25	0	0	0	76	False	True	False	False
NODE_0349->CHN__SAMN44584040:CHN	NODE_0349	CHN__SAMN44584040	CHN	1.0455549237509132e-07	0.9999998954445076	1.0	AUS	0.1973805070284583	1	0	0	1	2024-04-18	2024-04-18	0	0	0	0	False	True	False	False
NODE_0405->NODE_0406:CHN	NODE_0405	NODE_0406	CHN	1.193501939614572e-10	0.9999999998806498	0.9999999796307482	JPN	0.9001823653979206	64	1	10	53	2019-01-01	2024-12-31	0	0	0	2191	False	False	False	False
NODE_0405->NODE_0406:JPN	NODE_0405	NODE_0406	JPN	3.749724439384723e-09	1.07436932618707e-10	3.749724439787582e-09	CHN	0.9999999999880868	3	0	0	3	2024-09-12	2024-12-12	0	0	0	91	False	True	False	False
NODE_0405->NODE_0472:CHN	NODE_0405	NODE_0472	CHN	1.1935008043339004e-10	0.9999999998806498	0.9999990284126472	JPN	0.9001823653979206	14	0	8	6	2021-01-01	2024-12-31	0	0	0	1460	False	False	False	False
NODE_0405->NODE_0472:JPN	NODE_0405	NODE_0472	JPN	8.819524915274319e-07	1.07436932618707e-10	8.819524916221862e-07	CHN	0.9999999999880868	41	0	0	41	2024-01-01	2025-12-31	0	0	0	730	False	True	False	False
NODE_0526->CHN__SAMN42391124:CHN	NODE_0526	CHN__SAMN42391124	CHN	2.5608904774543362e-08	0.9999999743910952	1.0	Unknown_other	0.3346555560669906	1	0	1	0	2022-05-01	2022-05-01	0	0	0	0	False	False	False	False
NODE_0526->NODE_0527:CHN	NODE_0526	NODE_0527	CHN	2.5608904469180824e-08	0.9999999743910952	0.9999999880759236	Unknown_other	0.3346555560669906	10	0	0	10	2023-01-01	2024-12-31	0	0	0	730	False	True	False	False
NODE_0526->NODE_0527:JPN	NODE_0526	NODE_0527	JPN	5.911682896653651e-10	3.632894287401678e-09	5.91168291813017e-10	CHN	0.9999999780239894	2	0	0	2	2024-11-13	2025-01-21	0	0	0	69	False	True	False	False
NODE_0541->NODE_0542:CHN	NODE_0541	NODE_0542	CHN	5.867835999345728e-10	0.9999999994132164	0.999999962920566	AUS	0.19738050703118096	11	0	2	9	2022-05-08	2024-12-31	0	0	0	968	False	False	False	False
NODE_0541->CHN__SAMN44584067:CHN	NODE_0541	CHN__SAMN44584067	CHN	5.867836216921773e-10	0.9999999994132164	1.0	AUS	0.19738050703118096	1	0	0	1	2024-05-09	2024-05-09	0	0	0	0	False	True	False	False
NODE_0552->CHN__SAMN39683447:CHN	NODE_0552	CHN__SAMN39683447	CHN	1.6155693405295324e-07	0.999999838443066	1.0	AUS	0.1973805070311808	1	0	0	1	2023-01-01	2023-12-31	0	0	0	364	False	True	False	False
NODE_0552->NODE_0553:CHN	NODE_0552	NODE_0553	CHN	1.6155692125483214e-07	0.999999838443066	0.9999999207825948	AUS	0.1973805070311808	2	0	0	2	2024-05-16	2024-07-04	0	0	0	49	False	True	False	False
NODE_0562->NODE_0563:CHN	NODE_0562	NODE_0563	CHN	6.386935424977363e-11	0.9999999999361306	0.9999999999988692	AUS	0.19175106219001628	7	0	0	7	2023-03-27	2024-08-27	0	0	0	519	False	True	False	False
NODE_0562->NODE_0569:CHN	NODE_0562	NODE_0569	CHN	6.386926945606446e-11	0.9999999999361306	0.9999986723870564	AUS	0.19175106219001628	2	0	0	2	2023-11-08	2023-12-29	0	0	0	51	False	True	False	False
NODE_0570->CHN__SAMN43024014:CHN	NODE_0570	CHN__SAMN43024014	CHN	0.0005856694077648328	0.9994143305922352	1.0	AUS	0.19738044452667822	1	0	0	1	2024-04-20	2024-04-20	0	0	0	0	False	True	False	False
NODE_0570->CHN__SAMN43024018:CHN	NODE_0570	CHN__SAMN43024018	CHN	0.0005856694077648328	0.9994143305922352	1.0	AUS	0.19738044452667822	1	0	0	1	2024-05-02	2024-05-02	0	0	0	0	False	True	False	False
NODE_0637->NODE_0638:BEL	NODE_0637	NODE_0638	BEL	6.640028512916545e-10	0.9999999993359971	0.9999999978765544	AUS	0.2044923622691987	37	0	2	35	2022-11-14	2023-12-31	0	0	0	412	False	False	False	False
NODE_0637->NODE_0638:FRA	NODE_0637	NODE_0638	FRA	3.270840977474617e-10	1.0224543070052615e-10	3.2708409778090456e-10	BEL	0.9999999994382427	5	0	0	5	2023-01-01	2024-12-31	0	0	0	730	False	True	False	False
NODE_0637->BEL__SAMEA117989583:BEL	NODE_0637	BEL__SAMEA117989583	BEL	6.640028527016284e-10	0.9999999993359971	1.0	AUS	0.2044923622691987	1	0	0	1	2023-10-17	2023-10-17	0	0	0	0	False	True	False	False
NODE_0094->NODE_0095:AUS	NODE_0094	NODE_0095	AUS	1.037006758206146e-07	0.9999998962992062	0.9999988619151038	BEL	0.20155001612713813	4	0	0	4	2024-06-01	2024-10-31	0	0	0	152	False	True	False	False
NODE_0094->AUS__SAMN45810634:AUS	NODE_0094	AUS__SAMN45810634	AUS	1.0370079384092179e-07	0.9999998962992062	1.0	BEL	0.20155001612713813	1	0	0	1	2024-10-01	2024-10-31	0	0	0	30	False	True	False	False
NODE_0099->AUS__SAMN45810543:AUS	NODE_0099	AUS__SAMN45810543	AUS	4.27877999698012e-09	0.99999999572122	1.0	BEL	0.20154429008156258	1	0	0	1	2024-01-01	2024-01-31	0	0	0	30	False	True	False	False
NODE_0099->NODE_0100:AUS	NODE_0099	NODE_0100	AUS	4.278779778341383e-09	0.99999999572122	0.9999999489016176	BEL	0.20154429008156258	3	2	0	1	2018-11-01	2024-07-31	0	0	0	2099	False	False	False	False
NODE_0223->NODE_0224:AUS	NODE_0223	NODE_0224	AUS	5.601421126482826e-06	3.17669271604208e-07	5.60142290588276e-06	CHN	0.9999999160245051	12	2	0	10	2016-01-01	2024-10-31	0	0	0	3226	False	False	False	False
NODE_0223->NODE_0224:CHN	NODE_0223	NODE_0224	CHN	4.0164233484269623e-07	0.9999995983552602	0.9999940122267856	AUS	0.79092103069131	3	2	1	0	2018-01-01	2021-10-03	0	0	0	1371	False	False	False	False
NODE_0223->NODE_0238:AUS	NODE_0223	NODE_0238	AUS	0.024564035934416723	3.17669271604208e-07	0.0245640437376586	CHN	0.9999999160245051	1	1	0	0	2019-10-01	2019-10-31	0	0	0	30	False	False	False	False
NODE_0223->NODE_0238:CHN	NODE_0223	NODE_0238	CHN	3.908495842814917e-07	0.9999995983552602	0.9731226269160494	AUS	0.79092103069131	1	1	0	0	2018-01-01	2018-12-31	0	0	0	364	False	False	False	False
NODE_0239->CHN__SAMN50151966:CHN	NODE_0239	CHN__SAMN50151966	CHN	2.7577740424611363e-08	0.9999999724222596	1.0	AUS	0.1973825267198389	1	1	0	0	2019-01-01	2019-12-31	0	0	0	364	False	False	False	False
NODE_0239->CHN__SAMN44583822:CHN	NODE_0239	CHN__SAMN44583822	CHN	2.7577740424611363e-08	0.9999999724222596	1.0	AUS	0.1973825267198389	1	0	0	1	2023-06-08	2023-06-08	0	0	0	0	False	True	False	False
NODE_0250->NODE_0251:CHN	NODE_0250	NODE_0251	CHN	0.0003055726036978146	0.9996943619456886	0.9997858558100085	Unknown_other	0.9078173374578024	8	3	3	2	2018-01-01	2024-12-31	0	0	0	2556	False	False	False	False
NODE_0250->NODE_0251:FRA	NODE_0250	NODE_0251	FRA	4.1756163498781625e-06	5.5982089817406646e-06	4.175639725981981e-06	CHN	0.9996999584749751	5	0	0	5	2023-01-01	2024-12-31	0	0	0	730	False	True	False	False
NODE_0250->CHN__SAMN50151973:CHN	NODE_0250	CHN__SAMN50151973	CHN	0.0003056380543113857	0.9996943619456886	1.0	Unknown_other	0.9078173374578024	1	1	0	0	2019-01-01	2019-12-31	0	0	0	364	False	False	False	False
NODE_0273->NODE_0274:AUS	NODE_0273	NODE_0274	AUS	5.530260001118697e-09	7.235490691178151e-09	5.530260041132842e-09	FRA	0.999999519302942	1	0	0	1	2024-05-01	2024-05-31	0	0	0	30	False	True	False	False
NODE_0273->NODE_0274:BEL	NODE_0273	NODE_0274	BEL	3.610951355775864e-07	4.128521964109657e-07	3.610952846565678e-07	FRA	0.9999999249196202	10	0	0	10	2023-05-14	2023-12-31	0	0	0	231	False	True	False	False
NODE_0273->NODE_0274:FRA	NODE_0273	NODE_0274	FRA	4.879323466774856e-07	0.9999995120674549	0.999999593246666	BEL	0.8461255565298247	10	0	0	10	2023-01-01	2024-12-31	0	0	0	730	False	True	False	False
NODE_0273->NODE_0274:JPN	NODE_0273	NODE_0274	JPN	5.078687516741043e-09	6.644686768507093e-09	5.078687550487331e-09	FRA	0.9999995187121383	2	0	0	2	2025-01-21	2025-03-03	0	0	0	41	False	True	False	False
NODE_0273->BEL__SAMEA117989575:BEL	NODE_0273	BEL__SAMEA117989575	BEL	0.9999995871478036	4.128521964109657e-07	1.0	FRA	0.9999999249196202	1	0	0	1	2023-09-26	2023-09-26	1	1	1	0	True	True	True	False
NODE_0350->NODE_0351:AUS	NODE_0350	NODE_0351	AUS	5.378880644994289e-07	8.141508559706334e-07	5.378885024218136e-07	CHN	0.9999966893697404	3	0	0	3	2024-08-01	2024-08-31	0	0	0	30	False	True	False	False
NODE_0350->NODE_0351:CHN	NODE_0350	NODE_0351	CHN	4.1247671795784e-06	0.9999958752215798	0.9999972748651296	AUS	0.19738050703103535	44	0	12	32	2021-01-01	2024-12-31	0	0	0	1460	False	False	False	False
NODE_0350->NODE_0351:FRA	NODE_0350	NODE_0351	FRA	4.050041484769631e-07	6.130167770218011e-07	4.0500439675145306e-07	CHN	0.9999964882362041	1	0	0	1	2024-01-01	2024-12-31	0	0	0	365	False	True	False	False
NODE_0350->NODE_0351:JPN	NODE_0350	NODE_0351	JPN	4.939682699075224e-07	7.476735208968845e-07	4.93968639234794e-07	CHN	0.9999966228925757	6	0	0	6	2024-12-11	2025-02-25	0	0	0	76	False	True	False	False
NODE_0350->CHN__SAMN44584039:CHN	NODE_0350	CHN__SAMN44584039	CHN	4.124778420155906e-06	0.9999958752215798	1.0	AUS	0.19738050703103535	1	0	0	1	2024-04-18	2024-04-18	0	0	0	0	False	True	False	False
NODE_0406->NODE_0407:CHN	NODE_0406	NODE_0407	CHN	2.0369149422791675e-08	0.9999999796307482	0.9999949719312397	AUS	0.19669980294549147	9	1	0	8	2019-01-01	2024-12-31	0	0	0	2191	False	False	False	False
NODE_0406->NODE_0407:JPN	NODE_0406	NODE_0407	JPN	9.114097169852023e-07	3.749724439787582e-09	9.114097204027376e-07	CHN	0.9999999833804725	2	0	0	2	2024-09-18	2024-12-12	0	0	0	85	False	True	False	False
NODE_0406->NODE_0417:CHN	NODE_0406	NODE_0417	CHN	2.0367411785197e-08	0.9999999796307482	0.9999096650378764	AUS	0.19669980294549147	55	0	10	45	2021-01-01	2024-12-31	0	0	0	1460	False	False	False	False
NODE_0406->NODE_0417:JPN	NODE_0406	NODE_0417	JPN	1.637447467904329e-05	3.749724439787582e-09	1.637447474044306e-05	CHN	0.9999999833804725	1	0	0	1	2024-09-12	2024-09-12	0	0	0	0	False	True	False	False
NODE_0472->NODE_0473:CHN	NODE_0472	NODE_0473	CHN	9.715871731198705e-07	0.9999990284126472	0.99999981507178	JPN	0.9077438987810249	13	0	8	5	2021-01-01	2024-08-27	0	0	0	1334	False	False	False	False
NODE_0472->NODE_0473:JPN	NODE_0472	NODE_0473	JPN	1.1738490143530817e-07	8.819524916221862e-07	1.1738500496330577e-07	CHN	0.9999999103650598	13	0	0	13	2024-01-01	2025-12-31	0	0	0	730	False	True	False	False
NODE_0472->NODE_0498:CHN	NODE_0472	NODE_0498	CHN	9.488722640812491e-07	0.9999990284126472	0.9766206418319218	JPN	0.9077438987810249	1	0	0	1	2024-01-01	2024-12-31	0	0	0	365	False	True	False	False
NODE_0472->NODE_0498:JPN	NODE_0472	NODE_0498	JPN	0.022012005748517763	8.819524916221862e-07	0.0220120251620782	CHN	0.9999999103650598	28	0	0	28	2024-12-09	2025-06-16	0	0	0	189	False	True	False	False
NODE_0527->CHN__SAMN42391144:CHN	NODE_0527	CHN__SAMN42391144	CHN	1.1924076392944016e-08	0.9999999880759236	1.0	Unknown_other	0.7675557772779521	1	0	0	1	2023-11-10	2023-11-10	0	0	0	0	False	True	False	False
NODE_0527->NODE_0528:CHN	NODE_0527	NODE_0528	CHN	1.19240754278908e-08	0.9999999880759236	0.9999999190668372	Unknown_other	0.7675557772779521	9	0	0	9	2023-01-01	2024-12-31	0	0	0	730	False	True	False	False
NODE_0527->NODE_0528:JPN	NODE_0527	NODE_0528	JPN	2.5016392505585374e-09	5.91168291813017e-10	2.501639252037427e-09	CHN	0.9999999886670918	2	0	0	2	2024-11-13	2025-01-21	0	0	0	69	False	True	False	False
NODE_0542->NODE_0543:CHN	NODE_0542	NODE_0543	CHN	3.70794325924662e-08	0.999999962920566	0.9999999629113988	AUS	0.19738050703118123	7	0	2	5	2022-05-08	2024-12-31	0	0	0	968	False	False	False	False
NODE_0542->NODE_0549:CHN	NODE_0542	NODE_0549	CHN	3.7079421570812614e-08	0.999999962920566	0.9999996656670128	AUS	0.19738050703118123	4	0	0	4	2023-01-01	2023-12-31	0	0	0	364	False	True	False	False
NODE_0553->CHN__SAMN43024025:CHN	NODE_0553	CHN__SAMN43024025	CHN	7.921740519112319e-08	0.9999999207825948	1.0	AUS	0.19738050703118123	1	0	0	1	2024-05-16	2024-05-16	0	0	0	0	False	True	False	False
NODE_0553->CHN__SAMN44590275:CHN	NODE_0553	CHN__SAMN44590275	CHN	7.921740519112319e-08	0.9999999207825948	1.0	AUS	0.19738050703118123	1	0	0	1	2024-07-04	2024-07-04	0	0	0	0	False	True	False	False
NODE_0563->NODE_0564:CHN	NODE_0563	NODE_0564	CHN	1.1307621300453515e-12	0.9999999999988692	0.9999999818393546	AUS	0.19734469388443526	6	0	0	6	2023-03-27	2024-08-27	0	0	0	519	False	True	False	False
NODE_0563->CHN__SAMN44584022:CHN	NODE_0563	CHN__SAMN44584022	CHN	1.130762150580722e-12	0.9999999999988692	1.0	AUS	0.19734469388443526	1	0	0	1	2024-04-12	2024-04-12	0	0	0	0	False	True	False	False
NODE_0569->CHN__SAMN42391145:CHN	NODE_0569	CHN__SAMN42391145	CHN	1.327612943580192e-06	0.9999986723870564	1.0	AUS	0.1973805054370678	1	0	0	1	2023-11-08	2023-11-08	0	0	0	0	False	True	False	False
NODE_0569->CHN__SAMN42391150:CHN	NODE_0569	CHN__SAMN42391150	CHN	1.327612943580192e-06	0.9999986723870564	1.0	AUS	0.1973805054370678	1	0	0	1	2023-12-29	2023-12-29	0	0	0	0	False	True	False	False
NODE_0638->NODE_0639:BEL	NODE_0638	NODE_0639	BEL	2.1234450692743946e-09	0.9999999978765544	0.9999997304994286	AUS	0.20447999476000842	29	0	1	28	2022-11-14	2023-12-31	0	0	0	412	False	False	False	False
NODE_0638->NODE_0639:FRA	NODE_0638	NODE_0639	FRA	4.149636648264585e-08	3.2708409778090456e-10	4.1496366496218656e-08	BEL	0.9999999982036386	1	0	0	1	2024-01-01	2024-12-31	0	0	0	365	False	True	False	False
NODE_0638->NODE_0668:BEL	NODE_0638	NODE_0668	BEL	2.123445546408936e-09	0.9999999978765544	0.9999999551976888	AUS	0.20447999476000842	8	0	1	7	2022-11-25	2023-11-14	0	0	0	354	False	False	False	False
NODE_0638->NODE_0668:FRA	NODE_0638	NODE_0668	FRA	2.2733386843354905e-08	3.2708409778090456e-10	2.2733386850790637e-08	BEL	0.9999999982036386	4	0	0	4	2023-01-01	2024-12-31	0	0	0	730	False	True	False	False
NODE_0095->NODE_0096:AUS	NODE_0095	NODE_0096	AUS	1.138035805963909e-06	0.9999988619151038	0.9999568659165374	BEL	0.20155001944222062	2	0	0	2	2024-06-01	2024-10-31	0	0	0	152	False	True	False	False
NODE_0095->NODE_0097:AUS	NODE_0095	NODE_0097	AUS	1.137395929455846e-06	0.9999988619151038	0.9993946262187852	BEL	0.20155001944222062	2	0	0	2	2024-08-01	2024-08-31	0	0	0	30	False	True	False	False
NODE_0100->NODE_0101:AUS	NODE_0100	NODE_0101	AUS	5.109501672141219e-08	0.9999999489016176	0.999934133084701	BEL	0.20154963591387487	2	1	0	1	2019-10-01	2024-07-31	0	0	0	1765	False	False	False	False
NODE_0100->AUS__SAMN45810546:AUS	NODE_0100	AUS__SAMN45810546	AUS	5.1098382414238586e-08	0.9999999489016176	1.0	BEL	0.20154963591387487	1	1	0	0	2018-11-01	2018-11-30	0	0	0	29	False	False	False	False
NODE_0224->NODE_0225:AUS	NODE_0224	NODE_0225	AUS	1.1844346051109535e-05	5.60142290588276e-06	1.184441239667244e-05	CHN	0.9999996136475274	12	2	0	10	2016-01-01	2024-10-31	0	0	0	3226	False	False	False	False
NODE_0224->NODE_0225:CHN	NODE_0224	NODE_0225	CHN	5.987697489828349e-06	0.9999940122267856	0.9999873534725784	AUS	0.9354767967106185	2	1	1	0	2018-01-01	2021-10-03	0	0	0	1371	False	False	False	False
NODE_0224->CHN__SAMN50151940:CHN	NODE_0224	CHN__SAMN50151940	CHN	5.9877732143664986e-06	0.9999940122267856	1.0	AUS	0.9354767967106185	1	1	0	0	2018-01-01	2018-12-31	0	0	0	364	False	False	False	False
NODE_0238->CHN__SAMN50151943:CHN	NODE_0238	CHN__SAMN50151943	CHN	0.02687737308395055	0.9731226269160494	1.0	AUS	0.9139302290046671	1	1	0	0	2018-01-01	2018-12-31	0	0	0	364	False	False	False	False
NODE_0238->AUS__SAMN45810507:AUS	NODE_0238	AUS__SAMN45810507	AUS	0.9754359562623414	0.0245640437376586	1.0	CHN	0.9976284149344301	1	1	0	0	2019-10-01	2019-10-31	0	0	0	30	True	False	False	False
NODE_0251->NODE_0252:CHN	NODE_0251	NODE_0252	CHN	0.00021410351193036173	0.9997858558100085	0.9998100435917052	Unknown_other	0.9064954375736142	7	3	3	1	2018-01-01	2024-12-31	0	0	0	2556	False	False	False	False
NODE_0251->NODE_0252:FRA	NODE_0251	NODE_0252	FRA	3.816617089433493e-06	4.175639725981981e-06	3.816633026317977e-06	CHN	0.9997900305729779	5	0	0	5	2023-01-01	2024-12-31	0	0	0	730	False	True	False	False
NODE_0251->CHN__SAMN45156026:CHN	NODE_0251	CHN__SAMN45156026	CHN	0.00021414418999154972	0.9997858558100085	1.0	Unknown_other	0.9064954375736142	1	0	0	1	2023-01-01	2023-12-31	0	0	0	364	False	True	False	False
NODE_0274->NODE_0275:AUS	NODE_0274	NODE_0275	AUS	1.3777227407083834e-10	5.530260041132842e-09	1.3777227483275484e-10	FRA	0.9999995987769238	1	0	0	1	2024-05-01	2024-05-31	0	0	0	30	False	True	False	False
NODE_0274->NODE_0275:BEL	NODE_0274	NODE_0275	BEL	6.790081789852762e-09	3.610952846565678e-07	6.790084241720165e-09	FRA	0.9999999543419341	9	0	0	9	2023-05-14	2023-12-31	0	0	0	231	False	True	False	False
NODE_0274->NODE_0275:FRA	NODE_0274	NODE_0275	FRA	4.0675333084902996e-07	0.999999593246666	0.9999999922173932	BEL	0.8877500304005472	10	0	0	10	2023-01-01	2024-12-31	0	0	0	730	False	True	False	False
NODE_0274->NODE_0275:JPN	NODE_0274	NODE_0275	JPN	1.2650440653393617e-10	5.078687550487331e-09	1.2650440717641252e-10	FRA	0.9999995983253515	2	0	0	2	2025-01-21	2025-03-03	0	0	0	41	False	True	False	False
NODE_0274->BEL__SAMEA117989558:BEL	NODE_0274	BEL__SAMEA117989558	BEL	0.9999996389047153	3.610952846565678e-07	1.0	FRA	0.9999999543419341	1	0	0	1	2023-08-21	2023-08-21	1	1	1	0	True	True	True	False
NODE_0351->NODE_0352:AUS	NODE_0351	NODE_0352	AUS	1.0801166688926055e-08	5.378885024218136e-07	1.0801172498752554e-08	CHN	0.9999978127524555	3	0	0	3	2024-08-01	2024-08-31	0	0	0	30	False	True	False	False
NODE_0351->NODE_0352:CHN	NODE_0351	NODE_0352	CHN	2.7251347213028825e-06	0.9999972748651296	0.9999999452773964	AUS	0.19738050701899426	43	0	12	31	2021-01-01	2024-12-31	0	0	0	1460	False	False	False	False
NODE_0351->NODE_0352:FRA	NODE_0351	NODE_0352	FRA	8.132778509358438e-09	4.0500439675145306e-07	8.132781803170827e-09	CHN	0.9999976798685867	1	0	0	1	2024-01-01	2024-12-31	0	0	0	365	False	True	False	False
NODE_0351->NODE_0352:JPN	NODE_0351	NODE_0352	JPN	9.919226423216336e-09	4.93968639234794e-07	9.919231323005534e-09	CHN	0.9999977688326667	6	0	0	6	2024-12-11	2025-02-25	0	0	0	76	False	True	False	False
NODE_0351->CHN__SAMN44590312:CHN	NODE_0351	CHN__SAMN44590312	CHN	2.7251348704293576e-06	0.9999972748651296	1.0	AUS	0.19738050701899426	1	0	0	1	2024-08-27	2024-08-27	0	0	0	0	False	True	False	False
NODE_0407->NODE_0408:CHN	NODE_0407	NODE_0408	CHN	5.02806875973995e-06	0.9999949719312397	0.9999999998789136	AUS	0.19738039923895423	6	1	0	5	2019-01-01	2024-08-30	0	0	0	2068	False	False	False	False
NODE_0407->NODE_0408:JPN	NODE_0407	NODE_0408	JPN	6.6512435620507e-11	9.114097204027376e-07	6.65124962406426e-11	CHN	0.9999958833372078	2	0	0	2	2024-09-18	2024-12-12	0	0	0	85	False	True	False	False
NODE_0407->NODE_0415:CHN	NODE_0407	NODE_0415	CHN	5.024255411962892e-06	0.9999949719312397	0.99924158786054	AUS	0.19738039923895423	3	0	0	3	2023-11-10	2024-12-31	0	0	0	417	False	True	False	False
NODE_0417->NODE_0418:CHN	NODE_0417	NODE_0418	CHN	9.033490218174524e-05	0.9999096650378764	0.999999336448684	AUS	0.19738049353439704	54	0	10	44	2021-01-01	2024-12-31	0	0	0	1460	False	False	False	False
NODE_0417->NODE_0418:JPN	NODE_0417	NODE_0418	JPN	1.2027595624107e-07	1.637447474044306e-05	1.202779257289267e-07	CHN	0.9999260383015329	1	0	0	1	2024-09-12	2024-09-12	0	0	0	0	False	True	False	False
NODE_0417->CHN__SAMN45156028:CHN	NODE_0417	CHN__SAMN45156028	CHN	9.033496212362824e-05	0.9999096650378764	1.0	AUS	0.19738049353439704	1	0	0	1	2023-01-01	2023-12-31	0	0	0	364	False	True	False	False
NODE_0473->NODE_0474:CHN	NODE_0473	NODE_0474	CHN	1.84928180387814e-07	0.99999981507178	0.9999997860158406	JPN	0.6347598269962373	12	0	8	4	2021-01-01	2024-08-27	0	0	0	1334	False	False	False	False
NODE_0473->NODE_0474:JPN	NODE_0473	NODE_0474	JPN	1.524236364189436e-07	1.1738500496330577e-07	1.52423654311195e-07	CHN	0.999999932456777	13	0	0	13	2024-01-01	2025-12-31	0	0	0	730	False	True	False	False
NODE_0473->CHN__SAMN42391140:CHN	NODE_0473	CHN__SAMN42391140	CHN	1.849282199595237e-07	0.99999981507178	1.0	JPN	0.6347598269962373	1	0	0	1	2023-10-15	2023-10-15	0	0	0	0	False	True	False	False
NODE_0498->CHN__SAMN50152069:CHN	NODE_0498	CHN__SAMN50152069	CHN	0.023379358168078235	0.9766206418319218	1.0	JPN	0.941515374538098	1	0	0	1	2024-01-01	2024-12-31	0	0	0	365	False	True	False	False
NODE_0498->NODE_0499:JPN	NODE_0498	NODE_0499	JPN	0.9779393030845536	0.0220120251620782	0.9999502327690928	CHN	0.9986018918011479	28	0	0	28	2024-12-09	2025-06-16	28	28	1	189	True	True	True	True
NODE_0528->NODE_0529:CHN	NODE_0528	NODE_0529	CHN	8.093316156344392e-08	0.9999999190668372	0.999999984249365	Unknown_other	0.8551264824806937	9	0	0	9	2023-01-01	2024-12-31	0	0	0	730	False	True	False	False
NODE_0528->NODE_0529:JPN	NODE_0528	NODE_0529	JPN	7.969864552264942e-10	2.501639252037427e-09	7.969864572202668e-10	CHN	0.9999999215684762	2	0	0	2	2024-11-13	2025-01-21	0	0	0	69	False	True	False	False
NODE_0543->NODE_0544:CHN	NODE_0543	NODE_0544	CHN	3.708860116926954e-08	0.9999999629113988	0.9999999994349308	AUS	0.19738050703118065	6	0	1	5	2022-08-01	2024-12-31	0	0	0	883	False	False	False	False
NODE_0543->CHN__SAMN42391126:CHN	NODE_0543	CHN__SAMN42391126	CHN	3.7088601190227166e-08	0.9999999629113988	1.0	AUS	0.19738050703118065	1	0	1	0	2022-05-08	2022-05-08	0	0	0	0	False	False	False	False
NODE_0549->NODE_0550:CHN	NODE_0549	NODE_0550	CHN	3.3433287753604905e-07	0.9999996656670128	0.9999996720393736	AUS	0.19738050703118076	3	0	0	3	2023-01-01	2023-12-31	0	0	0	364	False	True	False	False
NODE_0549->CHN__SAMN50152047:CHN	NODE_0549	CHN__SAMN50152047	CHN	3.34332987184105e-07	0.9999996656670128	1.0	AUS	0.19738050703118076	1	0	0	1	2023-01-01	2023-12-31	0	0	0	364	False	True	False	False
NODE_0564->NODE_0565:CHN	NODE_0564	NODE_0565	CHN	1.816064326141136e-08	0.9999999818393546	0.9999998804828788	AUS	0.19738050559214804	5	0	0	5	2023-08-10	2024-08-27	0	0	0	383	False	True	False	False
NODE_0564->CHN__SAMN44583818:CHN	NODE_0564	CHN__SAMN44583818	CHN	1.816064543191942e-08	0.9999999818393546	1.0	AUS	0.19738050559214804	1	0	0	1	2023-03-27	2023-03-27	0	0	0	0	False	True	False	False
NODE_0639->NODE_0640:BEL	NODE_0639	NODE_0640	BEL	2.695003971140675e-07	0.9999997304994286	0.9999993532452656	AUS	0.20449438832818523	28	0	1	27	2022-11-14	2023-12-31	0	0	0	412	False	False	False	False
NODE_0639->NODE_0640:FRA	NODE_0639	NODE_0640	FRA	9.95838023483262e-08	4.1496366496218656e-08	9.958380648069233e-08	BEL	0.999999771995786	1	0	0	1	2024-01-01	2024-12-31	0	0	0	365	False	True	False	False
NODE_0639->BEL__SAMEA117989598:BEL	NODE_0639	BEL__SAMEA117989598	BEL	2.6950057141483796e-07	0.9999997304994286	1.0	AUS	0.20449438832818523	1	0	0	1	2023-11-29	2023-11-29	0	0	0	0	False	True	False	False
NODE_0668->NODE_0669:BEL	NODE_0668	NODE_0669	BEL	4.4802308490935716e-08	0.9999999551976888	0.9999999396600932	FRA	0.5074154917531435	7	0	1	6	2022-11-25	2023-11-14	0	0	0	354	False	False	False	False
NODE_0668->NODE_0669:FRA	NODE_0668	NODE_0669	FRA	3.9379218652148766e-08	2.2733386850790637e-08	3.93792195473718e-08	BEL	0.9999999779310749	4	0	0	4	2023-01-01	2024-12-31	0	0	0	730	False	True	False	False
NODE_0668->BEL__SAMEA117989532:BEL	NODE_0668	BEL__SAMEA117989532	BEL	4.4802311194303e-08	0.9999999551976888	1.0	FRA	0.5074154917531435	1	0	0	1	2023-04-25	2023-04-25	0	0	0	0	False	True	False	False
NODE_0096->AUS__SAMN45810504:AUS	NODE_0096	AUS__SAMN45810504	AUS	4.3134083462570416e-05	0.9999568659165374	1.0	BEL	0.2015500197446401	1	0	0	1	2024-06-01	2024-06-30	0	0	0	29	False	True	False	False
NODE_0096->AUS__SAMN45810646:AUS	NODE_0096	AUS__SAMN45810646	AUS	4.3134083462570416e-05	0.9999568659165374	1.0	BEL	0.2015500197446401	1	0	0	1	2024-10-01	2024-10-31	0	0	0	30	False	True	False	False
NODE_0097->AUS__SAMN45810596:AUS	NODE_0097	AUS__SAMN45810596	AUS	0.0006053737812148352	0.9993946262187852	1.0	BEL	0.20155001975242745	1	0	0	1	2024-08-01	2024-08-31	0	0	0	30	False	True	False	False
NODE_0097->AUS__SAMN45810598:AUS	NODE_0097	AUS__SAMN45810598	AUS	0.0006053737812148352	0.9993946262187852	1.0	BEL	0.20155001975242745	1	0	0	1	2024-08-01	2024-08-31	0	0	0	30	False	True	False	False
NODE_0101->AUS__SAMN45811366:AUS	NODE_0101	AUS__SAMN45811366	AUS	6.586691529897326e-05	0.999934133084701	1.0	BEL	0.20155001974710532	1	0	0	1	2024-07-01	2024-07-31	0	0	0	30	False	True	False	False
NODE_0101->AUS__SAMN45810532:AUS	NODE_0101	AUS__SAMN45810532	AUS	6.586691529897326e-05	0.999934133084701	1.0	BEL	0.20155001974710532	1	1	0	0	2019-10-01	2019-10-31	0	0	0	30	False	False	False	False
NODE_0225->NODE_0226:AUS	NODE_0225	NODE_0226	AUS	0.029422623291929885	1.184441239667244e-05	0.0294229717897417	CHN	0.9999991978754744	12	2	0	10	2016-01-01	2024-10-31	0	0	0	3226	False	False	False	False
NODE_0225->NODE_0226:CHN	NODE_0225	NODE_0226	CHN	1.2262747286753582e-05	0.9999873534725784	0.9696533188864151	AUS	0.9365742865116554	1	1	0	0	2018-01-01	2018-12-31	0	0	0	364	False	False	False	False
NODE_0225->CHN__SAMN42391109:CHN	NODE_0225	CHN__SAMN42391109	CHN	1.2646527421611431e-05	0.9999873534725784	1.0	AUS	0.9365742865116554	1	0	1	0	2021-10-03	2021-10-03	0	0	0	0	False	False	False	False
NODE_0252->NODE_0253:CHN	NODE_0252	NODE_0253	CHN	0.0001899563867995717	0.9998100435917052	0.9999998868413732	Unknown_other	0.9055278506164433	4	2	1	1	2018-01-01	2024-12-31	0	0	0	2556	False	False	False	False
NODE_0252->NODE_0256:CHN	NODE_0252	NODE_0256	CHN	0.00018990918234492818	0.9998100435917052	0.9997513853295408	Unknown_other	0.9055278506164433	3	1	2	0	2019-01-01	2022-12-31	0	0	0	1460	False	False	False	False
NODE_0252->NODE_0256:FRA	NODE_0252	NODE_0256	FRA	0.0001818617042009644	3.816633026317977e-06	0.000181862398303	CHN	0.9998138595143017	5	0	0	5	2023-01-01	2024-12-31	0	0	0	730	False	True	False	False
NODE_0275->NODE_0276:AUS	NODE_0275	NODE_0276	AUS	6.613266981067898e-11	1.3777227483275484e-10	6.613266981979024e-11	FRA	0.9999999923551655	1	0	0	1	2024-05-01	2024-05-31	0	0	0	30	False	True	False	False
NODE_0275->NODE_0276:BEL	NODE_0275	NODE_0276	BEL	3.509472151720701e-10	6.790084241720165e-09	3.509472175550313e-10	FRA	0.9999999990074774	9	0	0	9	2023-05-14	2023-12-31	0	0	0	231	False	True	False	False
NODE_0275->NODE_0276:FRA	NODE_0275	NODE_0276	FRA	7.782606776288556e-09	0.9999999922173932	0.9999999993627412	BEL	0.8724691266668577	9	0	0	9	2023-01-01	2024-12-31	0	0	0	730	False	True	False	False
NODE_0275->NODE_0276:JPN	NODE_0275	NODE_0276	JPN	6.045982893935488e-11	1.2650440717641252e-10	6.045982894700332e-11	FRA	0.9999999923438975	2	0	0	2	2025-01-21	2025-03-03	0	0	0	41	False	True	False	False
NODE_0275->FRA__SAMEA115874245:FRA	NODE_0275	FRA__SAMEA115874245	FRA	7.782606781248091e-09	0.9999999922173932	1.0	BEL	0.8724691266668577	1	0	0	1	2024-01-01	2024-12-31	0	0	0	365	False	True	False	False
NODE_0352->NODE_0353:AUS	NODE_0352	NODE_0353	AUS	1.0985044451783751e-08	1.0801172498752554e-08	1.0985044570435112e-08	CHN	0.9999999560785685	3	0	0	3	2024-08-01	2024-08-31	0	0	0	30	False	True	False	False
NODE_0352->NODE_0353:CHN	NODE_0352	NODE_0353	CHN	5.4722600514112535e-08	0.9999999452773964	0.9999999443458276	AUS	0.19738045690902442	41	0	12	29	2021-01-01	2024-12-31	0	0	0	1460	False	False	False	False
NODE_0352->NODE_0353:FRA	NODE_0352	NODE_0353	FRA	8.271236120135681e-09	8.132781803170827e-09	8.27123618740384e-09	CHN	0.9999999534101778	1	0	0	1	2024-01-01	2024-12-31	0	0	0	365	False	True	False	False
NODE_0352->NODE_0353:JPN	NODE_0352	NODE_0353	JPN	1.0088089707027501e-08	9.919231323005534e-09	1.0088089807093598e-08	CHN	0.9999999551966272	6	0	0	6	2024-12-11	2025-02-25	0	0	0	76	False	True	False	False
NODE_0352->NODE_0403:CHN	NODE_0352	NODE_0403	CHN	5.472167526787954e-08	0.9999999452773964	0.9999830364106636	AUS	0.19738045690902442	2	0	0	2	2024-01-30	2024-08-27	0	0	0	210	False	True	False	False
NODE_0408->NODE_0409:CHN	NODE_0408	NODE_0409	CHN	1.2108636195753025e-10	0.9999999998789136	0.9999999900822027	JPN	0.5492985803165674	5	1	0	4	2019-01-01	2024-08-30	0	0	0	2068	False	False	False	False
NODE_0408->NODE_0409:JPN	NODE_0408	NODE_0409	JPN	9.142136618452627e-09	6.65124962406426e-11	9.142136619060692e-09	CHN	0.9999999999454263	2	0	0	2	2024-09-18	2024-12-12	0	0	0	85	False	True	False	False
NODE_0408->CHN__SAMN44584044:CHN	NODE_0408	CHN__SAMN44584044	CHN	1.2108636315844024e-10	0.9999999998789136	1.0	JPN	0.5492985803165674	1	0	0	1	2024-04-23	2024-04-23	0	0	0	0	False	True	False	False
NODE_0415->CHN__SAMN44583829:CHN	NODE_0415	CHN__SAMN44583829	CHN	0.0007584121394600407	0.99924158786054	1.0	AUS	0.1973805067213305	1	0	0	1	2023-11-10	2023-11-10	0	0	0	0	False	True	False	False
NODE_0415->NODE_0416:CHN	NODE_0415	NODE_0416	CHN	0.0007576586949562898	0.99924158786054	0.9990065500477256	AUS	0.1973805067213305	2	0	0	2	2024-01-01	2024-12-31	0	0	0	365	False	True	False	False
NODE_0418->NODE_0419:CHN	NODE_0418	NODE_0419	CHN	6.635511990666808e-07	0.999999336448684	0.9999998237694308	AUS	0.1973805031834553	53	0	10	43	2021-01-01	2024-12-31	0	0	0	1460	False	False	False	False
NODE_0418->NODE_0419:JPN	NODE_0418	NODE_0419	JPN	3.1944243318231674e-08	1.202779257289267e-07	3.1944247160419465e-08	CHN	0.9999994567265442	1	0	0	1	2024-09-12	2024-09-12	0	0	0	0	False	True	False	False
NODE_0418->CHN__SAMN43024010:CHN	NODE_0418	CHN__SAMN43024010	CHN	6.635513160047068e-07	0.999999336448684	1.0	AUS	0.1973805031834553	1	0	0	1	2024-04-22	2024-04-22	0	0	0	0	False	True	False	False
NODE_0474->NODE_0475:CHN	NODE_0474	NODE_0475	CHN	2.1398411746006443e-07	0.9999997860158406	0.9999998040429084	JPN	0.712312793243011	12	0	8	4	2021-01-01	2024-08-27	0	0	0	1334	False	False	False	False
NODE_0474->NODE_0475:JPN	NODE_0474	NODE_0475	JPN	1.5671203466390956e-07	1.52423654311195e-07	1.567120585505342e-07	CHN	0.9999999384394854	12	0	0	12	2024-01-01	2025-12-31	0	0	0	730	False	True	False	False
NODE_0474->JPN__SAMD00920280:JPN	NODE_0474	JPN__SAMD00920280	JPN	0.9999998475763456	1.52423654311195e-07	1.0	CHN	0.9999999384394854	1	0	0	1	2024-01-01	2024-12-31	1	1	1	365	True	True	True	False
NODE_0499->NODE_0500:JPN	NODE_0499	NODE_0500	JPN	4.976710518668982e-05	0.9999502327690928	0.999997473829184	CHN	0.940108013440141	27	0	0	27	2024-12-09	2025-06-16	0	0	0	189	False	True	False	False
NODE_0499->JPN__SAMD01697915:JPN	NODE_0499	JPN__SAMD01697915	JPN	4.976723090721613e-05	0.9999502327690928	1.0	CHN	0.940108013440141	1	0	0	1	2025-02-25	2025-02-25	0	0	0	0	False	True	False	False
NODE_0529->NODE_0530:CHN	NODE_0529	NODE_0530	CHN	1.5750635010574316e-08	0.999999984249365	0.9999999994991324	Unknown_other	0.7636693693675803	8	0	0	8	2023-01-01	2024-12-31	0	0	0	730	False	True	False	False
NODE_0529->NODE_0530:JPN	NODE_0529	NODE_0530	JPN	6.370738055673646e-11	7.969864572202668e-10	6.370738060751039e-11	CHN	0.9999999850463513	2	0	0	2	2024-11-13	2025-01-21	0	0	0	69	False	True	False	False
NODE_0529->CHN__SAMN45156034:CHN	NODE_0529	CHN__SAMN45156034	CHN	1.57506350184633e-08	0.999999984249365	1.0	Unknown_other	0.7636693693675803	1	0	0	1	2024-01-01	2024-12-31	0	0	0	365	False	True	False	False
NODE_0544->NODE_0545:CHN	NODE_0544	NODE_0545	CHN	5.650692136425042e-10	0.9999999994349308	0.999999999999576	AUS	0.19738050703118123	5	0	1	4	2022-08-01	2024-12-31	0	0	0	883	False	False	False	False
NODE_0544->CHN__SAMN44583872:CHN	NODE_0544	CHN__SAMN44583872	CHN	5.650692136427438e-10	0.9999999994349308	1.0	AUS	0.19738050703118123	1	0	0	1	2024-02-26	2024-02-26	0	0	0	0	False	True	False	False
NODE_0550->NODE_0551:CHN	NODE_0550	NODE_0551	CHN	3.2794404455339295e-07	0.9999996720393736	0.9999494394168346	AUS	0.19738050703118074	2	0	0	2	2023-02-04	2023-02-07	0	0	0	3	False	True	False	False
NODE_0550->CHN__SAMN50152046:CHN	NODE_0550	CHN__SAMN50152046	CHN	3.2796062643392077e-07	0.9999996720393736	1.0	AUS	0.19738050703118074	1	0	0	1	2023-01-01	2023-12-31	0	0	0	364	False	True	False	False
NODE_0565->NODE_0566:CHN	NODE_0565	NODE_0566	CHN	1.1951711074186872e-07	0.9999998804828788	0.9999999124981214	AUS	0.19738050703106433	4	0	0	4	2023-08-10	2024-08-27	0	0	0	383	False	True	False	False
NODE_0565->CHN__SAMN44590292:CHN	NODE_0565	CHN__SAMN44590292	CHN	1.1951712119984137e-07	0.9999998804828788	1.0	AUS	0.19738050703106433	1	0	0	1	2024-08-01	2024-08-01	0	0	0	0	False	True	False	False
NODE_0640->NODE_0641:BEL	NODE_0640	NODE_0641	BEL	6.467547022403834e-07	0.9999993532452656	0.9999999502218287	AUS	0.20449449757872792	27	0	1	26	2022-11-14	2023-12-31	0	0	0	412	False	False	False	False
NODE_0640->NODE_0641:FRA	NODE_0640	NODE_0641	FRA	7.664574069509902e-09	9.958380648069233e-08	7.66457483277744e-09	BEL	0.9999994528290175	1	0	0	1	2024-01-01	2024-12-31	0	0	0	365	False	True	False	False
NODE_0640->BEL__SAMEA117989569:BEL	NODE_0640	BEL__SAMEA117989569	BEL	6.467547344346514e-07	0.9999993532452656	1.0	AUS	0.20449449757872792	1	0	0	1	2023-09-08	2023-09-08	0	0	0	0	False	True	False	False
NODE_0669->NODE_0670:BEL	NODE_0669	NODE_0670	BEL	6.033990684853965e-08	0.9999999396600932	0.9999999999950454	FRA	0.6526231402479798	7	0	1	6	2022-11-25	2023-11-14	0	0	0	354	False	False	False	False
NODE_0669->NODE_0670:FRA	NODE_0669	NODE_0670	FRA	3.4276412493821345e-12	3.93792195473718e-08	3.4276413843599773e-12	BEL	0.9999999790393119	3	0	0	3	2023-01-01	2024-12-31	0	0	0	730	False	True	False	False
NODE_0669->FRA__SAMEA115874203:FRA	NODE_0669	FRA__SAMEA115874203	FRA	0.9999999606207804	3.93792195473718e-08	1.0	BEL	0.9999999790393119	1	0	0	1	2024-01-01	2024-12-31	1	1	1	365	True	True	True	False
NODE_0226->NODE_0227:AUS	NODE_0226	NODE_0227	AUS	0.9694466679503484	0.0294229717897417	0.9988353729512904	CHN	0.9990482884954056	12	2	0	10	2016-01-01	2024-10-31	0	0	0	3226	True	False	False	False
NODE_0226->CHN__SAMN39683227:CHN	NODE_0226	CHN__SAMN39683227	CHN	0.03034668111358485	0.9696533188864151	1.0	AUS	0.9695614383534917	1	1	0	0	2018-01-01	2018-12-31	0	0	0	364	False	False	False	False
NODE_0253->NODE_0254:CHN	NODE_0253	NODE_0254	CHN	1.1315861428784914e-07	0.9999998868413732	0.999999889409062	Unknown_other	0.27621197937690467	2	2	0	0	2018-01-01	2019-12-31	0	0	0	729	False	False	False	False
NODE_0253->NODE_0255:CHN	NODE_0253	NODE_0255	CHN	1.1315370742597703e-07	0.9999998868413732	0.9999565267242118	Unknown_other	0.27621197937690467	2	0	1	1	2020-01-01	2024-12-31	0	0	0	1826	False	False	False	False
NODE_0256->CHN__SAMN41373920:CHN	NODE_0256	CHN__SAMN41373920	CHN	0.00024861467045922403	0.9997513853295408	1.0	FRA	0.731503084541342	1	1	0	0	2019-01-01	2019-12-31	0	0	0	364	False	False	False	False
NODE_0256->NODE_0257:CHN	NODE_0256	NODE_0257	CHN	0.00024854811030279567	0.9997513853295408	0.9997322758294778	FRA	0.731503084541342	2	0	2	0	2021-01-01	2022-12-31	0	0	0	729	False	False	False	False
NODE_0256->NODE_0257:FRA	NODE_0256	NODE_0257	FRA	0.00019652937874916208	0.000181862398303	0.0001965651265545	CHN	0.9999332355859075	5	0	0	5	2023-01-01	2024-12-31	0	0	0	730	False	True	False	False
NODE_0276->NODE_0277:AUS	NODE_0276	NODE_0277	AUS	1.2734957836079455e-10	6.613266981979024e-11	1.2734957836921652e-10	FRA	0.9999999994288736	1	0	0	1	2024-05-01	2024-05-31	0	0	0	30	False	True	False	False
NODE_0276->NODE_0277:BEL	NODE_0276	NODE_0277	BEL	7.087027133603718e-10	3.509472175550313e-10	7.087027136090891e-10	FRA	0.9999999997136881	9	0	0	9	2023-05-14	2023-12-31	0	0	0	231	False	True	False	False
NODE_0276->NODE_0277:FRA	NODE_0276	NODE_0277	FRA	6.37258800514089e-10	0.9999999993627412	0.9999999987922544	BEL	0.550713655293806	8	0	0	8	2023-01-01	2024-12-31	0	0	0	730	False	True	False	False
NODE_0276->NODE_0277:JPN	NODE_0276	NODE_0277	JPN	1.0857570194213127e-10	6.045982894700332e-11	1.0857570194869574e-10	FRA	0.9999999994232008	2	0	0	2	2025-01-21	2025-03-03	0	0	0	41	False	True	False	False
NODE_0276->FRA__SAMEA115874195:FRA	NODE_0276	FRA__SAMEA115874195	FRA	6.372588012837355e-10	0.9999999993627412	1.0	BEL	0.550713655293806	1	0	0	1	2024-01-01	2024-12-31	0	0	0	365	False	True	False	False
NODE_0353->NODE_0354:AUS	NODE_0353	NODE_0354	AUS	2.0275669395960675e-08	1.0985044570435112e-08	2.0275669618689808e-08	CHN	0.9999999553308716	3	0	0	3	2024-08-01	2024-08-31	0	0	0	30	False	True	False	False
NODE_0353->NODE_0354:CHN	NODE_0353	NODE_0354	CHN	5.565416664486262e-08	0.9999999443458276	0.9999998969192564	AUS	0.1973804312156366	38	0	12	26	2021-01-01	2024-12-31	0	0	0	1460	False	False	False	False
NODE_0353->NODE_0354:FRA	NODE_0353	NODE_0354	FRA	1.5623579355224128e-08	8.27123618740384e-09	1.5623579484450442e-08	CHN	0.9999999526170632	1	0	0	1	2024-01-01	2024-12-31	0	0	0	365	False	True	False	False
NODE_0353->NODE_0354:JPN	NODE_0353	NODE_0354	JPN	1.8620120790878437e-08	1.0088089807093598e-08	1.862012097871989e-08	CHN	0.9999999544339169	6	0	0	6	2024-12-11	2025-02-25	0	0	0	76	False	True	False	False
NODE_0353->NODE_0401:CHN	NODE_0353	NODE_0401	CHN	5.565315928186439e-08	0.9999999443458276	0.9999817965153672	AUS	0.1973804312156366	3	0	0	3	2024-02-02	2024-05-30	0	0	0	118	False	True	False	False
NODE_0403->CHN__SAMN44583839:CHN	NODE_0403	CHN__SAMN44583839	CHN	1.696358933644948e-05	0.9999830364106636	1.0	AUS	0.1973805070282915	1	0	0	1	2024-01-30	2024-01-30	0	0	0	0	False	True	False	False
NODE_0403->CHN__SAMN44590310:CHN	NODE_0403	CHN__SAMN44590310	CHN	1.696358933644948e-05	0.9999830364106636	1.0	AUS	0.1973805070282915	1	0	0	1	2024-08-27	2024-08-27	0	0	0	0	False	True	False	False
NODE_0409->CHN__SAMN39683481:CHN	NODE_0409	CHN__SAMN39683481	CHN	9.917797250125204e-09	0.9999999900822027	1.0	JPN	0.9217910514510449	1	1	0	0	2019-01-01	2019-12-31	0	0	0	364	False	False	False	False
NODE_0409->NODE_0410:CHN	NODE_0409	NODE_0410	CHN	9.917793343935124e-09	0.9999999900822027	0.9999996061433823	JPN	0.9217910514510449	4	0	0	4	2024-02-06	2024-08-30	0	0	0	206	False	True	False	False
NODE_0409->NODE_0410:JPN	NODE_0409	NODE_0410	JPN	3.7069881327992177e-07	9.142136619060692e-09	3.70698816668901e-07	CHN	0.9999999992243395	2	0	0	2	2024-09-18	2024-12-12	0	0	0	85	False	True	False	False
NODE_0416->CHN__SAMN43024034:CHN	NODE_0416	CHN__SAMN43024034	CHN	0.00099344995227435	0.9990065500477256	1.0	AUS	0.19738050679493357	1	0	0	1	2024-05-01	2024-05-31	0	0	0	30	False	True	False	False
NODE_0416->CHN__SAMN45156057:CHN	NODE_0416	CHN__SAMN45156057	CHN	0.00099344995227435	0.9990065500477256	1.0	AUS	0.19738050679493357	1	0	0	1	2024-01-01	2024-12-31	0	0	0	365	False	True	False	False
NODE_0419->NODE_0420:CHN	NODE_0419	NODE_0420	CHN	1.7623056806448298e-07	0.9999998237694308	0.9999999932799644	AUS	0.19738050326101578	52	0	10	42	2021-01-01	2024-12-31	0	0	0	1460	False	False	False	False
NODE_0419->NODE_0420:JPN	NODE_0419	NODE_0420	JPN	1.2181001014039091e-09	3.1944247160419465e-08	1.218100140315201e-09	CHN	0.9999998557136736	1	0	0	1	2024-09-12	2024-09-12	0	0	0	0	False	True	False	False
NODE_0419->CHN__SAMN43024019:CHN	NODE_0419	CHN__SAMN43024019	CHN	1.7623056924875868e-07	0.9999998237694308	1.0	AUS	0.19738050326101578	1	0	0	1	2024-05-02	2024-05-02	0	0	0	0	False	True	False	False
NODE_0475->NODE_0476:CHN	NODE_0475	NODE_0476	CHN	1.9595708916861685e-07	0.9999998040429084	0.9999999878306396	JPN	0.7997263956787324	12	0	8	4	2021-01-01	2024-08-27	0	0	0	1334	False	False	False	False
NODE_0475->NODE_0476:JPN	NODE_0475	NODE_0476	JPN	1.156882739906096e-08	1.567120585505342e-07	1.1568829212036002e-08	CHN	0.9999999607549608	11	0	0	11	2024-01-01	2025-12-31	0	0	0	730	False	True	False	False
NODE_0475->JPN__SAMD00920276:JPN	NODE_0475	JPN__SAMD00920276	JPN	0.9999998432879414	1.567120585505342e-07	1.0	CHN	0.9999999607549608	1	0	0	1	2024-01-01	2024-12-31	1	1	1	365	True	True	True	False
NODE_0500->NODE_0501:JPN	NODE_0500	NODE_0501	JPN	2.5261707661827403e-06	0.999997473829184	0.9999999802893652	CHN	0.9397348820866164	26	0	0	26	2024-12-09	2025-06-16	0	0	0	189	False	True	False	False
NODE_0500->JPN__SAMD01697929:JPN	NODE_0500	JPN__SAMD01697929	JPN	2.5261708159751706e-06	0.999997473829184	1.0	CHN	0.9397348820866164	1	0	0	1	2025-06-02	2025-06-02	0	0	0	0	False	True	False	False
NODE_0530->CHN__SAMN42391147:CHN	NODE_0530	CHN__SAMN42391147	CHN	5.008675696416276e-10	0.9999999994991324	1.0	Unknown_other	0.5080855948947736	1	0	0	1	2023-11-14	2023-11-14	0	0	0	0	False	True	False	False
NODE_0530->NODE_0531:CHN	NODE_0530	NODE_0531	CHN	5.008675691603428e-10	0.9999999994991324	0.9999999990390976	Unknown_other	0.5080855948947736	7	0	0	7	2023-01-01	2024-12-31	0	0	0	730	False	True	False	False
NODE_0530->NODE_0531:JPN	NODE_0530	NODE_0531	JPN	6.257589592386864e-10	6.370738060751039e-11	6.257589592785518e-10	CHN	0.9999999995628397	2	0	0	2	2024-11-13	2025-01-21	0	0	0	69	False	True	False	False
NODE_0545->CHN__SAMN33268551:CHN	NODE_0545	CHN__SAMN33268551	CHN	4.239941731043473e-13	0.999999999999576	1.0	AUS	0.19738050703118123	1	0	1	0	2022-08-01	2022-08-31	0	0	0	30	False	False	False	False
NODE_0545->NODE_0546:CHN	NODE_0545	NODE_0546	CHN	4.2399417307158e-13	0.999999999999576	0.9999999999227176	AUS	0.19738050703118123	4	0	0	4	2023-01-01	2024-12-31	0	0	0	730	False	True	False	False
NODE_0551->CHN__SAMN44583814:CHN	NODE_0551	CHN__SAMN44583814	CHN	5.0560583165437656e-05	0.9999494394168346	1.0	AUS	0.1973805070311808	1	0	0	1	2023-02-04	2023-02-04	0	0	0	0	False	True	False	False
NODE_0551->CHN__SAMN44583815:CHN	NODE_0551	CHN__SAMN44583815	CHN	5.0560583165437656e-05	0.9999494394168346	1.0	AUS	0.1973805070311808	1	0	0	1	2023-02-07	2023-02-07	0	0	0	0	False	True	False	False
NODE_0566->NODE_0567:CHN	NODE_0566	NODE_0567	CHN	8.750186421886954e-08	0.9999999124981214	0.999999835285328	AUS	0.19738050703108448	3	0	0	3	2023-08-10	2024-08-27	0	0	0	383	False	True	False	False
NODE_0566->CHN__SAMN43024011:CHN	NODE_0566	CHN__SAMN43024011	CHN	8.750187863171277e-08	0.9999999124981214	1.0	AUS	0.19738050703108448	1	0	0	1	2024-04-22	2024-04-22	0	0	0	0	False	True	False	False
NODE_0641->NODE_0642:BEL	NODE_0641	NODE_0642	BEL	4.977817099944064e-08	0.9999999502218287	0.9999999949338502	AUS	0.20449449553451263	26	0	1	25	2022-11-14	2023-12-31	0	0	0	412	False	False	False	False
NODE_0641->NODE_0642:FRA	NODE_0641	NODE_0642	FRA	7.800589963177886e-10	7.66457483277744e-09	7.800590022966093e-10	BEL	0.9999999578864032	1	0	0	1	2024-01-01	2024-12-31	0	0	0	365	False	True	False	False
NODE_0641->BEL__SAMEA117989593:BEL	NODE_0641	BEL__SAMEA117989593	BEL	4.9778171251624315e-08	0.9999999502218287	1.0	AUS	0.20449449553451263	1	0	0	1	2023-11-20	2023-11-20	0	0	0	0	False	True	False	False
NODE_0670->NODE_0671:BEL	NODE_0670	NODE_0671	BEL	4.954592284863548e-12	0.9999999999950454	0.9999999985607014	FRA	0.6918010943077326	6	0	1	5	2022-11-25	2023-11-14	0	0	0	354	False	False	False	False
NODE_0670->NODE_0671:FRA	NODE_0670	NODE_0671	FRA	1.2846778737206203e-09	3.4276413843599773e-12	1.2846778737250236e-09	BEL	0.999999999998473	3	0	0	3	2023-01-01	2024-12-31	0	0	0	730	False	True	False	False
NODE_0670->BEL__SAMEA117989543:BEL	NODE_0670	BEL__SAMEA117989543	BEL	4.954592291994686e-12	0.9999999999950454	1.0	FRA	0.6918010943077326	1	0	0	1	2023-06-09	2023-06-09	0	0	0	0	False	True	False	False
NODE_0227->NODE_0228:AUS	NODE_0227	NODE_0228	AUS	0.001163640528908204	0.9988353729512904	0.999152930715069	CHN	0.9686287301505745	11	2	0	9	2016-01-01	2024-10-31	0	0	0	3226	False	False	False	False
NODE_0227->AUS__SAMN45810645:AUS	NODE_0227	AUS__SAMN45810645	AUS	0.0011646270487095656	0.9988353729512904	1.0	CHN	0.9686287301505745	1	0	0	1	2024-10-01	2024-10-31	0	0	0	30	False	True	False	False
NODE_0254->CHN__SAMN50151944:CHN	NODE_0254	CHN__SAMN50151944	CHN	1.1059093796284003e-07	0.999999889409062	1.0	Unknown_other	0.24472839060524687	1	1	0	0	2018-01-01	2018-12-31	0	0	0	364	False	False	False	False
NODE_0254->CHN__SAMN41373958:CHN	NODE_0254	CHN__SAMN41373958	CHN	1.1059093796284003e-07	0.999999889409062	1.0	Unknown_other	0.24472839060524687	1	1	0	0	2019-01-01	2019-12-31	0	0	0	364	False	False	False	False
NODE_0255->CHN__SAMN41373926:CHN	NODE_0255	CHN__SAMN41373926	CHN	4.347327578824167e-05	0.9999565267242118	1.0	AUS	0.1973714475939998	1	0	1	0	2020-01-01	2020-12-31	0	0	0	365	False	False	False	False
NODE_0255->CHN__SAMN50152066:CHN	NODE_0255	CHN__SAMN50152066	CHN	4.347327578824167e-05	0.9999565267242118	1.0	AUS	0.1973714475939998	1	0	0	1	2024-01-01	2024-12-31	0	0	0	365	False	True	False	False
NODE_0257->NODE_0258:CHN	NODE_0257	NODE_0258	CHN	0.0002676208832075678	0.9997322758294778	0.9996142025037824	FRA	0.7342076218638495	1	0	1	0	2021-01-01	2021-12-31	0	0	0	364	False	False	False	False
NODE_0257->NODE_0258:FRA	NODE_0257	NODE_0258	FRA	0.00028442792415064985	0.0001965651265545	0.0002844838437534	CHN	0.9999288269658959	5	0	0	5	2023-01-01	2024-12-31	0	0	0	730	False	True	False	False
NODE_0257->CHN__SAMN45156015:CHN	NODE_0257	CHN__SAMN45156015	CHN	0.0002677241705222322	0.9997322758294778	1.0	FRA	0.7342076218638495	1	0	1	0	2022-01-01	2022-12-31	0	0	0	364	False	False	False	False
NODE_0277->NODE_0278:AUS	NODE_0277	NODE_0278	AUS	2.0770654819777911e-10	1.2734957836921652e-10	2.0770654822423046e-10	FRA	0.9999999989196039	1	0	0	1	2024-05-01	2024-05-31	0	0	0	30	False	True	False	False
NODE_0277->NODE_0278:BEL	NODE_0277	NODE_0278	BEL	9.007205780395247e-09	7.087027136090891e-10	9.00720578677868e-09	FRA	0.999999999500957	9	0	0	9	2023-05-14	2023-12-31	0	0	0	231	False	True	False	False
NODE_0277->NODE_0278:FRA	NODE_0277	NODE_0278	FRA	1.2077455588906273e-09	0.9999999987922544	0.9999999906196176	BEL	0.5867979733959522	7	0	0	7	2023-01-01	2024-12-31	0	0	0	730	False	True	False	False
NODE_0277->NODE_0278:JPN	NODE_0277	NODE_0278	JPN	4.84819451615052e-11	1.0857570194869574e-10	4.8481945166769165e-11	FRA	0.99999999890083	2	0	0	2	2025-01-21	2025-03-03	0	0	0	41	False	True	False	False
NODE_0277->FRA__SAMEA115874220:FRA	NODE_0277	FRA__SAMEA115874220	FRA	1.2077455702197426e-09	0.9999999987922544	1.0	BEL	0.5867979733959522	1	0	0	1	2024-01-01	2024-12-31	0	0	0	365	False	True	False	False
NODE_0354->NODE_0355:AUS	NODE_0354	NODE_0355	AUS	1.660676320168231e-08	2.0275669618689808e-08	1.660676353839556e-08	CHN	0.9999999171949244	3	0	0	3	2024-08-01	2024-08-31	0	0	0	30	False	True	False	False
NODE_0354->NODE_0355:CHN	NODE_0354	NODE_0355	CHN	1.0308073488792887e-07	0.9999998969192564	0.9999999154098732	AUS	0.19669696703116196	37	0	12	25	2021-01-01	2024-12-31	0	0	0	1460	False	False	False	False
NODE_0354->NODE_0355:FRA	NODE_0354	NODE_0355	FRA	1.2958434960954907e-08	1.5623579484450442e-08	1.2958435163412049e-08	CHN	0.9999999125428346	1	0	0	1	2024-01-01	2024-12-31	0	0	0	365	False	True	False	False
NODE_0354->NODE_0355:JPN	NODE_0354	NODE_0355	JPN	1.5250791495113996e-08	1.862012097871989e-08	1.5250791779085584e-08	CHN	0.9999999155393758	6	0	0	6	2024-12-11	2025-02-25	0	0	0	76	False	True	False	False
NODE_0354->CHN__SAMN44583865:CHN	NODE_0354	CHN__SAMN44583865	CHN	1.0308074360754205e-07	0.9999998969192564	1.0	AUS	0.19669696703116196	1	0	0	1	2024-02-08	2024-02-08	0	0	0	0	False	True	False	False
NODE_0401->NODE_0402:CHN	NODE_0401	NODE_0402	CHN	1.820317632000919e-05	0.9999817965153672	0.999983062981083	AUS	0.1973805070136977	2	0	0	2	2024-02-02	2024-02-02	0	0	0	0	False	True	False	False
NODE_0401->CHN__SAMN44590209:CHN	NODE_0401	CHN__SAMN44590209	CHN	1.820348463277277e-05	0.9999817965153672	1.0	AUS	0.1973805070136977	1	0	0	1	2024-05-30	2024-05-30	0	0	0	0	False	True	False	False
NODE_0410->NODE_0411:CHN	NODE_0410	NODE_0411	CHN	3.938309879842712e-07	0.9999996061433823	0.9999349263978282	JPN	0.9412024582786441	1	0	0	1	2024-02-06	2024-02-06	0	0	0	0	False	True	False	False
NODE_0410->NODE_0411:JPN	NODE_0410	NODE_0411	JPN	6.126742227568105e-05	3.70698816668901e-07	6.12674449874504e-05	CHN	0.9999999768421906	2	0	0	2	2024-09-18	2024-12-12	0	0	0	85	False	True	False	False
NODE_0410->NODE_0413:CHN	NODE_0410	NODE_0413	CHN	3.9385656302833164e-07	0.9999996061433823	0.9999998613079304	JPN	0.9412024582786441	3	0	0	3	2024-06-03	2024-08-30	0	0	0	88	False	True	False	False
NODE_0420->NODE_0421:CHN	NODE_0420	NODE_0421	CHN	6.72003563781192e-09	0.9999999932799644	0.9999999998138476	AUS	0.19738050347094385	50	0	10	40	2021-01-01	2024-12-31	0	0	0	1460	False	False	False	False
NODE_0420->NODE_0421:JPN	NODE_0420	NODE_0421	JPN	3.374272993717151e-11	1.218100140315201e-09	3.3742729978273536e-11	CHN	0.9999999944980644	1	0	0	1	2024-09-12	2024-09-12	0	0	0	0	False	True	False	False
NODE_0420->NODE_0471:CHN	NODE_0420	NODE_0471	CHN	6.709267219618899e-09	0.9999999932799644	0.9983975651287657	AUS	0.19738050347094385	2	0	0	2	2024-04-29	2024-05-02	0	0	0	3	False	True	False	False
NODE_0476->NODE_0477:CHN	NODE_0476	NODE_0477	CHN	1.2169360162174634e-08	0.9999999878306396	0.9999999797778631	JPN	0.9506521991727118	11	0	7	4	2021-01-01	2024-08-27	0	0	0	1334	False	False	False	False
NODE_0476->NODE_0477:JPN	NODE_0476	NODE_0477	JPN	1.9728619910196907e-08	1.1568829212036002e-08	1.9728620138433945e-08	CHN	0.9999999993994688	11	0	0	11	2024-01-01	2025-12-31	0	0	0	730	False	True	False	False
NODE_0476->CHN__SAMN50151998:CHN	NODE_0476	CHN__SAMN50151998	CHN	1.2169360408265106e-08	0.9999999878306396	1.0	JPN	0.9506521991727118	1	0	1	0	2021-01-01	2021-12-31	0	0	0	364	False	False	False	False
NODE_0501->NODE_0502:JPN	NODE_0501	NODE_0502	JPN	1.9710634774009416e-08	0.9999999802893652	0.9999999991378136	CHN	0.9361153089368223	24	0	0	24	2024-12-09	2025-06-16	0	0	0	189	False	True	False	False
NODE_0501->NODE_0525:JPN	NODE_0501	NODE_0525	JPN	1.9710050694443914e-08	0.9999999802893652	0.9999703664257424	CHN	0.9361153089368223	2	0	0	2	2025-02-25	2025-03-07	0	0	0	10	False	True	False	False
NODE_0531->NODE_0532:CHN	NODE_0531	NODE_0532	CHN	9.609022757574947e-10	0.9999999990390976	0.999999914741208	JPN	0.6512201486030239	2	0	0	2	2023-01-01	2023-12-31	0	0	0	364	False	True	False	False
NODE_0531->NODE_0533:CHN	NODE_0531	NODE_0533	CHN	9.60902318076982e-10	0.9999999990390976	0.99999995878261	JPN	0.6512201486030239	5	0	0	5	2023-01-01	2024-12-31	0	0	0	730	False	True	False	False
NODE_0531->NODE_0533:JPN	NODE_0531	NODE_0533	JPN	3.1901590689110316e-08	6.257589592785518e-10	3.1901590709073023e-08	CHN	0.9999999996648566	2	0	0	2	2024-11-13	2025-01-21	0	0	0	69	False	True	False	False
NODE_0546->NODE_0547:CHN	NODE_0546	NODE_0547	CHN	7.728240246563768e-11	0.9999999999227176	0.9999999969732496	AUS	0.19738050703118126	3	0	0	3	2023-11-22	2024-12-31	0	0	0	405	False	True	False	False
NODE_0546->CHN__SAMN50152056:CHN	NODE_0546	CHN__SAMN50152056	CHN	7.728240269955222e-11	0.9999999999227176	1.0	AUS	0.19738050703118126	1	0	0	1	2023-01-01	2023-12-31	0	0	0	364	False	True	False	False
NODE_0567->NODE_0568:CHN	NODE_0567	NODE_0568	CHN	1.647104227751682e-07	0.999999835285328	0.9999742024329988	AUS	0.1973805070311349	2	0	0	2	2023-08-10	2023-11-13	0	0	0	95	False	True	False	False
NODE_0567->CHN__SAMN44590311:CHN	NODE_0567	CHN__SAMN44590311	CHN	1.6471467201295553e-07	0.999999835285328	1.0	AUS	0.1973805070311349	1	0	0	1	2024-08-27	2024-08-27	0	0	0	0	False	True	False	False
NODE_0642->NODE_0643:BEL	NODE_0642	NODE_0643	BEL	5.066149818609501e-09	0.9999999949338502	0.9999999971639464	AUS	0.20449447044168995	25	0	1	24	2022-11-14	2023-12-31	0	0	0	412	False	False	False	False
NODE_0642->NODE_0643:FRA	NODE_0642	NODE_0643	FRA	4.366823801481765e-10	7.800590022966093e-10	4.3668238048881457e-10	BEL	0.9999999957139092	1	0	0	1	2024-01-01	2024-12-31	0	0	0	365	False	True	False	False
NODE_0642->BEL__SAMEA117989606:BEL	NODE_0642	BEL__SAMEA117989606	BEL	5.0661498329773735e-09	0.9999999949338502	1.0	AUS	0.20449447044168995	1	0	0	1	2023-12-15	2023-12-15	0	0	0	0	False	True	False	False
NODE_0671->NODE_0672:BEL	NODE_0671	NODE_0672	BEL	1.439298447027047e-09	0.9999999985607014	0.9999999151046008	FRA	0.8925722666956836	5	0	1	4	2022-11-25	2023-11-14	0	0	0	354	False	False	False	False
NODE_0671->NODE_0672:FRA	NODE_0671	NODE_0672	FRA	8.457865599120094e-08	1.2846778737250236e-09	8.457865609985727e-08	BEL	0.9999999998453795	3	0	0	3	2023-01-01	2024-12-31	0	0	0	730	False	True	False	False
NODE_0671->BEL__SAMEA117989531:BEL	NODE_0671	BEL__SAMEA117989531	BEL	1.4392985692168736e-09	0.9999999985607014	1.0	FRA	0.8925722666956836	1	0	0	1	2023-04-21	2023-04-21	0	0	0	0	False	True	False	False
NODE_0228->NODE_0229:AUS	NODE_0228	NODE_0229	AUS	0.0008470637057797905	0.999152930715069	0.9999934135834524	CHN	0.9684052612256493	6	1	0	5	2016-01-01	2024-10-31	0	0	0	3226	False	False	False	False
NODE_0228->NODE_0234:AUS	NODE_0228	NODE_0234	AUS	0.0008469941817525181	0.999152930715069	0.9999113376204712	CHN	0.9684052612256493	5	1	0	4	2016-04-01	2024-10-31	0	0	0	3135	False	False	False	False
NODE_0258->CHN__SAMN39683299:CHN	NODE_0258	CHN__SAMN39683299	CHN	0.0003857974962175881	0.9996142025037824	1.0	FRA	0.7373916278421366	1	0	1	0	2021-01-01	2021-12-31	0	0	0	364	False	False	False	False
NODE_0258->NODE_0259:FRA	NODE_0258	NODE_0259	FRA	0.9996381292116993	0.0002844838437534	0.9999225910338524	CHN	0.9998986575172367	5	0	0	5	2023-01-01	2024-12-31	5	5	1	730	True	True	True	True
NODE_0278->NODE_0279:AUS	NODE_0278	NODE_0279	AUS	1.7918765991939867e-08	2.0770654822423046e-10	1.791876599566171e-08	FRA	0.999999990827324	1	0	0	1	2024-05-01	2024-05-31	0	0	0	30	False	True	False	False
NODE_0278->NODE_0279:BEL	NODE_0278	NODE_0279	BEL	8.523540368710325e-07	9.00720578677868e-09	8.523540445483607e-07	FRA	0.9999999996268233	9	0	0	9	2023-05-14	2023-12-31	0	0	0	231	False	True	False	False
NODE_0278->NODE_0279:FRA	NODE_0278	NODE_0279	FRA	9.380374104157132e-09	0.9999999906196176	0.9999991199078252	BEL	0.9602173200546787	4	0	0	4	2023-01-01	2024-12-31	0	0	0	730	False	True	False	False
NODE_0278->NODE_0279:JPN	NODE_0278	NODE_0279	JPN	2.8792019972543447e-09	4.8481945166769165e-11	2.8792019973939344e-09	FRA	0.9999999906680994	2	0	0	2	2025-01-21	2025-03-03	0	0	0	41	False	True	False	False
NODE_0278->NODE_0296:FRA	NODE_0278	NODE_0296	FRA	9.378869097064456e-09	0.9999999906196176	0.9998386779306268	BEL	0.9602173200546787	3	0	0	3	2023-01-01	2024-12-31	0	0	0	730	False	True	False	False
NODE_0355->NODE_0356:AUS	NODE_0355	NODE_0356	AUS	6.164452564797856e-07	1.660676353839556e-08	6.164452667169464e-07	CHN	0.9999999320166357	3	0	0	3	2024-08-01	2024-08-31	0	0	0	30	False	True	False	False
NODE_0355->NODE_0356:CHN	NODE_0355	NODE_0356	CHN	8.458943607531516e-08	0.9999999154098732	0.9999918345463782	AUS	0.19632035291409114	27	0	12	15	2021-01-01	2024-12-31	0	0	0	1460	False	False	False	False
NODE_0355->NODE_0356:FRA	NODE_0355	NODE_0356	FRA	5.506369467939859e-06	1.2958435163412049e-08	5.506369539293792e-06	CHN	0.9999999283683076	1	0	0	1	2024-01-01	2024-12-31	0	0	0	365	False	True	False	False
NODE_0355->NODE_0356:JPN	NODE_0355	NODE_0356	JPN	5.662175894456003e-07	1.5250791779085584e-08	5.662175980808669e-07	CHN	0.999999930660664	6	0	0	6	2024-12-11	2025-02-25	0	0	0	76	False	True	False	False
NODE_0355->NODE_0392:CHN	NODE_0355	NODE_0392	CHN	8.459012443827854e-08	0.9999999154098732	0.9999999721741308	AUS	0.19632035291409114	10	0	0	10	2023-07-30	2024-07-04	0	0	0	340	False	True	False	False
NODE_0402->CHN__SAMN44583845:CHN	NODE_0402	CHN__SAMN44583845	CHN	1.6937018917029256e-05	0.999983062981083	1.0	AUS	0.1973805070311102	1	0	0	1	2024-02-02	2024-02-02	0	0	0	0	False	True	False	False
NODE_0402->CHN__SAMN44583846:CHN	NODE_0402	CHN__SAMN44583846	CHN	1.6937018917029256e-05	0.999983062981083	1.0	AUS	0.1973805070311102	1	0	0	1	2024-02-02	2024-02-02	0	0	0	0	False	True	False	False
NODE_0411->CHN__SAMN44583859:CHN	NODE_0411	CHN__SAMN44583859	CHN	6.507360217178348e-05	0.9999349263978282	1.0	JPN	0.9415099662938553	1	0	0	1	2024-02-06	2024-02-06	0	0	0	0	False	True	False	False
NODE_0411->NODE_0412:JPN	NODE_0411	NODE_0412	JPN	0.9999149551336756	6.12674449874504e-05	0.999976221121792	CHN	0.9999961936096077	2	0	0	2	2024-09-18	2024-12-12	2	2	1	85	True	True	True	False
NODE_0413->NODE_0414:CHN	NODE_0413	NODE_0414	CHN	1.386920312960764e-07	0.9999998613079304	0.9999997237720312	AUS	0.1970573404935099	2	0	0	2	2024-06-03	2024-08-30	0	0	0	88	False	True	False	False
NODE_0413->CHN__SAMN44590291:CHN	NODE_0413	CHN__SAMN44590291	CHN	1.386920696067051e-07	0.9999998613079304	1.0	AUS	0.1970573404935099	1	0	0	1	2024-07-19	2024-07-19	0	0	0	0	False	True	False	False
NODE_0421->NODE_0422:CHN	NODE_0421	NODE_0422	CHN	1.8615242515478782e-10	0.9999999998138476	0.9999999911269396	AUS	0.1973805056077551	48	0	8	40	2021-01-01	2024-12-31	0	0	0	1460	False	False	False	False
NODE_0421->NODE_0422:JPN	NODE_0421	NODE_0422	JPN	1.6083657718912137e-09	3.3742729978273536e-11	1.6083657719454842e-09	CHN	0.9999999998475901	1	0	0	1	2024-09-12	2024-09-12	0	0	0	0	False	True	False	False
NODE_0421->NODE_0470:CHN	NODE_0421	NODE_0470	CHN	1.861524179761955e-10	0.9999999998138476	0.9999999525639596	AUS	0.1973805056077551	2	0	2	0	2022-01-01	2022-12-31	0	0	0	364	False	False	False	False
NODE_0471->CHN__SAMN43024016:CHN	NODE_0471	CHN__SAMN43024016	CHN	0.0016024348712343484	0.9983975651287657	1.0	AUS	0.19738050703116888	1	0	0	1	2024-04-29	2024-04-29	0	0	0	0	False	True	False	False
NODE_0471->CHN__SAMN43024021:CHN	NODE_0471	CHN__SAMN43024021	CHN	0.0016024348712343484	0.9983975651287657	1.0	AUS	0.19738050703116888	1	0	0	1	2024-05-02	2024-05-02	0	0	0	0	False	True	False	False
NODE_0477->NODE_0478:CHN	NODE_0477	NODE_0478	CHN	2.0222131226706578e-08	0.9999999797778631	0.9999997217294728	JPN	0.975595226435775	10	0	6	4	2021-01-01	2024-08-27	0	0	0	1334	False	False	False	False
NODE_0477->NODE_0478:JPN	NODE_0477	NODE_0478	JPN	2.7442405622753935e-07	1.9728620138433945e-08	2.744240616415474e-07	CHN	0.9999999995064833	11	0	0	11	2024-01-01	2025-12-31	0	0	0	730	False	True	False	False
NODE_0477->CHN__SAMN50152028:CHN	NODE_0477	CHN__SAMN50152028	CHN	2.022213685393126e-08	0.9999999797778631	1.0	JPN	0.975595226435775	1	0	1	0	2022-01-01	2022-12-31	0	0	0	364	False	False	False	False
NODE_0502->NODE_0503:JPN	NODE_0502	NODE_0503	JPN	8.621864333586299e-10	0.9999999991378136	0.9999999999994392	CHN	0.6521019505671565	23	0	0	23	2024-12-09	2025-06-16	0	0	0	189	False	True	False	False
NODE_0502->JPN__SAMD01697913:JPN	NODE_0502	JPN__SAMD01697913	JPN	8.621864333591134e-10	0.9999999991378136	1.0	CHN	0.6521019505671565	1	0	0	1	2025-02-25	2025-02-25	0	0	0	0	False	True	False	False
NODE_0525->JPN__SAMD01697911:JPN	NODE_0525	JPN__SAMD01697911	JPN	2.9633574257559303e-05	0.9999703664257424	1.0	AUS	0.20185512761370647	1	0	0	1	2025-02-25	2025-02-25	0	0	0	0	False	True	False	False
NODE_0525->JPN__SAMD01697920:JPN	NODE_0525	JPN__SAMD01697920	JPN	2.9633574257559303e-05	0.9999703664257424	1.0	AUS	0.20185512761370647	1	0	0	1	2025-03-07	2025-03-07	0	0	0	0	False	True	False	False
NODE_0532->CHN__SAMN44583826:CHN	NODE_0532	CHN__SAMN44583826	CHN	8.525879202636588e-08	0.999999914741208	1.0	AUS	0.19738045599168763	1	0	0	1	2023-07-21	2023-07-21	0	0	0	0	False	True	False	False
NODE_0532->CHN__SAMN50152054:CHN	NODE_0532	CHN__SAMN50152054	CHN	8.525879202636588e-08	0.999999914741208	1.0	AUS	0.19738045599168763	1	0	0	1	2023-01-01	2023-12-31	0	0	0	364	False	True	False	False
NODE_0533->NODE_0534:CHN	NODE_0533	NODE_0534	CHN	4.11861282737876e-08	0.99999995878261	0.999241541693644	JPN	0.7739837687634222	3	0	0	3	2023-01-01	2024-12-31	0	0	0	730	False	True	False	False
NODE_0533->NODE_0534:JPN	NODE_0533	NODE_0534	JPN	0.0007356305461709146	3.1901590709073023e-08	0.0007356305696387	CHN	0.9999999906842005	2	0	0	2	2024-11-13	2025-01-21	0	0	0	69	False	True	False	False
NODE_0533->NODE_0538:CHN	NODE_0533	NODE_0538	CHN	4.1217279571126706e-08	0.99999995878261	0.9999973221392338	JPN	0.7739837687634222	2	0	0	2	2024-01-01	2024-12-31	0	0	0	365	False	True	False	False
NODE_0547->CHN__SAMN42391148:CHN	NODE_0547	CHN__SAMN42391148	CHN	3.0267504058656414e-09	0.9999999969732496	1.0	AUS	0.19738050703118123	1	0	0	1	2023-11-22	2023-11-22	0	0	0	0	False	True	False	False
NODE_0547->NODE_0548:CHN	NODE_0547	NODE_0548	CHN	3.026750140210939e-09	0.9999999969732496	0.9999999122310508	AUS	0.19738050703118123	2	0	0	2	2024-01-01	2024-12-31	0	0	0	365	False	True	False	False
NODE_0568->CHN__SAMN42391135:CHN	NODE_0568	CHN__SAMN42391135	CHN	2.5797567001162314e-05	0.9999742024329988	1.0	AUS	0.19738050703118068	1	0	0	1	2023-08-10	2023-08-10	0	0	0	0	False	True	False	False
NODE_0568->CHN__SAMN42391146:CHN	NODE_0568	CHN__SAMN42391146	CHN	2.5797567001162314e-05	0.9999742024329988	1.0	AUS	0.19738050703118068	1	0	0	1	2023-11-13	2023-11-13	0	0	0	0	False	True	False	False
NODE_0643->NODE_0644:BEL	NODE_0643	NODE_0644	BEL	2.836053609044015e-09	0.9999999971639464	0.9999999981909012	AUS	0.20449431599971218	24	0	1	23	2022-11-14	2023-12-31	0	0	0	412	False	False	False	False
NODE_0643->NODE_0644:FRA	NODE_0643	NODE_0644	FRA	2.7856736737458e-10	4.3668238048881457e-10	2.7856736749622543e-10	BEL	0.9999999976006287	1	0	0	1	2024-01-01	2024-12-31	0	0	0	365	False	True	False	False
NODE_0643->BEL__SAMEA117989559:BEL	NODE_0643	BEL__SAMEA117989559	BEL	2.836053614174716e-09	0.9999999971639464	1.0	AUS	0.20449431599971218	1	0	0	1	2023-08-22	2023-08-22	0	0	0	0	False	True	False	False
NODE_0672->NODE_0673:BEL	NODE_0672	NODE_0673	BEL	8.489443865052124e-08	0.9999999151046008	0.9999886860241614	FRA	0.9962690172352411	4	0	1	3	2022-11-25	2023-11-14	0	0	0	354	False	False	False	False
NODE_0672->NODE_0673:FRA	NODE_0672	NODE_0673	FRA	1.1284023215869284e-05	8.457865609985727e-08	1.1284024170256883e-05	BEL	0.9999999996832567	3	0	0	3	2023-01-01	2024-12-31	0	0	0	730	False	True	False	False
NODE_0672->BEL__SAMEA117989528:BEL	NODE_0672	BEL__SAMEA117989528	BEL	8.48953991550161e-08	0.9999999151046008	1.0	FRA	0.9962690172352411	1	0	0	1	2023-01-23	2023-01-23	0	0	0	0	False	True	False	False
NODE_0229->NODE_0230:AUS	NODE_0229	NODE_0230	AUS	6.5863744270390404e-06	0.9999934135834524	0.9999936049344148	CHN	0.4993728651092826	5	1	0	4	2016-01-01	2024-09-30	0	0	0	3195	False	False	False	False
NODE_0229->AUS__SAMN45810627:AUS	NODE_0229	AUS__SAMN45810627	AUS	6.586416547604834e-06	0.9999934135834524	1.0	CHN	0.4993728651092826	1	0	0	1	2024-10-01	2024-10-31	0	0	0	30	False	True	False	False
NODE_0234->NODE_0235:AUS	NODE_0234	NODE_0235	AUS	8.86537900000289e-05	0.9999113376204712	0.99990312093161	CHN	0.7204816390279732	4	0	0	4	2023-09-01	2024-10-31	0	0	0	426	False	True	False	False
NODE_0234->AUS__SAMN45810537:AUS	NODE_0234	AUS__SAMN45810537	AUS	8.866237952875888e-05	0.9999113376204712	1.0	CHN	0.7204816390279732	1	1	0	0	2016-04-01	2016-04-30	0	0	0	29	False	False	False	False
NODE_0259->NODE_0260:FRA	NODE_0259	NODE_0260	FRA	7.740843271010928e-05	0.9999225910338524	0.9999931088409436	CHN	0.7438884376567823	4	0	0	4	2023-01-01	2024-12-31	0	0	0	730	False	True	False	False
NODE_0259->FRA__SAMEA115874224:FRA	NODE_0259	FRA__SAMEA115874224	FRA	7.74089661476074e-05	0.9999225910338524	1.0	CHN	0.7438884376567823	1	0	0	1	2024-01-01	2024-12-31	0	0	0	365	False	True	False	False
NODE_0279->NODE_0280:AUS	NODE_0279	NODE_0280	AUS	3.1950017066180094e-08	1.791876599566171e-08	3.1950017638684985e-08	FRA	0.9999991378265758	1	0	0	1	2024-05-01	2024-05-31	0	0	0	30	False	True	False	False
NODE_0279->NODE_0280:BEL	NODE_0279	NODE_0280	BEL	9.307820104044028e-07	8.523540445483607e-07	9.307828037608902e-07	FRA	0.9999999722618461	8	0	0	8	2023-05-14	2023-12-31	0	0	0	231	False	True	False	False
NODE_0279->NODE_0280:FRA	NODE_0279	NODE_0280	FRA	8.800913205593544e-07	0.9999991199078252	0.9999990293688596	BEL	0.9684826987633448	4	0	0	4	2023-01-01	2024-12-31	0	0	0	730	False	True	False	False
NODE_0279->NODE_0280:JPN	NODE_0279	NODE_0280	JPN	2.3215625349445977e-09	2.8792019973939344e-09	2.3215625416288453e-09	FRA	0.9999991227870247	2	0	0	2	2025-01-21	2025-03-03	0	0	0	41	False	True	False	False
NODE_0279->BEL__SAMEA117989605:BEL	NODE_0279	BEL__SAMEA117989605	BEL	0.9999991476459554	8.523540445483607e-07	1.0	FRA	0.9999999722618461	1	0	0	1	2023-12-14	2023-12-14	1	1	1	0	True	True	True	False
NODE_0296->NODE_0297:FRA	NODE_0296	NODE_0297	FRA	0.00016129592638266697	0.9998386779306268	0.9998379453556276	AUS	0.19534174300897345	2	0	0	2	2023-01-01	2024-12-31	0	0	0	730	False	True	False	False
NODE_0296->FRA__SAMEA115874241:FRA	NODE_0296	FRA__SAMEA115874241	FRA	0.00016132206937324867	0.9998386779306268	1.0	AUS	0.19534174300897345	1	0	0	1	2024-01-01	2024-12-31	0	0	0	365	False	True	False	False
NODE_0356->NODE_0357:AUS	NODE_0356	NODE_0357	AUS	1.898500584305678e-08	6.164452667169464e-07	1.8985017546280985e-08	CHN	0.9999924509869913	3	0	0	3	2024-08-01	2024-08-31	0	0	0	30	False	True	False	False
NODE_0356->NODE_0357:CHN	NODE_0356	NODE_0357	CHN	8.165451572536204e-06	0.9999918345463782	0.9999997490310896	FRA	0.6743494965871164	27	0	12	15	2021-01-01	2024-12-31	0	0	0	1460	False	False	False	False
NODE_0356->NODE_0357:JPN	NODE_0356	NODE_0357	JPN	1.754179639402992e-08	5.662175980808669e-07	1.7541806326509364e-08	CHN	0.9999924007596734	6	0	0	6	2024-12-11	2025-02-25	0	0	0	76	False	True	False	False
NODE_0356->FRA__SAMEA115874210:FRA	NODE_0356	FRA__SAMEA115874210	FRA	0.9999944936304607	5.506369539293792e-06	1.0	CHN	0.9999973409012755	1	0	0	1	2024-01-01	2024-12-31	1	1	1	365	True	True	True	False
NODE_0392->NODE_0393:CHN	NODE_0392	NODE_0393	CHN	2.7825869146819055e-08	0.9999999721741308	0.999999999368595	AUS	0.19738010360363786	9	0	0	9	2023-07-30	2024-07-04	0	0	0	340	False	True	False	False
NODE_0392->CHN__SAMN44583830:CHN	NODE_0392	CHN__SAMN44583830	CHN	2.782586916438845e-08	0.9999999721741308	1.0	AUS	0.19738010360363786	1	0	0	1	2023-11-14	2023-11-14	0	0	0	0	False	True	False	False
NODE_0412->JPN__SAMD01593370:JPN	NODE_0412	JPN__SAMD01593370	JPN	2.3778878208036147e-05	0.999976221121792	1.0	CHN	0.9414146526889124	1	0	0	1	2024-09-18	2024-09-18	0	0	0	0	False	True	False	False
NODE_0412->JPN__SAMD01593373:JPN	NODE_0412	JPN__SAMD01593373	JPN	2.3778878208036147e-05	0.999976221121792	1.0	CHN	0.9414146526889124	1	0	0	1	2024-12-12	2024-12-12	0	0	0	0	False	True	False	False
NODE_0414->CHN__SAMN44590214:CHN	NODE_0414	CHN__SAMN44590214	CHN	2.762279688317548e-07	0.9999997237720312	1.0	AUS	0.19722863419550835	1	0	0	1	2024-06-03	2024-06-03	0	0	0	0	False	True	False	False
NODE_0414->CHN__SAMN44590314:CHN	NODE_0414	CHN__SAMN44590314	CHN	2.762279688317548e-07	0.9999997237720312	1.0	AUS	0.19722863419550835	1	0	0	1	2024-08-30	2024-08-30	0	0	0	0	False	True	False	False
NODE_0422->NODE_0423:CHN	NODE_0422	NODE_0423	CHN	8.873060390097385e-09	0.9999999911269396	0.9999999991611384	AUS	0.19738050701719764	47	0	8	39	2021-01-01	2024-12-31	0	0	0	1460	False	False	False	False
NODE_0422->NODE_0423:JPN	NODE_0422	NODE_0423	JPN	1.520553257861196e-10	1.6083657719454842e-09	1.5205532603068017e-10	CHN	0.9999999927353053	1	0	0	1	2024-09-12	2024-09-12	0	0	0	0	False	True	False	False
NODE_0422->CHN__SAMN43024031:CHN	NODE_0422	CHN__SAMN43024031	CHN	8.873060397540655e-09	0.9999999911269396	1.0	AUS	0.19738050701719764	1	0	0	1	2024-05-30	2024-05-30	0	0	0	0	False	True	False	False
NODE_0470->CHN__SAMN32034068:CHN	NODE_0470	CHN__SAMN32034068	CHN	4.743604042900529e-08	0.9999999525639596	1.0	AUS	0.19738050703117951	1	0	1	0	2022-01-01	2022-12-31	0	0	0	364	False	False	False	False
NODE_0470->CHN__SAMN39683412:CHN	NODE_0470	CHN__SAMN39683412	CHN	4.743604042900529e-08	0.9999999525639596	1.0	AUS	0.19738050703117951	1	0	1	0	2022-01-01	2022-12-31	0	0	0	364	False	False	False	False
NODE_0478->NODE_0479:CHN	NODE_0478	NODE_0479	CHN	2.782699662780318e-07	0.9999997217294728	0.9999979843413084	JPN	0.9861772435819558	9	0	5	4	2021-01-01	2024-08-27	0	0	0	1334	False	False	False	False
NODE_0478->NODE_0479:JPN	NODE_0478	NODE_0479	JPN	1.9966539702741303e-06	2.744240616415474e-07	1.996654518204173e-06	CHN	0.9999999961535331	11	0	0	11	2024-01-01	2025-12-31	0	0	0	730	False	True	False	False
NODE_0478->CHN__SAMN45156020:CHN	NODE_0478	CHN__SAMN45156020	CHN	2.782705271764385e-07	0.9999997217294728	1.0	JPN	0.9861772435819558	1	0	1	0	2022-01-01	2022-12-31	0	0	0	364	False	False	False	False
NODE_0503->NODE_0504:JPN	NODE_0503	NODE_0504	JPN	5.607736495584074e-13	0.9999999999994392	0.9999999996794442	CHN	0.19787710421028076	22	0	0	22	2024-12-09	2025-06-16	0	0	0	189	False	True	False	False
NODE_0503->JPN__SAMD01697914:JPN	NODE_0503	JPN__SAMD01697914	JPN	5.607736497381666e-13	0.9999999999994392	1.0	CHN	0.19787710421028076	1	0	0	1	2025-02-25	2025-02-25	0	0	0	0	False	True	False	False
NODE_0534->NODE_0535:CHN	NODE_0534	NODE_0535	CHN	0.0007578638944234385	0.999241541693644	0.9992162892441236	JPN	0.9699024501073268	2	0	0	2	2023-01-01	2024-07-19	0	0	0	565	False	True	False	False
NODE_0534->NODE_0535:JPN	NODE_0534	NODE_0535	JPN	0.0007599594284746561	0.0007356305696387	0.0007605188894185	CHN	0.9999771554581396	2	0	0	2	2024-11-13	2025-01-21	0	0	0	69	False	True	False	False
NODE_0534->CHN__SAMN45156031:CHN	NODE_0534	CHN__SAMN45156031	CHN	0.0007584583063560135	0.999241541693644	1.0	JPN	0.9699024501073268	1	0	0	1	2024-01-01	2024-12-31	0	0	0	365	False	True	False	False
NODE_0538->CHN__SAMN44590294:CHN	NODE_0538	CHN__SAMN44590294	CHN	2.6778607662425458e-06	0.9999973221392338	1.0	AUS	0.19735434217134282	1	0	0	1	2024-08-01	2024-08-01	0	0	0	0	False	True	False	False
NODE_0538->CHN__SAMN50152059:CHN	NODE_0538	CHN__SAMN50152059	CHN	2.6778607662425458e-06	0.9999973221392338	1.0	AUS	0.19735434217134282	1	0	0	1	2024-01-01	2024-12-31	0	0	0	365	False	True	False	False
NODE_0548->CHN__SAMN44590295:CHN	NODE_0548	CHN__SAMN44590295	CHN	8.77689492195799e-08	0.9999999122310508	1.0	AUS	0.19738050703118076	1	0	0	1	2024-08-01	2024-08-01	0	0	0	0	False	True	False	False
NODE_0548->CHN__SAMN45156054:CHN	NODE_0548	CHN__SAMN45156054	CHN	8.77689492195799e-08	0.9999999122310508	1.0	AUS	0.19738050703118076	1	0	0	1	2024-01-01	2024-12-31	0	0	0	365	False	True	False	False
NODE_0644->NODE_0645:BEL	NODE_0644	NODE_0645	BEL	1.8090987571454212e-09	0.9999999981909012	0.9999999985954569	AUS	0.20449288415090455	23	0	1	22	2022-11-14	2023-12-31	0	0	0	412	False	False	False	False
NODE_0644->NODE_0645:FRA	NODE_0644	NODE_0645	FRA	2.1636263139785543e-10	2.7856736749622543e-10	2.1636263145812702e-10	BEL	0.9999999984694684	1	0	0	1	2024-01-01	2024-12-31	0	0	0	365	False	True	False	False
NODE_0644->BEL__SAMEA117989561:BEL	NODE_0644	BEL__SAMEA117989561	BEL	1.8090987596863783e-09	0.9999999981909012	1.0	AUS	0.20449288415090455	1	0	0	1	2023-08-28	2023-08-28	0	0	0	0	False	True	False	False
NODE_0673->NODE_0674:BEL	NODE_0673	NODE_0674	BEL	1.1313850501495287e-05	0.9999886860241614	0.999988921918218	FRA	0.9973526840655705	4	0	1	3	2022-11-25	2023-11-14	0	0	0	354	False	False	False	False
NODE_0673->NODE_0674:FRA	NODE_0673	NODE_0674	FRA	1.1038108890246314e-05	1.1284024170256883e-05	1.1038233445939315e-05	BEL	0.9999999700479936	2	0	0	2	2023-01-01	2024-12-31	0	0	0	730	False	True	False	False
NODE_0673->FRA__SAMEA115874193:FRA	NODE_0673	FRA__SAMEA115874193	FRA	0.9999887159758297	1.1284024170256883e-05	1.0	BEL	0.9999999700479936	1	0	0	1	2024-01-01	2024-12-31	1	1	1	365	True	True	True	False
NODE_0230->NODE_0231:AUS	NODE_0230	NODE_0231	AUS	6.394970319335519e-06	0.9999936049344148	0.999985103223802	CHN	0.48924719541264833	4	1	0	3	2016-01-01	2024-09-30	0	0	0	3195	False	False	False	False
NODE_0230->AUS__SAMN45810642:AUS	NODE_0230	AUS__SAMN45810642	AUS	6.395065585196313e-06	0.9999936049344148	1.0	CHN	0.48924719541264833	1	0	0	1	2024-09-01	2024-09-30	0	0	0	29	False	True	False	False
NODE_0235->NODE_0236:AUS	NODE_0235	NODE_0236	AUS	9.686794073264621e-05	0.99990312093161	0.9998851386837916	CHN	0.6694086548633477	3	0	0	3	2023-09-01	2024-07-31	0	0	0	334	False	True	False	False
NODE_0235->AUS__SAMN45810633:AUS	NODE_0235	AUS__SAMN45810633	AUS	9.687906838995453e-05	0.99990312093161	1.0	CHN	0.6694086548633477	1	0	0	1	2024-10-01	2024-10-31	0	0	0	30	False	True	False	False
NODE_0260->NODE_0261:FRA	NODE_0260	NODE_0261	FRA	6.891154051613026e-06	0.9999931088409436	0.9999992737397332	CHN	0.7431787353960788	3	0	0	3	2023-01-01	2024-12-31	0	0	0	730	False	True	False	False
NODE_0260->FRA__SAMEA115874207:FRA	NODE_0260	FRA__SAMEA115874207	FRA	6.891159056388041e-06	0.9999931088409436	1.0	CHN	0.7431787353960788	1	0	0	1	2024-01-01	2024-12-31	0	0	0	365	False	True	False	False
NODE_0280->NODE_0281:AUS	NODE_0280	NODE_0281	AUS	0.03133354204749135	3.1950017638684985e-08	0.0313335430485986	FRA	0.9999990613188472	1	0	0	1	2024-05-01	2024-05-31	0	0	0	30	False	True	False	False
NODE_0280->NODE_0281:FRA	NODE_0280	NODE_0281	FRA	9.32555532913977e-07	0.9999990293688596	0.9607723203446004	BEL	0.9589459527463352	1	0	0	1	2024-01-01	2024-12-31	0	0	0	365	False	True	False	False
NODE_0280->NODE_0282:BEL	NODE_0280	NODE_0282	BEL	1.3563177981951323e-06	9.307828037608902e-07	1.3563190606335903e-06	FRA	0.9999999601516263	8	0	0	8	2023-05-14	2023-12-31	0	0	0	231	False	True	False	False
NODE_0280->NODE_0282:FRA	NODE_0280	NODE_0282	FRA	9.706297827318391e-07	0.9999990293688596	0.999998601302457	BEL	0.9589459527463352	3	0	0	3	2023-01-01	2024-12-31	0	0	0	730	False	True	False	False
NODE_0280->NODE_0282:JPN	NODE_0280	NODE_0282	JPN	5.130786907164862e-09	2.3215625416288453e-09	5.130786919076304e-09	FRA	0.9999990316904198	2	0	0	2	2025-01-21	2025-03-03	0	0	0	41	False	True	False	False
NODE_0297->FRA__SAMEA115874185:FRA	NODE_0297	FRA__SAMEA115874185	FRA	0.00016205464437235584	0.9998379453556276	1.0	AUS	0.1953417876298592	1	0	0	1	2023-01-01	2023-12-31	0	0	0	364	False	True	False	False
NODE_0297->FRA__SAMEA117615783:FRA	NODE_0297	FRA__SAMEA117615783	FRA	0.00016205464437235584	0.9998379453556276	1.0	AUS	0.1953417876298592	1	0	0	1	2024-01-01	2024-12-31	0	0	0	365	False	True	False	False
NODE_0357->NODE_0358:AUS	NODE_0357	NODE_0358	AUS	2.636888981780566e-12	1.8985017546280985e-08	2.636889031841951e-12	CHN	0.9999997680161024	3	0	0	3	2024-08-01	2024-08-31	0	0	0	30	False	True	False	False
NODE_0357->NODE_0358:CHN	NODE_0357	NODE_0358	CHN	2.509689103934237e-07	0.9999997490310896	0.999999999849064	FRA	0.6732782059429054	26	0	11	15	2021-01-01	2024-12-31	0	0	0	1460	False	False	False	False
NODE_0357->NODE_0358:JPN	NODE_0357	NODE_0358	JPN	1.2054497475480104e-10	1.7541806326509364e-08	1.205449768693777e-10	CHN	0.9999997665728915	6	0	0	6	2024-12-11	2025-02-25	0	0	0	76	False	True	False	False
NODE_0357->CHN__SAMN42391122:CHN	NODE_0357	CHN__SAMN42391122	CHN	2.50968910431304e-07	0.9999997490310896	1.0	FRA	0.6732782059429054	1	0	1	0	2022-04-21	2022-04-21	0	0	0	0	False	False	False	False
NODE_0393->NODE_0394:CHN	NODE_0393	NODE_0394	CHN	6.314050391248222e-10	0.999999999368595	0.999999999621044	AUS	0.19738021143121848	7	0	0	7	2023-07-30	2024-07-04	0	0	0	340	False	True	False	False
NODE_0393->NODE_0400:CHN	NODE_0393	NODE_0400	CHN	6.314050186279311e-10	0.999999999368595	0.9999999671586944	AUS	0.19738021143121848	2	0	0	2	2024-03-15	2024-03-15	0	0	0	0	False	True	False	False
NODE_0423->CHN__SAMN32034026:CHN	NODE_0423	CHN__SAMN32034026	CHN	8.38861646812461e-10	0.9999999991611384	1.0	AUS	0.19738050702475315	1	0	1	0	2021-01-01	2021-12-31	0	0	0	364	False	False	False	False
NODE_0423->NODE_0424:CHN	NODE_0423	NODE_0424	CHN	8.388616232398799e-10	0.9999999991611384	0.999999971899322	AUS	0.19738050702475315	46	0	7	39	2021-01-01	2024-12-31	0	0	0	1460	False	False	False	False
NODE_0423->NODE_0424:JPN	NODE_0423	NODE_0424	JPN	5.09363914649317e-09	1.5205532603068017e-10	5.093639147267685e-09	CHN	0.9999999993131938	1	0	0	1	2024-09-12	2024-09-12	0	0	0	0	False	True	False	False
NODE_0479->NODE_0480:CHN	NODE_0479	NODE_0480	CHN	2.015654339088215e-06	0.9999979843413084	0.9999978406389304	JPN	0.9905717304818678	9	0	5	4	2021-01-01	2024-08-27	0	0	0	1334	False	False	False	False
NODE_0479->NODE_0480:JPN	NODE_0479	NODE_0480	JPN	2.141543643907266e-06	1.996654518204173e-06	2.141547919838596e-06	CHN	0.9999999809957887	10	0	0	10	2024-01-01	2025-10-31	0	0	0	669	False	True	False	False
NODE_0479->JPN__SAMD00920282:JPN	NODE_0479	JPN__SAMD00920282	JPN	0.9999980033454818	1.996654518204173e-06	1.0	CHN	0.9999999809957887	1	0	0	1	2025-01-01	2025-12-31	1	1	1	364	True	True	True	False
NODE_0504->NODE_0505:JPN	NODE_0504	NODE_0505	JPN	3.205558040705948e-10	0.9999999996794442	0.999999999836374	AUS	0.20186783296051908	21	0	0	21	2024-12-09	2025-06-16	0	0	0	189	False	True	False	False
NODE_0504->JPN__SAMD01697916:JPN	NODE_0504	JPN__SAMD01697916	JPN	3.2055580412304607e-10	0.9999999996794442	1.0	AUS	0.20186783296051908	1	0	0	1	2025-02-25	2025-02-25	0	0	0	0	False	True	False	False
NODE_0535->NODE_0536:CHN	NODE_0535	NODE_0536	CHN	0.0007831024666407185	0.9992162892441236	0.9992238345192088	JPN	0.9704076200511331	2	0	0	2	2023-01-01	2024-07-19	0	0	0	565	False	True	False	False
NODE_0535->NODE_0537:JPN	NODE_0535	NODE_0537	JPN	0.9991926946782133	0.0007605188894185	0.9999531779585848	CHN	0.9999767904822654	2	0	0	2	2024-11-13	2025-01-21	2	2	1	69	True	True	True	False
NODE_0645->NODE_0646:BEL	NODE_0645	NODE_0646	BEL	1.4045431482983087e-09	0.9999999985954569	0.9999999998896604	AUS	0.20447752246103498	22	0	1	21	2022-11-14	2023-12-31	0	0	0	412	False	False	False	False
NODE_0645->NODE_0646:FRA	NODE_0645	NODE_0646	FRA	1.791911240113505e-11	2.1636263145812702e-10	1.7919112405012074e-11	BEL	0.9999999988118193	1	0	0	1	2024-01-01	2024-12-31	0	0	0	365	False	True	False	False
NODE_0645->BEL__SAMEA117989571:BEL	NODE_0645	BEL__SAMEA117989571	BEL	1.4045431484532855e-09	0.9999999985954569	1.0	AUS	0.20447752246103498	1	0	0	1	2023-09-14	2023-09-14	0	0	0	0	False	True	False	False
NODE_0674->NODE_0675:BEL	NODE_0674	NODE_0675	BEL	1.1077999998583556e-05	0.999988921918218	0.9999926175450452	FRA	0.9964029570394288	4	0	1	3	2022-11-25	2023-11-14	0	0	0	354	False	False	False	False
NODE_0674->NODE_0675:FRA	NODE_0674	NODE_0675	FRA	7.351913769259838e-06	1.1038233445939315e-05	7.351994922296083e-06	BEL	0.999999960151224	1	0	0	1	2023-01-01	2023-12-31	0	0	0	364	False	True	False	False
NODE_0674->FRA__SAMEA115874206:FRA	NODE_0674	FRA__SAMEA115874206	FRA	0.999988961766554	1.1038233445939315e-05	1.0	BEL	0.999999960151224	1	0	0	1	2024-01-01	2024-12-31	1	1	1	365	True	True	True	False
NODE_0231->AUS__SAMN45810538:AUS	NODE_0231	AUS__SAMN45810538	AUS	1.4896776198036754e-05	0.999985103223802	1.0	CHN	0.30310291345404206	1	1	0	0	2016-01-01	2016-01-31	0	0	0	30	False	False	False	False
NODE_0231->NODE_0232:AUS	NODE_0231	NODE_0232	AUS	1.4896441811539352e-05	0.999985103223802	0.9999775530965253	CHN	0.30310291345404206	3	0	0	3	2024-06-01	2024-09-30	0	0	0	121	False	True	False	False
NODE_0236->NODE_0237:AUS	NODE_0236	NODE_0237	AUS	0.00011285797781299004	0.9998851386837916	0.9825586327794696	CHN	0.5901165521380975	2	0	0	2	2023-09-01	2024-07-31	0	0	0	334	False	True	False	False
NODE_0236->AUS__SAMN45810536:AUS	NODE_0236	AUS__SAMN45810536	AUS	0.00011486131620841444	0.9998851386837916	1.0	CHN	0.5901165521380975	1	0	0	1	2024-06-01	2024-06-30	0	0	0	29	False	True	False	False
NODE_0261->NODE_0262:FRA	NODE_0261	NODE_0262	FRA	7.2626025074755e-07	0.9999992737397332	0.9999999778770784	CHN	0.7382066150443808	2	0	0	2	2023-01-01	2024-12-31	0	0	0	730	False	True	False	False
NODE_0261->FRA__SAMEA115874219:FRA	NODE_0261	FRA__SAMEA115874219	FRA	7.26260266814549e-07	0.9999992737397332	1.0	CHN	0.7382066150443808	1	0	0	1	2024-01-01	2024-12-31	0	0	0	365	False	True	False	False
NODE_0281->AUS__SAMN45810580:AUS	NODE_0281	AUS__SAMN45810580	AUS	0.9686664569514014	0.0313335430485986	1.0	FRA	0.9918505110297251	1	0	0	1	2024-05-01	2024-05-31	1	1	1	30	True	True	True	False
NODE_0281->FRA__SAMEA115874212:FRA	NODE_0281	FRA__SAMEA115874212	FRA	0.03922767965539964	0.9607723203446004	1.0	AUS	0.7987610616751288	1	0	0	1	2024-01-01	2024-12-31	0	0	0	365	False	True	False	False
NODE_0282->NODE_0283:BEL	NODE_0282	NODE_0283	BEL	1.322913418250371e-06	1.3563190606335903e-06	1.3229152125454892e-06	FRA	0.9999999576214601	7	0	0	7	2023-05-14	2023-11-27	0	0	0	197	False	True	False	False
NODE_0282->NODE_0283:FRA	NODE_0282	NODE_0283	FRA	1.3986956509422241e-06	0.999998601302457	0.9999986472651452	BEL	0.9697014679401966	3	0	0	3	2023-01-01	2024-12-31	0	0	0	730	False	True	False	False
NODE_0282->NODE_0283:JPN	NODE_0282	NODE_0283	JPN	4.567224260642553e-09	5.130786919076304e-09	4.567224284076007e-09	FRA	0.9999986064332368	2	0	0	2	2025-01-21	2025-03-03	0	0	0	41	False	True	False	False
NODE_0282->BEL__SAMEA117989617:BEL	NODE_0282	BEL__SAMEA117989617	BEL	0.9999986436809394	1.3563190606335903e-06	1.0	FRA	0.9999999576214601	1	0	0	1	2023-12-31	2023-12-31	1	1	1	0	True	True	True	False
NODE_0358->NODE_0359:AUS	NODE_0358	NODE_0359	AUS	4.220421395548769e-09	2.636889031841951e-12	4.220421395559898e-09	CHN	0.9999999998517007	3	0	0	3	2024-08-01	2024-08-31	0	0	0	30	False	True	False	False
NODE_0358->NODE_0359:CHN	NODE_0358	NODE_0359	CHN	1.5093599626038388e-10	0.999999999849064	0.9999997006498064	JPN	0.7986494083497352	25	0	11	14	2021-01-01	2024-12-31	0	0	0	1460	False	False	False	False
NODE_0358->NODE_0359:JPN	NODE_0358	NODE_0359	JPN	2.818306640861488e-07	1.205449768693777e-10	2.818306641201221e-07	CHN	0.999999999969609	6	0	0	6	2024-12-11	2025-02-25	0	0	0	76	False	True	False	False
NODE_0358->CHN__SAMN44584075:CHN	NODE_0358	CHN__SAMN44584075	CHN	1.5093604144311712e-10	0.999999999849064	1.0	JPN	0.7986494083497352	1	0	0	1	2024-05-16	2024-05-16	0	0	0	0	False	True	False	False
NODE_0394->NODE_0395:CHN	NODE_0394	NODE_0395	CHN	3.789559772002204e-10	0.999999999621044	0.9999999986574613	AUS	0.19738049000683114	6	0	0	6	2023-07-30	2024-06-21	0	0	0	327	False	True	False	False
NODE_0394->CHN__SAMN44590276:CHN	NODE_0394	CHN__SAMN44590276	CHN	3.789559777089835e-10	0.999999999621044	1.0	AUS	0.19738049000683114	1	0	0	1	2024-07-04	2024-07-04	0	0	0	0	False	True	False	False
NODE_0400->CHN__SAMN44583912:CHN	NODE_0400	CHN__SAMN44583912	CHN	3.284130556391318e-08	0.9999999671586944	1.0	AUS	0.1973805070310711	1	0	0	1	2024-03-15	2024-03-15	0	0	0	0	False	True	False	False
NODE_0400->CHN__SAMN44583924:CHN	NODE_0400	CHN__SAMN44583924	CHN	3.284130556391318e-08	0.9999999671586944	1.0	AUS	0.1973805070310711	1	0	0	1	2024-03-15	2024-03-15	0	0	0	0	False	True	False	False
NODE_0424->NODE_0425:CHN	NODE_0424	NODE_0425	CHN	2.8100678005045078e-08	0.999999971899322	0.9999999999397832	AUS	0.19738050703104015	45	0	7	38	2021-01-01	2024-12-31	0	0	0	1460	False	False	False	False
NODE_0424->NODE_0425:JPN	NODE_0424	NODE_0425	JPN	1.0915096310838843e-11	5.093639147267685e-09	1.0915096366436404e-11	CHN	0.9999999769929612	1	0	0	1	2024-09-12	2024-09-12	0	0	0	0	False	True	False	False
NODE_0424->CHN__SAMN44590283:CHN	NODE_0424	CHN__SAMN44590283	CHN	2.8100678006737212e-08	0.999999971899322	1.0	AUS	0.19738050703104015	1	0	0	1	2024-07-19	2024-07-19	0	0	0	0	False	True	False	False
NODE_0480->NODE_0481:CHN	NODE_0480	NODE_0481	CHN	2.1593600965821748e-06	0.9999978406389304	0.9999995493861292	JPN	0.9917507313327284	9	0	5	4	2021-01-01	2024-08-27	0	0	0	1334	False	False	False	False
NODE_0480->NODE_0481:JPN	NODE_0480	NODE_0481	JPN	4.5029022041334985e-07	2.141547919838596e-06	4.502911847334999e-07	CHN	0.9999999821868123	9	0	0	9	2024-01-01	2025-10-31	0	0	0	669	False	True	False	False
NODE_0480->JPN__SAMD00920279:JPN	NODE_0480	JPN__SAMD00920279	JPN	0.9999978584520801	2.141547919838596e-06	1.0	CHN	0.9999999821868123	1	0	0	1	2024-01-01	2024-12-31	1	1	1	365	True	True	True	False
NODE_0505->NODE_0506:JPN	NODE_0505	NODE_0506	JPN	1.6362600163680057e-10	0.999999999836374	0.9999999999994832	AUS	0.2018682379076896	20	0	0	20	2024-12-09	2025-06-16	0	0	0	189	False	True	False	False
NODE_0505->JPN__SAMD01697912:JPN	NODE_0505	JPN__SAMD01697912	JPN	1.6362600163688512e-10	0.999999999836374	1.0	AUS	0.2018682379076896	1	0	0	1	2025-02-25	2025-02-25	0	0	0	0	False	True	False	False
NODE_0536->CHN__SAMN45156027:CHN	NODE_0536	CHN__SAMN45156027	CHN	0.00077616548079118	0.9992238345192088	1.0	JPN	0.9692817415831687	1	0	0	1	2023-01-01	2023-12-31	0	0	0	364	False	True	False	False
NODE_0536->CHN__SAMN44590282:CHN	NODE_0536	CHN__SAMN44590282	CHN	0.00077616548079118	0.9992238345192088	1.0	JPN	0.9692817415831687	1	0	0	1	2024-07-19	2024-07-19	0	0	0	0	False	True	False	False
NODE_0537->JPN__SAMD01593371:JPN	NODE_0537	JPN__SAMD01593371	JPN	4.6822041415151006e-05	0.9999531779585848	1.0	CHN	0.9703626354143638	1	0	0	1	2024-11-13	2024-11-13	0	0	0	0	False	True	False	False
NODE_0537->JPN__SAMD01593375:JPN	NODE_0537	JPN__SAMD01593375	JPN	4.6822041415151006e-05	0.9999531779585848	1.0	CHN	0.9703626354143638	1	0	0	1	2025-01-21	2025-01-21	0	0	0	0	False	True	False	False
NODE_0646->NODE_0647:BEL	NODE_0646	NODE_0647	BEL	1.1033962628985346e-10	0.9999999998896604	0.9999999996844272	AUS	0.20245803932864337	20	0	1	19	2022-11-14	2023-12-31	0	0	0	412	False	False	False	False
NODE_0646->NODE_0647:FRA	NODE_0646	NODE_0647	FRA	1.5101124075695372e-10	1.7919112405012074e-11	1.5101124075965972e-10	BEL	0.9999999999075796	1	0	0	1	2024-01-01	2024-12-31	0	0	0	365	False	True	False	False
NODE_0646->NODE_0667:BEL	NODE_0646	NODE_0667	BEL	1.1033961005793884e-10	0.9999999998896604	0.9999998525757668	AUS	0.20245803932864337	2	0	0	2	2023-05-09	2023-09-08	0	0	0	122	False	True	False	False
NODE_0675->NODE_0676:BEL	NODE_0675	NODE_0676	BEL	7.382408746854198e-06	0.9999926175450452	0.999993740843342	FRA	0.9958739968301181	3	0	1	2	2022-11-25	2023-11-14	0	0	0	354	False	False	False	False
NODE_0675->NODE_0676:FRA	NODE_0675	NODE_0676	FRA	6.134757690131817e-06	7.351994922296083e-06	6.134802793170801e-06	BEL	0.9999999695397435	1	0	0	1	2023-01-01	2023-12-31	0	0	0	364	False	True	False	False
NODE_0675->BEL__SAMEA117989553:BEL	NODE_0675	BEL__SAMEA117989553	BEL	7.38245495479628e-06	0.9999926175450452	1.0	FRA	0.9958739968301181	1	0	0	1	2023-07-27	2023-07-27	0	0	0	0	False	True	False	False
NODE_0232->AUS__SAMN45810594:AUS	NODE_0232	AUS__SAMN45810594	AUS	2.244690347474876e-05	0.9999775530965253	1.0	CHN	0.2560001884366599	1	0	0	1	2024-09-01	2024-09-30	0	0	0	29	False	True	False	False
NODE_0232->NODE_0233:AUS	NODE_0232	NODE_0233	AUS	2.244690211329106e-05	0.9999775530965253	0.9999999393476388	CHN	0.2560001884366599	2	0	0	2	2024-06-01	2024-07-31	0	0	0	60	False	True	False	False
NODE_0237->AUS__SAMN45810511:AUS	NODE_0237	AUS__SAMN45810511	AUS	0.017441367220530357	0.9825586327794696	1.0	BEL	0.2009202798197487	1	0	0	1	2023-09-01	2023-09-30	0	0	0	29	False	True	False	False
NODE_0237->AUS__SAMN45810564:AUS	NODE_0237	AUS__SAMN45810564	AUS	0.017441367220530357	0.9825586327794696	1.0	BEL	0.2009202798197487	1	0	0	1	2024-07-01	2024-07-31	0	0	0	30	False	True	False	False
NODE_0262->FRA__SAMEA115874186:FRA	NODE_0262	FRA__SAMEA115874186	FRA	2.2122921605749468e-08	0.9999999778770784	1.0	CHN	0.6983334167490617	1	0	0	1	2023-01-01	2023-12-31	0	0	0	364	False	True	False	False
NODE_0262->FRA__SAMEA115874249:FRA	NODE_0262	FRA__SAMEA115874249	FRA	2.2122921605749468e-08	0.9999999778770784	1.0	CHN	0.6983334167490617	1	0	0	1	2024-01-01	2024-12-31	0	0	0	365	False	True	False	False
NODE_0283->NODE_0284:BEL	NODE_0283	NODE_0284	BEL	7.640952252887878e-07	1.3229152125454892e-06	7.640962361233224e-07	FRA	0.9999999701803184	6	0	0	6	2023-05-14	2023-10-08	0	0	0	147	False	True	False	False
NODE_0283->NODE_0284:FRA	NODE_0283	NODE_0284	FRA	1.3527338184314276e-06	0.9999986472651452	0.9999992338729856	BEL	0.9779560331366373	3	0	0	3	2023-01-01	2024-12-31	0	0	0	730	False	True	False	False
NODE_0283->NODE_0284:JPN	NODE_0283	NODE_0284	JPN	6.213377629914357e-10	4.567224284076007e-09	6.213377658292246e-10	FRA	0.9999986518323634	2	0	0	2	2025-01-21	2025-03-03	0	0	0	41	False	True	False	False
NODE_0283->BEL__SAMEA117989594:BEL	NODE_0283	BEL__SAMEA117989594	BEL	0.9999986770847874	1.3229152125454892e-06	1.0	FRA	0.9999999701803184	1	0	0	1	2023-11-27	2023-11-27	1	1	1	0	True	True	True	False
NODE_0359->NODE_0360:AUS	NODE_0359	NODE_0360	AUS	4.507663695689475e-09	4.220421395559898e-09	4.507663714713715e-09	CHN	0.9999997048702267	3	0	0	3	2024-08-01	2024-08-31	0	0	0	30	False	True	False	False
NODE_0359->NODE_0360:CHN	NODE_0359	NODE_0360	CHN	2.9935014242917315e-07	0.9999997006498064	0.9999998289492372	JPN	0.9414748017565467	25	0	11	14	2021-01-01	2024-12-31	0	0	0	1460	False	False	False	False
NODE_0359->NODE_0360:JPN	NODE_0359	NODE_0360	JPN	1.5234593078563427e-07	2.818306641201221e-07	1.5234597372140122e-07	CHN	0.9999999824804656	5	0	0	5	2024-12-11	2025-02-25	0	0	0	76	False	True	False	False
NODE_0359->JPN__SAMD01593376:JPN	NODE_0359	JPN__SAMD01593376	JPN	0.9999997181693359	2.818306641201221e-07	1.0	CHN	0.9999999824804656	1	0	0	1	2025-01-16	2025-01-16	1	1	1	0	True	True	True	False
NODE_0395->NODE_0396:CHN	NODE_0395	NODE_0396	CHN	1.342538651840398e-09	0.9999999986574613	0.9999999292386852	AUS	0.19738050647753833	4	0	0	4	2023-07-30	2024-06-21	0	0	0	327	False	True	False	False
NODE_0395->NODE_0399:CHN	NODE_0395	NODE_0399	CHN	1.3425383059046543e-09	0.9999999986574613	0.999999671565866	AUS	0.19738050647753833	2	0	0	2	2024-03-22	2024-03-25	0	0	0	3	False	True	False	False
NODE_0425->CHN__SAMN50152005:CHN	NODE_0425	CHN__SAMN50152005	CHN	6.021683152113155e-11	0.9999999999397832	1.0	AUS	0.1973805070311812	1	0	1	0	2021-01-01	2021-12-31	0	0	0	364	False	False	False	False
NODE_0425->NODE_0426:CHN	NODE_0425	NODE_0426	CHN	6.021683151353152e-11	0.9999999999397832	0.9999999998737888	AUS	0.1973805070311812	44	0	6	38	2022-01-01	2024-12-31	0	0	0	1095	False	False	False	False
NODE_0425->NODE_0426:JPN	NODE_0425	NODE_0426	JPN	2.2877560997639395e-11	1.0915096366436404e-11	2.2877560997889103e-11	CHN	0.9999999999506985	1	0	0	1	2024-09-12	2024-09-12	0	0	0	0	False	True	False	False
NODE_0481->NODE_0482:CHN	NODE_0481	NODE_0482	CHN	4.5061363264834806e-07	0.9999995493861292	0.9999994715556096	JPN	0.9992838969833719	8	0	4	4	2021-01-01	2024-08-27	0	0	0	1334	False	False	False	False
NODE_0481->NODE_0482:JPN	NODE_0481	NODE_0482	JPN	5.194497584712666e-07	4.502911847334999e-07	5.194499923750191e-07	CHN	0.9999999996773139	9	0	0	9	2024-01-01	2025-10-31	0	0	0	669	False	True	False	False
NODE_0481->CHN__SAMN32034055:CHN	NODE_0481	CHN__SAMN32034055	CHN	4.506138707727203e-07	0.9999995493861292	1.0	JPN	0.9992838969833719	1	0	1	0	2022-01-01	2022-12-31	0	0	0	364	False	False	False	False
NODE_0506->NODE_0507:JPN	NODE_0506	NODE_0507	JPN	5.168088179239503e-13	0.9999999999994832	0.9999999999244208	AUS	0.20186824925332622	19	0	0	19	2024-12-09	2025-06-16	0	0	0	189	False	True	False	False
NODE_0506->JPN__SAMD00892046:JPN	NODE_0506	JPN__SAMD00892046	JPN	5.168088179630104e-13	0.9999999999994832	1.0	AUS	0.20186824925332622	1	0	0	1	2025-02-03	2025-02-03	0	0	0	0	False	True	False	False
NODE_0647->NODE_0648:BEL	NODE_0647	NODE_0648	BEL	3.1557278011410776e-10	0.9999999996844272	0.9999999682877816	FRA	0.4785307642172609	19	0	1	18	2022-11-14	2023-12-31	0	0	0	412	False	False	False	False
NODE_0647->NODE_0648:FRA	NODE_0647	NODE_0648	FRA	1.9013731872600366e-08	1.5101124075965972e-10	1.9013731875471653e-08	BEL	0.9999999998354385	1	0	0	1	2024-01-01	2024-12-31	0	0	0	365	False	True	False	False
NODE_0647->BEL__SAMEA117989580:BEL	NODE_0647	BEL__SAMEA117989580	BEL	3.15572790121621e-10	0.9999999996844272	1.0	FRA	0.4785307642172609	1	0	0	1	2023-10-13	2023-10-13	0	0	0	0	False	True	False	False
NODE_0667->BEL__SAMEA117989534:BEL	NODE_0667	BEL__SAMEA117989534	BEL	1.4742423315450282e-07	0.9999998525757668	1.0	AUS	0.2044944971047546	1	0	0	1	2023-05-09	2023-05-09	0	0	0	0	False	True	False	False
NODE_0667->BEL__SAMEA117989570:BEL	NODE_0667	BEL__SAMEA117989570	BEL	1.4742423315450282e-07	0.9999998525757668	1.0	AUS	0.2044944971047546	1	0	0	1	2023-09-08	2023-09-08	0	0	0	0	False	True	False	False
NODE_0676->BEL__SAMEA117989527:BEL	NODE_0676	BEL__SAMEA117989527	BEL	6.259156657972831e-06	0.999993740843342	1.0	FRA	0.9801324888532549	1	0	1	0	2022-11-25	2022-11-25	0	0	0	0	False	False	False	False
NODE_0676->NODE_0677:BEL	NODE_0676	NODE_0677	BEL	6.259094137241788e-06	0.999993740843342	0.9999900113171056	FRA	0.9801324888532549	2	0	0	2	2023-08-07	2023-11-14	0	0	0	99	False	True	False	False
NODE_0676->NODE_0677:FRA	NODE_0676	NODE_0677	FRA	7.288855237554077e-06	6.134802793170801e-06	7.288899953517872e-06	BEL	0.9999998756453724	1	0	0	1	2023-01-01	2023-12-31	0	0	0	364	False	True	False	False
NODE_0233->AUS__SAMN45811367:AUS	NODE_0233	AUS__SAMN45811367	AUS	6.065236124452866e-08	0.9999999393476388	1.0	BEL	0.20114920595990426	1	0	0	1	2024-07-01	2024-07-31	0	0	0	30	False	True	False	False
NODE_0233->AUS__SAMN45811368:AUS	NODE_0233	AUS__SAMN45811368	AUS	6.065236124452866e-08	0.9999999393476388	1.0	BEL	0.20114920595990426	1	0	0	1	2024-06-01	2024-06-30	0	0	0	29	False	True	False	False
NODE_0284->NODE_0285:BEL	NODE_0284	NODE_0285	BEL	6.646080954265512e-05	7.640962361233224e-07	6.646086032514835e-05	FRA	0.9999999979692202	6	0	0	6	2023-05-14	2023-10-08	0	0	0	147	False	True	False	False
NODE_0284->NODE_0285:FRA	NODE_0284	NODE_0285	FRA	7.660646422049081e-07	0.9999992338729856	0.999918587677619	BEL	0.9973492929304052	2	0	0	2	2023-01-01	2024-12-31	0	0	0	730	False	True	False	False
NODE_0284->NODE_0285:JPN	NODE_0284	NODE_0285	JPN	4.809382806039537e-06	6.213377658292246e-10	4.809382809027788e-06	FRA	0.9999992344943229	2	0	0	2	2025-01-21	2025-03-03	0	0	0	41	False	True	False	False
NODE_0284->FRA__SAMEA115874191:FRA	NODE_0284	FRA__SAMEA115874191	FRA	7.661270143843879e-07	0.9999992338729856	1.0	BEL	0.9973492929304052	1	0	0	1	2023-01-01	2023-12-31	0	0	0	364	False	True	False	False
NODE_0360->NODE_0361:AUS	NODE_0360	NODE_0361	AUS	1.853462488594496e-07	4.507663714713715e-09	1.8534624969492817e-07	CHN	0.9999998334569002	3	0	0	3	2024-08-01	2024-08-31	0	0	0	30	False	True	False	False
NODE_0360->NODE_0361:CHN	NODE_0360	NODE_0361	CHN	1.7105059901935827e-07	0.9999998289492372	0.9999990426422832	JPN	0.8906477312127492	24	0	11	13	2021-01-01	2024-12-31	0	0	0	1460	False	False	False	False
NODE_0360->NODE_0361:JPN	NODE_0360	NODE_0361	JPN	1.8857046538484523e-07	1.5234597372140122e-07	1.8857049411280077e-07	CHN	0.9999999812952081	5	0	0	5	2024-12-11	2025-02-25	0	0	0	76	False	True	False	False
NODE_0360->CHN__SAMN44583927:CHN	NODE_0360	CHN__SAMN44583927	CHN	1.7105076277612596e-07	0.9999998289492372	1.0	JPN	0.8906477312127492	1	0	0	1	2024-03-18	2024-03-18	0	0	0	0	False	True	False	False
NODE_0396->NODE_0397:CHN	NODE_0396	NODE_0397	CHN	7.076130713459245e-08	0.9999999292386852	0.9999998915641652	AUS	0.19738050703117882	3	0	0	3	2023-07-30	2024-06-21	0	0	0	327	False	True	False	False
NODE_0396->CHN__SAMN44583832:CHN	NODE_0396	CHN__SAMN44583832	CHN	7.076131480765468e-08	0.9999999292386852	1.0	AUS	0.19738050703117882	1	0	0	1	2023-11-16	2023-11-16	0	0	0	0	False	True	False	False
NODE_0399->CHN__SAMN44583959:CHN	NODE_0399	CHN__SAMN44583959	CHN	3.2843413400041044e-07	0.999999671565866	1.0	AUS	0.1973805070292447	1	0	0	1	2024-03-22	2024-03-22	0	0	0	0	False	True	False	False
NODE_0399->CHN__SAMN44583972:CHN	NODE_0399	CHN__SAMN44583972	CHN	3.2843413400041044e-07	0.999999671565866	1.0	AUS	0.1973805070292447	1	0	0	1	2024-03-25	2024-03-25	0	0	0	0	False	True	False	False
NODE_0426->NODE_0427:CHN	NODE_0426	NODE_0427	CHN	1.262111526324726e-10	0.9999999998737888	0.9999999999394874	AUS	0.1973805070311813	42	0	5	37	2022-01-01	2024-12-31	0	0	0	1095	False	False	False	False
NODE_0426->NODE_0427:JPN	NODE_0426	NODE_0427	JPN	1.0968705936607622e-11	2.2877560997889103e-11	1.096870593685856e-11	CHN	0.9999999998966662	1	0	0	1	2024-09-12	2024-09-12	0	0	0	0	False	True	False	False
NODE_0426->NODE_0469:CHN	NODE_0426	NODE_0469	CHN	1.2618120691468904e-10	0.9999999998737888	0.9997627331278218	AUS	0.1973805070311813	2	0	1	1	2022-01-01	2023-12-31	0	0	0	729	False	False	False	False
NODE_0482->NODE_0483:CHN	NODE_0482	NODE_0483	CHN	5.284441756540608e-07	0.9999994715556096	0.9999995937066822	JPN	0.9829794807641691	8	0	4	4	2021-01-01	2024-08-27	0	0	0	1334	False	False	False	False
NODE_0482->NODE_0483:JPN	NODE_0482	NODE_0483	JPN	4.049639657484171e-07	5.194499923750191e-07	4.049641761070553e-07	CHN	0.9999999910055973	8	0	0	8	2024-01-01	2025-07-31	0	0	0	577	False	True	False	False
NODE_0482->JPN__SAMD01797764:JPN	NODE_0482	JPN__SAMD01797764	JPN	0.9999994805500076	5.194499923750191e-07	1.0	CHN	0.9999999910055973	1	0	0	1	2025-10-01	2025-10-31	1	1	1	30	True	True	True	False
NODE_0507->NODE_0508:JPN	NODE_0507	NODE_0508	JPN	7.557920955168373e-11	0.9999999999244208	0.999999999923378	AUS	0.20186824942031562	18	0	0	18	2024-12-09	2025-06-16	0	0	0	189	False	True	False	False
NODE_0507->JPN__SAMD00892040:JPN	NODE_0507	JPN__SAMD00892040	JPN	7.557920955747477e-11	0.9999999999244208	1.0	AUS	0.20186824942031562	1	0	0	1	2025-01-22	2025-01-22	0	0	0	0	False	True	False	False
NODE_0648->NODE_0649:BEL	NODE_0648	NODE_0649	BEL	3.171221263652655e-08	0.9999999682877816	0.9999998180422736	FRA	0.5995711716753593	18	0	1	17	2022-11-14	2023-12-31	0	0	0	412	False	False	False	False
NODE_0648->NODE_0649:FRA	NODE_0648	NODE_0649	FRA	1.1535409991518748e-07	1.9013731875471653e-08	1.1535410210849946e-07	BEL	0.9999999873015133	1	0	0	1	2024-01-01	2024-12-31	0	0	0	365	False	True	False	False
NODE_0648->BEL__SAMEA117989551:BEL	NODE_0648	BEL__SAMEA117989551	BEL	3.171221840680971e-08	0.9999999682877816	1.0	FRA	0.5995711716753593	1	0	0	1	2023-07-20	2023-07-20	0	0	0	0	False	True	False	False
NODE_0677->BEL__SAMEA117989557:BEL	NODE_0677	BEL__SAMEA117989557	BEL	9.988682894368495e-06	0.9999900113171056	1.0	FRA	0.7297158224676501	1	0	0	1	2023-08-07	2023-08-07	0	0	0	0	False	True	False	False
NODE_0677->NODE_0678:BEL	NODE_0677	NODE_0678	BEL	9.988125826480135e-06	0.9999900113171056	0.9999442300957744	FRA	0.7297158224676501	1	0	0	1	2023-11-14	2023-11-14	0	0	0	0	False	True	False	False
NODE_0677->NODE_0678:FRA	NODE_0677	NODE_0678	FRA	2.1895189294503354e-05	7.288899953517872e-06	2.189534888751084e-05	BEL	0.9999973001973808	1	0	0	1	2023-01-01	2023-12-31	0	0	0	364	False	True	False	False
NODE_0285->NODE_0286:BEL	NODE_0285	NODE_0286	BEL	0.00013224328530612282	6.646086032514835e-05	0.0001322520748928	FRA	0.999985047544191	6	0	0	6	2023-05-14	2023-10-08	0	0	0	147	False	True	False	False
NODE_0285->NODE_0286:FRA	NODE_0285	NODE_0286	FRA	8.140018736806788e-05	0.999918587677619	0.999850943781102	BEL	0.8163489061779997	2	0	0	2	2023-01-01	2024-12-31	0	0	0	730	False	True	False	False
NODE_0285->NODE_0293:JPN	NODE_0285	NODE_0293	JPN	0.2864121642372319	4.809382809027788e-06	0.2864135417095957	FRA	0.9999233966920135	2	0	0	2	2025-01-21	2025-03-03	0	0	0	41	False	True	False	False
NODE_0361->NODE_0362:AUS	NODE_0361	NODE_0362	AUS	3.7489893099419607e-07	1.8534624969492817e-07	3.748990004803198e-07	CHN	0.9999992279883897	3	0	0	3	2024-08-01	2024-08-31	0	0	0	30	False	True	False	False
NODE_0361->NODE_0362:CHN	NODE_0361	NODE_0362	CHN	9.573558981749697e-07	0.9999990426422832	0.999998100403072	JPN	0.19696973324061254	23	0	10	13	2021-01-01	2024-12-31	0	0	0	1460	False	False	False	False
NODE_0361->NODE_0362:JPN	NODE_0361	NODE_0362	JPN	3.465955899714997e-07	1.8857049411280077e-07	3.465956553292137e-07	CHN	0.9999992312126322	5	0	0	5	2024-12-11	2025-02-25	0	0	0	76	False	True	False	False
NODE_0361->CHN__SAMN50152043:CHN	NODE_0361	CHN__SAMN50152043	CHN	9.573577167687475e-07	0.9999990426422832	1.0	JPN	0.19696973324061254	1	0	1	0	2022-01-01	2022-12-31	0	0	0	364	False	False	False	False
NODE_0397->NODE_0398:CHN	NODE_0397	NODE_0398	CHN	1.0843503782718132e-07	0.9999998915641652	0.9999926506891534	AUS	0.19738050703117976	2	0	0	2	2023-07-30	2024-05-09	0	0	0	284	False	True	False	False
NODE_0397->CHN__SAMN44590252:CHN	NODE_0397	CHN__SAMN44590252	CHN	1.0843583475583785e-07	0.9999998915641652	1.0	AUS	0.19738050703117976	1	0	0	1	2024-06-21	2024-06-21	0	0	0	0	False	True	False	False
NODE_0427->NODE_0428:CHN	NODE_0427	NODE_0428	CHN	6.051259493125457e-11	0.9999999999394874	0.9999999999398947	AUS	0.1973805070311812	37	0	5	32	2022-01-01	2024-12-31	0	0	0	1095	False	False	False	False
NODE_0427->NODE_0428:JPN	NODE_0427	NODE_0428	JPN	1.089487681208747e-11	1.096870593685856e-11	1.0894876812206972e-11	CHN	0.9999999999504564	1	0	0	1	2024-09-12	2024-09-12	0	0	0	0	False	True	False	False
NODE_0427->NODE_0465:CHN	NODE_0427	NODE_0465	CHN	6.051259140433173e-11	0.9999999999394874	0.9999999416557832	AUS	0.1973805070311812	5	0	0	5	2023-04-21	2024-05-16	0	0	0	391	False	True	False	False
NODE_0469->CHN__SAMN50152040:CHN	NODE_0469	CHN__SAMN50152040	CHN	0.00023726687217817677	0.9997627331278218	1.0	AUS	0.1973805070311807	1	0	1	0	2022-01-01	2022-12-31	0	0	0	364	False	False	False	False
NODE_0469->CHN__SAMN50152052:CHN	NODE_0469	CHN__SAMN50152052	CHN	0.00023726687217817677	0.9997627331278218	1.0	AUS	0.1973805070311807	1	0	0	1	2023-01-01	2023-12-31	0	0	0	364	False	True	False	False
NODE_0483->NODE_0484:CHN	NODE_0483	NODE_0484	CHN	4.062930891673549e-07	0.9999995937066822	0.9999994373524014	JPN	0.9967286153908411	7	0	3	4	2021-01-01	2024-08-27	0	0	0	1334	False	False	False	False
NODE_0483->NODE_0484:JPN	NODE_0483	NODE_0484	JPN	5.531720686714815e-07	4.049641761070553e-07	5.531722926864433e-07	CHN	0.9999999986708578	8	0	0	8	2024-01-01	2025-07-31	0	0	0	577	False	True	False	False
NODE_0483->CHN__SAMN50152026:CHN	NODE_0483	CHN__SAMN50152026	CHN	4.062933177673145e-07	0.9999995937066822	1.0	JPN	0.9967286153908411	1	0	1	0	2022-01-01	2022-12-31	0	0	0	364	False	False	False	False
NODE_0508->NODE_0509:JPN	NODE_0508	NODE_0509	JPN	7.662204118899695e-11	0.999999999923378	0.9999999888346982	AUS	0.20186824942032308	6	0	0	6	2024-12-09	2025-06-09	0	0	0	182	False	True	False	False
NODE_0508->NODE_0514:JPN	NODE_0508	NODE_0514	JPN	7.66220420326275e-11	0.999999999923378	0.9999999998449834	AUS	0.20186824942032308	12	0	0	12	2025-01-06	2025-06-16	0	0	0	161	False	True	False	False
NODE_0649->NODE_0650:BEL	NODE_0649	NODE_0650	BEL	1.8195768935053982e-07	0.9999998180422736	0.9999997961550968	FRA	0.6339609997778626	18	0	1	17	2022-11-14	2023-12-31	0	0	0	412	False	False	False	False
NODE_0649->FRA__SAMEA115874201:FRA	NODE_0649	FRA__SAMEA115874201	FRA	0.9999998846458978	1.1535410210849946e-07	1.0	BEL	0.9999999333963682	1	0	0	1	2024-01-01	2024-12-31	1	1	1	365	True	True	True	False
NODE_0678->BEL__SAMEA117989589:BEL	NODE_0678	BEL__SAMEA117989589	BEL	5.576990422562211e-05	0.9999442300957744	1.0	FRA	0.39260151494886575	1	0	0	1	2023-11-14	2023-11-14	0	0	0	0	False	True	False	False
NODE_0678->FRA__SAMEA115874190:FRA	NODE_0678	FRA__SAMEA115874190	FRA	0.9999781046511125	2.189534888751084e-05	1.0	BEL	0.9999661247029504	1	0	0	1	2023-01-01	2023-12-31	1	1	1	364	True	True	True	False
NODE_0286->NODE_0287:BEL	NODE_0286	NODE_0287	BEL	0.9997630551582687	0.0001322520748928	0.9998952933854944	FRA	0.9999831936333179	6	0	0	6	2023-05-14	2023-10-08	6	6	1	147	True	True	True	False
NODE_0286->NODE_0292:FRA	NODE_0286	NODE_0292	FRA	0.00014905618771998287	0.999850943781102	0.9999997908301682	BEL	0.8872630465905764	2	0	0	2	2023-01-01	2024-12-31	0	0	0	730	False	True	False	False
NODE_0293->NODE_0294:JPN	NODE_0293	NODE_0294	JPN	0.706112915491039	0.2864135417095957	0.9895267872413523	Europe_other	0.779000309596545	2	0	0	2	2025-01-21	2025-03-03	2	2	1	41	True	True	True	False
NODE_0362->NODE_0363:AUS	NODE_0362	NODE_0363	AUS	1.1529917509383257e-07	3.748990004803198e-07	1.1529921831939428e-07	CHN	0.9999984753015009	3	0	0	3	2024-08-01	2024-08-31	0	0	0	30	False	True	False	False
NODE_0362->NODE_0363:CHN	NODE_0362	NODE_0363	CHN	1.8995958791528456e-06	0.999998100403072	0.9999994478691462	AUS	0.19735713138770578	22	0	10	12	2021-01-01	2024-12-31	0	0	0	1460	False	False	False	False
NODE_0362->NODE_0363:JPN	NODE_0362	NODE_0363	JPN	2.706929550059139e-07	3.465956553292137e-07	2.706930488269485e-07	CHN	0.9999984469981892	5	0	0	5	2024-12-11	2025-02-25	0	0	0	76	False	True	False	False
NODE_0362->CHN__SAMN44583825:CHN	NODE_0362	CHN__SAMN44583825	CHN	1.8995969279789193e-06	0.999998100403072	1.0	AUS	0.19735713138770578	1	0	0	1	2023-06-23	2023-06-23	0	0	0	0	False	True	False	False
NODE_0398->CHN__SAMN44583827:CHN	NODE_0398	CHN__SAMN44583827	CHN	7.349310846560542e-06	0.9999926506891534	1.0	AUS	0.19738050703118065	1	0	0	1	2023-07-30	2023-07-30	0	0	0	0	False	True	False	False
NODE_0398->CHN__SAMN44584068:CHN	NODE_0398	CHN__SAMN44584068	CHN	7.349310846560542e-06	0.9999926506891534	1.0	AUS	0.19738050703118065	1	0	0	1	2024-05-09	2024-05-09	0	0	0	0	False	True	False	False
NODE_0428->NODE_0429:CHN	NODE_0428	NODE_0429	CHN	6.010525410335931e-11	0.9999999999398947	0.9999999999368204	AUS	0.19738050703118126	36	0	4	32	2022-01-01	2024-12-31	0	0	0	1095	False	False	False	False
NODE_0428->NODE_0429:JPN	NODE_0428	NODE_0429	JPN	1.145214973997853e-11	1.0894876812206972e-11	1.1452149740103298e-11	CHN	0.9999999999507897	1	0	0	1	2024-09-12	2024-09-12	0	0	0	0	False	True	False	False
NODE_0428->CHN__SAMN50152020:CHN	NODE_0428	CHN__SAMN50152020	CHN	6.010525410715672e-11	0.9999999999398947	1.0	AUS	0.19738050703118126	1	0	1	0	2022-01-01	2022-12-31	0	0	0	364	False	False	False	False
NODE_0465->NODE_0466:CHN	NODE_0465	NODE_0466	CHN	5.834420973596093e-08	0.9999999416557832	0.9999998790758788	AUS	0.1973805070311809	3	0	0	3	2023-04-21	2024-01-18	0	0	0	272	False	True	False	False
NODE_0465->NODE_0468:CHN	NODE_0465	NODE_0468	CHN	5.8343004742318046e-08	0.9999999416557832	0.9999792258953384	AUS	0.1973805070311809	2	0	0	2	2024-03-20	2024-05-16	0	0	0	57	False	True	False	False
NODE_0484->NODE_0485:CHN	NODE_0484	NODE_0485	CHN	5.626473024292033e-07	0.9999994373524014	0.9999994735711658	JPN	0.9831594308249372	7	0	3	4	2021-01-01	2024-08-27	0	0	0	1334	False	False	False	False
NODE_0484->NODE_0485:JPN	NODE_0484	NODE_0485	JPN	5.25146703703961e-07	5.531722926864433e-07	5.251469942007277e-07	CHN	0.9999999905246889	7	0	0	7	2024-01-01	2025-07-31	0	0	0	577	False	True	False	False
NODE_0484->JPN__SAMD00920273:JPN	NODE_0484	JPN__SAMD00920273	JPN	0.9999994468277074	5.531722926864433e-07	1.0	CHN	0.9999999905246889	1	0	0	1	2024-01-01	2024-12-31	1	1	1	365	True	True	True	False
NODE_0509->NODE_0510:JPN	NODE_0509	NODE_0510	JPN	1.1165301794224514e-08	0.9999999888346982	0.9999999999989788	AUS	0.2018682494203225	5	0	0	5	2024-12-09	2025-05-01	0	0	0	143	False	True	False	False
NODE_0509->JPN__SAMD01697933:JPN	NODE_0509	JPN__SAMD01697933	JPN	1.1165301794235916e-08	0.9999999888346982	1.0	AUS	0.2018682494203225	1	0	0	1	2025-06-09	2025-06-09	0	0	0	0	False	True	False	False
NODE_0514->NODE_0515:JPN	NODE_0514	NODE_0515	JPN	1.5501655513590692e-10	0.9999999998449834	0.999999999923121	AUS	0.20186824942032316	11	0	0	11	2025-01-06	2025-06-16	0	0	0	161	False	True	False	False
NODE_0514->JPN__SAMD01697909:JPN	NODE_0514	JPN__SAMD01697909	JPN	1.5501655514782442e-10	0.9999999998449834	1.0	AUS	0.20186824942032316	1	0	0	1	2025-05-26	2025-05-26	0	0	0	0	False	True	False	False
NODE_0650->NODE_0651:BEL	NODE_0650	NODE_0651	BEL	2.0384490034744327e-07	0.9999997961550968	0.9999999861074282	FRA	0.5061555212448512	17	0	1	16	2022-11-14	2023-12-31	0	0	0	412	False	False	False	False
NODE_0650->BEL__SAMEA117989585:BEL	NODE_0650	BEL__SAMEA117989585	BEL	2.038449031793732e-07	0.9999997961550968	1.0	FRA	0.5061555212448512	1	0	0	1	2023-10-30	2023-10-30	0	0	0	0	False	True	False	False
NODE_0287->BEL__SAMEA117989535:BEL	NODE_0287	BEL__SAMEA117989535	BEL	0.00010470661450556751	0.9998952933854944	1.0	FRA	0.9702835842836051	1	0	0	1	2023-05-14	2023-05-14	0	0	0	0	False	True	False	False
NODE_0287->NODE_0288:BEL	NODE_0287	NODE_0288	BEL	0.00010470652719562512	0.9998952933854944	0.9999991661468304	FRA	0.9702835842836051	5	0	0	5	2023-06-12	2023-10-08	0	0	0	118	False	True	False	False
NODE_0292->FRA__SAMEA115874188:FRA	NODE_0292	FRA__SAMEA115874188	FRA	2.09169831788536e-07	0.9999997908301682	1.0	BEL	0.31811981914391696	1	0	0	1	2023-01-01	2023-12-31	0	0	0	364	False	True	False	False
NODE_0292->FRA__SAMEA115874228:FRA	NODE_0292	FRA__SAMEA115874228	FRA	2.09169831788536e-07	0.9999997908301682	1.0	BEL	0.31811981914391696	1	0	0	1	2024-01-01	2024-12-31	0	0	0	365	False	True	False	False
NODE_0294->JPN__SAMD00892038:JPN	NODE_0294	JPN__SAMD00892038	JPN	0.010473212758647654	0.9895267872413523	1.0	Europe_other	0.7276876505854482	1	0	0	1	2025-01-21	2025-01-21	0	0	0	0	False	True	False	False
NODE_0294->JPN__SAMD01697919:JPN	NODE_0294	JPN__SAMD01697919	JPN	0.010473212758647654	0.9895267872413523	1.0	Europe_other	0.7276876505854482	1	0	0	1	2025-03-03	2025-03-03	0	0	0	0	False	True	False	False
NODE_0363->NODE_0364:AUS	NODE_0363	NODE_0364	AUS	7.828060855624458e-06	1.1529921831939428e-07	7.828061758193859e-06	CHN	0.9999995631683141	3	0	0	3	2024-08-01	2024-08-31	0	0	0	30	False	True	False	False
NODE_0363->NODE_0364:CHN	NODE_0363	NODE_0364	CHN	5.521111368689083e-07	0.9999994478691462	0.9999642893605092	JPN	0.4902697375984031	20	0	10	10	2021-01-01	2024-12-31	0	0	0	1460	False	False	False	False
NODE_0363->NODE_0364:JPN	NODE_0363	NODE_0364	JPN	2.7514089124153134e-05	2.706930488269485e-07	2.751409657202782e-05	CHN	0.9999997185621189	5	0	0	5	2024-12-11	2025-02-25	0	0	0	76	False	True	False	False
NODE_0363->NODE_0391:CHN	NODE_0363	NODE_0391	CHN	5.521227210851124e-07	0.9999994478691462	0.9999852702858172	JPN	0.4902697375984031	2	0	0	2	2024-05-14	2024-06-03	0	0	0	20	False	True	False	False
NODE_0429->NODE_0430:CHN	NODE_0429	NODE_0430	CHN	6.317957266436232e-11	0.9999999999368204	0.999999999678948	AUS	0.19738050703118068	33	0	4	29	2022-01-01	2024-12-31	0	0	0	1095	False	False	False	False
NODE_0429->NODE_0430:JPN	NODE_0429	NODE_0430	JPN	5.819510261326886e-11	1.1452149740103298e-11	5.8195102613935325e-11	CHN	0.9999999999482726	1	0	0	1	2024-09-12	2024-09-12	0	0	0	0	False	True	False	False
NODE_0429->NODE_0463:CHN	NODE_0429	NODE_0463	CHN	6.317922958972121e-11	0.9999999999368204	0.9999945695276106	AUS	0.19738050703118068	3	0	0	3	2023-06-26	2024-06-13	0	0	0	353	False	True	False	False
NODE_0466->CHN__SAMN44583821:CHN	NODE_0466	CHN__SAMN44583821	CHN	1.2092412116082585e-07	0.9999998790758788	1.0	AUS	0.19738050703118082	1	0	0	1	2023-04-21	2023-04-21	0	0	0	0	False	True	False	False
NODE_0466->NODE_0467:CHN	NODE_0466	NODE_0467	CHN	1.2092411674108308e-07	0.9999998790758788	0.99999996345028	AUS	0.19738050703118082	2	0	0	2	2024-01-18	2024-01-18	0	0	0	0	False	True	False	False
NODE_0468->CHN__SAMN44583945:CHN	NODE_0468	CHN__SAMN44583945	CHN	2.077410466161389e-05	0.9999792258953384	1.0	AUS	0.19738050703118024	1	0	0	1	2024-03-20	2024-03-20	0	0	0	0	False	True	False	False
NODE_0468->CHN__SAMN44584082:CHN	NODE_0468	CHN__SAMN44584082	CHN	2.077410466161389e-05	0.9999792258953384	1.0	AUS	0.19738050703118024	1	0	0	1	2024-05-16	2024-05-16	0	0	0	0	False	True	False	False
NODE_0485->NODE_0486:CHN	NODE_0485	NODE_0486	CHN	5.264279940098966e-07	0.9999994735711658	0.9999984039985624	JPN	0.9975650269967012	6	0	2	4	2021-01-01	2024-08-27	0	0	0	1334	False	False	False	False
NODE_0485->NODE_0486:JPN	NODE_0485	NODE_0486	JPN	1.569997930875108e-06	5.251469942007277e-07	1.5699987553552353e-06	CHN	0.9999999987181594	7	0	0	7	2024-01-01	2025-07-31	0	0	0	577	False	True	False	False
NODE_0485->CHN__SAMN50152007:CHN	NODE_0485	CHN__SAMN50152007	CHN	5.264288341910728e-07	0.9999994735711658	1.0	JPN	0.9975650269967012	1	0	1	0	2021-01-01	2021-12-31	0	0	0	364	False	False	False	False
NODE_0510->NODE_0511:JPN	NODE_0510	NODE_0511	JPN	1.0211831379735246e-12	0.9999999999989788	0.9999999999248966	AUS	0.20186824942032314	4	0	0	4	2024-12-09	2025-05-01	0	0	0	143	False	True	False	False
NODE_0510->JPN__SAMD00892034:JPN	NODE_0510	JPN__SAMD00892034	JPN	1.021183138050219e-12	0.9999999999989788	1.0	AUS	0.20186824942032314	1	0	0	1	2024-12-14	2024-12-14	0	0	0	0	False	True	False	False
NODE_0515->NODE_0516:JPN	NODE_0515	NODE_0516	JPN	7.687894764659136e-11	0.999999999923121	0.9999999999243996	AUS	0.20186824942032314	10	0	0	10	2025-01-06	2025-06-16	0	0	0	161	False	True	False	False
NODE_0515->JPN__SAMD01697925:JPN	NODE_0515	JPN__SAMD01697925	JPN	7.687894765240344e-11	0.999999999923121	1.0	AUS	0.20186824942032314	1	0	0	1	2025-04-22	2025-04-22	0	0	0	0	False	True	False	False
NODE_0651->NODE_0652:BEL	NODE_0651	NODE_0652	BEL	1.3892571735085349e-08	0.9999999861074282	0.9999999982314562	AUS	0.20442827925589357	16	0	1	15	2022-11-14	2023-12-31	0	0	0	412	False	False	False	False
NODE_0651->BEL__SAMEA117989529:BEL	NODE_0651	BEL__SAMEA117989529	BEL	1.389257175965497e-08	0.9999999861074282	1.0	AUS	0.20442827925589357	1	0	0	1	2023-03-31	2023-03-31	0	0	0	0	False	True	False	False
NODE_0288->NODE_0289:BEL	NODE_0288	NODE_0289	BEL	8.338531017404054e-07	0.9999991661468304	0.999999918590564	FRA	0.9699941585771518	4	0	0	4	2023-06-12	2023-10-08	0	0	0	118	False	True	False	False
NODE_0288->BEL__SAMEA117989549:BEL	NODE_0288	BEL__SAMEA117989549	BEL	8.338531696239215e-07	0.9999991661468304	1.0	FRA	0.9699941585771518	1	0	0	1	2023-07-24	2023-07-24	0	0	0	0	False	True	False	False
NODE_0364->NODE_0365:AUS	NODE_0364	NODE_0365	AUS	0.9999917209689514	7.828061758193859e-06	0.9999995490271792	CHN	0.9999721172039991	3	0	0	3	2024-08-01	2024-08-31	3	3	1	30	True	True	True	False
NODE_0364->NODE_0367:CHN	NODE_0364	NODE_0367	CHN	3.570962978104323e-05	0.9999642893605092	0.9999717252396784	JPN	0.7704733649242889	20	0	10	10	2021-01-01	2024-12-31	0	0	0	1460	False	False	False	False
NODE_0364->NODE_0367:JPN	NODE_0364	NODE_0367	JPN	2.798908609367625e-05	2.751409657202782e-05	2.7989856209283028e-05	CHN	0.9999918032315546	5	0	0	5	2024-12-11	2025-02-25	0	0	0	76	False	True	False	False
NODE_0391->CHN__SAMN44584073:CHN	NODE_0391	CHN__SAMN44584073	CHN	1.4729714182815101e-05	0.9999852702858172	1.0	AUS	0.19749676267898317	1	0	0	1	2024-05-14	2024-05-14	0	0	0	0	False	True	False	False
NODE_0391->CHN__SAMN44590224:CHN	NODE_0391	CHN__SAMN44590224	CHN	1.4729714182815101e-05	0.9999852702858172	1.0	AUS	0.19749676267898317	1	0	0	1	2024-06-03	2024-06-03	0	0	0	0	False	True	False	False
NODE_0430->NODE_0431:CHN	NODE_0430	NODE_0431	CHN	3.210519627727586e-10	0.999999999678948	0.9999999999377284	AUS	0.19738050703115897	32	0	4	28	2022-01-01	2024-12-31	0	0	0	1095	False	False	False	False
NODE_0430->NODE_0431:JPN	NODE_0430	NODE_0431	JPN	1.1287537105922775e-11	5.8195102613935325e-11	1.1287537106579655e-11	CHN	0.9999999997371434	1	0	0	1	2024-09-12	2024-09-12	0	0	0	0	False	True	False	False
NODE_0430->CHN__SAMN50152053:CHN	NODE_0430	CHN__SAMN50152053	CHN	3.2105196279275106e-10	0.999999999678948	1.0	AUS	0.19738050703115897	1	0	0	1	2023-01-01	2023-12-31	0	0	0	364	False	True	False	False
NODE_0463->CHN__SAMN42391134:CHN	NODE_0463	CHN__SAMN42391134	CHN	5.430472389433838e-06	0.9999945695276106	1.0	AUS	0.19738050703118068	1	0	0	1	2023-06-26	2023-06-26	0	0	0	0	False	True	False	False
NODE_0463->NODE_0464:CHN	NODE_0463	NODE_0464	CHN	5.430020424724471e-06	0.9999945695276106	0.999916772487372	AUS	0.19738050703118068	2	0	0	2	2023-09-23	2024-06-13	0	0	0	264	False	True	False	False
NODE_0467->CHN__SAMN44583833:CHN	NODE_0467	CHN__SAMN44583833	CHN	3.654972002831158e-08	0.99999996345028	1.0	AUS	0.1973805070311808	1	0	0	1	2024-01-18	2024-01-18	0	0	0	0	False	True	False	False
NODE_0467->CHN__SAMN44583834:CHN	NODE_0467	CHN__SAMN44583834	CHN	3.654972002831158e-08	0.99999996345028	1.0	AUS	0.1973805070311808	1	0	0	1	2024-01-18	2024-01-18	0	0	0	0	False	True	False	False
NODE_0486->NODE_0487:CHN	NODE_0486	NODE_0487	CHN	1.5959985819297888e-06	0.9999984039985624	0.9999982107565628	JPN	0.983707607195118	6	0	2	4	2021-01-01	2024-08-27	0	0	0	1334	False	False	False	False
NODE_0486->NODE_0487:JPN	NODE_0486	NODE_0487	JPN	1.7549220747652697e-06	1.5699987553552353e-06	1.7549248299950684e-06	CHN	0.9999999739972768	6	0	0	6	2024-01-01	2025-07-31	0	0	0	577	False	True	False	False
NODE_0486->JPN__SAMD00920272:JPN	NODE_0486	JPN__SAMD00920272	JPN	0.9999984300012447	1.5699987553552353e-06	1.0	CHN	0.9999999739972768	1	0	0	1	2024-01-01	2024-12-31	1	1	1	365	True	True	True	False
NODE_0511->JPN__SAMD00885979:JPN	NODE_0511	JPN__SAMD00885979	JPN	7.510336796912043e-11	0.9999999999248966	1.0	AUS	0.20186824942032316	1	0	0	1	2024-12-09	2024-12-09	0	0	0	0	False	True	False	False
NODE_0511->NODE_0512:JPN	NODE_0511	NODE_0512	JPN	7.510336796904374e-11	0.9999999999248966	0.999999999998979	AUS	0.20186824942032316	3	0	0	3	2025-01-28	2025-05-01	0	0	0	93	False	True	False	False
NODE_0516->NODE_0517:JPN	NODE_0516	NODE_0517	JPN	7.560041481720662e-11	0.9999999999243996	0.9999999999994909	AUS	0.20186824942032314	8	0	0	8	2025-01-06	2025-05-26	0	0	0	140	False	True	False	False
NODE_0516->NODE_0524:JPN	NODE_0516	NODE_0524	JPN	7.560040601979729e-11	0.9999999999243996	0.9999998836322812	AUS	0.20186824942032314	2	0	0	2	2025-05-26	2025-06-16	0	0	0	21	False	True	False	False
NODE_0652->NODE_0653:BEL	NODE_0652	NODE_0653	BEL	1.7685437537423782e-09	0.9999999982314562	0.999999998787491	AUS	0.20445974308371417	15	0	1	14	2022-11-14	2023-12-31	0	0	0	412	False	False	False	False
NODE_0652->BEL__SAMEA117989587:BEL	NODE_0652	BEL__SAMEA117989587	BEL	1.7685437558867534e-09	0.9999999982314562	1.0	AUS	0.20445974308371417	1	0	0	1	2023-11-08	2023-11-08	0	0	0	0	False	True	False	False
NODE_0289->NODE_0290:BEL	NODE_0289	NODE_0290	BEL	8.140943584014462e-08	0.999999918590564	0.9999999984020032	FRA	0.9572939294607613	3	0	0	3	2023-06-12	2023-10-08	0	0	0	118	False	True	False	False
NODE_0289->BEL__SAMEA117989556:BEL	NODE_0289	BEL__SAMEA117989556	BEL	8.140943597023664e-08	0.999999918590564	1.0	FRA	0.9572939294607613	1	0	0	1	2023-08-04	2023-08-04	0	0	0	0	False	True	False	False
NODE_0365->AUS__SAMN44480251:AUS	NODE_0365	AUS__SAMN44480251	AUS	4.5097282075357015e-07	0.9999995490271792	1.0	CHN	0.942498063704683	1	0	0	1	2024-08-01	2024-08-31	0	0	0	30	False	True	False	False
NODE_0365->NODE_0366:AUS	NODE_0365	NODE_0366	AUS	4.50972797011266e-07	0.9999995490271792	0.9999999473531374	CHN	0.942498063704683	2	0	0	2	2024-08-01	2024-08-31	0	0	0	30	False	True	False	False
NODE_0367->CHN__SAMN50152004:CHN	NODE_0367	CHN__SAMN50152004	CHN	2.8274760321633785e-05	0.9999717252396784	1.0	JPN	0.9899237302430974	1	0	1	0	2021-01-01	2021-12-31	0	0	0	364	False	False	False	False
NODE_0367->NODE_0368:CHN	NODE_0367	NODE_0368	CHN	2.827283339329376e-05	0.9999717252396784	0.9999318498788988	JPN	0.9899237302430974	19	0	9	10	2022-03-15	2024-12-31	0	0	0	1022	False	False	False	False
NODE_0367->NODE_0368:JPN	NODE_0367	NODE_0368	JPN	6.80447514260719e-05	2.7989856209283028e-05	6.804665604219005e-05	CHN	0.9999997150879131	5	0	0	5	2024-12-11	2025-02-25	0	0	0	76	False	True	False	False
NODE_0431->NODE_0432:CHN	NODE_0431	NODE_0432	CHN	6.22716322911978e-11	0.9999999999377284	0.9999999999372108	AUS	0.19738050702752247	30	0	4	26	2022-01-01	2024-12-31	0	0	0	1095	False	False	False	False
NODE_0431->NODE_0432:JPN	NODE_0431	NODE_0432	JPN	1.1381377483378516e-11	1.1287537106579655e-11	1.1381377483506984e-11	CHN	0.9999999999490162	1	0	0	1	2024-09-12	2024-09-12	0	0	0	0	False	True	False	False
NODE_0431->NODE_0462:CHN	NODE_0431	NODE_0462	CHN	6.227146502842873e-11	0.9999999999377284	0.9999973139185068	AUS	0.19738050702752247	2	0	0	2	2024-04-03	2024-07-04	0	0	0	92	False	True	False	False
NODE_0464->CHN__SAMN44583828:CHN	NODE_0464	CHN__SAMN44583828	CHN	8.322751262801464e-05	0.999916772487372	1.0	AUS	0.1973805070311808	1	0	0	1	2023-09-23	2023-09-23	0	0	0	0	False	True	False	False
NODE_0464->CHN__SAMN44590238:CHN	NODE_0464	CHN__SAMN44590238	CHN	8.322751262801464e-05	0.999916772487372	1.0	AUS	0.1973805070311808	1	0	0	1	2024-06-13	2024-06-13	0	0	0	0	False	True	False	False
NODE_0487->NODE_0488:CHN	NODE_0487	NODE_0488	CHN	1.7892404533498552e-06	0.9999982107565628	0.9999983323458412	JPN	0.980819486884657	6	0	2	4	2021-01-01	2024-08-27	0	0	0	1334	False	False	False	False
NODE_0487->NODE_0488:JPN	NODE_0487	NODE_0488	JPN	1.6413025001488091e-06	1.7549248299950684e-06	1.641305380516375e-06	CHN	0.9999999656813325	5	0	0	5	2024-01-01	2025-07-31	0	0	0	577	False	True	False	False
NODE_0487->JPN__SAMD00920271:JPN	NODE_0487	JPN__SAMD00920271	JPN	0.99999824507517	1.7549248299950684e-06	1.0	CHN	0.9999999656813325	1	0	0	1	2024-01-01	2024-12-31	1	1	1	365	True	True	True	False
NODE_0512->JPN__SAMD00892050:JPN	NODE_0512	JPN__SAMD00892050	JPN	1.020961093445294e-12	0.999999999998979	1.0	AUS	0.20186824942032314	1	0	0	1	2025-01-28	2025-01-28	0	0	0	0	False	True	False	False
NODE_0512->NODE_0513:JPN	NODE_0512	NODE_0513	JPN	1.020961082048178e-12	0.999999999998979	0.9999999888368752	AUS	0.20186824942032314	2	0	0	2	2025-02-03	2025-05-01	0	0	0	87	False	True	False	False
NODE_0517->NODE_0518:JPN	NODE_0517	NODE_0518	JPN	5.091482790928392e-13	0.9999999999994909	0.9999999999994942	AUS	0.2018682494203231	7	0	0	7	2025-01-06	2025-05-26	0	0	0	140	False	True	False	False
NODE_0517->JPN__SAMD01697903:JPN	NODE_0517	JPN__SAMD01697903	JPN	5.091482790930968e-13	0.9999999999994909	1.0	AUS	0.2018682494203231	1	0	0	1	2025-05-26	2025-05-26	0	0	0	0	False	True	False	False
NODE_0524->JPN__SAMD01697907:JPN	NODE_0524	JPN__SAMD01697907	JPN	1.1636771879430796e-07	0.9999998836322812	1.0	AUS	0.20186824942032264	1	0	0	1	2025-05-26	2025-05-26	0	0	0	0	False	True	False	False
NODE_0524->JPN__SAMD01697934:JPN	NODE_0524	JPN__SAMD01697934	JPN	1.1636771879430796e-07	0.9999998836322812	1.0	AUS	0.20186824942032264	1	0	0	1	2025-06-16	2025-06-16	0	0	0	0	False	True	False	False
NODE_0653->NODE_0654:BEL	NODE_0653	NODE_0654	BEL	1.2125089809414885e-09	0.999999998787491	0.9999999990388456	AUS	0.20449027856611685	14	0	1	13	2022-11-14	2023-12-31	0	0	0	412	False	False	False	False
NODE_0653->BEL__SAMEA117989611:BEL	NODE_0653	BEL__SAMEA117989611	BEL	1.2125089821068968e-09	0.999999998787491	1.0	AUS	0.20449027856611685	1	0	0	1	2023-12-22	2023-12-22	0	0	0	0	False	True	False	False
NODE_0290->NODE_0291:BEL	NODE_0290	NODE_0291	BEL	1.5979968434080936e-09	0.9999999984020032	0.99999999840371	FRA	0.8544129177700704	2	0	0	2	2023-06-12	2023-10-08	0	0	0	118	False	True	False	False
NODE_0290->BEL__SAMEA117989576:BEL	NODE_0290	BEL__SAMEA117989576	BEL	1.59799684595896e-09	0.9999999984020032	1.0	FRA	0.8544129177700704	1	0	0	1	2023-10-02	2023-10-02	0	0	0	0	False	True	False	False
NODE_0366->AUS__SAMN44480252:AUS	NODE_0366	AUS__SAMN44480252	AUS	5.264686264716545e-08	0.9999999473531374	1.0	CHN	0.8345320083096315	1	0	0	1	2024-08-01	2024-08-31	0	0	0	30	False	True	False	False
NODE_0366->AUS__SAMN45810584:AUS	NODE_0366	AUS__SAMN45810584	AUS	5.264686264716545e-08	0.9999999473531374	1.0	CHN	0.8345320083096315	1	0	0	1	2024-08-01	2024-08-31	0	0	0	30	False	True	False	False
NODE_0368->NODE_0369:CHN	NODE_0368	NODE_0369	CHN	6.815009322220063e-05	0.9999318498788988	0.999999590918217	JPN	0.9984818066732304	19	0	9	10	2022-03-15	2024-12-31	0	0	0	1022	False	False	False	False
NODE_0368->NODE_0369:JPN	NODE_0368	NODE_0369	JPN	4.083000376432867e-07	6.804665604219005e-05	4.083278229862099e-07	CHN	0.9999998965279	4	0	0	4	2025-01-15	2025-02-25	0	0	0	41	False	True	False	False
NODE_0368->JPN__SAMD01593374:JPN	NODE_0368	JPN__SAMD01593374	JPN	0.9999319533439578	6.804665604219005e-05	1.0	CHN	0.9999998965279	1	0	0	1	2024-12-11	2024-12-11	1	1	1	0	True	True	True	False
NODE_0432->NODE_0433:CHN	NODE_0432	NODE_0433	CHN	6.278921826128057e-11	0.9999999999372108	0.9999999998740632	AUS	0.19738050644265712	28	0	4	24	2022-01-01	2024-12-31	0	0	0	1095	False	False	False	False
NODE_0432->NODE_0433:JPN	NODE_0432	NODE_0433	JPN	2.2827866769053616e-11	1.1381377483506984e-11	2.2827866769313428e-11	CHN	0.9999999999485925	1	0	0	1	2024-09-12	2024-09-12	0	0	0	0	False	True	False	False
NODE_0432->NODE_0461:CHN	NODE_0432	NODE_0461	CHN	6.2788693026136e-11	0.9999999999372108	0.999991634820969	AUS	0.19738050644265712	2	0	0	2	2024-05-30	2024-06-19	0	0	0	20	False	True	False	False
NODE_0462->CHN__SAMN44584005:CHN	NODE_0462	CHN__SAMN44584005	CHN	2.6860814932305743e-06	0.9999973139185068	1.0	AUS	0.19738050703118076	1	0	0	1	2024-04-03	2024-04-03	0	0	0	0	False	True	False	False
NODE_0462->CHN__SAMN44590265:CHN	NODE_0462	CHN__SAMN44590265	CHN	2.6860814932305743e-06	0.9999973139185068	1.0	AUS	0.19738050703118076	1	0	0	1	2024-07-04	2024-07-04	0	0	0	0	False	True	False	False
NODE_0488->NODE_0489:CHN	NODE_0488	NODE_0489	CHN	1.6676539983517683e-06	0.9999983323458412	0.9999999038086425	JPN	0.9842000944879764	6	0	2	4	2021-01-01	2024-08-27	0	0	0	1334	False	False	False	False
NODE_0488->NODE_0489:JPN	NODE_0488	NODE_0489	JPN	9.417643469278872e-08	1.641305380516375e-06	9.417658926533139e-08	CHN	0.9999999736511785	4	0	0	4	2024-12-09	2025-07-31	0	0	0	234	False	True	False	False
NODE_0488->JPN__SAMD00920275:JPN	NODE_0488	JPN__SAMD00920275	JPN	0.9999983586946195	1.641305380516375e-06	1.0	CHN	0.9999999736511785	1	0	0	1	2024-01-01	2024-12-31	1	1	1	365	True	True	True	False
NODE_0513->JPN__SAMD00892053:JPN	NODE_0513	JPN__SAMD00892053	JPN	1.1163124757906928e-08	0.9999999888368752	1.0	AUS	0.20186824942032255	1	0	0	1	2025-02-03	2025-02-03	0	0	0	0	False	True	False	False
NODE_0513->JPN__SAMD01697899:JPN	NODE_0513	JPN__SAMD01697899	JPN	1.1163124757906928e-08	0.9999999888368752	1.0	AUS	0.20186824942032255	1	0	0	1	2025-05-01	2025-05-01	0	0	0	0	False	True	False	False
NODE_0518->JPN__SAMD00892035:JPN	NODE_0518	JPN__SAMD00892035	JPN	5.058176100192213e-13	0.9999999999994942	1.0	AUS	0.2018682494203231	1	0	0	1	2025-01-06	2025-01-06	0	0	0	0	False	True	False	False
NODE_0518->NODE_0519:JPN	NODE_0518	NODE_0519	JPN	5.058176100189637e-13	0.9999999999994942	0.9999999999994909	AUS	0.2018682494203231	6	0	0	6	2025-01-25	2025-05-26	0	0	0	121	False	True	False	False
NODE_0654->NODE_0655:BEL	NODE_0654	NODE_0655	BEL	9.61154376781423e-10	0.9999999990388456	0.9999999984102076	AUS	0.2044941276850589	13	0	1	12	2022-11-14	2023-12-31	0	0	0	412	False	False	False	False
NODE_0654->BEL__SAMEA117989597:BEL	NODE_0654	BEL__SAMEA117989597	BEL	9.61154378309459e-10	0.9999999990388456	1.0	AUS	0.2044941276850589	1	0	0	1	2023-11-26	2023-11-26	0	0	0	0	False	True	False	False
NODE_0291->BEL__SAMEA117989540:BEL	NODE_0291	BEL__SAMEA117989540	BEL	1.5962899890809013e-09	0.99999999840371	1.0	AUS	0.20048246535451605	1	0	0	1	2023-06-12	2023-06-12	0	0	0	0	False	True	False	False
NODE_0291->BEL__SAMEA117989578:BEL	NODE_0291	BEL__SAMEA117989578	BEL	1.5962899890809013e-09	0.99999999840371	1.0	AUS	0.20048246535451605	1	0	0	1	2023-10-08	2023-10-08	0	0	0	0	False	True	False	False
NODE_0369->NODE_0370:CHN	NODE_0369	NODE_0370	CHN	4.0908177988435497e-07	0.999999590918217	0.9999999923745044	JPN	0.9981569451161789	16	0	9	7	2022-03-15	2024-12-31	0	0	0	1022	False	False	False	False
NODE_0369->NODE_0370:JPN	NODE_0369	NODE_0370	JPN	7.459002939599302e-09	4.083278229862099e-07	7.459005985318978e-09	CHN	0.9999999992460396	4	0	0	4	2025-01-15	2025-02-25	0	0	0	41	False	True	False	False
NODE_0369->NODE_0389:CHN	NODE_0369	NODE_0389	CHN	4.090817753618932e-07	0.999999590918217	0.9999999813193514	JPN	0.9981569451161789	3	0	0	3	2023-10-20	2024-12-31	0	0	0	438	False	True	False	False
NODE_0433->NODE_0434:CHN	NODE_0433	NODE_0434	CHN	1.2593681652310067e-10	0.9999999998740632	0.9999999999394584	AUS	0.1973804595400427	26	0	4	22	2022-01-01	2024-12-31	0	0	0	1095	False	False	False	False
NODE_0433->NODE_0434:JPN	NODE_0433	NODE_0434	JPN	1.097598924996941e-11	2.2827866769313428e-11	1.0975989250219967e-11	CHN	0.9999999998968909	1	0	0	1	2024-09-12	2024-09-12	0	0	0	0	False	True	False	False
NODE_0433->NODE_0460:CHN	NODE_0433	NODE_0460	CHN	1.2593334556544294e-10	0.9999999998740632	0.9999724388357768	AUS	0.1973804595400427	2	0	0	2	2023-01-01	2023-12-31	0	0	0	364	False	True	False	False
NODE_0461->CHN__SAMN44584104:CHN	NODE_0461	CHN__SAMN44584104	CHN	8.365179031022407e-06	0.999991634820969	1.0	AUS	0.19738050703118046	1	0	0	1	2024-05-30	2024-05-30	0	0	0	0	False	True	False	False
NODE_0461->CHN__SAMN44590242:CHN	NODE_0461	CHN__SAMN44590242	CHN	8.365179031022407e-06	0.999991634820969	1.0	AUS	0.19738050703118046	1	0	0	1	2024-06-19	2024-06-19	0	0	0	0	False	True	False	False
NODE_0489->NODE_0490:CHN	NODE_0489	NODE_0490	CHN	9.619135749111049e-08	0.9999999038086425	0.999999999430359	JPN	0.979054581175762	5	0	2	3	2021-01-01	2024-08-27	0	0	0	1334	False	False	False	False
NODE_0489->NODE_0490:JPN	NODE_0489	NODE_0490	JPN	5.688235706378025e-10	9.417658926533139e-08	5.688236242076713e-10	CHN	0.9999999979852315	4	0	0	4	2024-12-09	2025-07-31	0	0	0	234	False	True	False	False
NODE_0489->CHN__SAMN42391136:CHN	NODE_0489	CHN__SAMN42391136	CHN	9.619135754590502e-08	0.9999999038086425	1.0	JPN	0.979054581175762	1	0	0	1	2023-08-17	2023-08-17	0	0	0	0	False	True	False	False
NODE_0519->JPN__SAMD00892042:JPN	NODE_0519	JPN__SAMD00892042	JPN	5.091482790930968e-13	0.9999999999994909	1.0	AUS	0.20186824942032314	1	0	0	1	2025-01-25	2025-01-25	0	0	0	0	False	True	False	False
NODE_0519->NODE_0520:JPN	NODE_0519	NODE_0520	JPN	5.091482790543223e-13	0.9999999999994909	0.9999999999238444	AUS	0.20186824942032314	5	0	0	5	2025-01-30	2025-05-26	0	0	0	116	False	True	False	False
NODE_0655->NODE_0656:BEL	NODE_0655	NODE_0656	BEL	1.589792408667185e-09	0.9999999984102076	0.9999999998980384	AUS	0.20449447268216267	12	0	1	11	2022-11-14	2023-12-31	0	0	0	412	False	False	False	False
NODE_0655->BEL__SAMEA117989552:BEL	NODE_0655	BEL__SAMEA117989552	BEL	1.5897924088292825e-09	0.9999999984102076	1.0	AUS	0.20449447268216267	1	0	0	1	2023-07-30	2023-07-30	0	0	0	0	False	True	False	False
NODE_0370->NODE_0371:CHN	NODE_0370	NODE_0371	CHN	7.625495567520607e-09	0.9999999923745044	0.9999999998952068	JPN	0.9781667279934901	15	0	8	7	2022-03-15	2024-12-31	0	0	0	1022	False	False	False	False
NODE_0370->NODE_0371:JPN	NODE_0370	NODE_0371	JPN	5.5051172889251436e-11	7.459005985318978e-09	5.5051173299878464e-11	CHN	0.9999999998335104	4	0	0	4	2025-01-15	2025-02-25	0	0	0	41	False	True	False	False
NODE_0370->CHN__SAMN42391132:CHN	NODE_0370	CHN__SAMN42391132	CHN	7.625495568319707e-09	0.9999999923745044	1.0	JPN	0.9781667279934901	1	0	1	0	2022-08-07	2022-08-07	0	0	0	0	False	False	False	False
NODE_0389->CHN__SAMN42391141:CHN	NODE_0389	CHN__SAMN42391141	CHN	1.8680648583568882e-08	0.9999999813193514	1.0	AUS	0.19702043669989297	1	0	0	1	2023-10-20	2023-10-20	0	0	0	0	False	True	False	False
NODE_0389->NODE_0390:CHN	NODE_0389	NODE_0390	CHN	1.8680648563335263e-08	0.9999999813193514	0.9999999989168674	AUS	0.19702043669989297	2	0	0	2	2023-10-30	2024-12-31	0	0	0	428	False	True	False	False
NODE_0434->NODE_0435:CHN	NODE_0434	NODE_0435	CHN	6.05415695012827e-11	0.9999999999394584	0.9999999627602713	AUS	0.1973725368822962	11	0	4	7	2022-01-01	2024-07-04	0	0	0	915	False	False	False	False
NODE_0434->NODE_0445:CHN	NODE_0434	NODE_0445	CHN	6.054157175141521e-11	0.9999999999394584	0.9999999999270056	AUS	0.1973725368822962	15	0	0	15	2023-04-23	2024-12-31	0	0	0	618	False	True	False	False
NODE_0434->NODE_0445:JPN	NODE_0434	NODE_0445	JPN	1.3565433338726026e-11	1.0975989250219967e-11	1.356543333887492e-11	CHN	0.9999999999504345	1	0	0	1	2024-09-12	2024-09-12	0	0	0	0	False	True	False	False
NODE_0460->CHN__SAMN44583819:CHN	NODE_0460	CHN__SAMN44583819	CHN	2.7561164223199874e-05	0.9999724388357768	1.0	AUS	0.1973805070311745	1	0	0	1	2023-04-06	2023-04-06	0	0	0	0	False	True	False	False
NODE_0460->CHN__SAMN50152051:CHN	NODE_0460	CHN__SAMN50152051	CHN	2.7561164223199874e-05	0.9999724388357768	1.0	AUS	0.1973805070311745	1	0	0	1	2023-01-01	2023-12-31	0	0	0	364	False	True	False	False
NODE_0490->NODE_0491:CHN	NODE_0490	NODE_0491	CHN	5.696408433458812e-10	0.999999999430359	0.9999997231765864	JPN	0.9985648921108137	4	0	2	2	2021-01-01	2024-08-27	0	0	0	1334	False	False	False	False
NODE_0490->NODE_0491:JPN	NODE_0490	NODE_0491	JPN	2.686546837321482e-07	5.688236242076713e-10	2.686546838849653e-07	CHN	0.9999999999991825	4	0	0	4	2024-12-09	2025-07-31	0	0	0	234	False	True	False	False
NODE_0490->CHN__SAMN44583837:CHN	NODE_0490	CHN__SAMN44583837	CHN	5.696410010358477e-10	0.999999999430359	1.0	JPN	0.9985648921108137	1	0	0	1	2024-01-25	2024-01-25	0	0	0	0	False	True	False	False
NODE_0520->NODE_0521:JPN	NODE_0520	NODE_0521	JPN	7.615563733926945e-11	0.9999999999238444	0.9999999998346716	AUS	0.2018682494203231	4	0	0	4	2025-02-03	2025-05-26	0	0	0	112	False	True	False	False
NODE_0520->JPN__SAMD00892048:JPN	NODE_0520	JPN__SAMD00892048	JPN	7.615563735186015e-11	0.9999999999238444	1.0	AUS	0.2018682494203231	1	0	0	1	2025-01-30	2025-01-30	0	0	0	0	False	True	False	False
NODE_0656->NODE_0657:BEL	NODE_0656	NODE_0657	BEL	1.0196155025575778e-10	0.9999999998980384	0.9999999994293236	AUS	0.20449449479882814	10	0	1	9	2022-11-14	2023-12-31	0	0	0	412	False	False	False	False
NODE_0656->NODE_0666:BEL	NODE_0656	NODE_0666	BEL	1.0196152780400565e-10	0.9999999998980384	0.9999997792311012	AUS	0.20449449479882814	2	0	0	2	2023-05-08	2023-08-28	0	0	0	112	False	True	False	False
NODE_0371->NODE_0372:CHN	NODE_0371	NODE_0372	CHN	1.0479317413146249e-10	0.9999999998952068	0.9999999999352172	JPN	0.5253333182356554	14	0	7	7	2022-03-15	2024-12-31	0	0	0	1022	False	False	False	False
NODE_0371->NODE_0372:JPN	NODE_0371	NODE_0372	JPN	1.1973041095605958e-11	5.5051173299878464e-11	1.1973041096265088e-11	CHN	0.9999999999502585	4	0	0	4	2025-01-15	2025-02-25	0	0	0	41	False	True	False	False
NODE_0371->CHN__SAMN42391121:CHN	NODE_0371	CHN__SAMN42391121	CHN	1.0479317413825129e-10	0.9999999998952068	1.0	JPN	0.5253333182356554	1	0	1	0	2022-03-29	2022-03-29	0	0	0	0	False	False	False	False
NODE_0390->CHN__SAMN42391143:CHN	NODE_0390	CHN__SAMN42391143	CHN	1.0831325836235806e-09	0.9999999989168674	1.0	AUS	0.19714893388693788	1	0	0	1	2023-10-30	2023-10-30	0	0	0	0	False	True	False	False
NODE_0390->CHN__SAMN50152092:CHN	NODE_0390	CHN__SAMN50152092	CHN	1.0831325836235806e-09	0.9999999989168674	1.0	AUS	0.19714893388693788	1	0	0	1	2024-01-01	2024-12-31	0	0	0	365	False	True	False	False
NODE_0435->NODE_0436:CHN	NODE_0435	NODE_0436	CHN	3.72397287450686e-08	0.9999999627602713	0.999999999998028	AUS	0.19738050702902665	10	0	3	7	2022-01-01	2024-07-04	0	0	0	915	False	False	False	False
NODE_0435->CHN__SAMN50152036:CHN	NODE_0435	CHN__SAMN50152036	CHN	3.723972874514203e-08	0.9999999627602713	1.0	AUS	0.19738050702902665	1	0	1	0	2022-01-01	2022-12-31	0	0	0	364	False	False	False	False
NODE_0445->NODE_0446:CHN	NODE_0445	NODE_0446	CHN	7.299273334694547e-11	0.9999999999270056	0.999977327509206	AUS	0.19627686769336353	3	0	0	3	2023-08-27	2024-04-23	0	0	0	240	False	True	False	False
NODE_0445->NODE_0448:CHN	NODE_0445	NODE_0448	CHN	7.299438823383911e-11	0.9999999999270056	0.9999999989354884	AUS	0.19627686769336353	12	0	0	12	2023-04-23	2024-12-31	0	0	0	618	False	True	False	False
NODE_0445->NODE_0448:JPN	NODE_0445	NODE_0448	JPN	2.4379664316678767e-10	1.356543333887492e-11	2.437966431700949e-10	CHN	0.9999999999405709	1	0	0	1	2024-09-12	2024-09-12	0	0	0	0	False	True	False	False
NODE_0491->NODE_0492:CHN	NODE_0491	NODE_0492	CHN	2.768234135085027e-07	0.9999997231765864	0.9999999995382388	JPN	0.970491189223439	4	0	2	2	2021-01-01	2024-08-27	0	0	0	1334	False	False	False	False
NODE_0491->NODE_0492:JPN	NODE_0491	NODE_0492	JPN	4.5747391305469716e-10	2.686546838849653e-07	4.574740359572397e-10	CHN	0.9999999918312681	3	0	0	3	2024-12-09	2025-05-19	0	0	0	161	False	True	False	False
NODE_0491->JPN__SAMD01797763:JPN	NODE_0491	JPN__SAMD01797763	JPN	0.9999997313453162	2.686546838849653e-07	1.0	CHN	0.9999999918312681	1	0	0	1	2025-07-01	2025-07-31	1	1	1	30	True	True	True	False
NODE_0521->NODE_0522:JPN	NODE_0521	NODE_0522	JPN	1.6532841748522458e-10	0.9999999998346716	0.9999999991675916	AUS	0.20186824942032314	3	0	0	3	2025-02-03	2025-05-26	0	0	0	112	False	True	False	False
NODE_0521->JPN__SAMD00892047:JPN	NODE_0521	JPN__SAMD00892047	JPN	1.6532841762284534e-10	0.9999999998346716	1.0	AUS	0.20186824942032314	1	0	0	1	2025-02-07	2025-02-07	0	0	0	0	False	True	False	False
NODE_0657->NODE_0658:BEL	NODE_0657	NODE_0658	BEL	5.70676394977821e-10	0.9999999994293236	0.9999999999109966	AUS	0.20449449774813616	9	0	1	8	2022-11-14	2023-12-31	0	0	0	412	False	False	False	False
NODE_0657->BEL__SAMEA117989604:BEL	NODE_0657	BEL__SAMEA117989604	BEL	5.706763950286131e-10	0.9999999994293236	1.0	AUS	0.20449449774813616	1	0	0	1	2023-12-11	2023-12-11	0	0	0	0	False	True	False	False
NODE_0666->BEL__SAMEA117989533:BEL	NODE_0666	BEL__SAMEA117989533	BEL	2.2076889882871598e-07	0.9999997792311012	1.0	AUS	0.2044944977725831	1	0	0	1	2023-05-08	2023-05-08	0	0	0	0	False	True	False	False
NODE_0666->BEL__SAMEA117989560:BEL	NODE_0666	BEL__SAMEA117989560	BEL	2.2076889882871598e-07	0.9999997792311012	1.0	AUS	0.2044944977725831	1	0	0	1	2023-08-28	2023-08-28	0	0	0	0	False	True	False	False
NODE_0372->NODE_0373:CHN	NODE_0372	NODE_0373	CHN	6.478284569966044e-11	0.9999999999352172	0.9999999991533716	AUS	0.19652789290937323	13	0	6	7	2022-03-15	2024-12-31	0	0	0	1022	False	False	False	False
NODE_0372->NODE_0373:JPN	NODE_0372	NODE_0373	JPN	1.5348139709892022e-10	1.1973041096265088e-11	1.5348139710075788e-10	CHN	0.9999999999471904	4	0	0	4	2025-01-15	2025-02-25	0	0	0	41	False	True	False	False
NODE_0372->CHN__SAMN42391131:CHN	NODE_0372	CHN__SAMN42391131	CHN	6.478284575450743e-11	0.9999999999352172	1.0	AUS	0.19652789290937323	1	0	1	0	2022-06-14	2022-06-14	0	0	0	0	False	False	False	False
NODE_0436->NODE_0437:CHN	NODE_0436	NODE_0437	CHN	1.971978135435172e-12	0.999999999998028	0.9999999995415614	AUS	0.1973805070294825	9	0	2	7	2022-01-01	2024-07-04	0	0	0	915	False	False	False	False
NODE_0436->CHN__SAMN42391116:CHN	NODE_0436	CHN__SAMN42391116	CHN	1.971978136339203e-12	0.999999999998028	1.0	AUS	0.1973805070294825	1	0	1	0	2022-02-24	2022-02-24	0	0	0	0	False	False	False	False
NODE_0446->NODE_0447:CHN	NODE_0446	NODE_0447	CHN	2.2672490792522667e-05	0.999977327509206	0.999999999934051	AUS	0.19738050670587587	2	0	0	2	2023-08-27	2023-08-30	0	0	0	3	False	True	False	False
NODE_0446->CHN__SAMN43024013:CHN	NODE_0446	CHN__SAMN43024013	CHN	2.2672490794017897e-05	0.999977327509206	1.0	AUS	0.19738050670587587	1	0	0	1	2024-04-23	2024-04-23	0	0	0	0	False	True	False	False
NODE_0448->NODE_0449:CHN	NODE_0448	NODE_0449	CHN	1.0645115887275426e-09	0.9999999989354884	0.9999999988162482	JPN	0.2290221098424449	10	0	0	10	2023-04-23	2024-12-31	0	0	0	618	False	True	False	False
NODE_0448->NODE_0449:JPN	NODE_0448	NODE_0449	JPN	7.933688685675324e-10	2.437966431700949e-10	7.933688687609531e-10	CHN	0.9999999991792852	1	0	0	1	2024-09-12	2024-09-12	0	0	0	0	False	True	False	False
NODE_0448->NODE_0459:CHN	NODE_0448	NODE_0459	CHN	1.0529898665103317e-09	0.9999999989354884	0.9891765166432224	JPN	0.2290221098424449	2	0	0	2	2024-04-22	2024-05-31	0	0	0	39	False	True	False	False
NODE_0492->CHN__SAMN50151991:CHN	NODE_0492	CHN__SAMN50151991	CHN	4.6176118484453355e-10	0.9999999995382388	1.0	JPN	0.9907156743266539	1	0	1	0	2021-01-01	2021-12-31	0	0	0	364	False	False	False	False
NODE_0492->NODE_0493:CHN	NODE_0492	NODE_0493	CHN	4.6176112912625556e-10	0.9999999995382388	0.9999998793352932	JPN	0.9907156743266539	3	0	1	2	2022-01-01	2024-08-27	0	0	0	969	False	False	False	False
NODE_0492->NODE_0493:JPN	NODE_0492	NODE_0493	JPN	7.53516755352316e-08	4.574740359572397e-10	7.535167556970303e-08	CHN	0.9999999999957129	3	0	0	3	2024-12-09	2025-05-19	0	0	0	161	False	True	False	False
NODE_0522->NODE_0523:JPN	NODE_0522	NODE_0523	JPN	8.324083548162657e-10	0.9999999991675916	0.9999999884152304	AUS	0.2018682494203231	2	0	0	2	2025-02-03	2025-02-06	0	0	0	3	False	True	False	False
NODE_0522->JPN__SAMD01697906:JPN	NODE_0522	JPN__SAMD01697906	JPN	8.324083644595248e-10	0.9999999991675916	1.0	AUS	0.2018682494203231	1	0	0	1	2025-05-26	2025-05-26	0	0	0	0	False	True	False	False
NODE_0658->BEL__SAMEA117989526:BEL	NODE_0658	BEL__SAMEA117989526	BEL	8.900336023742739e-11	0.9999999999109966	1.0	AUS	0.20449449777145942	1	0	1	0	2022-11-14	2022-11-14	0	0	0	0	False	False	False	False
NODE_0658->NODE_0659:BEL	NODE_0658	NODE_0659	BEL	8.900336023737573e-11	0.9999999999109966	0.9999999999994196	AUS	0.20449449777145942	8	0	0	8	2023-06-01	2023-12-31	0	0	0	213	False	True	False	False
NODE_0373->NODE_0374:CHN	NODE_0373	NODE_0374	CHN	8.466284340254021e-10	0.9999999991533716	0.9999999999994932	AUS	0.19737533884240205	12	0	6	6	2022-03-15	2024-12-31	0	0	0	1022	False	False	False	False
NODE_0373->NODE_0374:JPN	NODE_0373	NODE_0374	JPN	9.600522328671851e-14	1.5348139710075788e-10	9.600522330145353e-14	CHN	0.9999999993068532	4	0	0	4	2025-01-15	2025-02-25	0	0	0	41	False	True	False	False
NODE_0373->CHN__SAMN40924133:CHN	NODE_0373	CHN__SAMN40924133	CHN	8.466284340258312e-10	0.9999999991533716	1.0	AUS	0.19737533884240205	1	0	0	1	2024-01-01	2024-12-31	0	0	0	365	False	True	False	False
NODE_0437->CHN__SAMN39683369:CHN	NODE_0437	CHN__SAMN39683369	CHN	4.5843862039873784e-10	0.9999999995415614	1.0	AUS	0.19738050703118096	1	0	1	0	2022-01-01	2022-12-31	0	0	0	364	False	False	False	False
NODE_0437->NODE_0438:CHN	NODE_0437	NODE_0438	CHN	4.584386203724427e-10	0.9999999995415614	0.999999999942642	AUS	0.19738050703118096	8	0	1	7	2022-01-01	2024-07-04	0	0	0	915	False	False	False	False
NODE_0447->CHN__SAMN42391137:CHN	NODE_0447	CHN__SAMN42391137	CHN	6.59490240195737e-11	0.999999999934051	1.0	AUS	0.19738050700141116	1	0	0	1	2023-08-27	2023-08-27	0	0	0	0	False	True	False	False
NODE_0447->CHN__SAMN42391138:CHN	NODE_0447	CHN__SAMN42391138	CHN	6.59490240195737e-11	0.999999999934051	1.0	AUS	0.19738050700141116	1	0	0	1	2023-08-30	2023-08-30	0	0	0	0	False	True	False	False
NODE_0449->NODE_0450:CHN	NODE_0449	NODE_0450	CHN	1.1837517181420508e-09	0.9999999988162482	0.999999961870046	JPN	0.6702155994068404	6	0	0	6	2023-04-23	2024-12-31	0	0	0	618	False	True	False	False
NODE_0449->NODE_0455:CHN	NODE_0449	NODE_0455	CHN	1.1830246200308977e-09	0.9999999988162482	0.9993857299561358	JPN	0.6702155994068404	4	0	0	4	2024-01-01	2024-12-31	0	0	0	365	False	True	False	False
NODE_0449->NODE_0455:JPN	NODE_0449	NODE_0455	JPN	0.00053231219532068	7.933688687609531e-10	0.000532312195743	CHN	0.9999999996096172	1	0	0	1	2024-09-12	2024-09-12	0	0	0	0	False	True	False	False
NODE_0459->CHN__SAMN43024012:CHN	NODE_0459	CHN__SAMN43024012	CHN	0.01082348335677763	0.9891765166432224	1.0	AUS	0.19738050638458757	1	0	0	1	2024-04-22	2024-04-22	0	0	0	0	False	True	False	False
NODE_0459->CHN__SAMN43024032:CHN	NODE_0459	CHN__SAMN43024032	CHN	0.01082348335677763	0.9891765166432224	1.0	AUS	0.19738050638458757	1	0	0	1	2024-05-01	2024-05-31	0	0	0	30	False	True	False	False
NODE_0493->NODE_0494:CHN	NODE_0493	NODE_0494	CHN	1.2042694201276457e-07	0.9999998793352932	0.9980295417315032	JPN	0.6244715420043218	2	0	1	1	2022-01-01	2024-08-27	0	0	0	969	False	False	False	False
NODE_0493->NODE_0494:JPN	NODE_0493	NODE_0494	JPN	0.0017048484912506998	7.535167556970303e-08	0.0017048486197139	CHN	0.9999999546869652	3	0	0	3	2024-12-09	2025-05-19	0	0	0	161	False	True	False	False
NODE_0493->CHN__SAMN44584012:CHN	NODE_0493	CHN__SAMN44584012	CHN	1.2066470678195884e-07	0.9999998793352932	1.0	JPN	0.6244715420043218	1	0	0	1	2024-04-10	2024-04-10	0	0	0	0	False	True	False	False
NODE_0523->JPN__SAMD00892045:JPN	NODE_0523	JPN__SAMD00892045	JPN	1.1584769588068866e-08	0.9999999884152304	1.0	AUS	0.2018682494203225	1	0	0	1	2025-02-03	2025-02-03	0	0	0	0	False	True	False	False
NODE_0523->JPN__SAMD00892049:JPN	NODE_0523	JPN__SAMD00892049	JPN	1.1584769588068866e-08	0.9999999884152304	1.0	AUS	0.2018682494203225	1	0	0	1	2025-02-06	2025-02-06	0	0	0	0	False	True	False	False
NODE_0659->BEL__SAMEA117989537:BEL	NODE_0659	BEL__SAMEA117989537	BEL	5.804245972740318e-13	0.9999999999994196	1.0	AUS	0.2044944977725768	1	0	0	1	2023-06-01	2023-06-01	0	0	0	0	False	True	False	False
NODE_0659->NODE_0660:BEL	NODE_0659	NODE_0660	BEL	5.804245972139984e-13	0.9999999999994196	0.9999999998965698	AUS	0.2044944977725768	7	0	0	7	2023-06-07	2023-12-31	0	0	0	207	False	True	False	False
NODE_0374->NODE_0375:CHN	NODE_0374	NODE_0375	CHN	5.068168098666864e-13	0.9999999999994932	0.9999999982741348	AUS	0.1954149279989939	11	0	5	6	2022-03-15	2024-12-31	0	0	0	1022	False	False	False	False
NODE_0374->NODE_0375:JPN	NODE_0374	NODE_0375	JPN	4.0822037631825197e-10	9.600522330145353e-14	4.0822037631829116e-10	CHN	0.9999999999995891	4	0	0	4	2025-01-15	2025-02-25	0	0	0	41	False	True	False	False
NODE_0374->CHN__SAMN42391119:CHN	NODE_0374	CHN__SAMN42391119	CHN	5.06816810741384e-13	0.9999999999994932	1.0	AUS	0.1954149279989939	1	0	1	0	2022-03-25	2022-03-25	0	0	0	0	False	False	False	False
NODE_0438->NODE_0439:CHN	NODE_0438	NODE_0439	CHN	5.7357998857090944e-11	0.999999999942642	0.9999998539762583	AUS	0.19738050703118123	3	0	1	2	2022-01-01	2024-07-04	0	0	0	915	False	False	False	False
NODE_0438->NODE_0441:CHN	NODE_0438	NODE_0441	CHN	5.735800275146643e-11	0.999999999942642	0.9999999218721926	AUS	0.19738050703118123	5	0	0	5	2023-01-01	2024-02-02	0	0	0	397	False	True	False	False
NODE_0450->NODE_0451:CHN	NODE_0450	NODE_0451	CHN	3.812995355692702e-08	0.999999961870046	0.9999999891139828	AUS	0.1944954032865174	5	0	0	5	2023-04-23	2024-06-27	0	0	0	431	False	True	False	False
NODE_0450->CHN__SAMN50152080:CHN	NODE_0450	CHN__SAMN50152080	CHN	3.8129953972010355e-08	0.999999961870046	1.0	AUS	0.1944954032865174	1	0	0	1	2024-01-01	2024-12-31	0	0	0	365	False	True	False	False
NODE_0455->NODE_0456:CHN	NODE_0455	NODE_0456	CHN	0.0006120016178290689	0.9993857299561358	0.9963071192258968	JPN	0.8665768436218226	3	0	0	3	2024-01-01	2024-12-31	0	0	0	365	False	True	False	False
NODE_0455->NODE_0456:JPN	NODE_0455	NODE_0456	JPN	0.003474943587189235	0.000532312195743	0.0034767943272117	CHN	0.9999179985014813	1	0	0	1	2024-09-12	2024-09-12	0	0	0	0	False	True	False	False
NODE_0455->CHN__SAMN43024015:CHN	NODE_0455	CHN__SAMN43024015	CHN	0.0006142700438641624	0.9993857299561358	1.0	JPN	0.8665768436218226	1	0	0	1	2024-04-20	2024-04-20	0	0	0	0	False	True	False	False
NODE_0494->NODE_0495:CHN	NODE_0494	NODE_0495	CHN	0.001965921634467836	0.9980295417315032	0.9976976756617796	JPN	0.8652041238175431	1	0	1	0	2022-01-01	2022-12-31	0	0	0	364	False	False	False	False
NODE_0494->NODE_0495:JPN	NODE_0494	NODE_0495	JPN	0.0019897639319215654	0.0017048486197139	0.0019931619713573	CHN	0.9997339367536587	3	0	0	3	2024-12-09	2025-05-19	0	0	0	161	False	True	False	False
NODE_0494->CHN__SAMN44590307:CHN	NODE_0494	CHN__SAMN44590307	CHN	0.001970458268496844	0.9980295417315032	1.0	JPN	0.8652041238175431	1	0	0	1	2024-08-27	2024-08-27	0	0	0	0	False	True	False	False
NODE_0660->NODE_0661:BEL	NODE_0660	NODE_0661	BEL	1.0343015332206983e-10	0.9999999998965698	0.9999999999144432	AUS	0.20449449777258555	4	0	0	4	2023-06-07	2023-10-05	0	0	0	120	False	True	False	False
NODE_0660->NODE_0664:BEL	NODE_0660	NODE_0664	BEL	1.0342481883118133e-10	0.9999999998965698	0.999948424133912	AUS	0.20449449777258555	3	0	0	3	2023-12-31	2023-12-31	0	0	0	0	False	True	False	False
NODE_0375->NODE_0376:CHN	NODE_0375	NODE_0376	CHN	1.7258652264975345e-09	0.9999999982741348	0.9999999988351388	JPN	0.23653084774322133	10	0	5	5	2022-03-15	2024-07-01	0	0	0	839	False	False	False	False
NODE_0375->NODE_0376:JPN	NODE_0375	NODE_0376	JPN	9.134629813068242e-10	4.0822037631829116e-10	9.134629816797183e-10	CHN	0.9999999986823551	4	0	0	4	2025-01-15	2025-02-25	0	0	0	41	False	True	False	False
NODE_0375->CHN__SAMN50152101:CHN	NODE_0375	CHN__SAMN50152101	CHN	1.7258652285079279e-09	0.9999999982741348	1.0	JPN	0.23653084774322133	1	0	0	1	2024-01-01	2024-12-31	0	0	0	365	False	True	False	False
NODE_0439->CHN__SAMN50152021:CHN	NODE_0439	CHN__SAMN50152021	CHN	1.460237416539556e-07	0.9999998539762583	1.0	AUS	0.1973805070311807	1	0	1	0	2022-01-01	2022-12-31	0	0	0	364	False	False	False	False
NODE_0439->NODE_0440:CHN	NODE_0439	NODE_0440	CHN	1.4602373476330363e-07	0.9999998539762583	0.9999999528114272	AUS	0.1973805070311807	2	0	0	2	2024-01-31	2024-07-04	0	0	0	155	False	True	False	False
NODE_0441->NODE_0442:CHN	NODE_0441	NODE_0442	CHN	7.812562864924375e-08	0.9999999218721926	0.9999721124067372	AUS	0.1973805070311808	4	0	0	4	2023-01-01	2024-01-30	0	0	0	394	False	True	False	False
NODE_0441->CHN__SAMN44583843:CHN	NODE_0441	CHN__SAMN44583843	CHN	7.812780744576031e-08	0.9999999218721926	1.0	AUS	0.1973805070311808	1	0	0	1	2024-02-02	2024-02-02	0	0	0	0	False	True	False	False
NODE_0451->NODE_0452:CHN	NODE_0451	NODE_0452	CHN	1.0886017152630139e-08	0.9999999891139828	0.9999999957601076	AUS	0.1973800160039139	4	0	0	4	2023-04-23	2024-06-27	0	0	0	431	False	True	False	False
NODE_0451->CHN__SAMN44583840:CHN	NODE_0451	CHN__SAMN44583840	CHN	1.088601719878568e-08	0.9999999891139828	1.0	AUS	0.1973800160039139	1	0	0	1	2024-01-31	2024-01-31	0	0	0	0	False	True	False	False
NODE_0456->NODE_0457:CHN	NODE_0456	NODE_0457	CHN	0.0036928211750492696	0.9963071192258968	0.9999838610944648	JPN	0.9414856692892039	3	0	0	3	2024-01-01	2024-12-31	0	0	0	365	False	True	False	False
NODE_0456->JPN__SAMD01593369:JPN	NODE_0456	JPN__SAMD01593369	JPN	0.9965232056727883	0.0034767943272117	1.0	CHN	0.9997831596437882	1	0	0	1	2024-09-12	2024-09-12	1	1	1	0	True	True	True	False
NODE_0495->CHN__SAMN45156021:CHN	NODE_0495	CHN__SAMN45156021	CHN	0.0023023243382204184	0.9976976756617796	1.0	JPN	0.8657172832989665	1	0	1	0	2022-01-01	2022-12-31	0	0	0	364	False	False	False	False
NODE_0495->NODE_0496:JPN	NODE_0495	NODE_0496	JPN	0.997974066217508	0.0019931619713573	0.9999671627388852	CHN	0.9996902201918036	3	0	0	3	2024-12-09	2025-05-19	3	3	1	161	True	True	True	False
NODE_0661->NODE_0662:BEL	NODE_0661	NODE_0662	BEL	8.555678387973111e-11	0.9999999999144432	0.9999999999994164	AUS	0.20449449777258558	3	0	0	3	2023-06-07	2023-10-05	0	0	0	120	False	True	False	False
NODE_0661->BEL__SAMEA117989562:BEL	NODE_0661	BEL__SAMEA117989562	BEL	8.555678387978105e-11	0.9999999999144432	1.0	AUS	0.20449449777258558	1	0	0	1	2023-08-26	2023-08-26	0	0	0	0	False	True	False	False
NODE_0664->BEL__SAMEA117989614:BEL	NODE_0664	BEL__SAMEA117989614	BEL	5.157586608794951e-05	0.999948424133912	1.0	AUS	0.204494497772585	1	0	0	1	2023-12-31	2023-12-31	0	0	0	0	False	True	False	False
NODE_0664->NODE_0665:BEL	NODE_0664	NODE_0665	BEL	5.157302571298696e-05	0.999948424133912	0.9999449282158888	AUS	0.204494497772585	2	0	0	2	2023-12-31	2023-12-31	0	0	0	0	False	True	False	False
NODE_0376->NODE_0377:CHN	NODE_0376	NODE_0377	CHN	1.1648611610497617e-09	0.9999999988351388	0.9999999601305378	JPN	0.7841818937362715	8	0	5	3	2022-03-15	2024-05-16	0	0	0	793	False	False	False	False
NODE_0376->NODE_0377:JPN	NODE_0376	NODE_0377	JPN	3.74279725465361e-08	9.134629816797183e-10	3.742797258072517e-08	CHN	0.9999999997486019	4	0	0	4	2025-01-15	2025-02-25	0	0	0	41	False	True	False	False
NODE_0376->NODE_0388:CHN	NODE_0376	NODE_0388	CHN	1.1648611474028938e-09	0.9999999988351388	0.9999999484150924	JPN	0.7841818937362715	2	0	0	2	2023-11-14	2024-07-01	0	0	0	230	False	True	False	False
NODE_0440->CHN__SAMN44583863:CHN	NODE_0440	CHN__SAMN44583863	CHN	4.7188572827039366e-08	0.9999999528114272	1.0	AUS	0.19738050703118076	1	0	0	1	2024-01-31	2024-01-31	0	0	0	0	False	True	False	False
NODE_0440->CHN__SAMN44590268:CHN	NODE_0440	CHN__SAMN44590268	CHN	4.7188572827039366e-08	0.9999999528114272	1.0	AUS	0.19738050703118076	1	0	0	1	2024-07-04	2024-07-04	0	0	0	0	False	True	False	False
NODE_0442->NODE_0443:CHN	NODE_0442	NODE_0443	CHN	2.78875234152752e-05	0.9999721124067372	0.9999974953915672	AUS	0.19738050703118065	3	0	0	3	2023-03-27	2024-01-30	0	0	0	309	False	True	False	False
NODE_0442->CHN__SAMN50152049:CHN	NODE_0442	CHN__SAMN50152049	CHN	2.7887593262776456e-05	0.9999721124067372	1.0	AUS	0.19738050703118065	1	0	0	1	2023-01-01	2023-12-31	0	0	0	364	False	True	False	False
NODE_0452->CHN__SAMN44583820:CHN	NODE_0452	CHN__SAMN44583820	CHN	4.2398924371411795e-09	0.9999999957601076	1.0	AUS	0.1973802756880934	1	0	0	1	2023-04-23	2023-04-23	0	0	0	0	False	True	False	False
NODE_0452->NODE_0453:CHN	NODE_0452	NODE_0453	CHN	4.239892083858551e-09	0.9999999957601076	0.9999999166765116	AUS	0.1973802756880934	3	0	0	3	2023-06-12	2024-06-27	0	0	0	381	False	True	False	False
NODE_0457->NODE_0458:CHN	NODE_0457	NODE_0458	CHN	1.613864798501224e-05	0.9999838610944648	0.999984041657072	JPN	0.8734342700983938	2	0	0	2	2024-01-01	2024-12-31	0	0	0	365	False	True	False	False
NODE_0457->CHN__SAMN44583870:CHN	NODE_0457	CHN__SAMN44583870	CHN	1.6138905535201253e-05	0.9999838610944648	1.0	JPN	0.8734342700983938	1	0	0	1	2024-02-23	2024-02-23	0	0	0	0	False	True	False	False
NODE_0496->NODE_0497:JPN	NODE_0496	NODE_0497	JPN	3.283725239901753e-05	0.9999671627388852	0.9999997345763196	CHN	0.8649620096547824	2	0	0	2	2024-12-09	2025-05-19	0	0	0	161	False	True	False	False
NODE_0496->JPN__SAMD01697902:JPN	NODE_0496	JPN__SAMD01697902	JPN	3.283726111480423e-05	0.9999671627388852	1.0	CHN	0.8649620096547824	1	0	0	1	2025-05-19	2025-05-19	0	0	0	0	False	True	False	False
NODE_0662->BEL__SAMEA117989538:BEL	NODE_0662	BEL__SAMEA117989538	BEL	5.836442440454448e-13	0.9999999999994164	1.0	AUS	0.20449449777258558	1	0	0	1	2023-06-07	2023-06-07	0	0	0	0	False	True	False	False
NODE_0662->NODE_0663:BEL	NODE_0662	NODE_0663	BEL	5.836442439443829e-13	0.9999999999994164	0.9999999998268432	AUS	0.20449449777258558	2	0	0	2	2023-07-28	2023-10-05	0	0	0	69	False	True	False	False
NODE_0665->BEL__SAMEA117989615:BEL	NODE_0665	BEL__SAMEA117989615	BEL	5.507178411123803e-05	0.9999449282158888	1.0	AUS	0.20449449777258497	1	0	0	1	2023-12-31	2023-12-31	0	0	0	0	False	True	False	False
NODE_0665->BEL__SAMEA117989616:BEL	NODE_0665	BEL__SAMEA117989616	BEL	5.507178411123803e-05	0.9999449282158888	1.0	AUS	0.20449449777258497	1	0	0	1	2023-12-31	2023-12-31	0	0	0	0	False	True	False	False
NODE_0377->NODE_0378:CHN	NODE_0377	NODE_0378	CHN	3.986946105883616e-08	0.9999999601305378	0.999999971975538	JPN	0.9387629171635592	5	0	4	1	2022-03-15	2023-10-28	0	0	0	592	False	False	False	False
NODE_0377->NODE_0382:CHN	NODE_0377	NODE_0382	CHN	3.9869199092122104e-08	0.9999999601305378	0.999993401364856	JPN	0.9387629171635592	3	0	1	2	2022-05-25	2024-05-16	0	0	0	722	False	False	False	False
NODE_0377->NODE_0382:JPN	NODE_0377	NODE_0382	JPN	6.203407091246869e-06	3.742797258072517e-08	6.203407323427828e-06	CHN	0.9999999975585104	4	0	0	4	2025-01-15	2025-02-25	0	0	0	41	False	True	False	False
NODE_0388->CHN__SAMN44583831:CHN	NODE_0388	CHN__SAMN44583831	CHN	5.158490756773659e-08	0.9999999484150924	1.0	AUS	0.19738044473213176	1	0	0	1	2023-11-14	2023-11-14	0	0	0	0	False	True	False	False
NODE_0388->CHN__SAMN44590261:CHN	NODE_0388	CHN__SAMN44590261	CHN	5.158490756773659e-08	0.9999999484150924	1.0	AUS	0.19738044473213176	1	0	0	1	2024-07-01	2024-07-01	0	0	0	0	False	True	False	False
NODE_0443->NODE_0444:CHN	NODE_0443	NODE_0444	CHN	2.504605696918699e-06	0.9999974953915672	0.9999989076758804	AUS	0.1973805070311807	2	0	0	2	2023-03-27	2023-03-27	0	0	0	0	False	True	False	False
NODE_0443->CHN__SAMN44583838:CHN	NODE_0443	CHN__SAMN44583838	CHN	2.5046084327629003e-06	0.9999974953915672	1.0	AUS	0.1973805070311807	1	0	0	1	2024-01-30	2024-01-30	0	0	0	0	False	True	False	False
NODE_0453->NODE_0454:CHN	NODE_0453	NODE_0454	CHN	8.331977986134987e-08	0.9999999166765116	0.9999554917703268	AUS	0.19738049657317375	2	0	0	2	2023-06-12	2023-06-12	0	0	0	0	False	True	False	False
NODE_0453->CHN__SAMN44590257:CHN	NODE_0453	CHN__SAMN44590257	CHN	8.332348844231063e-08	0.9999999166765116	1.0	AUS	0.19738049657317375	1	0	0	1	2024-06-27	2024-06-27	0	0	0	0	False	True	False	False
NODE_0458->CHN__SAMN40924154:CHN	NODE_0458	CHN__SAMN40924154	CHN	1.5958342928001912e-05	0.999984041657072	1.0	JPN	0.8596074583860601	1	0	0	1	2024-01-01	2024-12-31	0	0	0	365	False	True	False	False
NODE_0458->CHN__SAMN50152085:CHN	NODE_0458	CHN__SAMN50152085	CHN	1.5958342928001912e-05	0.999984041657072	1.0	JPN	0.8596074583860601	1	0	0	1	2024-01-01	2024-12-31	0	0	0	365	False	True	False	False
NODE_0497->JPN__SAMD00885980:JPN	NODE_0497	JPN__SAMD00885980	JPN	2.6542368036786e-07	0.9999997345763196	1.0	CHN	0.8645505947656097	1	0	0	1	2024-12-09	2024-12-09	0	0	0	0	False	True	False	False
NODE_0497->JPN__SAMD01697901:JPN	NODE_0497	JPN__SAMD01697901	JPN	2.6542368036786e-07	0.9999997345763196	1.0	CHN	0.8645505947656097	1	0	0	1	2025-05-19	2025-05-19	0	0	0	0	False	True	False	False
NODE_0663->BEL__SAMEA117989554:BEL	NODE_0663	BEL__SAMEA117989554	BEL	1.7315682221408224e-10	0.9999999998268432	1.0	AUS	0.20449449777258558	1	0	0	1	2023-07-28	2023-07-28	0	0	0	0	False	True	False	False
NODE_0663->BEL__SAMEA117989577:BEL	NODE_0663	BEL__SAMEA117989577	BEL	1.7315682221408224e-10	0.9999999998268432	1.0	AUS	0.20449449777258558	1	0	0	1	2023-10-05	2023-10-05	0	0	0	0	False	True	False	False
NODE_0378->CHN__SAMN42391103:CHN	NODE_0378	CHN__SAMN42391103	CHN	2.8024461973252812e-08	0.999999971975538	1.0	AUS	0.1973477442528032	1	0	1	0	2022-03-15	2022-03-15	0	0	0	0	False	False	False	False
NODE_0378->NODE_0379:CHN	NODE_0378	NODE_0379	CHN	2.8024461946374753e-08	0.999999971975538	0.9999999990409072	AUS	0.1973477442528032	4	0	3	1	2022-03-16	2023-10-28	0	0	0	591	False	False	False	False
NODE_0382->NODE_0383:CHN	NODE_0382	NODE_0383	CHN	6.5985437356094414e-06	0.999993401364856	0.9999861473849796	JPN	0.9401046107591097	2	0	1	1	2022-05-25	2023-12-31	0	0	0	585	False	False	False	False
NODE_0382->NODE_0383:JPN	NODE_0382	NODE_0383	JPN	1.3039895163076873e-05	6.203407323427828e-06	1.3039976055359832e-05	CHN	0.9999996047697278	4	0	0	4	2025-01-15	2025-02-25	0	0	0	41	False	True	False	False
NODE_0382->CHN__SAMN43024024:CHN	NODE_0382	CHN__SAMN43024024	CHN	6.598635143961751e-06	0.999993401364856	1.0	JPN	0.9401046107591097	1	0	0	1	2024-05-16	2024-05-16	0	0	0	0	False	True	False	False
NODE_0444->CHN__SAMN44583816:CHN	NODE_0444	CHN__SAMN44583816	CHN	1.092324119600363e-06	0.9999989076758804	1.0	AUS	0.19738050703118076	1	0	0	1	2023-03-27	2023-03-27	0	0	0	0	False	True	False	False
NODE_0444->CHN__SAMN44583817:CHN	NODE_0444	CHN__SAMN44583817	CHN	1.092324119600363e-06	0.9999989076758804	1.0	AUS	0.19738050703118076	1	0	0	1	2023-03-27	2023-03-27	0	0	0	0	False	True	False	False
NODE_0454->CHN__SAMN44583823:CHN	NODE_0454	CHN__SAMN44583823	CHN	4.450822967316803e-05	0.9999554917703268	1.0	AUS	0.19738050703029192	1	0	0	1	2023-06-12	2023-06-12	0	0	0	0	False	True	False	False
NODE_0454->CHN__SAMN44583824:CHN	NODE_0454	CHN__SAMN44583824	CHN	4.450822967316803e-05	0.9999554917703268	1.0	AUS	0.19738050703029192	1	0	0	1	2023-06-12	2023-06-12	0	0	0	0	False	True	False	False
NODE_0379->NODE_0380:CHN	NODE_0379	NODE_0380	CHN	9.590928048421413e-10	0.9999999990409072	0.9999999996529104	AUS	0.19735651073039012	3	0	3	0	2022-03-16	2022-05-28	0	0	0	73	False	False	False	False
NODE_0379->CHN__SAMN42391142:CHN	NODE_0379	CHN__SAMN42391142	CHN	9.590928051750325e-10	0.9999999990409072	1.0	AUS	0.19735651073039012	1	0	0	1	2023-10-28	2023-10-28	0	0	0	0	False	True	False	False
NODE_0383->CHN__SAMN42391128:CHN	NODE_0383	CHN__SAMN42391128	CHN	1.3852615020404357e-05	0.9999861473849796	1.0	JPN	0.9413367827087367	1	0	1	0	2022-05-25	2022-05-25	0	0	0	0	False	False	False	False
NODE_0383->NODE_0384:CHN	NODE_0383	NODE_0384	CHN	1.3835458419755639e-05	0.9999861473849796	0.9987614901140726	JPN	0.9413367827087367	1	0	0	1	2023-01-01	2023-12-31	0	0	0	364	False	True	False	False
NODE_0383->NODE_0384:JPN	NODE_0383	NODE_0384	JPN	0.001166083120996039	1.3039976055359832e-05	0.0011660983268903	CHN	0.9999991873504381	4	0	0	4	2025-01-15	2025-02-25	0	0	0	41	False	True	False	False
NODE_0380->CHN__SAMN42391104:CHN	NODE_0380	CHN__SAMN42391104	CHN	3.47089579300075e-10	0.9999999996529104	1.0	AUS	0.19737846154421854	1	0	1	0	2022-03-16	2022-03-16	0	0	0	0	False	False	False	False
NODE_0380->NODE_0381:CHN	NODE_0380	NODE_0381	CHN	3.470895792787917e-10	0.9999999996529104	0.9999999999386806	AUS	0.19737846154421854	2	0	2	0	2022-03-24	2022-05-28	0	0	0	65	False	False	False	False
NODE_0384->CHN__SAMN45156024:CHN	NODE_0384	CHN__SAMN45156024	CHN	0.0012385098859274413	0.9987614901140726	1.0	JPN	0.9415333217281792	1	0	0	1	2023-01-01	2023-12-31	0	0	0	364	False	True	False	False
NODE_0384->NODE_0385:JPN	NODE_0384	NODE_0385	JPN	0.9987782729975736	0.0011660983268903	0.999944306380227	CHN	0.9999275039033861	4	0	0	4	2025-01-15	2025-02-25	4	4	1	41	True	True	True	False
NODE_0381->CHN__SAMN42391118:CHN	NODE_0381	CHN__SAMN42391118	CHN	6.13193940068868e-11	0.9999999999386806	1.0	AUS	0.19738043864013158	1	0	1	0	2022-03-24	2022-03-24	0	0	0	0	False	False	False	False
NODE_0381->CHN__SAMN42391129:CHN	NODE_0381	CHN__SAMN42391129	CHN	6.13193940068868e-11	0.9999999999386806	1.0	AUS	0.19738043864013158	1	0	1	0	2022-05-28	2022-05-28	0	0	0	0	False	False	False	False
NODE_0385->NODE_0386:JPN	NODE_0385	NODE_0386	JPN	5.569319629566774e-05	0.999944306380227	0.9999923963047748	CHN	0.9413751318055278	3	0	0	3	2025-01-15	2025-02-25	0	0	0	41	False	True	False	False
NODE_0385->JPN__SAMD00892052:JPN	NODE_0385	JPN__SAMD00892052	JPN	5.5693619772978487e-05	0.999944306380227	1.0	CHN	0.9413751318055278	1	0	0	1	2025-02-03	2025-02-03	0	0	0	0	False	True	False	False
NODE_0386->NODE_0387:JPN	NODE_0386	NODE_0387	JPN	7.603644542159346e-06	0.9999923963047748	0.999993334415365	CHN	0.9410046288462913	2	0	0	2	2025-01-15	2025-02-25	0	0	0	41	False	True	False	False
NODE_0386->JPN__SAMD01697917:JPN	NODE_0386	JPN__SAMD01697917	JPN	7.603695225233409e-06	0.9999923963047748	1.0	CHN	0.9410046288462913	1	0	0	1	2025-02-25	2025-02-25	0	0	0	0	False	True	False	False
NODE_0387->JPN__SAMD00892036:JPN	NODE_0387	JPN__SAMD00892036	JPN	6.665584635023869e-06	0.999993334415365	1.0	CHN	0.9323500067521188	1	0	0	1	2025-01-15	2025-01-15	0	0	0	0	False	True	False	False
NODE_0387->JPN__SAMD01697918:JPN	NODE_0387	JPN__SAMD01697918	JPN	6.665584635023869e-06	0.999993334415365	1.0	CHN	0.9323500067521188	1	0	0	1	2025-02-25	2025-02-25	0	0	0	0	False	True	False	False
